# ASSET=0050.TW,NAME=元大台50 TR,LEV2=2x 元大台50 TR,LEV3=3x 元大台50 TR
Date,Asset_Close,NDX_DailyReturn,RF_Annual_Pct,RF_Daily_Pct,NDX2L_DailyReturn,NDX3L_DailyReturn,NDX2L_Adj_DailyReturn,NDX3L_Adj_DailyReturn,NDX_Indexed,NDX2L,NDX3L,NDX2L_adj,NDX3L_adj
2009-01-05,5.6815,11.3173,1.3533,0.00537,22.6346,33.9519,22.6175,33.9218,111.317301,122.634602,133.951902,122.617525,133.921797
2009-01-06,5.6784,-0.0546,1.3499,0.005357,-0.1093,-0.1639,-0.1263,-0.194,111.256477,122.500587,133.73233,122.462607,133.661991
2009-01-07,5.0014,-11.9224,1.3466,0.005344,-23.8447,-35.7671,-23.8618,-35.7971,97.99209,93.290687,85.900217,93.240883,85.814868
2009-01-08,4.6831,-6.3645,1.3433,0.00533,-12.729,-19.0935,-12.746,-19.1235,91.755397,81.415743,69.498896,81.356393,69.404077
2009-01-09,5.003,6.8302,1.3399,0.005317,13.6605,20.4907,13.6434,20.4607,98.022506,92.537515,83.739709,92.456208,83.604639
2009-01-12,5.3089,6.1142,1.3299,0.005277,12.2285,18.3427,12.2115,18.3128,104.01583,103.853433,99.09983,103.746481,98.914971
2009-01-13,5.0713,-4.475,1.3265,0.005264,-8.95,-13.425,-8.967,-13.4549,99.361107,94.558521,85.795636,94.443535,85.606025
2009-01-14,5.3989,6.4605,1.3232,0.005251,12.921,19.3815,12.9041,19.3517,105.780344,106.776452,102.42415,106.630594,102.172222
2009-01-15,4.8135,-10.8427,1.3199,0.005238,-21.6854,-32.528,-21.7023,-32.5579,94.310924,83.621602,69.107594,83.489307,68.907125
2009-01-16,4.6582,-3.2258,1.3165,0.005224,-6.4516,-9.6774,-6.4686,-9.7072,91.268633,78.226654,62.419755,78.088759,62.218142
2009-01-19,5.2374,12.4333,1.3065,0.005184,24.8666,37.2999,24.8497,37.2702,102.61635,97.678988,85.70229,97.493612,85.406976
2009-01-20,5.0992,-2.6386,1.3032,0.005171,-5.2772,-7.9157,-5.294,-7.9455,99.908732,92.524305,78.918312,92.332258,78.621002
2009-01-21,4.7359,-7.1254,1.2998,0.005158,-14.2509,-21.3763,-14.2678,-21.406,92.789788,79.338763,62.048462,79.158513,61.791371
2009-02-02,5.1303,8.3279,1.2597,0.004999,16.6557,24.9836,16.639,24.9542,100.51719,92.553204,77.550388,92.329708,77.210922
2009-02-03,4.8865,-4.7518,1.2564,0.004986,-9.5037,-14.2555,-9.5204,-14.2848,95.740783,83.75726,66.495197,83.539593,66.181473
2009-02-04,4.9207,0.6991,1.253,0.004972,1.3982,2.0973,1.3815,2.068,96.410102,84.928345,67.889791,84.693701,67.550089
2009-02-05,4.8803,-0.8204,1.2497,0.004959,-1.6409,-2.4613,-1.6576,-2.4906,95.619108,83.534761,66.218791,83.289853,65.86767
2009-02-06,4.9999,2.4499,1.2463,0.004946,4.8998,7.3497,4.8831,7.3204,97.961673,87.627784,71.085658,87.357007,70.689461
2009-02-09,5.3989,7.9814,1.2363,0.004906,15.9627,23.9441,15.9461,23.9149,105.780344,101.615556,88.106458,101.287043,87.59477
2009-02-10,5.4315,0.604,1.233,0.004893,1.2079,1.8119,1.1913,1.7828,106.419228,102.843016,89.702874,102.493722,89.15638
2009-02-11,4.8027,-11.578,1.2296,0.004879,-23.1561,-34.7341,-23.1727,-34.7632,94.097972,79.028614,58.545382,78.743204,58.162742
2009-02-12,5.3741,11.8978,1.2263,0.004866,23.7956,35.6934,23.779,35.6643,105.29357,97.833963,79.442237,97.467588,78.906096
2009-02-13,5.1676,-3.8428,1.2229,0.004853,-7.6856,-11.5284,-7.7021,-11.5574,101.247361,90.314859,70.283846,89.960501,69.786575
2009-02-16,5.5169,6.7608,1.2129,0.004813,13.5216,20.2823,13.505,20.2534,108.092474,102.52684,84.539059,102.109707,83.920697
2009-02-17,5.0371,-8.6969,1.2096,0.0048,-17.3937,-26.0906,-17.4102,-26.1195,98.691825,84.693613,62.482333,84.33218,62.000998
2009-02-18,4.6924,-6.8434,1.2062,0.004787,-13.6868,-20.5302,-13.7033,-20.5592,91.937942,73.101756,49.654573,72.775884,49.254115
2009-02-19,5.4688,16.5453,1.2029,0.004773,33.0906,49.636,33.0742,49.6071,107.14937,97.291597,74.301099,96.845898,73.687629
2009-02-20,5.3321,-2.4986,1.1995,0.00476,-4.9971,-7.4957,-5.0136,-7.5246,104.472169,92.429801,68.731706,91.990427,68.142935
2009-02-23,5.0371,-5.5329,1.1895,0.00472,-11.0658,-16.5987,-11.0822,-16.6275,98.691825,82.201698,57.32313,81.795834,56.812458
2009-02-24,5.343,6.0727,1.1862,0.004707,12.1454,18.2181,12.129,18.1893,104.685093,92.185439,67.766331,91.716855,67.146275
2009-02-25,5.0837,-4.8532,1.1828,0.004694,-9.7064,-14.5596,-9.7228,-14.5883,99.604522,83.237562,57.899835,82.799419,57.350751
2009-02-26,5.093,0.1833,1.1795,0.00468,0.3665,0.5498,0.3501,0.5211,99.787057,83.542645,58.218158,83.089327,57.64958
2009-02-27,5.1318,0.7622,1.1761,0.004667,1.5243,2.2865,1.508,2.2578,100.547598,84.816107,59.54931,84.342275,58.951186
2009-03-02,4.9579,-3.3888,1.1661,0.004627,-6.7776,-10.1664,-6.7939,-10.195,97.140244,79.067617,53.495296,78.612123,52.941108
2009-03-03,4.961,0.0627,1.1628,0.004614,0.1253,0.188,0.109,0.1594,97.201105,79.166693,53.595844,78.697798,53.025477
2009-03-04,5.0853,2.5039,1.1594,0.004601,5.0078,7.5117,4.9915,7.4831,99.634929,83.131211,57.621812,82.626002,56.993452
2009-03-05,5.1939,2.1374,1.1561,0.004588,4.2748,6.4122,4.2585,6.3837,101.764533,86.684915,61.316649,86.144646,60.631732
2009-03-06,5.593,7.6831,1.1527,0.004574,15.3662,23.0493,15.3499,23.0208,109.583213,100.005108,75.449724,99.367795,74.58965
2009-03-09,5.1738,-7.4959,1.1427,0.004535,-14.9917,-22.4876,-15.0079,-22.516,101.369017,85.012638,58.482925,84.454731,57.795051
2009-03-10,5.1986,0.4802,1.1394,0.004521,0.9604,1.4406,0.9442,1.4122,101.855782,85.829084,59.325414,85.252114,58.611213
2009-03-11,5.3182,2.2999,1.136,0.004508,4.5998,6.8997,4.5836,6.8713,104.198366,89.777055,63.418694,89.159722,62.638581
2009-03-12,5.2871,-0.584,1.1327,0.004495,-1.1679,-1.7519,-1.1841,-1.7802,103.589898,88.728547,62.307692,88.103979,61.523484
2009-03-13,5.4346,2.79,1.1293,0.004482,5.5801,8.3701,5.5639,8.3418,106.480107,93.679687,67.522938,93.006005,66.655662
2009-03-16,5.5169,1.5142,1.1193,0.004442,3.0285,4.5427,3.0123,4.5145,108.092474,96.516762,70.59032,95.807659,69.664817
2009-03-17,5.6163,1.8013,1.116,0.004428,3.6026,5.4039,3.5864,5.3756,110.039533,99.993855,74.404929,99.243748,73.409752
2009-03-18,5.6054,-0.1935,1.1126,0.004415,-0.387,-0.5806,-0.4032,-0.6088,109.826581,99.606833,73.972957,98.843629,72.962859
2009-03-19,5.5744,-0.554,1.1093,0.004402,-1.1081,-1.6621,-1.1242,-1.6902,109.218113,98.503138,72.743469,97.732469,71.729607
2009-03-20,5.4998,-1.337,1.1059,0.004389,-2.6741,-4.0111,-2.6902,-4.0392,107.757829,95.869094,69.825651,95.103304,68.83227
2009-03-23,5.6784,3.2468,1.0959,0.004349,6.4935,9.7403,6.4775,9.7122,111.256477,102.094392,76.626886,101.263606,75.51743
2009-03-24,5.8073,2.2696,1.0926,0.004336,4.5393,6.8089,4.5232,6.7809,113.781597,106.728738,81.844345,105.843996,80.638175
2009-03-25,5.8725,1.123,1.0892,0.004322,2.2459,3.3689,2.2299,3.3409,115.059318,109.12578,84.601582,108.204201,83.332191
2009-03-26,5.916,0.7404,1.0859,0.004309,1.4807,2.2211,1.4647,2.1931,115.911163,110.741612,86.480633,109.789058,85.159729
2009-03-27,5.8647,-0.8661,1.0825,0.004296,-1.7323,-2.5984,-1.7483,-2.6264,114.907199,108.823235,84.233477,107.869613,82.923088
2009-03-30,5.6349,-3.9184,1.0725,0.004256,-7.8369,-11.7553,-7.8528,-11.7832,110.404641,100.294912,74.331589,99.398806,73.152124
2009-03-31,5.6893,0.9644,1.0692,0.004243,1.9289,2.8933,1.9129,2.8655,111.469429,102.229483,76.482243,101.300239,75.248279
2009-04-02,5.9905,5.2948,1.0625,0.004216,10.5896,15.8843,10.5736,15.8565,117.371485,113.055126,88.630932,112.011349,87.180044
2009-04-03,5.9936,0.0518,1.0592,0.004203,0.1036,0.1555,0.0877,0.1277,117.432309,113.1723,88.768722,112.109621,87.291366
2009-04-06,6.0231,0.4922,1.0491,0.004163,0.9845,1.4767,0.9686,1.449,118.010351,114.286445,90.079571,113.195513,88.556228
2009-04-07,6.0247,0.0258,1.0458,0.00415,0.0515,0.0773,0.0357,0.0497,118.040767,114.345358,90.149223,113.235915,88.600203
2009-04-08,5.8585,-2.7577,1.0424,0.004137,-5.5155,-8.2732,-5.5313,-8.3009,114.785505,108.038654,82.69097,106.972463,81.245616
2009-04-09,6.0992,4.1082,1.0391,0.004123,8.2163,12.3245,8.2005,12.2969,119.501071,116.915443,92.882187,115.744716,91.236267
2009-04-10,6.2063,1.7566,1.0358,0.00411,3.5132,5.2699,3.4974,5.2423,121.600249,121.02296,97.776944,119.792796,96.019119
2009-04-13,6.2389,0.5254,1.0257,0.00407,1.0507,1.5761,1.0349,1.5485,122.239077,122.29455,99.317961,121.032562,97.506021
2009-04-14,6.2886,0.7965,1.0224,0.004057,1.593,2.3894,1.5772,2.3619,123.212681,124.242642,101.69109,122.941472,99.809061
2009-04-15,6.2498,-0.6173,1.019,0.004044,-1.2346,-1.8519,-1.2503,-1.8793,122.452094,122.708752,99.807885,121.404283,97.933309
2009-04-16,6.3973,2.3602,1.0157,0.004031,4.7205,7.0807,4.7047,7.0533,125.342247,128.501175,106.874978,127.116023,104.840809
2009-04-17,6.1924,-3.2039,1.0124,0.004017,-6.4078,-9.6117,-6.4235,-9.6391,121.326408,120.267078,96.602478,118.950697,94.735101
2009-04-20,6.2374,0.7272,1.0023,0.003977,1.4544,2.1816,1.4387,2.1543,122.208707,122.016269,98.709989,120.662086,96.775992
2009-04-21,6.3321,1.5186,0.999,0.003964,3.0371,4.5557,3.0215,4.5284,124.064526,125.722063,103.206916,124.307843,101.158398
2009-04-22,6.3119,-0.3188,0.9956,0.003951,-0.6376,-0.9564,-0.6533,-0.9837,123.668992,124.920425,102.219804,123.49576,100.163296
2009-04-23,6.2824,-0.4674,0.9923,0.003938,-0.9347,-1.4021,-0.9504,-1.4294,123.090997,123.752737,100.786561,122.322069,98.731603
2009-04-24,6.2886,0.0989,0.989,0.003924,0.1977,0.2966,0.1821,0.2694,123.212681,123.997414,101.085465,122.544797,98.997544
2009-04-27,6.1365,-2.4198,0.9789,0.003885,-4.8395,-7.2593,-4.8551,-7.2865,120.231213,117.996501,93.747348,116.595078,91.784133
2009-04-28,6.0635,-1.1893,0.9756,0.003871,-2.3785,-3.5678,-2.3941,-3.5949,118.801335,115.189899,90.402611,113.803647,88.484559
2009-04-29,6.1178,0.8963,0.9722,0.003858,1.7926,2.689,1.7771,2.6619,119.866179,117.254846,92.83351,115.826031,90.839919
2009-04-30,6.5448,6.9797,0.9689,0.003845,13.9593,20.939,13.9438,20.912,128.232447,133.622858,112.271938,131.976576,109.836332
2009-05-04,7.0029,6.9988,0.9555,0.003792,13.9976,20.9965,13.9821,20.9695,137.207201,152.326896,135.84506,150.42972,132.868465
2009-05-05,7.1892,2.6607,0.9522,0.003779,5.3215,7.9822,5.306,7.9553,140.857932,160.43295,146.688523,158.411522,143.438558
2009-05-06,7.2048,0.216,0.9488,0.003765,0.432,0.6479,0.4165,0.621,141.162152,161.125944,147.63896,159.071276,144.329359
2009-05-07,7.1892,-0.2155,0.9455,0.003752,-0.431,-0.6465,-0.4465,-0.6734,140.857932,160.431457,146.684426,158.361055,143.357443
2009-05-08,7.1163,-1.0151,0.9422,0.003739,-2.0302,-3.0453,-2.0456,-3.0721,139.428082,157.174375,142.217443,155.121547,138.953295
2009-05-11,7.1737,0.8073,0.9321,0.003699,1.6146,2.422,1.5992,2.3952,140.553712,159.712174,145.66189,157.602303,142.281498
2009-05-12,6.9253,-3.4632,0.9288,0.003686,-6.9264,-10.3897,-6.9418,-10.4164,135.686028,148.649805,130.528114,146.661816,127.460892
2009-05-13,6.9361,0.157,0.9255,0.003672,0.314,0.4709,0.2986,0.4442,135.899027,149.116503,131.142819,147.099717,128.027108
2009-05-14,6.7778,-2.2834,0.9221,0.003659,-4.5668,-6.8503,-4.5822,-6.8769,132.795884,142.306598,122.159204,140.359312,119.222765
2009-05-15,6.9563,2.6346,0.9188,0.003646,5.2692,7.9038,5.2538,7.8771,136.294505,149.804975,131.814369,147.733536,128.61406
2009-05-18,6.9967,0.5803,0.9087,0.003606,1.1607,1.741,1.1454,1.7145,137.085489,151.54376,134.109321,149.425656,130.819111
2009-05-19,7.1582,2.308,0.9054,0.003593,4.6161,6.9241,4.6008,6.8976,140.249474,158.539134,143.395202,156.300396,139.84244
2009-05-20,7.1892,0.4338,0.9021,0.00358,0.8677,1.3015,0.8524,1.275,140.857932,159.914746,145.261519,157.632691,141.625425
2009-05-21,7.1349,-0.756,0.8987,0.003566,-1.5119,-2.2679,-1.5272,-2.2944,139.793098,157.496952,141.967147,155.225325,138.375988
2009-05-22,7.1085,-0.3699,0.8954,0.003553,-0.7399,-1.1098,-0.7552,-1.1363,139.275935,156.331637,140.391531,154.053131,136.803599
2009-05-25,7.1007,-0.1092,0.8853,0.003513,-0.2184,-0.3276,-0.2336,-0.354,139.123853,155.990225,139.931631,153.693249,136.319347
2009-05-26,7.0805,-0.2843,0.882,0.0035,-0.5686,-0.8529,-0.5838,-0.8793,138.728328,155.103274,138.738167,152.795987,135.120751
2009-05-27,7.4532,5.2632,0.8787,0.003487,10.5263,15.7895,10.5111,15.7631,146.029818,171.429931,160.644188,168.856558,156.420014
2009-06-01,7.4097,-0.5833,0.8619,0.00342,-1.1666,-1.75,-1.1818,-1.7762,145.178001,169.42997,157.832992,166.861076,153.641747
2009-06-02,7.4299,0.2724,0.8586,0.003407,0.5448,0.8172,0.5297,0.791,145.57346,170.353012,159.122786,167.744905,154.857068
2009-06-03,7.4206,-0.1254,0.8553,0.003394,-0.2508,-0.3761,-0.2659,-0.4023,145.390943,169.925842,158.524272,167.298945,154.234099
2009-06-04,7.2513,-2.2808,0.8519,0.003381,-4.5616,-6.8425,-4.5767,-6.8686,142.074839,162.174441,147.677318,159.642133,143.640403
2009-06-05,7.2389,-0.1713,0.8486,0.003367,-0.3426,-0.5139,-0.3577,-0.54,141.831452,161.618802,146.918364,159.071106,142.864706
2009-06-08,7.0976,-1.9519,0.8385,0.003328,-3.9039,-5.8558,-3.9189,-5.8818,139.063002,155.309431,138.315134,152.837279,134.461676
2009-06-09,6.902,-2.7565,0.8352,0.003314,-5.5131,-8.2696,-5.5281,-8.2956,135.22968,146.747109,126.877013,144.388291,123.307269
2009-06-10,6.9641,0.8999,0.8319,0.003301,1.7998,2.6997,1.7848,2.6737,136.446615,149.38827,130.30232,146.965329,126.604185
2009-06-11,7.0262,0.8918,0.8285,0.003288,1.7837,2.6755,1.7687,2.6496,137.663503,152.052886,133.788594,149.564691,129.958671
2009-06-12,6.9346,-1.3038,0.8252,0.003275,-2.6077,-3.9115,-2.6227,-3.9375,135.868582,148.087813,128.555399,145.642096,124.841608
2009-06-15,6.683,-3.6274,0.8152,0.003235,-7.2548,-10.8823,-7.2698,-10.9081,130.940056,137.344273,114.565659,135.054229,111.223761
2009-06-16,6.6846,0.0232,0.8118,0.003221,0.0465,0.0697,0.0316,0.0439,130.970491,137.408121,114.645546,135.096851,111.272613
2009-06-17,6.6722,-0.1858,0.8085,0.003208,-0.3717,-0.5575,-0.3866,-0.5833,130.727104,136.89742,114.006397,134.574592,110.62358
2009-06-18,6.638,-0.512,0.8051,0.003195,-1.0239,-1.5359,-1.0388,-1.5617,130.057822,135.495676,112.255366,133.176579,108.896015
2009-06-19,6.7156,1.1696,0.8018,0.003182,2.3392,3.5087,2.3243,3.483,131.578949,138.66513,116.194107,136.271958,112.688867
2009-06-22,6.8166,1.5029,0.7918,0.003142,3.0058,4.5086,2.9909,4.483,133.556424,142.833075,121.432885,140.347736,117.740703
2009-06-23,6.6535,-2.3918,0.7884,0.003129,-4.7836,-7.1754,-4.7984,-7.201,130.362023,136.000515,112.719594,133.613244,109.262173
2009-06-24,6.8445,2.8705,0.7851,0.003115,5.741,8.6115,5.7262,8.5859,134.104068,143.808311,122.42645,141.264183,118.643327
2009-06-25,6.9222,1.1343,0.7817,0.003102,2.2686,3.4029,2.2538,3.3773,135.625214,147.070753,126.592508,144.44799,122.650313
2009-06-26,6.9253,0.0448,0.7784,0.003089,0.0897,0.1345,0.0749,0.109,135.686028,147.202646,126.7628,144.556159,122.783973
2009-06-29,6.8756,-0.7175,0.7684,0.003049,-1.4349,-2.1524,-1.4497,-2.1778,134.712536,145.090407,124.034385,142.460566,120.109933
2009-06-30,6.9035,0.4065,0.765,0.003036,0.813,1.2195,0.7983,1.1941,135.260143,146.269993,125.546985,143.597769,121.544123
2009-07-01,7.0572,2.2267,0.7617,0.003023,4.4534,6.68,4.4386,6.6546,138.271952,152.78392,133.933571,149.971543,129.632432
2009-07-02,7.1271,0.9902,0.7583,0.003009,1.9803,2.9705,1.9656,2.9451,139.641053,155.809503,137.912005,152.919363,133.450196
2009-07-03,7.1116,-0.2179,0.755,0.002996,-0.4358,-0.6537,-0.4505,-0.6791,139.336777,155.13049,137.01048,152.230462,132.543999
2009-07-06,7.0945,-0.2402,0.745,0.002956,-0.4803,-0.7205,-0.495,-0.7457,139.00216,154.385398,136.023387,151.476978,131.555582
2009-07-07,7.1722,1.0943,0.7416,0.002943,2.1886,3.2829,2.1739,3.2576,140.523249,157.764252,140.488867,154.769989,135.84117
2009-07-08,7.0899,-1.1474,0.7383,0.00293,-2.2948,-3.4422,-2.3095,-3.4675,138.910873,154.14385,135.652922,151.195647,131.130944
2009-07-09,7.2203,1.8397,0.7349,0.002916,3.6793,5.519,3.6647,5.4938,141.466381,159.81534,143.139638,156.736554,138.335049
2009-07-10,7.2638,0.6021,0.7316,0.002903,1.2043,1.8064,1.1897,1.7813,142.318217,161.739988,145.725373,158.601225,140.79917
2009-07-13,7.034,-3.1637,0.7216,0.002863,-6.3275,-9.4912,-6.342,-9.5163,137.81565,151.505949,131.894293,148.542683,127.400317
2009-07-14,7.1644,1.8543,0.7182,0.00285,3.7086,5.5629,3.694,5.5378,140.371168,157.124702,139.231445,154.029917,134.45554
2009-07-15,7.3057,1.9723,0.7149,0.002837,3.9445,5.9168,3.93,5.8917,143.139655,163.322525,147.469473,160.083265,142.377322
2009-07-16,7.3678,0.8502,0.7115,0.002824,1.7003,2.5505,1.6858,2.5254,144.356562,166.09951,151.230625,162.781913,145.972989
2009-07-17,7.433,0.8851,0.7082,0.00281,1.7703,2.6554,1.7558,2.6304,145.634321,169.039938,155.246436,165.63998,149.812716
2009-07-20,7.5308,1.3161,0.6982,0.00277,2.6322,3.9482,2.6177,3.9233,147.550982,173.489333,161.375928,169.975903,155.690359
2009-07-21,7.5153,-0.2062,0.6948,0.002757,-0.4124,-0.6186,-0.4268,-0.6435,147.246744,172.77389,160.377695,169.250365,154.688561
2009-07-22,7.5277,0.1653,0.6915,0.002744,0.3306,0.4958,0.3161,0.471,147.490112,173.345009,161.172908,169.785379,155.417121
2009-07-23,7.5324,0.0619,0.6881,0.002731,0.1238,0.1857,0.1094,0.1609,147.581417,173.559631,161.472235,169.971081,155.667173
2009-07-24,7.5122,-0.268,0.6848,0.002717,-0.536,-0.804,-0.5504,-0.8288,147.185883,172.629314,160.173946,169.035483,154.376953
2009-07-27,7.5821,0.9301,0.6748,0.002678,1.8602,2.7904,1.8459,2.7656,148.554891,175.840639,164.643383,172.15564,158.646471
2009-07-28,7.7172,1.7817,0.6714,0.002664,3.5634,5.3451,3.549,5.3204,151.201704,182.106569,173.443771,178.265518,167.087141
2009-07-29,7.6628,-0.7042,0.6681,0.002651,-1.4084,-2.1127,-1.4228,-2.1373,150.136906,179.541696,169.779478,175.72915,163.515926
2009-07-30,7.5852,-1.0132,0.6647,0.002638,-2.0263,-3.0395,-2.0407,-3.0642,148.615761,175.903562,164.619002,172.143065,158.50554
2009-07-31,7.6116,0.348,0.6614,0.002625,0.696,1.044,0.6816,1.0193,149.132923,177.127803,166.337557,173.316464,160.121258
2009-08-03,7.638,0.3468,0.6514,0.002585,0.6936,1.0405,0.6793,1.0159,149.650142,178.356422,168.068218,174.493877,161.747956
2009-08-04,7.5541,-1.0978,0.648,0.002572,-2.1956,-3.2933,-2.2098,-3.3178,148.007312,174.440498,162.533158,170.637844,156.381403
2009-08-05,7.461,-1.2333,0.6447,0.002558,-2.4666,-3.6998,-2.4808,-3.7243,146.181965,170.137814,156.519684,166.404614,150.55725
2009-08-06,7.4749,0.1873,0.6413,0.002545,0.3746,0.5619,0.3604,0.5375,146.455769,170.77516,157.399183,167.004261,151.366426
2009-08-07,7.4749,0.0,0.638,0.002532,0.0,0.0,-0.0142,-0.0244,146.455769,170.77516,157.399183,166.980483,151.329449
2009-08-10,7.4936,0.2493,0.628,0.002492,0.4985,0.7478,0.4843,0.7234,146.820821,171.626502,158.576173,167.789198,152.424204
2009-08-11,7.5184,0.3315,0.6246,0.002479,0.6631,0.9946,0.6489,0.9703,147.307595,172.764533,160.153417,168.877984,153.903186
2009-08-12,7.492,-0.3511,0.6213,0.002465,-0.7022,-1.0533,-0.7164,-1.0776,146.790395,171.551374,158.466512,167.668183,152.244723
2009-08-13,7.6644,2.3005,0.6179,0.002452,4.601,6.9016,4.5869,6.8773,150.167341,179.444529,169.403185,175.358932,162.715046
2009-08-14,7.7047,0.5267,0.6146,0.002439,1.0535,1.5802,1.0394,1.556,150.958345,181.33497,172.080168,177.181526,165.246893
2009-08-17,7.5557,-1.9347,0.6046,0.002399,-3.8695,-5.8042,-3.8836,-5.8284,148.0377,174.318266,162.092281,170.300547,155.615694
2009-08-18,7.4563,-1.3152,0.6012,0.002386,-2.6305,-3.9457,-2.6446,-3.9698,146.09066,169.732885,155.696609,165.796851,149.438008
2009-08-19,7.4315,-0.3332,0.5979,0.002373,-0.6664,-0.9997,-0.6805,-1.0238,145.603858,168.60172,154.140176,164.668575,147.90811
2009-08-20,7.3911,-0.5432,0.5945,0.002359,-1.0864,-1.6296,-1.1005,-1.6537,144.812929,166.770011,151.628281,162.856434,145.462152
2009-08-21,7.3259,-0.8824,0.5912,0.002346,-1.7647,-2.6471,-1.7788,-2.6712,143.535143,163.826953,147.614512,159.959555,141.576613
2009-08-24,7.5619,3.2217,0.5812,0.002306,6.4434,9.6651,6.4294,9.6411,148.159412,174.382974,161.881595,170.24397,155.226181
2009-08-25,7.5044,-0.7597,0.5778,0.002293,-1.5194,-2.2792,-1.5334,-2.3031,147.03381,171.733316,158.192037,167.633369,151.651133
2009-08-26,7.4532,-0.6828,0.5745,0.00228,-1.3657,-2.0485,-1.3796,-2.0724,146.029818,169.38802,154.951484,165.320619,148.508288
2009-08-27,7.4144,-0.5208,0.5712,0.002266,-1.0416,-1.5624,-1.0556,-1.5863,145.269287,167.623656,152.530498,163.575522,146.152481
2009-08-28,7.5153,1.3612,0.5678,0.002253,2.7225,4.0837,2.7085,4.0598,147.246744,172.187161,158.759395,168.005983,152.086029
2009-08-31,7.5231,0.1033,0.5578,0.002213,0.2066,0.3099,0.1927,0.2861,147.398863,172.542931,159.251433,168.329728,152.521201
2009-09-01,7.7948,3.612,0.5544,0.0022,7.2239,10.8359,7.21,10.8121,152.722859,185.007312,176.507752,180.466341,169.011991
2009-09-02,7.7948,0.0,0.5511,0.002187,0.0,0.0,-0.0139,-0.0237,152.722859,185.007312,176.507752,180.441268,168.97187
2009-09-03,7.8336,0.498,0.5478,0.002174,0.996,1.494,0.9821,1.4703,153.483436,186.850027,179.144839,182.21346,171.456301
2009-09-04,7.9268,1.1893,0.5444,0.00216,2.3786,3.5679,2.3648,3.5442,155.308829,191.294478,185.536599,186.522357,177.533129
2009-09-07,8.0432,1.4691,0.5344,0.002121,2.9383,4.4074,2.9245,4.3838,157.590534,196.915246,193.713978,191.977117,185.315852
2009-09-08,8.1519,1.3513,0.531,0.002107,2.7027,4.054,2.6889,4.0304,159.72011,202.237215,201.567151,197.139105,192.784868
2009-09-09,8.0821,-0.8571,0.5277,0.002094,-1.7143,-2.5714,-1.7281,-2.595,158.351093,198.770323,196.384043,193.732403,187.782181
2009-09-10,8.2063,1.537,0.5244,0.002081,3.0739,4.6109,3.0602,4.5874,160.784907,204.880417,205.439155,199.660924,196.396489
2009-09-11,8.1519,-0.6622,0.521,0.002068,-1.3245,-1.9867,-1.3383,-2.0102,159.72011,202.166778,201.357596,196.988916,192.448432
2009-09-14,8.051,-1.2381,0.511,0.002028,-2.4762,-3.7143,-2.49,-3.7378,157.742597,197.160679,193.878503,192.083978,185.255183
2009-09-15,8.1442,1.1572,0.5076,0.002014,2.3144,3.4716,2.3007,3.4482,159.568009,201.723802,200.609243,196.503249,191.643214
2009-09-16,8.2606,1.4299,0.5043,0.002001,2.8599,4.2898,2.8462,4.2664,161.849723,207.492828,209.214969,202.096039,199.819534
2009-09-17,8.2529,-0.094,0.501,0.001988,-0.188,-0.282,-0.2017,-0.3053,161.697585,207.102744,208.624986,201.688425,199.209407
2009-09-18,8.2762,0.2822,0.4976,0.001975,0.5645,0.8467,0.5508,0.8234,162.153943,208.271752,210.391388,202.799278,200.849643
2009-09-21,8.2529,-0.2814,0.4876,0.001935,-0.5629,-0.8443,-0.5765,-0.8675,161.697585,207.099454,208.615044,201.630119,199.107193
2009-09-22,8.2218,-0.3763,0.4842,0.001922,-0.7526,-1.1288,-0.7662,-1.1521,161.089145,205.540896,206.260099,200.085243,196.813368
2009-09-23,8.183,-0.4721,0.4809,0.001908,-0.9443,-1.4164,-0.9579,-1.4396,160.328568,203.599986,203.338547,198.168609,193.979998
2009-09-24,8.0743,-1.3283,0.4776,0.001895,-2.6565,-3.9848,-2.6701,-4.008,158.198973,198.191276,195.235899,192.877232,186.205354
2009-09-25,8.1286,0.6731,0.4742,0.001882,1.3461,2.0192,1.3326,1.9961,159.263771,200.859226,199.178149,195.447439,189.92219
2009-09-28,8.0432,-1.0506,0.4642,0.001842,-2.1012,-3.1518,-2.1148,-3.1749,157.590534,196.638743,192.900408,191.314189,183.892405
2009-09-29,8.2063,2.027,0.4608,0.001829,4.054,6.081,4.0405,6.058,160.784907,204.61051,204.63073,199.044203,195.032611
2009-09-30,8.2762,0.8515,0.4575,0.001816,1.7029,2.5544,1.6894,2.5314,162.153943,208.094905,209.857839,202.406893,199.969695
2009-10-01,8.3305,0.6567,0.4542,0.001802,1.3134,1.97,1.2999,1.9471,163.218777,210.827945,213.99213,205.037887,203.863254
2009-10-02,8.183,-1.7708,0.4508,0.001789,-3.5415,-5.3123,-3.555,-5.3352,160.328568,203.361441,202.624283,197.748767,192.986708
2009-10-05,8.1752,-0.0949,0.4408,0.001749,-0.1897,-0.2846,-0.2032,-0.3075,160.176467,202.975591,202.047606,197.346958,192.393336
2009-10-06,8.3227,1.8043,0.4375,0.001736,3.6087,5.413,3.5952,5.3902,163.066602,210.300347,212.984509,204.442067,202.763713
2009-10-07,8.3693,0.5597,0.4341,0.001723,1.1195,1.6792,1.106,1.6564,163.979336,212.654579,216.560928,206.703263,206.122255
2009-10-08,8.2373,-1.577,0.4308,0.001709,-3.154,-4.731,-3.1674,-4.7538,161.393365,205.94741,206.315364,200.156069,196.323585
2009-10-09,8.2839,0.5655,0.4274,0.001696,1.131,1.6965,1.1176,1.6737,162.306043,208.276672,209.815499,202.393005,199.609531
2009-10-12,8.3227,0.4686,0.4174,0.001656,0.9372,1.4058,0.9238,1.3831,163.066602,210.228622,212.765057,204.262769,202.370348
2009-10-13,8.3383,0.1866,0.4141,0.001643,0.3732,0.5598,0.3599,0.5372,163.370896,211.013226,213.956163,204.99784,203.457423
2009-10-14,8.4392,1.2104,0.4107,0.00163,2.4208,3.6313,2.4075,3.6086,165.348372,216.121522,221.725473,209.933174,210.799464
2009-10-15,8.4858,0.552,0.4074,0.001617,1.1039,1.6559,1.0906,1.6333,166.261031,218.507337,225.396991,212.222705,214.242423
2009-10-16,8.4858,0.0,0.404,0.001603,0.0,0.0,-0.0133,-0.0226,166.261031,218.507337,225.396991,212.194459,214.194065
2009-10-19,8.5168,0.366,0.394,0.001563,0.7319,1.0979,0.7186,1.0754,166.869471,220.106612,227.871541,213.719371,216.497447
2009-10-20,8.5246,0.0912,0.3907,0.00155,0.1823,0.2735,0.1691,0.251,167.02159,220.507913,228.494729,214.080695,217.04089
2009-10-21,8.4625,-0.7286,0.3873,0.001537,-1.4572,-2.1858,-1.4705,-2.2083,165.804655,217.29463,223.500226,210.932719,212.248047
2009-10-22,8.3383,-1.4678,0.384,0.001524,-2.9357,-4.4035,-2.9489,-4.426,163.370896,210.915525,213.658303,204.712474,202.854048
2009-10-23,8.2684,-0.838,0.3806,0.00151,-1.676,-2.514,-1.6892,-2.5364,162.001861,207.380613,208.286982,201.254468,197.708933
2009-10-26,8.3072,0.4695,0.3706,0.001471,0.9389,1.4084,0.9258,1.3861,162.762401,209.327767,211.220478,203.117583,200.449347
2009-10-27,8.2917,-0.1869,0.3673,0.001457,-0.3738,-0.5608,-0.387,-0.583,162.458162,208.545208,210.036027,202.331503,199.280637
2009-10-28,8.1597,-1.5918,0.3639,0.001444,-3.1835,-4.7753,-3.1967,-4.7975,159.87221,201.906109,200.006187,195.863611,189.720052
2009-10-29,8.0044,-1.9029,0.3606,0.001431,-3.8059,-5.7088,-3.819,-5.731,156.829938,194.221804,188.588193,188.383545,178.847106
2009-10-30,8.02,0.194,0.3572,0.001418,0.388,0.5819,0.3748,0.5597,157.134157,194.97531,189.685667,189.089677,179.848188
2009-11-02,7.9734,-0.5808,0.3472,0.001378,-1.1616,-1.7424,-1.1747,-1.7646,156.221498,192.710417,186.380496,186.868413,176.674646
2009-11-03,7.919,-0.6816,0.3439,0.001365,-1.3632,-2.0448,-1.3763,-2.0669,155.156682,190.083363,182.569351,184.296573,173.022934
2009-11-04,8.0665,1.8628,0.3405,0.001351,3.7255,5.5883,3.7125,5.5662,158.046873,197.164942,192.771816,191.138499,182.653738
2009-11-05,8.051,-0.1925,0.3372,0.001338,-0.385,-0.5776,-0.3981,-0.5996,157.742597,196.405768,191.658429,190.377598,181.558531
2009-11-06,8.1131,0.7715,0.3338,0.001325,1.543,2.3144,1.5299,2.2924,158.959551,199.436234,196.094253,193.290242,185.720629
2009-11-09,8.1908,0.9569,0.3238,0.001285,1.9139,2.8708,1.9009,2.8489,160.480687,203.253176,201.723724,196.964447,191.011556
2009-11-10,8.2529,0.7583,0.3205,0.001272,1.5166,2.2748,1.5036,2.2529,161.697585,206.335644,206.312635,199.925981,195.314933
2009-11-11,8.3616,1.317,0.3171,0.001258,2.6341,3.9511,2.6211,3.9292,163.827198,211.770668,214.464261,205.16625,202.98929
2009-11-12,8.3538,-0.0928,0.3138,0.001245,-0.1857,-0.2785,-0.1986,-0.3004,163.675097,211.377444,213.866922,204.758717,202.379548
2009-11-13,8.3305,-0.2788,0.3104,0.001232,-0.5576,-0.8364,-0.5705,-0.8582,163.218777,210.198818,212.078162,203.590504,200.64269
2009-11-16,8.4703,1.6775,0.3004,0.001192,3.355,5.0326,3.3421,5.0108,165.956811,217.251089,222.751148,210.394803,210.696539
2009-11-17,8.4004,-0.8249,0.2971,0.001179,-1.6498,-2.4747,-1.6627,-2.4965,164.587813,213.666826,217.238642,206.896548,205.436584
2009-11-18,8.4081,0.0924,0.2937,0.001166,0.1848,0.2772,0.1719,0.2555,164.739895,214.06169,217.840838,207.252268,205.961492
2009-11-19,8.3771,-0.3693,0.2904,0.001152,-0.7387,-1.108,-0.7515,-1.1297,164.131436,212.480438,215.427087,205.694667,203.634737
2009-11-20,8.2994,-0.9268,0.287,0.001139,-1.8535,-2.7803,-1.8664,-2.8019,162.610319,208.542037,209.437559,201.85562,197.928999
2009-11-23,8.2917,-0.0936,0.277,0.001099,-0.1871,-0.2807,-0.1999,-0.3023,162.458162,208.151766,208.849639,201.452014,197.330705
2009-11-24,8.3305,0.4682,0.2737,0.001086,0.9364,1.4046,0.9236,1.383,163.218777,210.100863,211.783085,203.312604,200.05986
2009-11-25,8.3848,0.6524,0.2703,0.001073,1.3047,1.9571,1.2919,1.9356,164.283556,212.842102,215.927868,205.939294,203.932175
2009-11-26,8.3616,-0.2778,0.267,0.001059,-0.5556,-0.8334,-0.5683,-0.8548,163.827198,211.659609,214.128412,204.768861,202.188873
2009-11-27,8.1054,-3.0641,0.2636,0.001046,-6.1281,-9.1922,-6.1409,-9.2137,158.807413,198.688799,194.445259,192.194213,183.559844
2009-11-30,8.183,0.9579,0.2536,0.001006,1.9157,2.8736,1.903,2.8522,160.328568,202.495125,200.032807,195.851688,188.795349
2009-12-01,8.2684,1.0437,0.2503,0.000993,2.0873,3.131,2.0746,3.1096,162.001861,206.721866,206.295823,199.914886,194.66621
2009-12-02,8.2917,0.2817,0.2469,0.00098,0.5633,0.845,0.5506,0.8237,162.458162,207.88639,208.039009,201.015703,196.269615
2009-12-03,8.2994,0.0937,0.2436,0.000967,0.1873,0.281,0.1746,0.2597,162.610319,208.275798,208.62355,201.366766,196.779285
2009-12-04,8.2451,-0.6548,0.2402,0.000953,-1.3097,-1.9645,-1.3223,-1.9858,161.545484,205.548059,204.52511,198.70402,192.871668
2009-12-07,8.3771,1.6008,0.2302,0.000914,3.2015,4.8023,3.1889,4.7811,164.131436,212.128713,214.346966,205.040485,202.09302
2009-12-08,8.3383,-0.4634,0.2269,0.0009,-0.9267,-1.3901,-0.9394,-1.4113,163.370896,210.16282,211.36729,203.114433,199.240914
2009-12-09,8.3616,0.2793,0.2235,0.000887,0.5586,0.8379,0.546,0.8168,163.827198,211.336807,213.138363,204.223468,200.868261
2009-12-10,8.2296,-1.5785,0.2202,0.000874,-3.1569,-4.7354,-3.1695,-4.7565,161.241264,204.665107,203.045503,197.750638,191.314026
2009-12-11,8.3616,1.6038,0.2168,0.000861,3.2075,4.8113,3.195,4.7902,163.827198,211.229808,212.814631,204.068705,200.478376
2009-12-14,8.3693,0.0929,0.2068,0.000821,0.1857,0.2786,0.1732,0.2576,163.979336,211.622125,213.407521,204.422157,200.994785
2009-12-15,8.346,-0.2783,0.2035,0.000807,-0.5566,-0.8349,-0.5691,-0.8559,163.522997,210.444276,211.625842,203.258801,199.274567
2009-12-16,8.2606,-1.0233,0.2001,0.000794,-2.0465,-3.0698,-2.059,-3.0907,161.849723,206.13747,205.12936,199.073639,193.11549
2009-12-17,8.2917,0.3759,0.1968,0.000781,0.7519,1.1278,0.7394,1.1069,162.458162,207.687329,207.442781,200.54553,195.253006
2009-12-18,8.2684,-0.2809,0.1935,0.000768,-0.5617,-0.8426,-0.5742,-0.8635,162.001861,206.520653,205.694826,199.393956,193.566957
2009-12-21,8.3383,0.8451,0.1834,0.000728,1.6901,2.5352,1.6777,2.5144,163.370896,210.011157,210.909647,202.739216,198.434007
2009-12-22,8.4081,0.838,0.1801,0.000715,1.6759,2.5139,1.6635,2.4931,164.739895,213.530817,216.211723,206.111819,203.381194
2009-12-23,8.4703,0.7387,0.1767,0.000701,1.4774,2.2161,1.465,2.1953,165.956811,216.685477,221.003124,209.131299,207.846023
2009-12-24,8.5557,1.0082,0.1734,0.000688,2.0165,3.0247,2.0041,3.004,167.630048,221.05488,227.687825,213.322454,214.08965
2009-12-25,8.5712,0.1815,0.1701,0.000675,0.363,0.5445,0.3507,0.5238,167.934324,221.857381,228.927696,214.070471,215.211125
2009-12-28,8.6333,0.7246,0.16,0.000635,1.4492,2.1738,1.4369,2.1532,169.151203,225.07261,233.904237,217.146431,219.845079
2009-12-29,8.6178,-0.1799,0.1567,0.000622,-0.3598,-0.5397,-0.3721,-0.5603,168.846927,224.262871,232.641969,216.338438,218.613375
2009-12-30,8.6488,0.3604,0.1533,0.000609,0.7208,1.0812,0.7085,1.0606,169.455441,225.879331,235.157252,217.871137,220.931988
2009-12-31,8.7653,1.3465,0.15,0.000595,2.693,4.0395,2.6807,4.0189,171.737136,231.962201,244.656336,223.711548,229.811034
2010-01-04,8.773,0.0886,0.1499,0.000595,0.1772,0.2658,0.1649,0.2452,171.889293,232.373231,245.306621,224.080439,230.374624
2010-01-05,8.773,0.0,0.1499,0.000595,0.0,0.0,-0.0123,-0.0206,171.889293,232.373231,245.306621,224.052875,230.327272
2010-01-06,8.9361,1.8584,0.1498,0.000595,3.7168,5.5752,3.7045,5.5546,175.083666,241.010032,258.982881,232.352866,243.121065
2010-01-07,8.9128,-0.2607,0.1498,0.000594,-0.5213,-0.782,-0.5336,-0.8025,174.62729,239.75359,256.957672,231.112974,241.169923
2010-01-08,8.9671,0.6098,0.1498,0.000594,1.2196,1.8294,1.2073,1.8088,175.692143,242.677559,261.65835,233.903135,245.532216
2010-01-11,8.9904,0.2597,0.1497,0.000594,0.5195,0.7792,0.5072,0.7587,176.148482,243.93821,263.697227,235.089434,247.394972
2010-01-12,8.9438,-0.5182,0.1497,0.000594,-1.0363,-1.5545,-1.0486,-1.575,175.235767,241.410272,259.598177,232.624281,243.498486
2010-01-13,8.8119,-1.4757,0.1496,0.000594,-2.9513,-4.427,-2.9636,-4.4476,172.64987,234.285449,248.105764,225.730148,232.66876
2010-01-14,8.9205,1.2335,0.1496,0.000594,2.4669,3.7004,2.4546,3.6798,174.779446,240.065108,257.286658,231.270989,241.230605
2010-01-15,8.9749,0.6092,0.1496,0.000594,1.2185,1.8277,1.2062,1.8071,175.844262,242.990225,261.989091,234.060506,245.590003
2010-01-18,8.9283,-0.519,0.1495,0.000593,-1.0381,-1.5571,-1.0504,-1.5777,174.931565,240.467807,257.909631,231.601996,241.715422
2010-01-19,8.8119,-1.3043,0.1495,0.000593,-2.6087,-3.913,-2.621,-3.9336,172.64987,234.194791,247.817608,225.531774,232.207403
2010-01-20,8.7575,-0.6168,0.1495,0.000593,-1.2335,-1.8503,-1.2458,-1.8708,171.585036,231.305954,243.232292,222.722058,227.863198
2010-01-21,8.6876,-0.7979,0.1494,0.000593,-1.5958,-2.3937,-1.6081,-2.4142,170.215982,227.614834,237.410137,219.140525,222.362099
2010-01-22,8.447,-2.7703,0.1494,0.000593,-5.5406,-8.311,-5.5529,-8.3315,165.500453,215.003514,217.679072,206.971783,203.835974
2010-01-25,8.4159,-0.3677,0.1493,0.000593,-0.7353,-1.103,-0.7476,-1.1236,164.891958,213.422507,215.278051,205.424382,201.545754
2010-01-26,8.2218,-2.3062,0.1493,0.000592,-4.6125,-6.9187,-4.6248,-6.9393,161.089145,203.578415,200.383532,195.923938,187.55992
2010-01-27,8.214,-0.0944,0.1493,0.000592,-0.1889,-0.2833,-0.2012,-0.3039,160.937007,203.193883,199.815786,195.529768,186.989964
2010-01-28,8.3926,2.1739,0.1492,0.000592,4.3478,6.5217,4.3355,6.5012,164.435638,212.028398,212.847249,204.007014,199.146534
2010-01-29,8.2296,-1.9426,0.1492,0.000592,-3.8853,-5.8279,-3.8976,-5.8484,161.241264,203.790551,200.442756,196.055728,187.499581
2010-02-01,8.1364,-1.1321,0.1491,0.000592,-2.2642,-3.3963,-2.2765,-3.4168,159.415871,199.176374,193.63519,191.592569,181.09307
2010-02-02,8.051,-1.0496,0.1491,0.000592,-2.0993,-3.1489,-2.1116,-3.1694,157.742597,194.995151,187.537841,187.546988,175.353446
2010-02-03,8.1908,1.7358,0.1491,0.000592,3.4716,5.2074,3.4593,5.1868,160.480687,201.764587,197.303665,194.03479,184.44875
2010-02-04,8.1597,-0.3792,0.149,0.000591,-0.7583,-1.1375,-0.7706,-1.158,159.87221,200.23457,195.059381,192.539528,182.312787
2010-02-05,7.8802,-3.4253,0.149,0.000591,-6.8506,-10.2759,-6.8629,-10.2965,154.396105,186.517294,175.015265,179.325731,163.541038
2010-02-08,7.8957,0.197,0.1489,0.000591,0.3941,0.5911,0.3818,0.5706,154.700334,187.252339,176.049839,180.010382,164.474181
2010-02-09,8.0044,1.3766,0.1489,0.000591,2.7532,4.1298,2.7409,4.1093,156.829938,192.407768,183.320342,184.944289,171.232838
2010-02-10,8.0898,1.0669,0.1489,0.000591,2.1339,3.2008,2.1216,3.1803,158.503212,196.513501,189.188071,188.868018,176.678487
2010-02-22,8.1675,0.9597,0.1485,0.000589,1.9193,2.879,1.907,2.8584,160.024292,200.285195,194.634716,192.469749,181.72869
2010-02-23,8.1675,0.0,0.1485,0.000589,0.0,0.0,-0.0123,-0.0205,160.024292,200.285195,194.634716,192.446084,181.691356
2010-02-24,8.1131,-0.6654,0.1485,0.000589,-1.3307,-1.9961,-1.343,-2.0166,158.959551,197.619951,190.749638,189.861494,178.027312
2010-02-25,8.02,-1.1483,0.1485,0.000589,-2.2967,-3.445,-2.309,-3.4656,157.134157,193.08126,184.178284,185.477645,171.857672
2010-02-26,8.0044,-0.1936,0.1484,0.000589,-0.3872,-0.5808,-0.3995,-0.6014,156.829938,192.333629,183.108549,184.736651,170.824191
2010-03-01,8.1985,2.4248,0.1484,0.000589,4.8497,7.2745,4.8374,7.254,160.632806,201.661179,196.428794,193.673059,183.215719
2010-03-02,8.1752,-0.2841,0.1483,0.000589,-0.5682,-0.8523,-0.5805,-0.8728,160.176467,200.515387,194.7547,192.548842,181.616599
2010-03-03,8.1752,0.0,0.1483,0.000588,0.0,0.0,-0.0123,-0.0205,160.176467,200.515387,194.7547,192.525169,181.579291
2010-03-04,8.1054,-0.8547,0.1483,0.000588,-1.7094,-2.5641,-1.7217,-2.5847,158.807413,197.087712,189.7609,189.21041,176.886028
2010-03-05,8.2218,1.4368,0.1482,0.000588,2.8736,4.3104,2.8613,4.2898,161.089145,202.751193,197.940309,194.624268,184.474146
2010-03-08,8.3305,1.322,0.1482,0.000588,2.644,3.9661,2.6317,3.9455,163.218777,208.112019,205.790744,199.746286,191.752612
2010-03-09,8.3538,0.2796,0.1481,0.000588,0.5592,0.8387,0.5469,0.8182,163.675097,209.275681,207.516768,200.838614,193.321507
2010-03-10,8.3538,0.0,0.1481,0.000588,0.0,0.0,-0.0123,-0.0205,163.675097,209.275681,207.516768,200.813923,193.281798
2010-03-11,8.3305,-0.2788,0.1481,0.000588,-0.5576,-0.8364,-0.5699,-0.8569,163.218777,208.108774,205.78112,199.669511,191.625508
2010-03-12,8.3227,-0.0932,0.1481,0.000588,-0.1865,-0.2797,-0.1988,-0.3002,163.066602,207.720719,205.205547,199.272644,191.050169
2010-03-15,8.2063,-1.3992,0.148,0.000587,-2.7985,-4.1977,-2.8108,-4.2183,160.784907,201.907691,196.591585,193.671537,182.99117
2010-03-16,8.2451,0.473,0.1479,0.000587,0.9461,1.4191,0.9338,1.3986,161.545484,203.817901,199.381458,195.480017,185.550451
2010-03-17,8.4081,1.9774,0.1479,0.000587,3.9548,5.9322,3.9425,5.9117,164.739895,211.878516,211.209202,203.186854,196.519599
2010-03-18,8.447,0.4617,0.1479,0.000587,0.9233,1.385,0.9111,1.3645,165.500453,213.834886,214.134486,205.037991,199.201067
2010-03-19,8.4237,-0.2757,0.1479,0.000587,-0.5514,-0.8271,-0.5637,-0.8476,165.04417,212.655805,212.363386,203.88221,197.512568
2010-03-22,8.3383,-1.0138,0.1478,0.000586,-2.0277,-3.0415,-2.04,-3.062,163.370896,208.34385,205.904349,199.723093,191.464654
2010-03-23,8.2839,-0.6518,0.1478,0.000586,-1.3036,-1.9554,-1.3159,-1.9759,162.306043,205.627876,201.878089,197.094947,187.681426
2010-03-24,8.3072,0.2812,0.1477,0.000586,0.5623,0.8435,0.55,0.823,162.762401,206.784208,203.580957,198.179067,189.225998
2010-03-25,8.3072,0.0,0.1477,0.000586,0.0,0.0,-0.0123,-0.0205,162.762401,206.784208,203.580957,198.154706,189.187136
2010-03-26,8.3848,0.9346,0.1477,0.000586,1.8692,2.8038,1.8569,2.7832,164.283556,210.649361,209.288876,201.834201,194.452633
2010-03-29,8.4625,0.9259,0.1476,0.000586,1.8518,2.7777,1.8395,2.7572,165.804655,214.55016,215.102283,205.546951,199.814002
2010-03-30,8.4547,-0.0917,0.1476,0.000586,-0.1834,-0.2752,-0.1957,-0.2957,165.652573,214.156574,214.510385,205.144616,199.223138
2010-03-31,8.4237,-0.3673,0.1475,0.000585,-0.7346,-1.1018,-0.7468,-1.1224,165.04417,212.583482,212.146849,203.612505,196.987129
2010-04-01,8.5013,0.9216,0.1475,0.000585,1.8432,2.7649,1.8309,2.7443,166.565251,216.501906,218.012413,207.340546,202.393095
2010-04-02,8.5013,0.0,0.1475,0.000585,0.0,0.0,-0.0123,-0.0205,166.565251,216.501906,218.012413,207.31506,202.351533
2010-04-06,8.5867,1.0046,0.1474,0.000585,2.0091,3.0137,1.9968,2.9932,168.238506,220.851709,224.58264,211.454806,208.408236
2010-04-07,8.6022,0.1809,0.1473,0.000585,0.3617,0.5426,0.3494,0.522,168.542782,221.650573,225.801178,212.19369,209.49622
2010-04-08,8.5479,-0.6318,0.1473,0.000585,-1.2636,-1.8954,-1.2759,-1.9159,167.477929,218.849796,221.521343,209.48633,205.482411
2010-04-09,8.5712,0.2725,0.1473,0.000584,0.545,0.8175,0.5327,0.797,167.934324,220.042574,223.33235,210.602327,207.1201
2010-04-12,8.61,0.4529,0.1472,0.000584,0.9057,1.3586,0.8934,1.3381,168.694845,222.035581,226.366555,212.483945,209.891516
2010-04-13,8.5091,-1.1722,0.1472,0.000584,-2.3444,-3.5166,-2.3567,-3.5372,166.717389,216.830137,218.406086,207.476317,202.467315
2010-04-14,8.5712,0.7299,0.1472,0.000584,1.4599,2.1898,1.4476,2.1693,167.934324,219.995592,223.188779,210.479719,206.859406
2010-04-15,8.6255,0.634,0.1471,0.000584,1.2681,1.9021,1.2558,1.8816,168.999084,222.785284,227.434054,213.122874,210.751606
2010-04-16,8.5712,-0.63,0.1471,0.000584,-1.2601,-1.8901,-1.2724,-1.9106,167.934324,219.978016,223.135285,210.411167,206.724882
2010-04-19,8.3305,-2.808,0.147,0.000583,-5.6159,-8.4239,-5.6282,-8.4444,163.218777,207.624179,204.338565,198.56874,189.268115
2010-04-20,8.3616,0.3728,0.147,0.000583,0.7455,1.1183,0.7332,1.0978,163.827198,209.172076,206.623667,200.024723,191.345826
2010-04-21,8.4703,1.2999,0.147,0.000583,2.5998,3.8997,2.5875,3.8792,165.956811,214.610192,214.681458,205.200441,198.768535
2010-04-22,8.4547,-0.1833,0.1469,0.000583,-0.3666,-0.55,-0.3789,-0.5705,165.652573,213.823328,213.500771,204.42286,197.634555
2010-04-23,8.5013,0.551,0.1469,0.000583,1.1019,1.6529,1.0896,1.6323,166.565251,216.179487,217.029678,206.650311,200.860636
2010-04-26,8.6799,2.1004,0.1468,0.000583,4.2009,6.3013,4.1886,6.2808,170.063862,225.260949,230.705445,215.306068,213.4763
2010-04-27,8.6721,-0.0894,0.1468,0.000583,-0.1789,-0.2683,-0.1912,-0.2889,169.911743,224.857965,230.086359,214.894434,212.859621
2010-04-28,8.5789,-1.0743,0.1468,0.000582,-2.1485,-3.2228,-2.1608,-3.2433,168.086443,220.02683,222.671156,210.250961,205.9559
2010-04-29,8.5401,-0.4525,0.1467,0.000582,-0.905,-1.3575,-0.9173,-1.3781,167.325828,218.035526,219.648301,208.322294,203.11768
2010-04-30,8.5091,-0.3636,0.1467,0.000582,-0.7273,-1.0909,-0.7395,-1.1114,166.717389,216.44986,217.252209,206.781667,200.860217
2010-05-03,8.4547,-0.6387,0.1466,0.000582,-1.2774,-1.9161,-1.2897,-1.9366,165.652573,213.68495,213.089471,204.114848,196.970329
2010-05-04,8.4625,0.0918,0.1466,0.000582,0.1836,0.2754,0.1713,0.2549,165.804655,214.077309,213.676369,204.464553,197.472396
2010-05-05,8.2296,-2.7523,0.1466,0.000582,-5.5045,-8.2568,-5.5168,-8.2773,161.241264,202.293342,196.033523,193.184599,181.126944
2010-05-06,8.0665,-1.9811,0.1465,0.000582,-3.9623,-5.9434,-3.9745,-5.9639,158.046873,194.277972,184.382513,185.506403,170.324706
2010-05-07,8.0665,0.0,0.1465,0.000581,0.0,0.0,-0.0123,-0.0205,158.046873,194.277972,184.382513,185.483608,170.289741
2010-05-10,8.1364,0.8662,0.1464,0.000581,1.7324,2.5986,1.7201,2.5781,159.415871,197.643635,189.173865,188.674126,174.679923
2010-05-11,8.1054,-0.3817,0.1464,0.000581,-0.7634,-1.145,-0.7756,-1.1656,158.807413,196.134903,187.007749,187.210681,172.643912
2010-05-12,8.0898,-0.1916,0.1464,0.000581,-0.3831,-0.5747,-0.3954,-0.5952,158.503212,195.383496,185.933089,186.470461,171.616358
2010-05-13,8.2684,2.2073,0.1464,0.000581,4.4146,6.6219,4.4023,6.6014,162.001861,204.008915,198.245419,194.679491,182.945418
2010-05-14,8.2451,-0.2817,0.1463,0.000581,-0.5634,-0.8451,-0.5757,-0.8657,161.545484,202.859485,196.569984,193.558706,181.361737
2010-05-17,8.0588,-2.2599,0.1462,0.00058,-4.5198,-6.7797,-4.5321,-6.8002,157.894735,193.690685,183.243191,184.786498,169.028786
2010-05-18,8.0743,0.1927,0.1462,0.00058,0.3854,0.5781,0.3731,0.5575,158.198973,194.437108,184.302434,185.475904,169.971168
2010-05-19,7.9889,-1.0577,0.1462,0.00058,-2.1155,-3.1732,-2.1278,-3.1937,156.525643,190.323839,178.454125,181.529418,164.542734
2010-05-20,7.888,-1.2633,0.1462,0.00058,-2.5266,-3.7899,-2.5389,-3.8105,154.548233,185.515065,171.690819,176.920543,158.272888
2010-05-21,7.7249,-2.0669,0.1461,0.00058,-4.1339,-6.2008,-4.1462,-6.2214,151.353804,177.846071,161.044547,169.5851,148.426156
2010-05-24,7.8336,1.4071,0.1461,0.00058,2.8141,4.2212,2.8018,4.2006,153.483436,182.850856,167.842505,174.336578,154.661007
2010-05-25,7.6271,-2.6363,0.146,0.000579,-5.2726,-7.9089,-5.2849,-7.9294,149.437152,173.209863,154.56801,165.123089,142.397281
2010-05-26,7.6582,0.4072,0.146,0.000579,0.8144,1.2216,0.8021,1.2011,150.045648,174.620455,156.456174,166.447537,144.107545
2010-05-27,7.711,0.6894,0.146,0.000579,1.3787,2.0681,1.3665,2.0476,151.080019,177.028021,159.691865,168.721971,147.058277
2010-05-28,7.7436,0.4229,0.1459,0.000579,0.8457,1.2686,0.8334,1.2481,151.718875,178.52518,161.717681,170.128156,148.893644
2010-05-31,7.7793,0.4612,0.1459,0.000579,0.9224,1.3837,0.9101,1.3631,152.418629,180.171959,163.955292,171.676577,150.923258
2010-06-01,7.7374,-0.5389,0.1458,0.000579,-1.0778,-1.6167,-1.0901,-1.6373,151.597228,178.230025,161.304572,169.805118,148.452258
2010-06-02,7.6162,-1.5653,0.1458,0.000579,-3.1307,-4.696,-3.143,-4.7166,149.22421,172.650198,153.729656,164.468188,141.450425
2010-06-03,7.7948,2.3446,0.1458,0.000578,4.6891,7.0337,4.6768,7.0132,152.722859,180.745967,164.542501,172.160089,151.37056
2010-06-04,7.7715,-0.2988,0.1458,0.000578,-0.5976,-0.8963,-0.6098,-0.9169,152.266557,179.66591,163.067652,171.110188,149.982712
2010-06-07,7.5681,-2.6174,0.1457,0.000578,-5.2348,-7.8522,-5.2471,-7.8727,148.281134,170.260764,150.26326,162.131896,138.174997
2010-06-08,7.5402,-0.3693,0.1456,0.000578,-0.7386,-1.1079,-0.7509,-1.1284,147.733536,169.003229,148.598508,160.914483,136.615814
2010-06-09,7.4812,-0.7825,0.1456,0.000578,-1.5651,-2.3476,-1.5774,-2.3681,146.577471,166.358214,145.110007,158.376296,133.380584
2010-06-10,7.5852,1.3906,0.1456,0.000578,2.7812,4.1718,2.7689,4.1512,148.615761,170.98493,151.163656,162.761565,138.917539
2010-06-11,7.7047,1.5763,0.1456,0.000578,3.1525,4.7288,3.1403,4.7083,150.958345,176.375294,158.311892,167.872691,145.458174
2010-06-14,7.8181,1.4712,0.1455,0.000577,2.9424,4.4136,2.9301,4.3931,153.179235,181.56494,165.299118,172.791537,151.848243
2010-06-15,7.8724,0.6951,0.1455,0.000577,1.3902,2.0853,1.3779,2.0648,154.244004,184.089104,168.746166,175.172506,154.983636
2010-06-17,7.9268,0.6904,0.1454,0.000577,1.3807,2.0711,1.3684,2.0505,155.308829,186.630826,172.24099,177.569599,158.161629
2010-06-18,7.9035,-0.2939,0.1454,0.000577,-0.5877,-0.8816,-0.6,-0.9021,154.852444,185.533972,170.722564,176.504187,156.73487
2010-06-21,8.0743,2.1611,0.1453,0.000577,4.3222,6.4833,4.3099,6.4628,158.198973,193.553153,181.791064,184.111402,166.864343
2010-06-22,8.0277,-0.5769,0.1453,0.000576,-1.1539,-1.7308,-1.1661,-1.7513,157.286277,191.319822,178.644645,181.964402,163.942037
2010-06-23,7.9423,-1.0638,0.1452,0.000576,-2.1276,-3.1914,-2.1399,-3.212,155.61304,187.24924,172.943293,178.070518,158.676274
2010-06-24,7.9656,0.2932,0.1452,0.000576,0.5864,0.8797,0.5742,0.8591,156.069332,188.347354,174.464619,179.092932,160.039541
2010-06-25,7.8569,-1.3645,0.1452,0.000576,-2.729,-4.0935,-2.7413,-4.114,153.939766,183.207353,167.322908,174.183488,153.455485
2010-06-28,7.888,0.3953,0.1451,0.000576,0.7905,1.1858,0.7782,1.1653,154.548233,184.655656,169.307007,175.539062,155.243662
2010-06-29,7.8414,-0.5905,0.1451,0.000576,-1.1811,-1.7716,-1.1933,-1.7921,153.635574,182.474749,166.307562,173.444267,152.461513
2010-06-30,7.6939,-1.8812,0.145,0.000576,-3.7624,-5.6437,-3.7747,-5.6642,150.745346,175.609234,156.921713,166.897218,143.82581
2010-07-01,7.6644,-0.3834,0.145,0.000575,-0.7669,-1.1503,-0.7791,-1.1708,150.167341,174.262554,155.116653,165.596848,142.141884
2010-07-02,7.6846,0.2634,0.145,0.000575,0.5267,0.7901,0.5144,0.7696,150.56282,175.180424,156.342191,166.448737,143.23575
2010-07-05,7.8414,2.0408,0.1449,0.000575,4.0817,6.1225,4.0694,6.102,153.635574,182.330746,165.914298,173.222217,151.976025
2010-07-06,7.9811,1.7822,0.1449,0.000575,3.5643,5.3465,3.5521,5.326,156.373617,188.829625,174.784911,179.375163,160.07025
2010-07-07,7.9656,-0.1946,0.1448,0.000575,-0.3892,-0.5838,-0.4015,-0.6043,156.069332,188.094744,173.764577,178.655047,159.102977
2010-07-08,8.0821,1.462,0.1448,0.000575,2.924,4.3861,2.9118,4.3655,158.351093,193.594699,181.38598,183.857041,166.048676
2010-07-09,8.1286,0.5764,0.1448,0.000575,1.1527,1.7291,1.1404,1.7086,159.263771,195.826317,184.522308,185.953832,168.885745
2010-07-12,8.1209,-0.0955,0.1447,0.000574,-0.191,-0.2865,-0.2033,-0.307,159.11167,195.45228,183.993639,185.575815,168.367231
2010-07-13,8.0976,-0.2868,0.1447,0.000574,-0.5736,-0.8604,-0.5859,-0.881,158.655312,194.331103,182.41047,184.488503,166.883981
2010-07-14,8.2529,1.9175,0.1447,0.000574,3.8351,5.7526,3.8228,5.7321,161.697585,201.783841,192.903828,191.541114,176.449929
2010-07-15,8.2684,0.1882,0.1446,0.000574,0.3764,0.5645,0.3641,0.544,162.001861,202.543257,193.992823,192.23846,177.409842
2010-07-16,8.214,-0.6573,0.1446,0.000574,-1.3146,-1.9719,-1.3269,-1.9924,160.937007,199.880586,190.167425,189.687651,173.875056
2010-07-19,8.1908,-0.2835,0.1445,0.000573,-0.5671,-0.8506,-0.5794,-0.8711,160.480687,198.747104,188.549825,188.588678,172.360376
2010-07-20,8.2606,0.8531,0.1445,0.000573,1.7062,2.5593,1.6939,2.5387,161.849723,202.138065,193.375292,191.783161,176.73616
2010-07-21,8.214,-0.5639,0.1445,0.000573,-1.1279,-1.6918,-1.1401,-1.7123,160.937007,199.858241,190.103802,189.596574,173.709917
2010-07-22,8.2218,0.0945,0.1444,0.000573,0.1891,0.2836,0.1768,0.2631,161.089145,200.236103,190.642932,189.931753,174.166924
2010-07-23,8.3383,1.4165,0.1444,0.000573,2.8329,4.2494,2.8206,4.2288,163.370896,205.908601,198.744031,195.289016,181.532174
2010-07-26,8.3616,0.2793,0.1443,0.000573,0.5586,0.8379,0.5463,0.8174,163.827198,207.058823,200.409332,196.355937,183.016022
2010-07-27,8.3227,-0.4643,0.1443,0.000573,-0.9285,-1.3928,-0.9408,-1.4133,163.066602,205.136211,197.618027,194.508594,180.429434
2010-07-28,8.3926,0.8396,0.1443,0.000573,1.6791,2.5187,1.6668,2.4982,164.435638,208.580678,202.59537,197.750728,184.936847
2010-07-29,8.4004,0.0925,0.1442,0.000572,0.1851,0.2776,0.1728,0.2571,164.587813,208.966735,203.157839,198.09246,185.41236
2010-07-30,8.3693,-0.3697,0.1442,0.000572,-0.7394,-1.1091,-0.7517,-1.1296,163.979336,207.421646,200.904631,196.603451,183.317939
2010-08-02,8.5324,1.948,0.1441,0.000572,3.896,5.844,3.8837,5.8235,167.173672,215.50284,212.645565,204.239026,193.993504
2010-08-03,8.5712,0.455,0.1441,0.000572,0.91,1.365,0.8977,1.3445,167.934324,217.463946,215.548222,206.072553,196.60177
2010-08-04,8.5557,-0.1812,0.1441,0.000572,-0.3624,-0.5436,-0.3747,-0.5641,167.630048,216.675912,214.376584,205.300497,195.492798
2010-08-05,8.5479,-0.0907,0.1441,0.000572,-0.1815,-0.2722,-0.1938,-0.2927,167.477929,216.282658,213.792963,204.902682,194.920494
2010-08-06,8.5712,0.2725,0.144,0.000572,0.545,0.8175,0.5327,0.797,167.934324,217.461444,215.540788,205.994287,196.474056
2010-08-09,8.6178,0.5434,0.1439,0.000571,1.0869,1.6303,1.0746,1.6098,168.846927,219.82494,219.05472,208.20786,199.636854
2010-08-10,8.6022,-0.1801,0.1439,0.000571,-0.3603,-0.5404,-0.3725,-0.5609,168.542782,219.032996,217.870965,207.432205,198.517091
2010-08-11,8.4935,-1.2636,0.1439,0.000571,-2.5271,-3.7907,-2.5394,-3.8112,166.413132,213.49774,209.61213,202.164649,190.951194
2010-08-12,8.4237,-0.8226,0.1439,0.000571,-1.6453,-2.4679,-1.6575,-2.4884,165.04417,209.985155,204.439146,198.813703,186.199581
2010-08-13,8.5168,1.1059,0.1438,0.000571,2.2119,3.3178,2.1996,3.2973,166.869471,214.629802,211.222108,203.18684,192.339201
2010-08-16,8.5401,0.2735,0.1438,0.00057,0.547,0.8204,0.5347,0.7999,167.325828,215.803749,212.95507,204.273254,193.877798
2010-08-17,8.5324,-0.0909,0.1437,0.00057,-0.1819,-0.2728,-0.1941,-0.2933,167.173672,215.41127,212.374123,203.876667,193.309138
2010-08-18,8.4858,-0.5459,0.1437,0.00057,-1.0918,-1.6378,-1.1041,-1.6583,166.261031,213.059307,208.895921,201.625615,190.103538
2010-08-19,8.5324,0.5489,0.1437,0.00057,1.0978,1.6468,1.0856,1.6263,167.173672,215.39836,212.335938,203.814391,193.195108
2010-08-20,8.5324,0.0,0.1436,0.00057,0.0,0.0,-0.0123,-0.0205,167.173672,215.39836,212.335938,203.78937,193.155493
2010-08-23,8.5867,0.637,0.1436,0.00057,1.2739,1.9109,1.2617,1.8904,168.238506,218.142375,216.393442,206.360479,196.806875
2010-08-24,8.5324,-0.6329,0.1435,0.00057,-1.2659,-1.8988,-1.2781,-1.9193,167.173672,215.380992,212.284575,203.722905,193.029563
2010-08-25,8.3771,-1.8198,0.1435,0.000569,-3.6396,-5.4594,-3.6519,-5.4799,164.131436,207.541963,200.695078,196.283176,182.451698
2010-08-26,8.3227,-0.6488,0.1435,0.000569,-1.2975,-1.9463,-1.3098,-1.9668,163.066602,204.849025,196.788933,193.712231,178.863216
2010-08-27,8.3616,0.4664,0.1435,0.000569,0.9329,1.3993,0.9206,1.3788,163.827198,206.759991,199.542597,195.495526,181.329373
2010-08-30,8.4004,0.4643,0.1434,0.000569,0.9286,1.3928,0.9163,1.3723,164.587813,208.679876,202.321899,197.286817,183.817815
2010-08-31,8.2762,-1.4788,0.1433,0.000569,-2.9575,-4.4363,-2.9698,-4.4568,162.153943,202.508098,193.34629,191.427775,175.625416
2010-09-01,8.3383,0.7505,0.1433,0.000569,1.501,2.2515,1.4887,2.231,163.370896,205.547716,197.699441,194.277581,179.543577
2010-09-02,8.3848,0.5586,0.1433,0.000569,1.1173,1.6759,1.105,1.6554,164.283556,207.84427,201.01274,196.424368,182.515787
2010-09-03,8.4703,1.0185,0.1433,0.000568,2.037,3.0556,2.0248,3.035,165.956811,212.078127,207.154786,200.401487,188.055229
2010-09-06,8.5324,0.7332,0.1432,0.000568,1.4665,2.1997,1.4542,2.1792,167.173672,215.188207,211.711606,203.315734,192.15336
2010-09-07,8.5168,-0.182,0.1432,0.000568,-0.3639,-0.5459,-0.3762,-0.5664,166.869471,214.405064,210.55587,202.550842,191.064998
2010-09-08,8.5013,-0.1823,0.1431,0.000568,-0.3646,-0.5469,-0.3769,-0.5674,166.565251,213.6233,209.404276,201.787439,189.980836
2010-09-09,8.5013,0.0,0.1431,0.000568,0.0,0.0,-0.0123,-0.0205,166.565251,213.6233,209.404276,201.762672,189.941888
2010-09-10,8.5789,0.9133,0.1431,0.000568,1.8265,2.7398,1.8143,2.7193,168.086443,217.525219,215.141562,205.423187,195.107002
2010-09-13,8.8196,2.8054,0.143,0.000567,5.6108,8.4162,5.5985,8.3957,172.801934,229.730108,233.248282,216.923843,211.487579
2010-09-14,8.8507,0.3521,0.143,0.000567,0.7042,1.0564,0.692,1.0359,173.410411,231.347977,235.712251,218.424899,213.678319
2010-09-15,8.8895,0.4386,0.1429,0.000567,0.8772,1.3158,0.8649,1.2953,174.171007,233.37741,238.813826,220.31416,216.446162
2010-09-16,8.7963,-1.0481,0.1429,0.000567,-2.0961,-3.1442,-2.1084,-3.1647,172.345595,228.485551,231.305109,215.669082,209.596353
2010-09-17,8.8973,1.1474,0.1429,0.000567,2.2948,3.4422,2.2825,3.4217,174.323089,233.728839,239.267095,220.591788,216.768116
2010-09-20,8.8895,-0.0872,0.1428,0.000567,-0.1745,-0.2617,-0.1868,-0.2822,174.171007,233.321023,238.640875,220.17982,216.156347
2010-09-21,8.905,0.1747,0.1428,0.000567,0.3493,0.524,0.337,0.5035,174.475208,234.136044,239.891281,220.921915,217.244633
2010-09-23,8.905,0.0,0.1427,0.000566,0.0,0.0,-0.0123,-0.0205,174.475208,234.136044,239.891281,220.894802,217.200103
2010-09-24,8.8507,-0.6103,0.1427,0.000566,-1.2206,-1.8309,-1.2328,-1.8514,173.410411,231.278246,235.499215,218.171513,213.178959
2010-09-27,8.9283,0.8772,0.1426,0.000566,1.7544,2.6316,1.7421,2.6111,174.931565,235.335789,241.696607,221.972337,218.745277
2010-09-28,8.9128,-0.1739,0.1426,0.000566,-0.3479,-0.5218,-0.3602,-0.5423,174.62729,234.517103,240.435387,221.172899,217.558986
2010-09-29,8.9749,0.6969,0.1425,0.000566,1.3938,2.0907,1.3815,2.0702,175.844262,237.785788,245.462148,224.228452,222.06288
2010-09-30,8.9594,-0.173,0.1425,0.000566,-0.346,-0.519,-0.3583,-0.5395,175.540042,236.963025,244.188161,223.425081,220.864824
2010-10-01,8.9671,0.0866,0.1425,0.000565,0.1733,0.2599,0.161,0.2394,175.692143,237.373668,244.822908,223.784846,221.393676
2010-10-04,8.9671,0.0,0.1424,0.000565,0.0,0.0,-0.0123,-0.0205,175.692143,237.373668,244.822908,223.757384,221.3483
2010-10-05,8.9128,-0.6061,0.1424,0.000565,-1.2122,-1.8183,-1.2245,-1.8388,174.62729,234.496271,240.371364,221.017582,217.278223
2010-10-06,8.9671,0.6098,0.1424,0.000565,1.2196,1.8294,1.2073,1.8089,175.692143,237.356123,244.768618,223.68593,221.20849
2010-10-07,8.9982,0.3463,0.1423,0.000565,0.6926,1.039,0.6804,1.0185,176.300601,239.000149,247.311671,225.207822,223.461426
2010-10-08,8.9438,-0.604,0.1423,0.000565,-1.208,-1.812,-1.2202,-1.8325,175.235767,236.113085,242.830472,222.45973,219.366588
2010-10-11,8.8429,-1.1285,0.1422,0.000564,-2.2569,-3.3854,-2.2692,-3.4059,173.258291,230.784175,234.609698,217.41167,211.895202
2010-10-12,8.7265,-1.3169,0.1422,0.000564,-2.6339,-3.9508,-2.6461,-3.9713,170.976596,224.70563,225.340742,211.658662,203.480226
2010-10-13,8.7808,0.6228,0.1422,0.000564,1.2455,1.8683,1.2333,1.8478,172.041393,227.504445,229.550831,214.268999,207.24019
2010-10-14,8.9205,1.5915,0.1421,0.000564,3.183,4.7745,3.1707,4.754,174.779446,234.745949,240.510791,221.062924,217.092453
2010-10-15,8.905,-0.1741,0.1421,0.000564,-0.3481,-0.5222,-0.3604,-0.5427,174.475208,233.928705,239.25482,220.266191,215.914286
2010-10-18,8.7265,-2.0052,0.142,0.000564,-4.0104,-6.0157,-4.0227,-6.0362,170.976596,224.547135,224.862064,211.405522,202.881372
2010-10-19,8.7032,-0.2669,0.142,0.000563,-0.5338,-0.8008,-0.5461,-0.8213,170.52022,223.348398,223.061437,210.251002,201.215185
2010-10-20,8.8041,1.1597,0.142,0.000563,2.3194,3.4791,2.3071,3.4586,172.497751,228.528762,230.822,215.101786,208.174459
2010-10-21,8.8119,0.0882,0.1419,0.000563,0.1764,0.2646,0.1641,0.2441,172.64987,228.931824,231.432659,215.454775,208.682544
2010-10-22,8.8662,0.6167,0.1419,0.000563,1.2334,1.8501,1.2212,1.8297,173.71463,231.755544,235.714508,218.085829,212.50072
2010-10-25,8.7109,-1.7513,0.1418,0.000563,-3.5026,-5.2539,-3.5149,-5.2744,170.672358,223.638052,223.33027,210.420377,201.292571
2010-10-26,8.7497,0.4456,0.1418,0.000563,0.8913,1.3369,0.879,1.3164,171.432917,225.631227,226.315917,212.269932,203.942356
2010-10-27,8.7032,-0.5324,0.1418,0.000563,-1.0648,-1.5972,-1.0771,-1.6177,170.52022,223.228737,222.701248,209.983669,200.643244
2010-10-28,8.773,0.8029,0.1418,0.000563,1.6058,2.4086,1.5935,2.3882,171.889293,226.813256,228.06532,213.32974,205.434906
2010-10-29,8.6954,-0.885,0.1417,0.000562,-1.7699,-2.6549,-1.7822,-2.6753,170.368157,222.798883,222.01052,209.527839,199.938817
2010-11-01,8.8196,1.4285,0.1416,0.000562,2.8571,4.2856,2.8448,4.2651,172.801934,229.164424,231.525046,215.488511,208.466468
2010-11-02,8.8196,0.0,0.1416,0.000562,0.0,0.0,-0.0123,-0.0205,172.801934,229.164424,231.525046,215.462074,208.423755
2010-11-03,8.8041,-0.176,0.1416,0.000562,-0.3521,-0.5281,-0.3643,-0.5486,172.497751,228.35763,230.302389,214.677087,207.280389
2010-11-04,8.8584,0.6173,0.1416,0.000562,1.2346,1.8518,1.2223,1.8314,173.562548,231.17685,234.567233,217.301075,211.076433
2010-11-05,8.9516,1.0517,0.1415,0.000562,2.1034,3.1551,2.0911,3.1346,175.387886,236.039371,241.967983,221.845078,217.692787
2010-11-08,8.9361,-0.1735,0.1415,0.000561,-0.3469,-0.5204,-0.3592,-0.5409,175.083666,235.220525,240.708863,221.048258,216.515387
2010-11-09,8.9594,0.2607,0.1414,0.000561,0.5213,0.782,0.5091,0.7615,175.540042,236.446785,242.591172,222.173518,218.164147
2010-11-10,8.9516,-0.0867,0.1414,0.000561,-0.1734,-0.26,-0.1856,-0.2805,175.387886,236.036886,241.960344,221.761107,217.552143
2010-11-11,8.9283,-0.2602,0.1414,0.000561,-0.5204,-0.7805,-0.5326,-0.801,174.931565,234.808654,240.071763,220.579956,215.809506
2010-11-12,8.7497,-2.0,0.1413,0.000561,-4.0,-6.0,-4.0123,-6.0205,171.432917,225.416261,225.667385,211.729655,202.816658
2010-11-15,8.7187,-0.3549,0.1413,0.000561,-0.7098,-1.0647,-0.7221,-1.0852,170.824477,223.816193,223.264609,210.200765,200.615634
2010-11-16,8.8119,1.0686,0.1412,0.00056,2.1372,3.2057,2.1249,3.1852,172.64987,228.599496,230.42188,214.6673,207.005741
2010-11-17,8.773,-0.4405,0.1412,0.00056,-0.8811,-1.3216,-0.8933,-1.3421,171.889293,226.585389,227.376636,212.749612,204.227557
2010-11-18,8.7886,0.177,0.1412,0.00056,0.354,0.5309,0.3417,0.5104,172.193494,227.387388,228.583836,213.476542,205.270015
2010-11-19,8.7963,0.0883,0.1412,0.00056,0.1767,0.265,0.1644,0.2445,172.345595,227.789096,229.189568,213.827489,205.771917
2010-11-22,8.905,1.2357,0.1411,0.00056,2.4713,3.707,2.4591,3.6865,174.475208,233.418514,237.68561,219.085641,213.357716
2010-11-23,8.8351,-0.7846,0.141,0.00056,-1.5693,-2.3539,-1.5816,-2.3744,173.106191,229.755484,232.09062,215.620664,208.291687
2010-11-24,8.8274,-0.0879,0.141,0.00056,-0.1757,-0.2636,-0.188,-0.2841,172.95409,229.351733,231.478838,215.215304,207.699971
2010-11-25,8.8662,0.4397,0.141,0.000559,0.8795,1.3192,0.8672,1.2987,173.71463,231.368814,234.53252,217.081661,210.397416
2010-11-26,8.8196,-0.5254,0.141,0.000559,-1.0508,-1.5762,-1.0631,-1.5967,172.801934,228.93759,230.835819,214.77394,207.038034
2010-11-29,8.8351,0.1761,0.1409,0.000559,0.3521,0.5282,0.3399,0.5077,173.106191,229.743783,232.055135,215.503914,208.089239
2010-11-30,8.8662,0.3515,0.1408,0.000559,0.703,1.0545,0.6907,1.034,173.71463,231.358806,234.502042,216.992403,210.240814
2010-12-01,9.0059,1.5762,0.1408,0.000559,3.1524,4.7286,3.1401,4.7081,176.452702,238.652111,245.59063,223.806211,220.13913
2010-12-02,9.0758,0.7758,0.1408,0.000559,1.5517,2.3275,1.5394,2.3071,177.8217,242.35525,251.306833,227.251537,225.217851
2010-12-03,9.1612,0.941,0.1408,0.000559,1.882,2.823,1.8697,2.8025,179.494974,246.916299,258.401106,231.500466,231.529515
2010-12-06,9.1845,0.2542,0.1407,0.000558,0.5085,0.7627,0.4962,0.7422,179.951313,248.171794,260.371944,232.649184,233.247981
2010-12-07,9.1767,-0.0845,0.1407,0.000558,-0.1691,-0.2536,-0.1814,-0.2741,179.799175,247.752166,259.711558,232.227269,232.608618
2010-12-08,9.1767,0.0,0.1406,0.000558,0.0,0.0,-0.0123,-0.0205,179.799175,247.752166,259.711558,232.198788,232.560977
2010-12-09,9.2699,1.0153,0.1406,0.000558,2.0305,3.0458,2.0183,3.0253,181.624606,252.782827,267.621807,236.885157,239.596648
2010-12-10,9.2078,-0.67,0.1406,0.000558,-1.3401,-2.0101,-1.3523,-2.0306,180.407671,249.395398,262.242387,233.681713,234.731485
2010-12-13,9.2311,0.253,0.1405,0.000558,0.5059,0.7589,0.4937,0.7384,180.864029,250.657134,264.232485,234.835293,236.464736
2010-12-14,9.2078,-0.2523,0.1405,0.000557,-0.5046,-0.757,-0.5169,-0.7774,180.407671,249.392214,262.232344,233.621417,234.626358
2010-12-15,9.2544,0.5059,0.1404,0.000557,1.0119,1.5178,0.9996,1.4973,181.320405,251.915707,266.212469,235.956681,238.139433
2010-12-16,9.2699,0.1678,0.1404,0.000557,0.3355,0.5033,0.3233,0.4828,181.624606,252.760985,267.552343,236.719473,239.289243
2010-12-17,9.3476,0.8375,0.1404,0.000557,1.675,2.5125,1.6627,2.492,183.145724,256.994763,274.274646,240.655525,245.252426
2010-12-20,9.301,-0.4983,0.1403,0.000557,-0.9967,-1.495,-1.0089,-1.5155,182.233046,254.433377,270.174232,238.227475,241.535671
2010-12-21,9.3243,0.2504,0.1403,0.000557,0.5009,0.7513,0.4886,0.7308,182.689422,255.70776,272.204069,239.391473,243.300881
2010-12-22,9.3243,0.0,0.1402,0.000557,0.0,0.0,-0.0123,-0.0205,182.689422,255.70776,272.204069,239.362117,243.251058
2010-12-23,9.3864,0.6661,0.1402,0.000556,1.3322,1.9983,1.3199,1.9778,183.906301,259.114257,277.643456,242.521507,248.062071
2010-12-24,9.3476,-0.4136,0.1402,0.000556,-0.8271,-1.2407,-0.8394,-1.2612,183.145724,256.97103,274.198723,240.485785,244.933558
2010-12-27,9.3864,0.4153,0.1401,0.000556,0.8306,1.2459,0.8183,1.2254,183.906301,259.105356,277.614845,242.453701,247.934923
2010-12-28,9.3708,-0.1654,0.1401,0.000556,-0.3309,-0.4963,-0.3431,-0.5168,183.602063,258.248074,276.23706,241.621782,246.653668
2010-12-29,9.3941,0.2486,0.1401,0.000556,0.4971,0.7457,0.4849,0.7252,184.05842,259.531867,278.296888,242.793295,248.442394
2010-12-30,9.4407,0.4959,0.14,0.000556,0.9917,1.4876,0.9795,1.4671,184.971117,262.105765,282.436888,245.171418,252.087401
2010-12-31,9.5339,0.9868,0.14,0.000556,1.9737,2.9605,1.9614,2.94,186.796473,267.278858,290.79843,249.980221,259.498829
2011-01-03,9.5416,0.0814,0.1393,0.000553,0.1629,0.2443,0.1506,0.2238,186.948592,267.714179,291.508872,250.356723,260.079683
2011-01-04,9.5184,-0.2441,0.139,0.000552,-0.4882,-0.7323,-0.5005,-0.7528,186.492253,266.407206,289.374164,249.103799,258.121896
2011-01-05,9.3631,-1.6313,0.1388,0.000551,-3.2626,-4.8939,-3.2749,-4.9144,183.449999,257.715388,275.212455,240.94599,245.436816
2011-01-06,9.3476,-0.1659,0.1385,0.00055,-0.3317,-0.4976,-0.344,-0.5181,183.145724,256.860479,273.843028,240.117179,244.165322
2011-01-07,9.2622,-0.9136,0.1383,0.000549,-1.8272,-2.7408,-1.8395,-2.7613,181.472487,252.167075,266.33746,235.700286,237.423207
2011-01-10,9.2932,0.3353,0.1375,0.000546,0.6706,1.0059,0.6583,0.9854,182.080945,253.858054,269.016465,237.251964,239.762803
2011-01-11,9.4485,1.6708,0.1373,0.000545,3.3416,5.0124,3.3294,4.992,185.12318,262.34105,282.500765,245.15098,251.731737
2011-01-12,9.4873,0.4109,0.137,0.000544,0.8217,1.2326,0.8095,1.2122,185.883795,264.496809,285.982893,247.13545,254.783118
2011-01-13,9.4795,-0.0818,0.1368,0.000543,-0.1637,-0.2455,-0.1759,-0.266,185.731676,264.063903,285.280785,246.700688,254.105503
2011-01-14,9.4718,-0.0819,0.1365,0.000542,-0.1638,-0.2457,-0.176,-0.2661,185.579575,263.631406,284.579914,246.266412,253.42926
2011-01-17,9.4485,-0.2459,0.1358,0.000539,-0.4919,-0.7378,-0.5041,-0.7582,185.12318,262.334711,282.480316,245.024972,251.50768
2011-01-18,9.5261,0.8217,0.1356,0.000538,1.6434,2.4652,1.6312,2.4447,186.644372,266.646019,289.443898,249.021804,257.656328
2011-01-19,9.6348,1.141,0.1353,0.000537,2.282,3.4229,2.2697,3.4025,188.773948,272.730777,299.351393,254.673896,266.423091
2011-01-20,9.5727,-0.6446,0.1351,0.000536,-1.2892,-1.9339,-1.3015,-1.9543,187.557069,269.214609,293.562335,251.359348,261.216373
2011-01-21,9.4718,-1.0543,0.1348,0.000535,-2.1087,-3.163,-2.1209,-3.1835,185.579575,263.537721,284.276877,246.028201,252.900647
2011-01-24,9.464,-0.082,0.1341,0.000532,-0.164,-0.2459,-0.1762,-0.2664,185.427437,263.105625,283.577728,245.594704,252.226999
2011-01-25,9.5416,0.8204,0.1338,0.000531,1.6407,2.4611,1.6285,2.4406,186.948592,267.422402,290.556722,249.594124,258.382912
2011-01-26,9.627,0.895,0.1336,0.00053,1.7901,2.6851,1.7778,2.6647,188.621848,272.209451,298.358476,254.031493,265.26799
2011-01-27,9.6969,0.7258,0.1333,0.000529,1.4516,2.1774,1.4394,2.157,189.990883,276.160896,304.85502,257.687981,270.989836
2011-01-28,9.7823,0.8807,0.1331,0.000528,1.7614,2.6421,1.7492,2.6217,191.664158,281.025265,312.909712,262.195437,278.094423
2011-02-08,9.7202,-0.635,0.1304,0.000517,-1.2699,-1.9049,-1.2821,-1.9253,190.447185,277.456523,306.949247,258.833764,272.740407
2011-02-09,9.627,-0.9584,0.1301,0.000516,-1.9169,-2.8753,-1.9291,-2.8957,188.621848,272.137969,298.1234,253.840553,264.842548
2011-02-10,9.4485,-1.8549,0.1299,0.000515,-3.7097,-5.5646,-3.7219,-5.585,185.12318,262.042423,281.534102,244.392766,250.051171
2011-02-11,9.1457,-3.2046,0.1296,0.000514,-6.4092,-9.6137,-6.4214,-9.6341,179.190754,245.24769,254.468121,228.699361,225.960884
2011-02-14,9.2233,0.8489,0.1289,0.000512,1.6978,2.5467,1.6856,2.5263,180.711909,249.411518,260.94868,232.554288,231.669378
2011-02-15,9.2777,0.5892,0.1287,0.000511,1.1784,1.7677,1.1662,1.7473,181.776707,252.350701,265.561394,235.266407,235.717301
2011-02-16,9.2932,0.1674,0.1284,0.00051,0.3347,0.5021,0.3225,0.4817,182.080945,253.195416,266.894799,236.025195,236.852808
2011-02-17,9.2622,-0.3342,0.1282,0.000509,-0.6683,-1.0025,-0.6806,-1.0229,181.472487,251.503214,264.219159,234.418918,234.430065
2011-02-18,9.4174,1.6764,0.1279,0.000508,3.3529,5.0293,3.3406,5.0089,184.514741,259.93575,277.507484,242.25001,246.172435
2011-02-21,9.4174,0.0,0.1272,0.000505,0.0,0.0,-0.0122,-0.0204,184.514741,259.93575,277.507484,242.220429,246.122278
2011-02-22,9.2932,-1.319,0.1269,0.000504,-2.6381,-3.9571,-2.6503,-3.9774,182.080945,253.078515,266.526304,235.800958,236.332894
2011-02-23,9.1612,-1.4202,0.1267,0.000503,-2.8405,-4.2607,-2.8527,-4.2811,179.494974,245.889914,255.170433,229.07433,226.215329
2011-02-24,9.1612,0.0,0.1264,0.000502,0.0,0.0,-0.0122,-0.0204,179.494974,245.889914,255.170433,229.046364,226.169253
2011-02-25,9.2389,0.8475,0.1262,0.000501,1.695,2.5425,1.6828,2.5221,181.016166,250.057672,261.658023,232.900669,231.873438
2011-03-01,9.3087,0.7563,0.1252,0.000497,1.5126,2.2689,1.5004,2.2485,182.385165,253.83997,267.594665,236.395035,237.087105
2011-03-02,9.2311,-0.834,0.125,0.000496,-1.668,-2.5021,-1.6803,-2.5224,180.864029,249.605797,260.899253,232.423006,231.10675
2011-03-03,9.3476,1.2616,0.1247,0.000495,2.5231,3.7847,2.5109,3.7643,183.145724,255.903614,270.773398,238.258925,239.80631
2011-03-04,9.4174,0.7475,0.1245,0.000494,1.495,2.2425,1.4828,2.2222,184.514741,259.729381,276.845504,241.791835,245.135169
2011-03-07,9.3476,-0.742,0.1237,0.000491,-1.4839,-2.2259,-1.4961,-2.2462,183.145724,255.875229,270.683293,238.174368,239.628911
2011-03-08,9.3553,0.0831,0.1235,0.00049,0.1661,0.2492,0.1539,0.2289,183.297862,256.300336,271.357858,238.541019,240.177332
2011-03-09,9.3476,-0.083,0.1232,0.000489,-0.166,-0.249,-0.1782,-0.2693,183.145724,255.874876,270.682174,238.115948,239.530429
2011-03-10,9.2389,-1.1628,0.123,0.000488,-2.3255,-3.4883,-2.3377,-3.5086,181.016166,249.924421,261.239968,232.549446,231.126166
2011-03-11,9.1379,-1.0925,0.1227,0.000487,-2.1849,-3.2774,-2.1971,-3.2977,179.038635,244.463767,252.678133,227.440066,223.504267
2011-03-14,9.1302,-0.0849,0.122,0.000484,-0.1699,-0.2548,-0.1821,-0.2752,178.886553,244.048454,252.034231,227.025948,222.889263
2011-03-15,8.9283,-2.2109,0.1218,0.000483,-4.4218,-6.6327,-4.434,-6.653,174.931565,233.25716,235.31762,216.959679,208.060426
2011-03-16,8.8973,-0.3478,0.1215,0.000482,-0.6957,-1.0435,-0.7079,-1.0638,174.323089,231.63445,232.862054,215.423903,205.846995
2011-03-17,8.8973,0.0,0.1213,0.000481,0.0,0.0,-0.0122,-0.0203,174.323089,231.63445,232.862054,215.397648,205.805151
2011-03-18,8.9671,0.7854,0.121,0.00048,1.5707,2.3561,1.5585,2.3357,175.692143,235.272754,238.348432,218.754669,210.612221
2011-03-21,9.0215,0.606,0.1203,0.000477,1.2121,1.8181,1.1999,1.7978,176.756922,238.124485,242.68195,221.379533,214.398658
2011-03-22,9.0681,0.5163,0.12,0.000476,1.0327,1.549,1.0205,1.5287,177.6696,240.58358,246.441188,223.638733,217.676217
2011-03-23,9.0836,0.1712,0.1198,0.000475,0.3424,0.5137,0.3303,0.4933,177.973801,241.407421,247.707038,224.377307,218.750092
2011-03-24,9.1224,0.4274,0.1195,0.000474,0.8548,1.2822,0.8426,1.2618,178.734434,243.4709,250.883027,226.267886,221.510371
2011-03-25,9.2156,1.0212,0.1193,0.000473,2.0425,3.0637,2.0303,3.0434,180.559753,248.443775,258.569428,230.861832,228.251878
2011-03-28,9.1845,-0.337,0.1185,0.00047,-0.6739,-1.0109,-0.6861,-1.0312,179.951313,246.769392,255.955492,229.277832,225.89808
2011-03-29,9.2,0.1691,0.1183,0.000469,0.3382,0.5072,0.326,0.4869,180.25557,247.603855,257.253781,230.02523,226.998042
2011-03-30,9.2544,0.5907,0.1181,0.000468,1.1815,1.7722,1.1693,1.7519,181.320405,250.529225,261.812853,232.714908,230.974834
2011-03-31,9.2466,-0.0839,0.1178,0.000467,-0.1679,-0.2518,-0.18,-0.2721,181.168211,250.108655,261.153584,232.295913,230.346331
2011-04-01,9.2932,0.5038,0.1176,0.000467,1.0076,1.5114,0.9954,1.4911,182.080945,252.628773,265.100696,234.608271,233.781061
2011-04-06,9.4951,2.1721,0.1163,0.000462,4.3442,6.5163,4.332,6.496,186.035933,263.603494,282.375486,244.771596,248.967536
2011-04-07,9.5184,0.2453,0.1161,0.000461,0.4906,0.7359,0.4784,0.7156,186.492253,264.896659,284.45337,245.942597,250.749078
2011-04-08,9.4873,-0.3263,0.1158,0.00046,-0.6525,-0.9788,-0.6647,-0.9991,185.883795,263.168131,281.669158,244.307828,248.243899
2011-04-11,9.4873,0.0,0.1151,0.000457,0.0,0.0,-0.0122,-0.0203,185.883795,263.168131,281.669158,244.278112,248.193558
2011-04-12,9.3243,-1.7185,0.1148,0.000456,-3.437,-5.1554,-3.4491,-5.1757,182.689422,254.123156,267.147886,235.852669,235.347774
2011-04-13,9.3786,0.5828,0.1146,0.000455,1.1657,1.7485,1.1535,1.7283,183.754219,257.085447,271.819065,238.573301,239.415201
2011-04-14,9.3708,-0.0828,0.1144,0.000454,-0.1656,-0.2484,-0.1778,-0.2687,183.602063,256.659691,271.143831,238.149192,238.771926
2011-04-15,9.2622,-1.1599,0.1141,0.000453,-2.3198,-3.4797,-2.3319,-3.4999,181.472487,250.705768,261.708947,232.595713,230.415074
2011-04-18,9.2466,-0.1677,0.1134,0.00045,-0.3353,-0.503,-0.3475,-0.5233,181.168211,249.865049,260.392522,231.78745,229.209367
2011-04-19,9.1923,-0.5877,0.1131,0.000449,-1.1754,-1.7632,-1.1876,-1.7834,180.103451,246.92804,255.801393,229.034758,225.121602
2011-04-20,9.3631,1.8581,0.1129,0.000448,3.7163,5.5744,3.7041,5.5541,183.449999,256.104506,270.060726,237.518427,237.625116
2011-04-21,9.5805,2.3217,0.1126,0.000447,4.6434,6.9651,4.6313,6.9449,187.70917,267.996496,288.870777,248.518522,254.127848
2011-04-22,9.5649,-0.1621,0.1124,0.000446,-0.3242,-0.4863,-0.3363,-0.5065,187.404913,267.127707,287.466089,247.682676,252.840625
2011-04-25,9.5416,-0.2435,0.1116,0.000443,-0.487,-0.7305,-0.4991,-0.7507,186.948592,265.826825,285.366198,246.446397,250.942464
2011-04-26,9.5028,-0.4068,0.1114,0.000442,-0.8136,-1.2205,-0.8258,-1.2407,186.188052,263.663963,281.883436,244.411282,247.829014
2011-04-27,9.6503,1.5523,0.1112,0.000441,3.1046,4.6568,3.0924,4.6366,189.078205,271.84955,295.010267,251.96947,259.31981
2011-04-28,9.6503,0.0,0.1109,0.00044,0.0,0.0,-0.0121,-0.0202,189.078205,271.84955,295.010267,251.938865,259.26731
2011-04-29,9.627,-0.2414,0.1107,0.000439,-0.4827,-0.7241,-0.4949,-0.7443,188.621848,270.537283,292.874163,250.69211,257.337529
2011-05-03,9.6503,0.2419,0.1097,0.000435,0.4839,0.7258,0.4717,0.7056,189.078205,271.846376,294.99993,251.874737,259.153287
2011-05-04,9.596,-0.5632,0.1094,0.000434,-1.1263,-1.6895,-1.1384,-1.7097,188.013408,268.78456,290.016039,249.007284,254.722572
2011-05-05,9.6659,0.7282,0.1092,0.000433,1.4563,2.1845,1.4442,2.1642,189.382444,272.698916,296.351368,252.603391,260.23539
2011-05-06,9.6193,-0.4819,0.1089,0.000432,-0.9638,-1.4458,-0.976,-1.466,188.469766,270.070517,292.06681,250.13802,256.420341
2011-05-09,9.6736,0.565,0.1082,0.000429,1.1299,1.6949,1.1178,1.6746,189.534526,273.122044,297.016904,252.933973,260.714424
2011-05-10,9.6736,0.0,0.1079,0.000428,0.0,0.0,-0.0121,-0.0202,189.534526,273.122044,297.016904,252.90328,260.661703
2011-05-11,9.6348,-0.4013,0.1077,0.000427,-0.8026,-1.2039,-0.8147,-1.2241,188.773948,270.930037,293.441233,250.842858,257.470993
2011-05-12,9.6659,0.3223,0.1075,0.000426,0.6447,0.967,0.6325,0.9468,189.382444,272.676673,296.278876,252.429561,259.90874
2011-05-13,9.6348,-0.3213,0.1072,0.000425,-0.6426,-0.9639,-0.6547,-0.9841,188.773948,270.924425,293.422998,250.776799,257.350897
2011-05-16,9.5184,-1.2087,0.1065,0.000422,-2.4174,-3.6261,-2.4295,-3.6463,186.492253,264.375143,282.78326,244.684146,247.967149
2011-05-17,9.5106,-0.0816,0.1062,0.000422,-0.1631,-0.2447,-0.1753,-0.2649,186.340134,263.943848,282.091272,244.2553,247.310249
2011-05-18,9.5649,0.5714,0.106,0.000421,1.1428,1.7143,1.1307,1.694,187.404913,266.960287,286.927022,247.01711,251.499793
2011-05-19,9.4795,-0.8928,0.1057,0.00042,-1.7857,-2.6785,-1.7978,-2.6987,185.731676,262.193199,279.241575,242.576194,244.712464
2011-05-20,9.4873,0.0819,0.1055,0.000419,0.1638,0.2457,0.1517,0.2255,185.883795,262.622686,279.927694,242.944134,245.264305
2011-05-23,9.3708,-1.2275,0.1047,0.000416,-2.455,-3.6825,-2.4671,-3.7027,183.602063,256.175274,269.619317,236.950383,236.182878
2011-05-24,9.3864,0.1657,0.1045,0.000415,0.3314,0.4971,0.3193,0.4769,183.906301,257.024266,270.959638,237.706941,237.309285
2011-05-25,9.3553,-0.3308,0.1042,0.000414,-0.6617,-0.9925,-0.6738,-1.0127,183.297862,255.323577,268.270291,236.105262,234.906009
2011-05-26,9.4485,0.9958,0.104,0.000413,1.9916,2.9875,1.9795,2.9673,185.12318,260.408709,276.284768,240.77902,241.876311
2011-05-27,9.4097,-0.4108,0.1038,0.000412,-0.8216,-1.2324,-0.8337,-1.2526,184.362677,258.269144,272.879759,238.771558,238.84653
2011-05-30,9.3941,-0.165,0.103,0.000409,-0.3301,-0.4951,-0.3422,-0.5153,184.05842,257.416691,271.528744,237.954532,237.615806
2011-05-31,9.627,2.4793,0.1028,0.000408,4.9587,7.438,4.9466,7.4178,188.621848,270.181143,291.725077,249.725093,255.241739
2011-06-01,9.6814,0.5645,0.1025,0.000407,1.129,1.6936,1.1169,1.6734,189.686664,273.231618,296.665652,252.51436,259.512939
2011-06-02,9.6115,-0.7217,0.1023,0.000406,-1.4435,-2.1652,-1.4556,-2.1854,188.317609,269.287546,290.242142,248.838755,253.841511
2011-06-03,9.6581,0.4846,0.102,0.000405,0.9693,1.4539,0.9572,1.4337,189.230269,271.897688,294.462017,251.220554,257.480939
2011-06-07,9.6581,0.0,0.101,0.000401,0.0,0.0,-0.0121,-0.0202,189.230269,271.897688,294.462017,251.190138,257.429013
2011-06-08,9.627,-0.3215,0.1008,0.0004,-0.643,-0.9646,-0.6552,-0.9847,188.621848,270.149255,291.621717,249.544454,254.894013
2011-06-09,9.627,0.0,0.1005,0.000399,0.0,0.0,-0.0121,-0.0202,188.621848,270.149255,291.621717,249.514246,254.842619
2011-06-10,9.4019,-2.3387,0.1003,0.000398,-4.6774,-7.0161,-4.6895,-7.0363,184.210521,257.513214,271.161118,237.813191,236.911114
2011-06-13,9.2777,-1.3212,0.0996,0.000395,-2.6424,-3.9636,-2.6545,-3.9838,181.776707,250.708615,260.413266,231.500372,227.473059
2011-06-14,9.433,1.6736,0.0993,0.000394,3.3473,5.0209,3.3352,5.0008,184.818998,259.100544,273.488422,239.221334,238.848469
2011-06-15,9.3941,-0.4115,0.0991,0.000393,-0.8231,-1.2346,-0.8352,-1.2547,184.05842,256.968014,270.111998,237.223475,235.85157
2011-06-16,9.2233,-1.8182,0.0988,0.000392,-3.6364,-5.4545,-3.6485,-5.4747,180.711909,247.623739,255.378642,228.568482,222.939439
2011-06-17,9.1923,-0.3367,0.0986,0.000391,-0.6734,-1.0101,-0.6855,-1.0302,180.103451,245.956237,252.799057,227.001647,220.642606
2011-06-20,9.0991,-1.0135,0.0978,0.000388,-2.027,-3.0405,-2.0391,-3.0607,178.278076,240.970633,245.112591,222.372803,213.889431
2011-06-21,9.169,0.7679,0.0976,0.000387,1.5359,2.3038,1.5238,2.2837,179.647131,244.671614,250.759485,225.761254,218.77393
2011-06-22,9.1923,0.254,0.0973,0.000386,0.508,0.762,0.4959,0.7419,180.103451,245.914591,252.670342,226.880862,220.396993
2011-06-23,9.1069,-0.9291,0.0971,0.000385,-1.8581,-2.7872,-1.8702,-2.8073,178.430177,241.345189,245.627943,222.637697,214.209735
2011-06-24,9.037,-0.7673,0.0968,0.000384,-1.5346,-2.3018,-1.5466,-2.322,177.061123,237.641615,239.974001,219.194282,209.235858
2011-06-27,8.9749,-0.6873,0.0961,0.000381,-1.3745,-2.0618,-1.3866,-2.0819,175.844262,234.37521,235.026304,216.154941,204.879795
2011-06-28,8.9516,-0.2595,0.0959,0.00038,-0.5191,-0.7786,-0.5312,-0.7987,175.387886,233.158641,233.196382,215.006822,203.24336
2011-06-29,9.1069,1.7346,0.0956,0.000379,3.4692,5.2038,3.4571,5.1837,178.430177,241.247415,245.331507,222.439885,213.778883
2011-06-30,9.1379,0.341,0.0954,0.000378,0.682,1.023,0.6699,1.0029,179.038635,242.892753,247.841295,223.930072,215.922865
2011-07-01,9.2699,1.4444,0.0951,0.000377,2.8887,4.3331,2.8766,4.313,181.624606,249.909267,258.580491,230.371746,225.235562
2011-07-04,9.3243,0.5863,0.0944,0.000375,1.1725,1.7588,1.1605,1.7387,182.689422,252.839568,263.128454,233.04513,229.151743
2011-07-05,9.3087,-0.1665,0.0941,0.000374,-0.3331,-0.4996,-0.3452,-0.5197,182.385165,251.997393,261.813785,232.240736,227.960745
2011-07-06,9.4097,1.0843,0.0939,0.000373,2.1685,3.2528,2.1564,3.2326,184.362677,257.46196,270.329939,237.248827,235.3299
2011-07-07,9.3708,-0.4126,0.0936,0.000372,-0.8251,-1.2377,-0.8372,-1.2578,183.602063,255.337568,266.984084,235.262564,232.369917
2011-07-08,9.3243,-0.4971,0.0934,0.000371,-0.9942,-1.4912,-1.0062,-1.5113,182.689422,252.799127,263.002747,232.895287,228.858034
2011-07-11,9.2622,-0.6661,0.0927,0.000368,-1.3322,-1.9984,-1.3443,-2.0185,181.472487,249.431224,257.746986,229.764432,224.238609
2011-07-12,9.1146,-1.5926,0.0924,0.000367,-3.1852,-4.7778,-3.1973,-4.7979,178.582334,241.486279,245.432255,222.418179,213.479785
2011-07-13,9.1146,0.0,0.0922,0.000366,0.0,0.0,-0.0121,-0.0201,178.582334,241.486279,245.432255,222.391328,213.436883
2011-07-14,9.1457,0.3407,0.0919,0.000365,0.6814,1.0221,0.6693,1.002,179.190754,243.131742,247.940781,223.879835,215.5755
2011-07-15,9.1923,0.5093,0.0917,0.000364,1.0187,1.528,1.0066,1.5079,180.103451,245.608494,251.729393,226.133448,218.826245
2011-07-18,9.1612,-0.3378,0.0909,0.000361,-0.6757,-1.0135,-0.6878,-1.0336,179.494974,243.948925,249.178,224.578183,216.564386
2011-07-19,9.1457,-0.1695,0.0907,0.00036,-0.339,-0.5085,-0.351,-0.5285,179.190754,243.122003,247.911031,223.789825,215.419747
2011-07-20,9.3864,2.6316,0.0904,0.000359,5.2632,7.8947,5.2511,7.8747,183.906301,255.9179,267.482956,235.541237,232.383309
2011-07-21,9.4097,0.2482,0.0902,0.000358,0.4963,0.7445,0.4842,0.7244,184.362677,257.188056,269.474289,236.681845,234.06667
2011-07-22,9.4718,0.6601,0.0899,0.000357,1.3201,1.9802,1.308,1.9601,185.579575,260.583229,274.810337,239.777761,238.654589
2011-07-25,9.3786,-0.9836,0.0892,0.000354,-1.9672,-2.9508,-1.9793,-2.9709,183.754219,255.457049,266.701254,235.031947,231.564482
2011-07-26,9.5028,1.3245,0.089,0.000353,2.649,3.9735,2.6369,3.9534,186.188052,262.224129,277.298665,241.229621,240.71925
2011-07-27,9.5261,0.2451,0.0887,0.000352,0.4902,0.7353,0.4781,0.7152,186.644372,263.509477,279.337523,242.382972,242.440846
2011-07-28,9.4485,-0.815,0.0885,0.000351,-1.63,-2.4451,-1.6421,-2.4651,185.12318,259.214158,272.507539,238.402799,236.464358
2011-07-29,9.301,-1.5612,0.0882,0.00035,-3.1224,-4.6836,-3.1344,-4.7037,182.233046,251.120479,259.744413,230.930189,225.341898
2011-08-01,9.3708,0.7512,0.0875,0.000347,1.5025,2.2537,1.4904,2.2337,183.602063,254.89354,265.598365,234.372058,230.375307
2011-08-02,9.2466,-1.3256,0.0872,0.000346,-2.6512,-3.9768,-2.6633,-3.9969,181.168211,248.135739,255.035951,228.13008,221.167449
2011-08-03,9.0991,-1.5953,0.087,0.000345,-3.1906,-4.7858,-3.2026,-4.8059,178.278076,240.218835,242.830362,220.823974,210.538393
2011-08-04,8.9827,-1.2799,0.0867,0.000344,-2.5597,-3.8396,-2.5718,-3.8597,175.996344,234.069845,233.506604,215.144832,202.412303
2011-08-05,8.4547,-5.8773,0.0865,0.000343,-11.7545,-17.6318,-11.7666,-17.6518,165.652573,206.556035,192.335199,189.829645,166.682795
2011-08-08,8.3072,-1.7447,0.0858,0.00034,-3.4894,-5.2342,-3.5015,-5.2542,162.762401,199.34839,182.268072,183.182789,157.924943
2011-08-09,8.2296,-0.9346,0.0855,0.000339,-1.8691,-2.8037,-1.8812,-2.8238,161.241264,195.622271,177.157778,179.736763,153.465509
2011-08-10,8.4004,2.0755,0.0853,0.000338,4.151,6.2265,4.1389,6.2064,164.587813,203.742517,188.188461,187.175956,162.990241
2011-08-11,8.4004,0.0,0.085,0.000337,0.0,0.0,-0.012,-0.02,164.587813,203.742517,188.188461,187.153413,162.957578
2011-08-12,8.315,-1.0166,0.0848,0.000336,-2.0333,-3.0499,-2.0453,-3.07,162.914539,199.59984,182.448834,183.325502,157.954824
2011-08-15,8.478,1.9608,0.084,0.000333,3.9216,5.8823,3.9095,5.8623,166.10893,207.427257,193.181081,190.492641,167.21461
2011-08-16,8.4392,-0.4579,0.0838,0.000332,-0.9157,-1.3736,-0.9278,-1.3936,165.348372,205.527773,190.527541,188.7253,164.884253
2011-08-17,8.3771,-0.736,0.0835,0.000331,-1.472,-2.2079,-1.484,-2.228,164.131436,202.502476,186.320793,185.924611,161.210672
2011-08-18,8.2218,-1.8536,0.0833,0.000331,-3.7071,-5.5607,-3.7192,-5.5807,161.089145,194.995426,175.960033,179.009746,152.21393
2011-08-19,7.9346,-3.4939,0.083,0.00033,-6.9877,-10.4816,-6.9998,-10.5016,155.460902,181.369657,157.516595,166.479469,136.228985
2011-08-22,7.9967,0.7828,0.0823,0.000327,1.5656,2.3483,1.5535,2.3283,156.677818,184.209107,161.21562,169.065772,139.400834
2011-08-23,8.2762,3.4951,0.0821,0.000326,6.9903,10.4854,6.9783,10.4654,162.153943,197.085875,178.119801,180.863633,153.989734
2011-08-24,8.1675,-1.3134,0.0818,0.000325,-2.6267,-3.9401,-2.6387,-3.9601,160.024292,191.909016,171.101786,176.091125,147.891636
2011-08-25,8.1286,-0.4753,0.0816,0.000324,-0.9505,-1.4258,-0.9625,-1.4458,159.263771,190.084906,168.662283,174.396181,145.753458
2011-08-26,8.2373,1.3371,0.0813,0.000323,2.6743,4.0114,2.6623,3.9914,161.393365,195.168345,175.428083,179.039078,151.571116
2011-08-29,8.3538,1.4138,0.0806,0.00032,2.8275,4.2413,2.8155,4.2213,163.675097,200.686811,182.868536,184.079951,157.9694
2011-08-30,8.4159,0.7435,0.0803,0.000319,1.4869,2.2304,1.4749,2.2104,164.891958,203.670868,186.947205,186.794941,161.461125
2011-08-31,8.4703,0.6458,0.0801,0.000318,1.2916,1.9374,1.2796,1.9174,165.956811,206.301433,190.569055,189.185081,164.556923
2011-09-01,8.5634,1.0999,0.0798,0.000317,2.1998,3.2998,2.1878,3.2798,167.782204,210.839738,196.857381,193.324106,169.954001
2011-09-02,8.5634,0.0,0.0796,0.000316,0.0,0.0,-0.012,-0.02,167.782204,210.839738,196.857381,193.300865,169.920016
2011-09-05,8.3227,-2.8105,0.0788,0.000313,-5.6211,-8.4316,-5.6331,-8.4516,163.066602,198.988226,180.259056,182.411997,155.558987
2011-09-06,8.1597,-1.9589,0.0786,0.000312,-3.9179,-5.8768,-3.9299,-5.8968,159.87221,191.192069,169.665507,175.243358,146.385928
2011-09-07,8.315,1.903,0.0784,0.000311,3.806,5.7089,3.7939,5.6889,162.914539,198.468745,179.351584,181.891973,154.713734
2011-09-08,8.3383,0.2801,0.0781,0.00031,0.5602,0.8404,0.5482,0.8204,163.370896,199.580649,180.858788,182.889151,155.98297
2011-09-09,8.4081,0.838,0.0779,0.000309,1.6759,2.5139,1.6639,2.4939,164.739895,202.9255,185.405413,185.932288,159.87307
2011-09-13,8.1752,-2.7701,0.0769,0.000305,-5.5402,-8.3102,-5.5522,-8.3302,160.176467,191.683101,169.997776,175.609007,146.555297
2011-09-14,8.0122,-1.9943,0.0766,0.000304,-3.9886,-5.9829,-4.0006,-6.0028,156.982094,184.037691,159.827062,168.583632,137.75784
2011-09-15,8.2063,2.4224,0.0764,0.000303,4.8449,7.2673,4.8329,7.2474,160.784907,192.954133,171.442254,176.731094,147.741673
2011-09-16,8.4004,2.3652,0.0761,0.000302,4.7304,7.0956,4.7184,7.0757,164.587813,202.081687,183.607179,185.070006,158.195387
2011-09-19,8.2606,-1.6636,0.0754,0.000299,-3.3272,-4.9908,-3.3392,-5.0108,161.849723,195.358007,174.443688,178.890122,150.268569
2011-09-20,8.2917,0.3759,0.0752,0.000298,0.7519,1.1278,0.7399,1.1078,162.458162,196.826821,176.41104,180.213646,151.933282
2011-09-21,8.3227,0.3745,0.0749,0.000297,0.749,1.1236,0.737,1.1036,163.066602,198.301136,178.393128,181.541889,153.610022
2011-09-22,8.0898,-2.7985,0.0747,0.000296,-5.597,-8.3954,-5.609,-8.4154,158.503212,187.202291,163.416227,171.359264,140.683116
2011-09-23,7.8181,-3.3589,0.0744,0.000295,-6.7178,-10.0767,-6.7298,-10.0967,153.179235,174.626386,146.949225,159.827098,126.478793
2011-09-26,7.6582,-2.0457,0.0737,0.000292,-4.0914,-6.1371,-4.1034,-6.157,150.045648,167.481724,137.930806,153.268756,118.691433
2011-09-27,7.9346,3.6091,0.0734,0.000291,7.2181,10.8272,7.2061,10.8073,155.460902,179.570792,152.864868,164.313524,131.518731
2011-09-28,7.9423,0.0979,0.0732,0.00029,0.1957,0.2936,0.1837,0.2736,155.61304,179.922257,153.31366,164.615414,131.87862
2011-09-29,8.0122,0.8798,0.0729,0.000289,1.7596,2.6393,1.7476,2.6194,156.982094,183.088102,157.360135,167.492179,135.333049
2011-09-30,8.02,0.0969,0.0727,0.000288,0.1937,0.2906,0.1817,0.2707,157.134157,183.442804,157.817423,167.796576,135.699339
2011-10-03,7.8103,-2.6137,0.0719,0.000285,-5.2274,-7.8411,-5.2394,-7.8611,153.027125,173.853475,145.44275,159.00502,125.03192
2011-10-04,7.8802,0.8946,0.0717,0.000285,1.7892,2.6838,1.7772,2.6639,154.396105,176.96406,149.34614,161.83087,128.362601
2011-10-05,7.8026,-0.9852,0.0715,0.000284,-1.9704,-2.9556,-1.9824,-2.9755,152.875006,173.477186,144.932099,158.622775,124.543159
2011-10-06,7.9578,1.99,0.0712,0.000283,3.9801,5.9701,3.9681,5.9502,155.91726,180.381672,153.584662,164.91703,131.953665
2011-10-07,8.0044,0.5854,0.071,0.000282,1.1707,1.7561,1.1587,1.7362,156.829938,182.493438,156.281734,166.827978,134.244583
2011-10-11,8.2296,2.8128,0.07,0.000278,5.6256,8.4384,5.6136,8.4185,161.241264,192.759822,169.469455,176.193091,145.545972
2011-10-12,8.2063,-0.283,0.0697,0.000277,-0.5661,-0.8491,-0.578,-0.869,160.784907,191.668694,168.030518,175.174626,144.281175
2011-10-13,8.1985,-0.0946,0.0695,0.000276,-0.1892,-0.2838,-0.2012,-0.3037,160.632806,191.306062,167.553653,174.822211,143.842974
2011-10-14,8.1442,-0.6629,0.0692,0.000275,-1.3258,-1.9886,-1.3377,-2.0085,159.568009,188.769816,164.221632,172.483554,140.953825
2011-10-17,8.2451,1.2393,0.0685,0.000272,2.4785,3.7178,2.4666,3.6979,161.545484,193.448543,170.32707,176.737961,146.16615
2011-10-18,8.1597,-1.0358,0.0682,0.000271,-2.0716,-3.1074,-2.0836,-3.1273,159.87221,189.441097,165.034371,173.05552,141.595124
2011-10-19,8.1286,-0.3806,0.068,0.00027,-0.7612,-1.1417,-0.7731,-1.1616,159.263771,187.999152,163.150114,171.717569,139.950297
2011-10-20,8.0355,-1.1461,0.0678,0.000269,-2.2922,-3.4384,-2.3042,-3.4583,157.438415,183.689755,157.540419,167.760822,135.110442
2011-10-21,8.0665,0.3865,0.0675,0.000268,0.7729,1.1594,0.761,1.1395,158.046873,185.109581,159.366976,169.037437,136.650053
2011-10-24,8.3227,3.1761,0.0668,0.000265,6.3522,9.5283,6.3402,9.5084,163.066602,196.868117,174.551947,179.754803,149.6433
2011-10-25,8.3227,0.0,0.0665,0.000264,0.0,0.0,-0.012,-0.0199,163.066602,196.868117,174.551947,179.733286,149.613532
2011-10-26,8.0976,-2.7052,0.0663,0.000263,-5.4104,-8.1156,-5.4224,-8.1355,158.655312,186.216736,160.385971,169.987457,137.441704
2011-10-27,8.1131,0.1918,0.066,0.000262,0.3835,0.5753,0.3716,0.5554,158.959551,186.930917,161.308643,170.61905,138.205045
2011-10-28,8.1364,0.2871,0.0658,0.000261,0.5741,0.8612,0.5622,0.8413,159.415871,188.004151,162.697835,171.578213,139.367783
2011-10-31,8.1054,-0.3817,0.065,0.000258,-0.7634,-1.145,-0.7753,-1.1649,158.807413,186.569003,160.83488,170.247926,137.744259
2011-11-01,8.1597,0.6705,0.0648,0.000257,1.341,2.0115,1.329,1.9916,159.87221,189.070878,164.070054,172.510569,140.487585
2011-11-02,8.1364,-0.2854,0.0645,0.000256,-0.5709,-0.8563,-0.5828,-0.8762,159.415871,187.991511,162.66509,171.505105,139.256637
2011-11-03,7.9889,-1.813,0.0643,0.000255,-3.626,-5.439,-3.638,-5.4589,156.525643,181.174896,153.81768,165.265776,131.654743
2011-11-04,8.1209,1.6521,0.0641,0.000254,3.3043,4.9564,3.2923,4.9366,159.11167,187.161431,161.441542,170.706862,138.153951
2011-11-07,8.1364,0.1912,0.0633,0.000251,0.3824,0.5736,0.3704,0.5537,159.415871,187.877088,162.367509,171.339189,138.918901
2011-11-08,8.0976,-0.4771,0.0631,0.00025,-0.9542,-1.4313,-0.9661,-1.4511,158.655312,186.084399,160.043586,169.683815,136.902995
2011-11-09,8.1054,0.0959,0.0628,0.000249,0.1917,0.2876,0.1798,0.2677,158.807413,186.441192,160.503881,169.988875,137.269542
2011-11-10,7.8492,-3.1609,0.0626,0.000248,-6.3218,-9.4827,-6.3338,-9.5026,153.787665,174.654742,145.283766,159.222187,124.225408
2011-11-11,7.9035,0.6924,0.0623,0.000247,1.3847,2.0771,1.3728,2.0572,154.852444,177.073254,148.301467,161.407966,126.781033
2011-11-14,8.0976,2.4558,0.0616,0.000244,4.9116,7.3674,4.8997,7.3476,158.655312,185.770389,159.227436,169.316395,136.096334
2011-11-15,8.051,-0.5753,0.0613,0.000243,-1.1506,-1.7258,-1.1625,-1.7457,157.742597,183.632982,156.479416,167.348069,133.720503
2011-11-16,7.9501,-1.2536,0.0611,0.000242,-2.5072,-3.7608,-2.5192,-3.7807,155.765131,179.028925,150.594524,163.132312,128.664987
2011-11-17,7.9734,0.293,0.0608,0.000241,0.586,0.879,0.574,0.8591,156.221498,180.077977,151.918178,164.068724,129.770353
2011-11-18,7.8103,-2.0448,0.0606,0.00024,-4.0895,-6.1343,-4.1015,-6.1542,153.027125,172.71361,142.599038,157.339461,121.784076
2011-11-21,7.6442,-2.1272,0.0599,0.000238,-4.2545,-6.3817,-4.2664,-6.4015,149.771882,165.365569,133.498797,150.626715,113.988021
2011-11-22,7.6116,-0.4266,0.0596,0.000237,-0.8532,-1.2799,-0.8652,-1.2997,149.132923,163.9546,131.790195,149.323515,112.506517
2011-11-23,7.4299,-2.3868,0.0594,0.000236,-4.7735,-7.1603,-4.7855,-7.1802,145.57346,156.128155,122.3536,142.177659,104.428378
2011-11-24,7.4315,0.0209,0.0591,0.000235,0.0418,0.0626,0.0298,0.0428,145.603858,156.193358,122.430248,142.220059,104.473083
2011-11-25,7.3662,-0.8776,0.0589,0.000234,-1.7551,-2.6327,-1.767,-2.6525,144.326109,153.452003,119.207081,139.706969,101.701948
2011-11-28,7.4982,1.7918,0.0581,0.000231,3.5835,5.3753,3.5716,5.3555,146.912089,158.950992,125.614802,144.696724,107.148554
2011-11-29,7.565,0.8905,0.0579,0.00023,1.7809,2.6714,1.769,2.6515,148.220273,161.781762,128.970427,147.256368,109.989637
2011-11-30,7.4656,-1.3136,0.0576,0.000229,-2.6273,-3.9409,-2.6392,-3.9607,146.273205,157.53133,123.887839,143.369981,105.633259
2011-12-01,7.8103,4.6173,0.0574,0.000228,9.2347,13.852,9.2227,13.8322,153.027125,172.07882,141.048779,156.592608,120.244637
2011-12-02,7.7358,-0.9543,0.0572,0.000227,-1.9086,-2.8629,-1.9205,-2.8827,151.566793,168.794538,137.010711,153.585208,116.778338
2011-12-05,7.711,-0.3212,0.0564,0.000224,-0.6423,-0.9635,-0.6543,-0.9833,151.080019,167.710332,135.690634,152.580372,115.63006
2011-12-06,7.5603,-1.9533,0.0562,0.000223,-3.9065,-5.8598,-3.9184,-5.8796,148.129033,161.158693,127.73946,146.601587,108.831484
2011-12-07,7.6395,1.0474,0.0559,0.000222,2.0948,3.1423,2.0829,3.1225,149.680567,164.534712,131.753369,149.65517,112.229696
2011-12-08,7.5867,-0.6911,0.0557,0.000221,-1.3821,-2.0732,-1.394,-2.093,148.646196,162.260669,129.021913,147.568928,109.880768
2011-12-09,7.4905,-1.2689,0.0554,0.00022,-2.5378,-3.8068,-2.5498,-3.8266,146.759998,158.14276,124.110367,143.806272,105.676116
2011-12-12,7.5774,1.1608,0.0547,0.000217,2.3217,3.4825,2.3098,3.4627,148.46366,161.814358,128.43257,147.127874,109.335415
2011-12-13,7.5386,-0.5123,0.0544,0.000216,-1.0246,-1.537,-1.0366,-1.5567,147.703055,160.156351,126.458622,145.602809,107.633336
2011-12-14,7.5448,0.0824,0.0542,0.000215,0.1648,0.2472,0.1529,0.2274,147.824767,160.4203,126.77124,145.825414,107.87811
2011-12-15,7.3756,-2.2432,0.0539,0.000214,-4.4865,-6.7297,-4.4984,-6.7495,144.5087,153.22307,118.239885,139.265598,100.596858
2011-12-16,7.4066,0.421,0.0537,0.000213,0.8421,1.2631,0.8302,1.2433,145.117149,154.513351,119.73342,140.421744,101.847627
2011-12-19,7.2576,-2.0126,0.053,0.00021,-4.0252,-6.0378,-4.0371,-6.0575,142.196542,148.293924,112.504207,134.752795,95.678164
2011-12-20,7.2979,0.5563,0.0527,0.000209,1.1125,1.6688,1.1006,1.649,142.987527,149.943727,114.381659,136.235894,97.255898
2011-12-21,7.652,4.8511,0.0525,0.000208,9.7022,14.5533,9.6903,14.5335,149.923982,164.491542,131.027936,149.437518,111.390576
2011-12-22,7.6333,-0.2435,0.0522,0.000207,-0.4871,-0.7306,-0.499,-0.7504,149.558874,163.690372,130.070662,148.691867,110.554738
2011-12-23,7.7638,1.7087,0.052,0.000206,3.4174,5.1262,3.4055,5.1064,152.114419,169.284399,136.7383,153.755615,116.200092
2011-12-26,7.756,-0.1,0.0512,0.000203,-0.2,-0.3,-0.2119,-0.3198,151.962309,168.94584,136.328097,153.429801,115.828528
2011-12-27,7.7405,-0.2002,0.051,0.000202,-0.4004,-0.6007,-0.4123,-0.6204,151.658052,168.269317,135.509233,152.797139,115.109897
2011-12-28,7.697,-0.5617,0.0507,0.000201,-1.1234,-1.685,-1.1353,-1.7048,150.806216,166.37904,133.225841,151.062476,113.147488
2011-12-29,7.7032,0.0807,0.0505,0.0002,0.1614,0.2421,0.1495,0.2223,150.9279,166.64754,133.548337,151.288272,113.399016
2011-12-30,7.7342,0.4032,0.0502,0.000199,0.8063,1.2095,0.7944,1.1897,151.536377,167.991243,135.163567,152.490119,114.748134
2012-01-02,7.6178,-1.5057,0.0502,0.000199,-3.0115,-4.5172,-3.0234,-4.537,149.254635,162.932226,129.057937,147.879759,109.542035
2012-01-03,7.7172,1.3045,0.0503,0.0002,2.6091,3.9136,2.5971,3.8938,151.201704,167.183218,134.108727,151.720418,113.807403
2012-01-04,7.7638,0.6036,0.0504,0.0002,1.2073,1.8109,1.1954,1.7912,152.114419,169.20159,136.537332,153.534046,115.845873
2012-01-05,7.787,0.3,0.0505,0.000201,0.6,0.9,0.5881,0.8802,152.570767,170.216811,137.766182,154.436979,116.865599
2012-01-06,7.7638,-0.2991,0.0507,0.000201,-0.5982,-0.8973,-0.6101,-0.9171,152.114419,169.198554,136.529981,153.494729,115.793842
2012-01-09,7.7342,-0.38,0.051,0.000202,-0.76,-1.14,-0.7719,-1.1598,151.536377,167.912629,134.97352,152.309876,114.450884
2012-01-10,7.8724,1.7868,0.0511,0.000203,3.5736,5.3604,3.5617,5.3406,154.244004,173.9131,142.208574,157.734633,120.563225
2012-01-11,7.8647,-0.0986,0.0512,0.000203,-0.1973,-0.2959,-0.2092,-0.3157,154.091857,173.570002,141.787748,157.404667,120.182615
2012-01-12,7.8802,0.1974,0.0513,0.000204,0.3949,0.5923,0.383,0.5726,154.396105,174.255415,142.627609,158.007497,120.870738
2012-01-13,7.8957,0.197,0.0514,0.000204,0.3941,0.5911,0.3822,0.5714,154.700334,174.942136,143.470729,158.611368,121.561346
2012-01-16,7.7715,-1.5732,0.0517,0.000205,-3.1464,-4.7197,-3.1584,-4.7394,152.266557,169.437686,136.699397,153.601863,115.800023
2012-01-17,7.8492,0.999,0.0519,0.000206,1.998,2.9969,1.986,2.9772,153.787665,172.822974,140.796185,156.652461,119.247569
2012-01-18,7.8259,-0.2968,0.052,0.000206,-0.5935,-0.8903,-0.6054,-0.91,153.331298,171.797265,139.542741,155.704063,118.162379
2012-01-30,8.0432,2.7778,0.0533,0.000211,5.5556,8.3334,5.5437,8.3136,157.590534,181.341631,151.171393,164.335799,127.985938
2012-01-31,8.0665,0.2896,0.0534,0.000212,0.5791,0.8687,0.5672,0.8489,158.046873,182.391863,152.484646,165.267956,129.072448
2012-02-01,8.1209,0.6737,0.0535,0.000212,1.3474,2.0212,1.3355,2.0014,159.11167,184.849492,155.566616,167.475153,131.655675
2012-02-02,8.214,1.1472,0.0536,0.000213,2.2944,3.4416,2.2825,3.4218,160.937007,189.090699,160.920621,171.297759,136.160702
2012-02-03,8.2373,0.2836,0.0537,0.000213,0.5671,0.8507,0.5552,0.8309,161.393365,190.163081,162.289554,172.248815,137.292057
2012-02-06,8.2606,0.2828,0.054,0.000214,0.5655,0.8483,0.5536,0.8285,161.849723,191.238495,163.66623,173.202387,138.429507
2012-02-07,8.2762,0.188,0.0542,0.000215,0.3759,0.5639,0.364,0.5441,162.153943,191.957416,164.589132,173.832856,139.1827
2012-02-08,8.4547,2.1576,0.0543,0.000215,4.3152,6.4728,4.3033,6.453,165.652573,200.240754,175.242647,181.313361,148.164157
2012-02-09,8.447,-0.0918,0.0544,0.000216,-0.1837,-0.2755,-0.1956,-0.2953,165.500453,199.872991,174.75987,180.958743,147.726647
2012-02-10,8.3771,-0.8272,0.0545,0.000216,-1.6544,-2.4816,-1.6663,-2.5014,164.131436,196.566299,170.423038,177.943393,144.031424
2012-02-13,8.4159,0.4634,0.0548,0.000217,0.9267,1.3901,0.9148,1.3703,164.891958,198.387923,172.792061,179.571217,146.005063
2012-02-14,8.3848,-0.369,0.0549,0.000218,-0.7379,-1.1069,-0.7499,-1.1267,164.283556,196.923938,170.879407,178.224675,144.360007
2012-02-15,8.5246,1.6667,0.055,0.000218,3.3333,5.0,3.3214,4.9802,167.02159,203.488009,179.423299,184.144191,151.549355
2012-02-16,8.4237,-1.1839,0.0551,0.000219,-2.3679,-3.5518,-2.3798,-3.5716,165.04417,198.669696,173.050558,179.761953,146.136627
2012-02-17,8.5013,0.9216,0.0552,0.000219,1.8432,2.7649,1.8313,2.7451,166.565251,202.331656,177.835164,183.05396,150.148161
2012-02-20,8.4935,-0.0913,0.0556,0.000221,-0.1827,-0.274,-0.1946,-0.2938,166.413132,201.962089,177.347929,182.697772,149.707044
2012-02-21,8.4625,-0.3656,0.0557,0.000221,-0.7313,-1.0969,-0.7432,-1.1167,165.804655,200.485171,175.402552,181.33994,148.035215
2012-02-22,8.5168,0.6422,0.0558,0.000221,1.2844,1.9266,1.2725,1.9068,166.869471,203.060247,178.781916,183.647481,150.857988
2012-02-23,8.478,-0.4558,0.0559,0.000222,-0.9115,-1.3673,-0.9235,-1.3871,166.10893,201.209274,176.337415,181.951556,148.765411
2012-02-24,8.5013,0.2747,0.056,0.000222,0.5494,0.8241,0.5375,0.8043,166.565251,202.314764,177.790673,182.929536,149.961968
2012-02-29,8.6954,2.2831,0.0566,0.000224,4.5663,6.8494,4.5543,6.8296,170.368157,211.552993,189.968264,191.260759,160.203747
2012-03-01,8.6799,-0.1786,0.0567,0.000225,-0.3572,-0.5358,-0.3692,-0.5556,170.063862,210.797284,188.950358,190.554719,159.313584
2012-03-02,8.6333,-0.5367,0.0568,0.000225,-1.0733,-1.61,-1.0852,-1.6298,169.151203,208.534768,185.908313,188.486732,156.717113
2012-03-05,8.5168,-1.3489,0.0571,0.000227,-2.6979,-4.0468,-2.7098,-4.0666,166.869471,202.908789,178.384991,183.37913,150.344039
2012-03-06,8.478,-0.4558,0.0572,0.000227,-0.9115,-1.3673,-0.9235,-1.3871,166.10893,201.059197,175.945917,181.685674,148.258575
2012-03-07,8.447,-0.3663,0.0573,0.000227,-0.7326,-1.0989,-0.7446,-1.1188,165.500453,199.586189,174.012384,180.332919,146.599924
2012-03-08,8.4935,0.5515,0.0574,0.000228,1.1029,1.6544,1.091,1.6346,166.413132,201.787487,176.89124,182.300346,148.996211
2012-03-09,8.5324,0.457,0.0575,0.000228,0.914,1.3711,0.9021,1.3512,167.173672,203.631903,179.316521,183.944885,151.009502
2012-03-12,8.4392,-1.0919,0.0579,0.00023,-2.1837,-3.2756,-2.1957,-3.2954,165.348372,199.185158,173.442872,179.906093,146.033134
2012-03-13,8.5557,1.3799,0.058,0.00023,2.7598,4.1398,2.7479,4.1199,167.630048,204.682352,180.622995,184.849741,152.049607
2012-03-14,8.6799,1.4519,0.0581,0.000231,2.9038,4.3557,2.8919,4.3359,170.063862,210.625903,188.49037,190.195329,158.642269
2012-03-15,8.6411,-0.4472,0.0582,0.000231,-0.8944,-1.3416,-0.9064,-1.3615,169.303322,208.742029,185.961535,188.471485,156.48243
2012-03-16,8.6022,-0.4492,0.0583,0.000231,-0.8984,-1.3477,-0.9104,-1.3675,168.542782,206.866617,183.455419,186.755692,154.342563
2012-03-19,8.5789,-0.2708,0.0586,0.000233,-0.5415,-0.8123,-0.5535,-0.8321,168.086443,205.746411,181.965272,185.722092,153.058283
2012-03-20,8.5168,-0.724,0.0587,0.000233,-1.448,-2.172,-1.46,-2.1919,166.869471,202.767138,178.0129,183.010603,149.703431
2012-03-21,8.5168,0.0,0.0589,0.000234,0.0,0.0,-0.0119,-0.0198,166.869471,202.767138,178.0129,182.988752,149.673742
2012-03-22,8.6333,1.3674,0.059,0.000234,2.7348,4.1021,2.7228,4.0823,169.151203,208.312315,185.315215,187.97119,155.783863
2012-03-23,8.61,-0.2698,0.0591,0.000234,-0.5396,-0.8094,-0.5515,-0.8292,168.694845,207.188292,183.815314,186.934479,154.492085
2012-03-26,8.4703,-1.6231,0.0594,0.000236,-3.2461,-4.8692,-3.2581,-4.889,165.956811,200.462673,174.864965,180.844003,146.938899
2012-03-27,8.5789,1.2832,0.0595,0.000236,2.5665,3.8497,2.5545,3.8299,168.086443,205.607526,181.5968,185.463748,152.566506
2012-03-28,8.61,0.362,0.0596,0.000237,0.7239,1.0859,0.712,1.066,168.694845,207.095952,183.568712,186.7842,154.19292
2012-03-29,8.4935,-1.3526,0.0597,0.000237,-2.7051,-4.0577,-2.7171,-4.0775,166.413132,201.493722,176.120033,181.709122,147.905634
2012-03-30,8.5246,0.3656,0.0598,0.000237,0.7313,1.0969,0.7193,1.0771,167.02159,202.967169,178.051883,183.016189,149.498656
2012-04-02,8.4935,-0.3643,0.0602,0.000239,-0.7286,-1.0929,-0.7405,-1.1127,166.413132,201.488354,176.105958,181.660875,147.835125
2012-04-03,8.4237,-0.8226,0.0603,0.000239,-1.6453,-2.4679,-1.6572,-2.4877,165.04417,198.173354,171.759867,178.650388,144.15739
2012-04-05,8.3305,-1.106,0.0605,0.00024,-2.212,-3.318,-2.224,-3.3379,163.218777,193.789748,166.060859,174.677289,139.345626
2012-04-06,8.346,0.1864,0.0606,0.00024,0.3728,0.5592,0.3608,0.5393,163.522997,194.512149,166.989411,175.307575,140.097141
2012-04-09,8.2451,-1.2093,0.0609,0.000242,-2.4186,-3.628,-2.4306,-3.6478,161.545484,189.807609,160.931113,171.046577,134.986675
2012-04-10,8.2451,0.0,0.061,0.000242,0.0,0.0,-0.0119,-0.0198,161.545484,189.807609,160.931113,171.02614,134.959881
2012-04-11,8.2762,0.3766,0.0611,0.000243,0.7533,1.1299,0.7413,1.1101,162.153943,191.237423,162.749546,172.294038,136.458063
2012-04-12,8.2839,0.0938,0.0613,0.000243,0.1876,0.2814,0.1757,0.2615,162.306043,191.596185,163.207524,172.596674,136.814968
2012-04-13,8.3771,1.1247,0.0614,0.000244,2.2493,3.374,2.2374,3.3541,164.131436,195.905801,168.714119,176.458305,141.403923
2012-04-16,8.3538,-0.278,0.0617,0.000245,-0.5561,-0.8341,-0.568,-0.854,163.675097,194.816437,167.306878,175.455993,140.1964
2012-04-17,8.214,-1.6729,0.0618,0.000245,-3.3458,-5.0186,-3.3577,-5.0385,160.937007,188.298342,158.910342,169.564682,133.132605
2012-04-18,8.2296,0.1891,0.0619,0.000246,0.3781,0.5672,0.3662,0.5473,161.241264,189.010311,159.811619,170.185551,133.861246
2012-04-19,8.2373,0.0943,0.062,0.000246,0.1887,0.283,0.1767,0.2631,161.393365,189.366902,160.263875,170.486286,134.213482
2012-04-20,8.1286,-1.3195,0.0621,0.000247,-2.639,-3.9585,-2.651,-3.9784,159.263771,184.369488,153.919802,165.966755,128.873967
2012-04-23,8.1209,-0.0955,0.0625,0.000248,-0.191,-0.2865,-0.203,-0.3064,159.11167,184.017334,153.478812,165.629911,128.479139
2012-04-24,8.1364,0.1912,0.0626,0.000248,0.3824,0.5736,0.3704,0.5537,159.415871,184.720969,154.359107,166.243437,129.190528
2012-04-25,8.183,0.5725,0.0627,0.000249,1.1451,1.7176,1.1331,1.6977,160.328568,186.836119,157.010343,168.127135,131.383814
2012-04-26,8.1209,-0.759,0.0628,0.000249,-1.518,-2.277,-1.53,-2.2969,159.11167,183.999937,153.435206,165.554856,128.366097
2012-04-27,8.1054,-0.1912,0.0629,0.00025,-0.3824,-0.5737,-0.3944,-0.5935,158.807413,183.296239,152.554999,164.901907,127.604204
2012-04-30,8.0821,-0.2873,0.0632,0.000251,-0.5747,-0.862,-0.5866,-0.8819,158.351093,182.242865,151.239935,163.934525,126.478872
2012-05-02,8.2839,2.4976,0.0634,0.000252,4.9952,7.4928,4.9832,7.4729,162.306043,191.3462,162.571966,172.103724,135.930488
2012-05-03,8.2451,-0.4686,0.0636,0.000252,-0.9372,-1.4058,-0.9491,-1.4257,161.545484,189.552921,160.286551,170.470202,133.992587
2012-05-04,8.2606,0.1883,0.0637,0.000253,0.3767,0.565,0.3647,0.5451,161.849723,190.26689,161.192153,171.091908,134.723006
2012-05-07,8.0821,-2.1617,0.064,0.000254,-4.3233,-6.485,-4.3353,-6.5048,158.351093,182.041069,150.738906,163.674617,125.959499
2012-05-08,8.0821,0.0,0.0641,0.000254,0.0,0.0,-0.012,-0.0199,158.351093,182.041069,150.738906,163.65504,125.934466
2012-05-09,8.0277,-0.6724,0.0642,0.000255,-1.3449,-2.0173,-1.3568,-2.0372,157.286277,179.592835,147.69802,161.434502,123.368937
2012-05-10,8.0277,0.0,0.0643,0.000255,0.0,0.0,-0.012,-0.0199,157.286277,179.592835,147.69802,161.415192,123.344416
2012-05-11,7.9423,-1.0638,0.0644,0.000256,-2.1276,-3.1914,-2.1396,-3.2113,155.61304,175.77176,142.984314,157.961561,119.383426
2012-05-14,7.9501,0.0977,0.0648,0.000257,0.1955,0.2932,0.1835,0.2733,155.765131,176.115347,143.403559,158.251437,119.709739
2012-05-15,7.9501,0.0,0.0649,0.000257,0.0,0.0,-0.012,-0.0199,155.765131,176.115347,143.403559,158.232504,119.685941
2012-05-16,7.7948,-1.9531,0.065,0.000258,-3.9062,-5.8593,-3.9182,-5.8792,152.722859,169.235876,135.001049,152.032647,112.649333
2012-05-17,7.888,1.1952,0.0651,0.000258,2.3904,3.5857,2.3785,3.5658,154.548233,173.281359,139.841729,155.648707,116.66616
2012-05-18,7.7125,-2.2244,0.0652,0.000259,-4.4488,-6.6732,-4.4608,-6.6931,151.110445,165.57238,130.509764,148.705549,108.857559
2012-05-21,7.756,0.5637,0.0655,0.00026,1.1275,1.6912,1.1155,1.6713,151.962309,167.439162,132.716955,150.364368,110.67692
2012-05-22,7.8259,0.9009,0.0656,0.00026,1.8017,2.7026,1.7898,2.6827,153.331298,170.455994,136.303793,153.055561,113.64609
2012-05-23,7.6846,-1.8056,0.0657,0.000261,-3.6111,-5.4167,-3.6231,-5.4365,150.56282,164.300646,128.92068,147.510245,107.467667
2012-05-24,7.6675,-0.2223,0.0658,0.000261,-0.4445,-0.6668,-0.4565,-0.6867,150.228174,163.570287,128.061051,146.83687,106.729711
2012-05-25,7.61,-0.7493,0.066,0.000262,-1.4986,-2.2479,-1.5106,-2.2678,149.102507,161.119006,125.182347,144.618784,104.309291
2012-05-28,7.6815,0.9386,0.0663,0.000263,1.8772,2.8158,1.8652,2.7959,150.501996,164.14356,128.707265,147.316284,107.225711
2012-05-29,7.8724,2.4864,0.0664,0.000263,4.9727,7.4591,4.9607,7.4392,154.244004,172.30593,138.307608,154.62425,115.202405
2012-05-30,7.7793,-1.1834,0.0665,0.000264,-2.3669,-3.5503,-2.3788,-3.5702,152.418629,168.227679,133.397274,150.945992,111.089457
2012-05-31,7.787,0.0998,0.0666,0.000264,0.1996,0.2994,0.1877,0.2796,152.570767,168.563515,133.796728,151.229259,111.400012
2012-06-01,7.6318,-1.994,0.0667,0.000265,-3.9881,-5.9821,-4.0,-6.002,149.528457,161.841094,125.79288,145.180035,104.713794
2012-06-04,7.4035,-2.9909,0.067,0.000266,-5.9817,-8.9726,-5.9937,-8.9925,145.056251,152.160171,114.505964,136.478353,95.297389
2012-06-05,7.4998,1.3004,0.0672,0.000267,2.6008,3.9011,2.5888,3.8812,146.942533,156.117491,118.973001,140.011486,98.99611
2012-06-06,7.551,0.6832,0.0673,0.000267,1.3664,2.0497,1.3545,2.0298,147.946479,158.250754,121.411555,141.907905,101.005505
2012-06-07,7.5681,0.2262,0.0674,0.000267,0.4524,0.6786,0.4404,0.6587,148.281134,158.96668,122.235454,142.532904,101.670828
2012-06-08,7.4532,-1.5183,0.0675,0.000268,-3.0366,-4.5548,-3.0485,-4.5747,146.029818,154.139576,116.667841,138.187753,97.019666
2012-06-11,7.6069,2.0625,0.0678,0.000269,4.1251,6.1876,4.1131,6.1677,149.041721,160.497913,123.886755,143.871521,103.003522
2012-06-12,7.5479,-0.7757,0.0679,0.00027,-1.5514,-2.3271,-1.5634,-2.347,147.8856,158.007939,121.003775,141.62226,100.586017
2012-06-13,7.5634,0.2057,0.068,0.00027,0.4114,0.6172,0.3995,0.5973,148.189829,158.658045,121.750559,142.187987,101.186769
2012-06-14,7.5743,0.1437,0.0681,0.00027,0.2874,0.4311,0.2755,0.4112,148.402799,159.114075,122.27548,142.579648,101.602888
2012-06-15,7.6706,1.271,0.0683,0.000271,2.542,3.8131,2.5301,3.7932,150.289035,163.158831,126.937932,146.187014,105.456854
2012-06-18,7.7948,1.6194,0.0686,0.000272,3.2389,4.8583,3.2269,4.8384,152.722859,168.443313,133.10494,150.904292,110.559254
2012-06-19,7.7498,-0.5777,0.0687,0.000273,-1.1554,-1.7331,-1.1674,-1.753,151.840578,166.497118,130.798097,149.142666,108.621138
2012-06-20,7.8336,1.082,0.0688,0.000273,2.1639,3.2459,2.1519,3.226,153.483436,170.09999,135.043655,152.352135,112.125229
2012-06-21,7.787,-0.5946,0.0689,0.000273,-1.1893,-1.7839,-1.2013,-1.8038,152.570767,168.077036,132.634598,150.522,110.10269
2012-06-22,7.6954,-1.1765,0.069,0.000274,-2.3529,-3.5294,-2.3649,-3.5493,150.775818,164.122285,127.95338,146.962275,106.194791
2012-06-25,7.6395,-0.7264,0.0693,0.000275,-1.4528,-2.1792,-1.4648,-2.1991,149.680567,161.737883,125.164981,144.809569,103.859412
2012-06-26,7.6069,-0.4268,0.0695,0.000276,-0.8536,-1.2804,-0.8656,-1.3003,149.041721,160.357267,123.562344,143.556104,102.50889
2012-06-27,7.6783,0.9389,0.0696,0.000276,1.8779,2.8168,1.8659,2.7969,150.441135,163.368589,127.042879,146.234719,105.37597
2012-06-28,7.6908,0.1618,0.0697,0.000276,0.3235,0.4853,0.3116,0.4654,150.684504,163.897151,127.65943,146.690323,105.86638
2012-06-29,7.7948,1.3527,0.0698,0.000277,2.7055,4.0582,2.6935,4.0383,152.722859,168.331324,132.840092,150.641393,110.141552
2012-07-02,7.8569,0.7968,0.0701,0.000278,1.5936,2.3904,1.5816,2.3705,153.939766,171.013877,136.015532,153.023983,112.752459
2012-07-03,7.9501,1.1858,0.0702,0.000279,2.3715,3.5573,2.3595,3.5374,155.765131,175.069526,140.85401,156.634656,116.740937
2012-07-04,7.9811,0.3906,0.0703,0.000279,0.7813,1.1719,0.7693,1.152,156.373617,176.437321,142.50472,157.839649,118.0858
2012-07-05,7.9656,-0.1946,0.0704,0.00028,-0.3892,-0.5838,-0.4012,-0.6037,156.069332,175.750667,141.672827,157.206455,117.372929
2012-07-06,7.919,-0.5848,0.0705,0.00028,-1.1695,-1.7543,-1.1815,-1.7742,155.156682,173.695185,139.187437,155.349012,115.290449
2012-07-09,7.9113,-0.098,0.0709,0.000281,-0.1961,-0.2941,-0.2081,-0.314,155.004572,173.354616,138.778074,155.025793,114.928395
2012-07-10,7.8259,-1.0795,0.071,0.000282,-2.159,-3.2385,-2.171,-3.2584,153.331298,169.611891,134.283747,151.660202,111.183536
2012-07-11,7.8492,0.2976,0.0711,0.000282,0.5953,0.8929,0.5833,0.873,153.787665,170.621538,135.482772,152.544807,112.15414
2012-07-12,7.7094,-1.7804,0.0712,0.000283,-3.5608,-5.3412,-3.5728,-5.3611,151.049622,164.546029,128.246345,147.094687,106.141394
2012-07-13,7.6861,-0.3022,0.0713,0.000283,-0.6043,-0.9065,-0.6163,-0.9264,150.593217,163.55166,127.083836,146.188143,105.158103
2012-07-16,7.6861,0.0,0.0716,0.000284,0.0,0.0,-0.012,-0.0199,150.593217,163.55166,127.083836,146.170614,105.137142
2012-07-17,7.7405,0.7071,0.0717,0.000285,1.4142,2.1213,1.4022,2.1013,151.658052,165.864586,129.77964,148.220212,107.346436
2012-07-18,7.6395,-1.3039,0.0719,0.000285,-2.6078,-3.9117,-2.6198,-3.9317,149.680567,161.539136,124.703011,144.337122,103.125933
2012-07-19,7.7948,2.0325,0.072,0.000286,4.065,6.0976,4.0531,6.0776,152.722859,168.105774,132.306861,150.187182,109.393547
2012-07-20,7.787,-0.0996,0.0721,0.000286,-0.1992,-0.2988,-0.2112,-0.3187,152.570767,167.770953,131.911582,149.870038,109.044914
2012-07-23,7.6473,-1.7946,0.0724,0.000287,-3.5893,-5.3839,-3.6013,-5.4038,149.832677,161.749197,124.809583,144.47282,103.152292
2012-07-24,7.6271,-0.264,0.0725,0.000288,-0.528,-0.7919,-0.5399,-0.8119,149.437152,160.895234,123.821175,143.69274,102.314826
2012-07-25,7.5867,-0.5293,0.0726,0.000288,-1.0586,-1.5879,-1.0706,-1.6078,148.646196,159.192027,121.855054,142.154401,100.669795
2012-07-26,7.5992,0.1637,0.0727,0.000289,0.3274,0.4912,0.3154,0.4712,148.889555,159.713276,122.453546,142.602811,101.14416
2012-07-27,7.7513,2.0024,0.0728,0.000289,4.0049,6.0073,3.9929,5.9874,151.870985,166.109615,129.809738,148.296789,107.200055
2012-07-30,7.8026,0.6611,0.0732,0.00029,1.3222,1.9833,1.3102,1.9634,152.875006,168.305919,132.384258,150.239781,109.304775
2012-07-31,7.9346,1.6915,0.0733,0.000291,3.383,5.0745,3.371,5.0546,155.460902,173.999743,139.102138,155.304399,114.829676
2012-08-01,7.9501,0.1957,0.0734,0.000291,0.3914,0.5871,0.3794,0.5671,155.765131,174.68076,139.918785,155.893612,115.480918
2012-08-02,7.9501,0.0,0.0735,0.000292,0.0,0.0,-0.012,-0.0199,155.765131,174.68076,139.918785,155.874908,115.457881
2012-08-03,7.9035,-0.5859,0.0736,0.000292,-1.1719,-1.7578,-1.1839,-1.7778,154.852444,172.633717,137.459273,154.029544,113.405313
2012-08-06,8.0044,1.277,0.0739,0.000293,2.554,3.8311,2.542,3.8111,156.829938,177.042846,142.725412,157.945031,117.727306
2012-08-07,8.0122,0.097,0.074,0.000294,0.194,0.2911,0.182,0.2711,156.982094,177.38638,143.140829,158.232554,118.046473
2012-08-08,8.0355,0.2907,0.0742,0.000294,0.5814,0.872,0.5694,0.8521,157.438415,178.417644,144.389088,159.133476,119.052342
2012-08-09,8.2063,2.1256,0.0743,0.000295,4.2512,6.3768,4.2392,6.3568,160.784907,186.002493,153.59644,165.879423,126.620274
2012-08-10,8.1985,-0.0946,0.0744,0.000295,-0.1892,-0.2838,-0.2012,-0.3038,160.632806,185.650581,153.160539,165.545675,126.235662
2012-08-13,8.2296,0.3788,0.0747,0.000296,0.7576,1.1364,0.7456,1.1164,161.241264,187.057026,154.901001,166.77994,127.644966
2012-08-14,8.2684,0.4717,0.0748,0.000297,0.9434,1.4151,0.9314,1.3952,162.001861,188.821771,157.093066,168.333367,129.425843
2012-08-15,8.2373,-0.3756,0.0749,0.000297,-0.7512,-1.1268,-0.7632,-1.1468,161.393365,187.403303,155.322893,167.048606,127.941601
2012-08-16,8.2606,0.2828,0.075,0.000298,0.5655,0.8483,0.5535,0.8283,161.849723,188.46311,156.640471,167.973251,129.00137
2012-08-17,8.2218,-0.4699,0.0751,0.000298,-0.9399,-1.4098,-0.9519,-1.4297,161.089145,186.691828,154.432178,166.374379,127.156978
2012-08-20,8.1985,-0.2833,0.0755,0.000299,-0.5666,-0.8499,-0.5786,-0.8698,160.632806,185.634093,153.119736,165.411782,126.050948
2012-08-21,8.2917,1.1364,0.0756,0.0003,2.2727,3.4091,2.2607,3.3891,162.458162,189.853011,158.339679,169.151246,130.322934
2012-08-22,8.2839,-0.0936,0.0757,0.0003,-0.1873,-0.2809,-0.1993,-0.3009,162.306043,189.49747,157.89489,168.814164,129.930827
2012-08-23,8.2762,-0.0937,0.0758,0.000301,-0.1874,-0.2811,-0.1994,-0.3011,162.153943,189.142306,157.45099,168.477496,129.539601
2012-08-24,8.2451,-0.3752,0.0759,0.000301,-0.7505,-1.1257,-0.7625,-1.1457,161.545484,187.72285,155.678556,167.192893,128.055502
2012-08-27,8.2606,0.1883,0.0762,0.000302,0.3767,0.565,0.3647,0.545,161.849723,188.429926,156.558124,167.802563,128.753429
2012-08-28,8.1519,-1.3158,0.0763,0.000303,-2.6316,-3.9474,-2.6436,-3.9674,159.72011,183.471217,150.378165,163.36653,123.645316
2012-08-29,8.183,0.381,0.0764,0.000303,0.7619,1.1429,0.7499,1.1229,160.328568,184.869094,152.096774,164.591609,125.033713
2012-08-30,8.1597,-0.2846,0.0766,0.000304,-0.5693,-0.8539,-0.5813,-0.8739,159.87221,183.816675,150.797994,163.634858,123.941056
2012-08-31,8.1908,0.3806,0.0767,0.000304,0.7612,1.1418,0.7492,1.1218,160.480687,185.215895,152.519815,164.860799,125.331467
2012-09-03,8.2529,0.7583,0.077,0.000306,1.5166,2.2748,1.5046,2.2549,161.697585,188.024817,155.98941,167.34122,128.157533
2012-09-04,8.2373,-0.1881,0.0771,0.000306,-0.3763,-0.5644,-0.3883,-0.5844,161.393365,187.317312,155.108969,166.691442,127.408579
2012-09-05,8.1286,-1.3195,0.0772,0.000306,-2.639,-3.9585,-2.651,-3.9785,159.263771,182.373987,148.968955,162.272412,122.339636
2012-09-06,8.0976,-0.382,0.0773,0.000307,-0.7641,-1.1461,-0.7761,-1.1661,158.655312,180.980488,147.261572,161.013013,120.913019
2012-09-07,8.2218,1.534,0.0774,0.000307,3.0681,4.6021,3.0561,4.5821,161.089145,186.533108,154.038718,165.933672,126.453416
2012-09-10,8.2839,0.7554,0.0778,0.000309,1.5108,2.2663,1.4988,2.2463,162.306043,189.35132,157.529631,168.420723,129.293907
2012-09-11,8.2762,-0.0937,0.0779,0.000309,-0.1874,-0.2811,-0.1994,-0.3011,162.153943,188.99643,157.086757,168.084825,128.904578
2012-09-12,8.3926,1.4071,0.078,0.000309,2.8142,4.2213,2.8022,4.2014,164.435638,194.31523,163.717939,172.794928,134.320331
2012-09-13,8.4081,0.185,0.0781,0.00031,0.3701,0.5551,0.358,0.5351,164.739895,195.034317,164.626726,173.413613,135.03909
2012-09-14,8.6178,2.493,0.0782,0.00031,4.9861,7.4791,4.9741,7.4591,168.846927,204.758887,176.93936,182.039318,145.11184
2012-09-17,8.6333,0.1802,0.0785,0.000312,0.3604,0.5406,0.3484,0.5206,169.151203,205.496871,177.895937,182.67354,145.867344
2012-09-18,8.6022,-0.3597,0.0786,0.000312,-0.7194,-1.0791,-0.7314,-1.0991,168.542782,204.018565,175.976312,181.337466,144.264173
2012-09-19,8.6411,0.4512,0.0787,0.000312,0.9025,1.3537,0.8905,1.3337,169.303322,205.85981,178.358563,182.952223,146.188287
2012-09-20,8.5789,-0.7188,0.0789,0.000313,-1.4375,-2.1563,-1.4495,-2.1763,168.086443,202.900548,174.512669,180.30027,143.006848
2012-09-21,8.61,0.362,0.079,0.000313,0.7239,1.0859,0.7119,1.0659,168.694845,204.369377,176.407657,181.583821,144.531133
2012-09-24,8.6178,0.0902,0.0793,0.000315,0.1803,0.2705,0.1683,0.2505,168.846927,204.737864,176.884763,181.889396,144.893128
2012-09-25,8.5867,-0.3603,0.0794,0.000315,-0.7207,-1.081,-0.7327,-1.101,168.238506,203.262364,174.97261,180.556694,143.297838
2012-09-26,8.5246,-0.7233,0.0795,0.000316,-1.4467,-2.17,-1.4587,-2.19,167.02159,200.321856,171.175731,177.922953,140.159643
2012-09-27,8.5557,0.3643,0.0796,0.000316,0.7286,1.0929,0.7166,1.0729,167.630048,201.781398,173.046506,179.197906,141.663417
2012-09-28,8.5634,0.0908,0.0797,0.000316,0.1815,0.2723,0.1695,0.2523,167.782204,202.147708,173.517725,179.501675,142.020847
2012-10-01,8.5401,-0.272,0.0801,0.000318,-0.544,-0.816,-0.556,-0.836,167.325828,201.048004,172.101794,178.503584,140.83353
2012-10-02,8.5789,0.4546,0.0802,0.000318,0.9091,1.3637,0.8971,1.3437,168.086443,202.875816,174.448768,180.104971,142.725927
2012-10-03,8.5401,-0.4525,0.0803,0.000319,-0.905,-1.3575,-0.9171,-1.3775,167.325828,201.039733,172.080553,178.453313,140.759814
2012-10-04,8.5479,0.0909,0.0804,0.000319,0.1818,0.2727,0.1698,0.2527,167.477929,201.405226,172.549821,178.756285,141.115514
2012-10-05,8.5557,0.0908,0.0805,0.000319,0.1817,0.2725,0.1696,0.2525,167.630048,201.771097,173.019999,179.059514,141.471808
2012-10-08,8.4858,-0.8167,0.0808,0.000321,-1.6334,-2.4501,-1.6454,-2.4701,166.261031,198.47541,168.78089,176.113258,137.977348
2012-10-09,8.447,-0.4575,0.0809,0.000321,-0.9149,-1.3724,-0.9269,-1.3924,165.500453,196.659519,166.464576,174.480781,136.05617
2012-10-11,8.2762,-2.0221,0.0811,0.000322,-4.0441,-6.0662,-4.0561,-6.0862,162.153943,188.70639,156.366558,167.403598,127.775552
2012-10-12,8.2529,-0.2814,0.0813,0.000322,-0.5629,-0.8443,-0.5749,-0.8643,161.697585,187.644219,155.046348,166.441197,126.67117
2012-10-15,8.2684,0.1882,0.0816,0.000324,0.3764,0.5645,0.3643,0.5445,162.001861,188.350421,155.921627,167.047578,127.360913
2012-10-16,8.3072,0.4695,0.0817,0.000324,0.9389,1.4084,0.9269,1.3884,162.762401,190.118896,158.117614,168.595937,129.129164
2012-10-17,8.2917,-0.1869,0.0818,0.000325,-0.3738,-0.5608,-0.3859,-0.5808,162.458162,189.408148,157.230945,167.945368,128.379208
2012-10-18,8.3305,0.4682,0.0819,0.000325,0.9364,1.4046,0.9244,1.3846,163.218777,191.181733,159.439369,169.497773,130.156693
2012-10-19,8.2684,-0.7456,0.082,0.000325,-1.4911,-2.2367,-1.5032,-2.2567,162.001861,188.330931,155.873154,166.949917,127.219398
2012-10-22,8.214,-0.6573,0.0823,0.000327,-1.3146,-1.9719,-1.3267,-1.9919,160.937007,185.855097,152.799449,164.735073,124.685256
2012-10-23,8.214,0.0,0.0825,0.000327,0.0,0.0,-0.012,-0.02,160.937007,185.855097,152.799449,164.71525,124.660295
2012-10-24,7.919,-3.5917,0.0826,0.000328,-7.1833,-10.775,-7.1954,-10.795,155.156682,172.504496,136.335295,152.863374,111.20318
2012-10-25,7.8414,-0.9804,0.0827,0.000328,-1.9607,-2.9411,-1.9728,-2.9611,153.635574,169.122134,132.325528,149.847727,107.910311
2012-10-26,7.7498,-1.1683,0.0828,0.000329,-2.3367,-3.505,-2.3487,-3.5251,151.840578,165.17027,127.687466,146.328212,104.106406
2012-10-29,7.7638,0.1803,0.0831,0.00033,0.3607,0.541,0.3487,0.521,152.114419,165.766031,128.37831,146.838398,104.648819
2012-10-30,7.8336,0.9,0.0832,0.00033,1.8,2.7,1.7879,2.6799,153.483436,168.749791,131.844492,149.46379,107.453355
2012-10-31,7.8259,-0.0991,0.0833,0.000331,-0.1982,-0.2974,-0.2103,-0.3174,153.331298,168.415251,131.452426,149.149492,107.112302
2012-11-01,7.8181,-0.0992,0.0834,0.000331,-0.1983,-0.2975,-0.2104,-0.3175,153.179235,168.081206,131.06133,148.835706,106.77217
2012-11-02,7.8724,0.6951,0.0836,0.000332,1.3902,2.0853,1.3782,2.0653,154.244004,170.417915,133.794404,150.886943,108.977349
2012-11-05,7.8414,-0.3945,0.0839,0.000333,-0.7889,-1.1834,-0.801,-1.2034,153.635574,169.073456,132.21111,149.678402,107.665905
2012-11-06,7.9035,0.792,0.084,0.000333,1.5841,2.3761,1.5721,2.3561,154.852444,171.751747,135.352642,152.031435,110.202639
2012-11-07,7.9423,0.4912,0.0841,0.000334,0.9823,1.4735,0.9703,1.4535,155.61304,173.438949,137.347096,153.50661,111.804426
2012-11-08,7.8802,-0.782,0.0842,0.000334,-1.5641,-2.3461,-1.5761,-2.3661,154.396105,170.726272,134.124824,151.087203,109.159007
2012-11-09,7.9346,0.6897,0.0843,0.000335,1.3793,2.069,1.3673,2.0489,155.460902,173.08111,136.899812,153.152965,111.395593
2012-11-12,7.9035,-0.3914,0.0846,0.000336,-0.7828,-1.1742,-0.7948,-1.1942,154.852444,171.726266,135.292376,151.935672,110.065299
2012-11-13,7.7715,-1.6699,0.0848,0.000336,-3.3398,-5.0097,-3.3519,-5.0297,152.266557,165.990939,128.514618,146.843015,104.52929
2012-11-14,7.787,0.1998,0.0849,0.000337,0.3996,0.5994,0.3875,0.5793,152.570767,166.654199,129.284889,147.412081,105.134856
2012-11-15,7.7638,-0.2991,0.085,0.000337,-0.5982,-0.8973,-0.6103,-0.9174,152.114419,165.657254,128.124792,146.51249,104.170393
2012-11-16,7.7544,-0.12,0.0851,0.000338,-0.2401,-0.3601,-0.2521,-0.3801,151.931837,165.259579,127.663429,146.143128,103.774411
2012-11-19,7.8026,0.6208,0.0854,0.000339,1.2416,1.8624,1.2295,1.8423,152.875006,167.31139,130.040973,147.939992,105.686258
2012-11-20,7.8181,0.199,0.0855,0.000339,0.398,0.597,0.386,0.577,153.179235,167.977306,130.817338,148.510988,106.296037
2012-11-21,7.7591,-0.7547,0.0856,0.00034,-1.5095,-2.2642,-1.5215,-2.2843,152.023123,165.441708,127.855328,146.251341,103.867941
2012-11-22,7.7948,0.4603,0.0857,0.00034,0.9206,1.3808,0.9085,1.3608,152.722859,166.964705,129.620814,147.580061,105.281377
2012-11-23,8.0277,2.988,0.0858,0.000341,5.9761,8.9641,5.964,8.9441,157.286277,176.942645,141.240174,156.38178,114.697816
2012-11-26,8.1054,0.9671,0.0862,0.000342,1.9342,2.9013,1.9222,2.8813,158.807413,180.365116,145.338031,159.387716,118.002594
2012-11-27,8.1364,0.3831,0.0863,0.000342,0.7663,1.1494,0.7542,1.1294,159.415871,181.747226,147.008585,160.589876,119.335287
2012-11-28,8.1442,0.0954,0.0864,0.000343,0.1909,0.2863,0.1788,0.2663,159.568009,182.094125,147.429476,160.877042,119.653021
2012-11-29,8.2451,1.2393,0.0865,0.000343,2.4785,3.7178,2.4665,3.6978,161.545484,186.607394,152.910615,164.845053,124.077494
2012-11-30,8.315,0.8475,0.0866,0.000344,1.6949,2.5424,1.6829,2.5224,162.914539,189.770288,156.798244,167.619223,127.207183
2012-12-03,8.3072,-0.0934,0.0869,0.000345,-0.1868,-0.2802,-0.1988,-0.3002,162.762401,189.415854,156.358965,167.28596,126.825294
2012-12-04,8.2994,-0.0934,0.087,0.000345,-0.1869,-0.2803,-0.1989,-0.3004,162.610319,189.061881,155.920669,166.953182,126.444349
2012-12-05,8.346,0.5613,0.0872,0.000346,1.1225,1.6838,1.1105,1.6637,163.522997,191.184165,158.546063,168.807167,128.548059
2012-12-06,8.3227,-0.2791,0.0873,0.000346,-0.5582,-0.8373,-0.5703,-0.8574,163.066602,190.11697,157.21855,167.844535,127.445937
2012-12-07,8.3693,0.5597,0.0874,0.000347,1.1195,1.6792,1.1074,1.6591,163.979336,192.245256,159.858552,169.703259,129.560436
2012-12-10,8.3383,-0.371,0.0877,0.000348,-0.7421,-1.1131,-0.7541,-1.1332,163.370896,190.818618,158.079103,168.423446,128.092256
2012-12-11,8.3305,-0.0931,0.0878,0.000348,-0.1862,-0.2793,-0.1983,-0.2994,163.218777,190.463265,157.637528,168.089496,127.708747
2012-12-12,8.4004,0.8388,0.0879,0.000349,1.6775,2.5163,1.6655,2.4963,164.587813,193.658375,161.604193,170.889012,130.896686
2012-12-13,8.4935,1.109,0.088,0.000349,2.218,3.3271,2.206,3.307,166.413132,197.953812,166.980882,174.658812,135.225451
2012-12-14,8.4159,-0.9141,0.0881,0.00035,-1.8282,-2.7423,-1.8402,-2.7623,164.891958,194.334841,162.401792,171.444661,131.490053
2012-12-17,8.3072,-1.2915,0.0885,0.000351,-2.583,-3.8745,-2.595,-3.8945,162.762401,189.315225,156.109601,166.99562,126.369138
2012-12-18,8.315,0.0935,0.0886,0.000352,0.1869,0.2804,0.1749,0.2603,162.914539,189.66914,156.547359,167.287673,126.698139
2012-12-19,8.3383,0.2801,0.0887,0.000352,0.5602,0.8404,0.5482,0.8203,163.370896,190.731746,157.862924,168.204717,127.737436
2012-12-20,8.2373,-1.2105,0.0888,0.000352,-2.4209,-3.6314,-2.433,-3.6514,161.393365,186.114302,152.130345,164.112349,123.073187
2012-12-21,8.1985,-0.4712,0.0889,0.000353,-0.9425,-1.4137,-0.9545,-1.4338,160.632806,184.360192,149.979623,162.545814,121.308555
2012-12-24,8.183,-0.1894,0.0892,0.000354,-0.3788,-0.5682,-0.3909,-0.5883,160.328568,183.661835,149.127439,161.910487,120.594929
2012-12-25,8.3227,1.7078,0.0893,0.000355,3.4155,5.1233,3.4035,5.1032,163.066602,189.934858,156.767675,167.421058,126.749152
2012-12-26,8.3072,-0.1866,0.0895,0.000355,-0.3731,-0.5597,-0.3852,-0.5797,162.762401,189.22621,155.890324,166.776216,126.014355
2012-12-27,8.2994,-0.0934,0.0896,0.000355,-0.1869,-0.2803,-0.1989,-0.3004,162.610319,188.872592,155.453341,166.444435,125.63582
2012-12-28,8.3538,0.6548,0.0897,0.000356,1.3096,1.9644,1.2975,1.9443,163.675097,191.346082,158.507085,168.604128,128.078601
2013-01-02,8.447,1.1152,0.0898,0.000356,2.2305,3.3457,2.2184,3.3256,165.500453,195.613985,163.810247,172.344442,132.338004
2013-01-03,8.5168,0.8272,0.0898,0.000356,1.6544,2.4816,1.6423,2.4615,166.869471,198.850216,167.875354,175.174913,135.595527
2013-01-04,8.4625,-0.6381,0.0897,0.000356,-1.2762,-1.9143,-1.2883,-1.9344,165.804655,196.312438,164.66165,172.918155,132.972546
2013-01-07,8.4237,-0.4587,0.0894,0.000355,-0.9173,-1.376,-0.9294,-1.3961,165.04417,194.511614,162.395925,171.311077,131.116165
2013-01-08,8.3693,-0.6452,0.0893,0.000355,-1.2904,-1.9355,-1.3024,-1.9556,163.979336,192.001708,159.252679,169.07988,128.552033
2013-01-09,8.4004,0.3711,0.0893,0.000354,0.7421,1.1132,0.7301,1.0931,164.587813,193.426626,161.025493,170.314295,129.957279
2013-01-10,8.4625,0.7393,0.0892,0.000354,1.4787,2.218,1.4666,2.1979,165.804655,196.286736,164.597007,172.812114,132.81362
2013-01-11,8.4547,-0.0917,0.0891,0.000354,-0.1834,-0.2752,-0.1955,-0.2952,165.652573,195.926654,164.144084,172.474254,132.421497
2013-01-14,8.4625,0.0918,0.0888,0.000353,0.1836,0.2754,0.1716,0.2554,165.804655,196.286406,164.596175,172.770145,132.75964
2013-01-15,8.3848,-0.9174,0.0888,0.000352,-1.8348,-2.7522,-1.8469,-2.7723,164.283556,192.684926,160.066138,169.57931,129.079167
2013-01-16,8.3383,-0.5555,0.0887,0.000352,-1.1111,-1.6666,-1.1231,-1.6867,163.370896,190.544046,157.398448,167.674703,126.902007
2013-01-17,8.2762,-0.7449,0.0886,0.000352,-1.4898,-2.2347,-1.5019,-2.2548,162.153943,187.705311,153.881054,165.156459,124.040652
2013-01-18,8.3771,1.2195,0.0885,0.000351,2.439,3.6585,2.427,3.6385,164.131436,192.283505,159.510868,169.164765,128.553848
2013-01-21,8.3693,-0.0927,0.0883,0.00035,-0.1853,-0.278,-0.1974,-0.2981,163.979336,191.927127,159.067412,168.830839,128.17066
2013-01-22,8.3926,0.2783,0.0882,0.00035,0.5565,0.8348,0.5445,0.8147,164.435638,192.99527,160.395312,169.750088,129.214916
2013-01-23,8.3848,-0.0925,0.0881,0.00035,-0.185,-0.2775,-0.197,-0.2975,164.283556,192.638278,159.950276,169.415629,128.830468
2013-01-24,8.3383,-0.5555,0.088,0.000349,-1.1111,-1.6666,-1.1231,-1.6867,163.370896,190.497916,157.284517,167.512865,126.657509
2013-01-25,8.3072,-0.3725,0.0879,0.000349,-0.7449,-1.1174,-0.757,-1.1375,162.762401,189.078849,155.527039,166.244825,125.216842
2013-01-28,8.346,0.4673,0.0877,0.000348,0.9346,1.4019,0.9226,1.3819,163.522997,190.845997,157.707394,167.778524,126.947154
2013-01-29,8.4625,1.3953,0.0876,0.000348,2.7906,4.1859,2.7786,4.1659,165.804655,196.171796,164.30893,172.440372,132.235618
2013-01-30,8.478,0.1835,0.0875,0.000347,0.367,0.5505,0.355,0.5305,166.10893,196.891803,165.213522,173.052493,132.937107
2013-01-31,8.478,0.0,0.0875,0.000347,0.0,0.0,-0.0121,-0.0201,166.10893,196.891803,165.213522,173.031634,132.910441
2013-02-01,8.5091,0.3663,0.0874,0.000347,0.7326,1.0989,0.7205,1.0788,166.717389,198.334236,167.029057,174.278411,134.344337
2013-02-04,8.5712,0.7299,0.0871,0.000346,1.4599,2.1898,1.4478,2.1698,167.934324,201.229673,170.686688,176.801659,137.259287
2013-02-05,8.5401,-0.3623,0.087,0.000345,-0.7247,-1.087,-0.7367,-1.1071,167.325828,199.771396,168.831282,175.4991,135.739717
2013-02-06,8.6022,0.7273,0.087,0.000345,1.4546,2.1819,1.4425,2.1618,168.542782,202.677254,172.514991,178.030745,138.674182
2013-02-18,8.6333,0.361,0.086,0.000341,0.722,1.083,0.7099,1.0629,169.151203,204.14054,174.383271,179.29464,140.148177
2013-02-19,8.6411,0.0899,0.0859,0.000341,0.1799,0.2698,0.1678,0.2497,169.303322,204.507711,174.853745,179.595522,140.498192
2013-02-20,8.7109,0.8086,0.0858,0.000341,1.6173,2.4259,1.6052,2.4058,170.672358,207.815128,179.095499,182.478409,143.878354
2013-02-21,8.6488,-0.713,0.0857,0.00034,-1.426,-2.139,-1.4381,-2.1591,169.455441,204.851629,175.264575,179.854237,140.771898
2013-02-22,8.6178,-0.3591,0.0856,0.00034,-0.7182,-1.0773,-0.7302,-1.0973,168.846927,203.380386,173.376451,178.540859,139.227146
2013-02-25,8.6488,0.3604,0.0854,0.000339,0.7208,1.0812,0.7087,1.0611,169.455441,204.846327,175.250966,179.806254,140.70454
2013-02-26,8.5557,-1.0772,0.0853,0.000339,-2.1544,-3.2316,-2.1665,-3.2517,167.630048,200.433071,169.587496,175.91081,136.129283
2013-02-27,8.5712,0.1815,0.0852,0.000338,0.363,0.5445,0.351,0.5245,167.934324,201.160708,170.510982,176.528235,136.843291
2013-03-01,8.6022,0.3623,0.0851,0.000338,0.7246,1.087,0.7126,1.0669,168.542782,202.618396,172.364364,177.786166,138.303296
2013-03-04,8.5013,-1.1733,0.0848,0.000337,-2.3466,-3.5199,-2.3587,-3.54,166.565251,197.863707,166.297253,173.592785,133.407398
2013-03-05,8.5712,0.8219,0.0847,0.000336,1.6439,2.4658,1.6318,2.4458,167.934324,201.116365,170.397864,176.425551,136.670269
2013-03-06,8.61,0.4529,0.0847,0.000336,0.9057,1.3586,0.8937,1.3386,168.694845,202.93795,172.712898,178.002256,138.499694
2013-03-07,8.6022,-0.0901,0.0846,0.000336,-0.1803,-0.2704,-0.1923,-0.2905,168.542782,202.572089,172.245842,177.659915,138.097408
2013-03-08,8.6643,0.722,0.0845,0.000335,1.444,2.1661,1.432,2.146,169.759698,205.49732,175.976803,180.20401,141.061022
2013-03-11,8.6799,0.1792,0.0842,0.000334,0.3583,0.5375,0.3463,0.5175,170.063862,206.233712,176.922712,180.828067,141.790993
2013-03-12,8.6255,-0.6261,0.0842,0.000334,-1.2522,-1.8783,-1.2643,-1.8983,168.999084,203.651233,173.599546,178.541947,139.099305
2013-03-13,8.6411,0.18,0.0841,0.000334,0.36,0.5401,0.348,0.52,169.303322,204.384474,174.537107,179.163286,139.822676
2013-03-14,8.6333,-0.0899,0.084,0.000333,-0.1797,-0.2696,-0.1917,-0.2896,169.151203,204.017194,174.066641,178.819759,139.417774
2013-03-15,8.5712,-0.7194,0.0839,0.000333,-1.4388,-2.1582,-1.4508,-2.1782,167.934324,201.081782,170.309918,176.22536,136.38092
2013-03-18,8.4625,-1.2682,0.0837,0.000332,-2.5363,-3.8045,-2.5484,-3.8245,165.804655,195.981721,163.830533,171.734521,131.165036
2013-03-19,8.478,0.1835,0.0836,0.000332,0.367,0.5505,0.355,0.5305,166.10893,196.701031,164.732491,172.344163,131.860886
2013-03-20,8.4237,-0.641,0.0835,0.000331,-1.282,-1.923,-1.294,-1.943,165.04417,194.17932,161.56468,170.113961,129.298788
2013-03-21,8.4314,0.0922,0.0834,0.000331,0.1843,0.2765,0.1723,0.2564,165.196271,194.537221,162.011362,170.407029,129.630369
2013-03-22,8.4081,-0.2763,0.0833,0.000331,-0.5525,-0.8288,-0.5646,-0.8488,164.739895,193.462352,160.668629,169.444974,128.530046
2013-03-25,8.4703,0.7387,0.0831,0.00033,1.4774,2.2161,1.4653,2.196,165.956811,196.320525,164.229157,171.927924,131.352623
2013-03-26,8.4703,0.0,0.083,0.000329,0.0,0.0,-0.012,-0.02,165.956811,196.320525,164.229157,171.907231,131.326321
2013-03-27,8.4935,0.275,0.0829,0.000329,0.5499,0.8249,0.5379,0.8049,166.413132,197.400144,165.583867,172.831905,132.383323
2013-03-28,8.4703,-0.2742,0.0828,0.000329,-0.5484,-0.8226,-0.5605,-0.8427,165.956811,196.317564,164.221727,171.863262,131.267794
2013-03-29,8.5557,1.0082,0.0828,0.000328,2.0165,3.0247,2.0044,3.0047,167.630048,200.276254,169.188957,175.308154,135.21198
2013-04-01,8.5401,-0.1815,0.0825,0.000327,-0.363,-0.5444,-0.375,-0.5645,167.325828,199.54932,168.26781,174.65075,134.448751
2013-04-02,8.5168,-0.2727,0.0824,0.000327,-0.5455,-0.8182,-0.5575,-0.8382,166.869471,198.460835,166.89103,173.677062,133.321765
2013-04-03,8.5401,0.2735,0.0824,0.000327,0.547,0.8204,0.5349,0.8004,167.325828,199.546343,168.260279,174.606114,134.388908
2013-04-08,8.3616,-2.0909,0.0819,0.000325,-4.1818,-6.2727,-4.1938,-6.2927,163.827198,191.20168,157.705773,167.283397,125.932162
2013-04-09,8.3383,-0.2785,0.0819,0.000325,-0.5571,-0.8356,-0.5691,-0.8556,163.370896,190.136586,156.388017,166.331415,124.854694
2013-04-10,8.3538,0.1862,0.0818,0.000325,0.3724,0.5586,0.3604,0.5386,163.675097,190.844665,157.261614,166.930831,125.527154
2013-04-11,8.4392,1.0223,0.0817,0.000324,2.0446,3.0669,2.0326,3.0469,165.348372,194.74673,162.084738,170.323864,129.351879
2013-04-12,8.4392,0.0,0.0816,0.000324,0.0,0.0,-0.012,-0.02,165.348372,194.74673,162.084738,170.303374,129.325992
2013-04-15,8.3693,-0.828,0.0814,0.000323,-1.6559,-2.4839,-1.668,-2.5039,163.979336,191.52184,158.058697,167.462765,126.087769
2013-04-16,8.3848,0.1855,0.0813,0.000323,0.371,0.5566,0.359,0.5366,164.283556,192.232475,158.938404,168.063985,126.764305
2013-04-17,8.3693,-0.1852,0.0812,0.000322,-0.3704,-0.5555,-0.3824,-0.5755,163.979336,191.520524,158.055439,167.421329,126.034715
2013-04-18,8.3616,-0.0928,0.0811,0.000322,-0.1856,-0.2783,-0.1976,-0.2983,163.827198,191.165143,157.615514,167.090528,125.658697
2013-04-19,8.61,2.9712,0.081,0.000322,5.9424,8.9136,5.9304,8.8936,168.694845,202.524972,171.664769,176.999646,136.834299
2013-04-22,8.6022,-0.0901,0.0808,0.000321,-0.1803,-0.2704,-0.1923,-0.2904,168.542782,202.159856,171.200548,176.65926,136.436892
2013-04-23,8.5557,-0.5415,0.0807,0.00032,-1.0831,-1.6246,-1.0951,-1.6446,167.630048,199.970285,168.419167,174.724637,134.192998
2013-04-24,8.6255,0.8167,0.0806,0.00032,1.6334,2.4501,1.6214,2.4301,168.999084,203.236603,172.545608,177.557578,137.454018
2013-04-25,8.6411,0.18,0.0805,0.00032,0.36,0.5401,0.348,0.5201,169.303322,203.968351,173.477478,178.175517,138.168871
2013-04-26,8.6721,0.3594,0.0805,0.000319,0.7187,1.0781,0.7067,1.0581,169.911743,205.434342,175.347742,179.4347,139.630834
2013-04-29,8.6643,-0.0895,0.0802,0.000318,-0.179,-0.2685,-0.191,-0.2885,169.759698,205.066679,174.877015,179.091991,139.228061
2013-04-30,8.7575,1.0752,0.0801,0.000318,2.1505,3.2257,2.1385,3.2057,171.585036,209.476629,180.518099,182.921821,143.691354
2013-05-02,8.7808,0.266,0.08,0.000317,0.5319,0.7979,0.5199,0.7779,172.041393,210.590901,181.958448,183.872847,144.809126
2013-05-03,8.7963,0.1768,0.0799,0.000317,0.3536,0.5305,0.3416,0.5105,172.345595,211.335629,182.923657,184.500982,145.548314
2013-05-06,8.8351,0.4413,0.0796,0.000316,0.8826,1.324,0.8706,1.304,173.106191,213.200963,185.345495,186.107281,147.446211
2013-05-07,8.8662,0.3515,0.0796,0.000316,0.703,1.0545,0.6909,1.0345,173.71463,214.699695,187.299871,187.393179,148.971474
2013-05-08,8.9827,1.3135,0.0795,0.000315,2.627,3.9405,2.6149,3.9205,175.996344,220.339787,194.680332,192.29341,154.811835
2013-05-09,9.037,0.605,0.0794,0.000315,1.21,1.815,1.198,1.795,177.061123,223.0059,198.213783,194.597046,157.590717
2013-05-10,8.9904,-0.5154,0.0793,0.000315,-1.0309,-1.5463,-1.0429,-1.5663,176.148482,220.706985,195.148774,192.567598,155.122359
2013-05-13,8.9671,-0.2591,0.0791,0.000314,-0.5181,-0.7772,-0.5302,-0.7972,175.692143,219.563436,193.632087,191.5467,153.885743
2013-05-14,8.9904,0.2597,0.079,0.000313,0.5195,0.7792,0.5075,0.7592,176.148482,220.704015,195.140895,192.518715,155.054076
2013-05-15,8.9982,0.0864,0.0789,0.000313,0.1727,0.2591,0.1607,0.2391,176.300601,221.085208,195.646457,192.828088,155.424786
2013-05-16,9.1146,1.2942,0.0788,0.000313,2.5885,3.8827,2.5764,3.8627,178.582334,226.807903,203.242793,197.796184,161.428371
2013-05-17,9.0681,-0.5111,0.0787,0.000312,-1.0222,-1.5333,-1.0342,-1.5533,177.6696,224.489474,200.126473,195.750539,158.920921
2013-05-20,9.0525,-0.1712,0.0785,0.000311,-0.3425,-0.5137,-0.3545,-0.5337,177.365361,223.72065,199.098393,195.056614,158.072755
2013-05-21,9.0525,0.0,0.0784,0.000311,0.0,0.0,-0.012,-0.02,177.365361,223.72065,199.098393,195.033173,158.041161
2013-05-22,9.0448,-0.0858,0.0783,0.000311,-0.1715,-0.2573,-0.1835,-0.2773,177.213261,223.336944,198.586179,194.675233,157.602986
2013-05-23,8.8507,-2.1459,0.0782,0.000311,-4.2918,-6.4378,-4.3039,-6.4577,173.410411,213.751692,185.801694,186.2967,147.425399
2013-05-24,8.8274,-0.2631,0.0782,0.00031,-0.5263,-0.7894,-0.5383,-0.8094,172.95409,212.626739,184.334912,185.293853,146.232108
2013-05-27,8.905,0.8795,0.0779,0.000309,1.759,2.6385,1.747,2.6185,174.475208,216.36681,189.198545,188.530879,150.061186
2013-05-28,8.874,-0.3487,0.0778,0.000309,-0.6975,-1.0462,-0.7095,-1.0662,173.86675,214.857711,187.219133,187.193276,148.461246
2013-05-29,8.9516,0.8749,0.0778,0.000309,1.7498,2.6247,1.7378,2.6047,175.387886,218.617232,192.132997,190.446241,152.328182
2013-05-30,8.8429,-1.2142,0.0777,0.000308,-2.4284,-3.6427,-2.4405,-3.6626,173.258291,213.308245,185.134246,185.798488,146.748947
2013-05-31,8.8429,0.0,0.0776,0.000308,0.0,0.0,-0.012,-0.02,173.258291,213.308245,185.134246,185.776165,146.719625
2013-06-03,8.8041,-0.439,0.0773,0.000307,-0.8779,-1.3169,-0.8899,-1.3369,172.497751,211.435555,182.696232,184.12287,144.758177
2013-06-04,8.7886,-0.1764,0.0773,0.000307,-0.3528,-0.5291,-0.3648,-0.5491,172.193494,210.689682,181.729496,183.451227,143.963269
2013-06-05,8.7886,0.0,0.0772,0.000306,0.0,0.0,-0.012,-0.02,172.193494,210.689682,181.729496,183.42919,143.934509
2013-06-06,8.6799,-1.2368,0.0771,0.000306,-2.4735,-3.7103,-2.4855,-3.7303,170.063862,205.478202,174.986786,178.869974,138.565353
2013-06-07,8.7032,0.2683,0.077,0.000306,0.5367,0.805,0.5247,0.7851,170.52022,206.580982,176.39549,179.808465,139.653172
2013-06-10,8.773,0.8029,0.0768,0.000305,1.6058,2.4086,1.5937,2.3887,171.889293,209.898178,180.644223,182.674161,142.98902
2013-06-11,8.7497,-0.2655,0.0767,0.000304,-0.531,-0.7965,-0.543,-0.8165,171.432917,208.783593,179.20536,181.682199,141.821526
2013-06-13,8.5401,-2.3957,0.0765,0.000304,-4.7915,-7.1872,-4.8035,-7.2072,167.325828,198.779766,166.325472,172.95511,131.600173
2013-06-14,8.5091,-0.3636,0.0764,0.000303,-0.7273,-1.0909,-0.7393,-1.1108,166.717389,197.334137,164.511066,171.67652,130.138294
2013-06-17,8.5634,0.6387,0.0762,0.000302,1.2774,1.9161,1.2654,1.8961,167.782204,199.854865,167.663238,173.848883,132.605866
2013-06-18,8.6022,0.4533,0.0761,0.000302,0.9066,1.3599,0.8946,1.34,168.542782,201.666798,169.943353,175.404164,134.382743
2013-06-19,8.5867,-0.1805,0.076,0.000302,-0.3611,-0.5416,-0.3731,-0.5616,168.238506,200.938647,169.02294,174.749776,133.628092
2013-06-20,8.4237,-1.8987,0.0759,0.000301,-3.7974,-5.6961,-3.8094,-5.7161,165.04417,193.308223,159.395251,168.092862,125.98984
2013-06-21,8.3227,-1.1982,0.0759,0.000301,-2.3964,-3.5946,-2.4084,-3.6146,163.066602,188.675764,153.665602,164.044482,121.435832
2013-06-24,8.2917,-0.3731,0.0756,0.0003,-0.7462,-1.1194,-0.7583,-1.1393,162.458162,187.267777,151.945515,162.80061,120.05227
2013-06-25,8.2296,-0.7491,0.0755,0.0003,-1.4981,-2.2472,-1.5101,-2.2671,161.241264,184.462307,148.531058,160.342138,117.330537
2013-06-26,8.3383,1.3208,0.0755,0.000299,2.6415,3.9623,2.6295,3.9424,163.370896,189.334965,154.416334,164.558401,121.956125
2013-06-27,8.4392,1.2104,0.0754,0.000299,2.4208,3.6313,2.4088,3.6113,165.348372,193.918465,160.023596,168.522343,126.360325
2013-06-28,8.5557,1.3799,0.0753,0.000299,2.7598,4.1398,2.7478,4.1198,167.630048,199.270307,166.648193,173.153061,131.566117
2013-07-01,8.6333,0.9074,0.075,0.000298,1.8149,2.7223,1.8029,2.7024,169.151203,202.886854,171.184928,176.274822,135.121537
2013-07-02,8.6178,-0.1799,0.075,0.000297,-0.3598,-0.5397,-0.3718,-0.5596,168.846927,202.156933,170.261126,175.619483,134.365381
2013-07-03,8.5168,-1.1712,0.0749,0.000297,-2.3423,-3.5135,-2.3543,-3.5334,166.869471,197.421797,164.279068,171.484855,129.617688
2013-07-04,8.5324,0.1823,0.0748,0.000297,0.3646,0.5469,0.3526,0.5269,167.173672,198.141592,165.177505,172.089501,130.300693
2013-07-05,8.7032,2.0018,0.0747,0.000296,4.0037,6.0055,3.9917,5.9856,170.52022,206.074545,175.09727,178.958756,138.099919
2013-07-08,8.5401,-1.8733,0.0745,0.000295,-3.7466,-5.62,-3.7586,-5.6399,167.325828,198.353668,165.256866,172.232332,130.311194
2013-07-09,8.6411,1.1818,0.0744,0.000295,2.3636,3.5455,2.3516,3.5255,169.303322,203.042043,171.115993,176.282622,134.90533
2013-07-10,8.6643,0.2696,0.0743,0.000295,0.5391,0.8087,0.5271,0.7887,169.759698,204.136689,172.499781,177.211846,135.969367
2013-07-11,8.8817,2.5089,0.0742,0.000295,5.0179,7.5268,5.0059,7.5069,174.018869,214.380027,185.483533,186.082859,146.176409
2013-07-12,8.905,0.2622,0.0741,0.000294,0.5245,0.7867,0.5125,0.7668,174.475208,215.504387,186.942743,187.036478,147.29722
2013-07-15,8.9283,0.2616,0.0739,0.000293,0.5231,0.7847,0.5111,0.7647,174.931565,216.631734,188.409647,187.992461,148.423645
2013-07-16,8.9283,0.0,0.0738,0.000293,0.0,0.0,-0.012,-0.02,174.931565,216.631734,188.409647,187.969903,148.394033
2013-07-17,8.9438,0.1739,0.0737,0.000293,0.3478,0.5217,0.3358,0.5017,175.235767,217.385168,189.392564,188.601098,149.138587
2013-07-18,8.8817,-0.6944,0.0736,0.000292,-1.3889,-2.0833,-1.4009,-2.1033,174.018869,214.365972,185.446942,185.959046,146.001825
2013-07-19,8.6876,-2.1853,0.0736,0.000292,-4.3707,-6.556,-4.3827,-6.5759,170.215982,204.996762,173.289056,177.809095,136.400832
2013-07-22,8.7187,0.3575,0.0733,0.000291,0.715,1.0725,0.703,1.0525,170.824477,206.462425,175.1475,179.059042,137.836459
2013-07-23,8.8584,1.6029,0.0732,0.000291,3.2057,4.8086,3.1937,4.7886,173.562548,213.081018,183.56959,184.777679,144.436928
2013-07-24,8.8351,-0.2629,0.0732,0.00029,-0.5259,-0.7888,-0.5379,-0.8088,173.106191,211.960487,182.121581,183.78382,143.268791
2013-07-25,8.8507,0.1757,0.0731,0.00029,0.3515,0.5272,0.3395,0.5073,173.410411,212.705493,183.081771,184.407742,143.995566
2013-07-26,8.8351,-0.1754,0.073,0.00029,-0.3509,-0.5263,-0.3629,-0.5462,173.106191,211.95918,182.118212,183.738595,143.208998
2013-07-29,8.773,-0.703,0.0727,0.000289,-1.406,-2.1089,-1.418,-2.1289,171.889293,208.979128,178.277461,181.133273,140.160257
2013-07-30,8.8429,0.7964,0.0727,0.000288,1.5929,2.3893,1.5809,2.3694,173.258291,212.307923,182.53709,183.996789,143.481191
2013-07-31,8.7886,-0.6146,0.0726,0.000288,-1.2291,-1.8437,-1.2411,-1.8637,172.193494,209.698352,179.171624,181.713134,140.807193
2013-08-01,8.7265,-0.7067,0.0725,0.000288,-1.4134,-2.1201,-1.4254,-2.1401,170.976596,206.73446,175.372986,179.122992,137.793847
2013-08-02,8.7808,0.6228,0.0724,0.000287,1.2455,1.8683,1.2336,1.8484,172.041393,209.309436,178.649516,181.332571,140.340802
2013-08-05,8.8041,0.2653,0.0722,0.000286,0.5305,0.7958,0.5185,0.7758,172.497751,210.419866,180.071176,182.272831,141.429627
2013-08-06,8.6799,-1.411,0.0721,0.000286,-2.8219,-4.2329,-2.8339,-4.2528,170.063862,204.48195,172.448933,177.107348,135.414848
2013-08-07,8.5557,-1.4311,0.072,0.000286,-2.8622,-4.2934,-2.8742,-4.3133,167.630048,198.629195,165.045091,172.016879,129.574013
2013-08-08,8.5246,-0.363,0.0719,0.000285,-0.726,-1.0889,-0.7379,-1.1089,167.02159,197.187239,163.247864,170.747489,128.13721
2013-08-09,8.5168,-0.0911,0.0718,0.000285,-0.1822,-0.2732,-0.1941,-0.2932,166.869471,196.828052,162.801818,170.415988,127.761553
2013-08-12,8.5401,0.2735,0.0716,0.000284,0.547,0.8204,0.535,0.8005,167.325828,197.90463,164.137518,171.327668,128.7843
2013-08-13,8.6255,1.0,0.0715,0.000284,2.0,3.0,1.988,2.9801,168.999084,201.862716,169.061635,174.733673,132.622152
2013-08-14,8.6022,-0.27,0.0714,0.000283,-0.54,-0.81,-0.552,-0.8299,168.542782,200.772647,167.692223,173.769153,131.521469
2013-08-15,8.5401,-0.722,0.0713,0.000283,-1.4441,-2.1661,-1.4561,-2.1861,167.325828,197.873312,164.059786,171.238938,128.646324
2013-08-16,8.5789,0.4546,0.0713,0.000283,0.9091,1.3637,0.8972,1.3438,168.086443,199.672261,166.297091,172.775213,130.375051
2013-08-19,8.5557,-0.2715,0.071,0.000282,-0.543,-0.8146,-0.555,-0.8345,167.630048,198.587945,164.942482,171.816248,129.287071
2013-08-20,8.478,-0.9074,0.0709,0.000281,-1.8149,-2.7223,-1.8268,-2.7422,166.10893,194.98387,160.452292,168.677443,125.741755
2013-08-22,8.4081,-0.8242,0.0708,0.000281,-1.6484,-2.4725,-1.6603,-2.4925,164.739895,191.769836,156.485047,165.876813,122.607686
2013-08-23,8.5168,1.2927,0.0707,0.00028,2.5854,3.8781,2.5734,3.8581,166.869471,196.727815,162.553646,170.145475,127.338066
2013-08-26,8.5557,0.4558,0.0704,0.00028,0.9116,1.3674,0.8996,1.3475,167.630048,198.521153,164.776365,171.6761,129.053885
2013-08-27,8.478,-0.9074,0.0704,0.000279,-1.8149,-2.7223,-1.8268,-2.7422,166.10893,194.918291,160.290697,168.539859,125.51497
2013-08-28,8.5013,0.2747,0.0703,0.000279,0.5494,0.8241,0.5374,0.8042,166.565251,195.989217,161.611708,169.445656,126.524376
2013-08-29,8.6178,1.3698,0.0702,0.000279,2.7397,4.1095,2.7277,4.0896,168.846927,201.358692,168.253171,174.067615,131.698712
2013-08-30,8.6721,0.6306,0.0701,0.000278,1.2613,1.8919,1.2493,1.872,169.911743,203.898388,171.436385,176.242233,134.164109
2013-09-02,8.742,0.8058,0.0699,0.000277,1.6116,2.4173,1.5996,2.3974,171.280853,207.184321,175.580572,179.061352,137.380576
2013-09-03,8.7963,0.6216,0.0698,0.000277,1.2433,1.8649,1.2313,1.845,172.345595,209.760181,178.854981,181.26611,139.915227
2013-09-04,8.7808,-0.1765,0.0697,0.000277,-0.353,-0.5295,-0.365,-0.5494,172.041393,209.0197,177.907909,180.604496,139.14648
2013-09-05,8.8351,0.6189,0.0696,0.000276,1.2378,1.8568,1.2259,1.8368,173.106191,211.607027,181.211228,182.818447,141.702378
2013-09-06,8.8507,0.1757,0.0695,0.000276,0.3515,0.5272,0.3395,0.5073,173.410411,212.35079,182.166619,183.439118,142.421246
2013-09-09,8.8817,0.3509,0.0693,0.000275,0.7018,1.0526,0.6898,1.0327,174.018869,213.840973,184.084165,184.704433,143.892056
2013-09-10,8.905,0.2622,0.0692,0.000275,0.5245,0.7867,0.5125,0.7668,174.475208,214.962506,185.532366,185.651024,144.995408
2013-09-11,8.9283,0.2616,0.0691,0.000274,0.5231,0.7847,0.5111,0.7648,174.931565,216.087019,186.988202,186.59996,146.104285
2013-09-12,8.9361,0.0869,0.069,0.000274,0.1739,0.2608,0.1619,0.2409,175.083666,216.462788,187.475953,186.902097,146.456298
2013-09-13,8.8662,-0.7819,0.069,0.000274,-1.5639,-2.3458,-1.5758,-2.3657,173.71463,213.077603,183.078148,183.956811,142.991568
2013-09-16,8.9749,1.2259,0.0687,0.000273,2.4519,3.6778,2.4399,3.6579,175.844262,218.301997,189.811416,188.445163,148.222057
2013-09-17,8.9671,-0.0865,0.0686,0.000272,-0.173,-0.2595,-0.185,-0.2794,175.692143,217.9243,189.31881,188.09655,147.807875
2013-09-18,8.9361,-0.3463,0.0685,0.000272,-0.6927,-1.039,-0.7046,-1.0589,175.083666,216.41482,187.3518,186.771145,146.242733
2013-09-23,9.0059,0.7819,0.0681,0.00027,1.5639,2.3458,1.5519,2.3259,176.452702,219.799255,191.746692,189.669623,149.644179
2013-09-24,9.0137,0.0862,0.0681,0.00027,0.1724,0.2586,0.1604,0.2387,176.604821,220.178231,192.242604,189.973935,150.001416
2013-09-25,8.9749,-0.4307,0.068,0.00027,-0.8613,-1.292,-0.8733,-1.3119,175.844262,218.281811,189.758893,188.314916,148.033589
2013-09-26,8.8895,-0.9516,0.0679,0.000269,-1.9031,-2.8547,-1.9151,-2.8746,174.171007,214.127666,184.34191,184.708522,143.77826
2013-09-27,8.9128,0.262,0.0678,0.000269,0.5239,0.7859,0.512,0.766,174.62729,215.249585,185.790695,185.65418,144.87963
2013-09-30,8.874,-0.4355,0.0676,0.000268,-0.871,-1.3066,-0.883,-1.3265,173.86675,213.374666,183.363217,184.01482,142.957849
2013-10-01,8.874,0.0,0.0675,0.000268,0.0,0.0,-0.012,-0.0199,173.86675,213.374666,183.363217,183.992786,142.929399
2013-10-02,8.905,0.35,0.0674,0.000267,0.6999,1.0499,0.6879,1.03,174.475208,214.868104,185.288293,185.258545,144.401529
2013-10-03,9.0913,2.0924,0.0673,0.000267,4.1848,6.2772,4.1728,6.2573,178.125939,223.859933,196.919246,192.989087,153.437196
2013-10-04,9.0758,-0.1708,0.0672,0.000267,-0.3416,-0.5124,-0.3536,-0.5323,177.8217,223.095229,195.910234,192.306731,152.620453
2013-10-07,8.9904,-0.941,0.067,0.000266,-1.8819,-2.8229,-1.8939,-2.8428,176.148482,218.896787,190.379966,188.664676,148.281828
2013-10-08,9.0603,0.7772,0.0669,0.000265,1.5544,2.3316,1.5424,2.3117,177.51748,222.29925,194.818775,191.574634,151.709595
2013-10-09,9.037,-0.2571,0.0668,0.000265,-0.5142,-0.7712,-0.5261,-0.7911,177.061123,221.156287,193.316269,190.566709,150.509377
2013-10-11,9.0758,0.4296,0.0667,0.000265,0.8591,1.2887,0.8471,1.2688,177.8217,223.056269,195.807477,192.18108,152.419003
2013-10-14,9.0059,-0.7699,0.0664,0.000264,-1.5397,-2.3096,-1.5517,-2.3295,176.452702,219.621777,191.285079,189.198981,148.868393
2013-10-15,9.0836,0.862,0.0663,0.000263,1.7241,2.5861,1.7121,2.5662,177.973801,223.408247,196.231961,192.43829,152.688711
2013-10-16,9.0448,-0.4273,0.0662,0.000263,-0.8547,-1.282,-0.8666,-1.3019,177.213261,221.498854,193.716271,190.770553,150.700874
2013-10-17,9.0913,0.515,0.0662,0.000263,1.03,1.5451,1.0181,1.5252,178.125939,223.780367,196.709285,192.712721,152.999304
2013-10-18,9.169,0.854,0.0661,0.000262,1.708,2.562,1.696,2.5421,179.647131,227.602527,201.748966,195.981182,156.888706
2013-10-21,9.1612,-0.0847,0.0658,0.000261,-0.1694,-0.2541,-0.1814,-0.274,179.494974,227.21698,201.236337,195.625746,156.458863
2013-10-22,9.1612,0.0,0.0658,0.000261,0.0,0.0,-0.012,-0.0199,179.494974,227.21698,201.236337,195.602335,156.427748
2013-10-23,9.1146,-0.5084,0.0657,0.000261,-1.0169,-1.5253,-1.0289,-1.5452,178.582334,224.906414,198.166784,193.58985,154.010574
2013-10-24,9.1464,0.3487,0.0656,0.00026,0.6974,1.0462,0.6855,1.0263,179.205087,226.475004,200.239928,194.916859,155.591147
2013-10-25,9.0749,-0.782,0.0655,0.00026,-1.5639,-2.3459,-1.5759,-2.3657,177.80379,222.933154,195.54259,191.845223,151.910265
2013-10-28,9.1385,0.7005,0.0653,0.000259,1.4011,2.1016,1.3891,2.0817,179.04937,226.056611,199.652133,194.510161,155.072622
2013-10-29,9.1782,0.4348,0.0652,0.000259,0.8695,1.3043,0.8576,1.2844,179.827821,228.022258,202.256209,196.178227,157.064412
2013-10-30,9.2021,0.2598,0.0651,0.000258,0.5195,0.7793,0.5075,0.7594,180.294933,229.206856,203.83232,197.17392,158.257133
2013-10-31,9.2021,0.0,0.065,0.000258,0.0,0.0,-0.012,-0.0199,180.294933,229.206856,203.83232,197.150329,158.225669
2013-11-01,9.1544,-0.5181,0.0649,0.000258,-1.0362,-1.5543,-1.0482,-1.5742,179.360803,226.831759,200.66408,195.083823,155.734855
2013-11-04,9.1146,-0.434,0.0647,0.000257,-0.8681,-1.3021,-0.88,-1.322,178.582315,224.862702,198.051225,193.367022,153.676067
2013-11-05,9.0272,-0.959,0.0646,0.000256,-1.9181,-2.8771,-1.93,-2.897,176.86966,220.549708,192.353123,189.635001,149.224128
2013-11-06,9.0272,0.0,0.0645,0.000256,0.0,0.0,-0.012,-0.0199,176.86966,220.549708,192.353123,189.612316,149.194467
2013-11-07,9.0034,-0.2641,0.0644,0.000256,-0.5282,-0.7923,-0.5401,-0.8121,176.402567,219.384814,190.829174,188.588145,147.982795
2013-11-08,8.9716,-0.3531,0.0644,0.000255,-0.7061,-1.0592,-0.7181,-1.079,175.779776,217.835735,188.808003,187.233963,146.386019
2013-11-11,8.9478,-0.2657,0.0641,0.000254,-0.5314,-0.7971,-0.5434,-0.817,175.312721,216.678134,187.302986,186.216588,145.190062
2013-11-12,8.9796,0.3552,0.064,0.000254,0.7104,1.0657,0.6985,1.0458,175.935474,218.21752,189.299023,187.517289,146.708459
2013-11-13,8.8604,-1.3274,0.0639,0.000254,-2.6549,-3.9823,-2.6668,-4.0022,173.600047,212.424134,181.760565,182.516526,140.836931
2013-11-14,8.8842,0.269,0.0639,0.000253,0.5381,0.8071,0.5261,0.7873,174.067103,213.567151,183.227597,183.476786,141.945672
2013-11-15,8.9239,0.4473,0.0638,0.000253,0.8945,1.3418,0.8826,1.3219,174.845628,215.477534,185.686086,185.096065,143.822046
2013-11-18,8.9716,0.5343,0.0635,0.000252,1.0685,1.6028,1.0566,1.5829,175.779776,217.779999,188.662283,187.051757,146.098666
2013-11-19,9.0272,0.62,0.0635,0.000252,1.2401,1.8601,1.2281,1.8402,176.86966,220.480592,192.171558,189.348935,148.787195
2013-11-20,8.9716,-0.6162,0.0634,0.000251,-1.2324,-1.8486,-1.2444,-1.8685,175.779776,217.763358,188.619034,186.99273,146.007122
2013-11-21,8.8127,-1.7715,0.0633,0.000251,-3.5429,-5.3144,-3.5549,-5.3342,172.665917,210.0482,178.595132,180.345387,138.218764
2013-11-22,8.8206,0.0901,0.0632,0.000251,0.1803,0.2704,0.1683,0.2505,172.82154,210.426831,179.078033,180.648912,138.565032
2013-11-25,8.9398,1.3514,0.063,0.00025,2.7027,4.0541,2.6908,4.0343,175.157005,216.114135,186.338071,185.509796,144.1551
2013-11-26,9.0113,0.8,0.0629,0.00025,1.6,2.4,1.588,2.3801,176.558246,219.571925,190.810138,188.455742,147.58615
2013-11-27,9.059,0.5291,0.0628,0.000249,1.0582,1.5873,1.0463,1.5675,177.492432,221.895475,193.838919,190.427484,149.89951
2013-11-28,9.1146,0.614,0.0627,0.000249,1.2281,1.8421,1.2161,1.8223,178.582315,224.620551,197.409694,192.743339,152.631087
2013-11-29,9.1464,0.3487,0.0626,0.000249,0.6975,1.0462,0.6855,1.0263,179.205087,226.187193,199.47498,194.064608,154.197587
2013-12-02,9.1305,-0.1738,0.0624,0.000248,-0.3475,-0.5213,-0.3595,-0.5411,178.89371,225.401173,198.435191,193.367018,153.363188
2013-12-03,9.1385,0.087,0.0623,0.000247,0.174,0.261,0.1621,0.2412,179.04937,225.793429,198.953182,193.680412,153.733067
2013-12-04,9.1305,-0.0869,0.0622,0.000247,-0.1739,-0.2608,-0.1858,-0.2807,178.89371,225.400832,198.43429,193.320501,153.301584
2013-12-05,9.0749,-0.6093,0.0621,0.000247,-1.2185,-1.8278,-1.2305,-1.8476,177.80379,222.654296,194.807372,190.94176,150.469144
2013-12-06,9.0829,0.0876,0.0621,0.000246,0.1752,0.2628,0.1632,0.2429,177.959524,223.044333,195.319256,191.253422,150.834644
2013-12-09,9.1623,0.8749,0.0618,0.000245,1.7498,2.6247,1.7378,2.6048,179.516482,226.947137,200.445766,194.577094,154.763625
2013-12-10,9.1862,0.2602,0.0617,0.000245,0.5204,0.7806,0.5084,0.7607,179.983556,228.1281,202.010353,195.566359,155.94091
2013-12-11,9.1941,0.0865,0.0616,0.000245,0.173,0.2594,0.161,0.2396,180.139198,228.52265,202.534422,195.881221,156.314501
2013-12-12,9.1226,-0.7779,0.0616,0.000244,-1.5557,-2.3336,-1.5677,-2.3535,178.737957,224.967451,197.808083,192.810425,152.635716
2013-12-13,9.1146,-0.0871,0.0615,0.000244,-0.1742,-0.2612,-0.1861,-0.2811,178.582315,224.575656,197.29134,192.451592,152.206676
2013-12-16,9.0431,-0.7847,0.0612,0.000243,-1.5693,-2.354,-1.5813,-2.3739,177.181036,221.051309,192.647093,189.408383,148.593509
2013-12-17,9.0908,0.5272,0.0612,0.000243,1.0545,1.5817,1.0425,1.5619,178.115222,223.382291,195.694285,191.383059,150.914387
2013-12-18,9.059,-0.3497,0.0611,0.000242,-0.6993,-1.049,-0.7113,-1.0688,177.492432,221.820152,193.641514,190.021827,149.301388
2013-12-19,9.1146,0.614,0.061,0.000242,1.2281,1.8421,1.2161,1.8223,178.582315,224.544303,197.208652,192.332761,152.022086
2013-12-20,9.1305,0.1744,0.0609,0.000242,0.3487,0.5231,0.3368,0.5033,178.89371,225.327382,198.240275,192.980525,152.787158
2013-12-23,9.1941,0.6962,0.0607,0.000241,1.3924,2.0886,1.3805,2.0688,180.139198,228.464916,202.38082,195.644595,155.948024
2013-12-24,9.1862,-0.0864,0.0606,0.00024,-0.1728,-0.2592,-0.1847,-0.279,179.983556,228.070125,201.856244,195.283145,155.512853
2013-12-25,9.1941,0.0865,0.0605,0.00024,0.173,0.2594,0.161,0.2396,180.139198,228.464574,202.379913,195.59756,155.885433
2013-12-26,9.1941,0.0,0.0604,0.00024,0.0,0.0,-0.0119,-0.0198,180.139198,228.464574,202.379913,195.574193,155.854498
2013-12-27,9.2656,0.7779,0.0603,0.000239,1.5558,2.3338,1.5439,2.3139,181.540532,232.019106,207.102959,198.593643,159.460829
2013-12-30,9.3451,0.8576,0.0601,0.000238,1.7152,2.5728,1.7033,2.553,183.097453,235.998771,212.431402,201.976262,163.531873
2013-12-31,9.3292,-0.17,0.06,0.000238,-0.3401,-0.5101,-0.352,-0.53,182.786113,235.196186,211.347746,201.265255,162.665216
2014-01-02,9.3292,0.0,0.0598,0.000237,0.0,0.0,-0.0119,-0.0198,182.786113,235.196186,211.347746,201.241216,162.632944
2014-01-03,9.2177,-1.1956,0.0598,0.000237,-2.3911,-3.5867,-2.4031,-3.6065,180.60078,229.572322,203.767324,196.405228,156.767513
2014-01-06,9.1938,-0.2592,0.0595,0.000236,-0.5185,-0.7777,-0.5304,-0.7976,180.132584,228.382018,202.182562,195.363435,155.517185
2014-01-07,9.1938,0.0,0.0594,0.000236,0.0,0.0,-0.0119,-0.0198,180.132584,228.382018,202.182562,195.340105,155.486335
2014-01-08,9.2097,0.1733,0.0593,0.000235,0.3466,0.5199,0.3346,0.5,180.444739,229.173555,203.233662,195.993796,156.26383
2014-01-09,9.1699,-0.4325,0.0593,0.000235,-0.865,-1.2976,-0.877,-1.3174,179.664275,227.1911,200.596568,194.274957,154.205206
2014-01-10,9.1699,0.0,0.0592,0.000235,0.0,0.0,-0.0119,-0.0198,179.664275,227.1911,200.596568,194.251758,154.174619
2014-01-13,9.2256,0.6082,0.0589,0.000234,1.2163,1.8245,1.2044,1.8046,180.756914,229.954452,204.256386,196.59127,156.956908
2014-01-14,9.2097,-0.1727,0.0588,0.000234,-0.3454,-0.5181,-0.3573,-0.5379,180.444739,229.160171,203.198109,195.888756,156.112567
2014-01-15,9.3053,1.0381,0.0588,0.000233,2.0761,3.1142,2.0642,3.0943,182.317861,233.917803,209.526054,199.932246,160.943226
2014-01-16,9.3292,0.2568,0.0587,0.000233,0.5137,0.7705,0.5017,0.7507,182.786113,235.119359,211.140449,200.93536,162.151375
2014-01-17,9.3451,0.1708,0.0586,0.000233,0.3417,0.5125,0.3297,0.4927,183.098362,235.922656,212.222508,201.597876,162.950218
2014-01-20,9.369,0.2557,0.0584,0.000232,0.5115,0.7672,0.4995,0.7474,183.566615,237.129345,213.85071,202.604935,164.168086
2014-01-21,9.3292,-0.4252,0.0583,0.000231,-0.8504,-1.2756,-0.8623,-1.2954,182.786113,235.112858,211.122913,200.857849,162.041471
2014-01-22,9.3451,0.1708,0.0582,0.000231,0.3417,0.5125,0.3297,0.4927,183.098362,235.916134,212.204882,201.520113,162.839778
2014-01-23,9.3212,-0.2558,0.0581,0.000231,-0.5116,-0.7674,-0.5235,-0.7872,182.630017,234.709238,210.576491,200.465125,161.557913
2014-01-24,9.3451,0.2564,0.058,0.00023,0.5129,0.7693,0.501,0.7495,183.098362,235.913039,212.19653,201.469362,162.768805
2014-01-27,9.1778,-1.7903,0.0578,0.000229,-3.5806,-5.3708,-3.5925,-5.3907,179.820391,227.466034,200.799799,194.231587,153.99449
2014-02-05,8.891,-3.125,0.057,0.000226,-6.2501,-9.3751,-6.262,-9.3949,174.200951,213.249276,181.974644,182.068824,139.526855
2014-02-06,8.9229,0.3584,0.057,0.000226,0.7168,1.0752,0.7049,1.0554,174.8253,214.777878,183.931275,183.352194,140.999428
2014-02-07,9.0185,1.0715,0.0569,0.000226,2.1429,3.2144,2.131,3.1946,176.698478,219.380382,189.843507,187.259396,145.503731
2014-02-10,9.0185,0.0,0.0566,0.000225,0.0,0.0,-0.0119,-0.0198,176.698478,219.380382,189.843507,187.237054,145.4749
2014-02-11,9.0743,0.6184,0.0565,0.000224,1.2367,1.8551,1.2248,1.8353,177.791135,222.093564,193.365335,189.530365,148.144812
2014-02-12,9.1699,1.0536,0.0565,0.000224,2.1071,3.1607,2.0952,3.1409,179.664275,226.773352,199.477007,193.501394,152.797853
2014-02-13,9.146,-0.2607,0.0564,0.000224,-0.5213,-0.782,-0.5333,-0.8018,179.195948,225.591101,197.91709,192.469517,151.572695
2014-02-14,9.2336,0.9582,0.0563,0.000223,1.9164,2.8747,1.9045,2.8549,180.913048,229.91444,203.606561,196.135136,155.899886
2014-02-17,9.2336,0.0,0.0561,0.000222,0.0,0.0,-0.0119,-0.0198,180.913048,229.91444,203.606561,196.11174,155.869003
2014-02-18,9.2655,0.3451,0.056,0.000222,0.6902,1.0353,0.6783,1.0155,181.537378,231.501308,205.714497,197.441908,157.451836
2014-02-19,9.2655,0.0,0.0559,0.000222,0.0,0.0,-0.0119,-0.0198,181.537378,231.501308,205.714497,197.418357,157.420647
2014-02-20,9.1858,-0.8598,0.0558,0.000221,-1.7197,-2.5795,-1.7316,-2.5993,179.976468,227.52028,200.408123,193.999892,153.328823
2014-02-21,9.2734,0.954,0.0557,0.000221,1.908,2.862,1.8961,2.8422,181.693456,231.861398,206.143844,197.678296,157.686755
2014-02-24,9.2256,-0.5155,0.0555,0.00022,-1.0309,-1.5464,-1.0428,-1.5662,180.756914,229.471131,202.956128,195.616848,155.217127
2014-02-25,9.2655,0.4318,0.0554,0.00022,0.8636,1.2953,0.8516,1.2755,181.537378,231.452731,205.585072,197.28277,157.196955
2014-02-26,9.3053,0.4299,0.0553,0.00022,0.8599,1.2898,0.8479,1.27,182.317861,233.442898,208.236685,198.955596,159.193333
2014-02-27,9.2894,-0.1712,0.0552,0.000219,-0.3424,-0.5136,-0.3544,-0.5334,182.005705,232.643519,207.167087,198.250585,158.344118
2014-03-03,9.2336,-0.6003,0.0549,0.000218,-1.2007,-1.801,-1.2126,-1.8208,180.913048,229.850204,203.435952,195.846581,155.460944
2014-03-04,9.1938,-0.4314,0.0548,0.000218,-0.8628,-1.2942,-0.8747,-1.314,180.132584,227.867043,200.803066,194.133453,153.418173
2014-03-05,9.2894,1.0399,0.0547,0.000217,2.0797,3.1196,2.0678,3.0998,182.005705,232.606027,207.067261,198.147726,158.173786
2014-03-06,9.4248,1.458,0.0547,0.000217,2.9159,4.3739,2.904,4.3541,184.659272,239.388623,216.124123,203.901922,165.060792
2014-03-07,9.4646,0.4227,0.0546,0.000217,0.8454,1.268,0.8334,1.2482,185.439792,241.412325,218.864672,205.601322,167.121157
2014-03-10,9.4089,-0.5892,0.0543,0.000216,-1.1785,-1.7677,-1.1904,-1.7875,184.347098,238.567305,214.995724,203.153819,164.133814
2014-03-11,9.4567,0.508,0.0542,0.000215,1.0161,1.5241,1.0042,1.5043,185.283658,240.99135,218.27253,205.193814,166.602929
2014-03-12,9.369,-0.9267,0.0542,0.000215,-1.8534,-2.7801,-1.8653,-2.7999,183.566615,236.524764,212.204265,201.366246,161.938168
2014-03-13,9.5204,1.6157,0.0541,0.000215,3.2313,4.847,3.2194,4.8272,186.532431,244.167646,222.489777,207.849037,169.755234
2014-03-14,9.4248,-1.0042,0.054,0.000214,-2.0084,-3.0126,-2.0203,-3.0324,184.659272,239.263782,215.787049,203.64982,164.607587
2014-03-17,9.4089,-0.1691,0.0538,0.000213,-0.3381,-0.5072,-0.35,-0.527,184.347098,238.454811,214.692657,202.936988,163.74018
2014-03-18,9.4646,0.5927,0.0537,0.000213,1.1855,1.7782,1.1736,1.7584,185.439792,241.281634,218.51035,205.318567,166.619423
2014-03-19,9.4407,-0.2526,0.0536,0.000213,-0.5051,-0.7577,-0.517,-0.7775,184.971447,240.062875,216.854744,204.256992,165.324009
2014-03-20,9.3212,-1.2658,0.0535,0.000212,-2.5317,-3.7975,-2.5436,-3.8173,182.630017,233.985284,208.619686,199.061542,159.013113
2014-03-21,9.3212,0.0,0.0534,0.000212,0.0,0.0,-0.0119,-0.0198,182.630017,233.985284,208.619686,199.037817,158.981646
2014-03-24,9.3451,0.2564,0.0532,0.000211,0.5129,0.7693,0.501,0.7495,183.098362,235.185372,210.224671,200.034942,160.17329
2014-03-25,9.4248,0.8525,0.0531,0.000211,1.705,2.5575,1.6931,2.5377,184.659272,239.195272,215.601154,203.421691,164.238019
2014-03-26,9.5124,0.9298,0.053,0.00021,1.8597,2.7895,1.8478,2.7697,186.376316,243.643559,221.615419,207.18046,168.786997
2014-03-27,9.5284,0.1675,0.0529,0.00021,0.335,0.5025,0.3231,0.4827,186.688509,244.459798,222.729082,207.849854,169.601791
2014-03-28,9.5443,0.1672,0.0528,0.00021,0.3344,0.5016,0.3225,0.4818,187.000665,245.277305,223.846336,208.520165,170.418993
2014-03-31,9.5762,0.3339,0.0526,0.000209,0.6678,1.0017,0.6559,0.9819,187.62507,246.915292,226.08864,209.887839,172.092394
2014-04-01,9.6558,0.832,0.0525,0.000208,1.6639,2.4959,1.652,2.4761,189.186017,251.023717,231.731474,213.355156,176.353519
2014-04-02,9.6877,0.33,0.0524,0.000208,0.66,0.9901,0.6481,0.9703,189.810365,252.680566,234.025744,214.737959,178.064632
2014-04-03,9.6638,-0.2467,0.0524,0.000208,-0.4934,-0.7401,-0.5053,-0.7599,189.342113,251.433866,232.293756,213.65288,176.711581
2014-04-07,9.6399,-0.2473,0.052,0.000206,-0.4946,-0.7419,-0.5065,-0.7617,188.873842,250.1902,230.570266,212.570637,175.36553
2014-04-08,9.6877,0.4958,0.0519,0.000206,0.9917,1.4875,0.9798,1.4678,189.810365,252.671316,234.000086,214.653361,177.939476
2014-04-09,9.7196,0.329,0.0519,0.000206,0.6579,0.9869,0.646,0.9671,190.43477,254.333704,236.309404,216.040049,179.660348
2014-04-10,9.7514,0.3279,0.0518,0.000205,0.6557,0.9836,0.6438,0.9638,191.059138,256.001443,238.633726,217.430951,181.391945
2014-04-11,9.7435,-0.0817,0.0517,0.000205,-0.1634,-0.2451,-0.1753,-0.2649,190.903041,255.583133,238.04883,217.049767,180.911478
2014-04-14,9.7275,-0.1635,0.0515,0.000204,-0.327,-0.4905,-0.3389,-0.5103,190.590886,254.747298,236.881091,216.314096,179.988252
2014-04-15,9.7753,0.4914,0.0514,0.000204,0.9827,1.4741,0.9708,1.4543,191.52739,257.250797,240.372972,218.414133,182.605883
2014-04-16,9.7674,-0.0815,0.0513,0.000204,-0.163,-0.2445,-0.1749,-0.2642,191.371313,256.831524,239.785324,218.032144,182.123355
2014-04-17,9.7435,-0.2447,0.0512,0.000203,-0.4894,-0.7341,-0.5013,-0.7538,190.903041,255.574629,238.025115,216.939161,180.750421
2014-04-18,9.8072,0.6541,0.0511,0.000203,1.3082,1.9624,1.2963,1.9426,192.151777,258.918159,242.696026,219.751411,184.261659
2014-04-21,9.8072,0.0,0.0509,0.000202,0.0,0.0,-0.0119,-0.0198,192.151777,258.918159,242.696026,219.725243,184.225233
2014-04-22,9.8391,0.325,0.0508,0.000202,0.6499,0.9749,0.638,0.9552,192.776219,260.60099,245.062119,221.127175,185.984864
2014-04-23,9.8231,-0.162,0.0507,0.000201,-0.3239,-0.4859,-0.3358,-0.5056,192.464007,259.756874,243.871444,220.384589,185.044461
2014-04-24,9.8391,0.1622,0.0506,0.000201,0.3244,0.4867,0.3125,0.4669,192.776219,260.599621,245.058256,221.073355,185.908412
2014-04-25,9.6718,-1.7004,0.0505,0.000201,-3.4009,-5.1013,-3.4128,-5.1211,189.498172,251.736933,232.55704,213.528587,176.387874
2014-04-28,9.7594,0.9061,0.0503,0.0002,1.8122,2.7183,1.8003,2.6986,191.215235,256.298961,238.878709,217.372773,181.147817
2014-04-29,9.7753,0.1632,0.0502,0.000199,0.3265,0.4897,0.3146,0.47,191.52739,257.135769,240.048606,218.056608,181.999178
2014-04-30,9.7196,-0.5705,0.0501,0.000199,-1.141,-1.7114,-1.1529,-1.7312,190.43477,254.201967,235.940339,215.542722,178.848419
2014-05-02,9.7674,0.4918,0.05,0.000198,0.9836,1.4754,0.9717,1.4556,191.371313,256.702255,239.421342,217.637104,181.45176
2014-05-05,9.7514,-0.1631,0.0497,0.000197,-0.3263,-0.4894,-0.3382,-0.5091,191.059138,255.864764,238.249674,216.901156,180.527926
2014-05-06,9.8072,0.5719,0.0496,0.000197,1.1438,1.7157,1.1319,1.6959,192.151777,258.791268,242.337217,219.356188,183.589492
2014-05-07,9.7833,-0.2437,0.0496,0.000197,-0.4874,-0.7311,-0.4993,-0.7509,191.683487,257.529877,240.565429,218.2609,182.210949
2014-05-08,9.855,0.7329,0.0495,0.000196,1.4658,2.1987,1.4539,2.1789,193.088337,261.304756,245.85475,221.434194,186.181227
2014-05-09,9.7913,-0.6467,0.0494,0.000196,-1.2935,-1.9402,-1.3054,-1.9599,191.839584,257.9249,241.084725,218.54369,182.532191
2014-05-12,9.7435,-0.4882,0.0492,0.000195,-0.9764,-1.4646,-0.9883,-1.4843,190.903041,255.406572,237.553869,216.383862,179.822819
2014-05-13,9.7913,0.4906,0.0491,0.000195,0.9812,1.4718,0.9693,1.452,191.839584,257.912546,241.050081,218.481205,182.433848
2014-05-14,9.847,0.5696,0.049,0.000194,1.1392,1.7087,1.1273,1.689,192.93226,260.850572,245.168985,220.944045,185.515119
2014-05-15,9.8391,-0.0809,0.0489,0.000194,-0.1618,-0.2426,-0.1737,-0.2624,192.776219,260.428628,244.574119,220.56036,185.028349
2014-05-16,9.855,0.1619,0.0488,0.000194,0.3238,0.4857,0.3119,0.466,193.088337,261.271933,245.762068,221.248319,185.890524
2014-05-19,9.855,0.0,0.0486,0.000193,0.0,0.0,-0.0119,-0.0198,193.088337,261.271933,245.762068,221.221992,185.853809
2014-05-20,9.8948,0.4042,0.0485,0.000192,0.8084,1.2127,0.7965,1.1929,193.868839,263.38416,248.742326,222.984116,188.070877
2014-05-21,9.847,-0.4831,0.0484,0.000192,-0.9662,-1.4493,-0.9781,-1.469,192.93226,260.839345,245.137307,220.803114,185.308026
2014-05-22,9.9825,1.3754,0.0483,0.000192,2.7508,4.1262,2.7389,4.1064,195.585845,268.014501,255.252144,226.850684,192.917597
2014-05-23,9.9984,0.1596,0.0482,0.000191,0.3193,0.4789,0.3074,0.4591,195.898057,268.870159,256.474514,227.547933,193.803357
2014-05-26,10.0462,0.4781,0.048,0.00019,0.9562,1.4342,0.9443,1.4145,196.834599,271.440967,260.152945,229.696568,196.544672
2014-05-27,10.0542,0.0793,0.0479,0.00019,0.1586,0.2379,0.1467,0.2182,196.990714,271.871543,260.77195,230.0336,196.973519
2014-05-28,10.1498,0.9509,0.0478,0.00019,1.9018,2.8527,1.8899,2.8329,198.863873,277.041925,268.210889,234.380953,202.553614
2014-05-29,10.102,-0.471,0.0478,0.000189,-0.942,-1.413,-0.9539,-1.4327,197.927238,274.432227,264.421123,232.145235,199.65158
2014-05-30,10.0542,-0.4732,0.0477,0.000189,-0.9463,-1.4195,-0.9582,-1.4392,196.990714,271.83519,260.667674,229.920757,196.778114
2014-06-03,10.0622,0.0792,0.0473,0.000188,0.1585,0.2377,0.1466,0.218,197.146792,272.265946,261.287264,230.257748,197.206997
2014-06-04,10.102,0.3959,0.0473,0.000188,0.7917,1.1876,0.7798,1.1679,197.927238,274.421585,264.390339,232.053405,199.51012
2014-06-05,10.102,0.0,0.0472,0.000187,0.0,0.0,-0.0119,-0.0197,197.927238,274.421585,264.390339,232.025805,199.470737
2014-06-06,10.1259,0.2366,0.0471,0.000187,0.4732,0.7098,0.4613,0.6901,198.395527,275.720131,266.266958,233.096142,200.847189
2014-06-09,10.1657,0.3934,0.0468,0.000186,0.7868,1.1802,0.7749,1.1605,199.17601,277.889483,269.409419,234.90241,203.177931
2014-06-10,10.2295,0.627,0.0468,0.000186,1.2539,1.8809,1.242,1.8611,200.424745,281.373943,274.476611,237.819919,206.959307
2014-06-11,10.2215,-0.0779,0.0467,0.000185,-0.1557,-0.2336,-0.1676,-0.2533,200.268705,280.935816,273.835531,237.42133,206.435078
2014-06-12,10.1976,-0.2338,0.0466,0.000185,-0.4677,-0.7015,-0.4796,-0.7213,199.800397,279.621935,271.91452,236.282725,204.946155
2014-06-13,10.1737,-0.2344,0.0465,0.000185,-0.4688,-0.7032,-0.4807,-0.7229,199.332088,278.311134,270.002514,235.146992,203.464602
2014-06-16,10.1817,0.0783,0.0463,0.000184,0.1566,0.235,0.1447,0.2152,199.488203,278.747076,270.636905,235.487363,203.902509
2014-06-17,10.2534,0.7042,0.0462,0.000183,1.4084,2.1127,1.3965,2.0929,200.893035,282.67305,276.354526,238.776053,208.17003
2014-06-18,10.2773,0.2331,0.0461,0.000183,0.4662,0.6993,0.4543,0.6795,201.361287,283.990789,278.286952,239.860768,209.584598
2014-06-19,10.349,0.6977,0.046,0.000183,1.3954,2.0931,1.3835,2.0734,202.766194,287.953621,284.111813,243.179289,213.930088
2014-06-20,10.3171,-0.3079,0.0459,0.000182,-0.6158,-0.9237,-0.6277,-0.9435,202.141845,286.180312,281.487338,241.652804,211.911708
2014-06-23,10.3091,-0.0772,0.0457,0.000181,-0.1545,-0.2317,-0.1664,-0.2514,201.985711,285.738222,280.835078,241.250773,211.378862
2014-06-24,10.3251,0.1546,0.0456,0.000181,0.3091,0.4637,0.2973,0.444,202.297923,286.621561,282.137348,241.967903,212.317356
2014-06-25,10.3012,-0.2315,0.0455,0.000181,-0.463,-0.6945,-0.4749,-0.7142,201.829633,285.294588,280.17803,240.818901,210.801023
2014-06-26,10.4127,1.0827,0.0455,0.00018,2.1655,3.2482,2.1536,3.2285,204.014929,291.472601,289.278853,246.005174,217.60674
2014-06-27,10.4127,0.0,0.0454,0.00018,0.0,0.0,-0.0119,-0.0197,204.014929,291.472601,289.278853,245.975933,217.563817
2014-06-30,10.5083,0.9181,0.0451,0.000179,1.8362,2.7544,1.8244,2.7346,205.888032,296.82474,297.246638,250.463409,223.5134
2014-07-01,10.6039,0.9098,0.045,0.000179,1.8196,2.7294,1.8077,2.7097,207.761228,302.225841,305.359804,254.991139,229.56998
2014-07-02,10.6915,0.8264,0.045,0.000178,1.6528,2.4792,1.6409,2.4595,209.478178,307.221063,312.930334,259.175355,235.216241
2014-07-03,10.7871,0.8942,0.0449,0.000178,1.7884,2.6826,1.7765,2.6629,211.351356,312.715474,321.32511,263.779704,241.479844
2014-07-04,10.7871,0.0,0.0448,0.000178,0.0,0.0,-0.0119,-0.0197,211.351356,312.715474,321.32511,263.748356,241.432223
2014-07-07,10.7712,-0.1477,0.0445,0.000177,-0.2954,-0.4431,-0.3073,-0.4628,211.039181,311.791687,319.901279,262.937881,240.3148
2014-07-08,10.7951,0.2219,0.0445,0.000176,0.4438,0.6656,0.4319,0.6459,211.507434,313.17529,322.030664,264.073446,241.867042
2014-07-09,10.811,0.1476,0.0444,0.000176,0.2952,0.4428,0.2833,0.423,211.81959,314.099697,323.456482,264.821539,242.890239
2014-07-10,10.8907,0.7369,0.0443,0.000176,1.4738,2.2108,1.462,2.1911,213.380537,318.729042,330.607357,268.693134,248.21209
2014-07-11,10.8827,-0.0731,0.0442,0.000175,-0.1463,-0.2194,-0.1581,-0.2391,213.224496,318.262882,329.882059,268.26823,247.618617
2014-07-14,10.9465,0.5856,0.044,0.000174,1.1713,1.7569,1.1594,1.7372,214.473231,321.990654,335.677856,271.378547,251.920287
2014-07-15,10.9863,0.3639,0.0439,0.000174,0.7278,1.0917,0.716,1.072,215.253733,324.334202,339.342609,273.321484,254.620957
2014-07-16,10.8907,-0.8702,0.0438,0.000174,-1.7405,-2.6107,-1.7523,-2.6304,213.380537,318.689314,330.483455,268.531978,247.923423
2014-07-17,10.7553,-1.2436,0.0437,0.000174,-2.4871,-3.7307,-2.499,-3.7504,210.727007,310.763085,318.154107,261.821327,238.625271
2014-07-18,10.7553,0.0,0.0436,0.000173,0.0,0.0,-0.0119,-0.0197,210.727007,310.763085,318.154107,261.790224,238.578235
2014-07-21,10.7553,0.0,0.0434,0.000172,0.0,0.0,-0.0119,-0.0197,210.727007,310.763085,318.154107,261.759127,238.531212
2014-07-22,10.8509,0.8889,0.0433,0.000172,1.7778,2.6666,1.7659,2.6469,212.60011,316.287685,326.638098,266.381466,244.844944
2014-07-23,10.8509,0.0,0.0432,0.000172,0.0,0.0,-0.0119,-0.0197,212.60011,316.287685,326.638098,266.349825,244.796689
2014-07-24,10.8987,0.4405,0.0432,0.000171,0.8811,1.3216,0.8692,1.3019,213.536708,319.074461,330.955057,268.664968,247.983761
2014-07-25,10.7792,-1.0965,0.0431,0.000171,-2.193,-3.2895,-2.2049,-3.3092,211.195297,312.077214,320.068378,262.741283,239.777531
2014-07-28,10.7553,-0.2217,0.0428,0.00017,-0.4435,-0.6652,-0.4553,-0.6849,210.727007,310.693258,317.939286,261.54491,238.135285
2014-07-29,10.7473,-0.0741,0.0427,0.00017,-0.1482,-0.2223,-0.1601,-0.242,210.570854,310.232799,317.232489,261.12623,237.558974
2014-07-30,10.811,0.593,0.0427,0.000169,1.186,1.7791,1.1742,1.7594,211.81959,313.912307,322.876281,264.192301,241.73851
2014-07-31,10.6358,-1.6212,0.0426,0.000169,-3.2424,-4.8636,-3.2543,-4.8833,208.385596,303.73409,307.172987,255.59482,229.933773
2014-08-01,10.5561,-0.7491,0.0425,0.000169,-1.4982,-2.2472,-1.51,-2.2669,206.82463,299.183694,300.270113,251.735271,224.721337
2014-08-04,10.6119,0.5283,0.0422,0.000168,1.0566,1.5849,1.0447,1.5652,207.917269,302.344823,305.029024,254.365176,228.238623
2014-08-05,10.3968,-2.027,0.0422,0.000167,-4.054,-6.081,-4.0659,-6.1007,203.702755,290.087674,286.480073,244.022934,214.314368
2014-08-06,10.4685,0.6896,0.0421,0.000167,1.3793,2.0689,1.3674,2.0492,205.107587,294.088841,292.407185,247.359758,218.706194
2014-08-07,10.4685,0.0,0.042,0.000167,0.0,0.0,-0.0119,-0.0197,205.107587,294.088841,292.407185,247.330389,218.663112
2014-08-08,10.4685,0.0,0.0419,0.000166,0.0,0.0,-0.0119,-0.0197,205.107587,294.088841,292.407185,247.301024,218.62004
2014-08-11,10.5242,0.5327,0.0417,0.000165,1.0654,1.5982,1.0536,1.5785,206.200244,297.222204,297.080354,249.906529,222.070905
2014-08-12,10.5322,0.0757,0.0416,0.000165,0.1514,0.2271,0.1395,0.2074,206.35634,297.672207,297.755037,250.255227,222.531501
2014-08-13,10.6358,0.9834,0.0415,0.000165,1.9667,2.9501,1.9549,2.9304,208.385596,303.526672,306.539177,255.147411,229.052628
2014-08-14,10.6915,0.5243,0.0414,0.000164,1.0486,1.5729,1.0367,1.5532,209.478178,306.709502,311.360806,257.79264,232.610343
2014-08-15,10.6915,0.0,0.0413,0.000164,0.0,0.0,-0.0119,-0.0197,209.478178,306.709502,311.360806,257.762039,232.564535
2014-08-18,10.6597,-0.298,0.0411,0.000163,-0.5961,-0.8941,-0.6079,-0.9138,208.853867,304.881318,308.576944,256.195019,230.439391
2014-08-19,10.7951,1.2705,0.041,0.000163,2.5411,3.8116,2.5292,3.7919,211.507434,312.628582,320.338702,262.674719,239.177474
2014-08-20,10.8349,0.369,0.0409,0.000162,0.7381,1.1071,0.7262,1.0874,212.287954,314.935952,323.885114,264.582226,241.778271
2014-08-21,10.819,-0.147,0.0408,0.000162,-0.2941,-0.4411,-0.306,-0.4608,211.975798,314.009766,322.456358,263.772722,240.664108
2014-08-22,10.9544,1.2518,0.0408,0.000162,2.5036,3.7554,2.4918,3.7358,214.629347,321.871418,334.566045,270.345318,249.654745
2014-08-25,10.9385,-0.1454,0.0405,0.000161,-0.2909,-0.4363,-0.3027,-0.456,214.317209,320.935218,333.106359,269.526906,248.516371
2014-08-26,10.9305,-0.0729,0.0404,0.00016,-0.1457,-0.2186,-0.1576,-0.2382,214.161075,320.467604,332.378337,269.102211,247.924303
2014-08-27,11.0341,0.9475,0.0404,0.00016,1.895,2.8425,1.8832,2.8228,216.190275,326.540535,341.826299,274.169823,254.922827
2014-08-28,11.05,0.1444,0.0403,0.00016,0.2888,0.4332,0.2769,0.4135,216.502449,327.483571,343.30707,274.929081,255.976956
2014-08-29,11.0261,-0.2163,0.0402,0.000159,-0.4326,-0.6489,-0.4445,-0.6686,216.034141,326.066836,341.079286,273.707081,254.265487
2014-09-01,11.1217,0.8671,0.0399,0.000159,1.7341,2.6012,1.7223,2.5815,217.9073,331.721266,349.951435,278.421048,260.829392
2014-09-02,10.9544,-1.5043,0.0399,0.000158,-3.0086,-4.5129,-3.0204,-4.5325,214.629347,321.74118,334.158603,270.011507,249.007181
2014-09-03,11.0341,0.7273,0.0398,0.000158,1.4545,2.1818,1.4427,2.1621,216.190275,326.421014,341.449278,273.906881,254.391016
2014-09-04,10.9943,-0.361,0.0397,0.000158,-0.722,-1.083,-0.7338,-1.1027,215.409848,324.064315,337.751478,271.896828,251.585967
2014-09-05,10.9943,0.0,0.0396,0.000157,0.0,0.0,-0.0119,-0.0197,215.409848,324.064315,337.751478,271.864571,251.536457
2014-09-09,11.0341,0.3623,0.0393,0.000156,0.7246,1.0869,0.7127,1.0672,216.190275,326.412476,341.422484,273.802245,254.220901
2014-09-10,10.9385,-0.8664,0.0392,0.000156,-1.7328,-2.5992,-1.7447,-2.6189,214.317209,320.756422,332.548265,269.02534,247.563195
2014-09-11,10.8987,-0.3642,0.0391,0.000155,-0.7284,-1.0925,-0.7402,-1.1122,213.536708,318.420157,328.915037,267.033953,244.809755
2014-09-12,10.7951,-0.9503,0.039,0.000155,-1.9006,-2.8509,-1.9125,-2.8706,211.507434,312.36816,319.537837,261.926945,237.782188
2014-09-15,10.7951,0.0,0.0388,0.000154,0.0,0.0,-0.0119,-0.0197,211.507434,312.36816,319.537837,261.89588,237.735409
2014-09-16,10.7075,-0.8118,0.0387,0.000154,-1.6236,-2.4355,-1.6355,-2.4551,209.790372,307.296418,311.755609,257.612566,231.898681
2014-09-17,10.7871,0.7441,0.0386,0.000153,1.4881,2.2322,1.4763,2.2125,211.351356,311.869411,318.714636,261.415643,237.029519
2014-09-18,10.811,0.2215,0.0385,0.000153,0.4431,0.6646,0.4312,0.645,211.81959,313.251259,320.832904,262.542936,238.558258
2014-09-19,10.8349,0.2211,0.0385,0.000153,0.4422,0.6633,0.4304,0.6437,212.287954,314.636549,322.961131,263.672844,240.093796
2014-09-22,10.6676,-1.5441,0.0382,0.000152,-3.0883,-4.6324,-3.1001,-4.6521,209.009945,304.919732,308.000279,255.498656,228.924468
2014-09-23,10.6437,-0.224,0.0381,0.000151,-0.4481,-0.6721,-0.4599,-0.6918,208.541674,303.553433,305.930124,254.323509,227.340779
2014-09-24,10.6039,-0.3742,0.0381,0.000151,-0.7485,-1.1227,-0.7603,-1.1424,207.761228,301.281399,302.49539,252.389794,224.74367
2014-09-25,10.5083,-0.9016,0.038,0.000151,-1.8032,-2.7048,-1.8151,-2.7245,205.888032,295.848632,294.313403,247.808725,218.620536
2014-09-26,10.4525,-0.5307,0.0379,0.00015,-1.0614,-1.5921,-1.0732,-1.6118,204.795393,292.708521,289.627678,245.149123,215.096914
2014-09-29,10.4207,-0.3049,0.0376,0.000149,-0.6097,-0.9146,-0.6216,-0.9342,204.171063,290.923844,286.97884,243.625357,213.087413
2014-09-30,10.4047,-0.1529,0.0376,0.000149,-0.3058,-0.4587,-0.3176,-0.4783,203.858907,290.034261,285.66256,242.85152,212.06815
2014-10-01,10.4366,0.3063,0.0375,0.000149,0.6125,0.9188,0.6007,0.8991,204.483256,291.810809,288.287215,244.310269,213.974925
2014-10-02,10.4366,0.0,0.0374,0.000148,0.0,0.0,-0.0119,-0.0197,204.483256,291.810809,288.287215,244.281307,213.932853
2014-10-03,10.6278,1.832,0.0373,0.000148,3.664,5.4961,3.6522,5.4764,208.229424,302.502857,304.131628,253.202899,225.648651
2014-10-06,10.6198,-0.0749,0.0371,0.000147,-0.1499,-0.2248,-0.1617,-0.2444,208.073403,302.049539,303.44799,252.793447,225.097069
2014-10-07,10.5322,-0.8252,0.037,0.000147,-1.6504,-2.4757,-1.6623,-2.4953,206.35634,297.064396,295.935654,248.591281,219.480183
2014-10-08,10.4685,-0.6051,0.0369,0.000146,-1.2103,-1.8154,-1.2221,-1.8351,205.107587,293.469059,290.56314,245.553144,215.452521
2014-10-09,10.5163,0.4566,0.0368,0.000146,0.9133,1.3699,0.9014,1.3502,206.044166,296.149184,294.543521,247.76657,218.361621
2014-10-13,10.1976,-3.0303,0.0365,0.000145,-6.0606,-9.0909,-6.0725,-9.1106,199.800397,278.20073,267.766808,232.721035,198.467625
2014-10-14,10.2852,0.8594,0.0364,0.000144,1.7187,2.5781,1.7069,2.5584,201.517403,282.982225,274.670057,236.693282,203.545277
2014-10-15,10.2135,-0.6971,0.0363,0.000144,-1.3942,-2.0914,-1.4061,-2.111,200.11259,279.036788,268.925738,233.365172,199.248424
2014-10-16,10.1976,-0.156,0.0362,0.000144,-0.312,-0.468,-0.3239,-0.4877,199.800397,278.166145,267.667095,232.609378,198.276731
2014-10-17,10.094,-1.0156,0.0362,0.000144,-2.0312,-3.0469,-2.0431,-3.0665,197.771178,272.515908,259.511632,227.856947,192.196535
2014-10-20,10.2932,1.9732,0.0359,0.000143,3.9463,5.9195,3.9345,5.8998,201.673518,283.270251,274.873362,236.821908,203.535797
2014-10-21,10.2454,-0.4644,0.0358,0.000142,-0.9288,-1.3932,-0.9406,-1.4128,200.736976,280.639321,271.043948,234.594316,200.660233
2014-10-22,10.4047,1.5552,0.0358,0.000142,3.1105,4.6657,3.0986,4.6461,203.858907,289.368522,283.690058,241.863506,209.983019
2014-10-23,10.3649,-0.3829,0.0357,0.000142,-0.7657,-1.1486,-0.7776,-1.1683,203.078387,287.152696,280.431542,239.982791,207.529858
2014-10-24,11.1046,7.1368,0.0356,0.000141,14.2736,21.4104,14.2617,21.3907,217.571657,328.139641,340.472938,274.208474,251.921968
2014-10-27,11.1398,0.3172,0.0353,0.00014,0.6344,0.9517,0.6226,0.932,218.261834,330.221479,343.713065,275.915669,254.269904
2014-10-28,11.3336,1.7391,0.0353,0.00014,3.4782,5.2173,3.4664,5.1977,222.057649,341.707313,361.645717,285.479941,267.486058
2014-10-29,11.4481,1.0101,0.0352,0.00014,2.0202,3.0304,2.0084,3.0107,224.300701,348.610631,372.6049,291.213511,275.539315
2014-10-30,11.4128,-0.3077,0.0351,0.000139,-0.6154,-0.9232,-0.6273,-0.9428,223.610486,346.465153,369.165179,289.386781,272.941534
2014-10-31,11.5009,0.7716,0.035,0.000139,1.5433,2.3149,1.5314,2.2953,225.335938,351.812031,377.710979,293.818509,279.20624
2014-11-03,11.5537,0.4594,0.0348,0.000138,0.9188,1.3782,0.907,1.3586,226.371138,355.044502,382.916626,296.48333,282.999447
2014-11-04,11.5625,0.0762,0.0347,0.000138,0.1524,0.2286,0.1406,0.209,226.543659,355.585671,383.792106,296.900124,283.590899
2014-11-05,11.5361,-0.2285,0.0346,0.000137,-0.4569,-0.6854,-0.4688,-0.705,226.026078,353.960867,381.161571,295.508312,281.591453
2014-11-06,11.4657,-0.6107,0.0345,0.000137,-1.2214,-1.8321,-1.2332,-1.8517,224.645742,349.637608,374.178339,291.863991,276.377136
2014-11-07,11.4833,0.1536,0.0344,0.000137,0.3072,0.4608,0.2954,0.4412,224.990803,350.711709,375.902576,292.726044,277.596423
2014-11-10,11.6506,1.4571,0.0342,0.000136,2.9141,4.3712,2.9023,4.3516,228.269074,360.931931,392.334054,301.221819,289.676226
2014-11-11,11.6154,-0.3024,0.0341,0.000135,-0.6047,-0.9071,-0.6166,-0.9267,227.578878,358.749299,388.775264,299.364597,286.991746
2014-11-12,11.4481,-1.4405,0.034,0.000135,-2.8809,-4.3214,-2.8928,-4.341,224.300701,348.414035,371.974834,290.704707,274.53341
2014-11-13,11.5625,1.0,0.0339,0.000135,2.0,2.9999,1.9881,2.9803,226.543659,355.382165,383.133838,296.484253,282.715332
2014-11-14,11.5713,0.0762,0.0339,0.000134,0.1523,0.2285,0.1405,0.2088,226.71618,355.923437,384.009148,296.900714,283.305717
2014-11-17,11.4657,-0.9132,0.0336,0.000133,-1.8265,-2.7397,-1.8383,-2.7593,224.645742,349.422646,373.4885,291.442795,275.488409
2014-11-18,11.4304,-0.3072,0.0335,0.000133,-0.6144,-0.9217,-0.6263,-0.9413,223.955584,347.275648,370.046197,289.617544,272.895255
2014-11-19,11.5978,1.4638,0.0335,0.000133,2.9276,4.3915,2.9158,4.3718,227.233892,357.442634,386.296636,298.06222,284.825776
2014-11-20,11.7299,1.1389,0.0334,0.000132,2.2779,3.4168,2.266,3.3972,229.82193,365.584686,399.495595,304.81638,294.501774
2014-11-21,11.7387,0.0751,0.0333,0.000132,0.1502,0.2253,0.1383,0.2056,229.994488,366.133673,400.395461,305.238028,295.107332
2014-11-24,11.7651,0.225,0.033,0.000131,0.45,0.6751,0.4382,0.6554,230.512032,367.781454,403.098425,306.575617,297.041602
2014-11-25,11.7739,0.0749,0.033,0.000131,0.1497,0.2246,0.1379,0.205,230.684609,368.332146,404.003785,306.998373,297.650459
2014-11-26,11.7739,0.0,0.0329,0.00013,0.0,0.0,-0.0118,-0.0196,230.684609,368.332146,404.003785,306.962035,297.592042
2014-11-27,11.8884,0.9723,0.0328,0.00013,1.9447,2.917,1.9328,2.8974,232.927624,375.494951,415.78853,312.895066,306.214365
2014-11-28,11.8884,0.0,0.0327,0.00013,0.0,0.0,-0.0118,-0.0196,232.927624,375.494951,415.78853,312.858032,306.154271
2014-12-01,11.7651,-1.0371,0.0325,0.000129,-2.0741,-3.1112,-2.0859,-3.1308,230.512032,367.70676,402.852641,306.331974,296.569215
2014-12-02,11.589,-1.497,0.0324,0.000129,-2.994,-4.4909,-3.0058,-4.5106,227.061315,356.697773,384.760781,297.124268,283.192284
2014-12-03,11.7739,1.5957,0.0323,0.000128,3.1915,4.7872,3.1796,4.7676,230.684609,368.081666,403.180054,306.571729,296.693702
2014-12-04,11.8179,0.374,0.0322,0.000128,0.7479,1.1219,0.7361,1.1023,231.547289,370.834658,407.703308,308.82839,299.964079
2014-12-05,11.7739,-0.3726,0.0321,0.000128,-0.7451,-1.1177,-0.757,-1.1373,230.684609,368.071409,403.146349,306.49063,296.552483
2014-12-08,11.6858,-0.7479,0.0319,0.000127,-1.4959,-2.2438,-1.5077,-2.2635,228.959214,362.56546,394.1004,301.869596,289.840149
2014-12-09,11.6594,-0.2261,0.0318,0.000126,-0.4521,-0.6782,-0.464,-0.6978,228.441595,360.926122,391.427517,300.468975,287.817524
2014-12-10,11.5009,-1.3595,0.0317,0.000126,-2.719,-4.0785,-2.7308,-4.0981,225.335938,351.112563,375.463181,292.26369,276.022452
2014-12-11,11.4921,-0.0766,0.0316,0.000126,-0.1532,-0.2298,-0.165,-0.2494,225.163361,350.574753,374.600519,291.78144,275.334119
2014-12-12,11.5009,0.0766,0.0316,0.000125,0.1533,0.2299,0.1415,0.2103,225.335938,351.112151,375.461859,292.194191,275.913202
2014-12-15,11.4657,-0.3063,0.0313,0.000124,-0.6126,-0.9189,-0.6244,-0.9385,224.645742,348.961264,372.011781,290.369662,273.323749
2014-12-16,11.3688,-0.8449,0.0312,0.000124,-1.6897,-2.5346,-1.7016,-2.5542,222.747788,343.064758,362.582784,285.428845,266.342489
2014-12-17,11.1927,-1.5492,0.0312,0.000124,-3.0984,-4.6476,-3.1102,-4.6672,219.297015,332.435349,345.731561,276.551443,253.911847
2014-12-18,11.2191,0.2361,0.0311,0.000123,0.4721,0.7082,0.4603,0.6886,219.81469,334.00485,348.179974,277.824388,255.660212
2014-12-19,11.4833,2.3548,0.031,0.000123,4.7095,7.0643,4.6977,7.0447,224.990803,349.734889,372.776403,290.87573,273.670643
2014-12-22,11.6242,1.227,0.0307,0.000122,2.454,3.6809,2.4421,3.6613,227.751399,358.317255,386.498099,297.979309,283.690645
2014-12-23,11.589,-0.303,0.0307,0.000122,-0.606,-0.909,-0.6178,-0.9286,227.061315,356.145862,382.984847,296.138317,281.056282
2014-12-24,11.677,0.7599,0.0306,0.000121,1.5198,2.2796,1.5079,2.26,228.786711,361.558432,391.715535,300.603889,287.408253
2014-12-25,11.677,0.0,0.0305,0.000121,0.0,0.0,-0.0118,-0.0196,228.786711,361.558432,391.715535,300.568335,287.351901
2014-12-26,11.7034,0.2262,0.0304,0.000121,0.4524,0.6786,0.4406,0.659,229.304237,363.194153,394.373766,301.892584,289.245569
2014-12-29,11.8355,1.1287,0.0302,0.00012,2.2574,3.3861,2.2456,3.3665,231.892368,371.392817,407.727524,308.671738,298.98291
2014-12-30,11.7739,-0.5208,0.0301,0.000119,-1.0417,-1.5625,-1.0535,-1.5821,230.684609,367.524187,401.356857,305.419942,294.252746
2014-12-31,11.7739,0.0,0.03,0.000119,0.0,0.0,-0.0118,-0.0196,230.684609,367.524187,401.356857,305.383825,294.195063
2015-01-05,11.721,-0.4488,0.0303,0.00012,-0.8975,-1.3463,-0.9094,-1.3659,229.649372,364.225529,395.95338,302.606782,290.176629
2015-01-06,11.4304,-2.4793,0.0303,0.00012,-4.9587,-7.438,-4.9705,-7.4576,223.955584,346.164754,366.502293,287.565695,268.536346
2015-01-07,11.4481,0.1541,0.0304,0.000121,0.3082,0.4623,0.2964,0.4427,224.300701,347.231637,368.196638,288.417964,269.725143
2015-01-08,11.7122,2.3077,0.0304,0.000121,4.6154,6.923,4.6035,6.9034,229.476832,363.257593,393.686985,301.695353,288.3454
2015-01-09,11.6506,-0.5263,0.0305,0.000121,-1.0526,-1.5789,-1.0644,-1.5985,228.269074,359.433875,387.470949,298.483967,283.736096
2015-01-12,11.5801,-0.6047,0.0307,0.000122,-1.2094,-1.8141,-1.2212,-1.8337,226.888757,355.086964,380.441973,294.838866,278.533301
2015-01-13,11.6154,0.3042,0.0307,0.000122,0.6083,0.9125,0.5965,0.8929,227.578878,357.24708,383.913511,296.597598,281.020304
2015-01-14,11.5537,-0.5307,0.0308,0.000122,-1.0614,-1.5921,-1.0732,-1.6117,226.371138,353.455327,377.801332,293.414484,276.491153
2015-01-15,11.589,0.3049,0.0308,0.000122,0.6098,0.9147,0.5979,0.8951,227.061315,355.610608,381.256938,295.168944,278.965894
2015-01-16,11.5361,-0.4559,0.0309,0.000123,-0.9119,-1.3678,-0.9237,-1.3874,226.026078,352.367947,376.042159,292.44251,275.095532
2015-01-19,11.6682,1.145,0.031,0.000123,2.2901,3.4351,2.2782,3.4155,228.614153,360.437412,388.95959,299.105047,284.491393
2015-01-20,11.7563,0.7547,0.0311,0.000123,1.5094,2.2641,1.4976,2.2445,230.339512,365.877878,397.766062,303.584375,290.876797
2015-01-21,11.8443,0.7491,0.0312,0.000124,1.4981,2.2472,1.4863,2.2276,232.064907,371.359214,406.704658,308.096558,297.35633
2015-01-22,11.906,0.5204,0.0312,0.000124,1.0409,1.5613,1.0291,1.5417,233.272685,375.224677,413.054716,311.267074,301.940766
2015-01-23,12.0997,1.6272,0.0313,0.000124,3.2545,4.8817,3.2427,4.8621,237.068593,387.436295,433.218901,321.36038,316.621456
2015-01-26,12.0997,0.0,0.0314,0.000125,0.0,0.0,-0.0118,-0.0196,237.068593,387.436295,433.218901,321.322359,316.559352
2015-01-27,12.179,0.655,0.0315,0.000125,1.31,1.965,1.2982,1.9454,238.621412,392.511775,441.73176,325.493719,322.717729
2015-01-28,12.179,0.0,0.0315,0.000125,0.0,0.0,-0.0118,-0.0196,238.621412,392.511775,441.73176,325.455208,322.654427
2015-01-29,12.0293,-1.2292,0.0316,0.000125,-2.4584,-3.6876,-2.4702,-3.7072,235.688258,382.8622,425.442349,317.415656,310.69285
2015-01-30,11.9764,-0.4392,0.0316,0.000126,-0.8785,-1.3177,-0.8903,-1.3374,234.653001,379.49877,419.836107,314.589615,306.537767
2015-02-02,12.0028,0.2206,0.0318,0.000126,0.4412,0.6618,0.4294,0.6422,235.170639,381.173096,422.614544,315.940342,308.506271
2015-02-03,12.0909,0.7337,0.0319,0.000126,1.4674,2.201,1.4555,2.1814,236.896035,386.766264,431.916438,320.538928,315.236079
2015-02-04,12.223,1.0925,0.0319,0.000127,2.185,3.2775,2.1732,3.2579,239.48411,395.217061,446.072422,327.504737,325.506041
2015-02-05,12.1702,-0.4323,0.032,0.000127,-0.8645,-1.2968,-0.8764,-1.3164,238.448891,391.800249,440.287705,324.63457,321.220982
2015-02-06,12.1085,-0.5065,0.032,0.000127,-1.013,-1.5195,-1.0249,-1.5392,237.241114,387.831202,433.597348,321.307516,316.276872
2015-02-09,12.0645,-0.3637,0.0322,0.000128,-0.7273,-1.091,-0.7391,-1.1106,236.378378,385.01048,428.866974,318.9326,312.764363
2015-02-10,12.0205,-0.365,0.0322,0.000128,-0.7299,-1.0949,-0.7418,-1.1145,235.515662,382.200113,424.171231,316.566823,309.278481
2015-02-11,12.1526,1.0989,0.0323,0.000128,2.1978,3.2968,2.186,3.2771,238.103793,390.600268,438.155152,323.486998,319.413975
2015-02-12,12.1526,0.0,0.0324,0.000128,0.0,0.0,-0.0118,-0.0196,238.103793,390.600268,438.155152,323.448714,319.3513
2015-02-13,12.2318,0.6522,0.0324,0.000129,1.3043,1.9565,1.2925,1.9369,239.656612,395.69495,446.727577,327.629243,325.536686
2015-02-24,12.3727,1.1519,0.033,0.000131,2.3038,3.4557,2.292,3.4361,242.417227,404.811004,462.165199,335.138411,336.722405
2015-02-25,12.4696,0.7829,0.0331,0.000131,1.5658,2.3488,1.554,2.3291,244.315162,411.149705,473.020365,340.346477,344.565127
2015-02-26,12.3815,-0.7062,0.0331,0.000131,-1.4124,-2.1186,-1.4242,-2.1382,242.589822,405.342673,462.999036,335.499173,337.197597
2015-03-02,12.3287,-0.4267,0.0333,0.000132,-0.8535,-1.2802,-0.8653,-1.2998,241.554622,401.883247,457.071788,332.596112,332.81465
2015-03-03,12.3111,-0.1429,0.0334,0.000133,-0.2858,-0.4287,-0.2976,-0.4483,241.209468,400.734756,455.112478,331.606253,331.322656
2015-03-04,12.3199,0.0715,0.0335,0.000133,0.1431,0.2146,0.1312,0.195,241.382008,401.308056,456.089118,332.041397,331.968611
2015-03-05,12.2758,-0.3574,0.0335,0.000133,-0.7148,-1.0722,-0.7266,-1.0918,240.519329,398.439572,451.199044,329.628708,328.344158
2015-03-06,12.2935,0.1435,0.0336,0.000133,0.2869,0.4304,0.2751,0.4108,240.864408,399.582875,453.141084,330.535535,329.69295
2015-03-09,12.1702,-1.0029,0.0337,0.000134,-2.0057,-3.0086,-2.0175,-3.0282,238.448891,391.568414,439.508062,323.866825,319.709211
2015-03-10,12.1437,-0.2171,0.0338,0.000134,-0.4342,-0.6512,-0.446,-0.6709,237.931272,389.868401,436.645843,322.422395,317.564393
2015-03-11,12.1614,0.145,0.0338,0.000134,0.2901,0.4351,0.2782,0.4155,238.276351,390.999277,438.545687,323.319456,318.883764
2015-03-12,12.267,0.8689,0.0339,0.000134,1.7379,2.6068,1.726,2.5872,240.346808,397.794303,449.977661,328.900017,327.133791
2015-03-13,12.2318,-0.2872,0.0339,0.000135,-0.5743,-0.8615,-0.5862,-0.8811,239.656612,395.509638,446.101105,326.97209,324.251303
2015-03-16,12.1349,-0.7919,0.0341,0.000135,-1.5838,-2.3757,-1.5957,-2.3954,237.758733,389.245429,435.502864,321.754681,316.484238
2015-03-17,12.179,0.3628,0.0342,0.000136,0.7257,1.0885,0.7138,1.0689,238.621412,392.07009,440.243375,324.051476,319.867069
2015-03-18,12.3111,1.0846,0.0342,0.000136,2.1692,3.2538,2.1573,3.2341,241.209468,400.574772,454.567841,331.042341,330.211966
2015-03-19,12.4432,1.073,0.0343,0.000136,2.1459,3.2189,2.1341,3.1993,243.797581,409.17089,469.200012,338.107128,340.776378
2015-03-20,12.4255,-0.1415,0.0343,0.000136,-0.2831,-0.4246,-0.2949,-0.4442,243.45252,408.012645,467.207756,337.110003,339.262498
2015-03-23,12.4608,0.2835,0.0345,0.000137,0.567,0.8505,0.5551,0.8308,244.142679,410.325977,471.181188,338.98141,342.081175
2015-03-24,12.4167,-0.3534,0.0345,0.000137,-0.7067,-1.0601,-0.7186,-1.0797,243.279962,407.426074,466.186209,336.545575,338.387599
2015-03-25,12.3727,-0.3546,0.0346,0.000137,-0.7093,-1.0639,-0.7211,-1.0835,242.417227,404.536392,461.226549,334.118755,334.721104
2015-03-26,12.223,-1.2099,0.0347,0.000138,-2.4199,-3.6298,-2.4317,-3.6495,239.48411,394.747051,444.484775,325.993871,322.505533
2015-03-27,12.1085,-0.9366,0.0347,0.000138,-1.8732,-2.8098,-1.885,-2.8294,237.241114,387.352689,431.99571,319.848776,313.38048
2015-03-30,12.1173,0.0727,0.0349,0.000138,0.1454,0.2182,0.1336,0.1985,237.413635,387.916052,432.938147,320.276077,314.002594
2015-03-31,12.1614,0.3634,0.0349,0.000139,0.7268,1.0901,0.7149,1.0705,238.276351,390.73528,437.657795,322.565787,317.363996
2015-04-01,12.0909,-0.5793,0.035,0.000139,-1.1586,-1.7379,-1.1704,-1.7575,236.896035,386.208281,430.051841,318.79038,311.786261
2015-04-02,12.2406,1.2382,0.035,0.000139,2.4763,3.7145,2.4645,3.6949,239.829208,395.772103,446.026145,326.646945,323.306338
2015-04-07,12.2582,0.1439,0.0353,0.00014,0.2878,0.4316,0.2759,0.412,240.174268,396.910957,447.95134,327.548192,324.638319
2015-04-08,12.1526,-0.8621,0.0354,0.00014,-1.7241,-2.5862,-1.736,-2.6059,238.103793,390.067641,436.366351,321.861986,316.178693
2015-04-09,12.1702,0.1449,0.0354,0.000141,0.2899,0.4348,0.278,0.4152,238.448891,391.198337,438.263706,322.756843,317.491345
2015-04-10,12.267,0.7959,0.0355,0.000141,1.5919,2.3878,1.58,2.3682,240.346808,397.425767,448.728691,327.856525,325.010118
2015-04-13,12.3023,0.2871,0.0356,0.000141,0.5742,0.8614,0.5624,0.8417,241.036891,399.707945,452.59386,329.700364,327.745766
2015-04-14,12.2406,-0.501,0.0357,0.000142,-1.0021,-1.5031,-1.0139,-1.5228,239.829208,395.702576,445.790873,326.35746,322.754988
2015-04-15,12.0909,-1.223,0.0358,0.000142,-2.4461,-3.6691,-2.4579,-3.6887,236.896035,386.023487,429.434462,318.335921,310.84944
2015-04-16,12.2758,1.5295,0.0358,0.000142,3.059,4.5885,3.0471,4.5688,240.519329,397.831845,449.138894,328.036016,325.051566
2015-04-17,12.1614,-0.9326,0.0359,0.000142,-1.8651,-2.7977,-1.877,-2.8173,238.276351,390.411836,436.57348,321.87891,315.893831
2015-04-20,12.1437,-0.1448,0.036,0.000143,-0.2896,-0.4345,-0.3015,-0.4541,237.931272,389.281023,434.676702,320.908459,314.459293
2015-04-21,12.1437,0.0,0.0361,0.000143,0.0,0.0,-0.0118,-0.0197,237.931272,389.281023,434.676702,320.870433,314.397497
2015-04-22,12.267,1.0152,0.0361,0.000143,2.0304,3.0457,2.0186,3.026,240.346808,397.185173,447.91553,327.347518,323.91123
2015-04-23,12.5929,2.6561,0.0362,0.000144,5.3123,7.9684,5.3004,7.9487,246.730735,418.284694,483.607207,344.698289,349.658099
2015-04-24,12.7161,0.979,0.0362,0.000144,1.958,2.937,1.9462,2.9174,249.146252,426.474786,497.810886,351.406699,359.858938
2015-04-27,12.813,0.7618,0.0364,0.000144,1.5236,2.2853,1.5117,2.2657,251.044188,432.972348,509.187493,356.718915,368.012164
2015-04-28,12.7866,-0.2062,0.0365,0.000145,-0.4124,-0.6185,-0.4242,-0.6382,250.526587,431.186953,506.037981,355.205682,365.663543
2015-04-29,12.6457,-1.1019,0.0365,0.000145,-2.2039,-3.3058,-2.2157,-3.3255,247.765935,421.684112,489.30928,347.335281,353.503496
2015-04-30,12.5841,-0.4875,0.0366,0.000145,-0.9749,-1.4624,-0.9868,-1.482,246.558196,417.573098,482.153838,343.907931,348.264535
2015-05-04,12.6105,0.2099,0.0368,0.000146,0.4199,0.6298,0.408,0.6102,247.075814,419.326385,485.190507,345.311155,350.389493
2015-05-05,12.54,-0.5587,0.0368,0.000146,-1.1173,-1.676,-1.1292,-1.6956,245.695516,414.641221,477.058904,341.41204,344.448224
2015-05-06,12.5576,0.1404,0.0369,0.000146,0.2808,0.4213,0.269,0.4016,246.040521,415.805695,479.068555,342.330392,345.83153
2015-05-07,12.4079,-1.1921,0.037,0.000147,-2.3842,-3.5764,-2.3961,-3.596,243.107422,405.891889,461.935339,334.127837,333.395364
2015-05-08,12.4167,0.071,0.037,0.000147,0.1419,0.2129,0.1301,0.1933,243.279962,406.468033,462.918881,334.56251,334.039681
2015-05-11,12.4784,0.4964,0.0372,0.000148,0.9929,1.4893,0.981,1.4697,244.487702,410.503775,469.813228,337.844658,338.948931
2015-05-12,12.452,-0.2117,0.0372,0.000148,-0.4234,-0.6352,-0.4353,-0.6548,243.970064,408.765511,466.829116,336.374018,336.72939
2015-05-13,12.5224,0.5658,0.0373,0.000148,1.1316,1.6974,1.1197,1.6777,245.350418,413.391006,474.75291,340.140473,342.378712
2015-05-14,12.3463,-1.4065,0.0373,0.000148,-2.8129,-4.2194,-2.8248,-4.2391,241.899627,401.762525,454.721069,330.532171,327.864984
2015-05-15,12.3287,-0.1426,0.0374,0.000148,-0.2852,-0.4279,-0.2971,-0.4475,241.554622,400.616514,452.775459,329.550157,326.397687
2015-05-18,12.3727,0.3571,0.0376,0.000149,0.7142,1.0713,0.7024,1.0517,242.417227,403.47776,457.626116,331.86477,329.830258
2015-05-19,12.5576,1.4947,0.0376,0.000149,2.9893,4.484,2.9774,4.4643,246.040521,415.538937,478.14587,341.745873,344.554846
2015-05-20,12.4696,-0.7012,0.0377,0.000149,-1.4025,-2.1037,-1.4144,-2.1234,244.315162,409.711006,468.08688,336.912372,337.238522
2015-05-21,12.3551,-0.9181,0.0377,0.00015,-1.8361,-2.7542,-1.848,-2.7739,242.072166,402.188099,455.194717,330.686212,327.8839
2015-05-22,12.452,0.784,0.0378,0.00015,1.568,2.3521,1.5562,2.3324,243.970064,408.494582,465.901191,335.832308,335.531464
2015-05-25,12.452,0.0,0.0379,0.000151,0.0,0.0,-0.0119,-0.0197,243.970064,408.494582,465.901191,335.792488,335.465478
2015-05-26,12.5048,0.4244,0.038,0.000151,0.8487,1.2731,0.8369,1.2534,245.005377,411.96156,471.832492,338.602613,339.67025
2015-05-27,12.5312,0.2113,0.0381,0.000151,0.4225,0.6338,0.4107,0.6141,245.522995,413.702249,474.822989,339.993184,341.756294
2015-05-28,12.5929,0.4919,0.0381,0.000151,0.9838,1.4757,0.972,1.456,246.730735,417.772293,481.830023,343.297756,346.732427
2015-05-29,12.5224,-0.5594,0.0382,0.000151,-1.1189,-1.6783,-1.1307,-1.698,245.350418,413.097901,473.743336,339.415941,340.844926
2015-06-01,12.4167,-0.8439,0.0383,0.000152,-1.6878,-2.5316,-1.6996,-2.5513,243.279962,406.125822,461.749899,333.647184,332.148946
2015-06-02,12.3991,-0.1418,0.0384,0.000152,-0.2836,-0.4255,-0.2955,-0.4451,242.934939,404.973875,459.785318,332.661251,330.670438
2015-06-03,12.3199,-0.6392,0.0384,0.000153,-1.2785,-1.9177,-1.2903,-1.9374,241.382008,399.796386,450.967959,328.368811,324.264087
2015-06-04,12.0821,-1.9299,0.0385,0.000153,-3.8599,-5.7898,-3.8717,-5.8095,236.723476,384.364713,424.857706,315.655217,305.425981
2015-06-05,12.0557,-0.2187,0.0385,0.000153,-0.4374,-0.6561,-0.4492,-0.6757,236.205783,382.683569,422.070326,314.237162,303.362081
2015-06-08,12.1349,0.6575,0.0387,0.000154,1.3149,1.9724,1.3031,1.9527,237.758733,387.715524,430.395109,318.331837,309.285821
2015-06-09,12.0381,-0.7983,0.0388,0.000154,-1.5966,-2.3949,-1.6084,-2.4146,235.860722,381.525315,420.087673,313.211644,301.817959
2015-06-10,12.0909,0.439,0.0388,0.000154,0.8779,1.3169,0.866,1.2972,236.896035,384.874731,425.619606,315.924185,305.733078
2015-06-11,12.1261,0.2913,0.0389,0.000154,0.5826,0.8739,0.5707,0.8542,237.586118,387.117029,429.339126,317.727304,308.344752
2015-06-12,12.1173,-0.0726,0.0389,0.000154,-0.1452,-0.2178,-0.1571,-0.2375,237.413635,386.554949,428.404047,317.228289,307.612529
2015-06-15,12.0909,-0.218,0.0391,0.000155,-0.436,-0.654,-0.4479,-0.6737,236.896035,384.869444,425.602076,315.807443,305.54007
2015-06-16,12.0117,-0.6555,0.0392,0.000155,-1.311,-1.9665,-1.3229,-1.9862,235.343178,379.823796,417.232597,311.62974,299.471496
2015-06-17,12.0645,0.4399,0.0392,0.000156,0.8797,1.3196,0.8679,1.2999,236.378378,383.165246,422.738419,314.334296,303.364412
2015-06-18,12.0469,-0.146,0.0393,0.000156,-0.2919,-0.4379,-0.3038,-0.4576,236.033337,382.046632,420.887204,313.379341,301.976256
2015-06-22,12.2142,1.3889,0.0395,0.000157,2.7778,4.1666,2.7659,4.147,239.311552,392.658955,438.424032,322.047077,314.499076
2015-06-23,12.2494,0.2884,0.0395,0.000157,0.5768,0.8653,0.565,0.8456,240.001785,394.924004,442.217598,323.866597,317.158464
2015-06-24,12.267,0.1438,0.0396,0.000157,0.2875,0.4313,0.2757,0.4116,240.346808,396.059478,444.124775,324.759348,318.463877
2015-06-25,12.4079,1.1486,0.0396,0.000157,2.2972,3.4458,2.2853,3.4261,243.107422,405.157728,459.428379,332.181168,329.374798
2015-06-26,12.4079,0.0,0.0397,0.000158,0.0,0.0,-0.0119,-0.0197,243.107422,405.157728,459.428379,332.141758,329.309976
2015-06-29,12.1173,-2.3421,0.0399,0.000158,-4.6842,-7.0263,-4.696,-7.0459,237.413635,386.179433,427.147739,316.544252,306.106983
2015-06-30,12.223,0.8721,0.0399,0.000158,1.7442,2.6163,1.7323,2.5966,239.48411,392.915145,438.323156,322.027835,314.055377
2015-07-01,12.3375,0.9366,0.04,0.000159,1.8732,2.8098,1.8614,2.7901,241.727143,400.275314,450.639298,328.021919,322.81799
2015-07-02,12.3463,0.0714,0.04,0.000159,0.1427,0.2141,0.1308,0.1944,241.899627,400.846544,451.603954,328.451117,323.445488
2015-07-03,12.3463,0.0,0.0401,0.000159,0.0,0.0,-0.0119,-0.0197,241.899627,400.846544,451.603954,328.412145,323.381823
2015-07-06,12.2054,-1.1412,0.0402,0.00016,-2.2824,-3.4236,-2.2943,-3.4433,239.139031,391.697498,436.142631,320.877394,312.246716
2015-07-07,12.2582,0.4329,0.0403,0.00016,0.8658,1.2987,0.8539,1.279,240.174268,395.08883,441.806841,323.617487,316.240417
2015-07-08,11.8884,-3.0172,0.0404,0.00016,-6.0345,-9.0517,-6.0464,-9.0714,232.927624,371.247241,401.815668,304.050426,287.552928
2015-07-09,11.8179,-0.5926,0.0404,0.00016,-1.1852,-1.7778,-1.1971,-1.7975,231.547289,366.847199,394.672156,300.410723,282.384181
2015-07-10,11.8179,0.0,0.0405,0.000161,0.0,0.0,-0.0119,-0.0197,231.547289,366.847199,394.672156,300.375073,282.32859
2015-07-13,11.994,1.4903,0.0406,0.000161,2.9806,4.471,2.9688,4.4513,234.99808,377.781581,412.317771,309.292516,294.895792
2015-07-14,11.994,0.0,0.0407,0.000161,0.0,0.0,-0.0119,-0.0197,234.99808,377.781581,412.317771,309.25581,294.837733
2015-07-15,12.0205,0.2202,0.0407,0.000162,0.4405,0.6607,0.4286,0.6411,235.515662,379.445703,415.042151,310.581374,296.727817
2015-07-16,12.0821,0.5128,0.0408,0.000162,1.0257,1.5385,1.0138,1.5188,236.723476,383.337589,421.427636,313.730074,301.234596
2015-07-17,12.0645,-0.1458,0.0408,0.000162,-0.2916,-0.4373,-0.3034,-0.457,236.378378,382.219922,419.584552,312.778121,299.857857
2015-07-20,11.9764,-0.7299,0.041,0.000163,-1.4598,-2.1898,-1.4717,-2.2095,234.653001,376.640109,410.396635,308.174926,293.23263
2015-07-21,12.0909,0.9559,0.0411,0.000163,1.9118,2.8677,1.8999,2.848,236.896035,383.840668,422.165502,314.029998,301.583866
2015-07-22,11.9412,-1.2382,0.0411,0.000163,-2.4764,-3.7146,-2.4882,-3.7342,233.962824,374.335355,406.483937,306.216181,290.321985
2015-07-23,11.8267,-0.9587,0.0412,0.000163,-1.9174,-2.8761,-1.9292,-2.8958,231.719847,367.157927,394.793179,300.308509,281.914955
2015-07-24,11.7563,-0.5957,0.0412,0.000164,-1.1914,-1.7871,-1.2033,-1.8068,230.339512,362.78367,387.737931,296.695038,276.821409
2015-07-27,11.589,-1.4232,0.0414,0.000164,-2.8464,-4.2696,-2.8583,-4.2893,227.061315,352.457382,371.183051,288.21468,264.94771
2015-07-28,11.5978,0.076,0.0415,0.000164,0.152,0.228,0.1401,0.2083,227.233892,352.993149,372.029399,288.618579,265.499649
2015-07-29,11.5185,-0.6834,0.0415,0.000165,-1.3668,-2.0502,-1.3787,-2.0699,225.68098,348.168452,364.402072,284.639488,260.0041
2015-07-30,11.7122,1.682,0.0416,0.000165,3.3639,5.0459,3.352,5.0262,229.476832,359.880524,382.789307,294.180714,273.072348
2015-07-31,11.6506,-0.5263,0.0416,0.000165,-1.0526,-1.5789,-1.0645,-1.5986,228.269074,356.092353,376.745338,291.049188,268.706948
2015-08-03,11.4921,-1.3605,0.0418,0.000166,-2.7211,-4.0816,-2.733,-4.1013,225.163361,346.402731,361.367923,283.0949,257.686352
2015-08-04,11.5009,0.0766,0.0418,0.000166,0.1533,0.2299,0.1414,0.2102,225.335938,346.933734,362.198837,283.495248,258.228108
2015-08-05,11.5713,0.6125,0.0419,0.000166,1.2251,1.8376,1.2132,1.8179,226.71618,351.183855,368.854526,286.934555,262.922389
2015-08-06,11.4481,-1.0654,0.0419,0.000166,-2.1308,-3.1963,-2.1427,-3.216,224.300701,343.700689,357.064977,280.786372,254.466916
2015-08-07,11.3952,-0.4616,0.042,0.000167,-0.9231,-1.3847,-0.935,-1.4044,223.265426,340.527941,352.120805,278.161058,250.893262
2015-08-10,11.3688,-0.2318,0.0422,0.000167,-0.4637,-0.6955,-0.4756,-0.7152,222.747788,338.948924,349.671645,276.838205,249.098761
2015-08-11,11.3688,0.0,0.0422,0.000168,0.0,0.0,-0.0119,-0.0197,222.747788,338.948924,349.671645,276.805334,249.049688
2015-08-12,11.1751,-1.7041,0.0423,0.000168,-3.4082,-5.1123,-3.42,-5.132,218.951973,327.396958,331.795523,267.338461,236.268557
2015-08-13,11.1927,0.1576,0.0423,0.000168,0.3152,0.4728,0.3033,0.4531,219.297015,328.428834,333.364132,268.149303,237.339002
2015-08-14,11.1486,-0.3934,0.0424,0.000168,-0.7868,-1.1801,-0.7986,-1.1998,218.434355,325.844918,329.430014,266.007794,234.491343
2015-08-17,11.0782,-0.6319,0.0425,0.000169,-1.2638,-1.8957,-1.2757,-1.9154,217.054038,321.7268,323.184874,262.614326,229.999793
2015-08-18,11.0166,-0.5564,0.0426,0.000169,-1.1129,-1.6693,-1.1248,-1.6891,215.846242,318.146307,317.789793,259.660508,226.114978
2015-08-19,10.8492,-1.5188,0.0427,0.000169,-3.0376,-4.5563,-3.0494,-4.576,212.568009,308.48241,303.310192,251.742318,215.767846
2015-08-20,10.814,-0.3247,0.0427,0.000169,-0.6494,-0.974,-0.6612,-0.9937,211.87785,306.47927,300.355861,250.077725,213.623688
2015-08-21,10.5322,-2.6058,0.0428,0.00017,-5.2117,-7.8175,-5.2235,-7.8372,206.356677,290.506622,276.875585,237.014833,196.881594
2015-08-24,10.1271,-3.8462,0.0429,0.00017,-7.6924,-11.5385,-7.7042,-11.5582,198.419837,268.159833,244.928223,218.754671,174.125562
2015-08-25,10.5674,4.3478,0.043,0.000171,8.6956,13.0435,8.6838,13.0238,207.046779,291.47806,276.875355,237.750818,196.803259
2015-08-26,10.6291,0.5833,0.043,0.000171,1.1667,1.75,1.1548,1.7303,208.254537,294.878596,281.720616,240.496307,200.208492
2015-08-27,10.5939,-0.3314,0.0431,0.000171,-0.6628,-0.9942,-0.6747,-1.0139,207.564398,292.924186,278.919814,238.873769,198.178609
2015-08-28,10.8845,2.7431,0.0432,0.000171,5.4863,8.2294,5.4744,8.2097,213.258167,308.99479,301.873245,251.950651,214.448466
2015-08-31,10.9725,0.809,0.0433,0.000172,1.6181,2.4271,1.6062,2.4074,214.983525,313.994616,309.200133,255.997521,219.611167
2015-09-01,10.8757,-0.8828,0.0434,0.000172,-1.7656,-2.6484,-1.7775,-2.6681,213.085627,308.450658,301.011175,251.447164,213.751628
2015-09-02,10.9373,0.5668,0.0434,0.000172,1.1336,1.7004,1.1217,1.6807,214.293423,311.947331,306.129682,254.267763,217.344211
2015-09-03,10.9461,0.0805,0.0435,0.000173,0.161,0.2415,0.1492,0.2218,214.465963,312.449664,306.869128,254.64701,217.82636
2015-09-04,10.8052,-1.2872,0.0435,0.000173,-2.5745,-3.8617,-2.5863,-3.8814,211.705292,304.40577,295.018791,248.060973,209.371644
2015-09-07,10.7876,-0.163,0.0437,0.000173,-0.3259,-0.4889,-0.3378,-0.5086,211.360287,303.413624,293.576463,247.223001,208.306769
2015-09-08,10.8228,0.3265,0.0438,0.000174,0.653,0.9795,0.6411,0.9598,212.050408,305.395,296.452168,248.808067,210.306159
2015-09-09,11.2984,4.3938,0.0438,0.000174,8.7876,13.1814,8.7757,13.1617,221.367509,332.231976,335.528839,270.642835,237.986087
2015-09-10,11.1751,-1.0912,0.0439,0.000174,-2.1824,-3.2736,-2.1943,-3.2933,218.951973,324.981426,324.545088,264.704238,230.148545
2015-09-11,11.1839,0.0788,0.0439,0.000174,0.1576,0.2364,0.1457,0.2167,219.124532,325.493668,325.31242,265.090021,230.647322
2015-09-14,11.2103,0.2362,0.0441,0.000175,0.4724,0.7086,0.4605,0.6889,219.642132,327.031383,327.617708,266.310878,232.236305
2015-09-15,11.1222,-0.7856,0.0441,0.000175,-1.5711,-2.3567,-1.583,-2.3764,217.916698,321.89329,319.896751,262.095143,226.717413
2015-09-16,11.2543,1.1877,0.0442,0.000175,2.3753,3.563,2.3634,3.5432,220.504792,329.53924,331.294539,268.289562,234.750561
2015-09-17,11.4481,1.7215,0.0442,0.000176,3.4429,5.1644,3.431,5.1447,224.300701,340.885032,348.403878,277.494695,246.827709
2015-09-18,11.4216,-0.2308,0.0443,0.000176,-0.4616,-0.6923,-0.4734,-0.7121,223.783063,339.311654,345.991756,276.180927,245.070168
2015-09-21,11.1751,-2.1588,0.0445,0.000176,-4.3177,-6.4765,-4.3295,-6.4962,218.951973,324.661349,323.583662,264.223571,229.14992
2015-09-22,11.2367,0.5516,0.0445,0.000177,1.1032,1.6549,1.0914,1.6351,220.15975,328.243126,328.938494,267.107179,232.896827
2015-09-23,10.9813,-2.2727,0.0446,0.000177,-4.5455,-6.8182,-4.5574,-6.8379,215.156084,313.322876,306.510707,254.934115,216.971459
2015-09-24,10.9197,-0.5613,0.0446,0.000177,-1.1227,-1.684,-1.1346,-1.7037,213.948325,309.805259,301.349,252.041723,213.274827
2015-09-25,10.9637,0.4032,0.0447,0.000177,0.8064,1.2097,0.7946,1.1899,214.811005,312.303644,304.994285,254.044329,215.812661
2015-09-29,10.9637,0.0,0.0449,0.000178,0.0,0.0,-0.0119,-0.0197,214.811005,312.303644,304.994285,254.014137,215.7701
2015-09-30,10.9901,0.241,0.045,0.000178,0.4819,0.7229,0.4701,0.7032,215.328642,313.808781,307.199151,255.208161,217.287391
2015-10-01,11.2015,1.9231,0.045,0.000179,3.8462,5.7693,3.8343,5.7495,219.469592,325.878393,324.922242,264.993563,229.780393
2015-10-02,11.1398,-0.5503,0.0451,0.000179,-1.1006,-1.6509,-1.1125,-1.6706,218.261834,322.291724,319.558024,262.045507,225.941575
2015-10-05,11.1663,0.2371,0.0452,0.000179,0.4743,0.7114,0.4624,0.6917,218.779415,323.820275,321.831403,263.257179,227.504389
2015-10-06,11.2543,0.7886,0.0453,0.00018,1.5773,2.3659,1.5654,2.3462,220.504792,328.927813,329.445655,267.37818,232.842072
2015-10-07,11.4216,1.4867,0.0453,0.00018,2.9734,4.4601,2.9615,4.4404,223.783063,338.708231,344.139378,275.296684,243.181216
2015-10-08,11.3952,-0.2313,0.0454,0.00018,-0.4626,-0.6939,-0.4745,-0.7137,223.265426,337.141284,341.751269,273.990372,241.445724
2015-10-12,11.5449,1.3138,0.0456,0.000181,2.6275,3.9413,2.6156,3.9215,226.19858,345.999686,355.220563,281.15691,250.914089
2015-10-13,11.5009,-0.3814,0.0457,0.000181,-0.7627,-1.1441,-0.7746,-1.1638,225.335938,343.360644,351.156504,278.97902,247.993896
2015-10-14,11.4569,-0.3829,0.0457,0.000181,-0.7657,-1.1486,-0.7776,-1.1683,224.473222,340.731476,347.123212,276.809669,245.096578
2015-10-15,11.6242,1.4604,0.0458,0.000182,2.9208,4.3812,2.9089,4.3614,227.751399,350.683472,362.331237,284.861746,255.786299
2015-10-16,11.5801,-0.3788,0.0458,0.000182,-0.7575,-1.1363,-0.7694,-1.156,226.888757,348.026941,358.214089,282.669969,252.829351
2015-10-19,11.6154,0.3042,0.046,0.000183,0.6083,0.9125,0.5964,0.8928,227.578878,350.144108,361.482797,284.355941,255.086539
2015-10-20,11.6154,0.0,0.0461,0.000183,0.0,0.0,-0.0119,-0.0197,227.578878,350.144108,361.482797,284.322134,255.036209
2015-10-21,11.5361,-0.6823,0.0461,0.000183,-1.3646,-2.0469,-1.3765,-2.0667,226.026078,345.365951,354.083465,280.408396,249.765452
2015-10-22,11.5361,0.0,0.0462,0.000183,0.0,0.0,-0.0119,-0.0197,226.026078,345.365951,354.083465,280.375057,249.716169
2015-10-23,11.6066,0.6107,0.0462,0.000183,1.2214,1.8321,1.2095,1.8123,227.406395,349.584176,360.570513,283.766161,254.241864
2015-10-26,11.7246,1.0172,0.0464,0.000184,2.0344,3.0516,2.0225,3.0319,229.719591,356.696173,371.573771,289.505405,261.950201
2015-10-27,11.6611,-0.5422,0.0464,0.000184,-1.0844,-1.6267,-1.0963,-1.6464,228.473995,352.827985,365.529478,286.331443,257.637434
2015-10-28,11.5793,-0.7009,0.0465,0.000184,-1.4018,-2.1028,-1.4137,-2.1225,226.872576,347.881903,357.843274,282.283488,252.169097
2015-10-29,11.4976,-0.7059,0.0465,0.000185,-1.4118,-2.1177,-1.4237,-2.1374,225.2711,342.970562,350.265313,278.264689,246.779208
2015-10-30,11.4794,-0.158,0.0466,0.000185,-0.3159,-0.4739,-0.3278,-0.4936,224.915258,341.887038,348.605458,277.352497,245.561057
2015-11-02,11.4976,0.1582,0.0468,0.000186,0.3164,0.4746,0.3045,0.4549,225.2711,342.968848,350.260061,278.197121,246.67811
2015-11-03,11.6792,1.5798,0.0468,0.000186,3.1596,4.7393,3.1477,4.7196,228.829893,353.805169,366.860098,286.953854,258.320354
2015-11-04,11.9063,1.944,0.0469,0.000186,3.888,5.832,3.8761,5.8123,233.278346,367.561114,388.25538,298.076495,273.334613
2015-11-05,11.879,-0.2288,0.0469,0.000186,-0.4577,-0.6865,-0.4695,-0.7062,232.744546,365.878968,385.590098,296.676896,271.404286
2015-11-06,11.6429,-1.9878,0.047,0.000186,-3.9755,-5.9633,-3.9874,-5.983,228.118134,351.333349,362.596238,284.847142,255.166089
2015-11-09,11.5612,-0.702,0.0472,0.000187,-1.4041,-2.1061,-1.416,-2.1258,226.516678,346.400421,354.95964,280.813842,249.741697
2015-11-10,11.4249,-1.1783,0.0472,0.000187,-2.3567,-3.535,-2.3686,-3.5547,223.847565,338.236944,342.411857,274.162617,240.864057
2015-11-11,11.2887,-1.1924,0.0473,0.000188,-2.3847,-3.5771,-2.3966,-3.5968,221.178489,330.170919,330.163479,267.591981,232.200588
2015-11-12,11.3069,0.1609,0.0473,0.000188,0.3218,0.4827,0.3099,0.463,221.534368,331.233418,331.757192,268.421272,233.275592
2015-11-13,11.1888,-1.0442,0.0474,0.000188,-2.0884,-3.1326,-2.1003,-3.1523,219.221134,324.316023,321.364692,262.783703,225.922039
2015-11-16,11.1071,-0.7305,0.0475,0.000189,-1.461,-2.1915,-1.4729,-2.2112,217.619734,319.577795,314.322028,258.913199,220.926385
2015-11-17,11.325,1.9624,0.0476,0.000189,3.9247,5.8871,3.9128,5.8673,221.89021,332.12031,332.82639,269.044003,233.888862
2015-11-18,11.1525,-1.5236,0.0476,0.000189,-3.0473,-4.5709,-3.0591,-4.5906,218.509432,321.999764,317.613296,260.813548,223.151906
2015-11-19,11.316,1.4658,0.0477,0.000189,2.9316,4.3974,2.9197,4.3776,221.712327,331.43946,331.579951,268.428493,232.920679
2015-11-20,11.316,0.0,0.0478,0.000189,0.0,0.0,-0.0119,-0.0197,221.712327,331.43946,331.579951,268.396561,232.874691
2015-11-23,11.3704,0.4815,0.0479,0.00019,0.9631,1.4446,0.9512,1.4249,222.779946,334.631444,336.369956,270.949469,236.192818
2015-11-24,11.2524,-1.0383,0.048,0.00019,-2.0767,-3.115,-2.0886,-3.1347,220.466749,327.68227,325.892041,265.290523,228.78878
2015-11-25,11.2524,0.0,0.048,0.000191,0.0,0.0,-0.0119,-0.0197,220.466749,327.68227,325.892041,265.258961,228.743602
2015-11-26,11.4068,1.3721,0.0481,0.000191,2.7441,4.1162,2.7322,4.0964,223.491667,336.67421,339.306262,272.506383,238.113874
2015-11-27,11.2524,-1.3535,0.0481,0.000191,-2.707,-4.0604,-2.7189,-4.0802,220.466749,327.560566,325.528923,265.097317,228.398374
2015-11-30,11.1161,-1.2107,0.0483,0.000192,-2.4213,-3.632,-2.4332,-3.6518,217.797617,319.62919,313.705649,258.646851,220.057796
2015-12-01,11.3341,1.9608,0.0484,0.000192,3.9216,5.8824,3.9097,5.8627,222.068206,332.163806,332.159125,268.759202,232.959055
2015-12-02,11.316,-0.1603,0.0484,0.000192,-0.3205,-0.4808,-0.3324,-0.5005,221.712327,331.099176,330.562203,267.865814,231.79305
2015-12-03,11.3341,0.1605,0.0485,0.000192,0.321,0.4815,0.3091,0.4618,222.068206,332.162097,332.153998,268.693866,232.863452
2015-12-04,11.216,-1.0417,0.0485,0.000193,-2.0834,-3.125,-2.0953,-3.1448,219.754972,325.241983,321.774081,263.064049,225.540404
2015-12-07,11.3523,1.2146,0.0487,0.000193,2.4291,3.6437,2.4172,3.624,222.424048,333.14256,333.498586,269.422934,233.713888
2015-12-08,11.1706,-1.6,0.0487,0.000193,-3.2,-4.8,-3.2119,-4.8197,218.865274,322.482031,317.490703,260.769366,222.449493
2015-12-09,11.0344,-1.2195,0.0488,0.000194,-2.439,-3.6585,-2.4509,-3.6783,216.196179,314.616598,305.875164,254.378093,214.267141
2015-12-10,10.9981,-0.3292,0.0488,0.000194,-0.6585,-0.9877,-0.6704,-1.0074,215.484402,312.54499,302.854089,252.672856,212.108538
2015-12-11,10.8709,-1.1561,0.0489,0.000194,-2.3121,-3.4682,-2.324,-3.4879,212.993285,305.318608,292.350613,246.800714,204.710368
2015-12-14,10.7892,-0.7519,0.0491,0.000195,-1.5038,-2.2557,-1.5157,-2.2755,211.391791,300.727234,285.756071,243.059959,200.052284
2015-12-15,10.7983,0.0842,0.0491,0.000195,0.1684,0.2527,0.1565,0.2329,211.569824,301.233776,286.478057,243.440439,200.518213
2015-12-16,10.9618,1.5138,0.0492,0.000195,3.0277,4.5415,3.0158,4.5218,214.772662,310.354199,299.488556,250.782087,209.585203
2015-12-17,11.0889,1.1599,0.0492,0.000195,2.3198,3.4797,2.3079,3.4599,217.263798,317.553761,309.909809,256.569854,216.836698
2015-12-18,11.0344,-0.4914,0.0493,0.000196,-0.9828,-1.4742,-0.9947,-1.4939,216.196179,314.432887,305.341184,254.017785,213.597299
2015-12-21,11.0162,-0.1646,0.0495,0.000196,-0.3292,-0.4938,-0.3411,-0.5136,215.840319,313.397769,303.833402,253.15132,212.500349
2015-12-22,11.0435,0.2473,0.0495,0.000196,0.4946,0.742,0.4827,0.7222,216.374138,314.947968,306.087735,254.373381,214.035038
2015-12-23,11.0617,0.1645,0.0496,0.000197,0.329,0.4934,0.3171,0.4737,216.730036,315.984037,307.598119,255.179903,215.0489
2015-12-24,11.1161,0.4926,0.0496,0.000197,0.9852,1.4778,0.9733,1.458,217.797617,319.097023,312.143674,257.663489,218.184311
2015-12-25,11.1888,0.6536,0.0497,0.000197,1.3072,1.9608,1.2953,1.941,219.221134,323.268235,318.264152,261.000976,222.419332
2015-12-28,11.1616,-0.2435,0.0498,0.000198,-0.487,-0.7305,-0.4989,-0.7502,218.687353,321.693984,315.939328,259.698884,220.750674
2015-12-29,11.0798,-0.7323,0.0499,0.000198,-1.4646,-2.1969,-1.4765,-2.2167,217.085878,316.982372,308.998336,255.864353,215.857296
2015-12-30,10.9981,-0.7377,0.0499,0.000198,-1.4754,-2.2131,-1.4873,-2.2329,215.484402,312.305518,302.159754,252.058793,211.037404
2015-12-31,11.0344,0.3303,0.05,0.000198,0.6606,0.9909,0.6487,0.9712,216.196179,314.368702,305.153991,253.693962,213.086963
2016-01-04,10.8165,-1.9753,0.053,0.00021,-3.9506,-5.9259,-3.9625,-5.9457,211.925666,301.949279,287.07091,243.641319,200.417511
2016-01-05,10.7256,-0.8396,0.0537,0.000213,-1.6792,-2.5189,-1.6912,-2.5387,210.146288,296.878805,279.839966,239.520939,195.329588
2016-01-06,10.6166,-1.0161,0.0544,0.000216,-2.0322,-3.0483,-2.0441,-3.0681,208.010994,290.845641,271.309614,234.624843,189.336693
2016-01-07,10.4168,-1.882,0.0552,0.000219,-3.7639,-5.6459,-3.7758,-5.6657,204.096322,279.898477,255.991845,225.765799,178.609509
2016-01-08,10.435,0.1744,0.0559,0.000222,0.3487,0.5231,0.3368,0.5033,204.452183,280.874534,257.33088,226.526156,179.508395
2016-01-11,10.2715,-1.5666,0.0581,0.000231,-3.1331,-4.6997,-3.1451,-4.7195,201.249288,272.074319,245.237045,219.401716,171.03641
2016-01-12,10.2625,-0.0884,0.0589,0.000234,-0.1768,-0.2651,-0.1887,-0.285,201.071423,271.593399,244.586821,218.987704,170.549002
2016-01-13,10.3805,1.1504,0.0596,0.000236,2.3008,3.4512,2.2889,3.4314,203.384545,277.842209,253.027987,224.000011,176.401145
2016-01-14,10.2988,-0.7874,0.0603,0.000239,-1.5748,-2.3622,-1.5867,-2.382,201.783107,273.466782,247.051004,220.445727,172.199224
2016-01-15,10.2988,0.0,0.0611,0.000242,0.0,0.0,-0.0119,-0.0198,201.783107,273.466782,247.051004,220.419386,172.165043
2016-01-18,10.3714,0.7055,0.0633,0.000251,1.4109,2.1164,1.399,2.0965,203.206624,277.325229,252.279608,223.50301,175.77455
2016-01-19,10.3987,0.2627,0.064,0.000254,0.5254,0.7881,0.5134,0.7682,203.740424,278.782231,254.267736,224.650511,177.124836
2016-01-20,10.1535,-2.3581,0.0648,0.000257,-4.7161,-7.0742,-4.7281,-7.0941,198.936092,265.634496,236.280337,214.028823,164.559467
2016-01-21,10.1353,-0.1789,0.0655,0.00026,-0.3578,-0.5367,-0.3697,-0.5566,198.580212,264.684102,235.012282,213.237454,163.643597
2016-01-22,10.2715,1.3441,0.0662,0.000263,2.6882,4.0322,2.6762,4.0123,201.249288,271.799231,244.488537,218.944093,170.209547
2016-01-25,10.4532,1.7683,0.0684,0.000272,3.5367,5.305,3.5247,5.2851,204.808062,281.411906,257.458711,226.661225,179.205317
2016-01-26,10.3533,-0.9557,0.0692,0.000275,-1.9113,-2.867,-1.9233,-2.8869,202.850782,276.033193,250.077379,222.301823,174.03182
2016-01-27,10.3987,0.4386,0.0699,0.000277,0.8771,1.3157,0.8652,1.2958,203.740424,278.454389,253.36767,224.22508,176.286906
2016-01-28,10.4532,0.524,0.0707,0.00028,1.048,1.5721,1.0361,1.5521,204.808062,281.372695,257.350752,226.548165,179.023108
2016-01-29,10.7165,2.5196,0.0714,0.000283,5.0391,7.5587,5.0271,7.5387,209.968311,295.551368,276.803023,237.937008,192.519176
2016-02-01,10.8165,0.9322,0.0736,0.000292,1.8644,2.7966,1.8524,2.7767,211.925666,301.061712,284.544215,242.344625,197.864843
2016-02-02,10.7801,-0.3359,0.0743,0.000295,-0.6717,-1.0076,-0.6837,-1.0275,211.213907,299.039463,281.677265,240.687697,195.831755
2016-02-03,10.7075,-0.674,0.0751,0.000298,-1.348,-2.0219,-1.36,-2.0419,209.790372,295.008541,275.981935,237.414439,191.833075
2016-02-15,10.7165,0.0848,0.0839,0.000333,0.1696,0.2545,0.1576,0.2344,209.968311,295.508981,276.68418,237.788595,192.282774
2016-02-16,10.9436,2.1187,0.0847,0.000336,4.2373,6.356,4.2253,6.3359,214.41682,308.030627,294.270151,247.835812,204.465686
2016-02-17,10.8891,-0.4979,0.0854,0.000339,-0.9958,-1.4938,-1.0079,-1.5138,213.349201,304.96315,289.874482,245.337923,201.370494
2016-02-18,11.0617,1.5846,0.0861,0.000342,3.1693,4.7539,3.1572,4.7339,216.730036,314.628336,303.654954,253.08385,210.903163
2016-02-19,11.0526,-0.0821,0.0869,0.000345,-0.1642,-0.2463,-0.1763,-0.2664,216.552077,314.111649,302.906956,252.637733,210.341345
2016-02-22,11.0435,-0.0822,0.0891,0.000354,-0.1643,-0.2465,-0.1764,-0.2666,216.374138,313.595442,302.160265,252.192083,209.780616
2016-02-23,11.0526,0.0822,0.0898,0.000356,0.1645,0.2467,0.1524,0.2266,216.552077,314.111225,302.905727,252.576452,210.256048
2016-02-24,10.9527,-0.9039,0.0906,0.000359,-1.8078,-2.7116,-1.8198,-2.7317,214.594704,308.432841,294.692005,247.979995,204.512427
2016-02-25,11.098,1.3267,0.0913,0.000362,2.6534,3.9801,2.6414,3.96,217.441757,316.616869,306.421143,254.530026,212.611211
2016-02-26,11.1252,0.2455,0.092,0.000365,0.491,0.7366,0.479,0.7165,217.975613,318.171565,308.67809,255.749128,214.134474
2016-03-01,11.2342,0.9796,0.095,0.000377,1.9592,2.9387,1.9471,2.9186,220.110851,324.405033,317.749306,260.728743,220.384226
2016-03-02,11.325,0.8084,0.0957,0.00038,1.6168,2.4252,1.6047,2.4051,221.89021,329.649963,325.455287,264.912652,225.684581
2016-03-03,11.434,0.9623,0.0965,0.000383,1.9247,2.887,1.9126,2.8669,224.025542,335.99465,334.851217,269.979331,232.154687
2016-03-04,11.4613,0.2383,0.0972,0.000386,0.4765,0.7148,0.4644,0.6947,224.559323,337.595787,337.244748,271.233234,233.767391
2016-03-07,11.4613,0.0,0.0994,0.000395,0.0,0.0,-0.0121,-0.0202,224.559323,337.595787,337.244748,271.200413,233.720277
2016-03-08,11.4522,-0.0792,0.1002,0.000397,-0.1585,-0.2377,-0.1706,-0.2579,224.381402,337.060825,336.44314,270.737836,233.117621
2016-03-09,11.4613,0.0793,0.1009,0.0004,0.1586,0.2379,0.1465,0.2177,224.559323,337.595363,337.243477,271.134416,233.625156
2016-03-10,11.4885,0.2377,0.1016,0.000403,0.4754,0.7132,0.4633,0.693,225.093142,339.200415,339.648547,272.390656,235.24414
2016-03-11,11.543,0.4743,0.1024,0.000406,0.9486,1.4229,0.9365,1.4028,226.16078,342.418134,344.481501,274.941611,238.544028
2016-03-14,11.6247,0.7081,0.1046,0.000415,1.4162,2.1243,1.4041,2.1041,227.762255,347.267553,351.799462,278.802082,243.563342
2016-03-15,11.4522,-1.4844,0.1053,0.000418,-2.9688,-4.4531,-2.9809,-4.4733,224.381402,336.958026,336.13336,270.491326,232.667937
2016-03-16,11.5521,0.8723,0.1061,0.000421,1.7447,2.617,1.7325,2.5968,226.338757,342.836823,344.929974,275.177696,238.709845
2016-03-17,11.6792,1.1006,0.1068,0.000424,2.2012,3.3019,2.1891,3.2817,228.829893,350.383504,356.319109,281.201654,246.54348
2016-03-18,11.7519,0.6221,0.1075,0.000427,1.2441,1.8662,1.232,1.846,230.253373,354.742758,362.96876,284.666072,251.094644
2016-03-21,11.7337,-0.1546,0.1098,0.000436,-0.3091,-0.4637,-0.3212,-0.4839,229.897512,353.646235,361.285836,283.751595,249.879619
2016-03-22,11.6974,-0.3096,0.1105,0.000438,-0.6192,-0.9287,-0.6313,-0.949,229.185791,351.456586,357.930409,281.960247,247.508292
2016-03-23,11.6883,-0.0776,0.1112,0.000441,-0.1553,-0.2329,-0.1674,-0.2532,229.007851,350.910845,357.096719,281.488168,246.881681
2016-03-24,11.6883,0.0,0.112,0.000444,0.0,0.0,-0.0122,-0.0203,229.007851,350.910845,357.096719,281.453965,246.831678
2016-03-25,11.6338,-0.4662,0.1127,0.000447,-0.9324,-1.3986,-0.9446,-1.4189,227.940195,347.638885,352.102262,278.795428,243.329413
2016-03-28,11.6429,0.0781,0.1149,0.000456,0.1561,0.2342,0.144,0.2139,228.118134,348.181648,352.926859,279.196798,243.849932
2016-03-29,11.5612,-0.702,0.1157,0.000459,-1.4041,-2.1061,-1.4162,-2.1264,226.516678,343.292972,345.493907,275.242745,238.664776
2016-03-30,11.7519,1.6496,0.1164,0.000462,3.2993,4.9489,3.2871,4.9286,230.253373,354.619123,362.592056,284.290246,250.427636
2016-03-31,11.7428,-0.0773,0.1171,0.000465,-0.1545,-0.2318,-0.1667,-0.2521,230.07547,354.071139,361.7516,283.816338,249.796343
2016-04-01,11.6066,-1.1601,0.1179,0.000468,-2.3202,-3.4803,-2.3323,-3.5006,227.406395,345.856073,349.161699,277.196753,241.052068
2016-04-06,11.3341,-2.3474,0.1216,0.000482,-4.6948,-7.0423,-4.707,-7.0626,222.068206,329.618666,324.572799,264.149009,224.027531
2016-04-07,11.2887,-0.4007,0.1223,0.000485,-0.8013,-1.202,-0.8135,-1.2223,221.178489,326.97743,320.671594,262.000177,221.289273
2016-04-08,11.3977,0.9654,0.123,0.000488,1.9308,2.8963,1.9186,2.8759,223.313783,333.29082,329.959046,267.027015,227.653351
2016-04-11,11.4431,0.3984,0.1252,0.000497,0.7968,1.1951,0.7846,1.1748,224.203425,335.946362,333.902539,269.122004,230.327793
2016-04-12,11.434,-0.0793,0.126,0.0005,-0.1587,-0.238,-0.1709,-0.2584,224.025542,335.413281,333.107781,268.66211,229.732659
2016-04-13,11.6338,1.7474,0.1267,0.000503,3.4948,5.2422,3.4826,5.2219,227.940195,347.135396,350.570095,278.018586,241.729001
2016-04-14,11.6701,0.3122,0.1275,0.000506,0.6245,0.9367,0.6123,0.9163,228.651916,349.303189,353.853958,279.720806,243.944071
2016-04-15,11.6701,0.0,0.1282,0.000509,0.0,0.0,-0.0122,-0.0204,228.651916,349.303189,353.853958,279.686638,243.894349
2016-04-18,11.5975,-0.6225,0.1304,0.000517,-1.2451,-1.8676,-1.2573,-1.888,227.228455,344.95405,347.245258,276.170099,239.289538
2016-04-19,11.5521,-0.3915,0.1311,0.00052,-0.7831,-1.1746,-0.7953,-1.195,226.338757,342.25276,343.16641,273.97368,236.429941
2016-04-20,11.3795,-1.4937,0.1319,0.000523,-2.9875,-4.4812,-2.9997,-4.5017,222.957829,332.027982,327.788299,265.755229,225.786689
2016-04-21,11.434,0.4789,0.1326,0.000526,0.9578,1.4367,0.9455,1.4162,224.025542,335.208049,332.49749,268.268046,228.984367
2016-04-22,11.4794,0.3971,0.1334,0.000529,0.7943,1.1914,0.7821,1.171,224.915258,337.870605,336.459029,270.366073,231.665833
2016-04-25,11.4885,0.0791,0.1356,0.000538,0.1582,0.2373,0.1459,0.2168,225.093142,338.405043,337.257337,270.760629,232.168145
2016-04-26,11.5339,0.3953,0.1363,0.000541,0.7905,1.1858,0.7783,1.1654,225.982859,341.080243,341.256528,272.867918,234.87372
2016-04-27,11.5157,-0.1575,0.137,0.000544,-0.315,-0.4724,-0.3272,-0.4929,225.62698,340.005973,339.644289,271.975063,233.71604
2016-04-28,11.3341,-1.5773,0.1378,0.000547,-3.1546,-4.7318,-3.1668,-4.7523,222.068206,329.280266,323.572844,263.36211,222.609141
2016-04-29,11.1888,-1.2821,0.1385,0.00055,-2.5641,-3.8462,-2.5764,-3.8667,219.221134,320.837055,311.127546,256.576855,214.001566
2016-05-03,11.0344,-1.3799,0.1415,0.000561,-2.7597,-4.1396,-2.772,-4.1601,216.196179,311.98282,298.248129,249.464552,205.098925
2016-05-04,10.9163,-1.07,0.1422,0.000564,-2.1399,-3.2099,-2.1522,-3.2304,213.882983,305.306684,288.674789,244.095637,198.473509
2016-05-05,10.9345,0.1664,0.143,0.000567,0.3328,0.4992,0.3205,0.4787,214.238862,306.322682,290.115764,244.877978,199.423542
2016-05-06,10.8437,-0.8306,0.1437,0.00057,-1.6611,-2.4917,-1.6734,-2.5122,212.459466,301.234255,282.886951,240.780166,194.413613
2016-05-09,10.8437,0.0,0.1459,0.000579,0.0,0.0,-0.0123,-0.0205,212.459466,301.234255,282.886951,240.750585,194.373714
2016-05-10,10.8982,0.5025,0.1466,0.000582,1.005,1.5076,0.9928,1.487,213.527122,304.261794,287.151662,243.140653,197.264125
2016-05-11,10.8709,-0.25,0.1474,0.000585,-0.5,-0.75,-0.5123,-0.7706,212.993285,302.740429,284.997945,241.89502,195.744082
2016-05-12,10.8619,-0.0836,0.1481,0.000588,-0.1671,-0.2507,-0.1794,-0.2712,212.815326,302.234543,284.283588,241.461069,195.213236
2016-05-13,10.7438,-1.0869,0.1489,0.000591,-2.1739,-3.2608,-2.1862,-3.2813,210.502167,295.664371,275.013675,236.182338,188.807618
2016-05-16,10.8255,0.7608,0.1511,0.000599,1.5215,2.2823,1.5092,2.2617,212.103568,300.16292,281.290196,239.7468,193.077868
2016-05-17,10.9073,0.755,0.1518,0.000602,1.5101,2.2651,1.4977,2.2445,213.705006,304.695538,287.661642,243.337594,197.411518
2016-05-18,10.8891,-0.1665,0.1525,0.000605,-0.333,-0.4995,-0.3453,-0.5201,213.349201,303.680943,286.224829,242.497353,196.384869
2016-05-19,10.8346,-0.5004,0.1533,0.000608,-1.0009,-1.5013,-1.0132,-1.5219,212.281545,300.641542,281.927793,240.040448,193.396162
2016-05-20,10.8982,0.5868,0.154,0.000611,1.1735,1.7603,1.1612,1.7397,213.527122,304.169614,286.890488,242.82779,196.760645
2016-05-23,11.2615,3.3333,0.1562,0.00062,6.6666,10.0,6.6543,9.9794,220.64467,324.447523,315.579444,258.986325,216.396104
2016-05-24,11.1434,-1.0484,0.157,0.000623,-2.0968,-3.1452,-2.1091,-3.1658,218.331455,317.644576,305.653941,253.524024,209.545482
2016-05-25,11.2615,1.0595,0.1577,0.000626,2.119,3.1785,2.1067,3.1579,220.64467,324.375446,315.369123,258.864918,216.162664
2016-05-26,11.2887,0.2419,0.1584,0.000629,0.4839,0.7258,0.4715,0.7052,221.178489,325.945008,317.658098,260.085562,217.687012
2016-05-27,11.3704,0.7241,0.1592,0.000632,1.4481,2.1722,1.4358,2.1515,222.779946,330.665058,324.558167,263.819804,222.370636
2016-05-30,11.4703,0.8786,0.1614,0.00064,1.7572,2.6358,1.7448,2.6151,224.737263,336.475423,333.112752,268.423007,228.185888
2016-05-31,11.4703,0.0,0.1621,0.000643,0.0,0.0,-0.0123,-0.0207,224.737263,336.475423,333.112752,268.389858,228.138764
2016-06-01,11.5702,0.8709,0.1629,0.000646,1.7419,2.6128,1.7295,2.5921,226.694561,342.336337,341.816263,273.031666,234.052405
2016-06-02,11.5702,0.0,0.1636,0.000649,0.0,0.0,-0.0124,-0.0207,226.694561,342.336337,341.816263,272.997932,234.004041
2016-06-03,11.5975,0.2355,0.1643,0.000652,0.471,0.7065,0.4587,0.6859,227.228455,343.948825,344.231321,274.250081,235.608999
2016-06-06,11.6338,0.3132,0.1666,0.000661,0.6265,0.9397,0.6141,0.919,227.940195,346.103503,347.465993,275.934211,237.774229
2016-06-07,11.7882,1.3271,0.1673,0.000664,2.6542,3.9813,2.6418,3.9606,230.965187,355.289776,361.299647,283.223919,247.191525
2016-06-08,11.8518,0.5393,0.168,0.000667,1.0785,1.6178,1.0662,1.5971,232.210708,359.121704,367.144767,286.243547,251.139434
2016-06-13,11.5793,-2.2988,0.1717,0.000681,-4.5977,-6.8965,-4.6101,-6.9172,226.872576,342.610499,341.82465,273.047574,233.767562
2016-06-14,11.652,0.6274,0.1725,0.000684,1.2549,1.8823,1.2425,1.8616,228.296074,346.909877,348.258924,276.440183,238.119374
2016-06-15,11.6701,0.1559,0.1732,0.000687,0.3117,0.4676,0.2993,0.4469,228.651916,347.991324,349.887403,277.267689,239.183449
2016-06-16,11.5067,-1.4008,0.1739,0.00069,-2.8016,-4.2024,-2.814,-4.2231,225.448984,338.242073,335.183845,269.465444,229.08246
2016-06-17,11.6338,1.105,0.1747,0.000693,2.21,3.315,2.1976,3.2942,227.940195,345.717221,346.295188,275.387217,236.629004
2016-06-20,11.7155,0.7026,0.1769,0.000702,1.4051,2.1077,1.3927,2.0869,229.541614,350.574971,353.593994,279.222573,241.567249
2016-06-21,11.761,0.3876,0.1776,0.000705,0.7752,1.1628,0.7628,1.142,230.431312,353.292612,357.705561,281.352439,244.325992
2016-06-22,11.7973,0.3089,0.1784,0.000708,0.6177,0.9266,0.6053,0.9058,231.143052,355.475062,361.020128,283.055555,246.539189
2016-06-23,11.77,-0.2309,0.1791,0.000711,-0.4618,-0.6928,-0.4743,-0.7136,230.609289,353.833314,358.51909,281.713126,244.779994
2016-06-24,11.4613,-2.6235,0.1798,0.000714,-5.2469,-7.8704,-5.2594,-7.8912,224.559323,335.267891,330.302166,266.896817,225.463908
2016-06-27,11.5793,1.0301,0.182,0.000722,2.0603,3.0904,2.0478,3.0696,226.872576,342.17528,340.509789,272.362413,232.384702
2016-06-28,11.6247,0.3921,0.1828,0.000725,0.7843,1.1764,0.7719,1.1556,227.762255,344.858956,344.51571,274.464688,235.070215
2016-06-29,11.7519,1.0937,0.1835,0.000728,2.1875,3.2812,2.175,3.2604,230.253373,352.402648,355.819986,280.434397,242.734411
2016-06-30,11.8881,1.1592,0.1843,0.000731,2.3184,3.4776,2.306,3.4568,232.922467,360.572743,368.193969,286.901102,251.125179
2016-07-01,12.0334,1.2223,0.185,0.000734,2.4446,3.6669,2.4322,3.6461,235.769501,369.387375,381.695381,293.879051,260.281444
2016-07-04,12.0425,0.0755,0.1872,0.000743,0.1509,0.2264,0.1385,0.2056,235.947441,369.944942,382.559599,294.286057,260.816491
2016-07-05,12.0062,-0.3017,0.188,0.000746,-0.6033,-0.905,-0.6158,-0.9258,235.235701,367.71305,379.097605,292.473973,258.401819
2016-07-06,11.7882,-1.8154,0.1887,0.000749,-3.6308,-5.4463,-3.6433,-5.4671,230.965187,354.361985,358.450975,281.818289,244.274683
2016-07-07,11.9335,1.2327,0.1894,0.000752,2.4653,3.698,2.4528,3.6771,233.812184,363.098084,371.706333,288.730857,253.256876
2016-07-08,11.9335,0.0,0.1902,0.000755,0.0,0.0,-0.0125,-0.0209,233.812184,363.098084,371.706333,288.694878,253.20401
2016-07-11,12.1696,1.9787,0.1924,0.000763,3.9574,5.9361,3.9449,5.9152,238.438595,377.467234,393.771049,300.083615,268.181456
2016-07-12,12.2786,0.8955,0.1931,0.000766,1.7911,2.6866,1.7786,2.6657,240.57389,384.227915,404.350087,305.420877,275.330366
2016-07-13,12.2877,0.0739,0.1939,0.000769,0.1479,0.2218,0.1354,0.2009,240.751792,384.796181,405.247127,305.834486,275.883625
2016-07-14,12.2968,0.0739,0.1946,0.000772,0.1478,0.2217,0.1353,0.2008,240.929731,385.364987,406.145682,306.248407,276.437656
2016-07-15,12.4421,1.1817,0.1953,0.000775,2.3634,3.5451,2.3509,3.5241,243.776765,394.472598,420.543787,313.447975,286.179717
2016-07-18,12.5602,0.9489,0.1975,0.000784,1.8978,2.8467,1.8853,2.8258,246.089999,401.959016,432.515594,319.357533,294.266617
2016-07-19,12.5783,0.1446,0.1983,0.000787,0.2892,0.4338,0.2767,0.4129,246.445879,403.12159,434.392021,320.241303,295.481648
2016-07-20,12.5692,-0.0722,0.199,0.00079,-0.1445,-0.2167,-0.1569,-0.2376,246.267883,402.53928,433.450802,319.738696,294.779526
2016-07-21,12.6328,0.5058,0.1998,0.000793,1.0116,1.5174,0.9991,1.4965,247.513535,406.611463,440.028138,322.933285,299.190857
2016-07-22,12.5874,-0.3595,0.2005,0.000796,-0.7189,-1.0784,-0.7314,-1.0993,246.623818,403.688237,435.282938,320.571267,295.901727
2016-07-25,12.5329,-0.4329,0.2027,0.000804,-0.8658,-1.2987,-0.8783,-1.3197,245.556162,400.193032,429.629802,317.755599,291.99671
2016-07-26,12.6056,0.5797,0.2034,0.000807,1.1594,1.7391,1.1469,1.7182,246.979679,404.832961,437.101641,321.399966,297.013665
2016-07-27,12.6601,0.4323,0.2042,0.00081,0.8646,1.2969,0.8521,1.2759,248.047335,408.333027,442.770217,324.138467,300.803172
2016-07-28,12.6968,0.2905,0.2049,0.000813,0.581,0.8715,0.5685,0.8505,248.767913,410.705443,446.628962,325.981132,303.361531
2016-07-29,12.6049,-0.7241,0.2057,0.000816,-1.4482,-2.1724,-1.4608,-2.1933,246.966543,404.757469,436.926617,321.219343,296.707758
2016-08-01,12.7428,1.0941,0.2079,0.000825,2.1882,3.2822,2.1756,3.2612,249.668561,413.614231,451.26763,328.2079,306.384089
2016-08-02,12.7428,0.0,0.2086,0.000828,0.0,0.0,-0.0125,-0.021,249.668561,413.614231,451.26763,328.166762,306.319685
2016-08-03,12.6417,-0.7936,0.2093,0.000831,-1.5873,-2.3809,-1.5998,-2.402,247.687084,407.048989,440.523267,322.916674,298.962021
2016-08-04,12.6693,0.2182,0.2101,0.000834,0.4363,0.6545,0.4238,0.6335,248.227461,408.825102,443.406528,324.285191,300.855873
2016-08-05,12.798,1.016,0.2108,0.000837,2.0319,3.0479,2.0194,3.0269,250.749372,417.132163,456.921128,330.833781,309.962374
2016-08-08,12.8807,0.6465,0.213,0.000845,1.2931,1.9396,1.2805,1.9186,252.370579,422.526056,465.783727,335.070233,315.909245
2016-08-09,12.9451,0.4996,0.2138,0.000848,0.9993,1.4989,0.9867,1.4779,253.631534,426.748311,472.765514,338.376485,320.577977
2016-08-10,12.9818,0.2841,0.2145,0.000851,0.5682,0.8523,0.5556,0.8312,254.352093,429.173068,476.79485,340.256627,323.242696
2016-08-11,12.8623,-0.9207,0.2152,0.000854,-1.8414,-2.7621,-1.854,-2.7832,252.010252,421.270204,463.62518,333.948347,314.24621
2016-08-12,12.9083,0.3574,0.216,0.000857,0.7148,1.0722,0.7022,1.0511,252.910937,424.281445,468.596171,336.293455,317.549319
2016-08-15,12.9359,0.2137,0.2182,0.000866,0.4274,0.6411,0.4148,0.62,253.451427,426.094887,471.600446,337.688544,319.518206
2016-08-16,12.8623,-0.5686,0.2189,0.000869,-1.1372,-1.7059,-1.1498,-1.727,252.010252,421.249168,463.555608,333.805752,314.000249
2016-08-17,12.8807,0.143,0.2197,0.000872,0.286,0.4289,0.2734,0.4078,252.370579,422.453779,465.543995,334.718323,315.280849
2016-08-18,12.8531,-0.2141,0.2204,0.000875,-0.4283,-0.6424,-0.4409,-0.6635,251.830164,420.644533,462.553311,333.242711,313.188895
2016-08-19,12.7244,-1.0015,0.2211,0.000878,-2.0029,-3.0044,-2.0155,-3.0255,249.308197,412.219398,448.656516,326.526222,303.713408
2016-08-22,12.6325,-0.7225,0.2234,0.000886,-1.445,-2.1676,-1.4576,-2.1887,247.506902,406.262684,438.93165,321.766685,297.066062
2016-08-23,12.7612,1.0189,0.2241,0.000889,2.0379,3.0568,2.0253,3.0357,250.028831,414.541772,452.348908,328.28333,306.083964
2016-08-24,12.7244,-0.2882,0.2248,0.000892,-0.5764,-0.8647,-0.589,-0.8858,249.308197,412.152185,448.437623,326.349612,303.372639
2016-08-25,12.8715,1.1561,0.2256,0.000895,2.3122,3.4683,2.2996,3.4471,252.190434,421.681918,463.990704,333.854304,313.830278
2016-08-26,12.8899,0.1429,0.2263,0.000898,0.2858,0.4286,0.2732,0.4075,252.550761,422.886905,465.979535,334.766236,315.109058
2016-08-29,12.8807,-0.0713,0.2285,0.000907,-0.1427,-0.214,-0.1553,-0.2352,252.370579,422.283489,464.982179,334.246335,314.36788
2016-08-30,12.8715,-0.0714,0.2293,0.00091,-0.1428,-0.2141,-0.1554,-0.2353,252.190434,421.680629,463.986453,333.72699,313.628086
2016-08-31,12.7612,-0.8571,0.23,0.000913,-1.7143,-2.5714,-1.7269,-2.5926,250.028831,414.451917,452.055534,327.96392,305.497013
2016-09-01,12.6968,-0.5043,0.2307,0.000916,-1.0086,-1.5129,-1.0212,-1.5341,248.767913,410.27168,445.216263,324.614621,300.810312
2016-09-02,12.7152,0.1448,0.2315,0.000919,0.2896,0.4344,0.277,0.4132,249.128165,411.459944,447.150474,325.513816,302.053383
2016-09-05,12.9267,1.663,0.2337,0.000927,3.326,4.9891,3.3134,4.9679,253.271226,425.145301,469.459136,336.299438,317.05895
2016-09-06,13.0278,0.7824,0.2344,0.00093,1.5647,2.3471,1.5521,2.3259,255.252741,431.797708,480.477839,341.519144,324.433362
2016-09-07,13.2117,1.4114,0.2352,0.000933,2.8229,4.2343,2.8102,4.2131,258.855463,443.986779,500.822708,351.116606,338.101959
2016-09-08,13.1657,-0.3479,0.2359,0.000936,-0.6959,-1.0438,-0.7085,-1.065,257.954815,440.897212,495.595101,348.628904,334.501034
2016-09-09,12.9451,-1.676,0.2366,0.000939,-3.352,-5.028,-3.3646,-5.0492,253.631534,426.11848,470.676821,336.898891,317.611427
2016-09-12,12.6601,-2.2017,0.2389,0.000948,-4.4034,-6.6051,-4.416,-6.6264,248.047335,407.354801,439.588184,322.021271,296.565373
2016-09-13,12.6601,0.0,0.2396,0.000951,0.0,0.0,-0.0127,-0.0213,248.047335,407.354801,439.588184,321.980512,296.502304
2016-09-14,12.5865,-0.581,0.2403,0.000954,-1.162,-1.743,-1.1746,-1.7642,246.606217,402.621459,431.926356,318.198431,291.271326
2016-09-19,13.0554,3.7254,0.244,0.000968,7.4507,11.1761,7.438,11.1548,255.793174,432.619618,480.19873,341.866144,323.761955
2016-09-20,13.037,-0.1408,0.2448,0.000971,-0.2816,-0.4225,-0.2943,-0.4438,255.43296,431.401167,478.170047,340.859955,322.325181
2016-09-21,13.1014,0.4936,0.2455,0.000974,0.9873,1.4809,0.9746,1.4596,256.693878,435.6603,485.251355,344.181971,327.029856
2016-09-22,13.129,0.2105,0.2462,0.000977,0.4211,0.6316,0.4084,0.6103,257.234312,437.494745,488.316244,345.587572,329.025684
2016-09-23,13.2209,0.7003,0.247,0.00098,1.4005,2.1008,1.3878,2.0795,259.035626,443.621964,498.574723,350.383766,335.867644
2016-09-26,13.0554,-1.2517,0.2492,0.000989,-2.5035,-3.7552,-2.5162,-3.7766,255.793174,432.515981,479.852153,341.5675,323.183397
2016-09-27,13.0554,0.0,0.2499,0.000992,0.0,0.0,-0.0127,-0.0213,255.793174,432.515981,479.852153,341.524128,323.114402
2016-09-28,13.0554,0.0,0.2507,0.000995,0.0,0.0,-0.0127,-0.0214,255.793174,432.515981,479.852153,341.480751,323.045402
2016-09-29,13.2209,1.2676,0.2514,0.000998,2.5352,3.8028,2.5225,3.7815,259.035626,443.481184,498.100066,350.094635,335.261234
2016-09-30,13.0462,-1.3213,0.2521,0.001001,-2.6426,-3.9639,-2.6553,-3.9852,255.61303,431.761894,478.35612,340.798661,321.900344
2016-10-03,13.1381,0.7047,0.2543,0.001009,1.4094,2.1141,1.3967,2.0927,257.414363,437.847239,488.469202,345.558617,328.63691
2016-10-04,13.1933,0.4199,0.2551,0.001012,0.8398,1.2597,0.8271,1.2383,258.49523,441.524226,494.622357,348.416625,332.706394
2016-10-05,13.1473,-0.3484,0.2558,0.001015,-0.6969,-1.0453,-0.7096,-1.0667,257.594526,438.447322,489.451954,345.944247,329.157352
2016-10-06,13.1841,0.2797,0.2566,0.001018,0.5595,0.8392,0.5467,0.8178,258.315104,440.900289,493.559436,347.835671,331.849198
2016-10-07,13.1749,-0.0697,0.2573,0.001021,-0.1394,-0.2091,-0.1522,-0.2306,258.135015,440.285528,492.527158,347.306402,331.084097
2016-10-11,13.1381,-0.2792,0.2602,0.001033,-0.5584,-0.8375,-0.5711,-0.859,257.414363,437.827179,488.402095,345.322962,328.240215
2016-10-12,13.2852,1.1197,0.261,0.001036,2.2393,3.359,2.2266,3.3375,260.296506,447.631456,504.807298,353.011788,339.195292
2016-10-13,13.1841,-0.7612,0.2617,0.001039,-1.5224,-2.2836,-1.5352,-2.3051,258.315104,440.816627,493.279371,347.592476,331.376597
2016-10-14,13.1381,-0.3487,0.2625,0.001042,-0.6974,-1.0461,-0.7101,-1.0675,257.414363,437.742384,488.119196,345.124066,327.839007
2016-10-17,13.1381,0.0,0.2647,0.00105,0.0,0.0,-0.0128,-0.0215,257.414363,437.742384,488.119196,345.080039,327.768634
2016-10-18,13.2301,0.6998,0.2654,0.001053,1.3996,2.0995,1.3869,2.078,259.215808,443.869228,498.367107,349.865908,334.579658
2016-10-19,13.3036,0.5559,0.2661,0.001056,1.1118,1.6678,1.0991,1.6463,260.656851,448.804382,506.678739,353.711235,340.087828
2016-10-20,13.3588,0.4146,0.2669,0.001059,0.8293,1.2439,0.8165,1.2225,261.737662,452.526307,512.981553,356.599403,344.245278
2016-10-21,13.3496,-0.0688,0.2676,0.001062,-0.1377,-0.2065,-0.1504,-0.228,261.55748,451.903263,511.922134,356.0629,343.460361
2016-10-24,13.368,0.1378,0.2698,0.001071,0.2755,0.4133,0.2627,0.3918,261.917788,453.148299,514.037724,356.998392,344.805892
2016-10-25,13.4967,0.9629,0.2706,0.001074,1.9257,2.8886,1.9129,2.8671,264.43968,461.874633,528.886058,363.827531,354.691672
2016-10-26,13.4232,-0.5449,0.2713,0.001077,-1.0899,-1.6348,-1.1027,-1.6563,262.998636,456.840732,520.239686,359.815722,348.816753
2016-10-27,13.3496,-0.548,0.272,0.00108,-1.0959,-1.6439,-1.1087,-1.6654,261.55748,451.834024,511.687401,355.826346,343.007431
2016-10-28,13.3496,0.0,0.2728,0.001082,0.0,0.0,-0.0128,-0.0215,261.55748,451.834024,511.687401,355.78084,342.933581
2016-10-31,13.3496,0.0,0.275,0.001091,0.0,0.0,-0.0128,-0.0215,261.55748,451.834024,511.687401,355.735308,342.859687
2016-11-01,13.3496,0.0,0.2757,0.001094,0.0,0.0,-0.0128,-0.0216,261.55748,451.834024,511.687401,355.689772,342.785789
2016-11-02,13.1933,-1.1708,0.2765,0.001097,-2.3416,-3.5123,-2.3544,-3.5339,258.49523,441.254101,493.715269,347.315575,330.672131
2016-11-03,13.0922,-0.7666,0.2772,0.0011,-1.5331,-2.2997,-1.5459,-2.3212,256.513715,434.489168,482.361435,341.946349,322.996445
2016-11-04,13.0554,-0.2809,0.278,0.001103,-0.5618,-0.8427,-0.5746,-0.8643,255.793174,432.048229,478.296612,339.98151,320.204904
2016-11-07,13.2393,1.4085,0.2802,0.001112,2.8169,4.2254,2.8041,4.2038,259.395896,444.218605,498.506332,349.514877,333.665564
2016-11-08,13.3036,0.4861,0.2809,0.001115,0.9722,1.4583,0.9594,1.4367,260.656851,448.537407,505.776234,352.868135,338.459479
2016-11-09,12.8715,-3.2481,0.2816,0.001118,-6.4962,-9.7443,-6.509,-9.7659,252.190434,419.399445,456.491752,329.899804,305.405778
2016-11-10,13.2393,2.8572,0.2824,0.001121,5.7143,8.5715,5.7015,8.5498,259.395896,443.365196,495.61973,348.70896,331.517505
2016-11-11,12.8807,-2.7083,0.2831,0.001123,-5.4167,-8.125,-5.4295,-8.1466,252.370579,419.349541,455.350559,329.775788,304.510015
2016-11-14,12.8899,0.0714,0.2853,0.001132,0.1428,0.2142,0.13,0.1926,252.550761,419.948337,456.325862,330.204341,305.096373
2016-11-15,12.8531,-0.2853,0.2861,0.001135,-0.5707,-0.856,-0.5835,-0.8776,251.830164,417.551881,452.419793,328.277611,302.418793
2016-11-16,12.8715,0.1431,0.2868,0.001138,0.2861,0.4292,0.2733,0.4075,252.190434,418.746587,454.3615,329.174718,303.651274
2016-11-17,12.9083,0.2857,0.2875,0.001141,0.5714,0.8571,0.5585,0.8354,252.910937,421.139289,458.255806,331.01332,306.188119
2016-11-18,12.9451,0.2849,0.2883,0.001144,0.5698,0.8548,0.557,0.8331,253.631534,423.539119,462.172808,332.857037,308.739004
2016-11-21,12.9635,0.142,0.2905,0.001153,0.2841,0.4261,0.2712,0.4044,253.991767,424.742224,464.142081,333.759748,309.987605
2016-11-22,13.1381,1.3475,0.2912,0.001156,2.695,4.0426,2.6822,4.0209,257.414363,436.189216,482.905335,342.711794,322.451867
2016-11-23,13.2025,0.4899,0.292,0.001159,0.9797,1.4696,0.9668,1.4479,258.675318,440.4626,490.001933,346.025282,327.120585
2016-11-24,13.129,-0.5571,0.2927,0.001162,-1.1141,-1.6712,-1.127,-1.6929,257.234312,435.555217,481.81295,342.125539,321.582752
2016-11-25,13.1198,-0.0701,0.2934,0.001164,-0.1401,-0.2102,-0.153,-0.2319,257.054111,434.944977,480.800375,341.602166,320.837153
2016-11-28,13.1933,0.5606,0.2957,0.001173,1.1213,1.6819,1.1084,1.6602,258.49523,439.821828,488.886887,345.388407,326.163607
2016-11-29,13.1749,-0.1394,0.2964,0.001176,-0.2787,-0.4181,-0.2916,-0.4398,258.135015,438.596041,486.843089,344.381312,324.729241
2016-11-30,13.1841,0.0698,0.2971,0.001179,0.1395,0.2093,0.1266,0.1876,258.315104,439.208016,487.86203,344.817454,325.338344
2016-12-01,13.2393,0.4184,0.2979,0.001182,0.8368,1.2552,0.8239,1.2335,259.395896,442.883314,493.985684,347.658449,329.351304
2016-12-02,13.0922,-1.1111,0.2986,0.001185,-2.2222,-3.3333,-2.2351,-3.3551,256.513715,433.041448,477.51947,339.887877,318.301326
2016-12-05,13.0738,-0.1405,0.3008,0.001194,-0.2809,-0.4214,-0.2938,-0.4431,256.153426,431.824982,475.507355,338.889245,316.890868
2016-12-06,13.2393,1.2658,0.3016,0.001197,2.5317,3.7975,2.5188,3.7757,259.395896,442.757333,493.564716,347.42505,328.855828
2016-12-07,13.2393,0.0,0.3023,0.0012,0.0,0.0,-0.0129,-0.0218,259.395896,442.757333,493.564716,347.380211,328.784255
2016-12-08,13.4048,1.25,0.303,0.001203,2.5,3.75,2.4871,3.7282,262.638329,453.826211,512.073301,356.01983,341.042026
2016-12-09,13.4507,0.3429,0.3038,0.001205,0.6859,1.0288,0.6729,1.007,263.538995,456.938826,517.341465,358.415661,344.47637
2016-12-12,13.3956,-0.4101,0.306,0.001214,-0.8203,-1.2304,-0.8332,-1.2522,262.458147,453.190755,510.976172,355.429423,340.162911
2016-12-13,13.414,0.1373,0.3067,0.001217,0.2746,0.4118,0.2616,0.39,262.818454,454.435053,513.080606,356.35937,341.489704
2016-12-14,13.4415,0.2056,0.3075,0.00122,0.4113,0.6169,0.3983,0.5951,263.358906,456.304027,516.245858,357.77892,343.521929
2016-12-15,13.4232,-0.1368,0.3082,0.001223,-0.2736,-0.4104,-0.2865,-0.4322,262.998636,455.055595,514.127212,356.753791,342.037208
2016-12-16,13.2944,-0.9589,0.3089,0.001226,-1.9178,-2.8767,-1.9308,-2.8986,260.476707,446.328416,499.337107,349.865734,332.123063
2016-12-19,13.2117,-0.6224,0.3111,0.001235,-1.2448,-1.8672,-1.2578,-1.8891,258.855463,440.772392,490.01327,345.465229,325.849001
2016-12-20,13.1933,-0.1392,0.3119,0.001238,-0.2783,-0.4175,-0.2913,-0.4393,258.49523,439.545602,487.967508,344.458987,324.417444
2016-12-21,13.1841,-0.0697,0.3126,0.001241,-0.1394,-0.209,-0.1523,-0.2309,258.315104,438.933029,486.947425,343.934336,323.668385
2016-12-22,13.0186,-1.2552,0.3134,0.001243,-2.5105,-3.7657,-2.5234,-3.7876,255.072634,427.913719,468.610374,335.255406,311.409229
2016-12-23,12.9727,-0.3531,0.3141,0.001246,-0.7062,-1.0593,-0.7192,-1.0812,254.171967,424.891776,463.646357,332.844395,308.042385
2016-12-26,13.0186,0.3544,0.3163,0.001255,0.7087,1.0631,0.6957,1.0412,255.072634,427.903011,468.575194,335.160142,311.249673
2016-12-27,13.0094,-0.0707,0.317,0.001258,-0.1413,-0.212,-0.1543,-0.2338,254.892415,427.298349,467.581991,334.643082,310.521836
2016-12-28,13.1657,1.2014,0.3178,0.001261,2.4029,3.6043,2.3899,3.5825,257.954815,437.565885,484.435257,342.640813,321.646148
2016-12-29,13.1014,-0.4888,0.3185,0.001264,-0.9776,-1.4665,-0.9906,-1.4884,256.693878,433.288059,477.331197,339.246573,316.85891
2016-12-30,13.2025,0.7719,0.3193,0.001267,1.5438,2.3157,1.5308,2.2938,258.675318,439.977227,488.384866,344.439902,324.127097
2017-01-03,13.2209,0.1393,0.325,0.00129,0.2786,0.4179,0.2656,0.3959,259.035626,441.202912,490.425673,345.354676,325.410394
2017-01-04,13.2117,-0.0696,0.3267,0.001296,-0.1391,-0.2087,-0.1521,-0.2306,258.855463,440.589185,489.402377,344.829372,324.659957
2017-01-05,13.3312,0.9047,0.3284,0.001303,1.8093,2.714,1.7963,2.692,261.197247,448.560932,502.684791,351.02364,333.399919
2017-01-06,13.3588,0.2069,0.33,0.00131,0.4138,0.6207,0.4008,0.5987,261.737662,450.417069,505.804942,352.430481,335.396028
2017-01-09,13.322,-0.2753,0.335,0.00133,-0.5506,-0.8259,-0.5636,-0.8479,261.017103,447.937088,501.627525,350.444068,332.552141
2017-01-10,13.3128,-0.069,0.3367,0.001336,-0.138,-0.207,-0.151,-0.229,260.836996,447.318917,500.589125,349.914734,331.790452
2017-01-11,13.3128,0.0,0.3384,0.001343,0.0,0.0,-0.013,-0.0221,260.836996,447.318917,500.589125,349.869073,331.71729
2017-01-12,13.4507,1.0359,0.3401,0.001349,2.0718,3.1077,2.0587,3.0856,263.538995,456.586431,516.145869,357.071952,341.952836
2017-01-13,13.3496,-0.7519,0.3417,0.001356,-1.5038,-2.2557,-1.5168,-2.2777,261.55748,449.720406,504.503372,351.655757,334.164048
2017-01-16,13.2393,-0.8264,0.3467,0.001376,-1.6529,-2.4793,-1.6659,-2.5014,259.395896,442.287175,491.9953,345.797389,325.805265
2017-01-17,13.2944,0.4167,0.3484,0.001383,0.8333,1.25,0.8202,1.2279,260.476707,445.972883,498.145211,348.633759,329.805709
2017-01-18,13.2669,-0.2075,0.3501,0.001389,-0.4149,-0.6224,-0.428,-0.6445,259.936311,444.122415,495.044791,347.141522,327.679992
2017-01-19,13.2301,-0.2772,0.3518,0.001396,-0.5544,-0.8316,-0.5675,-0.8537,259.215808,441.660337,490.928229,345.171594,324.882554
2017-01-20,13.2669,0.278,0.3534,0.001402,0.5559,0.8339,0.5428,0.8117,259.936311,444.115571,495.021907,347.045189,327.519609
2017-01-23,13.3772,0.8316,0.3584,0.001422,1.6632,2.4948,1.6501,2.4726,262.097914,451.502008,507.371557,352.771609,335.617723
2017-01-24,13.4783,0.756,0.3601,0.001429,1.5121,2.2681,1.4989,2.2459,264.079447,458.32897,518.879169,358.059375,343.155229
2017-02-02,13.4048,-0.5457,0.3752,0.001489,-1.0914,-1.6371,-1.1046,-1.6595,262.638329,453.326639,510.38438,354.104168,337.460621
2017-02-03,13.3956,-0.0686,0.3768,0.001495,-0.1372,-0.2058,-0.1504,-0.2282,262.458147,452.704634,509.333939,353.571557,336.69064
2017-02-06,13.4691,0.5491,0.3818,0.001515,1.0982,1.6473,1.085,1.6249,263.899321,457.676294,517.724295,357.407778,342.161606
2017-02-07,13.4783,0.0683,0.3835,0.001522,0.1365,0.2048,0.1233,0.1824,264.079447,458.301073,518.784421,357.8484,342.785564
2017-02-08,13.5066,0.2095,0.3852,0.001528,0.419,0.6285,0.4058,0.6061,264.63268,460.221307,522.044901,359.300388,344.863059
2017-02-09,13.5536,0.3484,0.3868,0.001535,0.6968,1.0453,0.6836,1.0228,265.554722,463.428345,527.501682,361.756585,348.390439
2017-02-10,13.7042,1.1111,0.3885,0.001542,2.2222,3.3334,2.209,3.3109,268.505366,473.726877,545.085284,369.747791,359.925385
2017-02-13,13.7324,0.206,0.3935,0.001562,0.412,0.6181,0.3988,0.5956,269.058543,475.678829,548.45425,371.222248,362.069007
2017-02-14,13.7795,0.3427,0.3952,0.001568,0.6854,1.0281,0.6721,1.0056,269.980622,478.939188,554.093007,373.717371,365.710032
2017-02-15,13.9113,0.9563,0.3969,0.001575,1.9125,2.8688,1.8993,2.8463,272.562363,488.099082,569.988865,380.815223,376.119207
2017-02-16,13.8266,-0.6089,0.3985,0.001582,-1.2178,-1.8267,-1.2311,-1.8493,270.902702,482.154907,559.576696,376.126972,369.163785
2017-02-17,13.8077,-0.1361,0.4002,0.001588,-0.2723,-0.4084,-0.2856,-0.4309,270.533911,480.842154,557.291374,375.052894,367.572898
2017-02-20,13.7607,-0.3408,0.4052,0.001608,-0.6817,-1.0225,-0.695,-1.0451,269.611813,477.564311,551.592893,372.446268,363.731346
2017-02-21,13.7889,0.2052,0.4069,0.001615,0.4104,0.6156,0.3971,0.593,270.165046,479.524198,554.988433,373.925144,365.88825
2017-02-22,13.7983,0.0683,0.4086,0.001621,0.1365,0.2048,0.1232,0.1822,270.349469,480.178875,556.124993,374.385816,366.554832
2017-02-23,13.7607,-0.2729,0.4102,0.001628,-0.5457,-0.8186,-0.559,-0.8412,269.611813,477.558511,551.572784,372.292849,363.471448
2017-02-24,13.7701,0.0684,0.4119,0.001635,0.1368,0.2052,0.1234,0.1825,269.796199,478.211711,552.704437,372.7524,364.134907
2017-03-01,13.6195,-1.0936,0.4203,0.001668,-2.1873,-3.2809,-2.2006,-3.3036,266.84563,467.751989,534.570831,364.549492,352.105394
2017-03-02,13.6572,0.2764,0.4219,0.001674,0.5529,0.8293,0.5395,0.8066,267.583286,470.338054,539.004063,366.516202,354.945451
2017-03-03,13.5724,-0.6203,0.4236,0.001681,-1.2405,-1.8608,-1.2539,-1.8835,265.923588,464.503464,528.974465,361.920465,348.260082
2017-03-06,13.5819,0.0693,0.4286,0.001701,0.1387,0.208,0.1253,0.1852,266.107974,465.147619,530.074806,362.373838,348.905223
2017-03-07,13.6383,0.4158,0.4303,0.001708,0.8316,1.2474,0.8182,1.2246,267.214421,469.015682,536.68678,365.338649,353.177868
2017-03-08,13.7136,0.5521,0.432,0.001714,1.1042,1.6563,1.0908,1.6335,268.689715,474.194564,545.575942,369.323696,358.947063
2017-03-09,13.563,-1.0981,0.4336,0.001721,-2.1963,-3.2944,-2.2097,-3.3172,265.739127,463.779929,527.602388,361.162728,347.039982
2017-03-10,13.5536,-0.0694,0.4353,0.001727,-0.1388,-0.2082,-0.1522,-0.231,265.554722,463.136266,526.504028,360.612966,346.238322
2017-03-13,13.6477,0.6944,0.4403,0.001747,1.3889,2.0833,1.3754,2.0605,267.398844,469.568686,537.472815,365.572942,353.372439
2017-03-14,13.7419,0.6897,0.442,0.001754,1.3793,2.069,1.3659,2.0461,269.243004,476.045599,548.593119,370.566201,360.602883
2017-03-15,13.7136,-0.2055,0.4437,0.001761,-0.411,-0.6165,-0.4245,-0.6394,268.689715,474.089071,545.211076,368.993285,358.297259
2017-03-16,13.8925,1.3041,0.4453,0.001767,2.6081,3.9122,2.5947,3.8893,272.19361,486.453954,566.540837,378.567411,372.232525
2017-03-17,13.9301,0.271,0.447,0.001774,0.542,0.813,0.5285,0.7901,272.931247,489.090509,571.14677,380.568195,375.173458
2017-03-20,13.9207,-0.0676,0.452,0.001794,-0.1351,-0.2027,-0.1486,-0.2257,272.746824,488.429538,569.988975,380.002507,374.326816
2017-03-21,14.0995,1.2847,0.4537,0.0018,2.5693,3.854,2.5558,3.831,276.250719,500.978949,591.956398,389.714734,388.667436
2017-03-22,13.9678,-0.9346,0.4554,0.001807,-1.8692,-2.8038,-1.8827,-2.8268,273.668866,491.614601,575.359036,382.377484,377.680608
2017-03-23,13.996,0.2022,0.457,0.001814,0.4043,0.6065,0.3908,0.5835,274.222137,493.602373,578.848608,383.871875,379.884416
2017-03-24,13.9772,-0.1345,0.4587,0.00182,-0.269,-0.4035,-0.2825,-0.4265,273.85329,492.274518,576.512839,382.787284,378.264112
2017-03-27,13.9678,-0.0673,0.4637,0.00184,-0.1347,-0.202,-0.1482,-0.2251,273.668866,491.611484,575.348101,382.219862,377.412726
2017-03-28,13.9772,0.0674,0.4654,0.001847,0.1348,0.2022,0.1212,0.1791,273.85329,492.274071,576.51127,382.683209,378.088707
2017-03-29,13.9301,-0.3367,0.4671,0.001853,-0.6734,-1.0101,-0.6869,-1.0331,272.931247,488.959175,570.688067,380.05439,374.18249
2017-03-30,13.9113,-0.1352,0.4687,0.00186,-0.2703,-0.4055,-0.2839,-0.4286,272.562363,487.637456,568.374101,378.975494,372.578914
2017-03-31,13.8736,-0.2706,0.4704,0.001867,-0.5412,-0.8118,-0.5548,-0.8349,271.8248,484.998329,563.759984,376.873015,369.468221
2017-04-05,14.0525,1.289,0.4788,0.0019,2.578,3.8671,2.5644,3.8439,275.328677,497.501782,585.560924,386.537675,383.670194
2017-04-06,14.0054,-0.3349,0.4804,0.001907,-0.6698,-1.0047,-0.6834,-1.0279,274.406579,494.169433,579.677649,383.895964,379.726438
2017-04-07,13.9489,-0.4032,0.4821,0.001913,-0.8065,-1.2097,-0.8201,-1.2329,273.300057,490.184039,572.665143,380.747622,375.044728
2017-04-10,13.9678,0.1349,0.4871,0.001933,0.2699,0.4048,0.2563,0.3816,273.668866,491.507013,574.983521,381.723303,376.475933
2017-04-11,13.9113,-0.4043,0.4888,0.00194,-0.8086,-1.213,-0.8223,-1.2362,272.562363,487.532473,568.009169,378.584431,371.821899
2017-04-12,13.9395,0.203,0.4905,0.001946,0.406,0.609,0.3924,0.5857,273.115671,489.511876,571.468382,380.069814,373.999842
2017-04-13,14.0054,0.4727,0.4921,0.001953,0.9453,1.418,0.9317,1.3947,274.406579,494.139327,579.571685,383.610773,379.216049
2017-04-14,13.8454,-1.1425,0.4938,0.00196,-2.285,-3.4274,-2.2986,-3.4507,271.271549,482.848479,559.70728,374.793026,366.130393
2017-04-17,13.8548,0.068,0.4988,0.001979,0.1359,0.2039,0.1222,0.1806,271.455916,483.504807,560.84848,375.251182,366.791508
2017-04-18,13.8548,0.0,0.5005,0.001986,0.0,0.0,-0.0137,-0.0233,271.455916,483.504807,560.84848,375.199801,366.705909
2017-04-19,13.7042,-1.0869,0.5022,0.001993,-2.1739,-3.2608,-2.1876,-3.2842,268.505366,472.994037,542.560299,366.992044,354.662713
2017-04-20,13.7042,0.0,0.5038,0.001999,0.0,0.0,-0.0137,-0.0234,268.505366,472.994037,542.560299,366.941745,354.579851
2017-04-21,13.836,0.9615,0.5055,0.002006,1.9231,2.8846,1.9094,2.8613,271.087163,482.090128,558.211165,373.948041,364.725283
2017-04-24,13.8642,0.2041,0.5105,0.002026,0.4081,0.6122,0.3944,0.5887,271.640321,484.057554,561.628284,375.422784,366.872561
2017-04-25,13.996,0.9505,0.5122,0.002033,1.9009,2.8514,1.8872,2.8279,274.222137,493.259041,577.642335,382.507645,377.247464
2017-04-26,14.0336,0.269,0.5139,0.002039,0.538,0.8071,0.5243,0.7836,274.959849,495.912971,582.304255,384.513112,380.203638
2017-04-27,14.0242,-0.0671,0.5155,0.002046,-0.1342,-0.2013,-0.148,-0.2248,274.775332,495.247388,581.131957,383.944164,379.349027
2017-04-28,14.0336,0.0672,0.5172,0.002052,0.1343,0.2015,0.1205,0.178,274.959849,495.912524,582.302681,384.40699,380.024215
2017-05-02,14.156,0.8719,0.5239,0.002079,1.7437,2.6156,1.73,2.5921,277.357148,504.559972,597.533488,391.057074,389.874799
2017-05-03,14.2219,0.4655,0.5256,0.002086,0.9309,1.3964,0.9171,1.3728,278.648112,509.256939,605.877179,394.643504,395.227075
2017-05-04,14.2407,0.1323,0.5272,0.002092,0.2647,0.397,0.2509,0.3735,279.016865,510.604806,608.282571,395.633565,396.703092
2017-05-05,14.1466,-0.6609,0.5289,0.002099,-1.3219,-1.9828,-1.3357,-2.0064,277.172706,503.855131,596.221257,390.349074,388.743602
2017-05-08,14.2501,0.7319,0.5339,0.002119,1.4638,2.1957,1.45,2.1721,279.201307,511.230469,609.312322,396.008966,397.187384
2017-05-09,14.2972,0.3302,0.5356,0.002125,0.6604,0.9907,0.6466,0.9671,280.123293,514.606868,615.348586,398.569614,401.028394
2017-05-10,14.3537,0.395,0.5373,0.002132,0.79,1.1851,0.7762,1.1614,281.229834,518.672458,622.640819,401.663311,405.686051
2017-05-11,14.4007,0.3279,0.5389,0.002139,0.6557,0.9836,0.6419,0.96,282.151895,522.073574,628.765128,404.241547,409.580475
2017-05-12,14.3631,-0.2615,0.5406,0.002145,-0.5229,-0.7844,-0.5368,-0.8081,281.414164,519.343485,623.833109,402.071646,406.270846
2017-05-15,14.4007,0.2622,0.5456,0.002165,0.5243,0.7865,0.5104,0.7628,282.151895,522.066417,628.739269,404.123945,409.369712
2017-05-16,14.4007,0.0,0.5473,0.002172,0.0,0.0,-0.0139,-0.0237,282.151895,522.066417,628.739269,404.06786,409.272656
2017-05-17,14.3631,-0.2615,0.549,0.002178,-0.5229,-0.7844,-0.5368,-0.8081,281.414164,519.336366,623.807453,401.898757,405.965244
2017-05-18,14.2878,-0.5242,0.5506,0.002185,-1.0484,-1.5726,-1.0623,-1.5963,279.939019,513.891749,613.997647,397.629503,399.484802
2017-05-19,14.2784,-0.0659,0.5523,0.002192,-0.1318,-0.1977,-0.1457,-0.2215,279.754503,513.214304,612.783531,397.050059,398.59999
2017-05-22,14.316,0.2637,0.5573,0.002212,0.5274,0.7911,0.5135,0.7673,280.492177,515.920858,617.631013,399.088733,401.658334
2017-05-23,14.3725,0.3945,0.559,0.002218,0.789,1.1835,0.775,1.1597,281.598681,519.991332,624.940422,402.181862,406.316194
2017-05-24,14.3631,-0.0655,0.5607,0.002225,-0.131,-0.1966,-0.145,-0.2204,281.414164,519.309886,623.71195,401.598776,405.420718
2017-05-25,14.4948,0.9175,0.5623,0.002231,1.8349,2.7524,1.821,2.7285,283.996017,528.838772,640.87881,408.911792,416.482792
2017-05-26,14.4854,-0.0649,0.564,0.002238,-0.1299,-0.1948,-0.1438,-0.2187,283.811593,528.151929,639.630275,408.323687,415.572122
2017-05-31,14.4007,-0.5848,0.5724,0.002271,-1.1696,-1.7544,-1.1836,-1.7783,282.151895,521.974782,628.408815,403.49095,408.18211
2017-06-01,14.476,0.5229,0.574,0.002278,1.0458,1.5686,1.0318,1.5447,283.627207,527.433373,638.266265,407.654062,414.487363
2017-06-02,14.5325,0.3901,0.5757,0.002285,0.7803,1.1704,0.7663,1.1465,284.733748,531.54882,645.736642,410.777863,419.23939
2017-06-05,14.6831,1.0362,0.5807,0.002304,2.0725,3.1087,2.0585,3.0847,287.684261,542.565018,665.810705,419.233565,432.171808
2017-06-06,14.6737,-0.0641,0.5824,0.002311,-0.1282,-0.1923,-0.1422,-0.2163,287.499856,541.869453,664.530357,418.637344,431.237079
2017-06-07,14.6737,0.0,0.5841,0.002318,0.0,0.0,-0.014,-0.024,287.499856,541.869453,664.530357,418.578634,431.133581
2017-06-08,14.7301,0.3849,0.5857,0.002324,0.7697,1.1546,0.7557,1.1306,288.606359,546.040448,672.203107,421.741879,436.007972
2017-06-09,14.6831,-0.3195,0.5874,0.002331,-0.639,-0.9585,-0.653,-0.9825,287.684261,542.551246,665.760033,418.987744,431.724071
2017-06-12,14.5231,-1.0897,0.5924,0.002351,-2.1795,-3.2692,-2.1935,-3.2933,284.549268,530.726518,643.994998,409.797145,417.506241
2017-06-13,14.5419,0.1296,0.5941,0.002357,0.2592,0.3888,0.2451,0.3647,284.918059,532.102217,646.498952,410.801749,419.029035
2017-06-14,14.4666,-0.5178,0.5958,0.002364,-1.0355,-1.5533,-1.0496,-1.5774,283.442859,526.59216,636.456954,406.489988,412.419345
2017-06-15,14.476,0.065,0.5974,0.002371,0.1301,0.1951,0.116,0.171,283.627207,527.277141,637.698792,406.961521,413.124626
2017-06-16,14.6266,1.0403,0.5991,0.002377,2.0806,3.1209,2.0665,3.0968,286.577814,538.24779,657.600953,415.37154,425.91833
2017-06-19,14.7866,1.094,0.6041,0.002397,2.1879,3.2819,2.1738,3.2577,289.712862,550.024228,679.182639,424.40096,439.793566
2017-06-20,14.956,1.1458,0.6058,0.002404,2.2916,3.4373,2.2774,3.4132,293.032334,562.628363,702.528455,434.066478,454.804455
2017-06-21,14.9749,0.1258,0.6075,0.002411,0.2517,0.3775,0.2376,0.3533,293.401087,564.044392,705.180651,435.097665,456.41144
2017-06-22,15.0125,0.2514,0.6091,0.002417,0.5028,0.7543,0.4887,0.7301,294.138762,566.880655,710.499589,437.224076,459.743548
2017-06-23,15.0031,-0.0627,0.6108,0.002424,-0.1254,-0.1882,-0.1396,-0.2124,293.954283,566.169577,709.162745,436.613855,458.767199
2017-06-26,15.3231,2.133,0.6158,0.002444,4.266,6.399,4.2519,6.3748,300.224342,590.322428,754.542175,455.178065,488.012518
2017-06-27,15.3043,-0.1228,0.6175,0.00245,-0.2457,-0.3685,-0.2598,-0.3928,299.855552,588.872143,751.761573,453.99536,486.095699
2017-06-28,15.1631,-0.9225,0.6192,0.002457,-1.845,-2.7676,-1.8592,-2.7918,297.089331,578.007244,730.956174,445.554685,472.524724
2017-06-29,15.1819,0.1242,0.6208,0.002464,0.2483,0.3725,0.2341,0.3482,297.458178,579.442476,733.678697,446.597894,474.169905
2017-06-30,15.1349,-0.31,0.6225,0.00247,-0.6199,-0.9299,-0.6341,-0.9542,296.536154,575.85031,726.856201,443.765965,469.645338
2017-07-03,15.1443,0.0622,0.6275,0.00249,0.1244,0.1865,0.1102,0.1622,296.72054,576.566437,728.212077,444.254833,470.407077
2017-07-04,15.0596,-0.5594,0.6292,0.002497,-1.1188,-1.6781,-1.133,-1.7025,295.060748,570.116055,715.991684,439.2216,462.39842
2017-07-05,15.2008,0.9375,0.6308,0.002503,1.875,2.8125,1.8608,2.7882,297.826988,580.805903,736.129274,447.394725,475.29089
2017-07-06,15.1349,-0.4334,0.6325,0.00251,-0.8668,-1.3003,-0.8811,-1.3246,296.536154,575.771279,726.557744,443.452951,468.995014
2017-07-07,15.0502,-0.5597,0.6342,0.002517,-1.1195,-1.6792,-1.1337,-1.7036,294.876344,569.325716,714.357394,438.425574,461.005227
2017-07-10,15.1255,0.5003,0.6392,0.002537,1.0006,1.501,0.9864,1.4765,296.351675,575.022639,725.079655,442.750209,467.812098
2017-07-11,15.3514,1.4935,0.6409,0.002543,2.9869,4.4804,2.9727,4.4559,300.777575,592.19813,757.566027,455.911733,488.657502
2017-07-12,15.3514,0.0,0.6425,0.00255,0.0,0.0,-0.0143,-0.0245,300.777575,592.19813,757.566027,455.846738,488.537953
2017-07-13,15.4737,0.7971,0.6442,0.002556,1.5942,2.3912,1.5799,2.3668,303.175005,601.638683,775.681185,463.048622,500.100444
2017-07-14,15.4455,-0.1825,0.6459,0.002563,-0.365,-0.5475,-0.3792,-0.5719,302.621753,599.442872,771.43466,461.292551,497.240125
2017-07-17,15.4737,0.1828,0.6509,0.002583,0.3656,0.5485,0.3513,0.5239,303.175005,601.634669,775.665658,462.913301,499.845303
2017-07-18,15.5114,0.2433,0.6526,0.00259,0.4866,0.7299,0.4723,0.7054,303.912661,604.562348,781.327484,465.099756,503.371146
2017-07-19,15.5678,0.3641,0.6542,0.002596,0.7282,1.0922,0.7139,1.0677,305.019145,608.964526,789.861449,468.419902,508.745547
2017-07-20,15.5584,-0.0605,0.6559,0.002603,-0.121,-0.1814,-0.1353,-0.206,304.834685,608.227982,788.428439,467.78632,507.697551
2017-07-21,15.4549,-0.6655,0.6576,0.002609,-1.3309,-1.9964,-1.3452,-2.0209,302.806158,600.133058,772.688615,461.493571,497.437297
2017-07-24,15.4925,0.2436,0.6626,0.002629,0.4872,0.7308,0.4729,0.7062,303.543833,603.057062,778.335723,463.675929,500.950273
2017-07-25,15.5208,0.1823,0.6643,0.002636,0.3645,0.5468,0.3502,0.5221,304.097047,605.255227,782.591316,465.299542,503.565827
2017-07-26,15.4643,-0.3638,0.6659,0.002643,-0.7277,-1.0915,-0.742,-1.1162,302.990619,600.850899,774.049162,461.84688,497.945166
2017-07-27,15.6243,1.0347,0.6676,0.002649,2.0694,3.1041,2.055,3.0794,306.125648,613.284851,798.076314,471.337995,513.279001
2017-07-28,15.4549,-1.0844,0.6693,0.002656,-2.1687,-3.2531,-2.1831,-3.2777,302.806158,599.984474,772.114359,461.048341,496.455031
2017-07-31,15.4454,-0.0614,0.6743,0.002676,-0.1229,-0.1843,-0.1372,-0.209,302.620146,599.247342,770.691446,460.415595,495.417418
2017-08-01,15.5308,0.5532,0.676,0.002682,1.1063,1.6595,1.0919,1.6348,304.29412,605.876937,783.48092,465.443018,503.516257
2017-08-02,15.6637,0.8558,0.6776,0.002689,1.7115,2.5673,1.6971,2.5426,306.898171,616.246737,803.595252,473.342238,516.31846
2017-08-03,15.6068,-0.3637,0.6793,0.002696,-0.7274,-1.091,-0.7418,-1.1158,305.782045,611.764409,794.827716,469.831169,510.557404
2017-08-04,15.6353,0.1825,0.681,0.002702,0.365,0.5476,0.3506,0.5228,306.340155,613.997579,799.179846,471.478533,513.22653
2017-08-07,15.7492,0.7286,0.686,0.002722,1.4572,2.1858,1.4427,2.1609,308.572108,622.944586,816.647996,478.280763,524.317098
2017-08-08,15.7397,-0.0603,0.6877,0.002729,-0.1205,-0.1808,-0.135,-0.2056,308.386153,622.193773,815.17158,477.635267,523.239036
2017-08-09,15.5973,-0.9047,0.6893,0.002735,-1.8094,-2.7141,-1.8239,-2.739,305.596146,610.935649,793.046713,468.92384,508.907665
2017-08-10,15.4929,-0.6695,0.691,0.002742,-1.339,-2.0085,-1.3535,-2.0334,303.550148,602.755096,777.118127,462.577102,498.559638
2017-08-11,15.4264,-0.4289,0.6927,0.002749,-0.8579,-1.2868,-0.8723,-1.3116,302.248142,597.584344,767.118332,458.542005,492.020321
2017-08-14,15.3315,-0.6154,0.6977,0.002769,-1.2308,-1.8462,-1.2453,-1.8711,300.388119,590.229323,752.955884,452.831932,482.814176
2017-08-15,15.4359,0.6811,0.6994,0.002775,1.3623,2.0434,1.3478,2.0185,302.434172,598.269859,768.341859,458.935163,492.559752
2017-08-16,15.3789,-0.369,0.701,0.002782,-0.738,-1.107,-0.7525,-1.1319,301.318177,593.854576,759.836215,455.48169,486.984262
2017-08-17,15.5024,0.8025,0.7027,0.002789,1.605,2.4075,1.5905,2.3825,303.736216,603.385788,778.128977,462.726032,498.586755
2017-08-18,15.4074,-0.6124,0.7044,0.002795,-1.2248,-1.8372,-1.2393,-1.8622,301.876118,595.99545,763.833058,456.991409,489.302209
2017-08-21,15.3884,-0.1232,0.7094,0.002815,-0.2465,-0.3697,-0.261,-0.3947,301.504114,594.526549,761.009224,455.798738,487.370993
2017-08-22,15.5403,0.9871,0.7111,0.002822,1.9741,2.9612,1.9596,2.9362,304.480169,606.263332,783.544297,464.730621,501.681182
2017-08-23,15.5213,-0.1222,0.7127,0.002828,-0.2444,-0.3666,-0.2589,-0.3916,304.10809,604.781606,780.671789,463.527259,499.716467
2017-08-24,15.6732,0.9786,0.7144,0.002835,1.9572,2.9359,1.9427,2.9108,307.084146,616.618606,803.591166,472.532175,514.262305
2017-08-25,15.7017,0.1817,0.7161,0.002842,0.3634,0.5452,0.3489,0.5201,307.642181,618.859651,807.972037,474.180808,516.937052
2017-08-28,15.6732,-0.1814,0.7211,0.002861,-0.3628,-0.5442,-0.3773,-0.5693,307.084146,616.614541,803.575273,472.391488,513.994332
2017-08-29,15.6258,-0.3028,0.7228,0.002868,-0.6057,-0.9085,-0.6202,-0.9336,306.154181,612.879865,796.2747,469.461486,509.195615
2017-08-30,15.7017,0.486,0.7244,0.002875,0.9721,1.4581,0.9575,1.433,307.642181,618.83742,807.885091,473.956476,516.492256
2017-08-31,15.7492,0.3023,0.7261,0.002881,0.6046,0.9068,0.59,0.8817,308.572108,622.57861,815.211211,476.752647,521.046164
2017-09-01,15.7587,0.0603,0.7278,0.002888,0.1205,0.1808,0.1059,0.1557,308.758082,623.329058,816.685178,477.257739,521.85726
2017-09-04,15.7302,-0.1807,0.7328,0.002908,-0.3614,-0.5421,-0.376,-0.5673,308.200122,621.076208,812.257655,475.463076,518.896689
2017-09-05,15.7492,0.1207,0.7345,0.002915,0.2414,0.3621,0.2268,0.3369,308.572108,622.575439,815.198748,476.541291,520.644824
2017-09-06,15.6827,-0.4219,0.7361,0.002921,-0.8439,-1.2658,-0.8585,-1.291,307.27012,617.321653,804.879807,472.450151,513.923161
2017-09-07,15.6163,-0.4237,0.7378,0.002928,-0.8474,-1.2711,-0.8621,-1.2964,305.968169,612.09028,794.648608,468.377324,507.260832
2017-09-08,15.7017,0.5471,0.7395,0.002934,1.0942,1.6414,1.0796,1.6161,307.642181,618.78801,807.69164,473.433917,515.458798
2017-09-11,15.6732,-0.1814,0.7445,0.002954,-0.3628,-0.5442,-0.3774,-0.5694,307.084146,616.543159,803.296403,471.646976,512.523536
2017-09-12,15.7302,0.3634,0.7462,0.002961,0.7268,1.0902,0.7122,1.0649,308.200122,621.024326,812.054197,475.005829,517.98163
2017-09-13,15.6258,-0.6638,0.7478,0.002968,-1.3277,-1.9915,-1.3423,-2.0168,306.154181,612.779168,795.882088,468.629613,507.534943
2017-09-14,15.6353,0.0607,0.7495,0.002974,0.1215,0.1822,0.1068,0.1569,306.340155,613.523638,797.332471,469.130157,508.331379
2017-09-15,15.6353,0.0,0.7512,0.002981,0.0,0.0,-0.0147,-0.0253,306.340155,613.523638,797.332471,469.061255,508.202635
2017-09-18,15.7871,0.9715,0.7562,0.003001,1.9429,2.9144,1.9282,2.889,309.316099,625.443797,820.569547,478.105667,522.884535
2017-09-19,15.7112,-0.481,0.7579,0.003007,-0.9621,-1.4431,-0.9768,-1.4685,307.828136,619.426413,808.727519,473.435473,515.205833
2017-09-20,15.6068,-0.6647,0.7595,0.003014,-1.3294,-1.9941,-1.3441,-2.0195,305.782045,611.19193,792.60102,467.072062,504.801502
2017-09-21,15.7017,0.6083,0.7612,0.003021,1.2166,1.825,1.2019,1.7996,307.642181,618.627943,807.065687,472.685868,513.885685
2017-09-22,15.4929,-1.3301,0.7629,0.003027,-2.6603,-3.9904,-2.675,-4.0158,303.550148,602.170867,774.860687,460.041578,493.249058
2017-09-25,15.3695,-0.7966,0.7679,0.003047,-1.5931,-2.3897,-1.6079,-2.4152,301.132165,592.577466,756.34381,452.644618,481.336287
2017-09-26,15.246,-0.8029,0.7696,0.003054,-1.6059,-2.4088,-1.6207,-2.4343,298.714238,583.061317,738.124724,445.308827,469.619073
2017-09-27,15.322,0.4981,0.7712,0.00306,0.9962,1.4943,0.9815,1.4689,300.202182,588.869962,749.154878,449.679379,476.517131
2017-09-28,15.265,-0.3718,0.7729,0.003067,-0.7435,-1.1153,-0.7583,-1.1408,299.086168,584.491666,740.799837,446.269543,471.081207
2017-09-29,15.3125,0.311,0.7746,0.003074,0.6219,0.9329,0.6071,0.9074,300.016207,588.126741,747.71062,448.979027,475.35565
2017-10-02,15.4739,1.0539,0.7796,0.003094,2.1079,3.1618,2.0931,3.1362,303.178163,600.523608,771.351617,458.376411,490.263907
2017-10-03,15.4739,0.0,0.7813,0.0031,0.0,0.0,-0.0148,-0.0256,303.178163,600.523608,771.351617,458.308541,490.138568
2017-10-05,15.5403,0.4295,0.7846,0.003114,0.8589,1.2884,0.8441,1.2628,304.480169,605.681538,781.289389,462.177058,496.327871
2017-10-06,15.5878,0.3054,0.7863,0.00312,0.6108,0.9162,0.596,0.8906,305.410078,609.381145,788.447765,464.931591,500.74827
2017-10-11,15.8346,1.5834,0.7946,0.003153,3.1669,4.7503,3.152,4.7247,310.246082,628.679589,825.901702,479.586386,524.406957
2017-10-12,15.9865,0.9592,0.7963,0.00316,1.9185,2.8777,1.9036,2.852,313.222082,640.740662,849.668801,488.715843,539.363202
2017-10-13,15.958,-0.1781,0.798,0.003167,-0.3563,-0.5344,-0.3712,-0.5601,312.664103,638.45781,845.127959,486.901944,536.342104
2017-10-16,16.0435,0.5354,0.803,0.003186,1.0708,1.6062,1.0559,1.5805,314.338133,645.294525,858.70262,492.043259,544.818924
2017-10-17,16.0055,-0.2367,0.8047,0.003193,-0.4734,-0.7101,-0.4883,-0.7358,313.594124,642.23982,852.605211,489.640706,540.810019
2017-10-18,16.0625,0.3559,0.8063,0.0032,0.7117,1.0676,0.6968,1.0418,314.710082,646.810776,861.707468,493.052596,546.44427
2017-10-19,16.1194,0.3546,0.808,0.003206,0.7092,1.0638,0.6943,1.0381,315.826077,651.398095,870.874585,496.475902,552.116656
2017-10-20,16.053,-0.4122,0.8097,0.003213,-0.8245,-1.2367,-0.8394,-1.2625,314.524089,646.027338,860.104084,492.308402,545.145982
2017-10-23,16.0435,-0.0591,0.8147,0.003233,-0.1182,-0.1774,-0.1332,-0.2032,314.338133,645.263438,858.57853,491.652722,544.038249
2017-10-24,16.0245,-0.1184,0.8164,0.00324,-0.2367,-0.3551,-0.2517,-0.3809,313.966072,643.735929,855.529807,490.415368,541.965824
2017-10-25,16.015,-0.0592,0.818,0.003246,-0.1185,-0.1777,-0.1334,-0.2036,313.780079,642.973233,854.009364,489.760997,540.862507
2017-10-26,15.996,-0.1186,0.8197,0.003253,-0.2371,-0.3557,-0.2521,-0.3816,313.408056,641.448592,850.971777,488.526394,538.798814
2017-10-27,16.0055,0.0594,0.8214,0.003259,0.1187,0.1781,0.1038,0.1522,313.594124,642.210237,852.487421,489.03335,539.618993
2017-10-30,16.1289,0.771,0.8264,0.003279,1.5421,2.3131,1.5271,2.2872,316.012032,652.11352,872.206254,496.501265,551.960996
2017-10-31,16.1764,0.2943,0.8281,0.003286,0.5886,0.883,0.5736,0.857,316.942109,655.952081,879.907406,499.349403,556.691379
2017-11-01,16.1574,-0.1174,0.8297,0.003293,-0.2347,-0.3521,-0.2497,-0.3781,316.570123,654.412337,876.809239,498.102361,554.586797
2017-11-02,16.1004,-0.3525,0.8314,0.003299,-0.7051,-1.0576,-0.7201,-1.0835,315.454128,649.798376,867.536271,494.515728,548.577603
2017-11-03,16.0814,-0.1179,0.8331,0.003306,-0.2359,-0.3538,-0.2509,-0.3798,315.082105,648.265728,864.466946,493.275099,546.494244
2017-11-06,16.1099,0.1771,0.8381,0.003326,0.3542,0.5313,0.3391,0.5053,315.640084,650.561755,869.0596,494.948032,549.255426
2017-11-07,16.1954,0.5304,0.8398,0.003332,1.0607,1.5911,1.0457,1.5651,317.314133,657.462477,882.887199,500.123674,557.851654
2017-11-08,16.1289,-0.4104,0.8414,0.003339,-0.8207,-1.2311,-0.8357,-1.2571,316.012032,652.066675,872.018402,495.943908,550.83893
2017-11-09,16.0245,-0.6474,0.8431,0.003346,-1.2949,-1.9423,-1.3099,-1.9683,313.966072,643.623311,855.081248,489.447469,539.996495
2017-11-10,16.053,0.1777,0.8448,0.003352,0.3555,0.5332,0.3404,0.5071,314.524089,645.911152,859.640492,491.113569,542.73495
2017-11-13,16.0055,-0.2957,0.8498,0.003372,-0.5913,-0.887,-0.6064,-0.9131,313.594124,642.091574,852.015301,488.135329,537.779073
2017-11-14,15.977,-0.1779,0.8515,0.003379,-0.3559,-0.5338,-0.371,-0.5599,313.036126,639.806547,847.467169,486.324554,534.767879
2017-11-15,15.8156,-1.0101,0.8531,0.003385,-2.0202,-3.0303,-2.0353,-3.0564,309.874152,626.881191,821.786404,476.426443,518.423062
2017-11-16,15.8726,0.3601,0.8548,0.003392,0.7203,1.0804,0.7052,1.0543,310.990129,631.396474,830.665114,479.786102,523.888624
2017-11-17,16.015,0.8971,0.8565,0.003399,1.7942,2.6914,1.7791,2.6652,313.780079,642.725225,853.02127,488.322131,537.85127
2017-11-20,15.9485,-0.4149,0.8615,0.003419,-0.8299,-1.2448,-0.845,-1.271,312.47811,637.391499,842.402932,484.195878,531.015213
2017-11-21,16.0909,0.8929,0.8632,0.003425,1.7857,2.6786,1.7706,2.6524,315.268098,648.773509,864.967336,492.768981,545.099652
2017-11-22,16.1669,0.472,0.8648,0.003432,0.9439,1.4159,0.9288,1.3897,316.756042,654.897431,877.214272,497.345744,552.674659
2017-11-23,16.1764,0.0587,0.8665,0.003438,0.1175,0.1762,0.1023,0.15,316.942109,655.666826,878.760142,497.85472,553.503576
2017-11-24,16.1669,-0.0587,0.8682,0.003445,-0.1174,-0.1761,-0.1326,-0.2024,316.756042,654.896979,877.212457,497.194735,552.383414
2017-11-27,15.977,-1.1744,0.8732,0.003465,-2.3488,-3.5231,-2.3639,-3.5494,313.036126,639.515038,846.307068,485.441406,532.776945
2017-11-28,15.8726,-0.6536,0.8748,0.003472,-1.3072,-1.9608,-1.3224,-1.9871,310.990129,631.155325,829.712734,479.022056,522.190124
2017-11-29,15.8916,0.1196,0.8765,0.003478,0.2392,0.3588,0.224,0.3325,311.362096,632.665142,832.689928,480.095211,523.92641
2017-11-30,15.6163,-1.7324,0.8782,0.003485,-3.4647,-5.1971,-3.4799,-5.2234,305.968169,610.745007,789.41425,463.388279,496.559487
2017-12-01,15.6827,0.4255,0.8799,0.003492,0.851,1.2766,0.8358,1.2502,307.27012,615.942672,799.491558,467.261458,502.767508
2017-12-04,15.7397,0.3632,0.8849,0.003511,0.7264,1.0896,0.7112,1.0632,308.386153,620.416989,808.203032,470.584622,508.113128
2017-12-05,15.6163,-0.7841,0.8865,0.003518,-1.5682,-2.3522,-1.5834,-2.3786,305.968169,610.687902,789.192242,463.133492,496.026993
2017-12-06,15.3505,-1.7021,0.8882,0.003525,-3.4043,-5.1064,-3.4195,-5.1328,300.760161,589.898367,748.892756,447.296585,470.566739
2017-12-07,15.36,0.0618,0.8899,0.003531,0.1237,0.1855,0.1085,0.1591,300.946172,590.628038,750.282263,447.781708,471.315476
2017-12-08,15.36,0.0,0.8916,0.003538,0.0,0.0,-0.0152,-0.0264,300.946172,590.628038,750.282263,447.713446,471.190855
2017-12-11,15.4739,0.7417,0.8966,0.003558,1.4833,2.225,1.4681,2.1985,303.178163,599.388915,766.975841,454.286109,481.54995
2017-12-12,15.3695,-0.6748,0.8982,0.003564,-1.3497,-2.0245,-1.365,-2.051,301.132165,591.298964,751.448034,448.085237,471.67315
2017-12-13,15.3789,0.0618,0.8999,0.003571,0.1235,0.1853,0.1083,0.1588,301.318177,592.029464,752.84056,448.570353,472.422191
2017-12-14,15.5213,0.9259,0.9016,0.003578,1.8518,2.7777,1.8365,2.7512,304.10809,602.992698,773.752274,456.808443,485.419412
2017-12-15,15.3979,-0.7951,0.9033,0.003584,-1.5902,-2.3853,-1.6055,-2.4118,301.690144,593.403977,755.296094,449.474478,473.711986
2017-12-18,15.4169,0.1233,0.9083,0.003604,0.2466,0.3698,0.2313,0.3433,302.062074,594.867099,758.089528,450.513904,475.33811
2017-12-19,15.341,-0.4926,0.9099,0.003611,-0.9852,-1.4778,-1.0005,-1.5044,300.574149,589.006597,746.886728,446.006532,468.18734
2017-12-20,15.3884,0.3094,0.9116,0.003618,0.6188,0.9282,0.6035,0.9016,301.504114,592.651324,753.819244,448.698041,472.408462
2017-12-21,15.3789,-0.0617,0.9133,0.003624,-0.1233,-0.185,-0.1387,-0.2116,301.318177,591.920351,752.424608,448.075831,471.408739
2017-12-22,15.4359,0.3704,0.915,0.003631,0.7407,1.1111,0.7254,1.0845,302.434172,596.304954,760.784896,451.326195,476.521102
2017-12-25,15.4644,0.1845,0.92,0.003651,0.369,0.5535,0.3536,0.5268,302.992114,598.505124,764.995467,452.922131,479.031341
2017-12-26,15.3125,-0.9822,0.9216,0.003657,-1.9643,-2.9465,-1.9797,-2.9732,300.016207,586.748414,742.454734,443.955589,464.78879
2017-12-27,15.36,0.31,0.9233,0.003664,0.6199,0.9299,0.6046,0.9032,300.946172,590.385921,749.358929,446.639624,468.986863
2017-12-28,15.5118,0.9889,0.925,0.003671,1.9777,2.9666,1.9623,2.9399,303.922116,602.062129,771.589315,455.404247,482.774519
2017-12-29,15.5973,0.5508,0.9267,0.003677,1.1016,1.6524,1.0862,1.6257,305.596146,608.694553,784.339264,460.351004,490.623019
2018-01-02,15.6827,0.5478,0.9355,0.003712,1.0955,1.6433,1.0801,1.6165,307.27012,615.363086,797.228467,465.323383,498.554087
2018-01-03,15.8251,0.908,0.9383,0.003723,1.816,2.724,1.8005,2.6971,310.060089,626.537906,818.944633,473.701726,512.000817
2018-01-04,15.8536,0.18,0.9411,0.003734,0.3599,0.5399,0.3445,0.513,310.618049,628.792844,823.365761,475.333457,514.627499
2018-01-05,15.9011,0.2994,0.9438,0.003745,0.5988,0.8982,0.5834,0.8714,311.548089,632.558255,830.761624,478.106457,519.11192
2018-01-08,15.9675,0.4179,0.9521,0.003778,0.8358,1.2537,0.8203,1.2268,312.850096,637.845369,841.177261,482.028583,525.480509
2018-01-09,15.977,0.0595,0.9549,0.003789,0.1189,0.1784,0.1034,0.1514,313.036126,638.603934,842.677831,482.527148,526.276326
2018-01-10,15.9011,-0.4754,0.9577,0.0038,-0.9507,-1.4261,-0.9662,-1.453,311.548089,632.532645,830.660663,477.864877,518.629348
2018-01-11,15.8346,-0.4179,0.9604,0.003811,-0.8358,-1.2537,-0.8513,-1.2807,310.246082,627.245745,820.246291,473.796584,511.98709
2018-01-12,15.9675,0.8393,0.9632,0.003822,1.6787,2.518,1.6631,2.491,312.850096,637.77517,840.900211,481.676521,524.740713
2018-01-15,16.0719,0.654,0.9715,0.003855,1.308,1.962,1.2924,1.9349,314.896149,646.117326,857.398784,487.901936,534.89412
2018-01-16,16.1384,0.4134,0.9743,0.003866,0.8269,1.2403,0.8113,1.2132,316.198063,651.459969,868.033328,491.860342,541.38361
2018-01-17,16.1669,0.1765,0.977,0.003877,0.3529,0.5294,0.3373,0.5023,316.756042,653.759166,872.628653,493.519615,544.102848
2018-01-18,16.3852,1.3506,0.9798,0.003888,2.7011,4.0517,2.6856,4.0246,321.034067,671.418171,907.985144,506.77335,566.000708
2018-01-19,16.5466,0.985,0.9826,0.003899,1.9699,2.9549,1.9543,2.9277,324.196097,684.644458,934.814784,516.67721,582.571462
2018-01-22,16.6985,0.918,0.9909,0.003932,1.8359,2.7539,1.8203,2.7266,327.172059,697.213863,960.558218,526.0821,598.455999
2018-01-23,16.7649,0.3979,0.9936,0.003943,0.7958,1.1938,0.7802,1.1665,328.473935,702.76254,972.024916,530.18652,605.437003
2018-01-24,16.5561,-1.2458,0.9964,0.003954,-2.4915,-3.7373,-2.5072,-3.7646,324.38194,685.25308,935.697641,516.893795,582.645017
2018-01-25,16.6036,0.2867,0.9992,0.003965,0.5734,0.8601,0.5578,0.8328,325.31198,689.182475,943.745893,519.776776,587.49751
2018-01-26,16.6131,0.0572,1.0019,0.003976,0.1144,0.1716,0.0987,0.1443,325.498048,689.970855,945.365268,520.289853,588.345111
2018-01-29,16.6617,0.2931,1.0102,0.004009,0.5861,0.8792,0.5704,0.8518,326.451967,694.014974,953.676859,523.257658,593.356698
2018-01-30,16.467,-1.1689,1.013,0.00402,-2.3378,-3.5067,-2.3535,-3.5341,322.636065,677.790273,920.234233,510.942638,572.386825
2018-01-31,16.4865,0.1183,1.0158,0.004031,0.2366,0.3549,0.2208,0.3274,323.017693,679.393711,923.499708,512.070958,574.260967
2018-02-01,16.6033,0.7088,1.0185,0.004042,1.4176,2.1264,1.4019,2.099,325.307271,689.024918,943.137254,519.249526,586.314579
2018-02-02,16.5352,-0.4106,1.0213,0.004053,-0.8211,-1.2317,-0.8369,-1.2592,323.97165,683.367026,931.520472,514.903907,578.931778
2018-02-05,16.282,-1.5312,1.0296,0.004086,-3.0624,-4.5936,-3.0782,-4.6212,319.010978,662.439518,888.729991,499.054118,552.178452
2018-02-06,15.5127,-4.7249,1.0324,0.004097,-9.4498,-14.1747,-9.4656,-14.2022,303.938054,599.840418,762.755402,451.815718,473.756777
2018-02-07,15.7074,1.2555,1.0352,0.004108,2.511,3.7665,2.4952,3.7389,307.754012,614.902472,791.4847,463.089406,491.470233
2018-02-08,15.6977,-0.062,1.0379,0.004119,-0.124,-0.186,-0.1398,-0.2136,307.563254,614.140192,790.012922,462.442041,490.420679
2018-02-09,15.3958,-1.9231,1.0407,0.00413,-3.8462,-5.7694,-3.8621,-5.797,301.648439,590.518865,744.434193,444.582162,461.991044
2018-02-12,15.5224,0.8223,1.049,0.004163,1.6446,2.4669,1.6287,2.4392,304.128887,600.230511,762.798588,451.823189,473.259942
2018-02-21,15.873,2.2585,1.0739,0.004261,4.5169,6.7754,4.501,6.7475,310.997528,627.342492,814.481184,472.159571,505.193176
2018-02-22,15.7756,-0.6135,1.0767,0.004272,-1.227,-1.8405,-1.243,-1.8684,309.08954,619.644925,799.490514,466.290672,495.754007
2018-02-23,15.9703,1.2346,1.0794,0.004283,2.4692,3.7037,2.4532,3.6758,312.905498,634.94495,829.101563,477.729576,513.976972
2018-02-26,16.0483,0.4878,1.0877,0.004316,0.9756,1.4634,0.9596,1.4354,314.431858,641.139504,841.234696,482.313783,521.354646
2018-02-27,16.0385,-0.0607,1.0905,0.004327,-0.1213,-0.182,-0.1374,-0.21,314.241082,640.361502,839.70348,481.651179,520.259594
2018-03-01,15.9217,-0.7286,1.096,0.004349,-1.4572,-2.1859,-1.4733,-2.2139,311.951466,631.029929,821.348799,474.555056,508.741481
2018-03-02,15.8048,-0.7339,1.0988,0.00436,-1.4679,-2.2018,-1.484,-2.2299,309.661907,621.767074,803.263995,467.512842,497.396914
2018-03-05,15.7269,-0.4929,1.1071,0.004393,-0.9858,-1.4787,-1.0019,-1.5069,308.135546,615.637545,791.385842,462.828721,489.901702
2018-03-06,15.9996,1.7338,1.1099,0.004404,3.4675,5.2013,3.4514,5.1731,313.477864,636.98485,832.547938,478.802797,515.244778
2018-03-07,15.9314,-0.426,1.1126,0.004415,-0.8521,-1.2781,-0.8682,-1.3063,312.142317,631.557206,821.90693,474.645807,508.514028
2018-03-08,16.1164,1.1614,1.1154,0.004426,2.3227,3.4841,2.3066,3.4559,315.767405,646.226478,850.54276,485.593902,526.087533
2018-03-09,16.1359,0.1208,1.1182,0.004437,0.2417,0.3625,0.2255,0.3343,316.148995,647.788347,853.626284,486.689145,527.846226
2018-03-12,16.3891,1.5691,1.1265,0.00447,3.1382,4.7073,3.122,4.679,321.109705,668.117305,893.80916,501.883743,552.544201
2018-03-13,16.5449,0.9507,1.1292,0.004481,1.9013,2.852,1.8851,2.8237,324.162389,680.820446,919.300605,511.344987,568.146246
2018-03-14,16.4183,-0.7651,1.132,0.004492,-1.5303,-2.2954,-1.5465,-2.3238,321.682109,670.402054,898.198932,503.437198,554.943923
2018-03-15,16.4086,-0.0593,1.1348,0.004503,-0.1187,-0.178,-0.1349,-0.2064,321.491258,669.606567,896.600252,502.758224,553.798749
2018-03-16,16.3404,-0.4154,1.1375,0.004514,-0.8308,-1.2462,-0.847,-1.2746,320.155748,664.043331,885.426528,498.499651,546.739888
2018-03-19,16.3307,-0.0596,1.1458,0.004547,-0.1192,-0.1788,-0.1355,-0.2073,319.964934,663.251787,883.843378,497.824413,545.606716
2018-03-20,16.3209,-0.0596,1.1486,0.004558,-0.1192,-0.1788,-0.1355,-0.2073,319.774195,662.461026,882.262735,497.149915,544.475573
2018-03-21,16.3307,0.0596,1.1514,0.004569,0.1193,0.1789,0.103,0.1504,319.964934,663.251316,883.841492,497.662083,545.294688
2018-03-22,16.2722,-0.3578,1.1541,0.00458,-0.7155,-1.0733,-0.7318,-1.1018,318.820201,658.50551,874.355178,494.020078,539.286469
2018-03-23,15.9898,-1.7355,1.1569,0.004591,-3.471,-5.2066,-3.4873,-5.2351,313.287013,635.648521,828.831354,476.791933,511.054247
2018-03-26,16.0093,0.1218,1.1652,0.004624,0.2436,0.3654,0.2273,0.3368,313.668566,637.196836,831.859659,477.875443,512.775262
2018-03-27,16.243,1.4599,1.168,0.004635,2.9198,4.3796,2.9034,4.351,318.24776,655.801492,868.292192,491.750197,535.086187
2018-03-28,16.019,-1.3789,1.1707,0.004646,-2.7578,-4.1367,-2.7741,-4.1653,313.859492,637.716006,832.37396,478.108454,512.798192
2018-03-29,15.9898,-0.1824,1.1735,0.004657,-0.3648,-0.5472,-0.3812,-0.5759,313.287013,635.389622,827.819218,476.286084,509.845102
2018-03-30,16.1359,0.9135,1.1763,0.004668,1.8271,2.7406,1.8107,2.7119,316.148995,646.998618,850.506439,484.910163,523.671593
2018-04-02,16.019,-0.7242,1.1846,0.004701,-1.4484,-2.1726,-1.4648,-2.2013,313.859492,637.627684,832.028719,477.807311,512.143898
2018-04-03,15.873,-0.9119,1.1873,0.004712,-1.8237,-2.7356,-1.8401,-2.7644,310.997528,625.999123,809.267873,469.014983,497.986332
2018-04-09,16.0093,0.8589,1.2039,0.004778,1.7177,2.5766,1.7012,2.5477,313.668566,636.752052,830.119341,476.994048,510.673351
2018-04-10,16.0677,0.365,1.2067,0.004789,0.73,1.095,0.7135,1.0661,314.813486,641.400463,839.209383,480.397516,516.117569
2018-04-11,16.1359,0.4242,1.2095,0.0048,0.8484,1.2727,0.8319,1.2437,316.148995,646.842392,849.889727,484.39413,522.53654
2018-04-12,16.0677,-0.4224,1.2122,0.004811,-0.8449,-1.2673,-0.8614,-1.2963,314.813486,641.377474,839.119149,480.221667,515.763017
2018-04-13,16.0677,0.0,1.215,0.004821,0.0,0.0,-0.0165,-0.029,314.813486,641.377474,839.119149,480.142297,515.613404
2018-04-16,16.0288,-0.2424,1.2233,0.004854,-0.4848,-0.7273,-0.5014,-0.7563,314.050306,638.267781,833.016496,477.734831,511.713599
2018-04-17,15.8535,-1.0936,1.2261,0.004865,-2.1871,-3.2807,-2.2037,-3.3098,310.615938,624.307941,805.68758,467.206909,494.776835
2018-04-18,15.8924,0.2457,1.2288,0.004876,0.4914,0.7371,0.4748,0.708,311.379137,627.375853,811.626425,469.425335,498.279842
2018-04-19,16.0969,1.2868,1.2316,0.004887,2.5736,3.8603,2.557,3.8312,315.38589,643.521699,842.957872,481.428348,517.369883
2018-04-20,15.7269,-2.2989,1.2344,0.004898,-4.5978,-6.8966,-4.6144,-6.9258,308.135546,613.934114,784.822098,459.213486,481.537868
2018-04-23,15.5711,-0.9907,1.2427,0.004931,-1.9814,-2.9721,-1.9981,-3.0014,305.082806,601.769459,761.496086,450.038105,467.085146
2018-04-24,15.4932,-0.5003,1.2455,0.004942,-1.0006,-1.5009,-1.0172,-1.5301,303.556483,595.748178,750.066837,445.460117,459.938072
2018-04-25,15.4445,-0.3143,1.2482,0.004953,-0.6285,-0.9428,-0.6452,-0.972,302.602545,592.003854,742.995494,442.586153,455.467321
2018-04-26,15.3958,-0.3153,1.251,0.004964,-0.6306,-0.9459,-0.6473,-0.9752,301.648439,588.270677,735.967497,439.721422,451.025632
2018-04-27,15.425,0.1898,1.2538,0.004975,0.3796,0.5694,0.3629,0.54,302.220917,590.503557,740.15773,441.317106,453.461326
2018-04-30,15.5808,1.0101,1.2621,0.005008,2.0202,3.0303,2.0035,3.0009,305.273601,602.432716,762.586365,450.158686,467.069108
2018-05-02,15.464,-0.75,1.2676,0.00503,-1.5,-2.2499,-1.5167,-2.2794,302.984116,593.39649,745.428675,443.331163,456.422925
2018-05-03,15.2984,-1.0705,1.2704,0.005041,-2.1411,-3.2116,-2.1578,-3.2411,299.740563,580.691445,721.48843,433.764878,441.630007
2018-05-04,15.3763,0.5092,1.2731,0.005052,1.0184,1.5276,1.0017,1.4982,301.266886,586.605379,732.510207,438.109775,448.246398
2018-05-07,15.4834,0.6967,1.2814,0.005085,1.3933,2.09,1.3766,2.0605,303.365725,594.778799,747.819768,444.140579,457.482417
2018-05-08,15.5808,0.6289,1.2842,0.005096,1.2578,1.8867,1.241,1.8572,305.273601,602.259962,761.92895,449.652379,465.97856
2018-05-09,15.6685,0.5625,1.287,0.005107,1.125,1.6875,1.1082,1.6579,306.990776,609.035427,774.786579,454.635398,473.704164
2018-05-10,15.7074,0.2486,1.2897,0.005118,0.4972,0.7459,0.4804,0.7163,307.754012,612.063779,780.565371,456.819525,477.097094
2018-05-11,15.8924,1.1779,1.2925,0.005129,2.3559,3.5338,2.339,3.5042,311.379137,626.483138,808.148899,467.504642,493.815365
2018-05-14,16.0677,1.1029,1.3008,0.005162,2.2059,3.3088,2.189,3.2792,314.813486,640.3027,834.889276,477.738445,510.008332
2018-05-15,15.9022,-1.0303,1.3036,0.005173,-2.0606,-3.0909,-2.0775,-3.1206,311.569988,627.108727,809.083888,467.813606,494.093081
2018-05-16,15.9217,0.1224,1.3063,0.005184,0.2449,0.3673,0.228,0.3376,311.951466,628.644357,812.055751,468.880149,495.761037
2018-05-17,15.8145,-0.6728,1.3091,0.005195,-1.3456,-2.0184,-1.3625,-2.0481,309.852664,620.185349,795.665277,462.491674,485.60712
2018-05-18,15.7658,-0.3079,1.3119,0.005206,-0.6157,-0.9236,-0.6326,-0.9533,308.898764,616.366791,788.316762,459.565838,480.977608
2018-05-21,15.9801,1.3589,1.3202,0.005239,2.7177,4.0766,2.7008,4.0467,313.096274,633.117949,820.453192,471.977702,500.441549
2018-05-22,15.9217,-0.3656,1.3229,0.00525,-0.7313,-1.0969,-0.7482,-1.1268,311.951466,628.488074,811.453456,468.446187,494.802638
2018-05-23,15.8438,-0.4893,1.3257,0.005261,-0.9786,-1.4679,-0.9955,-1.4978,310.425124,622.337837,799.542416,463.782601,487.391725
2018-05-24,15.8827,0.2459,1.3285,0.005272,0.4917,0.7376,0.4747,0.7077,311.188342,625.398022,805.439731,465.984391,490.840888
2018-05-25,15.9411,0.3679,1.3312,0.005283,0.7357,1.1036,0.7187,1.0737,312.333094,629.999258,814.328514,469.333608,496.110867
2018-05-28,16.0093,0.4276,1.3395,0.005316,0.8552,1.2827,0.8381,1.2527,313.668566,635.386753,824.774218,473.267267,502.325857
2018-05-29,15.9411,-0.4258,1.3423,0.005327,-0.8515,-1.2773,-0.8686,-1.3073,312.333094,629.976321,814.239567,469.156699,495.758975
2018-05-30,15.6587,-1.7715,1.3451,0.005338,-3.5431,-5.3146,-3.5601,-5.3446,306.799999,607.6558,770.965915,452.454173,469.262395
2018-05-31,15.7269,0.4353,1.3478,0.005349,0.8706,1.3059,0.8536,1.2759,308.135546,612.946236,781.034309,456.31621,475.249635
2018-06-01,15.8438,0.743,1.3506,0.00536,1.4861,2.2291,1.469,2.199,310.425124,622.055139,798.444561,463.019583,485.700582
2018-06-04,16.0872,1.5366,1.3589,0.005392,3.0731,4.6097,3.056,4.5795,315.195001,641.171674,835.250367,477.169585,507.943426
2018-06-05,16.0677,-0.121,1.3617,0.005403,-0.2421,-0.3631,-0.2592,-0.3933,314.813486,639.619512,832.217379,475.9328,505.945709
2018-06-06,16.2235,0.9697,1.3644,0.005414,1.9394,2.9091,1.9223,2.8789,317.866207,652.024191,856.427216,485.081482,520.511289
2018-06-07,16.2527,0.1801,1.3672,0.005425,0.3601,0.5402,0.343,0.5099,318.438536,654.372175,861.053297,486.745191,523.165608
2018-06-08,16.0775,-1.0785,1.37,0.005436,-2.157,-3.2355,-2.1741,-3.2657,315.004225,640.257566,833.194309,476.162803,506.080628
2018-06-11,16.0969,0.1212,1.3783,0.005469,0.2423,0.3635,0.2251,0.3332,315.38589,641.809061,836.222849,477.234874,507.766796
2018-06-12,16.0677,-0.1815,1.381,0.00548,-0.363,-0.5445,-0.3802,-0.5748,314.813486,639.479382,831.669787,475.420555,504.848126
2018-06-13,16.1651,0.606,1.3838,0.005491,1.2121,1.8181,1.1949,1.7878,316.721362,647.230304,846.790386,481.101213,513.873567
2018-06-14,15.9217,-1.506,1.3866,0.005502,-3.012,-4.5181,-3.0293,-4.5484,311.951466,627.735433,808.531819,466.527435,490.500347
2018-06-15,15.9606,0.2447,1.3893,0.005513,0.4893,0.734,0.4721,0.7036,312.714721,630.807207,814.46655,468.730016,493.951614
2018-06-19,15.6977,-1.6473,1.4004,0.005557,-3.2947,-4.942,-3.3119,-4.9725,307.563254,610.024159,774.21551,453.205965,469.389909
2018-06-20,15.873,1.1166,1.4032,0.005568,2.2332,3.3498,2.2159,3.3193,310.997528,623.647309,800.150352,463.248739,484.970465
2018-06-21,15.8243,-0.3068,1.4059,0.005579,-0.6135,-0.9203,-0.6308,-0.9508,310.043515,619.821121,792.786754,460.32655,480.359365
2018-06-22,15.8048,-0.1231,1.4087,0.00559,-0.2462,-0.3692,-0.2635,-0.3998,309.661907,618.29534,789.859412,459.113768,478.438925
2018-06-25,15.7561,-0.3081,1.417,0.005623,-0.6161,-0.9242,-0.6334,-0.9548,308.707987,614.485999,782.559882,456.205589,473.870948
2018-06-26,15.7172,-0.2472,1.4198,0.005634,-0.4944,-0.7417,-0.5118,-0.7723,307.944788,611.44769,776.755864,453.870785,470.211224
2018-06-27,15.6587,-0.3718,1.4225,0.005645,-0.7435,-1.1153,-0.7609,-1.1459,306.799999,606.901559,768.093061,450.41749,464.82303
2018-06-28,15.5906,-0.4353,1.4253,0.005656,-0.8707,-1.306,-0.888,-1.3367,305.464415,601.617543,758.061904,446.417706,458.60993
2018-06-29,15.8632,1.7489,1.4281,0.005667,3.4978,5.2467,3.4804,5.216,310.806677,622.660902,797.835101,461.954933,482.531006
2018-07-02,15.7853,-0.4911,1.4364,0.0057,-0.9822,-1.4733,-0.9996,-1.504,309.280335,616.545245,786.080824,457.33729,475.273565
2018-07-03,15.8048,0.1234,1.4392,0.005711,0.2467,0.3701,0.2293,0.3393,309.661907,618.066558,788.990282,458.386105,476.886334
2018-07-04,15.8535,0.3081,1.4419,0.005722,0.6162,0.9243,0.5987,0.8935,310.615938,621.874937,796.282637,461.130682,481.147101
2018-07-05,15.7269,-0.7985,1.4447,0.005733,-1.5971,-2.3956,-1.6145,-2.4265,308.135546,611.943098,777.206735,453.68564,469.472305
2018-07-06,15.7658,0.2477,1.4475,0.005744,0.4954,0.7431,0.4779,0.7122,308.898764,614.974529,782.9819,455.85393,472.815953
2018-07-09,16.019,1.6059,1.4558,0.005777,3.2119,4.8178,3.1944,4.7869,313.859492,634.72677,820.704553,470.415711,495.449183
2018-07-10,16.058,0.2431,1.4585,0.005788,0.4863,0.7294,0.4688,0.6985,314.622635,637.81342,826.691132,472.621028,498.909911
2018-07-11,15.9119,-0.9096,1.4613,0.005799,-1.8193,-2.7289,-1.8368,-2.7599,311.76069,626.209762,804.131302,463.939961,485.140529
2018-07-12,16.0969,1.1628,1.4641,0.00581,2.3256,3.4884,2.3081,3.4575,315.38589,640.773083,832.182979,474.648223,501.91407
2018-07-13,16.2333,0.8469,1.4668,0.005821,1.6938,2.5407,1.6763,2.5097,318.056909,651.626562,853.326377,482.604671,514.51065
2018-07-16,16.1651,-0.4199,1.4751,0.005854,-0.8398,-1.2597,-0.8574,-1.2908,316.721362,646.154096,842.576817,478.466933,507.869363
2018-07-17,16.0775,-0.5422,1.4779,0.005865,-1.0843,-1.6265,-1.1019,-1.6576,315.004225,639.147716,828.872469,473.194747,499.451048
2018-07-18,16.1748,0.6057,1.4807,0.005876,1.2114,1.8171,1.1938,1.786,316.912213,646.890382,843.933971,478.843854,508.371198
2018-07-19,16.2235,0.301,1.4834,0.005887,0.6021,0.9031,0.5845,0.8719,317.866207,650.785023,851.5554,481.642518,512.803917
2018-07-20,16.4865,1.6206,1.4862,0.005898,3.2413,4.8619,3.2237,4.8308,323.017693,671.878865,892.957494,497.16917,537.576334
2018-07-23,16.6043,0.7147,1.4945,0.005931,1.4294,2.1442,1.4118,2.1129,325.326368,681.482981,912.103953,504.188228,548.934979
2018-07-24,16.6338,0.1774,1.4973,0.005942,0.3548,0.5322,0.3371,0.5009,325.90348,683.900814,916.958032,505.888058,551.684796
2018-07-25,16.6436,0.059,1.5,0.005952,0.1181,0.1771,0.1004,0.1458,326.095863,684.708238,918.581894,506.395984,552.489276
2018-07-26,16.6927,0.295,1.5028,0.005963,0.5899,0.8849,0.5723,0.8536,327.057743,688.747582,926.710469,509.293919,557.205394
2018-07-27,16.8301,0.8235,1.5056,0.005974,1.6471,2.4706,1.6294,2.4393,329.751221,700.09192,949.606196,517.592435,570.797479
2018-07-30,16.8007,-0.175,1.5139,0.006007,-0.3501,-0.5251,-0.3678,-0.5565,329.173997,697.640919,944.61938,515.688674,567.620845
2018-07-31,16.8007,0.0,1.5166,0.006018,0.0,0.0,-0.0177,-0.0314,329.173997,697.640919,944.61938,515.59727,567.442602
2018-08-01,16.9185,0.7014,1.5194,0.006029,1.4027,2.1041,1.385,2.0726,331.482671,707.426782,964.494754,522.738148,579.203632
2018-08-02,16.6632,-1.509,1.5222,0.00604,-3.018,-4.5269,-3.0357,-4.5584,326.480667,686.07694,920.832685,506.869362,552.801314
2018-08-03,16.8007,0.825,1.5249,0.006051,1.6499,2.4749,1.6322,2.4434,329.173997,697.396636,943.622141,515.142275,566.3085
2018-08-06,16.8301,0.1754,1.5332,0.006084,0.3507,0.5261,0.3329,0.4945,329.751221,699.842483,948.586221,516.857289,569.109082
2018-08-07,16.7909,-0.2334,1.536,0.006095,-0.4667,-0.7001,-0.4845,-0.7317,328.981688,696.576068,941.945135,514.352922,564.945144
2018-08-08,16.9185,0.7602,1.5388,0.006106,1.5204,2.2807,1.5026,2.2491,331.482671,707.167084,963.427689,522.081726,577.651219
2018-08-09,16.9185,0.0,1.5415,0.006117,0.0,0.0,-0.0178,-0.0316,331.482671,707.167084,963.427689,521.988673,577.468684
2018-08-10,16.8301,-0.5223,1.5443,0.006128,-1.0447,-1.567,-1.0625,-1.5986,329.751221,699.779522,948.33073,516.44252,568.237118
2018-08-13,16.4865,-2.042,1.5526,0.006161,-4.084,-6.126,-4.1019,-6.1577,323.017656,671.200331,890.235594,495.258588,533.246616
2018-08-14,16.6043,0.7147,1.5554,0.006172,1.4295,2.1442,1.4116,2.1125,325.326368,680.794904,909.324002,502.249591,544.511387
2018-08-15,16.4472,-0.9462,1.5581,0.006183,-1.8924,-2.8386,-1.9103,-2.8704,322.248085,667.911355,883.511557,492.655033,528.881882
2018-08-16,16.457,0.0597,1.5609,0.006194,0.1195,0.1792,0.1016,0.1475,322.44058,668.709311,885.094858,493.155422,529.661731
2018-08-17,16.4275,-0.179,1.5637,0.006205,-0.3581,-0.5371,-0.376,-0.5689,321.863318,666.314944,880.341129,491.301309,526.648686
2018-08-20,16.4865,0.3586,1.572,0.006238,0.7173,1.0759,0.6993,1.0441,323.017656,671.094316,889.812951,494.737175,532.147347
2018-08-21,16.6043,0.7147,1.5747,0.006249,1.4295,2.1442,1.4115,2.1123,325.326368,680.687373,908.892296,501.720437,543.388078
2018-08-22,16.6239,0.1183,1.5775,0.00626,0.2365,0.3548,0.2186,0.3229,325.711097,682.297328,912.11685,502.816961,545.142643
2018-08-23,16.7025,0.4725,1.5803,0.006271,0.9451,1.4176,0.9271,1.3857,327.250163,688.74538,925.046793,507.47844,552.696511
2018-08-24,16.6534,-0.2939,1.583,0.006282,-0.5879,-0.8818,-0.6059,-0.9137,326.288247,684.696394,916.889566,504.403797,547.646266
2018-08-27,16.8007,0.8844,1.5913,0.006315,1.7688,2.6533,1.7508,2.6213,329.173997,696.807542,941.216957,513.234967,562.001483
2018-08-28,16.9381,0.8182,1.5941,0.006326,1.6365,2.4547,1.6185,2.4227,331.867438,708.210691,964.321267,521.541432,575.617152
2018-08-29,17.1345,1.1594,1.5969,0.006337,2.3188,3.4783,2.3008,3.4462,335.715179,724.63298,997.862901,533.541053,595.454213
2018-08-30,17.1934,0.3438,1.5996,0.006348,0.6877,1.0315,0.6696,0.9995,336.869516,729.616198,1008.156183,537.113827,601.405612
2018-08-31,17.0756,-0.6853,1.6024,0.006359,-1.3706,-2.0559,-1.3887,-2.088,334.560917,719.615935,987.429203,529.655009,588.84819
2018-09-03,16.9774,-0.5751,1.6107,0.006392,-1.1501,-1.7252,-1.1682,-1.7573,332.637009,711.339566,970.394431,523.467541,578.500288
2018-09-04,17.0854,0.6362,1.6135,0.006403,1.2724,1.9086,1.2543,1.8765,334.7533,720.390884,988.915858,530.033519,589.355723
2018-09-05,17.0854,0.0,1.6162,0.006414,0.0,0.0,-0.0181,-0.0322,334.7533,720.390884,988.915858,529.937476,589.165995
2018-09-06,16.9872,-0.5747,1.619,0.006425,-1.1494,-1.7241,-1.1676,-1.7564,332.829429,712.110524,971.865575,523.750155,578.818159
2018-09-07,16.9676,-0.1156,1.6218,0.006436,-0.2312,-0.3468,-0.2494,-0.3791,332.444625,710.463897,968.494679,522.444058,576.62395
2018-09-10,16.889,-0.463,1.6301,0.006469,-0.926,-1.3889,-0.9441,-1.4212,330.905484,703.885332,955.042963,517.511515,568.428783
2018-09-11,16.8203,-0.407,1.6328,0.00648,-0.814,-1.221,-0.8322,-1.2533,329.558726,698.155821,943.382125,513.204943,561.304668
2018-09-12,16.8007,-0.1167,1.6356,0.006491,-0.2335,-0.3502,-0.2517,-0.3826,329.173997,696.525757,940.078192,511.913317,559.157294
2018-09-13,16.6828,-0.7013,1.6384,0.006502,-1.4027,-2.104,-1.4209,-2.1364,326.865397,686.755852,920.299007,504.639693,547.211672
2018-09-14,16.9872,1.8246,1.6412,0.006513,3.6492,5.4738,3.631,5.4415,332.829429,711.817142,970.674727,522.963209,576.987936
2018-09-17,16.8596,-0.7514,1.6495,0.006545,-1.5029,-2.2543,-1.5211,-2.2868,330.328409,701.119354,948.79255,515.008227,563.793477
2018-09-18,16.7712,-0.5242,1.6522,0.006556,-1.0484,-1.5725,-1.0666,-1.605,328.596884,693.76906,933.872328,509.515003,554.744444
2018-09-19,16.9185,0.8782,1.655,0.006567,1.7564,2.6346,1.7382,2.6021,331.482671,705.954629,958.47655,518.37117,569.1797
2018-09-20,16.8694,-0.2902,1.6578,0.006578,-0.5804,-0.8706,-0.5987,-0.9031,330.520755,701.857464,950.132453,515.267905,564.039551
2018-09-21,17.056,1.1059,1.6605,0.006589,2.2119,3.3178,2.1936,3.2853,334.176113,717.381695,981.656109,526.570731,582.569791
2018-09-25,17.1051,0.2879,1.6716,0.006633,0.5757,0.8636,0.5574,0.8309,335.138067,721.511782,990.133447,529.505716,587.410617
2018-09-26,17.0658,-0.2296,1.6744,0.006644,-0.4593,-0.6889,-0.4776,-0.7216,334.368458,718.198036,983.312247,526.976644,583.172033
2018-09-27,17.1542,0.5178,1.6771,0.006655,1.0357,1.5535,1.0173,1.5208,336.099946,725.636242,998.588143,532.337654,592.041139
2018-09-28,17.0658,-0.5152,1.6799,0.006666,-1.0303,-1.5455,-1.0487,-1.5782,334.368458,718.159716,983.154853,526.754958,582.697494
2018-10-01,17.1542,0.5178,1.6882,0.006699,1.0357,1.5535,1.0173,1.5208,336.099946,725.597526,998.428304,532.113482,591.558872
2018-10-02,16.8989,-1.4882,1.691,0.00671,-2.9765,-4.4647,-2.9949,-4.4975,331.098017,704.000454,953.851675,516.177376,564.953716
2018-10-03,16.8792,-0.1162,1.6937,0.006721,-0.2325,-0.3487,-0.2509,-0.3815,330.713175,702.363908,950.525636,514.882332,562.798401
2018-10-04,16.673,-1.2217,1.6965,0.006732,-2.4433,-3.665,-2.4617,-3.6978,326.673013,685.203032,915.689309,502.207262,541.987336
2018-10-05,16.3883,-1.7079,1.6993,0.006743,-3.4157,-5.1236,-3.4342,-5.1565,321.09386,661.798264,868.772932,484.960503,514.039952
2018-10-08,16.2999,-0.5393,1.7076,0.006776,-1.0786,-1.6178,-1.097,-1.6508,319.36226,654.660354,854.71754,479.640267,505.554379
2018-10-09,16.349,0.3012,1.7103,0.006787,0.6025,0.9037,0.584,0.8708,320.324289,658.604477,862.441647,482.441248,509.956564
2018-10-11,15.2001,-7.027,1.7159,0.006809,-14.0541,-21.0811,-14.0726,-21.1141,297.814973,566.043677,680.629287,414.549243,402.283809
2018-10-12,15.7206,3.4238,1.7186,0.00682,6.8476,10.2713,6.829,10.2383,308.011495,604.803828,750.538982,442.858929,443.470941
2018-10-15,15.5536,-1.0618,1.7269,0.006853,-2.1236,-3.1855,-2.1422,-3.2185,304.740959,591.959942,726.630808,433.371986,429.19766
2018-10-16,15.5733,0.1262,1.7297,0.006864,0.2525,0.3787,0.2339,0.3456,305.12567,593.454544,729.382745,434.385702,430.681107
2018-10-17,15.5929,0.1261,1.7325,0.006875,0.2522,0.3783,0.2336,0.3452,305.510474,594.951394,732.14229,435.400624,432.167926
2018-10-18,15.5438,-0.3149,1.7352,0.006886,-0.6298,-0.9446,-0.6484,-0.9778,304.548483,591.204628,725.226181,432.577694,427.942289
2018-10-19,15.5733,0.1895,1.738,0.006897,0.379,0.5686,0.3604,0.5354,305.12567,593.445558,729.349578,434.136884,430.233527
2018-10-22,15.5536,-0.1261,1.7463,0.00693,-0.2522,-0.3782,-0.2708,-0.4115,304.740959,591.949094,726.590828,432.961235,428.463234
2018-10-23,15.2689,-1.8308,1.7491,0.006941,-3.6617,-5.4925,-3.6803,-5.5258,299.161637,570.273802,686.682663,417.026838,404.787345
2018-10-24,15.2001,-0.4501,1.7518,0.006952,-0.9003,-1.3504,-0.919,-1.3837,297.814973,565.139671,677.409436,413.194568,399.186274
2018-10-25,14.827,-2.4548,1.7546,0.006963,-4.9096,-7.3643,-4.9282,-7.3976,290.504276,537.39382,627.522738,392.831408,369.65597
2018-10-26,14.8074,-0.1324,1.7574,0.006974,-0.2649,-0.3973,-0.2835,-0.4306,290.119546,535.970425,625.029559,391.717534,368.064167
2018-10-29,14.8761,0.4642,1.7657,0.007007,0.9284,1.3925,0.9096,1.3591,291.466211,540.946115,633.733266,395.280748,373.066707
2018-10-30,14.9154,0.264,1.7684,0.007018,0.5281,0.7921,0.5094,0.7587,292.235819,543.80282,638.753329,397.29419,375.897317
2018-10-31,15.2296,2.1066,1.7712,0.007029,4.2133,6.3199,4.1945,6.2865,298.392179,566.714767,679.122049,413.958883,399.528105
2018-11-01,15.3965,1.0961,1.774,0.00704,2.1921,3.2882,2.1734,3.2547,301.662733,579.137821,701.452781,422.955748,412.531675
2018-11-02,15.4456,0.3189,1.7767,0.007051,0.6377,0.9566,0.619,0.9231,302.624649,582.831233,708.162981,425.573786,416.339955
2018-11-05,15.3671,-0.5086,1.785,0.007083,-1.0171,-1.5257,-1.0359,-1.5593,301.085583,576.902991,697.358408,421.165116,409.848173
2018-11-06,15.318,-0.3195,1.7878,0.007094,-0.639,-0.9585,-0.6578,-0.9921,300.12361,573.216564,690.674198,418.394677,405.78224
2018-11-07,15.3965,0.5128,1.7906,0.007105,1.0257,1.5385,1.0068,1.5049,301.662733,579.095813,701.300143,422.607273,411.888909
2018-11-08,15.4849,0.574,1.7933,0.007116,1.148,1.7219,1.1291,1.6883,303.39422,585.743615,713.376136,427.379098,418.843017
2018-11-09,15.2787,-1.3316,1.7961,0.007127,-2.6633,-3.9949,-2.6821,-4.0285,299.354096,570.1436,684.877289,415.916289,401.969735
2018-11-12,15.318,0.2571,1.8044,0.00716,0.5141,0.7712,0.4952,0.7375,300.12361,573.074803,690.158891,417.976114,404.934218
2018-11-13,15.1412,-1.1539,1.8072,0.007171,-2.3077,-3.4616,-2.3266,-3.4953,296.660617,559.849891,666.268579,408.251527,390.780655
2018-11-14,15.1903,0.3243,1.8099,0.007182,0.6485,0.9728,0.6297,0.9391,297.622608,563.480779,672.750174,410.822116,394.450438
2018-11-15,15.2394,0.3232,1.8127,0.007193,0.6464,0.9696,0.6275,0.9359,298.584544,567.123191,679.273288,413.400079,398.141972
2018-11-16,15.1118,-0.8376,1.8155,0.007204,-1.6753,-2.5129,-1.6942,-2.5467,296.083504,557.622382,662.20386,406.396361,388.002612
2018-11-19,15.0627,-0.3249,1.8238,0.007237,-0.6498,-0.9747,-0.6687,-1.0085,295.12155,553.999032,655.749502,403.67867,384.089537
2018-11-20,14.9252,-0.9126,1.8265,0.007248,-1.8253,-2.7379,-1.8442,-2.7718,292.428184,543.887114,637.79581,396.233972,373.443534
2018-11-21,14.9252,0.0,1.8293,0.007259,0.0,0.0,-0.019,-0.0339,292.428184,543.887114,637.79581,396.158824,373.316998
2018-11-22,14.8467,-0.5263,1.8321,0.00727,-1.0526,-1.5789,-1.0716,-1.6128,290.889117,538.162095,627.725541,391.913633,367.296056
2018-11-23,14.7976,-0.3307,1.8348,0.007281,-0.6614,-0.9921,-0.6804,-1.0261,289.927107,534.602543,621.497618,389.246995,363.527348
2018-11-26,14.9547,1.0617,1.8432,0.007314,2.1234,3.1851,2.1044,3.1511,293.005278,545.954347,641.293032,397.438268,374.982537
2018-11-27,14.935,-0.1313,1.8459,0.007325,-0.2626,-0.394,-0.2817,-0.428,292.620511,544.520482,638.766646,396.318819,373.377735
2018-11-28,15.102,1.1177,1.8487,0.007336,2.2354,3.3531,2.2164,3.3191,295.891158,556.692797,660.185312,405.102737,385.770483
2018-11-29,15.1314,0.1951,1.8515,0.007347,0.3901,0.5852,0.3711,0.5512,296.468364,558.86472,664.048857,406.60605,387.896704
2018-11-30,15.0725,-0.3894,1.8542,0.007358,-0.7788,-1.1681,-0.7978,-1.2022,295.31399,554.512557,656.29193,403.362085,383.233382
2018-12-03,15.4751,2.671,1.8625,0.007391,5.342,8.013,5.3229,7.9788,303.201799,584.134517,708.880423,424.832583,413.810906
2018-12-04,15.3671,-0.698,1.8653,0.007402,-1.3959,-2.0939,-1.415,-2.128,301.085583,575.980507,694.037393,418.821112,405.004851
2018-12-05,15.0529,-2.0447,1.8681,0.007413,-4.0895,-6.1342,-4.1086,-6.1684,294.929167,552.425905,651.463622,401.613435,380.022493
2018-12-06,14.7485,-2.0222,1.8708,0.007424,-4.0444,-6.0665,-4.0635,-6.1007,288.965172,530.083826,611.942344,385.293922,356.838274
2018-12-07,14.8172,0.466,1.8736,0.007435,0.9321,1.3981,0.9129,1.3639,290.311855,535.024595,620.497969,388.811392,361.705101
2018-12-10,14.6208,-1.3254,1.8819,0.007468,-2.6507,-3.9761,-2.6699,-4.0104,286.464151,520.842492,595.826302,378.430468,347.19925
2018-12-11,14.7386,0.8059,1.8847,0.007479,1.6118,2.4178,1.5927,2.3834,288.772826,529.23765,610.231969,384.457567,355.474536
2018-12-12,14.9645,1.5323,1.8874,0.00749,3.0646,4.5969,3.0454,4.5626,293.197698,545.456691,638.283764,396.16587,371.693283
2018-12-13,14.9841,0.1312,1.8902,0.007501,0.2625,0.3937,0.2433,0.3593,293.582484,546.888378,640.796767,397.129614,373.028947
2018-12-14,14.7976,-1.2451,1.893,0.007512,-2.4902,-3.7353,-2.5094,-3.7697,289.927107,533.269834,616.861209,387.164023,358.96699
2018-12-17,14.9154,0.7963,1.9013,0.007545,1.5926,2.3889,1.5734,2.3545,292.235819,541.762772,631.59755,393.255524,367.418755
2018-12-18,14.7877,-0.8558,1.904,0.007556,-1.7117,-2.5675,-1.731,-2.602,289.734724,532.489437,615.380999,386.448434,357.858441
2018-12-19,14.9056,0.7968,1.9068,0.007567,1.5936,2.3904,1.5743,2.3559,292.043361,540.975303,630.091264,392.532478,366.289349
2018-12-20,14.7386,-1.1199,1.9096,0.007578,-2.2398,-3.3596,-2.259,-3.3942,288.772826,528.858754,608.922466,383.664997,353.856901
2018-12-21,14.7681,0.1998,1.9123,0.007589,0.3997,0.5995,0.3804,0.565,289.34992,530.972535,612.573143,385.124429,355.856151
2018-12-24,14.6699,-0.6649,1.9206,0.007622,-1.3298,-1.9947,-1.3491,-2.0293,287.42603,523.911656,600.354136,379.928603,348.634727
2018-12-25,14.4833,-1.2717,1.9234,0.007633,-2.5434,-3.8151,-2.5628,-3.8498,283.770803,510.586376,577.449835,370.191945,335.213121
2018-12-26,14.4441,-0.2712,1.9262,0.007644,-0.5424,-0.8136,-0.5618,-0.8483,283.001177,507.816811,572.751457,368.112287,332.369526
2018-12-27,14.7386,2.0394,1.9289,0.007654,4.0789,6.1183,4.0595,6.0837,288.772826,528.530085,607.794285,383.055902,352.589746
2018-12-28,14.827,0.5996,1.9317,0.007665,1.1992,1.7988,1.1798,1.7641,290.504276,534.868101,618.727087,387.575219,358.809679
2019-01-02,14.5423,-1.9205,1.9407,0.007701,-3.841,-5.7615,-3.8604,-5.7963,284.925122,514.323747,583.079003,372.613185,338.01204
2019-01-03,14.4048,-0.9453,1.941,0.007702,-1.8907,-2.836,-1.9101,-2.8708,282.231606,504.599513,566.542736,365.49593,328.308408
2019-01-04,14.1789,-1.5678,1.9413,0.007704,-3.1356,-4.7035,-3.1551,-4.7382,277.806715,488.777061,539.895579,353.964331,312.752366
2019-01-07,14.5226,2.4238,1.9423,0.007708,4.8477,7.2715,4.8283,7.2367,284.540299,512.471389,579.154161,371.054656,335.385422
2019-01-08,14.4637,-0.4057,1.9426,0.007709,-0.8114,-1.2171,-0.8308,-1.2519,283.385906,508.313148,572.105194,367.971843,331.186742
2019-01-09,14.7288,1.833,1.943,0.00771,3.6661,5.4991,3.6467,5.4644,288.580499,526.948371,603.56604,381.390579,349.283949
2019-01-10,14.6895,-0.2667,1.9433,0.007711,-0.5334,-0.8001,-0.5528,-0.8349,287.810891,524.13776,598.737135,379.282279,346.36795
2019-01-11,14.827,0.9358,1.9436,0.007713,1.8716,2.8075,1.8522,2.7727,290.504276,533.947708,615.546399,386.307407,355.971564
2019-01-14,14.7288,-0.6622,1.9446,0.007717,-1.3244,-1.9867,-1.3439,-2.0215,288.580499,526.875892,603.317586,381.115965,348.775748
2019-01-15,14.8565,0.8666,1.9449,0.007718,1.7333,2.5999,1.7139,2.5651,291.081463,536.008165,619.003427,387.647771,357.722299
2019-01-16,14.8368,-0.1322,1.9453,0.007719,-0.2644,-0.3965,-0.2838,-0.4313,290.696715,534.591186,616.548853,386.547691,356.1793
2019-01-17,14.8368,0.0,1.9456,0.007721,0.0,0.0,-0.0194,-0.0348,290.696715,534.591186,616.548853,386.472597,356.055327
2019-01-18,14.9154,0.5295,1.9459,0.007722,1.0589,1.5884,1.0395,1.5536,292.235819,540.25201,626.341871,390.489897,361.58683
2019-01-21,15.0234,0.7241,1.9469,0.007726,1.4483,2.1724,1.4288,2.1376,294.352017,548.076377,639.948657,396.069408,369.316128
2019-01-22,14.993,-0.2021,1.9472,0.007727,-0.4043,-0.6064,-0.4237,-0.6412,293.757041,545.860716,636.068059,394.391282,366.948031
2019-01-23,14.9222,-0.4727,1.9476,0.007728,-0.9453,-1.418,-0.9648,-1.4528,292.368559,540.700548,627.048675,390.586346,361.616965
2019-01-24,14.993,0.4749,1.9479,0.00773,0.9498,1.4247,0.9304,1.3899,293.757041,545.83621,635.982392,394.220285,366.643079
2019-01-25,15.1854,1.2829,1.9482,0.007731,2.5658,3.8488,2.5464,3.8139,297.525707,559.841484,660.459811,404.258713,380.62659
2019-01-28,15.2157,0.2,1.9492,0.007735,0.3999,0.5999,0.3805,0.5651,298.120664,562.080495,664.421941,405.796899,382.777396
2019-01-29,15.0841,-0.8649,1.9495,0.007736,-1.7298,-2.5947,-1.7493,-2.6296,295.542193,552.357531,647.182016,398.698457,372.712023
2019-01-30,15.0538,-0.2014,1.9499,0.007738,-0.4027,-0.6041,-0.4222,-0.6389,294.947067,550.132997,643.272378,397.015239,370.33061
2019-02-11,15.2157,1.076,1.9538,0.007753,2.152,3.228,2.1325,3.1931,298.120664,561.971731,664.036985,405.481657,382.155613
2019-02-12,15.317,0.6653,1.9541,0.007755,1.3307,1.996,1.3112,1.9612,300.104196,569.449839,677.291407,410.798455,389.650306
2019-02-13,15.2866,-0.1983,1.9545,0.007756,-0.3966,-0.5949,-0.416,-0.6297,299.509127,567.191543,673.262455,409.089381,387.196525
2019-02-14,15.236,-0.3311,1.9548,0.007757,-0.6622,-0.9934,-0.6817,-1.0282,298.517389,563.43536,666.57451,406.300594,383.215204
2019-02-15,15.1955,-0.2658,1.9551,0.007758,-0.5316,-0.7973,-0.551,-0.8322,297.723994,560.440382,661.259679,404.061791,380.026023
2019-02-18,15.317,0.7995,1.9561,0.007762,1.5989,2.3984,1.5795,2.3635,300.104196,569.401442,677.119316,410.443798,389.007968
2019-02-19,15.2866,-0.1983,1.9564,0.007764,-0.3966,-0.5949,-0.416,-0.6298,299.509127,567.143338,673.091387,408.736167,386.558171
2019-02-20,15.4587,1.1258,1.9568,0.007765,2.2517,3.3775,2.2322,3.3426,302.881104,579.91353,695.825074,417.859967,399.479299
2019-02-21,15.6106,0.9823,1.9571,0.007766,1.9646,2.9469,1.9451,2.912,305.856301,591.306492,716.330309,425.987863,411.112126
2019-02-22,15.5802,-0.1945,1.9574,0.007768,-0.3891,-0.5836,-0.4085,-0.6185,305.261306,589.005908,712.149792,424.247524,408.569389
2019-02-25,15.6916,0.7148,1.9584,0.007771,1.4295,2.1443,1.41,2.1093,307.443164,597.425758,727.420083,430.229515,417.187525
2019-02-26,15.7321,0.2581,1.9587,0.007773,0.5161,0.7742,0.4967,0.7393,308.236577,600.50929,733.051803,432.366282,420.271767
2019-02-27,15.7219,-0.0644,1.9591,0.007774,-0.1287,-0.1931,-0.1482,-0.228,308.038215,599.736386,731.636558,431.725565,419.313652
2019-03-04,15.5802,-0.9015,1.9607,0.007781,-1.803,-2.7044,-1.8225,-2.7394,305.261306,588.923358,711.849848,423.85758,407.827093
2019-03-05,15.5397,-0.2599,1.961,0.007782,-0.5198,-0.7797,-0.5393,-0.8146,304.467912,585.862056,706.299413,421.57171,404.504734
2019-03-06,15.5802,0.2606,1.9614,0.007783,0.5212,0.7818,0.5017,0.7468,305.261306,588.915381,711.820921,423.686643,407.525657
2019-03-07,15.5195,-0.3899,1.9617,0.007785,-0.7798,-1.1696,-0.7992,-1.2046,304.071168,584.32331,703.49528,420.300365,402.616767
2019-03-08,15.3879,-0.848,1.962,0.007786,-1.696,-2.544,-1.7155,-2.5789,301.492678,574.413317,685.598595,413.090238,392.23367
2019-03-11,15.4182,0.1973,1.963,0.00779,0.3947,0.592,0.3752,0.5571,302.087673,576.680521,689.657672,414.640165,394.41882
2019-03-12,15.6409,1.4445,1.9633,0.007791,2.889,4.3336,2.8695,4.2986,306.451388,593.341048,719.544393,426.538438,411.373353
2019-03-13,15.6106,-0.1942,1.9637,0.007792,-0.3884,-0.5826,-0.4079,-0.6175,305.856301,591.036669,715.352615,424.798707,408.833082
2019-03-14,15.6004,-0.0648,1.964,0.007794,-0.1296,-0.1944,-0.1491,-0.2294,305.658069,590.270543,713.96171,424.16523,407.895266
2019-03-15,15.7118,0.7138,1.9643,0.007795,1.4276,2.1414,1.4081,2.1065,307.839871,598.697301,729.250588,430.137935,416.487413
2019-03-18,15.813,0.6443,1.9653,0.007799,1.2886,1.9329,1.2691,1.898,309.823328,606.412292,743.346596,435.59692,424.392268
2019-03-19,15.8738,0.3841,1.9656,0.0078,0.7683,1.1524,0.7488,1.1174,311.013448,611.071096,751.912814,438.858454,429.134511
2019-03-20,15.894,0.1275,1.966,0.007801,0.2551,0.3826,0.2356,0.3477,311.410117,612.629826,754.789802,439.89229,430.626417
2019-03-21,16.0256,0.828,1.9663,0.007803,1.6561,2.4841,1.6365,2.4491,313.988682,622.775325,773.539424,447.091337,441.172952
2019-03-22,16.0661,0.2527,1.9666,0.007804,0.5054,0.7581,0.4859,0.7231,314.782132,625.922835,779.403634,449.26371,444.363196
2019-03-25,15.8232,-1.5123,1.9676,0.007808,-3.0246,-4.5369,-3.0441,-4.5719,310.02171,606.991284,744.043079,435.587689,424.047557
2019-03-26,15.9244,0.6398,1.9679,0.007809,1.2796,1.9194,1.2601,1.8844,312.005186,614.758179,758.323937,441.076342,432.038205
2019-03-27,15.894,-0.1907,1.9683,0.007811,-0.3814,-0.5722,-0.401,-0.6072,311.410117,612.413195,753.985017,439.30778,429.415047
2019-03-28,15.894,0.0,1.9686,0.007812,0.0,0.0,-0.0195,-0.035,311.410117,612.413195,753.985017,439.222035,429.2648
2019-03-29,16.0256,0.828,1.9689,0.007813,1.6561,2.4841,1.6365,2.4491,313.988682,622.555106,772.714648,446.410067,439.777897
2019-04-01,16.1674,0.8844,1.9699,0.007817,1.7688,2.6532,1.7493,2.6182,316.765646,633.567053,793.216671,454.219151,451.292369
2019-04-02,16.2281,0.3757,1.9702,0.007818,0.7514,1.1271,0.7319,1.0921,317.955709,638.327576,802.156828,457.543397,456.220817
2019-04-03,16.2281,0.0,1.9706,0.00782,0.0,0.0,-0.0195,-0.035,317.955709,638.327576,802.156828,457.454057,456.061119
2019-04-08,16.38,0.9358,1.9722,0.007826,1.8715,2.8073,1.852,2.7723,320.930999,650.273953,824.67552,465.926011,468.704275
2019-04-09,16.4812,0.6181,1.9725,0.007828,1.2361,1.8542,1.2166,1.8192,322.91455,658.31214,839.966528,471.594417,477.230777
2019-04-10,16.5014,0.1228,1.9729,0.007829,0.2456,0.3685,0.2261,0.3334,323.311163,659.929256,843.061542,472.660742,478.822084
2019-04-11,16.4306,-0.4294,1.9732,0.00783,-0.8589,-1.2883,-0.8784,-1.3233,321.922737,654.261261,832.200222,468.508816,472.48562
2019-04-12,16.4205,-0.0616,1.9735,0.007831,-0.1232,-0.1849,-0.1428,-0.2199,321.724375,653.454975,830.661865,467.839907,471.446707
2019-04-15,16.5723,0.9248,1.9745,0.007835,1.8496,2.7743,1.83,2.7393,324.699627,665.541056,853.707323,476.401491,484.361108
2019-04-16,16.6229,0.3054,1.9748,0.007837,0.6109,0.9163,0.5913,0.8813,325.691365,669.606613,861.529823,479.218558,488.629585
2019-04-17,16.7545,0.7917,1.9752,0.007838,1.5834,2.3752,1.5639,2.3401,328.26993,680.209435,881.99254,486.713038,500.064101
2019-04-18,16.7444,-0.0604,1.9755,0.007839,-0.1208,-0.1812,-0.1404,-0.2163,328.071642,679.387689,880.394266,486.029919,498.982685
2019-04-19,16.7647,0.1209,1.9758,0.007841,0.2418,0.3627,0.2222,0.3276,328.468255,681.030343,883.587251,487.11006,500.617504
2019-04-22,16.7444,-0.1207,1.9768,0.007845,-0.2415,-0.3622,-0.261,-0.3973,328.071642,679.385705,880.386555,485.838491,498.628586
2019-04-23,16.8153,0.4232,1.9772,0.007846,0.8464,1.2696,0.8268,1.2345,329.46003,685.135983,891.563859,489.855605,504.784324
2019-04-24,16.8456,0.1806,1.9775,0.007847,0.3613,0.5419,0.3417,0.5068,330.055118,687.611039,896.395026,491.529427,507.342653
2019-04-25,16.8861,0.2404,1.9778,0.007848,0.4807,0.7211,0.4612,0.686,330.848457,690.916597,902.858896,493.796242,510.823197
2019-04-26,16.6938,-1.1391,1.9781,0.00785,-2.2782,-3.4172,-2.2977,-3.4523,327.079829,675.176415,872.006047,482.450209,493.188028
2019-04-29,16.7647,0.4245,1.9791,0.007854,0.849,1.2735,0.8294,1.2384,328.468255,680.908548,883.110822,486.451762,499.295679
2019-04-30,16.7647,0.0,1.9795,0.007855,0.0,0.0,-0.0196,-0.0351,328.468255,680.908548,883.110822,486.356606,499.120551
2019-05-02,16.8051,0.2415,1.9801,0.007858,0.4831,0.7246,0.4635,0.6896,329.261668,684.198009,889.510268,488.611038,502.562326
2019-05-03,16.957,0.9036,1.9804,0.007859,1.8072,2.7108,1.7877,2.6758,332.23692,696.563017,913.623467,497.345749,516.009673
2019-05-06,16.6634,-1.7313,1.9814,0.007863,-3.4627,-5.194,-3.4822,-5.2291,326.484778,672.443306,866.169755,480.026957,489.026998
2019-05-07,16.8355,1.0328,1.9818,0.007864,2.0656,3.0984,2.046,3.0633,329.856718,686.333317,893.0072,489.848466,504.007418
2019-05-08,16.714,-0.7216,1.9821,0.007865,-1.4432,-2.1648,-1.4627,-2.1999,327.476516,676.428339,873.67574,482.683233,492.919983
2019-05-09,16.5116,-1.2114,1.9824,0.007867,-2.4228,-3.6341,-2.4423,-3.6692,323.509526,660.040081,841.925097,470.894484,474.833548
2019-05-10,16.5014,-0.0613,1.9827,0.007868,-0.1226,-0.1839,-0.1422,-0.219,323.311163,659.230662,840.376397,470.224844,473.793432
2019-05-13,16.2281,-1.6564,1.9837,0.007872,-3.3129,-4.9693,-3.3325,-5.0044,317.955709,637.391148,798.615416,454.554801,450.082783
2019-05-14,16.1269,-0.6238,1.9841,0.007873,-1.2477,-1.8715,-1.2672,-1.9066,315.972195,629.43863,783.669326,448.794472,441.501451
2019-05-15,16.1471,0.1256,1.9844,0.007875,0.2511,0.3767,0.2315,0.3416,316.368921,631.019238,786.621182,449.83358,443.00943
2019-05-16,16.0054,-0.8777,1.9847,0.007876,-1.7555,-2.6332,-1.7751,-2.6684,313.591994,619.941701,765.907488,441.848668,431.188319
2019-05-17,15.8434,-1.012,1.985,0.007877,-2.024,-3.036,-2.0436,-3.0711,310.418435,607.39405,742.65448,432.819099,417.945978
2019-05-20,15.8333,-0.0639,1.986,0.007881,-0.1278,-0.1918,-0.1474,-0.2269,310.220016,606.61756,741.230372,432.181007,416.997716
2019-05-21,15.8738,0.2558,1.9864,0.007882,0.5115,0.7673,0.4919,0.7322,311.013448,609.720581,746.917777,434.307077,420.050818
2019-05-22,15.8738,0.0,1.9867,0.007884,0.0,0.0,-0.0196,-0.0351,311.013448,609.720581,746.917777,434.221996,419.903244
2019-05-23,15.5802,-1.8495,1.987,0.007885,-3.699,-5.5484,-3.7186,-5.5836,305.261306,587.167221,705.475418,418.0752,396.457589
2019-05-24,15.6612,0.5198,1.9873,0.007886,1.0396,1.5595,1.02,1.5243,306.848114,593.271639,716.477012,422.33976,402.500874
2019-05-27,15.6207,-0.2586,1.9883,0.00789,-0.5171,-0.7757,-0.5367,-0.8109,306.054682,590.203537,710.919126,420.072868,399.237116
2019-05-28,15.6106,-0.0648,1.9887,0.007891,-0.1296,-0.1945,-0.1492,-0.2296,305.856301,589.43841,709.536696,419.445969,398.320449
2019-05-29,15.5397,-0.4539,1.989,0.007893,-0.9079,-1.3618,-0.9275,-1.397,304.467912,584.087076,699.87419,415.555738,392.756089
2019-05-30,15.6713,0.8469,1.9893,0.007894,1.6938,2.5407,1.6742,2.5055,307.04642,593.980226,717.655684,422.512887,402.596658
2019-05-31,15.8839,1.3566,1.9896,0.007895,2.7132,4.0698,2.6936,4.0346,311.211792,610.09602,746.862695,433.893631,418.839922
2019-06-03,15.9042,0.1275,1.9906,0.007899,0.2549,0.3824,0.2353,0.3473,311.608498,611.651418,749.718808,434.914746,420.294347
2019-06-04,15.8029,-0.6365,1.991,0.007901,-1.2731,-1.9096,-1.2927,-1.9448,309.624985,603.864602,735.402019,429.292656,412.120516
2019-06-05,15.8535,0.3203,1.9913,0.007902,0.6406,0.961,0.621,0.9258,310.616779,607.733214,742.468964,431.958709,415.935905
2019-06-06,15.7321,-0.7663,1.9916,0.007903,-1.5326,-2.2988,-1.5522,-2.334,308.236577,598.419308,725.400736,425.253957,406.227882
2019-06-10,16.0054,1.7374,1.9929,0.007908,3.4749,5.2123,3.4553,5.1771,313.591994,619.213626,763.210881,439.947584,427.258825
2019-06-11,16.0763,0.4428,1.9933,0.00791,0.8855,1.3283,0.8659,1.2931,314.980495,624.697049,773.348757,443.757222,432.783857
2019-06-12,16.137,0.3778,1.9936,0.007911,0.7556,1.1334,0.736,1.0982,316.170521,629.417378,782.114112,447.023282,437.536867
2019-06-13,16.0054,-0.8155,1.9939,0.007912,-1.6311,-2.4466,-1.6507,-2.4818,313.591994,619.150958,762.978529,439.64419,426.67791
2019-06-14,15.975,-0.1898,1.9942,0.007914,-0.3795,-0.5693,-0.3991,-0.6045,312.996925,616.801168,758.635067,437.889402,424.098772
2019-06-17,15.9345,-0.2535,1.9952,0.007918,-0.507,-0.7604,-0.5266,-0.7956,312.203549,613.674268,752.866168,435.583572,420.724508
2019-06-18,15.975,0.2541,1.9956,0.007919,0.5082,0.7624,0.4886,0.7272,312.996925,616.793222,758.605747,437.711909,423.783852
2019-06-19,16.3496,2.3447,1.9959,0.00792,4.6895,7.0342,4.6698,6.999,320.335874,645.717558,811.967636,458.152372,453.444485
2019-06-20,16.3698,0.1239,1.9962,0.007922,0.2477,0.3716,0.2281,0.3364,320.732674,647.317258,814.984988,459.197473,454.969881
2019-06-21,16.3698,0.0,1.9965,0.007923,0.0,0.0,-0.0196,-0.0352,320.732674,647.317258,814.984988,459.107336,454.809683
2019-06-24,16.4407,0.4329,1.9975,0.007927,0.8658,1.2986,0.8461,1.2634,322.121063,652.921477,825.568718,462.99197,460.555851
2019-06-25,16.3496,-0.5542,1.9979,0.007928,-1.1084,-1.6626,-1.128,-1.6978,320.335874,645.68452,811.842861,457.76928,452.736463
2019-06-26,16.2686,-0.4953,1.9982,0.007929,-0.9907,-1.486,-1.0103,-1.5212,318.749122,639.287854,799.778716,453.144366,445.849239
2019-06-27,16.5014,1.4312,1.9985,0.007931,2.8625,4.2937,2.8428,4.2585,323.311163,657.587245,834.118794,466.026481,464.8356
2019-06-28,16.38,-0.7362,1.9988,0.007932,-1.4724,-2.2086,-1.492,-2.2438,320.930999,647.905144,815.696852,459.073338,454.40571
2019-07-01,16.7343,2.1631,1.9998,0.007936,4.3263,6.4894,4.3066,6.4542,327.873204,675.935409,868.630988,478.844017,483.733966
2019-07-02,16.6938,-0.242,2.0002,0.007937,-0.484,-0.7259,-0.5036,-0.7612,327.079829,672.664201,862.325342,476.432577,480.051935
2019-07-03,16.5014,-1.1522,2.0005,0.007938,-2.3044,-3.4566,-2.3241,-3.4919,323.311163,657.163116,832.517798,465.35992,463.289053
2019-07-04,16.6027,0.6135,2.0008,0.00794,1.227,1.8405,1.2074,1.8053,325.294715,665.226659,847.840576,470.978568,471.652764
2019-07-05,16.5824,-0.122,2.0012,0.007941,-0.2439,-0.3659,-0.2636,-0.4012,324.897952,663.603902,844.738238,469.737126,469.760693
2019-07-08,16.5217,-0.3663,2.0021,0.007945,-0.7326,-1.0989,-0.7522,-1.1341,323.707889,658.742494,835.455703,466.203632,464.433041
2019-07-09,16.5014,-0.1226,2.0025,0.007946,-0.2451,-0.3677,-0.2648,-0.4029,323.311163,657.12783,832.383986,464.969284,462.561714
2019-07-10,16.6432,0.8589,2.0028,0.007948,1.7177,2.5766,1.6981,2.5413,326.087978,668.415546,853.831215,472.86484,474.316992
2019-07-11,16.7748,0.7908,2.0031,0.007949,1.5816,2.3723,1.5619,2.3371,328.666617,678.986941,874.087,480.250541,485.402148
2019-07-12,16.7545,-0.1207,2.0035,0.00795,-0.2414,-0.3621,-0.261,-0.3974,328.26993,677.34792,870.922032,478.996852,483.473384
2019-07-15,16.8456,0.5438,2.0044,0.007954,1.0876,1.6315,1.068,1.5962,330.055118,684.71499,885.130707,484.112415,491.190483
2019-07-16,16.876,0.1803,2.0048,0.007955,0.3606,0.5409,0.3409,0.5056,330.650169,687.183911,889.918065,485.762825,493.673886
2019-07-17,16.7647,-0.6599,2.0051,0.007957,-1.3198,-1.9797,-1.3394,-2.0149,328.468255,678.114651,872.300733,479.256348,483.726672
2019-07-18,16.7444,-0.1207,2.0054,0.007958,-0.2415,-0.3622,-0.2612,-0.3975,328.071642,676.477055,869.140922,478.004737,481.803762
2019-07-19,16.9486,1.2195,2.0058,0.007959,2.439,3.6585,2.4193,3.6232,332.07249,692.97639,900.938558,489.569312,499.260618
2019-07-22,17.0303,0.4819,2.0067,0.007963,0.9639,1.4458,0.9442,1.4105,333.672844,699.655701,913.964215,494.19177,506.302669
2019-07-23,17.0711,0.2398,2.0071,0.007965,0.4796,0.7194,0.4599,0.6841,334.472984,703.011217,920.53921,496.464679,509.76628
2019-07-24,17.0609,-0.0598,2.0074,0.007966,-0.1196,-0.1794,-0.1393,-0.2147,334.272939,702.170292,918.88752,495.773154,508.671693
2019-07-25,17.112,0.2992,2.0077,0.007967,0.5985,0.8977,0.5788,0.8624,335.273236,706.372716,927.136703,498.642774,513.058664
2019-07-26,16.9997,-0.6563,2.0081,0.007968,-1.3127,-1.969,-1.3324,-2.0043,333.072674,697.100178,908.880952,491.998996,502.775181
2019-07-29,17.0405,0.2402,2.009,0.007972,0.4805,0.7207,0.4608,0.6854,333.872851,700.449619,915.431466,494.266143,506.221268
2019-07-30,16.9894,-0.2996,2.0094,0.007974,-0.5992,-0.8987,-0.6188,-0.9341,332.87263,696.252784,907.204076,491.207411,501.492873
2019-07-31,16.9078,-0.4808,2.0097,0.007975,-0.9615,-1.4423,-0.9812,-1.4776,331.272275,689.558024,894.11936,486.387572,494.082677
2019-08-01,16.8057,-0.6038,2.01,0.007976,-1.2077,-1.8115,-1.2274,-1.8468,329.271907,681.230314,877.9221,480.417793,484.957711
2019-08-02,16.53,-1.6404,2.0104,0.007978,-3.2807,-4.9211,-3.3004,-4.9564,323.870637,658.880949,834.718647,464.561991,460.921153
2019-08-05,16.3666,-0.9883,2.0113,0.007982,-1.9765,-2.9648,-1.9962,-3.0001,320.669966,645.858088,809.971175,455.288405,447.093075
2019-08-06,16.3564,-0.0624,2.0117,0.007983,-0.1247,-0.1871,-0.1444,-0.2224,320.469959,645.052424,808.4556,454.630821,446.098537
2019-08-07,16.2747,-0.4994,2.012,0.007984,-0.9988,-1.4982,-1.0185,-1.5335,318.86953,638.609632,796.343303,450.000444,439.257459
2019-08-08,16.4687,1.192,2.0123,0.007985,2.384,3.576,2.3643,3.5407,322.670446,653.834051,824.820473,460.639816,454.810054
2019-08-12,16.4585,-0.062,2.0136,0.007991,-0.124,-0.1861,-0.1437,-0.2214,322.470327,653.02304,823.285821,459.97771,453.80308
2019-08-13,16.2747,-1.1166,2.014,0.007992,-2.2333,-3.3499,-2.253,-3.3852,318.86953,638.439351,795.706678,449.614614,438.440776
2019-08-14,16.3973,0.7528,2.0143,0.007993,1.5057,2.2585,1.486,2.2232,321.270099,648.05217,813.677808,456.295774,448.188017
2019-08-15,16.2135,-1.1208,2.0146,0.007995,-2.2416,-3.3623,-2.2613,-3.3977,317.669377,633.525728,786.31926,445.977761,432.959995
2019-08-16,16.4075,1.1965,2.015,0.007996,2.3929,3.5894,2.3732,3.554,321.470181,648.685559,814.543372,456.561832,448.347563
2019-08-19,16.4994,0.56,2.0159,0.008,1.1201,1.6801,1.1004,1.6448,323.270542,655.951354,828.228674,461.585718,455.721782
2019-08-20,16.5402,0.2475,2.0163,0.008001,0.4951,0.7426,0.4754,0.7072,324.070756,659.1988,834.379193,463.779943,458.944846
2019-08-21,16.5606,0.1234,2.0166,0.008002,0.2469,0.3703,0.2272,0.335,324.470807,660.826304,837.469207,464.83357,460.48216
2019-08-22,16.5198,-0.2466,2.0169,0.008004,-0.4932,-0.7398,-0.5129,-0.7752,323.670668,657.56713,831.273651,462.449407,456.912652
2019-08-23,16.5402,0.1236,2.0173,0.008005,0.2472,0.3708,0.2275,0.3355,324.070756,659.192764,834.356257,463.501517,458.445385
2019-08-26,16.2645,-1.6667,2.0182,0.008009,-3.3333,-5.0,-3.3531,-5.0354,318.669561,637.219606,792.638319,447.96004,435.360835
2019-08-27,16.3054,0.2511,2.0186,0.00801,0.5022,0.7533,0.4825,0.7179,319.469738,640.419715,798.609248,450.121366,438.486345
2019-08-28,16.4177,0.6888,2.0189,0.008012,1.3776,2.0664,1.3579,2.031,321.670262,649.242204,815.111836,456.233531,447.392124
2019-08-29,16.4483,0.1866,2.0192,0.008013,0.3731,0.5597,0.3534,0.5243,322.270395,651.664757,819.674042,457.845935,449.737856
2019-08-30,16.7138,1.6139,2.0196,0.008014,3.2277,4.8416,3.208,4.8062,327.471397,672.698706,859.359283,472.533655,471.353134
2019-09-02,16.724,0.0611,2.0205,0.008018,0.1222,0.1833,0.1025,0.1479,327.671516,673.520883,860.934756,473.017985,472.050406
2019-09-03,16.581,-0.8547,2.0209,0.008019,-1.7094,-2.5641,-1.7292,-2.5995,324.870859,662.007516,838.859143,464.838768,459.779227
2019-09-04,16.775,1.17,2.0212,0.008021,2.3399,3.5099,2.3202,3.4745,328.671737,677.498042,868.302244,475.623981,475.754218
2019-09-05,16.9486,1.0347,2.0215,0.008022,2.0694,3.1041,2.0497,3.0687,332.07249,691.51813,895.255105,485.372671,490.353585
2019-09-06,17.0507,0.6024,2.0219,0.008023,1.2048,1.8072,1.185,1.7718,334.072858,699.849388,911.433858,491.124572,499.041451
2019-09-10,17.0303,-0.1197,2.0232,0.008028,-0.2395,-0.3592,-0.2592,-0.3946,333.672844,698.17341,908.159847,489.851519,497.072046
2019-09-11,17.0405,0.0599,2.0235,0.00803,0.1199,0.1798,0.1001,0.1444,333.872851,699.010394,909.792928,490.342085,497.78981
2019-09-12,17.1324,0.5392,2.0238,0.008031,1.0785,1.6177,1.0588,1.5823,335.673249,706.549176,924.511014,495.533611,505.666403
2019-09-16,17.2345,0.5959,2.0252,0.008036,1.1919,1.7878,1.1721,1.7524,337.673655,714.97037,941.039559,501.341929,514.527585
2019-09-17,17.2039,-0.1777,2.0255,0.008038,-0.3554,-0.5331,-0.3752,-0.5686,337.073559,712.429156,936.022465,499.461028,511.602063
2019-09-18,17.3468,0.8308,2.0258,0.008039,1.6617,2.4925,1.6419,2.4571,339.874104,724.267462,959.353038,507.661862,524.172534
2019-09-19,17.2447,-0.5886,2.0261,0.00804,-1.1771,-1.7657,-1.1969,-1.8012,337.873699,715.741784,942.413575,501.5857,514.731333
2019-09-20,17.2958,0.2961,2.0265,0.008042,0.5921,0.8882,0.5724,0.8527,338.873995,719.979781,950.783797,504.456599,519.120552
2019-09-23,17.2549,-0.2361,2.0275,0.008045,-0.4723,-0.7084,-0.492,-0.7439,338.073781,716.579471,944.048276,501.97452,515.258951
2019-09-24,17.2855,0.1775,2.0278,0.008047,0.355,0.5325,0.3353,0.4971,338.673914,719.123548,949.075767,503.657528,517.820239
2019-09-25,17.1732,-0.6497,2.0281,0.008048,-1.2995,-1.9492,-1.3192,-1.9847,336.473389,709.778577,930.575987,497.013031,507.543045
2019-09-26,17.2141,0.2378,2.0284,0.008049,0.4757,0.7135,0.4559,0.678,337.273641,713.154783,937.215696,499.278986,510.984398
2019-09-27,17.2753,0.3559,2.0288,0.008051,0.7117,1.0676,0.6919,1.0321,338.473832,718.230316,947.220964,502.73372,516.258196
2019-10-01,17.551,1.5958,2.0301,0.008056,3.1915,4.7873,3.1718,4.7518,343.875102,741.152951,992.567421,518.679335,540.789953
2019-10-02,17.4897,-0.3491,2.0304,0.008057,-0.6981,-1.0472,-0.7179,-1.0827,342.674762,735.978771,982.173368,514.955791,534.934993
2019-10-03,17.3162,-0.9924,2.0307,0.008058,-1.9848,-2.9772,-2.0045,-3.0127,339.274084,721.371178,952.932329,504.633248,518.819226
2019-10-04,17.3876,0.4127,2.0311,0.00806,0.8254,1.2381,0.8057,1.2027,340.674319,727.325593,964.731014,508.698896,525.05886
2019-10-07,17.4489,0.3523,2.0321,0.008064,0.7046,1.057,0.6849,1.0215,341.874585,732.450628,974.927851,512.182828,530.422174
2019-10-08,17.6633,1.2288,2.0324,0.008065,2.4576,3.6864,2.4378,3.6509,346.075514,750.451227,1010.867377,524.668892,549.787266
2019-10-09,17.5204,-0.8093,2.0327,0.008066,-1.6185,-2.4278,-1.6383,-2.4633,343.274895,738.305158,986.326011,516.073373,536.244626
2019-10-14,17.8777,2.0396,2.0344,0.008073,4.0793,6.1189,4.0595,6.0834,350.276444,768.422596,1046.678318,537.023309,568.866476
2019-10-15,17.9083,0.1713,2.0347,0.008074,0.3427,0.514,0.3229,0.4785,350.876577,771.055691,1052.058177,538.75726,571.58839
2019-10-16,17.99,0.4561,2.035,0.008075,0.9122,1.3683,0.8924,1.3328,352.476931,778.089288,1066.453544,543.565247,579.206459
2019-10-17,18.0002,0.0568,2.0353,0.008077,0.1135,0.1703,0.0937,0.1347,352.676976,778.97248,1068.269305,544.074701,579.986899
2019-10-18,17.9594,-0.2269,2.0357,0.008078,-0.4538,-0.6807,-0.4736,-0.7162,351.876761,775.437545,1060.997683,541.498078,575.832957
2019-10-21,17.939,-0.1137,2.0367,0.008082,-0.2274,-0.3411,-0.2472,-0.3766,351.47671,773.674344,1057.378916,540.159658,573.664363
2019-10-22,18.1126,0.9676,2.037,0.008083,1.9351,2.9027,1.9153,2.8672,354.877463,788.645891,1088.071284,550.505515,590.112194
2019-10-23,18.0615,-0.2818,2.0373,0.008085,-0.5637,-0.8455,-0.5835,-0.8811,353.877241,784.200298,1078.871104,547.293367,584.912813
2019-10-24,18.133,0.3957,2.0376,0.008086,0.7914,1.1871,0.7716,1.1515,355.277514,790.406372,1091.678203,551.516264,591.648355
2019-10-25,18.133,0.0,2.038,0.008087,0.0,0.0,-0.0198,-0.0355,355.277514,790.406372,1091.678203,551.4071,591.438087
2019-10-28,18.2146,0.4504,2.039,0.008091,0.9009,1.3513,0.8811,1.3158,356.877831,797.527006,1106.430313,556.265466,599.220092
2019-10-29,18.2657,0.2803,2.0393,0.008092,0.5605,0.8408,0.5407,0.8053,357.878052,801.997463,1115.733289,559.273423,604.045371
2019-10-30,18.3474,0.4472,2.0396,0.008094,0.8944,1.3416,0.8746,1.306,359.478481,809.170521,1130.701951,564.164823,611.934482
2019-10-31,18.3984,0.2782,2.0399,0.008095,0.5564,0.8346,0.5366,0.7991,360.47859,813.672927,1140.139168,567.192249,616.824318
2019-11-01,18.3984,0.0,2.0403,0.008096,0.0,0.0,-0.0198,-0.0356,360.47859,813.672927,1140.139168,567.07993,616.60499
2019-11-04,18.8272,2.3308,2.0413,0.0081,4.6615,6.9923,4.6417,6.9567,368.880487,851.602481,1219.86095,593.402175,659.50047
2019-11-05,18.9702,0.7592,2.0416,0.008102,1.5184,2.2776,1.4986,2.2421,371.68107,864.533406,1247.644918,602.294987,674.286905
2019-11-06,19.0621,0.4844,2.0419,0.008103,0.9688,1.4533,0.949,1.4177,373.48158,872.909413,1265.776575,608.010995,683.846269
2019-11-07,18.96,-0.5357,2.0422,0.008104,-1.0713,-1.607,-1.0911,-1.6425,371.481025,863.55793,1245.43617,601.376921,672.61393
2019-11-08,18.8987,-0.3231,2.0426,0.008105,-0.6461,-0.9692,-0.666,-1.0048,370.280872,857.978092,1233.36518,597.372008,665.855546
2019-11-11,18.6128,-1.5127,2.0436,0.008109,-3.0254,-4.5381,-3.0452,-4.5737,364.679595,832.020645,1177.393451,579.180618,635.401212
2019-11-12,18.7864,0.9325,2.0439,0.008111,1.8651,2.7976,1.8452,2.762,368.080347,847.538357,1210.332152,589.867927,652.951048
2019-11-13,18.6741,-0.5978,2.0442,0.008112,-1.1957,-1.7935,-1.2155,-1.8291,365.87986,837.404715,1188.625041,582.698235,641.008098
2019-11-14,18.6639,-0.0547,2.0445,0.008113,-0.1094,-0.1641,-0.1292,-0.1996,365.679779,836.488844,1186.67504,581.945449,639.728345
2019-11-15,18.8477,0.9847,2.0449,0.008115,1.9694,2.9541,1.9496,2.9185,369.280576,852.962419,1221.730103,593.29077,658.398582
2019-11-18,18.9702,0.65,2.0459,0.008119,1.3001,1.9501,1.2803,1.9145,371.68107,864.051716,1245.55553,600.886478,671.003861
2019-11-19,19.1131,0.7535,2.0462,0.00812,1.507,2.2606,1.4872,2.225,374.481764,877.073337,1273.712094,609.822956,685.933415
2019-11-20,19.0417,-0.374,2.0465,0.008121,-0.7479,-1.1219,-0.7677,-1.1575,373.08138,870.513658,1259.422852,605.141145,677.993973
2019-11-21,18.8885,-0.8043,2.0468,0.008122,-1.6085,-2.4128,-1.6284,-2.4484,370.08079,856.511062,1229.035292,595.28719,661.393791
2019-11-22,18.8987,0.0541,2.0472,0.008124,0.1081,0.1622,0.0883,0.1266,370.280872,857.437195,1231.028701,595.81282,662.230986
2019-11-25,18.9089,0.054,2.0482,0.008128,0.108,0.162,0.0882,0.1264,370.480804,858.363137,1233.022773,596.338062,663.067807
2019-11-26,18.96,0.27,2.0485,0.008129,0.54,0.8099,0.5201,0.7743,371.481025,862.997942,1243.00949,599.439755,668.20204
2019-11-27,19.0314,0.377,2.0488,0.00813,0.7539,1.1309,0.7341,1.0952,372.881335,869.50414,1257.066186,603.840062,675.520417
2019-11-28,18.9804,-0.2682,2.0492,0.008132,-0.5364,-0.8046,-0.5562,-0.8402,371.881263,864.840101,1246.951789,600.481261,669.844482
2019-11-29,18.6843,-1.56,2.0495,0.008133,-3.12,-4.68,-3.1398,-4.7156,366.079905,837.857038,1188.594334,581.62708,638.25703
2019-12-02,18.7966,0.6011,2.0505,0.008137,1.2022,1.8033,1.1823,1.7676,368.280392,847.929667,1210.028068,588.503926,649.539152
2019-12-03,18.7966,0.0,2.0508,0.008138,0.0,0.0,-0.0198,-0.0356,368.280392,847.929667,1210.028068,588.387141,649.307648
2019-12-04,18.7251,-0.3802,2.0511,0.008139,-0.7605,-1.1407,-0.7803,-1.1764,366.880044,841.481341,1196.225056,583.795811,641.669439
2019-12-05,18.9702,1.3086,2.0515,0.008141,2.6172,3.9258,2.5974,3.8902,371.68107,863.504742,1243.186782,598.959154,666.631538
2019-12-06,19.0008,0.1615,2.0518,0.008142,0.3229,0.4844,0.3031,0.4488,372.28124,866.293423,1249.209072,600.774604,669.623211
2019-12-09,19.1233,0.6448,2.0528,0.008146,1.2896,1.9344,1.2698,1.8988,374.681771,877.465431,1273.374395,608.403125,682.337969
2019-12-10,18.9906,-0.6941,2.0531,0.008147,-1.3882,-2.0823,-1.408,-2.1179,372.081158,865.284705,1246.859463,599.836656,667.886618
2019-12-11,19.1438,0.8064,2.0534,0.008149,1.6129,2.4193,1.593,2.3837,375.081785,879.240781,1277.025139,609.392255,683.806834
2019-12-12,19.5726,2.24,2.0538,0.00815,4.48,6.7201,4.4602,6.6844,383.483682,918.631072,1362.841892,636.572237,729.515131
2019-12-13,19.787,1.0955,2.0541,0.008151,2.1909,3.2864,2.1711,3.2507,387.684574,938.757458,1407.629864,650.392559,753.229469
2019-12-16,19.7768,-0.0516,2.0551,0.008155,-0.1032,-0.1548,-0.123,-0.1904,387.484568,937.788846,1405.451271,649.592306,751.794978
2019-12-17,20.0422,1.3423,2.0554,0.008156,2.6846,4.0268,2.6647,3.9912,392.685681,962.964283,1462.046392,666.901927,781.800253
2019-12-18,20.0524,0.0509,2.0557,0.008158,0.1019,0.1528,0.082,0.1171,392.885688,963.945217,1464.280388,667.448801,782.715889
2019-12-19,19.9401,-0.5601,2.0561,0.008159,-1.1201,-1.6802,-1.14,-1.7159,390.685239,953.147609,1439.677237,659.839799,769.285234
2019-12-20,19.7972,-0.7168,2.0564,0.00816,-1.4337,-2.1505,-1.4536,-2.1862,387.884619,939.482367,1408.716338,650.248613,752.466889
2019-12-23,19.838,0.2063,2.0574,0.008164,0.4126,0.6189,0.3928,0.5832,388.684871,943.358893,1417.435383,652.802485,756.855592
2019-12-24,19.8483,0.0515,2.0577,0.008165,0.1029,0.1544,0.0831,0.1187,388.884915,944.32993,1419.623916,653.344716,757.754017
2019-12-25,19.8789,0.1543,2.058,0.008167,0.3086,0.4629,0.2887,0.4272,389.484973,947.244174,1426.19545,655.231127,760.991203
2019-12-26,19.8789,0.0,2.0584,0.008168,0.0,0.0,-0.0199,-0.0357,389.484973,947.244174,1426.19545,655.100904,760.71952
2019-12-27,20.0116,0.6677,2.0587,0.008169,1.3354,2.0031,1.3156,1.9674,392.085623,959.89396,1454.764221,663.719114,775.686233
2019-12-30,19.9708,-0.2041,2.0597,0.008173,-0.4082,-0.6123,-0.4281,-0.648,391.285409,955.975831,1445.857059,660.877977,770.659887
2019-12-31,19.7972,-0.8691,2.06,0.008175,-1.7383,-2.6074,-1.7581,-2.6431,387.884619,939.358431,1408.157803,649.258773,750.290476
2020-01-02,19.9401,0.722,2.0507,0.008138,1.444,2.1661,1.4242,2.1304,390.685239,952.923217,1438.659513,658.505542,766.274903
2020-01-03,19.9401,0.0,2.046,0.008119,0.0,0.0,-0.0198,-0.0356,390.685239,952.923217,1438.659513,658.374992,766.002086
2020-01-06,19.6849,-1.2801,2.032,0.008063,-2.5602,-3.8402,-2.5799,-3.8757,385.684169,928.526927,1383.41169,641.389427,736.313982
2020-01-07,19.6236,-0.3112,2.0273,0.008045,-0.6224,-0.9336,-0.6421,-0.969,384.483941,922.747875,1370.496383,637.270807,729.178816
2020-01-08,19.5317,-0.4683,2.0226,0.008026,-0.9366,-1.4048,-0.9563,-1.4403,382.683468,914.105731,1351.242975,631.176594,718.676695
2020-01-09,19.7972,1.3591,2.018,0.008008,2.7183,4.0774,2.6985,4.042,387.884619,938.953432,1406.338266,648.209135,747.725592
2020-01-10,19.8687,0.361,2.0133,0.007989,0.722,1.0831,0.7023,1.0477,389.284966,945.733081,1421.569821,652.761817,755.559673
2020-01-13,20.0116,0.7194,1.9993,0.007934,1.4389,2.1583,1.4192,2.1231,392.085623,959.340975,1452.251688,662.026026,771.600784
2020-01-14,20.1341,0.6122,1.9946,0.007915,1.2244,1.8366,1.2048,1.8014,394.486005,971.08731,1478.924116,670.002087,785.500636
2020-01-15,19.9299,-1.0142,1.9899,0.007897,-2.0283,-3.0425,-2.048,-3.0777,390.485232,951.390286,1433.927537,656.280778,761.325446
2020-01-16,19.8687,-0.3074,1.9852,0.007878,-0.6148,-0.9221,-0.6343,-0.9573,389.284966,945.541557,1420.704804,652.117724,754.03762
2020-01-17,19.8687,0.0,1.9806,0.007859,0.0,0.0,-0.0196,-0.0351,389.284966,945.541557,1420.704804,651.990132,753.773074
2020-01-20,19.9503,0.4111,1.9666,0.007804,0.8222,1.2333,0.8027,1.1983,390.885283,953.315636,1438.225988,657.223478,762.805547
2020-01-30,18.817,-5.6807,1.9198,0.007618,-11.3613,-17.042,-11.3807,-17.0766,368.680368,845.006149,1193.123242,582.427038,632.544136
2020-01-31,18.9646,0.7843,1.9152,0.0076,1.5687,2.353,1.5493,2.3184,371.572023,858.261347,1221.197154,591.450842,647.209115
2020-02-03,18.7749,-1.0005,1.9011,0.007544,-2.0011,-3.0016,-2.0203,-3.0361,367.854293,841.086839,1184.541431,579.501572,627.559357
2020-02-04,19.1017,1.7406,1.8965,0.007526,3.4812,5.2218,3.462,5.1874,374.257168,870.366765,1246.395839,599.563738,660.11328
2020-02-05,19.1544,0.2759,1.8918,0.007507,0.5519,0.8278,0.5327,0.7934,375.289864,875.170011,1256.713465,602.757321,665.350734
2020-02-06,19.4601,1.596,1.8871,0.007489,3.1921,4.7881,3.1729,4.7538,381.279645,903.106159,1316.886458,621.882132,696.980053
2020-02-07,19.2282,-1.1918,1.8825,0.00747,-2.3836,-3.5754,-2.4027,-3.6097,376.735616,881.580016,1269.803147,606.939898,671.82147
2020-02-10,19.186,-0.2193,1.8684,0.007414,-0.4386,-0.6579,-0.4577,-0.6921,375.909392,877.713205,1261.448676,604.161669,667.171603
2020-02-11,19.3441,0.8242,1.8638,0.007396,1.6484,2.4727,1.6293,2.4385,379.007705,892.181747,1292.639941,614.00548,683.440565
2020-02-12,19.5339,0.9809,1.8591,0.007377,1.9618,2.9427,1.9427,2.9086,382.725397,909.684593,1330.678511,625.933882,703.319011
2020-02-13,19.5655,0.1619,1.8544,0.007359,0.3238,0.4857,0.3047,0.4516,383.345037,912.630189,1337.141698,627.841346,706.495364
2020-02-14,19.5971,0.1617,1.8498,0.00734,0.3233,0.485,0.3043,0.4509,383.964715,915.580724,1343.62617,629.751576,709.680984
2020-02-17,19.4601,-0.6993,1.8357,0.007285,-1.3986,-2.0979,-1.4176,-2.1318,381.279645,902.775388,1315.438184,620.824257,694.551733
2020-02-18,19.1965,-1.3543,1.8311,0.007266,-2.7086,-4.0628,-2.7275,-4.0967,376.116051,878.323176,1261.994037,603.891074,666.097773
2020-02-19,19.4179,1.1532,1.8264,0.007248,2.3064,3.4596,2.2874,3.4257,380.45342,898.580818,1305.653974,617.704754,688.916545
2020-02-20,19.3336,-0.4343,1.8217,0.007229,-0.8686,-1.303,-0.8876,-1.3368,378.801046,890.775439,1288.641942,612.222196,679.707286
2020-02-21,19.2387,-0.4907,1.817,0.007211,-0.9814,-1.4722,-1.0004,-1.5059,376.942201,882.033043,1269.671138,606.09781,669.471296
2020-02-24,18.9962,-1.2603,1.803,0.007155,-2.5206,-3.7808,-2.5394,-3.8145,372.191663,859.800822,1221.666797,590.7064,643.934158
2020-02-25,19.049,0.2775,1.7984,0.007136,0.5549,0.8324,0.5361,0.7987,373.224322,864.571918,1231.83547,593.872966,649.077407
2020-02-26,18.8592,-0.9961,1.7937,0.007118,-1.9922,-2.9883,-2.011,-3.0219,369.506593,847.347722,1195.024117,581.929905,629.462714
2020-02-27,18.6905,-0.8943,1.789,0.007099,-1.7887,-2.683,-1.8075,-2.7166,366.201919,832.191255,1162.96111,571.411517,612.362691
2020-03-02,18.4165,-1.4665,1.7703,0.007025,-2.9329,-4.3994,-2.9516,-4.4328,360.831741,807.783873,1111.798287,554.545524,585.21804
2020-03-03,18.68,1.431,1.7657,0.007007,2.8621,4.2931,2.8434,4.2598,365.99541,830.903392,1159.529325,570.313357,610.146925
2020-03-04,18.8065,0.6772,1.761,0.006988,1.3544,2.0316,1.3357,1.9982,368.473896,842.15699,1183.085992,577.930956,622.339066
2020-03-05,19.0173,1.1211,1.7563,0.006969,2.2422,3.3633,2.2235,3.33,372.604831,861.039715,1222.876473,590.781309,643.0628
2020-03-06,18.6273,-2.051,1.7516,0.006951,-4.102,-6.1531,-4.1207,-6.1863,364.962639,825.719556,1147.632224,566.437023,603.280871
2020-03-09,18.1002,-2.8296,1.7376,0.006895,-5.6593,-8.4889,-5.6779,-8.522,354.635563,778.990015,1050.211145,534.275565,551.869082
2020-03-10,18.1951,0.5241,1.733,0.006877,1.0483,1.5724,1.0297,1.5393,356.494335,787.155943,1066.724736,539.776936,560.363938
2020-03-11,17.9842,-1.1587,1.7283,0.006858,-2.3175,-3.4762,-2.3361,-3.5093,352.363474,768.913684,1029.642879,527.167453,540.698994
2020-03-12,17.3201,-3.6929,1.7236,0.00684,-7.3857,-11.0786,-7.4042,-11.1116,339.351216,712.124011,915.573348,488.134667,480.618698
2020-03-13,17.0776,-1.3999,1.7189,0.006821,-2.7998,-4.1997,-2.8183,-4.2327,334.600679,692.186131,877.122337,474.377549,460.275685
2020-03-16,16.2976,-4.5679,1.7049,0.006766,-9.1358,-13.7036,-9.1542,-13.7365,319.316519,628.949656,756.92463,430.951921,397.049739
2020-03-17,15.781,-3.1695,1.7002,0.006747,-6.339,-9.5084,-6.3574,-9.5413,309.195859,589.080843,684.953002,403.554562,359.166086
2020-03-18,15.3488,-2.7388,1.6956,0.006728,-5.4776,-8.2164,-5.4961,-8.2493,300.727573,556.813238,628.674328,381.374986,329.537576
2020-03-19,14.4528,-5.8379,1.6909,0.00671,-11.6758,-17.5137,-11.6942,-17.5465,283.171399,491.800841,518.570197,336.776173,271.715317
2020-03-20,15.6018,7.9504,1.6862,0.006691,15.9008,23.8512,15.8824,23.8184,305.684621,570.000979,642.255205,390.264229,336.433592
2020-03-23,14.9271,-4.3243,1.6722,0.006636,-8.6487,-12.973,-8.667,-13.0056,292.465816,520.703558,558.935546,356.440038,292.678318
2020-03-24,15.6545,4.8729,1.6675,0.006617,9.7457,14.6186,9.7274,14.586,306.717261,571.449852,640.643959,391.112362,335.368306
2020-03-25,16.2027,3.5017,1.6629,0.006599,7.0034,10.5051,6.9851,10.4726,317.457598,611.470841,707.944366,418.43198,370.48994
2020-03-26,16.2765,0.4554,1.6582,0.00658,0.9109,1.3663,0.8926,1.3338,318.903425,617.040601,717.61714,422.166873,375.431509
2020-03-27,16.15,-0.7772,1.6535,0.006562,-1.5544,-2.3316,-1.5727,-2.3641,316.424902,607.449298,700.885137,415.527573,366.555955
2020-03-30,15.9918,-0.9791,1.6395,0.006506,-1.9582,-2.9373,-1.9764,-2.9697,313.326757,595.554115,680.297846,407.314959,355.670327
2020-03-31,16.0551,0.3955,1.6348,0.006487,0.791,1.1865,0.7728,1.1542,314.565981,600.265013,688.369691,410.462759,359.775389
2020-04-01,16.0024,-0.3283,1.6302,0.006469,-0.6566,-0.9849,-0.6748,-1.0172,313.533285,596.323763,681.590094,407.69312,356.115825
2020-04-06,16.2449,1.5152,1.6068,0.006376,3.0303,4.5455,3.0122,4.5134,318.283822,614.394308,712.57168,419.973822,372.188647
2020-04-07,16.5506,1.8819,1.6021,0.006358,3.7638,5.6457,3.7457,5.6136,324.273566,637.518727,752.801072,435.704828,393.081762
2020-04-08,16.7825,1.4013,1.5975,0.006339,2.8025,4.2038,2.7845,4.1718,328.817519,655.385465,784.447437,447.83702,409.480235
2020-04-09,16.7087,-0.4397,1.5928,0.006321,-0.8794,-1.3191,-0.8974,-1.3511,327.37173,649.622088,774.099939,443.818066,403.9478
2020-04-10,16.7192,0.0631,1.5881,0.006302,0.1262,0.1893,0.1082,0.1573,327.578276,650.441813,775.565134,444.298173,404.583243
2020-04-13,16.6138,-0.6305,1.5741,0.006246,-1.261,-1.8915,-1.279,-1.9234,325.512884,642.239695,760.895237,438.615777,396.801616
2020-04-14,17.0671,2.7284,1.5694,0.006228,5.4568,8.1852,5.4389,8.1534,334.394207,677.285548,823.176242,462.471581,429.154464
2020-04-15,17.1198,0.3088,1.5648,0.006209,0.6176,0.9264,0.5997,0.8946,335.426828,681.468513,830.802237,465.244984,432.993797
2020-04-16,17.0355,-0.4926,1.5601,0.006191,-0.9852,-1.4778,-1.0031,-1.5095,333.774567,674.754892,818.525018,460.578266,426.45775
2020-04-17,17.552,3.0322,1.5554,0.006172,6.0644,9.0966,6.0465,9.0649,343.895282,715.67474,892.982989,488.427238,465.11569
2020-04-20,17.4993,-0.3003,1.5414,0.006117,-0.6007,-0.901,-0.6185,-0.9326,342.862474,711.376019,884.937397,485.406433,460.778125
2020-04-21,16.9933,-2.8916,1.5367,0.006098,-5.7831,-8.6747,-5.8009,-8.7063,332.94838,670.236207,808.171755,457.248316,420.661589
2020-04-22,16.9933,0.0,1.532,0.00608,0.0,0.0,-0.0178,-0.0315,332.94838,670.236207,808.171755,457.16699,420.528979
2020-04-23,17.0566,0.3722,1.5274,0.006061,0.7445,1.1167,0.7267,1.0852,334.187735,675.225934,817.196684,460.489248,425.092652
2020-04-24,17.0566,0.0,1.5227,0.006042,0.0,0.0,-0.0177,-0.0315,334.187735,675.225934,817.196684,460.407517,424.958961
2020-04-27,17.4044,2.0395,1.5087,0.005987,4.0791,6.1186,4.0614,6.0873,341.003628,702.768942,867.197848,479.106448,450.82741
2020-04-28,17.4044,0.0,1.504,0.005968,0.0,0.0,-0.0177,-0.0313,341.003628,702.768942,867.197848,479.021768,450.686293
2020-04-29,17.6469,1.3931,1.4993,0.00595,2.7861,4.1792,2.7685,4.148,345.754053,722.349095,903.439915,492.283426,469.380539
2020-04-30,18.0264,2.1505,1.4947,0.005931,4.3011,6.4516,4.2835,6.4204,353.189661,753.418028,961.726651,513.370185,499.516729
2020-05-04,17.4993,-2.924,1.476,0.005857,-5.848,-8.7719,-5.8655,-8.803,342.862474,709.358475,877.364627,483.258358,455.544207
2020-05-05,17.5837,0.4819,1.4713,0.005839,0.9639,1.4458,0.9463,1.4148,344.514848,716.195767,890.049606,487.831552,461.989076
2020-05-06,17.6047,0.1199,1.4666,0.00582,0.2398,0.3597,0.2223,0.3287,344.927904,717.913133,893.250981,488.915825,463.507541
2020-05-07,17.6785,0.4192,1.462,0.005801,0.8383,1.2575,0.8208,1.2265,346.373731,723.931656,904.483647,492.928983,469.192627
2020-05-08,17.7839,0.5963,1.4573,0.005783,1.1926,1.7889,1.1751,1.758,348.439161,732.56528,920.663982,498.721454,477.440903
2020-05-11,17.9315,0.8299,1.4433,0.005727,1.6598,2.4896,1.6423,2.4588,351.330778,744.724064,943.585122,506.91206,489.180276
2020-05-12,17.7207,-1.1758,1.4386,0.005709,-2.3516,-3.5273,-2.369,-3.5581,347.199918,727.211502,910.301803,494.903488,471.774713
2020-05-13,17.7734,0.2974,1.4339,0.00569,0.5949,0.8923,0.5775,0.8616,348.232652,731.537631,918.424783,497.761537,475.839494
2020-05-14,17.5626,-1.1862,1.4293,0.005672,-2.3724,-3.5587,-2.3898,-3.5894,344.101829,714.182267,885.74103,485.865893,458.75979
2020-05-15,17.6785,0.6602,1.4246,0.005653,1.3205,1.9807,1.3031,1.9501,346.373731,723.612918,903.285112,492.197323,467.705846
2020-05-18,17.5309,-0.8348,1.4106,0.005598,-1.6697,-2.5045,-1.687,-2.535,343.482114,711.531105,880.662543,483.894174,455.849328
2020-05-19,17.6891,0.902,1.4059,0.005579,1.804,2.706,1.7867,2.6755,346.580315,724.367094,904.493213,492.539961,468.045442
2020-05-20,17.668,-0.1192,1.4012,0.00556,-0.2384,-0.3575,-0.2556,-0.388,346.167259,722.640486,901.259275,491.280892,466.229298
2020-05-21,17.8156,0.8353,1.3966,0.005542,1.6706,2.5059,1.6534,2.4755,349.058839,734.713104,923.844279,499.403619,477.770756
2020-05-22,17.4888,-1.8343,1.3919,0.005523,-3.6687,-5.503,-3.6859,-5.5335,342.65589,707.758734,873.00476,480.995987,451.333542
2020-05-25,17.6047,0.6631,1.3779,0.005468,1.3261,1.9892,1.3089,1.9589,344.927904,717.144464,890.370396,487.291964,460.174622
2020-05-26,17.805,1.1377,1.3732,0.005449,2.2755,3.4132,2.2583,3.3829,348.852255,733.46281,920.760449,498.296507,475.742002
2020-05-27,17.7839,-0.1184,1.3685,0.005431,-0.2368,-0.3552,-0.254,-0.3855,348.439161,731.72575,917.489493,497.030998,473.908152
2020-05-28,17.6785,-0.5928,1.3639,0.005412,-1.1855,-1.7783,-1.2027,-1.8085,346.373731,723.050902,901.173786,491.05345,465.337579
2020-05-29,17.805,0.7156,1.3592,0.005394,1.4311,2.1467,1.414,2.1165,348.852255,733.398677,920.519195,497.997077,475.186625
2020-06-01,17.8999,0.5329,1.3452,0.005338,1.0658,1.5986,1.0487,1.5686,350.711213,741.214922,935.234936,503.219634,482.640374
2020-06-02,17.9842,0.4711,1.3405,0.005319,0.9422,1.4134,0.9252,1.3833,352.363474,748.198908,948.453102,507.875468,489.316972
2020-06-03,18.3005,1.7585,1.3358,0.005301,3.5171,5.2756,3.5,5.2456,358.559877,774.513448,998.489477,525.651334,514.984634
2020-06-04,18.4692,0.9216,1.3311,0.005282,1.8432,2.7649,1.8263,2.7349,361.864438,788.789596,1026.096326,535.251053,529.069111
2020-06-05,18.6273,0.8562,1.3265,0.005264,1.7124,2.5685,1.6954,2.5386,364.962639,802.296471,1052.451937,544.325616,542.500267
2020-06-08,18.8698,1.3017,1.3125,0.005208,2.6033,3.905,2.5864,3.8752,369.713214,823.182826,1093.549996,558.404091,563.52324
2020-06-09,18.8908,0.1117,1.3078,0.00519,0.2234,0.3352,0.2066,0.3054,370.12627,825.022202,1097.215249,559.557479,565.244385
2020-06-10,19.07,0.9487,1.3031,0.005171,1.8973,2.846,1.8805,2.8163,373.637527,840.67559,1128.44193,570.079688,581.163289
2020-06-11,18.7749,-1.5478,1.2984,0.005153,-3.0956,-4.6435,-3.1125,-4.6731,367.854293,814.651311,1076.043201,552.335971,554.004782
2020-06-12,18.6062,-0.8984,1.2938,0.005134,-1.7967,-2.6951,-1.8136,-2.7248,364.549583,800.014066,1047.042496,542.318861,538.909494
2020-06-15,18.3427,-1.4164,1.2798,0.005078,-2.8328,-4.2493,-2.8496,-4.2788,359.386026,777.350933,1002.55091,526.864799,515.850718
2020-06-16,18.7432,2.1839,1.2751,0.00506,4.3678,6.5517,4.351,6.5222,367.234653,811.304047,1068.234999,549.788851,549.495592
2020-06-17,18.7643,0.1125,1.2704,0.005041,0.225,0.3375,0.2082,0.308,367.647784,813.129445,1071.840221,550.933774,551.18829
2020-06-18,18.7432,-0.1124,1.2657,0.005023,-0.2247,-0.3371,-0.2415,-0.3665,367.234653,811.301996,1068.226897,549.603424,549.168048
2020-06-19,18.7327,-0.0563,1.2611,0.005004,-0.1125,-0.1688,-0.1292,-0.1981,367.028069,810.389216,1066.424136,548.893235,548.079951
2020-06-22,18.7749,0.2251,1.247,0.004949,0.4502,0.6753,0.4336,0.6461,367.854293,814.037783,1073.626083,551.273066,551.620952
2020-06-23,18.8592,0.4492,1.2424,0.00493,0.8983,1.3475,0.8817,1.3183,369.506593,821.350646,1088.093373,556.133685,558.892924
2020-06-24,18.9752,0.6149,1.2377,0.004912,1.2298,1.8446,1.2131,1.8154,371.778607,831.451252,1108.164708,562.880353,569.03932
2020-06-29,18.7854,-1.0,1.2143,0.004819,-2.0,-3.0,-2.0165,-3.029,368.060803,814.822147,1074.919606,551.529675,551.803021
2020-06-30,18.9541,0.8979,1.2097,0.0048,1.7957,2.6936,1.7792,2.6646,371.365476,829.454082,1103.873447,561.342572,566.506454
2020-07-01,19.0806,0.6674,1.205,0.004782,1.3348,2.0023,1.3183,1.9733,373.844037,840.525938,1125.975805,568.743022,577.685474
2020-07-02,19.2914,1.105,1.2003,0.004763,2.21,3.315,2.1935,3.2861,377.975009,859.101541,1163.301864,581.21856,596.668825
2020-07-03,19.5128,1.1475,1.1957,0.004745,2.295,3.4426,2.2786,3.4137,382.312341,878.818235,1203.349166,594.462122,617.037311
2020-07-06,19.8501,1.7288,1.1816,0.004689,3.4576,5.1864,3.4412,5.1577,388.9218,909.20445,1265.76007,614.918912,648.862184
2020-07-07,19.9239,0.3717,1.177,0.004671,0.7435,1.1152,0.7271,1.0865,390.367552,915.964085,1279.875832,619.389927,655.912035
2020-07-08,20.061,0.6878,1.1723,0.004652,1.3757,2.0635,1.3593,2.0348,393.052622,928.56466,1306.285992,627.809321,669.258697
2020-07-09,20.1242,0.3153,1.1676,0.004633,0.6306,0.9458,0.6142,0.9172,394.291828,934.419768,1318.641262,631.665419,675.397137
2020-07-10,19.9555,-0.8381,1.163,0.004615,-1.6763,-2.5144,-1.6926,-2.543,390.987155,918.756486,1285.485528,620.973984,658.221916
2020-07-13,20.2507,1.4791,1.1489,0.004559,2.9583,4.4374,2.942,4.4089,396.770352,945.935637,1342.527419,639.242967,687.242245
2020-07-14,20.3772,0.6247,1.1443,0.004541,1.2494,1.8741,1.2331,1.8456,399.248912,957.753855,1367.687081,647.125606,699.926026
2020-07-15,20.4616,0.4139,1.1396,0.004522,0.8277,1.2416,0.8115,1.2132,400.901286,965.681578,1384.668446,652.377113,708.417545
2020-07-16,20.2613,-0.9789,1.1349,0.004504,-1.9577,-2.9366,-1.9739,-2.965,396.97701,946.776171,1344.006408,639.499601,687.41323
2020-07-17,20.4932,1.1446,1.1302,0.004485,2.2893,3.4339,2.2731,3.4056,401.520927,968.450331,1390.158092,654.035859,710.823455
2020-07-20,20.4616,-0.1543,1.1162,0.004429,-0.3086,-0.463,-0.3248,-0.4912,400.901286,965.461243,1383.72208,651.911666,707.331934
2020-07-21,20.9606,2.439,1.1116,0.004411,4.878,7.317,4.8619,7.2888,410.679277,1012.556483,1484.969112,683.606874,758.888081
2020-07-22,21.0137,0.2533,1.1069,0.004392,0.5066,0.7599,0.4905,0.7318,411.71956,1017.686251,1496.253739,686.960081,764.441422
2020-07-23,20.9925,-0.1011,1.1022,0.004374,-0.2021,-0.3032,-0.2182,-0.3313,411.303477,1015.629307,1491.717404,685.461135,761.908886
2020-07-24,20.9181,-0.3541,1.0975,0.004355,-0.7082,-1.0622,-0.7242,-1.0903,409.847148,1008.437101,1475.871949,680.496927,753.601758
2020-07-27,21.9375,4.8731,1.0835,0.0043,9.7462,14.6193,9.7302,14.5914,429.819437,1106.721534,1691.634395,746.710689,863.562471
2020-07-28,22.0012,0.2904,1.0789,0.004281,0.5808,0.8712,0.5648,0.8433,431.067687,1113.149649,1706.372548,750.928391,870.84498
2020-07-29,21.7782,-1.0135,1.0742,0.004263,-2.027,-3.0406,-2.043,-3.0684,426.698739,1090.58571,1654.489382,735.58689,844.123593
2020-07-30,22.0968,1.4627,1.0695,0.004244,2.9254,4.3881,2.9095,4.3603,432.940098,1122.489891,1727.090455,756.988546,880.929682
2020-07-31,22.0437,-0.2403,1.0648,0.004226,-0.4805,-0.7208,-0.4965,-0.7486,431.89989,1117.095968,1714.641622,753.230371,874.334918
2020-08-03,21.6614,-1.7341,1.0508,0.00417,-3.4682,-5.2024,-3.4841,-5.2301,424.410207,1078.352292,1625.439545,726.986877,828.606508
2020-08-04,21.9375,1.2745,1.0461,0.004151,2.5491,3.8236,2.5332,3.7959,429.819437,1105.840112,1687.589628,745.402907,860.059735
2020-08-05,22.1499,0.968,1.0415,0.004133,1.9361,2.9041,1.9202,2.8765,433.980269,1127.250098,1736.599341,759.716463,884.799304
2020-08-06,22.3835,1.0547,1.0368,0.004114,2.1093,3.164,2.0935,3.1364,438.557332,1151.027657,1791.545568,775.621289,912.550319
2020-08-07,22.2242,-0.7116,1.0321,0.004096,-1.4232,-2.1347,-1.439,-2.1623,435.436634,1134.646629,1753.300582,764.46035,892.8182
2020-08-10,22.426,0.9078,1.0181,0.00404,1.8156,2.7234,1.7998,2.6959,439.389499,1155.247121,1801.049616,778.219413,916.887994
2020-08-11,22.2561,-0.7576,1.0134,0.004022,-1.5152,-2.2728,-1.5309,-2.3002,436.060722,1137.743015,1760.115824,766.305569,895.797896
2020-08-12,21.9269,-1.479,1.0088,0.004003,-2.958,-4.437,-2.9737,-4.4644,429.611321,1104.08825,1682.018728,743.517648,855.805768
2020-08-13,22.1393,0.9685,1.0041,0.003985,1.9371,2.9056,1.9214,2.8782,433.772227,1125.475058,1730.891196,757.803337,880.437997
2020-08-14,22.1923,0.2398,0.9994,0.003966,0.4796,0.7194,0.464,0.6921,434.812472,1130.873145,1743.343938,761.319204,886.531896
2020-08-17,22.426,1.0526,0.9854,0.00391,2.1053,3.1579,2.0897,3.1307,439.389499,1154.681277,1798.397543,777.22827,914.286954
2020-08-18,22.2985,-0.5682,0.9807,0.003892,-1.1364,-1.7046,-1.152,-1.7317,436.892888,1141.55948,1767.742062,768.274615,898.453803
2020-08-19,22.1393,-0.7143,0.9761,0.003873,-1.4286,-2.1429,-1.4441,-2.17,433.772227,1125.251501,1729.861907,757.179579,878.957653
2020-08-20,21.3641,-3.5012,0.9714,0.003855,-7.0024,-10.5036,-7.018,-10.5307,418.585006,1046.456954,1548.164279,704.041053,786.397557
2020-08-21,21.8313,2.1869,0.9667,0.003836,4.3738,6.5607,4.3582,6.5336,427.738984,1092.226602,1649.734057,734.724783,837.777797
2020-08-24,21.895,0.2918,0.9527,0.003781,0.5837,0.8755,0.5682,0.8485,428.987234,1098.601383,1664.177068,738.899218,844.886751
2020-08-25,22.0649,0.7759,0.948,0.003762,1.5519,2.3278,1.5364,2.3009,432.315936,1115.650454,1702.916333,750.251816,864.327122
2020-08-26,22.1499,0.385,0.9434,0.003743,0.77,1.1549,0.7545,1.1281,433.980269,1124.24053,1722.584026,755.912551,874.077508
2020-08-27,22.203,0.2397,0.9387,0.003725,0.4794,0.7191,0.4639,0.6923,435.020476,1129.629917,1734.970617,759.419599,880.128356
2020-08-28,21.98,-1.0043,0.934,0.003706,-2.0086,-3.0129,-2.024,-3.0397,430.651566,1106.940173,1682.697693,744.048851,853.375292
2020-08-31,21.619,-1.6425,0.92,0.003651,-3.285,-4.9276,-3.3004,-4.9542,423.578041,1070.576812,1599.781905,719.492329,811.097222
2020-09-01,21.9481,1.5226,0.9153,0.003632,3.0452,4.5678,3.0299,4.5412,430.027442,1103.178023,1672.856758,741.291954,847.930537
2020-09-02,21.8738,-0.3387,0.9107,0.003614,-0.6773,-1.016,-0.6926,-1.0425,428.571151,1095.706183,1655.861334,736.157606,839.090483
2020-09-03,21.9375,0.2913,0.906,0.003595,0.5825,0.8738,0.5672,0.8472,429.819437,1102.089046,1670.330272,740.333333,846.199642
2020-09-04,21.7782,-0.726,0.9013,0.003577,-1.4521,-2.1781,-1.4674,-2.2047,426.698739,1086.085641,1633.948041,729.469828,827.543781
2020-09-07,21.7464,-0.1463,0.8873,0.003521,-0.2926,-0.4388,-0.3078,-0.4652,426.074577,1082.908254,1626.777772,727.224656,823.693732
2020-09-08,21.8738,0.5859,0.8826,0.003502,1.1719,1.7578,1.1567,1.7315,428.571151,1095.598803,1655.373964,735.636363,837.955763
2020-09-09,21.7251,-0.6796,0.878,0.003484,-1.3592,-2.0388,-1.3744,-2.0652,425.658531,1080.70717,1621.623624,725.525678,820.650571
2020-09-10,21.9163,0.8798,0.8733,0.003465,1.7595,2.6393,1.7444,2.613,429.403317,1099.72249,1664.422949,738.181413,842.09411
2020-09-11,21.9269,0.0484,0.8686,0.003447,0.0969,0.1453,0.0817,0.1191,429.611321,1100.787907,1666.841703,738.78471,843.096725
2020-09-14,22.203,1.2591,0.8546,0.003391,2.5182,3.7772,2.5031,3.7511,435.020476,1128.507534,1729.802375,757.27697,874.722093
2020-09-15,22.2879,0.3826,0.8499,0.003373,0.7652,1.1478,0.7501,1.1217,436.684884,1137.142972,1749.657272,762.957529,884.533873
2020-09-16,22.6277,1.5246,0.8452,0.003354,3.0491,4.5737,3.034,4.5476,443.342363,1171.815599,1829.680473,786.105962,924.758729
2020-09-17,22.3835,-1.0793,0.8406,0.003336,-2.1586,-3.2379,-2.1737,-3.264,438.557332,1146.520594,1770.436796,769.018703,894.574964
2020-09-18,22.3622,-0.0949,0.8359,0.003317,-0.1898,-0.2847,-0.2048,-0.3107,438.141212,1144.344866,1765.397215,767.44382,891.795958
2020-09-21,22.1817,-0.8072,0.8219,0.003261,-1.6145,-2.4217,-1.6294,-2.4476,434.604393,1125.869817,1722.64463,754.938837,869.968487
2020-09-22,21.895,-1.2925,0.8172,0.003243,-2.585,-3.8774,-2.5999,-3.9033,428.987234,1096.766611,1655.8503,735.311166,836.011178
2020-09-23,21.8632,-0.1455,0.8125,0.003224,-0.291,-0.4364,-0.3059,-0.4623,428.363146,1093.575476,1648.623545,733.061928,832.146704
2020-09-24,21.3323,-2.4284,0.8079,0.003206,-4.8568,-7.2851,-4.8717,-7.3109,417.960881,1040.463242,1528.519242,697.349623,771.309268
2020-09-25,21.3747,0.1991,0.8032,0.003187,0.3982,0.5973,0.3833,0.5716,418.793085,1044.606583,1537.649565,700.022753,775.718006
2020-09-28,21.7251,1.6393,0.7892,0.003132,3.2787,4.918,3.2638,4.8924,425.658531,1078.855909,1613.27152,722.870402,813.66919
2020-09-29,21.7782,0.2444,0.7845,0.003113,0.4888,0.7331,0.4739,0.7075,426.698739,1084.128841,1625.098871,726.296322,819.426201
2020-09-30,21.8738,0.4388,0.7798,0.003095,0.8776,1.3164,0.8628,1.2909,428.571151,1093.643448,1646.492328,732.562995,830.004059
2020-10-05,21.8844,0.0485,0.7565,0.003002,0.0971,0.1456,0.0824,0.1203,428.779192,1094.705224,1648.890101,733.166465,831.002225
2020-10-06,22.1393,1.1645,0.7518,0.002983,2.329,3.4934,2.3143,3.4681,433.772227,1120.200404,1706.492937,750.133874,859.822206
2020-10-07,22.2561,0.5276,0.7471,0.002965,1.0552,1.5827,1.0405,1.5574,436.060722,1132.020306,1733.502272,757.93893,873.213461
2020-10-08,22.5534,1.3359,0.7425,0.002946,2.6718,4.0077,2.6571,3.9824,441.885997,1162.265316,1802.975135,778.078279,907.988327
2020-10-12,22.7339,0.8004,0.7238,0.002872,1.6007,2.4011,1.5862,2.376,445.422741,1180.870272,1846.266808,790.419931,929.562266
2020-10-13,22.7445,0.0467,0.7191,0.002854,0.0934,0.1401,0.0788,0.115,445.630746,1181.973162,1848.853326,791.04307,930.631469
2020-10-14,22.6596,-0.3735,0.7144,0.002835,-0.7469,-1.1204,-0.7615,-1.1454,443.96645,1173.144542,1828.138613,785.019431,919.971609
2020-10-15,22.4472,-0.9372,0.7098,0.002816,-1.8744,-2.8117,-1.889,-2.8367,439.805507,1151.154646,1776.737559,770.190702,893.875154
2020-10-16,22.3516,-0.4257,0.7051,0.002798,-0.8515,-1.2772,-0.866,-1.3022,437.933096,1141.352881,1754.044912,763.52103,882.235383
2020-10-19,22.6383,1.2827,0.6911,0.002742,2.5654,3.848,2.5509,3.8232,443.550367,1170.632647,1821.541159,782.997744,915.964868
2020-10-20,22.5109,-0.5629,0.6864,0.002724,-1.1257,-1.6886,-1.1402,-1.7134,441.053794,1157.45457,1790.782906,774.070374,900.270757
2020-10-21,22.5003,-0.0472,0.6817,0.002705,-0.0944,-0.1415,-0.1088,-0.1663,440.845715,1156.362449,1788.248357,773.228441,898.773529
2020-10-22,22.5321,0.1416,0.677,0.002687,0.2832,0.4247,0.2688,0.4,441.469877,1159.636872,1795.843918,775.306668,902.368715
2020-10-23,22.5321,0.0,0.6724,0.002668,0.0,0.0,-0.0144,-0.0247,441.469877,1159.636872,1795.843918,775.195221,902.145817
2020-10-26,22.5321,0.0,0.6584,0.002613,0.0,0.0,-0.0143,-0.0246,441.469877,1159.636872,1795.843918,775.084222,901.923978
2020-10-27,22.4047,-0.5655,0.6537,0.002594,-1.131,-1.6965,-1.1453,-1.721,438.973378,1146.521449,1765.377589,766.207227,886.40147
2020-10-28,22.2985,-0.4739,0.649,0.002575,-0.9479,-1.4218,-0.9622,-1.4463,436.892888,1135.653698,1740.276857,758.835004,873.581005
2020-10-29,22.0543,-1.0952,0.6443,0.002557,-2.1905,-3.2857,-2.2047,-3.3102,432.107895,1110.777599,1683.096619,742.104752,844.66393
2020-10-30,21.8738,-0.8185,0.6397,0.002538,-1.637,-2.4555,-1.6512,-2.4799,428.571151,1092.594474,1641.768873,729.85099,823.717103
2020-11-02,21.9587,0.3884,0.6257,0.002483,0.7767,1.1651,0.7625,1.1408,430.235558,1101.080916,1660.896889,735.416358,833.113699
2020-11-03,22.2136,1.1605,0.621,0.002464,2.321,3.4815,2.3068,3.4572,435.228481,1126.637204,1718.721467,752.381292,861.916387
2020-11-04,22.5427,1.4819,0.6163,0.002446,2.9637,4.4456,2.9496,4.4213,441.677919,1160.027375,1795.128145,774.573156,900.024269
2020-11-05,22.5215,-0.0942,0.6116,0.002427,-0.1884,-0.2826,-0.2026,-0.3069,441.261798,1157.841569,1790.054383,773.004176,897.262454
2020-11-06,22.6596,0.6129,0.607,0.002409,1.2259,1.8388,1.2118,1.8146,443.96645,1172.035225,1822.970046,782.371108,913.544409
2020-11-09,22.9569,1.3121,0.593,0.002353,2.6242,3.9363,2.6101,3.9122,449.791689,1202.791534,1894.727058,802.791935,949.284078
2020-11-10,22.7445,-0.9251,0.5883,0.002334,-1.8502,-2.7752,-1.8642,-2.7993,445.630746,1180.53791,1842.143703,787.826244,922.71095
2020-11-11,23.0949,1.5406,0.5836,0.002316,3.0812,4.6219,3.0672,4.5979,452.496229,1216.913155,1927.285097,811.990617,965.135982
2020-11-12,23.1055,0.046,0.5789,0.002297,0.092,0.1379,0.0779,0.114,452.704271,1218.032142,1929.943387,812.623556,966.235943
2020-11-13,23.2011,0.4136,0.5743,0.002279,0.8272,1.2408,0.8132,1.2169,454.576682,1228.107846,1953.890464,819.232027,977.994018
2020-11-16,23.955,3.2494,0.5602,0.002223,6.4988,9.7483,6.4849,9.7244,469.347783,1307.920582,2144.36072,872.358472,1073.09851
2020-11-17,24.1249,0.7092,0.5556,0.002205,1.4184,2.1277,1.4045,2.1039,472.676485,1326.472618,2189.985344,884.610977,1095.675234
2020-11-18,24.2842,0.6602,0.5509,0.002186,1.3204,1.9806,1.3065,1.9569,475.797146,1343.987647,2233.360897,896.168676,1117.116446
2020-11-19,24.2417,-0.1749,0.5462,0.002168,-0.3498,-0.5247,-0.3636,-0.5484,474.965054,1339.286817,2221.643547,892.909837,1110.990724
2020-11-20,24.2098,-0.1314,0.5416,0.002149,-0.2629,-0.3943,-0.2767,-0.4179,474.340818,1335.766423,2212.883966,890.439054,1106.347372
2020-11-23,24.5178,1.2719,0.5275,0.002093,2.5439,3.8158,2.5301,3.7922,480.374098,1369.746433,2297.322927,912.967687,1148.302677
2020-11-24,24.401,-0.4764,0.5229,0.002075,-0.9528,-1.4292,-0.9666,-1.4527,478.085641,1356.695746,2264.490234,904.143284,1131.621436
2020-11-25,24.1992,-0.8268,0.5182,0.002056,-1.6536,-2.4804,-1.6674,-2.5039,474.132851,1334.261552,2208.322136,889.068021,1103.287178
2020-11-26,24.3903,0.7898,0.5135,0.002038,1.5796,2.3695,1.5659,2.346,477.877636,1355.338021,2260.647298,902.989861,1129.170434
2020-11-27,24.3479,-0.1741,0.5089,0.002019,-0.3483,-0.5224,-0.362,-0.5458,477.045433,1350.617494,2248.836834,899.720883,1123.006961
2020-11-30,24.0612,-1.1775,0.4948,0.001964,-2.355,-3.5324,-2.3686,-3.5557,471.428311,1318.810949,2169.397914,878.409795,1083.075785
2020-12-01,24.2735,0.8826,0.4902,0.001945,1.7652,2.6478,1.7516,2.6245,475.589142,1342.090628,2226.839301,893.795588,1111.501628
2020-12-02,24.5071,0.9624,0.4855,0.001927,1.9248,2.8871,1.9111,2.8639,480.166094,1367.922521,2291.130946,910.877071,1143.334004
2020-12-03,24.5071,0.0,0.4808,0.001908,0.0,0.0,-0.0136,-0.0232,480.166094,1367.922521,2291.130946,910.753061,1143.068966
2020-12-04,24.9106,1.6464,0.4761,0.001889,3.2929,4.9393,3.2793,4.9162,488.071785,1412.966824,2404.297877,940.619412,1199.264569
2020-12-07,25.1442,0.9378,0.4621,0.001834,1.8755,2.8133,1.862,2.7903,492.648774,1439.467573,2471.938205,958.133737,1232.727363
2020-12-08,25.4947,1.3936,0.4575,0.001815,2.7872,4.1808,2.7737,4.1578,499.514258,1479.588006,2575.28395,984.709015,1283.981231
2020-12-09,25.4947,0.0,0.4528,0.001797,0.0,0.0,-0.0135,-0.023,499.514258,1479.588006,2575.28395,984.576048,1283.686447
2020-12-10,25.1867,-1.2078,0.4481,0.001778,-2.4157,-3.6235,-2.4292,-3.6464,493.48094,1443.845987,2481.968262,960.659137,1236.877691
2020-12-11,25.2186,0.1265,0.4434,0.00176,0.2529,0.3794,0.2395,0.3565,494.105065,1447.498164,2491.385389,962.959741,1241.287621
2020-12-14,25.1124,-0.4211,0.4294,0.001704,-0.8421,-1.2632,-0.8555,-1.2859,492.024612,1435.308643,2459.915097,954.721428,1225.325437
2020-12-15,24.8576,-1.0148,0.4248,0.001686,-2.0296,-3.0444,-2.043,-3.0671,487.031615,1406.178017,2385.026466,935.216811,1187.743548
2020-12-16,25.3248,1.8795,0.4201,0.001667,3.7591,5.6386,3.7457,5.6159,496.185518,1459.037082,2519.508303,970.247096,1254.445917
2020-12-17,25.1867,-0.5451,0.4154,0.001648,-1.0901,-1.6352,-1.1035,-1.6579,493.48094,1443.131422,2478.308758,959.540394,1233.648663
2020-12-18,25.1018,-0.3373,0.4107,0.00163,-0.6745,-1.0118,-0.6879,-1.0344,491.816571,1433.396884,2453.232881,952.939917,1220.887321
2020-12-21,25.346,0.9729,0.3967,0.001574,1.9459,2.9188,1.9326,2.8963,496.601601,1461.288779,2524.837593,971.356236,1256.247589
2020-12-22,25.0593,-1.1311,0.392,0.001556,-2.2622,-3.3934,-2.2755,-3.4158,490.984442,1428.230923,2439.160771,949.253007,1213.336228
2020-12-23,25.0912,0.1271,0.3874,0.001537,0.2542,0.3813,0.241,0.3589,491.608529,1431.861754,2448.461978,951.540471,1217.690754
2020-12-24,25.2292,0.5502,0.3827,0.001519,1.1003,1.6505,1.0871,1.6281,494.313144,1447.616708,2488.873078,961.884549,1237.515567
2020-12-25,25.261,0.1263,0.378,0.0015,0.2525,0.3788,0.2393,0.3564,494.937306,1451.272477,2498.30107,964.186633,1241.926572
2020-12-28,25.484,0.8827,0.364,0.001445,1.7654,2.6481,1.7522,2.6258,499.306104,1476.893162,2564.458376,981.081532,1274.537548
2020-12-29,25.4628,-0.0833,0.3593,0.001426,-0.1666,-0.25,-0.1798,-0.2722,498.890058,1474.431926,2558.047887,979.317725,1271.068367
2020-12-30,25.8238,1.4179,0.3547,0.001407,2.8357,4.2536,2.8226,4.2314,505.963621,1516.242687,2666.856501,1006.960008,1324.852355
2020-12-31,25.9619,0.5345,0.35,0.001389,1.0691,1.6036,1.056,1.5815,508.668199,1532.452533,2709.622742,1017.593352,1345.80459
2021-01-04,26.4078,1.7178,0.3467,0.001376,3.4356,5.1534,3.4225,5.1312,517.406019,1585.100979,2849.259131,1052.420338,1414.860985
2021-01-05,26.4609,0.2011,0.3459,0.001373,0.4021,0.6032,0.389,0.581,518.446264,1591.474672,2866.444444,1056.514476,1423.081893
2021-01-06,26.7476,1.0835,0.3451,0.001369,2.1669,3.2504,2.1538,3.2283,524.063387,1625.960436,2959.614188,1079.270008,1469.022614
2021-01-07,27.3741,2.3422,0.3442,0.001366,4.6844,7.0266,4.6713,7.0045,536.337988,1702.126859,3167.574254,1129.6862,1571.920253
2021-01-08,27.8625,1.7843,0.3434,0.001363,3.5687,5.353,3.5556,5.3309,545.90805,1762.870117,3337.134572,1169.853311,1655.71793
2021-01-11,28.0961,0.8384,0.341,0.001353,1.6768,2.5153,1.6638,2.4932,550.485076,1792.430785,3421.072627,1189.317208,1696.998326
2021-01-12,28.0537,-0.1512,0.3401,0.00135,-0.3023,-0.4535,-0.3154,-0.4756,549.652947,1787.011806,3405.558456,1185.566318,1688.928198
2021-01-13,28.7332,2.4224,0.3393,0.001346,4.8448,7.2672,4.8317,7.2451,562.967682,1873.588576,3653.046118,1242.849634,1811.292906
2021-01-14,28.4678,-0.9239,0.3385,0.001343,-1.8477,-2.7716,-1.8608,-2.7937,557.766568,1838.969368,3551.797453,1219.72271,1760.691279
2021-01-15,28.5634,0.3357,0.3377,0.00134,0.6714,1.0071,0.6584,0.9851,559.639054,1851.31663,3587.568824,1227.753079,1778.03566
2021-01-18,28.5421,-0.0744,0.3352,0.00133,-0.1487,-0.2231,-0.1618,-0.2451,559.222859,1848.563036,3579.56476,1225.766899,1773.677144
2021-01-19,29.296,2.6414,0.3344,0.001327,5.2828,7.9241,5.2697,7.9021,573.994072,1946.218263,3863.21471,1290.361517,1913.835372
2021-01-20,29.3491,0.1812,0.3336,0.001324,0.3625,0.5437,0.3494,0.5217,575.034317,1953.272497,3884.218535,1294.870407,1923.81938
2021-01-21,30.3685,3.4732,0.3327,0.00132,6.9464,10.4197,6.9334,10.3977,595.006531,2088.955449,4288.94105,1384.649157,2123.851539
2021-01-22,29.826,-1.7863,0.3319,0.001317,-3.5727,-5.359,-3.5857,-5.381,584.377689,2014.323737,4059.095783,1334.999732,2009.566648
2021-01-25,29.4245,-1.346,0.3295,0.001307,-2.6919,-4.0379,-2.7049,-4.0598,576.512245,1960.100073,3895.195335,1298.889086,1927.98154
2021-01-26,28.8278,-2.028,0.3286,0.001304,-4.056,-6.0841,-4.069,-6.106,564.820474,1880.597714,3658.209561,1246.036689,1810.258468
2021-01-27,28.8712,0.1505,0.3278,0.001301,0.3011,0.4516,0.2881,0.4297,565.670802,1886.260134,3674.731692,1249.626392,1818.03676
2021-01-28,28.2853,-2.0293,0.327,0.001298,-4.0586,-6.0879,-4.0716,-6.1099,554.191557,1809.703795,3451.01599,1198.746167,1706.956409
2021-01-29,27.8188,-1.6494,0.3262,0.001294,-3.2988,-4.9482,-3.3118,-4.9702,545.050658,1750.004874,3280.251639,1159.045811,1622.11747
2021-02-01,28.3721,1.9891,0.3237,0.001285,3.9782,5.9672,3.9652,5.9453,555.892139,1819.622783,3475.991889,1205.003882,1718.557198
2021-02-02,29.175,2.8298,0.3229,0.001281,5.6597,8.4895,5.6467,8.4675,571.622914,1922.607065,3771.085354,1273.046384,1864.076844
2021-02-03,29.1533,-0.0744,0.3221,0.001278,-0.1487,-0.2231,-0.1617,-0.245,571.197824,1919.747558,3762.672211,1270.987676,1859.509537
2021-02-04,28.9797,-0.5955,0.3212,0.001275,-1.1909,-1.7864,-1.2039,-1.8083,567.796623,1896.885259,3695.457643,1255.686479,1825.884649
2021-02-05,29.2509,0.936,0.3204,0.001271,1.8719,2.8079,1.859,2.786,573.111044,1932.393914,3799.223063,1279.029283,1876.753977
2021-02-17,30.4987,4.2656,0.3105,0.001232,8.5311,12.7967,8.5182,12.7749,597.557516,2097.249274,4285.399001,1387.979657,2116.507238
2021-02-18,30.4553,-0.1423,0.3097,0.001229,-0.2846,-0.4269,-0.2975,-0.4487,596.707225,2091.280737,4267.105351,1383.850082,2107.010334
2021-02-19,30.1298,-1.0687,0.3089,0.001226,-2.1375,-3.2062,-2.1504,-3.2281,590.32995,2046.579842,4130.291993,1354.091477,2038.994984
2021-02-22,30.1189,-0.036,0.3064,0.001216,-0.072,-0.1081,-0.085,-0.1299,590.117311,2045.105477,4125.828772,1352.941003,2036.34719
2021-02-23,30.0538,-0.2161,0.3056,0.001213,-0.4323,-0.6484,-0.4452,-0.6702,588.841782,2036.264546,4099.075019,1346.917491,2022.698855
2021-02-24,29.609,-1.4802,0.3048,0.00121,-2.9603,-4.4405,-2.9732,-4.4622,580.12601,1975.984798,3917.057012,1306.870589,1932.440986
2021-02-25,29.8477,0.8062,0.304,0.001206,1.6123,2.4185,1.5994,2.3967,584.802778,2007.844163,4011.790749,1327.772884,1978.756091
2021-02-26,28.9472,-3.0171,0.3032,0.001203,-6.0342,-9.0513,-6.0471,-9.073,567.158746,1886.687191,3648.672611,1247.481244,1799.222677
2021-03-02,28.958,0.0375,0.2999,0.00119,0.075,0.1125,0.0621,0.0908,567.371421,1888.102146,3652.777194,1248.255937,1800.855477
2021-03-03,29.3811,1.4612,0.299,0.001187,2.9224,4.3836,2.9095,4.3619,575.661917,1943.280471,3812.901577,1284.574313,1879.406913
2021-03-04,28.8061,-1.9572,0.2982,0.001183,-3.9143,-5.8715,-3.9272,-5.8932,564.395272,1867.214121,3589.027429,1234.126297,1768.649286
2021-03-05,28.6325,-0.6026,0.2974,0.00118,-1.2053,-1.8079,-1.2182,-1.8296,560.993996,1844.708935,3524.140604,1219.092565,1736.289237
2021-03-08,28.6108,-0.0758,0.2949,0.00117,-0.1515,-0.2273,-0.1644,-0.249,560.568944,1841.913549,3516.130127,1217.088231,1731.965724
2021-03-09,28.5023,-0.3792,0.2941,0.001167,-0.7585,-1.1377,-0.7713,-1.1594,558.443124,1827.943535,3476.127933,1207.70053,1711.885729
2021-03-10,28.6217,0.4187,0.2933,0.001164,0.8375,1.2562,0.8246,1.2345,560.78147,1843.251686,3519.794292,1217.65901,1733.018708
2021-03-11,29.2292,2.1228,0.2925,0.001161,4.2456,6.3684,4.2327,6.3467,572.685768,1921.508966,3743.949406,1269.199388,1843.008708
2021-03-12,29.3486,0.4083,0.2916,0.001157,0.8166,1.225,0.8038,1.2033,575.024152,1937.200734,3789.811164,1279.400885,1865.185207
2021-03-15,29.2727,-0.2588,0.2892,0.001148,-0.5175,-0.7763,-0.5304,-0.7979,573.536246,1927.175509,3760.392135,1272.615393,1850.3024
2021-03-16,29.3703,0.3336,0.2884,0.001144,0.6671,1.0007,0.6543,0.979,575.449316,1940.031968,3798.021293,1280.94165,1868.417184
2021-03-17,29.1207,-0.8496,0.2875,0.001141,-1.6993,-2.5489,-1.7121,-2.5706,570.560022,1907.065078,3701.211842,1259.010089,1820.387811
2021-03-18,29.2727,0.5216,0.2867,0.001138,1.0433,1.5649,1.0304,1.5433,573.536246,1926.960802,3759.131961,1271.983181,1848.481046
2021-03-19,28.817,-1.5567,0.2859,0.001134,-3.1134,-4.6702,-3.1263,-4.6918,564.607911,1866.966156,3583.574843,1232.217495,1761.754299
2021-03-22,28.9472,0.4518,0.2834,0.001125,0.9036,1.3554,0.8907,1.3338,567.158746,1883.835645,3632.145416,1243.193431,1785.251732
2021-03-23,28.9906,0.1499,0.2826,0.001121,0.2999,0.4498,0.287,0.4282,568.009112,1889.484678,3648.482915,1246.761904,1792.896092
2021-03-24,28.5349,-1.5719,0.2818,0.001118,-3.1437,-4.7156,-3.1565,-4.7372,559.080814,1830.084638,3476.435981,1207.407354,1707.963448
2021-03-25,28.6325,0.3422,0.281,0.001115,0.6844,1.0266,0.6716,1.005,560.993996,1842.609791,3512.125224,1215.51608,1725.128641
2021-03-26,29.1533,1.8189,0.2801,0.001112,3.6378,5.4567,3.6249,5.4351,571.197824,1909.639644,3703.76963,1259.57792,1818.890458
2021-03-29,29.392,0.8187,0.2777,0.001102,1.6375,2.4562,1.6247,2.4347,575.87448,1940.90982,3794.742967,1280.042065,1863.174394
2021-03-30,29.4896,0.3322,0.2768,0.001099,0.6644,0.9966,0.6516,0.9751,577.787588,1953.805582,3832.562421,1288.382991,1881.34156
2021-03-31,29.2401,-0.8462,0.276,0.001095,-1.6924,-2.5386,-1.7052,-2.5601,572.898406,1920.739757,3735.270112,1266.413713,1833.176836
2021-04-01,29.4571,0.7421,0.2752,0.001092,1.4842,2.2263,1.4714,2.2048,577.149898,1949.247463,3818.428685,1285.047802,1873.593941
2021-04-07,29.9019,1.5101,0.2703,0.001073,3.0203,4.5304,3.0075,4.5089,585.86567,2008.120197,3991.419548,1323.69563,1958.072606
2021-04-08,29.9996,0.3266,0.2695,0.001069,0.6531,0.9797,0.6403,0.9582,587.778853,2021.235492,4030.522273,1332.17175,1976.834193
2021-04-09,29.9345,-0.217,0.2686,0.001066,-0.434,-0.651,-0.4468,-0.6725,586.503397,2012.463502,4004.284087,1326.220088,1963.540293
2021-04-12,29.7609,-0.5799,0.2662,0.001056,-1.1598,-1.7398,-1.1726,-1.7613,583.102122,1989.121972,3934.618634,1310.668683,1928.957431
2021-04-13,29.7609,0.0,0.2653,0.001053,0.0,0.0,-0.0128,-0.0215,583.102122,1989.121972,3934.618634,1310.50145,1928.543265
2021-04-14,29.9236,0.5469,0.2645,0.00105,1.0937,1.6406,1.081,1.6191,586.290834,2010.877125,3999.168396,1324.66732,1959.768214
2021-04-15,30.1732,0.8339,0.2637,0.001046,1.6679,2.5018,1.6551,2.4804,591.180166,2044.416266,4099.220758,1346.592331,2008.377742
2021-04-16,30.2166,0.1438,0.2629,0.001043,0.2877,0.4315,0.2749,0.4101,592.030532,2050.297726,4116.909968,1350.294579,2016.613592
2021-04-19,30.2708,0.1795,0.2604,0.001033,0.359,0.5386,0.3463,0.5171,593.093348,2057.659141,4139.082077,1354.97067,2027.042107
2021-04-20,30.2166,-0.1792,0.2596,0.00103,-0.3584,-0.5376,-0.3711,-0.559,592.030532,2050.284535,4116.830504,1349.941909,2015.710493
2021-04-21,29.9453,-0.8977,0.2588,0.001027,-1.7953,-2.693,-1.8081,-2.7144,586.716036,2013.47485,4005.963524,1325.5339,1960.99531
2021-04-22,29.9236,-0.0725,0.2579,0.001024,-0.1449,-0.2174,-0.1577,-0.2388,586.290834,2010.556461,3997.253987,1323.443894,1956.311932
2021-04-23,30.1949,0.9064,0.2571,0.00102,1.8129,2.7193,1.8002,2.6979,591.605218,2047.0055,4105.952301,1347.267954,2009.091642
2021-04-26,30.6397,1.4732,0.2547,0.001011,2.9465,4.4197,2.9338,4.3983,600.32099,2107.320157,4287.424044,1386.793637,2097.458272
2021-04-27,30.6506,0.0354,0.2538,0.001007,0.0708,0.1062,0.0581,0.0849,600.53359,2108.812751,4291.979155,1387.599577,2099.238257
2021-04-28,30.4661,-0.6018,0.253,0.001004,-1.2036,-1.8054,-1.2163,-1.8267,596.919676,2083.431763,4214.493846,1370.722509,2060.890955
2021-04-29,30.5095,0.1425,0.2522,0.001001,0.285,0.4275,0.2723,0.4061,597.770229,2089.369139,4232.509578,1374.454622,2069.260321
2021-05-03,29.9996,-1.6714,0.2489,0.000988,-3.3429,-5.0143,-3.3556,-5.0357,587.778853,2019.523996,4020.277884,1328.333753,1965.059337
2021-05-04,29.7392,-0.868,0.2481,0.000984,-1.736,-2.6039,-1.7487,-2.6253,582.677032,1984.465747,3915.5919,1305.105755,1913.47097
2021-05-05,29.4571,-0.9486,0.2473,0.000981,-1.8972,-2.8457,-1.9098,-2.8671,577.149898,1946.817418,3804.164814,1280.180331,1858.6107
2021-05-06,29.7175,0.884,0.2464,0.000978,1.768,2.652,1.7553,2.6307,582.251868,1981.236913,3905.050569,1302.651382,1907.504442
2021-05-07,30.2491,1.789,0.2456,0.000975,3.5779,5.3669,3.5652,5.3455,592.668072,2052.123652,4114.628965,1349.093798,2009.470864
2021-05-10,30.043,-0.6815,0.2432,0.000965,-1.363,-2.0444,-1.3756,-2.0657,588.629144,2024.153929,4030.507546,1330.535177,1967.960378
2021-05-11,28.9146,-3.7559,0.2423,0.000962,-7.5117,-11.2676,-7.5244,-11.2889,566.520981,1872.104631,3576.365324,1230.420205,1745.799161
2021-05-12,28.0792,-2.8893,0.2415,0.000958,-5.7786,-8.6679,-5.7913,-8.6892,550.152479,1763.923115,3266.369333,1159.163264,1594.10339
2021-05-13,27.6669,-1.4683,0.2407,0.000955,-2.9366,-4.4049,-2.9493,-4.4262,542.074547,1712.123472,3122.488259,1124.976326,1523.545204
2021-05-14,27.9815,1.1373,0.2399,0.000952,2.2745,3.4118,2.2618,3.3905,548.239296,1751.065762,3229.019868,1150.421539,1575.200774
2021-05-17,27.4499,-1.9,0.2374,0.000942,-3.7999,-5.6999,-3.8126,-5.7211,537.82298,1684.526735,3044.969805,1106.560977,1485.081598
2021-05-18,28.7085,4.585,0.2366,0.000939,9.17,13.7549,9.1573,13.7337,562.482052,1838.997141,3463.803517,1207.892236,1689.038182
2021-05-19,28.5132,-0.6803,0.2358,0.000936,-1.3605,-2.0408,-1.3732,-2.062,558.65565,1813.97681,3393.113758,1191.305652,1654.209381
2021-05-20,28.3179,-0.6849,0.2349,0.000932,-1.3699,-2.0548,-1.3825,-2.076,554.82921,1789.127608,3323.391669,1174.835698,1619.867316
2021-05-21,28.7193,1.4176,0.2341,0.000929,2.8353,4.2529,2.8226,4.2317,562.69469,1839.854386,3464.732858,1207.997135,1688.415191
2021-05-24,28.6759,-0.1511,0.2316,0.000919,-0.3023,-0.4534,-0.3149,-0.4746,561.844287,1834.293225,3449.024058,1204.193316,1680.402059
2021-05-25,29.1641,1.7026,0.2308,0.000916,3.4052,5.1079,3.3926,5.0867,571.41035,1896.755243,3625.195186,1245.046946,1765.878355
2021-05-26,29.1859,0.0744,0.23,0.000913,0.1488,0.2232,0.1362,0.202,571.835552,1899.578095,3633.287996,1246.742778,1769.446267
2021-05-27,28.9797,-0.7063,0.2292,0.000909,-1.4126,-2.1189,-1.4252,-2.1401,567.796623,1872.744294,3556.301224,1228.973766,1731.578128
2021-05-28,29.4679,1.6847,0.2284,0.000906,3.3695,5.0542,3.3569,5.033,577.362499,1935.845901,3736.044118,1270.228696,1818.729001
2021-05-31,29.75,0.9573,0.2259,0.000896,1.9146,2.8719,1.902,2.8507,582.889596,1972.909643,3843.339675,1294.388435,1870.576326
2021-06-01,29.8802,0.4376,0.2251,0.000893,0.8753,1.3129,0.8627,1.2917,585.440506,1990.177803,3893.798705,1305.55466,1894.739385
2021-06-02,29.8802,0.0,0.2242,0.00089,0.0,0.0,-0.0126,-0.0211,585.440506,1990.177803,3893.798705,1305.390209,1894.338746
2021-06-03,29.8585,-0.0726,0.2234,0.000887,-0.1452,-0.2178,-0.1578,-0.239,585.015416,1987.287659,3885.316822,1303.33013,1889.811866
2021-06-04,29.7175,-0.4724,0.2226,0.000883,-0.9448,-1.4172,-0.9574,-1.4383,582.251868,1968.512204,3830.255397,1290.852469,1862.630727
2021-06-07,29.7934,0.2556,0.2201,0.000874,0.5111,0.7667,0.4985,0.7456,583.739887,1978.573769,3859.621507,1297.287955,1876.518052
2021-06-08,29.6198,-0.5827,0.2193,0.00087,-1.1653,-1.748,-1.1779,-1.7691,580.338648,1955.51692,3792.155704,1282.007156,1843.32065
2021-06-09,29.4028,-0.7326,0.2185,0.000867,-1.4652,-2.1978,-1.4778,-2.2189,576.087081,1926.864646,3708.811591,1263.06197,1802.419167
2021-06-10,29.8585,1.5498,0.2177,0.000864,3.0996,4.6495,3.0871,4.6284,585.015416,1986.590663,3881.251734,1302.053674,1885.841958
2021-06-11,29.967,0.3634,0.2168,0.000861,0.7268,1.0901,0.7142,1.069,587.141237,2001.028353,3923.562648,1311.352815,1906.002545
2021-06-15,30.1298,0.5431,0.2136,0.000847,1.0862,1.6293,1.0736,1.6082,590.32995,2022.763172,3987.488221,1325.431874,1936.655138
2021-06-16,30.0972,-0.1081,0.2127,0.000844,-0.2161,-0.3242,-0.2287,-0.3452,589.692073,2018.391806,3974.56226,1322.401152,1929.969486
2021-06-17,30.0104,-0.2884,0.2119,0.000841,-0.5768,-0.8652,-0.5893,-0.8862,587.991453,2006.750082,3940.175413,1314.607853,1912.865707
2021-06-18,29.9453,-0.2169,0.2111,0.000838,-0.4338,-0.6507,-0.4464,-0.6718,586.716036,1998.044362,3914.535399,1308.739892,1900.015587
2021-06-21,29.2292,-2.3913,0.2086,0.000828,-4.7826,-7.174,-4.7952,-7.195,572.685768,1902.485026,3633.708,1245.98349,1763.309734
2021-06-22,29.2618,0.1114,0.2078,0.000825,0.2228,0.3342,0.2102,0.3131,573.323645,1906.723132,3645.850045,1248.602994,1768.83129
2021-06-23,29.7392,1.6314,0.207,0.000821,3.2629,4.8943,3.2503,4.8733,582.677032,1968.936927,3824.288773,1289.186798,1855.031553
2021-06-24,29.6632,-0.2554,0.2062,0.000818,-0.5108,-0.7661,-0.5233,-0.7871,581.189014,1958.880534,3794.989802,1282.440782,1840.430045
2021-06-25,29.7175,0.1829,0.2053,0.000815,0.3658,0.5486,0.3532,0.5276,582.251868,1966.045173,3815.810162,1286.970754,1850.140757
2021-06-28,29.7717,0.1825,0.2029,0.000805,0.3651,0.5476,0.3525,0.5266,583.314648,1973.222386,3836.705063,1291.50793,1859.883827
2021-06-29,29.8585,0.2916,0.2021,0.000802,0.5831,0.8747,0.5706,0.8537,585.015416,1984.729023,3870.265071,1298.877678,1875.762406
2021-06-30,30.1515,0.9811,0.2012,0.000799,1.9622,2.9433,1.9497,2.9223,590.754964,2023.673116,3984.177823,1324.201662,1930.578152
2021-07-01,30.0104,-0.4678,0.2004,0.000795,-0.9356,-1.4034,-0.9481,-1.4243,587.991453,2004.739909,3928.264696,1311.647067,1903.080253
2021-07-02,30.0104,0.0,0.1996,0.000792,0.0,0.0,-0.0125,-0.0209,587.991453,2004.739909,3928.264696,1311.483133,1902.681574
2021-07-05,30.2925,0.94,0.1971,0.000782,1.88,2.82,1.8675,2.799,593.518475,2042.428353,4039.039801,1335.974794,1955.938023
2021-07-06,30.3251,0.1075,0.1963,0.000779,0.2149,0.3224,0.2024,0.3014,594.15624,2046.817733,4052.060245,1338.679135,1961.834038
2021-07-07,30.1623,-0.5367,0.1955,0.000776,-1.0734,-1.6101,-1.0859,-1.631,590.96749,2024.847789,3986.819796,1324.143049,1929.83706
2021-07-08,30.1298,-0.1079,0.1947,0.000772,-0.2158,-0.3236,-0.2282,-0.3446,590.32995,2020.478943,3973.916752,1321.120819,1923.187758
2021-07-09,29.8911,-0.7922,0.1938,0.000769,-1.5845,-2.3767,-1.597,-2.3976,585.653069,1988.464513,3879.466858,1300.022881,1877.076464
2021-07-12,30.1623,0.9074,0.1914,0.000759,1.8149,2.7223,1.8024,2.7014,590.96749,2024.552561,3985.077783,1323.454549,1927.784206
2021-07-13,30.4119,0.8274,0.1905,0.000756,1.6547,2.4821,1.6423,2.4612,595.856897,2058.053085,4083.990154,1345.188982,1975.230665
2021-07-14,30.4878,0.2497,0.1897,0.000753,0.4995,0.7492,0.487,0.7283,597.344915,2068.332134,4114.586693,1351.739995,1989.6165
2021-07-15,30.7699,0.9253,0.1889,0.00075,1.8506,2.7759,1.8381,2.755,602.872049,2106.608007,4228.80147,1376.586477,2044.43016
2021-07-16,30.3576,-1.3399,0.1881,0.000746,-2.6799,-4.0198,-2.6923,-4.0406,594.794005,2050.153995,4058.812936,1339.524553,1961.822134
2021-07-19,30.0104,-1.1437,0.1856,0.000737,-2.2874,-3.431,-2.2998,-3.4519,587.991453,2003.259512,3919.553201,1308.718075,1894.102307
2021-07-20,29.7717,-0.7954,0.1848,0.000733,-1.5908,-2.3862,-1.6032,-2.407,583.314648,1971.392194,3826.026388,1287.736536,1848.51142
2021-07-21,29.7391,-0.1096,0.184,0.00073,-0.2192,-0.3288,-0.2316,-0.3496,582.675388,1967.071261,3813.447459,1284.753904,1842.049064
2021-07-22,29.9458,0.6949,0.1832,0.000727,1.3899,2.0848,1.3775,2.064,586.724668,1994.411434,3892.951681,1302.450865,1880.069323
2021-07-23,29.9458,0.0,0.1823,0.000724,0.0,0.0,-0.0124,-0.0208,586.724668,1994.411434,3892.951681,1302.288972,1879.67804
2021-07-26,29.6847,-0.8718,0.1799,0.000714,-1.7436,-2.6153,-1.756,-2.6361,581.609731,1959.637748,3791.137974,1279.421085,1830.12734
2021-07-27,29.6738,-0.0366,0.179,0.00071,-0.0733,-0.1099,-0.0857,-0.1307,581.396644,1958.201828,3786.971053,1278.324729,1827.735396
2021-07-28,29.2061,-1.5762,0.1782,0.000707,-3.1525,-4.7287,-3.1649,-4.7495,572.232426,1896.469831,3607.895575,1237.867062,1740.927006
2021-07-29,29.6956,1.676,0.1774,0.000704,3.3519,5.0279,3.3395,5.0071,581.822855,1960.038259,3789.297024,1279.205933,1828.097465
2021-07-30,29.5977,-0.3296,0.1766,0.000701,-0.6593,-0.9889,-0.6717,-1.0097,579.904889,1947.115814,3751.823024,1270.613474,1809.638986
2021-08-02,30.0002,1.3598,0.1741,0.000691,2.7195,4.0793,2.7071,4.0586,587.790251,2000.068335,3904.871308,1305.010747,1883.084225
2021-08-03,30.1198,0.3988,0.1733,0.000688,0.7977,1.1965,0.7853,1.1758,590.134577,2016.022368,3951.593544,1315.258741,1905.224987
2021-08-04,30.2939,0.5779,0.1725,0.000684,1.1557,1.7336,1.1433,1.7128,593.544672,2039.321556,4020.096448,1330.296227,1937.858014
2021-08-05,30.2395,-0.1796,0.1716,0.000681,-0.3591,-0.5387,-0.3715,-0.5594,592.478903,2031.997942,3998.440983,1325.354076,1927.01749
2021-08-06,30.196,-0.1439,0.1708,0.000678,-0.2877,-0.4316,-0.3001,-0.4523,591.626556,2026.151435,3981.184387,1321.376605,1918.301514
2021-08-09,30.1089,-0.2882,0.1684,0.000668,-0.5764,-0.8646,-0.5888,-0.8853,589.92149,2014.472708,3946.763095,1313.596683,1901.318781
2021-08-10,29.9458,-0.5419,0.1675,0.000665,-1.0838,-1.6257,-1.0962,-1.6464,586.724668,1992.639597,3882.599818,1299.197249,1870.015208
2021-08-11,29.8479,-0.3269,0.1667,0.000662,-0.6539,-0.9808,-0.6662,-1.0015,584.806515,1979.610701,3844.520184,1290.54175,1851.287662
2021-08-12,29.7935,-0.1822,0.1659,0.000658,-0.3644,-0.5466,-0.3768,-0.5673,583.741008,1972.397066,3823.50623,1285.679488,1840.78574
2021-08-13,29.5107,-0.9493,0.1651,0.000655,-1.8985,-2.8478,-1.9109,-2.8684,578.199822,1934.950947,3714.621863,1261.11183,1787.983953
2021-08-16,29.4454,-0.2212,0.1626,0.000645,-0.4423,-0.6635,-0.4547,-0.6842,576.921004,1926.391792,3689.974708,1255.3776,1775.751054
2021-08-17,29.2279,-0.7388,0.1618,0.000642,-1.4776,-2.2164,-1.49,-2.2371,572.658637,1897.926929,3608.188678,1236.672798,1736.025943
2021-08-18,29.3475,0.4094,0.161,0.000639,0.8188,1.2282,0.8064,1.2075,575.003038,1913.466733,3652.503249,1246.645732,1756.988875
2021-08-19,28.6731,-2.298,0.1601,0.000635,-4.596,-6.894,-4.6083,-6.9146,561.789465,1825.523782,3400.699617,1189.196022,1635.499462
2021-08-20,28.4447,-0.7967,0.1593,0.000632,-1.5933,-2.39,-1.6057,-2.4106,557.313899,1796.437257,3319.423329,1170.101537,1596.073838
2021-08-23,29.2279,2.7533,0.1568,0.000622,5.5067,8.26,5.4943,8.2394,572.658637,1895.361251,3593.6082,1234.390987,1727.58083
2021-08-24,29.3149,0.2977,0.156,0.000619,0.5955,0.8932,0.5831,0.8726,574.363591,1906.647222,3625.705529,1241.589051,1742.655267
2021-08-25,29.5977,0.9648,0.1552,0.000616,1.9295,2.8943,1.9172,2.8737,579.904889,1943.436808,3730.644873,1265.393059,1792.73427
2021-08-26,29.8044,0.6983,0.1544,0.000613,1.3965,2.0948,1.3842,2.0742,583.954094,1970.577035,3808.792937,1282.908476,1829.918623
2021-08-27,30.0546,0.8394,0.1536,0.000609,1.6788,2.5183,1.6665,2.4977,588.855908,2003.659776,3904.707973,1304.288396,1875.623934
2021-08-30,30.3482,0.9772,0.1511,0.0006,1.9544,2.9316,1.9421,2.911,594.61018,2042.819112,4019.177835,1329.618779,1930.223749
2021-08-31,30.5332,0.6093,0.1503,0.000596,1.2186,1.828,1.2063,1.8074,598.233287,2067.713918,4092.647374,1345.658594,1965.110934
2021-09-01,30.6746,0.4631,0.1495,0.000593,0.9263,1.3894,0.914,1.3688,601.003861,2086.86616,4149.509718,1357.957276,1992.0099
2021-09-02,30.4353,-0.7801,0.1486,0.00059,-1.5603,-2.3404,-1.5726,-2.361,596.315171,2054.30508,4052.39339,1336.602282,1944.97907
2021-09-03,30.8704,1.4296,0.1478,0.000587,2.8592,4.2888,2.8469,4.2682,604.840017,2113.041249,4226.190892,1374.653768,2027.995129
2021-09-06,31.0118,0.4581,0.1453,0.000577,0.9161,1.3742,0.9039,1.3537,607.610629,2132.399809,4284.268064,1387.078765,2055.448132
2021-09-07,30.8704,-0.456,0.1445,0.000573,-0.912,-1.368,-0.9242,-1.3885,604.840017,2112.952977,4225.661246,1374.2587,2026.908932
2021-09-08,30.5984,-0.8809,0.1437,0.00057,-1.7618,-2.6427,-1.7741,-2.6632,599.51203,2075.727314,4113.990725,1349.878521,1972.928674
2021-09-09,30.5223,-0.2488,0.1429,0.000567,-0.4977,-0.7465,-0.51,-0.767,598.0202,2065.396803,4083.278868,1342.994751,1957.795891
2021-09-10,30.8812,1.176,0.1421,0.000564,2.3521,3.5281,2.3398,3.5076,605.053178,2113.976736,4227.342286,1374.418372,2026.468289
2021-09-13,30.7725,-0.3522,0.1396,0.000554,-0.7045,-1.0567,-0.7167,-1.0772,602.921939,2099.084192,4182.671111,1364.567361,2004.639314
2021-09-14,30.8051,0.106,0.1388,0.000551,0.2121,0.3181,0.1998,0.2977,603.561311,2103.536162,4195.97772,1367.294232,2010.606529
2021-09-15,30.6202,-0.6003,0.1379,0.000547,-1.2006,-1.8008,-1.2128,-1.8213,599.938278,2078.282125,4120.415405,1350.711614,1973.987608
2021-09-16,30.4788,-0.4618,0.1371,0.000544,-0.9236,-1.3854,-0.9359,-1.4059,597.167704,2059.086703,4063.329954,1338.070707,1946.235655
2021-09-17,30.5658,0.2855,0.1363,0.000541,0.571,0.8565,0.5588,0.8361,598.872659,2070.844367,4098.1332,1345.547396,1962.507615
2021-09-22,29.8479,-2.3488,0.1322,0.000525,-4.6975,-7.0463,-4.7098,-7.0667,584.806515,1973.56561,3809.365989,1282.175187,1823.822594
2021-09-23,30.0219,0.5831,0.1314,0.000521,1.1662,1.7493,1.154,1.7289,588.216611,1996.58193,3876.004958,1296.971522,1855.355351
2021-09-24,30.3809,1.1956,0.1305,0.000518,2.3913,3.5869,2.3791,3.5665,595.249551,2044.325712,4015.033915,1327.827142,1921.526833
2021-09-27,30.457,0.2506,0.1281,0.000508,0.5013,0.7519,0.4891,0.7315,596.741494,2054.573569,4045.223938,1334.321124,1935.583626
2021-09-28,30.2395,-0.7143,0.1273,0.000505,-1.4286,-2.1429,-1.4408,-2.1633,592.478903,2025.221472,3958.537479,1315.095776,1893.710979
2021-09-29,29.5868,-2.1583,0.1264,0.000502,-4.3165,-6.4748,-4.3287,-6.4951,579.69169,1937.802535,3702.231334,1258.168955,1770.711852
2021-09-30,29.8152,0.7721,0.1256,0.000498,1.5441,2.3162,1.5319,2.2958,584.167256,1967.724517,3787.981636,1277.443027,1811.364154
2021-10-01,29.1408,-2.262,0.1248,0.000495,-4.5239,-6.7859,-4.5361,-6.8062,570.953645,1878.706365,3530.934126,1219.496744,1688.078625
2021-10-04,28.9668,-0.5972,0.1223,0.000485,-1.1945,-1.7917,-1.2067,-1.812,567.543737,1856.265956,3467.670695,1204.781656,1657.490184
2021-10-05,28.9233,-0.1502,0.1215,0.000482,-0.3004,-0.4507,-0.3126,-0.471,566.691166,1850.688949,3452.043174,1201.015138,1649.683525
2021-10-06,28.9342,0.0376,0.1207,0.000479,0.0752,0.1129,0.0631,0.0925,566.904365,1852.08147,3455.939323,1201.772475,1651.210177
2021-10-07,29.4454,1.7669,0.1199,0.000476,3.5338,5.3007,3.5216,5.2804,576.921004,1917.530361,3639.128402,1244.094335,1738.400458
2021-10-08,29.1952,-0.8496,0.119,0.000472,-1.6993,-2.5489,-1.7115,-2.5692,572.019265,1884.946237,3546.370173,1222.802229,1693.737071
2021-10-12,28.9015,-1.0059,0.1158,0.000459,-2.0119,-3.0178,-2.0241,-3.0381,566.265068,1847.023205,3439.34661,1198.05204,1642.279345
2021-10-13,28.8036,-0.3387,0.1149,0.000456,-0.6775,-1.0162,-0.6897,-1.0365,564.346878,1834.509836,3404.394845,1189.789663,1625.256956
2021-10-14,28.8798,0.2644,0.1141,0.000453,0.5287,0.7931,0.5165,0.7728,565.838745,1844.208998,3431.3937,1195.935483,1637.81675
2021-10-15,29.6412,2.6365,0.1133,0.00045,5.2731,7.9096,5.2609,7.8893,580.757272,1941.455367,3702.803215,1258.852581,1767.029612
2021-10-18,29.5542,-0.2936,0.1108,0.00044,-0.5871,-0.8807,-0.5993,-0.901,579.052318,1930.056138,3670.191777,1251.308343,1751.109248
2021-10-19,29.7935,0.8097,0.11,0.000437,1.6194,2.4292,1.6073,2.4089,583.741008,1961.312153,3759.346362,1271.420531,1793.291986
2021-10-20,29.7174,-0.2556,0.1092,0.000433,-0.5111,-0.7667,-0.5233,-0.7869,582.249177,1951.287349,3730.523785,1264.767606,1779.180163
2021-10-21,29.6086,-0.366,0.1084,0.00043,-0.7321,-1.0981,-0.7442,-1.1183,580.117975,1937.002785,3689.559363,1255.355272,1759.283365
2021-10-22,29.6956,0.2939,0.1075,0.000427,0.5878,0.8817,0.5756,0.8614,581.822855,1948.387905,3722.088544,1262.581559,1774.438472
2021-10-25,29.6738,-0.0733,0.1051,0.000417,-0.1465,-0.2198,-0.1586,-0.24,581.396644,1945.533347,3713.908769,1260.578701,1770.180494
2021-10-26,29.924,0.8431,0.1042,0.000414,1.6862,2.5293,1.6741,2.5091,586.29842,1978.339071,3807.845066,1281.681888,1814.596418
2021-10-27,29.924,0.0,0.1034,0.00041,0.0,0.0,-0.0121,-0.0202,586.29842,1978.339071,3807.845066,1281.526589,1814.230125
2021-10-28,29.837,-0.2908,0.1026,0.000407,-0.5816,-0.8724,-0.5937,-0.8926,584.593429,1966.832809,3774.624728,1273.917836,1798.036349
2021-10-29,29.5433,-0.9843,0.1018,0.000404,-1.9687,-2.953,-1.9808,-2.9732,578.839119,1928.112688,3663.160809,1248.684535,1744.577977
2021-11-01,29.6956,0.5155,0.0993,0.000394,1.0309,1.5464,1.0188,1.5263,581.822855,1947.990328,3719.808167,1261.406598,1771.204655
2021-11-02,29.6412,-0.1831,0.0985,0.000391,-0.3663,-0.5494,-0.3784,-0.5696,580.757272,1940.855015,3699.370183,1256.633584,1761.116169
2021-11-03,29.7174,0.2569,0.0977,0.000388,0.5138,0.7707,0.5017,0.7505,582.249177,1950.826724,3727.880075,1262.937929,1774.333849
2021-11-04,29.6194,-0.3294,0.0968,0.000384,-0.6589,-0.9883,-0.671,-1.0084,580.331024,1937.973176,3691.036859,1254.464024,1756.440593
2021-11-05,30.0437,1.4323,0.096,0.000381,2.8645,4.2968,2.8524,4.2766,588.642858,1993.486704,3849.632305,1290.2467,1831.557323
2021-11-08,30.283,0.7965,0.0936,0.000371,1.593,2.3895,1.5809,2.3694,593.331473,2025.243452,3941.62073,1310.644825,1874.954797
2021-11-09,30.6093,1.0776,0.0927,0.000368,2.1552,3.2328,2.1431,3.2127,599.725229,2068.891607,4069.045762,1338.733661,1935.1916
2021-11-10,30.5658,-0.1422,0.0919,0.000365,-0.2843,-0.4265,-0.2964,-0.4466,598.872659,2063.009327,4051.692072,1334.765768,1926.549515
2021-11-11,30.2939,-0.8897,0.0911,0.000361,-1.7793,-2.669,-1.7914,-2.6891,593.544672,2026.301402,3943.552081,1310.854686,1874.742745
2021-11-12,30.3918,0.3231,0.0903,0.000358,0.6463,0.9694,0.6342,0.9493,595.462638,2039.396886,3981.781381,1319.168266,1892.540265
2021-11-15,30.6637,0.8948,0.0878,0.000348,1.7896,2.6843,1.7775,2.6643,600.790737,2075.893241,4088.666296,1342.616631,1942.962972
2021-11-16,30.7181,0.1774,0.087,0.000345,0.3547,0.5321,0.3427,0.5121,601.856357,2083.257246,4110.422442,1347.217611,1952.911976
2021-11-17,30.816,0.3187,0.0862,0.000342,0.6374,0.9561,0.6254,0.9361,603.774472,2096.535923,4149.722177,1355.642457,1971.192223
2021-11-18,30.99,0.5648,0.0853,0.000339,1.1295,1.6943,1.1175,1.6743,607.184418,2120.217196,4220.031516,1370.791733,2004.195341
2021-11-19,31.0662,0.2457,0.0845,0.000335,0.4914,0.7371,0.4793,0.717,608.676211,2130.63553,4251.136134,1377.362469,2018.566121
2021-11-22,30.99,-0.2451,0.0821,0.000326,-0.4902,-0.7353,-0.5022,-0.7553,607.184418,2120.191662,4219.879048,1370.445242,2003.320283
2021-11-23,30.6963,-0.9477,0.0812,0.000322,-1.8954,-2.8431,-1.9075,-2.8632,601.430034,2080.004869,4099.901638,1344.304537,1945.962061
2021-11-24,30.5658,-0.4252,0.0804,0.000319,-0.8504,-1.2756,-0.8625,-1.2957,598.872659,2062.315852,4047.601354,1332.710489,1920.749193
2021-11-25,30.5549,-0.0356,0.0796,0.000316,-0.0712,-0.1068,-0.0832,-0.1268,598.65946,2060.847483,4043.278515,1331.601378,1918.313745
2021-11-26,30.0546,-1.6376,0.0788,0.000313,-3.2752,-4.9128,-3.2872,-4.9327,588.855908,1993.351261,3844.642255,1287.829148,1823.688266
2021-11-29,30.0546,0.0,0.0763,0.000303,0.0,0.0,-0.012,-0.02,588.855908,1993.351261,3844.642255,1287.674491,1823.324064
2021-11-30,30.0219,-0.1086,0.0755,0.0003,-0.2171,-0.3257,-0.2291,-0.3457,588.216611,1989.023059,3832.120336,1284.723942,1817.021525
2021-12-01,30.5223,1.6667,0.0747,0.000296,3.3333,5.0,3.3213,4.98,598.0202,2055.323688,4023.725951,1327.393784,1907.509777
2021-12-02,30.8486,1.0691,0.0738,0.000293,2.1383,3.2074,2.1263,3.1875,604.413919,2099.272576,4152.784657,1355.618102,1968.311492
2021-12-03,30.8377,-0.0353,0.073,0.00029,-0.0705,-0.1058,-0.0825,-0.1258,604.20072,2097.791597,4148.390144,1354.49913,1965.836037
2021-12-06,30.7507,-0.2822,0.0705,0.00028,-0.5644,-0.8466,-0.5764,-0.8665,602.495766,2085.952356,4113.271937,1346.692432,1948.802555
2021-12-07,30.8486,0.3184,0.0697,0.000277,0.6367,0.9551,0.6248,0.9352,604.413919,2099.234361,4152.557945,1355.105929,1967.027467
2021-12-08,30.9683,0.3879,0.0689,0.000273,0.7757,1.1636,0.7637,1.1437,606.75817,2115.518344,4200.875692,1365.45529,1989.523453
2021-12-09,30.8921,-0.2459,0.0681,0.00027,-0.4918,-0.7376,-0.5037,-0.7575,605.266302,2105.115275,4169.888962,1358.577125,1974.452198
2021-12-10,30.8812,-0.0352,0.0673,0.000267,-0.0704,-0.1056,-0.0824,-0.1255,605.053178,2103.632786,4165.484108,1357.457706,1971.973596
2021-12-13,30.7833,-0.317,0.0648,0.000257,-0.6341,-0.9511,-0.646,-0.971,603.134988,2090.29456,4125.866808,1348.688254,1952.826433
2021-12-14,30.4788,-0.9894,0.064,0.000254,-1.9788,-2.9681,-1.9907,-2.988,597.167704,2048.932738,4003.405575,1321.839704,1894.475857
2021-12-15,30.5223,0.1428,0.0632,0.000251,0.2855,0.4283,0.2736,0.4084,598.0202,2054.782708,4020.550942,1325.455677,1902.212958
2021-12-16,30.903,1.2473,0.0623,0.000247,2.4947,3.742,2.4827,3.7221,605.479464,2106.042401,4170.999116,1358.362752,1973.015594
2021-12-17,30.8704,-0.1056,0.0615,0.000244,-0.2112,-0.3168,-0.2232,-0.3367,604.840017,2101.59402,4157.784145,1355.331289,1966.372784
2021-12-20,30.5984,-0.8809,0.059,0.000234,-1.7618,-2.6427,-1.7737,-2.6625,599.51203,2064.568477,4047.907395,1331.291447,1914.017925
2021-12-21,30.8595,0.8532,0.0582,0.000231,1.7064,2.5596,1.6944,2.5397,604.627005,2099.797848,4151.51638,1353.849408,1962.629041
2021-12-22,30.8595,0.0,0.0574,0.000228,0.0,0.0,-0.0119,-0.0198,604.627005,2099.797848,4151.51638,1353.687838,1962.240036
2021-12-23,31.0335,0.564,0.0566,0.000225,1.1279,1.6919,1.116,1.6721,608.036839,2123.481744,4221.754628,1368.794755,1995.049781
2021-12-24,31.1206,0.2804,0.0558,0.000221,0.5609,0.8413,0.5489,0.8215,609.741943,2135.391406,4257.271537,1376.30845,2011.438626
2021-12-27,31.3599,0.769,0.0533,0.000211,1.5379,2.3069,1.526,2.2871,614.430558,2168.231619,4355.480492,1397.31069,2057.441516
2021-12-28,31.61,0.7978,0.0525,0.000208,1.5955,2.3933,1.5836,2.3735,619.332296,2202.826594,4459.720559,1419.43884,2106.275438
2021-12-29,31.7514,0.4474,0.0516,0.000205,0.8947,1.3421,0.8828,1.3223,622.102908,2222.535485,4519.572851,1431.969616,2134.126482
2021-12-30,31.6535,-0.3083,0.0508,0.000202,-0.6167,-0.925,-0.6286,-0.9448,620.184792,2208.830101,4477.767566,1422.968779,2113.964289
2022-01-03,31.8493,0.6186,0.0662,0.000263,1.2371,1.8557,1.2252,1.8358,624.021061,2236.15636,4560.861761,1440.40254,2152.772772
2022-01-04,32.5455,2.1858,0.0716,0.000284,4.3716,6.5574,4.3596,6.5375,637.660956,2333.912481,4859.936656,1503.198666,2293.510023
2022-01-05,32.4802,-0.2005,0.077,0.000306,-0.4011,-0.6016,-0.4131,-0.6216,636.382138,2324.551235,4830.697089,1496.988824,2279.253081
2022-01-06,32.1757,-0.9377,0.0824,0.000327,-1.8754,-2.8132,-1.8875,-2.8332,630.414667,2280.955759,4694.802123,1468.733617,2214.677891
2022-01-07,31.8929,-0.879,0.0878,0.000348,-1.7579,-2.6369,-1.77,-2.657,624.873556,2240.858252,4571.005426,1442.73732,2155.835002
2022-01-10,32.0995,0.648,0.104,0.000413,1.2961,1.9441,1.2839,1.9239,628.922911,2269.901026,4659.869599,1461.261157,2197.310971
2022-01-11,32.2627,0.5083,0.1094,0.000434,1.0166,1.5249,1.0044,1.5046,632.119659,2292.976349,4730.926439,1475.93862,2230.372469
2022-01-12,32.5346,0.8429,0.1148,0.000455,1.6858,2.5287,1.6736,2.5084,637.44772,2331.630799,4850.555688,1500.640141,2286.318873
2022-01-13,32.6978,0.5015,0.1202,0.000477,1.003,1.5045,0.9908,1.4842,640.644542,2355.017214,4923.53279,1515.508838,2320.25222
2022-01-14,32.6978,0.0,0.1256,0.000498,0.0,0.0,-0.0122,-0.0204,640.644542,2355.017214,4923.53279,1515.323876,2319.77978
2022-01-17,33.0676,1.1311,0.1418,0.000563,2.2621,3.3932,2.2499,3.3727,647.890681,2408.29101,5090.598629,1549.416717,2398.019469
2022-01-18,32.6978,-1.1184,0.1472,0.000584,-2.2368,-3.3553,-2.2491,-3.3758,640.644542,2354.421389,4919.795795,1514.568313,2317.06729
2022-01-19,32.3062,-1.1976,0.1525,0.000605,-2.3952,-3.5928,-2.4075,-3.6134,632.972154,2298.028079,4743.036716,1478.104769,2233.342633
2022-01-20,32.4367,0.404,0.1579,0.000627,0.8081,1.2121,0.7957,1.1915,635.529567,2316.597635,4800.526933,1489.866518,2259.952433
2022-01-21,31.7142,-2.2276,0.1633,0.000648,-4.4551,-6.6827,-4.4675,-6.7033,621.3728,2213.39069,4479.723886,1423.307277,2108.460485
2022-01-24,32.0143,0.9464,0.1795,0.000712,1.8927,2.8391,1.8803,2.8183,627.253272,2255.284324,4606.907879,1450.069963,2167.88351
2022-01-25,31.4919,-1.6319,0.1849,0.000734,-3.2639,-4.8958,-3.2763,-4.9166,617.016932,2181.67496,4381.363219,1402.561292,2061.296797
2022-01-26,31.4696,-0.0706,0.1903,0.000755,-0.1412,-0.2118,-0.1537,-0.2327,616.581304,2178.594336,4372.083195,1400.40603,2056.500522
2022-02-07,31.6364,0.5299,0.2551,0.001012,1.0597,1.5896,1.047,1.5682,619.848346,2201.681501,4441.581452,1415.068407,2088.750598
2022-02-08,31.7698,0.4216,0.2605,0.001034,0.8432,1.2648,0.8305,1.2434,622.461702,2220.246617,4497.760201,1426.820328,2114.72221
2022-02-09,31.8809,0.3499,0.2659,0.001055,0.6998,1.0497,0.687,1.0282,624.639692,2235.783878,4544.973114,1436.623118,2136.46627
2022-02-10,32.2478,1.1507,0.2713,0.001077,2.3013,3.452,2.2885,3.4304,631.827122,2287.236072,4701.863617,1469.500548,2209.756432
2022-02-11,32.2255,-0.0689,0.2767,0.001098,-0.1379,-0.2068,-0.1507,-0.2284,631.391532,2284.082367,4692.139024,1467.2862,2204.709675
2022-02-14,31.7253,-1.5523,0.2929,0.001162,-3.1046,-4.6568,-3.1174,-4.6785,621.590558,2213.171592,4473.633412,1421.544558,2101.561586
2022-02-15,31.5808,-0.4555,0.2983,0.001184,-0.911,-1.3664,-0.9239,-1.3882,618.759332,2193.010444,4412.503774,1408.411593,2072.388232
2022-02-16,32.1032,1.6544,0.3037,0.001205,3.3087,4.9631,3.2958,4.9413,628.995784,2265.570631,4631.498694,1454.829894,2174.790701
2022-02-17,32.1255,0.0693,0.3091,0.001226,0.1385,0.2078,0.1256,0.186,629.431449,2268.709064,4641.122525,1456.657079,2178.835222
2022-02-18,32.0365,-0.2768,0.3145,0.001248,-0.5537,-0.8305,-0.5666,-0.8523,627.689012,2256.148261,4602.57887,1448.403538,2160.264091
2022-02-21,31.9698,-0.2082,0.3307,0.001312,-0.4164,-0.6246,-0.4294,-0.6466,626.382091,2246.753138,4573.829567,1442.18349,2146.295305
2022-02-22,31.5363,-1.356,0.3361,0.001334,-2.7121,-4.0681,-2.7251,-4.0901,617.888188,2185.820031,4387.762632,1402.882669,2058.509471
2022-02-23,31.6252,0.282,0.3415,0.001355,0.5639,0.8459,0.5509,0.8238,619.630476,2198.146943,4424.879752,1410.610978,2075.468472
2022-02-24,30.8582,-2.4253,0.3468,0.001376,-4.8506,-7.2759,-4.8637,-7.298,604.602565,2091.523538,4102.929656,1342.003278,1924.000286
2022-02-25,30.7915,-0.2161,0.3522,0.001398,-0.4323,-0.6484,-0.4454,-0.6706,603.295719,2082.481896,4076.324252,1336.025949,1911.097755
2022-03-01,31.2251,1.4079,0.3738,0.001483,2.8159,4.2238,2.8027,4.2015,611.789771,2141.122162,4248.501072,1373.470665,1991.392401
2022-03-02,31.0472,-0.5696,0.3792,0.001505,-1.1392,-1.7088,-1.1524,-1.7311,608.305084,2116.730973,4175.904096,1357.642939,1956.918577
2022-03-03,31.1139,0.2148,0.3846,0.001526,0.4297,0.6445,0.4164,0.6221,609.611893,2125.825629,4202.817115,1363.296478,1969.091901
2022-03-04,30.7804,-1.0718,0.39,0.001548,-2.1437,-3.2155,-2.1569,-3.238,603.077849,2080.254866,4067.675091,1333.891158,1905.333276
2022-03-07,29.7911,-3.2141,0.4062,0.001612,-6.4283,-9.6424,-6.4416,-9.665,583.69407,1946.530175,3675.452531,1247.967194,1721.182529
2022-03-08,29.1575,-2.1269,0.4116,0.001633,-4.2537,-6.3806,-4.2671,-6.4033,571.279628,1863.729655,3440.93571,1194.715319,1610.9708
2022-03-09,29.4576,1.0294,0.417,0.001655,2.0587,3.0881,2.0454,3.0654,577.160212,1902.099024,3547.195645,1219.151786,1660.354094
2022-03-10,30.3136,2.9057,0.4224,0.001676,5.8113,8.717,5.7979,8.6943,593.93056,2012.636308,3856.404606,1289.837587,1804.70993
2022-03-11,29.88,-1.4301,0.4278,0.001698,-2.8603,-4.2904,-2.8737,-4.3132,585.43647,1955.068926,3690.947649,1252.771507,1726.869066
2022-03-14,29.88,0.0,0.444,0.001762,0.0,0.0,-0.0135,-0.0229,585.43647,1955.068926,3690.947649,1252.602781,1726.473804
2022-03-15,29.2686,-2.0461,0.4494,0.001783,-4.0923,-6.1384,-4.1058,-6.1614,573.457618,1875.062019,3464.381746,1201.173788,1620.099665
2022-03-16,29.3909,0.4178,0.4548,0.001805,0.8356,1.2533,0.822,1.2304,575.853403,1890.729248,3507.80212,1211.047999,1640.032761
2022-03-17,30.3247,3.177,0.4602,0.001826,6.354,9.531,6.3405,9.508,594.148318,2010.866523,3842.131683,1287.834321,1795.967231
2022-03-18,30.258,-0.2199,0.4656,0.001848,-0.4399,-0.6598,-0.4534,-0.6829,592.841583,2002.021365,3816.78122,1281.994997,1783.703249
2022-03-21,30.4581,0.6613,0.4818,0.001912,1.3225,1.9838,1.3089,1.9606,596.761861,2028.498856,3892.498788,1298.775283,1818.674858
2022-03-22,30.4136,-0.146,0.4872,0.001933,-0.292,-0.4379,-0.3056,-0.4612,595.890717,2022.576514,3875.452161,1294.806271,1810.287732
2022-03-23,30.7026,0.9503,0.4926,0.001955,1.9006,2.8509,1.8869,2.8276,601.553469,2061.017617,3985.937467,1319.238485,1861.47591
2022-03-24,30.6804,-0.0724,0.498,0.001976,-0.1448,-0.2173,-0.1585,-0.2406,601.117841,2058.032557,3977.27796,1317.147271,1856.997781
2022-03-25,30.7249,0.1449,0.5034,0.001997,0.2899,0.4348,0.2762,0.4114,601.989059,2063.998096,3994.571131,1320.784734,1864.638196
2022-03-28,30.3914,-1.0854,0.5196,0.002062,-2.1708,-3.2562,-2.1845,-3.2797,595.455127,2019.193213,3864.501033,1291.931541,1803.484396
2022-03-29,30.4247,0.1097,0.525,0.002083,0.2194,0.3292,0.2057,0.3056,596.108475,2023.624233,3877.221717,1294.58847,1808.996497
2022-03-30,30.8027,1.2422,0.5304,0.002105,2.4845,3.7267,2.4707,3.7032,603.513589,2073.900879,4021.715222,1326.573535,1875.986417
2022-03-31,30.7026,-0.3248,0.5358,0.002126,-0.6496,-0.9744,-0.6634,-0.998,601.553469,2060.429452,3982.529471,1317.773022,1857.264611
2022-04-01,30.4469,-0.8327,0.5412,0.002147,-1.6655,-2.4982,-1.6793,-2.5219,596.544066,2026.113228,3883.036591,1295.643097,1810.426379
2022-04-06,30.2913,-0.5111,0.5681,0.002255,-1.0223,-1.5334,-1.0362,-1.5573,593.494894,2005.400707,3823.493415,1282.217132,1782.232755
2022-04-07,29.7466,-1.7982,0.5735,0.002276,-3.5963,-5.3945,-3.6103,-5.4184,582.822927,1933.280215,3617.236212,1235.925304,1685.664489
2022-04-08,29.9134,0.5605,0.5789,0.002297,1.1211,1.6816,1.1071,1.6577,586.089893,1954.953904,3678.064578,1249.607986,1713.607172
2022-04-11,29.4465,-1.5608,0.5951,0.002362,-3.1215,-4.6823,-3.1356,-4.7064,576.942417,1893.929499,3505.846935,1210.425346,1632.958339
2022-04-12,29.4687,0.0755,0.6005,0.002383,0.151,0.2265,0.1369,0.2023,577.377933,1896.788835,3513.786298,1212.08223,1636.262296
2022-04-13,30.0245,1.8861,0.6059,0.002404,3.7722,5.6583,3.7581,5.6341,588.267846,1968.339421,3712.606639,1257.633308,1728.451269
2022-04-14,29.9134,-0.3702,0.6113,0.002426,-0.7405,-1.1107,-0.7546,-1.1349,586.089893,1953.764597,3671.370925,1248.143269,1708.834883
2022-04-15,29.402,-1.7094,0.6167,0.002447,-3.4188,-5.1282,-3.433,-5.1525,576.071199,1886.968803,3483.094299,1205.294776,1620.787212
2022-04-18,29.2464,-0.5293,0.6329,0.002512,-1.0586,-1.5879,-1.0728,-1.6123,573.022065,1866.993424,3427.786447,1192.364205,1594.655546
2022-04-19,29.3465,0.3421,0.6383,0.002533,0.6842,1.0262,0.6699,1.0018,574.98226,1879.766652,3462.963778,1200.352103,1610.630957
2022-04-20,29.491,0.4924,0.6437,0.002554,0.9848,1.4772,0.9706,1.4528,577.813523,1898.278928,3514.119601,1212.002205,1634.029444
2022-04-21,29.5132,0.0754,0.6491,0.002576,0.1508,0.2262,0.1365,0.2017,578.249189,1901.141492,3522.068428,1213.656779,1637.324957
2022-04-22,29.2575,-0.8663,0.6545,0.002597,-1.7326,-2.5989,-1.7469,-2.6235,573.239823,1868.20236,3430.533518,1192.455395,1594.370459
2022-04-25,28.7351,-1.7857,0.6707,0.002661,-3.5714,-5.3571,-3.5858,-5.3818,563.003446,1801.48116,3246.755799,1149.696572,1508.564539
2022-04-26,28.7351,0.0,0.6761,0.002683,0.0,0.0,-0.0144,-0.0247,563.003446,1801.48116,3246.755799,1149.53114,1508.191459
2022-04-27,28.1348,-2.089,0.6815,0.002704,-4.1779,-6.2669,-4.1924,-6.2917,551.242464,1726.216304,3043.284389,1101.338729,1413.300755
2022-04-28,28.2571,0.4346,0.6869,0.002726,0.8692,1.3038,0.8548,1.279,553.638174,1741.220644,3082.962909,1110.752663,1431.376722
2022-04-29,28.6239,1.2982,0.6923,0.002747,2.5964,3.8946,2.5819,3.8697,560.825493,1786.429619,3203.031776,1139.431653,1486.767194
2022-05-03,28.4127,-0.7379,0.7139,0.002833,-1.4757,-2.2136,-1.4903,-2.2386,556.687383,1760.0669,3132.130053,1122.451157,1453.484241
2022-05-04,28.4127,0.0,0.7193,0.002854,0.0,0.0,-0.0146,-0.0251,556.687383,1760.0669,3132.130053,1122.287721,1453.119801
2022-05-05,28.7351,1.1346,0.7247,0.002876,2.2692,3.4037,2.2546,3.3786,563.003446,1800.005627,3238.739599,1147.590569,1502.215242
2022-05-06,28.157,-2.0116,0.7301,0.002897,-4.0232,-6.0348,-4.0378,-6.0599,551.678092,1727.587952,3043.288549,1101.253215,1411.181801
2022-05-09,27.6902,-1.6581,0.7462,0.002961,-3.3162,-4.9744,-3.3309,-4.9996,542.530616,1670.297046,2891.90457,1064.571523,1340.627752
2022-05-10,27.5679,-0.4416,0.7516,0.002983,-0.8832,-1.3248,-0.8979,-1.3501,540.134831,1655.545167,2853.593097,1055.012969,1322.52775
2022-05-11,27.6123,0.1613,0.757,0.003004,0.3226,0.4839,0.3079,0.4585,541.006012,1660.885609,2867.400739,1058.261023,1328.591478
2022-05-12,26.9565,-2.3752,0.7624,0.003026,-4.7504,-7.1256,-4.7651,-7.151,528.156017,1581.986774,2663.080907,1007.83341,1233.583535
2022-05-13,27.2011,0.9072,0.7678,0.003047,1.8145,2.7217,1.7997,2.6962,532.947587,1610.691175,2735.561422,1025.971381,1266.843662
2022-05-16,27.3456,0.5313,0.784,0.003111,1.0625,1.5938,1.0477,1.5682,535.778888,1627.804872,2779.159693,1036.720369,1286.70995
2022-05-17,27.6457,1.0975,0.7894,0.003133,2.1951,3.2926,2.1803,3.267,541.659323,1663.536777,2870.667595,1059.323554,1328.74697
2022-05-18,27.9458,1.0857,0.7948,0.003154,2.1713,3.257,2.1565,3.2313,547.539907,1699.657518,2964.164753,1082.16746,1371.682903
2022-05-19,27.4123,-1.9093,0.8002,0.003175,-3.8186,-5.7279,-3.8335,-5.7536,537.085697,1634.754207,2794.379864,1040.682646,1292.761306
2022-05-20,27.7124,1.0949,0.8056,0.003197,2.1898,3.2847,2.1749,3.2589,542.966207,1670.5518,2886.166207,1063.316257,1334.891334
2022-05-23,27.768,0.2006,0.8218,0.003261,0.4011,0.6017,0.3861,0.5758,544.055146,1677.252507,2903.531148,1067.422146,1342.577289
2022-05-24,27.4567,-1.1209,0.8272,0.003283,-2.2418,-3.3627,-2.2568,-3.3886,537.956841,1639.651919,2805.894256,1043.332719,1297.082379
2022-05-25,27.6679,0.7692,0.8326,0.003304,1.5385,2.3077,1.5234,2.2817,542.094951,1664.877214,2870.645356,1059.227308,1326.678016
2022-05-26,27.3233,-1.2455,0.838,0.003325,-2.491,-3.7364,-2.506,-3.7625,535.34326,1623.405749,2763.385315,1032.683134,1276.762294
2022-05-27,27.9014,2.1156,0.8434,0.003347,4.2311,6.3467,4.2161,6.3206,546.668763,1692.093966,2938.768465,1076.221727,1357.46157
2022-05-30,28.5794,2.4303,0.8596,0.003411,4.8605,7.2908,4.8454,7.2646,559.954312,1774.339003,3153.028836,1128.369302,1456.076192
2022-05-31,28.8573,0.9724,0.865,0.003432,1.9448,2.9172,1.9296,2.8909,565.399231,1808.845861,3245.007696,1150.142697,1498.170319
2022-06-01,28.7128,-0.5008,0.8704,0.003454,-1.0016,-1.5023,-1.0167,-1.5286,562.567818,1790.729141,3196.256529,1138.448935,1475.269039
2022-06-02,28.4127,-1.0453,0.8758,0.003475,-2.0906,-3.1359,-2.1058,-3.1622,556.687383,1753.292709,3096.026597,1114.476037,1428.618532
2022-06-06,28.6128,0.7042,0.8974,0.003561,1.4084,2.1126,1.3932,2.0862,560.60766,1777.986618,3161.43467,1130.002506,1458.421781
2022-06-07,28.3238,-1.0101,0.9028,0.003582,-2.0202,-3.0303,-2.0355,-3.0568,554.944946,1742.067629,3065.633441,1107.001367,1413.840181
2022-06-08,28.635,1.0989,0.9082,0.003604,2.1978,3.2967,2.1825,3.2702,561.043288,1780.355118,3166.699042,1131.161767,1460.074952
2022-06-09,28.5461,-0.3106,0.9136,0.003625,-0.6211,-0.9317,-0.6365,-0.9583,559.300851,1769.296591,3137.19451,1123.962224,1446.082644
2022-06-10,28.2571,-1.0125,0.919,0.003647,-2.0249,-3.0374,-2.0403,-3.064,553.638174,1733.46988,3041.906338,1101.030409,1401.774276
2022-06-13,27.4678,-2.7931,0.9352,0.003711,-5.5862,-8.3792,-5.6016,-8.406,538.174636,1636.635596,2787.018014,1039.355414,1283.940895
2022-06-14,27.4234,-0.1619,0.9405,0.003732,-0.3238,-0.4856,-0.3392,-0.5125,537.303455,1631.336923,2773.483389,1035.829997,1277.361201
2022-06-15,27.29,-0.4864,0.9459,0.003754,-0.9729,-1.4593,-0.9883,-1.4861,534.689875,1615.466448,2733.010605,1025.592776,1258.377713
2022-06-16,27.2344,-0.2036,0.9513,0.003775,-0.4073,-0.6109,-0.4228,-0.6378,533.60101,1608.886845,2716.313763,1021.256881,1250.351181
2022-06-17,26.8676,-1.347,0.9567,0.003797,-2.6939,-4.0409,-2.7094,-4.0678,526.413617,1565.544714,2606.550768,993.586709,1199.48891
2022-06-20,26.623,-0.9102,0.9729,0.003861,-1.8204,-2.7306,-1.836,-2.7577,521.622121,1537.045068,2535.375119,975.344484,1166.410223
2022-06-21,27.1677,2.0459,0.9783,0.003882,4.0919,6.1378,4.0763,6.1106,532.294127,1599.938693,2690.990854,1015.102104,1237.685469
2022-06-22,26.5674,-2.2095,0.9837,0.003904,-4.419,-6.6284,-4.4346,-6.6556,520.533182,1529.237971,2512.619959,970.086645,1155.309838
2022-06-23,26.2117,-1.3389,0.9891,0.003925,-2.6778,-4.0167,-2.6935,-4.044,513.563697,1488.287643,2411.694583,943.957777,1108.589641
2022-06-24,26.2673,0.212,0.9945,0.003947,0.4241,0.6361,0.4084,0.6088,514.652636,1494.599048,2427.035551,947.813077,1115.339281
2022-06-27,26.8898,2.3699,1.0107,0.004011,4.7397,7.1096,4.724,7.0822,526.849208,1565.439004,2599.587941,992.587887,1194.32993
2022-06-28,26.6341,-0.9508,1.0161,0.004032,-1.9016,-2.8524,-1.9173,-2.8798,521.839991,1535.671008,2525.438271,973.556866,1159.935713
2022-06-29,26.4118,-0.8347,1.0215,0.004054,-1.6695,-2.5042,-1.6852,-2.5317,517.484049,1510.033667,2462.196677,957.150337,1130.57014
2022-06-30,25.7448,-2.5253,1.0269,0.004075,-5.0505,-7.5758,-5.0663,-7.6033,504.416258,1433.769274,2275.666462,908.658317,1044.609734
2022-07-01,24.8,-3.6701,1.0323,0.004096,-7.3403,-11.0104,-7.3561,-11.038,485.903511,1328.526799,2025.106514,841.816789,929.306166
2022-07-04,24.5554,-0.9861,1.0485,0.004161,-1.9722,-2.9583,-1.9881,-2.986,481.112016,1302.325587,1965.197772,825.080902,901.557203
2022-07-05,24.6777,0.498,1.0539,0.004182,0.9959,1.4939,0.98,1.4662,483.507801,1315.295924,1994.555957,833.167092,914.775614
2022-07-06,24.1997,-1.9369,1.0593,0.004204,-3.8739,-5.8108,-3.8898,-5.8386,474.14253,1264.342856,1878.655714,800.758591,861.365512
2022-07-07,24.9223,2.9858,1.0647,0.004225,5.9715,8.9573,5.9556,8.9295,488.299297,1339.84339,2046.932272,848.448509,938.280892
2022-07-08,25.1779,1.0259,1.0701,0.004246,2.0518,3.0776,2.0358,3.0498,493.308662,1367.333766,2109.929491,865.721289,966.896421
2022-07-11,24.9556,-0.883,1.0863,0.004311,-1.766,-2.649,-1.782,-2.677,488.952757,1343.186708,2054.03759,850.294025,941.012797
2022-07-12,24.3553,-2.4054,1.0917,0.004332,-4.8107,-7.2161,-4.8268,-7.2441,477.191701,1278.569854,1905.816817,809.252449,872.844905
2022-07-13,25.2224,3.56,1.0971,0.004353,7.12,10.68,7.104,10.652,494.179769,1369.60426,2109.358573,866.741406,965.819954
2022-07-14,25.3447,0.4848,1.1025,0.004375,0.9696,1.4544,0.9535,1.4263,496.575554,1382.883952,2140.037106,875.005954,979.595311
2022-07-15,25.6781,1.3158,1.1079,0.004396,2.6316,3.9474,2.6155,3.9192,503.109449,1419.275671,2224.512338,897.89155,1017.987754
2022-07-18,25.7911,0.4398,1.1241,0.004461,0.8795,1.3193,0.8634,1.291,505.321932,1431.758534,2253.860001,905.643556,1031.129967
2022-07-19,25.8136,0.0875,1.1295,0.004482,0.1751,0.2626,0.1589,0.2343,505.764324,1434.265445,2259.779532,907.082667,1033.546015
2022-07-20,25.983,0.6562,1.1348,0.004503,1.3124,1.9686,1.2962,1.9402,509.083086,1453.088383,2304.264698,918.839956,1053.598775
2022-07-21,26.2766,1.1299,1.1402,0.004525,2.2599,3.3898,2.2436,3.3614,514.835377,1485.926197,2382.374552,939.455347,1089.014239
2022-07-22,26.3783,0.3868,1.1456,0.004546,0.7735,1.1603,0.7573,1.1318,516.82659,1497.420335,2410.017253,946.569664,1101.340169
2022-07-25,26.3557,-0.0856,1.1618,0.00461,-0.1712,-0.2568,-0.1875,-0.2854,516.384123,1494.856385,2403.827445,944.794455,1098.196695
2022-07-26,26.1185,-0.8997,1.1672,0.004632,-1.7995,-2.6992,-1.8158,-2.7279,511.737998,1467.956685,2338.942714,927.638668,1068.239485
2022-07-27,26.3557,0.9079,1.1726,0.004653,1.8158,2.7237,1.7995,2.6951,516.384123,1494.61216,2402.649254,944.331173,1097.029188
2022-07-28,26.4008,0.1714,1.178,0.004675,0.3428,0.5141,0.3264,0.4854,517.269094,1499.735044,2415.002118,947.413241,1102.354395
2022-07-29,26.6493,0.941,1.1834,0.004696,1.8819,2.8229,1.8655,2.7941,522.136414,1527.959004,2483.175084,965.087493,1133.15569
2022-08-01,26.5702,-0.2966,1.1996,0.00476,-0.5932,-0.8898,-0.6097,-0.9187,520.587781,1518.895287,2461.080123,959.203762,1122.7457
2022-08-02,26.1471,-1.5926,1.205,0.004782,-3.1852,-4.7778,-3.2017,-4.8067,512.296986,1470.515939,2343.495863,928.493367,1068.77892
2022-08-03,26.3055,0.6058,1.2104,0.004803,1.2116,1.8174,1.1951,1.7884,515.400494,1488.332783,2386.08673,939.589748,1087.893346
2022-08-04,26.3734,0.2581,1.2158,0.004825,0.5161,0.7742,0.4996,0.7452,516.730585,1496.014645,2404.560007,944.284012,1096.000259
2022-08-05,27.0409,2.5311,1.2212,0.004846,5.0622,7.5933,5.0456,7.5642,529.809512,1571.745661,2587.144891,991.929106,1178.904119
2022-08-08,26.9843,-0.2092,1.2374,0.00491,-0.4184,-0.6276,-0.435,-0.6568,528.701177,1565.169639,2570.908369,987.614151,1171.161428
2022-08-09,26.9617,-0.0839,1.2428,0.004932,-0.1677,-0.2516,-0.1844,-0.2808,528.257814,1562.544567,2564.440554,985.793424,1167.872741
2022-08-10,26.6788,-1.0491,1.2482,0.004953,-2.0982,-3.1473,-2.1149,-3.1766,522.715881,1529.759375,2483.730207,964.945353,1130.774563
2022-08-11,27.1653,1.8236,1.2536,0.004975,3.6471,5.4707,3.6305,5.4414,532.247974,1585.551859,2619.607926,999.97731,1192.304501
2022-08-12,27.3351,0.6247,1.259,0.004996,1.2495,1.8742,1.2328,1.8449,535.573164,1605.363153,2668.70549,1012.304895,1214.301044
2022-08-15,27.584,0.9106,1.2752,0.00506,1.8212,2.7318,1.8044,2.7023,540.450051,1634.599775,2741.60856,1030.571105,1247.114992
2022-08-16,27.6292,0.1641,1.2806,0.005082,0.3281,0.4922,0.3114,0.4627,541.336778,1639.963616,2755.103196,1033.77985,1252.885238
2022-08-17,27.6405,0.041,1.286,0.005103,0.0819,0.1229,0.0651,0.0933,541.55846,1641.306773,2758.487907,1034.45276,1254.053945
2022-08-18,27.4595,-0.6549,1.2914,0.005124,-1.3098,-1.9648,-1.3267,-1.9944,538.011663,1619.808148,2704.289905,1020.728893,1229.043266
2022-08-19,27.5048,0.1648,1.2968,0.005146,0.3296,0.4944,0.3128,0.4648,538.898391,1625.147541,2717.66118,1023.921518,1234.755736
2022-08-22,27.1653,-1.2341,1.313,0.00521,-2.4682,-3.7022,-2.4851,-3.732,532.247974,1585.036425,2617.047155,998.476364,1188.674481
2022-08-23,26.7467,-1.541,1.3184,0.005232,-3.082,-4.6231,-3.099,-4.6529,524.045934,1536.185017,2496.059616,967.533833,1133.366841
2022-08-24,26.6788,-0.2538,1.3238,0.005253,-0.5076,-0.7614,-0.5246,-0.7913,522.715881,1528.387196,2477.054263,962.458452,1124.398676
2022-08-25,26.9277,0.933,1.3292,0.005274,1.866,2.7989,1.849,2.769,527.592731,1556.90638,2546.385744,980.254166,1155.533668
2022-08-26,27.0635,0.5042,1.3345,0.005296,1.0084,1.5126,0.9914,1.4827,530.252913,1572.606572,2584.903229,989.972604,1172.666498
2022-08-29,26.3734,-2.5502,1.3507,0.00536,-5.1003,-7.6505,-5.1174,-7.6806,516.730585,1492.398425,2387.145283,939.311767,1082.598882
2022-08-30,26.4186,0.1716,1.3561,0.005381,0.3432,0.5148,0.3261,0.4847,517.617275,1497.520222,2399.434031,942.374905,1087.84581
2022-08-31,26.611,0.7281,1.3615,0.005403,1.4561,2.1842,1.439,2.154,521.38579,1519.325632,2451.841314,955.935604,1111.277801
2022-09-01,26.0566,-2.0833,1.3669,0.005424,-4.1667,-6.25,-4.1838,-6.2802,510.523607,1456.020515,2298.601518,915.94127,1041.48731
2022-09-02,25.7737,-1.0855,1.3723,0.005446,-2.1711,-3.2566,-2.1882,-3.2869,504.981674,1424.409175,2223.744871,895.898367,1007.254939
2022-09-05,25.8303,0.2195,1.3885,0.00551,0.439,0.6585,0.4218,0.6281,506.090083,1430.662186,2238.38789,899.677029,1013.581503
2022-09-06,26.0,0.657,1.3939,0.005531,1.314,1.9711,1.2968,1.9406,509.415198,1449.461669,2282.507882,911.344067,1033.251401
2022-09-07,25.389,-2.3499,1.3993,0.005553,-4.6997,-7.0496,-4.717,-7.0801,497.444605,1381.340752,2121.600008,868.355982,960.096381
2022-09-08,25.57,0.713,1.4047,0.005574,1.426,2.1391,1.4088,2.1085,500.991476,1401.039178,2166.9822,880.589,980.340412
2022-09-12,26.1131,2.1239,1.4263,0.00566,4.2478,6.3717,4.2304,6.341,511.631978,1460.552207,2305.055078,917.841537,1042.503616
2022-09-13,26.2489,0.5199,1.4317,0.005681,1.0399,1.5598,1.0225,1.529,514.292085,1475.739783,2341.008808,927.226136,1058.444015
2022-09-14,25.7171,-2.0259,1.4371,0.005703,-4.0517,-6.0776,-4.0691,-6.1084,503.873227,1415.946825,2198.731854,889.496036,993.790421
2022-09-15,25.7624,0.176,1.4425,0.005724,0.352,0.528,0.3345,0.4972,504.759992,1420.930664,2210.340473,892.471834,998.731103
2022-09-16,25.4682,-1.1419,1.4479,0.005746,-2.2837,-3.4256,-2.3012,-3.4564,498.99634,1388.480589,2134.623498,871.934524,964.210602
2022-09-19,25.3551,-0.4442,1.4641,0.00581,-0.8885,-1.3327,-0.906,-1.3637,496.77956,1376.143998,2106.174441,864.034693,951.061389
2022-09-20,25.5814,0.8925,1.4695,0.005831,1.7849,2.6774,1.7674,2.6464,501.213158,1400.707287,2162.565238,879.305628,976.230052
2022-09-21,25.3664,-0.8403,1.4749,0.005853,-1.6807,-2.521,-1.6982,-2.5521,497.001279,1377.165966,2108.046734,864.37297,951.315868
2022-09-22,25.0609,-1.2043,1.4803,0.005874,-2.4086,-3.6128,-2.4261,-3.644,491.015982,1343.996045,2031.88626,843.402036,916.650308
2022-09-23,24.8233,-0.9481,1.4857,0.005896,-1.8962,-2.8443,-1.9138,-2.8754,486.360739,1318.511628,1974.094307,827.261265,890.292877
2022-09-26,24.3594,-1.8687,1.5019,0.00596,-3.7374,-5.6062,-3.7551,-5.6375,477.27201,1269.232998,1863.423312,796.196696,840.103059
2022-09-27,24.3255,-0.1394,1.5073,0.005981,-0.2787,-0.4181,-0.2964,-0.4494,476.60689,1265.695425,1855.632784,793.83673,836.327606
2022-09-28,23.8163,-2.093,1.5127,0.006003,-4.186,-6.2791,-4.2038,-6.3104,466.631396,1212.712821,1739.116297,760.465772,783.551649
2022-09-29,23.7371,-0.3325,1.5181,0.006024,-0.6651,-0.9976,-0.6828,-1.029,465.079661,1204.647315,1721.766534,755.273235,775.488647
2022-09-30,23.409,-1.3823,1.5235,0.006045,-2.7645,-4.1468,-2.7823,-4.1782,458.651038,1171.344535,1650.368526,734.259441,743.08684
2022-10-03,23.1262,-1.2083,1.5396,0.00611,-2.4167,-3.625,-2.4345,-3.6566,453.109031,1143.037174,1590.542946,716.384104,715.915367
2022-10-04,23.7145,2.544,1.545,0.006131,5.0881,7.6321,5.0703,7.6005,464.636335,1201.195965,1711.935396,752.706607,770.328599
2022-10-05,24.2689,2.3378,1.5504,0.006153,4.6756,7.0134,4.6577,6.9817,475.498556,1257.35884,1831.999752,787.76558,824.110627
2022-10-06,24.4386,0.6993,1.5558,0.006174,1.3986,2.0979,1.3807,2.0662,478.823708,1274.944212,1870.433168,798.642384,841.138245
2022-10-07,24.0313,-1.6667,1.5612,0.006195,-3.3333,-5.0,-3.3512,-5.0318,470.843313,1232.446072,1776.91151,771.878,798.814223
2022-10-11,22.7868,-5.1789,1.5828,0.006281,-10.3578,-15.5367,-10.3758,-15.5687,446.458764,1104.791539,1500.837594,691.789434,674.449588
2022-10-12,22.6736,-0.4965,1.5882,0.006302,-0.9931,-1.4896,-1.0111,-1.5216,444.241946,1093.820215,1478.481103,684.794916,664.187359
2022-10-13,22.4021,-1.1976,1.5936,0.006324,-2.3952,-3.5928,-2.4132,-3.6248,438.921732,1067.621171,1425.362513,668.269324,640.111936
2022-10-14,23.047,2.8788,1.599,0.006345,5.7576,8.6363,5.7395,8.6043,451.557333,1129.090148,1548.46176,706.624727,695.189029
2022-10-17,22.617,-1.8655,1.6152,0.00641,-3.731,-5.5965,-3.7491,-5.6287,443.133574,1086.964011,1461.802544,680.132683,656.059234
2022-10-18,22.8773,1.1506,1.6206,0.006431,2.3011,3.4517,2.283,3.4195,448.232143,1111.97661,1512.259799,695.660153,678.4931
2022-10-19,22.5718,-1.3353,1.626,0.006452,-2.6706,-4.0059,-2.6887,-4.0382,442.246922,1082.280273,1451.680409,676.955598,651.094497
2022-10-20,22.4473,-0.5514,1.6314,0.006474,-1.1028,-1.6541,-1.1209,-1.6865,439.808459,1070.345313,1427.66757,669.367327,640.114091
2022-10-21,22.3794,-0.3024,1.6368,0.006495,-0.6049,-0.9073,-0.6231,-0.9397,438.478331,1063.871147,1414.714335,665.19671,634.09922
2022-10-24,22.3116,-0.3033,1.653,0.006559,-0.6067,-0.91,-0.625,-0.9425,437.14824,1057.416802,1401.840049,661.039559,628.122764
2022-10-25,21.8816,-1.927,1.6584,0.006581,-3.8539,-5.7809,-3.8722,-5.8134,428.724519,1016.664564,1320.80088,635.442587,591.607218
2022-10-26,22.0853,0.9307,1.6638,0.006602,1.8614,2.7921,1.8431,2.7596,432.714717,1035.589036,1357.679502,647.154548,607.93304
2022-10-27,22.4021,1.4344,1.6692,0.006624,2.8689,4.3033,2.8505,4.2707,438.921732,1065.298759,1416.104631,665.601959,633.896009
2022-10-28,22.1192,-1.2626,1.6746,0.006645,-2.5253,-3.7879,-2.5436,-3.8206,433.379762,1038.397134,1362.464023,648.671593,609.677669
2022-10-31,22.4134,1.3299,1.6908,0.006709,2.6598,3.9898,2.6414,3.957,439.143377,1066.016886,1416.823166,665.805793,633.802513
2022-11-01,22.5378,0.5553,1.6962,0.006731,1.1106,1.6658,1.0921,1.633,441.581839,1077.85558,1440.425047,673.07717,644.152536
2022-11-02,22.6284,0.4016,1.7016,0.006752,0.8032,1.2048,0.7848,1.1719,443.355256,1086.513035,1457.779526,678.35916,651.701663
2022-11-03,22.3342,-1.3,1.707,0.006774,-2.6,-3.9,-2.6185,-3.9329,437.591641,1058.263715,1400.926162,660.596473,626.070824
2022-11-04,22.3681,0.152,1.7124,0.006795,0.3039,0.4559,0.2854,0.423,438.256649,1061.480201,1407.313124,662.48207,628.71882
2022-11-07,22.7528,1.7198,1.7285,0.006859,3.4396,5.1594,3.421,5.1263,445.793756,1097.990722,1479.921734,685.145713,660.9488
2022-11-08,22.9904,1.0442,1.7339,0.006881,2.0885,3.1327,2.0699,3.0996,450.448924,1120.922095,1526.283652,699.327531,681.435577
2022-11-09,23.6466,2.8543,1.7393,0.006902,5.7087,8.563,5.6901,8.5299,463.306281,1184.912017,1656.979763,739.11981,739.561074
2022-11-10,23.4204,-0.9569,1.7447,0.006924,-1.9139,-2.8708,-1.9325,-2.904,458.87272,1162.234233,1609.410878,724.836252,718.083992
2022-11-11,24.6649,5.314,1.7501,0.006945,10.628,15.942,10.6094,15.9088,483.257232,1285.756565,1865.983321,801.736706,832.322214
2022-11-14,24.8912,0.9174,1.7663,0.007009,1.8349,2.7523,1.8162,2.7189,487.690793,1309.348474,1917.340759,816.29745,854.952351
2022-11-15,25.9547,4.2727,1.7717,0.007031,8.5454,12.8182,8.5267,12.7847,508.52847,1421.238146,2163.108749,885.900761,964.255813
2022-11-16,25.9095,-0.1744,1.7771,0.007052,-0.3487,-0.5231,-0.3675,-0.5566,507.641743,1416.281686,2151.793233,882.645068,958.888931
2022-11-17,25.9208,0.0437,1.7825,0.007073,0.0874,0.1311,0.0686,0.0975,507.8635,1417.519053,2154.61318,883.250452,959.824221
2022-11-18,25.8529,-0.2619,1.7879,0.007095,-0.5238,-0.7857,-0.5426,-0.8193,506.533409,1410.09411,2137.684432,878.457937,951.960835
2022-11-21,25.7624,-0.3501,1.8041,0.007159,-0.7002,-1.0503,-0.7191,-1.084,504.759992,1400.220388,2115.231781,872.141098,941.641492
2022-11-22,25.9774,0.8344,1.8095,0.007181,1.6689,2.5033,1.65,2.4696,508.971909,1423.588372,2168.182769,886.531357,964.896197
2022-11-23,26.1584,0.6968,1.8149,0.007202,1.3937,2.0905,1.3748,2.0568,512.518668,1443.428859,2213.509567,898.719276,984.741933
2022-11-24,26.4073,0.9516,1.8203,0.007223,1.9031,2.8547,1.8842,2.8209,517.395593,1470.899054,2276.698209,915.652864,1012.520216
2022-11-25,26.4073,0.0,1.8257,0.007245,0.0,0.0,-0.019,-0.0339,517.395593,1470.899054,2276.698209,915.479337,1012.17743
2022-11-28,25.8755,-2.0137,1.8419,0.007309,-4.0274,-6.0411,-4.0464,-6.0751,506.976735,1411.65971,2139.159769,878.435019,950.686442
2022-11-29,26.1131,0.9182,1.8473,0.007331,1.8365,2.7547,1.8174,2.7207,511.631978,1437.584446,2198.087375,894.400006,976.551596
2022-11-30,26.3281,0.8232,1.8527,0.007352,1.6464,2.4697,1.6274,2.4356,515.843858,1461.253538,2252.372951,908.955387,1000.336529
2022-12-01,26.7807,1.719,1.8581,0.007373,3.4379,5.1569,3.4188,5.1228,524.71098,1511.490112,2368.524764,940.031024,1051.581292
2022-12-02,26.5431,-0.8872,1.8635,0.007395,-1.7744,-2.6616,-1.7935,-2.6957,520.055774,1484.670405,2305.484519,923.171666,1023.233423
2022-12-05,26.577,0.1279,1.8797,0.007459,0.2557,0.3836,0.2366,0.3493,520.720745,1488.46716,2314.32826,925.355568,1026.807707
2022-12-06,26.0905,-1.8306,1.8851,0.00748,-3.6611,-5.4917,-3.6803,-5.526,511.188652,1433.972664,2187.232927,891.29969,970.066327
2022-12-07,25.9321,-0.6071,1.8905,0.007502,-1.2142,-1.8214,-1.2335,-1.8557,508.085107,1416.560702,2147.395329,880.305912,952.064433
2022-12-08,25.6266,-1.178,1.8959,0.007523,-2.356,-3.534,-2.3752,-3.5684,502.099848,1383.18644,2071.506169,859.396568,918.090763
2022-12-09,26.0226,1.5453,1.9013,0.007545,3.0905,4.6358,3.0713,4.6013,509.858599,1425.934108,2167.53667,885.790957,960.335122
2022-12-12,25.7737,-0.9565,1.9175,0.007609,-1.913,-2.8696,-1.9324,-2.9042,504.981674,1398.655276,2105.337583,868.674241,932.445474
2022-12-13,25.6606,-0.439,1.9228,0.00763,-0.878,-1.317,-0.8973,-1.3516,502.764856,1386.375369,2077.610932,860.879486,919.842587
2022-12-14,25.9774,1.2346,1.9282,0.007652,2.4692,3.7038,2.4498,3.6691,508.971909,1420.607297,2154.560469,881.969391,953.592369
2022-12-15,26.0,0.0871,1.9336,0.007673,0.1742,0.2613,0.1548,0.2266,509.415198,1423.081852,2160.190009,883.334771,955.752956
2022-12-16,25.57,-1.6536,1.939,0.007695,-3.3072,-4.9608,-3.3266,-4.9956,500.991476,1376.017512,2053.026901,853.949638,908.00762
2022-12-19,25.423,-0.5752,1.9552,0.007759,-1.1504,-1.7257,-1.1699,-1.7606,498.10965,1360.187131,2017.598356,843.959159,892.021633
2022-12-20,24.9591,-1.8247,1.9606,0.00778,-3.6493,-5.474,-3.6688,-5.5089,489.020846,1310.549569,1907.155468,812.995942,842.881022
2022-12-21,25.0609,0.408,1.966,0.007802,0.816,1.224,0.7965,1.189,491.015982,1321.243284,1930.498245,819.47116,852.902787
2022-12-22,25.4795,1.6704,1.9714,0.007823,3.3408,5.0113,3.3213,4.9763,499.218022,1365.383964,2027.240653,846.688376,895.345404
2022-12-23,25.0496,-1.6874,1.9768,0.007845,-3.3748,-5.0622,-3.3943,-5.0972,490.794263,1319.305238,1924.61824,817.948959,849.707622
2022-12-26,25.1401,0.3613,1.993,0.007909,0.7227,1.084,0.7031,1.0488,492.56768,1328.839491,1945.481263,823.699607,858.619574
2022-12-27,25.2532,0.45,1.9984,0.00793,0.9001,1.3501,0.8805,1.3149,494.784461,1340.800266,1971.747938,830.951913,869.909668
2022-12-28,24.8912,-1.4337,2.0038,0.007952,-2.8674,-4.3011,-2.887,-4.3363,487.690793,1302.354468,1886.941767,806.962041,832.18748
2022-12-29,24.7781,-0.4545,2.0092,0.007973,-0.9091,-1.3636,-0.9288,-1.399,485.474012,1290.514859,1861.210694,799.467203,820.545593
2022-12-30,24.9365,0.6393,2.0146,0.007994,1.2785,1.9178,1.2588,1.8824,488.577483,1307.014505,1896.904956,809.531146,835.991904
2023-01-03,25.0609,0.4991,2.0451,0.008115,0.9982,1.4973,0.9784,1.4617,491.015982,1320.061175,1925.307425,817.451454,848.211682
2023-01-04,25.0043,-0.2257,2.0534,0.008149,-0.4515,-0.6772,-0.4713,-0.7129,489.907536,1314.101218,1912.268542,813.598431,842.164794
2023-01-05,25.1854,0.724,2.0618,0.008182,1.448,2.172,1.4281,2.1363,493.454445,1333.129286,1953.802759,825.217455,860.155608
2023-01-06,25.2985,0.4492,2.0701,0.008215,0.8985,1.3477,0.8785,1.3119,495.671188,1345.106908,1980.133937,832.467304,871.439937
2023-01-09,26.2036,3.5778,2.0952,0.008314,7.1556,10.7335,7.1356,10.6975,513.405433,1441.358034,2192.671082,891.869075,964.662046
2023-01-10,26.3055,0.3886,2.1036,0.008347,0.7772,1.1658,0.7571,1.1297,515.400494,1452.560088,2218.23283,898.621716,975.560038
2023-01-11,26.3281,0.086,2.1119,0.008381,0.172,0.2581,0.152,0.2219,515.843858,1455.059163,2223.957409,899.987255,977.725225
2023-01-12,26.215,-0.4297,2.1203,0.008414,-0.8595,-1.2892,-0.8796,-1.3254,513.627077,1442.553259,2195.285794,892.07099,964.76637
2023-01-13,26.5204,1.1653,2.1286,0.008447,2.3306,3.4959,2.3104,3.4596,519.612336,1476.173196,2272.030311,912.681685,998.143613
2023-01-16,26.7241,0.7679,2.1537,0.008546,1.5358,2.3038,1.5156,2.2673,523.602534,1498.8448,2324.372312,926.514138,1020.774489
2023-01-17,26.7241,0.0,2.1621,0.00858,0.0,0.0,-0.0203,-0.0365,523.602534,1498.8448,2324.372312,926.326186,1020.401659
2023-01-30,27.9273,4.5022,2.2707,0.009011,9.0043,13.5065,8.9836,13.4691,547.175993,1633.805788,2638.313671,1009.54378,1157.840723
2023-01-31,27.3719,-1.9884,2.279,0.009044,-3.9768,-5.9652,-3.9976,-6.0027,536.295909,1568.83238,2480.932453,969.186626,1088.339332
2023-02-01,27.5339,0.5917,2.2874,0.009077,1.1834,1.7752,1.1627,1.7376,539.469262,1587.39847,2524.972738,980.454877,1107.250659
2023-02-02,27.9967,1.6807,2.2958,0.00911,3.3614,5.042,3.3405,5.0045,548.536018,1640.756668,2652.282923,1013.207412,1162.662538
2023-02-03,27.9967,0.0,2.3041,0.009143,0.0,0.0,-0.0208,-0.0377,548.536018,1640.756668,2652.282923,1012.996162,1162.224777
2023-02-06,27.5918,-1.4463,2.3292,0.009243,-2.8926,-4.3388,-2.9135,-4.3767,540.602635,1593.2967,2537.204374,983.482366,1111.35769
2023-02-07,27.5339,-0.2096,2.3375,0.009276,-0.4193,-0.6289,-0.4403,-0.6669,539.469262,1586.616012,2521.24664,979.152271,1103.946419
2023-02-08,27.962,1.5546,2.3459,0.009309,3.1093,4.6639,3.0882,4.6259,547.856024,1635.948093,2638.834963,1009.390927,1155.014018
2023-02-09,27.9735,0.0414,2.3542,0.009342,0.0827,0.1241,0.0617,0.086,548.082639,1637.301478,2642.10954,1010.013512,1156.007817
2023-02-10,27.9967,0.0827,2.3626,0.009375,0.1654,0.2482,0.1444,0.21,548.536018,1640.010259,2648.66627,1011.471568,1158.435974
2023-02-13,27.9388,-0.2066,2.3877,0.009475,-0.4132,-0.6198,-0.4344,-0.6581,547.40272,1633.233603,2632.249513,1007.077843,1150.811994
2023-02-14,28.1471,0.7453,2.396,0.009508,1.4907,2.236,1.4694,2.1976,551.482682,1657.579592,2691.106419,1021.876322,1176.10237
2023-02-15,27.4992,-2.3017,2.4044,0.009541,-4.6034,-6.9051,-4.6246,-6.9435,538.789269,1581.274958,2505.283766,974.618381,1094.439553
2023-02-16,27.8347,1.22,2.4127,0.009574,2.4401,3.6601,2.4188,3.6216,545.362702,1619.859265,2596.98,998.192402,1134.075775
2023-02-17,27.4761,-1.2885,2.4211,0.009608,-2.5769,-3.8654,-2.5982,-3.9039,538.335965,1578.117042,2496.597467,972.257186,1089.802176
2023-02-20,27.5339,0.2105,2.4462,0.009707,0.421,0.6316,0.3996,0.5928,539.469262,1584.761504,2512.364879,976.142559,1096.262272
2023-02-21,27.5223,-0.042,2.4545,0.00974,-0.084,-0.126,-0.1055,-0.1649,539.242648,1583.430084,2509.198774,975.113115,1094.454905
2023-02-22,27.2216,-1.0929,2.4629,0.009773,-2.1858,-3.2787,-2.2073,-3.3176,533.349245,1548.819355,2426.929403,953.589571,1058.145022
2023-02-23,27.6265,1.4875,2.4712,0.009806,2.9749,4.4624,2.9534,4.4234,541.282666,1594.895862,2535.229085,981.753182,1104.951409
2023-02-24,27.4876,-0.5025,2.4796,0.00984,-1.005,-1.5076,-1.0266,-1.5466,538.562617,1578.866548,2497.00905,971.674658,1087.862211
2023-03-01,27.6149,0.463,2.5214,0.010005,0.9259,1.3889,0.9042,1.3495,541.055976,1593.485765,2531.689928,980.460728,1102.543138
2023-03-02,27.5918,-0.0838,2.5297,0.010039,-0.1676,-0.2514,-0.1893,-0.2908,540.602635,1590.815457,2525.32615,978.604505,1099.336864
2023-03-03,27.6149,0.0839,2.5381,0.010072,0.1677,0.2516,0.1459,0.2121,541.055976,1593.483526,2531.679255,980.032671,1101.668195
2023-03-06,27.881,0.9635,2.5632,0.010171,1.9271,2.8906,1.9052,2.8509,546.26931,1624.191483,2604.861089,998.704434,1133.076055
2023-03-07,28.0661,0.6639,2.5715,0.010204,1.3278,1.9917,1.3059,1.952,549.896042,1645.757796,2656.742824,1011.746591,1155.193175
2023-03-08,27.8347,-0.8244,2.5799,0.010238,-1.6488,-2.4732,-1.6707,-2.513,545.362702,1618.622557,2591.036298,994.842906,1126.162723
2023-03-09,27.8116,-0.0831,2.5882,0.010271,-0.1663,-0.2494,-0.1883,-0.2893,544.909286,1615.931101,2584.573711,992.970038,1122.904425
2023-03-10,27.3719,-1.5807,2.5966,0.010304,-3.1614,-4.7421,-3.1834,-4.7821,536.295909,1564.845082,2462.010705,961.359744,1069.206345
2023-03-13,27.4876,0.4227,2.6216,0.010403,0.8453,1.268,0.8232,1.2278,538.562617,1578.073026,2493.228498,969.273754,1082.334144
2023-03-14,27.1868,-1.0943,2.63,0.010437,-2.1885,-3.2828,-2.2107,-3.323,532.669289,1543.536276,2411.380566,947.846191,1046.36767
2023-03-15,27.21,0.0851,2.6384,0.01047,0.1702,0.2553,0.148,0.215,533.122593,1546.163389,2417.536855,949.24924,1048.617329
2023-03-16,27.0827,-0.4677,2.6467,0.010503,-0.9354,-1.403,-0.9576,-1.4434,530.629308,1531.701328,2383.618157,940.159603,1033.481609
2023-03-17,27.5223,1.6232,2.6551,0.010536,3.2465,4.8697,3.2242,4.8293,539.242648,1581.427429,2499.693041,970.472413,1083.39108
2023-03-20,27.3257,-0.7146,2.6801,0.010635,-1.4292,-2.1438,-1.4515,-2.1844,535.389263,1558.825925,2446.105231,956.385758,1059.725359
2023-03-21,27.4529,0.4657,2.6885,0.010669,0.9314,1.3971,0.909,1.3564,537.882623,1573.345131,2480.280477,965.079729,1074.099757
2023-03-22,27.9735,1.8963,2.6968,0.010702,3.7927,5.689,3.7702,5.6482,548.082639,1633.016683,2621.383196,1001.465617,1134.767207
2023-03-23,28.1933,0.7858,2.7052,0.010735,1.5716,2.3573,1.5491,2.3165,552.389365,1658.680531,2683.178139,1016.979515,1161.054158
2023-03-24,28.2743,0.2872,2.7136,0.010768,0.5745,0.8617,0.552,0.8208,553.976041,1668.209279,2706.299525,1022.593274,1170.584266
2023-03-27,28.1008,-0.6137,2.7386,0.010868,-1.2275,-1.8412,-1.2501,-1.8823,550.576036,1647.732147,2656.470117,1009.810186,1148.549914
2023-03-28,27.8578,-0.8646,2.747,0.010901,-1.7291,-2.5937,-1.7517,-2.6349,545.815969,1619.240839,2587.569682,992.121041,1118.287342
2023-03-29,27.9041,0.1661,2.7553,0.010934,0.3322,0.4983,0.3096,0.4571,546.722652,1624.620448,2600.464717,995.19255,1123.399175
2023-03-30,28.0429,0.4975,2.7637,0.010967,0.995,1.4926,0.9724,1.4513,549.442701,1640.786038,2639.278136,1004.86945,1139.702593
2023-03-31,28.1355,0.33,2.7721,0.011,0.6601,0.9901,0.6374,0.9487,551.256029,1651.616228,2665.409407,1011.27403,1150.515249
2023-04-06,27.9967,-0.4934,2.8222,0.011199,-0.9868,-1.4803,-1.0097,-1.522,548.536018,1635.317394,2625.954357,1001.062721,1133.004111
2023-04-07,27.9967,0.0,2.8305,0.011232,0.0,0.0,-0.0229,-0.0418,548.536018,1635.317394,2625.954357,1000.83309,1132.530178
2023-04-10,27.9967,0.0,2.8556,0.011332,0.0,0.0,-0.023,-0.042,548.536018,1635.317394,2625.954357,1000.602516,1132.05419
2023-04-11,27.962,-0.124,2.864,0.011365,-0.2479,-0.3719,-0.271,-0.414,547.856024,1631.262946,2616.188551,997.890867,1127.367593
2023-04-12,27.8925,-0.2482,2.8723,0.011398,-0.4965,-0.7447,-0.5196,-0.7869,546.496037,1623.164115,2596.705423,992.70602,1118.496614
2023-04-13,27.6496,-0.871,2.8807,0.011431,-1.742,-2.613,-1.7652,-2.6553,541.73597,1594.888081,2528.852275,975.183077,1088.79745
2023-04-14,27.9157,0.9623,2.889,0.011464,1.9247,2.887,1.9015,2.8447,546.949341,1625.584746,2601.861157,993.726379,1119.770931
2023-04-17,27.8463,-0.2487,2.9141,0.011564,-0.4973,-0.746,-0.5206,-0.7885,545.589317,1617.500505,2582.452075,988.553208,1110.941962
2023-04-18,27.7537,-0.3324,2.9225,0.011597,-0.6647,-0.9971,-0.688,-1.0396,543.775988,1606.748608,2556.702847,981.751701,1099.392124
2023-04-19,27.5455,-0.7503,2.9308,0.01163,-1.5006,-2.2509,-1.524,-2.2936,539.695989,1582.637457,2499.153351,966.790255,1074.176996
2023-04-20,27.5108,-0.126,2.9392,0.011663,-0.252,-0.378,-0.2754,-0.4207,539.015995,1578.649347,2489.706876,964.128091,1069.65816
2023-04-21,27.4414,-0.2523,2.9475,0.011697,-0.5046,-0.7569,-0.528,-0.7997,537.655971,1570.682972,2470.861077,959.037155,1061.104031
2023-04-24,27.3372,-0.3794,2.9726,0.011796,-0.7588,-1.1383,-0.7823,-1.1812,535.61599,1558.763964,2442.736164,951.534177,1048.57005
2023-04-25,26.9786,-1.3119,2.981,0.011829,-2.6238,-3.9357,-2.6473,-3.9787,528.589253,1517.865166,2346.597517,926.343906,1006.850399
2023-04-26,26.8629,-0.4288,2.9893,0.011862,-0.8576,-1.2864,-0.8812,-1.3295,526.322583,1504.847498,2316.409828,918.180975,993.463971
2023-04-27,26.8398,-0.0861,2.9977,0.011896,-0.1723,-0.2584,-0.1959,-0.3016,525.869241,1502.255134,2310.424195,916.382539,990.468107
2023-04-28,27.1637,1.2069,3.006,0.011929,2.4138,3.6207,2.3902,3.5775,532.215948,1538.516514,2394.077599,938.285561,1025.901828
2023-05-02,27.2331,0.2555,3.0395,0.012061,0.5111,0.7666,0.4873,0.7231,533.575897,1546.379132,2412.430067,942.857678,1033.320022
2023-05-03,27.1174,-0.4248,3.0478,0.012094,-0.8496,-1.2744,-0.8734,-1.318,531.309265,1533.241081,2381.686025,934.622743,1019.701325
2023-05-04,27.1868,0.256,3.0562,0.012128,0.512,0.7679,0.4881,0.7243,532.669289,1541.090541,2399.975664,939.184806,1027.087102
2023-05-05,27.2563,0.2553,3.0645,0.012161,0.5107,0.766,0.4868,0.7223,534.029351,1548.960259,2418.359202,943.756681,1034.505771
2023-05-08,27.4298,0.6367,3.0896,0.01226,1.2733,1.91,1.2494,1.8661,537.429319,1568.683577,2464.549606,955.547596,1053.810722
2023-05-09,27.5108,0.2952,3.0979,0.012293,0.5905,0.8857,0.5665,0.8418,539.015995,1577.946166,2486.378206,960.960479,1062.681189
2023-05-10,27.2563,-0.9251,3.1063,0.012327,-1.8503,-2.7754,-1.8743,-2.8194,534.029351,1548.749791,2417.370879,942.949101,1032.719597
2023-05-11,27.1984,-0.2122,3.1147,0.01236,-0.4245,-0.6367,-0.4485,-0.6808,532.895941,1542.175739,2401.979186,938.719589,1025.688876
2023-05-12,27.1174,-0.2977,3.123,0.012393,-0.5955,-0.8932,-0.6196,-0.9374,531.309265,1532.992204,2380.523792,932.903364,1016.074181
2023-05-15,27.1174,0.0,3.1481,0.012492,0.0,0.0,-0.0242,-0.0443,531.309265,1532.992204,2380.523792,932.677613,1015.623553
2023-05-16,27.4414,1.1945,3.1564,0.012526,2.3891,3.5836,2.3648,3.5392,537.655971,1569.616642,2465.832782,954.734038,1051.568568
2023-05-17,27.8925,1.6442,3.1648,0.012559,3.2884,4.9326,3.2641,4.8881,546.496037,1621.231487,2587.46144,985.897585,1102.970045
2023-05-18,28.2628,1.3273,3.1732,0.012592,2.6545,3.9818,2.6302,3.9372,553.749426,1664.2672,2690.487982,1011.828756,1146.39632
2023-05-19,28.3437,0.2865,3.1815,0.012625,0.5731,0.8596,0.5487,0.815,555.336066,1673.804336,2713.61487,1017.38088,1155.739044
2023-05-22,28.2975,-0.1633,3.2066,0.012725,-0.3265,-0.4898,-0.351,-0.5346,554.429345,1668.338555,2700.322973,1013.810085,1149.56004
2023-05-23,28.2743,-0.0818,3.2149,0.012758,-0.1635,-0.2453,-0.188,-0.2902,553.976041,1665.610472,2693.699582,1011.904274,1146.224455
2023-05-24,28.1355,-0.491,3.2233,0.012791,-0.982,-1.473,-1.0065,-1.5179,551.256029,1649.254241,2654.021542,1001.719525,1128.825445
2023-05-25,28.471,1.1924,3.2316,0.012824,2.3849,3.5773,2.3603,3.5323,557.829388,1688.586743,2748.963824,1025.363467,1168.698785
2023-05-26,29.142,2.3568,3.24,0.012857,4.7135,7.0703,4.689,7.0252,570.976142,1768.178947,2943.324069,1073.442515,1250.802562
2023-05-29,29.3271,0.6352,3.2651,0.012957,1.2703,1.9055,1.2457,1.8602,574.6028,1790.640758,2999.409221,1086.814097,1274.07031
2023-05-30,29.3271,0.0,3.2734,0.01299,0.0,0.0,-0.0247,-0.0453,574.6028,1790.640758,2999.409221,1086.545696,1273.492588
2023-05-31,29.1883,-0.4734,3.2818,0.013023,-0.9467,-1.4201,-0.9715,-1.4655,571.882788,1773.687956,2956.814085,1075.990184,1254.829191
2023-06-01,28.9569,-0.7927,3.2901,0.013056,-1.5854,-2.3781,-1.6102,-2.4236,567.34941,1745.567517,2886.497113,1058.664757,1224.417022
2023-06-02,29.3271,1.2785,3.2985,0.013089,2.5569,3.8354,2.5321,3.7899,574.6028,1790.200615,2997.206073,1085.471668,1270.820775
2023-06-05,29.2345,-0.3156,3.3236,0.013189,-0.6312,-0.9468,-0.6561,-0.9925,572.789434,1778.90137,2968.829784,1078.350245,1258.207871
2023-06-06,29.3155,0.277,3.3319,0.013222,0.554,0.831,0.5291,0.7852,574.376148,1788.757025,2993.502116,1084.055821,1268.087783
2023-06-07,29.6395,1.105,3.3403,0.013255,2.21,3.315,2.185,3.2691,580.722929,1828.288087,3092.735535,1107.742575,1309.542657
2023-06-08,29.3502,-0.9758,3.3486,0.013288,-1.9516,-2.9275,-1.9766,-2.9734,575.056104,1792.606394,3002.196708,1085.846497,1270.604598
2023-06-09,29.57,0.7489,3.357,0.013321,1.4978,2.2468,1.4728,2.2008,579.36283,1819.456866,3069.649106,1101.839036,1298.567559
2023-06-12,29.8477,0.939,3.3821,0.013421,1.8779,2.8169,1.8528,2.7707,584.802816,1853.624816,3156.11745,1122.253833,1334.546628
2023-06-13,30.4377,1.9767,3.3904,0.013454,3.9535,5.9302,3.9283,5.884,596.362893,1926.907798,3343.282913,1166.33973,1413.070962
2023-06-14,30.4261,-0.038,3.3988,0.013487,-0.076,-0.114,-0.1012,-0.1604,596.136241,1925.443127,3339.470996,1165.159336,1410.805009
2023-06-15,30.5187,0.3042,3.4071,0.01352,0.6084,0.9126,0.5831,0.8662,597.949607,1937.157003,3369.945657,1171.95392,1423.02475
2023-06-16,30.4377,-0.2654,3.4155,0.013553,-0.5307,-0.7961,-0.556,-0.8425,596.362893,1926.876157,3343.11828,1165.438112,1411.035062
2023-06-19,30.3683,-0.2281,3.4405,0.013653,-0.4561,-0.6842,-0.4815,-0.7308,595.002831,1918.087311,3320.245389,1159.826782,1400.722522
2023-06-20,30.2063,-0.5333,3.4489,0.013686,-1.0666,-1.6,-1.092,-1.6467,591.829553,1897.628164,3267.122634,1147.16106,1377.656795
2023-06-21,30.2063,0.0,3.4573,0.013719,0.0,0.0,-0.0254,-0.0468,591.829553,1897.628164,3267.122634,1146.869387,1377.012001
2023-06-26,30.0212,-0.6128,3.499,0.013885,-1.2256,-1.8384,-1.2512,-1.8855,588.202858,1874.371069,3207.06046,1132.519998,1351.048211
2023-06-27,29.8245,-0.6551,3.5074,0.013918,-1.3102,-1.9653,-1.3358,-2.0125,584.349511,1849.812869,3144.031612,1117.391403,1323.858139
2023-06-28,29.8708,0.1552,3.5158,0.013951,0.3103,0.4655,0.2847,0.4182,585.256194,1855.553248,3158.666553,1120.572218,1329.394717
2023-06-29,29.8593,-0.0387,3.5241,0.013985,-0.0775,-0.1162,-0.1031,-0.1635,585.029542,1854.116048,3154.996784,1119.416405,1327.220955
2023-06-30,29.8708,0.0387,3.5325,0.014018,0.0775,0.1162,0.0518,0.0688,585.256194,1855.552691,3158.663709,1119.995814,1328.134421
2023-07-03,30.241,1.2394,3.5575,0.014117,2.4787,3.7181,2.4529,3.6705,592.509584,1901.546382,3276.104677,1147.467992,1376.883052
2023-07-04,30.3104,0.2295,3.5659,0.01415,0.4591,0.6886,0.4332,0.6409,593.869571,1910.275621,3298.663605,1152.438861,1385.707828
2023-07-05,30.2642,-0.1527,3.5742,0.014184,-0.3053,-0.458,-0.3312,-0.5057,592.962925,1904.442882,3283.555646,1148.621698,1378.699825
2023-07-06,29.5932,-2.2171,3.5826,0.014217,-4.4343,-6.6514,-4.4602,-6.6992,579.816171,1819.994962,3065.15363,1097.391085,1286.338158
2023-07-07,29.5469,-0.1564,3.591,0.01425,-0.3128,-0.4691,-0.3387,-0.517,578.909451,1814.302721,3050.773707,1093.674029,1279.687703
2023-07-10,29.4891,-0.1958,3.616,0.014349,-0.3915,-0.5873,-0.4176,-0.6353,577.77619,1807.199443,3032.857325,1089.107161,1271.557372
2023-07-11,29.894,1.3731,3.6244,0.014382,2.7462,4.1192,2.7201,4.0711,585.709499,1856.8279,3157.787666,1118.731572,1323.323732
2023-07-12,29.9518,0.1935,3.6327,0.014416,0.387,0.5805,0.3609,0.5323,586.842834,1864.013743,3176.118417,1122.768779,1330.367746
2023-07-13,30.2873,1.1201,3.6411,0.014449,2.2402,3.3604,2.2141,3.3121,593.416192,1905.772217,3282.847666,1147.627888,1374.43092
2023-07-14,30.5997,1.0313,3.6495,0.014482,2.0627,3.094,2.0365,3.0457,599.536284,1945.081899,3384.418852,1170.999054,1416.291514
2023-07-17,30.5418,-0.189,3.6745,0.014581,-0.3781,-0.5671,-0.4044,-0.6157,598.402874,1937.727632,3365.224349,1166.26373,1407.571815
2023-07-18,30.4831,-0.1921,3.6829,0.014615,-0.3843,-0.5764,-0.4106,-0.625,597.253059,1930.281046,3345.825777,1161.474868,1398.773978
2023-07-19,30.2249,-0.8471,3.6912,0.014648,-1.6943,-2.5414,-1.7206,-2.5901,592.193504,1897.576778,3260.794547,1141.490194,1362.544712
2023-07-20,30.3658,0.466,3.6996,0.014681,0.9321,1.3981,0.9057,1.3494,594.953278,1915.263169,3306.382969,1151.828261,1380.930212
2023-07-21,29.861,-1.6622,3.7079,0.014714,-3.3243,-4.9865,-3.3507,-5.0353,585.064185,1851.593577,3141.510545,1113.233417,1311.396478
2023-07-24,29.8728,0.0393,3.733,0.014814,0.0786,0.1179,0.0521,0.0689,585.294163,1853.049232,3145.215156,1113.813372,1312.300454
2023-07-25,30.2484,1.2574,3.7414,0.014847,2.5147,3.7721,2.4882,3.7231,592.653498,1899.648739,3263.85648,1141.527213,1361.158221
2023-07-26,30.1662,-0.2716,3.7497,0.01488,-0.5433,-0.8149,-0.5699,-0.864,591.043614,1889.32833,3237.258665,1135.022036,1349.397206
2023-07-27,30.401,0.7782,3.7581,0.014913,1.5564,2.3346,1.5298,2.2854,595.643175,1918.734216,3312.836684,1152.385612,1380.236857
2023-07-28,30.401,0.0,3.7664,0.014946,0.0,0.0,-0.0267,-0.0493,595.643175,1918.734216,3312.836684,1152.078472,1379.556988
2023-07-31,30.2366,-0.5405,3.7915,0.015046,-1.0811,-1.6216,-1.1078,-1.6711,592.423482,1897.991145,3259.115011,1139.315366,1356.503516
2023-08-01,30.3892,0.5047,3.7999,0.015079,1.0093,1.514,0.9825,1.4644,595.41316,1917.147647,3308.456583,1150.509355,1376.368606
2023-08-02,30.0136,-1.236,3.8082,0.015112,-2.472,-3.708,-2.4988,-3.7576,588.053862,1869.755816,3185.779166,1121.760252,1324.650394
2023-08-04,29.8728,-0.4693,3.8249,0.015178,-0.9386,-1.4079,-0.9655,-1.4576,585.294163,1852.206527,3140.927192,1110.929973,1305.342257
2023-08-07,30.1662,0.9823,3.85,0.015278,1.9646,2.947,1.9377,2.897,591.043614,1888.595651,3233.488891,1132.455933,1343.158466
2023-08-08,29.8141,-1.1673,3.8584,0.015311,-2.3346,-3.5019,-2.3616,-3.5519,584.144273,1844.503927,3120.253879,1105.711316,1295.450387
2023-08-09,29.861,0.1575,3.8667,0.015344,0.315,0.4724,0.2879,0.4224,585.064185,1850.313388,3134.995235,1108.894771,1300.922209
2023-08-10,29.6732,-0.6289,3.8751,0.015377,-1.2579,-1.8868,-1.2849,-1.9369,581.384536,1827.039007,3075.844385,1094.646081,1275.724492
2023-08-11,29.6497,-0.0791,3.8834,0.01541,-0.1582,-0.2373,-0.1853,-0.2875,580.924617,1824.148358,3068.544715,1092.617354,1272.056677
2023-08-14,29.2272,-1.4252,3.9085,0.01551,-2.8504,-4.2755,-2.8776,-4.3259,572.645408,1772.153637,2937.348046,1061.176502,1217.028539
2023-08-15,29.2741,0.1606,3.9168,0.015543,0.3213,0.4819,0.294,0.4314,573.565245,1777.84684,2951.502788,1064.296462,1222.279254
2023-08-16,29.1215,-0.5212,3.9252,0.015576,-1.0425,-1.5637,-1.0698,-1.6142,570.575605,1759.313214,2905.349729,1052.91106,1202.548838
2023-08-17,29.2507,0.4434,3.9336,0.015609,0.8867,1.3301,0.8594,1.2795,573.105326,1774.913502,2943.993466,1061.959886,1217.935513
2023-08-18,29.0746,-0.6019,3.9419,0.015643,-1.2039,-1.8058,-1.2312,-1.8564,569.655618,1753.545934,2890.830893,1048.884886,1195.325173
2023-08-21,28.875,-0.6863,3.967,0.015742,-1.3726,-2.0589,-1.4001,-2.1098,565.745992,1729.476269,2831.310353,1034.199694,1170.106305
2023-08-22,29.1098,0.813,3.9753,0.015775,1.626,2.439,1.5985,2.3881,570.34559,1757.598062,2900.367265,1050.731872,1198.049951
2023-08-23,29.3093,0.6855,3.9837,0.015808,1.371,2.0565,1.3435,2.0055,574.255254,1781.694394,2960.01248,1064.848099,1222.076716
2023-08-24,29.8141,1.7221,3.9921,0.015841,3.4441,5.1662,3.4166,5.1151,584.144273,1843.058078,3112.93203,1101.229397,1284.587543
2023-08-25,29.2389,-1.9291,4.0004,0.015875,-3.8583,-5.7874,-3.8858,-5.8385,572.875386,1771.948203,2932.774762,1058.437432,1209.586946
2023-08-28,29.4267,0.6423,4.0255,0.015974,1.2846,1.9269,1.2569,1.8756,576.55496,1794.710621,2989.286328,1071.741122,1232.273768
2023-08-29,29.5911,0.5584,4.0338,0.016007,1.1169,1.6753,1.0892,1.6239,579.774652,1814.755255,3039.366115,1083.414088,1252.285025
2023-08-30,29.7202,0.4363,4.0422,0.01604,0.8727,1.309,0.8449,1.2576,582.304448,1830.592306,3079.152138,1092.56824,1268.033483
2023-08-31,29.5089,-0.7109,4.0505,0.016074,-1.4218,-2.1327,-1.4496,-2.1842,578.164843,1804.564929,3013.483021,1076.730581,1240.336923
2023-09-01,29.5558,0.1591,4.0589,0.016107,0.3182,0.4773,0.2904,0.4257,579.084756,1810.307379,3027.867187,1079.857459,1245.617637
2023-09-04,29.7554,0.6751,4.084,0.016206,1.3503,2.0254,1.3224,1.9737,582.99442,1834.751793,3089.194706,1094.137259,1270.201877
2023-09-05,29.685,-0.2367,4.0923,0.016239,-0.4734,-0.7101,-0.5013,-0.7619,581.614514,1826.066343,3067.259004,1088.652006,1260.523927
2023-09-06,29.5793,-0.3559,4.1007,0.016273,-0.7117,-1.0676,-0.7397,-1.1195,579.544749,1813.069665,3034.51306,1080.599141,1246.41228
2023-09-07,29.3093,-0.9127,4.109,0.016306,-1.8254,-2.7381,-1.8534,-2.7901,574.255254,1779.973954,2951.425213,1060.571223,1211.636487
2023-09-08,29.1802,-0.4405,4.1174,0.016339,-0.8811,-1.3216,-0.9091,-1.3736,571.725458,1764.291134,2912.419022,1050.929406,1194.992866
2023-09-11,29.0629,-0.4022,4.1425,0.016438,-0.8045,-1.2067,-0.8326,-1.259,569.425752,1750.097782,2877.274322,1042.179119,1179.94838
2023-09-12,29.3563,1.0097,4.1508,0.016472,2.0194,3.0291,1.9912,2.9768,575.175166,1785.438777,2964.428655,1062.930934,1215.072502
2023-09-13,29.3915,0.1199,4.1592,0.016505,0.2399,0.3598,0.2117,0.3074,575.865026,1789.721652,2975.095174,1065.180808,1218.808153
2023-09-14,29.8023,1.3978,4.1675,0.016538,2.7955,4.1933,2.7673,4.1409,583.914295,1839.754039,3099.850144,1094.657514,1269.277407
2023-09-15,29.8962,0.3151,4.1759,0.016571,0.6302,0.9453,0.6019,0.8927,585.754119,1851.347604,3129.151601,1101.246169,1280.608842
2023-09-18,29.5793,-1.0601,4.201,0.01667,-2.1201,-3.1802,-2.1485,-3.2329,579.544749,1812.096657,3029.638551,1077.585837,1239.208055
2023-09-19,29.4502,-0.4365,4.2093,0.016704,-0.873,-1.3096,-0.9015,-1.3623,577.014916,1796.2763,2989.963545,1067.871923,1222.325894
2023-09-20,29.2859,-0.558,4.2177,0.016737,-1.116,-1.6739,-1.1444,-1.7268,573.795298,1776.230637,2939.913504,1055.6512,1201.219095
2023-09-21,28.8164,-1.6032,4.226,0.01677,-3.2064,-4.8096,-3.2349,-4.8625,564.596139,1719.277126,2798.514303,1021.501921,1142.809298
2023-09-22,28.7929,-0.0815,4.2344,0.016803,-0.1629,-0.2444,-0.1914,-0.2974,564.136183,1716.47586,2791.674757,1019.546335,1139.410921
2023-09-25,29.0042,0.7338,4.2595,0.016903,1.4676,2.2014,1.439,2.1482,568.27575,1741.666471,2853.129737,1034.217285,1163.887698
2023-09-26,28.6638,-1.1736,4.2678,0.016936,-2.3472,-3.5208,-2.3759,-3.5741,561.606424,1700.78582,2752.676116,1009.645763,1122.28967
2023-09-27,28.6755,0.041,4.2762,0.016969,0.0819,0.1229,0.0532,0.0696,561.83644,1702.178991,2756.058332,1010.18328,1123.070415
2023-09-28,28.7929,0.4093,4.2845,0.017002,0.8187,1.228,0.7899,1.1746,564.136183,1716.113916,2789.902128,1018.16316,1136.262102
2023-10-02,29.1685,1.3045,4.3179,0.017135,2.609,3.9136,2.5802,3.8599,571.49548,1760.888186,2899.087039,1044.433896,1180.121142
2023-10-03,28.9924,-0.6036,4.3263,0.017168,-1.2072,-1.8109,-1.2361,-1.8646,568.045809,1739.62998,2846.588485,1031.523465,1158.117006
2023-10-04,28.6168,-1.2955,4.3347,0.017201,-2.5911,-3.8866,-2.62,-3.9404,560.686549,1694.554779,2735.952416,1004.497683,1112.482717
2023-10-05,29.0276,1.4356,4.343,0.017234,2.8712,4.3068,2.8423,4.253,568.735781,1743.208929,2853.784642,1033.048169,1159.796327
2023-10-06,29.1333,0.3639,4.3514,0.017267,0.7278,1.0918,0.6989,1.0379,570.805546,1755.896835,2884.941449,1040.267874,1171.833525
2023-10-11,29.638,1.7325,4.3932,0.017433,3.465,5.1974,3.4358,5.1432,580.694639,1816.737966,3034.884571,1076.009616,1232.103377
2023-10-12,29.8845,0.8317,4.4015,0.017466,1.6634,2.495,1.6342,2.4407,585.524141,1846.956737,3110.605848,1093.593556,1262.17572
2023-10-13,29.8023,-0.2749,4.4099,0.017499,-0.5499,-0.8248,-0.5791,-0.8792,583.914295,1836.800651,3084.948849,1087.260688,1251.078833
2023-10-16,29.638,-0.5514,4.4349,0.017599,-1.1028,-1.6542,-1.1321,-1.7087,580.694639,1816.544717,3033.918388,1074.951931,1229.701171
2023-10-17,29.7084,0.2376,4.4433,0.017632,0.4752,0.7129,0.4459,0.6582,582.074508,1825.177799,3055.546319,1079.745239,1237.79558
2023-10-18,29.2976,-1.3829,4.4516,0.017665,-2.7657,-4.1486,-2.7951,-4.2033,574.025239,1774.698533,2928.784639,1049.565395,1185.767662
2023-10-19,29.3093,0.0401,4.46,0.017698,0.0801,0.1202,0.0507,0.0654,574.255254,1776.120798,2932.305384,1050.097907,1186.543746
2023-10-20,29.4385,0.4405,4.4684,0.017732,0.8811,1.3216,0.8516,1.2668,576.785013,1791.769438,2971.058314,1059.040743,1201.574378
2023-10-23,29.0746,-1.2361,4.4934,0.017831,-2.4721,-3.7082,-2.5017,-3.7632,569.655618,1747.474838,2860.886351,1032.547226,1156.356737
2023-10-24,29.0981,0.0807,4.5018,0.017864,0.1615,0.2422,0.1319,0.1872,570.115612,1750.296989,2867.816796,1033.909447,1158.520913
2023-10-25,29.1568,0.2017,4.5101,0.017897,0.4034,0.6051,0.3738,0.5499,571.265502,1757.357485,2885.169458,1037.774043,1164.891884
2023-10-26,28.5816,-1.9726,4.5185,0.017931,-3.9452,-5.9179,-3.9749,-5.9731,559.996578,1688.02535,2714.428764,996.523705,1095.311725
2023-10-27,28.7107,0.4518,4.5268,0.017964,0.9035,1.3553,0.8738,1.3,562.526374,1703.276727,2751.216225,1005.231668,1109.550379
2023-10-30,28.6403,-0.2453,4.5519,0.018063,-0.4906,-0.7359,-0.5204,-0.7914,561.146505,1694.920506,2730.970156,1000.000781,1100.769545
2023-10-31,28.4408,-0.6967,4.5603,0.018096,-1.3934,-2.0902,-1.4232,-2.1457,557.236879,1671.302764,2673.88841,985.768319,1077.150098
2023-11-01,28.5816,0.4952,4.5686,0.018129,0.9905,1.4857,0.9607,1.4301,559.996578,1687.856919,2713.61547,995.238183,1092.554605
2023-11-02,29.2272,2.2587,4.577,0.018163,4.5175,6.7762,4.4876,6.7205,572.645408,1764.105296,2897.495489,1039.900471,1165.979846
2023-11-03,29.4502,0.763,4.5853,0.018196,1.5261,2.2891,1.4962,2.2334,577.014916,1791.026921,2963.822555,1055.459212,1192.020379
2023-11-06,29.7084,0.8769,4.6104,0.018295,1.7537,2.6306,1.7237,2.5746,582.074508,1822.436386,3041.787951,1073.652278,1222.710294
2023-11-07,29.6967,-0.0395,4.6188,0.018328,-0.079,-0.1186,-0.1091,-0.1746,581.844455,1820.995826,3038.181342,1072.481132,1220.575556
2023-11-08,29.861,0.5534,4.6271,0.018362,1.1067,1.6601,1.0767,1.604,585.064185,1841.149374,3088.618139,1084.028153,1240.15371
2023-11-09,29.8728,0.0393,4.6355,0.018395,0.0786,0.1179,0.0485,0.0618,585.294163,1842.596818,3092.260378,1084.554072,1240.919752
2023-11-10,29.7554,-0.3929,4.6438,0.018428,-0.7858,-1.1788,-0.816,-1.235,582.99442,1828.116922,3055.809966,1075.70437,1225.594597
2023-11-13,30.2132,1.5384,4.6689,0.018527,3.0769,4.6153,3.0467,4.5589,591.963489,1884.366198,3196.846155,1108.47746,1281.468544
2023-11-14,30.2836,0.2331,4.6773,0.018561,0.4662,0.6993,0.4359,0.6428,593.343394,1893.15136,3219.202328,1113.309825,1289.706252
2023-11-15,30.6475,1.2016,4.6856,0.018594,2.4031,3.6047,2.3728,3.5481,600.472751,1938.64593,3335.243944,1139.726587,1335.466543
2023-11-16,30.6592,0.0383,4.694,0.018627,0.0766,0.1149,0.0463,0.0583,600.702692,1940.130672,3339.075466,1140.253749,1336.244599
2023-11-17,30.7531,0.3063,4.7023,0.01866,0.6126,0.9188,0.5822,0.8622,602.542516,1952.015086,3369.756096,1146.892204,1347.765044
2023-11-20,30.7414,-0.0382,4.7274,0.01876,-0.0763,-0.1145,-0.1068,-0.1714,602.312538,1950.524998,3365.897597,1145.667303,1345.455138
2023-11-21,31.117,1.2218,4.7358,0.018793,2.4437,3.6655,2.4132,3.6086,609.671873,1998.189842,3489.275906,1173.314478,1394.007086
2023-11-22,30.8353,-0.9053,4.7441,0.018826,-1.8106,-2.716,-1.8412,-2.773,604.152363,1962.009627,3394.508069,1151.711626,1355.351394
2023-11-23,30.8235,-0.0381,4.7525,0.018859,-0.0761,-0.1142,-0.1067,-0.1713,603.922422,1960.516144,3390.632215,1150.482918,1353.030176
2023-11-24,30.8001,-0.0762,4.7608,0.018892,-0.1523,-0.2285,-0.1829,-0.2857,603.462428,1957.529586,3382.884521,1148.378296,1349.165214
2023-11-27,30.6005,-0.6479,4.7859,0.018992,-1.2957,-1.9436,-1.3264,-2.0009,599.552839,1932.165498,3317.135492,1133.146008,1322.169401
2023-11-28,30.8118,0.6904,4.7942,0.019025,1.3809,2.0713,1.3501,2.0139,603.692332,1958.845999,3385.842989,1148.44494,1348.796244
2023-11-29,30.7883,-0.0762,4.8026,0.019058,-0.1524,-0.2286,-0.1831,-0.286,603.232413,1955.861333,3378.104547,1146.341759,1344.938231
2023-11-30,30.8353,0.1525,4.811,0.019091,0.305,0.4575,0.2742,0.4,604.152363,1961.826841,3393.559714,1149.485134,1350.317482
2023-12-01,30.9409,0.3426,4.8193,0.019124,0.6852,1.0278,0.6544,0.9702,606.222165,1975.269125,3428.438323,1157.006923,1363.41792
2023-12-04,30.8235,-0.3794,4.8444,0.019224,-0.7587,-1.1381,-0.7896,-1.1959,603.922422,1960.282502,3389.420314,1147.870698,1347.113051
2023-12-05,30.6005,-0.7235,4.8527,0.019257,-1.4471,-2.1706,-1.478,-2.2285,599.552839,1931.915889,3315.849509,1130.904815,1317.092902
2023-12-06,30.7062,0.3452,4.8611,0.01929,0.6904,1.0357,0.6595,0.9777,601.622641,1945.254777,3350.190869,1138.362593,1329.970486
2023-12-07,30.5183,-0.6116,4.8695,0.019323,-1.2233,-1.8349,-1.2543,-1.8929,597.942955,1921.459373,3288.71886,1124.0843,1304.795577
2023-12-08,30.7648,0.8077,4.8778,0.019356,1.6154,2.4231,1.5843,2.365,602.772532,1952.49857,3368.40766,1141.893553,1335.654223
2023-12-11,30.8001,0.1145,4.9029,0.019456,0.2289,0.3434,0.1977,0.2851,603.462428,1956.967993,3379.973483,1144.151597,1339.461972
2023-12-12,30.8705,0.2287,4.9112,0.019489,0.4573,0.686,0.4261,0.6277,604.842334,1965.917783,3403.159903,1149.027217,1347.869119
2023-12-13,30.8822,0.038,4.9196,0.019522,0.076,0.114,0.0448,0.0556,605.072275,1967.412535,3407.041203,1149.542035,1348.619079
2023-12-14,31.2578,1.2163,4.9279,0.019555,2.4325,3.6488,2.4013,3.5903,612.431572,2015.270533,3531.357408,1177.145681,1397.038911
2023-12-15,31.3869,0.4131,4.9363,0.019588,0.8261,1.2392,0.7948,1.1807,614.961331,2031.919406,3575.118125,1186.502118,1413.533215
2023-12-18,31.4339,0.1496,4.9614,0.019688,0.2992,0.4487,0.2678,0.39,615.881168,2037.997953,3591.160731,1189.67908,1419.04583
2023-12-19,31.3165,-0.3734,4.9697,0.019721,-0.7468,-1.1202,-0.7782,-1.179,613.581462,2022.778148,3550.932453,1180.420649,1402.315138
2023-12-20,31.3987,0.2624,4.9781,0.019754,0.5247,0.7871,0.4933,0.7282,615.191271,2033.392179,3578.881421,1186.243249,1412.527
2023-12-21,31.1287,-0.8598,4.9864,0.019787,-1.7196,-2.5794,-1.7511,-2.6383,609.901888,1998.426176,3486.568306,1165.471139,1375.259953
2023-12-22,31.2109,0.2639,4.9948,0.019821,0.5279,0.7918,0.4964,0.7328,611.511697,2008.975691,3514.176232,1171.25612,1385.338275
2023-12-25,31.34,0.4137,5.0199,0.01992,0.8274,1.2411,0.7958,1.1819,614.041456,2025.597526,3557.789546,1180.576416,1401.711071
2023-12-26,31.5161,0.5618,5.0282,0.019953,1.1236,1.6854,1.0919,1.6261,617.491052,2048.356553,3617.750985,1193.467264,1424.504084
2023-12-27,31.8682,1.1173,5.0366,0.019986,2.2346,3.352,2.2029,3.2926,624.390393,2094.129884,3739.016381,1219.758681,1471.407553
2023-12-28,31.8682,0.0,5.0449,0.02002,0.0,0.0,-0.0317,-0.0594,624.390393,2094.129884,3739.016381,1219.371702,1470.533475
2023-12-29,31.7978,-0.221,5.0533,0.020053,-0.442,-0.6629,-0.4737,-0.7224,623.0106,2084.874562,3714.228665,1213.595244,1459.910076
2024-01-02,31.6686,-0.4061,5.0695,0.020117,-0.8121,-1.2182,-0.8439,-1.2778,620.480804,2067.942885,3668.982691,1203.353193,1441.255661
2024-01-03,31.117,-1.742,5.0692,0.020116,-3.4841,-5.2261,-3.5159,-5.2857,609.671873,1995.894721,3477.238903,1161.044833,1365.075618
2024-01-04,31.1052,-0.0377,5.0689,0.020115,-0.0754,-0.1132,-0.1073,-0.1728,609.441895,1994.388954,3473.303892,1159.799447,1362.717323
2024-01-05,31.0231,-0.2642,5.0686,0.020114,-0.5283,-0.7925,-0.5601,-0.8521,607.831974,1983.852071,3445.778322,1153.302873,1351.105856
2024-01-08,31.1639,0.454,5.0678,0.02011,0.9081,1.3621,0.8763,1.3025,610.591748,2001.866863,3492.713509,1163.408742,1368.704295
2024-01-09,31.2226,0.1883,5.0675,0.020109,0.3766,0.565,0.3448,0.5054,611.741638,2009.406851,3512.446353,1167.42055,1375.621563
2024-01-10,31.0583,-0.5263,5.0673,0.020108,-1.0526,-1.579,-1.0845,-1.6385,608.521908,1988.254956,3456.986033,1154.760361,1353.081356
2024-01-11,31.1874,0.4157,5.067,0.020107,0.8315,1.2472,0.7996,1.1876,611.051704,2004.78642,3500.101009,1163.994316,1369.150613
2024-01-12,31.1404,-0.1506,5.0667,0.020106,-0.3011,-0.4517,-0.3329,-0.5112,610.131754,1998.749935,3484.29261,1160.119192,1362.151068
2024-01-15,31.1404,0.0,5.0659,0.020103,0.0,0.0,-0.0318,-0.0596,610.131754,1998.749935,3484.29261,1159.750168,1361.339626
2024-01-16,30.9057,-0.7539,5.0656,0.020102,-1.5077,-2.2616,-1.5395,-2.3211,605.532231,1968.614485,3405.492814,1141.895548,1329.741017
2024-01-17,30.6174,-0.9328,5.0654,0.020101,-1.8655,-2.7983,-1.8973,-2.8579,599.884054,1931.889493,3310.197342,1120.230001,1291.738966
2024-01-18,30.8216,0.6669,5.0651,0.0201,1.3338,2.0008,1.302,1.9412,603.884827,1957.65798,3376.426889,1134.815877,1316.814322
2024-01-19,31.9267,3.5854,5.0648,0.020098,7.1707,10.7561,7.1389,10.6965,625.536247,2098.035991,3739.59765,1215.829327,1457.667441
2024-01-22,32.1429,0.6772,5.064,0.020095,1.3544,2.0316,1.3226,1.972,629.772343,2126.451549,3815.57067,1231.909727,1486.41304
2024-01-23,32.2029,0.1869,5.0637,0.020094,0.3737,0.5606,0.3419,0.501,630.94914,2134.398553,3836.960075,1236.121885,1493.860397
2024-01-24,32.1909,-0.0373,5.0634,0.020093,-0.0746,-0.1119,-0.1064,-0.1715,630.713706,2132.805682,3832.664873,1234.806306,1491.298517
2024-01-25,32.5873,1.2313,5.0632,0.020092,2.4627,3.694,2.4309,3.6345,638.479968,2185.330078,3974.244864,1264.823112,1545.499556
2024-01-26,32.5873,0.0,5.0629,0.020091,0.0,0.0,-0.0318,-0.0595,638.479968,2185.330078,3974.244864,1264.420933,1544.579261
2024-01-29,32.7915,0.6266,5.0621,0.020088,1.2532,1.8798,1.2214,1.8203,642.480779,2212.717287,4048.954499,1279.865024,1572.695307
2024-01-30,32.7074,-0.2564,5.0618,0.020087,-0.5128,-0.7693,-0.5446,-0.8288,640.833338,2201.369644,4017.807666,1272.894491,1559.660898
2024-01-31,32.275,-1.3221,5.0615,0.020085,-2.6441,-3.9662,-2.6759,-4.0257,632.361147,2143.16286,3858.454376,1238.832999,1496.873455
2024-02-01,32.275,0.0,5.0613,0.020084,0.0,0.0,-0.0318,-0.0595,632.361147,2143.16286,3858.454376,1238.439165,1495.98231
2024-02-02,32.4552,0.5582,5.061,0.020083,1.1165,1.6747,1.0847,1.6152,635.891239,2167.090839,3923.072667,1251.872392,1520.145236
2024-02-05,32.6594,0.6292,5.0602,0.02008,1.2583,1.8875,1.2265,1.8279,639.891975,2194.359522,3997.119189,1267.226881,1547.932538
2024-02-15,34.1969,4.7076,5.0574,0.020069,9.4152,14.1229,9.3835,14.0634,670.015661,2400.96376,4561.626798,1386.136678,1765.623834
2024-02-16,33.9446,-0.7376,5.0572,0.020068,-1.4752,-2.2129,-1.507,-2.2724,665.073487,2365.543753,4460.684299,1365.247382,1725.50245
2024-02-19,33.8966,-0.1415,5.0563,0.020065,-0.2831,-0.4246,-0.3148,-0.4841,664.132199,2358.847776,4441.744486,1360.949118,1717.149481
2024-02-20,34.0287,0.3898,5.0561,0.020064,0.7796,1.1693,0.7478,1.1098,666.720853,2377.236409,4493.68358,1371.126157,1736.207219
2024-02-21,33.9206,-0.3177,5.0558,0.020063,-0.6354,-0.953,-0.6671,-1.0125,664.602843,2362.132603,4450.857553,1361.979094,1718.627815
2024-02-22,34.305,1.1331,5.0555,0.020062,2.2663,3.3994,2.2345,3.3399,672.133746,2415.665299,4602.16134,1392.412772,1776.028983
2024-02-23,34.5332,0.6653,5.0552,0.02006,1.3305,1.9958,1.2988,1.9363,676.605201,2447.806337,4694.010722,1410.496851,1810.418266
2024-02-26,34.5812,0.1391,5.0544,0.020057,0.2782,0.4174,0.2465,0.3579,677.546489,2454.617077,4713.601541,1413.973371,1816.897358
2024-02-27,34.4371,-0.4168,5.0542,0.020056,-0.8336,-1.2504,-0.8653,-1.3098,674.72255,2434.155931,4654.664226,1401.737688,1793.098831
2024-02-29,34.4251,-0.0349,5.0536,0.020054,-0.0698,-0.1047,-0.1015,-0.1642,674.487116,2432.457207,4649.791704,1400.314261,1790.155397
2024-03-01,34.305,-0.3489,5.0533,0.020053,-0.6978,-1.0467,-0.7296,-1.1062,672.133746,2415.482914,4601.120593,1390.097789,1770.352549
2024-03-04,35.3019,2.9062,5.0525,0.02005,5.8123,8.7185,5.7806,8.659,691.667006,2555.878355,5002.267926,1470.453192,1923.647481
2024-03-05,35.5902,0.8166,5.0522,0.020049,1.6332,2.4498,1.6015,2.3903,697.315183,2597.621139,5124.814014,1494.001795,1969.629356
2024-03-06,35.7584,0.4725,5.052,0.020047,0.945,1.4175,0.9133,1.3581,700.610065,2622.169165,5197.459748,1507.646,1996.378284
2024-03-07,36.5871,2.3177,5.0517,0.020046,4.6355,6.9532,4.6037,6.8938,716.848444,2743.71973,5558.851863,1577.054162,2134.004355
2024-03-08,37.1036,1.4117,5.0514,0.020045,2.8234,4.2351,2.7916,4.1756,726.96815,2821.185586,5794.273802,1621.07978,2223.112403
2024-03-11,36.7313,-1.0036,5.0506,0.020042,-2.0071,-3.0107,-2.0389,-3.0702,719.672532,2764.560567,5619.825407,1588.027844,2154.859461
2024-03-12,37.1157,1.0464,5.0503,0.020041,2.0929,3.1393,2.0611,3.0799,727.203435,2822.419206,5796.248809,1620.759035,2221.226049
2024-03-13,37.2958,0.4854,5.0501,0.02004,0.9709,1.4563,0.9391,1.3969,730.733602,2849.821746,5880.661466,1635.980265,2252.254082
2024-03-14,37.2598,-0.0966,5.0498,0.020039,-0.1932,-0.2898,-0.225,-0.3493,730.027598,2844.314995,5863.616538,1632.299693,2244.387187
2024-03-15,36.7553,-1.354,5.0495,0.020038,-2.7079,-4.0619,-2.7397,-4.1213,720.143326,2767.293291,5625.44369,1587.580205,2151.888881
2024-03-18,37.0916,0.915,5.0487,0.020034,1.83,2.7451,1.7983,2.6856,726.732791,2817.93594,5779.865723,1616.12969,2209.680655
2024-03-19,37.0076,-0.2267,5.0484,0.020033,-0.4534,-0.68,-0.4851,-0.7395,725.085425,2805.160481,5740.560124,1608.289812,2193.340612
2024-03-20,36.8034,-0.5518,5.0481,0.020032,-1.1035,-1.6553,-1.1353,-1.7147,721.084614,2774.204359,5645.535893,1590.03121,2155.730466
2024-03-21,37.8123,2.7415,5.0479,0.020031,5.483,8.2245,5.4513,8.1651,740.853234,2926.314639,6109.854992,1676.708359,2331.748184
2024-03-22,37.7643,-0.1271,5.0476,0.02003,-0.2541,-0.3812,-0.2859,-0.4406,739.911871,2918.878014,6086.564587,1671.915222,2321.474049
2024-03-25,37.8364,0.1909,5.0468,0.020027,0.3817,0.5726,0.35,0.5131,741.324027,2930.019644,6121.414066,1677.766526,2333.386581
2024-03-26,37.8604,0.0635,5.0465,0.020026,0.127,0.1904,0.0952,0.131,741.794596,2933.739414,6133.071113,1679.364122,2336.443642
2024-03-27,37.8724,0.0317,5.0462,0.020025,0.0635,0.0952,0.0317,0.0358,742.029956,2935.601069,6138.908885,1679.896912,2337.279403
2024-03-28,37.6922,-0.4757,5.046,0.020024,-0.9515,-1.4272,-0.9832,-1.4866,738.499864,2907.669739,6051.294175,1663.380185,2302.533041
2024-03-29,37.9084,0.5736,5.0457,0.020023,1.1472,1.7209,1.1155,1.6614,742.736034,2941.027589,6155.428163,1681.935318,2340.788353
2024-04-01,37.8123,-0.2535,5.0449,0.020019,-0.507,-0.7605,-0.5387,-0.8199,740.853234,2926.11686,6108.617012,1672.874461,2321.596478
2024-04-02,38.3528,1.4295,5.0446,0.020018,2.859,4.2884,2.8272,4.229,751.443584,3009.773386,6370.581435,1720.17057,2419.777705
2024-04-03,38.0886,-0.689,5.0443,0.020017,-1.378,-2.067,-1.4097,-2.1264,746.266126,2968.298612,6238.901211,1695.920866,2368.323452
2024-04-08,38.3048,0.5676,5.043,0.020012,1.1353,1.7029,1.1035,1.6435,750.502147,3001.996442,6345.142593,1714.63602,2407.246791
2024-04-09,39.2177,2.3832,5.0427,0.020011,4.7664,7.1496,4.7347,7.0902,768.38819,3145.084212,6798.796846,1795.81895,2577.926467
2024-04-10,39.1576,-0.1531,5.0424,0.02001,-0.3063,-0.4594,-0.338,-0.5188,767.211468,3135.451345,6767.56148,1789.749097,2564.551951
2024-04-11,39.0375,-0.3068,5.0421,0.020008,-0.6135,-0.9203,-0.6452,-0.9796,764.858024,3116.21516,6705.282378,1778.201262,2539.428546
2024-04-12,38.9414,-0.2462,5.0419,0.020007,-0.4923,-0.7385,-0.524,-0.7978,762.975298,3100.873808,6655.766493,1768.883115,2519.167952
2024-04-15,38.4369,-1.2955,5.041,0.020004,-2.591,-3.8865,-2.6227,-3.9459,753.090951,3020.530149,6397.090068,1722.490422,2419.764753
2024-04-16,37.3919,-2.7187,5.0408,0.020003,-5.4375,-8.1562,-5.4692,-8.2156,732.616327,2856.289118,5875.328352,1628.283983,2220.966405
2024-04-17,37.8123,1.1243,5.0405,0.020002,2.2486,3.3729,2.2169,3.3136,740.853234,2920.516422,6073.499728,1664.381724,2294.559733
2024-04-18,38.1847,0.9848,5.0402,0.020001,1.9695,2.9543,1.9378,2.8949,748.148852,2978.036513,6252.927715,1696.634289,2360.985169
2024-04-19,36.2508,-5.0645,5.0399,0.02,-10.129,-15.1934,-10.1607,-15.2528,710.258978,2676.392192,5302.892284,1524.244833,2000.868483
2024-04-22,36.1427,-0.2982,5.0391,0.019997,-0.5964,-0.8946,-0.6281,-0.954,708.140893,2660.429489,5255.450531,1514.670609,1981.780251
2024-04-23,36.4911,0.9638,5.0389,0.019995,1.9276,2.8913,1.8959,2.832,714.965793,2711.710706,5407.403008,1543.386526,2037.903775
2024-04-24,37.5601,2.9296,5.0386,0.019994,5.8591,8.7887,5.8274,8.7293,735.911135,2870.593016,5882.642131,1633.326088,2215.798959
2024-04-25,36.8754,-1.8228,5.0383,0.019993,-3.6457,-5.4685,-3.6774,-5.5279,722.496695,2765.940718,5560.949707,1573.262679,2093.312828
2024-04-26,37.476,1.6287,5.038,0.019992,3.2573,4.886,3.2256,4.8266,734.263694,2856.036132,5832.656218,1624.010106,2194.349161
2024-04-29,38.1487,1.7949,5.0372,0.019989,3.5898,5.3846,3.5581,5.3253,747.442848,2958.560994,6146.723815,1681.793447,2311.204793
2024-04-30,38.0165,-0.3464,5.0369,0.019988,-0.6927,-1.0391,-0.7244,-1.0984,744.854044,2938.06676,6082.855403,1669.610473,2285.818403
2024-05-02,37.512,-1.327,5.0364,0.019986,-2.654,-3.981,-2.6857,-4.0404,734.969772,2860.09,5840.695476,1624.769611,2193.463102
2024-05-03,37.7042,0.5123,5.0361,0.019985,1.0247,1.537,0.993,1.4776,738.735223,2889.396048,5930.465922,1640.902985,2225.874762
2024-05-06,38.2447,1.4336,5.0353,0.019981,2.8671,4.3007,2.8354,4.2414,749.325499,2972.238996,6185.517809,1687.42996,2320.282523
2024-05-07,38.461,0.5653,5.035,0.01998,1.1307,1.696,1.099,1.6367,753.561744,3005.845572,6290.42563,1705.97474,2358.258533
2024-05-08,38.6051,0.3748,5.0348,0.019979,0.7495,1.1243,0.7178,1.0649,756.385758,3028.374713,6361.146771,1718.22066,2383.372641
2024-05-09,38.557,-0.1245,5.0345,0.019978,-0.2489,-0.3734,-0.2806,-0.4327,755.44432,3020.836164,6337.394515,1713.399075,2373.05938
2024-05-10,38.8333,0.7165,5.0342,0.019977,1.433,2.1496,1.4014,2.0902,760.857213,3064.125816,6473.620179,1737.409829,2422.661875
2024-05-13,39.2297,1.0207,5.0334,0.019974,2.0415,3.0622,2.0098,3.0029,768.623475,3126.678432,6671.853819,1772.327779,2495.4111
2024-05-14,39.4939,0.6736,5.0331,0.019973,1.3472,2.0208,1.3155,1.9615,773.801008,3168.801738,6806.680862,1795.643516,2544.35916
2024-05-15,40.0345,1.3686,5.0328,0.019972,2.7372,4.1058,2.7055,4.0465,784.391284,3255.538469,7086.150499,1844.225212,2647.316792
2024-05-16,40.2266,0.48,5.0326,0.019971,0.9601,1.4401,0.9284,1.3808,788.156735,3286.794736,7188.201181,1861.347336,2683.871912
2024-05-17,40.1786,-0.1194,5.0323,0.019969,-0.2389,-0.3583,-0.2706,-0.4176,787.215373,3278.943337,7162.444735,1856.311408,2672.663539
2024-05-20,40.1666,-0.0299,5.0315,0.019966,-0.0598,-0.0897,-0.0915,-0.149,786.980013,3276.982679,7156.020513,1854.613478,2668.681522
2024-05-21,40.1185,-0.1196,5.0312,0.019965,-0.2392,-0.3588,-0.2709,-0.4181,786.038725,3269.143637,7130.343075,1849.589577,2657.523281
2024-05-22,40.8392,1.7964,5.0309,0.019964,3.5928,5.3892,3.5611,5.3299,800.159168,3386.597788,7514.612695,1915.456063,2799.167235
2024-05-23,41.1515,0.7647,5.0307,0.019963,1.5294,2.2941,1.4978,2.2348,806.278064,3438.393081,7687.007643,1944.144814,2861.724105
2024-05-24,40.9834,-0.4086,5.0304,0.019962,-0.8173,-1.2259,-0.8489,-1.2852,802.983331,3410.292141,7592.772283,1927.640235,2824.945424
2024-05-27,41.5479,1.3775,5.0296,0.019959,2.755,4.1324,2.7233,4.0732,814.044251,3504.2442,7906.538623,1980.135495,2940.009752
2024-05-28,41.608,0.1446,5.0293,0.019957,0.2891,0.4337,0.2575,0.3744,815.221048,3514.375796,7940.828126,1985.233547,2951.017305
2024-05-29,41.0434,-1.3568,5.029,0.019956,-2.7136,-4.0704,-2.7453,-4.1297,804.160053,3419.009043,7617.602449,1930.733301,2829.148974
2024-05-30,40.3348,-1.7267,5.0287,0.019955,-3.4533,-5.18,-3.485,-5.2393,790.274895,3300.939311,7223.010799,1863.447369,2680.922117
2024-05-31,39.8783,-1.1316,5.0285,0.019954,-2.2633,-3.3949,-2.2949,-3.4542,781.331911,3226.2305,6977.79762,1820.682747,2588.318716
2024-06-03,40.7311,2.1385,5.0277,0.019951,4.2771,6.4156,4.2454,6.3564,798.041083,3364.219591,7425.468647,1897.978781,2752.842148
2024-06-04,40.0825,-1.5924,5.0274,0.01995,-3.1849,-4.7773,-3.2165,-4.8366,785.332722,3257.072933,7070.729253,1836.929436,2619.698231
2024-06-05,40.4669,0.9589,5.0271,0.019949,1.9179,2.8768,1.8862,2.8176,792.863624,3319.539959,7274.142303,1871.57821,2693.510061
2024-06-06,41.8482,3.4135,5.0268,0.019948,6.8269,10.2404,6.7953,10.1811,819.927788,3546.16297,8019.044332,1998.757306,2967.740358
2024-06-07,41.5239,-0.775,5.0266,0.019947,-1.5499,-2.3249,-1.5816,-2.3841,813.573682,3491.200338,7832.611367,1967.145532,2896.985393
2024-06-11,41.632,0.2603,5.0255,0.019942,0.5207,0.781,0.489,0.7218,815.691692,3509.377913,7893.78426,1976.765261,2917.894466
2024-06-12,42.3767,1.7888,5.0252,0.019941,3.5776,5.3664,3.546,5.3072,830.282779,3634.929364,8317.396118,2046.860387,3072.751507
2024-06-13,42.9893,1.4456,5.0249,0.01994,2.8912,4.3368,2.8595,4.2775,842.285211,3740.021256,8678.100881,2105.390787,3204.188627
2024-06-14,43.2415,0.5867,5.0246,0.019939,1.1735,1.7602,1.1419,1.701,847.22731,3783.91032,8830.856856,2129.43124,3258.691983
2024-06-17,43.2415,0.0,5.0238,0.019936,0.0,0.0,-0.0316,-0.0592,847.22731,3783.91032,8830.856856,2128.757442,3256.761642
2024-06-18,43.9622,1.6667,5.0236,0.019935,3.3333,5.0,3.3017,4.9408,861.347828,3910.04122,9272.401646,2199.042774,3417.671314
2024-06-19,45.1514,2.7049,5.0233,0.019934,5.4099,8.1148,5.3782,8.0556,884.646689,4121.569026,10024.837745,2317.312161,3692.983862
2024-06-20,45.5838,0.9577,5.023,0.019933,1.9154,2.8731,1.8837,2.8138,893.11888,4200.512903,10312.858963,2360.964416,3796.898737
2024-06-21,45.3075,-0.6061,5.0227,0.019931,-1.2121,-1.8182,-1.2438,-1.8774,887.706062,4149.59782,10125.353268,2331.599835,3725.615692
2024-06-24,44.2025,-2.439,5.0219,0.019928,-4.8781,-7.3171,-4.9097,-7.3763,866.054642,3947.17792,9384.471952,2217.125388,3450.802634
2024-06-25,44.1784,-0.0543,5.0216,0.019927,-0.1087,-0.163,-0.1403,-0.2222,865.583998,3942.887854,9369.172411,2214.014309,3443.133234
2024-06-26,44.5268,0.7885,5.0214,0.019926,1.5769,2.3654,1.5453,2.3062,872.408897,4005.065096,9590.7927,2248.227789,3522.538873
2024-06-27,44.5148,-0.027,5.0211,0.019925,-0.054,-0.0809,-0.0856,-0.1401,872.173538,4002.904114,9583.030457,2246.303587,3517.602058
2024-06-28,44.791,0.6206,5.0208,0.019924,1.2412,1.8618,1.2096,1.8026,877.586281,4052.588472,9761.448438,2273.474371,3581.010312
2024-07-01,44.8271,0.0805,5.02,0.019921,0.1609,0.2414,0.1293,0.1822,878.292434,4059.110332,9785.012191,2276.414058,3587.534544
2024-07-02,44.5268,-0.6699,5.0197,0.01992,-1.3398,-2.0097,-1.3714,-2.0689,872.408897,4004.727707,9588.367632,2245.195475,3513.313663
2024-07-03,45.0673,1.2139,5.0195,0.019918,2.4278,3.6418,2.3962,3.5826,882.999248,4101.956131,9937.553122,2298.995214,3639.180219
2024-07-04,46.2444,2.6119,5.0192,0.019917,5.2239,7.8358,5.1922,7.7766,906.0626,4316.236857,10716.239933,2418.364634,3922.184722
2024-07-05,46.0763,-0.3636,5.0189,0.019916,-0.7273,-1.0909,-0.7589,-1.1501,902.767793,4284.845717,10599.334282,2400.011594,3877.074965
2024-07-08,47.5297,3.1543,5.0181,0.019913,6.3087,9.463,6.2771,9.4038,931.244112,4555.162485,11602.349784,2550.661531,4241.667865
2024-07-09,47.4816,-0.1011,5.0178,0.019912,-0.2022,-0.3033,-0.2338,-0.3625,930.302675,4545.952437,11567.161734,2544.697893,4226.292972
2024-07-10,47.6498,0.3542,5.0175,0.019911,0.7083,1.0625,0.6767,1.0033,933.597557,4578.153521,11690.065069,2561.918602,4268.696745
2024-07-11,48.7068,2.2183,5.0173,0.01991,4.4366,6.6549,4.405,6.5957,954.30754,4781.267763,12468.02676,2674.770637,4550.247667
2024-07-12,47.1693,-3.1566,5.017,0.019909,-6.3132,-9.4698,-6.3448,-9.529,924.183928,4479.417375,11287.33194,2505.061727,4116.656231
2024-07-15,47.2534,0.1782,5.0162,0.019905,0.3565,0.5347,0.3249,0.4756,925.83122,4495.385855,11347.688519,2513.200018,4136.233092
2024-07-16,47.5311,0.5876,5.0159,0.019904,1.1753,1.7629,1.1437,1.7037,931.271767,4548.219148,11547.738896,2541.942671,4206.703898
2024-07-17,46.8671,-1.397,5.0156,0.019903,-2.794,-4.191,-2.8256,-4.2502,918.261826,4421.141178,11063.77039,2470.116888,4027.910753
2024-07-18,46.022,-1.8032,5.0154,0.019902,-3.6064,-5.4096,-3.638,-5.4688,901.70378,4261.697641,10465.266535,2380.254102,3807.634279
2024-07-19,44.9716,-2.2823,5.0151,0.019901,-4.5645,-6.8468,-4.5961,-6.906,881.124519,4067.17126,9748.731507,2270.8544,3544.680606
2024-07-22,43.6315,-2.9799,5.0143,0.019898,-5.9597,-8.9396,-5.9913,-8.9988,854.868157,3824.778452,8877.233021,2134.79971,3225.702956
2024-07-23,44.9837,3.0991,5.014,0.019897,6.1981,9.2972,6.1665,9.238,881.361,4061.842505,9702.564292,2266.442324,3523.693697
2024-07-26,43.221,-3.9184,5.0132,0.019894,-7.8368,-11.7552,-7.8684,-11.8144,846.825652,3743.523124,8562.005202,2088.109072,3107.390935
2024-07-29,43.6074,0.8939,5.0123,0.01989,1.7877,2.6816,1.7561,2.6225,854.395196,3810.447792,8791.6055,2124.779377,3188.881412
2024-07-30,43.6074,0.0,5.0121,0.019889,0.0,0.0,-0.0316,-0.0591,854.395196,3810.447792,8791.6055,2124.108041,3186.995397
2024-07-31,43.6677,0.1384,5.0118,0.019888,0.2768,0.4153,0.2452,0.3561,855.577823,3820.996394,8828.112686,2129.317187,3198.344581
2024-08-01,44.4283,1.7418,5.0115,0.019887,3.4835,5.2253,3.452,5.1662,870.480056,3954.102651,9289.410046,2202.820258,3363.576928
2024-08-02,42.1828,-5.0544,5.0113,0.019886,-10.1087,-15.1631,-10.1403,-15.2222,826.482947,3554.394268,7880.852128,1979.447841,2851.566949
2024-08-05,38.3315,-9.1299,5.0104,0.019883,-18.2599,-27.3898,-18.2914,-27.4489,751.025633,2905.366856,5722.303296,1617.37815,2068.842612
2024-08-06,40.4443,5.5118,5.0102,0.019882,11.0236,16.5354,10.992,16.4763,792.420709,3225.64323,6668.51008,1795.160748,2409.711119
2024-08-07,42.05,3.9701,5.0099,0.019881,7.9403,11.9104,7.9087,11.8513,823.880988,3481.768884,7462.759344,1937.134809,2695.293682
2024-08-08,41.1807,-2.0672,5.0096,0.019879,-4.1344,-6.2015,-4.1659,-6.2607,806.849907,3337.820208,6999.953927,1856.434925,2526.550615
2024-08-09,42.4604,3.1076,5.0093,0.019878,6.2152,9.3228,6.1836,9.2636,831.923493,3545.271735,7652.543511,1971.229344,2760.601369
2024-08-12,42.9917,1.2511,5.0085,0.019875,2.5021,3.7532,2.4705,3.6941,842.331401,3633.979079,7939.75851,2019.929543,2862.580227
2024-08-13,43.1003,0.2527,5.0083,0.019874,0.5055,0.7582,0.4739,0.6991,844.460249,3652.347594,7999.957634,2029.501691,2882.592105
2024-08-14,43.6436,1.2605,5.008,0.019873,2.521,3.7815,2.4894,3.7224,855.104787,3744.424284,8302.479343,2080.025087,2989.894591
2024-08-15,43.3056,-0.7746,5.0077,0.019872,-1.5491,-2.3237,-1.5807,-2.3828,848.481539,3686.41911,8109.557791,2047.146418,2918.652259
2024-08-16,44.2835,2.2582,5.0074,0.019871,4.5163,6.7745,4.4847,6.7153,867.641543,3852.909013,8658.936245,2138.955349,3114.649967
2024-08-19,44.3438,0.1363,5.0066,0.019868,0.2726,0.4089,0.2411,0.3498,868.824244,3863.412985,8694.345812,2144.111314,3125.546152
2024-08-20,44.368,0.0545,5.0063,0.019866,0.1089,0.1634,0.0773,0.1043,869.297355,3867.620559,8708.549098,2145.769472,3128.804984
2024-08-21,43.8971,-1.0612,5.0061,0.019865,-2.1225,-3.1837,-2.154,-3.2428,860.072148,3785.532197,8431.29703,2099.549105,3027.344951
2024-08-22,43.6677,-0.5226,5.0058,0.019864,-1.0451,-1.5677,-1.0767,-1.6268,855.577823,3745.969437,8299.123256,2076.943786,2978.097615
2024-08-23,43.6919,0.0553,5.0055,0.019863,0.1106,0.1659,0.079,0.1068,856.050858,3750.111614,8312.888627,2078.584725,2981.277447
2024-08-26,43.7643,0.1658,5.0047,0.01986,0.3316,0.4974,0.3,0.4383,857.47019,3762.546977,8354.236912,2084.821176,2994.344827
2024-08-27,43.5712,-0.4414,5.0044,0.019859,-0.8828,-1.3242,-0.9143,-1.3832,853.685455,3729.332431,8243.614165,2065.758973,2952.926026
2024-08-28,44.1869,1.4131,5.0042,0.019858,2.8263,4.2394,2.7947,4.1803,865.749175,3834.733365,8593.094125,2123.490822,3076.367831
2024-08-29,43.5832,-1.3661,5.0039,0.019857,-2.7322,-4.0984,-2.7638,-4.1574,853.922011,3729.959316,8240.918428,2064.801757,2948.469818
2024-08-30,43.7885,0.4709,5.0036,0.019856,0.9418,1.4128,0.9103,1.3537,857.9433,3765.089567,8357.342836,2083.597196,2988.382778
2024-09-02,43.6677,-0.2757,5.0028,0.019852,-0.5514,-0.8271,-0.583,-0.8862,855.577823,3744.327739,8288.215509,2071.450063,2961.899295
2024-09-03,43.4746,-0.4424,5.0025,0.019851,-0.8847,-1.3271,-0.9163,-1.3861,851.793088,3711.200918,8178.224244,2052.469828,2920.842995
2024-09-04,41.3497,-4.8875,5.0022,0.01985,-9.7751,-14.6626,-9.8066,-14.7217,810.161456,3348.428897,6979.085069,1851.192036,2490.846667
2024-09-05,41.6033,0.6131,5.002,0.019849,1.2263,1.8394,1.1947,1.7803,815.128818,3389.489493,7107.458137,1873.308396,2535.192047
2024-09-06,42.1948,1.4219,5.0017,0.019848,2.8439,4.2658,2.8123,4.2068,826.719502,3485.882852,7410.650594,1925.992119,2641.841852
2024-09-09,41.5429,-1.5451,5.0009,0.019845,-3.0901,-4.6352,-3.1217,-4.6942,813.946191,3378.1649,7067.153635,1865.868986,2517.827612
2024-09-10,41.6153,0.1744,5.0006,0.019844,0.3487,0.5231,0.3172,0.464,815.365448,3389.945737,7104.122071,1871.787239,2529.511586
2024-09-11,41.4946,-0.2901,5.0003,0.019843,-0.5802,-0.8703,-0.6118,-0.9294,812.99997,3370.276418,7042.292214,1860.33613,2506.002609
2024-09-12,43.052,3.7533,5.0001,0.019841,7.5066,11.2598,7.475,11.2008,843.514103,3623.267971,7835.242206,1999.396333,2786.694447
2024-09-13,43.0762,0.0561,4.9998,0.01984,0.1122,0.1682,0.0806,0.1092,843.987138,3627.331769,7848.424024,2001.008078,2789.737285
2024-09-16,43.1607,0.1962,4.999,0.019837,0.3924,0.5886,0.3609,0.5296,845.643025,3641.565281,7894.619402,2008.22877,2804.510476
2024-09-18,42.9434,-0.5035,4.9984,0.019835,-1.007,-1.5105,-1.0385,-1.5695,841.385255,3604.895083,7775.372361,1987.372685,2760.493122
2024-09-19,43.4987,1.2932,4.9981,0.019834,2.5864,3.8797,2.5549,3.8206,852.266199,3698.133371,8077.029854,2038.147977,2865.961088
2024-09-20,44.0541,1.2767,4.9979,0.019833,2.5534,3.8301,2.5219,3.7711,863.147142,3792.562039,8386.389913,2089.547525,2974.039083
2024-09-23,44.2472,0.4385,4.997,0.01983,0.877,1.3154,0.8454,1.2564,866.931877,3825.821353,8496.708044,2107.213097,3011.405452
2024-09-24,44.6698,0.955,4.9968,0.019828,1.91,2.865,1.8784,2.8059,875.210937,3898.893311,8740.134634,2146.795684,3095.903374
2024-09-25,45.3338,1.4865,4.9965,0.019827,2.973,4.4595,2.9415,4.4005,888.220878,4014.806789,9129.898854,2209.942614,3232.137249
2024-09-26,45.7081,0.8256,4.9962,0.019826,1.6511,2.4767,1.6196,2.4177,895.553642,4081.095779,9356.016249,2245.734406,3310.279065
2024-09-27,45.6115,-0.2113,4.996,0.019825,-0.4226,-0.6339,-0.4541,-0.6929,893.661275,4063.848499,9296.706506,2235.535504,3287.340935
2024-09-30,44.4163,-2.6204,4.9951,0.019822,-5.2409,-7.8613,-5.2724,-7.9203,870.243501,3850.867834,8565.865258,2117.669361,3026.973636
2024-10-01,44.3318,-0.1903,4.9949,0.019821,-0.3805,-0.5708,-0.412,-0.6298,868.587764,3836.214405,8516.972658,2108.943504,3007.910029
2024-10-04,44.3318,0.0,4.994,0.019818,0.0,0.0,-0.0315,-0.059,868.587764,3836.214405,8516.972658,2108.278681,3006.135352
2024-10-07,45.4304,2.4782,4.9932,0.019814,4.9564,7.4346,4.9249,7.3756,890.113096,4026.35245,9150.175219,2212.108813,3227.855954
2024-10-08,45.2131,-0.4783,4.993,0.019813,-0.9567,-1.435,-0.9882,-1.494,885.8554,3987.833787,9018.870576,2190.249117,3179.632186
2024-10-09,45.6356,0.9346,4.9927,0.019812,1.8692,2.8037,1.8376,2.7447,894.134386,4062.372403,9271.734976,2230.497835,3266.904704
2024-10-11,46.3962,1.6667,4.9921,0.01981,3.3333,5.0,3.3018,4.941,909.036544,4197.784081,9735.319206,2304.144386,3428.322063
2024-10-14,46.4324,0.0781,4.9913,0.019807,0.1561,0.2342,0.1246,0.1752,909.74621,4204.338325,9758.119684,2307.015872,3434.329342
2024-10-15,47.4224,2.1321,4.991,0.019806,4.2642,6.3963,4.2327,6.3373,929.142844,4383.619118,10382.276199,2404.664325,3651.973165
2024-10-16,46.6015,-1.7312,4.9908,0.019805,-3.4623,-5.1935,-3.4938,-5.2524,913.057909,4231.84433,9843.075237,2320.649491,3460.15511
2024-10-17,46.6739,0.1554,4.9905,0.019804,0.3109,0.4663,0.2794,0.4073,914.477166,4245.000284,9888.975452,2327.13269,3474.249972
2024-10-18,47.8329,2.4832,4.9902,0.019802,4.9664,7.4495,4.9348,7.3906,937.185274,4455.822228,10625.65845,2441.973197,3731.016784
2024-10-21,47.8208,-0.0252,4.9894,0.019799,-0.0505,-0.0757,-0.082,-0.1347,936.948794,4453.573547,10617.614914,2439.97147,3725.992498
2024-10-22,47.6397,-0.3787,4.9891,0.019798,-0.7574,-1.1361,-0.7889,-1.195,933.400614,4419.842616,10496.989747,2420.722665,3681.465149
2024-10-23,47.3258,-0.6589,4.9889,0.019797,-1.3178,-1.9767,-1.3493,-2.0356,927.250477,4361.5983,10289.497068,2388.059975,3606.523529
2024-10-24,47.0361,-0.6122,4.9886,0.019796,-1.2245,-1.8367,-1.256,-1.8957,921.57345,4308.19113,10100.506859,2358.066216,3538.155157
2024-10-25,47.4224,0.8214,4.9883,0.019795,1.6427,2.4641,1.6112,2.4051,929.142844,4378.962261,10349.39007,2396.05961,3623.251742
2024-10-28,47.3379,-0.1782,4.9875,0.019792,-0.3564,-0.5346,-0.3879,-0.5935,927.487107,4363.355595,10294.062073,2386.765319,3601.745937
2024-10-29,46.2393,-2.3208,4.9872,0.019791,-4.6417,-6.9625,-4.6732,-7.0215,905.96155,4160.821983,9577.33379,2275.227222,3348.849813
2024-10-30,46.3117,0.1567,4.9869,0.019789,0.3133,0.47,0.2818,0.411,907.380807,4173.858463,9622.344627,2281.639249,3362.614542
2024-11-01,45.9978,-0.6778,4.9864,0.019787,-1.3556,-2.0333,-1.3871,-2.0923,901.230744,4117.279149,9426.689097,2249.991603,3292.259051
2024-11-04,46.5894,1.2861,4.9856,0.019784,2.5722,3.8583,2.5407,3.7993,912.821354,4223.182714,9790.395304,2307.156761,3417.342746
2024-11-05,46.7584,0.3628,4.9853,0.019783,0.7256,1.0883,0.6941,1.0294,916.132903,4253.824587,9896.948607,2323.170141,3452.521361
2024-11-06,47.1327,0.8004,4.985,0.019782,1.6008,2.4012,1.5693,2.3423,923.465742,4321.920845,10134.597747,2359.628489,3533.390034
2024-11-07,47.6759,1.1527,4.9848,0.019781,2.3053,3.458,2.2738,3.3991,934.110205,4421.555353,10485.051525,2413.282718,3653.492341
2024-11-08,48.0502,0.785,4.9845,0.01978,1.57,2.355,1.5385,2.2961,941.443045,4490.974473,10731.976981,2450.411792,3737.380153
2024-11-11,48.0744,0.0503,4.9837,0.019776,0.1005,0.1508,0.069,0.0918,941.916155,4495.48824,10748.156646,2452.103182,3740.812688
2024-11-12,46.8429,-2.5615,4.9834,0.019775,-5.123,-7.6846,-5.1545,-7.7435,917.78879,4265.182632,9922.208288,2325.70902,3451.143829
2024-11-13,46.5411,-0.6443,4.9831,0.019774,-1.2887,-1.933,-1.3202,-1.992,911.875058,4210.217597,9730.408345,2295.005664,3382.398753
2024-11-14,46.1185,-0.9079,4.9828,0.019773,-1.8158,-2.7237,-1.8473,-2.7826,903.596147,4133.768493,9465.381308,2252.610509,3288.279772
2024-11-15,46.4445,0.7068,4.9826,0.019772,1.4136,2.1204,1.3821,2.0615,909.98284,4192.204134,9666.08762,2283.7447,3356.068176
2024-11-18,45.7926,-1.4037,4.9817,0.019769,-2.8074,-4.2111,-2.8389,-4.27,897.209454,4074.512595,9259.040387,2218.912256,3212.764452
2024-11-19,46.4204,1.3709,4.9815,0.019768,2.7419,4.1128,2.7104,4.0539,909.509655,4186.230815,9639.847965,2279.053771,3343.007304
2024-11-20,46.2272,-0.4161,4.9812,0.019767,-0.8322,-1.2484,-0.8637,-1.3073,905.724995,4151.391252,9519.507696,2259.369245,3299.305468
2024-11-21,45.7201,-1.0969,4.9809,0.019766,-2.1938,-3.2907,-2.2252,-3.3496,895.790198,4060.318948,9206.252411,2209.092634,3188.793149
2024-11-22,46.6135,1.9541,4.9807,0.019765,3.9081,5.8622,3.8766,5.8033,913.294464,4219.000981,9745.939148,2294.731349,3373.847811
2024-11-25,46.4445,-0.3626,4.9798,0.019761,-0.7252,-1.0878,-0.7567,-1.1467,909.98284,4188.404617,9639.922235,2277.367768,3335.160113
2024-11-26,45.8409,-1.2997,4.9796,0.01976,-2.5994,-3.8991,-2.6309,-3.958,898.155675,4079.530143,9264.048285,2217.452673,3203.153668
2024-11-27,45.1769,-1.4485,4.9793,0.019759,-2.897,-4.3456,-2.9285,-4.4044,885.145734,3961.344738,8861.474239,2152.514567,3062.072835
2024-11-28,45.1044,-0.1603,4.979,0.019758,-0.3207,-0.481,-0.3521,-0.5399,883.726478,3948.641371,8818.848351,2144.93454,3045.540524
2024-11-29,45.2131,0.2409,4.9787,0.019757,0.4818,0.7227,0.4503,0.6638,885.8554,3967.666153,8882.58293,2154.594092,3065.757727
2024-12-02,46.2876,2.3765,4.9779,0.019754,4.753,7.1295,4.7215,7.0706,906.907771,4156.249482,9515.867209,2256.324199,3282.526221
2024-12-03,46.9154,1.3563,4.9777,0.019753,2.7126,4.0689,2.6811,4.01,919.208047,4268.990853,9903.054714,2316.818862,3414.155252
2024-12-04,47.193,0.5919,4.9774,0.019751,1.1837,1.7756,1.1523,1.7167,924.648444,4319.523495,10078.89048,2343.51455,3472.766155
2024-12-05,47.4466,0.5372,4.9771,0.01975,1.0745,1.6117,1.043,1.5528,929.615955,4365.935252,10241.331669,2367.957594,3526.692352
2024-12-06,47.2655,-0.3817,4.9768,0.019749,-0.7634,-1.1451,-0.7948,-1.2039,926.067701,4332.606548,10124.061156,2349.136207,3484.23328
2024-12-09,47.3258,0.1277,4.976,0.019746,0.2554,0.3832,0.224,0.3243,927.250477,4343.673783,10162.852594,2354.397994,3495.532775
2024-12-10,46.9878,-0.7143,4.9757,0.019745,-1.4286,-2.1428,-1.46,-2.2017,920.627303,4281.621715,9945.078638,2320.023472,3418.571704
2024-12-11,46.5773,-0.8736,4.9755,0.019744,-1.7472,-2.6208,-1.7786,-2.6796,912.584799,4206.814106,9684.441103,2278.758848,3326.966909
2024-12-12,47.1206,1.1664,4.9752,0.019743,2.3328,3.4992,2.3014,3.4403,923.229187,4304.95066,10023.319046,2331.201081,3441.426184
2024-12-13,47.1568,0.0769,4.9749,0.019742,0.1537,0.2306,0.1223,0.1718,923.938853,4311.5689,10046.433154,2334.051848,3447.336998
2024-12-16,47.35,0.4096,4.9741,0.019738,0.8193,1.2289,0.7878,1.17,927.723587,4346.891895,10169.892892,2352.439881,3487.672537
2024-12-17,47.5914,0.5099,4.9738,0.019737,1.0199,1.5298,0.9884,1.471,932.454468,4391.225418,10325.475499,2375.692489,3538.976039
2024-12-18,47.5914,0.0,4.9736,0.019736,0.0,0.0,-0.0314,-0.0588,932.454468,4391.225418,10325.475499,2374.945508,3536.893786
2024-12-19,46.9395,-1.3699,4.9733,0.019735,-2.7397,-4.1096,-2.7712,-4.1684,919.681082,4270.917526,9901.139665,2309.1316,3389.460617
2024-12-20,46.5049,-0.9259,4.973,0.019734,-1.8519,-2.7778,-1.8833,-2.8366,911.165467,4191.825997,9626.106398,2265.643651,3293.314248
2024-12-23,47.6277,2.4143,4.9722,0.019731,4.8287,7.243,4.7972,7.1842,933.164059,4394.235491,10323.325936,2374.331877,3529.911868
2024-12-24,47.7605,0.2788,4.9719,0.01973,0.5577,0.8365,0.5262,0.7777,935.766092,4418.741249,10409.682569,2386.826644,3557.363808
2024-12-25,47.9053,0.3033,4.9716,0.019729,0.6066,0.91,0.5752,0.8511,938.604456,4445.547085,10504.406462,2400.55578,3587.641846
2024-12-26,47.8691,-0.0756,4.9714,0.019728,-0.1512,-0.2268,-0.1826,-0.2856,937.894865,4438.825361,10480.582265,2396.171518,3577.394741
2024-12-27,48.0261,0.3279,4.9711,0.019727,0.6557,0.9836,0.6243,0.9248,940.969934,4467.932447,10583.670082,2411.130951,3610.478113
2024-12-30,47.7605,-0.553,4.9703,0.019723,-1.1061,-1.6591,-1.1375,-1.7179,935.766092,4418.514473,10408.077611,2383.704607,3548.453696
2024-12-31,47.2655,-1.0364,4.97,0.019722,-2.0728,-3.1092,-2.1043,-3.168,926.067701,4326.926448,10084.465928,2333.545443,3436.037072
2025-01-02,46.855,-0.8684,4.9651,0.019703,-1.7369,-2.6053,-1.7683,-2.6641,918.025345,4251.772806,9821.732893,2292.28155,3344.497793
2025-01-03,47.3258,1.0049,4.9626,0.019693,2.0098,3.0147,1.9784,2.9559,927.250477,4337.223963,10117.825304,2337.631542,3443.358301
2025-01-06,48.8108,3.1377,4.9552,0.019664,6.2755,9.4132,6.2441,9.3546,956.345278,4609.406448,11070.241477,2483.596295,3765.469241
2025-01-07,49.3541,1.113,4.9527,0.019654,2.2261,3.3391,2.1947,3.2804,966.989741,4712.015115,11439.888656,2538.104058,3888.992981
2025-01-08,48.6176,-1.4922,4.9503,0.019644,-2.9843,-4.4765,-3.0157,-4.5351,952.560693,4571.393368,10927.783826,2461.563133,3712.621808
2025-01-09,48.0623,-1.1423,4.9478,0.019634,-2.2846,-3.4269,-2.3159,-3.4855,941.679675,4466.956105,10553.302436,2404.555221,3583.218097
2025-01-10,48.0502,-0.0251,4.9453,0.019624,-0.0503,-0.0754,-0.0816,-0.134,941.443045,4464.711147,10545.346775,2402.593399,3578.416609
2025-01-13,46.9395,-2.3116,4.9379,0.019595,-4.6231,-6.9347,-4.6544,-6.9932,919.681082,4258.302749,9814.062693,2290.766878,3328.170191
2025-01-14,47.2292,0.6173,4.9355,0.019585,1.2346,1.8518,1.2033,1.7933,925.35811,4310.874235,9995.804063,2318.33105,3387.854629
2025-01-15,46.8671,-0.7669,4.933,0.019575,-1.5337,-2.3006,-1.565,-2.3591,918.261826,4244.756724,9765.839915,2282.048713,3307.930979
2025-01-16,47.8208,2.035,4.9305,0.019566,4.0701,6.1051,4.0388,6.0466,936.948794,4417.521465,10362.055288,2374.216143,3507.948818
2025-01-17,48.0534,0.4863,4.9281,0.019556,0.9726,1.4589,0.9413,1.4004,941.505229,4460.486782,10513.229083,2396.565807,3557.075545
2025-01-20,48.543,1.0188,4.9207,0.019527,2.0377,3.0565,2.0065,2.9981,951.097713,4551.37772,10834.569768,2444.651896,3663.72088
2025-01-21,48.6409,0.2017,4.9182,0.019517,0.4034,0.6052,0.3722,0.5468,953.016239,4569.739534,10900.135305,2453.751162,3683.752373
2025-01-22,49.2774,1.3085,4.9158,0.019507,2.617,3.9255,2.5858,3.8671,965.486476,4689.329797,11328.02076,2517.200029,3826.207753
2025-02-03,47.1721,-4.2722,4.8862,0.01939,-8.5445,-12.8167,-8.5756,-12.8748,924.238639,4288.651559,9876.142262,2301.335957,3333.589447
2025-02-04,47.4536,0.5968,4.8837,0.01938,1.1936,1.7904,1.1625,1.7322,929.754375,4339.839789,10052.960861,2328.088709,3391.335097
2025-02-05,48.1758,1.5218,4.8812,0.01937,3.0436,4.5654,3.0125,4.5073,943.903369,4471.927075,10511.918467,2398.222891,3544.192482
2025-02-06,48.3839,0.4319,4.8788,0.01936,0.8638,1.2957,0.8327,1.2376,947.980116,4510.555856,10648.122363,2418.193843,3588.056251
2025-02-07,48.6042,0.4554,4.8763,0.01935,0.9107,1.3661,0.8797,1.308,952.296783,4551.633857,10793.582345,2439.46552,3634.987897
2025-02-10,48.0534,-1.1332,4.8689,0.019321,-2.2664,-3.3996,-2.2975,-3.4576,941.505229,4448.47442,10426.639424,2383.419923,3509.302848
2025-02-11,48.3471,0.6113,4.8664,0.019311,1.2226,1.8339,1.1916,1.7759,947.260659,4502.861553,10617.853862,2411.82038,3571.625092
2025-02-12,48.2737,-0.1519,4.864,0.019301,-0.3038,-0.4557,-0.3348,-0.5137,945.821821,4489.182335,10569.469984,2403.745672,3553.279361
2025-02-13,48.0656,-0.431,4.8615,0.019292,-0.8621,-1.2931,-0.8931,-1.3511,941.744998,4450.482447,10432.795663,2382.278591,3505.272665
2025-02-14,47.4903,-1.1968,4.859,0.019282,-2.3937,-3.5905,-2.4247,-3.6484,930.473832,4343.952275,10058.204526,2324.516311,3377.384744
2025-02-17,48.2125,1.5206,4.8516,0.019253,3.0412,4.5618,3.0103,4.504,944.622751,4476.061802,10517.044044,2394.490525,3529.501241
2025-02-18,48.3839,0.3554,4.8492,0.019243,0.7108,1.0663,0.6799,1.0084,947.980116,4507.87932,10629.182655,2410.770384,3565.092921
2025-02-19,48.2982,-0.1771,4.8467,0.019233,-0.3541,-0.5312,-0.3851,-0.589,946.301508,4491.91493,10572.718714,2401.486906,3544.092838
2025-02-20,48.1146,-0.3801,4.8442,0.019223,-0.7603,-1.1404,-0.7912,-1.1982,942.704299,4457.764379,10452.147364,2382.486422,3501.627089
2025-02-21,48.4573,0.7123,4.8418,0.019213,1.4246,2.1369,1.3936,2.0791,949.41903,4521.268257,10675.494258,2415.689898,3574.428012
2025-02-24,48.0289,-0.8841,4.8344,0.019184,-1.7681,-2.6522,-1.799,-2.7099,941.025541,4441.326287,10392.359088,2372.231107,3477.563497
2025-02-25,47.4047,-1.2997,4.8319,0.019174,-2.5994,-3.8991,-2.6303,-3.9568,928.795074,4325.878846,9987.152,2309.834983,3339.963254
2025-02-26,47.6617,0.5422,4.8295,0.019164,1.0844,1.6266,1.0536,1.5689,933.831123,4372.789808,10149.606932,2334.170372,3392.365446
2025-02-27,47.1232,-1.1299,4.827,0.019155,-2.2599,-3.3898,-2.2907,-3.4475,923.279413,4273.970209,9805.554236,2280.700681,3275.414071
2025-03-03,46.0338,-2.3117,4.8171,0.019116,-4.6234,-6.9351,-4.6542,-6.9927,901.936075,4076.368511,9125.532823,2174.552365,3046.375511
2025-03-04,45.7278,-0.6647,4.8147,0.019106,-1.3294,-1.9941,-1.3602,-2.0517,895.940801,4022.176317,8943.557381,2144.973333,2983.87267
2025-03-05,46.3276,1.3116,4.8122,0.019096,2.6231,3.9347,2.5923,3.8771,907.69158,4127.682633,9295.457093,2200.577751,3099.560864
2025-03-06,46.0461,-0.6077,4.8097,0.019086,-1.2153,-1.823,-1.2461,-1.8805,902.175919,4077.518238,9126.003303,2173.15616,3041.273257
2025-03-07,45.6177,-0.9304,4.8073,0.019076,-1.8607,-2.7911,-1.8915,-2.8486,893.78243,4001.646998,8871.289106,2132.050828,2954.639562
2025-03-10,45.3484,-0.5903,4.7999,0.019047,-1.1806,-1.7708,-1.2113,-1.8283,888.506613,3954.405168,8714.192814,2106.225017,2900.619924
2025-03-11,44.5528,-1.7544,4.7974,0.019037,-3.5088,-5.2632,-3.5395,-5.3206,872.918705,3815.653467,8255.548965,2031.674513,2746.288905
2025-03-12,44.7486,0.4396,4.7949,0.019028,0.8791,1.3187,0.8484,1.2613,876.755684,3849.197439,8364.412588,2048.910851,2780.92653
2025-03-13,44.3325,-0.93,4.7925,0.019018,-1.8599,-2.7899,-1.8907,-2.8473,868.602114,3777.604631,8131.052856,2010.172805,2701.744867
2025-03-14,44.1856,-0.3313,4.79,0.019008,-0.6626,-0.994,-0.6933,-1.0513,865.724287,3752.572931,8050.234151,1996.235303,2673.340552
2025-03-17,44.565,0.8587,4.7826,0.018979,1.7175,2.5762,1.6868,2.5189,873.158549,3817.022117,8257.624273,2029.907434,2740.678729
2025-03-18,44.7486,0.412,4.7801,0.018969,0.8239,1.2359,0.7933,1.1786,876.755684,3848.471944,8359.680606,2046.009899,2772.980413
2025-03-19,44.1978,-1.2308,4.7777,0.018959,-2.4617,-3.6925,-2.4923,-3.7498,865.964205,3753.734712,8050.997182,1995.016177,2668.998926
2025-03-20,45.1525,2.1601,4.7752,0.018949,4.3201,6.4802,4.2894,6.4229,884.669485,3915.899978,8572.714429,2080.591378,2840.42588
2025-03-21,44.7854,-0.8132,4.7727,0.018939,-1.6264,-2.4397,-1.6571,-2.4969,877.475141,3852.209905,8363.56833,2046.11403,2769.502838
2025-03-24,44.7364,-0.1093,4.7653,0.01891,-0.2186,-0.3279,-0.2492,-0.3851,876.515915,3843.787696,8336.140026,2041.014098,2758.836512
2025-03-25,45.2015,1.0397,4.7629,0.0189,2.0793,3.119,2.0487,3.0618,885.628786,3923.713091,8596.145001,2082.829024,2843.307769
2025-03-26,45.1648,-0.0812,4.7604,0.018891,-0.1625,-0.2437,-0.1931,-0.3008,884.909403,3917.338752,8575.197468,2078.808046,2834.754209
2025-03-27,44.308,-1.897,4.7579,0.018881,-3.7941,-5.6911,-3.8246,-5.7482,868.122426,3768.712743,8087.175833,1999.301067,2671.806587
2025-03-28,43.8674,-0.9945,4.7555,0.018871,-1.9889,-2.9834,-2.0195,-3.0405,859.489168,3693.754955,7845.901084,1958.924649,2590.569478
2025-03-31,42.2884,-3.5993,4.7481,0.018842,-7.1987,-10.798,-7.2292,-10.855,828.553347,3427.854352,6998.70229,1817.310049,2309.362441
2025-04-01,43.1575,2.055,4.7456,0.018832,4.11,6.165,4.0795,6.108,845.580093,3568.738959,7430.171655,1891.44641,2450.417428
2025-04-02,43.084,-0.1702,4.7432,0.018822,-0.3403,-0.5105,-0.3709,-0.5675,844.14118,3556.593198,7392.240149,1884.431678,2436.510927
2025-04-07,38.7756,-10.0,4.7308,0.018773,-20.0,-30.0,-20.0305,-30.0569,759.727054,2845.274495,5174.567908,1506.970944,1704.170934
2025-04-08,37.5149,-3.2513,4.7284,0.018763,-6.5025,-9.7538,-6.533,-9.8107,735.026276,2660.25938,4669.850379,1408.520386,1536.979805
2025-04-09,35.7891,-4.6003,4.7259,0.018754,-9.2006,-13.801,-9.2311,-13.8578,701.212702,2415.498395,4025.365942,1278.498411,1323.98764
2025-04-10,39.3631,9.9863,4.7234,0.018744,19.9726,29.959,19.9422,29.9021,771.238065,2897.93732,5231.324029,1533.459058,1719.88795
2025-04-11,40.2811,2.3321,4.721,0.018734,4.6642,6.9963,4.6337,6.9394,789.224037,3033.102382,5597.321715,1604.515585,1839.238534
2025-04-14,40.073,-0.5166,4.7136,0.018705,-1.0331,-1.5497,-1.0635,-1.6065,785.147214,3001.766743,5510.580997,1587.451038,1809.69196
2025-04-15,40.477,1.0079,4.7111,0.018695,2.0159,3.0238,1.9855,2.9671,793.06109,3062.279239,5677.21237,1618.969796,1863.387136
2025-04-16,39.7426,-1.8143,4.7086,0.018685,-3.6287,-5.443,-3.6591,-5.4997,778.672327,2951.159401,5368.20189,1559.730788,1760.905841
2025-04-17,39.3019,-1.1087,4.7062,0.018675,-2.2174,-3.3262,-2.2478,-3.3829,770.038995,2885.718934,5189.646149,1524.670675,1701.336339
2025-04-18,39.3876,0.218,4.7037,0.018665,0.436,0.654,0.4056,0.5973,771.717678,2898.300652,5223.586389,1530.85516,1711.498474
2025-04-21,38.8246,-1.4295,4.6963,0.018636,-2.8589,-4.2884,-2.8892,-4.345,760.686355,2815.441102,4999.580636,1486.625026,1637.134054
2025-04-22,38.1759,-1.6709,4.6938,0.018626,-3.3418,-5.0126,-3.3721,-5.0693,747.9762,2721.355828,4748.969683,1436.494657,1554.143517
2025-04-23,39.865,4.4245,4.6914,0.018617,8.849,13.2735,8.8187,13.2169,781.070392,2962.168496,5379.323889,1563.174425,1759.553047
2025-04-24,39.6324,-0.5834,4.6889,0.018607,-1.1667,-1.7501,-1.197,-1.8067,776.513957,2927.608412,5285.181766,1544.462778,1727.764045
2025-04-25,40.5749,2.378,4.6864,0.018597,4.756,7.134,4.7257,7.0775,794.979542,3066.846096,5662.228336,1617.449735,1850.046082
2025-04-28,40.9176,0.8446,4.679,0.018568,1.6893,2.5339,1.659,2.4774,801.694273,3118.653837,5805.705012,1644.283389,1895.879598
2025-04-29,41.0767,0.3889,4.6766,0.018558,0.7778,1.1666,0.7475,1.1101,804.81187,3142.909228,5873.435988,1656.574206,1916.926652
2025-04-30,41.2725,0.4768,4.6741,0.018548,0.9535,1.4303,0.9233,1.3738,808.648848,3172.877164,5957.441637,1671.86861,1943.261447
2025-05-02,42.472,2.9063,4.6692,0.018528,5.8126,8.7189,5.7824,8.6625,832.150556,3357.303405,6476.863841,1768.541939,2111.595658
2025-05-05,42.0926,-0.8934,4.6618,0.018499,-1.7867,-2.6801,-1.8169,-2.7365,824.716368,3297.317086,6303.276661,1736.408477,2053.812372
2025-05-06,41.86,-0.5525,4.6593,0.018489,-1.105,-1.6575,-1.1352,-1.7138,820.159858,3260.882114,6198.800947,1716.697044,2018.613594
2025-05-07,41.7009,-0.3801,4.6568,0.01848,-0.7602,-1.1403,-0.7904,-1.1967,817.042337,3236.09214,6128.113887,1703.128119,1994.45768
2025-05-08,42.2517,1.3208,4.6544,0.01847,2.6416,3.9624,2.6115,3.9061,827.833965,3321.577804,6370.937265,1747.604568,2072.364074
2025-05-09,42.778,1.2456,4.6519,0.01846,2.4913,3.7369,2.4611,3.6806,838.145831,3404.327887,6609.014897,1790.615249,2148.640491
2025-05-12,43.2554,1.1159,4.6445,0.018431,2.2318,3.3476,2.2016,3.2914,847.498545,3480.304419,6830.261227,1830.037902,2219.361236
2025-05-13,43.7817,1.2168,4.6421,0.018421,2.4335,3.6503,2.4034,3.5941,857.81056,3564.998257,7079.584692,1874.020866,2299.126641
2025-05-14,44.7731,2.2645,4.6396,0.018411,4.5289,6.7934,4.4988,6.7372,877.235297,3726.45384,7560.526779,1958.329188,2454.022909
2025-05-15,44.6752,-0.2187,4.6371,0.018401,-0.4374,-0.6561,-0.4675,-0.7122,875.316845,3710.154855,7510.923758,1949.174125,2436.544215
2025-05-16,44.7976,0.274,4.6347,0.018391,0.5479,0.8219,0.5178,0.7658,877.714985,3730.484566,7572.657668,1959.267922,2455.202628
2025-05-19,44.1734,-1.3934,4.6273,0.018362,-2.7869,-4.1803,-2.817,-4.2364,865.484518,3626.520136,7256.095427,1904.076195,2351.189896
2025-05-20,44.259,0.194,4.6248,0.018352,0.3879,0.5819,0.3579,0.5258,867.163275,3640.588667,7298.318798,1910.890427,2363.553212
2025-05-21,44.9445,1.5487,4.6223,0.018343,3.0973,4.646,3.0673,4.59,880.592812,3753.350407,7637.400416,1969.503173,2472.039676
2025-05-22,44.4549,-1.0893,4.6199,0.018333,-2.1787,-3.268,-2.2087,-3.324,871.000254,3671.577691,7387.811019,1926.002788,2389.868594
2025-05-23,44.2713,-0.413,4.6174,0.018323,-0.826,-1.239,-0.856,-1.295,867.403044,3641.250642,7296.276591,1909.515734,2358.919709
2025-05-26,44.2223,-0.1106,4.61,0.018294,-0.2212,-0.3318,-0.2512,-0.3877,866.443743,3633.196591,7272.068733,1904.719238,2349.773326
2025-05-27,43.8307,-0.8857,4.6075,0.018284,-1.7714,-2.6571,-1.8014,-2.713,858.769786,3568.83928,7078.845999,1870.408406,2286.024304
2025-05-28,43.9041,0.1675,4.6051,0.018274,0.3351,0.5026,0.3051,0.4467,860.208625,3580.798212,7114.42708,1876.115258,2296.236577
2025-05-29,44.002,0.223,4.6026,0.018264,0.4461,0.6691,0.4161,0.6132,862.127152,3596.770749,7162.029083,1883.921589,2310.317042
2025-06-02,43.0595,-2.1419,4.5927,0.018225,-4.2837,-6.4256,-4.3137,-6.4814,843.661492,3442.694298,6701.824598,1802.655325,2160.575428
2025-06-03,43.3655,0.7106,4.5903,0.018215,1.4213,2.1319,1.3913,2.0761,849.656841,3491.62424,6844.701016,1827.736518,2205.431296
2025-06-04,44.3814,2.3427,4.5878,0.018206,4.6853,7.028,4.6554,6.9722,869.56134,3655.217417,7325.743494,1912.824802,2359.197898
2025-06-05,44.4671,0.193,4.5853,0.018196,0.3861,0.5791,0.3562,0.5234,871.239948,3669.329538,7368.168512,1919.63789,2371.54513
2025-06-06,44.5406,0.1652,4.5829,0.018186,0.3303,0.4955,0.3004,0.4398,872.678936,3681.450475,7404.677544,1925.405226,2381.974227
2025-06-09,44.9689,0.9618,4.5755,0.018157,1.9236,2.8854,1.8937,2.8297,881.072275,3752.266124,7618.329899,1961.866954,2449.376755
2025-06-10,46.1807,2.6946,4.573,0.018147,5.3892,8.0838,5.3594,8.0282,904.813753,3954.484135,8234.183147,2067.01067,2646.017045
2025-06-11,46.1807,0.0,4.5705,0.018137,0.0,0.0,-0.0298,-0.0556,904.813753,3954.484135,8234.183147,2066.393803,2644.54482
2025-06-12,46.1807,0.0,4.5681,0.018127,0.0,0.0,-0.0298,-0.0556,904.813753,3954.484135,8234.183147,2065.777322,2643.073932
2025-06-13,46.1807,0.0,4.5656,0.018118,0.0,0.0,-0.0298,-0.0556,904.813753,3954.484135,8234.183147,2065.161227,2641.60438
2025-06-16,46.1807,0.0,4.5582,0.018088,0.0,0.0,-0.0298,-0.0555,904.813753,3954.484135,8234.183147,2064.545922,2640.137195
2025-06-17,46.1807,0.0,4.5558,0.018078,0.0,0.0,-0.0298,-0.0555,904.813753,3954.484135,8234.183147,2063.931002,2638.671342
2025-06-18,46.5797,0.864,4.5533,0.018069,1.7281,2.5921,1.6983,2.5366,912.631736,4022.821048,8447.623879,2098.982985,2705.604611
2025-06-19,46.1195,-0.988,4.5508,0.018059,-1.9761,-2.9641,-2.0058,-3.0196,903.614683,3943.32789,8197.229332,2056.88116,2623.907113
2025-06-20,46.0509,-0.1486,4.5484,0.018049,-0.2972,-0.4458,-0.327,-0.5013,902.271812,3931.607446,8160.68336,2050.15562,2610.753562
2025-06-23,45.6691,-0.8293,4.541,0.01802,-1.6585,-2.4878,-1.6882,-2.5432,894.78964,3866.401016,7957.663717,2015.543984,2544.35735
2025-06-24,46.5014,1.8225,4.5385,0.01801,3.6449,5.4674,3.6152,5.412,911.09693,4007.329158,8392.742267,2088.410484,2682.058752
2025-06-25,47.177,1.4529,4.536,0.018,2.9059,4.3588,2.8762,4.3034,924.334606,4123.777204,8758.566383,2148.476726,2797.479804
2025-06-26,47.2358,0.1245,4.5336,0.01799,0.2491,0.3736,0.2194,0.3182,925.485692,4134.047992,8791.287858,2153.189753,2806.382734
2025-06-27,47.2847,0.1037,4.5311,0.017981,0.2073,0.311,0.1776,0.2556,926.444993,4142.618184,8818.625358,2157.014262,2813.556834
2025-06-30,47.3533,0.1449,4.5237,0.017951,0.2899,0.4348,0.2602,0.3796,927.787865,4154.62754,8856.972849,2162.62768,2824.236508
2025-07-01,47.6274,0.579,4.5212,0.017941,1.158,1.737,1.1283,1.6817,933.159724,4202.737839,9010.817548,2187.029588,2871.732872
2025-07-02,47.6372,0.0206,4.5188,0.017932,0.0411,0.0617,0.0115,0.0065,933.351584,4204.466028,9016.375493,2187.280715,2871.918171
2025-07-03,48.2933,1.3772,4.5163,0.017922,2.7544,4.1315,2.7247,4.0763,946.205541,4320.272385,9388.891383,2246.878367,2988.987301
2025-07-04,47.8429,-0.9327,4.5138,0.017912,-1.8654,-2.7981,-1.895,-2.8532,937.380423,4239.683313,9126.185016,2204.300279,2903.704189
2025-07-07,47.5589,-0.5935,4.5064,0.017883,-1.1871,-1.7806,-1.2167,-1.8357,931.816703,4189.354953,8963.682574,2177.481278,2850.3995
2025-07-08,47.3435,-0.453,4.504,0.017873,-0.9059,-1.3589,-0.9355,-1.414,927.596004,4151.403271,8841.878563,2157.111228,2810.095644
2025-07-09,47.8331,1.0341,4.5015,0.017863,2.0683,3.1024,2.0387,3.0473,937.188563,4237.265173,9116.188401,2201.088097,2895.727741
2025-07-10,48.3814,1.1464,4.499,0.017853,2.2927,3.4391,2.2632,3.384,947.932133,4334.413934,9429.701849,2250.902319,2993.719545
2025-07-11,48.587,0.425,4.4966,0.017844,0.85,1.275,0.8205,1.22,951.960971,4371.257615,9549.934341,2269.370453,3030.242565
2025-07-14,48.3031,-0.5844,4.4892,0.017814,-1.1689,-1.7533,-1.1984,-1.8083,946.397401,4320.163506,9382.495551,2242.174641,2975.446953
2025-07-15,48.9591,1.3582,4.4867,0.017804,2.7164,4.0746,2.6869,4.0196,959.251358,4437.516309,9764.794329,2302.419328,3095.048673
2025-07-16,49.3508,0.8,4.4842,0.017795,1.6,2.4,1.5705,2.345,966.925315,4508.516072,9999.14775,2338.578543,3167.628457
2025-07-17,49.6446,0.5952,4.4818,0.017785,1.1905,1.7857,1.161,1.7308,972.680894,4562.189554,10177.706196,2365.729438,3222.45383
2025-07-18,50.3789,1.4793,4.4793,0.017775,2.9586,4.4378,2.9291,4.3829,987.069583,4697.164803,10629.376958,2435.023581,3363.691699
2025-07-21,50.1916,-0.3719,4.4719,0.017746,-0.7438,-1.1157,-0.7732,-1.1705,983.398828,4662.228788,10510.790079,2416.195487,3324.319395
2025-07-22,49.8465,-0.6876,4.4695,0.017736,-1.3753,-2.0629,-1.4047,-2.1177,976.636711,4598.11129,10293.964955,2382.255274,3253.919677
2025-07-23,49.9944,0.2967,4.467,0.017726,0.5935,0.8902,0.564,0.8354,979.534793,4625.400258,10385.604217,2395.692376,3281.103111
2025-07-24,50.2902,0.5917,4.4645,0.017716,1.1834,1.7751,1.154,1.7203,985.330808,4680.138259,10569.962493,2423.338648,3337.54908
2025-07-25,50.1916,-0.1961,4.4621,0.017707,-0.3921,-0.5882,-0.4216,-0.643,983.398828,4661.785167,10507.787569,2413.122787,3316.088607
2025-07-28,50.3395,0.2947,4.4547,0.017677,0.5894,0.8841,0.56,0.8294,986.296835,4689.261075,10600.684708,2426.636333,3343.590902
2025-07-29,49.7478,-1.1753,4.4522,0.017667,-2.3506,-3.5259,-2.38,-3.5806,974.704731,4579.033806,10226.910085,2368.882249,3223.868686
2025-07-30,50.2902,1.0902,4.4497,0.017658,2.1804,3.2706,2.151,3.2159,985.330808,4678.873611,10561.386557,2419.83701,3327.544183
2025-07-31,50.8325,1.0784,4.4473,0.017648,2.1569,3.2353,2.1275,3.1806,995.95696,4779.790826,10903.079603,2471.319422,3433.381518
2025-08-01,50.3888,-0.8729,4.4448,0.017638,-1.7459,-2.6188,-1.7752,-2.6735,987.262788,4696.340791,10617.545441,2427.447634,3341.590722
2025-08-04,50.093,-0.5871,4.4374,0.017609,-1.1742,-1.7612,-1.2035,-1.8158,981.466773,4641.198308,10430.545228,2398.233944,3280.913443
2025-08-05,50.7339,1.2795,4.4349,0.017599,2.5591,3.8386,2.5297,3.784,994.024905,4759.969073,10830.930134,2458.903233,3405.063793
2025-08-06,50.2902,-0.8746,4.4325,0.017589,-1.7493,-2.6239,-1.7786,-2.6785,985.330808,4676.704293,10546.736582,2415.169993,3313.860843
2025-08-07,51.72,2.8431,4.43,0.017579,5.6863,8.5294,5.657,8.4749,1013.345154,4942.634899,11446.312398,2551.796076,3594.707221
2025-08-08,51.72,0.0,4.4275,0.01757,0.0,0.0,-0.0293,-0.0545,1013.345154,4942.634899,11446.312398,2551.049014,3592.747954
2025-08-11,52.1144,0.7626,4.4201,0.01754,1.5253,2.2879,1.496,2.2334,1021.073223,5018.022887,11708.191279,2589.213026,3672.989935
2025-08-12,52.1637,0.0946,4.4177,0.01753,0.1892,0.2838,0.16,0.2294,1022.03925,5027.517892,11741.422294,2593.355282,3681.415814
2025-08-13,52.6075,0.8507,4.4152,0.017521,1.7013,2.552,1.6721,2.4976,1030.733273,5113.051499,12041.059081,2636.718305,3773.361269
2025-08-14,52.4103,-0.3749,4.4127,0.017511,-0.7497,-1.1246,-0.779,-1.179,1026.869313,5074.716409,11905.642367,2616.17914,3728.872908
2025-08-15,52.4103,0.0,4.4103,0.017501,0.0,0.0,-0.0292,-0.0544,1026.869313,5074.716409,11905.642367,2615.415021,3726.845622
2025-08-18,52.5582,0.2822,4.4029,0.017472,0.5644,0.8467,0.5353,0.7923,1029.76732,5103.359909,12006.441872,2629.414224,3756.375085
2025-08-19,52.4596,-0.1876,4.4004,0.017462,-0.3752,-0.5628,-0.4044,-0.6171,1027.83534,5084.21075,11938.864842,2618.781009,3733.193415
2025-08-20,50.9804,-2.8196,4.3979,0.017452,-5.6391,-8.4587,-5.6683,-8.5129,998.854967,4797.50661,10928.996604,2470.34152,3415.389216
2025-08-21,51.2763,0.5803,4.3955,0.017442,1.1605,1.7408,1.1314,1.6866,1004.651057,4853.183918,11119.25078,2498.290916,3472.992156
2025-08-22,51.0298,-0.4808,4.393,0.017433,-0.9615,-1.4423,-0.9907,-1.4965,999.820994,4806.518602,10958.876672,2473.540867,3421.017417
2025-08-25,51.9665,1.8358,4.3856,0.017403,3.6715,5.5073,3.6424,5.4531,1018.175216,4982.990002,11562.409647,2563.636919,3607.568255
2025-08-26,52.0158,0.0949,4.3832,0.017393,0.1897,0.2846,0.1606,0.2305,1019.141168,4992.444823,11595.317755,2567.7552,3615.882289
2025-08-27,52.2624,0.4739,4.3807,0.017384,0.9479,1.4218,0.9188,1.3677,1023.97123,5039.766665,11760.180407,2591.347197,3665.335672
2025-08-28,51.7693,-0.9434,4.3782,0.017374,-1.8868,-2.8302,-1.9159,-2.8843,1014.311181,4944.677284,11427.347056,2541.70057,3559.616944
2025-08-29,51.7693,0.0,4.3758,0.017364,0.0,0.0,-0.0291,-0.0541,1014.311181,4944.677284,11427.347056,2540.961686,3557.691431
2025-09-01,51.2763,-0.9524,4.3684,0.017335,-1.9048,-2.8571,-1.9338,-2.9112,1004.651057,4850.492781,11100.850825,2491.824403,3454.120534
2025-09-02,51.2763,0.0,4.3659,0.017325,0.0,0.0,-0.029,-0.054,1004.651057,4850.492781,11100.850825,2491.100994,3452.25479
2025-09-03,51.227,-0.0962,4.3634,0.017315,-0.1923,-0.2885,-0.2213,-0.3425,1003.685029,4841.164748,11068.828584,2485.587377,3440.43213
2025-09-04,51.5721,0.6737,4.361,0.017305,1.3474,2.0212,1.3184,1.9672,1010.447071,4906.396687,11292.547829,2518.358139,3508.111924
2025-09-05,52.1144,1.0516,4.3585,0.017296,2.1033,3.1549,2.0743,3.1009,1021.073223,5009.590841,11648.814859,2570.595321,3616.896015
2025-09-08,52.6075,0.9461,4.3511,0.017266,1.8921,2.8382,1.8632,2.7843,1030.733273,5104.379137,11979.432075,2618.489725,3717.601509
2025-09-09,53.1498,1.0309,4.3486,0.017256,2.0619,3.0928,2.0329,3.0389,1041.359499,5209.625159,12349.933816,2671.721375,3830.577098
2025-09-10,54.1852,1.948,4.3462,0.017247,3.8961,5.8441,3.8671,5.7903,1061.6457,5412.59734,13071.682383,2775.040754,4052.378652
2025-09-11,54.6783,0.9099,4.3437,0.017237,1.8198,2.7298,1.7909,2.6759,1071.305824,5511.097928,13428.507856,2824.738857,4160.817082
2025-09-12,55.2206,0.9919,4.3412,0.017227,1.9838,2.9756,1.9548,2.9218,1081.931901,5620.424974,13828.092235,2879.957648,4282.388798
2025-09-15,55.2206,0.0,4.3338,0.017198,0.0,0.0,-0.0289,-0.0538,1081.931901,5620.424974,13828.092235,2879.125222,4280.08656
2025-09-16,55.9602,1.3393,4.3314,0.017188,2.6786,4.0179,2.6497,3.9641,1096.422088,5770.972352,14383.686262,2955.412887,4449.754482
2025-09-17,55.5657,-0.7049,4.3289,0.017178,-1.4097,-2.1146,-1.4386,-2.1683,1088.693944,5689.618816,14079.535506,2912.896704,4353.271565
2025-09-18,56.1574,1.0648,4.3264,0.017168,2.1296,3.1943,2.1007,3.1406,1100.286123,5810.782492,14529.283106,2974.087407,4489.991874
2025-09-19,56.2067,0.0878,4.324,0.017159,0.1756,0.2634,0.1467,0.2097,1101.252075,5820.985185,14567.549333,2978.450902,4499.406974
2025-09-22,56.6011,0.7018,4.3166,0.017129,1.4035,2.1053,1.3747,2.0517,1108.980219,5902.683852,14874.236944,3019.395189,4591.719317
2025-09-23,57.6365,1.8293,4.3141,0.017119,3.6585,5.4878,3.6297,5.4342,1129.266421,6118.635462,15690.505146,3128.99038,4841.242289
2025-09-24,57.5872,-0.0855,4.3116,0.01711,-0.1711,-0.2566,-0.1999,-0.3102,1128.300468,6108.167938,15650.241083,3122.735773,4826.224819
2025-09-25,57.39,-0.3425,4.3092,0.0171,-0.6849,-1.0274,-0.7137,-1.081,1124.436359,6066.330448,15489.448155,3100.447258,4774.054298
2025-09-26,56.4532,-1.6323,4.3067,0.01709,-3.2646,-4.8969,-3.2934,-4.9505,1106.082137,5868.288522,14730.943447,2998.336981,4537.716757
2025-09-30,56.9955,0.9607,4.2968,0.017051,1.9214,2.8821,1.8926,2.8286,1116.708289,5981.042036,15155.504789,3055.084897,4666.072361
2025-10-01,57.2914,0.519,4.2944,0.017041,1.0381,1.5571,1.0093,1.5036,1122.504304,6043.128452,15391.488163,3085.920051,4736.232954
2025-10-02,58.3761,1.8933,4.2919,0.017031,3.7866,5.6799,3.7578,5.6265,1143.756607,6271.956793,16265.706392,3201.884287,5002.714885
2025-10-03,59.2142,1.4358,4.2895,0.017022,2.8716,4.3074,2.8429,4.254,1160.178774,6452.063501,16966.340082,3292.91037,5215.531389
2025-10-07,60.8413,2.7477,4.2796,0.016982,5.4954,8.2431,5.4667,8.1898,1192.057154,6806.631845,18364.898957,3472.925109,5642.673408
2025-10-08,60.2989,-0.8914,4.2771,0.016973,-1.7828,-2.6742,-1.8115,-2.7275,1181.431002,6685.281452,17873.777703,3410.012899,5488.766708
2025-10-09,60.7427,0.7359,4.2747,0.016963,1.4718,2.2077,1.4431,2.1544,1190.125024,6783.673969,18268.371258,3459.223101,5607.015404
2025-10-13,60.151,-0.974,4.2648,0.016924,-1.948,-2.9221,-1.9767,-2.9753,1178.53292,6651.524734,17734.556254,3390.845389,5440.190722
2025-10-14,59.8552,-0.4918,4.2623,0.016914,-0.9836,-1.4754,-1.0122,-1.5286,1172.736905,6586.100451,17472.901068,3356.52262,5357.032483
2025-10-15,60.9399,1.8122,4.2599,0.016904,3.6244,5.4366,3.5958,5.3834,1193.989134,6824.805844,18422.827907,3477.215478,5645.422886
2025-10-16,62.1232,1.9417,4.2574,0.016894,3.8835,5.8252,3.8549,5.7721,1217.173342,7089.846317,19496.000199,3611.258191,5971.281048
2025-10-17,61.1864,-1.5079,4.2549,0.016885,-3.0159,-4.5238,-3.0445,-4.5769,1198.819196,6876.026193,18614.040916,3501.31506,5697.97967
2025-10-20,62.2218,1.6922,4.2475,0.016855,3.3844,5.0765,3.3558,5.0235,1219.105397,7108.735931,19558.991198,3618.812264,5984.215967
2025-10-21,62.3204,0.1585,4.2451,0.016846,0.317,0.4754,0.2884,0.4224,1221.037452,7131.267973,19651.983261,3629.249312,6009.492575
2025-10-22,61.8274,-0.7911,4.2426,0.016836,-1.5823,-2.3734,-1.6108,-2.4265,1211.377328,7018.431246,19185.558745,3570.788512,5863.674724
2025-10-23,61.4822,-0.5582,4.2401,0.016826,-1.1164,-1.6747,-1.145,-1.7277,1204.615211,6940.075062,18864.267465,3529.904171,5762.369855
2025-10-27,62.912,2.3256,4.2303,0.016787,4.6512,6.9768,4.6227,6.9238,1232.629556,7262.869692,20180.380945,3693.080203,6161.345685
2025-10-28,62.4683,-0.7053,4.2278,0.016777,-1.4107,-2.116,-1.4391,-2.1689,1223.935459,7160.415402,19753.366551,3639.931539,6027.711834
2025-10-29,63.5037,1.6575,4.2253,0.016767,3.3149,4.9724,3.2865,4.9195,1244.221735,7397.777857,20735.580707,3759.556149,6324.244461
2025-10-30,63.5037,0.0,4.2229,0.016757,0.0,0.0,-0.0285,-0.0529,1244.221735,7397.777857,20735.580707,3758.486037,6320.900202
2025-10-31,63.8488,0.5435,4.2204,0.016748,1.087,1.6304,1.0585,1.5776,1250.983777,7478.188099,21073.659202,3798.269509,6420.616609
2025-11-03,63.2572,-0.9266,4.213,0.016718,-1.8533,-2.7799,-1.8817,-2.8327,1239.391673,7339.596476,20487.828931,3726.797367,6238.73859
2025-11-04,63.06,-0.3118,4.2105,0.016709,-0.6235,-0.9353,-0.652,-0.9881,1235.527564,7293.830468,20296.201338,3702.49998,6177.093228
2025-11-05,62.2711,-1.251,4.2081,0.016699,-2.5019,-3.7529,-2.5304,-3.8057,1220.071424,7111.342499,19534.500216,3608.813595,5942.012388
2025-11-06,62.419,0.2375,4.2056,0.016689,0.4751,0.7126,0.4467,0.6598,1222.969432,7145.125313,19673.699754,3624.932724,5981.220166
2025-11-07,61.6794,-1.1848,4.2032,0.016679,-2.3697,-3.5545,-2.3981,-3.6072,1208.479245,6975.809228,18974.396313,3538.004727,5765.46365
2025-11-10,62.4683,1.279,4.1958,0.01665,2.558,3.8369,2.5296,3.7843,1223.935459,7154.247707,19702.432795,3627.502265,5983.644751
2025-11-11,62.0246,-0.7103,4.1933,0.01664,-1.4207,-2.131,-1.449,-2.1837,1215.241362,7052.608813,19282.570313,3574.938837,5852.982078
2025-11-12,62.3204,0.4769,4.1908,0.01663,0.9539,1.4308,0.9256,1.3782,1221.037452,7119.8836,19558.474772,3608.027138,5933.649247
2025-11-13,62.0246,-0.4747,4.1884,0.01662,-0.9494,-1.4241,-0.9777,-1.4767,1215.241362,7052.28947,19279.950955,3572.751525,5846.029248
2025-11-14,60.8413,-1.9078,4.1859,0.016611,-3.8156,-5.7234,-3.8439,-5.7759,1192.057154,6783.204241,18176.490149,3435.418898,5508.365789
2025-11-17,61.0385,0.3241,4.1785,0.016581,0.6483,0.9724,0.62,0.9199,1195.921189,6827.179543,18353.246581,3456.718812,5559.038216
2025-11-18,59.6087,-2.3425,4.176,0.016572,-4.685,-7.0275,-4.7133,-7.08,1167.906843,6507.327419,17063.477168,3293.794675,5165.459369
2025-11-19,59.2142,-0.6617,4.1736,0.016562,-1.3234,-1.9851,-1.3517,-2.0376,1160.178774,6421.209114,16724.74877,3249.273334,5060.208161
2025-11-20,61.0385,3.0808,4.1711,0.016552,6.1615,9.2423,6.1333,9.1898,1195.921189,6816.85421,18270.500833,3448.560283,5525.232922
2025-11-21,59.017,-3.3118,4.1686,0.016542,-6.6236,-9.9354,-6.6518,-9.9879,1156.314664,6365.332979,16455.253192,3219.167238,4973.380886
2025-11-24,58.7212,-0.5012,4.1612,0.016513,-1.0025,-1.5037,-1.0307,-1.5561,1150.518649,6301.520654,16207.807855,3185.986733,4895.988241
2025-11-25,59.5101,1.3434,4.1588,0.016503,2.6868,4.0302,2.6586,3.9778,1165.974788,6470.830694,16861.01795,3270.689474,5090.743185
2025-11-26,60.4961,1.657,4.1563,0.016493,3.314,4.971,3.2858,4.9186,1185.294962,6685.273708,17699.177919,3378.157642,5341.138572
2025-11-27,61.0385,0.8965,4.1538,0.016483,1.793,2.6895,1.7648,2.6372,1195.921189,6805.141309,18175.199866,3437.776037,5481.994139
2025-11-28,61.4822,0.727,4.1514,0.016474,1.4539,2.1809,1.4258,2.1286,1204.615211,6904.084366,18571.586162,3486.790666,5598.684197
2025-12-01,60.6441,-1.3633,4.144,0.016444,-2.7265,-4.0898,-2.7547,-4.1421,1188.193044,6715.841645,17812.043174,3390.740318,5366.783008
2025-12-02,60.8413,0.3252,4.1415,0.016435,0.6504,0.9756,0.6223,0.9234,1192.057154,6759.522675,17985.822222,3411.840112,5416.33948
2025-12-03,61.4329,0.9724,4.139,0.016425,1.9449,2.9173,1.9167,2.8651,1203.649183,6890.987154,18510.525712,3477.236456,5571.523164
2025-12-04,61.3343,-0.1605,4.1366,0.016415,-0.321,-0.4815,-0.3491,-0.5337,1201.717203,6868.865676,18421.391852,3465.095971,5541.786512
2025-12-05,61.8767,0.8842,4.1341,0.016405,1.7685,2.6527,1.7404,2.6006,1212.343355,6990.341192,18910.06382,3525.401912,5685.904348
2025-12-08,62.8134,1.5139,4.1267,0.016376,3.0279,4.5418,2.9998,4.4897,1230.697576,7202.001144,19768.928166,3631.15725,5941.185567
2025-12-09,62.7148,-0.157,4.1242,0.016366,-0.314,-0.471,-0.3421,-0.5231,1228.765447,7179.387629,19675.81968,3618.73645,5910.108344
2025-12-10,63.1586,0.7076,4.1218,0.016356,1.4151,2.1227,1.3871,2.0706,1237.459693,7280.984505,20093.474061,3668.930364,6032.483095
2025-12-11,62.4683,-1.0929,4.1193,0.016346,-2.1858,-3.2787,-2.2139,-3.3308,1223.935459,7121.836312,19434.667535,3587.705426,5831.55514
2025-12-12,62.5669,0.1579,4.1168,0.016337,0.3157,0.4736,0.2877,0.4215,1225.867514,7144.320795,19526.703863,3598.026136,5856.136855
2025-12-15,61.926,-1.0244,4.1095,0.016307,-2.0489,-3.0733,-2.0769,-3.1253,1213.309308,6997.94306,18926.589149,3523.299373,5673.116036
2025-12-16,61.3836,-0.8758,4.107,0.016298,-1.7516,-2.6274,-1.7796,-2.6793,1202.683231,6875.368081,18429.31597,3460.599099,5521.114029
2025-12-17,61.0385,-0.5622,4.1045,0.016288,-1.1245,-1.6867,-1.1525,-1.7387,1195.921189,6798.055074,18118.46152,3420.716153,5425.119547
2025-12-18,61.0385,0.0,4.1021,0.016278,0.0,0.0,-0.028,-0.0519,1195.921189,6798.055074,18118.46152,3419.758888,5422.302766
2025-12-19,61.6301,0.9693,4.0996,0.016268,1.9386,2.9079,1.9106,2.856,1207.513293,6929.842626,18645.33009,3485.097901,5577.164199
2025-12-22,62.5176,1.44,4.0922,0.016239,2.88,4.32,2.8521,4.2682,1224.901487,7129.422121,19450.808461,3584.494817,5815.206368
2025-12-23,62.8134,0.4732,4.0897,0.016229,0.9464,1.4196,0.9184,1.3677,1230.697576,7196.893292,19726.925262,3617.416287,5894.743355
2025-12-24,62.9613,0.2355,4.0873,0.016219,0.4709,0.7064,0.443,0.6546,1233.595509,7230.786448,19866.278671,3633.442014,5933.330849
2025-12-26,63.5037,0.8614,4.0823,0.0162,1.7228,2.5842,1.6949,2.5324,1244.221735,7355.358843,20379.66472,3695.025207,6083.589126
2025-12-29,64.3419,1.3199,4.0749,0.01617,2.6397,3.9596,2.6119,3.9079,1260.643827,7549.520983,21186.619091,3791.534108,6321.3297
2025-12-30,64.2433,-0.1532,4.0725,0.016161,-0.3065,-0.4597,-0.3344,-0.5114,1258.711922,7526.382077,21089.215193,3778.856661,6289.000602
2025-12-31,64.687,0.6907,4.07,0.016151,1.3814,2.0721,1.3536,2.0205,1267.405944,7630.352702,21526.209793,3830.0057,6416.067149
2026-01-02,66.0182,2.0579,4.0646,0.016129,4.1158,6.1738,4.088,6.1221,1293.48816,7944.405999,22855.187116,3986.576594,6808.867766
2026-01-05,68.5327,3.8088,4.0564,0.016097,7.6176,11.4264,7.5898,11.3749,1342.754734,8549.58149,25466.72266,4289.150865,7583.368753
2026-01-06,69.4202,1.295,4.0537,0.016086,2.5899,3.8849,2.5621,3.8334,1360.142928,8771.009538,26456.077525,4399.04474,7874.066211
2026-01-07,68.8778,-0.7812,4.051,0.016075,-1.5625,-2.3437,-1.5903,-2.3953,1349.516851,8633.963026,25836.015525,4329.087787,7685.462065
2026-01-08,69.1244,0.3579,4.0483,0.016065,0.7158,1.0737,0.688,1.0222,1354.346913,8695.766742,26113.424941,4358.874069,7764.025692
2026-01-09,68.8778,-0.3566,4.0456,0.016054,-0.7133,-1.0699,-0.741,-1.1214,1349.516851,8633.742613,25834.036852,4326.573574,7676.961836
2026-01-12,69.3709,0.7158,4.0375,0.016022,1.4316,2.1475,1.4039,2.0961,1359.176975,8757.346889,26388.813193,4387.314939,7837.875128
2026-01-13,69.716,0.4975,4.0348,0.016011,0.995,1.4925,0.9673,1.4411,1365.938942,8844.483289,26782.669838,4429.753077,7950.82884
2026-01-14,69.7653,0.0707,4.032,0.016,0.1415,0.2122,0.1137,0.1608,1366.905044,8856.994352,26839.498427,4434.791903,7963.615261
2026-01-15,69.6667,-0.1413,4.0293,0.015989,-0.2827,-0.424,-0.3104,-0.4754,1364.97299,8831.956478,26725.689394,4421.026921,7925.757861
2026-01-16,70.9979,1.9108,4.0266,0.015979,3.8217,5.7325,3.794,5.6812,1391.055355,9169.4845,28257.739924,4588.759913,8376.034353
2026-01-19,71.5896,0.8333,4.0185,0.015946,1.6667,2.5,1.639,2.4487,1402.647385,9322.307944,28964.177425,4663.969678,8581.140056
2026-01-20,71.5896,0.0,4.0158,0.015936,0.0,0.0,-0.0276,-0.0512,1402.647385,9322.307944,28964.177425,4662.680463,8576.743391
2026-01-21,70.85,-1.0331,4.0131,0.015925,-2.0661,-3.0992,-2.0938,-3.1504,1388.157198,9129.697911,28066.525596,4565.055551,8306.542157
2026-01-22,71.8,1.3409,4.0104,0.015914,2.6817,4.0226,2.6541,3.9714,1406.770547,9374.532208,29195.530325,4686.21735,8636.428923
2026-01-23,72.25,0.6267,4.0077,0.015903,1.2535,1.8802,1.2259,1.829,1415.587293,9492.03947,29744.467609,4743.663983,8794.392506
2026-01-26,72.25,0.0,3.9995,0.015871,0.0,0.0,-0.0276,-0.0511,1415.587293,9492.03947,29744.467609,4742.355801,8789.89793
2026-01-27,73.05,1.1073,3.9968,0.01586,2.2145,3.3218,2.187,3.2707,1431.261676,9702.244606,30732.522898,4846.069919,9077.391426
2026-01-28,74.2,1.5743,3.9941,0.01585,3.1485,4.7228,3.121,4.6717,1453.793396,10007.7209,32183.948453,4997.313611,9501.460201
2026-01-29,73.75,-0.6065,3.9914,0.015839,-1.2129,-1.8194,-1.2405,-1.8704,1444.976649,9886.334268,31598.395386,4935.323185,9323.741328
2026-01-30,72.6,-1.5593,3.9887,0.015828,-3.1186,-4.678,-3.1462,-4.729,1422.44478,9578.014281,30120.2312,4780.048904,8882.822203
2026-02-02,71.5,-1.5151,3.9805,0.015796,-3.0303,-4.5454,-3.0578,-4.5964,1400.892616,9287.771821,28751.131653,4633.884519,8474.531717
2026-02-03,72.95,2.028,3.9778,0.015785,4.0559,6.0839,4.0284,6.033,1429.302266,9664.477857,30500.322694,4820.557967,8985.797513
2026-02-04,72.9,-0.0685,3.9751,0.015774,-0.1371,-0.2056,-0.1645,-0.2565,1428.322711,9651.230985,30437.613582,4812.625822,8962.747584
2026-02-05,72.0,-1.2346,3.9724,0.015764,-2.4691,-3.7037,-2.4966,-3.7546,1410.689067,9412.928586,29310.292673,4692.473333,8626.23208
2026-02-06,71.9,-0.1389,3.9697,0.015753,-0.2778,-0.4167,-0.3052,-0.4675,1408.729807,9386.781961,29188.168317,4678.150372,8585.901776
2026-02-09,73.95,2.8512,3.9616,0.015721,5.7024,8.5535,5.6749,8.5027,1448.89517,9922.049267,31684.786265,4943.631882,9315.937069
2026-02-10,75.5,2.096,3.9589,0.01571,4.192,6.288,4.1646,6.2373,1479.26423,10337.984555,33677.139913,5149.515066,9896.996335
2026-02-11,77.2,2.2517,3.9561,0.015699,4.5033,6.755,4.4759,6.7042,1512.572107,10803.535342,35952.015479,5380.0021,10560.509942
2026-02-23,77.4,0.2591,3.9236,0.01557,0.5181,0.7772,0.4909,0.7267,1516.490777,10859.513492,36231.441695,5406.410935,10637.254754
2026-02-24,79.4,2.584,3.9209,0.015559,5.168,7.7519,5.1407,7.7015,1555.676585,11420.728649,39040.080531,5684.337927,11456.478086
2026-02-25,81.1,2.1411,3.9182,0.015548,4.2821,6.4232,4.2549,6.3727,1588.984461,11909.776595,41547.688207,5926.198171,12186.565099
2026-02-26,81.15,0.0617,3.9155,0.015538,0.1233,0.185,0.0961,0.1345,1589.964166,11924.46279,41624.538191,5931.891357,12202.959417
2026-03-02,80.35,-0.9858,3.9046,0.015495,-1.9717,-2.9575,-1.9989,-3.0079,1574.289784,11689.352341,40393.493572,5813.320807,11835.912503
2026-03-03,78.75,-1.9913,3.9019,0.015484,-3.9826,-5.9739,-4.0098,-6.0242,1542.941168,11223.815409,37980.443318,5580.220437,11122.894466
2026-03-04,75.6,-4.0,3.8992,0.015473,-8.0,-12.0,-8.0272,-12.0503,1481.223491,10325.909741,33422.787912,5132.285914,9782.550416
2026-03-05,77.4,2.381,3.8965,0.015462,4.7619,7.1429,4.7347,7.0926,1516.490777,10817.620572,35810.134001,5375.286527,10476.385598
2026-03-06,76.85,-0.7106,3.8938,0.015452,-1.4212,-2.1318,-1.4484,-2.1821,1505.714621,10663.880929,35046.735451,5297.433327,10247.78427
2026-03-09,73.6,-4.229,3.8857,0.015419,-8.458,-12.6871,-8.4852,-12.7373,1442.037684,9761.926115,30600.337566,4847.937583,8942.497689
2026-03-10,75.2,2.1739,3.883,0.015409,4.3478,6.5217,4.3207,6.4716,1473.3863,10186.35729,32596.009894,5057.402769,9521.215978
2026-03-11,78.2,3.9894,3.8802,0.015398,7.9787,11.9681,7.9516,11.9179,1532.165011,10999.098596,36497.128257,5459.548199,10655.947352
2026-03-12,76.6,-2.046,3.8775,0.015387,-4.0921,-6.1381,-4.1192,-6.1882,1500.816395,10549.008016,34256.89737,5234.660605,9996.531657
2026-03-13,75.95,-0.8486,3.8748,0.015376,-1.6971,-2.5457,-1.7242,-2.5958,1488.080977,10369.97743,33384.820242,5144.403824,9737.040134
2026-03-16,75.6,-0.4608,3.8667,0.015344,-0.9217,-1.3825,-0.9487,-1.4325,1481.223491,10274.402014,32923.280942,5095.59859,9597.55357
2026-03-17,76.65,1.3889,3.864,0.015333,2.7778,4.1667,2.7507,4.1166,1501.7961,10559.802905,34295.088329,5235.765581,9992.651
2026-03-18,77.8,1.5003,3.8613,0.015322,3.0007,4.501,2.9736,4.451,1524.327969,10876.66629,35838.70489,5391.457741,10437.42133
2026-03-19,76.0,-2.3136,3.8586,0.015312,-4.6273,-6.9409,-4.6543,-6.9909,1489.060682,10373.374985,33351.181407,5140.524466,9707.75435
2026-03-20,75.9,-0.1316,3.8558,0.015301,-0.2632,-0.3947,-0.2902,-0.4447,1487.101422,10346.077047,33219.534016,5125.608659,9664.584177
2026-03-23,74.25,-2.1739,3.8477,0.015269,-4.3478,-6.5217,-4.3748,-6.5716,1454.773101,9896.247203,31053.040707,4901.373272,9029.461773
2026-03-24,74.4,0.202,3.845,0.015258,0.404,0.6061,0.3771,0.5562,1457.712066,9936.232447,31241.242868,4919.855381,9079.682359
2026-03-25,76.2,2.4193,3.8423,0.015247,4.8387,7.258,4.8117,7.2082,1492.979203,10417.016655,33508.746618,5156.586215,9734.162794
2026-03-26,75.8,-0.5249,3.8396,0.015236,-1.0499,-1.5748,-1.0768,-1.6246,1485.142161,10307.653315,32981.057852,5101.060324,9576.01992
2026-03-27,75.0,-1.0554,3.8369,0.015226,-2.1108,-3.1662,-2.1378,-3.2161,1469.467779,10090.076699,31936.79878,4992.012002,9268.049827
2026-03-30,73.9,-1.4667,3.8287,0.015193,-2.9333,-4.4,-2.9602,-4.4497,1447.915614,9794.101526,30531.581583,4844.237015,8855.645172
2026-03-31,72.35,-2.0974,3.826,0.015183,-4.1949,-6.2923,-4.2218,-6.342,1417.546554,9383.252082,28610.44314,4639.725193,8294.017545
2026-04-01,75.45,4.2847,3.8233,0.015172,8.5695,12.8542,8.5426,12.8045,1478.284525,10187.345178,32288.079572,5036.077048,9356.022215
2026-04-02,73.95,-1.9881,3.8206,0.015161,-3.9761,-5.9642,-4.003,-6.0139,1448.89517,9782.281736,30362.349102,4834.482341,8793.360183
2026-04-07,75.3,1.8256,3.807,0.015107,3.6511,5.4767,3.6243,5.4271,1475.34571,10139.445781,32025.203394,5009.699384,9270.586275
2026-04-08,79.2,5.1793,3.8043,0.015097,10.3585,15.5378,10.3317,15.4883,1551.757914,11189.745252,37001.223024,5527.288808,10706.439283
2026-04-09,79.15,-0.0631,3.8016,0.015086,-0.1263,-0.1894,-0.153,-0.2389,1550.778359,11175.618078,36931.151363,5518.829667,10680.860173
2026-04-10,80.75,2.0215,3.7989,0.015075,4.043,6.0644,4.0162,6.0149,1582.126975,11627.443006,39170.814712,5740.475307,11323.304675
2026-04-13,80.6,-0.1858,3.7908,0.015043,-0.3715,-0.5573,-0.3983,-0.6067,1579.18801,11584.244636,38952.523122,5717.612719,11254.602577
2026-04-14,83.1,3.1017,3.7881,0.015032,6.2035,9.3052,6.1767,9.2558,1628.170269,12302.870248,42577.137625,6070.774544,12296.304051
2026-04-15,84.15,1.2635,3.7854,0.015021,2.5271,3.7906,2.5004,3.7412,1648.742878,12613.774015,44191.077165,6222.565494,12756.33549
2026-04-16,85.0,1.0101,3.7827,0.015011,2.0202,3.0303,1.9935,2.9809,1665.396816,12868.597271,45530.198287,6346.611185,13136.590551
2026-04-17,84.15,-1.0,3.7799,0.015,-2.0,-3.0,-2.0267,-3.0494,1648.742878,12611.225787,44164.29479,6217.984256,12736.008717
2026-04-20,84.55,0.4753,3.7718,0.014967,0.9507,1.426,0.924,1.3767,1656.580069,12731.11906,44794.091047,6275.439244,12911.349209
2026-04-21,86.0,1.715,3.7691,0.014957,3.4299,5.1449,3.4033,5.0956,1684.989719,13167.785722,47098.690442,6489.008299,13569.25929
2026-04-22,86.35,0.407,3.7664,0.014946,0.8139,1.2209,0.7873,1.1717,1691.847206,13274.964906,47673.730086,6540.096107,13728.245943
2026-04-23,86.35,0.0,3.7637,0.014935,0.0,0.0,-0.0266,-0.0492,1691.847206,13274.964906,47673.730086,6538.353723,13721.486771
2026-04-24,89.95,4.1691,3.761,0.014924,8.3382,12.5072,8.3115,12.458,1762.381629,14381.852092,53636.394542,7081.790592,15430.912187
2026-04-27,93.0,3.3908,3.7528,0.014892,6.7816,10.1723,6.755,10.1232,1822.140045,15357.164916,59092.464779,7560.162273,16993.011052
2026-04-28,92.0,-1.0753,3.7501,0.014881,-2.1505,-3.2258,-2.1771,-3.2749,1802.547142,15026.903305,57186.256238,7395.568059,16436.501089
2026-04-29,90.75,-1.3587,3.7474,0.014871,-2.7174,-4.0761,-2.744,-4.1252,1778.056012,14618.563541,54855.294706,7192.636014,15758.463634
2026-04-30,90.5,-0.2755,3.7447,0.01486,-0.551,-0.8264,-0.5775,-0.8755,1773.157786,14538.020491,54401.945163,7151.096351,15620.493369
2026-05-04,94.6,4.5304,3.7339,0.014817,9.0608,13.5912,9.0342,13.5422,1853.488662,15855.277106,61795.797942,7797.144049,17735.844998
2026-05-05,94.6,0.0,3.7311,0.014806,0.0,0.0,-0.0265,-0.049,1853.488662,15855.277106,61795.797942,7795.076833,17727.158453
2026-05-06,95.75,1.2156,3.7284,0.014795,2.4313,3.6469,2.4048,3.598,1876.020531,16240.765334,64049.453219,7982.532153,18364.978696
2026-05-07,97.7,2.0366,3.7257,0.014785,4.0731,6.1097,4.0466,6.0607,1914.226633,16902.268056,67962.651286,8305.554075,19478.028027
2026-05-08,97.0,-0.7165,3.723,0.014774,-1.433,-2.1494,-1.4594,-2.1983,1900.51166,16660.066696,66501.843201,8184.340158,19049.83464
2026-05-11,96.9,-0.1031,3.7149,0.014742,-0.2062,-0.3093,-0.2326,-0.3581,1898.5524,16625.716568,66296.170535,8165.300898,18981.613014
2026-05-12,96.85,-0.0516,3.7122,0.014731,-0.1032,-0.1548,-0.1296,-0.2036,1897.572695,16608.557918,66193.538622,8154.715186,18942.959817
2026-05-13,95.5,-1.3939,3.7095,0.01472,-2.7878,-4.1817,-2.8142,-4.2305,1871.122305,16145.542364,63425.510407,7925.221968,18141.57319
2026-05-14,96.05,0.5759,3.7067,0.014709,1.1518,1.7278,1.1254,1.679,1881.898462,16331.512994,64521.349913,8014.414254,18446.16559
2026-05-15,95.4,-0.6767,3.704,0.014699,-1.3535,-2.0302,-1.3799,-2.079,1869.163044,16110.471703,63211.439204,7903.825773,18062.677278
2026-05-18,94.9,-0.5241,3.6959,0.014666,-1.0482,-1.5723,-1.0746,-1.621,1859.366592,15941.598836,62217.548666,7818.892001,17769.876824
2026-05-19,93.1,-1.8967,3.6932,0.014656,-3.7935,-5.6902,-3.8198,-5.7389,1824.099306,15336.85856,58677.239635,7520.223224,16750.083869
2026-05-20,92.5,-0.6445,3.6905,0.014645,-1.2889,-1.9334,-1.3153,-1.9821,1812.343594,15139.176672,57542.773851,7421.310894,16418.088048
2026-05-21,95.85,3.6216,3.6878,0.014634,7.2432,10.8649,7.2169,10.8162,1877.979791,16235.743564,63794.715622,7956.899449,18193.90569
2026-05-22,97.3,1.5128,3.6851,0.014623,3.0256,4.5384,2.9992,4.4897,1906.389591,16726.967411,66689.946644,8195.546021,19010.765473
2026-05-25,100.8,3.5971,3.6769,0.014591,7.1942,10.7914,7.1679,10.7428,1974.964754,17930.346324,73886.703251,8782.99842,21053.057698
2026-05-26,100.1,-0.6944,3.6742,0.01458,-1.3889,-2.0833,-1.4152,-2.1319,1961.249632,17681.312115,72347.386913,8658.702787,20604.233366
2026-05-27,102.55,2.4476,3.6715,0.014569,4.8951,7.3427,4.8688,7.2942,2009.252336,18546.83252,77659.617637,9080.281025,22107.14059
2026-05-28,100.5,-1.999,3.6688,0.014559,-3.9981,-5.9971,-4.0243,-6.0456,1969.086823,17805.319851,73002.305641,8714.861403,20770.638848
2026-05-29,105.4,4.8756,3.6661,0.014548,9.7512,14.6269,9.725,14.5784,2065.092081,19541.560536,83680.258149,9562.381022,23798.667581
2026-06-01,105.5,0.0949,3.658,0.014516,0.1898,0.2846,0.1635,0.2362,2067.051342,19578.64073,83918.433614,9578.01823,23854.886981
2026-06-02,105.7,0.1896,3.6552,0.014505,0.3791,0.5687,0.3529,0.5203,2070.969863,19652.87141,84395.687565,9611.821916,23979.01273
2026-06-03,107.6,1.7975,3.6525,0.014494,3.5951,5.3926,3.5689,5.3443,2108.19641,20359.408529,88946.830606,9954.856584,25260.516321
2026-06-04,106.1,-1.3941,3.6498,0.014483,-2.7881,-4.1822,-2.8143,-4.2305,2078.807054,19791.76702,85226.935221,9674.697663,24191.873186
2026-06-05,104.15,-1.8379,3.6471,0.014473,-3.6758,-5.5137,-3.702,-5.562,2040.600952,19064.266815,80527.813657,9316.545109,22846.328895
2026-06-08,100.95,-3.0725,3.639,0.01444,-6.145,-9.2175,-6.1711,-9.2657,1977.90357,17892.769164,73105.17222,8741.608195,20729.448903
2026-06-09,103.5,2.526,3.6363,0.01443,5.052,7.578,5.0259,7.5298,2027.865534,18796.714035,78645.095486,9180.950598,22290.333679
2026-06-10,100.25,-3.1401,3.6336,0.014419,-6.2802,-9.4203,-6.3063,-9.4685,1964.188597,17616.244071,71236.499534,8601.970617,20179.775069
2026-06-11,99.85,-0.399,3.6308,0.014408,-0.798,-1.197,-0.8241,-1.2452,1956.351406,17475.665029,70383.790053,8531.079842,19928.497853
2026-06-12,101.95,2.1032,3.6281,0.014397,4.2063,6.3095,4.1802,6.2613,1997.496474,18210.745058,74824.626927,8887.696278,21176.280875
2026-06-12,101.95,-0.0,3.6281,0.014397,-0.0,-0.0,-0.0261,-0.0482,1997.496414,18210.743968,74824.620208,8885.375728,21166.080523
2026-06-12,101.95,-0.0,3.6281,0.014397,-0.0,-0.0,-0.0261,-0.0482,1997.496354,18210.742878,74824.613489,8883.055784,21155.885084
2026-06-15,105.25,3.2369,3.618,0.014357,6.4738,9.7106,6.4477,9.6626,2062.15293,19389.662966,82090.564186,9455.808408,23200.085831
2026-06-16,105.9,0.6176,3.618,0.014357,1.2352,1.8527,1.2091,1.8047,2074.888346,19629.155802,83611.485573,9570.138001,23618.767705
2026-06-17,106.0,0.0944,3.618,0.014357,0.1889,0.2833,0.1628,0.2352,2076.847636,19666.226918,83848.345306,9585.717604,23674.320642
2026-06-18,107.3,1.2264,3.618,0.014357,2.4528,3.6793,2.4268,3.6312,2102.318469,20148.607201,86933.338838,9818.341158,24533.976549
2026-06-18,107.3,0.0,3.6226,0.014376,0.0,0.0,-0.0261,-0.0481,2102.318529,20148.608347,86933.346256,9815.780903,24522.173814
2026-06-22,111.15,3.5881,3.658,0.014516,7.1761,10.7642,7.1499,10.7158,2177.751237,21594.501597,96291.040079,10517.601609,27149.925803
2026-06-23,110.7,-0.4049,3.658,0.014516,-0.8097,-1.2146,-0.8359,-1.263,2168.934371,21419.646147,95121.505345,10429.680317,26807.027681
2026-06-24,107.1,-3.252,3.658,0.014516,-6.5041,-9.7561,-6.5303,-9.8045,2098.39989,20026.49784,85841.354549,9748.591944,24178.733048
2026-06-25,107.2,0.0934,3.658,0.014516,0.1867,0.2801,0.1605,0.2317,2100.35912,20063.894454,86081.799185,9764.239744,24234.756785
2026-06-26,103.55,-3.4048,3.658,0.014516,-6.8097,-10.2145,-6.8359,-10.2629,2028.845087,18697.604276,77288.936191,9096.76432,21747.55811
2026-06-26,103.1,-0.4346,3.6623,0.014533,-0.8691,-1.3037,-0.8954,-1.3522,2020.028251,18535.094369,76281.302993,9015.313021,21453.497761
2026-06-26,103.1,-0.0,3.6646,0.014542,-0.0,-0.0,-0.0263,-0.0485,2020.028221,18535.09382,76281.299606,9012.946384,21443.102791
2026-06-29,104.45,1.3094,3.663,0.014536,2.6188,3.9282,2.5926,3.8798,2046.478579,19020.492852,79277.793932,9246.613211,22275.047926
2026-06-30,108.1,3.4945,3.663,0.014536,6.989,10.4835,6.9627,10.435,2117.99264,20349.83263,87588.86603,9890.431306,24599.458985
2026-07-01,109.5,1.2951,3.663,0.014536,2.5902,3.8853,2.564,3.8369,2145.422702,20876.932828,90991.948706,10144.017237,25543.30453
2026-07-02,108.0,-1.3699,3.7,0.014683,-2.7397,-4.1096,-2.7661,-4.1583,2116.03335,20304.962066,87252.553554,9863.422063,24481.132393
2026-07-03,108.45,0.4167,3.668,0.014556,0.8333,1.25,0.8071,1.2015,2124.850096,20474.168936,88343.203077,9943.026367,24775.276952
