# ASSET=BTC-USD,NAME=bitcoin,LEV2=2x bitcoin,LEV3=3x bitcoin
Date,Asset_Close,NDX_DailyReturn,RF_Annual_Pct,RF_Daily_Pct,NDX2L_DailyReturn,NDX3L_DailyReturn,NDX2L_Adj_DailyReturn,NDX3L_Adj_DailyReturn,NDX_Indexed,NDX2L,NDX3L,NDX2L_adj,NDX3L_adj
2014-09-18,424.44,-7.1926,0.0385,0.000106,-14.3851,-21.5777,-14.3933,-21.5913,92.807442,85.614885,78.422327,85.606697,78.408746
2014-09-19,394.796,-6.9843,0.0385,0.000105,-13.9685,-20.9528,-13.9767,-20.9664,86.325525,73.655745,61.990659,73.641692,61.969275
2014-09-20,408.904,3.5735,0.0384,0.000105,7.147,10.7205,7.1388,10.7069,89.410361,78.919909,68.636352,78.898822,68.60426
2014-09-21,398.821,-2.4659,0.0383,0.000105,-4.9317,-7.3976,-4.9399,-7.4111,87.205631,75.027808,63.558934,75.001302,63.5199
2014-09-22,402.152,0.8352,0.0382,0.000105,1.6704,2.5056,1.6622,2.4921,87.933982,76.281088,65.151486,76.247999,65.102849
2014-09-23,435.791,8.3647,0.0381,0.000104,16.7295,25.0942,16.7213,25.0806,95.289432,89.04252,81.500747,88.997653,81.431064
2014-09-24,423.205,-2.8881,0.0381,0.000104,-5.7762,-8.6642,-5.7843,-8.6778,92.537396,83.899279,74.439323,83.849718,74.364621
2014-09-25,411.574,-2.7483,0.038,0.000104,-5.4966,-8.2449,-5.5048,-8.2585,89.994182,79.287656,68.301855,79.233955,68.223214
2014-09-26,404.425,-1.737,0.0379,0.000104,-3.474,-5.211,-3.4822,-5.2246,88.430988,76.533212,64.742657,76.47489,64.658851
2014-09-27,399.52,-1.2128,0.0378,0.000104,-2.4257,-3.6385,-2.4339,-3.6521,87.358468,74.676772,62.386996,74.613605,62.297461
2014-09-28,377.181,-5.5915,0.0377,0.000103,-11.1829,-16.7744,-11.1911,-16.7879,82.473857,66.325733,51.92197,66.263522,51.838996
2014-09-29,375.467,-0.4544,0.0376,0.000103,-0.9088,-1.3633,-0.917,-1.3768,82.099078,65.722937,51.214137,65.655867,51.125256
2014-09-30,386.944,3.0567,0.0376,0.000103,6.1134,9.1702,6.1053,9.1566,84.60862,69.740874,55.910561,69.66433,55.806589
2014-10-01,383.615,-0.8603,0.0375,0.000103,-1.7207,-2.581,-1.7289,-2.5946,83.880704,68.540865,54.467509,68.459937,54.358645
2014-10-02,375.072,-2.227,0.0374,0.000102,-4.4539,-6.6809,-4.4621,-6.6945,82.012704,65.488093,50.82858,65.405166,50.71961
2014-10-03,359.512,-4.1485,0.0373,0.000102,-8.2971,-12.4456,-8.3053,-12.4592,78.610377,60.054499,44.502654,59.973099,44.400361
2014-10-04,328.866,-8.5243,0.0372,0.000102,-17.0487,-25.573,-17.0568,-25.5866,71.909367,49.816009,33.121992,49.743578,33.039831
2014-10-05,320.51,-2.5408,0.0372,0.000102,-5.0817,-7.6225,-5.0899,-7.6361,70.082259,47.28451,30.597253,47.211689,30.51687
2014-10-06,330.079,2.9856,0.0371,0.000102,5.9711,8.9567,5.9629,8.9431,72.174603,50.107919,33.337745,50.026887,33.246021
2014-10-07,336.187,1.8505,0.037,0.000101,3.7009,5.5514,3.6927,5.5378,73.51017,51.96238,35.188457,51.874254,35.087129
2014-10-08,352.94,4.9832,0.0369,0.000101,9.9665,14.9497,9.9583,14.9361,77.173355,57.141196,40.449028,57.040042,40.327789
2014-10-09,365.026,3.4244,0.0368,0.000101,6.8488,10.2731,6.8406,10.2596,79.816062,61.054656,44.60441,60.941907,44.465244
2014-10-10,361.562,-0.949,0.0367,0.000101,-1.8979,-2.8469,-1.9061,-2.8605,79.058631,59.895875,43.334562,59.780279,43.193323
2014-10-11,362.299,0.2038,0.0367,0.0001,0.4077,0.6115,0.3995,0.5979,79.219782,60.140056,43.599559,60.019097,43.451594
2014-10-12,378.549,4.4852,0.0366,0.0001,8.9705,13.4557,8.9623,13.4422,82.772984,65.534914,49.4662,65.398193,49.29243
2014-10-13,390.414,3.1343,0.0365,0.0001,6.2687,9.403,6.2605,9.3894,85.367366,69.64308,54.117508,69.492438,53.920709
2014-10-14,400.87,2.6782,0.0364,0.0001,5.3564,8.0345,5.3482,8.021,87.653658,73.373415,58.465603,73.209019,58.245675
2014-10-15,394.773,-1.5209,0.0363,0.0001,-3.0419,-4.5628,-3.0501,-4.5764,86.3205,71.141487,55.797926,70.976101,55.580129
2014-10-16,382.556,-3.0947,0.0362,9.9e-05,-6.1894,-9.2841,-6.1976,-9.2976,83.649146,66.738266,50.617603,66.57731,50.412486
2014-10-17,383.758,0.3142,0.0362,9.9e-05,0.6284,0.9426,0.6202,0.929,83.911973,67.157651,51.094727,66.990237,50.880836
2014-10-18,391.442,2.0023,0.0361,9.9e-05,4.0046,6.0069,3.9964,5.9933,85.592143,69.847048,54.163937,69.667449,53.930295
2014-10-19,389.546,-0.4844,0.036,9.9e-05,-0.9687,-1.4531,-0.9769,-1.4667,85.177568,69.170423,53.376889,68.986864,53.139325
2014-10-20,382.845,-1.7202,0.0359,9.8e-05,-3.4404,-5.1606,-3.4486,-5.1742,83.712339,66.790677,50.622313,66.60779,50.3898
2014-10-21,386.475,0.9482,0.0358,9.8e-05,1.8963,2.8445,1.8882,2.8309,84.506071,68.05725,52.062264,67.865446,51.8163
2014-10-22,383.158,-0.8583,0.0358,9.8e-05,-1.7165,-2.5748,-1.7247,-2.5884,83.780777,66.889014,50.721752,66.69495,50.475093
2014-10-23,358.417,-6.4571,0.0357,9.8e-05,-12.9143,-19.3714,-12.9224,-19.3849,78.370946,58.250797,40.896249,58.07634,40.690523
2014-10-24,358.345,-0.0201,0.0356,9.8e-05,-0.0402,-0.0603,-0.0484,-0.0738,78.355204,58.227396,40.871606,58.048259,40.660485
2014-10-25,347.271,-3.0903,0.0355,9.7e-05,-6.1806,-9.271,-6.1888,-9.2845,75.933778,54.628571,37.082416,54.455758,36.885353
2014-10-26,354.704,2.1404,0.0354,9.7e-05,4.2808,6.4212,4.2726,6.4077,77.55907,56.967119,39.46356,56.782454,39.24884
2014-10-27,352.989,-0.4835,0.0353,9.7e-05,-0.967,-1.4505,-0.9752,-1.4641,77.184072,56.416246,38.891141,56.228722,38.674211
2014-10-28,357.618,1.3114,0.0353,9.7e-05,2.6227,3.9341,2.6146,3.9206,78.196242,57.8959,40.421163,57.698859,40.190454
2014-10-29,335.591,-6.1594,0.0352,9.6e-05,-12.3187,-18.4781,-12.3269,-18.4917,73.379848,50.763857,32.952099,50.58637,32.758569
2014-10-30,345.305,2.8946,0.0351,9.6e-05,5.7892,8.6838,5.781,8.6702,75.503895,53.70267,35.813585,53.510771,35.598807
2014-10-31,338.321,-2.0226,0.035,9.6e-05,-4.0451,-6.0677,-4.0533,-6.0812,73.976788,51.530339,33.640538,51.341827,33.433965
2014-11-01,325.749,-3.716,0.0349,9.6e-05,-7.432,-11.148,-7.4402,-11.1616,71.227808,47.700601,29.890287,47.521899,29.702208
2014-11-02,325.892,0.0439,0.0348,9.5e-05,0.0878,0.1317,0.0796,0.1181,71.259077,47.742482,29.929653,47.559738,29.737299
2014-11-03,327.554,0.51,0.0348,9.5e-05,1.02,1.5299,1.0118,1.5164,71.622485,48.229438,30.38756,48.04094,30.18823
2014-11-04,330.492,0.897,0.0347,9.5e-05,1.7939,2.6909,1.7857,2.6773,72.264908,49.094632,31.20525,48.898825,30.996463
2014-11-05,339.486,2.7214,0.0346,9.5e-05,5.4428,8.1642,5.4346,8.1506,74.23152,51.766749,33.752903,51.556285,33.522867
2014-11-06,349.29,2.8879,0.0345,9.5e-05,5.7758,8.6637,5.7676,8.6501,76.375252,54.756693,36.677153,54.529858,36.422642
2014-11-07,342.415,-1.9683,0.0344,9.4e-05,-3.9366,-5.9048,-3.9447,-5.9184,74.871975,52.601164,34.511428,52.3788,34.267007
2014-11-08,345.488,0.8974,0.0344,9.4e-05,1.7949,2.6923,1.7867,2.6788,75.543912,53.545301,35.440594,53.314663,35.184947
2014-11-09,363.264,5.1452,0.0343,9.4e-05,10.2904,15.4356,10.2822,15.422,79.430787,59.055312,40.911048,58.796581,40.61117
2014-11-10,366.924,1.0075,0.0342,9.4e-05,2.0151,3.0226,2.0069,3.009,80.231078,60.245315,42.147625,59.976564,41.833177
2014-11-11,367.695,0.2101,0.0341,9.3e-05,0.4202,0.6304,0.4121,0.6168,80.399663,60.498495,42.413312,60.223711,42.09121
2014-11-12,423.561,15.1936,0.034,9.3e-05,30.3871,45.5807,30.379,45.5672,92.615242,78.882257,61.7456,78.51905,61.270976
2014-11-13,420.735,-0.6672,0.0339,9.3e-05,-1.3344,-2.0016,-1.3426,-2.0152,91.997309,77.829644,60.509691,77.464865,60.036262
2014-11-14,397.818,-5.4469,0.0339,9.3e-05,-10.8938,-16.3407,-10.902,-16.3542,86.986312,69.351046,50.621993,69.019673,50.217788
2014-11-15,376.133,-5.451,0.0338,9.3e-05,-10.902,-16.353,-10.9101,-16.3665,82.244702,61.790417,42.343802,61.489527,41.998889
2014-11-16,387.882,3.1236,0.0337,9.2e-05,6.2473,9.3709,6.2391,9.3573,84.813719,65.650621,46.31179,65.325908,45.928863
2014-11-17,387.408,-0.1222,0.0336,9.2e-05,-0.2444,-0.3666,-0.2526,-0.3802,84.710076,65.490169,46.142008,65.160909,45.75426
2014-11-18,375.198,-3.1517,0.0335,9.2e-05,-6.3034,-9.4551,-6.3116,-9.4687,82.040256,61.362043,41.779216,61.048212,41.421928
2014-11-19,380.555,1.4278,0.0335,9.2e-05,2.8556,4.2833,2.8474,4.2698,83.211609,63.114271,43.568759,62.786488,43.190554
2014-11-20,357.84,-5.9689,0.0334,9.1e-05,-11.9378,-17.9067,-11.946,-17.9203,78.244781,55.579799,35.767015,55.286014,35.450681
2014-11-21,350.848,-1.9539,0.0333,9.1e-05,-3.9079,-5.8618,-3.9161,-5.8754,76.715919,53.407799,33.67041,53.120977,33.367814
2014-11-22,352.92,0.5906,0.0332,9.1e-05,1.1812,1.7717,1.173,1.7582,77.168984,54.038626,34.266957,53.744074,33.954478
2014-11-23,367.573,4.1519,0.0331,9.1e-05,8.3039,12.4558,8.2957,12.4422,80.372985,58.525915,38.535175,58.202512,38.179173
2014-11-24,376.901,2.5377,0.033,9.1e-05,5.0755,7.6132,5.0673,7.5996,82.412632,61.496372,41.468929,61.151798,41.08065
2014-11-25,375.348,-0.412,0.033,9e-05,-0.8241,-1.2361,-0.8323,-1.2497,82.073054,60.989585,40.956314,60.642852,40.567269
2014-11-26,368.37,-1.8591,0.0329,9e-05,-3.7181,-5.5772,-3.7263,-5.5908,80.547255,58.721902,38.67209,58.383105,38.299245
2014-11-27,369.67,0.3529,0.0328,9e-05,0.7058,1.0587,0.6977,1.0452,80.831515,59.136374,39.081524,58.790415,38.699542
2014-11-28,376.447,1.8333,0.0327,9e-05,3.6665,5.4998,3.6583,5.4862,82.313359,61.30461,41.230911,60.941162,40.822678
2014-11-29,375.491,-0.254,0.0326,8.9e-05,-0.5079,-0.7619,-0.5161,-0.7754,82.104323,60.993241,40.916791,60.62666,40.506137
2014-11-30,378.047,0.6807,0.0325,8.9e-05,1.3614,2.0421,1.3532,2.0286,82.663214,61.823614,41.752363,61.447088,41.327836
2014-12-01,379.245,0.3169,0.0325,8.9e-05,0.6338,0.9507,0.6256,0.9371,82.925167,62.215441,42.149292,61.831508,41.71513
2014-12-02,381.315,0.5458,0.0324,8.9e-05,1.0916,1.6375,1.0835,1.6239,83.377792,62.894614,42.839474,62.501437,42.392551
2014-12-03,375.01,-1.6535,0.0323,8.8e-05,-3.307,-4.9605,-3.3151,-4.974,81.999151,60.814706,40.714439,60.429424,40.283943
2014-12-04,369.604,-1.4416,0.0322,8.8e-05,-2.8831,-4.3247,-2.8913,-4.3382,80.817082,59.061341,38.953666,58.68223,38.53633
2014-12-05,376.854,1.9616,0.0321,8.8e-05,3.9231,5.8847,3.9149,5.8711,82.402356,61.378387,41.245964,60.979609,40.798848
2014-12-06,374.785,-0.549,0.0321,8.8e-05,-1.098,-1.6471,-1.1062,-1.6606,81.949952,60.704429,40.566619,60.305047,40.121342
2014-12-07,375.095,0.0827,0.032,8.8e-05,0.1654,0.2481,0.1573,0.2346,82.017735,60.80485,40.667281,60.399881,40.215464
2014-12-08,361.909,-3.5154,0.0319,8.7e-05,-7.0308,-10.5461,-7.0389,-10.5597,79.134502,56.529811,36.378456,56.14838,35.968841
2014-12-09,352.219,-2.6775,0.0318,8.7e-05,-5.3549,-8.0324,-5.3631,-8.046,77.0157,53.502674,33.45639,53.137081,33.074806
2014-12-10,346.365,-1.662,0.0317,8.7e-05,-3.3241,-4.9861,-3.3322,-4.9996,75.735672,51.724207,31.788219,51.366426,31.421181
2014-12-11,350.506,1.1956,0.0316,8.7e-05,2.3911,3.5867,2.383,3.5732,76.641142,52.961001,32.928366,52.590469,32.543909
2014-12-12,352.542,0.5809,0.0316,8.6e-05,1.1617,1.7426,1.1536,1.7291,77.086327,53.576269,33.502178,53.197137,33.106614
2014-12-13,347.376,-1.4654,0.0315,8.6e-05,-2.9307,-4.3961,-2.9389,-4.4096,75.95674,52.006106,32.029402,51.633739,31.646744
2014-12-14,351.632,1.2252,0.0314,8.6e-05,2.4504,3.6755,2.4422,3.662,76.887346,53.280443,33.206656,52.894734,32.805647
2014-12-15,345.345,-1.7879,0.0313,8.6e-05,-3.5759,-5.3638,-3.5841,-5.3774,75.512643,51.375193,31.425506,50.998956,31.041564
2014-12-16,327.062,-5.2941,0.0312,8.6e-05,-10.5882,-15.8824,-10.5964,-15.8959,71.514911,45.935461,26.434391,45.594896,26.107225
2014-12-17,319.776,-2.2277,0.0312,8.5e-05,-4.4554,-6.6831,-4.4636,-6.6967,69.921762,43.888838,24.667742,43.559723,24.358905
2014-12-18,311.396,-2.6206,0.0311,8.5e-05,-5.2412,-7.8618,-5.2493,-7.8753,68.089402,41.588549,22.728424,41.273125,22.440569
2014-12-19,317.843,2.0704,0.031,8.5e-05,4.1407,6.2111,4.1325,6.1975,69.499092,43.310607,24.140098,42.978752,23.831327
2014-12-20,329.956,3.811,0.0309,8.5e-05,7.622,11.433,7.6138,11.4195,72.147705,46.611744,26.900038,46.251085,26.552738
2014-12-21,320.843,-2.7619,0.0308,8.4e-05,-5.5238,-8.2857,-5.5319,-8.2992,70.155068,44.037018,24.671193,43.692504,24.349074
2014-12-22,331.886,3.4419,0.0307,8.4e-05,6.8837,10.3256,6.8756,10.3121,72.569714,47.068412,27.218645,46.696614,26.859969
2014-12-23,334.572,0.8093,0.0307,8.4e-05,1.6186,2.4279,1.6105,2.4144,73.157032,47.830276,27.879499,47.448647,27.508478
2014-12-24,322.534,-3.598,0.0306,8.4e-05,-7.1961,-10.7941,-7.2042,-10.8076,70.524821,44.388382,24.870162,44.030341,24.535466
2014-12-25,319.008,-1.0932,0.0305,8.4e-05,-2.1864,-3.2797,-2.1946,-3.2932,69.753831,43.417858,24.054507,43.06405,23.727466
2014-12-26,327.924,2.7949,0.0304,8.3e-05,5.5898,8.3848,5.5817,8.3712,71.703394,45.844847,26.071419,45.467744,25.713744
2014-12-27,315.863,-3.678,0.0303,8.3e-05,-7.356,-11.034,-7.3641,-11.0475,69.066152,42.472511,23.194708,42.119436,22.873019
2014-12-28,317.239,0.4356,0.0302,8.3e-05,0.8713,1.3069,0.8631,1.2934,69.367028,42.84256,23.49784,42.48297,23.168851
2014-12-29,312.67,-1.4402,0.0302,8.3e-05,-2.8805,-4.3207,-2.8886,-4.3343,68.367977,41.60849,22.482565,41.255788,22.164654
2014-12-30,310.737,-0.6182,0.0301,8.2e-05,-1.2365,-1.8547,-1.2446,-1.8682,67.945307,41.094019,22.065584,40.74231,21.75057
2014-12-31,320.193,3.0431,0.03,8.2e-05,6.0862,9.1293,6.078,9.1157,70.012941,43.595072,24.080008,43.218631,23.733292
2015-01-01,314.249,-1.8564,0.0301,8.2e-05,-3.7128,-5.5691,-3.7209,-5.5827,68.713234,41.976491,22.738959,41.610498,22.408339
2015-01-02,315.032,0.2492,0.0301,8.2e-05,0.4983,0.7475,0.4902,0.734,68.884448,42.185678,22.908936,41.814464,22.572812
2015-01-03,281.082,-10.7767,0.0302,8.3e-05,-21.5534,-32.3301,-21.5615,-32.3436,61.460987,33.093242,15.502463,32.798622,15.271953
2015-01-04,264.195,-6.0079,0.0302,8.3e-05,-12.0157,-18.0236,-12.0239,-18.0371,57.768502,29.116855,12.708368,28.854958,12.517336
2015-01-05,274.474,3.8907,0.0303,8.3e-05,7.7814,11.6721,7.7732,11.6585,60.016091,31.382544,14.191695,31.097913,13.976672
2015-01-06,286.189,4.2682,0.0303,8.3e-05,8.5363,12.8045,8.5282,12.791,62.577675,34.06146,16.008869,33.749992,15.764421
2015-01-07,294.337,2.8471,0.0304,8.3e-05,5.6941,8.5412,5.686,8.5277,64.359308,36.00097,17.376221,35.66901,17.108761
2015-01-08,283.349,-3.7331,0.0304,8.3e-05,-7.4663,-11.1994,-7.4744,-11.213,61.956686,33.313038,15.430186,33.002951,15.190364
2015-01-09,290.408,2.4913,0.0305,8.4e-05,4.9825,7.4738,4.9744,7.4603,63.500195,34.972874,16.583409,34.644642,16.323607
2015-01-10,274.796,-5.3759,0.0305,8.4e-05,-10.7518,-16.1277,-10.7599,-16.1412,60.086497,31.212671,13.908894,30.916901,13.688782
2015-01-11,265.66,-3.3246,0.0306,8.4e-05,-6.6493,-9.9739,-6.6575,-9.9875,58.088836,29.137251,12.521631,28.858623,12.32162
2015-01-12,267.796,0.804,0.0307,8.4e-05,1.6081,2.4121,1.5999,2.3986,58.555887,29.605796,12.823664,29.32033,12.61716
2015-01-13,225.861,-15.6593,0.0307,8.4e-05,-31.3186,-46.9779,-31.3268,-46.9915,49.386441,20.33367,6.799373,20.135214,6.688172
2015-01-14,178.103,-21.1449,0.0308,8.4e-05,-42.2897,-63.4346,-42.2979,-63.4481,38.943746,11.734617,2.486219,11.618443,2.444652
2015-01-15,209.844,17.8217,0.0308,8.4e-05,35.6434,53.4651,35.6353,53.4516,45.884187,15.917236,3.815479,15.758705,3.751358
2015-01-16,208.097,-0.8325,0.0309,8.5e-05,-1.665,-2.4976,-1.6732,-2.5111,45.502192,15.652207,3.720185,15.495029,3.657158
2015-01-17,199.26,-4.2466,0.0309,8.5e-05,-8.4932,-12.7397,-8.5013,-12.7533,43.569905,14.32284,3.246243,14.177746,3.19075
2015-01-18,210.339,5.5601,0.031,8.5e-05,11.1202,16.6802,11.112,16.6667,45.992425,15.915562,3.787724,15.753175,3.722543
2015-01-19,214.861,2.1499,0.031,8.5e-05,4.2997,6.4496,4.2915,6.436,46.981197,16.599886,4.032016,16.42923,3.962127
2015-01-20,211.315,-1.6504,0.0311,8.5e-05,-3.3007,-4.9511,-3.3089,-4.9646,46.205835,16.051969,3.832387,15.885604,3.765421
2015-01-21,226.897,7.3738,0.0312,8.5e-05,14.7477,22.1215,14.7395,22.1079,49.612973,18.419257,4.680168,18.22706,4.597878
2015-01-22,233.406,2.8687,0.0312,8.5e-05,5.7374,8.6061,5.7292,8.5926,51.036223,19.476045,5.082948,19.271332,4.992954
2015-01-23,232.879,-0.2258,0.0313,8.6e-05,-0.4516,-0.6774,-0.4597,-0.6909,50.920988,19.388095,5.048518,19.182732,4.958457
2015-01-24,247.847,6.4274,0.0313,8.6e-05,12.8547,19.2821,12.8466,19.2686,54.19387,21.880386,6.021979,21.647057,5.913882
2015-01-25,253.718,2.3688,0.0314,8.6e-05,4.7376,7.1064,4.7294,7.0929,55.477615,22.916991,6.449925,22.67084,6.333345
2015-01-26,273.473,7.7862,0.0314,8.6e-05,15.5724,23.3586,15.5642,23.3451,59.797212,26.485716,7.956537,26.199382,7.811868
2015-01-27,263.475,-3.6559,0.0315,8.6e-05,-7.3119,-10.9678,-7.32,-10.9813,57.611067,24.549117,7.08388,24.281579,6.954021
2015-01-28,233.915,-11.2193,0.0315,8.6e-05,-22.4386,-33.6579,-22.4467,-33.6714,51.147517,19.040646,4.699598,18.831156,4.612505
2015-01-29,233.513,-0.1719,0.0316,8.7e-05,-0.3437,-0.5156,-0.3519,-0.5291,51.059618,18.975202,4.675369,18.764894,4.5881
2015-01-30,226.425,-3.0354,0.0316,8.7e-05,-6.0708,-9.1061,-6.0789,-9.1197,49.509767,17.823264,4.249624,17.624191,4.16968
2015-01-31,217.464,-3.9576,0.0317,8.7e-05,-7.9152,-11.8728,-7.9234,-11.8863,47.550367,16.412517,3.745074,16.227761,3.674057
2015-02-01,226.972,4.3722,0.0318,8.7e-05,8.7444,13.1166,8.7363,13.1031,49.629372,17.847698,4.236302,17.64546,4.155473
2015-02-02,238.229,4.9596,0.0318,8.7e-05,9.9193,14.8789,9.9111,14.8654,52.090812,19.618063,4.866619,19.394323,4.7732
2015-02-03,227.268,-4.601,0.0319,8.7e-05,-9.2021,-13.8031,-9.2102,-13.8166,49.694096,17.812795,4.194875,17.60806,4.113704
2015-02-04,226.853,-0.1826,0.0319,8.7e-05,-0.3652,-0.5478,-0.3734,-0.5614,49.603351,17.74774,4.171894,17.542314,4.090611
2015-02-05,217.111,-4.2944,0.032,8.8e-05,-8.5888,-12.8832,-8.597,-12.8968,47.473178,16.223418,3.634419,16.034202,3.563054
2015-02-06,222.266,2.3744,0.032,8.8e-05,4.7487,7.1231,4.7406,7.1096,48.600366,16.993825,3.893302,16.794314,3.816371
2015-02-07,227.754,2.4691,0.0321,8.8e-05,4.9382,7.4073,4.93,7.3938,49.800363,17.833017,4.181692,17.622282,4.098545
2015-02-08,223.412,-1.9064,0.0321,8.8e-05,-3.8129,-5.7193,-3.8211,-5.7329,48.850948,17.153065,3.942528,16.948925,3.863581
2015-02-09,220.11,-1.478,0.0322,8.8e-05,-2.956,-4.434,-2.9641,-4.4475,48.128937,16.646025,3.767718,16.446534,3.691748
2015-02-10,219.839,-0.1231,0.0322,8.8e-05,-0.2462,-0.3694,-0.2544,-0.3829,48.069682,16.605036,3.753801,16.404693,3.677612
2015-02-11,219.185,-0.2975,0.0323,8.8e-05,-0.595,-0.8925,-0.6032,-0.906,47.926677,16.506239,3.720299,16.305747,3.644292
2015-02-12,221.764,1.1766,0.0324,8.9e-05,2.3533,3.5299,2.3451,3.5164,48.4906,16.894675,3.851622,16.688133,3.772438
2015-02-13,235.427,6.1611,0.0324,8.9e-05,12.3221,18.4832,12.3139,18.4696,51.478131,18.976455,4.563524,18.743099,4.469193
2015-02-14,257.321,9.2997,0.0325,8.9e-05,18.5994,27.8991,18.5912,27.8856,56.265444,22.505962,5.836706,22.227672,5.715452
2015-02-15,234.825,-8.7424,0.0325,8.9e-05,-17.4848,-26.2272,-17.493,-26.2407,51.346497,18.570842,4.305903,18.339394,4.215676
2015-02-16,233.843,-0.4182,0.0326,8.9e-05,-0.8364,-1.2545,-0.8445,-1.2681,51.131776,18.415523,4.251883,18.184512,4.162217
2015-02-17,243.61,4.1767,0.0326,8.9e-05,8.3535,12.5302,8.3453,12.5167,53.267413,19.953857,4.784653,19.702063,4.683187
2015-02-18,236.326,-2.99,0.0327,9e-05,-5.98,-8.9701,-5.9882,-8.9836,51.674705,18.760607,4.355466,18.52226,4.262468
2015-02-19,240.283,1.6744,0.0327,9e-05,3.3488,5.0231,3.3406,5.0096,52.539937,19.388856,4.574247,19.141014,4.476
2015-02-20,243.779,1.455,0.0328,9e-05,2.9099,4.3649,2.9017,4.3513,53.304368,19.953053,4.773907,19.696434,4.670765
2015-02-21,244.534,0.3097,0.0328,9e-05,0.6194,0.9291,0.6112,0.9156,53.469453,20.076643,4.818261,19.816826,4.713528
2015-02-22,235.977,-3.4993,0.0329,9e-05,-6.9986,-10.4979,-7.0068,-10.5115,51.598394,18.671557,4.312444,18.428304,4.218067
2015-02-23,238.892,1.2353,0.033,9e-05,2.4706,3.7059,2.4624,3.6923,52.235782,19.132852,4.472258,18.882082,4.373811
2015-02-24,238.735,-0.0657,0.033,9e-05,-0.1314,-0.1972,-0.1396,-0.2107,52.201453,19.107704,4.46344,18.855721,4.364595
2015-02-25,237.47,-0.5299,0.0331,9.1e-05,-1.0598,-1.5896,-1.0679,-1.6032,51.92485,18.905209,4.392488,18.654356,4.294623
2015-02-26,236.426,-0.4396,0.0331,9.1e-05,-0.8793,-1.3189,-0.8874,-1.3325,51.696569,18.738981,4.334555,18.488808,4.237399
2015-02-27,253.828,7.3604,0.0332,9.1e-05,14.7209,22.0813,14.7127,22.0678,55.501667,21.497526,5.291683,21.209015,5.172499
2015-02-28,254.263,0.1714,0.0332,9.1e-05,0.3427,0.5141,0.3346,0.5006,55.596783,21.571209,5.318889,21.279975,5.198391
2015-03-01,260.202,2.3358,0.0333,9.1e-05,4.6715,7.0073,4.6634,6.9938,56.895395,22.578916,5.691599,22.272338,5.561954
2015-03-02,275.67,5.9446,0.0333,9.1e-05,11.8892,17.8339,11.8811,17.8203,60.27761,25.263377,6.706631,24.918529,6.553111
2015-03-03,281.702,2.1881,0.0334,9.1e-05,4.3762,6.5644,4.3681,6.5508,61.596555,26.368961,7.146878,26.006985,6.982392
2015-03-04,273.092,-3.0564,0.0335,9.2e-05,-6.1128,-9.1692,-6.121,-9.1828,59.713907,24.757071,6.491563,24.415096,6.341213
2015-03-05,276.178,1.13,0.0335,9.2e-05,2.26,3.3901,2.2519,3.3765,60.388687,25.316591,6.711631,24.964892,6.555325
2015-03-06,272.723,-1.251,0.0336,9.2e-05,-2.502,-3.753,-2.5102,-3.7666,59.633218,24.683165,6.459741,24.338224,6.308413
2015-03-07,276.261,1.2973,0.0336,9.2e-05,2.5946,3.8919,2.5864,3.8783,60.406831,25.323587,6.711145,24.967707,6.553072
2015-03-08,274.354,-0.6903,0.0337,9.2e-05,-1.3806,-2.0708,-1.3887,-2.0844,59.989853,24.973978,6.572168,24.620971,6.416479
2015-03-09,289.607,5.5596,0.0337,9.2e-05,11.1192,16.6788,11.111,16.6653,63.32505,27.750885,7.668327,27.356614,7.485802
2015-03-10,291.76,0.7434,0.0338,9.3e-05,1.4869,2.2303,1.4787,2.2167,63.795825,28.1635,7.839352,27.76113,7.651741
2015-03-11,296.379,1.5831,0.0338,9.3e-05,3.1663,4.7494,3.1581,4.7359,64.805807,29.055239,8.211677,28.637859,8.014119
2015-03-12,294.354,-0.6832,0.0339,9.3e-05,-1.3665,-2.0497,-1.3747,-2.0633,64.363024,28.658202,8.043359,28.244185,7.848765
2015-03-13,285.337,-3.0633,0.0339,9.3e-05,-6.1266,-9.19,-6.1348,-9.2035,62.391381,26.902419,7.304178,26.511458,7.126403
2015-03-14,281.885,-1.2098,0.034,9.3e-05,-2.4196,-3.6294,-2.4278,-3.6429,61.636572,26.25149,7.039081,25.867821,6.866792
2015-03-15,286.393,1.5992,0.0341,9.3e-05,3.1985,4.7977,3.1903,4.7841,62.622284,27.091135,7.376795,26.693079,7.195309
2015-03-16,290.593,1.4665,0.0341,9.3e-05,2.933,4.3995,2.9248,4.386,63.540646,27.885723,7.701339,27.47381,7.510893
2015-03-17,285.505,-1.7509,0.0342,9.4e-05,-3.5018,-5.2527,-3.51,-5.2662,62.428115,26.909223,7.296812,26.509488,7.115351
2015-03-18,256.299,-10.2296,0.0342,9.4e-05,-20.4592,-30.6888,-20.4674,-30.7023,56.041974,21.403816,5.05751,21.083696,4.930772
2015-03-19,260.928,1.8061,0.0343,9.4e-05,3.6122,5.4183,3.604,5.4047,57.054144,22.176961,5.33154,21.843555,5.197267
2015-03-20,261.749,0.3146,0.0343,9.4e-05,0.6293,0.9439,0.6211,0.9304,57.23366,22.316517,5.381865,21.979226,5.24562
2015-03-21,260.025,-0.6586,0.0344,9.4e-05,-1.3173,-1.9759,-1.3255,-1.9895,56.856692,22.022543,5.275523,21.687898,5.141259
2015-03-22,267.96,3.0516,0.0344,9.4e-05,6.1033,9.1549,6.0951,9.1413,58.591748,23.366636,5.758491,23.009793,5.611238
2015-03-23,266.74,-0.4553,0.0345,9.5e-05,-0.9106,-1.3659,-0.9188,-1.3794,58.324984,23.153863,5.679837,22.798388,5.533835
2015-03-24,245.595,-7.9272,0.0345,9.5e-05,-15.8544,-23.7816,-15.8626,-23.7951,53.701451,19.482961,4.329083,19.18198,4.217051
2015-03-25,246.197,0.2451,0.0346,9.5e-05,0.4902,0.7354,0.4821,0.7218,53.833084,19.578474,4.360917,19.27445,4.24749
2015-03-26,248.532,0.9484,0.0347,9.5e-05,1.8968,2.8453,1.8887,2.8317,54.34365,19.949848,4.484997,19.638481,4.367767
2015-03-27,247.029,-0.6047,0.0347,9.5e-05,-1.2095,-1.8142,-1.2177,-1.8278,54.015008,19.708556,4.403628,19.399349,4.287933
2015-03-28,252.798,2.3354,0.0348,9.5e-05,4.6707,7.0061,4.6625,6.9925,55.276449,20.629084,4.712149,20.303848,4.587766
2015-03-29,242.713,-3.9894,0.0348,9.5e-05,-7.9787,-11.9681,-7.9869,-11.9816,53.071276,18.98315,4.148196,18.682203,4.038078
2015-03-30,247.526,1.983,0.0349,9.6e-05,3.966,5.949,3.9578,5.9354,54.12368,19.736022,4.394973,19.421612,4.277755
2015-03-31,244.224,-1.334,0.0349,9.6e-05,-2.668,-4.002,-2.6762,-4.0156,53.401669,19.209464,4.219086,18.901855,4.105979
2015-04-01,247.272,1.248,0.035,9.6e-05,2.4961,3.7441,2.4879,3.7305,54.068142,19.688947,4.377053,19.372113,4.259155
2015-04-02,253.005,2.3185,0.035,9.6e-05,4.637,6.9555,4.6288,6.9419,55.321712,20.601923,4.681499,20.268814,4.554823
2015-04-03,254.322,0.5205,0.0351,9.6e-05,1.0411,1.5616,1.0329,1.5481,55.609685,20.816407,4.754606,20.478172,4.625334
2015-04-04,253.697,-0.2458,0.0352,9.6e-05,-0.4915,-0.7373,-0.4997,-0.7508,55.473024,20.714094,4.719553,20.375846,4.590607
2015-04-05,260.598,2.7202,0.0352,9.6e-05,5.4403,8.1605,5.4322,8.1469,56.981983,21.84101,5.104692,21.482695,4.964601
2015-04-06,255.492,-1.9593,0.0353,9.7e-05,-3.9187,-5.878,-3.9268,-5.8916,55.865515,20.985133,4.804638,20.639102,4.672108
2015-04-07,253.18,-0.9049,0.0353,9.7e-05,-1.8099,-2.7148,-1.818,-2.7283,55.359974,20.605334,4.674203,20.263877,4.544637
2015-04-08,245.022,-3.2222,0.0354,9.7e-05,-6.4444,-9.6666,-6.4526,-9.6802,53.57616,19.27744,4.222365,18.95633,4.104707
2015-04-09,243.676,-0.5493,0.0354,9.7e-05,-1.0987,-1.648,-1.1069,-1.6616,53.281844,19.065642,4.152779,18.74651,4.036504
2015-04-10,236.072,-3.1205,0.0355,9.7e-05,-6.2411,-9.3616,-6.2492,-9.3752,51.619166,17.875743,3.764013,17.574994,3.658075
2015-04-11,236.552,0.2033,0.0355,9.7e-05,0.4067,0.61,0.3985,0.5964,51.724122,17.948435,3.786973,17.645026,3.679892
2015-04-12,236.153,-0.1687,0.0356,9.8e-05,-0.3373,-0.506,-0.3455,-0.5196,51.636876,17.887886,3.76781,17.584057,3.660772
2015-04-13,224.587,-4.8977,0.0356,9.8e-05,-9.7953,-14.693,-9.8035,-14.7066,49.107873,16.135707,3.214205,15.860201,3.122398
2015-04-14,219.159,-2.4169,0.0357,9.8e-05,-4.8338,-7.2507,-4.8419,-7.2642,47.920992,15.355744,2.981154,15.092258,2.89558
2015-04-15,223.833,2.1327,0.0358,9.8e-05,4.2654,6.3981,4.2572,6.3845,48.943001,16.010727,3.171891,15.734768,3.080449
2015-04-16,228.573,2.1177,0.0358,9.8e-05,4.2353,6.353,4.2271,6.3394,49.979444,16.68883,3.3734,16.399896,3.275731
2015-04-17,222.882,-2.4898,0.0359,9.8e-05,-4.9796,-7.4694,-4.9878,-7.4829,48.735059,15.857795,3.121428,15.581907,3.03061
2015-04-18,223.356,0.2127,0.0359,9.8e-05,0.4253,0.638,0.4172,0.6244,48.838703,15.925244,3.141343,15.646908,3.049534
2015-04-19,222.6,-0.3385,0.036,9.9e-05,-0.6769,-1.0154,-0.6851,-1.029,48.673398,15.817439,3.109445,15.539707,3.018155
2015-04-20,224.626,0.9102,0.036,9.9e-05,1.8203,2.7305,1.8121,2.7169,49.116401,16.105365,3.194347,15.821306,3.100155
2015-04-21,235.269,4.7381,0.0361,9.9e-05,9.4762,14.2143,9.468,14.2007,51.443582,17.63154,3.648401,17.319269,3.540399
2015-04-22,234.176,-0.4646,0.0361,9.9e-05,-0.9292,-1.3937,-0.9373,-1.4073,51.204587,17.467716,3.597552,17.15693,3.490575
2015-04-23,236.462,0.9762,0.0362,9.9e-05,1.9524,2.9286,1.9442,2.915,51.704443,17.808753,3.702909,17.490496,3.592326
2015-04-24,231.268,-2.1965,0.0362,9.9e-05,-4.3931,-6.5896,-4.4013,-6.6032,50.56873,17.026398,3.458901,16.720691,3.355117
2015-04-25,226.39,-2.1092,0.0363,9.9e-05,-4.2185,-6.3277,-4.2267,-6.3413,49.502113,16.308141,3.240031,16.013962,3.142359
2015-04-26,219.43,-3.0743,0.0364,0.0001,-6.1487,-9.223,-6.1569,-9.2366,47.980248,15.305405,2.941202,15.028004,2.852112
2015-04-27,229.286,4.4916,0.0364,0.0001,8.9833,13.4749,8.9751,13.4613,50.135347,16.680332,3.337526,16.376781,3.236045
2015-04-28,225.855,-1.4964,0.0365,0.0001,-2.9928,-4.4892,-3.001,-4.5027,49.38513,16.181128,3.1877,15.885322,3.090334
2015-04-29,225.808,-0.0208,0.0365,0.0001,-0.0416,-0.0624,-0.0498,-0.076,49.374853,16.174394,3.18571,15.877411,3.087986
2015-04-30,236.145,4.5778,0.0366,0.0001,9.1556,13.7334,9.1474,13.7198,51.635128,17.655252,3.623214,17.32978,3.511651
2015-05-01,232.079,-1.7218,0.0366,0.0001,-3.4437,-5.1655,-3.4518,-5.1791,50.74606,17.047266,3.436058,16.731584,3.329781
2015-05-02,234.93,1.2285,0.0367,0.000101,2.4569,3.6854,2.4487,3.6718,51.369455,17.466104,3.56269,17.141297,3.452044
2015-05-03,240.358,2.3105,0.0367,0.000101,4.621,6.9314,4.6128,6.9179,52.556336,18.273205,3.809635,17.931986,3.690852
2015-05-04,239.018,-0.5575,0.0368,0.000101,-1.115,-1.6725,-1.1232,-1.6861,52.263334,18.069459,3.745919,17.730577,3.628621
2015-05-05,236.121,-1.212,0.0368,0.000101,-2.4241,-3.6361,-2.4323,-3.6497,51.62988,17.631439,3.609713,17.299321,3.496187
2015-05-06,229.782,-2.6846,0.0369,0.000101,-5.3693,-8.0539,-5.3775,-8.0675,50.243802,16.684757,3.318989,16.369056,3.214132
2015-05-07,237.334,3.2866,0.037,0.000101,6.5732,9.8598,6.565,9.8462,51.895112,17.781478,3.646234,17.443685,3.530603
2015-05-08,243.863,2.751,0.037,0.000101,5.502,8.2529,5.4938,8.2394,53.322735,18.759807,3.947156,18.402002,3.821502
2015-05-09,241.832,-0.8328,0.0371,0.000102,-1.6657,-2.4985,-1.6739,-2.5121,52.878639,18.447326,3.848534,18.093975,3.725501
2015-05-10,240.296,-0.6351,0.0371,0.000102,-1.2703,-1.9054,-1.2785,-1.919,52.54278,18.21299,3.775202,17.862646,3.654008
2015-05-11,242.158,0.7749,0.0372,0.000102,1.5498,2.3246,1.5416,2.3111,52.949922,18.495246,3.862962,18.138012,3.738454
2015-05-12,241.112,-0.432,0.0372,0.000102,-0.8639,-1.2959,-0.8721,-1.3094,52.721204,18.335465,3.812904,17.979832,3.689502
2015-05-13,236.377,-1.9638,0.0373,0.000102,-3.9276,-5.8915,-3.9358,-5.905,51.685856,17.615315,3.588268,17.272178,3.471636
2015-05-14,236.929,0.2335,0.0373,0.000102,0.4671,0.7006,0.4589,0.687,51.806556,17.697588,3.613407,17.351435,3.495486
2015-05-15,237.605,0.2853,0.0374,0.000102,0.5706,0.8559,0.5624,0.8424,51.954368,17.798576,3.644336,17.449027,3.524931
2015-05-16,236.153,-0.6111,0.0375,0.000103,-1.2222,-1.8333,-1.2304,-1.8469,51.636876,17.581043,3.577524,17.234338,3.45983
2015-05-17,236.802,0.2748,0.0375,0.000103,0.5496,0.8245,0.5415,0.8109,51.778786,17.677676,3.60702,17.327655,3.487886
2015-05-18,233.128,-1.5515,0.0376,0.000103,-3.103,-4.6545,-3.1112,-4.6681,50.975436,17.129136,3.439131,16.788558,3.325068
2015-05-19,231.947,-0.5066,0.0376,0.000103,-1.0132,-1.5198,-1.0214,-1.5333,50.7172,16.955587,3.386864,16.617086,3.274084
2015-05-20,234.018,0.8929,0.0377,0.000103,1.7858,2.6786,1.7776,2.6651,51.170042,17.258372,3.477585,16.912466,3.36134
2015-05-21,235.344,0.5666,0.0377,0.000103,1.1332,1.6999,1.1251,1.6863,51.45998,17.45395,3.536699,17.10274,3.418021
2015-05-22,240.348,2.1263,0.0378,0.000104,4.2525,6.3788,4.2443,6.3652,52.554151,18.196181,3.762297,17.828635,3.635585
2015-05-23,238.872,-0.6141,0.0378,0.000104,-1.2282,-1.8423,-1.2364,-1.8559,52.231408,17.97269,3.692982,17.608199,3.568111
2015-05-24,240.953,0.8712,0.0379,0.000104,1.7424,2.6135,1.7342,2.6,52.686438,18.28584,3.7895,17.913557,3.660881
2015-05-25,237.11,-1.5949,0.0379,0.000104,-3.1898,-4.7848,-3.198,-4.7983,51.846133,17.702552,3.608182,17.340677,3.48522
2015-05-26,237.116,0.0025,0.038,0.000104,0.0051,0.0076,-0.0031,-0.006,51.847444,17.703447,3.608456,17.340135,3.485011
2015-05-27,237.283,0.0704,0.0381,0.000104,0.1409,0.2113,0.1327,0.1977,51.883962,17.728385,3.61608,17.363142,3.491901
2015-05-28,237.408,0.0527,0.0381,0.000104,0.1054,0.158,0.0972,0.1445,51.911294,17.747064,3.621795,17.380014,3.496946
2015-05-29,237.096,-0.1314,0.0382,0.000105,-0.2628,-0.3943,-0.271,-0.4079,51.84307,17.700416,3.607515,17.332908,3.482683
2015-05-30,233.345,-1.5821,0.0382,0.000105,-3.1641,-4.7462,-3.1723,-4.7597,51.022883,17.140355,3.436297,16.783056,3.316916
2015-05-31,230.19,-1.3521,0.0383,0.000105,-2.7041,-4.0562,-2.7123,-4.0698,50.333016,16.676854,3.296913,16.327843,3.181924
2015-06-01,222.926,-3.1557,0.0383,0.000105,-6.3113,-9.467,-6.3195,-9.4806,48.744678,15.624325,2.984795,15.296005,2.88026
2015-06-02,225.803,1.2906,0.0384,0.000105,2.5811,3.8717,2.5729,3.8581,49.373759,16.027608,3.100357,15.689562,2.991384
2015-06-03,225.874,0.0314,0.0384,0.000105,0.0629,0.0943,0.0547,0.0807,49.389283,16.037688,3.103281,15.698143,2.993799
2015-06-04,224.324,-0.6862,0.0385,0.000105,-1.3724,-2.0587,-1.3806,-2.0722,49.050365,15.817581,3.039396,15.481411,2.931761
2015-06-05,224.952,0.2799,0.0385,0.000106,0.5599,0.8398,0.5517,0.8263,49.187681,15.906143,3.064922,15.566823,2.955985
2015-06-06,225.619,0.2965,0.0386,0.000106,0.593,0.8895,0.5848,0.876,49.333528,16.00047,3.092185,15.657864,2.981878
2015-06-07,222.881,-1.2136,0.0387,0.000106,-2.4271,-3.6407,-2.4353,-3.6542,48.734839,15.612121,2.979609,15.276548,2.872913
2015-06-08,228.489,2.5161,0.0387,0.000106,5.0323,7.5484,5.0241,7.5348,49.961077,16.397767,3.204523,16.044057,3.089382
2015-06-09,229.048,0.2447,0.0388,0.000106,0.4893,0.734,0.4811,0.7204,50.083308,16.478003,3.228043,16.121248,3.111638
2015-06-10,228.803,-0.107,0.0388,0.000106,-0.2139,-0.3209,-0.2221,-0.3345,50.029735,16.44275,3.217684,16.085438,3.10123
2015-06-11,229.705,0.3942,0.0389,0.000107,0.7885,1.1827,0.7803,1.1691,50.226966,16.572394,3.255739,16.210948,3.137486
2015-06-12,229.982,0.1206,0.0389,0.000107,0.2412,0.3618,0.233,0.3482,50.287533,16.612362,3.267517,16.248717,3.14841
2015-06-13,232.402,1.0523,0.039,0.000107,2.1045,3.1568,2.0963,3.1432,50.816687,16.961971,3.370665,16.589342,3.24737
2015-06-14,233.543,0.491,0.039,0.000107,0.9819,1.4729,0.9737,1.4593,51.066177,17.128525,3.420311,16.750878,3.294759
2015-06-15,236.823,1.4045,0.0391,0.000107,2.8089,4.2134,2.8007,4.1998,51.783377,17.609649,3.564421,17.220023,3.433132
2015-06-16,250.895,5.942,0.0392,0.000107,11.884,17.826,11.8758,17.8124,54.860342,19.702377,4.199814,19.265038,4.044655
2015-06-17,249.284,-0.6421,0.0392,0.000107,-1.2842,-1.9263,-1.2924,-1.9399,54.508081,19.449357,4.118912,19.016057,3.966193
2015-06-18,249.007,-0.1111,0.0393,0.000108,-0.2222,-0.3333,-0.2304,-0.3469,54.447514,19.406135,4.105182,18.97224,3.952433
2015-06-19,244.606,-1.7674,0.0393,0.000108,-3.5348,-5.3023,-3.543,-5.3158,53.485198,18.720159,3.887514,18.300047,3.742327
2015-06-20,245.212,0.2477,0.0394,0.000108,0.4955,0.7432,0.4873,0.7297,53.617706,18.812916,3.916408,18.389224,3.769633
2015-06-21,243.944,-0.5171,0.0394,0.000108,-1.0342,-1.5513,-1.0424,-1.5649,53.340445,18.618351,3.855652,18.197534,3.710642
2015-06-22,246.99,1.2486,0.0395,0.000108,2.4973,3.7459,2.4891,3.7324,54.00648,19.083307,4.000083,18.650491,3.849137
2015-06-23,244.296,-1.0907,0.0395,0.000108,-2.1815,-3.2722,-2.1897,-3.2858,53.417414,18.667011,3.869192,18.242109,3.722663
2015-06-24,240.515,-1.5477,0.0396,0.000108,-3.0954,-4.6431,-3.1036,-4.6567,52.590665,18.089187,3.68954,17.675943,3.549308
2015-06-25,242.799,0.9496,0.0396,0.000109,1.8993,2.8489,1.8911,2.8353,53.09008,18.432746,3.79465,18.010207,3.649942
2015-06-26,243.594,0.3274,0.0397,0.000109,0.6549,0.9823,0.6467,0.9687,53.263914,18.553455,3.831925,18.126674,3.685299
2015-06-27,250.99,3.0362,0.0398,0.000109,6.0724,9.1086,6.0642,9.095,54.881115,19.680097,4.18096,19.225914,4.020478
2015-06-28,249.011,-0.7885,0.0398,0.000109,-1.577,-2.3654,-1.5851,-2.379,54.448389,19.36975,4.082062,18.921155,3.924829
2015-06-29,257.064,3.234,0.0399,0.000109,6.468,9.702,6.4598,9.6884,56.209245,20.622582,4.478103,20.143422,4.305082
2015-06-30,263.072,2.3372,0.0399,0.000109,4.6743,7.0115,4.6661,6.9979,57.522944,21.586547,4.792084,21.08334,4.606347
2015-07-01,258.621,-1.6919,0.04,0.00011,-3.3839,-5.0758,-3.392,-5.0894,56.549698,20.85609,4.548848,20.368183,4.371913
2015-07-02,255.412,-1.2408,0.04,0.00011,-2.4816,-3.7224,-2.4898,-3.736,55.848022,20.33852,4.37952,19.861053,4.208577
2015-07-03,256.336,0.3618,0.0401,0.00011,0.7235,1.0853,0.7153,1.0717,56.050062,20.485676,4.427051,20.003127,4.253681
2015-07-04,260.886,1.775,0.0401,0.00011,3.55,5.325,3.5418,5.3114,57.044956,21.212921,4.662793,20.711603,4.479612
2015-07-05,271.913,4.2268,0.0402,0.00011,8.4535,12.6803,8.4453,12.6667,59.456106,23.006157,5.254047,22.460763,5.04703
2015-07-06,269.03,-1.0603,0.0402,0.00011,-2.1205,-3.1808,-2.1287,-3.1944,58.825714,22.518305,5.086927,21.982636,4.885809
2015-07-07,266.207,-1.0493,0.0403,0.00011,-2.0986,-3.148,-2.1068,-3.1616,58.208441,22.045725,4.926792,21.519497,4.731341
2015-07-08,270.785,1.7197,0.0404,0.000111,3.4394,5.1591,3.4312,5.1456,59.209461,22.803972,5.180972,22.257882,4.974794
2015-07-09,269.228,-0.575,0.0404,0.000111,-1.15,-1.725,-1.1582,-1.7386,58.869008,22.541728,5.091601,22.000094,4.888303
2015-07-10,284.894,5.8189,0.0405,0.000111,11.6377,17.4566,11.6295,17.443,62.294516,25.165074,5.980421,24.558604,5.74097
2015-07-11,293.115,2.8856,0.0405,0.000111,5.7713,8.6569,5.7631,8.6433,64.092104,26.617414,6.498139,25.973931,6.237179
2015-07-12,310.867,6.0563,0.0406,0.000111,12.1127,18.169,12.1045,18.1554,67.973733,29.841491,7.678785,29.117937,7.369564
2015-07-13,292.054,-6.0518,0.0406,0.000111,-12.1036,-18.1554,-12.1118,-18.169,63.860106,26.229602,6.284673,25.591238,6.030591
2015-07-14,287.464,-1.5716,0.0407,0.000111,-3.1433,-4.7149,-3.1514,-4.7285,62.856464,25.40514,5.988359,24.784744,5.745436
2015-07-15,285.829,-0.5688,0.0407,0.000112,-1.1375,-1.7063,-1.1457,-1.7199,62.498962,25.116152,5.886181,24.500782,5.646622
2015-07-16,278.089,-2.7079,0.0408,0.000112,-5.4158,-8.1238,-5.424,-8.1374,60.80654,23.755901,5.408002,23.171852,5.187136
2015-07-17,279.472,0.4973,0.0408,0.000112,0.9946,1.492,0.9864,1.4784,61.108944,23.992187,5.488687,23.40043,5.263821
2015-07-18,274.901,-1.6356,0.0409,0.000112,-3.2712,-4.9067,-3.2794,-4.9203,60.109459,23.207365,5.219372,22.633048,5.004824
2015-07-19,273.614,-0.4682,0.041,0.000112,-0.9363,-1.4045,-0.9445,-1.4181,59.828048,22.990068,5.146066,22.419273,4.933851
2015-07-20,278.981,1.9615,0.041,0.000112,3.923,5.8845,3.9148,5.8709,61.001583,23.891974,5.448888,23.29695,5.223515
2015-07-21,275.833,-1.1284,0.0411,0.000113,-2.2568,-3.3852,-2.265,-3.3988,60.31325,23.352787,5.264435,22.769282,5.045981
2015-07-22,277.222,0.5036,0.0411,0.000113,1.0071,1.5107,0.9989,1.4971,60.616962,23.587977,5.343963,22.996729,5.121523
2015-07-23,276.049,-0.4231,0.0412,0.000113,-0.8462,-1.2694,-0.8544,-1.2829,60.360481,23.388367,5.276129,22.800238,5.055816
2015-07-24,288.278,4.43,0.0412,0.000113,8.86,13.29,8.8518,13.2764,63.034457,25.460582,5.977329,24.818476,5.727049
2015-07-25,288.697,0.1453,0.0413,0.000113,0.2907,0.436,0.2825,0.4224,63.12607,25.53459,6.003391,24.888584,5.751241
2015-07-26,292.686,1.3817,0.0413,0.000113,2.7635,4.1452,2.7553,4.1316,63.998302,26.240228,6.252243,25.57433,5.988859
2015-07-27,293.624,0.3205,0.0414,0.000113,0.641,0.9614,0.6328,0.9478,64.203401,26.408415,6.312354,25.736153,6.045623
2015-07-28,294.427,0.2735,0.0415,0.000114,0.547,0.8204,0.5388,0.8068,64.378986,26.55286,6.364143,25.874811,6.094402
2015-07-29,289.59,-1.6429,0.0415,0.000114,-3.2857,-4.9286,-3.2939,-4.9422,63.321333,25.68041,6.050482,25.02252,5.793207
2015-07-30,287.722,-0.6451,0.0416,0.000114,-1.2901,-1.9352,-1.2983,-1.9488,62.912877,25.349105,5.933396,24.697652,5.680311
2015-07-31,284.65,-1.0677,0.0416,0.000114,-2.1354,-3.2031,-2.1436,-3.2167,62.24116,24.807803,5.743344,24.168237,5.497594
2015-08-01,281.601,-1.0711,0.0417,0.000114,-2.1423,-3.2134,-2.1505,-3.227,61.574474,24.276354,5.558788,23.648508,5.320187
2015-08-02,282.614,0.3597,0.0417,0.000114,0.7195,1.0792,0.7113,1.0656,61.795975,24.451012,5.618777,23.81671,5.376878
2015-08-03,281.227,-0.4908,0.0418,0.000114,-0.9816,-1.4724,-0.9898,-1.486,61.49269,24.211009,5.536049,23.580981,5.29698
2015-08-04,285.218,1.4191,0.0418,0.000115,2.8383,4.2574,2.8301,4.2438,62.365356,24.898184,5.771742,24.248341,5.521774
2015-08-05,281.882,-1.1696,0.0419,0.000115,-2.3393,-3.5089,-2.3475,-3.5225,61.635911,24.31575,5.569217,23.679121,5.32727
2015-08-06,278.577,-1.1725,0.0419,0.000115,-2.3449,-3.5174,-2.3531,-3.531,60.913247,23.745559,5.373324,23.121917,5.139163
2015-08-07,279.585,0.3618,0.042,0.000115,0.7237,1.0855,0.7155,1.0719,61.133653,23.917399,5.431653,23.287349,5.19425
2015-08-08,260.997,-6.6484,0.0421,0.000115,-13.2968,-19.9453,-13.305,-19.9589,57.069232,20.737141,4.348295,20.188959,4.157537
2015-08-09,265.083,1.5655,0.0421,0.000115,3.1311,4.6966,3.1229,4.683,57.96267,21.386436,4.552518,20.819434,4.352235
2015-08-10,264.47,-0.2313,0.0422,0.000116,-0.4625,-0.6938,-0.4707,-0.7074,57.828631,21.287523,4.520934,20.721438,4.321449
2015-08-11,270.386,2.2369,0.0422,0.000116,4.4738,6.7108,4.4656,6.6972,59.122212,22.239893,4.824324,21.646783,4.610864
2015-08-12,266.376,-1.4831,0.0423,0.000116,-2.9661,-4.4492,-2.9743,-4.4628,58.245396,21.580232,4.609681,21.00294,4.405091
2015-08-13,264.08,-0.8619,0.0423,0.000116,-1.7239,-2.5858,-1.7321,-2.5994,57.743351,21.208212,4.490482,20.63915,4.290583
2015-08-14,265.68,0.6059,0.0424,0.000116,1.2118,1.8176,1.2036,1.804,58.093206,21.465204,4.572103,20.887554,4.367987
2015-08-15,261.551,-1.5541,0.0424,0.000116,-3.1082,-4.6624,-3.1164,-4.676,57.190366,20.798012,4.358934,20.236605,4.163741
2015-08-16,258.507,-1.1638,0.0425,0.000116,-2.3277,-3.4915,-2.3359,-3.5051,56.524767,20.313906,4.206743,19.763907,4.017798
2015-08-17,257.976,-0.2054,0.0425,0.000117,-0.4108,-0.6162,-0.419,-0.6298,56.408665,20.230456,4.180821,19.681096,3.992494
2015-08-18,211.079,-18.1788,0.0426,0.000117,-36.3577,-54.5365,-36.3659,-54.5501,46.15423,12.875136,1.900748,12.523897,1.814585
2015-08-19,226.684,7.393,0.0427,0.000117,14.7859,22.1789,14.7777,22.1653,49.5664,14.778846,2.322313,14.374646,2.216793
2015-08-20,235.35,3.8229,0.0427,0.000117,7.6459,11.4688,7.6377,11.4552,51.461295,15.90882,2.588655,15.472537,2.470732
2015-08-21,232.569,-1.1816,0.0428,0.000117,-2.3633,-3.5449,-2.3715,-3.5585,50.853204,15.532848,2.496889,15.105607,2.38281
2015-08-22,230.39,-0.9369,0.0428,0.000117,-1.8739,-2.8108,-1.8821,-2.8244,50.376747,15.241785,2.426707,14.821311,2.31551
2015-08-23,228.169,-0.964,0.0429,0.000117,-1.928,-2.892,-1.9362,-2.9056,49.891108,14.947919,2.356526,14.534337,2.24823
2015-08-24,210.495,-7.746,0.0429,0.000118,-15.492,-23.2381,-15.5002,-23.2517,46.026534,12.632182,1.808915,12.28148,1.725479
2015-08-25,221.609,5.2799,0.043,0.000118,10.5599,15.8398,10.5517,15.8262,48.456705,13.966124,2.095444,13.577382,1.998557
2015-08-26,225.831,1.9052,0.043,0.000118,3.8103,5.7155,3.8021,5.7019,49.379881,14.498277,2.215208,14.093609,2.112512
2015-08-27,224.769,-0.4703,0.0431,0.000118,-0.9405,-1.4108,-0.9487,-1.4244,49.147667,14.361918,2.183956,13.9599,2.082421
2015-08-28,231.396,2.9484,0.0432,0.000118,5.8967,8.8451,5.8885,8.8315,50.596717,15.2088,2.377129,14.781931,2.26633
2015-08-29,229.78,-0.6984,0.0432,0.000118,-1.3967,-2.0951,-1.4049,-2.1087,50.243365,14.996373,2.327326,14.574254,2.218539
2015-08-30,228.761,-0.4435,0.0433,0.000119,-0.8869,-1.3304,-0.8951,-1.344,50.020553,14.863365,2.296363,14.443795,2.188722
2015-08-31,230.056,0.5661,0.0433,0.000119,1.1322,1.6983,1.124,1.6847,50.303715,15.031646,2.335361,14.606141,2.225595
2015-09-01,228.121,-0.8411,0.0434,0.000119,-1.6822,-2.5233,-1.6904,-2.5369,49.880611,14.778784,2.276433,14.359239,2.169134
2015-09-02,229.284,0.5098,0.0434,0.000119,1.0196,1.5294,1.0114,1.5158,50.13491,14.929473,2.31125,14.504472,2.202014
2015-09-03,227.183,-0.9163,0.0435,0.000119,-1.8327,-2.749,-1.8409,-2.7626,49.675509,14.655866,2.247714,14.237465,2.141181
2015-09-04,230.298,1.3711,0.0435,0.000119,2.7423,4.1134,2.7341,4.0998,50.356631,15.057772,2.340172,14.62673,2.228966
2015-09-05,235.019,2.0499,0.0436,0.000119,4.0999,6.1498,4.0917,6.1362,51.388917,15.675126,2.484089,15.225211,2.365741
2015-09-06,239.84,2.0513,0.0436,0.00012,4.1026,6.154,4.0944,6.1404,52.44307,16.318221,2.636959,15.848599,2.511006
2015-09-07,239.847,0.0029,0.0437,0.00012,0.0058,0.0088,-0.0024,-0.0048,52.444601,16.319174,2.63719,15.848225,2.510884
2015-09-08,243.607,1.5677,0.0438,0.00012,3.1353,4.703,3.1271,4.6894,53.266756,16.830833,2.761217,16.343819,2.628629
2015-09-09,238.168,-2.2327,0.0438,0.00012,-4.4654,-6.6981,-4.4736,-6.7117,52.077473,16.079272,2.576269,15.612664,2.452203
2015-09-10,238.477,0.1297,0.0439,0.00012,0.2595,0.3892,0.2513,0.3756,52.14504,16.120995,2.586296,15.651896,2.461414
2015-09-11,240.107,0.6835,0.0439,0.00012,1.367,2.0505,1.3588,2.0369,52.501451,16.341369,2.639328,15.864573,2.511551
2015-09-12,235.229,-2.0316,0.044,0.00012,-4.0632,-6.0948,-4.0714,-6.1084,51.434837,15.67739,2.478467,15.218666,2.358136
2015-09-13,230.512,-2.0053,0.044,0.000121,-4.0106,-6.0159,-4.0188,-6.0295,50.403422,15.048637,2.329366,14.607062,2.215953
2015-09-14,230.644,0.0573,0.0441,0.000121,0.1145,0.1718,0.1063,0.1582,50.432286,15.065872,2.333368,14.622594,2.219458
2015-09-15,230.304,-0.1474,0.0441,0.000121,-0.2948,-0.4422,-0.303,-0.4558,50.357943,15.021455,2.323049,14.578283,2.209341
2015-09-16,229.091,-0.5267,0.0442,0.000121,-1.0534,-1.5801,-1.0616,-1.5937,50.09271,14.863221,2.286343,14.423521,2.17413
2015-09-17,229.81,0.3138,0.0442,0.000121,0.6277,0.9415,0.6195,0.9279,50.249925,14.956516,2.30787,14.512874,2.194305
2015-09-18,232.975,1.3772,0.0443,0.000121,2.7545,4.1317,2.7463,4.1181,50.941981,15.368487,2.403224,14.911434,2.284668
2015-09-19,231.493,-0.6361,0.0444,0.000122,-1.2722,-1.9084,-1.2805,-1.922,50.617927,15.172961,2.357361,14.7205,2.240757
2015-09-20,231.212,-0.1214,0.0444,0.000122,-0.2428,-0.3641,-0.251,-0.3778,50.556486,15.136127,2.348777,14.683557,2.232292
2015-09-21,227.085,-1.7849,0.0445,0.000122,-3.5699,-5.3548,-3.5781,-5.3684,49.654082,14.595785,2.223004,14.158166,2.112453
2015-09-22,230.618,1.5558,0.0445,0.000122,3.1116,4.6674,3.1034,4.6538,50.4266,15.049948,2.326761,14.59755,2.210762
2015-09-23,230.283,-0.1453,0.0446,0.000122,-0.2905,-0.4358,-0.2987,-0.4494,50.353352,15.006225,2.316621,14.553944,2.200827
2015-09-24,234.529,1.8438,0.0446,0.000122,3.6876,5.5315,3.6794,5.5178,51.281776,15.5596,2.444764,15.089447,2.322265
2015-09-25,235.144,0.2622,0.0447,0.000122,0.5244,0.7867,0.5162,0.7731,51.416249,15.641202,2.463996,15.167345,2.340218
2015-09-26,234.34,-0.3419,0.0447,0.000123,-0.6838,-1.0258,-0.692,-1.0394,51.240448,15.534242,2.438722,15.062381,2.315894
2015-09-27,232.757,-0.6755,0.0448,0.000123,-1.351,-2.0265,-1.3592,-2.0401,50.894313,15.324371,2.3893,14.857649,2.268647
2015-09-28,239.142,2.7432,0.0448,0.000123,5.4864,8.2296,5.4782,8.216,52.290446,16.165128,2.58593,15.67158,2.455038
2015-09-29,236.687,-1.0266,0.0449,0.000123,-2.0532,-3.0798,-2.0614,-3.0934,51.753639,15.833229,2.50629,15.34853,2.379095
2015-09-30,236.06,-0.2649,0.045,0.000123,-0.5298,-0.7947,-0.538,-0.8083,51.616541,15.749343,2.486372,15.265952,2.359864
2015-10-01,237.549,0.6308,0.045,0.000123,1.2615,1.8923,1.2533,1.8787,51.942123,15.948027,2.533422,15.457285,2.404198
2015-10-02,237.293,-0.1078,0.0451,0.000123,-0.2155,-0.3233,-0.2237,-0.3369,51.886147,15.913654,2.525231,15.422702,2.396098
2015-10-03,238.73,0.6056,0.0451,0.000124,1.2112,1.8167,1.203,1.8031,52.200359,16.106394,2.571108,15.608229,2.439303
2015-10-04,238.259,-0.1973,0.0452,0.000124,-0.3946,-0.5919,-0.4028,-0.6055,52.097372,16.042841,2.55589,15.545361,2.424533
2015-10-05,240.383,0.8915,0.0452,0.000124,1.7829,2.6744,1.7747,2.6608,52.561801,16.328873,2.624245,15.821248,2.489044
2015-10-06,246.063,2.3629,0.0453,0.000124,4.7258,7.0887,4.7176,7.0751,53.803784,17.100543,2.81027,16.56763,2.665146
2015-10-07,242.969,-1.2574,0.0453,0.000124,-2.5148,-3.7722,-2.523,-3.7858,53.127252,16.670497,2.70426,16.149626,2.564248
2015-10-08,242.304,-0.2737,0.0454,0.000124,-0.5474,-0.8211,-0.5556,-0.8347,52.981845,16.579244,2.682056,16.059899,2.542844
2015-10-09,243.931,0.6715,0.0455,0.000125,1.3429,2.0144,1.3347,2.0008,53.337603,16.801893,2.736084,16.274256,2.593721
2015-10-10,244.941,0.414,0.0455,0.000125,0.8281,1.2421,0.8199,1.2285,53.558447,16.94103,2.77007,16.407688,2.625586
2015-10-11,247.05,0.861,0.0456,0.000125,1.7221,2.5831,1.7138,2.5695,54.019599,17.232763,2.841623,16.68889,2.693049
2015-10-12,245.308,-0.7051,0.0456,0.000125,-1.4102,-2.1154,-1.4185,-2.129,53.638695,16.989739,2.781512,16.452166,2.635715
2015-10-13,249.508,1.7121,0.0457,0.000125,3.4243,5.1364,3.4161,5.1228,54.557061,17.571513,2.924382,17.014182,2.770736
2015-10-14,251.989,0.9944,0.0457,0.000125,1.9887,2.9831,1.9805,2.9695,55.099553,17.92096,3.011618,17.351149,2.853012
2015-10-15,254.32,0.925,0.0458,0.000125,1.8501,2.7751,1.8419,2.7615,55.609248,18.252514,3.095195,17.670737,2.931798
2015-10-16,262.869,3.3615,0.0458,0.000126,6.723,10.0845,6.7148,10.0709,57.478556,19.479632,3.40733,18.857292,3.227057
2015-10-17,270.64,2.9562,0.0459,0.000126,5.9125,8.8687,5.9043,8.8551,59.177758,20.63136,3.709516,19.970676,3.512815
2015-10-18,261.643,-3.3243,0.0459,0.000126,-6.6487,-9.973,-6.6569,-9.9867,57.210484,19.259645,3.339565,18.641248,3.162003
2015-10-19,263.437,0.6857,0.046,0.000126,1.3713,2.057,1.3631,2.0434,57.602759,19.52376,3.40826,18.895353,3.226615
2015-10-20,269.463,2.2875,0.0461,0.000126,4.5749,6.8624,4.5667,6.8487,58.920396,20.416954,3.642147,19.758247,3.447597
2015-10-21,266.272,-1.1842,0.0461,0.000126,-2.3684,-3.5526,-2.3766,-3.5663,58.222654,19.933394,3.512755,19.288666,3.324647
2015-10-22,274.023,2.9109,0.0462,0.000126,5.8219,8.7328,5.8137,8.7192,59.917479,21.093891,3.819517,20.410044,3.614529
2015-10-23,276.496,0.9025,0.0462,0.000127,1.805,2.7074,1.7967,2.6938,60.458219,21.474626,3.922928,20.776761,3.711897
2015-10-24,281.654,1.8655,0.0463,0.000127,3.731,5.5965,3.7228,5.5828,61.586058,22.275837,4.142473,21.550229,3.919126
2015-10-25,283.68,0.7193,0.0463,0.000127,1.4386,2.158,1.4304,2.1443,62.02906,22.596307,4.231866,21.858492,4.003166
2015-10-26,285.3,0.5711,0.0464,0.000127,1.1421,1.7132,1.1339,1.6996,62.383286,22.854386,4.304366,22.106349,4.071202
2015-10-27,293.788,2.9751,0.0464,0.000127,5.9502,8.9253,5.942,8.9117,64.239262,24.214275,4.688546,23.419914,4.434017
2015-10-28,304.618,3.6863,0.0465,0.000127,7.3727,11.059,7.3645,11.0454,66.607338,25.999515,5.207052,25.144665,4.923771
2015-10-29,313.855,3.0323,0.0465,0.000128,6.0646,9.097,6.0564,9.0833,68.627087,27.576293,5.680736,26.667535,5.371014
2015-10-30,328.015,4.5116,0.0466,0.000128,9.0233,13.5349,9.0151,13.5213,71.723293,30.064579,6.449619,29.071632,6.097244
2015-10-31,314.166,-4.2221,0.0467,0.000128,-8.4441,-12.6662,-8.4524,-12.6798,68.695084,27.525882,5.632696,26.614395,5.324124
2015-11-01,325.431,3.5857,0.0467,0.000128,7.1714,10.7571,7.1632,10.7434,71.158276,29.499867,6.238609,28.520828,5.896118
2015-11-02,361.189,10.9879,0.0468,0.000128,21.9758,32.9637,21.9676,32.95,78.977068,35.982693,8.295084,34.78616,7.838891
2015-11-03,403.417,11.6914,0.0468,0.000128,23.3828,35.0742,23.3746,35.0605,88.210581,44.396443,11.204514,42.917272,10.587247
2015-11-04,411.563,2.0192,0.0469,0.000128,4.0385,6.0577,4.0303,6.0441,89.991773,46.189393,11.883255,44.646962,11.227153
2015-11-05,386.354,-6.1252,0.0469,0.000129,-12.2504,-18.3755,-12.2586,-18.3892,84.479613,40.531024,9.699642,39.17388,9.162573
2015-11-06,374.47,-3.0759,0.047,0.000129,-6.1519,-9.2278,-6.1601,-9.2414,81.881074,38.037607,8.804578,36.760737,8.315819
2015-11-07,386.482,3.2077,0.047,0.000129,6.4155,9.6232,6.4073,9.6096,84.507599,40.477896,9.65186,39.11609,9.114934
2015-11-08,373.368,-3.3932,0.0471,0.000129,-6.7863,-10.1795,-6.7945,-10.1931,81.640114,37.73093,8.669348,36.458329,8.185836
2015-11-09,380.257,1.8451,0.0472,0.000129,3.6902,5.5353,3.682,5.5216,83.146448,39.123269,9.14922,37.800713,8.637829
2015-11-10,336.819,-11.4233,0.0472,0.000129,-22.8466,-34.27,-22.8549,-34.2836,73.64836,30.184914,6.013785,29.161413,5.67647
2015-11-11,311.084,-7.6406,0.0473,0.000129,-15.2812,-22.9218,-15.2894,-22.9354,68.021185,25.572298,4.635317,24.702806,4.374548
2015-11-12,338.152,8.7012,0.0473,0.00013,17.4024,26.1036,17.3942,26.0899,73.939833,30.022483,5.8453,28.999651,5.515864
2015-11-13,336.753,-0.4137,0.0474,0.00013,-0.8274,-1.2412,-0.8357,-1.2548,73.633926,29.774063,5.77275,28.757312,5.446651
2015-11-14,332.906,-1.1424,0.0474,0.00013,-2.2848,-3.4271,-2.293,-3.4408,72.79275,29.093799,5.57491,28.097917,5.259245
2015-11-15,320.166,-3.8269,0.0475,0.00013,-7.6538,-11.4807,-7.662,-11.4944,70.007035,26.867011,4.934869,25.945044,4.654728
2015-11-16,330.751,3.3061,0.0475,0.00013,6.6122,9.9183,6.604,9.9047,72.321541,28.643514,5.424325,27.658454,5.115764
2015-11-17,335.094,1.3131,0.0476,0.00013,2.6261,3.9392,2.6179,3.9256,73.271172,29.395732,5.638001,28.382532,5.316587
2015-11-18,334.59,-0.1504,0.0476,0.000131,-0.3008,-0.4512,-0.309,-0.4648,73.160969,29.307306,5.612561,28.294823,5.291873
2015-11-19,326.149,-2.5228,0.0477,0.000131,-5.0456,-7.5684,-5.0538,-7.582,71.31527,27.828582,5.187781,26.86486,4.890643
2015-11-20,322.022,-1.2654,0.0478,0.000131,-2.5307,-3.7961,-2.5389,-3.8097,70.41287,27.124314,4.990848,26.182775,4.704322
2015-11-21,326.927,1.5232,0.0478,0.000131,3.0464,4.5696,3.0382,4.5559,71.48539,27.950622,5.218908,26.978251,4.918648
2015-11-22,324.536,-0.7314,0.0479,0.000131,-1.4627,-2.1941,-1.4709,-2.2077,70.962579,27.541787,5.104402,26.581422,4.810059
2015-11-23,323.046,-0.4591,0.0479,0.000131,-0.9182,-1.3774,-0.9265,-1.391,70.636773,27.288885,5.034095,26.335156,4.743151
2015-11-24,320.046,-0.9287,0.048,0.000131,-1.8573,-2.786,-1.8655,-2.7996,69.980797,26.782043,4.893846,25.843864,4.610361
2015-11-25,328.206,2.5496,0.048,0.000132,5.0993,7.6489,5.0911,7.6353,71.765052,28.147732,5.268172,27.15959,4.962375
2015-11-26,352.684,7.4581,0.0481,0.000132,14.9162,22.3744,14.908,22.3607,77.117376,32.346315,6.446892,31.208549,6.071998
2015-11-27,358.042,1.5192,0.0481,0.000132,3.0384,4.5576,3.0302,4.544,78.288949,33.32913,6.740717,32.15423,6.347909
2015-11-28,357.381,-0.1846,0.0482,0.000132,-0.3692,-0.5538,-0.3774,-0.5675,78.14442,33.206072,6.703385,32.03287,6.311887
2015-11-29,371.294,3.893,0.0482,0.000132,7.7861,11.6791,7.7779,11.6655,81.186615,35.791525,7.486282,34.524345,7.0482
2015-11-30,377.321,1.6232,0.0483,0.000132,3.2465,4.8697,3.2383,4.8561,82.504472,36.953493,7.850843,35.642337,7.390467
2015-12-01,362.488,-3.9311,0.0484,0.000132,-7.8623,-11.7934,-7.8705,-11.807,79.261108,34.048108,6.924961,32.837111,6.517871
2015-12-02,359.187,-0.9106,0.0484,0.000133,-1.8213,-2.7319,-1.8295,-2.7456,78.539317,33.42799,6.735775,32.236352,6.338918
2015-12-03,361.046,0.5176,0.0485,0.000133,1.0351,1.5527,1.0269,1.539,78.945799,33.774004,6.840358,32.567383,6.436475
2015-12-04,363.183,0.5919,0.0485,0.000133,1.1838,1.7757,1.1756,1.7621,79.413077,34.17382,6.961822,32.950239,6.549889
2015-12-05,388.949,7.0945,0.0486,0.000133,14.189,21.2835,14.1808,21.2698,85.047032,39.022738,8.44354,37.622836,7.94304
2015-12-06,388.783,-0.0427,0.0486,0.000133,-0.0854,-0.128,-0.0936,-0.1417,85.010731,38.989425,8.432728,37.587628,7.931786
2015-12-07,395.536,1.737,0.0487,0.000133,3.4739,5.2109,3.4657,5.1973,86.487337,40.34389,8.872148,38.890307,8.344021
2015-12-08,415.563,5.0633,0.0487,0.000134,10.1265,15.1898,10.1183,15.1761,90.866407,44.429314,10.219805,42.825339,9.61032
2015-12-09,417.563,0.4813,0.0488,0.000134,0.9625,1.4438,0.9543,1.4302,91.303724,44.856968,10.367361,43.234036,9.747765
2015-12-10,415.479,-0.4991,0.0488,0.000134,-0.9982,-1.4972,-1.0064,-1.5109,90.848043,44.409222,10.212136,42.798937,9.600488
2015-12-11,451.938,8.7752,0.0489,0.000134,17.5503,26.3255,17.5421,26.3119,98.820113,52.20319,12.900533,50.306778,12.126555
2015-12-12,434.997,-3.7485,0.049,0.000134,-7.497,-11.2456,-7.5053,-11.2592,95.115822,48.289498,11.449796,46.531127,10.761203
2015-12-13,433.755,-0.2855,0.049,0.000134,-0.571,-0.8566,-0.5793,-0.8702,94.844247,48.013745,11.351722,46.261592,10.667559
2015-12-14,444.182,2.4039,0.0491,0.000134,4.8078,7.2117,4.7996,7.198,97.124201,50.322142,12.170371,48.481949,11.435414
2015-12-15,465.321,4.7591,0.0491,0.000135,9.5182,14.2773,9.51,14.2636,101.746426,55.111891,13.907967,53.092561,13.066518
2015-12-16,454.934,-2.2322,0.0492,0.000135,-4.4645,-6.6967,-4.4727,-6.7103,99.475214,52.651445,12.976594,50.717905,12.189713
2015-12-17,456.078,0.2515,0.0492,0.000135,0.5029,0.7544,0.4947,0.7408,99.725362,52.916248,13.07449,50.968816,12.28001
2015-12-18,463.616,1.6528,0.0493,0.000135,3.3056,4.9584,3.2974,4.9447,101.373609,54.665433,13.72277,52.649439,12.887222
2015-12-19,462.322,-0.2791,0.0493,0.000135,-0.5582,-0.8373,-0.5664,-0.851,101.090664,54.360278,13.607865,52.351211,12.777555
2015-12-20,442.685,-4.2475,0.0494,0.000135,-8.4949,-12.7424,-8.5032,-12.7561,96.796867,49.742404,11.873894,47.899704,11.147643
2015-12-21,438.639,-0.914,0.0495,0.000135,-1.8279,-2.7419,-1.8361,-2.7555,95.912177,48.833147,11.548324,47.020193,10.840465
2015-12-22,436.572,-0.4712,0.0495,0.000136,-0.9425,-1.4137,-0.9507,-1.4273,95.460206,48.37291,11.385065,46.573179,10.685735
2015-12-23,442.401,1.3352,0.0496,0.000136,2.6704,4.0055,2.6621,3.9919,96.734769,49.664638,11.841098,47.813021,11.112297
2015-12-24,454.985,2.8445,0.0496,0.000136,5.6889,8.5334,5.6807,8.5198,99.486365,52.490034,12.851549,50.52915,12.059041
2015-12-25,455.653,0.1468,0.0497,0.000136,0.2936,0.4405,0.2854,0.4268,99.632435,52.64417,12.908157,50.673376,12.110513
2015-12-26,417.274,-8.4229,0.0497,0.000136,-16.8457,-25.2686,-16.8539,-25.2822,91.240532,43.775878,9.646448,42.132913,9.048705
2015-12-27,422.823,1.3298,0.0498,0.000136,2.6596,3.9895,2.6514,3.9758,92.453871,44.940163,10.03129,43.250038,9.408466
2015-12-28,422.279,-0.1287,0.0498,0.000137,-0.2573,-0.386,-0.2655,-0.3996,92.334919,44.824522,9.992571,43.135192,9.370868
2015-12-29,432.983,2.5348,0.0499,0.000137,5.0696,7.6045,5.0614,7.5908,94.675442,47.096963,10.752452,45.318445,10.082193
2015-12-30,426.62,-1.4696,0.0499,0.000137,-2.9391,-4.4087,-2.9474,-4.4224,93.284116,45.712714,10.278406,43.982744,9.636321
2015-12-31,430.567,0.9252,0.05,0.000137,1.8504,2.7755,1.8421,2.7619,94.14716,46.558561,10.563687,44.792966,9.902466
2016-01-01,434.334,0.8749,0.0507,0.000139,1.7498,2.6247,1.7416,2.6111,94.970853,47.373242,10.840952,45.57307,10.161024
2016-01-02,433.438,-0.2063,0.0515,0.000141,-0.4126,-0.6189,-0.4208,-0.6325,94.774929,47.177781,10.773857,45.381289,10.096751
2016-01-03,430.011,-0.7907,0.0522,0.000143,-1.5813,-2.372,-1.5895,-2.3856,94.025586,46.431754,10.518305,44.659937,9.85588
2016-01-04,433.091,0.7163,0.053,0.000145,1.4325,2.1488,1.4243,2.1351,94.699058,47.096902,10.744322,45.296029,10.066317
2016-01-05,431.96,-0.2611,0.0537,0.000147,-0.5223,-0.7834,-0.5305,-0.7971,94.451752,46.850916,10.660146,45.055722,9.986077
2016-01-06,429.105,-0.6609,0.0544,0.000149,-1.3219,-1.9828,-1.3301,-1.9965,93.827486,46.231607,10.448775,44.456434,9.786707
2016-01-07,458.048,6.745,0.0552,0.000151,13.4899,20.2349,13.4817,20.2212,100.15612,52.46822,12.563075,50.449918,11.7657
2016-01-08,453.23,-1.0519,0.0559,0.000153,-2.1037,-3.1556,-2.1119,-3.1692,99.102624,51.364443,12.16664,49.384445,11.392817
2016-01-09,447.611,-1.2398,0.0566,0.000155,-2.4795,-3.7193,-2.4878,-3.733,97.873978,50.090839,11.714124,48.155868,10.967524
2016-01-10,447.991,0.0849,0.0574,0.000157,0.1698,0.2547,0.1616,0.241,97.957069,50.17589,11.743958,48.233665,10.993956
2016-01-11,448.428,0.0975,0.0581,0.000159,0.1951,0.2926,0.1869,0.279,98.052626,50.273782,11.778327,48.323793,11.024624
2016-01-12,435.69,-2.8406,0.0589,0.000161,-5.6812,-8.5218,-5.6894,-8.5355,95.267351,47.417637,10.774604,45.574447,10.083621
2016-01-13,432.371,-0.7618,0.0596,0.000163,-1.5236,-2.2853,-1.5318,-2.299,94.541623,46.6952,10.528368,44.876334,9.851795
2016-01-14,430.306,-0.4776,0.0603,0.000165,-0.9552,-1.4328,-0.9634,-1.4465,94.090093,46.249168,10.377518,44.443975,9.709289
2016-01-15,364.331,-15.3321,0.0611,0.000167,-30.6642,-45.9963,-30.6725,-46.01,79.664093,32.067218,5.604239,30.811907,5.242041
2016-01-16,387.536,6.3692,0.0618,0.000169,12.7384,19.1076,12.7302,19.0939,84.738068,36.152077,6.675077,34.734316,6.242952
2016-01-17,382.299,-1.3514,0.0625,0.000171,-2.7027,-4.0541,-2.711,-4.0678,83.592954,35.174989,6.404464,33.792679,5.989002
2016-01-18,387.168,1.2736,0.0633,0.000173,2.5472,3.8208,2.539,3.8071,84.6576,36.070971,6.649168,34.650662,6.21701
2016-01-19,380.149,-1.8129,0.064,0.000175,-3.6258,-5.4387,-3.6341,-5.4525,83.122832,34.763102,6.287537,33.391429,5.87803
2016-01-20,420.23,10.5435,0.0648,0.000177,21.087,31.6305,21.0787,31.6168,91.886892,42.0936,8.276317,40.429924,7.736475
2016-01-21,410.262,-2.372,0.0655,0.000179,-4.7441,-7.1161,-4.7523,-7.1298,89.707299,40.096647,7.687365,38.508557,7.184876
2016-01-22,382.492,-6.7688,0.0662,0.000181,-13.5377,-20.3065,-13.5459,-20.3203,83.635153,34.668489,6.126328,33.292208,5.72489
2016-01-23,387.491,1.307,0.067,0.000183,2.6139,3.9209,2.6056,3.9071,84.728226,35.574691,6.366533,34.159683,5.948569
2016-01-24,402.971,3.9949,0.0677,0.000185,7.9899,11.9848,7.9816,11.9711,88.113063,38.417062,7.129549,36.886173,6.660676
2016-01-25,391.726,-2.7905,0.0684,0.000188,-5.581,-8.3716,-5.5893,-8.3853,85.654248,36.272989,6.532694,34.824489,6.102157
2016-01-26,392.153,0.109,0.0692,0.00019,0.218,0.327,0.2097,0.3133,85.747616,36.352068,6.554057,34.897529,6.121274
2016-01-27,394.972,0.7188,0.0699,0.000192,1.4377,2.1565,1.4294,2.1428,86.364008,36.874697,6.695398,35.39636,6.252439
2016-01-28,380.289,-3.7175,0.0707,0.000194,-7.4349,-11.1524,-7.4432,-11.1662,83.153448,34.133082,5.948698,32.761729,5.55428
2016-01-29,379.474,-0.2143,0.0714,0.000196,-0.4286,-0.6429,-0.4369,-0.6567,82.975241,33.98678,5.910452,32.618593,5.517806
2016-01-30,378.255,-0.3212,0.0721,0.000198,-0.6425,-0.9637,-0.6507,-0.9775,82.708697,33.768427,5.853493,32.406329,5.463871
2016-01-31,368.767,-2.5084,0.0729,0.0002,-5.0167,-7.5251,-5.025,-7.5389,80.634063,32.074358,5.413013,30.777909,5.051958
2016-02-01,373.056,1.1631,0.0736,0.000202,2.3261,3.4892,2.3178,3.4754,81.57189,32.820449,5.601884,31.491294,5.227535
2016-02-02,374.448,0.3731,0.0743,0.000204,0.7463,1.1194,0.738,1.1056,81.876262,33.065378,5.664591,31.723694,5.285332
2016-02-03,369.949,-1.2015,0.0751,0.000206,-2.403,-3.6045,-2.4113,-3.6183,80.892519,32.270817,5.460411,30.958744,5.094093
2016-02-04,389.594,5.3102,0.0758,0.000208,10.6204,15.9306,10.6121,15.9168,85.188064,35.698099,6.330285,34.244113,5.904909
2016-02-05,386.549,-0.7816,0.0766,0.00021,-1.5632,-2.3447,-1.5714,-2.3585,84.522253,35.140082,6.181857,33.705984,5.76564
2016-02-06,376.522,-2.594,0.0773,0.000212,-5.188,-7.7819,-5.1963,-7.7957,82.329761,33.317028,5.700788,31.954535,5.316166
2016-02-07,376.62,0.026,0.078,0.000214,0.0521,0.0781,0.0438,0.0643,82.351188,33.33437,5.705239,31.968517,5.319583
2016-02-08,373.447,-0.8425,0.0788,0.000216,-1.685,-2.5275,-1.6933,-2.5413,81.657384,32.772689,5.56104,31.427198,5.184397
2016-02-09,376.029,0.6914,0.0795,0.000218,1.3828,2.0742,1.3745,2.0604,82.22196,33.225868,5.676387,31.859163,5.291216
2016-02-10,381.649,1.4946,0.0802,0.00022,2.9891,4.4837,2.9808,4.4699,83.45082,34.219031,5.930898,32.808829,5.527727
2016-02-11,379.654,-0.5227,0.081,0.000222,-1.0455,-1.5682,-1.0538,-1.582,83.014598,33.861285,5.837891,32.463101,5.440278
2016-02-12,384.263,1.214,0.0817,0.000224,2.428,3.642,2.4197,3.6282,84.022397,34.683439,6.050507,33.24861,5.637662
2016-02-13,391.86,1.977,0.0825,0.000226,3.9541,5.9311,3.9457,5.9173,85.683543,36.054841,6.409368,34.560516,5.971257
2016-02-14,407.23,3.9223,0.0832,0.000228,7.8447,11.767,7.8363,11.7532,89.04433,38.883217,7.163556,37.268796,6.673068
2016-02-15,400.185,-1.73,0.0839,0.00023,-3.46,-5.19,-3.4683,-5.2038,87.503878,37.537871,6.791771,35.97621,6.325816
2016-02-16,407.488,1.8249,0.0847,0.000232,3.6498,5.4747,3.6415,5.4609,89.100743,38.907934,7.163602,37.286285,6.671262
2016-02-17,416.322,2.1679,0.0854,0.000234,4.3358,6.5037,4.3275,6.4899,91.03237,40.594914,7.629504,38.899852,7.10422
2016-02-18,422.373,1.4534,0.0861,0.000236,2.9069,4.3603,2.8986,4.3465,92.355472,41.774961,7.962175,40.027389,7.413004
2016-02-19,420.785,-0.376,0.0869,0.000238,-0.7519,-1.1279,-0.7603,-1.1417,92.008246,41.460841,7.87237,39.72308,7.328366
2016-02-20,437.164,3.8925,0.0876,0.00024,7.785,11.6775,7.7766,11.6636,95.589654,44.688556,8.791662,42.812205,8.183118
2016-02-21,438.798,0.3738,0.0884,0.000242,0.7475,1.1213,0.7392,1.1075,95.946942,45.022623,8.890245,43.128682,8.273743
2016-02-22,437.748,-0.2393,0.0891,0.000244,-0.4786,-0.7179,-0.4869,-0.7317,95.717347,44.80715,8.826424,42.918682,8.213201
2016-02-23,420.736,-3.8863,0.0898,0.000246,-7.7725,-11.6588,-7.7808,-11.6726,91.997529,41.324512,7.797372,39.579251,7.254505
2016-02-24,424.955,1.0028,0.0906,0.000248,2.0055,3.0083,1.9972,2.9944,92.920048,42.153288,8.03194,40.369727,7.471736
2016-02-25,424.544,-0.0967,0.0913,0.00025,-0.1934,-0.2901,-0.2018,-0.304,92.830184,42.071754,8.008637,40.288279,7.449022
2016-02-26,432.152,1.792,0.092,0.000252,3.5841,5.3761,3.5757,5.3622,94.493738,43.579639,8.439191,41.728886,7.848457
2016-02-27,432.519,0.0849,0.0928,0.000254,0.1698,0.2548,0.1615,0.2409,94.573987,43.653659,8.460692,41.796284,7.867364
2016-02-28,433.504,0.2277,0.0935,0.000256,0.4555,0.6832,0.4471,0.6693,94.789363,43.852486,8.518495,41.983166,7.920021
2016-02-29,437.697,0.9672,0.0943,0.000258,1.9345,2.9017,1.9261,2.8878,95.706197,44.700798,8.765676,42.791815,8.148736
2016-03-01,435.123,-0.5881,0.095,0.00026,-1.1762,-1.7642,-1.1845,-1.7781,95.143368,44.175045,8.611029,42.284945,8.003841
2016-03-02,423.989,-2.5588,0.0957,0.000262,-5.1176,-7.6764,-5.126,-7.6903,92.70883,41.914334,7.950009,40.117434,7.38832
2016-03-03,421.651,-0.5514,0.0965,0.000264,-1.1029,-1.6543,-1.1112,-1.6682,92.197603,41.452076,7.818492,39.671644,7.265068
2016-03-04,410.939,-2.5405,0.0972,0.000266,-5.081,-7.6215,-5.0893,-7.6354,89.855332,39.345903,7.222608,37.652623,6.710353
2016-03-05,400.57,-2.5232,0.098,0.000268,-5.0465,-7.5697,-5.0548,-7.5836,87.588063,37.360318,6.675876,35.749345,6.201464
2016-03-06,407.707,1.7817,0.0987,0.00027,3.5634,5.3451,3.5551,5.3312,89.148628,38.691623,7.03271,37.020258,6.532078
2016-03-07,414.321,1.6222,0.0994,0.000272,3.2445,4.8667,3.2361,4.8528,90.594839,39.94697,7.374974,38.218285,6.849068
2016-03-08,413.972,-0.0842,0.1002,0.000274,-0.1685,-0.2527,-0.1768,-0.2666,90.518521,39.879666,7.356336,38.1507,6.830806
2016-03-09,414.86,0.2145,0.1009,0.000276,0.429,0.6435,0.4207,0.6296,90.71269,40.050756,7.403675,38.311183,6.873812
2016-03-10,417.131,0.5474,0.1016,0.000278,1.0948,1.6423,1.0865,1.6283,91.209269,40.489247,7.525263,38.727426,6.985741
2016-03-11,421.69,1.0929,0.1024,0.00028,2.1859,3.2788,2.1775,3.2649,92.206131,41.374294,7.772003,39.570722,7.213818
2016-03-12,411.624,-2.3871,0.1031,0.000283,-4.7741,-7.1612,-4.7825,-7.1751,90.005112,39.399032,7.215435,37.678255,6.696217
2016-03-13,414.065,0.593,0.1039,0.000285,1.186,1.7791,1.1777,1.7651,90.53886,39.86632,7.343801,38.121982,6.814413
2016-03-14,416.438,0.5731,0.1046,0.000287,1.1462,1.7193,1.1378,1.7053,91.057733,40.323263,7.470062,38.555742,6.930622
2016-03-15,416.83,0.0941,0.1053,0.000289,0.1883,0.2824,0.1799,0.2684,91.143447,40.399177,7.491157,38.6251,6.949227
2016-03-16,417.011,0.0434,0.1061,0.000291,0.0868,0.1303,0.0785,0.1163,91.183024,40.434262,7.500916,38.655411,6.957311
2016-03-17,420.621,0.8657,0.1068,0.000293,1.7314,2.5971,1.723,2.5831,91.972385,41.134331,7.69572,39.321444,7.137026
2016-03-18,409.548,-2.6325,0.1075,0.000295,-5.2651,-7.8976,-5.2734,-7.9116,89.551179,38.96858,7.087942,37.247848,6.572375
2016-03-19,410.444,0.2188,0.1083,0.000297,0.4376,0.6563,0.4292,0.6424,89.747097,39.139088,7.134462,37.407706,6.614594
2016-03-20,413.755,0.8067,0.109,0.000299,1.6134,2.4201,1.605,2.4061,90.471076,39.770549,7.307121,38.008099,6.773747
2016-03-21,413.307,-0.1083,0.1098,0.000301,-0.2166,-0.3248,-0.2249,-0.3388,90.373118,39.684425,7.283385,37.922605,6.750798
2016-03-22,418.089,1.157,0.1105,0.000303,2.314,3.471,2.3056,3.457,91.418739,40.602726,7.536193,38.796958,6.984176
2016-03-23,418.041,-0.0115,0.1112,0.000305,-0.023,-0.0344,-0.0314,-0.0484,91.408242,40.593403,7.533597,38.784795,6.980794
2016-03-24,416.394,-0.394,0.112,0.000307,-0.7879,-1.1819,-0.7963,-1.1959,91.048118,40.273548,7.444556,38.475937,6.89731
2016-03-25,417.177,0.188,0.1127,0.000309,0.3761,0.5641,0.3677,0.5501,91.219325,40.425009,7.486552,38.61741,6.935254
2016-03-26,417.945,0.1841,0.1134,0.000311,0.3682,0.5523,0.3598,0.5383,91.387256,40.57385,7.527899,38.756355,6.972587
2016-03-27,426.765,2.1103,0.1142,0.000313,4.2207,6.331,4.2123,6.317,93.315826,42.286332,8.004489,40.388873,7.413044
2016-03-28,424.231,-0.5938,0.1149,0.000315,-1.1876,-1.7813,-1.1959,-1.7953,92.76174,41.784161,7.861903,39.905843,7.279956
2016-03-29,416.516,-1.8186,0.1157,0.000317,-3.6372,-5.4558,-3.6456,-5.4698,91.074789,40.2644,7.432977,38.451049,6.88176
2016-03-30,414.816,-0.4081,0.1164,0.000319,-0.8163,-1.2244,-0.8247,-1.2384,90.703074,39.935728,7.341966,38.133948,6.796534
2016-03-31,416.729,0.4612,0.1171,0.000321,0.9223,1.3835,0.9139,1.3695,91.121367,40.304068,7.443542,38.482465,6.889611
2016-04-01,417.96,0.2954,0.1179,0.000323,0.5908,0.8862,0.5824,0.8722,91.390532,40.542179,7.509505,38.70658,6.9497
2016-04-02,420.873,0.697,0.1186,0.000325,1.3939,2.0909,1.3855,2.0768,92.027484,41.107301,7.666518,39.242861,7.094035
2016-04-03,420.904,0.0074,0.1193,0.000327,0.0147,0.0221,0.0063,0.0081,92.034263,41.113358,7.668213,39.245343,7.094608
2016-04-04,421.444,0.1283,0.1201,0.000329,0.2566,0.3849,0.2482,0.3709,92.152341,41.218852,7.697727,39.342743,7.120919
2016-04-05,424.03,0.6136,0.1208,0.000331,1.2272,1.8408,1.2188,1.8268,92.717792,41.724694,7.839428,39.822251,7.251003
2016-04-06,423.413,-0.1455,0.1216,0.000333,-0.291,-0.4365,-0.2994,-0.4506,92.582878,41.603267,7.805207,39.703009,7.218332
2016-04-07,422.745,-0.1578,0.1223,0.000335,-0.3155,-0.4733,-0.3239,-0.4873,92.436815,41.471996,7.768265,39.574392,7.183155
2016-04-08,420.349,-0.5668,0.123,0.000337,-1.1335,-1.7003,-1.142,-1.7144,91.912909,41.001893,7.63618,39.122468,7.06001
2016-04-09,419.411,-0.2231,0.1238,0.000339,-0.4463,-0.6694,-0.4547,-0.6835,91.70781,40.818906,7.585061,38.944574,7.011756
2016-04-10,421.564,0.5133,0.1245,0.000341,1.0267,1.54,1.0182,1.526,92.178579,41.237981,7.701871,39.341126,7.118752
2016-04-11,422.483,0.218,0.1252,0.000343,0.436,0.654,0.4276,0.6399,92.379527,41.417778,7.752241,39.509338,7.164308
2016-04-12,425.19,0.6407,0.126,0.000345,1.2815,1.9222,1.273,1.9081,92.971436,41.948536,7.901255,40.012309,7.301013
2016-04-13,423.734,-0.3424,0.1267,0.000347,-0.6849,-1.0273,-0.6933,-1.0414,92.653071,41.661244,7.820086,39.734905,7.224983
2016-04-14,424.282,0.1293,0.1275,0.000349,0.2587,0.388,0.2502,0.3739,92.772897,41.769003,7.850426,39.834331,7.251998
2016-04-15,429.713,1.28,0.1282,0.000351,2.5601,3.8401,2.5517,3.8261,93.960431,42.838326,8.151893,40.850766,7.529464
2016-04-16,430.572,0.1999,0.1289,0.000353,0.3998,0.5997,0.3914,0.5856,94.148254,43.00959,8.200779,41.010638,7.573558
2016-04-17,427.399,-0.7369,0.1297,0.000355,-1.4739,-2.2108,-1.4823,-2.2249,93.45445,42.375691,8.019478,40.402741,7.405056
2016-04-18,428.591,0.2789,0.1304,0.000357,0.5578,0.8367,0.5494,0.8226,93.715094,42.612063,8.086577,40.624698,7.465971
2016-04-19,435.509,1.6141,0.1311,0.000359,3.2283,4.8424,3.2198,4.8283,95.227774,43.987688,8.478159,41.932736,7.82645
2016-04-20,441.389,1.3501,0.1319,0.000361,2.7003,4.0504,2.6918,4.0363,96.513488,45.175483,8.821562,43.061501,8.142353
2016-04-21,449.425,1.8206,0.1326,0.000363,3.6412,5.4618,3.6328,5.4477,98.270623,46.820424,9.303381,44.62583,8.585927
2016-04-22,445.737,-0.8206,0.1334,0.000365,-1.6412,-2.4618,-1.6497,-2.4759,97.464213,46.052006,9.07435,43.88966,8.373347
2016-04-23,450.282,1.0197,0.1341,0.000367,2.0393,3.059,2.0309,3.0449,98.458019,46.991156,9.351933,44.781004,8.628306
2016-04-24,458.555,1.8373,0.1348,0.000369,3.6746,5.5119,3.6661,5.4978,100.266977,48.717882,9.867399,46.422732,9.102669
2016-04-25,461.426,0.6261,0.1356,0.000371,1.2522,1.8783,1.2437,1.8642,100.894746,49.327925,10.052738,47.000111,9.272359
2016-04-26,466.089,1.0106,0.1363,0.000373,2.0211,3.0317,2.0127,3.0176,101.91435,50.324903,10.357505,47.946067,9.552159
2016-04-27,444.687,-4.5918,0.137,0.000375,-9.1836,-13.7755,-9.1921,-13.7896,97.234624,45.703243,8.93071,43.538815,8.234956
2016-04-28,449.011,0.9724,0.1378,0.000377,1.9447,2.9171,1.9363,2.903,98.180099,46.592046,9.191227,44.381843,8.474014
2016-04-29,455.097,1.3554,0.1385,0.00038,2.7108,4.0663,2.7024,4.0521,99.510854,47.855085,9.564967,45.581211,8.817393
2016-04-30,448.318,-1.4896,0.1393,0.000382,-2.9791,-4.4687,-2.9876,-4.4828,98.02857,46.429414,9.137536,44.219425,8.422123
2016-05-01,451.875,0.7934,0.14,0.000384,1.5868,2.3802,1.5784,2.3661,98.80634,47.166167,9.355031,44.917365,8.621398
2016-05-02,444.669,-1.5947,0.1407,0.000386,-3.1894,-4.7841,-3.1978,-4.7982,97.230687,45.661861,8.907481,43.480979,8.207726
2016-05-03,450.304,1.2672,0.1415,0.000388,2.5345,3.8017,2.526,3.7875,98.462824,46.819143,9.246116,44.579304,8.518597
2016-05-04,446.722,-0.7955,0.1422,0.00039,-1.5909,-2.3864,-1.5994,-2.4005,97.679589,46.074285,9.025467,43.866304,8.314105
2016-05-05,447.976,0.2807,0.143,0.000392,0.5614,0.8422,0.553,0.828,97.953793,46.332963,9.101476,44.108868,8.382946
2016-05-06,459.603,2.5954,0.1437,0.000394,5.1909,7.7863,5.1824,7.7722,100.496132,48.738058,9.810148,46.394774,9.034484
2016-05-07,458.536,-0.2322,0.1444,0.000396,-0.4643,-0.6965,-0.4728,-0.7106,100.262827,48.511764,9.741824,46.175426,8.970283
2016-05-08,458.548,0.0026,0.1452,0.000398,0.0052,0.0078,-0.0032,-0.0063,100.265449,48.514302,9.742588,46.173926,8.969716
2016-05-09,460.483,0.422,0.1459,0.0004,0.844,1.266,0.8355,1.2518,100.688553,48.923746,9.865925,46.559703,9.081998
2016-05-10,450.895,-2.0822,0.1466,0.000402,-4.1643,-6.2465,-4.1728,-6.2607,98.592052,46.886401,9.24965,44.616854,8.513404
2016-05-11,452.728,0.4065,0.1474,0.000404,0.8131,1.2196,0.8046,1.2054,98.992855,47.267612,9.362457,44.975826,8.616025
2016-05-12,454.766,0.4502,0.1481,0.000406,0.9003,1.3505,0.8918,1.3363,99.43848,47.693171,9.488895,45.376934,8.73116
2016-05-13,455.67,0.1988,0.1489,0.000408,0.3976,0.5964,0.3891,0.5822,99.636152,47.882788,9.545483,45.553489,8.781991
2016-05-14,455.671,0.0002,0.1496,0.00041,0.0004,0.0006,-0.0081,-0.0135,99.636365,47.882993,9.545545,45.549816,8.780802
2016-05-15,457.568,0.4163,0.1503,0.000412,0.8326,1.2489,0.8241,1.2347,100.051161,48.281676,9.664762,45.925204,8.889221
2016-05-16,454.163,-0.7442,0.1511,0.000414,-1.4883,-2.2325,-1.4968,-2.2467,99.306629,47.563099,9.449001,45.237796,8.689512
2016-05-17,453.783,-0.0837,0.1518,0.000416,-0.1673,-0.251,-0.1758,-0.2652,99.223538,47.483505,9.425282,45.158249,8.666466
2016-05-18,454.619,0.1842,0.1525,0.000418,0.3685,0.5527,0.36,0.5385,99.406336,47.658462,9.477374,45.3208,8.713133
2016-05-19,438.715,-3.4983,0.1533,0.00042,-6.9966,-10.4949,-7.0051,-10.5091,95.928792,44.323978,8.48273,42.14602,7.797457
2016-05-20,442.676,0.9029,0.154,0.000422,1.8057,2.7086,1.7972,2.6944,96.794898,45.124348,8.712492,42.903479,8.00755
2016-05-21,443.188,0.1157,0.1548,0.000424,0.2313,0.347,0.2228,0.3328,96.90685,45.228729,8.742723,42.999072,8.034196
2016-05-22,439.323,-0.8721,0.1555,0.000426,-1.7442,-2.6163,-1.7527,-2.6305,96.061737,44.43986,8.51399,42.245434,7.822857
2016-05-23,444.155,1.0999,0.1562,0.000428,2.1997,3.2996,2.1912,3.2854,97.118295,45.417425,8.79492,43.171132,8.079869
2016-05-24,445.981,0.4111,0.157,0.00043,0.8222,1.2333,0.8137,1.2191,97.517563,45.790861,8.903391,43.522424,8.178372
2016-05-25,449.599,0.8112,0.1577,0.000432,1.6225,2.4337,1.614,2.4195,98.308673,46.533816,9.120077,44.224868,8.376249
2016-05-26,453.384,0.8419,0.1584,0.000434,1.6837,2.5256,1.6752,2.5113,99.136296,47.317317,9.350412,44.965726,8.586605
2016-05-27,473.464,4.4289,0.1592,0.000436,8.8578,13.2867,8.8493,13.2725,103.526957,51.508603,10.592778,48.944882,9.726262
2016-05-28,530.04,11.9494,0.1599,0.000438,23.8988,35.8481,23.8902,35.8339,115.897782,63.818516,14.39009,60.637927,13.21156
2016-05-29,526.233,-0.7182,0.1607,0.00044,-1.4365,-2.1547,-1.445,-2.169,115.065347,62.901764,14.08002,59.761697,12.925001
2016-05-30,533.864,1.4501,0.1614,0.000442,2.9003,4.3504,2.8917,4.3361,116.73394,64.726074,14.692554,61.489843,13.485445
2016-05-31,531.386,-0.4642,0.1621,0.000444,-0.9283,-1.3925,-0.9369,-1.4068,116.192098,64.125198,14.487959,60.913767,13.295737
2016-06-01,536.92,1.0414,0.1629,0.000446,2.0829,3.1243,2.0743,3.11,117.402154,65.460833,14.940604,62.177317,13.709237
2016-06-02,537.972,0.1959,0.1636,0.000448,0.3919,0.5878,0.3833,0.5735,117.632183,65.717351,15.028424,62.415664,13.787864
2016-06-03,569.194,5.8036,0.1643,0.00045,11.6073,17.4109,11.5988,17.3967,124.459137,73.345355,17.645014,69.655106,16.186492
2016-06-04,572.727,0.6207,0.1651,0.000452,1.2414,1.8621,1.2329,1.8478,125.231662,74.255872,17.973585,70.513868,16.485593
2016-06-05,574.977,0.3929,0.1658,0.000454,0.7857,1.1786,0.7772,1.1643,125.723644,74.839312,18.185416,71.061886,16.677534
2016-06-06,585.537,1.8366,0.1666,0.000456,3.6732,5.5098,3.6647,5.4955,128.032678,77.588301,19.187394,73.666057,17.594048
2016-06-07,576.597,-1.5268,0.1673,0.000458,-3.0536,-4.5804,-3.0621,-4.5947,126.07787,75.219059,18.308532,71.410292,16.785655
2016-06-08,581.645,0.8755,0.168,0.00046,1.751,2.6265,1.7424,2.6122,127.181666,76.536126,18.789399,72.654569,17.224125
2016-06-09,574.63,-1.2061,0.1688,0.000462,-2.4121,-3.6182,-2.4207,-3.6325,125.647773,74.689975,18.109562,70.895838,16.598461
2016-06-10,577.47,0.4942,0.1695,0.000464,0.9885,1.4827,0.9799,1.4684,126.268756,75.428249,18.378068,71.590549,16.842189
2016-06-11,606.727,5.0664,0.1702,0.000466,10.1328,15.1992,10.1243,15.1849,132.666054,83.071263,21.171395,78.838577,19.399665
2016-06-12,672.784,10.8874,0.171,0.000468,21.7749,32.6623,21.7663,32.648,147.109984,101.159923,28.08646,95.998833,25.733267
2016-06-13,704.376,4.6957,0.1717,0.00047,9.3914,14.0871,9.3829,14.0728,154.017841,110.660275,32.043036,105.006275,29.354662
2016-06-14,685.559,-2.6714,0.1725,0.000472,-5.3429,-8.0143,-5.3514,-8.0286,149.903353,104.747837,29.475008,99.38694,26.997887
2016-06-15,694.469,1.2997,0.1732,0.000475,2.5993,3.899,2.5908,3.8847,151.851595,107.47058,30.624237,101.961831,28.046668
2016-06-16,766.308,10.3444,0.1739,0.000477,20.6889,31.0333,20.6803,31.019,167.559805,129.705058,40.127963,123.047883,36.74647
2016-06-17,748.909,-2.2705,0.1747,0.000479,-4.541,-6.8115,-4.5496,-6.8258,163.755367,123.815163,37.394652,117.449757,34.238225
2016-06-18,756.227,0.9772,0.1754,0.000481,1.9543,2.9315,1.9457,2.9171,165.355509,126.234893,38.490862,119.735029,35.236998
2016-06-19,763.781,0.9989,0.1761,0.000483,1.9978,2.9967,1.9893,2.9824,167.00726,128.756835,39.644328,122.116861,36.287903
2016-06-20,737.226,-3.4768,0.1769,0.000485,-6.9536,-10.4303,-6.9621,-10.4447,161.200783,119.803649,35.509288,113.614928,32.497747
2016-06-21,666.652,-9.5729,0.1776,0.000487,-19.1458,-28.7188,-19.1544,-28.7331,145.769166,96.866241,25.311464,91.852667,23.160139
2016-06-22,596.116,-10.5806,0.1784,0.000489,-21.1613,-31.7419,-21.1698,-31.7562,130.345876,76.368132,17.27713,72.407621,15.805353
2016-06-23,623.977,4.6737,0.1791,0.000491,9.3475,14.0212,9.3389,14.0069,136.437914,83.50664,19.699599,79.169713,18.019192
2016-06-24,665.299,6.6224,0.1798,0.000493,13.2447,19.8671,13.2362,19.8527,145.473328,94.566866,23.613336,89.648736,21.596494
2016-06-25,665.123,-0.0265,0.1806,0.000495,-0.0529,-0.0794,-0.0615,-0.0937,145.434838,94.516825,23.594593,89.593608,21.576251
2016-06-26,629.367,-5.3758,0.1813,0.000497,-10.7517,-16.1275,-10.7603,-16.1419,137.616487,84.354669,19.789367,79.953095,18.093435
2016-06-27,655.275,4.1165,0.182,0.000499,8.233,12.3496,8.2245,12.3352,143.281497,91.299623,22.233266,86.528804,20.325295
2016-06-28,647.001,-1.2627,0.1828,0.000501,-2.5254,-3.788,-2.5339,-3.8024,141.472306,88.993973,21.391059,84.336208,19.552442
2016-06-29,639.89,-1.0991,0.1835,0.000503,-2.1981,-3.2972,-2.2067,-3.3116,139.917433,87.037769,20.685754,82.475148,18.904949
2016-06-30,673.337,5.227,0.1843,0.000505,10.454,15.681,10.4454,15.6666,147.230898,96.136673,23.929479,91.089995,21.866707
2016-07-01,676.296,0.4395,0.185,0.000507,0.8789,1.3184,0.8703,1.304,147.877918,96.981637,24.24496,91.882779,22.151848
2016-07-02,703.702,4.0524,0.1857,0.000509,8.1047,12.1571,8.0961,12.1427,153.870476,104.841744,27.192445,99.321743,24.841684
2016-07-03,658.664,-6.4002,0.1865,0.000511,-12.8003,-19.2005,-12.8089,-19.2149,144.022526,91.421674,21.971369,86.599716,20.06839
2016-07-04,683.662,3.7953,0.1872,0.000513,7.5905,11.3858,7.5819,11.3714,149.48855,98.361047,24.472978,93.165634,22.350441
2016-07-05,670.627,-1.9066,0.188,0.000515,-3.8133,-5.7199,-3.8219,-5.7343,146.638341,94.610265,23.073143,89.604958,21.068795
2016-07-06,677.331,0.9997,0.1887,0.000517,1.9993,2.999,1.9907,2.9846,148.104224,96.501824,23.765101,91.38874,21.697609
2016-07-07,640.562,-5.4285,0.1894,0.000519,-10.857,-16.2855,-10.8656,-16.2999,140.064371,86.024602,19.894828,81.458785,18.160912
2016-07-08,666.523,4.0528,0.1902,0.000521,8.1057,12.1585,8.0971,12.1441,145.740966,92.997493,22.313749,88.054577,20.366397
2016-07-09,650.96,-2.335,0.1909,0.000523,-4.6699,-7.0049,-4.6785,-7.0193,142.337985,88.6546,20.750704,83.934937,18.936824
2016-07-10,649.36,-0.2458,0.1916,0.000525,-0.4916,-0.7374,-0.5002,-0.7518,141.988123,88.21878,20.59769,83.515094,18.794455
2016-07-11,647.659,-0.2619,0.1924,0.000527,-0.5239,-0.7858,-0.5325,-0.8003,141.616188,87.756605,20.435824,83.070371,18.644049
2016-07-12,664.551,2.6082,0.1931,0.000529,5.2163,7.8245,5.2077,7.8101,145.309774,92.334283,22.034825,87.396446,20.100163
2016-07-13,654.468,-1.5173,0.1939,0.000531,-3.0345,-4.5518,-3.0431,-4.5662,143.105038,89.532369,21.031844,84.736845,19.182343
2016-07-14,658.078,0.5516,0.1946,0.000533,1.1032,1.6548,1.0946,1.6403,143.894393,90.520074,21.379874,85.664346,19.496998
2016-07-15,663.255,0.7867,0.1953,0.000535,1.5734,2.3601,1.5648,2.3456,145.026388,91.944289,21.884451,87.004781,19.954323
2016-07-16,660.767,-0.3751,0.1961,0.000537,-0.7502,-1.1253,-0.7589,-1.1398,144.482371,91.254494,21.638174,86.344544,19.726885
2016-07-17,679.459,2.8288,0.1968,0.000539,5.6577,8.4865,5.649,8.472,148.569527,96.417357,23.474494,91.222175,21.398153
2016-07-18,673.106,-0.935,0.1975,0.000541,-1.87,-2.805,-1.8786,-2.8195,147.180397,94.614346,22.816032,89.508447,20.79484
2016-07-19,672.864,-0.036,0.1983,0.000543,-0.0719,-0.1079,-0.0805,-0.1223,147.127481,94.546312,22.791422,89.436364,20.769404
2016-07-20,665.685,-1.0669,0.199,0.000545,-2.1339,-3.2008,-2.1425,-3.2153,145.557727,92.528818,22.061914,87.520194,20.101613
2016-07-21,665.012,-0.1011,0.1998,0.000547,-0.2022,-0.3033,-0.2108,-0.3177,145.410576,92.341734,21.995003,87.335685,20.037741
2016-07-22,650.619,-2.1643,0.2005,0.000549,-4.3286,-6.493,-4.3373,-6.5074,142.263422,88.344588,20.566875,83.547694,18.733797
2016-07-23,655.556,0.7588,0.2012,0.000551,1.5176,2.2765,1.509,2.262,143.342942,89.685336,21.03507,84.80843,19.157552
2016-07-24,661.285,0.8739,0.202,0.000553,1.7478,2.6217,1.7392,2.6072,144.595624,91.252867,21.58655,86.283399,19.657036
2016-07-25,654.097,-1.087,0.2027,0.000555,-2.1739,-3.2609,-2.1826,-3.2754,143.023909,89.26908,20.88263,84.400191,19.01319
2016-07-26,651.784,-0.3536,0.2034,0.000557,-0.7072,-1.0608,-0.7159,-1.0753,142.518154,88.637741,20.661098,83.795995,18.808735
2016-07-27,654.352,0.394,0.2042,0.000559,0.788,1.182,0.7793,1.1675,143.079668,89.336197,20.905309,84.449057,19.028326
2016-07-28,655.035,0.1044,0.2049,0.000561,0.2088,0.3131,0.2001,0.2986,143.229008,89.522687,20.970769,84.618046,19.085151
2016-07-29,656.992,0.2988,0.2057,0.000563,0.5975,0.8963,0.5889,0.8818,143.65693,90.057616,21.15873,85.116353,19.253445
2016-07-30,655.047,-0.296,0.2064,0.000565,-0.5921,-0.8881,-0.6007,-0.9026,143.231637,89.52439,20.970811,84.605023,19.079655
2016-07-31,624.681,-4.6357,0.2071,0.000567,-9.2714,-13.9071,-9.28,-13.9216,136.591858,81.224238,18.054383,76.753647,16.423465
2016-08-01,606.272,-2.947,0.2079,0.00057,-5.8939,-8.8409,-5.9026,-8.8554,132.56656,76.436958,16.458221,72.223218,14.969107
2016-08-02,547.465,-9.6998,0.2086,0.000572,-19.3995,-29.0993,-19.4082,-29.1138,119.707918,61.60855,11.668995,58.206006,10.61103
2016-08-03,566.355,3.4504,0.2093,0.000574,6.9009,10.3513,6.8922,10.3368,123.838368,65.860082,12.876891,62.217695,11.707872
2016-08-04,578.289,2.1072,0.2101,0.000576,4.2143,6.3215,4.2057,6.307,126.447844,68.635641,13.690902,64.834364,12.446283
2016-08-05,575.043,-0.5613,0.2108,0.000578,-1.1226,-1.6839,-1.1313,-1.6984,125.738084,67.865128,13.460358,64.100911,12.23489
2016-08-06,587.778,2.2146,0.2116,0.00058,4.4292,6.6438,4.4206,6.6293,128.522698,70.87103,14.354643,66.934535,13.04598
2016-08-07,592.69,0.8357,0.2123,0.000582,1.6714,2.5071,1.6627,2.4925,129.596746,72.055551,14.714523,68.047463,13.371154
2016-08-08,591.054,-0.276,0.213,0.000584,-0.5521,-0.8281,-0.5607,-0.8426,129.239024,71.657765,14.592675,67.665907,13.258487
2016-08-09,587.801,-0.5504,0.2138,0.000586,-1.1007,-1.6511,-1.1094,-1.6657,128.527729,70.868997,14.351733,66.915214,13.037646
2016-08-10,592.103,0.7319,0.2145,0.000588,1.4638,2.1956,1.4551,2.1811,129.468399,71.90635,14.666846,67.888892,13.32201
2016-08-11,589.12,-0.5038,0.2152,0.00059,-1.0076,-1.5114,-1.0163,-1.526,128.816133,71.181818,14.44517,67.198952,13.118721
2016-08-12,587.559,-0.265,0.216,0.000592,-0.5299,-0.7949,-0.5386,-0.8095,128.474813,70.804601,14.330345,66.837013,13.012531
2016-08-13,585.588,-0.3355,0.2167,0.000594,-0.6709,-1.0064,-0.6796,-1.0209,128.043835,70.329563,14.186128,66.382795,12.879683
2016-08-14,570.473,-2.5812,0.2175,0.000596,-5.1623,-7.7435,-5.171,-7.7581,124.738813,66.698919,13.087627,62.950136,11.88047
2016-08-15,567.24,-0.5667,0.2182,0.000598,-1.1335,-1.7002,-1.1421,-1.7148,124.031883,65.942916,12.865113,62.23116,11.676749
2016-08-16,577.439,1.798,0.2189,0.0006,3.596,5.394,3.5873,5.3795,126.26199,68.314237,13.559061,64.463603,12.304896
2016-08-17,573.216,-0.7313,0.2197,0.000602,-1.4627,-2.194,-1.4714,-2.2086,125.338589,67.315024,13.261574,63.515113,12.033132
2016-08-18,574.318,0.1922,0.2204,0.000604,0.3845,0.5767,0.3758,0.5622,125.579549,67.573846,13.338059,63.753807,12.100778
2016-08-19,575.63,0.2284,0.2211,0.000606,0.4569,0.6853,0.4482,0.6708,125.866432,67.882586,13.42947,64.039556,12.181945
2016-08-20,581.697,1.054,0.2219,0.000608,2.108,3.1619,2.0993,3.1473,127.193037,69.313522,13.854101,65.383917,12.565353
2016-08-21,581.308,-0.0669,0.2226,0.00061,-0.1338,-0.2006,-0.1425,-0.2152,127.10797,69.220809,13.826304,65.290776,12.538309
2016-08-22,586.753,0.9367,0.2234,0.000612,1.8734,2.81,1.8647,2.7955,128.298568,70.517566,14.21483,66.508234,12.888811
2016-08-23,583.415,-0.5689,0.2241,0.000614,-1.1378,-1.7067,-1.1465,-1.7213,127.568683,69.715223,13.972227,65.745725,12.666958
2016-08-24,580.182,-0.5541,0.2248,0.000616,-1.1083,-1.6624,-1.117,-1.677,126.861766,68.942575,13.739947,65.011352,12.454528
2016-08-25,577.761,-0.4173,0.2256,0.000618,-0.8346,-1.2519,-0.8433,-1.2665,126.332389,68.367199,13.567943,64.463129,12.296796
2016-08-26,579.651,0.3271,0.2263,0.00062,0.6543,0.9814,0.6456,0.9668,126.745657,68.814495,13.701096,64.879272,12.415678
2016-08-27,569.947,-1.6741,0.227,0.000622,-3.3482,-5.0223,-3.3569,-5.0369,124.623799,66.510438,13.012983,62.701328,11.790308
2016-08-28,573.912,0.6957,0.2278,0.000624,1.3913,2.087,1.3826,2.0724,125.490772,67.435828,13.284566,63.568261,12.034651
2016-08-29,574.107,0.034,0.2285,0.000626,0.068,0.1019,0.0592,0.0873,125.533412,67.481655,13.298108,63.605924,12.045158
2016-08-30,577.503,0.5915,0.2293,0.000628,1.1831,1.7746,1.1743,1.76,126.275976,68.279999,13.534094,64.352876,12.257148
2016-08-31,575.472,-0.3517,0.23,0.00063,-0.7034,-1.0551,-0.7121,-1.0697,125.831879,67.799735,13.3913,63.894627,12.126034
2016-09-01,572.303,-0.5507,0.2307,0.000632,-1.1014,-1.652,-1.1101,-1.6667,125.138949,67.053016,13.170071,63.18535,11.923933
2016-09-02,575.537,0.5651,0.2315,0.000634,1.1302,1.6953,1.1215,1.6806,125.846092,67.810832,13.393338,63.893947,12.124329
2016-09-03,598.212,3.9398,0.2322,0.000636,7.8796,11.8194,7.8709,11.8047,130.804173,73.15405,14.976349,68.922959,13.555575
2016-09-04,608.634,1.7422,0.233,0.000638,3.4844,5.2266,3.4757,5.2119,133.083032,75.703017,15.759099,71.318489,14.262082
2016-09-05,606.59,-0.3358,0.2337,0.00064,-0.6717,-1.0075,-0.6804,-1.0221,132.636106,75.194558,15.60033,70.833257,14.116306
2016-09-06,610.436,0.634,0.2344,0.000642,1.2681,1.9021,1.2593,1.8874,133.477055,76.148066,15.897061,71.725282,14.382741
2016-09-07,614.544,0.673,0.2352,0.000644,1.3459,2.0189,1.3372,2.0042,134.375311,77.172968,16.218007,72.684398,14.671006
2016-09-08,626.316,1.9156,0.2359,0.000646,3.8311,5.7467,3.8224,5.732,136.949354,80.129561,17.150005,75.462683,15.511951
2016-09-09,622.861,-0.5516,0.2366,0.000648,-1.1033,-1.6549,-1.112,-1.6696,136.193898,79.245521,16.86619,74.623543,15.25297
2016-09-10,623.509,0.104,0.2374,0.00065,0.2081,0.3121,0.1993,0.2974,136.335578,79.410396,16.918827,74.772285,15.298334
2016-09-11,606.719,-2.6928,0.2381,0.000652,-5.3856,-8.0785,-5.3944,-8.0931,132.664305,75.133637,15.552046,70.738787,14.060219
2016-09-12,608.243,0.2512,0.2389,0.000654,0.5024,0.7536,0.4936,0.7389,132.997538,75.511086,15.669239,71.087977,14.164107
2016-09-13,609.241,0.1641,0.2396,0.000656,0.3282,0.4923,0.3194,0.4776,133.21577,75.758893,15.746373,71.315057,14.231752
2016-09-14,610.684,0.2369,0.2403,0.000658,0.4737,0.7106,0.465,0.6959,133.531292,76.117765,15.858259,71.646645,14.330785
2016-09-15,607.155,-0.5779,0.2411,0.00066,-1.1558,-1.7336,-1.1645,-1.7483,132.759648,75.238033,15.583336,70.812325,14.080238
2016-09-16,606.973,-0.03,0.2418,0.000662,-0.06,-0.0899,-0.0687,-0.1046,132.719851,75.192925,15.569322,70.763677,14.065506
2016-09-17,605.984,-0.1629,0.2425,0.000664,-0.3259,-0.4888,-0.3346,-0.5035,132.503595,74.947883,15.493215,70.526881,13.994683
2016-09-18,609.874,0.6419,0.2433,0.000667,1.2839,1.9258,1.2751,1.9111,133.35418,75.910115,15.791583,71.426182,14.262135
2016-09-19,609.227,-0.1061,0.244,0.000669,-0.2122,-0.3183,-0.2209,-0.333,133.2127,75.749044,15.741322,71.268375,14.214644
2016-09-20,608.312,-0.1502,0.2448,0.000671,-0.3004,-0.4506,-0.3091,-0.4653,133.012632,75.521514,15.670398,71.048066,14.148508
2016-09-21,597.149,-1.8351,0.2455,0.000673,-3.6702,-5.5052,-3.6789,-5.52,130.571741,72.74975,14.807704,68.434265,13.367515
2016-09-22,596.298,-0.1425,0.2462,0.000675,-0.285,-0.4275,-0.2938,-0.4423,130.38566,72.542395,14.744395,68.233217,13.308397
2016-09-23,602.842,1.0974,0.247,0.000677,2.1949,3.2923,2.1861,3.2776,131.816563,74.134612,15.229828,69.724877,13.744592
2016-09-24,602.625,-0.036,0.2477,0.000679,-0.072,-0.108,-0.0807,-0.1227,131.769118,74.081246,15.213383,69.668576,13.727726
2016-09-25,600.826,-0.2985,0.2484,0.000681,-0.5971,-0.8956,-0.6058,-0.9103,131.375749,73.638938,15.077134,69.246509,13.60276
2016-09-26,608.043,1.2012,0.2492,0.000683,2.4024,3.6036,2.3936,3.5888,132.953817,75.40802,15.620447,70.904,14.09094
2016-09-27,606.166,-0.3087,0.2499,0.000685,-0.6174,-0.9261,-0.6262,-0.9408,132.543392,74.942454,15.475787,70.460026,13.958368
2016-09-28,604.728,-0.2372,0.2507,0.000687,-0.4745,-0.7117,-0.4832,-0.7264,132.228963,74.586887,15.365649,70.119547,13.856971
2016-09-29,605.693,0.1596,0.2514,0.000689,0.3191,0.4787,0.3104,0.464,132.439961,74.824924,15.439206,70.337177,13.921262
2016-09-30,609.735,0.6673,0.2521,0.000691,1.3347,2.002,1.3259,1.9872,133.323778,75.823587,15.748299,71.269773,14.197912
2016-10-01,613.983,0.6967,0.2529,0.000693,1.3934,2.0901,1.3846,2.0753,134.252636,76.880104,16.077451,72.256583,14.492565
2016-10-02,610.892,-0.5034,0.2536,0.000695,-1.0068,-1.5103,-1.0156,-1.525,133.576775,76.106037,15.834638,71.522726,14.271548
2016-10-03,612.133,0.2031,0.2543,0.000697,0.4063,0.6094,0.3975,0.5947,133.848123,76.415241,15.931137,71.80703,14.356415
2016-10-04,610.204,-0.3151,0.2551,0.000699,-0.6303,-0.9454,-0.639,-0.9602,133.426327,75.933626,15.780526,71.348153,14.218571
2016-10-05,612.511,0.3781,0.2558,0.000701,0.7561,1.1342,0.7474,1.1194,133.930774,76.507792,15.959511,71.881381,14.37774
2016-10-06,613.021,0.0833,0.2566,0.000703,0.1665,0.2498,0.1577,0.235,134.042292,76.635201,15.999377,71.99477,14.41153
2016-10-07,617.121,0.6688,0.2573,0.000705,1.3376,2.0064,1.3288,1.9917,134.938787,77.660297,16.320396,72.951468,14.69856
2016-10-08,619.108,0.322,0.258,0.000707,0.644,0.9659,0.6352,0.9512,135.373261,78.160396,16.47804,73.414833,14.838366
2016-10-09,616.752,-0.3805,0.2588,0.000709,-0.7611,-1.1416,-0.7699,-1.1564,134.858111,77.565532,16.289923,72.849632,14.666773
2016-10-10,618.994,0.3635,0.2595,0.000711,0.727,1.0906,0.7182,1.0758,135.348345,78.129461,16.467574,73.372869,14.824553
2016-10-11,641.072,3.5668,0.2602,0.000713,7.1335,10.7003,7.1247,10.6855,140.175889,83.702835,18.229648,78.600478,16.408626
2016-10-12,636.192,-0.7612,0.261,0.000715,-1.5225,-2.2837,-1.5312,-2.2985,139.108834,82.4285,17.813342,77.396909,16.031478
2016-10-13,636.786,0.0934,0.2617,0.000717,0.1867,0.2801,0.1779,0.2653,139.238716,82.582422,17.863237,77.534625,16.074009
2016-10-14,640.378,0.5641,0.2625,0.000719,1.1282,1.6922,1.1194,1.6774,140.024133,83.514084,18.165526,78.402515,16.343639
2016-10-15,638.646,-0.2705,0.2632,0.000721,-0.5409,-0.8114,-0.5497,-0.8262,139.645418,83.062332,18.018132,77.971511,16.208607
2016-10-16,641.631,0.4674,0.2639,0.000723,0.9348,1.4022,0.926,1.3874,140.29811,83.838786,18.270778,78.693512,16.433479
2016-10-17,639.193,-0.38,0.2647,0.000725,-0.7599,-1.1399,-0.7687,-1.1547,139.765023,83.201666,18.062509,78.088562,16.243718
2016-10-18,637.96,-0.1929,0.2654,0.000727,-0.3858,-0.5787,-0.3946,-0.5935,139.495424,82.880683,17.957984,77.780425,16.14731
2016-10-19,630.52,-1.1662,0.2661,0.000729,-2.3324,-3.4987,-2.3412,-3.5135,137.868603,80.947544,17.329697,75.959393,15.579977
2016-10-20,630.857,0.0534,0.2669,0.000731,0.1069,0.1603,0.0981,0.1455,137.942286,81.034068,17.357482,76.03389,15.602646
2016-10-21,632.828,0.3124,0.2676,0.000733,0.6249,0.9373,0.6161,0.9225,138.373264,81.540423,17.520174,76.502298,15.746575
2016-10-22,657.294,3.8661,0.2684,0.000735,7.7323,11.5984,7.7235,11.5836,143.722965,87.845353,19.552236,82.410921,17.570591
2016-10-23,657.071,-0.0339,0.2691,0.000737,-0.0679,-0.1018,-0.0767,-0.1166,143.674199,87.785741,19.532333,82.347729,17.550098
2016-10-24,653.761,-0.5038,0.2698,0.000739,-1.0075,-1.5113,-1.0163,-1.5261,142.95044,86.901299,19.237151,81.51081,17.282266
2016-10-25,657.588,0.5854,0.2706,0.000741,1.1708,1.7562,1.1619,1.7413,143.787252,87.918715,19.574986,82.457924,17.583203
2016-10-26,678.304,3.1503,0.2713,0.000743,6.3006,9.4509,6.2918,9.436,148.316984,93.458124,21.424999,87.645993,19.242362
2016-10-27,688.313,1.4756,0.272,0.000745,2.9512,4.4268,2.9423,4.4119,150.505531,96.216237,22.373433,90.224843,20.091316
2016-10-28,689.651,0.1944,0.2728,0.000747,0.3888,0.5832,0.38,0.5683,150.798099,96.590307,22.503908,90.567653,20.205497
2016-10-29,714.479,3.6001,0.2735,0.000749,7.2002,10.8002,7.1913,10.7854,156.226955,103.544968,24.934386,97.080675,22.384736
2016-10-30,701.864,-1.7656,0.2743,0.000751,-3.5312,-5.2969,-3.5401,-5.3117,153.468579,99.888545,23.613645,93.643946,21.195718
2016-10-31,700.972,-0.1271,0.275,0.000753,-0.2542,-0.3813,-0.263,-0.3962,153.273529,99.63464,23.523611,93.39764,21.111749
2016-11-01,729.793,4.1116,0.2757,0.000755,8.2232,12.3347,8.2143,12.3199,159.575498,107.827762,26.425189,101.069628,23.712689
2016-11-02,740.829,1.5122,0.2765,0.000757,3.0244,4.5366,3.0156,4.5217,161.988603,111.08891,27.623996,104.117449,24.784911
2016-11-03,688.7,-7.0366,0.2772,0.000759,-14.0731,-21.1097,-14.082,-21.1246,150.590157,95.455207,21.792649,89.455644,19.549196
2016-11-04,703.235,2.1105,0.278,0.000762,4.221,6.3315,4.2121,6.3166,153.768354,99.48436,23.172446,93.223645,20.784039
2016-11-05,703.418,0.026,0.2787,0.000764,0.0521,0.0781,0.0432,0.0632,153.808378,99.536149,23.190541,93.263929,20.797172
2016-11-06,711.522,1.1521,0.2794,0.000766,2.3042,3.4562,2.2953,3.4413,155.580374,101.829623,23.992062,95.404629,21.512874
2016-11-07,703.131,-1.1793,0.2802,0.000768,-2.3586,-3.5379,-2.3675,-3.5528,153.745612,99.427866,23.143246,93.145969,20.748562
2016-11-08,709.848,0.9553,0.2809,0.00077,1.9106,2.8659,1.9018,2.851,155.214351,101.327543,23.806511,94.917379,21.340104
2016-11-09,723.273,1.8912,0.2816,0.000772,3.7825,5.6737,3.7736,5.6588,158.149839,105.160254,25.157232,98.499221,22.547705
2016-11-10,715.534,-1.07,0.2824,0.000774,-2.14,-3.21,-2.1489,-3.2249,156.457638,102.909827,24.349685,96.382617,21.820561
2016-11-11,716.411,0.1226,0.2831,0.000776,0.2451,0.3677,0.2363,0.3528,156.649404,103.162095,24.43922,96.610348,21.89754
2016-11-12,705.054,-1.5853,0.2839,0.000778,-3.1705,-4.7558,-3.1794,-4.7707,154.1661,99.891315,23.276943,93.538733,20.852871
2016-11-13,702.031,-0.4288,0.2846,0.00078,-0.8575,-1.2863,-0.8664,-1.3012,153.505093,99.034721,22.977534,92.728325,20.58153
2016-11-14,705.021,0.4259,0.2853,0.000782,0.8518,1.2777,0.8429,1.2628,154.15888,99.878311,23.271122,93.509976,20.84143
2016-11-15,711.619,0.9359,0.2861,0.000784,1.8717,2.8076,1.8629,2.7926,155.601594,101.747757,23.924479,95.251934,21.423458
2016-11-16,744.198,4.5781,0.2868,0.000786,9.1563,13.7344,9.1474,13.7195,162.725267,111.064084,27.210373,103.965038,24.36265
2016-11-17,740.977,-0.4328,0.2875,0.000788,-0.8656,-1.2984,-0.8745,-1.3134,162.020966,110.102678,26.857061,103.055862,24.042673
2016-11-18,751.585,1.4316,0.2883,0.00079,2.8633,4.2949,2.8544,4.2799,164.340503,113.255199,28.01054,105.997471,25.071683
2016-11-19,751.616,0.0041,0.289,0.000792,0.0083,0.0124,-0.0006,-0.0026,164.347283,113.264544,28.014007,105.996811,25.071037
2016-11-20,731.026,-2.7394,0.2898,0.000794,-5.4789,-8.2183,-5.4877,-8.2333,159.845097,107.058928,25.711731,100.179976,23.006873
2016-11-21,739.248,1.1247,0.2905,0.000796,2.2494,3.3742,2.2406,3.3592,161.642905,109.467151,26.579285,102.424568,23.779719
2016-11-22,751.347,1.6367,0.2912,0.000798,3.2733,4.91,3.2644,4.895,164.288454,113.050368,27.884325,105.768163,24.943742
2016-11-23,744.594,-0.8988,0.292,0.0008,-1.7976,-2.6964,-1.8065,-2.7113,162.811855,111.01821,27.132465,103.857512,24.267436
2016-11-24,740.289,-0.5782,0.2927,0.000802,-1.1563,-1.7345,-1.1652,-1.7495,161.870532,109.73447,26.661852,102.647347,23.842884
2016-11-25,741.649,0.1837,0.2934,0.000804,0.3674,0.5511,0.3585,0.5362,162.167904,110.137656,26.808794,103.015373,23.970718
2016-11-26,735.382,-0.845,0.2942,0.000806,-1.69,-2.535,-1.6989,-2.55,160.797578,108.27632,26.129187,101.265247,23.359466
2016-11-27,732.035,-0.4551,0.2949,0.000808,-0.9103,-1.3654,-0.9192,-1.3804,160.065718,107.290694,25.772411,100.33444,23.037008
2016-11-28,735.813,0.5161,0.2957,0.00081,1.0322,1.5483,1.0233,1.5333,160.891813,108.398143,26.171444,101.361165,23.390235
2016-11-29,735.604,-0.0284,0.2964,0.000812,-0.0568,-0.0852,-0.0657,-0.1002,160.846117,108.336569,26.149144,101.294573,23.366798
2016-11-30,745.691,1.3713,0.2971,0.000814,2.7425,4.1138,2.7336,4.0988,163.05172,111.307701,27.224855,104.063566,24.324546
2016-12-01,756.774,1.4863,0.2979,0.000816,2.9725,4.4588,2.9636,4.4438,165.475115,114.616375,28.438762,107.147645,25.405484
2016-12-02,777.944,2.7974,0.2986,0.000818,5.5948,8.3922,5.5859,8.3772,170.104113,121.028928,30.825399,113.132802,27.53375
2016-12-03,771.155,-0.8727,0.2993,0.00082,-1.7454,-2.618,-1.7543,-2.633,168.619653,118.916544,30.01838,111.148162,26.808775
2016-12-04,773.872,0.3523,0.3001,0.000822,0.7047,1.057,0.6957,1.042,169.213744,119.754492,30.335668,111.921472,27.088112
2016-12-05,758.7,-1.9605,0.3008,0.000824,-3.9211,-5.8816,-3.93,-5.8966,165.896257,115.058845,28.551448,107.522995,25.490832
2016-12-06,764.224,0.7281,0.3016,0.000826,1.4562,2.1843,1.4473,2.1692,167.104124,116.734299,29.175085,109.079136,26.043788
2016-12-07,768.132,0.5114,0.3023,0.000828,1.0227,1.5341,1.0138,1.5191,167.958646,117.92819,29.622664,110.185014,26.439416
2016-12-08,770.81,0.3486,0.303,0.00083,0.6973,1.0459,0.6884,1.0309,168.544209,118.750468,29.932489,110.943482,26.711973
2016-12-09,772.794,0.2574,0.3038,0.000832,0.5148,0.7722,0.5059,0.7571,168.978029,119.361779,30.163621,111.504713,26.914221
2016-12-10,774.65,0.2402,0.3045,0.000834,0.4803,0.7205,0.4714,0.7055,169.383864,119.935121,30.380953,112.030372,27.104094
2016-12-11,769.731,-0.635,0.3052,0.000836,-1.27,-1.905,-1.2789,-1.92,168.308281,118.411951,29.802198,110.597601,26.583686
2016-12-12,780.087,1.3454,0.306,0.000838,2.6908,4.0362,2.6819,4.0212,170.5727,121.598179,31.005074,113.563694,27.652656
2016-12-13,780.556,0.0601,0.3067,0.00084,0.1203,0.1804,0.1113,0.1653,170.675262,121.744409,31.061003,113.69013,27.698376
2016-12-14,781.481,0.1185,0.3075,0.000842,0.237,0.3555,0.2281,0.3405,170.877519,122.032952,31.171428,113.949437,27.792677
2016-12-15,778.088,-0.4342,0.3082,0.000844,-0.8684,-1.3025,-0.8773,-1.3176,170.135609,120.973276,30.765411,112.949783,27.426484
2016-12-16,784.907,0.8764,0.3089,0.000846,1.7528,2.6291,1.7438,2.6141,171.626635,123.093635,31.574272,114.919426,28.143429
2016-12-17,790.829,0.7545,0.3097,0.000848,1.509,2.2635,1.5,2.2484,172.921531,124.951079,32.288941,116.64326,28.776202
2016-12-18,790.53,-0.0378,0.3104,0.00085,-0.0756,-0.1134,-0.0845,-0.1285,172.856163,124.856611,32.252323,116.544653,28.739231
2016-12-19,792.714,0.2763,0.3111,0.000852,0.5525,0.8288,0.5436,0.8137,173.333704,125.546481,32.519629,117.178185,28.973088
2016-12-20,800.876,1.0296,0.3119,0.000854,2.0593,3.0889,2.0503,3.0738,175.118393,128.131799,33.52412,119.580707,29.863663
2016-12-21,834.281,4.1711,0.3126,0.000857,8.3421,12.5132,8.3332,12.4981,182.422689,138.820711,37.719055,129.545587,33.596053
2016-12-22,864.54,3.627,0.3134,0.000859,7.2539,10.8809,7.245,10.8658,189.039072,148.890633,41.823211,138.931118,37.246523
2016-12-23,921.984,6.6445,0.3141,0.000861,13.2889,19.9334,13.28,19.9183,201.599701,168.676596,50.159994,157.381144,44.665395
2016-12-24,898.822,-2.5122,0.3148,0.000863,-5.0244,-7.5366,-5.0333,-7.5517,196.535135,160.201644,46.379651,149.459641,41.292415
2016-12-25,896.183,-0.2936,0.3156,0.000865,-0.5872,-0.8808,-0.5962,-0.8959,195.958086,159.260905,45.971124,148.56861,40.922463
2016-12-26,907.61,1.2751,0.3163,0.000867,2.5501,3.8252,2.5412,3.8101,198.456698,163.322296,47.729623,152.344036,42.481658
2016-12-27,933.198,2.8193,0.317,0.000869,5.6385,8.4578,5.6296,8.4427,204.051736,172.531302,51.766509,160.920392,46.068264
2016-12-28,975.921,4.5781,0.3178,0.000871,9.1563,13.7344,9.1473,13.7193,213.393491,188.328719,58.876324,175.640276,52.388498
2016-12-29,973.497,-0.2484,0.3185,0.000873,-0.4968,-0.7451,-0.5057,-0.7603,212.86346,187.39317,58.43761,174.752031,51.990209
2016-12-30,961.238,-1.2593,0.3193,0.000875,-2.5186,-3.7778,-2.5275,-3.793,210.182918,182.673568,56.229934,170.335151,50.018245
2016-12-31,963.743,0.2606,0.32,0.000877,0.5212,0.7818,0.5122,0.7667,210.730658,183.62567,56.669543,171.207684,50.401726
2017-01-01,998.325,3.5883,0.3217,0.000881,7.1766,10.7649,7.1676,10.7498,218.292316,196.803766,62.76997,183.479243,55.819801
2017-01-02,1021.75,2.3464,0.3233,0.000886,4.6929,7.0393,4.6839,7.0241,223.41439,206.039487,67.188528,192.073209,59.740665
2017-01-03,1043.84,2.162,0.325,0.00089,4.3239,6.4859,4.315,6.4708,228.24455,214.948526,71.546323,200.36112,63.606346
2017-01-04,1154.73,10.6233,0.3267,0.000895,21.2466,31.8698,21.2376,31.8547,252.491602,260.617682,94.348016,242.912968,83.867939
2017-01-05,1013.38,-12.241,0.3284,0.0009,-24.4819,-36.7229,-24.4909,-36.738,221.584219,196.813496,59.700722,183.421416,53.056507
2017-01-06,902.201,-10.9711,0.33,0.000904,-21.9422,-32.9133,-21.9512,-32.9285,197.273975,153.628253,40.05123,143.15821,35.585794
2017-01-07,908.585,0.7076,0.3317,0.000909,1.4152,2.1228,1.4062,2.1076,198.669898,155.802421,40.901445,145.171332,36.335811
2017-01-08,911.199,0.2877,0.3334,0.000913,0.5754,0.8631,0.5664,0.8479,199.241461,156.698892,41.254459,145.993574,36.643898
2017-01-09,902.828,-0.9187,0.335,0.000918,-1.8374,-2.756,-1.8464,-2.7712,197.411077,153.81978,40.117474,143.298017,35.62841
2017-01-10,907.679,0.5373,0.3367,0.000922,1.0746,1.6119,1.0656,1.5967,198.471792,155.472767,40.764143,144.825031,36.197297
2017-01-11,777.757,-14.3136,0.3384,0.000927,-28.6273,-42.9409,-28.6363,-42.9562,170.063235,110.965112,23.259633,103.352488,20.648323
2017-01-12,804.834,3.4814,0.3401,0.000932,6.9628,10.4443,6.9538,10.429,175.983845,118.691429,25.688927,110.539434,22.801741
2017-01-13,823.984,2.3794,0.3417,0.000936,4.7588,7.1381,4.7497,7.1229,180.171162,124.339659,27.522636,115.789762,24.425882
2017-01-14,818.412,-0.6762,0.3434,0.000941,-1.3525,-2.0287,-1.3615,-2.0439,178.952792,122.658016,26.964287,114.213305,23.926632
2017-01-15,821.798,0.4137,0.3451,0.000945,0.8275,1.2412,0.8184,1.2259,179.693167,123.672953,27.298962,115.148056,24.219953
2017-01-16,831.534,1.1847,0.3467,0.00095,2.3694,3.5542,2.3604,3.5389,181.822031,126.603315,28.269213,117.866025,25.077072
2017-01-17,907.938,9.1883,0.3484,0.000955,18.3766,27.565,18.3676,27.5497,198.528419,149.868747,36.061609,139.515185,31.985725
2017-01-18,886.618,-2.3482,0.3501,0.000959,-4.6964,-7.0445,-4.7054,-7.0598,193.866617,142.830374,33.521236,132.950439,29.727589
2017-01-19,899.073,1.4048,0.3518,0.000964,2.8096,4.2143,2.8005,4.199,196.590013,146.843275,34.933933,136.67373,30.975861
2017-01-20,895.026,-0.4501,0.3534,0.000968,-0.9003,-1.3504,-0.9093,-1.3657,195.705102,145.521304,34.462189,135.430942,30.552825
2017-01-21,921.789,2.9902,0.3551,0.000973,5.9804,8.9706,5.9713,8.9553,201.557061,154.224038,37.553646,143.51797,33.28891
2017-01-22,924.673,0.3129,0.3568,0.000977,0.6257,0.9386,0.6167,0.9233,202.187667,155.18907,37.906125,144.403008,33.596259
2017-01-23,921.012,-0.3959,0.3584,0.000982,-0.7918,-1.1878,-0.8009,-1.2031,201.387169,153.960226,37.455893,143.246483,33.192066
2017-01-24,892.687,-3.0754,0.3601,0.000987,-6.1508,-9.2263,-6.1599,-9.2416,195.193662,144.49037,34.000112,134.422623,30.124584
2017-01-25,901.542,0.9919,0.3618,0.000991,1.9839,2.9758,1.9748,2.9605,197.129879,147.356906,35.011901,137.077228,31.016419
2017-01-26,917.586,1.7796,0.3635,0.000996,3.5592,5.3389,3.5502,5.3235,200.638039,152.601687,36.881136,141.943687,32.667576
2017-01-27,919.75,0.2358,0.3651,0.001,0.4717,0.7075,0.4626,0.6921,201.111216,153.321467,37.142073,142.600305,32.893681
2017-01-28,921.59,0.2001,0.3668,0.001005,0.4001,0.6002,0.391,0.5848,201.513554,153.934929,37.364989,143.157911,33.086041
2017-01-29,919.496,-0.2272,0.3685,0.001009,-0.4544,-0.6817,-0.4635,-0.6971,201.055671,153.235381,37.110285,142.494323,32.855413
2017-01-30,920.382,0.0964,0.3701,0.001014,0.1927,0.2891,0.1836,0.2737,201.249413,153.530703,37.217566,142.755983,32.945335
2017-01-31,970.403,5.4348,0.3718,0.001019,10.8696,16.3044,10.8605,16.289,212.186932,170.218901,43.285675,158.260018,38.311806
2017-02-01,989.023,1.9188,0.3735,0.001023,3.8376,5.7564,3.8285,5.741,216.258353,176.751187,45.777359,164.318963,40.511269
2017-02-02,1011.8,2.303,0.3752,0.001028,4.606,6.9089,4.5968,6.8935,221.238735,184.892267,48.940086,171.872451,43.303916
2017-02-03,1029.91,1.7899,0.3768,0.001032,3.5798,5.3697,3.5707,5.3542,225.198651,191.510982,51.567998,178.00942,45.622502
2017-02-04,1042.9,1.2613,0.3785,0.001037,2.5225,3.7838,2.5134,3.7684,228.039024,196.341939,53.51924,182.483562,47.34173
2017-02-05,1027.34,-1.492,0.3802,0.001042,-2.984,-4.476,-2.9931,-4.4915,224.636684,190.483099,51.12372,177.021606,45.2154
2017-02-06,1038.15,1.0522,0.3818,0.001046,2.1045,3.1567,2.0953,3.1413,227.000396,194.491769,52.737549,180.730823,46.635729
2017-02-07,1061.35,2.2347,0.3835,0.001051,4.4695,6.7042,4.4603,6.6887,232.073264,203.184539,56.27319,188.792044,49.755076
2017-02-08,1063.0699,0.1621,0.3852,0.001055,0.3241,0.4862,0.315,0.4707,232.44935,203.84308,56.546771,189.386687,49.989265
2017-02-09,994.383,-6.4612,0.3868,0.00106,-12.9224,-19.3836,-12.9315,-19.3991,217.43036,177.50171,45.585991,164.896113,40.291821
2017-02-10,988.674,-0.5741,0.3885,0.001064,-1.1482,-1.7224,-1.1574,-1.7379,216.182042,175.463553,44.800832,162.987616,39.591602
2017-02-11,1004.45,1.5957,0.3902,0.001069,3.1913,4.787,3.1822,4.7715,219.6316,181.063201,46.945455,168.174199,41.480719
2017-02-12,999.181,-0.5246,0.3919,0.001074,-1.0491,-1.5737,-1.0583,-1.5892,218.479492,179.163616,46.206679,166.394439,40.821504
2017-02-13,990.642,-0.8546,0.3935,0.001078,-1.7092,-2.5638,-1.7184,-2.5793,216.612366,176.101352,45.022032,163.535183,39.768584
2017-02-14,1004.55,1.4039,0.3952,0.001083,2.8079,4.2118,2.7987,4.1963,219.65346,181.046045,46.91827,168.112046,41.43738
2017-02-15,1007.48,0.2917,0.3969,0.001087,0.5833,0.875,0.5742,0.8595,220.294128,182.102167,47.328813,169.077303,41.793522
2017-02-16,1027.4399,1.9812,0.3985,0.001092,3.9624,5.9435,3.9532,5.928,224.658545,189.317699,50.141816,175.761233,44.271033
2017-02-17,1046.21,1.8269,0.4002,0.001096,3.6537,5.4806,3.6446,5.4651,228.76277,196.234885,52.889897,182.166968,46.690469
2017-02-18,1054.42,0.7847,0.4019,0.001101,1.5695,2.3542,1.5603,2.3387,230.557975,199.314773,54.13505,185.009333,47.782402
2017-02-19,1047.87,-0.6212,0.4036,0.001106,-1.2424,-1.8636,-1.2516,-1.8792,229.125751,196.83849,53.12619,182.693781,46.884485
2017-02-20,1079.98,3.0643,0.4052,0.00111,6.1286,9.1929,6.1194,9.1773,236.146874,208.901973,58.010044,193.873595,51.187234
2017-02-21,1115.3,3.2704,0.4069,0.001115,6.5409,9.8113,6.5317,9.7957,243.86991,222.565989,63.70159,206.536793,56.201388
2017-02-22,1117.4399,0.1919,0.4086,0.001119,0.3837,0.5756,0.3745,0.56,244.337815,223.42005,64.068257,207.310341,56.516112
2017-02-23,1166.72,4.4101,0.4102,0.001124,8.8202,13.2302,8.811,13.2146,255.113316,243.12607,72.544647,225.576372,63.984507
2017-02-24,1173.6801,0.5966,0.4119,0.001129,1.1931,1.7897,1.1839,1.774,256.635198,246.026813,73.842945,228.246952,65.11961
2017-02-25,1143.84,-2.5424,0.4136,0.001133,-5.0849,-7.6273,-5.0941,-7.643,250.110407,233.516655,68.210712,216.619844,60.142551
2017-02-26,1165.2,1.8674,0.4153,0.001138,3.7348,5.6022,3.7256,5.5865,254.780951,242.238001,72.031998,224.690158,63.502434
2017-02-27,1179.97,1.2676,0.4169,0.001142,2.5352,3.8028,2.526,3.7871,258.010542,248.379196,74.771221,230.365756,65.907355
2017-02-28,1179.97,0.0,0.4186,0.001147,0.0,0.0,-0.0092,-0.0157,258.010542,248.379196,74.771221,230.344495,65.897031
2017-03-01,1222.5,3.6043,0.4203,0.001151,7.2087,10.813,7.1994,10.7973,267.310097,266.284015,82.856228,246.927984,73.012146
2017-03-02,1251.01,2.3321,0.4219,0.001156,4.6642,6.9963,4.655,6.9806,273.544055,278.704072,88.653117,258.422423,78.10886
2017-03-03,1274.99,1.9168,0.4236,0.001161,3.8337,5.7505,3.8245,5.7349,278.787483,289.388748,93.751157,268.305676,82.588293
2017-03-04,1255.15,-1.5561,0.4253,0.001165,-3.1122,-4.6683,-3.1214,-4.684,274.449305,280.382461,89.374606,259.93072,78.719887
2017-03-05,1267.12,0.9537,0.427,0.00117,1.9073,2.861,1.8981,2.8453,277.066641,285.7303,91.931618,264.864426,80.9597
2017-03-06,1272.83,0.4506,0.4286,0.001174,0.9013,1.3519,0.892,1.3362,278.315173,288.305445,93.174419,267.227,82.041449
2017-03-07,1223.54,-3.8725,0.4303,0.001179,-7.7449,-11.6174,-7.7542,-11.6331,267.537511,265.97638,82.349974,246.505699,72.497462
2017-03-08,1150.0,-6.0104,0.432,0.001183,-12.0209,-18.0313,-12.0301,-18.047,251.457351,234.003722,67.501207,216.850745,59.413822
2017-03-09,1188.49,3.347,0.4336,0.001188,6.6939,10.0409,6.6846,10.0251,259.873517,249.667724,74.278913,231.346439,65.37013
2017-03-10,1116.72,-6.0388,0.4353,0.001193,-12.0775,-18.1163,-12.0868,-18.132,244.180388,219.514071,60.822345,203.384084,53.517201
2017-03-11,1175.83,5.2932,0.437,0.001197,10.5864,15.8795,10.5771,15.8638,257.105292,242.752616,70.480651,224.896178,62.007048
2017-03-12,1221.38,3.8739,0.4387,0.001202,7.7477,11.6216,7.7384,11.6058,267.065201,261.560426,78.671624,242.299641,69.203473
2017-03-13,1231.92,0.863,0.4403,0.001206,1.7259,2.5889,1.7166,2.5731,269.369871,266.074758,80.708342,246.45904,70.984149
2017-03-14,1240.0,0.6559,0.442,0.001211,1.3118,1.9676,1.3025,1.9519,271.136622,269.565037,82.296399,249.669103,72.369658
2017-03-15,1249.61,0.775,0.4437,0.001216,1.55,2.325,1.5407,2.3092,273.237928,273.743288,84.209787,253.515755,74.040815
2017-03-16,1187.8101,-4.9455,0.4453,0.00122,-9.8911,-14.8366,-9.9004,-14.8524,259.724844,246.667136,71.715908,228.41674,63.043961
2017-03-17,1100.23,-7.3732,0.447,0.001225,-14.7465,-22.1197,-14.7558,-22.1355,240.57471,210.29242,55.852551,194.712056,49.088841
2017-03-18,973.818,-11.4896,0.4487,0.001229,-22.9792,-34.4688,-22.9885,-34.4846,212.933646,161.968918,36.600853,149.950665,32.160742
2017-03-19,1036.74,6.4614,0.4504,0.001234,12.9227,19.3841,12.9134,19.3683,226.69208,182.899744,43.695604,169.314435,38.389723
2017-03-20,1054.23,1.687,0.452,0.001238,3.374,5.0611,3.3647,5.0452,230.516416,189.070848,45.907062,175.011383,40.326564
2017-03-21,1120.54,6.2899,0.4537,0.001243,12.5798,18.8697,12.5705,18.8539,245.015678,212.855599,54.569593,197.011161,47.929677
2017-03-22,1049.14,-6.3719,0.4554,0.001248,-12.7439,-19.1158,-12.7532,-19.1317,229.403451,185.72958,44.138185,171.885955,38.759937
2017-03-23,1038.59,-1.0056,0.457,0.001252,-2.0112,-3.0168,-2.0205,-3.0326,227.096593,181.994224,42.806637,168.412974,37.584486
2017-03-24,937.52,-9.7315,0.4587,0.001257,-19.4629,-29.1944,-19.4723,-29.2103,204.996783,146.572841,30.309507,135.61917,26.605961
2017-03-25,972.779,3.7609,0.4604,0.001261,7.5218,11.2826,7.5124,11.2667,212.70646,157.597688,33.729217,145.807438,29.603585
2017-03-26,966.725,-0.6223,0.4621,0.001266,-1.2447,-1.867,-1.254,-1.8829,211.382697,155.636094,33.099483,143.978965,29.04617
2017-03-27,1045.77,8.1766,0.4637,0.00127,16.3532,24.5297,16.3438,24.5138,228.666573,181.087514,41.218701,167.51061,36.166499
2017-03-28,1047.15,0.132,0.4654,0.001275,0.2639,0.3959,0.2546,0.38,228.968323,181.565443,41.381878,167.937032,36.303918
2017-03-29,1039.97,-0.6857,0.4671,0.00128,-1.3714,-2.057,-1.3807,-2.073,227.398343,179.075542,40.530641,165.618303,35.551354
2017-03-30,1026.4301,-1.302,0.4687,0.001284,-2.6039,-3.9059,-2.6133,-3.9218,224.437724,174.412585,38.947572,161.290247,34.157102
2017-03-31,1071.79,4.4192,0.4704,0.001289,8.8384,13.2576,8.829,13.2416,234.356073,189.827863,44.111084,175.530606,38.680066
2017-04-01,1080.5,0.8127,0.4721,0.001293,1.6253,2.438,1.6159,2.422,236.260581,192.913156,45.186498,178.367067,39.616901
2017-04-02,1102.17,2.0056,0.4738,0.001298,4.0111,6.0167,4.0017,6.0007,240.998922,200.651123,47.905221,185.504842,41.994194
2017-04-03,1143.8101,3.778,0.4754,0.001303,7.556,11.334,7.5466,11.318,250.103867,215.812333,53.334802,199.504189,46.747111
2017-04-04,1133.25,-0.9232,0.4771,0.001307,-1.8465,-2.7697,-1.8559,-2.7857,247.79482,211.827421,51.857585,195.801671,45.444881
2017-04-05,1124.78,-0.7474,0.4788,0.001312,-1.4948,-2.2422,-1.5042,-2.2582,245.942789,208.661002,50.694826,192.856414,44.418641
2017-04-06,1182.6801,5.1477,0.4804,0.001316,10.2954,15.443,10.286,15.427,258.603125,230.143385,58.523641,212.693532,51.271115
2017-04-07,1176.9,-0.4887,0.4821,0.001321,-0.9774,-1.4662,-0.9868,-1.4822,257.339272,227.893857,57.665586,210.594568,50.511185
2017-04-08,1175.95,-0.0807,0.4838,0.001325,-0.1615,-0.2422,-0.1709,-0.2582,257.13153,227.525915,57.525931,210.234744,50.380764
2017-04-09,1187.87,1.0137,0.4855,0.00133,2.0273,3.041,2.0179,3.0249,259.73795,232.138558,59.27527,214.477055,51.904746
2017-04-10,1187.13,-0.0623,0.4871,0.001335,-0.1246,-0.1869,-0.134,-0.2029,259.576145,231.849334,59.164492,214.189639,51.799417
2017-04-11,1205.01,1.5062,0.4888,0.001339,3.0123,4.5185,3.0029,4.5024,263.485761,238.83335,61.837817,220.62151,54.131641
2017-04-12,1200.37,-0.3851,0.4905,0.001344,-0.7701,-1.1552,-0.7795,-1.1712,262.471182,236.994045,61.123479,218.901663,53.497631
2017-04-13,1169.28,-2.59,0.4921,0.001348,-5.1801,-7.7701,-5.1895,-7.7862,255.673095,224.717602,56.374126,207.541774,49.332219
2017-04-14,1167.54,-0.1488,0.4938,0.001353,-0.2976,-0.4464,-0.3071,-0.4625,255.292631,224.048804,56.122457,206.904512,49.104056
2017-04-15,1172.52,0.4265,0.4955,0.001357,0.8531,1.2796,0.8436,1.2635,256.381546,225.960102,56.840605,208.650026,49.724498
2017-04-16,1182.9399,0.8887,0.4972,0.001362,1.7774,2.666,1.7679,2.6499,258.659952,229.976215,58.355994,212.338772,51.042166
2017-04-17,1193.91,0.9274,0.4988,0.001367,1.8547,2.7821,1.8453,2.766,261.058656,234.241623,59.979501,216.256991,52.453978
2017-04-18,1211.67,1.4876,0.5005,0.001371,2.9751,4.4627,2.9656,4.4465,264.942035,241.210546,62.656177,222.67041,54.786364
2017-04-19,1210.29,-0.1139,0.5022,0.001376,-0.2278,-0.3417,-0.2372,-0.3578,264.640285,240.661103,62.442094,222.142139,54.590339
2017-04-20,1229.08,1.5525,0.5038,0.00138,3.105,4.6575,3.0956,4.6414,268.748861,248.133695,65.35036,229.018692,57.1241
2017-04-21,1222.05,-0.572,0.5055,0.001385,-1.1439,-1.7159,-1.1534,-1.732,267.211712,245.295219,64.229017,226.377197,56.134691
2017-04-22,1231.71,0.7905,0.5072,0.00139,1.5809,2.3714,1.5715,2.3553,269.323934,249.173179,65.752146,229.934633,57.456806
2017-04-23,1207.21,-1.9891,0.5088,0.001394,-3.9782,-5.9673,-3.9877,-5.9835,263.966799,239.260548,61.828509,220.765563,54.018894
2017-04-24,1250.15,3.557,0.5105,0.001399,7.1139,10.6709,7.1045,10.6547,273.356012,256.281387,68.426168,236.44975,59.774464
2017-04-25,1265.49,1.227,0.5122,0.001403,2.4541,3.6811,2.4446,3.665,276.710227,262.570789,70.945038,242.230035,61.965182
2017-04-26,1281.08,1.2319,0.5139,0.001408,2.4639,3.6958,2.4544,3.6796,280.119106,269.040172,73.56702,248.175262,64.245258
2017-04-27,1317.73,2.8609,0.5155,0.001412,5.7217,8.5826,5.7122,8.5664,288.132948,284.433947,79.880989,262.351639,69.748772
2017-04-28,1316.48,-0.0949,0.5172,0.001417,-0.1897,-0.2846,-0.1992,-0.3008,287.859625,283.894319,79.653664,261.828983,69.538979
2017-04-29,1321.79,0.4034,0.5189,0.001422,0.8067,1.2101,0.7972,1.1938,289.020715,286.18451,80.61752,263.916289,70.369167
2017-04-30,1347.89,1.9746,0.5205,0.001426,3.9492,5.9238,3.9397,5.9076,294.727698,297.48647,85.393124,274.31374,74.526266
2017-05-01,1421.6,5.4685,0.5222,0.001431,10.9371,16.4056,10.9276,16.3894,310.845012,330.022828,99.402406,304.289581,86.740675
2017-05-02,1452.8199,2.1961,0.5239,0.001435,4.3922,6.5883,4.3827,6.5721,317.671526,344.518189,105.951379,317.625719,92.441362
2017-05-03,1490.09,2.5654,0.5256,0.00144,5.1307,7.6961,5.1212,7.6798,325.820936,362.194433,114.105473,333.891942,99.540694
2017-05-04,1537.67,3.1931,0.5272,0.001444,6.3862,9.5793,6.3767,9.563,336.224727,385.324901,125.035982,355.183147,109.059815
2017-05-05,1555.45,1.1563,0.5289,0.001449,2.3126,3.4689,2.303,3.4526,340.112456,394.235839,129.373313,363.36318,112.825213
2017-05-06,1578.8,1.5012,0.5306,0.001454,3.0024,4.5035,2.9928,4.4873,345.218155,406.072215,135.199691,374.237999,117.887975
2017-05-07,1596.71,1.1344,0.5322,0.001458,2.2688,3.4032,2.2593,3.3869,349.134311,415.285184,139.800808,382.693009,121.88074
2017-05-08,1723.35,7.9313,0.5339,0.001463,15.8626,23.7939,15.8531,23.7776,376.825235,481.160293,173.064914,443.361617,150.861097
2017-05-09,1755.36,1.8574,0.5356,0.001467,3.7149,5.5723,3.7053,5.556,383.824498,499.034719,182.70859,459.789537,159.242915
2017-05-10,1787.13,1.8099,0.5373,0.001472,3.6198,5.4297,3.6102,5.4133,390.771285,517.098641,192.629043,476.388943,167.863283
2017-05-11,1848.5699,3.4379,0.5389,0.001477,6.8758,10.3137,6.8663,10.2974,404.205654,552.653425,212.496289,509.099064,185.148854
2017-05-12,1724.24,-6.7257,0.5406,0.001481,-13.4515,-20.1772,-13.461,-20.1935,377.019844,478.313391,169.620463,440.569047,147.76074
2017-05-13,1804.91,4.6786,0.5423,0.001486,9.3572,14.0358,9.3476,14.0194,394.65904,523.069994,193.427979,481.751694,168.475932
2017-05-14,1808.91,0.2216,0.5439,0.00149,0.4432,0.6649,0.4337,0.6485,395.533675,525.388425,194.71399,483.840872,169.568503
2017-05-15,1738.4301,-3.8963,0.5456,0.001495,-7.7925,-11.6888,-7.8021,-11.7052,380.122623,484.447344,171.954255,446.091062,149.720233
2017-05-16,1734.45,-0.2289,0.5473,0.001499,-0.4579,-0.6868,-0.4675,-0.7032,379.25234,482.229078,170.773197,444.005685,148.667381
2017-05-17,1839.09,6.033,0.549,0.001504,12.0661,18.0991,12.0565,18.0827,402.132775,540.4152,201.681629,497.53718,175.550508
2017-05-18,1888.65,2.6948,0.5506,0.001509,5.3896,8.0844,5.38,8.0681,412.969507,569.541572,217.986465,524.304868,189.714021
2017-05-19,1987.71,5.245,0.5523,0.001513,10.49,15.735,10.4804,15.7186,434.62981,629.286629,252.286719,579.254275,219.53449
2017-05-20,2084.73,4.881,0.554,0.001518,9.762,14.643,9.7524,14.6266,455.844069,690.717524,289.229024,635.745409,251.644876
2017-05-21,2041.2,-2.088,0.5556,0.001522,-4.1761,-6.2641,-4.1857,-6.2805,446.325855,661.872585,271.111357,609.135092,235.84022
2017-05-22,2173.3999,6.4766,0.5573,0.001527,12.9532,19.4297,12.9436,19.4133,475.232507,747.606003,323.78759,687.978804,281.624629
2017-05-23,2320.4199,6.7645,0.559,0.001531,13.529,20.2936,13.5194,20.2771,507.379693,848.749882,389.495596,780.989559,338.729994
2017-05-24,2443.6399,5.3102,0.5607,0.001536,10.6205,15.9307,10.6109,15.9143,534.322795,938.89127,451.545101,863.859352,392.636472
2017-05-25,2304.98,-5.6743,0.5623,0.001541,-11.3486,-17.023,-11.3583,-17.0394,504.003618,832.339907,374.678779,765.739961,325.733546
2017-05-26,2202.4199,-4.4495,0.564,0.001545,-8.899,-13.3485,-8.9086,-13.365,481.577982,758.269997,324.664794,697.523058,282.199398
2017-05-27,2038.87,-7.4259,0.5657,0.00155,-14.8518,-22.2778,-14.8615,-22.2942,445.81639,645.65296,252.336757,593.860874,219.285223
2017-05-28,2155.8,5.735,0.5673,0.001554,11.4701,17.2051,11.4604,17.1886,471.384148,719.709899,295.751615,661.919989,256.977387
2017-05-29,2255.6101,4.6298,0.569,0.001559,9.2597,13.8895,9.25,13.873,493.208472,786.35271,336.830081,723.147824,292.627931
2017-05-30,2175.47,-3.5529,0.5707,0.001564,-7.1059,-10.6588,-7.1155,-10.6753,475.685145,730.475665,300.92812,671.692271,261.389103
2017-05-31,2286.4099,5.0996,0.5724,0.001568,10.1992,15.2988,10.1895,15.2822,499.943113,804.97812,346.966376,740.134488,301.335237
2017-06-01,2407.8799,5.3127,0.574,0.001573,10.6254,15.9381,10.6157,15.9216,526.503563,890.510175,402.266166,818.705195,349.312531
2017-06-02,2488.55,3.3503,0.5757,0.001577,6.7005,10.0508,6.6909,10.0342,544.142786,950.178935,442.697018,873.48357,384.363413
2017-06-03,2515.3501,1.0769,0.5774,0.001582,2.1539,3.2308,2.1442,3.2143,550.002846,970.644541,456.999686,892.212845,396.717888
2017-06-04,2511.8101,-0.1407,0.579,0.001586,-0.2815,-0.4222,-0.2911,-0.4388,549.228786,967.91242,455.070177,889.615225,394.977269
2017-06-05,2686.8101,6.9671,0.5807,0.001591,13.9342,20.9013,13.9245,20.8847,587.494035,1102.783027,550.185586,1013.48971,477.467126
2017-06-06,2863.2,6.565,0.5824,0.001596,13.1301,19.6951,13.1204,19.6785,626.063196,1247.579106,658.545137,1146.463439,571.425636
2017-06-07,2732.1599,-4.5767,0.5841,0.0016,-9.1534,-13.7301,-9.1631,-13.7467,597.410169,1133.383229,568.126254,1041.412076,492.873659
2017-06-08,2805.6201,2.6887,0.5857,0.001605,5.3774,8.0662,5.3678,8.0496,613.472872,1194.330294,613.952273,1097.312562,532.547962
2017-06-09,2823.8101,0.6483,0.5874,0.001609,1.2967,1.945,1.287,1.9284,617.450259,1209.816922,625.893757,1111.434836,542.817776
2017-06-10,2947.71,4.3877,0.5891,0.001614,8.7754,13.1631,8.7657,13.1465,644.542034,1315.982844,708.280505,1208.859599,614.17909
2017-06-11,2958.1101,0.3528,0.5907,0.001618,0.7056,1.0585,0.6959,1.0419,646.816115,1325.268978,715.777396,1217.272558,620.577957
2017-06-12,2659.6299,-10.0902,0.5924,0.001623,-20.1805,-30.2707,-20.1902,-30.2873,581.550857,1057.823502,499.106559,971.503126,432.621543
2017-06-13,2717.02,2.1578,0.5941,0.001628,4.3156,6.4735,4.3059,6.4568,594.099702,1103.475445,531.416085,1013.335454,460.555256
2017-06-14,2506.3701,-7.753,0.5958,0.001632,-15.506,-23.2589,-15.5157,-23.2756,548.039296,932.371078,407.814405,856.109711,353.358434
2017-06-15,2464.5801,-1.6674,0.5974,0.001637,-3.3347,-5.0021,-3.3444,-5.0187,538.901546,901.279243,387.415287,827.477763,335.624425
2017-06-16,2518.5601,2.1902,0.5991,0.001641,4.3805,6.5707,4.3707,6.554,550.704731,940.759425,412.871148,863.644641,357.621379
2017-06-17,2655.8799,5.4523,0.6008,0.001646,10.9046,16.3569,10.8949,16.3403,580.730887,1043.345757,480.404253,957.737874,416.057724
2017-06-18,2548.29,-4.051,0.6024,0.001651,-8.102,-12.153,-8.1117,-12.1697,557.205446,958.813766,422.020643,880.04863,365.424798
2017-06-19,2589.6001,1.6211,0.6041,0.001655,3.2422,4.8633,3.2324,4.8466,566.238245,989.900222,442.544638,908.495686,383.135432
2017-06-20,2721.79,5.1046,0.6058,0.00166,10.2093,15.3139,10.1996,15.2973,595.142708,1090.962044,510.315662,1001.158176,441.744623
2017-06-21,2689.1001,-1.201,0.6075,0.001664,-2.4021,-3.6031,-2.4118,-3.6198,587.994772,1064.75614,491.928289,977.011865,425.754195
2017-06-22,2705.4099,0.6065,0.6091,0.001669,1.213,1.8195,1.2033,1.8028,591.561053,1077.671966,500.879156,988.768057,433.42986
2017-06-23,2744.9099,1.46,0.6108,0.001673,2.9201,4.3801,2.9103,4.3634,600.198066,1109.140796,522.818227,1017.544366,452.342121
2017-06-24,2608.72,-4.9615,0.6125,0.001678,-9.9231,-14.8846,-9.9329,-14.9014,570.418969,999.079756,444.998642,916.473208,384.936989
2017-06-25,2589.4099,-0.7402,0.6141,0.001683,-1.4804,-2.2206,-1.4902,-2.2374,566.196659,984.289139,435.116842,902.816027,376.32452
2017-06-26,2478.45,-4.2851,0.6158,0.001687,-8.5703,-12.8554,-8.5801,-12.8722,541.934313,899.932712,379.180683,825.353882,327.883357
2017-06-27,2552.45,2.9857,0.6175,0.001692,5.9715,8.9572,5.9617,8.9405,558.115047,953.671962,413.144698,874.559007,357.197631
2017-06-28,2574.79,0.8752,0.6192,0.001696,1.7505,2.6257,1.7407,2.609,562.999898,970.365818,423.992734,889.782486,366.516776
2017-06-29,2539.3201,-1.3776,0.6208,0.001701,-2.7552,-4.1328,-2.765,-4.1495,555.244085,943.630553,406.470128,865.180384,351.308044
2017-06-30,2480.8401,-2.303,0.6225,0.001705,-4.606,-6.9089,-4.6157,-6.9257,542.456937,900.167346,378.387376,825.245876,326.977452
2017-07-01,2434.55,-1.8659,0.6242,0.00171,-3.7318,-5.5977,-3.7416,-5.6145,532.335223,866.574869,357.206366,794.368512,308.619318
2017-07-02,2506.47,2.9541,0.6258,0.001715,5.9083,8.8624,5.8985,8.8456,548.06113,917.774471,388.863453,841.224143,335.918577
2017-07-03,2564.0601,2.2977,0.6275,0.001719,4.5953,6.893,4.5855,6.8762,560.653696,959.949094,415.6677,879.798585,359.016887
2017-07-04,2601.6399,1.4656,0.6292,0.001724,2.9313,4.3969,2.9215,4.3801,568.870849,988.087848,433.944249,905.501634,374.742172
2017-07-05,2601.99,0.0135,0.6308,0.001728,0.0269,0.0404,0.0171,0.0235,568.947401,988.353778,434.119434,905.656503,374.8304
2017-07-06,2608.5601,0.2525,0.6325,0.001733,0.505,0.7575,0.4952,0.7407,570.384002,993.344998,437.407911,910.141207,377.606654
2017-07-07,2518.6599,-3.4464,0.6342,0.001738,-6.8927,-10.3391,-6.9025,-10.3559,550.726565,924.876679,392.18407,847.318505,338.50209
2017-07-08,2571.3401,2.0916,0.6359,0.001742,4.1832,6.2748,4.1734,6.2579,562.245537,963.566036,416.792782,882.680213,359.685321
2017-07-09,2518.4399,-2.0573,0.6375,0.001747,-4.1146,-6.1719,-4.1244,-6.1888,550.678467,923.919172,391.068765,846.274718,337.425262
2017-07-10,2372.5601,-5.7925,0.6392,0.001751,-11.5849,-17.3774,-11.5948,-17.3943,518.780581,816.883687,323.11114,748.151079,278.732558
2017-07-11,2337.79,-1.4655,0.6409,0.001756,-2.931,-4.3965,-2.9409,-4.4134,511.177818,792.940722,308.905496,726.149071,266.430973
2017-07-12,2398.8401,2.6114,0.6425,0.00176,5.2229,7.8343,5.213,7.8174,524.526934,834.355108,333.106167,764.003534,287.259048
2017-07-13,2357.8999,-1.7067,0.6442,0.001765,-3.4133,-5.12,-3.4232,-5.1369,515.575012,805.8758,316.051139,737.850326,272.502845
2017-07-14,2233.3401,-5.2827,0.6459,0.00177,-10.5653,-15.848,-10.5752,-15.8649,488.338942,720.732457,265.963426,659.8214,229.270578
2017-07-15,1998.86,-10.4991,0.6476,0.001774,-20.9982,-31.4972,-21.008,-31.5142,437.067859,569.391941,182.192309,521.206048,157.017904
2017-07-16,1929.8199,-3.454,0.6492,0.001779,-6.9079,-10.3619,-6.9178,-10.3788,421.971663,530.058679,163.313702,485.150043,140.721268
2017-07-17,2228.4099,15.4724,0.6509,0.001783,30.9449,46.4173,30.935,46.4003,487.260916,694.084554,239.119477,635.231145,206.016417
2017-07-18,2318.8799,4.0598,0.6526,0.001788,8.1197,12.1795,8.1098,12.1626,507.042951,750.442057,268.243112,686.747237,231.073343
2017-07-19,2273.4299,-1.96,0.6542,0.001792,-3.92,-5.88,-3.9299,-5.8969,497.104929,721.02479,252.47045,659.758987,217.447081
2017-07-20,2817.6001,23.9361,0.6559,0.001797,47.8722,71.8083,47.8623,71.7913,616.092398,1066.195032,433.765089,975.534778,373.555161
2017-07-21,2667.76,-5.318,0.6576,0.001802,-10.636,-15.954,-10.6459,-15.971,583.328579,952.794441,364.562154,871.6804,313.894721
2017-07-22,2810.1201,5.3363,0.6593,0.001806,10.6726,16.0089,10.6627,15.992,614.456836,1054.482688,422.924721,964.625448,364.092659
2017-07-23,2730.3999,-2.8369,0.6609,0.001811,-5.6738,-8.5107,-5.6837,-8.5277,597.025328,994.653511,386.930904,909.799156,333.043992
2017-07-24,2754.8601,0.8958,0.6626,0.001815,1.7917,2.6875,1.7818,2.6705,602.373761,1012.474658,397.329831,926.009925,341.938067
2017-07-25,2576.48,-6.4751,0.6643,0.00182,-12.9502,-19.4253,-12.9601,-19.4423,563.369419,881.357033,320.147241,805.997972,275.457342
2017-07-26,2529.45,-1.8254,0.6659,0.001825,-3.6507,-5.4761,-3.6606,-5.4931,553.0859,849.181159,302.615724,776.493399,260.326199
2017-07-27,2671.78,5.6269,0.6676,0.001829,11.2538,16.8808,11.2439,16.8637,584.207591,944.746616,353.699541,863.801734,304.226897
2017-07-28,2809.01,5.1363,0.6693,0.001834,10.2726,15.4088,10.2626,15.3918,614.214101,1041.796193,408.200489,952.450553,351.052859
2017-07-29,2726.45,-2.9391,0.671,0.001838,-5.8782,-8.8173,-5.8882,-8.8344,596.161637,980.556998,372.208033,896.368815,320.039467
2017-07-30,2757.1799,1.1271,0.6726,0.001843,2.2542,3.3813,2.2443,3.3643,602.881011,1002.660831,384.79357,916.485903,330.806435
2017-07-31,2875.3401,4.2855,0.6743,0.001847,8.5711,12.8566,8.5612,12.8396,628.717741,1088.599772,434.265062,994.947711,373.280548
2017-08-01,2718.26,-5.463,0.676,0.001852,-10.926,-16.389,-10.936,-16.4061,594.370836,969.659172,363.093248,886.140712,312.039769
2017-08-02,2710.6699,-0.2792,0.6776,0.001857,-0.5585,-0.8377,-0.5684,-0.8548,592.711199,964.244091,360.051696,881.103971,309.372575
2017-08-03,2804.73,3.47,0.6793,0.001861,6.94,10.41,6.93,10.3929,613.278236,1031.162498,397.533003,942.164853,341.525318
2017-08-04,2895.8899,3.2502,0.681,0.001866,6.5004,9.7507,6.4905,9.7336,633.211132,1098.19261,436.295102,1003.316,374.767891
2017-08-05,3252.9099,12.3285,0.6827,0.00187,24.657,36.9855,24.6471,36.9684,711.276618,1368.97414,597.661133,1250.603934,513.313636
2017-08-06,3213.9399,-1.198,0.6843,0.001875,-2.396,-3.594,-2.406,-3.6111,702.7555,1336.173427,576.181131,1220.514856,494.777215
2017-08-07,3378.9399,5.1339,0.686,0.001879,10.2678,15.4017,10.2578,15.3845,738.834163,1473.368657,664.922572,1345.712945,570.896354
2017-08-08,3419.9399,1.2134,0.6877,0.001884,2.4268,3.6402,2.4168,3.6231,747.799164,1509.124318,689.127049,1378.236545,591.580254
2017-08-09,3342.47,-2.2652,0.6893,0.001889,-4.5305,-6.7957,-4.5405,-6.8129,730.859692,1440.753634,642.29583,1315.658293,551.276614
2017-08-10,3381.28,1.1611,0.691,0.001893,2.3222,3.4834,2.3123,3.4662,739.345843,1474.211366,664.66929,1346.079772,570.38497
2017-08-11,3650.6201,7.9656,0.6927,0.001898,15.9313,23.8969,15.9213,23.8797,798.239361,1709.071665,823.504479,1560.392768,706.591245
2017-08-12,3884.71,6.4123,0.6944,0.001902,12.8247,19.237,12.8147,19.2198,849.42511,1928.254327,981.921977,1760.352067,842.396799
2017-08-13,4073.26,4.8536,0.696,0.001907,9.7073,14.5609,9.6973,14.5438,890.653194,2115.435585,1124.899012,1931.05872,964.912906
2017-08-14,4325.1299,6.1835,0.6977,0.001912,12.367,18.5505,12.357,18.5333,945.726699,2377.051338,1333.57327,2169.679616,1143.743065
2017-08-15,4181.9302,-3.3109,0.6994,0.001916,-6.6218,-9.9326,-6.6318,-9.9498,914.414856,2219.648872,1201.11438,2025.791862,1029.942558
2017-08-16,4376.6299,4.6557,0.701,0.001921,9.3115,13.9672,9.3015,13.95,956.987615,2426.330938,1368.876591,2214.220343,1173.61957
2017-08-17,4331.6899,-1.0268,0.7027,0.001925,-2.0536,-3.0804,-2.0636,-3.0977,947.161112,2376.503023,1326.709055,2168.526813,1137.264724
2017-08-18,4160.6201,-3.9493,0.7044,0.00193,-7.8985,-11.8478,-7.9085,-11.865,909.75523,2188.794318,1169.523369,1997.02805,1002.328057
2017-08-19,4193.7002,0.7951,0.7061,0.001934,1.5902,2.3852,1.5801,2.368,916.988472,2223.59946,1197.419156,2028.583784,1026.063068
2017-08-20,4087.6599,-2.5286,0.7077,0.001939,-5.0571,-7.5857,-5.0671,-7.6029,893.801856,2111.149306,1106.586721,1925.792524,948.052192
2017-08-21,4001.74,-2.1019,0.7094,0.001944,-4.2039,-6.3058,-4.2139,-6.3231,875.014729,2022.399368,1036.807547,1844.641666,888.106287
2017-08-22,4100.52,2.4684,0.7111,0.001948,4.9369,7.4053,4.9268,7.388,896.613828,2122.242271,1113.586058,1935.523907,953.719711
2017-08-23,4151.52,1.2437,0.7127,0.001953,2.4875,3.7312,2.4775,3.714,907.765415,2175.032822,1155.136561,1983.475631,989.140468
2017-08-24,4334.6802,4.4119,0.7144,0.001957,8.8238,13.2356,8.8137,13.2184,947.814952,2366.952576,1308.02634,2158.293701,1119.888625
2017-08-25,4371.6001,0.8517,0.7161,0.001962,1.7035,2.5552,1.6934,2.5379,955.88781,2407.272831,1341.449034,2194.84274,1148.310355
2017-08-26,4352.3999,-0.4392,0.7178,0.001966,-0.8784,-1.3176,-0.8885,-1.3349,951.689522,2386.127206,1323.773984,2175.342562,1132.981427
2017-08-27,4382.8799,0.7003,0.7194,0.001971,1.4006,2.1009,1.3906,2.0836,958.354231,2419.547439,1351.585265,2205.591841,1156.58819
2017-08-28,4382.6602,-0.005,0.7211,0.001976,-0.01,-0.015,-0.0201,-0.0324,958.306186,2419.304841,1351.381988,2205.148862,1156.213907
2017-08-29,4579.02,4.4804,0.7228,0.00198,8.9608,13.4411,8.9507,13.4238,1001.241952,2636.092979,1533.023165,2402.525103,1311.42189
2017-08-30,4565.2998,-0.2996,0.7244,0.001985,-0.5993,-0.8989,-0.6093,-0.9162,998.24191,2620.295817,1519.242875,2387.885768,1299.406174
2017-08-31,4703.3901,3.0248,0.7261,0.001989,6.0496,9.0743,6.0395,9.057,1028.436544,2778.812249,1657.104196,2532.101913,1417.093328
2017-09-01,4892.0098,4.0103,0.7278,0.001994,8.0206,12.0309,8.0105,12.0135,1069.679841,3001.689161,1856.468294,2734.936083,1587.33605
2017-09-02,4578.77,-6.4031,0.7295,0.001998,-12.8062,-19.2093,-12.8163,-19.2266,1001.187288,2617.287496,1499.854335,2384.419592,1282.144752
2017-09-03,4582.96,0.0915,0.7311,0.002003,0.183,0.2745,0.1729,0.2571,1002.103454,2622.077551,1503.971796,2388.542987,1285.441762
2017-09-04,4236.3101,-7.5639,0.7328,0.002008,-15.1278,-22.6917,-15.1379,-22.709,926.305484,2225.415597,1162.695624,2026.968612,993.530208
2017-09-05,4376.5298,3.3099,0.7345,0.002012,6.6199,9.9298,6.6098,9.9125,956.965728,2372.735865,1278.149541,2160.947279,1092.013436
2017-09-06,4597.1201,5.0403,0.7361,0.002017,10.0806,15.1209,10.0705,15.1035,1005.199694,2611.921987,1471.417344,2378.565596,1256.945723
2017-09-07,4599.8799,0.06,0.7378,0.002021,0.1201,0.1801,0.11,0.1627,1005.80314,2615.05799,1474.067329,2381.1811,1258.990583
2017-09-08,4228.75,-8.0683,0.7395,0.002026,-16.1365,-24.2048,-16.1466,-24.2222,924.652412,2193.079073,1117.272946,1996.701042,954.03566
2017-09-09,4226.0601,-0.0636,0.7412,0.002031,-0.1272,-0.1908,-0.1373,-0.2083,924.064233,2190.289003,1115.140827,1993.958886,952.048754
2017-09-10,4122.9399,-2.4401,0.7428,0.002035,-4.8802,-7.3203,-4.8903,-7.3377,901.516136,2083.398493,1033.509153,1896.447945,882.189873
2017-09-11,4161.27,0.9297,0.7445,0.00204,1.8594,2.789,1.8492,2.7716,909.897336,2122.1363,1062.334084,1931.517718,906.640521
2017-09-12,4130.8101,-0.732,0.7462,0.002044,-1.464,-2.196,-1.4741,-2.2134,903.237005,2091.068771,1039.005638,1903.045201,886.57276
2017-09-13,3882.5901,-6.009,0.7478,0.002049,-12.018,-18.027,-12.0281,-18.0444,848.961582,1839.764537,851.704398,1674.144804,726.595687
2017-09-14,3154.95,-18.7411,0.7495,0.002053,-37.4822,-56.2233,-37.4923,-56.2408,689.856833,1150.18027,372.848049,1046.468776,317.952603
2017-09-15,3637.52,15.2956,0.7512,0.002058,30.5913,45.8869,30.5812,45.8695,795.374912,1502.035343,543.936635,1366.491042,463.795748
2017-09-16,3625.04,-0.3431,0.7528,0.002063,-0.6862,-1.0293,-0.6963,-1.0468,792.646058,1491.728666,538.338052,1356.975816,458.940891
2017-09-17,3582.8799,-1.163,0.7545,0.002067,-2.3261,-3.4891,-2.3362,-3.5066,783.427378,1457.030283,519.555019,1325.27413,442.847752
2017-09-18,4065.2,13.4618,0.7562,0.002072,26.9236,40.3854,26.9134,40.3679,888.890793,1849.315243,729.379367,1681.951027,621.61601
2017-09-19,3924.97,-3.4495,0.7579,0.002076,-6.899,-10.3486,-6.9092,-10.3661,858.228306,1721.730158,653.899054,1565.741612,557.178737
2017-09-20,3905.95,-0.4846,0.7595,0.002081,-0.9692,-1.4538,-0.9793,-1.4713,854.069416,1705.043487,644.392862,1550.407624,548.980954
2017-09-21,3631.04,-7.0382,0.7612,0.002085,-14.0765,-21.1147,-14.0866,-21.1322,793.958009,1465.033573,508.331222,1332.007339,432.968959
2017-09-22,3630.7,-0.0094,0.7629,0.00209,-0.0187,-0.0281,-0.0289,-0.0456,793.883646,1464.75914,508.188389,1331.622328,432.771316
2017-09-23,3792.3999,4.4537,0.7645,0.002095,8.9074,13.3611,8.8972,13.3435,829.240725,1595.230665,576.087725,1450.099348,490.518143
2017-09-24,3682.8401,-2.8889,0.7662,0.002099,-5.7779,-8.6668,-5.788,-8.6844,805.284533,1503.060441,526.159395,1366.166969,447.919776
2017-09-25,3926.0701,6.6044,0.7679,0.002104,13.2088,19.8132,13.1986,19.7957,858.468852,1701.597088,630.408618,1546.482437,536.588462
2017-09-26,3892.3501,-0.8589,0.7696,0.002108,-1.7177,-2.5766,-1.7279,-2.5942,851.095692,1672.367959,614.165383,1519.76019,522.668248
2017-09-27,4200.6699,7.9212,0.7712,0.002113,15.8423,23.7635,15.8322,23.7459,918.512462,1937.310311,760.112709,1760.370946,646.780665
2017-09-28,4174.73,-0.6175,0.7729,0.002118,-1.235,-1.8526,-1.2452,-1.8702,912.840472,1913.383787,746.031184,1738.450137,634.684816
2017-09-29,4163.0698,-0.2793,0.7746,0.002122,-0.5586,-0.8379,-0.5688,-0.8555,910.290879,1902.695501,739.780116,1728.561645,629.254936
2017-09-30,4338.71,4.219,0.7762,0.002127,8.438,12.657,8.4278,12.6394,948.696099,2063.245149,833.414203,1874.241393,708.788938
2017-10-01,4403.7402,1.4988,0.7779,0.002131,2.9977,4.4965,2.9875,4.4789,962.915526,2125.094591,870.888812,1930.233687,740.534775
2017-10-02,4409.3198,0.1267,0.7796,0.002136,0.2534,0.3801,0.2432,0.3625,964.135551,2130.47963,874.199091,1934.927712,743.218931
2017-10-03,4317.48,-2.0829,0.7813,0.00214,-4.1657,-6.2486,-4.1759,-6.2662,944.053982,2041.729926,819.57413,1854.126341,696.647176
2017-10-04,4229.3599,-2.041,0.7829,0.002145,-4.082,-6.123,-4.0922,-6.1407,924.785764,1958.386178,769.391406,1778.250977,653.868272
2017-10-05,4328.4102,2.342,0.7846,0.00215,4.6839,7.0259,4.6737,7.0082,946.443959,2050.115769,823.448129,1861.361201,699.692915
2017-10-06,4370.8101,0.9796,0.7863,0.002154,1.9591,2.9387,1.9489,2.921,955.715061,2090.280497,847.646936,1897.637418,720.131214
2017-10-07,4426.8901,1.2831,0.7879,0.002159,2.5661,3.8492,2.5559,3.8315,967.97745,2143.919567,880.27437,1946.138703,747.722969
2017-10-08,4610.48,4.1472,0.7896,0.002163,8.2943,12.4415,8.2841,12.4238,1008.120942,2321.742755,989.793307,2107.357954,840.618263
2017-10-09,4772.02,3.5038,0.7913,0.002168,7.0075,10.5113,6.9973,10.4936,1043.443056,2484.439228,1093.833179,2254.815374,928.829103
2017-10-10,4781.9902,0.2089,0.793,0.002172,0.4179,0.6268,0.4076,0.6091,1045.623129,2494.82074,1100.689239,2264.006153,934.486389
2017-10-11,4826.48,0.9304,0.7946,0.002177,1.8607,2.7911,1.8505,2.7734,1055.351193,2541.242392,1131.410372,2305.900718,960.403037
2017-10-12,5446.9102,12.8547,0.7963,0.002182,25.7094,38.5641,25.6992,38.5464,1191.013565,3194.581251,1567.729058,2898.497908,1330.603904
2017-10-13,5647.21,3.6773,0.798,0.002186,7.3546,11.0319,7.3444,11.0142,1234.810833,3429.530602,1740.679859,3111.37382,1477.15914
2017-10-14,5831.79,3.2685,0.7996,0.002191,6.537,9.8056,6.5268,9.7878,1275.170849,3653.720256,1911.363166,3314.44582,1621.740563
2017-10-15,5678.1899,-2.6338,0.8013,0.002195,-5.2677,-7.9015,-5.278,-7.9193,1241.584872,3461.253866,1760.336346,3139.510686,1493.310311
2017-10-16,5725.5898,0.8348,0.803,0.0022,1.6695,2.5043,1.6593,2.4865,1251.949266,3519.040977,1804.420696,3191.603348,1530.442132
2017-10-17,5605.5098,-2.0973,0.8047,0.002205,-4.1945,-6.2918,-4.2048,-6.3095,1225.692729,3371.434625,1690.89092,3057.403072,1433.878326
2017-10-18,5590.6899,-0.2644,0.8063,0.002209,-0.5288,-0.7931,-0.5391,-0.8109,1222.452247,3353.607854,1677.479808,3040.922125,1422.250621
2017-10-19,5708.52,2.1076,0.808,0.002214,4.2152,6.3228,4.2049,6.305,1248.216803,3494.969969,1783.544128,3168.790743,1511.924094
2017-10-20,6011.4502,5.3066,0.8097,0.002218,10.6133,15.9199,10.603,15.9021,1314.455081,3865.90039,2067.482523,3504.776498,1752.351638
2017-10-21,6031.6001,0.3352,0.8113,0.002223,0.6704,1.0056,0.6601,0.9878,1318.86103,3891.81677,2088.272633,3527.910792,1769.660676
2017-10-22,6008.4199,-0.3843,0.813,0.002227,-0.7686,-1.1529,-0.7789,-1.1708,1313.792486,3861.903316,2064.196173,3500.430694,1748.942172
2017-10-23,5930.3198,-1.2998,0.8147,0.002232,-2.5997,-3.8995,-2.61,-3.9174,1296.71523,3761.505864,1983.70217,3409.069362,1680.429698
2017-10-24,5526.6401,-6.807,0.8164,0.002237,-13.6141,-20.4211,-13.6244,-20.439,1208.447209,3249.410882,1578.607523,2944.603646,1336.966915
2017-10-25,5750.7998,4.056,0.818,0.002241,8.112,12.168,8.1016,12.1501,1257.46164,3513.002086,1770.691753,3183.164999,1499.40975
2017-10-26,5904.8301,2.6784,0.8197,0.002246,5.3568,8.0352,5.3465,8.0174,1291.141679,3701.187622,1912.971163,3353.352969,1619.623173
2017-10-27,5780.8999,-2.0988,0.8214,0.00225,-4.1976,-6.2964,-4.2079,-6.3143,1264.043284,3545.827069,1792.523234,3212.246591,1517.356112
2017-10-28,5753.0898,-0.4811,0.823,0.002255,-0.9621,-1.4432,-0.9725,-1.4611,1257.962377,3511.711391,1766.653468,3181.008358,1495.18627
2017-10-29,6153.8501,6.966,0.8247,0.002259,13.932,20.898,13.9217,20.8801,1345.592039,4000.963041,2135.848724,3623.85749,1807.382837
2017-10-30,6130.5298,-0.379,0.8264,0.002264,-0.7579,-1.1369,-0.7683,-1.1548,1340.492853,3970.639356,2111.567018,3596.01699,1786.511858
2017-10-31,6468.3999,5.5113,0.8281,0.002269,11.0225,16.5338,11.0122,16.5159,1414.371049,4408.304755,2460.689567,3992.017263,2081.570481
2017-11-01,6767.3101,4.6211,0.8297,0.002273,9.2422,13.8633,9.2318,13.8453,1479.730315,4815.727637,2801.82112,4360.55277,2369.770866
2017-11-02,7078.5,4.5984,0.8314,0.002278,9.1969,13.7953,9.1865,13.7774,1547.774661,5258.623259,3188.340377,4761.134855,2696.262759
2017-11-03,7207.7598,1.8261,0.8331,0.002282,3.6522,5.4783,3.6418,5.4603,1576.038416,5450.677624,3363.006251,4934.526578,2843.487731
2017-11-04,7379.9502,2.389,0.8347,0.002287,4.7779,7.1669,4.7675,7.1489,1613.689329,5711.106537,3604.028778,5169.782549,3046.766774
2017-11-05,7407.4102,0.3721,0.8364,0.002292,0.7442,1.1163,0.7338,1.0983,1619.693684,5753.607302,3644.25933,5207.718603,3080.229815
2017-11-06,7022.7598,-5.1928,0.8381,0.002296,-10.3856,-15.5783,-10.3959,-15.5963,1535.586582,5156.063154,3076.544402,4666.327562,2599.828021
2017-11-07,7144.3799,1.7318,0.8398,0.002301,3.4636,5.1954,3.4532,5.1774,1562.179862,5334.648504,3236.383142,4827.465936,2734.432224
2017-11-08,7459.6899,4.4134,0.8414,0.002305,8.8268,13.2402,8.8164,13.2222,1631.125107,5805.527253,3664.886738,5253.075243,3095.984853
2017-11-09,7143.5801,-4.2376,0.8431,0.00231,-8.4751,-12.7127,-8.4855,-12.7307,1562.004978,5313.500254,3198.979902,4807.323466,2701.843974
2017-11-10,6618.1401,-7.3554,0.8448,0.002314,-14.7108,-22.0662,-14.7212,-22.0842,1447.113034,4531.840293,2493.085185,4099.62651,2105.162188
2017-11-11,6357.6001,-3.9368,0.8464,0.002319,-7.8735,-11.8103,-7.8839,-11.8283,1390.143722,4175.02529,2198.645132,3776.415502,1856.157787
2017-11-12,5950.0698,-6.4101,0.8481,0.002324,-12.8203,-19.2304,-12.8307,-19.2484,1301.033737,3639.7764,1775.837262,3291.876437,1498.877119
2017-11-13,6559.4902,10.2422,0.8498,0.002328,20.4845,30.7267,20.4741,30.7087,1434.28873,4385.365643,2321.493786,3965.857488,1959.162687
2017-11-14,6635.75,1.1626,0.8515,0.002333,2.3252,3.4878,2.3148,3.4697,1450.963581,4487.333004,2402.461925,4057.657515,2027.140244
2017-11-15,7315.54,10.2444,0.8531,0.002337,20.4887,30.7331,20.4783,30.715,1599.605496,5406.729991,3140.812384,4888.596717,2649.777016
2017-11-16,7871.6899,7.6023,0.8548,0.002342,15.2046,22.8069,15.1942,22.7889,1721.212437,6228.802549,3857.135098,5631.379506,3253.631283
2017-11-17,7708.9902,-2.0669,0.8565,0.002346,-4.1338,-6.2007,-4.1442,-6.2188,1685.636752,5971.316709,3617.966093,5398.002623,3051.295983
2017-11-18,7790.1499,1.0528,0.8581,0.002351,2.1056,3.1584,2.0952,3.1403,1703.383009,6097.047853,3732.235116,5511.098965,3147.115996
2017-11-19,8036.4902,3.1622,0.8598,0.002356,6.3244,9.4866,6.314,9.4685,1757.247432,6482.649879,4086.297637,5859.067968,3445.101524
2017-11-20,8200.6396,2.0426,0.8615,0.00236,4.0851,6.1277,4.0747,6.1096,1793.140108,6747.472743,4336.691781,6097.805046,3655.582165
2017-11-21,8071.2598,-1.5777,0.8632,0.002365,-3.1554,-4.733,-3.1658,-4.7511,1764.850088,6534.565635,4131.434374,5904.760262,3481.900316
2017-11-22,8253.5498,2.2585,0.8648,0.002369,4.517,6.7755,4.5066,6.7574,1804.709367,6829.732997,4411.360689,6170.862075,3717.186773
2017-11-23,8038.77,-2.6023,0.8665,0.002374,-5.2045,-7.8068,-5.215,-7.8249,1757.745927,6474.276588,4066.973926,5849.051654,3426.319411
2017-11-24,8253.6904,2.6735,0.8682,0.002379,5.3471,8.0206,5.3366,8.0025,1804.740116,6820.462429,4393.171479,6161.194259,3700.511252
2017-11-25,8790.9199,6.509,0.8698,0.002383,13.0179,19.5269,13.0075,19.5087,1922.209946,7708.34491,5251.020936,6962.608936,4422.434628
2017-11-26,9330.5498,6.1385,0.8715,0.002388,12.277,18.4155,12.2665,18.3973,2040.204643,8654.697123,6218.021376,7816.678292,5236.044504
2017-11-27,9818.3496,5.228,0.8732,0.002392,10.456,15.684,10.4455,15.6658,2146.866249,9559.62977,7193.253171,8633.169175,6056.312897
2017-11-28,10058.7998,2.449,0.8748,0.002397,4.898,7.347,4.8875,7.3288,2199.442744,10027.858125,7721.738874,9055.115041,6500.167968
2017-11-29,9888.6104,-1.6919,0.8765,0.002401,-3.3839,-5.0758,-3.3944,-5.094,2162.229362,9688.526252,7329.795936,8747.750438,6169.04873
2017-11-30,10233.5996,3.4888,0.8782,0.002406,6.9775,10.4663,6.967,10.4481,2237.664218,10364.543885,8096.951513,9357.207888,6813.595826
2017-12-01,10975.5996,7.2506,0.8799,0.002411,14.5013,21.7519,14.4908,21.7337,2399.908874,11867.532444,9858.190447,10713.138291,8294.441346
2017-12-02,11074.5996,0.902,0.8815,0.002415,1.804,2.706,1.7935,2.6878,2421.556073,12081.622927,10124.953327,10905.278889,8517.379532
2017-12-03,11323.2002,2.2448,0.8832,0.00242,4.4896,6.7343,4.4791,6.7161,2475.91472,12624.035049,10806.802627,11393.733034,9089.418306
2017-12-04,11657.2002,2.9497,0.8849,0.002424,5.8994,8.8491,5.8889,8.8309,2548.946681,13368.7764,11763.106149,12064.696959,9892.093015
2017-12-05,11916.7002,2.2261,0.8865,0.002429,4.4522,6.6783,4.4417,6.66,2605.688579,13963.978922,12548.678841,12600.571334,10550.911189
2017-12-06,14291.5,19.9283,0.8882,0.002433,39.8567,59.785,39.8462,59.7668,3124.9589,19529.555612,20050.906699,17621.414157,16856.849472
2017-12-07,17899.6992,25.2472,0.8899,0.002438,50.4943,75.7415,50.4838,75.7233,3913.922568,29390.8756,35237.765857,26517.376916,29621.405815
2017-12-08,16569.4004,-7.432,0.8916,0.002443,-14.8639,-22.2959,-14.8744,-22.3141,3623.041333,25022.23824,27381.193847,22573.063303,23011.643595
2017-12-09,15178.2002,-8.3962,0.8932,0.002447,-16.7924,-25.1886,-16.8029,-25.2069,3318.843493,20820.403303,20484.253463,18780.126868,17211.128991
2017-12-10,15455.4004,1.8263,0.8949,0.002452,3.6526,5.4789,3.6421,5.4606,3379.45569,21580.891343,21606.568162,19464.113281,18150.966937
2017-12-11,16936.8008,9.585,0.8966,0.002456,19.17,28.755,19.1595,28.7367,3703.376576,25717.948949,27819.537941,23193.333222,23366.959938
2017-12-12,17415.4004,2.8258,0.8982,0.002461,5.6516,8.4774,5.6411,8.4591,3808.02648,27171.423011,30177.908952,24501.680947,25343.594272
2017-12-13,16408.1992,-5.7834,0.8999,0.002466,-11.5668,-17.3502,-11.5773,-17.3685,3587.793316,24028.562269,24941.987082,21665.039226,20941.796646
2017-12-14,16564.0,0.9495,0.9016,0.00247,1.8991,2.8486,1.8885,2.8303,3621.860492,24484.879105,25652.482064,22074.185179,21534.508139
2017-12-15,17706.9004,6.8999,0.9033,0.002475,13.7998,20.6997,13.7893,20.6814,3871.765452,27863.746274,30962.47333,25118.050785,25988.145487
2017-12-16,19497.4004,10.1119,0.9049,0.002479,20.2238,30.3356,20.2132,30.3173,4263.273615,33498.841813,40355.13505,30195.210788,33867.050249
2017-12-17,19140.8008,-1.829,0.9066,0.002484,-3.6579,-5.4869,-3.6685,-5.5052,4185.300056,32273.481133,38140.897494,29087.503836,32002.595689
2017-12-18,19114.1992,-0.139,0.9083,0.002488,-0.278,-0.4169,-0.2885,-0.4353,4179.483396,32183.774852,37981.874764,29003.578462,31863.294261
2017-12-19,17776.6992,-6.9974,0.9099,0.002493,-13.9948,-20.9922,-14.0054,-21.0106,3887.027564,27679.709746,30008.625623,24941.509303,25168.623898
2017-12-20,16624.5996,-6.481,0.9116,0.002498,-12.9619,-19.4429,-12.9725,-19.4612,3635.111115,24091.891513,24174.09041,21705.97531,20270.501244
2017-12-21,15802.9004,-4.9427,0.9133,0.002502,-9.8853,-14.828,-9.8959,-14.8464,3455.439542,21710.325773,20589.553337,19557.968098,17261.064311
2017-12-22,13831.7998,-12.473,0.915,0.002507,-24.9461,-37.4191,-24.9566,-37.4375,3024.441514,16294.454662,12885.129533,14676.954466,10798.957702
2017-12-23,14699.2002,6.2711,0.9166,0.002511,12.5421,18.8132,12.5315,18.7948,3214.10604,18338.124544,15309.231938,16516.200745,12828.598681
2017-12-24,13925.7998,-5.2615,0.9183,0.002516,-10.523,-15.7845,-10.5336,-15.8029,3044.995419,16408.398777,12892.74006,14776.446107,10801.302684
2017-12-25,14026.5996,0.7238,0.92,0.00252,1.4477,2.1715,1.4371,2.1531,3067.03616,16645.938224,13172.706532,14988.79357,11033.864885
2017-12-26,16099.7998,14.7805,0.9216,0.002525,29.561,44.3415,29.5504,44.3231,3520.359142,21566.640794,19013.678368,19418.038033,15924.41044
2017-12-27,15838.5,-1.623,0.9233,0.00253,-3.246,-4.869,-3.2566,-4.8874,3463.223702,20866.58749,18087.902177,18785.667781,15146.116007
2017-12-28,14606.5,-7.7785,0.925,0.002534,-15.557,-23.3355,-15.5676,-23.354,3193.836348,17620.366473,13866.991962,15861.18168,11608.894889
2017-12-29,14656.2002,0.3403,0.9267,0.002539,0.6805,1.0208,0.6699,1.0023,3204.703722,17740.276877,14008.54378,15967.435838,11725.254904
2017-12-30,12952.2002,-11.6265,0.9283,0.002543,-23.253,-34.8794,-23.2636,-34.8979,2832.109525,13615.137837,9122.442686,12252.838142,7633.388015
2017-12-31,14156.4004,9.2973,0.93,0.002548,18.5945,27.8918,18.5839,27.8733,3095.418213,16146.808348,11666.855318,14529.892972,9761.067071
2018-01-01,13657.2002,-3.5263,0.9328,0.002556,-7.0526,-10.579,-7.0633,-10.5974,2986.263814,15008.031589,10432.622824,13503.605834,8726.643306
2018-01-02,14982.0996,9.7011,0.9355,0.002563,19.4022,29.1033,19.3916,29.0848,3275.96442,17919.921577,13468.862098,16122.16646,11264.771869
2018-01-03,15201.0,1.4611,0.9383,0.002571,2.9222,4.3832,2.9115,4.3647,3323.828866,18443.570189,14059.234459,16591.564333,11756.448447
2018-01-04,15599.2002,2.6196,0.9411,0.002578,5.2391,7.8587,5.2285,7.8402,3410.89875,19409.853098,15164.107147,17459.049481,12678.174104
2018-01-05,17429.5,11.7333,0.9438,0.002586,23.4666,35.1999,23.4559,35.1813,3811.109481,23964.682819,20501.854339,21554.22967,17138.525171
2018-01-06,17527.0,0.5594,0.9466,0.002593,1.1188,1.6782,1.1081,1.6596,3832.428691,24232.797977,20845.91426,21793.075802,17422.961713
2018-01-07,16477.5996,-5.9873,0.9494,0.002601,-11.9747,-17.962,-11.9854,-17.9806,3602.968306,21330.999876,17101.569438,19181.098232,14290.212133
2018-01-08,15170.0996,-7.935,0.9521,0.002609,-15.87,-23.805,-15.8807,-23.8236,3317.072231,17945.763798,13030.53314,16135.00158,10885.764577
2018-01-09,14595.4004,-3.7884,0.9549,0.002616,-7.5767,-11.3651,-7.5874,-11.3837,3191.409323,16586.060605,11549.599446,14910.768883,9646.561076
2018-01-10,14973.2998,2.5892,0.9577,0.002624,5.1783,7.7675,5.1676,7.7489,3274.040268,17444.942502,12446.714992,15681.302211,10394.062113
2018-01-11,13405.7998,-10.4686,0.9604,0.002631,-20.9373,-31.4059,-20.948,-31.4245,2931.292965,13792.448031,8537.711765,12396.385824,7127.776379
2018-01-12,13980.5996,4.2877,0.9632,0.002639,8.5754,12.8631,8.5647,12.8444,3056.977866,14975.204234,9635.924881,13458.095219,8043.299142
2018-01-13,14360.2002,2.7152,0.966,0.002647,5.4304,8.1456,5.4197,8.1269,3139.980786,15788.416322,10420.827424,14187.478483,8696.971877
2018-01-14,13772.0,-4.096,0.9687,0.002654,-8.1921,-12.2881,-8.2028,-12.3068,3011.365775,14495.015194,9140.302227,13023.704403,7626.65193
2018-01-15,13819.7998,0.3471,0.9715,0.002662,0.6942,1.0412,0.6834,1.0225,3021.817611,14595.63368,9235.474605,13112.710401,7704.637928
2018-01-16,11490.5,-16.8548,0.9743,0.002669,-33.7096,-50.5644,-33.7204,-50.5831,2512.496256,9675.503554,4565.611909,8691.058016,3807.392264
2018-01-17,11188.5996,-2.6274,0.977,0.002677,-5.2548,-7.8822,-5.2655,-7.9009,2446.483149,9167.076888,4205.742446,8233.426749,3506.574114
2018-01-18,11474.9004,2.5589,0.9798,0.002684,5.1177,7.6766,5.107,7.6578,2509.085267,9636.222512,4528.599834,8653.904284,3775.102166
2018-01-19,11607.4004,1.1547,0.9826,0.002692,2.3094,3.4641,2.2986,3.4453,2538.057527,9858.760302,4685.474262,8852.824144,3905.166837
2018-01-20,12899.2002,11.1291,0.9853,0.0027,22.2582,33.3873,22.2474,33.3685,2820.520621,12053.143919,6249.828346,10822.349885,5208.264258
2018-01-21,11600.0996,-10.0712,0.9881,0.002707,-20.1423,-30.2135,-20.1531,-30.2323,2536.461149,9625.358306,4361.535535,8641.30737,3633.686237
2018-01-22,10931.4004,-5.7646,0.9909,0.002715,-11.5292,-17.2938,-11.54,-17.3126,2390.244337,8515.631701,3607.260442,7644.100949,3004.600814
2018-01-23,10868.4004,-0.5763,0.9936,0.002722,-1.1526,-1.729,-1.1634,-1.7478,2376.468847,8417.476885,3544.8922,7555.165862,2952.087041
2018-01-24,11359.4004,4.5177,0.9964,0.00273,9.0354,13.5531,9.0246,13.5342,2483.830203,9178.02692,4025.333297,8236.98605,3351.629077
2018-01-25,11259.4004,-0.8803,0.9992,0.002737,-1.7607,-2.641,-1.7715,-2.6598,2461.964346,9016.43341,3919.02487,8091.069821,3262.481466
2018-01-26,11171.4004,-0.7816,1.0019,0.002745,-1.5631,-2.3447,-1.574,-2.3636,2442.722393,8875.494086,3827.135202,7963.719169,3185.370517
2018-01-27,11440.7002,2.4106,1.0047,0.002753,4.8212,7.2319,4.8104,7.213,2501.607102,9303.402628,4103.908049,8346.806032,3415.130633
2018-01-28,11786.2998,3.0208,1.0075,0.00276,6.0416,9.0624,6.0307,9.0435,2577.175417,9865.475273,4475.819469,8850.180121,3723.977351
2018-01-29,11296.4004,-4.1565,1.0102,0.002768,-8.313,-12.4695,-8.3239,-12.4885,2470.054713,9045.355196,3917.705038,8113.501607,3258.910195
2018-01-30,10106.2998,-10.5352,1.013,0.002775,-21.0704,-31.6057,-21.0813,-31.6246,2209.829026,7139.459132,2679.488553,6403.070257,2228.293554
2018-01-31,10221.0996,1.1359,1.0158,0.002783,2.2718,3.4078,2.261,3.3888,2234.930986,7301.656678,2770.79935,6547.842476,2303.80672
2018-02-01,9170.54,-10.2783,1.0185,0.002791,-20.5567,-30.835,-20.5676,-30.854,2005.217137,5800.678193,1916.422653,5201.111264,1592.990728
2018-02-02,8830.75,-3.7052,1.0213,0.002798,-7.4105,-11.1157,-7.4213,-11.1347,1930.919134,5370.820701,1703.398777,4815.1186,1415.61646
2018-02-03,9174.9102,3.8973,1.0241,0.002806,7.7946,11.6919,7.7837,11.6729,2006.1727,5789.453885,1902.558075,5189.912846,1580.8599
2018-02-04,8277.0098,-9.7865,1.0268,0.002813,-19.573,-29.3594,-19.5838,-29.3784,1809.839088,4656.286842,1343.9779,4173.528218,1116.428164
2018-02-05,6955.27,-15.9688,1.0296,0.002821,-31.9376,-47.9064,-31.9485,-47.9254,1520.82937,3169.179889,700.126174,2840.147812,581.375124
2018-02-06,7754.0,11.4838,1.0324,0.002828,22.9676,34.4514,22.9567,34.4324,1695.478523,3897.06507,941.329649,3492.15228,781.556547
2018-02-07,7621.2998,-1.7114,1.0352,0.002836,-3.4228,-5.1341,-3.4337,-5.1532,1666.462488,3763.678097,893.000543,3372.243196,741.28158
2018-02-08,8265.5898,8.4538,1.0379,0.002844,16.9076,25.3614,16.8967,25.3424,1807.342025,4400.026323,1119.478192,3942.04067,929.139874
2018-02-09,8736.9805,5.703,1.0407,0.002851,11.4061,17.1091,11.3952,17.0901,1910.415623,4901.897623,1311.011356,4391.24268,1087.930569
2018-02-10,8621.9004,-1.3172,1.0435,0.002859,-2.6343,-3.9515,-2.6453,-3.9706,1885.252378,4772.765879,1259.206975,4275.082785,1044.733527
2018-02-11,8129.9702,-5.7056,1.0462,0.002866,-11.4112,-17.1168,-11.4221,-17.1359,1777.687631,4228.137096,1043.671462,3786.777444,865.709362
2018-02-12,8926.5703,9.7983,1.049,0.002874,19.5966,29.3949,19.5857,29.3758,1951.871066,5056.709486,1350.458116,4528.443331,1120.01865
2018-02-13,8598.3096,-3.6773,1.0518,0.002882,-7.3547,-11.032,-7.3657,-11.0512,1880.094043,4684.80423,1201.475125,4194.893922,996.243526
2018-02-14,9494.6299,10.4244,1.0545,0.002889,20.8488,31.2731,20.8378,31.254,2076.082157,5661.527656,1577.214059,5069.016907,1307.609345
2018-02-15,10166.4004,7.0753,1.0573,0.002897,14.1505,21.2258,14.1396,21.2066,2222.970533,6462.664163,1911.990423,5785.753446,1584.90936
2018-02-16,10233.9004,0.664,1.0601,0.002904,1.3279,1.9919,1.3169,1.9727,2237.729987,6548.482115,1950.074509,5861.947028,1616.174504
2018-02-17,11112.7002,8.5871,1.0628,0.002912,17.1743,25.7614,17.1633,25.7422,2429.887092,7673.137346,2452.441651,6868.050275,2032.214018
2018-02-18,10551.7998,-5.0474,1.0656,0.002919,-10.0948,-15.1421,-10.1058,-15.1614,2307.241417,6898.552293,2081.089381,6173.98126,1724.102864
2018-02-19,11225.2998,6.3828,1.0684,0.002927,12.7656,19.1484,12.7546,19.1292,2454.507961,7779.193521,2479.584536,6961.446981,2053.909401
2018-02-20,11403.7002,1.5893,1.0711,0.002935,3.1785,4.7678,3.1675,4.7486,2493.516735,8026.458394,2597.80646,7181.952516,2151.440784
2018-02-21,10690.4004,-6.255,1.0739,0.002942,-12.51,-18.765,-12.521,-18.7842,2337.547622,7022.350761,2110.329201,6282.700561,1747.309608
2018-02-22,10005.0,-6.4114,1.0767,0.00295,-12.8227,-19.2341,-12.8338,-19.2534,2187.678955,6121.893944,1704.426595,5476.393961,1410.89382
2018-02-23,10301.0996,2.9595,1.0794,0.002957,5.919,8.8785,5.908,8.8593,2252.423672,6484.250846,1855.754945,5799.938941,1535.888635
2018-02-24,9813.0703,-4.7376,1.0822,0.002965,-9.4753,-14.2129,-9.4863,-14.2322,2145.711885,5869.849568,1591.997828,5249.737445,1317.297465
2018-02-25,9664.7305,-1.5117,1.085,0.002972,-3.0233,-4.535,-3.0344,-4.5543,2113.276108,5692.385729,1519.801246,5090.441185,1257.304021
2018-02-26,10366.7002,7.2632,1.0877,0.00298,14.5264,21.7896,14.5154,21.7703,2266.767802,6519.285655,1850.960341,5829.336993,1531.022901
2018-02-27,10725.5996,3.462,1.0905,0.002988,6.9241,10.3861,6.913,10.3668,2345.244233,6970.686343,2043.203361,6232.319771,1689.740645
2018-02-28,10397.9004,-3.0553,1.0933,0.002995,-6.1106,-9.1659,-6.1217,-9.1853,2273.589992,6544.735617,1855.925399,5850.797289,1534.53358
2018-03-01,10951.0,5.3193,1.096,0.003003,10.6387,15.958,10.6276,15.9386,2394.529959,7241.009014,2152.09431,6472.596255,1779.117403
2018-03-02,11086.4004,1.2364,1.0988,0.00301,2.4728,3.7093,2.4617,3.6899,2424.136414,7420.06763,2231.921105,6631.935269,1844.764528
2018-03-03,11489.7002,3.6378,1.1016,0.003018,7.2756,10.9134,7.2645,10.894,2512.321372,7959.920372,2475.498817,7113.710677,2045.732436
2018-03-04,11512.5996,0.1993,1.1043,0.003026,0.3986,0.5979,0.3875,0.5785,2517.328525,7991.649226,2490.30011,7141.276302,2057.566804
2018-03-05,11573.2998,0.5273,1.1071,0.003033,1.0545,1.5818,1.0434,1.5623,2530.601142,8075.921187,2529.690441,7215.787301,2089.712463
2018-03-06,10779.9004,-6.8554,1.1099,0.003041,-13.7109,-20.5663,-13.722,-20.5857,2357.117564,6968.643013,2009.427003,6225.638266,1659.52969
2018-03-07,9965.5703,-7.5542,1.1126,0.003048,-15.1083,-22.6625,-15.1194,-22.6819,2179.057317,5915.799219,1554.041483,5284.356947,1283.116444
2018-03-08,9395.0098,-5.7253,1.1154,0.003056,-11.4506,-17.176,-11.4618,-17.1954,2054.299365,5238.402637,1287.120053,4678.675939,1062.478999
2018-03-09,9337.5498,-0.6116,1.1182,0.003063,-1.2232,-1.8348,-1.2343,-1.8543,2041.735253,5174.326405,1263.503941,4620.924825,1042.777458
2018-03-10,8866.0,-5.05,1.1209,0.003071,-10.1001,-15.1501,-10.1112,-15.1696,1938.626848,4651.715515,1072.081657,4153.692532,884.592021
2018-03-11,9578.6299,8.0378,1.1237,0.003079,16.0756,24.1134,16.0644,24.0938,2094.449477,5399.505157,1330.596464,4820.958569,1097.724059
2018-03-12,9205.1201,-3.8994,1.1265,0.003086,-7.7988,-11.6982,-7.81,-11.7178,2012.778367,4978.407791,1174.940349,4444.442552,969.095352
2018-03-13,9194.8496,-0.1116,1.1292,0.003094,-0.2231,-0.3347,-0.2343,-0.3543,2010.532633,4967.298588,1171.00757,4434.02817,965.66205
2018-03-14,8269.8096,-10.0604,1.132,0.003101,-20.1208,-30.1812,-20.132,-30.2008,1808.264704,3967.836873,817.582902,3541.369008,674.024213
2018-03-15,8300.8604,0.3755,1.1348,0.003109,0.7509,1.1264,0.7398,1.1068,1815.054223,3997.633069,826.792276,3567.566354,681.484494
2018-03-16,8338.3496,0.4516,1.1375,0.003117,0.9033,1.3549,0.8921,1.3353,1823.251571,4033.742169,837.994426,3599.391302,690.584288
2018-03-17,7916.8799,-5.0546,1.1403,0.003124,-10.1092,-15.1638,-10.1204,-15.1834,1731.093604,3625.963582,710.922776,3235.118704,585.730111
2018-03-18,8223.6797,3.8753,1.1431,0.003132,7.7505,11.6258,7.7393,11.6062,1798.17801,3906.99473,793.573128,3485.494546,653.710835
2018-03-19,8630.6504,4.9488,1.1458,0.003139,9.8975,14.8463,9.8863,14.8267,1887.16564,4293.69082,911.38937,3830.081393,750.634259
2018-03-20,8913.4697,3.2769,1.1486,0.003147,6.5538,9.8308,6.5426,9.8111,1949.006511,4575.092275,1000.985817,4080.668564,824.279665
2018-03-21,8929.2803,0.1774,1.1514,0.003154,0.3548,0.5321,0.3435,0.5125,1952.463622,4591.322702,1006.312407,4094.686463,828.503733
2018-03-22,8728.4697,-2.2489,1.1541,0.003162,-4.4978,-6.7467,-4.509,-6.7664,1908.554676,4384.814228,938.419541,3910.055274,772.443917
2018-03-23,8879.6201,1.7317,1.1569,0.00317,3.4634,5.1951,3.4521,5.1754,1941.605004,4536.677362,987.171206,4045.035711,812.420772
2018-03-24,8668.1201,-2.3819,1.1597,0.003177,-4.7637,-7.1456,-4.775,-7.1653,1895.358717,4320.562877,916.632138,3851.8862,754.208385
2018-03-25,8495.7803,-1.9882,1.1624,0.003185,-3.9764,-5.9646,-3.9877,-5.9843,1857.675134,4148.759736,861.958609,3698.285558,709.073922
2018-03-26,8209.4004,-3.3708,1.1652,0.003192,-6.7417,-10.1125,-6.753,-10.1323,1795.055719,3869.062925,774.792652,3448.541386,637.228425
2018-03-27,7833.04,-4.5845,1.168,0.0032,-9.169,-13.7535,-9.1803,-13.7733,1712.761304,3514.308177,668.231434,3131.95523,549.461144
2018-03-28,7954.48,1.5504,1.1707,0.003208,3.1007,4.6511,3.0894,4.6313,1739.315188,3623.276694,699.311316,3228.714501,574.908232
2018-03-29,7165.7002,-9.9162,1.1735,0.003215,-19.8323,-29.7485,-19.8436,-29.7683,1566.841731,2904.696116,491.276612,2588.020084,403.767761
2018-03-30,6890.52,-3.8402,1.1763,0.003223,-7.6805,-11.5207,-7.6918,-11.5405,1506.671228,2681.601438,434.67799,2388.955082,357.170785
2018-03-31,6973.5298,1.2047,1.179,0.00323,2.4094,3.6141,2.3981,3.5943,1524.822025,2746.211687,450.387625,2446.244088,370.008415
2018-04-01,6844.23,-1.8542,1.1818,0.003238,-3.7083,-5.5625,-3.7196,-5.5823,1496.549515,2644.373838,425.335019,2355.253032,349.353436
2018-04-02,7083.7998,3.5003,1.1846,0.003245,7.0006,10.501,6.9893,10.4811,1548.933509,2829.496833,469.999256,2519.868937,385.969497
2018-04-03,7456.1099,5.2558,1.1873,0.003253,10.5116,15.7674,10.5003,15.7475,1630.342293,3126.92199,544.10586,2784.461641,446.750089
2018-04-04,6853.8398,-8.0775,1.1901,0.003261,-16.1551,-24.2326,-16.1664,-24.2525,1498.650794,2621.765439,412.254807,2334.313977,338.402017
2018-04-05,6811.4702,-0.6182,1.1929,0.003268,-1.2364,-1.8546,-1.2477,-1.8745,1489.386311,2589.350551,404.609275,2305.188118,332.05877
2018-04-06,6636.3198,-2.5714,1.1956,0.003276,-5.1428,-7.7142,-5.1542,-7.7341,1451.088178,2456.185244,373.396863,2186.374915,306.376906
2018-04-07,6911.0898,4.1404,1.1984,0.003283,8.2808,12.4212,8.2694,12.4013,1511.168997,2659.576908,419.777206,2367.175647,344.37149
2018-04-08,7023.52,1.6268,1.2012,0.003291,3.2536,4.8804,3.2422,4.8605,1535.752818,2746.109338,440.264115,2443.925241,361.109573
2018-04-09,6770.73,-3.5992,1.2039,0.003298,-7.1984,-10.7976,-7.2098,-10.8175,1480.47811,2548.43379,392.72625,2267.723934,322.04638
2018-04-10,6834.7598,0.9457,1.2067,0.003306,1.8914,2.8371,1.88,2.8171,1494.478771,2596.634107,403.868111,2310.356735,331.118663
2018-04-11,6968.3198,1.9541,1.2095,0.003314,3.9083,5.8624,3.8969,5.8424,1523.682822,2698.117295,427.544429,2400.388177,350.463911
2018-04-12,7889.25,13.216,1.2122,0.003321,26.4319,39.6479,26.4205,39.6279,1725.052094,3411.281356,597.056697,3034.583006,489.345258
2018-04-13,7895.96,0.0851,1.215,0.003329,0.1701,0.2552,0.1587,0.2351,1726.519284,3417.084079,598.580122,3039.398674,490.495848
2018-04-14,7986.2402,1.1434,1.2178,0.003336,2.2867,3.4301,2.2753,3.4101,1746.259839,3495.224112,619.112133,3108.554945,507.222131
2018-04-15,8329.1104,4.2933,1.2205,0.003344,8.5865,12.8798,8.5751,12.8597,1821.231328,3795.342281,698.852427,3375.116495,572.449499
2018-04-16,8058.6699,-3.2469,1.2233,0.003352,-6.4939,-9.7408,-6.5053,-9.7609,1762.097211,3548.878024,630.778668,3155.555215,516.573478
2018-04-17,7902.0898,-1.943,1.2261,0.003359,-3.886,-5.829,-3.8974,-5.8491,1727.859636,3410.968517,594.010551,3032.569207,486.358617
2018-04-18,8163.4199,3.3071,1.2288,0.003367,6.6142,9.9213,6.6028,9.9012,1785.001696,3636.576853,652.944134,3232.802253,534.513952
2018-04-19,8294.3096,1.6034,1.2316,0.003374,3.2067,4.8101,3.1953,4.79,1813.621839,3753.192259,684.351423,3336.09931,560.11709
2018-04-20,8845.8301,6.6494,1.2344,0.003382,13.2988,19.9482,13.2873,19.928,1934.216522,4252.320604,820.866889,3779.376977,671.73733
2018-04-21,8895.5801,0.5624,1.2372,0.003389,1.1248,1.6872,1.1134,1.6671,1945.094786,4300.151717,834.716847,3821.454751,682.935775
2018-04-22,8802.46,-1.0468,1.2399,0.003397,-2.0936,-3.1404,-2.1051,-3.1606,1924.733275,4210.122595,808.503066,3741.009083,661.35088
2018-04-23,8930.8799,1.4589,1.2427,0.003405,2.9178,4.3767,2.9063,4.3565,1952.813391,4332.966349,843.889049,3849.735231,690.162958
2018-04-24,9697.5,8.5839,1.2455,0.003412,17.1679,25.7518,17.1564,25.7316,2120.441446,5076.843596,1061.205483,4510.209572,867.752816
2018-04-25,8845.7402,-8.7833,1.2482,0.00342,-17.5666,-26.3499,-17.5781,-26.3701,1934.196877,4185.015576,781.579146,3717.401034,638.925651
2018-04-26,9281.5098,4.9263,1.251,0.003427,9.8526,14.779,9.8411,14.7587,2029.481618,4597.350153,897.088432,4083.23537,733.223011
2018-04-27,8987.0498,-3.1725,1.2538,0.003435,-6.3451,-9.5176,-6.3566,-9.5379,1965.095425,4305.64426,811.706862,3823.680239,663.289145
2018-04-28,9348.4805,4.0217,1.2565,0.003443,8.0434,12.065,8.0318,12.0448,2044.125336,4651.962996,909.639695,4130.792175,743.180959
2018-04-29,9419.0801,0.7552,1.2593,0.00345,1.5104,2.2656,1.4989,2.2453,2059.562545,4722.22613,930.248459,4192.707183,759.867796
2018-04-30,9240.5498,-1.8954,1.2621,0.003458,-3.7908,-5.6862,-3.8024,-5.7065,2020.525372,4543.21495,877.352366,4033.28529,716.505803
2018-05-01,9119.0098,-1.3153,1.2648,0.003465,-2.6306,-3.9459,-2.6421,-3.9662,1993.949601,4423.702035,842.733179,3926.720742,688.08796
2018-05-02,9235.9199,1.282,1.2676,0.003473,2.5641,3.8461,2.5525,3.8258,2019.513008,4537.130073,875.145931,4026.951961,714.413041
2018-05-03,9743.8604,5.4996,1.2704,0.00348,10.9992,16.4989,10.9877,16.4785,2130.578534,5036.179831,1019.535013,4469.42039,832.137787
2018-05-04,9700.7598,-0.4423,1.2731,0.003488,-0.8847,-1.327,-0.8962,-1.3474,2121.154222,4991.626175,1006.005707,4429.363573,820.925951
2018-05-05,9858.1504,1.6225,1.2759,0.003496,3.2449,4.8674,3.2333,4.847,2155.56903,5153.60012,1054.971727,4572.579761,860.716305
2018-05-06,9654.7998,-2.0628,1.2787,0.003503,-4.1255,-6.1883,-4.1371,-6.2087,2111.104683,4940.986685,989.686929,4383.406759,807.277231
2018-05-07,9373.0098,-2.9187,1.2814,0.003511,-5.8373,-8.756,-5.8489,-8.7763,2049.488877,4652.56624,903.030368,4127.025787,736.427769
2018-05-08,9234.8203,-1.4743,1.2842,0.003518,-2.9487,-4.423,-2.9603,-4.4434,2019.272569,4515.377524,863.089321,4004.854756,703.705279
2018-05-09,9325.1797,0.9785,1.287,0.003526,1.9569,2.9354,1.9453,2.915,2039.030421,4603.740195,888.424371,4082.761977,724.218075
2018-05-10,9043.9404,-3.0159,1.2897,0.003533,-6.0318,-9.0477,-6.0434,-9.0682,1977.535048,4326.050645,808.042067,3836.022681,658.544718
2018-05-11,8441.4902,-6.6614,1.2925,0.003541,-13.3227,-19.9841,-13.3344,-20.0046,1845.804152,3749.702298,646.562089,3324.5136,526.805762
2018-05-12,8504.8896,0.751,1.2953,0.003549,1.5021,2.2531,1.4905,2.2327,1859.666977,3806.026223,661.130011,3374.064135,538.567589
2018-05-13,8723.9404,2.5756,1.298,0.003556,5.1512,7.7268,5.1395,7.7063,1907.564307,4002.08121,712.213935,3547.475321,580.071098
2018-05-14,8716.79,-0.082,1.3008,0.003564,-0.1639,-0.2459,-0.1756,-0.2664,1906.000812,3995.52077,710.462682,3541.246958,578.52587
2018-05-15,8510.3799,-2.368,1.3036,0.003571,-4.7359,-7.1039,-4.7476,-7.1244,1860.867464,3806.296053,659.992252,3373.123608,537.309404
2018-05-16,8368.8301,-1.6633,1.3063,0.003579,-3.3265,-4.9898,-3.3382,-5.0103,1829.916386,3679.678799,627.060077,3260.522583,510.388537
2018-05-17,8094.3198,-3.2802,1.3091,0.003587,-6.5603,-9.8405,-6.572,-9.861,1769.892368,3438.280766,565.354527,3046.242,460.059146
2018-05-18,8250.9697,1.9353,1.3119,0.003594,3.8706,5.8059,3.8589,5.7854,1804.145211,3571.363312,598.178557,3163.794552,486.675231
2018-05-19,8247.1797,-0.0459,1.3146,0.003602,-0.0919,-0.1378,-0.1036,-0.1584,1803.316486,3568.082339,597.354246,3160.518353,485.904451
2018-05-20,8513.25,3.2262,1.3174,0.003609,6.4524,9.6786,6.4407,9.658,1861.495039,3798.309112,655.169731,3364.077975,532.833123
2018-05-21,8418.9902,-1.1072,1.3202,0.003617,-2.2144,-3.3216,-2.2261,-3.3422,1840.884334,3714.198407,633.407368,3289.189427,515.024556
2018-05-22,8041.7798,-4.4805,1.3229,0.003624,-8.9609,-13.4414,-8.9726,-13.462,1758.404038,3381.371213,548.26846,2994.06199,445.69178
2018-05-23,7557.8198,-6.0181,1.3257,0.003632,-12.0361,-18.0542,-12.0479,-18.0748,1652.582047,2974.38462,449.282916,2633.341747,365.133682
2018-05-24,7587.3398,0.3906,1.3285,0.00364,0.7812,1.1718,0.7695,1.1511,1659.036852,2997.619863,454.547466,2653.604163,369.336802
2018-05-25,7480.1401,-1.4129,1.3312,0.003647,-2.8258,-4.2386,-2.8375,-4.2593,1635.596718,2912.914557,435.28089,2578.308636,353.605668
2018-05-26,7355.8799,-1.6612,1.334,0.003655,-3.3224,-4.9836,-3.3341,-5.0043,1608.426149,2816.135755,413.588202,2492.34418,335.910229
2018-05-27,7368.2202,0.1678,1.3368,0.003662,0.3355,0.5033,0.3238,0.4826,1611.124468,2825.584536,415.669727,2500.413851,337.531297
2018-05-28,7135.9902,-3.1518,1.3395,0.00367,-6.3036,-9.4553,-6.3153,-9.476,1560.345394,2647.472204,376.36676,2342.504986,305.546679
2018-05-29,7472.5898,4.7169,1.3423,0.003678,9.4339,14.1508,9.4221,14.1301,1633.945782,2897.230985,429.625621,2563.218119,348.720616
2018-05-30,7406.52,-0.8842,1.3451,0.003685,-1.7683,-2.6525,-1.7801,-2.6732,1619.499048,2845.998535,418.229857,2517.590479,339.398522
2018-05-31,7494.1699,1.1834,1.3478,0.003693,2.3668,3.5502,2.3551,3.5295,1638.66445,2913.358508,433.078048,2576.881145,351.377563
2018-06-01,7541.4502,0.6309,1.3506,0.0037,1.2618,1.8927,1.25,1.8719,1649.002687,2950.11892,441.274839,2609.092305,357.955041
2018-06-02,7643.4502,1.3525,1.3534,0.003708,2.7051,4.0576,2.6933,4.0368,1671.305861,3029.921112,459.179896,2679.361944,372.404932
2018-06-03,7720.25,1.0048,1.3561,0.003715,2.0096,3.0143,1.9978,2.9935,1688.098796,3090.809152,473.02113,2732.88919,383.553012
2018-06-04,7514.4702,-2.6655,1.3589,0.003723,-5.3309,-7.9964,-5.3427,-8.0172,1643.103283,2926.040902,435.196635,2586.878707,352.802874
2018-06-05,7633.7598,1.5875,1.3617,0.003731,3.1749,4.7624,3.1631,4.7416,1669.186966,3018.940626,455.922412,2668.704689,369.531243
2018-06-06,7653.98,0.2649,1.3644,0.003738,0.5298,0.7946,0.5179,0.7738,1673.608289,3034.933696,459.545338,2682.526906,372.39064
2018-06-07,7678.2402,0.317,1.3672,0.003746,0.6339,0.9509,0.6221,0.93,1678.913001,3054.172905,463.915098,2699.214832,375.853971
2018-06-08,7624.9199,-0.6944,1.37,0.003753,-1.3889,-2.0833,-1.4007,-2.1042,1667.254058,3011.754474,454.250345,2661.406833,367.945332
2018-06-09,7531.98,-1.2189,1.3727,0.003761,-2.4378,-3.6567,-2.4496,-3.6776,1646.931944,2938.334087,437.63981,2596.212009,354.413835
2018-06-10,6786.02,-9.9039,1.3755,0.003769,-19.8078,-29.7117,-19.8197,-29.7326,1483.821408,2356.314595,307.609549,2081.651722,249.037335
2018-06-11,6906.9199,1.7816,1.3783,0.003776,3.5632,5.3448,3.5513,5.3239,1510.257207,2440.274915,324.050687,2155.578392,262.295797
2018-06-12,6582.3599,-4.6991,1.381,0.003784,-9.3981,-14.0972,-9.41,-14.1181,1439.28937,2210.935128,278.368714,1952.738928,225.264598
2018-06-13,6349.8999,-3.5316,1.3838,0.003791,-7.0631,-10.5947,-7.075,-10.6156,1388.460009,2054.774145,248.876443,1814.582793,201.351339
2018-06-14,6675.3501,5.1253,1.3866,0.003799,10.2506,15.3758,10.2387,15.3549,1459.622482,2265.400032,287.143292,2000.372126,232.268585
2018-06-15,6456.5801,-3.2773,1.3893,0.003806,-6.5546,-9.8318,-6.5665,-9.8528,1411.786543,2116.912955,258.911809,1869.018655,209.383562
2018-06-16,6550.1602,1.4494,1.3921,0.003814,2.8988,4.3481,2.8869,4.3271,1432.248629,2178.276983,270.169621,1922.974503,218.443857
2018-06-17,6499.27,-0.7769,1.3949,0.003822,-1.5539,-2.3308,-1.5658,-2.3518,1421.121064,2144.429623,263.872537,1892.865278,213.30649
2018-06-18,6734.8198,3.6243,1.3976,0.003829,7.2485,10.8728,7.2366,10.8517,1472.626047,2299.868612,292.56274,2029.844158,236.453918
2018-06-19,6769.9399,0.5215,1.4004,0.003837,1.0429,1.5644,1.031,1.5434,1480.305361,2323.854897,297.139627,2050.77231,240.103274
2018-06-20,6776.5498,0.0976,1.4032,0.003844,0.1953,0.2929,0.1833,0.2718,1481.750665,2328.392711,298.009968,2054.532287,240.75599
2018-06-21,6729.7402,-0.6908,1.4059,0.003852,-1.3815,-2.0723,-1.3935,-2.0933,1471.515351,2296.225586,291.834384,2025.903399,235.716129
2018-06-22,6083.6899,-9.5999,1.4087,0.003859,-19.1999,-28.7998,-19.2118,-28.8209,1330.25092,1855.353528,207.786702,1636.690891,167.780675
2018-06-23,6162.48,1.2951,1.4115,0.003867,2.5902,3.8853,2.5783,3.8642,1347.479037,1903.411,215.859856,1678.888978,174.264064
2018-06-24,6173.23,0.1744,1.4142,0.003875,0.3489,0.5233,0.3369,0.5022,1349.829617,1910.051725,216.989512,1684.545636,175.139234
2018-06-25,6249.1802,1.2303,1.417,0.003882,2.4606,3.6909,2.4487,3.6698,1366.436778,1957.051043,224.998477,1725.794537,181.566514
2018-06-26,6093.6699,-2.4885,1.4198,0.00389,-4.977,-7.4655,-4.989,-7.4866,1332.433128,1859.648986,208.20128,1639.695459,167.973317
2018-06-27,6157.1299,1.0414,1.4225,0.003897,2.0828,3.1242,2.0708,3.1031,1346.309192,1898.382049,214.705954,1673.650867,173.185628
2018-06-28,5903.4399,-4.1203,1.4253,0.003905,-8.2405,-12.3608,-8.2525,-12.382,1290.837714,1741.945385,188.166604,1535.532611,151.741838
2018-06-29,6218.2998,5.3335,1.4281,0.003913,10.667,16.0005,10.655,15.9793,1359.68452,1927.758636,218.274192,1699.143636,175.989121
2018-06-30,6404.0,2.9863,1.4308,0.00392,5.9727,8.959,5.9607,8.9378,1400.289458,2042.897876,237.829486,1800.42445,191.718747
2018-07-01,6385.8198,-0.2839,1.4336,0.003928,-0.5678,-0.8517,-0.5798,-0.8729,1396.314207,2031.298799,235.803979,1789.98585,190.045256
2018-07-02,6614.1802,3.5761,1.4364,0.003935,7.1521,10.7282,7.1401,10.7069,1446.247154,2176.579475,261.10141,1917.792452,210.393251
2018-07-03,6529.5898,-1.2789,1.4392,0.003943,-2.5578,-3.8368,-2.5699,-3.858,1427.750754,2120.905884,251.083545,1868.507623,202.276222
2018-07-04,6597.5498,1.0408,1.4419,0.00395,2.0816,3.1224,2.0696,3.1011,1442.610781,2165.054654,258.923377,1907.177641,208.549068
2018-07-05,6639.1401,0.6304,1.4447,0.003958,1.2608,1.8912,1.2487,1.8699,1451.704864,2192.351255,263.820062,1930.993349,212.448697
2018-07-06,6673.5,0.5175,1.4475,0.003966,1.0351,1.5526,1.023,1.5313,1459.217942,2215.043618,267.916144,1950.747833,215.701931
2018-07-07,6856.9302,2.7486,1.4502,0.003973,5.4973,8.2459,5.4852,8.2246,1499.326521,2336.810559,290.008257,2057.750549,233.44253
2018-07-08,6773.8799,-1.2112,1.453,0.003981,-2.4224,-3.6336,-2.4344,-3.6549,1481.166863,2280.204236,279.470625,2007.655881,224.910452
2018-07-09,6741.75,-0.4743,1.4558,0.003988,-0.9486,-1.423,-0.9607,-1.4443,1474.141389,2258.573296,275.493868,1988.36811,221.662054
2018-07-10,6329.9502,-6.1082,1.4585,0.003996,-12.2164,-18.3246,-12.2285,-18.346,1384.097834,1982.656793,225.01069,1745.220814,180.995995
2018-07-11,6394.71,1.0231,1.4613,0.004004,2.0461,3.0692,2.0341,3.0478,1398.258112,2023.224692,231.916735,1780.719522,186.512446
2018-07-12,6228.8101,-2.5943,1.4641,0.004011,-5.1887,-7.783,-5.2008,-7.8044,1361.982677,1918.246427,213.866676,1688.108679,171.9563
2018-07-13,6238.0498,0.1483,1.4668,0.004019,0.2967,0.445,0.2846,0.4236,1364.003027,1923.937437,214.818418,1692.912646,172.684723
2018-07-14,6276.1201,0.6103,1.4696,0.004026,1.2206,1.8309,1.2085,1.8095,1372.327427,1947.420705,218.751476,1713.371078,175.809373
2018-07-15,6359.6401,1.3308,1.4724,0.004034,2.6615,3.9923,2.6494,3.9708,1390.589794,1999.251649,227.48464,1758.765157,182.790479
2018-07-16,6741.75,6.0084,1.4751,0.004041,12.0167,18.0251,12.0046,18.0036,1474.141389,2239.495989,268.488905,1969.897699,215.699378
2018-07-17,7321.04,8.5926,1.4779,0.004049,17.1852,25.7777,17.173,25.7563,1600.808119,2624.35681,337.699251,2308.188667,271.255475
2018-07-18,7370.7798,0.6794,1.4807,0.004057,1.3588,2.0382,1.3467,2.0167,1611.68414,2660.017001,344.58232,2339.272527,276.725997
2018-07-19,7466.8599,1.3035,1.4834,0.004064,2.6071,3.9106,2.5949,3.8891,1632.692872,2729.365061,358.057487,2399.974472,287.488097
2018-07-20,7354.1299,-1.5097,1.4862,0.004072,-3.0195,-4.5292,-3.0316,-4.5507,1608.043496,2646.952568,341.840303,2327.216153,274.405302
2018-07-21,7419.29,0.886,1.489,0.004079,1.7721,2.6581,1.7599,2.6366,1622.291323,2693.858414,350.926776,2368.173021,281.640207
2018-07-22,7418.4902,-0.0108,1.4917,0.004087,-0.0216,-0.0323,-0.0337,-0.0539,1622.116438,2693.277614,350.813285,2367.374254,281.488448
2018-07-23,7711.1099,3.9445,1.4945,0.004095,7.8889,11.8334,7.8768,11.8118,1686.100227,2905.748311,392.32639,2553.846406,314.737388
2018-07-24,8424.2695,9.2485,1.4973,0.004102,18.4969,27.7454,18.4848,27.7238,1842.038698,3443.222822,501.178953,3025.918667,401.994664
2018-07-25,8181.3901,-2.8831,1.5,0.00411,-5.7662,-8.6493,-5.7784,-8.6709,1788.931037,3244.680297,457.83061,2851.069746,367.138255
2018-07-26,7951.5801,-2.8089,1.5028,0.004117,-5.6179,-8.4268,-5.6301,-8.4484,1738.681099,3062.398275,419.250096,2690.552451,336.120895
2018-07-27,8165.0098,2.6841,1.5056,0.004125,5.3682,8.0524,5.356,8.0307,1785.349329,3226.794961,453.009581,2834.659149,363.113859
2018-07-28,8192.1504,0.3324,1.5083,0.004132,0.6648,0.9972,0.6526,0.9756,1791.283859,3248.246798,457.527015,2853.157813,366.656289
2018-07-29,8218.46,0.3212,1.5111,0.00414,0.6423,0.9635,0.6301,0.9418,1797.036672,3269.110668,461.935139,2871.135261,370.109523
2018-07-30,8180.48,-0.4621,1.5139,0.004148,-0.9243,-1.3864,-0.9365,-1.4081,1788.732024,3238.895576,455.530915,2844.247366,364.898176
2018-07-31,7780.4399,-4.8902,1.5166,0.004155,-9.7804,-14.6705,-9.7926,-14.6922,1701.259842,2922.120053,388.702096,2565.721783,311.286553
2018-08-01,7624.9102,-1.999,1.5194,0.004163,-3.998,-5.997,-4.0102,-6.0186,1667.251923,2805.294602,365.391812,2462.830853,292.551309
2018-08-02,7567.1499,-0.7575,1.5222,0.00417,-1.515,-2.2726,-1.5273,-2.2943,1654.622148,2762.793241,357.088059,2425.216199,285.839387
2018-08-03,7434.3901,-1.7544,1.5249,0.004178,-3.5088,-5.2633,-3.5211,-5.285,1625.593088,2665.851119,338.293562,2339.821798,270.732797
2018-08-04,7032.8501,-5.4011,1.5277,0.004185,-10.8022,-16.2033,-10.8145,-16.2251,1537.792919,2377.879694,283.478678,2086.781775,226.80616
2018-08-05,7068.48,0.5066,1.5305,0.004193,1.0132,1.5199,1.001,1.4981,1545.583698,2401.973361,287.787164,2107.669759,230.203957
2018-08-06,6951.7998,-1.6507,1.5332,0.004201,-3.3014,-4.9521,-3.3137,-4.9739,1520.070578,2322.674085,273.535561,2037.827805,218.753833
2018-08-07,6753.1201,-2.858,1.536,0.004208,-5.7159,-8.5739,-5.7282,-8.5957,1476.627563,2189.911872,250.082947,1921.096723,199.950481
2018-08-08,6305.7998,-6.6239,1.5388,0.004216,-13.2478,-19.8717,-13.2601,-19.8935,1378.817144,1899.796475,200.387171,1666.357194,160.173294
2018-08-09,6568.23,4.1617,1.5415,0.004223,8.3235,12.4852,8.3111,12.4634,1436.19975,2057.925162,225.405872,1804.850615,180.136276
2018-08-10,6184.71,-5.839,1.5443,0.004231,-11.678,-17.517,-11.6903,-17.5389,1352.339813,1817.599991,185.921415,1593.857338,148.542389
2018-08-11,6295.73,1.7951,1.5471,0.004239,3.5901,5.3852,3.5778,5.3634,1376.615291,1882.854461,195.933687,1650.882748,156.509268
2018-08-12,6322.6899,0.4282,1.5498,0.004246,0.8565,1.2847,0.8441,1.2628,1382.510318,1898.980211,198.450805,1664.818244,158.485692
2018-08-13,6297.5698,-0.3973,1.5526,0.004254,-0.7946,-1.1919,-0.8069,-1.2138,1377.017589,1883.890872,196.085463,1651.384192,156.562024
2018-08-14,6199.71,-1.5539,1.5554,0.004261,-3.1079,-4.6618,-3.1202,-4.6837,1355.619691,1825.342159,186.944367,1599.857625,149.229153
2018-08-15,6308.52,1.7551,1.5581,0.004269,3.5102,5.2652,3.4978,5.2433,1379.411943,1889.414701,196.787454,1655.817686,157.053747
2018-08-16,6334.73,0.4155,1.5609,0.004276,0.8309,1.2464,0.8186,1.2245,1385.142975,1905.114575,199.240228,1669.371876,158.976847
2018-08-17,6580.6299,3.8818,1.5637,0.004284,7.7635,11.6453,7.7512,11.6234,1438.911095,2053.01906,222.442394,1798.767925,177.455336
2018-08-18,6423.7598,-2.3838,1.5664,0.004292,-4.7676,-7.1514,-4.78,-7.1734,1404.6101,1955.138661,206.534541,1712.786709,164.725752
2018-08-19,6506.0698,1.2813,1.5692,0.004299,2.5627,3.844,2.5503,3.822,1422.6079,2005.24252,214.473756,1756.467808,171.021645
2018-08-20,6308.5298,-3.0362,1.572,0.004307,-6.0725,-9.1087,-6.0849,-9.1307,1379.414078,1883.47448,194.937928,1649.588965,155.406154
2018-08-21,6488.7598,2.8569,1.5747,0.004314,5.7139,8.5708,5.7015,8.5488,1418.822907,1991.093396,211.64562,1743.63952,168.69148
2018-08-22,6376.71,-1.7268,1.5775,0.004322,-3.4537,-5.1805,-3.4661,-5.2025,1394.322258,1922.327828,200.681345,1683.203881,159.915303
2018-08-23,6534.8799,2.4804,1.5803,0.00433,4.9609,7.4413,4.9485,7.4193,1428.907466,2017.691877,215.614634,1766.496405,171.779844
2018-08-24,6719.96,2.8322,1.583,0.004337,5.6644,8.4966,5.652,8.4745,1469.37681,2131.981528,233.934469,1866.338014,186.337361
2018-08-25,6763.1899,0.6433,1.5858,0.004345,1.2866,1.9299,1.2742,1.9079,1478.829416,2159.411906,238.44922,1890.118657,189.892421
2018-08-26,6707.2598,-0.827,1.5886,0.004352,-1.654,-2.4809,-1.6664,-2.503,1466.599804,2123.69613,232.533444,1858.621853,185.13939
2018-08-27,6884.6401,2.6446,1.5913,0.00436,5.2892,7.9338,5.2768,7.9117,1505.385542,2236.022779,250.982201,1956.69693,199.787098
2018-08-28,7096.2798,3.0741,1.5941,0.004367,6.1482,9.2223,6.1357,9.2001,1551.662364,2373.497234,274.128415,2076.754358,218.167807
2018-08-29,7047.1602,-0.6922,1.5969,0.004375,-1.3844,-2.0766,-1.3968,-2.0987,1540.921936,2340.639087,268.435959,2047.745546,213.589152
2018-08-30,6978.23,-0.9781,1.5996,0.004383,-1.9563,-2.9344,-1.9687,-2.9565,1525.849763,2294.850241,260.559026,2007.431195,207.274354
2018-08-31,7037.5801,0.8505,1.6024,0.00439,1.701,2.5515,1.6885,2.5294,1538.82717,2333.88581,267.207217,2041.32737,212.51707
2018-09-01,7193.25,2.212,1.6052,0.004398,4.424,6.6359,4.4115,6.6138,1572.865732,2437.136023,284.938935,2131.380154,226.572476
2018-09-02,7272.7202,1.1048,1.6079,0.004405,2.2096,3.3144,2.1971,3.2922,1590.242575,2490.986431,294.382854,2178.208492,234.031662
2018-09-03,7260.0601,-0.1741,1.6107,0.004413,-0.3482,-0.5222,-0.3606,-0.5444,1587.474323,2482.313946,292.845493,2170.352789,232.757529
2018-09-04,7361.6602,1.3994,1.6135,0.00442,2.7989,4.1983,2.7864,4.1761,1609.690055,2551.790875,305.140073,2230.826955,242.477729
2018-09-05,6792.8301,-7.7269,1.6162,0.004428,-15.4539,-23.1808,-15.4664,-23.203,1485.310486,2157.440858,234.406225,1885.799149,186.215608
2018-09-06,6529.1699,-3.8814,1.619,0.004436,-7.7629,-11.6443,-7.7754,-11.6666,1427.658934,1989.960975,207.111159,1739.170467,164.490606
2018-09-07,6467.0698,-0.9511,1.6218,0.004443,-1.9022,-2.8534,-1.9148,-2.8756,1414.080216,1952.107229,201.201545,1705.869509,159.760498
2018-09-08,6225.98,-3.728,1.6245,0.004451,-7.4559,-11.1839,-7.4685,-11.2062,1361.363856,1806.559635,178.6994,1578.46741,141.85749
2018-09-09,6300.8599,1.2027,1.6273,0.004458,2.4054,3.6081,2.3929,3.5858,1377.736984,1850.014633,185.147055,1616.237927,146.944236
2018-09-10,6329.7002,0.4577,1.6301,0.004466,0.9154,1.3732,0.9029,1.3509,1384.04317,1866.950428,187.689423,1630.830826,148.929247
2018-09-11,6321.2002,-0.1343,1.6328,0.004474,-0.2686,-0.4029,-0.2811,-0.4252,1382.184572,1861.936264,186.933292,1626.246057,148.29603
2018-09-12,6351.7998,0.4841,1.6356,0.004481,0.9682,1.4522,0.9556,1.4299,1388.875438,1879.962753,189.648007,1641.786381,150.416522
2018-09-13,6517.3101,2.6057,1.6384,0.004489,5.2114,7.8172,5.1989,7.7948,1425.065673,1977.935964,204.473108,1727.140776,162.141218
2018-09-14,6512.71,-0.0706,1.6412,0.004496,-0.1412,-0.2117,-0.1537,-0.2341,1424.059823,1975.1438,204.040139,1724.4854,161.761628
2018-09-15,6543.2002,0.4682,1.6439,0.004504,0.9363,1.4045,0.9237,1.3821,1430.726773,1993.637668,206.905874,1740.415232,163.997364
2018-09-16,6517.1802,-0.3977,1.6467,0.004511,-0.7953,-1.193,-0.8079,-1.2154,1425.037273,1977.781668,204.437497,1726.354005,162.00416
2018-09-17,6281.2002,-3.6209,1.6495,0.004519,-7.2418,-10.8627,-7.2544,-10.8851,1373.438229,1834.555037,182.230121,1601.117674,144.369877
2018-09-18,6371.2998,1.4344,1.6522,0.004527,2.8689,4.3033,2.8563,4.2809,1393.139281,1887.185963,190.072028,1646.849714,150.550172
2018-09-19,6398.54,0.4275,1.655,0.004534,0.8551,1.2826,0.8425,1.2602,1399.095591,1903.323138,192.509964,1660.724019,152.447405
2018-09-20,6519.6699,1.8931,1.6578,0.004542,3.7862,5.6793,3.7735,5.6568,1425.581678,1975.386235,203.443103,1723.392246,161.071058
2018-09-21,6734.9502,3.302,1.6605,0.004549,6.604,9.906,6.5914,9.8836,1472.654554,2105.841211,223.596249,1836.987787,176.990624
2018-09-22,6721.98,-0.1926,1.6633,0.004557,-0.3852,-0.5777,-0.3978,-0.6002,1469.818505,2097.730323,222.304439,1829.680239,175.92828
2018-09-23,6710.6299,-0.1689,1.6661,0.004565,-0.3377,-0.5066,-0.3503,-0.5291,1467.336709,2090.646266,221.178352,1823.269996,174.997531
2018-09-24,6595.4102,-1.717,1.6688,0.004572,-3.4339,-5.1509,-3.4466,-5.1734,1442.142929,2018.854588,209.785632,1760.429154,165.944149
2018-09-25,6446.4702,-2.2582,1.6716,0.00458,-4.5165,-6.7747,-4.5291,-6.7972,1409.575935,1927.673576,195.573267,1680.696953,154.66453
2018-09-26,6495.0,0.7528,1.6744,0.004587,1.5056,2.2584,1.493,2.2359,1420.187388,1956.697083,199.990163,1705.788985,158.12266
2018-09-27,6676.75,2.7983,1.6771,0.004595,5.5966,8.3949,5.5839,8.3724,1459.928582,2066.205842,216.779175,1801.039146,171.361258
2018-09-28,6644.1299,-0.4886,1.6799,0.004602,-0.9771,-1.4657,-0.9898,-1.4883,1452.795914,2046.016415,213.601868,1783.212276,168.810951
2018-09-29,6601.96,-0.6347,1.6827,0.00461,-1.2694,-1.9041,-1.2821,-1.9267,1443.5751,2020.044511,209.53471,1760.350049,165.558516
2018-09-30,6625.5601,0.3575,1.6854,0.004618,0.7149,1.0724,0.7022,1.0498,1448.735463,2034.486661,211.781788,1772.711973,167.296563
2018-10-01,6589.6201,-0.5424,1.6882,0.004625,-1.0849,-1.6273,-1.0976,-1.65,1440.876887,2012.414766,208.335397,1753.254775,164.53625
2018-10-02,6556.1001,-0.5087,1.691,0.004633,-1.0174,-1.526,-1.0301,-1.5487,1433.547448,1991.9413,205.156121,1735.194968,161.988122
2018-10-03,6502.5898,-0.8162,1.6937,0.00464,-1.6324,-2.4486,-1.6451,-2.4712,1421.846972,1959.425236,200.132728,1706.649221,157.985037
2018-10-04,6576.6899,1.1395,1.6965,0.004648,2.2791,3.4186,2.2664,3.396,1438.049593,2004.082397,206.97455,1745.328118,163.350172
2018-10-05,6622.48,0.6962,1.6993,0.004656,1.3925,2.0887,1.3798,2.0661,1448.061978,2031.989144,211.297715,1769.40941,166.725087
2018-10-06,6588.3101,-0.516,1.702,0.004663,-1.0319,-1.5479,-1.0447,-1.5706,1440.590432,2011.02029,208.027025,1750.924698,164.1065
2018-10-07,6602.9502,0.2222,1.7048,0.004671,0.4444,0.6666,0.4317,0.6439,1443.791623,2019.957821,209.41382,1758.482999,165.163231
2018-10-08,6652.23,0.7463,1.7076,0.004678,1.4927,2.239,1.4799,2.2163,1454.56707,2050.108915,214.102573,1784.506774,168.823683
2018-10-09,6642.6401,-0.1442,1.7103,0.004686,-0.2883,-0.4325,-0.3011,-0.4552,1452.470169,2044.198048,213.176623,1779.133844,168.055162
2018-10-10,6585.5298,-0.8598,1.7131,0.004693,-1.7195,-2.5793,-1.7323,-2.602,1439.982501,2009.047907,207.678241,1748.314207,163.682336
2018-10-11,6256.2402,-5.0002,1.7159,0.004701,-10.0004,-15.0006,-10.0132,-15.0234,1367.98052,1808.135147,176.525269,1573.252361,139.091738
2018-10-12,6274.5801,0.2931,1.7186,0.004709,0.5863,0.8794,0.5735,0.8566,1371.990684,1818.736055,178.077693,1582.274945,140.283264
2018-10-13,6285.9902,0.1818,1.7214,0.004716,0.3637,0.5455,0.3509,0.5227,1374.485612,1825.350701,179.049182,1587.827089,141.016581
2018-10-14,6290.9302,0.0786,1.7242,0.004724,0.1572,0.2358,0.1444,0.2129,1375.565773,1828.219661,179.471307,1590.11939,141.316864
2018-10-15,6596.54,4.8579,1.7269,0.004731,9.7159,14.5738,9.7031,14.551,1442.389987,2005.847434,205.627154,1744.409857,161.879881
2018-10-16,6596.1099,-0.0065,1.7297,0.004739,-0.013,-0.0196,-0.0259,-0.0424,1442.295926,2005.585822,205.586926,1743.958691,161.811225
2018-10-17,6544.4302,-0.7835,1.7325,0.004746,-1.567,-2.3505,-1.5798,-2.3733,1430.995719,1974.158799,200.754683,1716.407572,157.970919
2018-10-18,6476.71,-1.0348,1.7352,0.004754,-2.0696,-3.1043,-2.0824,-3.1272,1416.188114,1933.302543,194.522597,1680.665291,153.030841
2018-10-19,6465.4102,-0.1745,1.738,0.004762,-0.3489,-0.5234,-0.3618,-0.5463,1413.717315,1926.556543,193.504456,1674.584973,152.194837
2018-10-20,6489.1899,0.3678,1.7408,0.004769,0.7356,1.1034,0.7227,1.0805,1418.916969,1940.728297,195.639585,1686.688016,153.83929
2018-10-21,6482.3501,-0.1054,1.7435,0.004777,-0.2108,-0.3162,-0.2237,-0.3391,1417.421378,1936.6371,195.020951,1682.915463,153.317568
2018-10-22,6487.1602,0.0742,1.7463,0.004784,0.1484,0.2226,0.1355,0.1997,1418.473139,1939.511162,195.455082,1685.196456,153.623695
2018-10-23,6475.7402,-0.176,1.7491,0.004792,-0.3521,-0.5281,-0.365,-0.5511,1415.976075,1932.682576,194.422851,1679.0463,152.77712
2018-10-24,6495.8398,0.3104,1.7518,0.0048,0.6208,0.9311,0.6079,0.9082,1420.371027,1944.68002,196.233219,1689.252965,154.164612
2018-10-25,6476.29,-0.301,1.7546,0.004807,-0.6019,-0.9029,-0.6148,-0.9259,1416.096295,1932.974646,194.461475,1678.867319,152.737263
2018-10-26,6474.75,-0.0238,1.7574,0.004815,-0.0476,-0.0713,-0.0605,-0.0943,1415.759552,1932.055337,194.322748,1677.85234,152.593173
2018-10-27,6480.3799,0.087,1.7601,0.004822,0.1739,0.2609,0.161,0.2378,1416.990574,1935.415234,194.829647,1680.553652,152.9561
2018-10-28,6486.3901,0.0927,1.7629,0.00483,0.1855,0.2782,0.1726,0.2552,1418.304768,1939.005251,195.371734,1683.45393,153.346454
2018-10-29,6332.6299,-2.3705,1.7657,0.004837,-4.741,-7.1115,-4.7539,-7.1346,1384.683771,1847.076787,181.477839,1603.423688,142.405856
2018-10-30,6334.27,0.0259,1.7684,0.004845,0.0518,0.0777,0.0389,0.0546,1385.042401,1848.033565,181.618846,1604.046976,142.483666
2018-10-31,6317.6099,-0.263,1.7712,0.004853,-0.526,-0.789,-0.539,-0.8121,1381.399515,1838.312309,180.185785,1595.401689,141.326522
2018-11-01,6377.7798,0.9524,1.774,0.00486,1.9048,2.8572,1.8919,2.8342,1394.556184,1873.329067,185.334139,1625.584925,145.331938
2018-11-02,6388.4399,0.1671,1.7767,0.004868,0.3343,0.5014,0.3213,0.4783,1396.887118,1879.591429,186.263471,1630.808588,146.027105
2018-11-03,6361.2598,-0.4255,1.7795,0.004875,-0.8509,-1.2764,-0.8639,-1.2995,1390.94394,1863.597657,183.886048,1616.72044,144.129488
2018-11-04,6376.1299,0.2338,1.7823,0.004883,0.4675,0.7013,0.4546,0.6781,1394.195418,1872.31037,185.175607,1624.06934,145.106896
2018-11-05,6419.6602,0.6827,1.785,0.004891,1.3654,2.0481,1.3524,2.025,1403.713686,1897.875151,188.968227,1646.033919,148.045266
2018-11-06,6461.0098,0.6441,1.7878,0.004898,1.2882,1.9323,1.2752,1.9092,1412.755132,1922.323921,192.619711,1667.024764,150.871689
2018-11-07,6530.1401,1.07,1.7906,0.004906,2.1399,3.2099,2.1269,3.1867,1427.87108,1963.460205,198.802586,1702.481327,155.679526
2018-11-08,6453.7202,-1.1703,1.7933,0.004913,-2.3405,-3.5108,-2.3535,-3.534,1411.161209,1917.504843,191.823037,1662.413007,150.177826
2018-11-09,6385.6201,-1.0552,1.7961,0.004921,-2.1104,-3.1656,-2.1234,-3.1888,1396.27054,1877.037558,185.750648,1627.113051,145.388908
2018-11-10,6409.2202,0.3696,1.7989,0.004928,0.7392,1.1087,0.7262,1.0855,1401.430903,1890.911941,187.81015,1638.928385,146.967132
2018-11-11,6411.27,0.032,1.8016,0.004936,0.064,0.0959,0.0509,0.0727,1401.87911,1892.121449,187.990347,1639.763355,147.073984
2018-11-12,6371.27,-0.6239,1.8044,0.004944,-1.2478,-1.8717,-1.2608,-1.895,1393.132768,1868.511506,184.471724,1619.088751,144.286989
2018-11-13,6359.4902,-0.1849,1.8072,0.004951,-0.3698,-0.5547,-0.3828,-0.5779,1390.557017,1861.602157,183.44852,1612.890692,143.453097
2018-11-14,5738.3501,-9.7671,1.8099,0.004959,-19.5343,-29.3014,-19.5473,-29.3247,1254.739405,1497.951684,129.695514,1297.613862,101.385908
2018-11-15,5648.0298,-1.574,1.8127,0.004966,-3.148,-4.7219,-3.161,-4.7452,1234.990095,1450.796853,123.571381,1256.596254,96.57491
2018-11-16,5575.5498,-1.2833,1.8155,0.004974,-2.5666,-3.8498,-2.5796,-3.8732,1219.141726,1413.56131,118.814084,1224.18092,92.834414
2018-11-17,5554.3301,-0.3806,1.8182,0.004981,-0.7612,-1.1418,-0.7742,-1.1651,1214.501851,1402.801695,117.457517,1214.70289,91.752811
2018-11-18,5623.54,1.2461,1.821,0.004989,2.4921,3.7382,2.479,3.7148,1229.635202,1437.761033,121.84827,1244.815824,95.161258
2018-11-19,4871.4902,-13.3732,1.8238,0.004997,-26.7465,-40.1197,-26.7596,-40.1431,1065.19307,1053.210413,72.963066,911.708469,56.96058
2018-11-20,4451.8701,-8.6138,1.8265,0.005004,-17.2276,-25.8414,-17.2407,-25.8648,973.439537,871.767669,54.108402,754.523786,42.227863
2018-11-21,4602.1699,3.3761,1.8293,0.005012,6.7522,10.1283,6.7391,10.1049,1006.303877,930.631251,59.588671,805.372017,46.494955
2018-11-22,4365.9399,-5.133,1.8321,0.005019,-10.266,-15.399,-10.2791,-15.4224,954.650168,835.092405,50.412589,722.5868,39.324295
2018-11-23,4347.1099,-0.4313,1.8348,0.005027,-0.8626,-1.2939,-0.8757,-1.3173,950.53281,827.888982,49.760308,716.259114,38.806273
2018-11-24,3880.76,-10.7278,1.8376,0.005035,-21.4556,-32.1834,-21.4687,-32.2069,848.56142,650.260205,33.745728,562.487276,26.307983
2018-11-25,4009.97,3.3295,1.8404,0.005042,6.659,9.9885,6.6459,9.9651,876.814285,693.56105,37.116422,599.869497,28.929586
2018-11-26,3779.1299,-5.7567,1.8432,0.00505,-11.5133,-17.27,-11.5264,-17.2934,826.339122,613.709234,30.70643,530.725902,23.926668
2018-11-27,3820.72,1.1005,1.8459,0.005057,2.201,3.3016,2.1879,3.2781,835.433151,627.217222,31.720221,542.337659,24.711003
2018-11-28,4257.4199,11.4298,1.8487,0.005065,22.8596,34.2893,22.8464,34.2658,930.921336,770.59634,42.596878,666.242378,33.178437
2018-11-29,4278.8467,0.5033,1.8515,0.005072,1.0066,1.5098,0.9934,1.4863,935.60648,778.35286,43.240023,672.86087,33.671577
2018-11-30,4017.2686,-6.1133,1.8542,0.00508,-12.2266,-18.3399,-12.2397,-18.3634,878.410182,683.186991,35.309864,590.504491,27.488335
2018-12-01,4214.6719,4.9139,1.857,0.005088,9.8277,14.7416,9.8146,14.7181,921.574109,750.32882,40.515106,648.459959,31.534085
2018-12-02,4139.8779,-1.7746,1.8598,0.005095,-3.5492,-5.3238,-3.5624,-5.3474,905.219773,723.698015,38.358152,625.359251,29.847835
2018-12-03,3894.1309,-5.9361,1.8625,0.005103,-11.8722,-17.8083,-11.8854,-17.8319,851.485071,637.779218,31.527223,551.032964,24.525411
2018-12-04,3956.8938,1.6117,1.8653,0.00511,3.2235,4.8352,3.2103,4.8116,865.208725,658.337797,33.051626,568.722614,25.705477
2018-12-05,3753.9949,-5.1277,1.8681,0.005118,-10.2555,-15.3832,-10.2687,-15.4068,820.843137,590.822195,27.967229,510.322394,21.745085
2018-12-06,3521.1018,-6.2039,1.8708,0.005126,-12.4077,-18.6116,-12.421,-18.6352,769.919073,517.514481,22.762075,446.935488,17.692836
2018-12-07,3419.9373,-2.8731,1.8736,0.005133,-5.7462,-8.6193,-5.7594,-8.6429,747.798577,487.77713,20.800148,421.194674,16.163659
2018-12-08,3476.1147,1.6426,1.8764,0.005141,3.2853,4.9279,3.2721,4.9043,760.082267,503.802041,21.825167,434.976462,16.956372
2018-12-09,3614.2344,3.9734,1.8791,0.005148,7.9468,11.9202,7.9336,11.8965,790.283307,543.83809,24.426764,469.485543,18.973588
2018-12-10,3502.656,-3.0872,1.8819,0.005156,-6.1744,-9.2616,-6.1876,-9.2853,765.88574,510.259434,22.164461,440.435548,17.211841
2018-12-11,3424.5881,-2.2288,1.8847,0.005163,-4.4576,-6.6865,-4.4709,-6.7102,748.815532,487.513913,20.682444,420.744185,16.0569
2018-12-12,3486.9502,1.821,1.8874,0.005171,3.642,5.463,3.6288,5.4393,762.45153,505.269258,21.812331,436.012003,16.930285
2018-12-13,3313.6772,-4.9692,1.8902,0.005179,-9.9384,-14.9076,-9.9516,-14.9313,724.563916,455.053746,18.560647,392.621712,14.402377
2018-12-14,3242.4849,-2.1484,1.893,0.005186,-4.2969,-6.4453,-4.3101,-6.4691,708.997091,435.500628,17.364354,375.69913,13.470678
2018-12-15,3236.7617,-0.1765,1.8957,0.005194,-0.353,-0.5295,-0.3663,-0.5533,707.745677,433.963269,17.272407,374.322998,13.396149
2018-12-16,3252.8391,0.4967,1.8985,0.005201,0.9934,1.4901,0.9801,1.4664,711.261136,438.274366,17.529789,377.991891,13.592585
2018-12-17,3545.8647,9.0083,1.9013,0.005209,18.0166,27.0249,18.0033,27.0011,775.333702,517.23654,22.267199,446.042969,17.262736
2018-12-18,3696.0591,4.2358,1.904,0.005217,8.4715,12.7073,8.4582,12.6835,808.17498,561.054342,25.096755,483.770274,19.452251
2018-12-19,3745.9507,1.3499,1.9068,0.005224,2.6997,4.0496,2.6864,4.0258,819.084206,576.201232,26.113068,496.766339,20.235352
2018-12-20,4134.4414,10.371,1.9096,0.005232,20.7419,31.1129,20.7286,31.089,904.03103,695.71633,34.237588,599.738991,26.526325
2018-12-21,3896.5437,-5.754,1.9123,0.005239,-11.5081,-17.2621,-11.5214,-17.286,852.012659,615.65264,28.327447,530.640569,21.940987
2018-12-22,4014.1826,3.0191,1.9151,0.005247,6.0381,9.0572,6.0248,9.0333,877.735416,652.826461,30.893114,562.610534,23.922985
2018-12-23,3998.9802,-0.3787,1.9179,0.005254,-0.7574,-1.1362,-0.7708,-1.16,874.411282,647.881731,30.542121,558.274097,23.645471
2018-12-24,4078.5991,1.991,1.9206,0.005262,3.982,5.9729,3.9686,5.949,891.820636,673.680123,32.366384,580.429851,25.052151
2018-12-25,3815.4907,-6.451,1.9234,0.00527,-12.9019,-19.3529,-12.9153,-19.3768,834.289731,586.762584,26.102566,505.465872,20.197856
2018-12-26,3857.2976,1.0957,1.9262,0.005277,2.1914,3.2871,2.1781,3.2632,843.431164,599.621069,26.960595,516.475271,20.856956
2018-12-27,3654.8335,-5.2489,1.9289,0.005285,-10.4977,-15.7466,-10.5111,-15.7705,799.160652,536.674541,22.715224,462.188117,17.567707
2018-12-28,3923.9187,7.3624,1.9317,0.005292,14.7249,22.0873,14.7115,22.0634,857.998437,615.699306,27.732413,530.183018,21.443738
2018-12-29,3820.4087,-2.6379,1.9345,0.0053,-5.2758,-7.9138,-5.2892,-7.9377,835.365087,583.215941,25.537733,502.140414,19.741589
2018-12-30,3865.9526,1.1921,1.9372,0.005307,2.3842,3.5764,2.3709,3.5524,845.323661,597.121236,26.451056,514.045435,20.442886
2018-12-31,3742.7004,-3.1881,1.94,0.005315,-6.3763,-9.5644,-6.3897,-9.5884,818.373512,559.047048,23.921162,481.199533,18.482733
2019-01-01,3843.52,2.6938,1.9403,0.005316,5.3875,8.0813,5.3741,8.0573,840.418577,589.165883,25.854302,507.059837,19.971941
2019-01-02,3943.4094,2.5989,1.9407,0.005317,5.1978,7.7967,5.1844,7.7727,862.260251,619.789597,27.870087,533.347895,21.524302
2019-01-03,3836.7412,-2.705,1.941,0.005318,-5.4099,-8.1149,-5.4233,-8.1389,838.936332,586.259298,25.608451,504.422579,19.772455
2019-01-04,3857.7175,0.5467,1.9413,0.005319,1.0934,1.6402,1.08,1.6162,843.522984,592.669718,26.028473,509.870563,20.092009
2019-01-05,3845.1946,-0.3246,1.9416,0.00532,-0.6492,-0.9739,-0.6626,-0.9979,840.784734,588.821861,25.774991,506.491941,19.891517
2019-01-06,4076.6326,6.0189,1.942,0.00532,12.0378,18.0567,12.0244,18.0327,891.390633,659.702928,30.429095,567.394432,23.478485
2019-01-07,4025.2483,-1.2605,1.9423,0.005321,-2.5209,-3.7814,-2.5343,-3.8054,880.15502,643.072359,29.278457,553.014834,22.585038
2019-01-08,4030.8479,0.1391,1.9426,0.005322,0.2782,0.4173,0.2648,0.3933,881.379423,644.861543,29.400646,554.479327,22.67387
2019-01-09,4035.2964,0.1104,1.943,0.005323,0.2207,0.3311,0.2073,0.3071,882.352122,646.284895,29.497987,555.628855,22.743494
2019-01-10,3678.9246,-8.8314,1.9433,0.005324,-17.6627,-26.4941,-17.6761,-26.5181,804.42837,532.133315,21.682761,457.415121,16.712347
2019-01-11,3687.3655,0.2294,1.9436,0.005325,0.4589,0.6883,0.4455,0.6643,806.274049,534.575167,21.832007,459.45278,16.823367
2019-01-12,3661.301,-0.7069,1.9439,0.005326,-1.4137,-2.1206,-1.4271,-2.1446,800.574833,527.017788,21.369043,452.895815,16.462574
2019-01-13,3552.9531,-2.9593,1.9443,0.005327,-5.9185,-8.8778,-5.932,-8.9018,776.883636,495.825995,19.471938,426.030237,14.997101
2019-01-14,3706.0522,4.3091,1.9446,0.005328,8.6181,12.9272,8.6047,12.9032,810.360071,538.556941,21.989114,462.688961,16.932203
2019-01-15,3630.6753,-2.0339,1.9449,0.005329,-4.0678,-6.1017,-4.0812,-6.1257,793.878254,516.649651,20.647413,443.80576,15.894989
2019-01-16,3655.0068,0.6702,1.9453,0.005329,1.3403,2.0105,1.3269,1.9865,799.198554,523.574469,21.062528,449.694707,16.210738
2019-01-17,3678.564,0.6445,1.9456,0.00533,1.289,1.9336,1.2756,1.9095,804.349522,530.323519,21.469783,455.431106,16.520285
2019-01-18,3657.8394,-0.5634,1.9459,0.005331,-1.1268,-1.6902,-1.1402,-1.7142,799.817909,524.347955,21.106908,450.238324,16.237095
2019-01-19,3728.5684,1.9336,1.9462,0.005332,3.8673,5.8009,3.8538,5.7768,815.283412,544.625832,22.331295,467.589795,17.175087
2019-01-20,3601.0137,-3.421,1.9466,0.005333,-6.842,-10.263,-6.8554,-10.2871,787.392487,507.362426,20.039428,435.534481,15.408275
2019-01-21,3576.0325,-0.6937,1.9469,0.005334,-1.3875,-2.0812,-1.4009,-2.1052,781.930133,500.323006,19.622371,429.43321,15.083897
2019-01-22,3604.5771,0.7982,1.9472,0.005335,1.5964,2.3947,1.583,2.3706,788.171671,508.310383,20.092261,436.231253,15.44148
2019-01-23,3585.123,-0.5397,1.9476,0.005336,-1.0794,-1.6191,-1.0928,-1.6432,783.917865,502.823625,19.766944,431.463991,15.187752
2019-01-24,3600.8655,0.4391,1.9479,0.005337,0.8782,1.3173,0.8648,1.2933,787.360083,507.239466,20.027337,435.195248,15.38417
2019-01-25,3599.7659,-0.0305,1.9482,0.005338,-0.0611,-0.0916,-0.0745,-0.1157,787.119644,506.929671,20.008989,434.871051,15.366377
2019-01-26,3602.4604,0.0749,1.9485,0.005338,0.1497,0.2246,0.1363,0.2005,787.708837,507.688588,20.053922,435.463728,15.39719
2019-01-27,3583.9658,-0.5134,1.9489,0.005339,-1.0268,-1.5402,-1.0402,-1.5642,783.664828,502.475755,19.745058,430.934038,15.156344
2019-01-28,3470.4504,-3.1673,1.9492,0.00534,-6.3346,-9.5019,-6.348,-9.526,758.843717,470.645805,17.868895,403.578145,13.712553
2019-01-29,3448.1169,-0.6435,1.9495,0.005341,-1.2871,-1.9306,-1.3005,-1.9547,753.960307,464.588282,17.523919,398.329653,13.44452
2019-01-30,3486.1816,1.1039,1.9499,0.005342,2.2079,3.3118,2.1944,3.2877,762.283479,474.845714,18.104272,407.070718,13.88654
2019-01-31,3457.7927,-0.8143,1.9502,0.005343,-1.6287,-2.443,-1.6421,-2.467,756.076,467.112121,17.661989,400.386295,13.543954
2019-02-01,3487.9453,0.872,1.9505,0.005344,1.744,2.6161,1.7306,2.592,762.669121,475.258728,18.124036,407.315423,13.895013
2019-02-02,3521.0608,0.9494,1.9508,0.005345,1.8989,2.8483,1.8854,2.8242,769.910104,484.283193,18.640259,414.995055,14.287438
2019-02-03,3464.0134,-1.6202,1.9512,0.005346,-3.2404,-4.8605,-3.2538,-4.8846,757.43621,468.590718,17.734244,401.492033,13.589556
2019-02-04,3459.1541,-0.1403,1.9515,0.005347,-0.2806,-0.4208,-0.294,-0.4449,756.373666,467.276025,17.659611,400.311679,13.529095
2019-02-05,3466.3574,0.2082,1.9518,0.005347,0.4165,0.6247,0.4031,0.6007,757.948744,469.222143,17.769934,401.925142,13.610358
2019-02-06,3413.7678,-1.5171,1.9522,0.005348,-3.0343,-4.5514,-3.0477,-4.5755,746.449578,454.984601,16.961148,389.675603,12.987617
2019-02-07,3399.4717,-0.4188,1.9525,0.005349,-0.8376,-1.2563,-0.851,-1.2804,743.323604,451.173841,16.748059,386.359504,12.821323
2019-02-08,3666.7803,7.8632,1.9528,0.00535,15.7265,23.5897,15.713,23.5656,801.772917,522.127599,20.698879,447.068352,15.842751
2019-02-09,3671.2036,0.1206,1.9532,0.005351,0.2413,0.3619,0.2278,0.3378,802.740119,523.387313,20.773788,448.086918,15.896272
2019-02-10,3690.1882,0.5171,1.9535,0.005352,1.0342,1.5514,1.0208,1.5273,806.891268,528.80042,21.096066,452.661038,16.139054
2019-02-11,3648.4307,-1.1316,1.9538,0.005353,-2.2632,-3.3948,-2.2766,-3.4188,797.760618,516.832781,20.379907,442.355745,15.587288
2019-02-12,3653.5286,0.1397,1.9541,0.005354,0.2795,0.4192,0.266,0.3951,798.875318,518.277108,20.465337,443.532505,15.648875
2019-02-13,3632.0706,-0.5873,1.9545,0.005355,-1.1746,-1.762,-1.1881,-1.786,794.18334,512.189188,20.104744,438.262973,15.369378
2019-02-14,3616.8809,-0.4182,1.9548,0.005356,-0.8364,-1.2546,-0.8499,-1.2787,790.861983,507.905131,19.852503,434.538357,15.172848
2019-02-15,3620.8108,0.1087,1.9551,0.005357,0.2173,0.326,0.2039,0.3019,791.721296,509.008862,19.917216,435.424259,15.218652
2019-02-16,3629.7876,0.2479,1.9555,0.005357,0.4958,0.7438,0.4824,0.7197,793.684152,511.532758,20.065354,437.524769,15.328178
2019-02-17,3673.8362,1.2135,1.9558,0.005358,2.4271,3.6406,2.4136,3.6165,803.315752,523.947971,20.795851,448.084958,15.882523
2019-02-18,3915.7144,6.5838,1.9561,0.005359,13.1676,19.7514,13.1542,19.7273,856.204487,592.939386,24.903325,507.0268,19.01572
2019-02-19,3947.0945,0.8014,1.9564,0.00536,1.6028,2.4042,1.5893,2.3801,863.06602,602.442895,25.502043,515.085164,19.468309
2019-02-20,3999.8206,1.3358,1.9568,0.005361,2.6716,4.0075,2.6582,3.9834,874.595028,618.538,26.524027,528.77714,20.243803
2019-02-21,3954.1182,-1.1426,1.9571,0.005362,-2.2852,-3.4278,-2.2987,-3.4519,864.601809,604.403032,25.614828,516.622318,19.545002
2019-02-22,4005.5266,1.3001,1.9574,0.005363,2.6002,3.9004,2.5868,3.8763,875.842706,620.119012,26.613902,529.986322,20.30262
2019-02-23,4142.5269,3.4203,1.9578,0.005364,6.8406,10.2608,6.8271,10.2367,905.798983,662.538631,29.344712,566.169098,22.380947
2019-02-24,3810.4275,-8.0168,1.9581,0.005365,-16.0337,-24.0505,-16.0471,-24.0746,833.182612,556.30943,22.287164,475.31533,16.992826
2019-02-25,3882.6963,1.8966,1.9584,0.005366,3.7932,5.6898,3.7798,5.6657,848.984804,577.411427,23.555264,493.28113,17.955591
2019-02-26,3854.3579,-0.7299,1.9587,0.005366,-1.4597,-2.1896,-1.4732,-2.2137,842.788375,568.982798,23.0395,486.014234,17.55811
2019-02-27,3851.0474,-0.0859,1.9591,0.005367,-0.1718,-0.2577,-0.1852,-0.2818,842.064495,568.005388,22.980133,485.113982,17.508635
2019-02-28,3854.7854,0.0971,1.9594,0.005368,0.1941,0.2912,0.1807,0.2671,842.881849,569.108062,23.047051,485.990489,17.555399
2019-03-01,3859.5837,0.1245,1.9597,0.005369,0.249,0.3734,0.2355,0.3493,843.931047,570.524885,23.133116,487.135014,17.616724
2019-03-02,3864.415,0.1252,1.9601,0.00537,0.2504,0.3755,0.2369,0.3514,844.987452,571.953213,23.219987,488.289043,17.678633
2019-03-03,3847.1758,-0.4461,1.9604,0.005371,-0.8922,-1.3383,-0.9057,-1.3624,841.21794,566.850216,22.909233,483.866812,17.437775
2019-03-04,3761.5571,-2.2255,1.9607,0.005372,-4.451,-6.6765,-4.4644,-6.7006,822.496689,541.619785,21.379702,462.264862,16.269341
2019-03-05,3896.375,3.5841,1.961,0.005373,7.1682,10.7523,7.1547,10.7282,851.975771,580.444146,23.67851,495.338711,18.014745
2019-03-06,3903.9426,0.1942,1.9614,0.005374,0.3884,0.5827,0.375,0.5585,853.630498,582.69885,23.816477,497.196175,18.115366
2019-03-07,3911.4844,0.1932,1.9617,0.005375,0.3864,0.5795,0.3729,0.5554,855.279565,584.950198,23.954505,499.050264,18.215984
2019-03-08,3901.1316,-0.2647,1.962,0.005375,-0.5294,-0.794,-0.5428,-0.8182,853.015841,581.853746,23.764299,496.341365,18.06695
2019-03-09,3963.3137,1.594,1.9624,0.005376,3.1879,4.7819,3.1744,4.7577,866.612496,600.402674,24.900673,512.097442,18.926527
2019-03-10,3951.5999,-0.2956,1.9627,0.005377,-0.5911,-0.8867,-0.6046,-0.9108,864.051158,596.853605,24.679886,509.001433,18.754144
2019-03-11,3905.2273,-1.1735,1.963,0.005378,-2.347,-3.5205,-2.3605,-3.5447,853.911401,582.845289,23.81102,496.986519,18.089373
2019-03-12,3909.1562,0.1006,1.9633,0.005379,0.2012,0.3018,0.1878,0.2777,854.770501,584.018062,23.882887,497.919631,18.139606
2019-03-13,3906.7173,-0.0624,1.9637,0.00538,-0.1248,-0.1872,-0.1382,-0.2113,854.2372,583.289312,23.838185,497.231285,18.101276
2019-03-14,3924.3691,0.4518,1.964,0.005381,0.9037,1.3555,0.8902,1.3314,858.09693,588.560304,24.161312,501.657657,18.342271
2019-03-15,3960.9111,0.9312,1.9643,0.005382,1.8623,2.7935,1.8488,2.7693,866.087149,599.521132,24.83625,510.932544,18.85023
2019-03-16,4048.7258,2.217,1.9647,0.005383,4.4341,6.6511,4.4206,6.627,885.288585,626.104291,26.488133,533.518831,20.099428
2019-03-17,4025.229,-0.5804,1.965,0.005384,-1.1607,-1.7411,-1.1742,-1.7652,880.150803,618.837085,26.026961,527.254424,19.744634
2019-03-18,4032.5073,0.1808,1.9653,0.005384,0.3616,0.5425,0.3482,0.5183,881.74227,621.075017,26.168145,529.090158,19.846974
2019-03-19,4071.1902,0.9593,1.9656,0.005385,1.9186,2.8778,1.9051,2.8537,890.200609,632.99066,26.921219,539.169769,20.413344
2019-03-20,4087.4763,0.4,1.966,0.005386,0.8001,1.2001,0.7866,1.176,893.761711,638.055012,27.2443,543.410873,20.653397
2019-03-21,4029.3269,-1.4226,1.9663,0.005387,-2.8452,-4.2679,-2.8587,-4.292,881.046844,619.900766,26.081549,527.876293,19.76695
2019-03-22,4023.9683,-0.133,1.9666,0.005388,-0.266,-0.399,-0.2795,-0.4231,879.875131,618.251941,25.97749,526.401131,19.683312
2019-03-23,4035.8264,0.2947,1.967,0.005389,0.5894,0.8841,0.5759,0.8599,882.468018,621.895771,26.207148,529.432702,19.852572
2019-03-24,4022.1682,-0.3384,1.9673,0.00539,-0.6768,-1.0153,-0.6903,-1.0394,879.481535,617.686482,25.941074,525.777922,19.64622
2019-03-25,3963.0706,-1.4693,1.9676,0.005391,-2.9386,-4.4079,-2.9521,-4.432,866.559326,599.535166,24.797619,510.256591,18.77549
2019-03-26,3985.0808,0.5554,1.9679,0.005392,1.1108,1.6662,1.0973,1.642,871.372056,606.194609,25.210785,515.855605,19.083784
2019-03-27,4087.0662,2.5592,1.9683,0.005393,5.1184,7.6775,5.1049,7.6534,893.672027,637.221819,27.146352,542.189432,20.544338
2019-03-28,4069.1072,-0.4394,1.9686,0.005393,-0.8788,-1.3182,-0.8923,-1.3424,889.745141,631.621784,26.788501,537.351497,20.268554
2019-03-29,4098.3745,0.7193,1.9689,0.005394,1.4385,2.1578,1.425,2.1336,896.144695,640.707751,27.366535,545.008956,20.701006
2019-03-30,4106.6602,0.2022,1.9693,0.005395,0.4043,0.6065,0.3909,0.5823,897.956422,643.298376,27.532515,547.139182,20.821558
2019-03-31,4105.4043,-0.0306,1.9696,0.005396,-0.0612,-0.0917,-0.0746,-0.1159,897.681817,642.904922,27.507256,546.730795,20.797425
2019-04-01,4158.1831,1.2856,1.9699,0.005397,2.5712,3.8568,2.5577,3.8326,909.222356,659.435209,28.56815,560.71457,21.59451
2019-04-02,4879.8779,17.356,1.9702,0.005398,34.712,52.068,34.6985,52.0439,1067.027112,888.338537,43.443026,755.274379,32.83313
2019-04-03,4973.022,1.9087,1.9706,0.005399,3.8175,5.7262,3.804,5.702,1087.393855,922.250633,45.930666,784.004966,34.705289
2019-04-04,4922.7988,-1.0099,1.9709,0.0054,-2.0198,-3.0297,-2.0333,-3.0539,1076.412134,903.622794,44.539088,768.063747,33.645423
2019-04-05,5036.6812,2.3134,1.9712,0.005401,4.6267,6.9401,4.6132,6.9159,1101.313479,945.430988,47.630144,803.496432,35.972315
2019-04-06,5059.8174,0.4594,1.9716,0.005402,0.9187,1.3781,0.9052,1.3539,1106.372414,954.116751,48.286517,810.769887,36.459341
2019-04-07,5198.897,2.7487,1.9719,0.005402,5.4974,8.2461,5.4839,8.2219,1136.783358,1006.568512,52.268283,855.231947,39.457009
2019-04-08,5289.771,1.7479,1.9722,0.005403,3.4959,5.2438,3.4824,5.2197,1156.653742,1041.757103,55.009151,885.014636,41.516534
2019-04-09,5204.9585,-1.6033,1.9725,0.005404,-3.2067,-4.81,-3.2201,-4.8342,1138.108762,1008.351489,52.363215,856.515864,39.509555
2019-04-10,5324.5518,2.2977,1.9729,0.005405,4.5954,6.893,4.5819,6.8689,1164.258853,1054.688859,55.972632,895.760321,42.22341
2019-04-11,5064.4878,-4.8842,1.9732,0.005406,-9.7685,-14.6527,-9.782,-14.6769,1107.39364,951.661758,47.771116,808.137304,36.026319
2019-04-12,5089.5391,0.4946,1.9735,0.005407,0.9893,1.4839,0.9758,1.4598,1112.871314,961.076465,48.48001,816.023126,36.552215
2019-04-13,5096.5864,0.1385,1.9739,0.005408,0.2769,0.4154,0.2634,0.3912,1114.412281,963.738024,48.681397,818.1729,36.695213
2019-04-14,5167.7222,1.3958,1.9742,0.005409,2.7915,4.1873,2.778,4.1631,1129.96672,990.640823,50.719813,840.901861,38.222861
2019-04-15,5067.1084,-1.947,1.9745,0.00541,-3.8939,-5.8409,-3.9074,-5.8651,1107.966658,952.065952,47.757321,808.044269,35.981058
2019-04-16,5235.5596,3.3244,1.9748,0.005411,6.6488,9.9732,6.6353,9.949,1144.799949,1015.366996,52.52026,861.660559,39.560821
2019-04-17,5251.938,0.3128,1.9752,0.005411,0.6257,0.9385,0.6122,0.9143,1148.381231,1021.719748,53.013158,866.935361,39.922525
2019-04-18,5298.3857,0.8844,1.9755,0.005412,1.7688,2.6532,1.7553,2.629,1158.53743,1039.791777,54.419692,882.152597,40.972081
2019-04-19,5303.8125,0.1024,1.9758,0.005413,0.2048,0.3073,0.1914,0.2831,1159.724037,1041.921745,54.586906,883.840599,41.088062
2019-04-20,5337.8862,0.6424,1.9762,0.005414,1.2849,1.9273,1.2714,1.9031,1167.17455,1055.309157,55.638968,895.077576,41.870016
2019-04-21,5314.5312,-0.4375,1.9765,0.005415,-0.8751,-1.3126,-0.8886,-1.3368,1162.067783,1046.074519,54.908653,887.124257,41.310299
2019-04-22,5399.3652,1.5963,1.9768,0.005416,3.1925,4.7888,3.179,4.7646,1180.617461,1079.470754,57.538115,915.326214,43.278566
2019-04-23,5572.3623,3.204,1.9772,0.005417,6.4081,9.6121,6.3946,9.5879,1218.444752,1148.643803,63.068723,973.857235,47.428061
2019-04-24,5464.8667,-1.9291,1.9775,0.005418,-3.8582,-5.7873,-3.8717,-5.8115,1194.939917,1104.327173,59.418776,936.152697,44.671798
2019-04-25,5210.5156,-4.6543,1.9778,0.005419,-9.3086,-13.9629,-9.3221,-13.9871,1139.323876,1001.529861,51.122198,848.883673,38.423511
2019-04-26,5279.3481,1.321,1.9781,0.00542,2.6421,3.9631,2.6286,3.9389,1154.374696,1027.990898,53.148219,871.197089,39.936968
2019-04-27,5268.291,-0.2094,1.9785,0.00542,-0.4189,-0.6283,-0.4324,-0.6525,1151.95696,1023.684826,52.814276,867.430164,39.676366
2019-04-28,5285.1392,0.3198,1.9788,0.005421,0.6396,0.9594,0.6261,0.9352,1155.640951,1030.232372,53.32098,872.861162,40.047418
2019-04-29,5247.3525,-0.715,1.9791,0.005422,-1.4299,-2.1449,-1.4434,-2.1691,1147.378583,1015.500877,52.17731,860.262074,39.178751
2019-04-30,5350.7266,1.97,1.9795,0.005423,3.94,5.9101,3.9265,5.8859,1169.982199,1055.512068,55.261024,894.040605,41.484754
2019-05-01,5402.6973,0.9713,1.9798,0.005424,1.9426,2.9138,1.9291,2.8896,1181.346038,1076.016089,56.871247,911.287184,42.683511
2019-05-02,5505.2837,1.8988,1.9801,0.005425,3.7976,5.6964,3.7841,5.6722,1203.777439,1116.87888,60.110861,945.771141,45.104597
2019-05-03,5768.2896,4.7773,1.9804,0.005426,9.5547,14.332,9.5412,14.3078,1261.285923,1223.592977,68.725953,1036.008702,51.558065
2019-05-04,5831.1675,1.0901,1.9808,0.005427,2.1801,3.2702,2.1666,3.246,1275.034721,1250.26882,70.973419,1058.455022,53.231621
2019-05-05,5795.7085,-0.6081,1.9811,0.005428,-1.2162,-1.8243,-1.2297,-1.8485,1267.28131,1235.063198,69.678664,1045.439221,52.24763
2019-05-06,5746.8071,-0.8438,1.9814,0.005429,-1.6875,-2.5313,-1.701,-2.5555,1256.588607,1214.221474,67.91492,1027.65616,50.912452
2019-05-07,5829.5015,1.439,1.9818,0.005429,2.8779,4.3169,2.8644,4.2927,1274.670432,1249.165831,70.846728,1057.092458,53.097948
2019-05-08,5982.4575,2.6238,1.9821,0.00543,5.2477,7.8715,5.2341,7.8473,1308.115584,1314.717741,76.423416,1112.42218,57.264678
2019-05-09,6174.5288,3.2106,1.9824,0.005431,6.4212,9.6317,6.4076,9.6075,1350.113617,1399.13774,83.784309,1183.702151,62.766377
2019-05-10,6378.8491,3.3091,1.9827,0.005432,6.6182,9.9273,6.6047,9.903,1394.790003,1491.735012,92.101787,1261.881566,68.982142
2019-05-11,7204.7715,12.9478,1.9831,0.005433,25.8957,38.8435,25.8821,38.8192,1575.385003,1878.029556,127.877328,1588.483509,95.760489
2019-05-12,6972.3716,-3.2256,1.9834,0.005434,-6.4513,-9.6769,-6.4648,-9.7012,1524.568774,1756.872657,115.502746,1485.791328,86.470617
2019-05-13,7814.915,12.084,1.9837,0.005435,24.1681,36.2521,24.1545,36.2278,1708.798118,2181.474686,157.374905,1844.677425,117.797062
2019-05-14,7994.416,2.2969,1.9841,0.005436,4.5938,6.8907,4.5803,6.8665,1748.047544,2281.687378,168.219149,1929.168945,125.885557
2019-05-15,8205.168,2.6362,1.9844,0.005437,5.2725,7.9087,5.259,7.8845,1794.130264,2401.988866,181.523128,2030.623171,135.810972
2019-05-16,7884.9092,-3.9031,1.9847,0.005438,-7.8063,-11.7094,-7.8198,-11.7337,1724.102936,2214.483126,160.267849,1871.832705,119.875388
2019-05-17,7343.8955,-6.8614,1.985,0.005438,-13.7228,-20.5841,-13.7363,-20.6084,1605.805663,1910.594871,127.278085,1614.712468,95.171
2019-05-18,7271.208,-0.9898,1.9854,0.005439,-1.9795,-2.9693,-1.9931,-2.9936,1589.911918,1872.773972,123.498814,1582.530331,92.322007
2019-05-19,8197.6895,12.7418,1.9857,0.00544,25.4836,38.2253,25.47,38.2011,1792.495022,2350.023512,170.706661,1985.601452,127.590024
2019-05-20,7978.3091,-2.6761,1.986,0.005441,-5.3522,-8.0284,-5.3658,-8.0526,1744.525625,2224.244404,157.001693,1879.0586,117.315678
2019-05-21,7963.3276,-0.1878,1.9864,0.005442,-0.3756,-0.5633,-0.3891,-0.5876,1741.249804,2215.891157,156.117253,1871.747584,116.626348
2019-05-22,7680.0664,-3.5571,1.9867,0.005443,-7.1141,-10.6712,-7.1277,-10.6955,1679.312309,2058.249506,139.457648,1738.335641,104.152612
2019-05-23,7881.8467,2.6273,1.987,0.005444,5.2546,7.882,5.2411,7.8577,1723.433294,2166.403297,150.449663,1829.443952,112.336629
2019-05-24,7987.3716,1.3388,1.9873,0.005445,2.6777,4.0165,2.6641,3.9922,1746.507218,2224.412418,156.49248,1878.182946,116.821382
2019-05-25,8052.5439,0.8159,1.9877,0.005446,1.6319,2.4478,1.6184,2.4236,1760.757714,2260.712272,160.323146,1908.578656,119.652626
2019-05-26,8673.2158,7.7078,1.988,0.005447,15.4155,23.1233,15.402,23.0991,1896.472936,2609.21345,197.395182,2202.538301,147.291256
2019-05-27,8805.7783,1.5284,1.9883,0.005447,3.0568,4.5852,3.0433,4.561,1925.458862,2688.97253,206.446219,2269.568039,154.009169
2019-05-28,8719.9619,-0.9745,1.9887,0.005448,-1.9491,-2.9236,-1.9626,-2.9479,1906.69437,2636.561954,200.410476,2225.024961,149.469124
2019-05-29,8659.4873,-0.6935,1.989,0.005449,-1.387,-2.0806,-1.4006,-2.1048,1893.471079,2599.991828,196.240821,2193.861932,146.323059
2019-05-30,8319.4727,-3.9265,1.9893,0.00545,-7.853,-11.7795,-7.8665,-11.8038,1819.123963,2395.814542,173.124641,2021.281134,129.051427
2019-05-31,8574.502,3.0655,1.9896,0.005451,6.1309,9.1964,6.1174,9.1721,1874.888303,2542.699548,189.045791,2144.930324,140.888126
2019-06-01,8564.0166,-0.1223,1.99,0.005452,-0.2446,-0.3669,-0.2581,-0.3911,1872.595592,2536.480855,188.352265,2139.394159,140.337071
2019-06-02,8742.958,2.0895,1.9903,0.005453,4.1789,6.2684,4.1654,6.2441,1911.722663,2642.478186,200.158882,2228.508013,149.099849
2019-06-03,8208.9951,-6.1073,1.9906,0.005454,-12.2147,-18.322,-12.2282,-18.3463,1794.967103,2319.707497,163.485682,1956.000874,121.745511
2019-06-04,7707.771,-6.1058,1.991,0.005455,-12.2116,-18.3174,-12.2251,-18.3417,1685.370155,2036.434494,133.539398,1716.877425,99.415371
2019-06-05,7824.2314,1.5109,1.9913,0.005456,3.0219,4.5328,3.0084,4.5086,1710.83523,2097.973446,139.592532,1768.527265,103.897577
2019-06-06,7822.0234,-0.0282,1.9916,0.005456,-0.0564,-0.0847,-0.07,-0.1089,1710.35243,2096.789344,139.474353,1767.289668,103.784388
2019-06-07,8043.9512,2.8372,1.9919,0.005457,5.6744,8.5116,5.6609,8.4874,1758.87883,2215.770248,151.34592,1867.33405,112.592947
2019-06-08,7954.1279,-1.1167,1.9923,0.005458,-2.2333,-3.35,-2.2469,-3.3743,1739.238209,2166.285197,146.275882,1825.377819,108.793775
2019-06-09,7688.0771,-3.3448,1.9926,0.005459,-6.6896,-10.0344,-6.7032,-10.0587,1681.063927,2021.368778,131.597913,1703.019653,97.850503
2019-06-10,8000.3296,4.0615,1.9929,0.00546,8.123,12.1845,8.1095,12.1603,1749.340598,2185.565188,147.632522,1841.125839,109.749375
2019-06-11,7927.7144,-0.9077,1.9933,0.005461,-1.8153,-2.723,-1.8288,-2.7473,1733.462655,2145.890491,143.612549,1807.454422,106.734284
2019-06-12,8145.8574,2.7517,1.9936,0.005462,5.5033,8.255,5.4898,8.2307,1781.161505,2263.985344,155.467699,1906.679311,115.519221
2019-06-13,8230.9238,1.0443,1.9939,0.005463,2.0886,3.1329,2.075,3.1086,1799.762003,2311.270507,160.338302,1946.243589,119.110224
2019-06-14,8693.833,5.624,1.9942,0.005464,11.248,16.8721,11.2345,16.8478,1900.981061,2571.24335,187.390699,2164.894389,139.177648
2019-06-15,8838.375,1.6626,1.9946,0.005465,3.3252,4.9877,3.3116,4.9634,1932.586406,2656.741343,196.737263,2236.587349,146.085651
2019-06-16,8994.4883,1.7663,1.9949,0.005465,3.5326,5.2989,3.5191,5.2746,1966.721912,2750.594027,207.162245,2315.294567,153.791137
2019-06-17,9320.3525,3.6229,1.9952,0.005466,7.2459,10.8688,7.2323,10.8445,2037.974923,2949.898368,229.678292,2482.744005,170.46901
2019-06-18,9081.7627,-2.5599,1.9956,0.005467,-5.1198,-7.6796,-5.1333,-7.7039,1985.80521,2798.870649,212.039825,2355.29707,157.336172
2019-06-19,9273.5215,2.1115,1.9959,0.005468,4.2229,6.3344,4.2094,6.3101,2027.734912,2917.065336,225.471304,2454.440749,167.264252
2019-06-20,9527.1602,2.7351,1.9962,0.005469,5.4702,8.2053,5.4566,8.1809,2083.19518,3076.633754,243.971798,2588.37021,180.948051
2019-06-21,10144.5566,6.4804,1.9965,0.00547,12.9608,19.4411,12.9472,19.4168,2218.19421,3475.389067,291.40272,2923.492045,216.082443
2019-06-22,10701.6914,5.492,1.9969,0.005471,10.9839,16.4759,10.9704,16.4516,2340.016499,3857.122866,339.413862,3244.209718,251.63138
2019-06-23,10855.3711,1.436,1.9972,0.005472,2.8721,4.3081,2.8585,4.2838,2373.61988,3967.901884,354.036135,3336.945762,262.410719
2019-06-24,11011.1025,1.4346,1.9975,0.005473,2.8692,4.3038,2.8557,4.2795,2407.671894,4081.749138,369.273171,3432.23727,273.640567
2019-06-25,11790.917,7.0821,1.9979,0.005474,14.1641,21.2462,14.1506,21.2219,2578.185004,4659.894145,447.729771,3917.919184,331.71231
2019-06-26,13016.2314,10.392,1.9982,0.005474,20.784,31.1761,20.7705,31.1517,2846.110506,5628.408408,587.314273,4731.689935,435.04647
2019-06-27,11182.8066,-14.0857,1.9985,0.005475,-28.1714,-42.257,-28.1849,-42.2814,2445.216467,4042.809131,339.132633,3398.066957,251.102893
2019-06-28,12407.332,10.9501,1.9988,0.005476,21.9001,32.8502,21.8866,32.8259,2712.969433,4928.190161,450.538436,4141.787795,333.529663
2019-06-29,11959.3711,-3.6105,1.9992,0.005477,-7.2209,-10.8314,-7.2345,-10.8557,2615.018937,4572.330145,401.738996,3842.151559,297.322735
2019-06-30,10817.1553,-9.5508,1.9995,0.005478,-19.1016,-28.6524,-19.1152,-28.6767,2365.263663,3698.941773,286.631111,3107.717998,212.060293
2019-07-01,10583.1348,-2.1634,1.9998,0.005479,-4.3268,-6.4903,-4.3404,-6.5146,2314.093074,3538.894476,268.028006,2972.830565,198.245439
2019-07-02,10801.6777,2.065,2.0002,0.00548,4.13,6.195,4.1165,6.1707,2361.879367,3685.051644,284.632435,3095.205983,210.478581
2019-07-03,11961.2695,10.7353,2.0005,0.005481,21.4706,32.2059,21.457,32.1815,2615.434046,4476.253856,376.300816,3759.345068,278.213848
2019-07-04,11215.4375,-6.2354,2.0008,0.005482,-12.4708,-18.7062,-12.4843,-18.7305,2452.351484,3918.029915,305.909324,3290.015358,226.102978
2019-07-05,10978.46,-2.113,2.0012,0.005483,-4.2259,-6.3389,-4.2395,-6.3632,2400.534315,3752.457224,286.518113,3150.535757,211.71557
2019-07-06,11208.5508,2.0958,2.0015,0.005484,4.1917,6.2875,4.1781,6.2632,2450.845644,3909.748131,304.532986,3282.168664,224.975696
2019-07-07,11450.8467,2.1617,2.0018,0.005484,4.3234,6.4851,4.3098,6.4608,2503.825717,4078.782639,324.282308,3423.62505,239.510878
2019-07-08,12285.958,7.293,2.0021,0.005485,14.586,21.879,14.5725,21.8547,2686.429963,4673.714644,395.232126,3922.531145,291.855233
2019-07-09,12573.8125,2.343,2.0025,0.005486,4.6859,7.0289,4.6723,7.0045,2749.371814,4892.720725,423.012461,4105.805216,312.2983
2019-07-10,12156.5127,-3.3188,2.0028,0.005487,-6.6376,-9.9564,-6.6512,-9.9807,2658.125637,4567.961404,380.895637,3832.721084,281.128598
2019-07-11,11358.6621,-6.5632,2.0031,0.005488,-13.1263,-19.6895,-13.1399,-19.7138,2483.668772,3968.356768,305.899341,3329.106242,225.70745
2019-07-12,11815.9863,4.0262,2.0035,0.005489,8.0524,12.0786,8.0389,12.0543,2583.666629,4287.905962,342.847842,3596.728431,252.914901
2019-07-13,11392.3789,-3.585,2.0038,0.00549,-7.1701,-10.7551,-7.1836,-10.7795,2491.041238,3980.459975,305.974181,3338.352229,225.652043
2019-07-14,10256.0586,-9.9744,2.0041,0.005491,-19.9488,-29.9232,-19.9624,-29.9475,2242.575068,3186.406764,214.417006,2671.93857,158.074849
2019-07-15,10895.0898,6.2308,2.0044,0.005492,12.4615,18.6923,12.448,18.668,2382.304725,3583.482011,254.496486,3004.540491,187.584186
2019-07-16,9477.6416,-13.01,2.0048,0.005493,-26.0199,-39.0299,-26.0335,-39.0543,2072.367524,2651.06193,155.166714,2222.352823,114.324544
2019-07-17,9693.8027,2.2807,2.0051,0.005493,4.5615,6.8422,4.5479,6.8179,2119.633008,2771.99002,165.7836,2323.423665,122.119063
2019-07-18,10666.4824,10.034,2.0054,0.005494,20.0681,30.1021,20.0545,30.0778,2332.317753,3328.274991,215.68796,2789.374575,158.84973
2019-07-19,10530.7324,-1.2727,2.0058,0.005495,-2.5454,-3.818,-2.5589,-3.8424,2302.634853,3243.558529,207.452919,2717.996324,152.746096
2019-07-20,10767.1396,2.2449,2.0061,0.005496,4.4899,6.7348,4.4763,6.7104,2354.327318,3389.189553,221.424417,2839.661318,162.995998
2019-07-21,10599.1055,-1.5606,2.0064,0.005497,-3.1212,-4.6819,-3.1348,-4.7062,2317.585205,3283.404785,211.057633,2750.643045,155.325039
2019-07-22,10343.1064,-2.4153,2.0067,0.005498,-4.8306,-7.2459,-4.8442,-7.2702,2261.608826,3124.797359,195.764678,2617.39755,144.032548
2019-07-23,9900.7676,-4.2767,2.0071,0.005499,-8.5533,-12.83,-8.5669,-12.8543,2164.887644,2857.523821,170.648144,2393.168011,125.51813
2019-07-24,9811.9258,-0.8973,2.0074,0.0055,-1.7946,-2.692,-1.8082,-2.7163,2145.461624,2806.241424,166.054353,2349.894112,122.108635
2019-07-25,9911.8418,1.0183,2.0077,0.005501,2.0366,3.0549,2.023,3.0306,2167.309116,2863.394009,171.127207,2397.433437,125.809217
2019-07-26,9870.3037,-0.4191,2.0081,0.005502,-0.8382,-1.2572,-0.8517,-1.2816,2158.226458,2839.394452,168.975751,2377.013671,124.196847
2019-07-27,9477.6777,-3.9779,2.0084,0.005502,-7.9557,-11.9336,-7.9693,-11.9579,2072.375425,2613.50069,148.81094,2187.582638,109.345478
2019-07-28,9552.8604,0.7933,2.0087,0.005503,1.5865,2.3798,1.5729,2.3554,2088.814748,2654.964396,152.352313,2221.991876,111.921005
2019-07-29,9519.1455,-0.3529,2.009,0.005504,-0.7059,-1.0588,-0.7194,-1.0832,2081.442709,2636.224101,150.739225,2206.005865,110.708714
2019-07-30,9607.4238,0.9274,2.0094,0.005505,1.8548,2.7821,1.8412,2.7577,2100.74552,2685.119547,154.932985,2246.622089,113.761783
2019-07-31,10085.6279,4.9774,2.0097,0.005506,9.9549,14.9323,9.9413,14.9079,2205.308943,2952.420169,178.068091,2469.965508,130.721332
2019-08-01,10399.6689,3.1137,2.01,0.005507,6.2275,9.3412,6.2139,9.3169,2273.976701,3136.282004,194.701865,2623.446854,142.900455
2019-08-02,10518.1748,1.1395,2.0104,0.005508,2.279,3.4185,2.2654,3.3942,2299.889023,3207.758855,201.35784,2682.879504,147.750727
2019-08-03,10821.7266,2.886,2.0107,0.005509,5.7719,8.6579,5.7584,8.6335,2366.263215,3392.909008,218.791243,2837.369269,160.506836
2019-08-04,10970.1846,1.3719,2.011,0.00551,2.7437,4.1156,2.7301,4.0912,2398.72483,3486.000348,227.795715,2914.8326,167.073436
2019-08-05,11805.6533,7.6158,2.0113,0.005511,15.2316,22.8474,15.218,22.823,2581.407229,4016.974888,279.841202,3358.412799,205.204686
2019-08-06,11478.1689,-2.774,2.0117,0.005511,-5.5479,-8.3219,-5.5615,-8.3463,2509.799965,3794.116148,256.553134,3171.634057,188.077729
2019-08-07,11941.9688,4.0407,2.012,0.005512,8.0814,12.1221,8.0678,12.0977,2611.213765,4100.734798,287.652857,3427.516115,210.830889
2019-08-08,11966.4072,0.2046,2.0123,0.005513,0.4093,0.6139,0.3957,0.5895,2616.557447,4117.518581,289.418847,3441.078516,212.07381
2019-08-09,11862.9365,-0.8647,2.0127,0.005514,-1.7294,-2.594,-1.7429,-2.6184,2593.932692,4046.312156,281.911237,3381.102266,206.520812
2019-08-10,11354.0244,-4.2899,2.013,0.005515,-8.5799,-12.8698,-8.5935,-12.8942,2482.6547,3699.14394,245.629822,3090.54844,179.891603
2019-08-11,11523.5791,1.4933,2.0133,0.005516,2.9867,4.48,2.9731,4.4556,2519.729285,3809.625858,256.634119,3182.433247,187.90691
2019-08-12,11382.6162,-1.2233,2.0136,0.005517,-2.4465,-3.6698,-2.4601,-3.6942,2488.906541,3716.422892,247.216241,3104.141846,180.965306
2019-08-13,10895.8301,-4.2766,2.014,0.005518,-8.5532,-12.8297,-8.5668,-12.8541,2382.466583,3398.551659,215.499077,2838.21777,157.703789
2019-08-14,10051.7041,-7.7472,2.0143,0.005519,-15.4945,-23.2417,-15.5081,-23.2661,2197.891207,2871.963832,165.413392,2398.064731,121.01223
2019-08-15,10311.5459,2.5851,2.0146,0.00552,5.1701,7.7552,5.1565,7.7307,2254.707842,3020.44736,178.24146,2521.721003,130.36738
2019-08-16,10374.3389,0.609,2.015,0.00552,1.2179,1.8269,1.2043,1.8025,2268.438063,3057.233863,181.497706,2552.090419,132.717204
2019-08-17,10231.7441,-1.3745,2.0153,0.005521,-2.749,-4.1235,-2.7626,-4.1479,2237.258504,2973.190835,174.013678,2481.586555,127.212232
2019-08-18,10345.8105,1.1148,2.0156,0.005522,2.2297,3.3445,2.2161,3.3201,2262.200101,3039.482796,179.83354,2536.579821,131.435769
2019-08-19,10916.0537,5.5118,2.0159,0.005523,11.0237,16.5355,11.01,16.5111,2386.888654,3374.544854,209.56988,2815.858486,153.137213
2019-08-20,10763.2324,-1.4,2.0163,0.005524,-2.7999,-4.1999,-2.8135,-4.2243,2353.47297,3280.059739,200.768145,2736.633103,146.668203
2019-08-21,10138.0498,-5.8085,2.0166,0.005525,-11.617,-17.4255,-11.6306,-17.4499,2216.771435,2899.01504,165.783277,2418.345925,121.074709
2019-08-22,10131.0557,-0.069,2.0169,0.005526,-0.138,-0.207,-0.1516,-0.2314,2215.242106,2895.015036,165.44016,2414.68005,120.794556
2019-08-23,10407.9648,2.7333,2.0173,0.005527,5.4665,8.1998,5.4529,8.1754,2275.79067,3053.272234,179.005943,2546.350924,130.66998
2019-08-24,10159.9609,-2.3828,2.0176,0.005528,-4.7657,-7.1485,-4.7793,-7.1729,2221.562492,2907.763779,166.209731,2424.654041,121.297141
2019-08-25,10138.5176,-0.2111,2.0179,0.005529,-0.4221,-0.6332,-0.4357,-0.6576,2216.873718,2895.489672,165.157337,2414.0892,120.499492
2019-08-26,10370.8203,2.2913,2.0182,0.005529,4.5826,6.8739,4.569,6.8494,2267.668701,3028.177742,176.510032,2524.388122,128.75303
2019-08-27,10185.5,-1.7869,2.0186,0.00553,-3.5739,-5.3608,-3.5875,-5.3852,2227.146827,2919.954318,167.047648,2433.825898,121.819358
2019-08-28,9754.4229,-4.2323,2.0189,0.005531,-8.4645,-12.6968,-8.4781,-12.7212,2132.888115,2672.794025,145.837961,2227.482744,106.322447
2019-08-29,9510.2002,-2.5037,2.0192,0.005532,-5.0074,-7.5111,-5.021,-7.5356,2079.48674,2538.955895,134.883873,2115.639981,98.310445
2019-08-30,9598.1738,0.925,2.0196,0.005533,1.8501,2.7751,1.8365,2.7507,2098.722928,2585.928865,138.627083,2154.493176,101.014669
2019-08-31,9630.6641,0.3385,2.0199,0.005534,0.677,1.0155,0.6634,0.9911,2105.827196,2603.435828,140.034859,2168.785923,102.015801
2019-09-01,9757.9707,1.3219,2.0202,0.005535,2.6438,3.9657,2.6302,3.9412,2133.663884,2672.264865,145.588173,2225.828462,106.036474
2019-09-02,10346.7607,6.0339,2.0205,0.005536,12.0679,18.1018,12.0543,18.0774,2262.407869,2994.75055,171.94228,2494.135631,125.205087
2019-09-03,10623.54,2.675,2.0209,0.005537,5.3501,8.0251,5.3364,8.0007,2322.928034,3154.9717,185.740819,2627.233877,135.222316
2019-09-04,10594.4932,-0.2734,2.0212,0.005538,-0.5468,-0.8203,-0.5605,-0.8447,2316.576686,3137.719058,184.217262,2612.509293,134.080087
2019-09-05,10575.5332,-0.179,2.0215,0.005538,-0.3579,-0.5369,-0.3715,-0.5613,2312.430928,3126.488501,183.228234,2602.802732,133.327457
2019-09-06,10353.3027,-2.1014,2.0219,0.005539,-4.2027,-6.3041,-4.2163,-6.3285,2263.838332,2995.09068,171.677356,2493.05946,124.889774
2019-09-07,10517.2549,1.5836,2.0222,0.00554,3.1671,4.7507,3.1535,4.7263,2299.687874,3089.949599,179.833267,2571.678697,130.792402
2019-09-08,10441.2764,-0.7224,2.0225,0.005541,-1.4448,-2.1673,-1.4585,-2.1917,2283.07452,3045.304911,175.935825,2534.171822,127.925818
2019-09-09,10334.9746,-1.0181,2.0228,0.005542,-2.0362,-3.0543,-2.0498,-3.0787,2259.83073,2983.296924,170.562261,2482.22618,123.987329
2019-09-10,10115.9756,-2.119,2.0232,0.005543,-4.238,-6.357,-4.2516,-6.3815,2211.944718,2856.864274,159.719573,2376.690789,116.0751
2019-09-11,10178.3721,0.6168,2.0235,0.005544,1.2336,1.8504,1.22,1.826,2225.588244,2892.107199,162.675078,2405.686337,118.194604
2019-09-12,10410.127,2.2769,2.0238,0.005545,4.5539,6.8308,4.5402,6.8063,2276.263434,3023.809983,173.787094,2514.910328,126.239336
2019-09-13,10360.5469,-0.4763,2.0242,0.005546,-0.9525,-1.4288,-0.9662,-1.4533,2265.422325,2995.007119,171.304018,2490.612186,124.404744
2019-09-14,10358.0488,-0.0241,2.0245,0.005547,-0.0482,-0.0723,-0.0619,-0.0968,2264.876106,2993.562857,171.180108,2489.071716,124.284325
2019-09-15,10347.7129,-0.0998,2.0248,0.005547,-0.1996,-0.2994,-0.2132,-0.3238,2262.616065,2987.588512,170.667664,2483.764948,123.881862
2019-09-16,10276.7939,-0.6854,2.0252,0.005548,-1.3707,-2.0561,-1.3843,-2.0805,2247.10903,2946.63712,167.158607,2449.381001,121.304447
2019-09-17,10241.2725,-0.3456,2.0255,0.005549,-0.6913,-1.0369,-0.7049,-1.0614,2239.341953,2926.267163,165.425269,2432.114665,120.016908
2019-09-18,10198.248,-0.4201,2.0258,0.00555,-0.8402,-1.2603,-0.8538,-1.2848,2229.934296,2901.680193,163.340374,2411.34809,118.474938
2019-09-19,10266.415,0.6684,2.0261,0.005551,1.3368,2.0053,1.3232,1.9808,2244.839593,2940.470936,166.615766,2443.255145,120.82167
2019-09-20,10181.6416,-0.8257,2.0265,0.005552,-1.6515,-2.4772,-1.6651,-2.5017,2226.303155,2891.909909,162.48835,2402.572376,117.799098
2019-09-21,10019.7168,-1.5904,2.0268,0.005553,-3.1807,-4.7711,-3.1944,-4.7956,2190.896909,2799.926324,154.735898,2325.825661,112.149975
2019-09-22,10070.3926,0.5058,2.0271,0.005554,1.0115,1.5173,0.9979,1.4928,2201.977603,2828.248173,157.083678,2349.034733,113.824155
2019-09-23,9729.3242,-3.3868,2.0275,0.005555,-6.7737,-10.1605,-6.7873,-10.185,2127.400084,2636.671538,141.123146,2189.598174,102.231157
2019-09-24,8620.5664,-11.396,2.0278,0.005556,-22.7921,-34.1881,-22.8057,-34.2126,1884.960691,2035.71918,92.87579,1690.244535,67.255215
2019-09-25,8486.9932,-1.5495,2.0281,0.005556,-3.0989,-4.6484,-3.1126,-4.6729,1855.753757,1972.633392,88.558538,1637.634284,64.112447
2019-09-26,8118.9678,-4.3363,2.0284,0.005557,-8.6727,-13.009,-8.6863,-13.0335,1775.281853,1801.552973,77.037924,1495.38394,55.756337
2019-09-27,8251.8457,1.6366,2.0288,0.005558,3.2733,4.9099,3.2596,4.8854,1804.33675,1860.522693,80.820414,1544.127939,58.480269
2019-09-28,8245.915,-0.0719,2.0291,0.005559,-0.1437,-0.2156,-0.1574,-0.2401,1803.03996,1857.848349,80.646156,1541.697746,58.339857
2019-09-29,8104.1855,-1.7188,2.0294,0.00556,-3.4376,-5.1564,-3.4512,-5.1808,1772.049592,1793.983538,76.487755,1488.490507,55.317361
2019-09-30,8293.8682,2.3406,2.0298,0.005561,4.6811,7.0217,4.6675,6.9972,1813.525322,1877.961747,81.858461,1557.965196,59.188006
2019-10-01,8343.2764,0.5957,2.0301,0.005562,1.1914,1.7872,1.1778,1.7627,1824.328848,1900.336522,83.321401,1576.314836,60.231293
2019-10-02,8393.042,0.5965,2.0304,0.005563,1.193,1.7894,1.1793,1.7649,1835.210529,1923.006617,84.812377,1594.904422,61.294334
2019-10-03,8259.9922,-1.5852,2.0307,0.005564,-3.1705,-4.7557,-3.1841,-4.7802,1806.118049,1862.038101,80.77894,1544.120678,58.364333
2019-10-04,8205.9395,-0.6544,2.0311,0.005565,-1.3088,-1.9632,-1.3224,-1.9877,1794.298956,1837.668042,79.193107,1523.700749,57.204239
2019-10-05,8151.5005,-0.6634,2.0314,0.005565,-1.3268,-1.9902,-1.3405,-2.0147,1782.39541,1813.285521,77.616984,1503.276055,56.051729
2019-10-06,7988.1558,-2.0039,2.0317,0.005566,-4.0077,-6.0116,-4.0214,-6.0361,1746.678686,1740.614084,72.950975,1442.823759,52.668399
2019-10-07,8245.623,3.2231,2.0321,0.005567,6.4462,9.6693,6.4326,9.6448,1802.976113,1852.818001,80.004852,1535.634501,57.748179
2019-10-08,8228.7832,-0.2042,2.0324,0.005568,-0.4085,-0.6127,-0.4221,-0.6372,1799.293937,1845.250067,79.514675,1529.1525,57.380214
2019-10-09,8595.7402,4.4594,2.0327,0.005569,8.9189,13.3783,8.9052,13.3538,1879.532236,2009.825428,90.152385,1665.326798,65.042647
2019-10-10,8586.4736,-0.1078,2.033,0.00557,-0.2156,-0.3234,-0.2293,-0.3479,1877.506014,2005.492061,89.86082,1661.508848,64.816348
2019-10-11,8321.7568,-3.083,2.0334,0.005571,-6.1659,-9.2489,-6.1796,-9.2734,1819.623419,1881.835375,81.549724,1558.834985,58.805691
2019-10-12,8336.5557,0.1778,2.0337,0.005572,0.3557,0.5335,0.342,0.509,1822.859309,1888.528423,81.984791,1564.166387,59.105004
2019-10-13,8321.0059,-0.1865,2.034,0.005573,-0.3731,-0.5596,-0.3867,-0.5841,1819.459211,1881.483248,81.526023,1558.117663,58.759776
2019-10-14,8374.6865,0.6451,2.0344,0.005574,1.2902,1.9354,1.2766,1.9108,1831.196948,1905.758984,83.103851,1578.008419,59.882587
2019-10-15,8205.3691,-2.0218,2.0347,0.005574,-4.0436,-6.0653,-4.0572,-6.0898,1794.174252,1828.698637,78.063331,1513.985332,56.23583
2019-10-16,8047.5269,-1.9236,2.035,0.005575,-3.8473,-5.7709,-3.861,-5.7955,1759.660684,1758.343247,73.558343,1455.531111,52.976705
2019-10-17,8103.9111,0.7006,2.0353,0.005576,1.4013,2.1019,1.3876,2.0774,1771.989589,1782.982597,75.104483,1475.728405,54.077244
2019-10-18,7973.2075,-1.6128,2.0357,0.005577,-3.2257,-4.8385,-3.2394,-4.8631,1743.410125,1725.469067,71.470524,1427.924374,51.447433
2019-10-19,7988.5605,0.1926,2.036,0.005578,0.3851,0.5777,0.3715,0.5531,1746.767196,1732.114115,71.88339,1433.228473,51.732014
2019-10-20,8222.0781,2.9231,2.0363,0.005579,5.8463,8.7694,5.8326,8.7449,1797.827815,1833.37869,78.187167,1516.823503,56.255937
2019-10-21,8243.7207,0.2632,2.0367,0.00558,0.5265,0.7897,0.5128,0.7651,1802.56015,1843.030517,78.804592,1524.601595,56.686377
2019-10-22,8078.2031,-2.0078,2.037,0.005581,-4.0156,-6.0234,-4.0293,-6.0479,1766.368313,1769.021715,74.057872,1463.171331,53.258021
2019-10-23,7514.6719,-6.9759,2.0373,0.005582,-13.9519,-20.9278,-13.9656,-20.9524,1643.147378,1522.209645,58.559156,1258.831262,42.099199
2019-10-24,7493.4888,-0.2819,2.0376,0.005583,-0.5638,-0.8457,-0.5774,-0.8702,1638.515511,1513.627733,58.063939,1251.562208,41.73285
2019-10-25,8660.7002,15.5763,2.038,0.005583,31.1527,46.729,31.139,46.7045,1893.736288,1985.163392,85.196652,1641.286389,61.223964
2019-10-26,9244.9727,6.7462,2.0383,0.005584,13.4925,20.2387,13.4788,20.2142,2021.492466,2253.011551,102.439388,1862.512637,73.599905
2019-10-27,9551.7148,3.3179,2.0386,0.005585,6.6359,9.9538,6.6222,9.9293,2088.564273,2402.51847,112.636005,1985.851998,80.907835
2019-10-28,9256.1484,-3.0944,2.039,0.005586,-6.1888,-9.2831,-6.2024,-9.3077,2023.936146,2253.832342,102.179845,1862.680928,73.377189
2019-10-29,9427.6875,1.8532,2.0393,0.005587,3.7065,5.5597,3.6928,5.5352,2061.444632,2337.37039,107.860772,1931.466377,77.438756
2019-10-30,9205.7266,-2.3544,2.0396,0.005588,-4.7087,-7.0631,-4.7224,-7.0876,2012.910972,2227.310543,100.242506,1840.255312,71.950205
2019-10-31,9199.585,-0.0667,2.0399,0.005589,-0.1334,-0.2001,-0.1471,-0.2247,2011.568058,2224.338642,100.041876,1837.548276,71.788538
2019-11-01,9261.1045,0.6687,2.0403,0.00559,1.3374,2.0062,1.3238,1.9816,2025.01983,2254.087869,102.048878,1861.873179,73.211109
2019-11-02,9324.7178,0.6869,2.0406,0.005591,1.3738,2.0607,1.3601,2.0361,2038.929419,2285.053922,104.151758,1887.196521,74.701767
2019-11-03,9235.3545,-0.9583,2.0409,0.005592,-1.9167,-2.875,-1.9304,-2.8996,2019.389372,2241.256367,101.157348,1850.766635,72.535716
2019-11-04,9412.6123,1.9193,2.0413,0.005592,3.8387,5.758,3.825,5.7335,2058.148311,2327.291008,106.982007,1921.558541,76.694525
2019-11-05,9342.5273,-0.7446,2.0416,0.005593,-1.4892,-2.2338,-1.5028,-2.2583,2042.823634,2292.633658,104.592289,1892.680458,74.962522
2019-11-06,9360.8799,0.1964,2.0419,0.005594,0.3929,0.5893,0.3792,0.5648,2046.836574,2301.640995,105.208675,1899.857601,75.385883
2019-11-07,9267.5615,-0.9969,2.0422,0.005595,-1.9938,-2.9907,-2.0075,-3.0153,2026.431715,2255.751001,102.062207,1861.718491,73.112809
2019-11-08,8804.8809,-4.9925,2.0426,0.005596,-9.9849,-14.9774,-9.9986,-15.002,1925.262625,2030.515405,86.775918,1675.572191,62.144435
2019-11-09,8813.582,0.0988,2.0429,0.005597,0.1976,0.2965,0.184,0.2719,1927.165211,2034.528603,87.033179,1678.654659,62.313408
2019-11-10,9055.5264,2.7451,2.0432,0.005598,5.4903,8.2354,5.4766,8.2108,1980.068412,2146.229537,94.200703,1770.587542,67.429853
2019-11-11,8757.7881,-3.2879,2.0436,0.005599,-6.5758,-9.8638,-6.5895,-9.8883,1914.965387,2005.097002,84.908977,1653.914375,60.762173
2019-11-12,8815.6621,0.6608,2.0439,0.0056,1.3217,1.9825,1.308,1.9579,1927.620038,2031.597536,86.592287,1675.547188,61.951846
2019-11-13,8808.2627,-0.0839,2.0442,0.005601,-0.1679,-0.2518,-0.1816,-0.2764,1926.002092,2028.187099,86.374244,1672.50519,61.780626
2019-11-14,8708.0947,-1.1372,2.0445,0.005602,-2.2744,-3.4116,-2.2881,-3.4362,1904.099508,1982.057825,83.427488,1634.236717,59.657729
2019-11-15,8491.9922,-2.4816,2.0449,0.005602,-4.9633,-7.4449,-4.9769,-7.4695,1856.846836,1883.683211,77.216408,1552.901718,55.201619
2019-11-16,8550.7607,0.692,2.0452,0.005603,1.3841,2.0761,1.3704,2.0516,1869.697084,1909.755147,78.819529,1574.182807,56.334115
2019-11-17,8577.9756,0.3183,2.0455,0.005604,0.6365,0.9548,0.6229,0.9302,1875.647843,1921.911654,79.572115,1583.987786,56.85816
2019-11-18,8309.2861,-3.1323,2.0459,0.005605,-6.2646,-9.397,-6.2783,-9.4215,1816.896592,1801.510893,72.09476,1484.539919,51.501249
2019-11-19,8206.1455,-1.2413,2.0462,0.005606,-2.4825,-3.7238,-2.4962,-3.7484,1794.344011,1756.787687,69.41009,1447.482433,49.570782
2019-11-20,8027.2681,-2.1798,2.0465,0.005607,-4.3596,-6.5394,-4.3733,-6.564,1755.230926,1680.198822,64.871089,1384.179884,46.316966
2019-11-21,7642.75,-4.7901,2.0468,0.005608,-9.5803,-14.3704,-9.594,-14.395,1671.152757,1519.230782,55.548825,1251.381844,39.649624
2019-11-22,7296.5776,-4.5294,2.0472,0.005609,-9.0588,-13.5883,-9.0725,-13.6129,1595.459205,1381.60605,48.000703,1137.849801,34.25218
2019-11-23,7397.7969,1.3872,2.0475,0.00561,2.7744,4.1616,2.7607,4.1371,1617.591658,1419.93775,49.998323,1169.262861,35.669212
2019-11-24,7047.917,-4.7295,2.0478,0.005611,-9.459,-14.1885,-9.4727,-14.2131,1541.087425,1285.625424,42.904289,1058.501842,30.599499
2019-11-25,7146.1338,1.3936,2.0482,0.005611,2.7871,4.1807,2.7734,4.1561,1562.563369,1321.45729,44.697977,1087.858565,31.871238
2019-11-26,7218.3711,1.0109,2.0485,0.005612,2.0217,3.0326,2.008,3.008,1578.358674,1348.173418,46.053477,1109.703011,32.829919
2019-11-27,7531.6636,4.3402,2.0488,0.005613,8.6804,13.0206,8.6667,12.996,1646.862759,1465.20054,52.04993,1205.87792,37.096507
2019-11-28,7463.106,-0.9103,2.0492,0.005614,-1.8205,-2.7308,-1.8342,-2.7554,1631.872048,1438.526311,50.628563,1183.759544,36.074359
2019-11-29,7761.2437,3.9948,2.0495,0.005615,7.9896,11.9845,7.9759,11.9599,1697.062409,1553.459402,56.696124,1278.175542,40.388803
2019-11-30,7569.6299,-2.4689,2.0498,0.005616,-4.9377,-7.4066,-4.9514,-7.4312,1655.164417,1476.754115,52.49689,1214.887882,37.387445
2019-12-01,7424.2925,-1.92,2.0501,0.005617,-3.84,-5.76,-3.8537,-5.7846,1623.385149,1420.046559,49.473059,1168.069597,35.224722
2019-12-02,7321.9883,-1.378,2.0505,0.005618,-2.7559,-4.1339,-2.7696,-4.1585,1601.01546,1380.911051,47.427894,1135.718377,33.759901
2019-12-03,7320.1455,-0.0252,2.0508,0.005619,-0.0503,-0.0755,-0.064,-0.1001,1600.612522,1380.215965,47.392084,1134.991107,33.726104
2019-12-04,7252.0347,-0.9305,2.0511,0.00562,-1.8609,-2.7914,-1.8746,-2.816,1585.719503,1354.531321,46.069195,1113.714375,32.776383
2019-12-05,7448.3076,2.7065,2.0515,0.00562,5.4129,8.1194,5.3992,8.0947,1628.636265,1427.850842,49.809719,1173.846091,35.42955
2019-12-06,7546.9966,1.325,2.0518,0.005621,2.65,3.975,2.6363,3.9503,1650.215452,1465.688464,51.789633,1204.791804,36.829138
2019-12-07,7556.2378,0.1224,2.0521,0.005622,0.2449,0.3673,0.2312,0.3427,1652.236122,1469.277901,51.97988,1207.577202,36.955364
2019-12-08,7564.3452,0.1073,2.0524,0.005623,0.2146,0.3219,0.2009,0.2973,1654.008879,1472.430808,52.147195,1210.003026,37.06522
2019-12-09,7400.8994,-2.1607,2.0528,0.005624,-4.3215,-6.4822,-4.3352,-6.5068,1618.270055,1408.800017,48.7669,1157.547152,34.653446
2019-12-10,7278.1196,-1.659,2.0531,0.005625,-3.318,-4.977,-3.3317,-5.0016,1591.423203,1362.056465,46.339793,1118.981426,32.920229
2019-12-11,7217.4272,-0.8339,2.0534,0.005626,-1.6678,-2.5017,-1.6815,-2.5263,1578.152294,1339.340034,45.180508,1100.16562,32.088556
2019-12-12,7243.1343,0.3562,2.0538,0.005627,0.7124,1.0685,0.6987,1.0439,1583.773356,1348.880956,45.66328,1107.851939,32.423534
2019-12-13,7269.6846,0.3666,2.0541,0.005628,0.7331,1.0997,0.7194,1.075,1589.578805,1358.76982,46.165427,1115.821896,32.772103
2019-12-14,7124.6738,-1.9947,2.0544,0.005629,-3.9895,-5.9842,-4.0032,-6.0088,1557.870964,1304.562181,43.402797,1071.15359,30.802885
2019-12-15,7152.3018,0.3878,2.0547,0.005629,0.7756,1.1633,0.7618,1.1387,1563.912048,1314.679795,43.907717,1079.314117,31.153639
2019-12-16,6932.4805,-3.0734,2.0551,0.00563,-6.1469,-9.2203,-6.1606,-9.2449,1515.84624,1233.868158,39.859292,1012.822098,28.273506
2019-12-17,6640.5151,-4.2116,2.0554,0.005631,-8.4231,-12.6347,-8.4368,-12.6593,1452.005519,1129.938049,34.823203,927.372055,24.694278
2019-12-18,7276.8027,9.5819,2.0557,0.005632,19.1638,28.7457,19.1501,28.7211,1591.135253,1346.477143,44.833377,1104.96462,31.786738
2019-12-19,7202.8442,-1.0164,2.0561,0.005633,-2.0327,-3.0491,-2.0464,-3.0737,1574.963594,1319.107039,43.466372,1082.35224,30.809704
2019-12-20,7218.8164,0.2217,2.0564,0.005634,0.4435,0.6652,0.4298,0.6406,1578.456046,1324.957228,43.755529,1087.003973,31.007073
2019-12-21,7191.1587,-0.3831,2.0567,0.005635,-0.7663,-1.1494,-0.78,-1.174,1572.408449,1314.804514,43.252603,1078.525513,30.643038
2019-12-22,7511.5889,4.4559,2.057,0.005636,8.9118,13.3677,8.8981,13.343,1642.473252,1431.977019,49.034469,1174.493399,34.731748
2019-12-23,7355.6284,-2.0763,2.0574,0.005637,-4.1525,-6.2288,-4.1662,-6.2534,1608.371164,1372.51376,45.980213,1125.561095,32.55982
2019-12-24,7322.5322,-0.4499,2.0577,0.005638,-0.8999,-1.3498,-0.9136,-1.3745,1601.134398,1360.16268,45.359558,1115.277887,32.112293
2019-12-25,7275.1558,-0.647,2.058,0.005638,-1.294,-1.941,-1.3077,-1.9656,1590.775128,1342.562293,44.479135,1100.693265,31.481083
2019-12-26,7238.9668,-0.4974,2.0584,0.005639,-0.9949,-1.4923,-1.0086,-1.5169,1582.862101,1329.20562,43.815374,1089.591828,31.003532
2019-12-27,7290.0884,0.7062,2.0587,0.00564,1.4124,2.1186,1.3987,2.0939,1594.040273,1347.979319,44.743647,1104.831704,31.65273
2019-12-28,7317.9902,0.3827,2.059,0.005641,0.7655,1.1482,0.7518,1.1236,1600.141253,1358.297747,45.257398,1113.137281,32.008367
2019-12-29,7422.6528,1.4302,2.0593,0.005642,2.8604,4.2906,2.8467,4.266,1623.026626,1397.150756,47.199225,1144.824904,33.373836
2019-12-30,7292.9951,-1.7468,2.0597,0.005643,-3.4936,-5.2404,-3.5073,-5.265,1594.675856,1348.340343,44.72582,1104.672538,31.616701
2019-12-31,7193.5991,-1.3629,2.06,0.005644,-2.7258,-4.0887,-2.7395,-4.1133,1572.94207,1311.587369,42.897119,1074.409817,30.316196
2020-01-01,7200.1743,0.0914,2.0553,0.005631,0.1828,0.2742,0.1691,0.2496,1574.379793,1313.98504,43.014748,1076.226575,30.391859
2020-01-02,6985.4702,-2.9819,2.0507,0.005618,-5.9639,-8.9458,-5.9776,-8.9704,1527.432902,1235.620832,39.16674,1011.894498,27.665589
2020-01-03,7344.8843,5.1452,2.046,0.005605,10.2903,15.4355,10.2766,15.4109,1606.021865,1362.770327,45.212321,1115.883304,31.929111
2020-01-04,7410.6567,0.8955,2.0413,0.005593,1.791,2.6865,1.7773,2.6619,1620.403577,1387.17718,46.426932,1135.715882,32.779033
2020-01-05,7411.3174,0.0089,2.0366,0.00558,0.0178,0.0267,0.0042,0.0022,1620.548033,1387.424508,46.439349,1135.763214,32.779759
2020-01-06,7769.2192,4.8291,2.032,0.005567,9.6583,14.4874,9.6446,14.4629,1698.80634,1521.425464,53.167193,1245.303065,37.520655
2020-01-07,8163.6924,5.0774,2.0273,0.005554,10.1548,15.2322,10.1411,15.2077,1785.061272,1675.92271,61.265702,1371.590903,43.226674
2020-01-08,8079.8628,-1.0269,2.0226,0.005541,-2.0537,-3.0806,-2.0673,-3.105,1766.731214,1641.503992,59.378365,1343.23544,41.884473
2020-01-09,7879.0713,-2.4851,2.018,0.005529,-4.9702,-7.4553,-4.9838,-7.4797,1722.826432,1559.918434,54.951555,1276.291514,38.751647
2020-01-10,8166.5542,3.6487,2.0133,0.005516,7.2974,10.9461,7.2838,10.9217,1785.687033,1673.751619,60.966592,1369.253814,42.983974
2020-01-11,8037.5376,-1.5798,2.0086,0.005503,-3.1596,-4.7395,-3.1732,-4.7638,1757.476447,1620.867198,58.07711,1325.804392,40.936292
2020-01-12,8192.4941,1.9279,2.0039,0.00549,3.8558,5.7837,3.8422,5.7594,1791.359023,1683.364941,61.436134,1376.745096,43.293969
2020-01-13,8144.1943,-0.5896,1.9993,0.005477,-1.1791,-1.7687,-1.1927,-1.793,1780.797857,1663.515992,60.349523,1360.324892,42.517704
2020-01-14,8827.7646,8.3933,1.9946,0.005465,16.7867,25.18,16.7731,25.1557,1930.266361,1942.765259,75.545553,1588.494128,53.213345
2020-01-15,8807.0107,-0.2351,1.9899,0.005452,-0.4702,-0.7053,-0.4837,-0.7296,1925.728342,1933.63045,75.012735,1580.810103,52.825118
2020-01-16,8723.7861,-0.945,1.9852,0.005439,-1.89,-2.8349,-1.9035,-2.8592,1907.530568,1897.085556,72.886166,1550.719636,51.314746
2020-01-17,8929.0381,2.3528,1.9806,0.005426,4.7056,7.0584,4.6921,7.0341,1952.410666,1986.354254,78.030731,1623.480364,54.924294
2020-01-18,8942.8086,0.1542,1.9759,0.005413,0.3084,0.4627,0.2949,0.4385,1955.421705,1992.48103,78.391752,1628.268781,55.16512
2020-01-19,8706.2451,-2.6453,1.9712,0.005401,-5.2906,-7.9359,-5.3041,-7.96,1903.695075,1887.067113,72.170677,1541.904289,50.773949
2020-01-20,8657.6426,-0.5582,1.9666,0.005388,-1.1165,-1.6747,-1.13,-1.6989,1893.067713,1865.998041,70.962001,1524.481259,49.911354
2020-01-21,8745.8945,1.0194,1.9619,0.005375,2.0387,3.0581,2.0252,3.0339,1912.364759,1904.040261,73.132061,1555.355802,51.425634
2020-01-22,8680.876,-0.7434,1.9572,0.005362,-1.4868,-2.2303,-1.5003,-2.2543,1898.147895,1875.730305,71.50103,1532.021104,50.266321
2020-01-23,8406.5156,-3.1605,1.9525,0.005349,-6.321,-9.4815,-6.3345,-9.5056,1838.156654,1757.164845,64.721629,1434.975827,45.488199
2020-01-24,8445.4346,0.463,1.9479,0.005337,0.9259,1.3889,0.9125,1.3648,1846.666615,1773.434845,65.620538,1448.070047,46.109041
2020-01-25,8367.8477,-0.9187,1.9432,0.005324,-1.8374,-2.7561,-1.8508,-2.7801,1829.701571,1740.850296,63.812,1421.269523,44.827177
2020-01-26,8596.8301,2.7365,1.9385,0.005311,5.4729,8.2094,5.4595,8.1854,1879.770539,1836.125481,69.050561,1498.863983,48.496449
2020-01-27,8909.8193,3.6408,1.9339,0.005298,7.2815,10.9223,7.2681,10.8983,1948.208322,1969.823029,76.59244,1607.803268,53.781733
2020-01-28,9358.5898,5.0368,1.9292,0.005285,10.0736,15.1104,10.0602,15.0865,2046.335837,2168.255443,88.165883,1769.552275,61.895505
2020-01-29,9316.6299,-0.4484,1.9245,0.005273,-0.8967,-1.3451,-0.9101,-1.369,2037.160933,2148.812362,86.979987,1753.448106,61.048163
2020-01-30,9508.9932,2.0647,1.9198,0.00526,4.1295,6.1942,4.1161,6.1703,2079.222812,2237.546722,92.367694,1825.62211,64.815019
2020-01-31,9350.5293,-1.6665,1.9152,0.005247,-3.3329,-4.9994,-3.3463,-5.0233,2044.57333,2162.970939,87.749873,1764.532129,61.559196
2020-02-01,9392.875,0.4529,1.9105,0.005234,0.9057,1.3586,0.8924,1.3348,2053.832581,2182.561814,88.94205,1780.279216,62.38087
2020-02-02,9344.3652,-0.5165,1.9058,0.005221,-1.0329,-1.5494,-1.0462,-1.5732,2043.225505,2160.018011,87.564019,1761.65377,61.399512
2020-02-03,9293.5215,-0.5441,1.9011,0.005209,-1.0882,-1.6323,-1.1015,-1.6561,2032.108083,2136.512205,86.134682,1742.248917,60.382662
2020-02-04,9180.9629,-1.2112,1.8965,0.005196,-2.4223,-3.6335,-2.4356,-3.6572,2007.496183,2084.75942,83.005018,1699.815045,58.174338
2020-02-05,9613.4238,4.7104,1.8918,0.005183,9.4208,14.1312,9.4076,14.1075,2102.057471,2281.160827,94.734647,1859.726055,66.381278
2020-02-06,9729.8018,1.2106,1.8871,0.00517,2.4212,3.6317,2.4079,3.608,2127.504502,2336.391259,98.175155,1904.506441,68.776329
2020-02-07,9795.9434,0.6798,1.8825,0.005157,1.3596,2.0394,1.3463,2.0157,2141.96693,2368.15607,100.177291,1930.147338,70.162631
2020-02-08,9865.1191,0.7062,1.8778,0.005145,1.4123,2.1185,1.3991,2.0948,2157.092807,2401.602374,102.29955,1957.152193,71.632428
2020-02-09,10116.6738,2.5499,1.8731,0.005132,5.0999,7.6498,5.0867,7.6262,2212.097395,2524.081246,110.125284,2056.706015,77.095252
2020-02-10,9856.6113,-2.5706,1.8684,0.005119,-5.1413,-7.7119,-5.1545,-7.7355,2155.232501,2394.311543,101.632535,1950.6938,71.131545
2020-02-11,10208.2363,3.5674,1.8638,0.005106,7.1348,10.7022,7.1216,10.6786,2232.11832,2565.141003,112.50946,2089.614734,78.727416
2020-02-12,10326.0547,1.1541,1.8591,0.005093,2.3083,3.4624,2.2951,3.4389,2257.880313,2624.352153,116.405044,2137.573991,81.434768
2020-02-13,10214.3799,-1.0815,1.8544,0.005081,-2.163,-3.2445,-2.1761,-3.268,2233.46166,2567.588166,112.628332,2091.057512,78.773489
2020-02-14,10312.1162,0.9569,1.8498,0.005068,1.9137,2.8706,1.9006,2.847,2254.832546,2616.724118,115.861386,2130.79912,81.016206
2020-02-15,9889.4248,-4.099,1.8451,0.005055,-8.198,-12.2969,-8.2111,-12.3204,2162.407449,2402.206211,101.613986,1955.837205,71.034674
2020-02-16,9934.4336,0.4551,1.8404,0.005042,0.9102,1.3654,0.8971,1.3419,2172.249006,2424.072071,103.001384,1973.383341,71.987893
2020-02-17,9690.1426,-2.459,1.8357,0.005029,-4.9181,-7.3771,-4.9312,-7.4005,2118.832683,2304.8546,95.40287,1876.072297,66.660408
2020-02-18,10141.9961,4.663,1.8311,0.005017,9.326,13.9891,9.3129,13.9657,2217.634325,2519.80637,108.748841,2050.789896,75.969977
2020-02-19,9633.3867,-5.0149,1.8264,0.005004,-10.0298,-15.0447,-10.0429,-15.068,2106.422528,2267.07562,92.387955,1844.832046,64.522798
2020-02-20,9608.4756,-0.2586,1.8217,0.004991,-0.5172,-0.7758,-0.5303,-0.7991,2100.975496,2255.350684,91.671233,1835.049704,64.007179
2020-02-21,9686.4414,0.8114,1.817,0.004978,1.6229,2.4343,1.6098,2.411,2118.02339,2291.951758,93.90277,1864.590238,65.550364
2020-02-22,9663.1816,-0.2401,1.8124,0.004965,-0.4803,-0.7204,-0.4933,-0.7437,2112.937443,2280.944566,93.226312,1855.392183,65.062878
2020-02-23,9924.5156,2.7044,1.8077,0.004953,5.4089,8.1133,5.3958,8.09,2170.080357,2404.317665,100.790033,1955.505902,70.326474
2020-02-24,9650.1748,-2.7643,1.803,0.00494,-5.5285,-8.2928,-5.5416,-8.3161,2110.093387,2271.393801,92.431695,1847.140167,64.478074
2020-02-25,9341.7051,-3.1965,1.7984,0.004927,-6.393,-9.5896,-6.406,-9.6128,2042.643839,2126.182706,83.567903,1728.811475,58.279937
2020-02-26,8820.5225,-5.5791,1.7937,0.004914,-11.1582,-16.7373,-11.1712,-16.7605,1928.682795,1888.939193,69.580904,1535.682716,48.511938
2020-02-27,8784.4941,-0.4085,1.789,0.004901,-0.8169,-1.2254,-0.8299,-1.2486,1920.804894,1873.508065,68.728274,1522.938025,47.90624
2020-02-28,8672.4551,-1.2754,1.7843,0.004889,-2.5508,-3.8263,-2.5638,-3.8494,1896.306593,1825.717928,66.098554,1483.892822,46.062136
2020-02-29,8599.5088,-0.8411,1.7797,0.004876,-1.6823,-2.5234,-1.6952,-2.5465,1880.356262,1795.004746,64.430638,1458.737717,44.889164
2020-03-01,8562.4541,-0.4309,1.775,0.004863,-0.8618,-1.2927,-0.8747,-1.3158,1872.253938,1779.535644,63.597756,1445.977681,44.298524
2020-03-02,8869.6699,3.5879,1.7703,0.00485,7.1759,10.7638,7.163,10.7408,1939.429308,1907.233029,70.443306,1549.55234,49.056519
2020-03-03,8787.7861,-0.9232,1.7657,0.004837,-1.8464,-2.7696,-1.8593,-2.7926,1921.524716,1872.01831,68.492332,1520.74156,47.686561
2020-03-04,8755.2461,-0.3703,1.761,0.004825,-0.7406,-1.1109,-0.7535,-1.1339,1914.409558,1858.154626,67.731478,1509.283061,47.145852
2020-03-05,9078.7627,3.6951,1.7563,0.004812,7.3902,11.0854,7.3773,11.0624,1985.149234,1995.476607,75.23975,1620.628009,52.361295
2020-03-06,9122.5459,0.4823,1.7516,0.004799,0.9645,1.4468,0.9516,1.4238,1994.722807,2014.723361,76.328303,1636.05052,53.106821
2020-03-07,8909.9541,-2.3304,1.747,0.004786,-4.6608,-6.9912,-4.6737,-7.0141,1948.237789,1920.82114,70.992039,1559.586949,49.381834
2020-03-08,8108.1162,-8.9993,1.7423,0.004773,-17.9987,-26.998,-18.0116,-27.021,1772.909066,1575.098333,51.825574,1278.681101,36.038386
2020-03-09,7923.6445,-2.2751,1.7376,0.004761,-4.5503,-6.8254,-4.5631,-6.8483,1732.572753,1503.426683,48.288248,1220.333096,33.570356
2020-03-10,7909.7295,-0.1756,1.733,0.004748,-0.3512,-0.5268,-0.3641,-0.5497,1729.53011,1498.146224,48.033845,1215.890373,33.385817
2020-03-11,7911.4302,0.0215,1.7283,0.004735,0.043,0.0645,0.0302,0.0417,1729.901979,1498.790461,48.064828,1216.25739,33.399727
2020-03-12,4970.7881,-37.1695,1.7236,0.004722,-74.3391,-111.5086,-74.3519,-111.5314,1086.905396,384.603464,-5.531596,311.947137,-3.851466
2020-03-13,5563.707,11.9281,1.7189,0.004709,23.8561,35.7842,23.8433,35.7614,1216.552203,476.354984,-7.511034,386.325762,-5.228805
2020-03-14,5200.3662,-6.5306,1.7143,0.004697,-13.0611,-19.5917,-13.0739,-19.6144,1137.10462,414.137757,-6.039498,335.817979,-4.203205
2020-03-15,5392.3149,3.6911,1.7096,0.004684,7.3821,11.0732,7.3694,11.0504,1179.075854,444.709919,-6.708263,360.565607,-4.667678
2020-03-16,5014.48,-7.0069,1.7049,0.004671,-14.0138,-21.0207,-14.0266,-21.0435,1096.459003,382.389021,-5.298136,309.990567,-3.685437
2020-03-17,5225.6294,4.2108,1.7002,0.004658,8.4216,12.6324,8.4088,12.6097,1142.628631,414.592247,-5.967416,336.0572,-4.150159
2020-03-18,5238.4385,0.2451,1.6956,0.004645,0.4902,0.7354,0.4775,0.7127,1145.429447,416.624747,-6.011299,337.661918,-4.179738
2020-03-19,6191.1929,18.1878,1.6909,0.004633,36.3755,54.5633,36.3628,54.5406,1353.757357,568.17413,-9.291259,460.445234,-6.459393
2020-03-20,6198.7783,0.1225,1.6862,0.00462,0.245,0.3676,0.2323,0.345,1355.41598,569.566384,-9.32541,461.515024,-6.481675
2020-03-21,6185.0664,-0.2212,1.6816,0.004607,-0.4424,-0.6636,-0.4551,-0.6862,1352.417753,567.046582,-9.263526,459.414686,-6.437198
2020-03-22,5830.2549,-5.7366,1.6769,0.004594,-11.4732,-17.2098,-11.4858,-17.2323,1274.835174,501.988377,-7.669296,406.647031,-5.32792
2020-03-23,6416.3149,10.052,1.6722,0.004581,20.1041,30.1561,20.0914,30.1336,1402.982226,602.908608,-9.98206,488.34825,-6.933415
2020-03-24,6734.8037,4.9637,1.6675,0.004569,9.9275,14.8912,9.9148,14.8687,1472.622524,662.762161,-11.468509,536.767081,-7.964323
2020-03-25,6681.063,-0.798,1.6629,0.004556,-1.5959,-2.3939,-1.6085,-2.4163,1460.871654,652.185069,-11.193968,528.132922,-7.771877
2020-03-26,6716.4404,0.5295,1.6582,0.004543,1.059,1.5886,1.0464,1.5661,1468.607235,659.091946,-11.37179,533.659363,-7.893592
2020-03-27,6469.7983,-3.6722,1.6535,0.00453,-7.3444,-11.0166,-7.357,-11.0391,1414.676829,610.685408,-10.119001,494.397824,-7.022213
2020-03-28,6242.1938,-3.518,1.6489,0.004517,-7.0359,-10.5539,-7.0485,-10.5763,1364.909157,567.718151,-9.051056,459.550162,-6.279525
2020-03-29,5922.043,-5.1288,1.6442,0.004505,-10.2576,-15.3865,-10.2702,-15.4088,1294.905425,509.483668,-7.658419,412.353319,-5.311923
2020-03-30,6429.8418,8.5747,1.6395,0.004492,17.1494,25.7242,17.1369,25.7018,1405.939989,596.857303,-9.628483,483.017786,-6.677184
2020-03-31,6438.6445,0.1369,1.6348,0.004479,0.2738,0.4107,0.2612,0.3884,1407.864782,598.491551,-9.668029,484.279658,-6.703117
2020-04-01,6606.7764,2.6113,1.6302,0.004466,5.2226,7.8339,5.21,7.8116,1444.628248,629.74828,-10.42541,509.510805,-7.226736
2020-04-02,6793.6245,2.8281,1.6255,0.004453,5.6563,8.4844,5.6437,8.4621,1485.484195,665.368464,-11.309942,538.266178,-7.838271
2020-04-03,6733.3872,-0.8867,1.6208,0.004441,-1.7733,-2.66,-1.7859,-2.6823,1472.312793,653.569166,-11.009095,528.653439,-7.628027
2020-04-04,6867.5273,1.9922,1.6161,0.004428,3.9843,5.9765,3.9718,5.9543,1501.643683,679.609509,-11.667053,549.650595,-8.08222
2020-04-05,6791.1294,-1.1125,1.6115,0.004415,-2.2249,-3.3374,-2.2374,-3.3596,1484.938617,664.488849,-11.277682,537.352706,-7.810693
2020-04-06,7271.7812,7.0776,1.6068,0.004402,14.1553,21.2329,14.1428,21.2108,1590.037262,758.549138,-13.672264,613.349427,-9.4674
2020-04-07,7176.4146,-1.3115,1.6021,0.004389,-2.6229,-3.9344,-2.6354,-3.9565,1569.184517,738.65296,-13.134344,597.185234,-9.092819
2020-04-08,7334.0986,2.1973,1.5975,0.004377,4.3945,6.5918,4.382,6.5696,1603.663492,771.113129,-14.000129,623.354189,-9.690184
2020-04-09,7302.0894,-0.4364,1.5928,0.004364,-0.8729,-1.3093,-0.8853,-1.3314,1596.664389,764.382166,-13.816821,617.835415,-9.561166
2020-04-10,6865.4932,-5.9791,1.5881,0.004351,-11.9581,-17.9372,-11.9706,-17.9592,1501.198892,672.976453,-11.338473,543.877117,-7.844053
2020-04-11,6859.083,-0.0934,1.5834,0.004338,-0.1867,-0.2801,-0.1992,-0.3021,1499.797256,671.719767,-11.306714,542.793954,-7.820352
2020-04-12,6971.0918,1.633,1.5788,0.004325,3.266,4.899,3.2536,4.877,1524.288938,693.658127,-11.86063,560.454251,-8.201749
2020-04-13,6845.0376,-1.8082,1.5741,0.004313,-3.6165,-5.4247,-3.6289,-5.4467,1496.726107,668.572094,-11.217223,540.116047,-7.755023
2020-04-14,6842.4277,-0.0381,1.5694,0.0043,-0.0763,-0.1144,-0.0886,-0.1364,1496.155438,668.06227,-11.204392,539.637301,-7.744448
2020-04-15,6642.1099,-2.9276,1.5648,0.004287,-5.8552,-8.7828,-5.8675,-8.8047,1452.35422,628.946092,-10.220338,507.973874,-7.062573
2020-04-16,7116.8042,7.1467,1.5601,0.004274,14.2935,21.4402,14.2811,21.4183,1556.150203,718.844378,-12.411601,580.518253,-8.575256
2020-04-17,7096.1846,-0.2897,1.5554,0.004261,-0.5795,-0.8692,-0.5918,-0.8911,1551.641544,714.67894,-12.30372,577.082707,-8.498843
2020-04-18,7257.665,2.2756,1.5507,0.004249,4.5512,6.8268,4.5389,6.8049,1586.950632,747.205346,-13.143669,603.275686,-9.077183
2020-04-19,7189.4248,-0.9403,1.5461,0.004236,-1.8805,-2.8208,-1.8928,-2.8426,1572.02932,733.154142,-12.772919,591.856769,-8.819155
2020-04-20,6881.9585,-4.2766,1.5414,0.004223,-8.5533,-12.8299,-8.5656,-12.8518,1504.799178,670.445315,-11.134161,541.160692,-7.685739
2020-04-21,6880.3232,-0.0238,1.5367,0.00421,-0.0475,-0.0713,-0.0598,-0.0931,1504.441616,670.1267,-11.126224,540.836995,-7.678586
2020-04-22,7117.2075,3.4429,1.532,0.004197,6.8858,10.3288,6.8736,10.307,1556.238392,716.270601,-12.275426,578.011792,-8.470018
2020-04-23,7429.7246,4.391,1.5274,0.004185,8.782,13.173,8.7697,13.1513,1624.572931,779.173587,-13.892471,628.701967,-9.583934
2020-04-24,7550.9009,1.631,1.5227,0.004172,3.2619,4.8929,3.2497,4.8712,1651.06916,804.589697,-14.572215,649.132755,-10.050785
2020-04-25,7569.936,0.2521,1.518,0.004159,0.5042,0.7563,0.4919,0.7346,1655.23136,808.646297,-14.682421,652.326106,-10.124616
2020-04-26,7679.8672,1.4522,1.5134,0.004146,2.9044,4.3566,2.8922,4.335,1679.268748,832.132736,-15.322078,671.19259,-10.563514
2020-04-27,7795.6011,1.507,1.5087,0.004133,3.014,4.5209,3.0017,4.4993,1704.574954,857.212845,-16.014779,691.340045,-11.038798
2020-04-28,7807.0586,0.147,1.504,0.004121,0.2939,0.4409,0.2817,0.4193,1707.080239,859.732608,-16.085392,693.287865,-11.085085
2020-04-29,8801.0381,12.7318,1.4993,0.004108,25.4636,38.1954,25.4514,38.1738,1924.42237,1078.65157,-22.229274,869.739474,-15.316687
2020-04-30,8658.5537,-1.6189,1.4947,0.004095,-3.2379,-4.8568,-3.2501,-4.8784,1893.26694,1043.725918,-21.149632,841.472276,-14.569476
2020-05-01,8864.7666,2.3816,1.49,0.004082,4.7632,7.1448,4.7511,7.1233,1938.357155,1093.440858,-22.660737,881.451074,-15.607303
2020-05-02,8988.5967,1.3969,1.4853,0.004069,2.7938,4.1906,2.7816,4.1691,1965.433663,1123.988954,-23.610366,905.969577,-16.257991
2020-05-03,8897.4688,-1.0138,1.4807,0.004057,-2.0276,-3.0415,-2.0398,-3.0629,1945.50776,1101.198569,-22.892268,887.489854,-15.76002
2020-05-04,8912.6543,0.1707,1.476,0.004044,0.3413,0.512,0.3292,0.4906,1948.82821,1104.957459,-23.009481,890.411643,-15.837332
2020-05-05,9003.0703,1.0145,1.4713,0.004031,2.0289,3.0434,2.0168,3.022,1968.598447,1127.376336,-23.709752,908.369666,-16.315932
2020-05-06,9268.7617,2.9511,1.4666,0.004018,5.9022,8.8534,5.8901,8.832,2026.694148,1193.916793,-25.808862,961.873907,-17.756947
2020-05-07,9951.5186,7.3662,1.462,0.004005,14.7324,22.0986,14.7203,22.0773,2175.984779,1369.809728,-31.51227,1103.465023,-21.677195
2020-05-08,9842.666,-1.0938,1.4573,0.003993,-2.1877,-3.2815,-2.1997,-3.3028,2152.183239,1339.842991,-30.478199,1079.191754,-20.961232
2020-05-09,9593.8965,-2.5275,1.4526,0.00398,-5.0549,-7.5824,-5.067,-7.6037,2097.78765,1272.114977,-28.167226,1024.509283,-19.3674
2020-05-10,8756.4307,-8.7292,1.448,0.003967,-17.4583,-26.1875,-17.4704,-26.2088,1914.668575,1050.025273,-20.790946,845.52389,-14.291445
2020-05-11,8601.7959,-1.766,1.4433,0.003954,-3.5319,-5.2979,-3.5439,-5.3191,1880.856358,1012.939292,-19.689468,815.55895,-13.531262
2020-05-12,8804.4775,2.3563,1.4386,0.003941,4.7125,7.0688,4.7005,7.0476,1925.174435,1060.674486,-21.08128,853.894452,-14.484886
2020-05-13,9269.9873,5.2872,1.4339,0.003929,10.5744,15.8616,10.5624,15.8404,2026.962133,1172.834311,-24.425105,944.085997,-16.779343
2020-05-14,9733.7217,5.0025,1.4293,0.003916,10.0051,15.0076,9.9931,14.9864,2128.361627,1290.177209,-28.090728,1038.429194,-19.293963
2020-05-15,9328.1973,-4.1662,1.4246,0.003903,-8.3324,-12.4985,-8.3443,-12.5197,2039.69024,1182.674987,-24.579797,951.779067,-16.878413
2020-05-16,9377.0137,0.5233,1.4199,0.00389,1.0466,1.57,1.0347,1.5488,2050.364365,1195.053358,-24.96569,961.626834,-17.139828
2020-05-17,9670.7393,3.1324,1.4152,0.003877,6.2648,9.3972,6.2528,9.3761,2114.589981,1269.921063,-27.311766,1021.755828,-18.746871
2020-05-18,9726.5752,0.5774,1.4106,0.003865,1.1547,1.7321,1.1428,1.711,2126.798987,1284.585347,-27.784836,1033.432382,-19.067632
2020-05-19,9729.0381,0.0253,1.4059,0.003852,0.0506,0.076,0.0387,0.0549,2127.337519,1285.235893,-27.805942,1033.832408,-19.078099
2020-05-20,9522.9814,-2.118,1.4012,0.003839,-4.2359,-6.3539,-4.2478,-6.3749,2082.281469,1230.794459,-26.03919,989.916955,-17.861886
2020-05-21,9081.7617,-4.6332,1.3966,0.003826,-9.2664,-13.8996,-9.2783,-13.9207,1985.804997,1116.743876,-22.419839,898.069209,-15.375395
2020-05-22,9182.5771,1.1101,1.3919,0.003813,2.2202,3.3303,2.2083,3.3093,2007.849154,1141.537527,-23.166478,917.901073,-15.884208
2020-05-23,9209.2871,0.2909,1.3872,0.003801,0.5818,0.8726,0.5699,0.8517,2013.689516,1148.178456,-23.368636,923.131918,-16.019487
2020-05-24,8790.3682,-4.5489,1.3825,0.003788,-9.0977,-13.6466,-9.1096,-13.6676,1922.0893,1043.720054,-20.179606,839.038111,-13.830012
2020-05-25,8906.9346,1.3261,1.3779,0.003775,2.6521,3.9782,2.6403,3.9573,1947.577543,1071.400964,-20.982393,861.191085,-14.377306
2020-05-26,8835.0527,-0.807,1.3732,0.003762,-1.6141,-2.4211,-1.6259,-2.442,1931.859964,1054.107861,-20.474389,847.188902,-14.026213
2020-05-27,9181.0176,3.9158,1.3685,0.003749,7.8316,11.7475,7.8198,11.7266,2007.50814,1136.661813,-22.87961,913.437467,-15.671011
2020-05-28,9525.751,3.7548,1.3639,0.003737,7.5097,11.2645,7.4979,11.2437,2082.887051,1222.021696,-25.456895,981.925915,-17.433013
2020-05-29,9439.124,-0.9094,1.3592,0.003724,-1.8188,-2.7282,-1.8306,-2.749,2063.945326,1199.795623,-24.762381,963.950768,-16.953777
2020-05-30,9700.4141,2.7682,1.3545,0.003711,5.5363,8.3045,5.5245,8.2837,2121.078631,1266.220144,-26.818768,1017.204483,-18.358175
2020-05-31,9461.0586,-2.4675,1.3498,0.003698,-4.935,-7.4024,-4.9467,-7.4232,2068.741507,1203.732767,-24.833528,966.886083,-16.995412
2020-06-01,10167.2686,7.4644,1.3452,0.003685,14.9288,22.3932,14.917,22.3724,2223.160365,1383.435294,-30.394539,1111.116528,-20.797697
2020-06-02,9529.8037,-6.2698,1.3405,0.003673,-12.5395,-18.8093,-12.5513,-18.83,2083.773216,1209.958739,-24.677531,971.65691,-16.881482
2020-06-03,9656.7178,1.3318,1.3358,0.00366,2.6635,3.9953,2.6518,3.9746,2111.524063,1242.186219,-25.663468,997.423084,-17.552452
2020-06-04,9800.6367,1.4904,1.3311,0.003647,2.9807,4.4711,2.969,4.4504,2142.993173,1279.212077,-26.810894,1027.036296,-18.333604
2020-06-05,9665.5332,-1.3785,1.3265,0.003634,-2.757,-4.1356,-2.7688,-4.1562,2113.451632,1243.943746,-25.702116,998.600209,-17.571624
2020-06-06,9653.6797,-0.1226,1.3218,0.003621,-0.2453,-0.3679,-0.257,-0.3885,2110.85976,1240.892676,-25.607555,996.034031,-17.503354
2020-06-07,9758.8525,1.0895,1.3171,0.003609,2.1789,3.2684,2.1672,3.2478,2133.856705,1267.930702,-26.444506,1017.620346,-18.071826
2020-06-08,9771.4893,0.1295,1.3125,0.003596,0.259,0.3885,0.2473,0.3679,2136.619831,1271.214384,-26.547235,1020.136938,-18.138314
2020-06-09,9795.7002,0.2478,1.3078,0.003583,0.4955,0.7433,0.4839,0.7228,2141.91376,1277.513791,-26.744564,1025.073148,-18.269414
2020-06-10,9870.0947,0.7595,1.3031,0.00357,1.5189,2.2784,1.5073,2.2579,2158.180762,1296.918231,-27.353908,1040.523766,-18.681914
2020-06-11,9321.7812,-5.5553,1.2984,0.003557,-11.1106,-16.6659,-11.1222,-16.6864,2038.287323,1152.822807,-22.795132,924.794198,-15.564577
2020-06-12,9480.8438,1.7064,1.2938,0.003545,3.4127,5.1191,3.4011,5.0986,2073.067701,1192.165261,-23.962028,956.247183,-16.358153
2020-06-13,9475.2773,-0.0587,1.2891,0.003532,-0.1174,-0.1761,-0.129,-0.1966,2071.850559,1190.76537,-23.919822,955.013258,-16.325998
2020-06-14,9386.7881,-0.9339,1.2844,0.003519,-1.8678,-2.8017,-1.8794,-2.8221,2052.501625,1168.524344,-23.249663,937.0648,-15.865262
2020-06-15,9450.7021,0.6809,1.2798,0.003506,1.3618,2.0427,1.3502,2.0223,2066.476982,1184.437165,-23.72458,949.717043,-16.186105
2020-06-16,9538.0244,0.924,1.2751,0.003493,1.848,2.7719,1.8364,2.7516,2085.570743,1206.325007,-24.382209,967.157432,-16.631478
2020-06-17,9480.2549,-0.6057,1.2704,0.003481,-1.2114,-1.817,-1.2229,-1.8374,2072.93894,1191.712163,-23.939177,955.329919,-16.325898
2020-06-18,9411.8408,-0.7216,1.2657,0.003468,-1.4433,-2.1649,-1.4548,-2.1852,2057.97962,1174.512231,-23.420907,941.431342,-15.969136
2020-06-19,9288.0186,-1.3156,1.2611,0.003455,-2.6312,-3.9468,-2.6427,-3.9671,2030.904821,1143.608443,-22.49653,916.551769,-15.335627
2020-06-20,9332.3408,0.4772,1.2564,0.003442,0.9544,1.4316,0.9429,1.4113,2040.596264,1154.523003,-22.818589,925.19368,-15.552065
2020-06-21,9303.6299,-0.3076,1.2517,0.003429,-0.6153,-0.9229,-0.6268,-0.9432,2034.318371,1147.419225,-22.607985,919.394461,-15.405382
2020-06-22,9648.7178,3.7092,1.247,0.003417,7.4183,11.1275,7.4069,11.1073,2109.774795,1232.538793,-25.123694,987.492637,-17.116507
2020-06-23,9629.6582,-0.1975,1.2424,0.003404,-0.3951,-0.5926,-0.4066,-0.6128,2105.607256,1227.669409,-24.97481,983.477931,-17.01162
2020-06-24,9313.6104,-3.282,1.2377,0.003391,-6.5641,-9.8461,-6.5755,-9.8662,2036.500686,1147.084559,-22.515771,918.8091,-15.333215
2020-06-25,9264.8135,-0.5239,1.233,0.003378,-1.0479,-1.5718,-1.0593,-1.5919,2025.830831,1135.0647,-22.16187,909.075953,-15.089122
2020-06-26,9162.918,-1.0998,1.2284,0.003365,-2.1996,-3.2994,-2.2111,-3.3195,2003.550506,1110.09755,-21.430653,888.975637,-14.588234
2020-06-27,9045.3906,-1.2826,1.2237,0.003353,-2.5653,-3.8479,-2.5767,-3.868,1977.852145,1081.620417,-20.606018,866.069253,-14.023961
2020-06-28,9143.582,1.0855,1.219,0.00334,2.1711,3.2566,2.1597,3.2366,1999.322537,1105.103279,-21.277079,884.773401,-14.477857
2020-06-29,9190.8545,0.517,1.2143,0.003327,1.034,1.551,1.0226,1.531,2009.659066,1116.530081,-21.607087,893.82104,-14.69951
2020-06-30,9137.9932,-0.5752,1.2097,0.003314,-1.1503,-1.7255,-1.1617,-1.7455,1998.100484,1103.686604,-21.234267,883.437529,-14.442937
2020-07-01,9228.3252,0.9885,1.205,0.003301,1.9771,2.9656,1.9657,2.9456,2017.852356,1125.507206,-21.86399,900.803096,-14.868372
2020-07-02,9123.4102,-1.1369,1.2003,0.003289,-2.2738,-3.4106,-2.2851,-3.4306,1994.911784,1099.91586,-21.118287,880.218556,-14.358299
2020-07-03,9087.3037,-0.3958,1.1957,0.003276,-0.7915,-1.1873,-0.8029,-1.2072,1987.016801,1091.209893,-20.867557,873.151546,-14.184967
2020-07-04,9132.4883,0.4972,1.191,0.003263,0.9945,1.4917,0.9831,1.4718,1996.896794,1102.061484,-21.178834,881.735584,-14.39374
2020-07-05,9073.9424,-0.6411,1.1863,0.00325,-1.2821,-1.9232,-1.2935,-1.9431,1984.095232,1087.931451,-20.771519,870.330528,-14.114057
2020-07-06,9375.4746,3.3231,1.1816,0.003237,6.6461,9.9692,6.6348,9.9493,2050.027836,1160.236603,-22.842267,928.07516,-15.51831
2020-07-07,9252.2773,-1.314,1.177,0.003225,-2.6281,-3.9421,-2.6394,-3.9619,2023.089699,1129.744712,-21.941799,903.579711,-14.903485
2020-07-08,9428.333,1.9028,1.1723,0.003212,3.8057,5.7085,3.7944,5.6887,2061.585778,1172.73909,-23.194348,937.864941,-15.751302
2020-07-09,9277.9678,-1.5948,1.1676,0.003199,-3.1896,-4.7845,-3.2009,-4.8042,2028.707131,1135.332862,-22.084622,907.844565,-14.994572
2020-07-10,9278.8076,0.0091,1.163,0.003186,0.0181,0.0272,0.0068,0.0074,2028.89077,1135.538403,-22.090619,907.906623,-14.995683
2020-07-11,9240.3467,-0.4145,1.1583,0.003173,-0.829,-1.2435,-0.8403,-1.2632,2020.480957,1126.124721,-21.81592,900.277832,-14.806254
2020-07-12,9276.5,0.3913,1.1536,0.003161,0.7825,1.1738,0.7713,1.1541,2028.38619,1134.93676,-22.071988,907.22138,-14.977129
2020-07-13,9243.6143,-0.3545,1.1489,0.003148,-0.709,-1.0635,-0.7202,-1.0832,2021.195441,1126.889924,-21.837248,900.687193,-14.8149
2020-07-14,9243.2139,-0.0043,1.1443,0.003135,-0.0087,-0.013,-0.0199,-0.0326,2021.107892,1126.7923,-21.834411,900.508134,-14.810065
2020-07-15,9192.8369,-0.545,1.1396,0.003122,-1.09,-1.635,-1.1012,-1.6547,2010.09254,1114.509914,-21.477408,890.591419,-14.565008
2020-07-16,9132.2275,-0.6593,1.1349,0.003109,-1.3186,-1.9779,-1.3298,-1.9975,1996.83978,1099.813743,-21.052599,878.748216,-14.274069
2020-07-17,9151.3926,0.2099,1.1302,0.003097,0.4197,0.6296,0.4085,0.61,2001.03038,1104.429917,-21.185143,882.338293,-14.361144
2020-07-18,9159.04,0.0836,1.1256,0.003084,0.1671,0.2507,0.156,0.2312,2002.702563,1106.275775,-21.238254,883.714442,-14.394342
2020-07-19,9185.8174,0.2924,1.1209,0.003071,0.5847,0.8771,0.5736,0.8576,2008.557659,1112.744384,-21.42453,888.783131,-14.517783
2020-07-20,9164.2314,-0.235,1.1162,0.003058,-0.47,-0.705,-0.4811,-0.7245,2003.837709,1107.514663,-21.273493,884.506978,-14.412607
2020-07-21,9374.8877,2.2987,1.1116,0.003045,4.5974,6.896,4.5862,6.8766,2049.899502,1158.431074,-22.74052,925.072504,-15.403701
2020-07-22,9525.3633,1.6051,1.1069,0.003033,3.2102,4.8153,3.1991,4.7958,2082.802278,1195.618846,-23.835539,954.666216,-16.142438
2020-07-23,9581.0723,0.5848,1.1022,0.00302,1.1697,1.7545,1.1586,1.7351,2094.983525,1209.603974,-24.253745,965.72694,-16.422531
2020-07-24,9536.8926,-0.4611,1.0975,0.003007,-0.9222,-1.3833,-0.9333,-1.4027,2085.323258,1198.448662,-23.918233,956.71364,-16.192168
2020-07-25,9677.1133,1.4703,1.0929,0.002994,2.9406,4.4109,2.9295,4.3915,2115.983716,1233.690186,-24.97324,984.740747,-16.903253
2020-07-26,9905.167,2.3566,1.0882,0.002981,4.7133,7.0699,4.7022,7.0506,2165.849613,1291.837201,-26.73882,1031.045182,-18.095026
2020-07-27,10990.873,10.961,1.0835,0.002969,21.922,32.883,21.911,32.8637,2403.248542,1575.033935,-35.531352,1256.957115,-24.041724
2020-07-28,10912.8232,-0.7101,1.0789,0.002956,-1.4203,-2.1304,-1.4313,-2.1497,2386.182284,1552.664267,-34.774393,1238.966241,-23.524904
2020-07-29,11100.4678,1.7195,1.0742,0.002943,3.439,5.1585,3.4279,5.1392,2427.212368,1606.059974,-36.568216,1281.437359,-24.733896
2020-07-30,11111.2139,0.0968,1.0695,0.00293,0.1936,0.2904,0.1826,0.2712,2429.562094,1609.16955,-36.674418,1283.7773,-24.800973
2020-07-31,11323.4668,1.9103,1.0648,0.002917,3.8205,5.7308,3.8095,5.7116,2475.973015,1670.648152,-38.776147,1332.683025,-26.217498
2020-08-01,11759.5928,3.8515,1.0602,0.002905,7.703,11.5546,7.6921,11.5354,2571.335696,1799.338962,-43.256564,1435.193805,-29.241789
2020-08-02,11053.6143,-6.0034,1.0555,0.002892,-12.0069,-18.0103,-12.0178,-18.0294,2416.967446,1583.294976,-35.465936,1262.714695,-23.96966
2020-08-03,11246.3486,1.7436,1.0508,0.002879,3.4873,5.2309,3.4763,5.2118,2459.110468,1638.508657,-37.321123,1306.610486,-25.218904
2020-08-04,11205.8926,-0.3597,1.0461,0.002866,-0.7195,-1.0792,-0.7304,-1.0983,2450.264405,1626.72037,-36.918361,1297.066996,-24.941929
2020-08-05,11747.0225,4.829,1.0415,0.002853,9.658,14.4869,9.647,14.4679,2568.587089,1783.828248,-42.266698,1422.195267,-28.550491
2020-08-06,11779.7734,0.2788,1.0368,0.002841,0.5576,0.8364,0.5467,0.8174,2575.748371,1793.774959,-42.620219,1429.970152,-28.78385
2020-08-07,11601.4727,-1.5136,1.0321,0.002828,-3.0272,-4.5409,-3.0381,-4.5599,2536.761378,1739.473154,-40.684897,1386.525569,-27.471341
2020-08-08,11754.0459,1.3151,1.0275,0.002815,2.6302,3.9454,2.6193,3.9264,2570.122824,1785.225459,-42.290062,1422.843417,-28.549965
2020-08-09,11675.7393,-0.6662,1.0228,0.002802,-1.3324,-1.9986,-1.3433,-2.0176,2553.000406,1761.438755,-41.44484,1403.730297,-27.973939
2020-08-10,11878.1113,1.7333,1.0181,0.002789,3.4665,5.1998,3.4557,5.1809,2597.250793,1822.499729,-43.599893,1452.238558,-29.42323
2020-08-11,11410.5254,-3.9365,1.0134,0.002777,-7.8731,-11.8096,-7.8839,-11.8285,2495.009122,1679.013072,-38.450919,1337.745122,-25.942896
2020-08-12,11584.9346,1.5285,1.0088,0.002764,3.057,4.5855,3.0461,4.5666,2533.145183,1730.340295,-40.214079,1378.494735,-27.1276
2020-08-13,11784.1377,1.7195,1.0041,0.002751,3.439,5.1585,3.4282,5.1396,2576.702653,1789.84675,-42.288524,1425.751877,-28.521859
2020-08-14,11768.8711,-0.1296,0.9994,0.002738,-0.2591,-0.3887,-0.2699,-0.4075,2573.36448,1785.209181,-42.124167,1421.903421,-28.405632
2020-08-15,11865.6982,0.8227,0.9948,0.002725,1.6455,2.4682,1.6347,2.4494,2594.536565,1814.584422,-43.163883,1445.14687,-29.101398
2020-08-16,11892.8037,0.2284,0.9901,0.002713,0.4569,0.6853,0.4461,0.6665,2600.463408,1822.874733,-43.459688,1451.593327,-29.295363
2020-08-17,12254.4023,3.0405,0.9854,0.0027,6.081,9.1214,6.0702,9.1027,2679.530047,1933.723113,-47.423841,1539.707704,-31.962025
2020-08-18,11991.2334,-2.1475,0.9807,0.002687,-4.2951,-6.4426,-4.3059,-6.4614,2621.985903,1850.66792,-44.368494,1473.410024,-29.896837
2020-08-19,11758.2832,-1.9427,0.9761,0.002674,-3.8853,-5.828,-3.8961,-5.8467,2571.049347,1778.763148,-41.782693,1416.004525,-28.148849
2020-08-20,11878.3721,1.0213,0.9714,0.002661,2.0426,3.0639,2.0319,3.0452,2597.307806,1815.096624,-43.062889,1444.77607,-29.006051
2020-08-21,11592.4893,-2.4068,0.9667,0.002649,-4.8135,-7.2203,-4.8242,-7.2389,2534.797081,1727.72692,-39.95364,1375.076716,-26.906326
2020-08-22,11681.8252,0.7706,0.962,0.002636,1.5413,2.3119,1.5306,2.2933,2554.331149,1754.355904,-40.877332,1396.123019,-27.52336
2020-08-23,11664.8477,-0.1453,0.9574,0.002623,-0.2907,-0.436,-0.3014,-0.4546,2550.618864,1749.25659,-40.699107,1391.915509,-27.398235
2020-08-24,11774.5957,0.9408,0.9527,0.00261,1.8817,2.8225,1.871,2.8039,2574.616215,1782.17215,-41.847853,1417.958194,-28.166466
2020-08-25,11366.1348,-3.469,0.948,0.002597,-6.938,-10.407,-6.9487,-10.4256,2485.302732,1658.524981,-37.492744,1319.428772,-25.229951
2020-08-26,11488.3633,1.0754,0.9434,0.002585,2.1507,3.2261,2.1401,3.2076,2512.029044,1694.195691,-38.702306,1347.665633,-26.039223
2020-08-27,11323.3975,-1.4359,0.9387,0.002572,-2.8719,-4.3078,-2.8825,-4.3263,2475.957854,1645.540478,-37.035083,1308.818757,-24.912681
2020-08-28,11542.5,1.935,0.934,0.002559,3.8699,5.8049,3.8593,5.7864,2523.866501,1709.221383,-39.184918,1359.329567,-26.354222
2020-08-29,11506.8652,-0.3087,0.9293,0.002546,-0.6175,-0.9262,-0.6281,-0.9446,2516.074654,1698.667741,-38.821995,1350.791869,-26.105269
2020-08-30,11711.5059,1.7784,0.9247,0.002533,3.5568,5.3353,3.5462,5.3168,2560.82108,1759.086703,-40.893252,1398.694036,-27.493242
2020-08-31,11680.8203,-0.262,0.92,0.002521,-0.524,-0.786,-0.5346,-0.8044,2554.111422,1749.868668,-40.571816,1391.216244,-27.272073
2020-09-01,11970.4785,2.4798,0.9153,0.002508,4.9596,7.4393,4.949,7.4209,2617.44767,1836.654322,-43.590087,1460.067014,-29.295918
2020-09-02,11414.0342,-4.6485,0.9107,0.002495,-9.2969,-13.9454,-9.3075,-13.9638,2495.776349,1665.9016,-37.511268,1324.17097,-25.205102
2020-09-03,10245.2969,-10.2395,0.906,0.002482,-20.479,-30.7184,-20.4895,-30.7368,2240.221926,1324.742407,-25.988396,1052.854739,-17.45787
2020-09-04,10511.8135,2.6014,0.9013,0.002469,5.2027,7.8041,5.1922,7.7858,2298.498064,1393.664928,-28.016548,1107.520638,-18.817097
2020-09-05,10169.5674,-3.2558,0.8966,0.002457,-6.5116,-9.7675,-6.5222,-9.7858,2223.663023,1302.914387,-25.28004,1035.286085,-16.975702
2020-09-06,10280.3516,1.0894,0.892,0.002444,2.1787,3.2681,2.1682,3.2499,2247.886933,1331.301495,-26.106219,1057.733296,-17.527388
2020-09-07,10369.5635,0.8678,0.8873,0.002431,1.7356,2.6034,1.7251,2.5851,2267.393883,1354.407311,-26.785861,1075.979913,-17.980495
2020-09-08,10131.5166,-2.2956,0.8826,0.002418,-4.5913,-6.8869,-4.6018,-6.9051,2215.342894,1292.222932,-24.941148,1026.465882,-16.738924
2020-09-09,10242.3477,1.0939,0.878,0.002405,2.1878,3.2818,2.1774,3.2636,2239.577054,1320.494797,-25.759659,1048.815737,-17.285214
2020-09-10,10363.1387,1.1793,0.8733,0.002393,2.3587,3.538,2.3482,3.5198,2265.989044,1351.640763,-26.671033,1073.443861,-17.893625
2020-09-11,10400.915,0.3645,0.8686,0.00238,0.7291,1.0936,0.7186,1.0754,2274.24917,1361.494935,-26.962702,1081.157529,-18.086062
2020-09-12,10442.1709,0.3967,0.8639,0.002367,0.7933,1.19,0.7829,1.1719,2283.270117,1372.29584,-27.283549,1089.621511,-18.298006
2020-09-13,10323.7559,-1.134,0.8593,0.002354,-2.268,-3.402,-2.2785,-3.4201,2257.377655,1341.171954,-26.355356,1064.795007,-17.672195
2020-09-14,10680.8379,3.4588,0.8546,0.002341,6.9177,10.3765,6.9073,10.3585,2335.4567,1433.949895,-29.090124,1138.343095,-19.502763
2020-09-15,10796.9512,1.0871,0.8499,0.002329,2.1742,3.2614,2.1638,3.2433,2360.845863,1465.127342,-30.038856,1162.974844,-20.135301
2020-09-16,10974.9053,1.6482,0.8452,0.002316,3.2964,4.9446,3.286,4.9266,2399.757052,1513.423461,-31.524146,1201.189952,-21.12728
2020-09-17,10948.9902,-0.2361,0.8406,0.002303,-0.4723,-0.7084,-0.4826,-0.7264,2394.090507,1506.276169,-31.300833,1195.392468,-20.973819
2020-09-18,10944.5859,-0.0402,0.8359,0.00229,-0.0805,-0.1207,-0.0908,-0.1386,2393.127469,1505.064351,-31.26306,1194.306771,-20.944743
2020-09-19,11094.3467,1.3684,0.8312,0.002277,2.7367,4.1051,2.7263,4.0871,2425.873939,1546.253585,-32.546428,1226.867749,-21.800784
2020-09-20,10938.2715,-1.4068,0.8266,0.002265,-2.8136,-4.2204,-2.8239,-4.2383,2391.74676,1502.748215,-31.172839,1192.221673,-20.876802
2020-09-21,10462.2598,-4.3518,0.8219,0.002252,-8.7036,-13.0554,-8.7139,-13.0733,2287.66272,1371.955016,-27.1031,1088.33226,-18.147521
2020-09-22,10538.46,0.7283,0.8172,0.002239,1.4567,2.185,1.4463,2.1672,2304.324546,1391.939845,-27.695304,1104.07332,-18.540805
2020-09-23,10246.1865,-2.7734,0.8125,0.002226,-5.5468,-8.3202,-5.5571,-8.338,2240.416455,1314.731782,-25.391001,1042.718813,-16.99487
2020-09-24,10760.0664,5.0153,0.8079,0.002213,10.0307,15.046,10.0204,15.0282,2352.780693,1446.60801,-29.211327,1147.203002,-19.548891
2020-09-25,10692.7168,-0.6259,0.8032,0.002201,-1.2518,-1.8778,-1.2621,-1.8955,2338.054124,1428.498738,-28.662806,1132.723849,-19.178335
2020-09-26,10750.7236,0.5425,0.7985,0.002188,1.085,1.6275,1.0747,1.6097,2350.737816,1443.997641,-29.129284,1144.897328,-19.487053
2020-09-27,10775.2695,0.2283,0.7939,0.002175,0.4566,0.685,0.4464,0.6672,2356.104987,1450.591471,-29.328807,1150.007921,-19.617077
2020-09-28,10709.6523,-0.609,0.7892,0.002162,-1.2179,-1.8269,-1.2282,-1.8446,2341.757227,1432.924398,-28.793004,1135.883911,-19.255225
2020-09-29,10844.6406,1.2604,0.7845,0.002149,2.5209,3.7813,2.5106,3.7636,2371.273571,1469.04658,-29.881756,1164.401866,-19.979922
2020-09-30,10784.4912,-0.5546,0.7798,0.002137,-1.1093,-1.6639,-1.1195,-1.6816,2358.121386,1452.75055,-29.384542,1151.366251,-19.643943
2020-10-01,10619.4521,-1.5303,0.7752,0.002124,-3.0607,-4.591,-3.0709,-4.6086,2322.034181,1408.286591,-28.035494,1116.009176,-18.738627
2020-10-02,10575.9746,-0.4094,0.7705,0.002111,-0.8188,-1.2282,-0.829,-1.2458,2312.527445,1396.755142,-27.69115,1106.757221,-18.505175
2020-10-03,10549.3291,-0.2519,0.7658,0.002098,-0.5039,-0.7558,-0.5141,-0.7734,2306.701176,1389.717067,-27.481852,1101.067738,-18.362056
2020-10-04,10669.583,1.1399,0.7611,0.002085,2.2798,3.4198,2.2697,3.4022,2332.995723,1421.400391,-28.421665,1126.058368,-18.986774
2020-10-05,10793.3398,1.1599,0.7565,0.002073,2.3198,3.4797,2.3097,3.4622,2360.056215,1454.374129,-29.410657,1152.066394,-19.644133
2020-10-06,10604.4062,-1.7505,0.7518,0.00206,-3.5009,-5.2514,-3.5111,-5.2689,2318.744267,1403.45752,-27.866187,1111.616523,-18.609106
2020-10-07,10668.9688,0.6088,0.7471,0.002047,1.2177,1.8265,1.2075,1.809,2332.86141,1420.54678,-28.375158,1125.039572,-18.945748
2020-10-08,10915.6855,2.3125,0.7425,0.002034,4.6249,6.9374,4.6148,6.92,2386.808151,1486.246241,-30.34366,1176.958184,-20.256789
2020-10-09,11064.458,1.3629,0.7378,0.002021,2.7258,4.0888,2.7157,4.0714,2419.338524,1526.759045,-31.584343,1208.921353,-21.081516
2020-10-10,11296.3613,2.0959,0.7331,0.002009,4.1919,6.2878,4.1818,6.2704,2470.046172,1590.758653,-33.5703,1259.47566,-22.403412
2020-10-11,11384.1816,0.7774,0.7284,0.001996,1.5548,2.3323,1.5448,2.3149,2489.248836,1615.492445,-34.353248,1278.931594,-22.922029
2020-10-12,11555.3633,1.5037,0.7238,0.001983,3.0074,4.511,2.9973,4.4937,2526.679168,1664.076112,-35.902936,1317.26494,-23.952077
2020-10-13,11425.8994,-1.1204,0.7191,0.00197,-2.2408,-3.3611,-2.2508,-3.3784,2498.370784,1626.788193,-34.696189,1287.615804,-23.142869
2020-10-14,11429.5068,0.0316,0.7144,0.001957,0.0631,0.0947,0.0531,0.0774,2499.159578,1627.815422,-34.729053,1288.299594,-23.160789
2020-10-15,11495.3496,0.5761,0.7098,0.001945,1.1522,1.7282,1.1421,1.711,2513.556664,1646.570367,-35.329251,1303.013618,-23.557064
2020-10-16,11322.123,-1.5069,0.7051,0.001932,-3.0139,-4.5208,-3.0239,-4.538,2475.679192,1596.945129,-33.732093,1263.612199,-22.48804
2020-10-17,11358.1016,0.3178,0.7004,0.001919,0.6355,0.9533,0.6255,0.9361,2483.546203,1607.094412,-34.053666,1271.516631,-22.698553
2020-10-18,11483.3594,1.1028,0.6957,0.001906,2.2056,3.3084,2.1956,3.2912,2510.934897,1642.540676,-35.180303,1299.434348,-23.445616
2020-10-19,11742.0371,2.2526,0.6911,0.001893,4.5053,6.7579,4.4953,6.7407,2567.496999,1716.541443,-37.557751,1357.847649,-25.026023
2020-10-20,11916.335,1.4844,0.6864,0.001881,2.9688,4.4532,2.9588,4.436,2605.608718,1767.501848,-39.230263,1398.023933,-26.136189
2020-10-21,12823.6895,7.6144,0.6817,0.001868,15.2288,22.8431,15.2188,22.826,2804.00955,2036.670304,-48.191682,1610.786414,-32.10204
2020-10-22,12965.8916,1.1089,0.677,0.001855,2.2178,3.3267,2.2079,3.3096,2835.103268,2081.83966,-49.794878,1646.350434,-33.164498
2020-10-23,12931.5391,-0.2649,0.6724,0.001842,-0.5299,-0.7948,-0.5398,-0.8119,2827.591791,2070.808181,-49.39909,1637.463184,-32.895239
2020-10-24,13108.0625,1.3651,0.6677,0.001829,2.7301,4.0952,2.7202,4.0782,2866.190153,2127.343784,-51.422074,1682.00564,-34.236758
2020-10-25,13031.1738,-0.5866,0.663,0.001817,-1.1732,-1.7597,-1.183,-1.7767,2849.377786,2102.386833,-50.517186,1662.106679,-33.628463
2020-10-26,13075.248,0.3382,0.6584,0.001804,0.6764,1.0147,0.6666,0.9977,2859.014991,2116.608277,-51.029766,1673.185566,-33.96397
2020-10-27,13654.2188,4.428,0.6537,0.001791,8.856,13.284,8.8461,13.267,2985.611895,2304.054692,-57.808545,1821.197356,-38.469976
2020-10-28,13271.2852,-2.8045,0.649,0.001778,-5.609,-8.4135,-5.6189,-8.4304,2901.880185,2174.819917,-52.94481,1718.866546,-35.226785
2020-10-29,13437.8828,1.2553,0.6443,0.001765,2.5106,3.766,2.5008,3.7491,2938.308189,2229.421999,-54.938697,1761.851977,-36.547462
2020-10-30,13546.5225,0.8085,0.6397,0.001753,1.6169,2.4254,1.6071,2.4085,2962.063179,2265.469883,-56.271166,1790.166372,-37.427708
2020-10-31,13780.9951,1.7309,0.635,0.00174,3.4617,5.1926,3.4519,5.1758,3013.332634,2343.894548,-59.193108,1851.961439,-39.364876
2020-11-01,13737.1094,-0.3185,0.6303,0.001727,-0.6369,-0.9554,-0.6467,-0.9722,3003.736641,2328.966228,-58.627604,1839.984592,-38.982179
2020-11-02,13550.4893,-1.3585,0.6257,0.001714,-2.717,-4.0755,-2.7268,-4.0923,2962.930553,2265.687712,-56.238217,1789.811562,-37.3869
2020-11-03,13950.3008,2.9505,0.621,0.001701,5.9011,8.8516,5.8913,8.8348,3050.352768,2399.387394,-61.216197,1895.254381,-40.689966
2020-11-04,14133.707,1.3147,0.6163,0.001689,2.6294,3.9441,2.6197,3.9274,3090.456115,2462.477452,-63.630647,1944.903467,-42.288019
2020-11-05,15579.8486,10.2319,0.6116,0.001676,20.4637,30.6956,20.454,30.6789,3406.667365,2966.392112,-83.162449,2342.713419,-55.261505
2020-11-06,15565.8809,-0.0897,0.607,0.001663,-0.1793,-0.269,-0.1891,-0.2857,3403.613191,2961.073204,-82.938777,2338.284501,-55.103649
2020-11-07,14833.7539,-4.7034,0.6023,0.00165,-9.4068,-14.1102,-9.4165,-14.1269,3243.527361,2682.530471,-71.235928,2118.098791,-47.319214
2020-11-08,15479.5674,4.3537,0.5976,0.001637,8.7074,13.061,8.6976,13.0444,3384.74001,2916.107802,-80.540071,2302.323209,-53.491713
2020-11-09,15332.3154,-0.9513,0.593,0.001625,-1.9025,-2.8538,-1.9122,-2.8704,3352.542109,2860.627884,-78.241619,2258.297266,-51.956276
2020-11-10,15290.9023,-0.2701,0.5883,0.001612,-0.5402,-0.8103,-0.5499,-0.8269,3343.486783,2845.174585,-77.60762,2245.878879,-51.526648
2020-11-11,15701.3398,2.6842,0.5836,0.001599,5.3684,8.0526,5.3587,8.036,3433.232459,2997.914602,-83.857037,2366.22895,-55.667337
2020-11-12,16276.3438,3.6621,0.5789,0.001586,7.3243,10.9864,7.3146,10.9699,3558.961988,3217.489826,-93.069905,2539.309066,-61.773964
2020-11-13,16317.8086,0.2548,0.5743,0.001573,0.5095,0.7643,0.4999,0.7477,3568.028632,3233.883276,-93.781207,2552.00193,-62.235879
2020-11-14,16068.1387,-1.53,0.5696,0.001561,-3.0601,-4.5901,-3.0697,-4.6066,3513.436165,3134.923494,-89.476521,2473.662258,-59.368903
2020-11-15,15955.5879,-0.7005,0.5649,0.001548,-1.4009,-2.1014,-1.4105,-2.1178,3488.825972,3091.005764,-87.596281,2438.770049,-58.111563
2020-11-16,16716.1113,4.7665,0.5602,0.001535,9.533,14.2995,9.5234,14.2831,3655.120937,3385.671476,-100.122116,2671.023563,-66.411676
2020-11-17,17645.4062,5.5593,0.5556,0.001522,11.1186,16.6778,11.1089,16.6614,3858.319232,3762.109183,-116.820314,2967.746223,-77.476802
2020-11-18,17804.0059,0.8988,0.5509,0.001509,1.7976,2.6964,1.788,2.6801,3892.998395,3829.738008,-119.97031,3020.810685,-79.553225
2020-11-19,17817.0898,0.0735,0.5462,0.001497,0.147,0.2205,0.1374,0.2041,3895.85932,3835.36688,-120.234805,3024.961257,-79.715596
2020-11-20,18621.3145,4.5138,0.5416,0.001484,9.0276,13.5413,9.018,13.525,4071.70992,4181.607086,-136.516216,3297.75221,-90.497138
2020-11-21,18642.2324,0.1123,0.5369,0.001471,0.2247,0.337,0.2151,0.3207,4076.283813,4191.001775,-136.976277,3304.846131,-90.787352
2020-11-22,18370.002,-1.4603,0.5322,0.001458,-2.9206,-4.3809,-2.9301,-4.3972,4016.758289,4068.600299,-130.975528,3208.01023,-86.795293
2020-11-23,18364.1211,-0.032,0.5275,0.001445,-0.064,-0.096,-0.0736,-0.1123,4015.472389,4065.995306,-130.849739,3205.650601,-86.697821
2020-11-24,19107.4648,4.0478,0.5229,0.001433,8.0956,12.1434,8.0861,12.1272,4178.010868,4395.162401,-146.739365,3464.862542,-97.211822
2020-11-25,18732.1211,-1.9644,0.5182,0.00142,-3.9288,-5.8931,-3.9383,-5.9094,4095.938741,4222.486774,-138.091796,3328.406987,-91.467227
2020-11-26,17150.623,-8.4427,0.5135,0.001407,-16.8854,-25.3281,-16.8949,-25.3443,3750.130646,3509.502424,-103.11574,2766.07587,-68.285495
2020-11-27,17108.4023,-0.2462,0.5089,0.001394,-0.4924,-0.7385,-0.5018,-0.7547,3740.898728,3492.223325,-102.354202,2752.194923,-67.770154
2020-11-28,17717.4141,3.5597,0.5042,0.001381,7.1194,10.6792,7.11,10.663,3874.064357,3740.850273,-113.28478,2947.875496,-74.99651
2020-11-29,18177.4844,2.5967,0.4995,0.001369,5.1934,7.7901,5.184,7.774,3974.662672,3935.128529,-122.10982,3100.692606,-80.826762
2020-11-30,19625.8359,7.9678,0.4948,0.001356,15.9357,23.9035,15.9262,23.8874,4291.357148,4562.217453,-151.298339,3594.515971,-100.134188
2020-12-01,18802.998,-4.1926,0.4902,0.001343,-8.3853,-12.5779,-8.3947,-12.5939,4111.436594,4179.664027,-132.268218,3292.767965,-87.523355
2020-12-02,19201.0918,2.1172,0.4855,0.00133,4.2344,6.3515,4.225,6.3355,4198.483203,4356.646242,-140.669296,3431.885842,-93.068412
2020-12-03,19445.3984,1.2724,0.4808,0.001317,2.5447,3.8171,2.5353,3.8011,4251.902943,4467.510522,-146.038748,3518.895014,-96.606007
2020-12-04,18699.7656,-3.8345,0.4761,0.001305,-7.669,-11.5035,-7.6784,-11.5195,4088.863941,4124.897596,-129.239203,3248.701006,-85.477513
2020-12-05,19154.2305,2.4303,0.4715,0.001292,4.8606,7.291,4.8513,7.275,4188.236572,4325.394327,-138.661996,3406.304379,-91.696018
2020-12-06,19345.1211,0.9966,0.4668,0.001279,1.9932,2.9898,1.9838,2.9739,4229.976443,4411.60789,-142.807703,3473.879815,-94.422934
2020-12-07,19191.6309,-0.7934,0.4621,0.001266,-1.5869,-2.3803,-1.5962,-2.3962,4196.414488,4341.601739,-139.40846,3418.429371,-92.160376
2020-12-08,18321.1445,-4.5358,0.4575,0.001253,-9.0715,-13.6073,-9.0809,-13.6232,4006.075196,3947.752464,-120.43876,3108.006735,-79.605223
2020-12-09,18553.916,1.2705,0.4528,0.001241,2.541,3.8115,2.5317,3.7957,4056.972675,4048.065432,-125.02931,3186.691892,-82.626776
2020-12-10,18264.9922,-1.5572,0.4481,0.001228,-3.1144,-4.6716,-3.1237,-4.6875,3993.797005,3921.991502,-119.188395,3087.148109,-78.753677
2020-12-11,18058.9043,-1.1283,0.4434,0.001215,-2.2566,-3.385,-2.2659,-3.4008,3948.734122,3833.486131,-115.153909,3017.195163,-76.07545
2020-12-12,18803.6562,4.124,0.4388,0.001202,8.248,12.372,8.2387,12.3563,4111.580516,4149.67323,-129.400803,3265.77421,-85.475539
2020-12-13,19142.3828,1.8014,0.4341,0.001189,3.6028,5.4042,3.5935,5.3884,4185.645981,4299.176553,-136.39383,3383.129868,-90.081313
2020-12-14,19246.6445,0.5447,0.4294,0.001177,1.0893,1.634,1.0801,1.6183,4208.443699,4346.00871,-138.622495,3419.670033,-91.539071
2020-12-15,19417.0762,0.8855,0.4248,0.001164,1.771,2.6565,1.7618,2.6408,4245.710037,4422.9777,-142.305058,3479.917135,-93.956475
2020-12-16,21310.5977,9.7518,0.4201,0.001151,19.5037,29.2555,19.4944,29.2398,4659.74473,5285.62079,-183.937127,4158.307476,-121.429195
2020-12-17,22805.1621,7.0132,0.4154,0.001138,14.0265,21.0397,14.0173,21.0241,4986.54405,6027.007876,-222.637012,4741.188661,-146.958577
2020-12-18,23137.9609,1.4593,0.4107,0.001125,2.9186,4.3779,2.9094,4.3623,5059.313365,6202.913765,-232.383929,4879.129737,-153.369381
2020-12-19,23869.832,3.1631,0.4061,0.001113,6.3262,9.4892,6.317,9.4736,5219.343249,6595.319414,-254.435364,5187.342196,-167.89903
2020-12-20,23477.2949,-1.6445,0.4014,0.0011,-3.289,-4.9335,-3.2982,-4.949,5133.511647,6378.400617,-241.882868,5016.255205,-159.589639
2020-12-21,22803.082,-2.8718,0.3967,0.001087,-5.7435,-8.6153,-5.7527,-8.6308,4986.089223,6012.055182,-221.04394,4727.685072,-145.815711
2020-12-22,23783.0293,4.2974,0.392,0.001074,8.5949,12.8923,8.5857,12.8768,5200.363087,6528.783318,-249.541589,5133.590427,-164.592083
2020-12-23,23241.3457,-2.2776,0.3874,0.001061,-4.5552,-6.8328,-4.5644,-6.8483,5081.919329,6231.383456,-232.49087,4899.275156,-153.320308
2020-12-24,23735.9492,2.1281,0.3827,0.001049,4.2562,6.3844,4.2471,6.3689,5190.068625,6496.605978,-247.333917,5107.352639,-163.085111
2020-12-25,24664.791,3.9132,0.378,0.001036,7.8265,11.7397,7.8173,11.7242,5393.167841,7005.059979,-276.370137,5506.611656,-182.205605
2020-12-26,26437.0371,7.1853,0.3734,0.001023,14.3707,21.556,14.3616,21.5406,5780.684631,8011.733028,-335.944439,6297.446474,-221.453726
2020-12-27,26272.2949,-0.6231,0.3687,0.00101,-1.2463,-1.8694,-1.2554,-1.8848,5744.66234,7911.882926,-329.664133,6218.388916,-217.279683
2020-12-28,27084.8086,3.0927,0.364,0.000997,6.1853,9.278,6.1762,9.2626,5922.325415,8401.258754,-360.25034,6602.452004,-237.405487
2020-12-29,27362.4375,1.025,0.3593,0.000985,2.0501,3.0751,2.041,3.0598,5983.031353,8573.490526,-371.328422,6737.208335,-244.669544
2020-12-30,28840.9531,5.4034,0.3547,0.000972,10.8069,16.2103,10.7978,16.195,6306.32146,9500.019071,-431.522058,7464.681721,-284.293866
2020-12-31,29001.7207,0.5574,0.35,0.000959,1.1149,1.6723,1.1058,1.657,6341.474668,9605.930623,-438.738334,7547.227299,-289.004606
2021-01-01,29374.1523,1.2842,0.3492,0.000957,2.5683,3.8525,2.5593,3.8372,6422.910037,9852.643743,-455.640783,7740.383702,-300.094375
2021-01-02,32127.2676,9.3726,0.3484,0.000954,18.7452,28.1177,18.7361,28.1025,7024.902267,11699.537112,-583.756642,9190.631179,-384.42826
2021-01-03,32782.0234,2.038,0.3475,0.000952,4.076,6.114,4.067,6.0987,7168.070244,12176.411808,-619.44764,9564.412221,-407.873563
2021-01-04,31971.9141,-2.4712,0.3467,0.00095,-4.9424,-7.4136,-4.9514,-7.4289,6990.93289,11574.604822,-573.524269,9090.836838,-377.573167
2021-01-05,33992.4297,6.3197,0.3459,0.000948,12.6393,18.959,12.6303,18.9437,7432.735939,13037.555701,-682.258586,10239.035545,-449.099528
2021-01-06,36824.3633,8.3311,0.3451,0.000945,16.6621,24.9932,16.6531,24.978,8051.962479,15209.891854,-852.776936,11944.153935,-561.2754
2021-01-07,39371.043,6.9157,0.3442,0.000943,13.8315,20.7472,13.8225,20.732,8608.815808,17313.647041,-1029.704615,13595.130798,-677.638926
2021-01-08,40797.6094,3.6234,0.3434,0.000941,7.2468,10.8702,7.2378,10.8549,8920.746773,18568.328928,-1141.635255,14579.113299,-751.196077
2021-01-09,40254.5469,-1.3311,0.3426,0.000939,-2.6622,-3.9933,-2.6712,-4.0086,8802.001505,18073.997849,-1096.045871,14189.669042,-721.083723
2021-01-10,38356.4414,-4.7153,0.3418,0.000936,-9.4305,-14.1458,-9.4395,-14.161,8386.964485,16369.526835,-941.001721,12850.230519,-618.970952
2021-01-11,35566.6562,-7.2733,0.341,0.000934,-14.5466,-21.8199,-14.5556,-21.8352,7776.954062,13988.312035,-735.675637,10979.796178,-483.817494
2021-01-12,33922.9609,-4.6215,0.3401,0.000932,-9.2429,-13.8644,-9.2519,-13.8796,7417.546002,12695.386281,-633.678987,9963.954822,-416.665637
2021-01-13,37316.3594,10.0032,0.3393,0.00093,20.0065,30.0097,19.9975,29.9945,8159.541639,15235.288623,-823.844459,11956.49542,-541.642493
2021-01-14,39187.3281,5.0138,0.3385,0.000927,10.0276,15.0414,10.0186,15.0262,8568.644984,16763.023343,-947.762274,13154.368446,-623.030693
2021-01-15,36825.3672,-6.0274,0.3377,0.000925,-12.0547,-18.0821,-12.0637,-18.0973,8052.181991,14742.28816,-776.38717,11567.461577,-510.278978
2021-01-16,36178.1406,-1.7576,0.3368,0.000923,-3.5151,-5.2727,-3.5241,-5.2879,7910.660359,14224.08013,-735.450845,11159.810619,-483.296015
2021-01-17,35791.2773,-1.0693,0.336,0.000921,-2.1387,-3.208,-2.1477,-3.2232,7826.069389,13919.875756,-711.857682,10920.135781,-467.718429
2021-01-18,36630.0742,2.3436,0.3352,0.000918,4.6872,7.0307,4.6782,7.0155,8009.479511,14572.322338,-761.906524,11430.996935,-500.531359
2021-01-19,36069.8047,-1.5295,0.3344,0.000916,-3.0591,-4.5886,-3.0681,-4.6038,7886.971778,14126.545016,-726.945661,11080.286312,-477.487872
2021-01-20,35547.75,-1.4473,0.3336,0.000914,-2.8947,-4.342,-2.9037,-4.3572,7772.820049,13717.625194,-695.381415,10758.549476,-456.682608
2021-01-21,30825.6992,-13.2837,0.3327,0.000912,-26.5674,-39.8511,-26.5764,-39.8662,6740.303195,10073.213227,-418.264606,7899.318441,-274.6204
2021-01-22,33005.7617,7.0722,0.3319,0.000909,14.1444,21.2167,14.1355,21.2015,7216.992536,11498.013634,-507.006435,9015.92316,-332.843998
2021-01-23,32067.6426,-2.8423,0.3311,0.000907,-5.6846,-8.5269,-5.6936,-8.5421,7011.86475,10844.400077,-463.774671,8502.595503,-304.412294
2021-01-24,32289.3789,0.6915,0.3303,0.000905,1.3829,2.0744,1.3739,2.0592,7060.349297,10994.370406,-473.395181,8619.41621,-310.680793
2021-01-25,32366.3926,0.2385,0.3295,0.000903,0.477,0.7155,0.468,0.7004,7077.188996,11046.815938,-476.782477,8659.758258,-312.856669
2021-01-26,32569.8496,0.6286,0.3286,0.0009,1.2572,1.8858,1.2482,1.8706,7121.676619,11185.697797,-485.773725,8767.851882,-318.709113
2021-01-27,30432.5469,-6.5622,0.3278,0.000898,-13.1244,-19.6866,-13.1334,-19.7018,6654.337067,9717.639284,-390.141213,7616.334363,-255.91767
2021-01-28,33466.0977,9.9681,0.327,0.000896,19.9362,29.9043,19.9272,29.8892,7317.648932,11654.96989,-506.810368,9134.060257,-332.409359
2021-01-29,34316.3867,2.5407,0.3262,0.000894,5.0815,7.6222,5.0725,7.6071,7503.571919,12247.216618,-545.440684,9597.38723,-357.696024
2021-01-30,34269.5234,-0.1366,0.3253,0.000891,-0.2731,-0.4097,-0.2821,-0.4248,7493.324861,12213.766433,-543.206084,9570.31316,-356.176389
2021-01-31,33114.3594,-3.3708,0.3245,0.000889,-6.7416,-10.1125,-6.7506,-10.1276,7240.738344,11390.358189,-488.27458,8924.258457,-320.104237
2021-02-01,33537.1758,1.2768,0.3237,0.000887,2.5537,3.8305,2.5447,3.8154,7333.190773,11681.230814,-506.977993,9151.354512,-332.31739
2021-02-02,35510.2891,5.8834,0.3229,0.000885,11.7667,17.6501,11.7578,17.6349,7764.628894,13055.728882,-596.460036,10227.348462,-390.92138
2021-02-03,37472.0898,5.5246,0.3221,0.000882,11.0492,16.5738,11.0402,16.5587,8193.59344,14498.282001,-695.316097,11356.471441,-455.652722
2021-02-04,36926.0664,-1.4571,0.3212,0.00088,-2.9143,-4.3714,-2.9233,-4.3866,8074.200738,14075.759435,-664.920764,11024.492673,-435.665192
2021-02-05,38144.3086,3.2991,0.3204,0.000878,6.5983,9.8974,6.5893,9.8823,8340.579828,15004.517119,-730.730741,11750.931508,-478.718893
2021-02-06,39266.0117,2.9407,0.3196,0.000876,5.8814,8.822,5.8724,8.8069,8585.849825,15886.98763,-795.196161,12440.994131,-520.879319
2021-02-07,38903.4414,-0.9234,0.3188,0.000873,-1.8467,-2.7701,-1.8557,-2.7852,8506.570721,15593.596485,-773.168368,12210.127324,-506.37166
2021-02-08,46196.4648,18.7465,0.3179,0.000871,37.4929,56.2394,37.484,56.2243,10101.252769,21440.095433,-1207.993784,16786.970749,-791.075628
2021-02-09,46481.1055,0.6162,0.3171,0.000869,1.2323,1.8485,1.2234,1.8333,10163.49188,21704.302757,-1230.323032,16992.334788,-805.57881
2021-02-10,44918.1836,-3.3625,0.3163,0.000867,-6.725,-10.0875,-6.7339,-10.1026,9821.745624,20244.693343,-1106.214617,15848.083541,-724.194657
2021-02-11,47909.332,6.6591,0.3155,0.000864,13.3182,19.9773,13.3093,19.9622,10475.785853,22940.9236,-1327.206553,17957.346332,-868.759934
2021-02-12,47504.8516,-0.8443,0.3147,0.000862,-1.6885,-2.5328,-1.6975,-2.5479,10387.342733,22553.560423,-1293.591236,17652.525939,-846.624963
2021-02-13,47105.5156,-0.8406,0.3138,0.00086,-1.6812,-2.5219,-1.6902,-2.537,10300.02451,22174.380323,-1260.968623,17354.165634,-825.14648
2021-02-14,48717.2891,3.4216,0.313,0.000858,6.8432,10.2649,6.8343,10.2498,10652.452579,23691.827981,-1390.405422,18540.202665,-909.722227
2021-02-15,47945.0586,-1.5851,0.3122,0.000855,-3.1703,-4.7554,-3.1792,-4.7705,10483.597772,22940.737279,-1324.286384,17950.774446,-866.324303
2021-02-16,49199.8711,2.6172,0.3114,0.000853,5.2344,7.8516,5.2254,7.8365,10757.973274,24141.541898,-1428.263592,18888.781662,-934.213712
2021-02-17,52149.0078,5.9942,0.3105,0.000851,11.9884,17.9826,11.9795,17.9675,11402.82728,27035.724589,-1685.102351,21151.555525,-1102.068716
2021-02-18,51679.7969,-0.8998,0.3097,0.000849,-1.7995,-2.6993,-1.8084,-2.7143,11300.230289,26549.216476,-1639.617202,20769.044095,-1072.155063
2021-02-19,55888.1328,8.1431,0.3089,0.000846,16.2862,24.4293,16.2773,24.4142,12220.418992,30873.073324,-2040.164055,24149.676502,-1333.913446
2021-02-20,56099.5195,0.3782,0.3081,0.000844,0.7565,1.1347,0.7475,1.1196,12266.640509,31106.616917,-2063.313706,24330.204378,-1348.848442
2021-02-21,57539.9453,2.5676,0.3073,0.000842,5.1353,7.7029,5.1263,7.6878,12581.601945,32704.020009,-2222.248236,25577.450398,-1452.545539
2021-02-22,54207.3203,-5.7918,0.3064,0.00084,-11.5837,-17.3755,-11.5926,-17.3906,11852.894941,28915.687083,-1836.120651,22612.355385,-1199.939345
2021-02-23,48824.4258,-9.9302,0.3056,0.000837,-19.8604,-29.7906,-19.8693,-29.8056,10675.87894,23172.916809,-1289.129373,18119.434907,-842.289742
2021-02-24,49705.332,1.8042,0.3048,0.000835,3.6085,5.4127,3.5995,5.3977,10868.496638,24009.103489,-1358.906054,18771.652688,-887.753663
2021-02-25,47093.8516,-5.2539,0.304,0.000833,-10.5078,-15.7618,-10.5168,-15.7768,10297.474062,21486.263292,-1144.718372,16797.482389,-747.694471
2021-02-26,46339.7617,-1.6012,0.3032,0.000831,-3.2025,-4.8037,-3.2114,-4.8188,10132.585858,20798.166124,-1089.728996,16258.046224,-711.664734
2021-02-27,46188.4531,-0.3265,0.3023,0.000828,-0.653,-0.9796,-0.662,-0.9946,10099.500938,20662.345777,-1079.054446,16150.426004,-704.586613
2021-02-28,45137.7695,-2.2748,0.3015,0.000826,-4.5496,-6.8243,-4.5585,-6.8393,9869.75997,19722.301837,-1005.416249,15414.215434,-656.39748
2021-03-01,49631.2422,9.955,0.3007,0.000824,19.91,29.8651,19.9011,29.85,10852.296259,23649.018862,-1305.684327,18481.818197,-852.33235
2021-03-02,48378.9883,-2.5231,0.2999,0.000822,-5.0462,-7.5693,-5.0551,-7.5844,10578.480215,22455.634415,-1206.852529,17547.537131,-787.688383
2021-03-03,50538.2422,4.4632,0.299,0.000819,8.9264,13.3896,8.9175,13.3746,11050.619578,24460.116859,-1368.445472,19112.3406,-893.038629
2021-03-04,48561.168,-3.912,0.2982,0.000817,-7.8241,-11.7361,-7.833,-11.7511,10618.315364,22546.339713,-1207.843234,17615.276466,-788.09666
2021-03-05,48927.3047,0.754,0.2974,0.000815,1.5079,2.2619,1.499,2.2469,10698.374294,22886.325063,-1235.163567,17879.337097,-805.804491
2021-03-06,48912.3828,-0.0305,0.2966,0.000813,-0.061,-0.0915,-0.0699,-0.1065,10695.111498,22872.365297,-1234.033465,17866.84108,-804.946397
2021-03-07,51206.6914,4.6906,0.2958,0.00081,9.3813,14.0719,9.3724,14.057,11196.781726,25018.090417,-1407.68603,19541.394171,-918.097382
2021-03-08,52246.5234,2.0307,0.2949,0.000808,4.0613,6.092,4.0524,6.077,11424.149907,26034.153399,-1493.441836,20333.294098,-973.890011
2021-03-09,54824.1172,4.9335,0.2941,0.000806,9.867,14.8006,9.8582,14.7856,11987.762861,28602.954792,-1714.479682,22337.781973,-1117.885343
2021-03-10,56008.5508,2.1604,0.2933,0.000804,4.3208,6.4813,4.312,6.4663,12246.749412,29838.845209,-1825.599793,23300.978875,-1190.171121
2021-03-11,57805.1211,3.2077,0.2925,0.000801,6.4153,9.623,6.4065,9.608,12639.584901,31753.109468,-2001.277525,24793.74665,-1304.523263
2021-03-12,57332.0898,-0.8183,0.2916,0.000799,-1.6366,-2.455,-1.6455,-2.4699,12536.152566,31233.424956,-1952.146923,24385.75996,-1272.302453
2021-03-13,61243.0859,6.8217,0.2908,0.000797,13.6433,20.465,13.6344,20.45,13391.325365,35494.696552,-2351.652976,27710.618496,-1532.488239
2021-03-14,59302.3164,-3.169,0.29,0.000795,-6.3379,-9.5069,-6.3468,-9.5218,12966.959482,33245.070344,-2128.084077,25951.881298,-1386.56713
2021-03-15,55907.1992,-5.7251,0.2892,0.000792,-11.4502,-17.1753,-11.4591,-17.1903,12224.588025,29438.442996,-1762.579223,22978.035659,-1148.212694
2021-03-16,56804.9023,1.6057,0.2884,0.00079,3.2114,4.8171,3.2025,4.8022,12420.878503,30383.830446,-1847.484543,23713.914645,-1203.351667
2021-03-17,58870.8945,3.637,0.2875,0.000788,7.274,10.911,7.2651,10.896,12872.625393,32593.948015,-2049.063375,25436.75962,-1334.469387
2021-03-18,57858.9219,-1.719,0.2867,0.000786,-3.4379,-5.1569,-3.4468,-5.1718,12651.348903,31473.388037,-1943.395059,24560.003741,-1265.452645
2021-03-19,58346.6523,0.843,0.2859,0.000783,1.6859,2.5289,1.6771,2.514,12757.995348,32004.007336,-1992.54148,24971.890863,-1297.265601
2021-03-20,58313.6445,-0.0566,0.2851,0.000781,-0.1131,-0.1697,-0.122,-0.1846,12750.777907,31967.796783,-1989.159824,24941.423405,-1294.870231
2021-03-21,57523.4219,-1.3551,0.2842,0.000779,-2.7102,-4.0654,-2.7191,-4.0803,12577.988954,31101.389702,-1908.29303,24263.238532,-1242.035618
2021-03-22,54529.1445,-5.2053,0.2834,0.000777,-10.4106,-15.616,-10.4195,-15.6309,11923.264563,27863.536893,-1610.294837,21735.131418,-1047.89454
2021-03-23,54738.9453,0.3847,0.2826,0.000774,0.7695,1.1542,0.7606,1.1393,11969.139301,28077.946705,-1628.881657,21900.458212,-1059.833528
2021-03-24,52774.2656,-3.5892,0.2818,0.000772,-7.1784,-10.7675,-7.1872,-10.7825,11539.545257,26062.410189,-1453.491136,20326.425043,-945.557443
2021-03-25,51704.1602,-2.0277,0.281,0.00077,-4.0554,-6.0831,-4.0643,-6.098,11305.55753,25005.473542,-1365.073678,19500.306621,-887.897171
2021-03-26,55137.3125,6.64,0.2801,0.000767,13.28,19.92,13.2711,19.9051,12056.245699,28326.196665,-1636.996046,22088.218689,-1064.633747
2021-03-27,55973.5117,1.5166,0.2793,0.000765,3.0332,4.5497,3.0243,4.5348,12239.087821,29185.373236,-1711.474911,22756.23367,-1112.913051
2021-03-28,55950.7461,-0.0407,0.2785,0.000763,-0.0813,-0.122,-0.0902,-0.1369,12234.109922,29161.632604,-1709.38663,22735.709944,-1111.389336
2021-03-29,57750.1992,3.2161,0.2777,0.000761,6.4323,9.6484,6.4234,9.6335,12627.575763,31037.389214,-1874.315322,24196.122988,-1218.455275
2021-03-30,58917.6914,2.0216,0.2768,0.000758,4.0432,6.0649,4.0344,6.05,12882.85793,32292.308156,-1987.990176,25172.293396,-1292.171657
2021-03-31,58918.832,0.0019,0.276,0.000756,0.0039,0.0058,-0.005,-0.0091,12883.107338,32293.55849,-1988.105637,25171.043213,-1292.0544
2021-04-01,59095.8086,0.3004,0.2752,0.000754,0.6007,0.9011,0.5919,0.8862,12921.804779,32487.561079,-2006.020864,25320.033345,-1303.505137
2021-04-02,59384.3125,0.4882,0.2744,0.000752,0.9764,1.4646,0.9676,1.4497,12984.88863,32804.767612,-2035.40086,25565.019828,-1322.402278
2021-04-03,57603.8906,-2.9981,0.2736,0.000749,-5.9963,-8.9944,-6.0051,-9.0093,12595.584135,30837.705154,-1852.328661,24029.814379,-1203.263434
2021-04-04,58758.5547,2.0045,0.2727,0.000747,4.009,6.0135,4.0002,5.9986,12848.061324,32073.982409,-1963.717873,24991.043,-1275.442453
2021-04-05,59057.8789,0.5094,0.2719,0.000745,1.0188,1.5282,1.01,1.5134,12913.511128,32400.76103,-1993.728226,25243.452669,-1294.744766
2021-04-06,58192.3594,-1.4655,0.2711,0.000743,-2.9311,-4.3966,-2.9399,-4.4115,12724.257868,31451.065849,-1906.0713,24501.31686,-1237.627243
2021-04-07,56048.9375,-3.6833,0.2703,0.00074,-7.3667,-11.05,-7.3755,-11.0649,12255.580314,29134.167093,-1695.450096,22694.222065,-1100.685424
2021-04-08,58323.9531,4.059,0.2695,0.000738,8.118,12.1769,8.1091,12.1621,12753.031969,31499.267604,-1901.904079,24534.528584,-1234.551844
2021-04-09,58245.0039,-0.1354,0.2686,0.000736,-0.2707,-0.4061,-0.2795,-0.4209,12735.769046,31413.990717,-1894.18064,24465.943601,-1229.355224
2021-04-10,59793.2344,2.6581,0.2678,0.000734,5.3163,7.9744,5.3075,7.9596,13074.302901,33084.042887,-2045.23024,25764.462017,-1327.206562
2021-04-11,60204.9648,0.6886,0.267,0.000731,1.3772,2.0658,1.3684,2.0509,13164.331295,33539.66997,-2087.480017,26117.014446,-1354.426751
2021-04-12,59893.4531,-0.5174,0.2662,0.000729,-1.0348,-1.5523,-1.0436,-1.5671,13096.216589,33192.588952,-2055.076984,25844.44456,-1333.201743
2021-04-13,63503.457,6.0274,0.2653,0.000727,12.0548,18.0821,12.0459,18.0673,13885.574867,37193.873551,-2426.678664,28957.651827,-1574.075376
2021-04-14,63109.6953,-0.6201,0.2645,0.000725,-1.2401,-1.8602,-1.2489,-1.875,13799.475494,36732.622329,-2381.537822,28595.989932,-1544.561312
2021-04-15,63314.0117,0.3237,0.2637,0.000722,0.6475,0.9712,0.6387,0.9564,13844.151027,36970.464624,-2404.668369,28778.630072,-1559.33395
2021-04-16,61572.7891,-2.7501,0.2629,0.00072,-5.5003,-8.2504,-5.5091,-8.2652,13463.417777,34936.987077,-2206.273278,27193.192814,-1430.451504
2021-04-17,60683.8203,-1.4438,0.2621,0.000718,-2.8875,-4.3313,-2.8963,-4.3461,13269.037145,33928.168402,-2110.712818,26405.586076,-1368.282475
2021-04-18,56216.1836,-7.3622,0.2612,0.000716,-14.7243,-22.0865,-14.7331,-22.1013,12292.150105,28932.479925,-1644.530991,22515.222756,-1065.874735
2021-04-19,55724.2656,-0.875,0.2604,0.000713,-1.7501,-2.6251,-1.7589,-2.6399,12184.588028,28426.134391,-1601.359739,22119.204882,-1037.736308
2021-04-20,56473.0312,1.3437,0.2596,0.000711,2.6874,4.0311,2.6786,4.0163,12348.312046,29190.056967,-1665.912036,22711.690307,-1079.414918
2021-04-21,53906.0898,-4.5454,0.2588,0.000709,-9.0909,-13.6363,-9.0996,-13.6511,11787.028318,26536.430476,-1438.743502,20645.006282,-932.063188
2021-04-22,51762.2734,-3.9769,0.2579,0.000707,-7.9539,-11.9308,-7.9627,-11.9456,11318.264496,24425.751138,-1267.089319,19001.110065,-820.722433
2021-04-23,51093.6523,-1.2917,0.2571,0.000704,-2.5834,-3.8751,-2.5922,-3.8899,11172.064767,23794.728914,-1217.987768,18508.560096,-788.796954
2021-04-24,50050.8672,-2.0409,0.2563,0.000702,-4.0819,-6.1228,-4.0906,-6.1376,10944.050859,22823.461879,-1143.412972,17751.4411,-740.384058
2021-04-25,49004.2539,-2.0911,0.2555,0.0007,-4.1822,-6.2733,-4.191,-6.2881,10715.1999,21868.939424,-1071.683273,17007.48166,-693.82821
2021-04-26,54021.7539,10.2389,0.2547,0.000698,20.4778,30.7167,20.469,30.702,11812.319256,26347.220177,-1400.869236,20488.748895,-906.847041
2021-04-27,55033.1172,1.8721,0.2538,0.000695,3.7443,5.6164,3.7355,5.6017,12033.462501,27333.73428,-1479.547968,21254.106912,-957.645543
2021-04-28,54824.7031,-0.3787,0.253,0.000693,-0.7574,-1.1361,-0.7662,-1.1509,11987.890981,27126.704953,-1462.738529,21091.26036,-946.624229
2021-04-29,53555.1094,-2.3157,0.2522,0.000691,-4.6315,-6.9472,-4.6402,-6.962,11710.283432,25870.340829,-1361.119172,20112.575439,-880.720716
2021-04-30,57750.1758,7.8332,0.2514,0.000689,15.6664,23.4995,15.6576,23.4848,12627.570638,29923.279904,-1680.975786,23261.718578,-1087.556067
2021-05-01,57828.0508,0.1348,0.2505,0.000686,0.2697,0.4045,0.2609,0.3898,12644.598674,30003.981838,-1687.776077,23322.414805,-1091.795377
2021-05-02,56631.0781,-2.0699,0.2497,0.000684,-4.1398,-6.2096,-4.1485,-6.2244,12382.870349,28761.887548,-1582.971136,22354.877148,-1023.837824
2021-05-03,57200.293,1.0051,0.2489,0.000682,2.0103,3.0154,2.0015,3.0007,12507.33405,29340.075139,-1630.703796,22802.308215,-1054.559617
2021-05-04,53333.5391,-6.76,0.2481,0.00068,-13.52,-20.2801,-13.5288,-20.2948,11661.835185,25373.282514,-1299.99586,19717.426993,-840.538819
2021-05-05,57424.0078,7.6696,0.2473,0.000677,15.3392,23.0088,15.3304,22.9941,12556.251217,29265.340721,-1599.109281,22740.195115,-1033.81293
2021-05-06,56396.5156,-1.7893,0.2464,0.000675,-3.5786,-5.3679,-3.5874,-5.3826,12331.581249,28218.046737,-1513.270325,21924.419554,-978.166468
2021-05-07,57356.4023,1.702,0.2456,0.000673,3.4041,5.1061,3.3953,5.0914,12541.468703,29178.607083,-1590.539359,22668.8213,-1027.968642
2021-05-08,58803.7773,2.5235,0.2448,0.000671,5.047,7.5704,5.0382,7.5557,12857.949645,30651.237329,-1710.949992,23810.921622,-1105.639038
2021-05-09,58232.3164,-0.9718,0.244,0.000668,-1.9436,-2.9154,-1.9524,-2.9301,12732.994816,30055.493803,-1661.068447,23346.044228,-1073.242306
2021-05-10,55859.7969,-4.0742,0.2432,0.000666,-8.1485,-12.2227,-8.1572,-12.2374,12214.223096,27606.432853,-1458.041112,21441.657934,-941.905379
2021-05-11,56704.5742,1.5123,0.2423,0.000664,3.0246,4.537,3.0159,4.5223,12398.940899,28441.426545,-1524.191734,22088.314407,-984.500733
2021-05-12,49150.5352,-13.3217,0.2415,0.000662,-26.6435,-39.9652,-26.6522,-39.9799,10747.185548,20863.637625,-915.044903,16201.284977,-590.898032
2021-05-13,49716.1914,1.1509,0.2407,0.000659,2.3017,3.4526,2.293,3.4379,10870.871133,21343.862183,-946.637694,16572.778525,-611.212551
2021-05-14,49880.5352,0.3306,0.2399,0.000657,0.6611,0.9917,0.6524,0.977,10906.806302,21484.972363,-956.02542,16680.897397,-617.184143
2021-05-15,46760.1875,-6.2556,0.239,0.000655,-12.5113,-18.7669,-12.52,-18.7816,10224.515557,18796.926497,-776.60884,14592.445557,-501.267053
2021-05-16,46456.0586,-0.6504,0.2382,0.000653,-1.3008,-1.9512,-1.3095,-1.9659,10158.015166,18552.415557,-761.455616,14401.351994,-491.412747
2021-05-17,43537.5117,-6.2824,0.2374,0.00065,-12.5648,-18.8471,-12.5735,-18.8618,9519.849891,16221.348476,-617.942973,12590.598608,-398.723382
2021-05-18,42909.4023,-1.4427,0.2366,0.000648,-2.8854,-4.3281,-2.8941,-4.3427,9382.508396,15753.302387,-591.198052,12226.213921,-381.407931
2021-05-19,37002.4414,-13.7661,0.2358,0.000646,-27.5322,-41.2984,-27.541,-41.313,8090.900786,11416.064544,-347.042906,8858.995608,-223.83676
2021-05-20,40782.7383,10.2163,0.2349,0.000644,20.4327,30.649,20.424,30.6344,8917.495081,13748.6735,-453.408202,10668.353601,-292.407755
2021-05-21,37304.6914,-8.5282,0.2341,0.000641,-17.0565,-25.5847,-17.0652,-25.5994,8156.990338,11403.635726,-337.405081,8847.77887,-217.553267
2021-05-22,37536.6328,0.6217,0.2333,0.000639,1.2435,1.8652,1.2348,1.8506,8207.706313,11545.439623,-343.698515,8957.029112,-221.579303
2021-05-23,34770.582,-7.3689,0.2325,0.000637,-14.7379,-22.1068,-14.7466,-22.1215,7602.885615,9843.887305,-267.717735,7636.172497,-172.562739
2021-05-24,38705.9805,11.3182,0.2316,0.000635,22.6364,33.9546,22.6277,33.9399,8463.394195,12072.185852,-358.620092,9364.058966,-231.130382
2021-05-25,38402.2227,-0.7848,0.2308,0.000632,-1.5696,-2.3543,-1.5783,-2.369,8396.974947,11882.705016,-350.176928,9216.26791,-225.654943
2021-05-26,39294.1992,2.3227,0.23,0.00063,4.6454,6.9682,4.6367,6.9535,8592.013264,12434.709231,-374.577829,9643.601374,-241.345935
2021-05-27,38436.9688,-2.1816,0.2292,0.000628,-4.3631,-6.5447,-4.3719,-6.5593,8404.572478,11892.165454,-350.062796,9221.997576,-225.515245
2021-05-28,35697.6055,-7.1269,0.2284,0.000626,-14.2538,-21.3807,-14.2625,-21.3953,7805.587231,10197.080621,-275.216948,7906.709952,-177.265553
2021-05-29,34616.0664,-3.0297,0.2275,0.000623,-6.0594,-9.0892,-6.0682,-9.1038,7569.09945,9579.193742,-250.202003,7426.918586,-161.127669
2021-05-30,35678.1289,3.0681,0.2267,0.000621,6.1362,9.2044,6.1275,9.1897,7801.328514,10166.996084,-273.231497,7882.005765,-175.934896
2021-05-31,37332.8555,4.6379,0.2259,0.000619,9.2759,13.9138,9.2672,13.8992,8163.148651,11110.072361,-311.248352,8612.44373,-200.388407
2021-06-01,36684.9258,-1.7355,0.2251,0.000617,-3.4711,-5.2066,-3.4798,-5.2212,8021.473275,10724.431047,-295.042757,8312.748332,-189.925632
2021-06-02,37575.1797,2.4268,0.2242,0.000614,4.8535,7.2803,4.8448,7.2657,8216.134918,11244.942752,-316.522667,8715.485768,-203.725005
2021-06-03,39208.7656,4.3475,0.2234,0.000612,8.695,13.0425,8.6863,13.0279,8573.332477,12222.693517,-357.805262,9472.541823,-230.266188
2021-06-04,36894.4062,-5.9027,0.2226,0.00061,-11.8053,-17.708,-11.814,-17.7226,8067.277974,10779.765903,-294.445198,8353.454952,-189.457116
2021-06-05,35551.957,-3.6386,0.2218,0.000608,-7.2773,-10.9159,-7.2859,-10.9305,7773.739952,9995.295313,-262.303925,7744.827193,-168.74858
2021-06-06,35862.3789,0.8731,0.221,0.000605,1.7463,2.6194,1.7376,2.6049,7841.616354,10169.843134,-269.174845,7879.402258,-173.144259
2021-06-07,33560.707,-6.4181,0.2201,0.000603,-12.8361,-19.2542,-12.8448,-19.2688,7338.336082,8864.428232,-217.347371,6867.307113,-139.781472
2021-06-08,33472.6328,-0.2624,0.2193,0.000601,-0.5249,-0.7873,-0.5335,-0.8019,7319.0779,8817.901942,-215.6362,6830.666723,-138.660608
2021-06-09,37345.1211,11.5691,0.2185,0.000599,23.1382,34.7074,23.1296,34.6928,8165.830635,10858.208848,-290.477817,8410.56951,-186.765836
2021-06-10,36702.5977,-1.7205,0.2177,0.000596,-3.441,-5.1615,-3.4497,-5.1761,8025.337382,10484.577515,-275.48479,8120.431614,-177.09871
2021-06-11,37334.3984,1.7214,0.2168,0.000594,3.4428,5.1642,3.4341,5.1497,8163.486035,10845.541844,-289.711427,8399.298283,-186.218692
2021-06-12,35552.5156,-4.7728,0.216,0.000592,-9.5455,-14.3183,-9.5542,-14.3328,7773.862094,9810.277562,-248.229697,7596.812316,-159.528253
2021-06-13,39097.8594,9.9721,0.2152,0.00059,19.9443,29.9164,19.9356,29.9018,8549.081875,11766.865197,-322.491075,9111.281824,-207.230147
2021-06-14,40218.4766,2.8662,0.2144,0.000587,5.7324,8.5986,5.7237,8.584,8794.114422,12441.385572,-350.220652,9632.7844,-225.018807
2021-06-15,40406.2695,0.4669,0.2136,0.000585,0.9339,1.4008,0.9252,1.3863,8835.176964,12557.571213,-355.12653,9721.906619,-228.138145
2021-06-16,38347.0625,-5.0963,0.2127,0.000583,-10.1925,-15.2888,-10.2012,-15.3033,8384.913707,11277.639201,-300.832056,8730.157667,-193.22547
2021-06-17,38053.5039,-0.7655,0.2119,0.000581,-1.5311,-2.2966,-1.5397,-2.3111,8320.724605,11104.971586,-293.92317,8595.737292,-188.759791
2021-06-18,35787.2461,-5.9555,0.2111,0.000578,-11.9109,-17.8664,-11.9196,-17.8809,7825.187921,9782.269284,-241.409818,7571.162994,-155.007879
2021-06-19,35615.8711,-0.4789,0.2103,0.000576,-0.9577,-1.4366,-0.9664,-1.4511,7787.71531,9688.580242,-237.941688,7497.995145,-152.758502
2021-06-20,35698.2969,0.2314,0.2095,0.000574,0.4629,0.6943,0.4542,0.6798,7805.738413,9733.424788,-239.593693,7532.051324,-153.796912
2021-06-21,31676.6934,-11.2655,0.2086,0.000572,-22.5311,-33.7966,-22.5397,-33.8111,6926.380354,7540.38037,-158.619171,5834.348019,-101.796465
2021-06-22,32505.6602,2.617,0.2078,0.000569,5.2339,7.8509,5.2253,7.8364,7107.641045,7935.038038,-171.072178,6139.208515,-109.773618
2021-06-23,33723.0273,3.7451,0.207,0.000567,7.4902,11.2353,7.4815,11.2208,7373.828809,8529.387139,-190.292614,6598.515649,-122.091068
2021-06-24,34662.4375,2.7857,0.2062,0.000565,5.5713,8.357,5.5627,8.3425,7579.238887,9004.587234,-206.195351,6965.569994,-132.276505
2021-06-25,31637.7793,-8.726,0.2053,0.000563,-17.4521,-26.1781,-17.4607,-26.1926,6917.871461,7433.099445,-152.217284,5749.330971,-97.629829
2021-06-26,32186.2773,1.7337,0.2045,0.00056,3.4674,5.201,3.4587,5.1866,7037.805257,7690.831853,-160.134169,5948.184157,-102.69345
2021-06-27,34649.6445,7.6535,0.2037,0.000558,15.3069,22.9604,15.2983,22.9459,7576.441595,8868.062921,-196.901632,6858.155238,-126.257412
2021-06-28,34434.3359,-0.6214,0.2029,0.000556,-1.2428,-1.8642,-1.2514,-1.8786,7529.362526,8757.852835,-193.231065,6772.331377,-123.885485
2021-06-29,35867.7773,4.1628,0.2021,0.000554,8.3257,12.4885,8.317,12.474,7842.796769,9487.001142,-217.362683,7335.587244,-139.33896
2021-06-30,35040.8359,-2.3055,0.2012,0.000551,-4.6111,-6.9166,-4.6197,-6.9311,7661.978947,9049.550336,-202.328615,6996.705989,-129.681301
2021-07-01,33572.1172,-4.1914,0.2004,0.000549,-8.3829,-12.5743,-8.3915,-12.5888,7340.831011,8290.935771,-176.887113,6409.575365,-113.355962
2021-07-02,33897.0469,0.9679,0.1996,0.000547,1.9357,2.9036,1.9271,2.8891,7411.87967,8451.424378,-182.023149,6533.093178,-116.630934
2021-07-03,34668.5469,2.276,0.1988,0.000545,4.552,6.828,4.5434,6.8136,7580.574754,8836.134818,-194.451742,6829.917224,-124.577663
2021-07-04,35287.7812,1.7862,0.1979,0.000542,3.5723,5.3585,3.5637,5.344,7715.975655,9151.789145,-204.871377,7073.314147,-131.235111
2021-07-05,33746.0039,-4.3692,0.1971,0.00054,-8.7383,-13.1075,-8.7469,-13.1219,7378.852831,8352.077707,-178.017942,6454.616357,-114.014557
2021-07-06,34235.1953,1.4496,0.1963,0.000538,2.8993,4.3489,2.8906,4.3344,7485.818723,8594.225764,-185.759734,6641.195777,-118.956447
2021-07-07,33855.3281,-1.1096,0.1955,0.000536,-2.2192,-3.3287,-2.2278,-3.3432,7402.757508,8403.505989,-179.57627,6493.244575,-114.979514
2021-07-08,32877.3711,-2.8886,0.1947,0.000533,-5.7773,-8.6659,-5.7859,-8.6803,7188.918826,7918.012672,-164.014359,6117.552812,-104.998898
2021-07-09,33798.0117,2.8002,0.1938,0.000531,5.6005,8.4007,5.5918,8.3862,7390.224785,8361.457138,-177.792676,6459.636476,-113.804363
2021-07-10,33520.5195,-0.821,0.193,0.000529,-1.6421,-2.4631,-1.6507,-2.4775,7329.548741,8224.156811,-173.413476,6353.008988,-110.984837
2021-07-11,34240.1875,2.1469,0.1922,0.000527,4.2939,6.4408,4.2853,6.4264,7486.910307,8577.293475,-184.582765,6625.253614,-118.117188
2021-07-12,33155.8477,-3.1669,0.1914,0.000524,-6.3337,-9.5006,-6.3423,-9.515,7249.810112,8034.031201,-167.046315,6205.057995,-106.878328
2021-07-13,32702.0254,-1.3688,0.1905,0.000522,-2.7375,-4.1063,-2.7461,-4.1207,7150.577986,7814.098821,-160.186952,6034.660035,-102.474216
2021-07-14,32822.3477,0.3679,0.1897,0.00052,0.7359,1.1038,0.7273,1.0894,7176.88748,7871.600463,-161.955104,6078.548213,-103.590566
2021-07-15,31780.7305,-3.1735,0.1889,0.000518,-6.347,-9.5205,-6.3556,-9.5349,6949.128959,7371.989989,-146.536169,5692.220024,-93.713304
2021-07-16,31421.5391,-1.1302,0.1881,0.000515,-2.2604,-3.3907,-2.269,-3.4051,6870.588681,7205.350934,-141.567636,5563.061692,-90.522317
2021-07-17,31533.0684,0.3549,0.1873,0.000513,0.7099,1.0648,0.7013,1.0504,6894.975517,7256.501052,-143.075099,5602.075193,-91.473199
2021-07-18,31796.8105,0.8364,0.1864,0.000511,1.6728,2.5092,1.6642,2.4948,6952.645006,7377.887619,-146.665134,5695.305181,-93.755277
2021-07-19,30817.832,-3.0789,0.1856,0.000509,-6.1577,-9.2366,-6.1663,-9.251,6738.582967,6923.578313,-133.118303,5344.115241,-85.082014
2021-07-20,29807.3477,-3.2789,0.1848,0.000506,-6.5578,-9.8367,-6.5664,-9.8511,6517.631903,6469.544577,-120.023874,4993.2004,-76.700527
2021-07-21,32110.6934,7.7274,0.184,0.000504,15.4549,23.1823,15.4463,23.168,7021.278172,7469.405274,-147.848202,5764.46507,-94.470467
2021-07-22,32313.1055,0.6304,0.1832,0.000502,1.2607,1.8911,1.2521,1.8767,7065.537313,7563.573162,-150.644118,5836.643706,-96.243393
2021-07-23,33581.5508,3.9255,0.1823,0.0005,7.851,11.7764,7.8424,11.7621,7342.893747,8157.386649,-168.384644,6294.375681,-107.563617
2021-07-24,34292.4453,2.1169,0.1815,0.000497,4.2338,6.3508,4.2253,6.3364,7498.336926,8502.757332,-179.078348,6560.329439,-114.379273
2021-07-25,35350.1875,3.0845,0.1807,0.000495,6.169,9.2534,6.1604,9.2391,7729.621316,9027.288321,-195.649233,6964.470297,-124.946851
2021-07-26,37337.5352,5.6219,0.1799,0.000493,11.2438,16.8657,11.2352,16.8513,8164.171905,10042.29625,-228.646771,7746.942421,-146.002027
2021-07-27,39406.9414,5.5424,0.179,0.000491,11.0849,16.6273,11.0763,16.6129,8616.665309,11155.470461,-266.664523,8605.015812,-170.25725
2021-07-28,39995.9062,1.4946,0.1782,0.000488,2.9891,4.4837,2.9806,4.4694,8745.447517,11488.923385,-278.620997,8861.494518,-177.866672
2021-07-29,40008.4219,0.0313,0.1774,0.000486,0.0626,0.0939,0.054,0.0795,8748.184166,11496.113673,-278.882558,8866.281172,-178.008138
2021-07-30,42235.5469,5.5666,0.1766,0.000484,11.1333,16.6999,11.1247,16.6856,9235.164125,12776.008304,-325.455726,9852.62968,-207.709835
2021-07-31,41626.1953,-1.4427,0.1758,0.000482,-2.8855,-4.3282,-2.8941,-4.3426,9101.924186,12407.357667,-311.36923,9567.489135,-198.68989
2021-08-01,39974.8945,-3.967,0.1749,0.000479,-7.934,-11.9009,-7.9425,-11.9153,8740.853125,11422.964102,-274.313411,8807.590205,-175.015486
2021-08-02,39201.9453,-1.9336,0.1741,0.000477,-3.8672,-5.8008,-3.8757,-5.8151,8571.841157,10981.218287,-258.401148,8466.231571,-164.838189
2021-08-03,38152.9805,-2.6758,0.1733,0.000475,-5.3516,-8.0274,-5.3602,-8.0417,8342.476008,10393.547862,-237.658271,8012.42862,-151.582374
2021-08-04,39747.5039,4.1793,0.1725,0.000473,8.3586,12.5379,8.35,12.5236,8691.132217,11262.300734,-267.455551,8681.468328,-170.565873
2021-08-05,40869.5547,2.8229,0.1716,0.00047,5.6459,8.4688,5.6373,8.4545,8936.478232,11898.158188,-290.105932,9170.872267,-184.986415
2021-08-06,42816.5,4.7638,0.1708,0.000468,9.5276,14.2914,9.5191,14.2771,9362.194502,13031.767962,-331.566163,10043.852824,-211.397119
2021-08-07,44555.8008,4.0622,0.17,0.000466,8.1244,12.1867,8.1159,12.1724,9742.507518,14090.526347,-371.973012,10859.001244,-237.12914
2021-08-08,43798.1172,-1.7005,0.1692,0.000464,-3.4011,-5.1016,-3.4096,-5.1159,9576.833509,13611.299829,-352.996503,10488.752687,-224.9979
2021-08-09,46365.4023,5.8616,0.1684,0.000461,11.7233,17.5849,11.7147,17.5706,10138.192401,15206.988879,-415.070588,11717.481092,-264.5314
2021-08-10,45585.0312,-1.6831,0.1675,0.000459,-3.3662,-5.0493,-3.3747,-5.0636,9967.557576,14695.094494,-394.112563,11322.048955,-251.136706
2021-08-11,45593.6367,0.0189,0.1667,0.000457,0.0378,0.0566,0.0292,0.0424,9969.439236,14700.642727,-394.335763,11325.356888,-251.243063
2021-08-12,44428.2891,-2.5559,0.1659,0.000454,-5.1119,-7.6678,-5.1204,-7.6821,9714.625988,13949.162442,-364.098763,10745.450601,-231.942295
2021-08-13,47793.3203,7.5741,0.1651,0.000452,15.1481,22.7222,15.1396,22.7079,10450.418897,16062.202063,-446.830087,12372.270181,-284.611626
2021-08-14,47096.9453,-1.4571,0.1642,0.00045,-2.9141,-4.3712,-2.9226,-4.3854,10298.150537,15594.131802,-427.298405,12010.672975,-272.130168
2021-08-15,47047.0039,-0.106,0.1634,0.000448,-0.2121,-0.3181,-0.2206,-0.3324,10287.230421,15561.059896,-425.939089,11984.176337,-271.22565
2021-08-16,46004.4844,-2.2159,0.1626,0.000445,-4.4318,-6.6477,-4.4403,-6.662,10059.274595,14871.421554,-397.623801,11452.037105,-253.156618
2021-08-17,44695.3594,-2.8456,0.1618,0.000443,-5.6913,-8.5369,-5.6998,-8.5512,9773.0232,14025.04538,-363.678898,10799.291784,-231.5087
2021-08-18,44801.1875,0.2368,0.161,0.000441,0.4736,0.7103,0.465,0.6961,9796.163426,14091.461414,-366.262217,10849.51172,-233.12018
2021-08-19,46717.5781,4.2775,0.1601,0.000439,8.5551,12.8326,8.5466,12.8184,10215.198652,15296.998412,-413.263302,11776.772573,-263.002424
2021-08-20,49339.1758,5.6116,0.1593,0.000436,11.2232,16.8348,11.2147,16.8205,10788.433437,17013.807237,-482.835194,13097.497084,-307.240796
2021-08-21,48905.4922,-0.879,0.1585,0.000434,-1.758,-2.637,-1.7665,-2.6512,10693.604804,16714.709858,-470.103058,12866.131768,-299.095255
2021-08-22,49321.6523,0.8509,0.1577,0.000432,1.7019,2.5528,1.6934,2.5386,10784.601787,16999.176733,-482.104051,13084.004426,-306.688115
2021-08-23,49546.1484,0.4552,0.1568,0.00043,0.9103,1.3655,0.9018,1.3513,10833.689781,17153.926162,-488.687193,13201.998978,-310.832309
2021-08-24,47706.1172,-3.7138,0.156,0.000427,-7.4275,-11.1413,-7.4361,-11.1555,10431.351186,15879.810567,-434.241001,12220.29111,-276.157279
2021-08-25,48960.7891,2.63,0.1552,0.000425,5.26,7.89,5.2515,7.8758,10705.69594,16715.089264,-468.502643,12862.0393,-297.906835
2021-08-26,46942.2188,-4.1228,0.1544,0.000423,-8.2457,-12.3685,-8.2542,-12.3827,10264.318249,15336.819689,-410.555934,11800.385222,-261.017904
2021-08-27,49058.668,4.5086,0.1536,0.000421,9.0173,13.5259,9.0087,13.5117,10727.098001,16719.779461,-466.087233,12863.452388,-296.285776
2021-08-28,48902.4023,-0.3185,0.1527,0.000418,-0.6371,-0.9556,-0.6456,-0.9698,10692.929183,16613.265081,-461.633377,12780.411499,-293.412423
2021-08-29,48829.832,-0.1484,0.1519,0.000416,-0.2968,-0.4452,-0.3053,-0.4594,10677.061063,16563.95749,-459.578209,12741.393552,-292.064495
2021-08-30,47054.9844,-3.6348,0.1511,0.000414,-7.2695,-10.9043,-7.278,-10.9185,10288.975419,15359.83698,-409.464502,11814.072634,-260.17549
2021-08-31,47166.6875,0.2374,0.1503,0.000412,0.4748,0.7122,0.4663,0.698,10313.400264,15432.761955,-412.380567,11869.15966,-261.991442
2021-09-01,48847.0273,3.5626,0.1495,0.000409,7.1251,10.6877,7.1166,10.6735,10680.820965,16532.363652,-456.454438,12713.842787,-289.955048
2021-09-02,49327.7227,0.9841,0.1486,0.000407,1.9682,2.9522,1.9597,2.9381,10785.929113,16857.748026,-469.93011,12962.993,-298.474115
2021-09-03,50025.375,1.4143,0.1478,0.000405,2.8286,4.243,2.8202,4.2288,10938.476774,17334.59337,-489.86907,13328.569478,-311.095938
2021-09-04,49944.625,-0.1614,0.147,0.000403,-0.3228,-0.4843,-0.3313,-0.4984,10920.820095,17278.631034,-487.496859,13284.409121,-309.545344
2021-09-05,51753.4102,3.6216,0.1462,0.0004,7.2432,10.8647,7.2347,10.8506,11316.326464,18530.150345,-540.462143,14245.493582,-343.132788
2021-09-06,52633.5352,1.7006,0.1453,0.000398,3.4012,5.1018,3.3927,5.0877,11508.773335,19160.402478,-568.035644,14728.806818,-360.590257
2021-09-07,46811.1289,-11.0622,0.1445,0.000396,-22.1243,-33.1865,-22.1328,-33.2006,10235.654332,14921.293446,-379.524596,11468.909526,-240.871969
2021-09-08,46091.3906,-1.5375,0.1437,0.000394,-3.0751,-4.6126,-3.0835,-4.6268,10078.277391,14462.452723,-362.018607,11115.260051,-229.727384
2021-09-09,46391.4219,0.6509,0.1429,0.000391,1.3019,1.9528,1.2934,1.9387,10143.881794,14650.738983,-369.088272,11259.027438,-234.181093
2021-09-10,44883.9102,-3.2495,0.1421,0.000389,-6.4991,-9.7486,-6.5076,-9.7628,9814.251443,13698.573267,-333.107165,10526.338545,-211.318476
2021-09-11,45201.457,0.7075,0.1412,0.000387,1.415,2.1225,1.4065,2.1083,9883.685787,13892.403935,-340.177214,10674.391561,-215.773726
2021-09-12,46063.2695,1.9066,0.1404,0.000385,3.8132,5.7198,3.8047,5.7057,10072.128473,14422.150016,-359.634704,11080.52439,-228.085065
2021-09-13,44963.0742,-2.3884,0.1396,0.000382,-4.7769,-7.1653,-4.7854,-7.1795,9831.561343,13733.220116,-333.865686,10550.282266,-211.709775
2021-09-14,47092.4922,4.7359,0.1388,0.00038,9.4719,14.2078,9.4634,14.1936,10297.176823,15034.010428,-381.300582,11548.696605,-241.759115
2021-09-15,48176.3477,2.3015,0.1379,0.000378,4.6031,6.9046,4.5946,6.8905,10534.171106,15726.039823,-407.628009,12079.316749,-258.417558
2021-09-16,47783.3594,-0.8157,0.1371,0.000376,-1.6315,-2.4472,-1.6399,-2.4613,10448.240852,15469.476191,-397.652594,11881.226196,-252.057108
2021-09-17,47267.5195,-1.0795,0.1363,0.000373,-2.1591,-3.2386,-2.1675,-3.2527,10335.448052,15135.478235,-384.774153,11623.696701,-243.858364
2021-09-18,48278.3633,2.1386,0.1355,0.000371,4.2771,6.4157,4.2687,6.4016,10556.477697,15782.840471,-409.460019,12119.87331,-259.469115
2021-09-19,47260.2188,-2.1089,0.1347,0.000369,-4.2178,-6.3267,-4.2263,-6.3408,10333.851673,15117.150434,-383.554658,11607.65596,-243.016643
2021-09-20,42843.8008,-9.3449,0.1338,0.000367,-18.6898,-28.0347,-18.6982,-28.0488,9368.164052,12291.786668,-276.026314,9437.228649,-174.853417
2021-09-21,40693.6758,-5.0185,0.133,0.000364,-10.037,-15.0556,-10.0455,-15.0697,8898.020802,11058.054958,-234.469001,8489.212981,-148.5036
2021-09-22,43574.5078,7.0793,0.1322,0.000362,14.1586,21.2379,14.1502,21.2238,9527.939404,12623.72325,-284.265373,9690.451767,-180.021767
2021-09-23,44895.0977,3.0306,0.1314,0.00036,6.0613,9.0919,6.0529,9.0779,9816.697686,13388.884421,-310.11062,10277.000606,-196.363879
2021-09-24,42839.75,-4.5781,0.1305,0.000358,-9.1562,-13.7343,-9.1647,-13.7484,9367.278314,12162.96829,-267.518989,9335.148136,-169.366949
2021-09-25,42716.5938,-0.2875,0.1297,0.000355,-0.575,-0.8624,-0.5834,-0.8765,9340.349145,12093.035783,-265.211789,9280.686872,-167.882406
2021-09-26,43208.5391,1.1516,0.1289,0.000353,2.3033,3.4549,2.2949,3.4409,9447.917202,12371.574484,-274.374717,9493.665926,-173.659024
2021-09-27,42235.7305,-2.2514,0.1281,0.000351,-4.5029,-6.7543,-4.5113,-6.7684,9235.204269,11814.500616,-255.84268,9065.379453,-161.90517
2021-09-28,41034.543,-2.844,0.1273,0.000349,-5.688,-8.532,-5.6964,-8.5461,8972.554333,11142.489961,-234.014122,8548.974954,-148.068607
2021-09-29,41564.3633,1.2912,0.1264,0.000346,2.5823,3.8735,2.5739,3.8594,9088.404083,11430.224006,-243.07859,8769.015746,-153.783179
2021-09-30,43790.8945,5.3568,0.1256,0.000344,10.7137,16.0705,10.7052,16.0564,9575.254214,12654.818776,-282.142493,9707.758936,-178.475258
2021-10-01,48116.9414,9.8789,0.1248,0.000342,19.7577,29.6366,19.7493,29.6226,10521.181421,15155.125737,-365.759988,11624.975506,-231.344209
2021-10-02,47711.4883,-0.8426,0.124,0.00034,-1.6853,-2.5279,-1.6937,-2.542,10432.525622,14899.7191,-356.513857,11428.082826,-225.463503
2021-10-03,48199.9531,1.0238,0.1232,0.000337,2.0476,3.0714,2.0392,3.0573,10539.332644,15204.802392,-367.463703,11661.119478,-232.356647
2021-10-04,49112.9023,1.8941,0.1223,0.000335,3.7882,5.6823,3.7798,5.6682,10738.956812,15780.786872,-388.343953,12101.881502,-245.527137
2021-10-05,51514.8125,4.8906,0.1215,0.000333,9.7812,14.6718,9.7728,14.6577,11264.155043,17324.333698,-445.320872,13284.569667,-281.515845
2021-10-06,55361.4492,7.467,0.1207,0.000331,14.9341,22.4011,14.9257,22.3871,12105.255112,19911.566958,-545.077866,15267.382932,-344.53913
2021-10-07,53805.9844,-2.8097,0.1199,0.000328,-5.6193,-8.429,-5.6277,-8.443,11765.1394,18792.674919,-499.13347,14408.177766,-315.449736
2021-10-08,53967.8477,0.3008,0.119,0.000326,0.6017,0.9025,0.5932,0.8885,11800.532193,18905.742046,-503.638064,14493.653846,-318.252384
2021-10-09,54968.2227,1.8536,0.1182,0.000324,3.7073,5.5609,3.6989,5.5469,12019.272756,19606.634615,-531.645125,15029.758722,-335.905628
2021-10-10,54771.5781,-0.3577,0.1174,0.000322,-0.7155,-1.0732,-0.7239,-1.0872,11976.274745,19466.352201,-525.939368,14920.960067,-332.253529
2021-10-11,57484.7891,4.9537,0.1166,0.000319,9.9074,14.8611,9.899,14.847,12569.541558,21394.955375,-604.099492,16397.980913,-381.583355
2021-10-12,56041.0586,-2.5115,0.1158,0.000317,-5.023,-7.5345,-5.0314,-7.5485,12253.857524,20320.286773,-558.583616,15572.933017,-352.77952
2021-10-13,57401.0977,2.4269,0.1149,0.000315,4.8537,7.2806,4.8453,7.2666,12551.241715,21306.577342,-599.251774,16327.492483,-378.414546
2021-10-14,57321.5234,-0.1386,0.1141,0.000313,-0.2773,-0.4159,-0.2857,-0.4299,12533.842131,21247.50341,-596.759575,16280.852738,-376.787817
2021-10-15,61593.9492,7.4534,0.1133,0.00031,14.9069,22.3603,14.8985,22.3463,13468.044627,24414.843562,-730.196939,18706.453778,-460.986072
2021-10-16,60892.1797,-1.1393,0.1125,0.000308,-2.2787,-3.418,-2.2871,-3.432,13314.596707,23858.503417,-705.238482,18278.620971,-445.164889
2021-10-17,61553.6172,1.0862,0.1116,0.000306,2.1725,3.2587,2.1641,3.2447,13459.225683,24376.826424,-728.220309,18674.188507,-459.609375
2021-10-18,62026.0781,0.7676,0.1108,0.000304,1.5351,2.3027,1.5267,2.2887,13562.533314,24751.039957,-744.988892,18959.293723,-470.128468
2021-10-19,64261.9922,3.6048,0.11,0.000301,7.2096,10.8144,7.2012,10.8004,14051.435077,26535.489336,-825.554899,20324.592275,-520.904306
2021-10-20,65992.8359,2.6934,0.1092,0.000299,5.3868,8.0803,5.3785,8.0663,14429.89889,27964.912368,-892.26182,21417.741063,-562.921929
2021-10-21,62210.1719,-5.7319,0.1084,0.000297,-11.4639,-17.1958,-11.4722,-17.2098,13602.786989,24759.053201,-738.830314,18960.646022,-466.044429
2021-10-22,60692.2656,-2.44,0.1075,0.000295,-4.8799,-7.3199,-4.8883,-7.3339,13270.883785,23550.828872,-684.748717,18033.791576,-431.865414
2021-10-23,61393.6172,1.1556,0.1067,0.000292,2.3112,3.4668,2.3028,3.4528,13424.240312,24095.129219,-708.487306,18449.073409,-446.776883
2021-10-24,60930.8359,-0.7538,0.1059,0.00029,-1.5076,-2.2614,-1.516,-2.2753,13323.049227,23731.874062,-692.465707,18169.392872,-436.611229
2021-10-25,63039.8242,3.4613,0.1051,0.000288,6.9226,10.3838,6.9142,10.3699,13784.197581,25374.728407,-764.370287,19425.660068,-481.887383
2021-10-26,60363.793,-4.245,0.1042,0.000286,-8.49,-12.735,-8.4983,-12.7489,13199.060425,23220.421443,-667.028069,17774.801752,-420.452058
2021-10-27,58482.3867,-3.1168,0.1034,0.000283,-6.2336,-9.3503,-6.2419,-9.3643,12787.674832,21772.96283,-604.658689,16665.312082,-381.079772
2021-10-28,60622.1367,3.6588,0.1026,0.000281,7.3176,10.9764,7.3092,10.9624,13255.549499,23366.218503,-671.028335,17883.417158,-422.85545
2021-10-29,62227.9648,2.6489,0.1018,0.000279,5.2978,7.9467,5.2895,7.9328,13606.677574,24604.12046,-724.353221,18829.354516,-456.399785
2021-10-30,61888.832,-0.545,0.101,0.000277,-1.09,-1.635,-1.0983,-1.6489,13532.52328,24335.943135,-712.510381,18622.546452,-448.874315
2021-10-31,61318.957,-0.9208,0.1001,0.000274,-1.8416,-2.7624,-1.85,-2.7763,13407.915229,23887.770335,-692.827903,18278.035851,-436.412077
2021-11-01,61004.4062,-0.513,0.0993,0.000272,-1.0259,-1.5389,-1.0343,-1.5528,13339.136006,23642.693863,-682.165806,18088.985425,-429.635303
2021-11-02,63226.4023,3.6424,0.0985,0.00027,7.2847,10.9271,7.2764,10.9132,13824.994486,25364.994812,-756.706475,19405.204195,-476.522051
2021-11-03,62970.0469,-0.4055,0.0977,0.000268,-0.8109,-1.2164,-0.8193,-1.2303,13768.940167,25159.306844,-747.502132,19246.224633,-470.659524
2021-11-04,61452.2305,-2.4104,0.0968,0.000265,-4.8208,-7.2311,-4.8291,-7.245,13437.056608,23946.43785,-693.449242,18316.804367,-436.560073
2021-11-05,61125.6758,-0.5314,0.096,0.000263,-1.0628,-1.5942,-1.0711,-1.6081,13365.652628,23691.93703,-682.394358,18120.606251,-429.53982
2021-11-06,61527.4805,0.6573,0.0952,0.000261,1.3147,1.972,1.3063,1.9581,13453.510665,24003.411095,-695.85135,18357.323124,-437.950787
2021-11-07,63326.9883,2.9247,0.0944,0.000259,5.8494,8.7742,5.8411,8.7603,13846.988463,25407.477228,-756.906504,19429.593349,-476.316498
2021-11-08,67566.8281,6.6952,0.0936,0.000256,13.3903,20.0855,13.382,20.0716,14774.065765,28809.617049,-908.934689,22029.65588,-571.920753
2021-11-09,66971.8281,-0.8806,0.0927,0.000254,-1.7612,-2.6418,-1.7696,-2.6557,14643.963918,28302.21652,-884.92219,21639.828882,-556.732214
2021-11-10,64995.2305,-2.9514,0.0919,0.000252,-5.9028,-8.8542,-5.9111,-8.868,14211.763908,26631.600788,-806.569761,20360.675333,-507.361013
2021-11-11,64949.9609,-0.0697,0.0911,0.00025,-0.1393,-0.209,-0.1476,-0.2228,14201.865337,26594.502679,-804.88442,20330.616286,-506.230508
2021-11-12,64155.9414,-1.2225,0.0903,0.000247,-2.445,-3.6675,-2.4533,-3.6814,14028.246165,25944.261963,-775.365052,19831.835357,-487.594172
2021-11-13,64469.5273,0.4888,0.0895,0.000245,0.9776,1.4664,0.9692,1.4525,14096.814417,26197.886351,-786.734704,20024.054796,-494.676483
2021-11-14,65466.8398,1.547,0.0886,0.000243,3.0939,4.6409,3.0856,4.627,14314.885338,27008.423689,-823.245923,20641.912734,-517.565163
2021-11-15,63557.8711,-2.9159,0.0878,0.000241,-5.8319,-8.7478,-5.8402,-8.7616,13897.472968,25433.328972,-751.230041,19436.386342,-472.217925
2021-11-16,60161.2461,-5.3441,0.087,0.000238,-10.6883,-16.0324,-10.6966,-16.0463,13154.771815,22714.940846,-630.789565,17357.35167,-396.444503
2021-11-17,60368.0117,0.3437,0.0862,0.000236,0.6874,1.0311,0.6791,1.0172,13199.982891,22871.076872,-637.293367,17475.217326,-400.477197
2021-11-18,56942.1367,-5.675,0.0853,0.000234,-11.35,-17.025,-11.3583,-17.0388,12450.885975,20275.216971,-528.794477,15490.332515,-332.24073
2021-11-19,58119.5781,2.0678,0.0845,0.000232,4.1356,6.2034,4.1273,6.1895,12708.343625,21113.713078,-561.597488,16129.658473,-352.804851
2021-11-20,59697.1953,2.7144,0.0837,0.000229,5.4289,8.1433,5.4206,8.1295,13053.303137,22259.948399,-607.330056,17003.9755,-381.486021
2021-11-21,58730.4766,-1.6194,0.0829,0.000227,-3.2387,-4.8581,-3.2471,-4.8719,12841.921801,21539.006339,-577.825285,16451.847882,-362.900268
2021-11-22,56289.2891,-4.1566,0.0821,0.000225,-8.3132,-12.4698,-8.3215,-12.4836,12308.135242,19748.428223,-505.771731,15082.808164,-317.597244
2021-11-23,57569.0742,2.2736,0.0812,0.000223,4.5472,6.8208,4.5389,6.8069,12587.97123,20646.423053,-540.26919,15767.396676,-339.215904
2021-11-24,56280.4258,-2.2384,0.0804,0.00022,-4.4769,-6.7153,-4.4852,-6.7291,12306.19721,19722.108005,-503.988406,15060.20057,-316.389636
2021-11-25,57274.6797,1.7666,0.0796,0.000218,3.5332,5.2998,3.5249,5.286,12523.599344,20418.932261,-530.698889,15591.059632,-333.114039
2021-11-26,53569.7656,-6.4687,0.0788,0.000216,-12.9374,-19.406,-12.9457,-19.4198,11713.488147,17777.26269,-427.711297,13572.695294,-268.42385
2021-11-27,54815.0781,2.3247,0.0779,0.000214,4.6493,6.974,4.641,6.9602,11985.786392,18603.782918,-457.53974,14202.606152,-287.106606
2021-11-28,57248.457,4.4393,0.0771,0.000211,8.8785,13.3178,8.8702,13.304,12517.865535,20255.520158,-518.473752,15462.406933,-325.303155
2021-11-29,57806.5664,0.9749,0.0763,0.000209,1.9498,2.9247,1.9415,2.9109,12639.900931,20650.458162,-533.637395,15762.607768,-334.772344
2021-11-30,57005.4258,-1.3859,0.0755,0.000207,-2.7718,-4.1577,-2.7801,-4.1715,12464.724671,20078.069176,-511.450369,15324.393561,-320.807382
2021-12-01,57229.8281,0.3937,0.0747,0.000205,0.7873,1.181,0.779,1.1672,12513.792165,20236.144157,-517.490356,15443.772881,-324.551761
2021-12-02,56477.8164,-1.314,0.0738,0.000202,-2.628,-3.9421,-2.6363,-3.9558,12349.358361,19704.32996,-497.090566,15036.624737,-311.713025
2021-12-03,53598.2461,-5.0986,0.073,0.0002,-10.1972,-15.2958,-10.2055,-15.3095,11719.715645,17695.045352,-421.056789,13502.068737,-263.991228
2021-12-04,49200.7031,-8.2046,0.0722,0.000198,-16.4093,-24.6139,-16.4176,-24.6277,10758.155204,14791.415926,-317.418212,11285.358589,-198.976301
2021-12-05,49368.8477,0.3418,0.0714,0.000196,0.6835,1.0253,0.6752,1.0115,10794.921447,14892.515933,-320.672564,11361.560362,-200.988938
2021-12-06,50582.625,2.4586,0.0705,0.000193,4.9172,7.3758,4.9089,7.362,11060.32426,15624.807622,-344.324631,11919.288417,-215.785769
2021-12-07,50700.0859,0.2322,0.0697,0.000191,0.4644,0.6966,0.4562,0.6829,11086.008101,15697.374222,-346.723361,11973.659292,-217.259361
2021-12-08,50504.7969,-0.3852,0.0689,0.000189,-0.7704,-1.1556,-0.7786,-1.1693,11043.306474,15576.4464,-342.716783,11880.427506,-214.718943
2021-12-09,47672.1211,-5.6087,0.0681,0.000187,-11.2175,-16.8262,-11.2257,-16.8399,10423.917649,13829.165935,-285.050645,10546.763843,-178.560441
2021-12-10,47243.3047,-0.8995,0.0673,0.000184,-1.799,-2.6985,-1.8073,-2.7123,10330.153269,13580.375946,-277.358452,10356.153205,-173.717393
2021-12-11,49362.5078,4.4857,0.0664,0.000182,8.9714,13.4572,8.9632,13.4434,10793.535185,14798.731662,-314.683036,11284.393753,-197.07097
2021-12-12,50098.3359,1.4907,0.0656,0.00018,2.9813,4.472,2.9731,4.4583,10954.430308,15239.929788,-328.755616,11619.885771,-205.8569
2021-12-13,46737.4805,-6.7085,0.0648,0.000178,-13.417,-20.1256,-13.4253,-20.1393,10219.55047,13195.183174,-262.591735,10059.881937,-164.39881
2021-12-14,46612.6328,-0.2671,0.064,0.000175,-0.5343,-0.8014,-0.5425,-0.8151,10192.251461,13124.687817,-260.487388,10005.306258,-163.058801
2021-12-15,48896.7227,4.9002,0.0632,0.000173,9.8003,14.7005,9.792,14.6867,10691.687271,14410.947114,-298.780222,10985.030722,-187.006823
2021-12-16,47665.4258,-2.5182,0.0623,0.000171,-5.0363,-7.5545,-5.0446,-7.5682,10422.453662,13685.166195,-276.208945,10430.883209,-172.853798
2021-12-17,46202.1445,-3.0699,0.0615,0.000169,-6.1398,-9.2097,-6.1481,-9.2234,10102.494682,12844.924163,-250.770924,9789.58707,-156.910785
2021-12-18,46848.7773,1.3996,0.0607,0.000166,2.7991,4.1987,2.7909,4.185,10243.886485,13204.472384,-261.300092,10062.804446,-163.477528
2021-12-19,46707.0156,-0.3026,0.0599,0.000164,-0.6052,-0.9078,-0.6134,-0.9215,10212.889071,13124.560429,-258.928054,10001.075706,-161.971115
2021-12-20,46880.2773,0.371,0.059,0.000162,0.7419,1.1129,0.7337,1.0992,10250.77423,13221.932692,-261.809569,10074.450079,-163.751452
2021-12-21,48936.6133,4.3864,0.0582,0.00016,8.7727,13.1591,8.7645,13.1454,10700.409698,14381.854812,-296.26127,10957.422298,-185.277202
2021-12-22,48628.5117,-0.6296,0.0574,0.000157,-1.2592,-1.8888,-1.2674,-1.9025,10633.040652,14200.760468,-290.665548,10818.545108,-181.75237
2021-12-23,50784.5391,4.4337,0.0566,0.000155,8.8673,13.301,8.8591,13.2873,11104.4745,15459.989953,-329.326994,11776.970967,-205.902403
2021-12-24,50822.1953,0.0741,0.0558,0.000153,0.1483,0.2224,0.1401,0.2088,11112.708361,15482.916822,-330.059573,11793.466163,-206.33227
2021-12-25,50429.8594,-0.772,0.0549,0.00015,-1.544,-2.3159,-1.5522,-2.3296,11026.920748,15243.867539,-322.415615,11610.409422,-201.525546
2021-12-26,50809.5156,0.7528,0.0541,0.000148,1.5057,2.2585,1.4974,2.2449,11109.935839,15473.391462,-329.697438,11784.269492,-206.0495
2021-12-27,50640.418,-0.3328,0.0533,0.000146,-0.6656,-0.9984,-0.6738,-1.0121,11072.961188,15370.398383,-326.405669,11704.862098,-203.964108
2021-12-28,47588.8555,-6.0259,0.0525,0.000144,-12.0519,-18.0778,-12.0601,-18.0915,10405.710907,13517.975627,-267.398615,10293.24273,-167.063972
2021-12-29,46444.7109,-2.4042,0.0516,0.000141,-4.8085,-7.2127,-4.8167,-7.2263,10155.533904,12867.969749,-248.111999,9797.450223,-154.991368
2021-12-30,47178.125,1.5791,0.0508,0.000139,3.1582,4.7373,3.15,4.7237,10315.901172,13274.36909,-259.865899,10106.070182,-162.312676
2021-12-31,46306.4453,-1.8476,0.05,0.000137,-3.6953,-5.5429,-3.7035,-5.5565,10125.300941,12783.845234,-245.461776,9731.792907,-153.293692
2022-01-01,47686.8125,2.9809,0.0554,0.000152,5.9619,8.9428,5.9536,8.9291,10427.130051,13546.002656,-267.412979,10311.189341,-166.981508
2022-01-02,47345.2188,-0.7163,0.0608,0.000167,-1.4327,-2.149,-1.4409,-2.1627,10352.437651,13351.935173,-261.666321,10162.615028,-163.370224
2022-01-03,46458.1172,-1.8737,0.0662,0.000181,-3.7474,-5.6211,-3.7556,-5.6348,10158.465296,12851.588026,-246.957891,9780.943891,-154.164645
2022-01-04,45897.5742,-1.2066,0.0716,0.000196,-2.4131,-3.6197,-2.4214,-3.6334,10035.897774,12541.464942,-238.018839,9544.10916,-148.563183
2022-01-05,43569.0039,-5.0734,0.077,0.000211,-10.1468,-15.2202,-10.1551,-15.234,9526.735928,11268.906056,-201.791852,8574.894831,-125.931053
2022-01-06,43160.9297,-0.9366,0.0824,0.000226,-1.8732,-2.8098,-1.8815,-2.8237,9437.507004,11057.813324,-196.121809,8413.55478,-122.375177
2022-01-07,41557.9023,-3.7141,0.0878,0.00024,-7.4281,-11.1422,-7.4365,-11.1561,9086.991343,10236.423366,-174.269502,7787.883839,-108.722926
2022-01-08,41733.9414,0.4236,0.0932,0.000255,0.8472,1.2708,0.8389,1.2569,9125.483792,10323.14624,-176.484116,7853.213399,-110.089484
2022-01-09,41911.6016,0.4257,0.0986,0.00027,0.8514,1.2771,0.843,1.2632,9164.330707,10411.036898,-178.737979,7919.419273,-111.480114
2022-01-10,41821.2617,-0.2155,0.104,0.000285,-0.4311,-0.6466,-0.4395,-0.6606,9144.577127,10366.155222,-177.582178,7884.616267,-110.743692
2022-01-11,42735.8555,2.1869,0.1094,0.0003,4.3738,6.5607,4.3654,6.5468,9344.560885,10819.552389,-189.23287,8228.814463,-117.99382
2022-01-12,43949.1016,2.8389,0.1148,0.000314,5.6779,8.5168,5.6695,8.5028,9609.847536,11433.873994,-205.349504,8695.346039,-128.026631
2022-01-13,42591.5703,-3.0889,0.1202,0.000329,-6.1777,-9.2666,-6.1862,-9.2806,9313.011699,10727.518656,-186.320557,8157.438516,-116.144936
2022-01-14,43099.6992,1.193,0.1256,0.000344,2.3861,3.5791,2.3776,3.565,9424.118438,10983.48303,-192.989121,8351.392031,-120.28553
2022-01-15,43177.3984,0.1803,0.131,0.000359,0.3606,0.5408,0.3521,0.5267,9441.108037,11023.084608,-194.032871,8380.798515,-120.919129
2022-01-16,43113.8789,-0.1471,0.1364,0.000374,-0.2942,-0.4413,-0.3027,-0.4555,9427.218948,10990.651845,-193.176528,8355.431379,-120.368396
2022-01-17,42250.5508,-2.0024,0.1418,0.000388,-4.0049,-6.0073,-4.0133,-6.0215,9238.444858,10550.490157,-181.571815,8020.099182,-113.120466
2022-01-18,42375.6328,0.296,0.1472,0.000403,0.5921,0.8881,0.5836,0.874,9265.795115,10612.959248,-183.184436,8066.905381,-114.109103
2022-01-19,41744.3281,-1.4898,0.1525,0.000418,-2.9796,-4.4693,-2.9881,-4.4836,9127.754937,10296.739266,-174.997288,7825.861023,-108.992961
2022-01-20,40680.418,-2.5486,0.1579,0.000433,-5.0973,-7.6459,-5.1058,-7.6601,8895.121868,9771.886862,-161.617167,7426.289541,-100.643951
2022-01-21,36457.3164,-10.3812,0.1633,0.000448,-20.7623,-31.1435,-20.7709,-31.1578,7971.704535,7743.015344,-111.28393,5883.785268,-69.285548
2022-01-22,35030.25,-3.9143,0.1687,0.000462,-7.8287,-11.743,-7.8372,-11.7573,7659.664241,7136.838139,-98.215807,5422.658811,-61.139411
2022-01-23,36276.8047,3.5585,0.1741,0.000477,7.117,10.6755,7.1085,10.6612,7932.234102,7644.76823,-108.700863,5808.126302,-67.657608
2022-01-24,36654.3281,1.0407,0.1795,0.000492,2.0813,3.122,2.0728,3.1077,8014.782835,7803.88253,-112.094529,5928.515682,-69.760183
2022-01-25,36954.0039,0.8176,0.1849,0.000507,1.6351,2.4527,1.6266,2.4383,8080.309512,7931.487356,-114.843892,6024.946342,-71.46117
2022-01-26,36852.1211,-0.2757,0.1903,0.000521,-0.5514,-0.8271,-0.56,-0.8415,8058.031962,7887.752867,-113.894012,5991.20622,-70.859811
2022-01-27,37138.2344,0.7764,0.1957,0.000536,1.5528,2.3291,1.5441,2.3147,8120.593082,8010.231074,-116.546771,6083.719181,-72.500006
2022-01-28,37784.332,1.7397,0.2011,0.000551,3.4794,5.2191,3.4708,5.2047,8261.867869,8288.94069,-122.629499,6294.872128,-76.273384
2022-01-29,38138.1797,0.9365,0.2065,0.000566,1.873,2.8095,1.8643,2.795,8339.23969,8444.191403,-126.074749,6412.229832,-78.405208
2022-01-30,37917.6016,-0.5784,0.2119,0.000581,-1.1567,-1.7351,-1.1654,-1.7496,8291.008394,8346.5148,-123.88723,6337.502086,-77.033409
2022-01-31,38483.125,1.4915,0.2173,0.000595,2.9829,4.4744,2.9742,4.4598,8414.664938,8595.483593,-129.430392,6525.993952,-80.468945
2022-02-01,38743.2734,0.676,0.2227,0.00061,1.352,2.028,1.3433,2.0134,8471.548622,8711.695654,-132.055266,6613.658979,-82.08913
2022-02-02,36952.9844,-4.6209,0.2281,0.000625,-9.2418,-13.8627,-9.2505,-13.8773,8080.086583,7906.577652,-113.748829,6001.861593,-70.697352
2022-02-03,37154.6016,0.5456,0.2335,0.00064,1.0912,1.6368,1.0825,1.6222,8124.171908,7992.854957,-115.610685,6066.830982,-71.844179
2022-02-04,41500.875,11.6978,0.2389,0.000655,23.3956,35.0934,23.3869,35.0787,9074.521826,9862.832388,-156.182428,7485.673251,-97.046213
2022-02-05,41441.1641,-0.1439,0.2443,0.000669,-0.2878,-0.4316,-0.2965,-0.4463,9061.465518,9834.451349,-155.508288,7463.477557,-96.613052
2022-02-06,42412.4336,2.3437,0.2497,0.000684,4.6875,7.0312,4.6787,7.0165,9273.841921,10295.437577,-166.442378,7812.671004,-103.391864
2022-02-07,43840.2852,3.3666,0.2551,0.000699,6.7332,10.0998,6.7244,10.085,9586.053897,10988.647345,-183.252661,8338.025732,-113.818928
2022-02-08,44118.4453,0.6345,0.2605,0.000714,1.269,1.9035,1.2602,1.8887,9646.875998,11128.090045,-186.740794,8443.099422,-115.968579
2022-02-09,44338.7969,0.4995,0.2659,0.000728,0.9989,1.4984,0.9901,1.4835,9695.057755,11239.249539,-189.53885,8526.69441,-117.689015
2022-02-10,43565.1133,-1.7449,0.2713,0.000743,-3.4899,-5.2348,-3.4987,-5.2497,9525.885209,10847.014134,-179.616856,8228.371184,-111.510737
2022-02-11,42407.9375,-2.6562,0.2767,0.000758,-5.3124,-7.9686,-5.3212,-7.9835,9272.858812,10270.777733,-165.303916,7790.520072,-102.608299
2022-02-12,42244.4688,-0.3855,0.2821,0.000773,-0.7709,-1.1564,-0.7798,-1.1713,9237.114969,10191.596745,-163.392339,7729.770398,-101.40643
2022-02-13,42197.5156,-0.1111,0.2875,0.000788,-0.2223,-0.3334,-0.2312,-0.3484,9226.848266,10168.941598,-162.847525,7711.902089,-101.053146
2022-02-14,42586.918,0.9228,0.2929,0.000802,1.8456,2.7684,1.8367,2.7535,9311.994425,10356.621353,-167.355839,7853.549125,-103.835596
2022-02-15,44575.2031,4.6688,0.2983,0.000817,9.3375,14.0063,9.3286,13.9913,9746.750006,11323.674969,-190.796215,8586.178464,-118.363551
2022-02-16,43961.8594,-1.376,0.3037,0.000832,-2.752,-4.1279,-2.7609,-4.143,9612.637141,11012.053045,-182.920289,8349.125701,-113.459797
2022-02-17,40538.0117,-7.7882,0.3091,0.000847,-15.5764,-23.3647,-15.5854,-23.3797,8863.983522,9296.766542,-140.181569,7047.88315,-86.9332
2022-02-18,40030.9766,-1.2508,0.3145,0.000862,-2.5015,-3.7523,-2.5105,-3.7674,8753.115941,9064.205187,-134.921544,6870.947931,-83.65809
2022-02-19,40122.1562,0.2278,0.3199,0.000876,0.4555,0.6833,0.4466,0.6682,8773.053161,9105.49678,-135.843488,6901.6327,-84.21709
2022-02-20,38431.3789,-4.2141,0.3253,0.000891,-8.4281,-12.6422,-8.4371,-12.6574,8403.350211,8338.07204,-118.669853,6319.33358,-73.557418
2022-02-21,37075.2812,-3.5286,0.3307,0.000906,-7.0572,-10.5859,-7.0662,-10.601,8106.827842,7749.63414,-106.107625,5872.794945,-65.759563
2022-02-22,38286.0273,3.2656,0.3361,0.000921,6.5313,9.7969,6.5223,9.7817,8371.567847,8255.784812,-116.502912,6255.835184,-72.191977
2022-02-23,37296.5703,-2.5844,0.3415,0.000935,-5.1688,-7.7531,-5.1778,-7.7684,8155.214591,7829.062851,-107.470273,5931.921751,-66.583826
2022-02-24,38332.6094,2.7778,0.3468,0.00095,5.5557,8.3335,5.5466,8.3182,8381.753407,8264.020536,-116.426329,6260.944547,-72.122435
2022-02-25,39214.2188,2.2999,0.3522,0.000965,4.5998,6.8997,4.5907,6.8844,8574.524849,8644.147958,-124.459376,6548.368277,-77.087618
2022-02-26,39105.1484,-0.2781,0.3576,0.00098,-0.5563,-0.8344,-0.5653,-0.8497,8550.675691,8596.062342,-123.420863,6511.347637,-76.432567
2022-02-27,37709.7852,-3.5682,0.363,0.000995,-7.1365,-10.7047,-7.1455,-10.7201,8245.567556,7982.607069,-110.209027,6046.076346,-68.238949
2022-02-28,43193.2344,14.5412,0.3684,0.001009,29.0824,43.6236,29.0733,43.6082,9444.570701,10304.138222,-158.286118,7803.868825,-97.996701
2022-03-01,44354.6367,2.6889,0.3738,0.001024,5.3777,8.0666,5.3686,8.0511,9698.521272,10858.264369,-171.054359,8222.827211,-105.886552
2022-03-02,43924.1172,-0.9706,0.3792,0.001039,-1.9413,-2.9119,-1.9504,-2.9273,9604.384489,10647.477167,-166.073443,8062.450691,-102.786894
2022-03-03,42451.7891,-3.352,0.3846,0.001054,-6.704,-10.0559,-6.7131,-10.0714,9282.447332,9933.674314,-149.373191,7521.210454,-92.434793
2022-03-04,39137.6055,-7.8069,0.39,0.001069,-15.6139,-23.4208,-15.623,-23.4363,8557.772699,8382.643313,-114.388787,6346.170178,-70.771487
2022-03-05,39400.5859,0.6719,0.3954,0.001083,1.3439,2.0158,1.3347,2.0003,8615.275631,8495.295655,-116.694653,6430.873183,-72.187113
2022-03-06,38419.9844,-2.4888,0.4008,0.001098,-4.9776,-7.4664,-4.9868,-7.482,8400.858699,8072.433914,-107.981765,6110.179736,-66.786099
2022-03-07,38062.0391,-0.9317,0.4062,0.001113,-1.8633,-2.795,-1.8725,-2.8106,8322.59089,7922.01793,-104.963682,5995.76516,-64.909016
2022-03-08,38737.2695,1.774,0.4116,0.001128,3.5481,5.3221,3.5388,5.3065,8470.235817,8203.095245,-110.549931,6207.945821,-68.353382
2022-03-09,41982.9258,8.3786,0.417,0.001143,16.7573,25.1359,16.7481,25.1203,9179.926359,9577.710838,-138.337673,7247.655985,-85.523933
2022-03-10,39437.4609,-6.0631,0.4224,0.001157,-12.1262,-18.1893,-12.1354,-18.205,8623.338666,8416.299346,-113.175037,6368.121745,-69.954326
2022-03-11,38794.9727,-1.6291,0.4278,0.001172,-3.2583,-4.8874,-3.2675,-4.9031,8482.853099,8142.074101,-107.643725,6160.042209,-66.524388
2022-03-12,38904.0117,0.2811,0.4332,0.001187,0.5621,0.8432,0.5529,0.8275,8506.695424,8187.843131,-108.551372,6194.098667,-67.074845
2022-03-13,37849.6641,-2.7101,0.4386,0.001202,-5.4203,-8.1304,-5.4295,-8.1462,8276.153277,7744.041433,-99.725735,5857.787886,-61.610827
2022-03-14,39666.7539,4.8008,0.444,0.001216,9.6016,14.4024,9.5923,14.3866,8673.475537,8487.594613,-114.08866,6419.685535,-70.474544
2022-03-15,39338.7852,-0.8268,0.4494,0.001231,-1.6536,-2.4804,-1.6629,-2.4963,8601.762361,8347.242025,-111.25877,6312.930419,-68.715314
2022-03-16,41143.9297,4.5887,0.4548,0.001246,9.1774,13.7661,9.1681,13.7503,8996.472676,9113.304232,-126.574812,6891.706241,-78.163864
2022-03-17,40951.3789,-0.468,0.4602,0.001261,-0.936,-1.404,-0.9453,-1.4199,8954.369798,9028.004949,-124.797727,6826.55692,-77.054038
2022-03-18,41801.1562,2.0751,0.4656,0.001276,4.1502,6.2253,4.1408,6.2093,9140.180894,9402.683129,-132.566717,7109.232298,-81.838588
2022-03-19,42190.6523,0.9318,0.471,0.00129,1.8636,2.7953,1.8542,2.7794,9225.347551,9577.908347,-136.27242,7241.051225,-84.113209
2022-03-20,41247.8242,-2.2347,0.4764,0.001305,-4.4694,-6.7041,-4.4788,-6.72,9019.190105,9149.836209,-127.136642,6916.742129,-78.460772
2022-03-21,41077.9961,-0.4117,0.4818,0.00132,-0.8235,-1.2352,-0.8329,-1.2512,8982.055731,9074.491652,-125.566277,6859.13572,-77.47908
2022-03-22,42358.8086,3.118,0.4872,0.001335,6.236,9.354,6.2266,9.338,9262.116356,9640.377208,-137.311752,7286.225698,-84.714049
2022-03-23,42892.957,1.261,0.4926,0.00135,2.522,3.783,2.5126,3.767,9378.912487,9883.509279,-142.506293,7469.298423,-87.905192
2022-03-24,43960.9336,2.4899,0.498,0.001364,4.9797,7.4696,4.9703,7.4535,9612.434711,10375.681281,-153.150935,7840.543673,-94.457201
2022-03-25,44348.7305,0.8821,0.5034,0.001379,1.7643,2.6464,1.7548,2.6303,9697.22982,10558.737301,-157.203951,7978.130963,-96.941701
2022-03-26,44500.8281,0.343,0.5088,0.001394,0.6859,1.0289,0.6764,1.0127,9730.487275,10631.161435,-158.821383,8032.098276,-97.923446
2022-03-27,46820.4922,5.2126,0.5142,0.001409,10.4253,15.6379,10.4158,15.6217,10237.701693,11739.487917,-183.657702,8868.703286,-113.22076
2022-03-28,47128.0039,0.6568,0.5196,0.001423,1.3136,1.9704,1.3041,1.9541,10304.941765,11893.695185,-187.276431,8984.357547,-115.433262
2022-03-29,47465.7305,0.7166,0.525,0.001438,1.4332,2.1498,1.4237,2.1336,10378.788571,12064.159302,-191.302587,9112.268787,-117.896147
2022-03-30,47062.6641,-0.8492,0.5304,0.001453,-1.6983,-2.5475,-1.7079,-2.5638,10290.654648,11859.268014,-186.429114,8956.641968,-114.873529
2022-03-31,45538.6758,-3.2382,0.5358,0.001468,-6.4764,-9.7146,-6.486,-9.7309,9957.421556,11091.211813,-168.318211,8375.716709,-103.695257
2022-04-01,46281.6445,1.6315,0.5412,0.001483,3.263,4.8945,3.2535,4.8782,10119.878038,11453.120614,-176.556604,8648.217158,-108.753719
2022-04-02,45868.9492,-0.8917,0.5465,0.001497,-1.7834,-2.6751,-1.793,-2.6915,10029.638672,11248.864727,-171.833517,8493.155684,-105.826638
2022-04-03,46453.5664,1.2745,0.5519,0.001512,2.5491,3.8236,2.5395,3.8072,10157.470228,11535.606838,-178.403767,8708.837812,-109.855691
2022-04-04,46622.6758,0.364,0.5573,0.001527,0.7281,1.0921,0.7185,1.0757,10194.447442,11619.59519,-180.352148,8771.408202,-111.037403
2022-04-05,45555.9922,-2.2879,0.5627,0.001542,-4.5758,-6.8637,-4.5854,-6.8802,9961.207936,11087.904062,-167.973278,8369.200673,-103.397835
2022-04-06,43206.7383,-5.1568,0.5681,0.001557,-10.3137,-15.4705,-10.3233,-15.487,9447.523446,9944.331035,-141.986891,7505.21984,-87.38458
2022-04-07,43503.8477,0.6876,0.5735,0.001571,1.3753,2.0629,1.3656,2.0464,9512.488955,10081.094609,-144.915992,7607.713999,-89.17284
2022-04-08,42287.6641,-2.7956,0.5789,0.001586,-5.5912,-8.3867,-5.6008,-8.4033,9246.559995,9517.445069,-132.762278,7181.619444,-81.679403
2022-04-09,42782.1367,1.1693,0.5843,0.001601,2.3386,3.5079,2.3289,3.4913,9354.680677,9740.02139,-137.419474,7348.874413,-84.531116
2022-04-10,42207.6719,-1.3428,0.5897,0.001616,-2.6855,-4.0283,-2.6952,-4.0449,9229.069018,9478.449608,-131.8838,7150.805059,-81.111913
2022-04-11,39521.9023,-6.3632,0.5951,0.00163,-12.7265,-19.0897,-12.7362,-19.1063,8641.802502,8272.179277,-106.707607,6240.066758,-65.61442
2022-04-12,40127.1836,1.5315,0.6005,0.001645,3.063,4.5945,3.0533,4.5779,8774.152433,8525.557516,-111.610315,6430.594051,-68.61816
2022-04-13,41166.7305,2.5906,0.6059,0.00166,5.1813,7.7719,5.1715,7.7552,9001.458262,8967.288826,-120.284546,6763.15337,-73.939635
2022-04-14,39935.5156,-2.9908,0.6113,0.001675,-5.9816,-8.9724,-5.9914,-8.9891,8732.24259,8430.90136,-109.492133,6357.948617,-67.293112
2022-04-15,40553.4648,1.5474,0.6167,0.00169,3.0947,4.6421,3.085,4.6254,8867.36248,8691.815427,-114.57487,6554.089,-70.405656
2022-04-16,40424.4844,-0.3181,0.6221,0.001704,-0.6361,-0.9542,-0.6459,-0.9709,8839.159795,8636.526715,-113.481653,6511.756961,-69.722066
2022-04-17,39716.9531,-1.7503,0.6275,0.001719,-3.5005,-5.2508,-3.5103,-5.2676,8684.452027,8334.204366,-107.523001,6283.174115,-66.049407
2022-04-18,40826.2148,2.7929,0.6329,0.001734,5.5858,8.3788,5.576,8.3619,8927.001604,8799.739264,-116.532086,6633.525081,-71.572402
2022-04-19,41502.75,1.6571,0.6383,0.001749,3.3142,4.9713,3.3044,4.9545,9074.931811,9091.381925,-122.32528,6852.722514,-75.118429
2022-04-20,41374.3789,-0.3093,0.6437,0.001764,-0.6186,-0.9279,-0.6285,-0.9448,9046.862372,9035.141284,-121.190196,6809.655851,-74.408696
2022-04-21,40527.3633,-2.0472,0.6491,0.001778,-4.0944,-6.1416,-4.1043,-6.1585,8861.65515,8665.206747,-113.747185,6530.17005,-69.82622
2022-04-22,39740.3203,-1.942,0.6545,0.001793,-3.884,-5.826,-3.8939,-5.843,8689.561462,8328.649444,-107.120261,6275.892863,-65.746297
2022-04-23,39486.7305,-0.6381,0.6599,0.001808,-1.2762,-1.9144,-1.2861,-1.9313,8634.111871,8222.356345,-105.069602,6195.177059,-64.476514
2022-04-24,39469.293,-0.0442,0.6653,0.001823,-0.0883,-0.1325,-0.0982,-0.1495,8630.299012,8215.094293,-104.930405,6189.091802,-64.380124
2022-04-25,40458.3086,2.5058,0.6707,0.001837,5.0116,7.5174,5.0017,7.5003,8846.555751,8626.799495,-112.818396,6498.648533,-69.208832
2022-04-26,38117.4609,-5.7858,0.6761,0.001852,-11.5717,-17.3575,-11.5816,-17.3746,8334.709358,7628.536143,-93.235965,5746.001831,-57.184106
2022-04-27,39241.1211,2.9479,0.6815,0.001867,5.8958,8.8437,5.8858,8.8266,8580.407277,8078.297586,-101.481441,6084.201573,-62.231496
2022-04-28,39773.8281,1.3575,0.6869,0.001882,2.715,4.0726,2.7051,4.0554,8696.888233,8297.626993,-105.614341,6248.784146,-64.755253
2022-04-29,38609.8242,-2.9266,0.6923,0.001897,-5.8531,-8.7797,-5.8631,-8.7968,8442.368807,7811.957361,-96.341748,5882.412082,-59.05884
2022-04-30,37714.875,-2.3179,0.6977,0.001911,-4.6359,-6.9538,-4.6459,-6.971,8246.680494,7449.805744,-89.642341,5609.123669,-54.941856
2022-05-01,38469.0938,1.9998,0.7031,0.001926,3.9996,5.9994,3.9896,5.9822,8411.596885,7747.766863,-95.02032,5832.903807,-58.228561
2022-05-02,38529.3281,0.1566,0.7085,0.001941,0.3132,0.4697,0.3031,0.4525,8424.767647,7772.029556,-95.466665,5850.585324,-58.492036
2022-05-03,37750.4531,-2.0215,0.7139,0.001956,-4.043,-6.0645,-4.0531,-6.0818,8254.459956,7457.804532,-89.677055,5613.457472,-54.934657
2022-05-04,39698.3711,5.16,0.7193,0.001971,10.32,15.48,10.3099,15.4626,8680.388906,8227.447821,-103.559024,6192.200366,-63.429009
2022-05-05,36575.1406,-7.8674,0.7247,0.001985,-15.7348,-23.6022,-15.7449,-23.6195,7997.46781,6932.875021,-79.11681,5217.246363,-48.447364
2022-05-06,36040.9219,-1.4606,0.7301,0.002,-2.9212,-4.3818,-2.9313,-4.3992,7880.656304,6730.351024,-75.650055,5064.313501,-46.316073
2022-05-07,35501.9531,-1.4954,0.7355,0.002015,-2.9909,-4.4863,-3.001,-4.5037,7762.80617,6529.054904,-72.256161,4912.335064,-44.230133
2022-05-08,34059.2656,-4.0637,0.7408,0.00203,-8.1274,-12.1911,-8.1375,-12.2085,7447.35019,5998.41447,-63.447373,4512.594699,-38.830305
2022-05-09,30296.9531,-11.0464,0.7462,0.002045,-22.0927,-33.1391,-22.1029,-33.1566,6624.688332,4673.200357,-42.421478,3515.181908,-25.955508
2022-05-10,31022.9062,2.3961,0.7516,0.002059,4.7923,7.1884,4.7821,7.1709,6783.424202,4897.151881,-45.470894,3683.281781,-27.816749
2022-05-11,28936.3555,-6.7258,0.757,0.002074,-13.4517,-20.1775,-13.4618,-20.195,6327.182,4238.402762,-36.295997,3187.444479,-22.199146
2022-05-12,29047.752,0.385,0.7624,0.002089,0.7699,1.1549,0.7598,1.1374,6351.539795,4271.035977,-36.715184,3211.661735,-22.451632
2022-05-13,29283.1035,0.8102,0.7678,0.002104,1.6204,2.4307,1.6103,2.4131,6403.00143,4340.245808,-37.607608,3263.377843,-22.99341
2022-05-14,30101.2656,2.794,0.7732,0.002118,5.5879,8.3819,5.5777,8.3643,6581.899584,4582.77643,-40.759848,3445.400772,-24.916651
2022-05-15,31305.1133,3.9993,0.7786,0.002133,7.9987,11.998,7.9884,11.9803,6845.131187,4949.336743,-45.650205,3720.634408,-27.901751
2022-05-16,29862.918,-4.6069,0.784,0.002148,-9.2138,-13.8207,-9.224,-13.8384,6529.782827,4493.314739,-39.341027,3377.441955,-24.040604
2022-05-17,30425.8574,1.8851,0.7894,0.002163,3.7702,5.6552,3.7599,5.6375,6652.874361,4662.719761,-41.565855,3504.430802,-25.395903
2022-05-18,28720.2715,-5.6057,0.7948,0.002178,-11.2114,-16.8171,-11.2217,-16.8349,6279.933385,4139.962479,-34.575668,3111.174659,-21.120538
2022-05-19,30314.334,5.5503,0.8002,0.002192,11.1006,16.6509,11.0903,16.6332,6628.488806,4599.523521,-40.332833,3456.214329,-24.63355
2022-05-20,29200.7402,-3.6735,0.8056,0.002207,-7.347,-11.0205,-7.3573,-11.0383,6384.991993,4261.597532,-35.887966,3201.931394,-21.914437
2022-05-21,29432.2266,0.7927,0.811,0.002222,1.5855,2.3782,1.5752,2.3604,6435.608462,4329.16442,-36.741462,3252.367528,-22.431708
2022-05-22,30323.7227,3.029,0.8164,0.002237,6.058,9.0869,6.0476,9.0691,6630.54172,4591.423421,-40.080137,3449.059006,-24.466061
2022-05-23,29098.9102,-4.0391,0.8218,0.002252,-8.0782,-12.1174,-8.0886,-12.1352,6362.725975,4220.516929,-35.223478,3170.079109,-21.497045
2022-05-24,29655.5859,1.913,0.8272,0.002266,3.8261,5.7391,3.8157,5.7212,6484.447903,4381.99786,-37.245003,3291.04125,-22.726942
2022-05-25,29562.3613,-0.3144,0.8326,0.002281,-0.6287,-0.9431,-0.6391,-0.961,6464.063543,4354.447567,-36.893756,3270.008908,-22.508535
2022-05-26,29267.2246,-0.9984,0.838,0.002296,-1.9967,-2.9951,-2.0071,-3.013,6399.529372,4267.502052,-35.788766,3204.37708,-21.830348
2022-05-27,28627.5742,-2.1856,0.8434,0.002311,-4.3711,-6.5567,-4.3815,-6.5746,6259.664334,4080.965106,-33.44222,3063.977404,-20.39508
2022-05-28,28814.9004,0.6544,0.8488,0.002325,1.3087,1.9631,1.2983,1.945,6300.624806,4134.373164,-34.098713,3103.757139,-20.791774
2022-05-29,29445.957,2.19,0.8542,0.00234,4.3801,6.5701,4.3696,6.5521,6438.610747,4315.46167,-36.339035,3239.380438,-22.154062
2022-05-30,31726.3906,7.7445,0.8596,0.002355,15.4889,23.2334,15.4785,23.2153,6937.247087,4983.881023,-44.781833,3740.788091,-27.297202
2022-05-31,31792.3105,0.2078,0.865,0.00237,0.4156,0.6233,0.4051,0.6052,6951.661042,5004.59167,-45.060971,3755.942046,-27.46241
2022-06-01,29799.0801,-6.2695,0.8704,0.002385,-12.5391,-18.8086,-12.5495,-18.8267,6515.824126,4377.062282,-36.585629,3284.588615,-22.292131
2022-06-02,30467.4883,2.243,0.8758,0.002399,4.4861,6.7291,4.4756,6.711,6661.977305,4573.421654,-39.047531,3431.594253,-23.788152
2022-06-03,29704.3906,-2.5046,0.8812,0.002414,-5.0093,-7.5139,-5.0198,-7.5321,6495.119466,4344.327131,-36.113543,3259.336626,-21.996408
2022-06-04,29832.9141,0.4327,0.8866,0.002429,0.8653,1.298,0.8548,1.2798,6523.222216,4381.920756,-36.582306,3287.198694,-22.277917
2022-06-05,29906.6621,0.2472,0.892,0.002444,0.4944,0.7416,0.4839,0.7234,6539.347859,4403.58529,-36.853604,3303.104834,-22.439065
2022-06-06,31370.6719,4.8953,0.8974,0.002459,9.7905,14.6858,9.78,14.6675,6859.466135,4834.719454,-42.265847,3626.148,-25.730315
2022-06-07,31155.4785,-0.686,0.9028,0.002473,-1.3719,-2.0579,-1.3825,-2.0762,6812.412263,4768.390015,-41.396054,3576.016675,-25.196096
2022-06-08,30214.3555,-3.0207,0.9082,0.002488,-6.0415,-9.0622,-6.052,-9.0805,6606.627647,4480.309591,-37.644664,3359.595025,-22.908155
2022-06-09,30111.998,-0.3388,0.9136,0.002503,-0.6775,-1.0163,-0.6881,-1.0347,6584.24632,4449.953627,-37.262077,3336.476753,-22.671127
2022-06-10,29083.8047,-3.4146,0.919,0.002518,-6.8291,-10.2437,-6.8397,-10.2621,6359.423034,4146.060623,-33.445065,3108.270841,-20.344594
2022-06-11,28360.8105,-2.4859,0.9244,0.002532,-4.9718,-7.4577,-4.9824,-7.4761,6201.334172,3939.926827,-30.950833,2953.403932,-18.823605
2022-06-12,26762.6484,-5.6351,0.9298,0.002547,-11.2702,-16.9053,-11.2808,-16.9238,5851.882337,3495.888617,-25.718495,2620.235039,-15.637938
2022-06-13,22487.3887,-15.9747,0.9352,0.002562,-31.9495,-47.9242,-31.9601,-47.9427,4917.060166,2378.97136,-13.393118,1782.805397,-8.140693
2022-06-14,22206.793,-1.2478,0.9405,0.002577,-2.4956,-3.7434,-2.5062,-3.7619,4855.705512,2319.602159,-12.891763,1738.123983,-7.834448
2022-06-15,22572.8398,1.6484,0.9459,0.002592,3.2967,4.9451,3.286,4.9265,4935.744797,2396.072735,-13.529269,1795.23938,-8.220413
2022-06-16,20381.6504,-9.7072,0.9513,0.002606,-19.4144,-29.1216,-19.4251,-29.1402,4456.622453,1930.889857,-9.589332,1446.512739,-5.824971
2022-06-17,20471.4824,0.4407,0.9567,0.002621,0.8815,1.3222,0.8708,1.3036,4476.264996,1947.910633,-9.716127,1459.10891,-5.900908
2022-06-18,19017.6426,-7.1018,0.9621,0.002636,-14.2036,-21.3053,-14.2143,-21.324,4158.37046,1671.23794,-7.646073,1251.707082,-4.642599
2022-06-19,20553.2715,8.0748,0.9675,0.002651,16.1495,24.2243,16.1388,24.2056,4494.148875,1941.134829,-9.498278,1453.717411,-5.766368
2022-06-20,20599.5371,0.2251,0.9729,0.002666,0.4502,0.6753,0.4395,0.6566,4504.26525,1949.873858,-9.562421,1460.105834,-5.80423
2022-06-21,20710.5977,0.5391,0.9783,0.00268,1.0783,1.6174,1.0675,1.5987,4528.54959,1970.898996,-9.717085,1475.692748,-5.897022
2022-06-22,19987.0293,-3.4937,0.9837,0.002695,-6.9874,-10.4811,-6.9982,-10.4999,4370.33517,1833.183979,-8.698625,1372.420837,-5.277841
2022-06-23,21085.877,5.4978,0.9891,0.00271,10.9956,16.4934,10.9848,16.4746,4610.607623,2034.753696,-10.133325,1523.178734,-6.147346
2022-06-24,21231.6562,0.6914,0.9945,0.002725,1.3827,2.0741,1.3719,2.0553,4642.483515,2062.888638,-10.343498,1544.075419,-6.27369
2022-06-25,21502.3379,1.2749,0.9999,0.00274,2.5498,3.8247,2.539,3.8058,4701.670374,2115.488028,-10.739105,1583.279051,-6.512456
2022-06-26,21027.2949,-2.2093,1.0053,0.002754,-4.4185,-6.6278,-4.4294,-6.6467,4597.79816,2022.014684,-10.02734,1513.149916,-6.079595
2022-06-27,20735.4785,-1.3878,1.0107,0.002769,-2.7756,-4.1634,-2.7864,-4.1823,4533.990003,1965.89172,-9.609862,1470.986788,-5.825328
2022-06-28,20280.6348,-2.1936,1.0161,0.002784,-4.3871,-6.5807,-4.398,-6.5996,4434.534521,1879.645959,-8.97747,1406.293194,-5.44088
2022-06-29,20104.0234,-0.8708,1.0215,0.002799,-1.7417,-2.6125,-1.7526,-2.6315,4395.916941,1846.908644,-8.742932,1381.647127,-5.297704
2022-06-30,19784.7266,-1.5882,1.0269,0.002813,-3.1764,-4.7647,-3.1873,-4.7837,4326.099944,1788.24256,-8.32636,1337.609292,-5.04428
2022-07-01,19269.3672,-2.6048,1.0323,0.002828,-5.2097,-7.8145,-5.2206,-7.8335,4213.412202,1695.081043,-7.675697,1267.778338,-4.649135
2022-07-02,19242.2559,-0.1407,1.0377,0.002843,-0.2814,-0.4221,-0.2923,-0.4411,4207.484078,1690.311203,-7.643298,1264.072391,-4.628625
2022-07-03,19297.0762,0.2849,1.0431,0.002858,0.5698,0.8547,0.5589,0.8356,4219.471009,1699.942443,-7.708625,1271.136671,-4.667302
2022-07-04,20231.2617,4.8411,1.0485,0.002873,9.6821,14.5232,9.6712,14.5041,4423.738681,1864.533353,-8.828165,1394.070729,-5.344252
2022-07-05,20190.1152,-0.2034,1.0539,0.002887,-0.4068,-0.6101,-0.4177,-0.6293,4414.74165,1856.94915,-8.774301,1388.247264,-5.310622
2022-07-06,20548.2461,1.7738,1.0593,0.002902,3.5476,5.3214,3.5366,5.3022,4493.05003,1922.82602,-9.241215,1437.344041,-5.592202
2022-07-07,21637.5879,5.3014,1.0647,0.002917,10.6028,15.9042,10.5918,15.885,4731.243946,2126.69887,-10.710952,1589.584251,-6.48052
2022-07-08,21731.1172,0.4323,1.0701,0.002932,0.8645,1.2968,0.8535,1.2775,4751.694928,2145.084344,-10.849847,1603.151252,-6.563311
2022-07-09,21592.207,-0.6392,1.0755,0.002947,-1.2784,-1.9177,-1.2895,-1.9369,4721.321032,2117.660627,-10.641783,1582.479043,-6.436184
2022-07-10,20860.4492,-3.389,1.0809,0.002961,-6.778,-10.167,-6.789,-10.1863,4561.315918,1974.125999,-9.559836,1475.044158,-5.780577
2022-07-11,19970.5566,-4.2659,1.0863,0.002976,-8.5319,-12.7978,-8.5429,-12.8171,4366.733283,1805.696253,-8.336388,1349.032282,-5.039674
2022-07-12,19323.9141,-3.238,1.0917,0.002991,-6.476,-9.7139,-6.487,-9.7333,4225.339344,1688.760096,-7.526596,1261.520119,-4.549148
2022-07-13,20212.0742,4.5962,1.0971,0.003006,9.1923,13.7885,9.1813,13.7691,4419.54317,1843.996703,-8.564402,1377.34349,-5.175526
2022-07-14,20569.9199,1.7705,1.1025,0.00302,3.5409,5.3114,3.5298,5.292,4497.789198,1909.290971,-9.019289,1425.961065,-5.449412
2022-07-15,20836.3281,1.2951,1.1079,0.003035,2.5903,3.8854,2.5792,3.866,4556.041634,1958.746757,-9.369725,1462.738772,-5.660085
2022-07-16,21190.3164,1.6989,1.1133,0.00305,3.3978,5.0967,3.3867,5.0772,4633.444204,2025.301036,-9.847271,1512.276861,-5.94746
2022-07-17,20779.3438,-1.9394,1.1187,0.003065,-3.8789,-5.8183,-3.89,-5.8378,4543.581512,1946.742195,-9.274327,1453.448999,-5.600259
2022-07-18,22485.6895,8.2117,1.1241,0.00308,16.4235,24.6352,16.4123,24.6157,4916.688617,2266.465014,-11.559077,1691.993677,-6.978801
2022-07-19,23389.4336,4.0192,1.1295,0.003094,8.0384,12.0576,8.0272,12.038,5114.300015,2448.652399,-12.952824,1827.813686,-7.818912
2022-07-20,23231.7324,-0.6742,1.1348,0.003109,-1.3485,-2.0227,-1.3597,-2.0423,5079.817303,2415.632757,-12.690824,1802.961387,-7.659225
2022-07-21,23164.6289,-0.2888,1.1402,0.003124,-0.5777,-0.8665,-0.5889,-0.8862,5065.144545,2401.677926,-12.580854,1792.343844,-7.591353
2022-07-22,22714.9785,-1.9411,1.1456,0.003139,-3.8822,-5.8233,-3.8934,-5.843,4966.824635,2308.439617,-11.84823,1722.560079,-7.147792
2022-07-23,22465.4785,-1.0984,1.151,0.003154,-2.1968,-3.2952,-2.208,-3.3149,4912.269323,2257.728085,-11.457809,1684.525537,-6.910853
2022-07-24,22609.1641,0.6396,1.1564,0.003168,1.2792,1.9188,1.2679,1.899,4943.687398,2286.608208,-11.677656,1705.883922,-7.042093
2022-07-25,21361.7012,-5.5175,1.1618,0.003183,-11.035,-16.5525,-11.0463,-16.5723,4670.918951,2034.280534,-9.744709,1517.447117,-5.875059
2022-07-26,21239.7539,-0.5709,1.1672,0.003198,-1.1417,-1.7126,-1.153,-1.7324,4644.254137,2011.054393,-9.57782,1499.950686,-5.773281
2022-07-27,22930.5488,7.9605,1.1726,0.003213,15.921,23.8816,15.9097,23.8618,5013.96093,2331.235179,-11.865153,1738.589027,-7.150888
2022-07-28,23843.8867,3.9831,1.178,0.003227,7.9661,11.9492,7.9548,11.9294,5213.670084,2516.944247,-13.282942,1876.890543,-8.003943
2022-07-29,23804.6328,-0.1646,1.1834,0.003242,-0.3293,-0.4939,-0.3406,-0.5137,5205.086881,2508.657016,-13.217339,1870.49819,-7.962823
2022-07-30,23656.207,-0.6235,1.1888,0.003257,-1.247,-1.8705,-1.2584,-1.8904,5172.632313,2477.373242,-12.970103,1846.960365,-7.812292
2022-07-31,23336.8965,-1.3498,1.1942,0.003272,-2.6996,-4.0494,-2.7109,-4.0693,5102.812326,2410.49427,-12.444893,1796.890265,-7.494386
2022-08-01,23314.1992,-0.0973,1.1996,0.003287,-0.1945,-0.2918,-0.2059,-0.3117,5097.849375,2405.805418,-12.408581,1793.1907,-7.471024
2022-08-02,22978.1172,-1.4415,1.205,0.003301,-2.8831,-4.3246,-2.8945,-4.3446,5024.36216,2336.444428,-11.87196,1741.287675,-7.14644
2022-08-03,22846.5078,-0.5728,1.2104,0.003316,-1.1455,-1.7183,-1.1569,-1.7383,4995.584642,2309.680008,-11.667966,1721.142411,-7.022215
2022-08-04,22630.957,-0.9435,1.2158,0.003331,-1.8869,-2.8304,-1.8984,-2.8505,4948.452618,2266.097563,-11.337714,1688.468924,-6.82205
2022-08-05,23289.3145,2.9091,1.2212,0.003346,5.8182,8.7273,5.8068,8.7072,5092.408108,2397.943702,-12.32719,1786.514502,-7.416063
2022-08-06,22961.2793,-1.4085,1.2266,0.003361,-2.817,-4.2256,-2.8285,-4.2457,5020.680411,2330.392565,-11.806297,1735.983171,-7.101202
2022-08-07,23175.8906,0.9347,1.232,0.003375,1.8693,2.804,1.8579,2.7839,5067.607016,2373.95535,-12.137345,1768.235567,-7.298891
2022-08-08,23809.4863,2.7339,1.2374,0.00339,5.4677,8.2016,5.4562,8.1814,5206.148144,2503.756438,-13.132798,1864.714773,-7.896044
2022-08-09,23164.3184,-2.7097,1.2428,0.003405,-5.4194,-8.1291,-5.4309,-8.1493,5065.076641,2368.067374,-12.065216,1763.443855,-7.252571
2022-08-10,23947.6426,3.3816,1.2482,0.00342,6.7632,10.1448,6.7517,10.1246,5236.357192,2528.224431,-13.289208,1882.506204,-7.986863
2022-08-11,23957.5293,0.0413,1.2536,0.003434,0.0826,0.1239,0.0711,0.1036,5238.519007,2530.311972,-13.305667,1883.843777,-7.995139
2022-08-12,24402.8184,1.8587,1.259,0.003449,3.7173,5.576,3.7058,5.5557,5335.885275,2624.371775,-14.047588,1953.655051,-8.439326
2022-08-13,24424.0684,0.0871,1.2644,0.003464,0.1742,0.2612,0.1626,0.2409,5340.53177,2628.942387,-14.084286,1956.831967,-8.45966
2022-08-14,24319.334,-0.4288,1.2698,0.003479,-0.8576,-1.2864,-0.8692,-1.3068,5317.630702,2606.395722,-13.903099,1939.82331,-8.349111
2022-08-15,24136.9727,-0.7499,1.2752,0.003494,-1.4997,-2.2496,-1.5113,-2.2699,5277.755835,2567.307005,-13.590337,1910.506782,-8.159591
2022-08-16,23883.291,-1.051,1.2806,0.003508,-2.102,-3.153,-2.1136,-3.1734,5222.286171,2513.341774,-13.16183,1870.126164,-7.900654
2022-08-17,23335.998,-2.2915,1.286,0.003523,-4.5831,-6.8746,-4.5947,-6.895,5102.615875,2398.153772,-12.257008,1784.200094,-7.355903
2022-08-18,23212.7383,-0.5282,1.2914,0.003538,-1.0564,-1.5846,-1.068,-1.605,5075.664072,2372.819877,-12.062785,1765.144626,-7.237838
2022-08-19,20877.5527,-10.0599,1.2968,0.003553,-20.1199,-30.1798,-20.1315,-30.2003,4565.055748,1895.411773,-8.422261,1409.794575,-5.051992
2022-08-20,21166.0605,1.3819,1.3022,0.003568,2.7638,4.1457,2.7522,4.1252,4628.140453,1947.797329,-8.771424,1448.594363,-5.260397
2022-08-21,21534.1211,1.7389,1.3076,0.003582,3.4778,5.2168,3.4662,5.1962,4708.620044,2015.538546,-9.229008,1498.805142,-5.533739
2022-08-22,21398.9082,-0.6279,1.313,0.003597,-1.2558,-1.8837,-1.2675,-1.9043,4679.054587,1990.227386,-9.055161,1479.808077,-5.428361
2022-08-23,21528.0879,0.6037,1.3184,0.003612,1.2073,1.811,1.1957,1.7904,4707.300833,2014.256364,-9.219152,1497.501465,-5.525552
2022-08-24,21395.0195,-0.6181,1.3238,0.003627,-1.2362,-1.8543,-1.2479,-1.875,4678.204296,1989.355519,-9.048197,1478.813559,-5.42195
2022-08-25,21600.9043,0.9623,1.3292,0.003642,1.9246,2.8869,1.9129,2.8663,4723.222764,2027.642747,-9.30941,1507.101501,-5.577357
2022-08-26,20260.0195,-6.2075,1.3345,0.003656,-12.4151,-18.6226,-12.4268,-18.6433,4430.026823,1775.90928,-7.575754,1319.816734,-4.537553
2022-08-27,20041.7383,-1.0774,1.3399,0.003671,-2.1548,-3.2322,-2.1666,-3.2529,4382.297758,1737.642022,-7.330891,1291.222228,-4.389951
2022-08-28,19616.8145,-2.1202,1.3453,0.003686,-4.2404,-6.3606,-4.2522,-6.3813,4289.384523,1663.959241,-6.864603,1236.317431,-4.109814
2022-08-29,20297.9941,3.4724,1.3507,0.003701,6.9449,10.4173,6.9331,10.3965,4438.330297,1779.518803,-7.579708,1322.032214,-4.537091
2022-08-30,19796.8086,-2.4691,1.3561,0.003715,-4.9383,-7.4074,-4.9501,-7.4282,4328.741784,1691.641242,-7.018248,1256.590638,-4.200066
2022-08-31,20049.7637,1.2778,1.3615,0.00373,2.5555,3.8333,2.5437,3.8124,4384.052578,1734.871366,-7.287276,1288.554551,-4.360191
2022-09-01,20127.1406,0.3859,1.3669,0.003745,0.7718,1.1578,0.76,1.1369,4400.971712,1748.261954,-7.371647,1298.347846,-4.409763
2022-09-02,19969.7715,-0.7819,1.3723,0.00376,-1.5638,-2.3456,-1.5756,-2.3665,4366.561601,1720.923497,-7.198735,1277.891174,-4.305405
2022-09-03,19832.0879,-0.6895,1.3777,0.003775,-1.3789,-2.0684,-1.3908,-2.0893,4336.455904,1697.193337,-7.049838,1260.118559,-4.215452
2022-09-04,19986.7129,0.7797,1.3831,0.003789,1.5593,2.339,1.5475,2.3181,4370.265985,1723.65838,-7.214735,1279.618516,-4.313169
2022-09-05,19812.3711,-0.8723,1.3885,0.003804,-1.7446,-2.6169,-1.7565,-2.6378,4332.144658,1693.587832,-7.025935,1257.142486,-4.199395
2022-09-06,18837.668,-4.9197,1.3939,0.003819,-9.8393,-14.759,-9.8512,-14.78,4119.01747,1526.949993,-5.988977,1133.298368,-3.578723
2022-09-07,19290.3242,2.4029,1.3993,0.003834,4.8059,7.2088,4.7939,7.1878,4217.994636,1600.333117,-6.42071,1187.628091,-3.835953
2022-09-08,19329.834,0.2048,1.4047,0.003849,0.4096,0.6144,0.3977,0.5934,4226.633785,1606.888609,-6.460162,1192.351314,-3.858715
2022-09-09,21381.1523,10.6122,1.4101,0.003863,21.2244,31.8366,21.2124,31.8155,4675.172117,1947.940695,-8.516855,1445.278013,-5.086383
2022-09-10,21680.5391,1.4002,1.4155,0.003878,2.8005,4.2007,2.7885,4.1796,4740.635587,2002.492252,-8.874623,1485.579776,-5.298973
2022-09-11,21769.2559,0.4092,1.4209,0.003893,0.8184,1.2276,0.8064,1.2064,4760.034275,2018.880654,-8.983568,1497.559866,-5.362902
2022-09-12,22370.4492,2.7617,1.4263,0.003908,5.5233,8.285,5.5113,8.2638,4891.490353,2130.389991,-9.727856,1580.095407,-5.806082
2022-09-13,20296.707,-9.27,1.4317,0.003922,-18.54,-27.81,-18.552,-27.8312,4438.048859,1735.415393,-7.022537,1286.955815,-4.190178
2022-09-14,20241.0898,-0.274,1.4371,0.003937,-0.548,-0.8221,-0.5601,-0.8433,4425.887685,1725.904596,-6.964807,1279.748079,-4.154842
2022-09-15,19701.2109,-2.6672,1.4425,0.003952,-5.3345,-8.0017,-5.3465,-8.023,4307.838537,1633.836482,-6.407503,1211.326107,-3.821499
2022-09-16,19772.584,0.3623,1.4479,0.003967,0.7246,1.0868,0.7125,1.0655,4323.444865,1645.674525,-6.477141,1219.956877,-3.862218
2022-09-17,20127.5762,1.7954,1.4533,0.003982,3.5908,5.3861,3.5787,5.3648,4401.066948,1704.766609,-6.826009,1263.615325,-4.069418
2022-09-18,19419.5059,-3.5179,1.4587,0.003996,-7.0358,-10.5537,-7.0479,-10.5751,4246.241309,1584.822249,-6.10561,1174.556961,-3.639073
2022-09-19,19544.1289,0.6417,1.4641,0.004011,1.2835,1.9252,1.2714,1.9038,4273.491206,1605.163176,-6.223156,1189.490159,-3.708355
2022-09-20,18890.7891,-3.3429,1.4695,0.004026,-6.6858,-10.0287,-6.6979,-10.0501,4130.632852,1497.845314,-5.599056,1109.819303,-3.335661
2022-09-21,18547.4004,-1.8178,1.4749,0.004041,-3.6355,-5.4533,-3.6476,-5.4747,4055.547977,1443.390933,-5.293724,1069.33712,-3.153043
2022-09-22,19413.5508,4.6699,1.4803,0.004056,9.3399,14.0098,9.3277,13.9883,4244.93918,1578.201591,-6.035363,1169.081891,-3.5941
2022-09-23,19297.6387,-0.5971,1.4857,0.00407,-1.1941,-1.7912,-1.2063,-1.8127,4219.594004,1559.355716,-5.927258,1154.979389,-3.528949
2022-09-24,18937.0117,-1.8688,1.4911,0.004085,-3.7375,-5.6063,-3.7497,-5.6278,4140.739832,1501.074419,-5.594959,1111.671225,-3.330346
2022-09-25,18802.0977,-0.7124,1.4965,0.0041,-1.4249,-2.1373,-1.4371,-2.1589,4111.239716,1479.686034,-5.475377,1095.695912,-3.258448
2022-09-26,19222.6719,2.2368,1.5019,0.004115,4.4737,6.7105,4.4615,6.6889,4203.201872,1545.882669,-5.842805,1144.58036,-3.476404
2022-09-27,19110.5469,-0.5833,1.5073,0.004129,-1.1666,-1.7499,-1.1788,-1.7715,4178.68478,1527.848538,-5.740562,1131.088014,-3.414819
2022-09-28,19426.7207,1.6544,1.5127,0.004144,3.3089,4.9633,3.2967,4.9417,4247.818896,1578.40342,-6.025486,1168.37622,-3.583568
2022-09-29,19573.0508,0.7532,1.5181,0.004159,1.5065,2.2597,1.4942,2.238,4279.815221,1602.181792,-6.161645,1185.83458,-3.66377
2022-09-30,19431.7891,-0.7217,1.5235,0.004174,-1.4434,-2.1651,-1.4557,-2.1869,4248.927136,1579.055407,-6.028236,1168.572543,-3.583648
2022-10-01,19312.0957,-0.616,1.5288,0.004189,-1.2319,-1.8479,-1.2442,-1.8696,4222.755158,1559.602495,-5.916841,1154.033113,-3.516647
2022-10-02,19044.1074,-1.3877,1.5342,0.004203,-2.7753,-4.163,-2.7876,-4.1848,4164.157225,1516.318203,-5.670522,1121.862976,-3.369482
2022-10-03,19623.5801,3.0428,1.5396,0.004218,6.0856,9.1284,6.0733,9.1066,4290.863885,1608.595034,-6.188148,1189.996905,-3.676327
2022-10-04,20336.8438,3.6347,1.545,0.004233,7.2695,10.9042,7.2571,10.8823,4446.825097,1725.531127,-6.862915,1276.356646,-4.076397
2022-10-05,20160.7168,-0.866,1.5504,0.004248,-1.7321,-2.5981,-1.7444,-2.62,4408.31343,1695.643251,-6.684607,1254.091533,-3.969595
2022-10-06,19955.4434,-1.0182,1.5558,0.004263,-2.0364,-3.0546,-2.0487,-3.0765,4363.428634,1661.113673,-6.480422,1228.39877,-3.847473
2022-10-07,19546.8496,-2.0475,1.5612,0.004277,-4.0951,-6.1426,-4.1074,-6.1645,4274.086111,1593.090061,-6.082356,1177.943271,-3.610295
2022-10-08,19416.5684,-0.6665,1.5666,0.004292,-1.333,-1.9995,-1.3454,-2.0215,4245.598999,1571.853927,-5.960738,1162.095344,-3.537313
2022-10-09,19446.4258,0.1538,1.572,0.004307,0.3075,0.4613,0.2952,0.4393,4252.12758,1576.688098,-5.988236,1165.525346,-3.552854
2022-10-10,19141.4844,-1.5681,1.5774,0.004322,-3.1362,-4.7043,-3.1486,-4.7263,4185.44953,1527.239681,-5.70653,1128.82733,-3.384934
2022-10-11,19051.418,-0.4705,1.5828,0.004336,-0.9411,-1.4116,-0.9535,-1.4336,4165.755738,1512.867442,-5.625977,1118.064204,-3.336406
2022-10-12,19157.4453,0.5565,1.5882,0.004351,1.1131,1.6696,1.1006,1.6475,4188.939525,1529.706642,-5.719908,1130.369972,-3.391374
2022-10-13,19382.9043,1.1769,1.5936,0.004366,2.3537,3.5306,2.3413,3.5085,4238.238064,1565.71208,-5.921856,1156.835321,-3.510362
2022-10-14,19185.6562,-1.0176,1.599,0.004381,-2.0353,-3.0529,-2.0477,-3.075,4195.108088,1533.845478,-5.741067,1133.146322,-3.402416
2022-10-15,19067.6348,-0.6152,1.6044,0.004396,-1.2303,-1.8455,-1.2428,-1.8676,4169.30168,1514.97443,-5.635118,1119.063722,-3.338872
2022-10-16,19268.0938,1.0513,1.6098,0.00441,2.1026,3.1539,2.0901,3.1317,4213.133754,1546.828431,-5.812844,1142.453466,-3.443436
2022-10-17,19550.7578,1.467,1.6152,0.004425,2.934,4.401,2.9215,4.3788,4274.940673,1592.212559,-6.068669,1175.830293,-3.594217
2022-10-18,19334.416,-1.1066,1.6206,0.00444,-2.2131,-3.3197,-2.2257,-3.3419,4227.635686,1556.974832,-5.867207,1149.660406,-3.4741
2022-10-19,19139.5352,-1.0079,1.626,0.004455,-2.0159,-3.0238,-2.0284,-3.0461,4185.023316,1525.587839,-5.689792,1126.340315,-3.368275
2022-10-20,19053.7402,-0.4483,1.6314,0.00447,-0.8965,-1.3448,-0.9091,-1.3671,4166.263522,1511.910632,-5.613277,1116.101068,-3.322228
2022-10-21,19172.4688,0.6231,1.6368,0.004484,1.2462,1.8694,1.2337,1.847,4192.224529,1530.752802,-5.71821,1129.87021,-3.38359
2022-10-22,19208.1895,0.1863,1.6422,0.004499,0.3726,0.5589,0.36,0.5366,4200.035166,1536.456769,-5.750171,1133.938236,-3.401746
2022-10-23,19567.0078,1.868,1.6476,0.004514,3.7361,5.6041,3.7235,5.5817,4278.493874,1593.860295,-6.072419,1176.160444,-3.591623
2022-10-24,19345.5723,-1.1317,1.653,0.004529,-2.2634,-3.395,-2.276,-3.4175,4230.075095,1557.785558,-5.866259,1149.391418,-3.46888
2022-10-25,20095.8574,3.8783,1.6584,0.004544,7.7567,11.635,7.744,11.6125,4394.131372,1678.617691,-6.548797,1238.400686,-3.871705
2022-10-26,20770.4414,3.3568,1.6638,0.004558,6.7137,10.0705,6.701,10.048,4541.634939,1791.314412,-7.208293,1321.386184,-4.260734
2022-10-27,20285.8359,-2.3331,1.6692,0.004573,-4.6663,-6.9994,-4.679,-7.022,4435.671802,1707.726322,-6.703753,1259.559126,-3.961547
2022-10-28,20595.3516,1.5258,1.6746,0.004588,3.0515,4.5773,3.0389,4.5548,4503.350044,1759.838345,-7.010605,1297.835543,-4.141986
2022-10-29,20818.4766,1.0834,1.68,0.004603,2.1668,3.2501,2.1541,3.2276,4552.138237,1797.969662,-7.238458,1325.79178,-4.275671
2022-10-30,20635.6035,-0.8784,1.6854,0.004617,-1.7568,-2.6353,-1.7695,-2.6579,4512.151479,1766.382318,-7.047706,1302.331447,-4.16203
2022-10-31,20495.7734,-0.6776,1.6908,0.004632,-1.3552,-2.0328,-1.3679,-2.0555,4481.576434,1742.443752,-6.904437,1284.51626,-4.07648
2022-11-01,20485.2734,-0.0512,1.6962,0.004647,-0.1025,-0.1537,-0.1152,-0.1764,4479.280519,1740.658441,-6.893826,1283.036633,-4.069291
2022-11-02,20159.5039,-1.5903,1.7016,0.004662,-3.1805,-4.7708,-3.1933,-4.7935,4408.048221,1685.29638,-6.564936,1242.065834,-3.874231
2022-11-03,20209.9883,0.2504,1.707,0.004677,0.5008,0.7513,0.4881,0.7286,4419.087062,1693.737176,-6.614257,1248.12824,-3.902456
2022-11-04,21147.2305,4.6375,1.7124,0.004691,9.275,13.9126,9.2623,13.8898,4624.023095,1850.831966,-7.534469,1363.733195,-4.4445
2022-11-05,21282.6914,0.6406,1.7178,0.004706,1.2811,1.9217,1.2683,1.8989,4653.642789,1874.543387,-7.679258,1381.029886,-4.528897
2022-11-06,20926.4863,-1.6737,1.7232,0.004721,-3.3474,-5.0211,-3.3602,-5.0439,4575.755497,1811.795508,-7.293678,1334.624908,-4.300465
2022-11-07,20602.8164,-1.5467,1.7285,0.004736,-3.0934,-4.6401,-3.1062,-4.6629,4504.982296,1755.749433,-6.955244,1293.168555,-4.099937
2022-11-08,18541.2715,-10.0061,1.7339,0.004751,-20.0123,-30.0184,-20.0251,-30.0413,4054.207839,1404.384235,-4.867392,1034.210311,-2.868264
2022-11-09,15880.7803,-14.349,1.7393,0.004765,-28.698,-43.0471,-28.7109,-43.07,3472.468646,1001.353416,-2.772122,737.279301,-1.632904
2022-11-10,17586.7715,10.7425,1.7447,0.00478,21.485,32.2275,21.4721,32.2045,3845.498238,1216.493995,-3.665507,895.588778,-2.158773
2022-11-11,17034.293,-3.1414,1.7501,0.004795,-6.2829,-9.4243,-6.2958,-9.4473,3724.694078,1140.063048,-3.320058,839.204619,-1.954827
2022-11-12,16799.1855,-1.3802,1.7555,0.00481,-2.7604,-4.1406,-2.7733,-4.1636,3673.285826,1108.592733,-3.182587,815.931015,-1.873436
2022-11-13,16353.3652,-2.6538,1.7609,0.004824,-5.3076,-7.9615,-5.3205,-7.9845,3575.803396,1049.7526,-2.929207,772.519008,-1.723852
2022-11-14,16618.1992,1.6194,1.7663,0.004839,3.2389,4.8583,3.226,4.8353,3633.711615,1083.752961,-3.071518,797.44025,-1.807205
2022-11-15,16884.6133,1.6031,1.7717,0.004854,3.2063,4.8094,3.1934,4.7864,3691.965332,1118.501254,-3.21924,822.905361,-1.893705
2022-11-16,16669.4395,-1.2744,1.7771,0.004869,-2.5488,-3.8231,-2.5617,-3.8462,3644.915731,1089.993382,-3.096164,801.824933,-1.820868
2022-11-17,16687.5176,0.1085,1.7825,0.004884,0.2169,0.3254,0.2039,0.3022,3648.868668,1092.357593,-3.106238,803.46014,-1.826371
2022-11-18,16697.7773,0.0615,1.7879,0.004898,0.123,0.1844,0.11,0.1613,3651.112054,1093.700793,-3.111967,804.343807,-1.829317
2022-11-19,16711.5469,0.0825,1.7933,0.004913,0.1649,0.2474,0.1519,0.2242,3654.12288,1095.504595,-3.119666,805.565856,-1.833418
2022-11-20,16291.832,-2.5115,1.7987,0.004928,-5.0231,-7.5346,-5.0361,-7.5578,3562.348634,1040.47683,-2.884612,764.997059,-1.694852
2022-11-21,15787.2842,-3.0969,1.8041,0.004943,-6.1939,-9.2908,-6.2069,-9.3141,3452.024924,976.030996,-2.616608,717.514457,-1.536992
2022-11-22,16189.7695,2.5494,1.8095,0.004958,5.0989,7.6483,5.0858,7.625,3540.031794,1025.7974,-2.816734,754.005916,-1.654188
2022-11-23,16610.707,2.6,1.8149,0.004972,5.2,7.8001,5.187,7.7768,3632.073384,1079.139307,-3.036441,793.116117,-1.78283
2022-11-24,16604.4648,-0.0376,1.8203,0.004987,-0.0752,-0.1127,-0.0882,-0.1361,3630.708476,1078.328241,-3.033018,792.416367,-1.780404
2022-11-25,16521.8418,-0.4976,1.8257,0.005002,-0.9952,-1.4928,-1.0083,-1.5162,3612.642239,1067.596819,-2.987741,784.426632,-1.75341
2022-11-26,16464.2812,-0.3484,1.8311,0.005017,-0.6968,-1.0452,-0.7099,-1.0686,3600.056133,1060.158004,-2.956514,778.858143,-1.734673
2022-11-27,16444.627,-0.1194,1.8365,0.005031,-0.2388,-0.3581,-0.2519,-0.3816,3595.758552,1057.626869,-2.945926,776.896477,-1.728055
2022-11-28,16217.3223,-1.3822,1.8419,0.005046,-2.7645,-4.1467,-2.7776,-4.1702,3546.056435,1028.388925,-2.823767,755.317289,-1.655991
2022-11-29,16444.9824,1.4038,1.8473,0.005061,2.8076,4.2114,2.7945,4.1879,3595.836279,1057.262148,-2.942687,776.424433,-1.725343
2022-11-30,17168.5664,4.4,1.8527,0.005076,8.8001,13.2001,8.7869,13.1766,3754.054115,1150.301829,-3.331125,844.64807,-1.952684
2022-12-01,16967.1328,-1.1733,1.8581,0.005091,-2.3465,-3.5198,-2.3597,-3.5434,3710.008934,1123.309542,-3.213876,824.716806,-1.883494
2022-12-02,17088.6602,0.7163,1.8635,0.005105,1.4325,2.1488,1.4193,2.1252,3736.581929,1139.400985,-3.282934,836.422139,-1.923521
2022-12-03,16908.2363,-1.0558,1.8689,0.00512,-2.1116,-3.1674,-2.1248,-3.191,3697.130714,1115.34116,-3.178949,818.649649,-1.862141
2022-12-04,17130.4863,1.3144,1.8743,0.005135,2.6289,3.9433,2.6157,3.9197,3745.72758,1144.662323,-3.304306,840.062897,-1.935131
2022-12-05,16974.8262,-0.9087,1.8797,0.00515,-1.8173,-2.726,-1.8306,-2.7497,3711.691153,1123.859841,-3.21423,824.684886,-1.881921
2022-12-06,17089.5039,0.6756,1.8851,0.005165,1.3512,2.0267,1.3379,2.003,3736.766422,1139.04488,-3.279374,835.718377,-1.919616
2022-12-07,16848.127,-1.4124,1.8905,0.005179,-2.8249,-4.2373,-2.8381,-4.261,3683.987284,1106.8685,-3.140417,811.999705,-1.837821
2022-12-08,17233.4746,2.2872,1.8959,0.005194,4.5744,6.8616,4.5611,6.8378,3768.24685,1157.500738,-3.355899,849.035755,-1.963488
2022-12-09,17133.1523,-0.5821,1.9013,0.005209,-1.1643,-1.7464,-1.1776,-1.7702,3746.310527,1144.02428,-3.297291,839.037823,-1.92873
2022-12-10,17128.7246,-0.0258,1.9067,0.005224,-0.0517,-0.0775,-0.065,-0.1013,3745.342365,1143.432978,-3.294735,838.492515,-1.926775
2022-12-11,17104.1934,-0.1432,1.9121,0.005239,-0.2864,-0.4297,-0.2998,-0.4535,3739.978397,1140.157796,-3.280579,835.979093,-1.918038
2022-12-12,17206.4375,0.5978,1.9175,0.005253,1.1955,1.7933,1.1822,1.7694,3762.334954,1153.788893,-3.33941,845.862116,-1.951976
2022-12-13,17781.3184,3.3411,1.9228,0.005268,6.6822,10.0232,6.6688,9.9993,3888.037579,1230.886915,-3.674127,902.271052,-2.147161
2022-12-14,17815.6504,0.1931,1.9282,0.005283,0.3862,0.5792,0.3728,0.5553,3895.544571,1235.640089,-3.695409,905.634659,-2.159084
2022-12-15,17364.8652,-2.5303,1.9336,0.005298,-5.0606,-7.5908,-5.0739,-7.6148,3796.976536,1173.109875,-3.414897,859.683371,-1.994674
2022-12-16,16647.4844,-4.1312,1.939,0.005312,-8.2624,-12.3937,-8.2758,-12.4177,3640.115065,1076.182366,-2.991666,788.537389,-1.746982
2022-12-17,16795.0918,0.8867,1.9444,0.005327,1.7733,2.66,1.7599,2.636,3672.390693,1095.266631,-3.071244,802.415021,-1.793032
2022-12-18,16757.9766,-0.221,1.9498,0.005342,-0.442,-0.663,-0.4554,-0.687,3664.275129,1090.425803,-3.050883,798.760813,-1.780714
2022-12-19,16439.6797,-1.8994,1.9552,0.005357,-3.7988,-5.6981,-3.8122,-5.7222,3594.67679,1049.003245,-2.87704,768.310535,-1.678818
2022-12-20,16906.3047,2.8384,1.9606,0.005372,5.6768,8.5152,5.6634,8.4911,3696.708344,1108.553206,-3.122026,811.822727,-1.821368
2022-12-21,16817.5352,-0.5251,1.966,0.005386,-1.0501,-1.5752,-1.0636,-1.5993,3677.298125,1096.911898,-3.072848,803.188149,-1.792238
2022-12-22,16830.3418,0.0762,1.9714,0.005401,0.1523,0.2285,0.1388,0.2043,3680.098407,1098.582506,-3.079868,804.303117,-1.795899
2022-12-23,16796.9531,-0.1984,1.9768,0.005416,-0.3968,-0.5952,-0.4103,-0.6194,3672.797688,1094.223687,-3.061538,801.003336,-1.784776
2022-12-24,16847.7559,0.3025,1.9822,0.005431,0.6049,0.9074,0.5914,0.8831,3683.906141,1100.842691,-3.089317,805.7404,-1.800538
2022-12-25,16841.9863,-0.0342,1.9876,0.005446,-0.0685,-0.1027,-0.082,-0.127,3682.644584,1100.088722,-3.086143,805.079548,-1.798251
2022-12-26,16919.8047,0.462,1.993,0.00546,0.9241,1.3861,0.9106,1.3619,3699.660234,1110.254637,-3.128922,812.410257,-1.822741
2022-12-27,16717.1738,-1.1976,1.9984,0.005475,-2.3952,-3.5928,-2.4087,-3.6171,3655.353261,1083.661913,-3.016506,792.841335,-1.75681
2022-12-28,16552.5723,-0.9846,2.0038,0.00549,-1.9693,-2.9539,-1.9828,-2.9782,3619.36172,1062.321889,-2.927402,777.120693,-1.704489
2022-12-29,16642.3418,0.5423,2.0092,0.005505,1.0847,1.627,1.0711,1.6026,3638.990597,1073.844465,-2.975031,785.444221,-1.731805
2022-12-30,16602.5859,-0.2389,2.0146,0.005519,-0.4778,-0.7167,-0.4914,-0.7411,3630.297637,1068.713984,-2.95371,781.58479,-1.718971
2022-12-31,16547.4961,-0.3318,2.02,0.005534,-0.6636,-0.9954,-0.6772,-1.0199,3618.251771,1061.621681,-2.924308,776.291537,-1.70144
2023-01-01,16625.0801,0.4689,2.0284,0.005557,0.9377,1.4066,0.9241,1.3821,3635.216174,1071.576642,-2.96544,783.46504,-1.724955
2023-01-02,16688.4707,0.3813,2.0367,0.00558,0.7626,1.1439,0.7489,1.1194,3649.077077,1079.748381,-2.999361,789.33263,-1.744264
2023-01-03,16679.8574,-0.0516,2.0451,0.005603,-0.1032,-0.1548,-0.1169,-0.1794,3647.193709,1078.633818,-2.994717,788.409825,-1.741134
2023-01-04,16863.2383,1.0994,2.0534,0.005626,2.1988,3.2982,2.1851,3.2736,3687.291505,1102.351143,-3.09349,805.637542,-1.798132
2023-01-05,16836.7363,-0.1572,2.0618,0.005649,-0.3143,-0.4715,-0.328,-0.4961,3681.496626,1098.886274,-3.078905,802.994671,-1.789211
2023-01-06,16951.9688,0.6844,2.0701,0.005672,1.3688,2.0532,1.3551,2.0285,3706.693182,1113.928064,-3.142122,813.875791,-1.825505
2023-01-07,16955.0781,0.0183,2.0785,0.005695,0.0367,0.055,0.0229,0.0303,3707.373074,1114.336703,-3.143851,814.062233,-1.826058
2023-01-08,17091.1445,0.8025,2.0868,0.005717,1.605,2.4075,1.5912,2.3827,3737.125159,1132.222058,-3.219541,827.015777,-1.869568
2023-01-09,17196.5547,0.6168,2.0952,0.00574,1.2335,1.8503,1.2197,1.8254,3760.173993,1146.188086,-3.279111,837.102753,-1.903695
2023-01-10,17446.293,1.4523,2.1036,0.005763,2.9045,4.3568,2.8907,4.3319,3814.781407,1179.479294,-3.421974,861.300631,-1.986161
2023-01-11,17934.8965,2.8006,2.1119,0.005786,5.6012,8.4018,5.5874,8.3769,3921.618751,1245.544645,-3.709483,909.424614,-2.15254
2023-01-12,18869.5879,5.2116,2.1203,0.005809,10.4232,15.6347,10.4093,15.6098,4125.997034,1375.369746,-4.289451,1004.08906,-2.488546
2023-01-13,19909.5742,5.5114,2.1286,0.005832,11.0229,16.5343,11.009,16.5093,4353.398954,1526.975148,-4.998683,1114.628916,-2.899387
2023-01-14,20976.2988,5.3578,2.137,0.005855,10.7157,16.0735,10.7018,16.0485,4586.647427,1690.601145,-5.802148,1233.913804,-3.364694
2023-01-15,20880.7988,-0.4553,2.1453,0.005878,-0.9106,-1.3658,-0.9245,-1.391,4565.765534,1675.207352,-5.722901,1222.506131,-3.317893
2023-01-16,21169.6328,1.3833,2.1537,0.005901,2.7665,4.1498,2.7525,4.1246,4628.921559,1721.552017,-5.960387,1256.155863,-3.454742
2023-01-17,21161.5195,-0.0383,2.1621,0.005923,-0.0767,-0.115,-0.0907,-0.1402,4627.147521,1720.232444,-5.953534,1255.017084,-3.449899
2023-01-18,20688.7812,-2.234,2.1704,0.005946,-4.4679,-6.7019,-4.4819,-6.7271,4523.779246,1643.374095,-5.554537,1198.768054,-3.21782
2023-01-19,21086.793,1.9238,2.1788,0.005969,3.8476,5.7714,3.8336,5.7461,4610.807918,1706.604706,-5.875112,1244.72352,-3.40272
2023-01-20,22676.5527,7.5391,2.1871,0.005992,15.0783,22.6174,15.0642,22.592,4958.422509,1963.930844,-7.203908,1432.230868,-4.171463
2023-01-21,22777.625,0.4457,2.1955,0.006015,0.8914,1.3371,0.8773,1.3117,4980.522825,1981.437821,-7.300234,1444.796232,-4.226181
2023-01-22,22720.416,-0.2512,2.2038,0.006038,-0.5023,-0.7535,-0.5164,-0.7789,4968.013591,1971.484541,-7.245228,1437.334636,-4.193262
2023-01-23,22934.4316,0.942,2.2122,0.006061,1.8839,2.8259,1.8698,2.8004,5014.809941,2008.625453,-7.449968,1464.209385,-4.310689
2023-01-24,22636.4688,-1.2992,2.2205,0.006084,-2.5984,-3.8976,-2.6126,-3.9231,4949.657802,1956.433548,-7.159599,1425.956109,-4.141575
2023-01-25,23117.8594,2.1266,2.2289,0.006107,4.2532,6.3798,4.239,6.3543,5054.917986,2039.645181,-7.61637,1486.402987,-4.404742
2023-01-26,23032.7773,-0.368,2.2373,0.006129,-0.7361,-1.1041,-0.7503,-1.1297,5036.314071,2024.631926,-7.532277,1475.25075,-4.35498
2023-01-27,23078.7285,0.1995,2.2456,0.006152,0.399,0.5985,0.3848,0.5728,5046.361688,2032.710345,-7.577359,1480.927105,-4.379927
2023-01-28,23031.0898,-0.2064,2.254,0.006175,-0.4128,-0.6193,-0.4271,-0.645,5035.945085,2024.318581,-7.530436,1474.602159,-4.351677
2023-01-29,23774.5664,3.2281,2.2623,0.006198,6.4563,9.6844,6.442,9.6587,5198.512604,2155.014387,-8.259716,1569.59612,-4.771991
2023-01-30,22840.1387,-3.9304,2.2707,0.006221,-7.8607,-11.7911,-7.875,-11.8169,4994.191975,1985.614434,-7.285804,1445.989838,-4.208089
2023-01-31,23139.2832,1.3097,2.279,0.006244,2.6195,3.9292,2.6051,3.9033,5059.60249,2037.626877,-7.572078,1483.659857,-4.372345
2023-02-01,23723.7695,2.5259,2.2874,0.006267,5.0519,7.5778,5.0375,7.5519,5187.405432,2140.565679,-8.145878,1558.399928,-4.702542
2023-02-02,23471.8711,-1.0618,2.2958,0.00629,-2.1236,-3.1854,-2.138,-3.2113,5132.325681,2095.108725,-7.8864,1525.081847,-4.551527
2023-02-03,23449.3223,-0.0961,2.3041,0.006313,-0.1921,-0.2882,-0.2065,-0.3142,5127.395186,2091.08329,-7.863671,1521.9321,-4.537227
2023-02-04,23331.8477,-0.501,2.3125,0.006336,-1.0019,-1.5029,-1.0164,-1.529,5101.708357,2070.131794,-7.745486,1506.463755,-4.467854
2023-02-05,22955.666,-1.6123,2.3208,0.006358,-3.2246,-4.8369,-3.2391,-4.863,5019.453019,2003.377923,-7.370843,1457.668491,-4.250582
2023-02-06,22760.1094,-0.8519,2.3292,0.006381,-1.7038,-2.5557,-1.7182,-2.5818,4976.692884,1969.244837,-7.182469,1432.622245,-4.14084
2023-02-07,23264.291,2.2152,2.3375,0.006404,4.4304,6.6456,4.4159,6.6194,5086.936519,2056.490208,-7.659787,1495.885568,-4.41494
2023-02-08,22939.3984,-1.3965,2.3459,0.006427,-2.7931,-4.1896,-2.8076,-4.2158,5015.895973,1999.051243,-7.338873,1453.887573,-4.228814
2023-02-09,21819.0391,-4.884,2.3542,0.00645,-9.768,-14.652,-9.7825,-14.6783,4770.919799,1803.784064,-6.263582,1311.66066,-3.608098
2023-02-10,21651.1836,-0.7693,2.3626,0.006473,-1.5386,-2.3079,-1.5532,-2.3342,4734.216763,1776.030778,-6.119024,1291.288344,-3.523876
2023-02-11,21870.875,1.0147,2.371,0.006496,2.0294,3.0441,2.0148,3.0177,4782.25417,1812.073029,-6.30529,1317.305129,-3.630216
2023-02-12,21788.2031,-0.378,2.3793,0.006519,-0.756,-1.134,-0.7706,-1.1604,4764.177257,1798.373763,-6.233788,1307.153969,-3.588091
2023-02-13,21808.1016,0.0913,2.3877,0.006542,0.1827,0.274,0.168,0.2475,4768.528221,1801.658552,-6.250868,1309.350374,-3.596973
2023-02-14,22220.8047,1.8924,2.396,0.006564,3.7849,5.6773,3.7702,5.6508,4858.769294,1869.848817,-6.605747,1358.715684,-3.80023
2023-02-15,24307.8418,9.3923,2.4044,0.006587,18.7845,28.1768,18.7699,28.1503,5315.117836,2221.091171,-8.467036,1613.744753,-4.870004
2023-02-16,23623.4746,-2.8154,2.4127,0.00661,-5.6308,-8.4463,-5.6455,-8.4728,5165.475088,2096.0252,-7.751888,1522.640356,-4.457377
2023-02-17,24565.6016,3.9881,2.4211,0.006633,7.9762,11.9643,7.9615,11.9377,5371.479217,2263.208213,-8.679347,1643.865026,-4.989483
2023-02-18,24641.2773,0.3081,2.4295,0.006656,0.6161,0.9242,0.6014,0.8975,5388.026375,2277.152105,-8.759559,1653.750796,-5.034263
2023-02-19,24327.6426,-1.2728,2.4378,0.006679,-2.5456,-3.8184,-2.5604,-3.8451,5319.447447,2219.184813,-8.425083,1611.408724,-4.840688
2023-02-20,24829.1484,2.0615,2.4462,0.006702,4.1229,6.1844,4.1081,6.1576,5429.105999,2310.680253,-8.946123,1677.60775,-5.13876
2023-02-21,24436.3535,-1.582,2.4545,0.006725,-3.164,-4.746,-3.1788,-4.7728,5343.218024,2237.570741,-8.521543,1624.280137,-4.893497
2023-02-22,24188.8438,-1.0129,2.4629,0.006748,-2.0258,-3.0386,-2.0406,-3.0655,5289.097894,2192.243142,-8.262605,1591.135398,-4.743488
2023-02-23,23947.4922,-0.9978,2.4712,0.006771,-1.9956,-2.9933,-2.0104,-3.0203,5236.324307,2148.495594,-8.015277,1559.146995,-4.600222
2023-02-24,23198.127,-3.1292,2.4796,0.006793,-6.2584,-9.3876,-6.2733,-9.4146,5072.46918,2014.03409,-7.262835,1461.337367,-4.167132
2023-02-25,23175.375,-0.0981,2.4879,0.006816,-0.1962,-0.2942,-0.2111,-0.3212,5067.49427,2010.083495,-7.241465,1458.253187,-4.153745
2023-02-26,23561.2129,1.6649,2.4963,0.006839,3.3297,4.9946,3.3148,4.9675,5151.86103,2077.013706,-7.603146,1506.591387,-4.360084
2023-02-27,23522.8711,-0.1627,2.5047,0.006862,-0.3255,-0.4882,-0.3404,-0.5153,5143.477268,2070.253745,-7.566028,1501.462805,-4.337617
2023-02-28,23147.3535,-1.5964,2.513,0.006885,-3.1928,-4.7892,-3.2078,-4.8163,5061.367133,2004.154954,-7.203677,1453.29957,-4.128704
2023-03-01,23646.5508,2.1566,2.5214,0.006908,4.3132,6.4698,4.2982,6.4426,5170.520891,2090.598415,-7.669742,1515.765617,-4.394701
2023-03-02,23475.4668,-0.7235,2.5297,0.006931,-1.447,-2.1705,-1.462,-2.1977,5133.111912,2060.347245,-7.503269,1493.604775,-4.298116
2023-03-03,22362.6797,-4.7402,2.5381,0.006954,-9.4804,-14.2206,-9.4955,-14.2479,4889.791478,1865.017553,-6.436256,1351.780106,-3.685724
2023-03-04,22353.3496,-0.0417,2.5464,0.006977,-0.0834,-0.1252,-0.0985,-0.1525,4887.751377,1863.461321,-6.4282,1350.448575,-3.680104
2023-03-05,22435.5137,0.3676,2.5548,0.006999,0.7351,1.1027,0.7201,1.0753,4905.717253,1877.160346,-6.499085,1360.172576,-3.719678
2023-03-06,22429.7578,-0.0257,2.5632,0.007022,-0.0513,-0.077,-0.0664,-0.1044,4904.458685,1876.197171,-6.494082,1359.26922,-3.715795
2023-03-07,22219.7695,-0.9362,2.5715,0.007045,-1.8724,-2.8086,-1.8875,-2.8361,4858.542948,1841.067106,-6.311689,1333.612534,-3.610412
2023-03-08,21718.0801,-2.2579,2.5799,0.007068,-4.5157,-6.7736,-4.5309,-6.8011,4748.844252,1757.929975,-5.884163,1273.1885,-3.364866
2023-03-09,20363.0215,-6.2393,2.5882,0.007091,-12.4786,-18.7179,-12.4938,-18.7455,4452.549083,1538.564533,-4.782769,1114.118932,-2.734106
2023-03-10,20187.2441,-0.8632,2.5966,0.007114,-1.7264,-2.5897,-1.7416,-2.6173,4414.113861,1512.002189,-4.658912,1094.71507,-2.662547
2023-03-11,20632.4102,2.2052,2.6049,0.007137,4.4104,6.6156,4.3952,6.5879,4511.453223,1578.68707,-4.967125,1142.829444,-2.837953
2023-03-12,22163.9492,7.423,2.6133,0.00716,14.846,22.2689,14.8307,22.2412,4846.337359,1813.058227,-6.073251,1312.319189,-3.469149
2023-03-13,24197.5332,9.1752,2.6216,0.007183,18.3504,27.5256,18.3351,27.4978,5290.997917,2145.761225,-7.744947,1552.934369,-4.42309
2023-03-14,24746.0742,2.2669,2.63,0.007205,4.5339,6.8008,4.5186,6.773,5410.941109,2243.047012,-8.271665,1623.104816,-4.722667
2023-03-15,24375.9609,-1.4956,2.6384,0.007228,-2.9913,-4.4869,-3.0066,-4.5148,5330.01267,2175.950997,-7.900521,1574.304556,-4.509449
2023-03-16,25052.7891,2.7766,2.6467,0.007251,5.5532,8.3299,5.5379,8.302,5478.006937,2296.786835,-8.558623,1661.488112,-4.883824
2023-03-17,27423.9297,9.4646,2.6551,0.007274,18.9292,28.3937,18.9138,28.3658,5996.477147,2731.549173,-10.988736,1975.738626,-6.26916
2023-03-18,26965.8789,-1.6703,2.6634,0.007297,-3.3405,-5.0108,-3.3559,-5.0387,5896.32042,2640.301256,-10.438115,1909.43485,-5.953273
2023-03-19,28038.6758,3.9783,2.6718,0.00732,7.9567,11.935,7.9413,11.907,6130.896646,2850.382073,-11.683909,2061.068735,-6.662132
2023-03-20,27767.2363,-0.9681,2.6801,0.007343,-1.9362,-2.9043,-1.9516,-2.9323,6071.544085,2795.193578,-11.344577,2020.844838,-6.466776
2023-03-21,28175.8164,1.4714,2.6885,0.007366,2.9429,4.4143,2.9274,4.3862,6160.883619,2877.453145,-11.845365,2080.003968,-6.750425
2023-03-22,27307.4375,-3.082,2.6968,0.007389,-6.164,-9.246,-6.1795,-9.2741,5971.005132,2700.086883,-10.750142,1951.470693,-6.12438
2023-03-23,28333.9727,3.7592,2.7052,0.007412,7.5184,11.2775,7.5029,11.2493,6195.465838,2903.089022,-11.962493,2097.886848,-6.813332
2023-03-24,27493.2852,-2.9671,2.7136,0.007434,-5.9341,-8.9012,-5.9496,-8.9294,6011.642314,2730.815922,-10.897688,1973.069978,-6.20494
2023-03-25,27494.707,0.0052,2.7219,0.007457,0.0103,0.0155,-0.0052,-0.0128,6011.953219,2731.098382,-10.899379,1972.967456,-6.204148
2023-03-26,27994.3301,1.8172,2.7303,0.00748,3.6343,5.4515,3.6188,5.4232,6121.200078,2830.355282,-11.493556,2044.364398,-6.540608
2023-03-27,27139.8887,-3.0522,2.7386,0.007503,-6.1044,-9.1566,-6.12,-9.185,5934.369146,2657.579385,-10.441139,1919.249822,-5.939856
2023-03-28,27268.1309,0.4725,2.747,0.007526,0.945,1.4176,0.9294,1.3891,5962.410398,2682.694727,-10.58915,1937.088052,-6.02237
2023-03-29,28348.4414,3.9618,2.7553,0.007549,7.9236,11.8854,7.908,11.857,6198.629554,2895.261068,-11.847714,2090.27262,-6.736439
2023-03-30,28033.5625,-1.1107,2.7637,0.007572,-2.2215,-3.3322,-2.2371,-3.3607,6129.778584,2830.943131,-11.452921,2043.510211,-6.510044
2023-03-31,28478.4844,1.5871,2.7721,0.007595,3.1742,4.7613,3.1585,4.7328,6227.064563,2920.803171,-11.99823,2108.055129,-6.818149
2023-04-01,28411.0352,-0.2368,2.7804,0.007618,-0.4737,-0.7105,-0.4894,-0.7391,6212.316213,2906.967752,-11.912979,2097.738619,-6.767753
2023-04-02,28199.3086,-0.7452,2.7888,0.00764,-1.4905,-2.2357,-1.5062,-2.2643,6166.020387,2863.640764,-11.646643,2066.142991,-6.614509
2023-04-03,27790.2207,-1.4507,2.7971,0.007663,-2.9014,-4.3521,-2.9171,-4.3808,6076.569815,2780.554985,-11.139769,2005.870516,-6.32474
2023-04-04,28168.0898,1.3597,2.8055,0.007686,2.7194,4.0792,2.7037,4.0504,6159.19414,2856.170499,-11.594178,2060.10266,-6.580919
2023-04-05,28177.9844,0.0351,2.8138,0.007709,0.0703,0.1054,0.0545,0.0766,6161.357664,2858.177059,-11.606396,2061.224636,-6.585959
2023-04-06,28044.1406,-0.475,2.8222,0.007732,-0.95,-1.425,-0.9658,-1.4538,6132.091581,2831.024716,-11.441007,2041.317281,-6.490212
2023-04-07,27925.8594,-0.4218,2.8305,0.007755,-0.8435,-1.2653,-0.8594,-1.2942,6106.228373,2807.143996,-11.296243,2023.774743,-6.406216
2023-04-08,27947.7949,0.0785,2.8389,0.007778,0.1571,0.2356,0.1412,0.2067,6111.024768,2811.553976,-11.322863,2026.633091,-6.419459
2023-04-09,28333.0508,1.3785,2.8473,0.007801,2.757,4.1355,2.7411,4.1065,6195.264262,2889.067615,-11.791114,2082.184825,-6.683073
2023-04-10,29652.9805,4.6586,2.8556,0.007824,9.3172,13.9759,9.3013,13.9468,6483.878195,3158.249084,-13.439024,2275.855871,-7.615151
2023-04-11,30235.0586,1.963,2.864,0.007847,3.9259,5.8889,3.91,5.8598,6611.154563,3282.239838,-14.230435,2364.841941,-8.061387
2023-04-12,30139.0527,-0.3175,2.8723,0.007869,-0.6351,-0.9526,-0.651,-0.9817,6590.162059,3261.395542,-14.094877,2349.446472,-7.982248
2023-04-13,30399.0664,0.8627,2.8807,0.007892,1.7254,2.5881,1.7095,2.559,6647.016276,3317.66854,-14.459672,2389.609143,-8.186512
2023-04-14,30485.6992,0.285,2.889,0.007915,0.57,0.855,0.554,0.8258,6665.959283,3336.578263,-14.583296,2402.846928,-8.254113
2023-04-15,30318.4961,-0.5485,2.8974,0.007938,-1.0969,-1.6454,-1.1129,-1.6746,6629.398887,3299.978393,-14.343343,2376.104479,-8.115886
2023-04-16,30315.3555,-0.0104,2.9058,0.007961,-0.0207,-0.0311,-0.0368,-0.0604,6628.712163,3299.294718,-14.338886,2375.231006,-8.110987
2023-04-17,29445.0449,-2.8709,2.9141,0.007984,-5.7417,-8.6126,-5.7578,-8.6419,6438.411306,3109.858642,-13.103939,2238.470422,-7.410043
2023-04-18,30397.5527,3.2349,2.9225,0.008007,6.4697,9.7046,6.4536,9.6752,6646.685299,3311.058176,-14.375624,2382.933323,-8.126981
2023-04-19,28822.6797,-5.1809,2.9308,0.00803,-10.3618,-15.5428,-10.378,-15.5722,6302.325816,2967.971591,-12.141255,2135.633626,-6.861432
2023-04-20,28245.9883,-2.0008,2.9392,0.008053,-4.0017,-6.0025,-4.0178,-6.032,6176.2273,2849.20375,-11.412479,2049.82846,-6.447554
2023-04-21,27276.9102,-3.4309,2.9475,0.008075,-6.8617,-10.2926,-6.8779,-10.3221,5964.330067,2653.699808,-10.237843,1908.844085,-5.782032
2023-04-22,27817.5,1.9819,2.9559,0.008098,3.9637,5.9456,3.9475,5.916,6082.534667,2758.884975,-10.846542,1984.196413,-6.124098
2023-04-23,27591.3848,-0.8129,2.9642,0.008121,-1.6257,-2.4386,-1.6419,-2.4682,6033.092634,2714.033646,-10.582043,1951.617726,-5.972944
2023-04-24,27525.3398,-0.2394,2.9726,0.008144,-0.4787,-0.7181,-0.495,-0.7478,6018.651346,2701.040594,-10.506053,1941.957957,-5.928281
2023-04-25,28307.5977,2.842,2.981,0.008167,5.6839,8.5259,5.6677,8.4962,6189.698718,2854.565319,-11.401785,2052.021553,-6.431957
2023-04-26,28422.7012,0.4066,2.9893,0.00819,0.8132,1.2199,0.797,1.1901,6214.867088,2877.779617,-11.54087,2068.375385,-6.508504
2023-04-27,29473.7871,3.6981,2.9977,0.008213,7.3961,11.0942,7.3798,11.0644,6444.696032,3090.623123,-12.821231,2221.017489,-7.228628
2023-04-28,29340.2617,-0.453,3.006,0.008236,-0.9061,-1.3591,-0.9224,-1.3889,6415.499561,3062.620161,-12.646979,2200.531271,-7.128228
2023-04-29,29248.4883,-0.3128,3.0144,0.008259,-0.6256,-0.9384,-0.6419,-0.9683,6395.432513,3043.461015,-12.528303,2186.405599,-7.059208
2023-04-30,29268.8066,0.0695,3.0227,0.008281,0.1389,0.2084,0.1226,0.1785,6399.875296,3047.689482,-12.554413,2189.08553,-7.071807
2023-05-01,28091.5684,-4.0222,3.0311,0.008304,-8.0443,-12.0665,-8.0607,-12.0965,6142.462062,2802.523578,-11.039537,2012.629762,-6.216368
2023-05-02,28680.5371,2.0966,3.0395,0.008327,4.1932,6.2898,4.1768,6.2598,6271.245124,2920.039182,-11.733903,2096.693224,-6.6055
2023-05-03,29006.3086,1.1359,3.0478,0.00835,2.2717,3.4076,2.2553,3.3775,6342.47785,2986.374446,-12.133746,2143.979795,-6.828602
2023-05-04,28847.7109,-0.5468,3.0562,0.008373,-1.0935,-1.6403,-1.11,-1.6704,6307.799114,2953.717275,-11.934715,2120.181742,-6.714535
2023-05-05,29534.3848,2.3803,3.0645,0.008396,4.7607,7.141,4.7442,7.1109,6457.946228,3094.334348,-12.786976,2220.767477,-7.191996
2023-05-06,28904.623,-2.1323,3.0729,0.008419,-4.2646,-6.3969,-4.2811,-6.4271,6320.243434,2962.373359,-11.969006,2125.694172,-6.729759
2023-05-07,28454.9785,-1.5556,3.0812,0.008442,-3.1112,-4.6668,-3.1278,-4.6971,6221.924805,2870.207135,-11.410431,2059.207707,-6.413656
2023-05-08,27694.2734,-2.6734,3.0896,0.008465,-5.3467,-8.0201,-5.3633,-8.0504,6055.590124,2716.744981,-10.495304,1948.766749,-5.897331
2023-05-09,27658.7754,-0.1282,3.0979,0.008488,-0.2564,-0.3845,-0.2729,-0.4149,6047.828172,2709.780427,-10.454946,1943.448052,-5.872864
2023-05-10,27621.7559,-0.1338,3.1063,0.00851,-0.2677,-0.4015,-0.2843,-0.4319,6039.733534,2702.526685,-10.412966,1937.923218,-5.847498
2023-05-11,27000.7891,-2.2481,3.1147,0.008533,-4.4962,-6.7443,-4.5128,-6.7748,5903.953824,2581.015269,-9.710682,1850.468023,-5.451344
2023-05-12,26804.9902,-0.7252,3.123,0.008556,-1.4503,-2.1755,-1.467,-2.206,5861.140733,2543.582306,-9.499428,1823.32244,-5.33109
2023-05-13,26784.0781,-0.078,3.1314,0.008579,-0.156,-0.234,-0.1727,-0.2646,5856.568122,2539.613518,-9.477195,1820.173694,-5.316985
2023-05-14,26930.6387,0.5472,3.1397,0.008602,1.0944,1.6416,1.0777,1.611,5888.614841,2567.406682,-9.63277,1839.789732,-5.402642
2023-05-15,27192.6934,0.9731,3.1481,0.008625,1.9461,2.9192,1.9294,2.8886,5945.915343,2617.372148,-9.913972,1875.28734,-5.558703
2023-05-16,27036.6504,-0.5738,3.1564,0.008648,-1.1477,-1.7215,-1.1644,-1.7522,5911.795211,2587.333011,-9.743301,1853.451249,-5.461303
2023-05-17,27398.8027,1.3395,3.1648,0.008671,2.679,4.0185,2.6622,3.9877,5990.982923,2656.646976,-10.134831,1902.79421,-5.679087
2023-05-18,26832.209,-2.068,3.1732,0.008694,-4.1359,-6.2039,-4.1527,-6.2346,5867.092346,2546.770673,-9.506081,1823.777307,-5.325018
2023-05-19,26890.1289,0.2159,3.1815,0.008716,0.4317,0.6476,0.4149,0.6168,5879.757033,2557.765575,-9.567641,1831.344537,-5.357861
2023-05-20,27129.5859,0.8905,3.1899,0.008739,1.781,2.6715,1.7642,2.6407,5932.116364,2603.319463,-9.823241,1863.652782,-5.499344
2023-05-21,26753.8262,-1.3851,3.1982,0.008762,-2.7701,-4.1552,-2.787,-4.1861,5849.953273,2531.204635,-9.415069,1811.713617,-5.269138
2023-05-22,26851.2773,0.3643,3.2066,0.008785,0.7285,1.0928,0.7116,1.0618,5871.261806,2549.644529,-9.517952,1824.606412,-5.325086
2023-05-23,27225.7266,1.3945,3.2149,0.008808,2.7891,4.1836,2.7722,4.1526,5953.138336,2620.755663,-9.916144,1875.187613,-5.546216
2023-05-24,26334.8184,-3.2723,3.2233,0.008831,-6.5446,-9.8169,-6.5615,-9.8479,5758.333625,2449.237543,-8.942686,1752.146828,-5.000028
2023-05-25,26476.207,0.5369,3.2316,0.008854,1.0738,1.6107,1.0568,1.5796,5789.24947,2475.536904,-9.086722,1770.664242,-5.079008
2023-05-26,26719.291,0.9181,3.24,0.008877,1.8362,2.7544,1.8193,2.7232,5842.401865,2520.993821,-9.337004,1802.877687,-5.217322
2023-05-27,26868.3535,0.5579,3.2484,0.0089,1.1158,1.6737,1.0988,1.6425,5874.995658,2549.122235,-9.493273,1822.687438,-5.303015
2023-05-28,28085.6465,4.5306,3.2567,0.008922,9.0612,13.5917,9.0442,13.5605,6141.167193,2780.102416,-10.783575,1987.534218,-6.022133
2023-05-29,27745.8848,-1.2097,3.2651,0.008945,-2.4195,-3.6292,-2.4365,-3.6605,6066.875383,2712.838707,-10.392217,1939.10802,-5.801695
2023-05-30,27702.3496,-0.1569,3.2734,0.008968,-0.3138,-0.4707,-0.3309,-0.502,6057.356048,2704.325455,-10.343299,1932.692211,-5.772569
2023-05-31,27219.6582,-1.7424,3.2818,0.008991,-3.4848,-5.2273,-3.5019,-5.2586,5951.811437,2610.084015,-9.802627,1865.010987,-5.469011
2023-06-01,26819.9727,-1.4684,3.2901,0.009014,-2.9367,-4.4051,-2.9538,-4.4365,5864.416768,2533.432585,-9.370811,1809.921581,-5.226378
2023-06-02,27249.5898,1.6019,3.2985,0.009037,3.2037,4.8056,3.1866,4.7741,5958.356247,2614.59644,-9.821131,1867.596392,-5.475892
2023-06-03,27075.1289,-0.6402,3.3068,0.00906,-1.2805,-1.9207,-1.2976,-1.9522,5920.208868,2581.117408,-9.632497,1843.362301,-5.368992
2023-06-04,27119.0664,0.1623,3.3152,0.009083,0.3246,0.4868,0.3074,0.4553,5929.816179,2589.494679,-9.679391,1849.028703,-5.393437
2023-06-05,25760.0977,-5.0111,3.3236,0.009106,-10.0222,-15.0334,-10.0394,-15.0649,5632.66602,2329.969348,-8.224254,1663.396829,-4.580919
2023-06-06,27238.7832,5.7402,3.3319,0.009129,11.4804,17.2207,11.4632,17.189,5955.993282,2597.459948,-9.640524,1854.075727,-5.368335
2023-06-07,26345.998,-3.2776,3.3403,0.009151,-6.5552,-9.8329,-6.5725,-9.8645,5760.77816,2427.189957,-8.692583,1732.216905,-4.838773
2023-06-08,26508.2168,0.6157,3.3486,0.009174,1.2314,1.8472,1.2142,1.8155,5796.248679,2457.079561,-8.85315,1753.249351,-4.926618
2023-06-09,26480.375,-0.105,3.357,0.009197,-0.2101,-0.3151,-0.2273,-0.3469,5790.160832,2451.91818,-8.825255,1749.263495,-4.90953
2023-06-10,25851.2402,-2.3759,3.3653,0.00922,-4.7517,-7.1276,-4.769,-7.1594,5652.595126,2335.41024,-8.19623,1665.840976,-4.558039
2023-06-11,25940.168,0.344,3.3737,0.009243,0.688,1.032,0.6707,1.0001,5672.039937,2351.477766,-8.280814,1677.013283,-4.603625
2023-06-12,25902.5,-0.1452,3.3821,0.009266,-0.2904,-0.4356,-0.3078,-0.4675,5663.803513,2344.648559,-8.24474,1671.851939,-4.582102
2023-06-13,25918.7285,0.0627,3.3904,0.009289,0.1253,0.188,0.1079,0.156,5667.352017,2347.586512,-8.260237,1673.65643,-4.58925
2023-06-14,25124.6758,-3.0636,3.3988,0.009312,-6.1273,-9.1909,-6.1446,-9.2229,5493.725584,2203.744002,-7.501049,1570.816191,-4.16599
2023-06-15,25576.3945,1.7979,3.4071,0.009335,3.5958,5.3937,3.5784,5.3617,5592.497758,2282.986615,-7.905635,1627.026289,-4.389357
2023-06-16,26327.4629,2.9366,3.4155,0.009357,5.8731,8.8097,5.8557,8.7776,5756.725289,2417.069549,-8.602098,1722.300026,-4.774638
2023-06-17,26510.6758,0.6959,3.4238,0.00938,1.3918,2.0877,1.3743,2.0556,5796.786357,2450.710337,-8.781684,1745.97025,-4.872784
2023-06-18,26336.2129,-0.6581,3.4322,0.009403,-1.3162,-1.9743,-1.3337,-2.0064,5758.638551,2418.454803,-8.608311,1722.685008,-4.775015
2023-06-19,26851.0293,1.9548,3.4405,0.009426,3.9096,5.8644,3.8921,5.8321,5871.207569,2513.005998,-9.113133,1789.73298,-5.053501
2023-06-20,28327.4883,5.4987,3.4489,0.009449,10.9974,16.4961,10.9799,16.4638,6194.047973,2789.371589,-10.616446,1986.243503,-5.885501
2023-06-21,30027.2969,6.0006,3.4573,0.009472,12.0011,18.0017,11.9836,17.9694,6565.725683,3124.127551,-12.527585,2224.266395,-6.943089
2023-06-22,29912.2812,-0.383,3.4656,0.009495,-0.7661,-1.1491,-0.7837,-1.1815,6540.576532,3100.194429,-12.38363,2206.835913,-6.861058
2023-06-23,30695.4688,2.6183,3.474,0.009518,5.2366,7.8548,5.219,7.8224,6711.827188,3262.538016,-13.356344,2322.009831,-7.39776
2023-06-24,30548.6953,-0.4782,3.4823,0.009541,-0.9563,-1.4345,-0.9739,-1.4669,6679.733918,3231.337716,-13.16475,2299.394785,-7.28924
2023-06-25,30480.2617,-0.224,3.4907,0.009564,-0.448,-0.672,-0.4657,-0.7045,6664.770327,3216.860368,-13.076277,2288.687072,-7.237885
2023-06-26,30271.1309,-0.6861,3.499,0.009586,-1.3722,-2.0584,-1.3899,-2.0909,6619.042073,3172.717389,-12.807121,2256.876461,-7.086548
2023-06-27,30688.1641,1.3777,3.5074,0.009609,2.7553,4.133,2.7376,4.1004,6710.229955,3260.135894,-13.336436,2318.661345,-7.377124
2023-06-28,30086.2461,-1.9614,3.5158,0.009632,-3.9228,-5.8842,-3.9405,-5.9168,6578.615435,3132.247215,-12.551693,2227.294113,-6.940631
2023-06-29,30445.3516,1.1936,3.5241,0.009655,2.3872,3.5808,2.3694,3.5481,6657.136922,3207.019395,-13.001139,2280.068429,-7.186891
2023-06-30,30477.252,0.1048,3.5325,0.009678,0.2096,0.3143,0.1918,0.2816,6664.112216,3213.739972,-13.042007,2284.441559,-7.20713
2023-07-01,30590.0781,0.3702,3.5408,0.009701,0.7404,1.1106,0.7226,1.0778,6688.782625,3237.534373,-13.186851,2300.949228,-7.28481
2023-07-02,30620.7695,0.1003,3.5492,0.009724,0.2007,0.301,0.1829,0.2682,6695.493564,3244.030891,-13.226542,2305.156664,-7.304346
2023-07-03,31156.4395,1.7494,3.5575,0.009747,3.4987,5.2481,3.4809,5.2152,6812.622381,3357.530963,-13.920685,2385.397024,-7.685285
2023-07-04,30777.582,-1.216,3.5659,0.00977,-2.432,-3.648,-2.4498,-3.6809,6729.78196,3275.876862,-13.412865,2326.959081,-7.4024
2023-07-05,30514.166,-0.8559,3.5742,0.009792,-1.7117,-2.5676,-1.7296,-2.6006,6672.183792,3219.802383,-13.068475,2286.711667,-7.209896
2023-07-06,29909.3379,-1.9821,3.5826,0.009815,-3.9642,-5.9464,-3.9821,-5.9794,6539.932941,3092.161534,-12.291375,2195.651553,-6.77879
2023-07-07,30342.2656,1.4475,3.591,0.009838,2.8949,4.3424,2.877,4.3094,6634.596299,3181.677556,-12.825116,2258.820737,-7.070912
2023-07-08,30292.541,-0.1639,3.5993,0.009861,-0.3278,-0.4916,-0.3457,-0.5247,6623.723587,3171.249352,-12.762063,2251.011962,-7.033809
2023-07-09,30171.2344,-0.4005,3.6077,0.009884,-0.8009,-1.2014,-0.8189,-1.2345,6597.198851,3145.850783,-12.608746,2232.579162,-6.946977
2023-07-10,30414.4707,0.8062,3.616,0.009907,1.6124,2.4186,1.5944,2.3854,6650.384558,3196.573612,-12.913696,2268.175031,-7.112689
2023-07-11,30620.9512,0.6789,3.6244,0.00993,1.3578,2.0367,1.3398,2.0034,6695.533281,3239.97598,-13.176705,2298.563264,-7.255187
2023-07-12,30391.6465,-0.7488,3.6327,0.009953,-1.4977,-2.2465,-1.5157,-2.2798,6645.393847,3191.450924,-12.880684,2263.723184,-7.089782
2023-07-13,31476.0488,3.5681,3.6411,0.009976,7.1362,10.7043,7.1181,10.671,6882.507708,3419.198826,-14.259468,2424.857923,-7.846329
2023-07-14,30334.0684,-3.6281,3.6495,0.009998,-7.2562,-10.8843,-7.2743,-10.9176,6632.803896,3171.095368,-12.707428,2248.467268,-6.989695
2023-07-15,30295.8066,-0.1261,3.6578,0.010021,-0.2523,-0.3784,-0.2704,-0.4118,6624.437644,3163.095679,-12.659342,2242.38803,-6.96091
2023-07-16,30249.1328,-0.1541,3.6662,0.010044,-0.3081,-0.4622,-0.3262,-0.4956,6614.232011,3153.349526,-12.600833,2235.072302,-6.926409
2023-07-17,30145.8887,-0.3413,3.6745,0.010067,-0.6826,-1.0239,-0.7008,-1.0574,6591.656796,3131.823959,-12.471809,2219.409478,-6.853166
2023-07-18,29856.5625,-0.9598,3.6829,0.01009,-1.9195,-2.8793,-1.9377,-2.9128,6528.39315,3071.70839,-12.112713,2176.404448,-6.653547
2023-07-19,29913.9238,0.1921,3.6912,0.010113,0.3842,0.5764,0.3661,0.5428,6540.935696,3083.511307,-12.182527,2184.371196,-6.68966
2023-07-20,29792.0156,-0.4075,3.6996,0.010136,-0.8151,-1.2226,-0.8333,-1.2562,6514.279423,3058.378842,-12.033584,2166.169311,-6.605623
2023-07-21,29908.7441,0.3918,3.7079,0.010159,0.7836,1.1754,0.7654,1.1417,6539.803113,3082.344996,-12.175031,2182.748778,-6.681042
2023-07-22,29771.8027,-0.4579,3.7163,0.010182,-0.9157,-1.3736,-0.934,-1.4073,6509.859701,3054.119093,-12.007796,2162.362078,-6.587018
2023-07-23,30084.5391,1.0504,3.7247,0.010205,2.1009,3.1513,2.0826,3.1176,6578.242178,3118.282758,-12.386202,2207.395489,-6.792372
2023-07-24,29176.916,-3.0169,3.733,0.010227,-6.0338,-9.0507,-6.0521,-9.0846,6379.782624,2930.131277,-11.265161,2073.801114,-6.175316
2023-07-25,29227.3906,0.173,3.7414,0.01025,0.346,0.519,0.3277,0.4851,6390.81933,2940.269239,-11.323625,2080.596079,-6.205273
2023-07-26,29354.9727,0.4365,3.7497,0.010273,0.873,1.3095,0.8547,1.2756,6418.716234,2965.938689,-11.471913,2098.378418,-6.284429
2023-07-27,29210.6895,-0.4915,3.7581,0.010296,-0.983,-1.4745,-1.0014,-1.5085,6387.167475,2936.782802,-11.302756,2077.365209,-6.189629
2023-07-28,29319.2461,0.3716,3.7664,0.010319,0.7433,1.1149,0.7249,1.0809,6410.904315,2958.610926,-11.42877,2092.42331,-6.256532
2023-07-29,29356.918,0.1285,3.7748,0.010342,0.257,0.3855,0.2386,0.3514,6419.141593,2966.213878,-11.472824,2097.414848,-6.278518
2023-07-30,29275.3086,-0.278,3.7832,0.010365,-0.556,-0.834,-0.5744,-0.8681,6401.297004,2949.722307,-11.377144,2085.36672,-6.224016
2023-07-31,29230.1113,-0.1544,3.7915,0.010388,-0.3088,-0.4632,-0.3272,-0.4973,6391.414235,2940.614332,-11.32445,2078.542486,-6.193064
2023-08-01,29675.7324,1.5245,3.7999,0.010411,3.0491,4.5736,3.0306,4.5394,6488.853104,3030.275282,-11.842383,2141.53401,-6.474191
2023-08-02,29151.959,-1.765,3.8082,0.010433,-3.53,-5.295,-3.5485,-5.3292,6374.325555,2923.307226,-11.215332,2065.541808,-6.129168
2023-08-03,29178.6797,0.0917,3.8166,0.010456,0.1833,0.275,0.1648,0.2407,6380.168266,2928.666237,-11.246172,2068.94544,-6.143921
2023-08-04,29074.0918,-0.3584,3.8249,0.010479,-0.7169,-1.0753,-0.7354,-1.1096,6357.299228,2907.671248,-11.12524,2053.729582,-6.075745
2023-08-05,29042.127,-0.1099,3.8333,0.010502,-0.2199,-0.3298,-0.2385,-0.3642,6350.309841,2901.277703,-11.088546,2048.832057,-6.053617
2023-08-06,29041.8555,-0.0009,3.8416,0.010525,-0.0019,-0.0028,-0.0205,-0.0372,6350.250478,2901.223461,-11.088235,2048.412522,-6.051364
2023-08-07,29180.5781,0.4777,3.85,0.010548,0.9553,1.433,0.9367,1.3985,6380.583376,2928.939695,-11.247129,2067.599982,-6.135994
2023-08-08,29765.4922,2.0045,3.8584,0.010571,4.0089,6.0134,3.9903,5.9789,6508.479846,3046.358754,-11.923462,2150.102889,-6.502857
2023-08-09,29561.4941,-0.6854,3.8667,0.010594,-1.3707,-2.0561,-1.3894,-2.0906,6463.873925,3004.602264,-11.67831,2120.229841,-6.366908
2023-08-10,29429.5918,-0.4462,3.8751,0.010617,-0.8924,-1.3386,-0.9111,-1.3732,6435.032348,2977.789405,-11.521985,2100.912602,-6.279478
2023-08-11,29397.7148,-0.1083,3.8834,0.01064,-0.2166,-0.3249,-0.2354,-0.3596,6428.062179,2971.338561,-11.484545,2095.968027,-6.256897
2023-08-12,29415.9648,0.0621,3.8918,0.010662,0.1242,0.1862,0.1054,0.1515,6432.052698,2975.027755,-11.505933,2098.177485,-6.266379
2023-08-13,29282.9141,-0.4523,3.9001,0.010685,-0.9046,-1.3569,-0.9234,-1.3917,6402.960005,2948.115174,-11.349807,2078.803258,-6.179172
2023-08-14,29408.4434,0.4287,3.9085,0.010708,0.8574,1.286,0.8386,1.2512,6430.408061,2973.390993,-11.495769,2096.235371,-6.256489
2023-08-15,29170.3477,-0.8096,3.9168,0.010731,-1.6192,-2.4289,-1.638,-2.4637,6378.346396,2925.244846,-11.216554,2061.898052,-6.102349
2023-08-16,28701.7793,-1.6063,3.9252,0.010754,-3.2126,-4.819,-3.2315,-4.8538,6275.88991,2831.267415,-10.676033,1995.268416,-5.806151
2023-08-17,26664.5508,-7.0979,3.9336,0.010777,-14.1958,-21.2938,-14.2147,-21.3287,5830.432444,2429.345384,-8.402705,1711.647129,-4.567776
2023-08-18,26049.5566,-2.3064,3.9419,0.0108,-4.6128,-6.9192,-4.6317,-6.9542,5695.958707,2317.284004,-7.821303,1632.3687,-4.250124
2023-08-19,26096.2051,0.1791,3.9503,0.010823,0.3582,0.5372,0.3392,0.5022,5706.158787,2325.583391,-7.863321,1637.906456,-4.271468
2023-08-20,26189.584,0.3578,3.9586,0.010846,0.7157,1.0735,0.6967,1.0384,5726.576885,2342.226457,-7.947732,1649.318134,-4.315824
2023-08-21,26124.1406,-0.2499,3.967,0.010868,-0.4998,-0.7496,-0.5187,-0.7848,5712.267134,2330.520798,-7.888152,1640.762842,-4.281955
2023-08-22,26031.6562,-0.354,3.9753,0.010891,-0.708,-1.0621,-0.727,-1.0972,5692.044633,2314.019834,-7.804375,1628.834312,-4.234973
2023-08-23,26431.6406,1.5365,3.9837,0.010914,3.0731,4.6096,3.0541,4.5744,5779.504643,2385.131081,-8.164125,1678.579968,-4.428698
2023-08-24,26162.373,-1.0187,3.9921,0.010937,-2.0375,-3.0562,-2.0565,-3.0914,5720.62698,2336.534895,-7.914613,1644.060252,-4.291787
2023-08-25,26047.668,-0.4384,4.0004,0.01096,-0.8769,-1.3153,-0.8959,-1.3506,5695.545733,2316.046507,-7.810512,1629.330905,-4.233822
2023-08-26,26008.4629,-0.1505,4.0088,0.010983,-0.301,-0.4515,-0.3201,-0.4869,5686.973206,2309.074614,-7.775244,1624.115568,-4.213209
2023-08-27,26089.6934,0.3123,4.0171,0.011006,0.6246,0.937,0.6056,0.9016,5704.734944,2323.498166,-7.848096,1633.950536,-4.251195
2023-08-28,26106.1504,0.0631,4.0255,0.011029,0.1262,0.1892,0.107,0.1538,5708.333415,2326.42943,-7.862947,1635.699622,-4.257734
2023-08-29,27727.3926,6.2102,4.0338,0.011052,12.4204,18.6306,12.4013,18.5951,6062.831907,2615.38092,-9.32786,1838.54684,-5.049464
2023-08-30,27297.2656,-1.5513,4.0422,0.011074,-3.1025,-4.6538,-3.1217,-4.6893,5968.780964,2534.237638,-8.893759,1781.152954,-4.812677
2023-08-31,25931.4727,-5.0034,4.0505,0.011097,-10.0068,-15.0102,-10.026,-15.0458,5670.138632,2280.641252,-7.558786,1602.574716,-4.088573
2023-09-01,25800.7246,-0.5042,4.0589,0.01112,-1.0084,-1.5126,-1.0276,-1.5482,5641.549452,2257.642991,-7.444451,1586.106426,-4.025272
2023-09-02,25868.7988,0.2638,4.0673,0.011143,0.5277,0.7915,0.5085,0.7559,5656.434463,2269.556399,-7.503376,1594.171252,-4.055698
2023-09-03,25969.5664,0.3895,4.0756,0.011166,0.7791,1.1686,0.7598,1.1329,5678.468157,2287.237754,-7.591061,1606.284057,-4.101645
2023-09-04,25812.416,-0.6051,4.084,0.011189,-1.2103,-1.8154,-1.2295,-1.8511,5644.105878,2259.556098,-7.453253,1586.534201,-4.025718
2023-09-05,25779.9824,-0.1257,4.0923,0.011212,-0.2513,-0.377,-0.2706,-0.4127,5637.013995,2253.877782,-7.425158,1582.241098,-4.009102
2023-09-06,25753.2363,-0.1037,4.1007,0.011235,-0.2075,-0.3112,-0.2268,-0.3471,5631.165732,2249.201097,-7.402047,1578.652385,-3.995187
2023-09-07,26240.1953,1.8909,4.109,0.011258,3.7817,5.6726,3.7624,5.6367,5737.643486,2334.259819,-7.821936,1638.047453,-4.220384
2023-09-08,25905.6543,-1.2749,4.1174,0.011281,-2.5498,-3.8248,-2.5692,-3.8607,5664.493227,2274.740014,-7.522766,1595.962754,-4.057448
2023-09-09,25895.6777,-0.0385,4.1258,0.011303,-0.077,-0.1155,-0.0964,-0.1515,5662.311766,2272.987958,-7.514074,1594.42412,-4.051301
2023-09-10,25832.2266,-0.245,4.1341,0.011326,-0.4901,-0.7351,-0.5095,-0.7711,5648.437624,2261.84913,-7.45884,1586.301155,-4.020061
2023-09-11,25162.6543,-2.592,4.1425,0.011349,-5.184,-7.776,-5.2034,-7.8121,5502.029912,2144.594704,-6.87884,1503.758945,-3.706011
2023-09-12,25833.3438,2.6654,4.1508,0.011372,5.3308,7.9962,5.3114,7.9601,5648.681906,2258.919451,-7.428889,1583.629267,-4.001014
2023-09-13,26228.3242,1.529,4.1592,0.011395,3.0579,4.5869,3.0384,4.5507,5735.047769,2327.995222,-7.769642,1631.746811,-4.183089
2023-09-14,26539.6738,1.1871,4.1675,0.011418,2.3741,3.5612,2.3546,3.525,5803.127028,2383.265272,-8.046337,1670.168702,-4.330543
2023-09-15,26608.6934,0.2601,4.1759,0.011441,0.5201,0.7802,0.5006,0.7439,5818.21874,2395.661194,-8.109113,1678.529574,-4.36276
2023-09-16,26568.2812,-0.1519,4.1842,0.011464,-0.3038,-0.4556,-0.3233,-0.4919,5809.382286,2388.384345,-8.072166,1673.102937,-4.341298
2023-09-17,26534.1875,-0.1283,4.1926,0.011487,-0.2567,-0.385,-0.2762,-0.4213,5801.927396,2382.254556,-8.04109,1668.481512,-4.323008
2023-09-18,26754.2812,0.8295,4.201,0.011509,1.6589,2.4884,1.6394,2.452,5850.05278,2421.774842,-8.241186,1695.833815,-4.429009
2023-09-19,27211.1172,1.7075,4.2093,0.011532,3.415,5.1226,3.3954,5.0861,5949.943871,2504.479645,-8.663346,1753.414744,-4.654275
2023-09-20,27132.0078,-0.2907,4.2177,0.011555,-0.5814,-0.8722,-0.6011,-0.9087,5932.645928,2489.917374,-8.587787,1742.875207,-4.611983
2023-09-21,26567.6328,-2.0801,4.226,0.011578,-4.1602,-6.2403,-4.1799,-6.2768,5809.2405,2386.331445,-8.051881,1670.025186,-4.322496
2023-09-22,26579.5684,0.0449,4.2344,0.011601,0.0899,0.1348,0.0702,0.0982,5811.850309,2388.475571,-8.062733,1671.196994,-4.326741
2023-09-23,26579.3906,-0.0007,4.2427,0.011624,-0.0013,-0.002,-0.021,-0.0386,5811.811446,2388.443628,-8.062572,1670.845315,-4.32507
2023-09-24,26256.8262,-1.2136,4.2511,0.011647,-2.4272,-3.6408,-2.4469,-3.6774,5741.279965,2330.471869,-7.769032,1629.961297,-4.166018
2023-09-25,26298.4805,0.1586,4.2595,0.01167,0.3173,0.4759,0.2975,0.4392,5750.388034,2337.866073,-7.806007,1634.810948,-4.184316
2023-09-26,26217.25,-0.3089,4.2678,0.011693,-0.6178,-0.9266,-0.6375,-0.9634,5732.626296,2323.423721,-7.733674,1624.388493,-4.144005
2023-09-27,26352.7168,0.5167,4.2762,0.011716,1.0334,1.5501,1.0136,1.5133,5762.247272,2347.434384,-7.853555,1640.853613,-4.206717
2023-09-28,27021.5469,2.538,4.2845,0.011738,5.076,7.614,5.0562,7.5771,5908.492698,2466.589819,-8.451523,1723.817882,-4.525466
2023-09-29,26911.7207,-0.4064,4.2929,0.011761,-0.8129,-1.2193,-0.8327,-1.2562,5884.478265,2446.539441,-8.348472,1709.463271,-4.468616
2023-09-30,26967.916,0.2088,4.3012,0.011784,0.4176,0.6264,0.3978,0.5895,5896.765851,2456.756851,-8.400771,1716.262844,-4.494959
2023-10-01,27983.75,3.7668,4.3096,0.011807,7.5336,11.3005,7.5138,11.2635,6118.886654,2641.840274,-9.350097,1845.218699,-5.001248
2023-10-02,27530.7852,-1.6187,4.3179,0.01183,-3.2373,-4.856,-3.2573,-4.893,6019.84201,2556.31487,-8.896055,1785.115236,-4.756535
2023-10-03,27429.9785,-0.3662,4.3263,0.011853,-0.7323,-1.0985,-0.7523,-1.1356,5997.799775,2537.59448,-8.798334,1771.686627,-4.702522
2023-10-04,27799.3945,1.3468,4.3347,0.011876,2.6935,4.0403,2.6736,4.0032,6078.575751,2605.945102,-9.153812,1819.053773,-4.890771
2023-10-05,27415.9121,-1.3795,4.343,0.011899,-2.7589,-4.1384,-2.7789,-4.1756,5994.724035,2534.048993,-8.774991,1768.503955,-4.686554
2023-10-06,27946.5977,1.9357,4.3514,0.011922,3.8714,5.8071,3.8514,5.7698,6110.762975,2632.151378,-9.28456,1836.6155,-4.956961
2023-10-07,27968.8398,0.0796,4.3597,0.011944,0.1592,0.2388,0.1391,0.2015,6115.62642,2636.341141,-9.306728,1839.171145,-4.966949
2023-10-08,27935.0898,-0.1207,4.3681,0.011967,-0.2413,-0.362,-0.2614,-0.3993,6108.246694,2629.978595,-9.273037,1834.363744,-4.947116
2023-10-09,27583.6777,-1.258,4.3764,0.01199,-2.5159,-3.7739,-2.536,-3.8112,6031.407426,2563.810465,-8.923083,1787.844437,-4.75857
2023-10-10,27391.0195,-0.6985,4.3848,0.012013,-1.3969,-2.0954,-1.417,-2.1327,5989.281059,2527.996595,-8.736114,1762.510764,-4.657082
2023-10-11,26873.3203,-1.89,4.3932,0.012036,-3.7801,-5.6701,-3.8002,-5.7075,5876.08169,2432.436672,-8.240767,1695.53212,-4.391277
2023-10-12,26756.7988,-0.4336,4.4015,0.012059,-0.8672,-1.3008,-0.8873,-1.3383,5850.60327,2411.342804,-8.133573,1680.487122,-4.33251
2023-10-13,26862.375,0.3946,4.4099,0.012082,0.7892,1.1837,0.769,1.1462,5873.688404,2430.372012,-8.229852,1693.409899,-4.382169
2023-10-14,26861.707,-0.0025,4.4182,0.012105,-0.005,-0.0075,-0.0252,-0.045,5873.542347,2430.251143,-8.229238,1692.983835,-4.380195
2023-10-15,27159.6523,1.1092,4.4266,0.012128,2.2184,3.3275,2.1982,3.2899,5938.690642,2484.162977,-8.50307,1730.198242,-4.5243
2023-10-16,28519.4668,5.0067,4.4349,0.01215,10.0135,15.0202,9.9933,14.9826,6236.02572,2732.914373,-9.780251,1903.101394,-5.202156
2023-10-17,28415.748,-0.3637,4.4433,0.012173,-0.7274,-1.091,-0.7476,-1.1287,6213.346727,2713.036409,-9.673545,1888.873624,-5.143437
2023-10-18,28328.3418,-0.3076,4.4516,0.012196,-0.6152,-0.9228,-0.6355,-0.9606,6194.234602,2696.345922,-9.584279,1876.870317,-5.094031
2023-10-19,28719.8066,1.3819,4.46,0.012219,2.7638,4.1457,2.7435,4.1078,6279.831743,2770.866672,-9.981609,1928.361631,-5.303286
2023-10-20,29682.9492,3.3536,4.4684,0.012242,6.7072,10.0607,6.6868,10.0229,6490.431119,2956.713304,-10.985834,2057.308125,-5.834829
2023-10-21,29918.4121,0.7933,4.4767,0.012265,1.5865,2.3798,1.5662,2.3419,6541.917097,3003.622137,-11.247273,2089.529116,-5.971474
2023-10-22,29993.8965,0.2523,4.4851,0.012288,0.5046,0.7569,0.4842,0.719,6558.422402,3018.778459,-11.332404,2099.647272,-6.014406
2023-10-23,33086.2344,10.3099,4.4934,0.012311,20.6198,30.9297,20.5994,30.8917,7234.588571,3641.243968,-14.837479,2532.161763,-7.872357
2023-10-24,33901.5273,2.4641,4.5018,0.012334,4.9283,7.3924,4.9079,7.3544,7412.859363,3820.695069,-15.93433,2656.437103,-8.451321
2023-10-25,34502.8203,1.7736,4.5101,0.012357,3.5473,5.3209,3.5269,5.2829,7544.337222,3956.226254,-16.782186,2750.125724,-8.897792
2023-10-26,34156.6484,-1.0033,4.5185,0.012379,-2.0066,-3.0099,-2.0271,-3.0481,7468.643776,3876.839453,-16.277051,2694.378171,-8.626581
2023-10-27,33909.8008,-0.7227,4.5268,0.012402,-1.4454,-2.1681,-1.4659,-2.2063,7414.668421,3820.80417,-15.924152,2654.882084,-8.436257
2023-10-28,34089.5742,0.5302,4.5352,0.012425,1.0603,1.5905,1.0398,1.5522,7453.977423,3861.316298,-16.177419,2682.487449,-8.567208
2023-10-29,34538.4805,1.3168,4.5436,0.012448,2.6337,3.9505,2.6132,3.9123,7552.13462,3963.011263,-16.816512,2752.585035,-8.902379
2023-10-30,34502.3633,-0.1046,4.5519,0.012471,-0.2091,-0.3137,-0.2297,-0.352,7544.237288,3954.722952,-16.763757,2746.262487,-8.871041
2023-10-31,34667.7812,0.4794,4.5603,0.012494,0.9589,1.4383,0.9383,1.4,7580.407344,3992.643963,-17.004873,2772.030749,-8.995232
2023-11-01,35437.2539,2.2196,4.5686,0.012517,4.4391,6.6587,4.4185,6.6203,7748.659131,4169.882323,-18.137174,2894.513583,-9.590741
2023-11-02,34938.2422,-1.4082,4.577,0.01254,-2.8163,-4.2245,-2.8369,-4.2629,7639.545944,4052.44545,-17.370975,2812.398162,-9.181896
2023-11-03,34732.3242,-0.5894,4.5853,0.012563,-1.1788,-1.7681,-1.1994,-1.8066,7594.520217,4004.677086,-17.063833,2778.666292,-9.016014
2023-11-04,35082.1953,1.0073,4.5937,0.012585,2.0147,3.022,1.994,2.9835,7671.022528,4085.358168,-17.579504,2834.073001,-9.285003
2023-11-05,35049.3555,-0.0936,4.6021,0.012608,-0.1872,-0.2808,-0.2079,-0.3194,7663.841815,4077.7097,-17.530136,2828.18076,-9.255346
2023-11-06,35037.3711,-0.0342,4.6104,0.012631,-0.0684,-0.1026,-0.0891,-0.1412,7661.221329,4074.92113,-17.512154,2825.660875,-9.242276
2023-11-07,35443.5625,1.1593,4.6188,0.012654,2.3186,3.4779,2.2979,3.4392,7750.03856,4169.402987,-18.121214,2890.591219,-9.560141
2023-11-08,35655.2773,0.5973,4.6271,0.012677,1.1947,1.792,1.1739,1.7533,7796.331824,4219.213132,-18.445944,2924.523861,-9.727756
2023-11-09,36693.125,2.9108,4.6355,0.0127,5.8216,8.7323,5.8008,8.6936,8023.266104,4464.837387,-20.056708,3094.169153,-10.573446
2023-11-10,37313.9688,1.692,4.6438,0.012723,3.384,5.076,3.3632,5.0372,8159.018908,4615.926529,-21.07478,3198.231433,-11.106046
2023-11-11,37138.0508,-0.4715,4.6522,0.012746,-0.9429,-1.4144,-0.9637,-1.4532,8120.552938,4572.402645,-20.776707,3167.408967,-10.944651
2023-11-12,37054.5195,-0.2249,4.6605,0.012769,-0.4498,-0.6748,-0.4707,-0.7137,8102.288114,4551.834064,-20.636513,3152.500205,-10.866542
2023-11-13,36502.3555,-1.4901,4.6689,0.012792,-2.9803,-4.4704,-3.0012,-4.5094,7981.552712,4416.176702,-19.713974,3057.888854,-10.37653
2023-11-14,35537.6406,-2.6429,4.6773,0.012814,-5.2858,-7.9287,-5.3067,-7.9677,7770.609547,4182.747863,-18.150922,2895.61696,-9.549764
2023-11-15,37880.582,6.5928,4.6856,0.012837,13.1857,19.7785,13.1648,19.7395,8282.913756,4734.271993,-21.740908,3276.818262,-11.434839
2023-11-16,36154.7695,-4.5559,4.694,0.01286,-9.1119,-13.6678,-9.1328,-13.7069,7905.550069,4302.891832,-18.769407,2977.552978,-9.867479
2023-11-17,36596.6836,1.2223,4.7023,0.012883,2.4446,3.6669,2.4236,3.6277,8002.178365,4408.078973,-19.457654,3049.717049,-10.225443
2023-11-18,36585.7031,-0.03,4.7107,0.012906,-0.06,-0.09,-0.081,-0.1292,7999.777391,4405.433773,-19.44014,3047.246895,-10.212233
2023-11-19,37386.5469,2.189,4.719,0.012929,4.3779,6.5669,4.3569,6.5276,8174.888737,4598.299499,-20.716746,3180.012224,-10.87885
2023-11-20,37476.957,0.2418,4.7274,0.012952,0.4837,0.7255,0.4626,0.6862,8194.657692,4620.539209,-20.867041,3194.723494,-10.953501
2023-11-21,35813.8125,-4.4378,4.7358,0.012975,-8.8756,-13.3133,-8.8966,-13.3527,7830.996894,4210.440571,-18.088941,2910.501249,-9.490917
2023-11-22,37432.3398,4.5193,4.7441,0.012998,9.0386,13.5578,9.0175,13.5185,8184.901762,4591.003975,-20.541413,3172.955267,-10.773945
2023-11-23,37289.6211,-0.3813,4.7525,0.01302,-0.7625,-1.1438,-0.7836,-1.1832,8153.695085,4555.995618,-20.306457,3148.090557,-10.646465
2023-11-24,37720.2812,1.1549,4.7608,0.013043,2.3098,3.4647,2.2887,3.4253,8247.862617,4661.230572,-21.010019,3220.140494,-11.011135
2023-11-25,37796.793,0.2028,4.7692,0.013066,0.4057,0.6085,0.3845,0.569,8264.59256,4680.140228,-21.137869,3232.522933,-11.07379
2023-11-26,37479.1211,-0.8405,4.7775,0.013089,-1.6809,-2.5214,-1.7021,-2.561,8195.130883,4601.469589,-20.604894,3177.501594,-10.790194
2023-11-27,37254.168,-0.6002,4.7859,0.013112,-1.2004,-1.8006,-1.2216,-1.8402,8145.942955,4546.232704,-20.233877,3138.684835,-10.59163
2023-11-28,37831.0859,1.5486,4.7942,0.013135,3.0972,4.6458,3.076,4.6062,8272.091011,4687.038604,-21.173902,3235.230231,-11.079498
2023-11-29,37858.4922,0.0724,4.8026,0.013158,0.1449,0.2173,0.1236,0.1776,8278.083623,4693.829536,-21.21992,3239.23051,-11.09918
2023-11-30,37712.7461,-0.385,4.811,0.013181,-0.77,-1.1549,-0.7912,-1.1947,8246.214991,4657.689305,-20.974845,3213.601238,-10.966583
2023-12-01,38688.75,2.588,4.8193,0.013204,5.176,7.764,5.1547,7.7242,8459.626606,4898.770819,-22.603329,3379.252864,-11.813664
2023-12-02,39476.332,2.0357,4.8277,0.013226,4.0714,6.1071,4.0501,6.0672,8631.838163,5098.218145,-23.983728,3516.114842,-12.530427
2023-12-03,39978.3906,1.2718,4.836,0.013249,2.5436,3.8154,2.5223,3.7755,8741.617576,5227.896061,-24.898801,3604.800448,-13.003516
2023-12-04,41980.0977,5.007,4.8444,0.013272,10.0139,15.0209,9.9926,14.981,9179.307965,5751.414699,-28.638829,3965.013397,-14.951574
2023-12-05,44080.6484,5.0037,4.8527,0.013295,10.0074,15.011,9.986,14.9711,9638.611387,6326.979755,-32.937817,4360.959141,-17.189987
2023-12-06,43746.4453,-0.7582,4.8611,0.013318,-1.5163,-2.2745,-1.5377,-2.3145,9565.535011,6231.042128,-32.18865,4293.899535,-16.792125
2023-12-07,43292.6641,-1.0373,4.8695,0.013341,-2.0746,-3.1119,-2.096,-3.1519,9466.311854,6101.773107,-31.186973,4203.89853,-16.262846
2023-12-08,44166.6016,2.0187,4.8778,0.013364,4.0373,6.056,4.0159,6.0159,9657.405774,6348.12285,-33.075662,4372.722924,-17.241207
2023-12-09,43725.9844,-0.9976,4.8862,0.013387,-1.9953,-2.9929,-2.0167,-3.033,9561.061052,6221.461892,-32.085749,4284.537367,-16.718277
2023-12-10,43779.6992,0.1228,4.8945,0.01341,0.2457,0.3685,0.2242,0.3283,9572.806263,6236.747304,-32.203995,4294.143154,-16.773171
2023-12-11,41243.832,-5.7923,4.9029,0.013433,-11.5847,-17.377,-11.6062,-17.4172,9018.317179,5514.240611,-26.607905,3795.756899,-13.851747
2023-12-12,41450.2227,0.5004,4.9112,0.013455,1.0008,1.5012,0.9793,1.461,9063.446257,5569.428867,-27.007355,3832.928512,-14.054116
2023-12-13,42890.7422,3.4753,4.9196,0.013478,6.9506,10.4259,6.929,10.3856,9378.428193,5956.537574,-29.823115,4098.513632,-15.513717
2023-12-14,43023.9727,0.3106,4.9279,0.013501,0.6213,0.9319,0.5997,0.8915,9407.560176,5993.54287,-30.101031,4123.091259,-15.652023
2023-12-15,41929.7578,-2.5433,4.9363,0.013524,-5.0865,-7.6298,-5.1081,-7.6702,9168.300727,5688.679178,-27.804382,3912.477906,-14.451478
2023-12-16,42240.1172,0.7402,4.9447,0.013547,1.4804,2.2206,1.4587,2.1801,9236.163463,5772.893111,-28.421797,3969.551116,-14.766536
2023-12-17,41364.6641,-2.0726,4.953,0.01357,-4.1451,-6.2177,-4.1668,-6.2582,9044.738138,5533.599394,-26.654618,3804.148714,-13.842416
2023-12-18,42623.5391,3.0434,4.9614,0.013593,6.0867,9.1301,6.065,9.0895,9320.00194,5870.413924,-29.088204,4034.871928,-15.100626
2023-12-19,42270.5273,-0.8282,4.9697,0.013616,-1.6564,-2.4846,-1.6781,-2.5252,9242.812904,5773.175405,-28.365471,3967.162152,-14.719301
2023-12-20,43652.25,3.2688,4.9781,0.013639,6.5375,9.8063,6.5158,9.7656,9544.938399,6150.598057,-31.14707,4225.654579,-16.156734
2023-12-21,43869.1523,0.4969,4.9864,0.013661,0.9938,1.4907,0.972,1.45,9592.365955,6211.721098,-31.611367,4266.729221,-16.391001
2023-12-22,43997.9023,0.2935,4.9948,0.013684,0.587,0.8805,0.5652,0.8397,9620.518245,6248.182212,-31.889692,4290.845042,-16.52864
2023-12-23,43739.543,-0.5872,5.0032,0.013707,-1.1744,-1.7616,-1.1962,-1.8024,9564.025755,6174.802511,-31.327916,4239.517686,-16.230726
2023-12-24,43016.1172,-1.6539,5.0115,0.01373,-3.3079,-4.9618,-3.3297,-5.0027,9405.84251,5970.547458,-29.773481,4098.354793,-15.41876
2023-12-25,43613.1406,1.3879,5.0199,0.013753,2.7758,4.1637,2.754,4.1228,9536.386799,6136.278677,-31.013165,4211.222563,-16.054451
2023-12-26,42520.4023,-2.5055,5.0282,0.013776,-5.0111,-7.5166,-5.0329,-7.5575,9297.450213,5828.786645,-28.682037,3999.275573,-14.841136
2023-12-27,43442.8555,2.1694,5.0366,0.013799,4.3389,6.5083,4.317,6.4673,9499.152491,6081.690295,-30.548753,4171.923978,-15.800963
2023-12-28,42627.8555,-1.876,5.0449,0.013822,-3.7521,-5.6281,-3.774,-5.6691,9320.94576,5853.501906,-28.829443,4014.477264,-14.905192
2023-12-29,42099.4023,-1.2397,5.0533,0.013845,-2.4794,-3.7191,-2.5013,-3.7601,9205.394957,5708.371388,-27.757257,3914.062897,-14.344737
2023-12-30,42156.9023,0.1366,5.0616,0.013868,0.2732,0.4097,0.2512,0.3686,9217.967825,5723.964548,-27.87099,3923.895544,-14.397618
2023-12-31,42265.1875,0.2569,5.07,0.01389,0.5137,0.7706,0.4918,0.7294,9241.645302,5753.369953,-28.08576,3943.191372,-14.502639
2024-01-01,44167.332,4.5005,5.0697,0.01389,9.001,13.5015,8.979,13.4603,9657.565498,6271.230719,-31.877759,4297.251592,-16.454745
2024-01-02,44957.9688,1.7901,5.0695,0.013889,3.5802,5.3703,3.5582,5.3291,9830.444989,6495.752557,-33.589684,4450.157116,-17.33164
2024-01-03,42848.1758,-4.6928,5.0692,0.013888,-9.3856,-14.0784,-9.4076,-14.1196,9369.120683,5886.085641,-28.860782,4031.504383,-14.884485
2024-01-04,44179.9219,3.1081,5.0689,0.013887,6.2161,9.3242,6.1941,9.283,9660.318375,6251.971536,-31.551812,4281.221655,-16.266216
2024-01-05,44162.6914,-0.039,5.0686,0.013887,-0.078,-0.117,-0.1,-0.1581,9656.550785,6247.094913,-31.514895,4276.941709,-16.240492
2024-01-06,43989.1953,-0.3929,5.0684,0.013886,-0.7857,-1.1786,-0.8077,-1.2197,9618.614378,6198.010651,-31.14347,4242.397641,-16.042405
2024-01-07,43943.0977,-0.1048,5.0681,0.013885,-0.2096,-0.3144,-0.2316,-0.3555,9608.534731,6185.020472,-31.045562,4232.574215,-15.985371
2024-01-08,46970.5039,6.8894,5.0678,0.013884,13.7788,20.6681,13.7568,20.627,10270.503041,7037.239393,-37.4621,4814.840564,-19.282673
2024-01-09,46139.7305,-1.7687,5.0675,0.013884,-3.5374,-5.3061,-3.5594,-5.3473,10088.847312,6788.302248,-35.474309,4643.461515,-18.251575
2024-01-10,46627.7773,1.0578,5.0673,0.013883,2.1155,3.1733,2.0936,3.1321,10195.562942,6931.909923,-36.600006,4740.674781,-18.82324
2024-01-11,46368.5859,-0.5559,5.067,0.013882,-1.1117,-1.6676,-1.1337,-1.7088,10138.888521,6854.844637,-35.989657,4686.929223,-18.501597
2024-01-12,42853.168,-7.5815,5.0667,0.013881,-15.1629,-22.7444,-15.1849,-22.7855,9370.212268,5815.449386,-27.804028,3975.224036,-14.28591
2024-01-13,42842.3828,-0.0252,5.0664,0.013881,-0.0503,-0.0755,-0.0723,-0.1166,9367.854001,5812.522157,-27.783035,3972.350017,-14.269248
2024-01-14,41796.2695,-2.4418,5.0662,0.01388,-4.8835,-7.3253,-4.9055,-7.3664,9139.112371,5528.665087,-25.74784,3777.486149,-13.218112
2024-01-15,42511.9688,1.7124,5.0659,0.013879,3.4247,5.1371,3.4027,5.0959,9295.606136,5718.005491,-27.070521,3906.024273,-13.891697
2024-01-16,43154.9453,1.5125,5.0656,0.013878,3.0249,4.5374,3.003,4.4963,9436.198469,5890.970593,-28.298813,4023.320603,-14.516303
2024-01-17,42742.6523,-0.9554,5.0654,0.013878,-1.9108,-2.8661,-1.9327,-2.9073,9346.04708,5778.408488,-27.487731,3945.561225,-14.094276
2024-01-18,41262.0586,-3.464,5.0651,0.013877,-6.9279,-10.3919,-6.9499,-10.433,9022.302573,5378.083519,-24.631229,3671.348498,-12.623815
2024-01-19,41618.4062,0.8636,5.0648,0.013876,1.7272,2.5909,1.7053,2.5497,9100.221041,5470.975998,-25.26939,3733.955376,-12.945689
2024-01-20,41665.5859,0.1134,5.0645,0.013875,0.2267,0.3401,0.2048,0.299,9110.537284,5483.380074,-25.355328,3741.601302,-12.984392
2024-01-21,41545.7852,-0.2875,5.0643,0.013875,-0.5751,-0.8626,-0.597,-0.9037,9084.341817,5451.847421,-25.136616,3719.263361,-12.867052
2024-01-22,39507.3672,-4.9064,5.064,0.013874,-9.8129,-14.7193,-9.8348,-14.7604,8638.624266,4916.864452,-21.436679,3353.480092,-10.967819
2024-01-23,39845.5508,0.856,5.0637,0.013873,1.712,2.568,1.69,2.5269,8712.571006,5001.041304,-21.987174,3410.155492,-11.244964
2024-01-24,40077.0742,0.5811,5.0634,0.013872,1.1621,1.7432,1.1401,1.702,8763.195589,5059.158622,-22.370445,3449.03637,-11.436358
2024-01-25,39933.8086,-0.3575,5.0632,0.013872,-0.715,-1.0724,-0.7369,-1.1135,8731.869333,5022.988141,-22.130538,3423.620269,-11.30901
2024-01-26,41816.8711,4.7155,5.0629,0.013871,9.4309,14.1464,9.409,14.1053,9143.617079,5496.702066,-25.261208,3745.747519,-12.904175
2024-01-27,42120.0547,0.725,5.0626,0.01387,1.4501,2.1751,1.4281,2.134,9209.910769,5576.407211,-25.810659,3799.240597,-13.179547
2024-01-28,42035.5938,-0.2005,5.0623,0.013869,-0.401,-0.6016,-0.423,-0.6427,9191.442661,5554.04311,-25.655389,3783.169802,-13.094844
2024-01-29,43288.2461,2.98,5.0621,0.013869,5.96,8.9399,5.938,8.8988,9465.345827,5885.061873,-27.948966,4007.814779,-14.260133
2024-01-30,42952.6094,-0.7754,5.0618,0.013868,-1.5507,-2.3261,-1.5727,-2.3672,9391.955983,5793.801864,-27.298857,3944.785633,-13.922572
2024-01-31,42582.6055,-0.8614,5.0615,0.013867,-1.7228,-2.5843,-1.7448,-2.6254,9311.05146,5693.983513,-26.59338,3875.957149,-13.557052
2024-02-01,43075.7734,1.1581,5.0613,0.013866,2.3163,3.4744,2.2943,3.4333,9418.886861,5825.872591,-27.517349,3964.884773,-14.02251
2024-02-02,43185.8594,0.2556,5.061,0.013866,0.5111,0.7667,0.4892,0.7256,9442.958094,5855.650194,-27.728322,3984.280158,-14.124256
2024-02-03,42992.25,-0.4483,5.0607,0.013865,-0.8966,-1.3449,-0.9186,-1.386,9400.623745,5803.146491,-27.35539,3947.681343,-13.928487
2024-02-04,42583.582,-0.9506,5.0604,0.013864,-1.9011,-2.8517,-1.9231,-2.8928,9311.264993,5692.821486,-26.5753,3871.764656,-13.525566
2024-02-05,42658.668,0.1763,5.0602,0.013863,0.3527,0.529,0.3307,0.4879,9327.683177,5712.897338,-26.715878,3884.568829,-13.591555
2024-02-06,43084.6719,0.9986,5.0599,0.013863,1.9973,2.9959,1.9753,2.9548,9420.83258,5826.999193,-27.516259,3961.301604,-13.993159
2024-02-07,44318.2227,2.8631,5.0596,0.013862,5.7262,8.5893,5.7042,8.5482,9690.559025,6160.663074,-29.879701,4187.263195,-15.189316
2024-02-08,45301.5664,2.2188,5.0593,0.013861,4.4376,6.6565,4.4157,6.6154,9905.57556,6434.051724,-31.868636,4372.160441,-16.194148
2024-02-09,47147.1992,4.0741,5.0591,0.01386,8.1482,12.2223,8.1263,12.1812,10309.138985,6958.311608,-35.763719,4727.453777,-18.166793
2024-02-10,47771.2773,1.3237,5.0588,0.01386,2.6474,3.971,2.6254,3.93,10445.599013,7142.52319,-37.183911,4851.56922,-18.880739
2024-02-11,48293.918,1.094,5.0585,0.013859,2.1881,3.2821,2.1662,3.2411,10559.878862,7298.80843,-38.404341,4956.661705,-19.492674
2024-02-12,49958.2227,3.4462,5.0583,0.013858,6.8924,10.3386,6.8705,10.2975,10923.793339,7801.871408,-42.374811,5297.20708,-21.499934
2024-02-13,49742.4414,-0.4319,5.058,0.013857,-0.8638,-1.2958,-0.8858,-1.3369,10876.61092,7734.475192,-41.825731,5250.285137,-21.212511
2024-02-14,51826.6953,4.1901,5.0577,0.013857,8.3802,12.5703,8.3582,12.5292,11332.350891,8382.638398,-47.08334,5689.116805,-23.870268
2024-02-15,51938.5547,0.2158,5.0574,0.013856,0.4317,0.6475,0.4097,0.6064,11356.809902,8418.823483,-47.388205,5712.426757,-24.015022
2024-02-16,52160.2031,0.4268,5.0572,0.013855,0.8535,1.2803,0.8316,1.2392,11405.275231,8490.678354,-47.994894,5759.929305,-24.312609
2024-02-17,51662.9961,-0.9532,5.0569,0.013854,-1.9065,-2.8597,-1.9284,-2.9008,11296.556655,8328.806861,-46.622388,5648.854948,-23.607356
2024-02-18,52122.5469,0.8895,5.0566,0.013854,1.779,2.6685,1.7571,2.6275,11397.04137,8476.979053,-47.86653,5748.110792,-24.227633
2024-02-19,51779.1445,-0.6588,5.0563,0.013853,-1.3177,-1.9765,-1.3396,-2.0176,11321.953506,8365.280195,-46.920443,5671.108635,-23.73882
2024-02-20,52284.875,0.9767,5.0561,0.013852,1.9534,2.9301,1.9315,2.889,11432.535805,8528.68873,-48.295269,5780.644926,-24.424645
2024-02-21,51839.1797,-0.8524,5.0558,0.013851,-1.7049,-2.5573,-1.7268,-2.5984,11335.080707,8383.285434,-47.060209,5680.824374,-23.79
2024-02-22,51304.9727,-1.0305,5.0555,0.013851,-2.061,-3.0915,-2.0829,-3.1326,11218.271763,8210.504535,-45.605331,5562.495673,-23.044755
2024-02-23,50731.9492,-1.1169,5.0552,0.01385,-2.2338,-3.3507,-2.2557,-3.3918,11092.97528,8027.098862,-44.077238,5437.021059,-22.263132
2024-02-24,51571.1016,1.6541,5.055,0.013849,3.3082,4.9623,3.2862,4.9212,11276.463128,8292.649818,-46.26447,5615.695138,-23.358746
2024-02-25,51733.2383,0.3144,5.0547,0.013848,0.6288,0.9432,0.6069,0.9021,11311.915711,8344.793092,-46.700829,5649.774454,-23.569469
2024-02-26,54522.4023,5.3914,5.0544,0.013848,10.7829,16.1743,10.7609,16.1332,11921.790326,9244.601331,-54.254364,6257.743329,-27.371989
2024-02-27,57085.3711,4.7008,5.0542,0.013847,9.4015,14.1023,9.3796,14.0612,12482.205398,10113.734872,-61.905471,6844.694384,-31.220825
2024-02-28,62504.7891,9.4935,5.0539,0.013846,18.9871,28.4806,18.9651,28.4395,13667.207561,12034.036184,-79.536518,8142.799952,-40.099883
2024-02-29,61198.3828,-2.0901,5.0536,0.013845,-4.1802,-6.2703,-4.2021,-6.3113,13381.550643,11530.991847,-74.549364,7800.630755,-37.569046
2024-03-01,62440.6328,2.0299,5.0533,0.013845,4.0597,6.0896,4.0378,6.0486,13653.179247,11999.121035,-79.089138,8115.60625,-39.841434
2024-03-02,62029.8477,-0.6579,5.0531,0.013844,-1.3158,-1.9736,-1.3377,-2.0147,13563.357554,11841.241122,-77.528201,8007.044719,-39.038748
2024-03-03,63167.3711,1.8338,5.0528,0.013843,3.6677,5.5015,3.6457,5.4604,13812.086798,12275.538153,-81.793412,8298.960698,-41.170435
2024-03-04,68330.4141,8.1736,5.0525,0.013843,16.3472,24.5208,16.3253,24.4797,14941.030371,14282.242875,-101.849791,9653.787493,-51.248843
2024-03-05,63801.1992,-6.6284,5.0522,0.013842,-13.2568,-19.8852,-13.2787,-19.9263,13950.678747,12388.8738,-81.596749,8371.887227,-41.036865
2024-03-06,66106.8047,3.6137,5.052,0.013841,7.2275,10.8412,7.2055,10.8001,14454.819133,13284.275628,-90.442817,8975.12727,-45.468907
2024-03-07,66925.4844,1.2384,5.0517,0.01384,2.4768,3.7153,2.4549,3.6742,14633.83046,13613.305798,-93.803002,9195.45919,-47.13953
2024-03-08,68300.0938,2.0539,5.0514,0.01384,4.1079,6.1618,4.086,6.1208,14934.400575,14172.524098,-99.582974,9571.18184,-50.024833
2024-03-09,68498.8828,0.2911,5.0511,0.013839,0.5821,0.8732,0.5602,0.8321,14977.867506,14255.023041,-100.45249,9624.798055,-50.441094
2024-03-10,69019.7891,0.7605,5.0509,0.013838,1.5209,2.2814,1.499,2.2403,15091.76812,14471.83039,-102.744191,9769.073658,-51.571143
2024-03-11,72123.9062,4.4974,5.0506,0.013837,8.9949,13.4923,8.9729,13.4512,15770.509934,15773.551478,-116.606738,10645.646968,-58.508105
2024-03-12,71481.2891,-0.891,5.0503,0.013837,-1.782,-2.673,-1.8039,-2.714,15629.996181,15492.469772,-113.489873,10453.610163,-56.920186
2024-03-13,73083.5,2.2414,5.0501,0.013836,4.4829,6.7243,4.461,6.6833,15980.333328,16186.978918,-121.121299,10919.941959,-60.724323
2024-03-14,71396.5938,-2.3082,5.0498,0.013835,-4.6164,-6.9246,-4.6383,-6.9656,15611.476825,15439.726367,-112.734168,10413.442532,-56.494503
2024-03-15,69403.7734,-2.7912,5.0495,0.013834,-5.5824,-8.3736,-5.6043,-8.4146,15175.729593,14577.819694,-103.294267,9829.84067,-51.740698
2024-03-16,65315.1172,-5.8911,5.0492,0.013834,-11.7822,-17.6733,-11.8041,-17.7144,14281.70988,12860.227388,-85.038714,8669.511914,-42.575153
2024-03-17,68390.625,4.7087,5.049,0.013833,9.4174,14.1262,9.3955,14.0851,14954.196008,14071.332306,-97.051426,9484.058561,-48.57192
2024-03-18,67548.5938,-1.2312,5.0487,0.013832,-2.4624,-3.6936,-2.4843,-3.7347,14770.078662,13724.837402,-93.466709,9248.443117,-46.757924
2024-03-19,61912.7734,-8.3434,5.0484,0.013831,-16.6867,-25.0301,-16.7086,-25.0711,13537.758273,11434.613042,-70.071926,7703.155213,-35.035196
2024-03-20,67913.6719,9.6925,5.0481,0.013831,19.385,29.0775,19.3631,29.0365,14849.906122,13651.213842,-90.4471,9194.724595,-45.208185
2024-03-21,65491.3906,-3.5667,5.0479,0.01383,-7.1334,-10.7001,-7.1553,-10.7411,14320.253577,12677.416419,-80.769152,8536.812197,-40.352307
2024-03-22,63778.7617,-2.615,5.0476,0.013829,-5.2301,-7.8451,-5.252,-7.8862,13945.772595,12014.376297,-74.432705,8088.458829,-37.170059
2024-03-23,64062.2031,0.4444,5.0473,0.013828,0.8888,1.3332,0.8669,1.2922,14007.749487,12121.163309,-75.425072,8158.57901,-37.650376
2024-03-24,67234.1719,4.9514,5.047,0.013828,9.9028,14.8542,9.8809,14.8131,14701.327626,13321.495154,-86.628838,8964.717422,-43.227579
2024-03-25,69958.8125,4.0525,5.0468,0.013827,8.1049,12.1574,8.083,12.1164,15297.093639,14401.19275,-97.160645,9689.337241,-48.465192
2024-03-26,69987.8359,0.0415,5.0465,0.013826,0.083,0.1245,0.0611,0.0834,15303.439862,14413.141842,-97.28157,9695.254005,-48.50563
2024-03-27,69455.3438,-0.7608,5.0462,0.013825,-1.5217,-2.2825,-1.5436,-2.3235,15187.005884,14193.821289,-95.061113,9545.600183,-47.378589
2024-03-28,70744.9531,1.8567,5.046,0.013825,3.7135,5.5702,3.6916,5.5292,15468.990021,14720.907731,-100.356243,9897.984169,-49.998255
2024-03-29,69892.8281,-1.2045,5.0457,0.013824,-2.409,-3.6135,-2.4309,-3.6545,15282.66559,14366.280215,-96.729862,9657.372909,-48.171056
2024-03-30,69645.3047,-0.3541,5.0454,0.013823,-0.7083,-1.0624,-0.7302,-1.1035,15228.54247,14264.52468,-95.702164,9586.854823,-47.639509
2024-03-31,71333.6484,2.4242,5.0451,0.013822,4.8484,7.2726,4.8265,7.2316,15597.713294,14956.126826,-102.662209,10049.564567,-51.084605
2024-04-01,69702.1484,-2.2871,5.0449,0.013822,-4.5743,-6.8614,-4.5962,-6.9024,15240.971843,14271.991878,-95.618125,9587.66823,-47.558526
2024-04-02,65446.9727,-6.1048,5.0446,0.013821,-12.2096,-18.3144,-12.2315,-18.3554,14310.541207,12529.439158,-78.106243,8414.952573,-38.828965
2024-04-03,65980.8125,0.8157,5.0443,0.01382,1.6314,2.447,1.6095,2.406,14427.269862,12733.840173,-80.017541,8550.388188,-39.763205
2024-04-04,68508.8438,3.8315,5.044,0.013819,7.6629,11.4944,7.641,11.4534,14980.045551,13709.625244,-89.215072,9203.725661,-44.317437
2024-04-05,67837.6406,-0.9797,5.0438,0.013819,-1.9595,-2.9392,-1.9814,-2.9802,14833.281238,13440.990049,-86.592866,9021.36627,-42.996688
2024-04-06,68896.1094,1.5603,5.0435,0.013818,3.1206,4.6809,3.0987,4.6399,15064.724497,13860.428809,-90.646184,9300.910827,-44.991685
2024-04-07,69362.5547,0.677,5.0432,0.013817,1.3541,2.0311,1.3322,1.9901,15166.71676,14048.10652,-92.487281,9424.813366,-45.887054
2024-04-08,71631.3594,3.2709,5.043,0.013816,6.5419,9.8128,6.52,9.7718,15662.81034,14967.115632,-101.56288,10039.308678,-50.371048
2024-04-09,69139.0156,-3.4794,5.0427,0.013816,-6.9588,-10.4382,-6.9807,-10.4792,15117.838029,13925.583057,-90.961534,9338.494258,-45.09256
2024-04-10,70587.8828,2.0956,5.0424,0.013815,4.1912,6.2868,4.1693,6.2458,15434.645251,14509.228056,-96.680064,9727.841671,-47.908931
2024-04-11,70060.6094,-0.747,5.0421,0.013814,-1.4939,-2.2409,-1.5158,-2.2819,15319.352397,14292.467608,-94.513538,9580.382658,-46.815687
2024-04-12,67195.8672,-4.0889,5.0419,0.013813,-8.1779,-12.2668,-8.1998,-12.3078,14692.951978,13123.644348,-82.919709,8794.811173,-41.053687
2024-04-13,63821.4727,-5.0217,5.0416,0.013813,-10.0435,-15.0652,-10.0654,-15.1062,13955.111708,11805.576569,-70.427699,7909.582357,-34.852042
2024-04-14,65738.7266,3.0041,5.0413,0.013812,6.0082,9.0123,5.9863,8.9713,14374.335698,12514.876648,-76.774831,8383.072436,-37.978714
2024-04-15,63426.2109,-3.5177,5.041,0.013811,-7.0355,-10.5532,-7.0574,-10.5942,13868.684347,11634.39571,-68.672621,7791.448197,-33.955171
2024-04-16,63811.8633,0.608,5.0408,0.01381,1.2161,1.8241,1.1942,1.7831,13953.010536,11775.87766,-69.925278,7884.491618,-34.560629
2024-04-17,61276.6914,-3.9729,5.0405,0.01381,-7.9458,-11.9187,-7.9677,-11.9596,13398.673488,10840.193531,-61.591125,7256.282012,-30.427301
2024-04-18,63512.7539,3.6491,5.0402,0.013809,7.2982,10.9474,7.2764,10.9064,13887.607709,11631.337755,-68.333735,7784.275007,-33.74582
2024-04-19,63843.5703,0.5209,5.0399,0.013808,1.0417,1.5626,1.0198,1.5216,13959.94355,11752.505147,-69.401517,7863.662308,-34.2593
2024-04-20,64994.4414,1.8026,5.0397,0.013807,3.6053,5.4079,3.5834,5.3669,14211.591373,12176.216364,-73.1547,8145.44837,-36.097977
2024-04-21,64926.6445,-0.1043,5.0394,0.013807,-0.2086,-0.3129,-0.2305,-0.3539,14196.767006,12150.813902,-72.925773,8126.672104,-35.970219
2024-04-22,66837.6797,2.9434,5.0391,0.013806,5.8868,8.8301,5.8649,8.7891,14614.631213,12866.102139,-79.365212,8603.29034,-39.131694
2024-04-23,66407.2734,-0.644,5.0389,0.013805,-1.2879,-1.9319,-1.3098,-1.9729,14520.519199,12700.39768,-77.831977,8490.604248,-38.359684
2024-04-24,64276.8984,-3.208,5.0386,0.013804,-6.4161,-9.6241,-6.438,-9.6651,14054.694456,11885.528817,-70.341323,7943.981195,-34.652177
2024-04-25,64481.707,0.3186,5.0383,0.013804,0.6373,0.9559,0.6154,0.9149,14099.47761,11961.271689,-71.013719,7992.867178,-34.96922
2024-04-26,63755.3203,-1.1265,5.038,0.013803,-2.253,-3.3795,-2.2749,-3.4205,13940.646931,11691.78413,-68.613809,7811.038568,-33.773105
2024-04-27,63419.1406,-0.5273,5.0378,0.013802,-1.0546,-1.5819,-1.0765,-1.6229,13867.138363,11568.483351,-67.528414,7726.954485,-33.225014
2024-04-28,63113.2305,-0.4824,5.0375,0.013801,-0.9647,-1.4471,-0.9866,-1.4881,13800.248487,11456.879299,-66.551219,7650.719692,-32.730606
2024-04-29,63841.1211,1.1533,5.0372,0.013801,2.3066,3.4599,2.2847,3.419,13959.408007,11721.14576,-68.853843,7825.518394,-33.849651
2024-04-30,60636.8555,-5.0191,5.0369,0.0138,-10.0382,-15.0574,-10.0601,-15.0983,13258.76788,10544.547862,-58.486262,7038.260923,-28.738914
2024-05-01,58254.0117,-3.9297,5.0367,0.013799,-7.8594,-11.7891,-7.8813,-11.8301,12737.738682,9715.810627,-51.591266,6483.556423,-25.339085
2024-05-02,59123.4336,1.4925,5.0364,0.013798,2.9849,4.4774,2.9631,4.4364,12927.845222,10005.821153,-53.901214,6675.66766,-26.463237
2024-05-03,62889.8359,6.3704,5.0361,0.013798,12.7408,19.1112,12.7189,19.0703,13751.401359,11280.643874,-64.202391,7524.741211,-31.509842
2024-05-04,63891.4727,1.5927,5.0358,0.013797,3.1854,4.7781,3.1635,4.7371,13970.417807,11639.974025,-67.270016,7762.785656,-33.002492
2024-05-05,64031.1328,0.2186,5.0356,0.013796,0.4372,0.6558,0.4153,0.6148,14000.955697,11690.861585,-67.711152,7795.024586,-33.205394
2024-05-06,63161.9492,-1.3574,5.0353,0.013795,-2.7149,-4.0723,-2.7368,-4.1133,13810.901259,11373.468947,-64.953739,7581.693813,-31.839564
2024-05-07,62334.8164,-1.3095,5.035,0.013795,-2.6191,-3.9286,-2.641,-3.9696,13630.041584,11075.58804,-62.401948,7381.464118,-30.575664
2024-05-08,61187.9414,-1.8399,5.0348,0.013794,-3.6797,-5.5196,-3.7016,-5.5605,13379.267541,10668.036826,-58.957617,7108.231745,-28.87549
2024-05-09,63049.9609,3.0431,5.0345,0.013793,6.0862,9.1293,6.0644,9.0884,13786.414062,11317.318122,-64.340062,7539.300157,-31.499807
2024-05-10,60792.7773,-3.58,5.0342,0.013792,-7.16,-10.74,-7.1819,-10.7809,13292.861533,10506.999942,-57.429955,6997.838276,-28.103835
2024-05-11,60793.7109,0.0015,5.0339,0.013792,0.0031,0.0046,-0.0188,-0.0363,13293.065671,10507.322654,-57.4326,6996.522515,-28.09362
2024-05-12,61448.3945,1.0769,5.0337,0.013791,2.1538,3.2307,2.1319,3.1897,13436.217847,10733.628028,-59.288064,7145.682371,-28.989731
2024-05-13,62901.4492,2.3647,5.0334,0.01379,4.7293,7.094,4.7075,7.0531,13753.940702,11241.258818,-63.493974,7482.063744,-31.034398
2024-05-14,61552.7891,-2.1441,5.0331,0.013789,-4.2882,-6.4323,-4.31,-6.4732,13459.044606,10759.214666,-59.409881,7159.583779,-29.025479
2024-05-15,66267.4922,7.6596,5.0328,0.013789,15.3192,22.9788,15.2973,22.9379,14489.954832,12407.442269,-73.061575,8254.810203,-35.683309
2024-05-16,65231.582,-1.5632,5.0326,0.013788,-3.1265,-4.6897,-3.1483,-4.7306,14263.444202,12019.529734,-69.635224,7994.922321,-33.995266
2024-05-17,67051.875,2.7905,5.0323,0.013787,5.581,8.3715,5.5591,8.3306,14661.466853,12690.341779,-75.464755,8439.371892,-36.82727
2024-05-18,66940.8047,-0.1656,5.032,0.013786,-0.3313,-0.4969,-0.3532,-0.5379,14637.180378,12648.2991,-75.089737,8409.566966,-36.629181
2024-05-19,66278.3672,-0.9896,5.0317,0.013786,-1.9792,-2.9688,-2.001,-3.0097,14492.332744,12397.967253,-72.860502,8241.288016,-35.526751
2024-05-20,71448.1953,7.8002,5.0315,0.013785,15.6003,23.4005,15.5785,23.3596,15622.759949,14332.093349,-89.91024,9525.155539,-43.825652
2024-05-21,70136.5312,-1.8358,5.0312,0.013784,-3.6717,-5.5075,-3.6935,-5.5484,15335.953366,13805.868951,-84.958455,9173.342304,-41.394024
2024-05-22,69122.3359,-1.446,5.0309,0.013783,-2.8921,-4.3381,-2.9139,-4.379,15114.190873,13406.594926,-81.272881,8906.03793,-39.581368
2024-05-23,67929.5625,-1.7256,5.0307,0.013783,-3.4512,-5.1768,-3.4731,-5.2177,14853.380743,12943.907139,-77.065552,8596.725871,-37.51612
2024-05-24,68526.1016,0.8782,5.0304,0.013782,1.7563,2.6345,1.7345,2.5936,14983.819119,13171.246929,-79.095859,8745.834525,-38.489133
2024-05-25,69265.9453,1.0797,5.0301,0.013781,2.1593,3.239,2.1374,3.198,15145.592293,13455.654315,-81.65774,8932.771633,-39.720025
2024-05-26,68518.0938,-1.0797,5.0298,0.01378,-2.1594,-3.239,-2.1812,-3.28,14982.068142,13165.097908,-79.01281,8737.927744,-38.417218
2024-05-27,69394.5547,1.2792,5.0296,0.01378,2.5583,3.8375,2.5365,3.7966,15173.713834,13501.90512,-82.044927,8959.562874,-39.875756
2024-05-28,68296.2188,-1.5827,5.0293,0.013779,-3.1655,-4.7482,-3.1873,-4.7892,14933.553273,13074.504795,-78.149252,8673.990902,-37.966046
2024-05-29,67578.0938,-1.0515,5.029,0.013778,-2.103,-3.1545,-2.1248,-3.1954,14776.52909,12799.551688,-75.684067,8489.683185,-36.752885
2024-05-30,68364.9922,1.1644,5.0287,0.013777,2.3289,3.4933,2.307,3.4524,14948.591174,13097.634888,-78.327927,8685.539922,-38.021727
2024-05-31,67491.4141,-1.2778,5.0285,0.013777,-2.5556,-3.8334,-2.5775,-3.8744,14757.575834,12762.907802,-75.325269,8461.671101,-36.548625
2024-06-01,67706.9375,0.3193,5.0282,0.013776,0.6387,0.958,0.6168,0.9171,14804.70188,12844.420563,-76.046888,8513.86363,-36.883806
2024-06-02,67751.6016,0.066,5.0279,0.013775,0.1319,0.1979,0.1101,0.157,14814.46806,12861.366655,-76.197385,8523.235364,-36.941707
2024-06-03,68804.7812,1.5545,5.0277,0.013774,3.1089,4.6634,3.0871,4.6225,15044.75482,13261.219347,-79.750786,8786.355094,-38.649336
2024-06-04,70567.7656,2.5623,5.0274,0.013774,5.1246,7.6869,5.1027,7.646,15430.246456,13940.803587,-85.881147,9234.70018,-41.604457
2024-06-05,71082.8203,0.7299,5.0271,0.013773,1.4597,2.1896,1.4379,2.1487,15542.867576,14144.303759,-87.761616,9367.484996,-42.498412
2024-06-06,70757.1641,-0.4581,5.0268,0.013772,-0.9163,-1.3744,-0.9381,-1.4153,15471.660047,14014.703361,-86.555412,9279.606084,-41.896923
2024-06-07,69342.5859,-1.9992,5.0266,0.013771,-3.9984,-5.9976,-4.0203,-6.0385,15162.350422,13454.339105,-81.364161,8906.542152,-39.36697
2024-06-08,69305.7734,-0.0531,5.0263,0.013771,-0.1062,-0.1593,-0.128,-0.2002,15154.301054,13440.053861,-81.234578,8895.139234,-39.288167
2024-06-09,69647.9922,0.4938,5.026,0.01377,0.9876,1.4813,0.9657,1.4404,15229.130115,13572.782729,-82.437941,8981.040477,-39.854087
2024-06-10,69512.2812,-0.1949,5.0257,0.013769,-0.3897,-0.5846,-0.4116,-0.6255,15199.455756,13519.888884,-81.956043,8944.078415,-39.604813
2024-06-11,67332.0312,-3.1365,5.0255,0.013768,-6.273,-9.4095,-6.2948,-9.4504,14722.725417,12671.787305,-74.244399,8381.062737,-35.862002
2024-06-12,68241.1875,1.3503,5.0252,0.013768,2.7005,4.0508,2.6787,4.0099,14921.520219,13013.990991,-77.251872,8605.563457,-37.300021
2024-06-13,66756.3984,-2.1758,5.0249,0.013767,-4.3516,-6.5274,-4.3734,-6.5683,14596.858371,12447.675187,-72.209343,8229.2042,-34.850047
2024-06-14,66011.0938,-1.1165,5.0246,0.013766,-2.2329,-3.3494,-2.2548,-3.3903,14433.891117,12169.729974,-69.79079,8043.655645,-33.668538
2024-06-15,66191.0,0.2725,5.0244,0.013765,0.5451,0.8176,0.5232,0.7767,14473.22916,12236.064597,-70.361412,8085.742564,-33.930048
2024-06-16,66639.0469,0.6769,5.0241,0.013765,1.3538,2.0307,1.332,1.9898,14571.198447,12401.716438,-71.790241,8193.440866,-34.605188
2024-06-17,66490.2969,-0.2232,5.0238,0.013764,-0.4464,-0.6697,-0.4683,-0.7106,14538.672985,12346.35084,-71.309496,8155.072535,-34.359301
2024-06-18,65140.7461,-2.0297,5.0236,0.013763,-4.0594,-6.0891,-4.0812,-6.13,14243.582146,11845.164105,-66.967398,7822.244697,-32.253081
2024-06-19,64960.2969,-0.277,5.0233,0.013762,-0.554,-0.831,-0.5759,-0.8719,14204.125379,11779.538494,-66.41087,7777.198478,-31.971855
2024-06-20,64828.6562,-0.2026,5.023,0.013762,-0.4053,-0.6079,-0.4271,-0.6488,14175.341028,11731.796539,-66.00713,7743.978992,-31.764409
2024-06-21,64096.1992,-1.1298,5.0227,0.013761,-2.2597,-3.3895,-2.2815,-3.4304,14015.183024,11466.696586,-63.769814,7567.299053,-30.674764
2024-06-22,64252.5781,0.244,5.0225,0.01376,0.488,0.7319,0.4661,0.691,14049.376612,11522.648405,-64.236562,7602.570861,-30.886738
2024-06-23,63180.7969,-1.6681,5.0222,0.013759,-3.3362,-5.0042,-3.358,-5.0451,13815.02246,11138.235549,-61.02202,7347.277156,-29.328466
2024-06-24,60277.4141,-4.5954,5.0219,0.013759,-9.1907,-13.7861,-9.2126,-13.827,13180.172937,10114.552302,-52.609482,6670.405301,-25.273232
2024-06-25,61804.6406,2.5337,5.0216,0.013758,5.0673,7.601,5.0455,7.5601,13514.114108,10627.089649,-56.608323,7006.959665,-27.183915
2024-06-26,60811.2773,-1.6073,5.0214,0.013757,-3.2145,-4.8218,-3.2364,-4.8627,13296.906717,10285.479034,-53.878789,6780.188813,-25.862049
2024-06-27,61604.8008,1.3049,5.0211,0.013756,2.6098,3.9147,2.588,3.8738,13470.417414,10553.908478,-55.987974,6955.656831,-26.863894
2024-06-28,60320.1367,-2.0853,5.0208,0.013756,-4.1707,-6.256,-4.1925,-6.2969,13189.514612,10113.740609,-52.48537,6664.040915,-25.172309
2024-06-29,60887.3789,0.9404,5.0205,0.013755,1.8808,2.8212,1.8589,2.7803,13313.546975,10303.957033,-53.966065,6787.921111,-25.872169
2024-06-30,62678.293,2.9414,5.0203,0.013754,5.8827,8.8241,5.8609,8.7832,13705.145676,10910.108977,-58.728066,7185.752612,-28.14457
2024-07-01,62851.9805,0.2771,5.02,0.013753,0.5542,0.8313,0.5324,0.7905,13743.123936,10970.574872,-59.216289,7224.008364,-28.367039
2024-07-02,62029.0156,-1.3094,5.0197,0.013753,-2.6187,-3.9281,-2.6406,-3.969,13563.175623,10683.284086,-56.890209,7033.253045,-27.241156
2024-07-03,60173.9219,-2.9907,5.0195,0.013752,-5.9814,-8.9721,-6.0032,-9.0129,13157.543484,10044.276895,-51.785984,6611.032218,-24.785928
2024-07-04,56977.7031,-5.3116,5.0192,0.013751,-10.6233,-15.9349,-10.6451,-15.9758,12458.662874,8977.246356,-43.533938,5907.28108,-20.826184
2024-07-05,56662.375,-0.5534,5.0189,0.01375,-1.1068,-1.6603,-1.1287,-1.7011,12389.713679,8877.881934,-42.811156,5840.606776,-20.471901
2024-07-06,58303.5391,2.8964,5.0186,0.01375,5.7928,8.6892,5.771,8.6483,12748.56826,9392.158322,-46.531092,6177.665308,-22.242373
2024-07-07,55849.1094,-4.2097,5.0184,0.013749,-8.4195,-12.6292,-8.4413,-12.6701,12211.886183,8601.386696,-40.654573,5656.188875,-19.424242
2024-07-08,56705.0977,1.5327,5.0181,0.013748,3.0654,4.598,3.0435,4.5572,12399.055353,8865.050209,-42.523887,5828.33669,-20.309439
2024-07-09,58009.2266,2.2998,5.0178,0.013747,4.5997,6.8995,4.5779,6.8587,12684.21431,9272.814898,-45.457836,6095.149714,-21.702396
2024-07-10,57742.4961,-0.4598,5.0175,0.013747,-0.9196,-1.3794,-0.9414,-1.4203,12625.891408,9187.540799,-44.830781,6037.767364,-21.39416
2024-07-11,57344.9141,-0.6885,5.0173,0.013746,-1.3771,-2.0656,-1.3989,-2.1065,12538.956691,9061.020424,-43.904743,5953.304159,-20.943494
2024-07-12,57899.4648,0.967,5.017,0.013745,1.9341,2.9011,1.9123,2.8603,12660.21397,9236.268605,-45.178478,6067.146897,-21.542535
2024-07-13,59231.9531,2.3014,5.0167,0.013744,4.6028,6.9041,4.5809,6.8633,12951.573947,9661.392385,-48.297667,6345.079185,-23.021062
2024-07-14,60787.793,2.6267,5.0164,0.013744,5.2534,7.8801,5.2316,7.8392,13291.771657,10168.942058,-52.103558,6677.025447,-24.825732
2024-07-15,64870.1523,6.7158,5.0162,0.013743,13.4315,20.1473,13.4097,20.1064,14184.414505,11534.784571,-62.601,7572.393546,-29.817295
2024-07-16,65097.1484,0.3499,5.0159,0.013742,0.6998,1.0498,0.678,1.0089,14234.049145,11615.510481,-63.258167,7623.73613,-30.118127
2024-07-17,64118.793,-1.5029,5.0156,0.013741,-3.0058,-4.5087,-3.0277,-4.5496,14020.123341,11266.367747,-60.406016,7392.915651,-28.747873
2024-07-18,63974.0664,-0.2257,5.0154,0.013741,-0.4514,-0.6771,-0.4733,-0.718,13988.477638,11215.507691,-59.996977,7357.928273,-28.541463
2024-07-19,66710.1562,4.2769,5.0151,0.01374,8.5537,12.8306,8.5319,12.7898,14586.747121,12174.853827,-67.694961,7985.701173,-32.191851
2024-07-20,67163.6484,0.6798,5.0148,0.013739,1.3596,2.0394,1.3378,1.9985,14685.907072,12340.381878,-69.075522,8092.531348,-32.835216
2024-07-21,68154.5234,1.4753,5.0145,0.013738,2.9506,4.4259,2.9288,4.3851,14902.570379,12704.500749,-72.132765,8329.546072,-34.275072
2024-07-22,67585.25,-0.8353,5.0143,0.013738,-1.6705,-2.5058,-1.6924,-2.5467,14778.093866,12492.267299,-70.325258,8188.580382,-33.402206
2024-07-23,65927.6719,-2.4526,5.014,0.013737,-4.9051,-7.3577,-4.927,-7.3986,14415.650209,11879.503153,-65.150921,7785.131752,-30.930922
2024-07-24,65372.1328,-0.8426,5.0137,0.013736,-1.6853,-2.5279,-1.7071,-2.5688,14294.176834,11679.298053,-63.50394,7652.230445,-30.136371
2024-07-25,65777.2266,0.6197,5.0134,0.013735,1.2393,1.859,1.2175,1.8182,14382.754053,11824.045072,-64.684491,7745.398589,-30.684305
2024-07-26,67912.0625,3.2456,5.0132,0.013735,6.4911,9.7367,6.4693,9.6958,14849.554218,12591.556798,-70.982603,8246.471095,-33.659401
2024-07-27,67813.3359,-0.1454,5.0129,0.013734,-0.2907,-0.4361,-0.3126,-0.477,14827.96681,12554.947068,-70.673032,8220.695562,-33.498859
2024-07-28,68255.8672,0.6526,5.0126,0.013733,1.3051,1.9577,1.2833,1.9169,14924.730058,12718.807357,-72.056611,8326.194198,-34.140993
2024-07-29,66819.9141,-2.1038,5.0123,0.013732,-4.2076,-6.3113,-4.2294,-6.3522,14610.746607,12183.655965,-67.508873,7974.048289,-31.972297
2024-07-30,66201.0156,-0.9262,5.0121,0.013732,-1.8524,-2.7787,-1.8743,-2.8195,14475.419162,11957.961403,-65.633034,7824.594609,-31.070842
2024-07-31,64619.25,-2.3893,5.0118,0.013731,-4.7787,-7.168,-4.8005,-7.2088,14129.552558,11386.529315,-60.92845,7448.975887,-28.830993
2024-08-01,65357.5,1.1425,5.0115,0.01373,2.2849,3.4274,2.2631,3.3866,14290.977245,11646.702723,-63.016702,7617.554437,-29.80737
2024-08-02,61415.0664,-6.0321,5.0113,0.013729,-12.0642,-18.0963,-12.086,-18.1371,13428.930367,10241.619846,-51.613,6696.895025,-24.401164
2024-08-03,60680.0938,-1.1967,5.011,0.013729,-2.3935,-3.5902,-2.4153,-3.631,13268.2223,9996.490728,-49.759995,6535.146839,-23.515153
2024-08-04,58116.9766,-4.224,5.0107,0.013728,-8.448,-12.672,-8.4698,-12.7128,12707.774771,9151.990477,-43.454433,5981.634455,-20.525725
2024-08-05,53991.457,-7.0986,5.0104,0.013727,-14.1973,-21.2959,-14.2191,-21.3368,11805.694585,7852.655319,-34.200401,5131.09956,-16.146198
2024-08-06,56034.3164,3.7837,5.0102,0.013726,7.5673,11.351,7.5455,11.3102,12252.383287,8446.892682,-38.082494,5518.268439,-17.972364
2024-08-07,55027.4609,-1.7969,5.0099,0.013726,-3.5937,-5.3906,-3.6155,-5.4314,12032.225714,8143.335839,-36.029632,5318.754444,-16.996216
2024-08-08,61710.1367,12.1443,5.0096,0.013725,24.2885,36.4328,24.2667,36.3919,13493.450019,10121.230958,-49.156224,6609.440897,-23.18147
2024-08-09,60880.1133,-1.345,5.0093,0.013724,-2.6901,-4.0351,-2.7119,-4.0759,13311.958284,9848.962596,-47.172718,6430.20092,-22.23661
2024-08-10,60945.8125,0.1079,5.0091,0.013723,0.2158,0.3237,0.194,0.2829,13326.323981,9870.219756,-47.325438,6442.677168,-22.299524
2024-08-11,58719.4844,-3.653,5.0088,0.013723,-7.3059,-10.9589,-7.3277,-10.9997,12839.518265,9149.108758,-42.139096,5970.57509,-19.846642
2024-08-12,59354.5156,1.0815,5.0085,0.013722,2.1629,3.2444,2.1411,3.2036,12978.373288,9346.997756,-43.506256,6098.412733,-20.482446
2024-08-13,60609.5664,2.1145,5.0083,0.013721,4.229,6.3435,4.2072,6.3027,13252.800892,9742.282149,-46.266074,6354.984851,-21.773391
2024-08-14,58737.2695,-3.0891,5.008,0.01372,-6.1782,-9.2673,-6.2,-9.3081,12843.407142,9140.3823,-41.978443,5960.974203,-19.746692
2024-08-15,57560.0977,-2.0041,5.0077,0.01372,-4.0083,-6.0124,-4.0301,-6.0532,12586.008428,8774.011815,-39.454534,5720.743122,-18.551385
2024-08-16,58894.1055,2.3176,5.0074,0.013719,4.6352,6.9528,4.6134,6.912,12877.700663,9180.703283,-42.197718,5984.662821,-19.83365
2024-08-17,59478.9727,0.9931,5.0072,0.013718,1.9862,2.9792,1.9644,2.9384,13005.586884,9363.04724,-43.454893,6102.223444,-20.41645
2024-08-18,58483.9648,-1.6729,5.0069,0.013717,-3.3457,-5.0186,-3.3675,-5.0594,12788.019902,9049.783418,-41.274057,5896.728254,-19.383495
2024-08-19,59493.4531,1.7261,5.0066,0.013717,3.4522,5.1783,3.4304,5.1375,13008.753162,9362.198978,-43.411344,6099.008989,-20.379318
2024-08-20,59012.793,-0.8079,5.0063,0.013716,-1.6158,-2.4238,-1.6376,-2.4646,12903.652702,9210.920617,-42.359156,5999.129156,-19.877057
2024-08-21,61175.1914,3.6643,5.0061,0.013715,7.3286,10.9929,7.3068,10.9521,13376.479644,9885.949856,-47.01564,6437.472187,-22.054005
2024-08-22,60381.9141,-1.2967,5.0058,0.013714,-2.5935,-3.8902,-2.6153,-3.931,13203.022757,9629.561609,-45.186642,6269.115705,-21.187064
2024-08-23,64094.3555,6.1483,5.0055,0.013714,12.2965,18.4448,12.2747,18.404,14014.779872,10813.663961,-53.521228,7038.633259,-25.086332
2024-08-24,64178.9922,0.1321,5.0052,0.013713,0.2641,0.3962,0.2423,0.3554,14033.286416,10842.222889,-53.733253,7055.688233,-25.175477
2024-08-25,64333.543,0.2408,5.005,0.013712,0.4816,0.7224,0.4598,0.6816,14067.080268,10894.441659,-54.121441,7088.132387,-25.347084
2024-08-26,62880.6602,-2.2584,5.0047,0.013712,-4.5167,-6.7751,-4.5385,-6.8159,13749.394995,10402.370297,-50.454671,6766.43657,-23.619459
2024-08-27,59504.1328,-5.3697,5.0044,0.013711,-10.7395,-16.1092,-10.7613,-16.15,13011.088368,9285.210024,-42.326818,6038.281994,-19.804914
2024-08-28,59027.625,-0.8008,5.0042,0.01371,-1.6016,-2.4024,-1.6234,-2.4432,12906.895852,9136.498501,-41.309961,5940.257256,-19.321044
2024-08-29,59388.1797,0.6108,5.0039,0.013709,1.2216,1.8325,1.1999,1.7917,12985.734223,9248.114286,-42.066955,6011.531779,-19.667216
2024-08-30,59119.4766,-0.4525,5.0036,0.013709,-0.9049,-1.3574,-0.9267,-1.3981,12926.979983,9164.427693,-41.495956,5955.823208,-19.39224
2024-08-31,58969.8984,-0.253,5.0033,0.013708,-0.506,-0.759,-0.5278,-0.7998,12894.273445,9118.053875,-41.180989,5924.387793,-19.237138
2024-09-01,57325.4883,-2.7886,5.0031,0.013707,-5.5771,-8.3657,-5.5989,-8.4065,12534.709078,8609.52933,-37.735921,5592.686869,-17.619976
2024-09-02,59112.4805,3.1173,5.0028,0.013706,6.2345,9.3518,6.2128,9.311,12925.450228,9146.294462,-41.264917,5940.146987,-19.260578
2024-09-03,57431.0234,-2.8445,5.0025,0.013706,-5.689,-8.5335,-5.7108,-8.5743,12557.785244,8625.960989,-37.74357,5600.917296,-17.60912
2024-09-04,57971.5391,0.9412,5.0022,0.013705,1.8823,2.8235,1.8605,2.7827,12675.973616,8788.328519,-38.809248,5705.123784,-18.099127
2024-09-05,56160.4883,-3.124,5.002,0.013704,-6.2481,-9.3721,-6.2699,-9.4129,12279.971848,8239.227719,-35.172005,5347.420803,-16.395478
2024-09-06,53948.7539,-3.9382,5.0017,0.013703,-7.8765,-11.8147,-7.8983,-11.8555,11796.357181,7590.266724,-31.016532,4925.067396,-14.451713
2024-09-07,54139.6875,0.3539,5.0014,0.013703,0.7078,1.0617,0.686,1.021,11838.106447,7643.993152,-31.34585,4958.855746,-14.599261
2024-09-08,54841.5664,1.2964,5.0011,0.013702,2.5928,3.8893,2.5711,3.8485,11991.578282,7842.189994,-32.564973,5086.35092,-15.161113
2024-09-09,57019.5352,3.9714,5.0009,0.013701,7.9428,11.9141,7.921,11.8734,12467.809806,8465.076824,-36.444813,5489.23992,-16.961249
2024-09-10,57648.7109,1.1034,5.0006,0.0137,2.2069,3.3103,2.1851,3.2695,12605.384481,8651.89074,-37.651252,5609.185055,-17.515805
2024-09-11,57343.1719,-0.53,5.0003,0.0137,-1.06,-1.59,-1.0818,-1.6308,12538.575747,8560.18043,-37.052595,5548.505742,-17.230162
2024-09-12,58127.0117,1.3669,5.0001,0.013699,2.7339,4.1008,2.7121,4.06,12709.969044,8794.203428,-38.572042,5698.985375,-17.929709
2024-09-13,60571.3008,4.2051,4.9998,0.013698,8.4102,12.6152,8.3884,12.5745,13244.433786,9533.810527,-43.438001,6177.038249,-20.184277
2024-09-14,60005.1211,-0.9347,4.9995,0.013697,-1.8695,-2.8042,-1.8912,-2.845,13120.633747,9355.579259,-42.219914,6060.215344,-19.610042
2024-09-15,59182.8359,-1.3704,4.9992,0.013697,-2.7407,-4.1111,-2.7625,-4.1518,12940.834054,9099.169345,-40.484222,5892.802178,-18.795865
2024-09-16,58192.5078,-1.6733,4.999,0.013696,-3.3467,-5.02,-3.3685,-5.0608,12724.290326,8794.649862,-38.45191,5694.306,-17.844649
2024-09-17,60308.5391,3.6363,4.9987,0.013695,7.2725,10.9088,7.2507,10.868,13186.978685,9434.242642,-42.646544,6107.185552,-19.78401
2024-09-18,61649.6797,2.2238,4.9984,0.013694,4.4476,6.6714,4.4258,6.6306,13480.230571,9853.83981,-45.491665,6377.478672,-21.095816
2024-09-19,62940.457,2.0937,4.9981,0.013694,4.1875,6.2812,4.1657,6.2404,13762.470094,10266.465252,-48.349081,6643.144195,-22.412285
2024-09-20,63192.9766,0.4012,4.9979,0.013693,0.8024,1.2036,0.7806,1.1629,13817.685653,10348.844158,-48.931016,6695.002751,-22.672908
2024-09-21,63394.8398,0.3194,4.9976,0.013692,0.6389,0.9583,0.6171,0.9176,13861.824789,10414.960734,-49.399931,6736.317922,-22.880946
2024-09-22,63648.7109,0.4005,4.9973,0.013691,0.8009,1.2014,0.7791,1.1606,13917.335878,10498.376277,-49.993413,6788.803733,-23.146509
2024-09-23,63329.8008,-0.501,4.997,0.013691,-1.0021,-1.5031,-1.0239,-1.5439,13847.603441,10393.172612,-49.241941,6719.295387,-22.789152
2024-09-24,64301.9688,1.5351,4.9968,0.01369,3.0702,4.6053,3.0484,4.5645,14060.176295,10712.261237,-51.509661,6924.126614,-23.829366
2024-09-25,63143.1445,-1.8022,4.9965,0.013689,-3.6043,-5.4065,-3.6261,-5.4472,13806.789453,10326.157109,-48.724802,6673.051496,-22.531326
2024-09-26,65181.0195,3.2274,4.9962,0.013688,6.4548,9.6822,6.433,9.6414,14252.388278,10992.687659,-53.442419,7102.329421,-24.703666
2024-09-27,65790.6641,0.9353,4.996,0.013688,1.8706,2.8059,1.8489,2.7652,14385.692277,11198.319052,-54.941976,7233.640843,-25.386768
2024-09-28,65887.6484,0.1474,4.9957,0.013687,0.2948,0.4422,0.2731,0.4015,14406.898742,11231.334739,-55.184952,7253.39289,-25.488695
2024-09-29,65635.3047,-0.383,4.9954,0.013686,-0.766,-1.149,-0.7878,-1.1897,14351.721619,11145.304741,-54.550892,7196.254273,-25.185452
2024-09-30,63329.5,-3.5131,4.9951,0.013685,-7.0261,-10.5392,-7.0479,-10.5799,13847.537672,10362.223256,-48.801682,6689.071014,-22.520855
2024-10-01,60837.0078,-3.9358,4.9949,0.013685,-7.8715,-11.8073,-7.8933,-11.848,13302.532904,9546.560397,-43.039542,6161.084502,-19.852585
2024-10-02,60632.7852,-0.3357,4.9946,0.013684,-0.6714,-1.0071,-0.6931,-1.0478,13257.877871,9482.467044,-42.606106,6118.379413,-19.644569
2024-10-03,60759.4023,0.2088,4.9943,0.013683,0.4177,0.6265,0.3959,0.5857,13285.563804,9522.07081,-42.873025,6142.6013,-19.759636
2024-10-04,62067.4766,2.1529,4.994,0.013682,4.3058,6.4586,4.284,6.4179,13571.585437,9932.067447,-45.642033,6405.749496,-21.027788
2024-10-05,62089.9492,0.0362,4.9938,0.013682,0.0724,0.1086,0.0506,0.0679,13576.499276,9939.259618,-45.69161,6408.994001,-21.042063
2024-10-06,62818.9531,1.1741,4.9935,0.013681,2.3482,3.5223,2.3265,3.4816,13735.902224,10172.655173,-47.301018,6558.096408,-21.774663
2024-10-07,62236.6602,-0.9269,4.9932,0.01368,-1.8539,-2.7808,-1.8756,-2.8215,13608.578879,9984.066689,-45.985664,6435.090197,-21.160281
2024-10-08,62131.9688,-0.1682,4.993,0.013679,-0.3364,-0.5046,-0.3582,-0.5454,13585.687206,9950.477291,-45.7536,6412.040248,-21.044878
2024-10-09,60582.1016,-2.4945,4.9927,0.013679,-4.989,-7.4834,-5.0107,-7.5242,13246.795469,9454.05271,-42.329662,6090.751301,-19.461429
2024-10-10,60274.5,-0.5077,4.9924,0.013678,-1.0155,-1.5232,-1.0372,-1.564,13179.535752,9358.048072,-41.684884,6027.575189,-19.157061
2024-10-11,62445.0898,3.6012,4.9921,0.013677,7.2023,10.8035,7.1806,10.7628,13654.153815,10032.047328,-46.18832,6460.390618,-21.218897
2024-10-12,63193.0234,1.1977,4.9919,0.013676,2.3955,3.5932,2.3737,3.5525,13817.695903,10272.364229,-47.847976,6613.743079,-21.972702
2024-10-13,62851.375,-0.5406,4.9916,0.013676,-1.0813,-1.6219,-1.103,-1.6626,13742.991545,10161.290664,-47.071916,6540.790645,-21.607373
2024-10-14,66046.125,5.083,4.9913,0.013675,10.166,15.2491,10.1443,15.2084,14441.551,11194.292196,-54.249946,7204.307381,-24.893498
2024-10-15,67041.1094,1.5065,4.991,0.013674,3.013,4.5195,2.9912,4.4788,14659.112857,11531.576051,-56.701771,7419.805665,-26.008423
2024-10-16,67612.7188,0.8526,4.9908,0.013673,1.7053,2.5579,1.6835,2.5172,14784.100143,11728.218292,-58.152132,7544.71771,-26.663096
2024-10-17,67399.8359,-0.3149,4.9905,0.013673,-0.6297,-0.9446,-0.6515,-0.9853,14737.551492,11654.364256,-57.602845,7495.566356,-26.400389
2024-10-18,68418.7891,1.5118,4.9902,0.013672,3.0236,4.5354,3.0019,4.4947,14960.354322,12006.746445,-60.21537,7720.572248,-27.587006
2024-10-19,68362.7344,-0.0819,4.9899,0.013671,-0.1639,-0.2458,-0.1856,-0.2865,14948.097484,11987.07248,-60.067369,7706.242028,-27.50797
2024-10-20,69001.7031,0.9347,4.9897,0.01367,1.8693,2.804,1.8476,2.7633,15087.813475,12211.152596,-61.751672,7848.622217,-28.268101
2024-10-21,67367.8516,-2.3678,4.9894,0.01367,-4.7357,-7.1035,-4.7574,-7.1442,14730.557835,11632.870906,-57.365125,7475.228998,-26.248561
2024-10-22,67361.4062,-0.0096,4.9891,0.013669,-0.0191,-0.0287,-0.0409,-0.0694,14729.148512,11630.644993,-57.34866,7472.172697,-26.230342
2024-10-23,66432.1953,-1.3794,4.9889,0.013668,-2.7589,-4.1383,-2.7806,-4.179,14525.968581,11309.769194,-54.975387,7264.399033,-25.134168
2024-10-24,68161.0547,2.6024,4.9886,0.013667,5.2049,7.8073,5.1831,7.7666,14903.998493,11898.429569,-59.267495,7640.922608,-27.086244
2024-10-25,66642.4141,-2.228,4.9883,0.013667,-4.456,-6.6841,-4.4778,-6.7248,14571.934711,11368.231244,-55.306023,7298.778525,-25.26476
2024-10-26,67014.6953,0.5586,4.988,0.013666,1.1173,1.6759,1.0955,1.6352,14653.337196,11495.242829,-56.232883,7378.736802,-25.677883
2024-10-27,67929.2969,1.3648,4.9878,0.013665,2.7296,4.0943,2.7078,4.0536,14853.322662,11809.011832,-58.535245,7578.538823,-26.71877
2024-10-28,69907.7578,2.9125,4.9875,0.013664,5.8251,8.7376,5.8033,8.6969,15285.930094,12496.893782,-63.649814,8018.34514,-29.042472
2024-10-29,72720.4922,4.0235,4.9872,0.013664,8.047,12.0705,8.0252,12.0298,15900.95856,13502.517302,-71.332653,8661.836743,-32.536219
2024-10-30,72339.5391,-0.5239,4.9869,0.013663,-1.0477,-1.5716,-1.0695,-1.6123,15817.659896,13361.048893,-70.211604,8569.201533,-32.011646
2024-10-31,70215.1875,-2.9366,4.9867,0.013662,-5.8733,-8.8099,-5.895,-8.8506,15353.152229,12576.317183,-64.026019,8064.045087,-29.178419
2024-11-01,69482.4688,-1.0435,4.9864,0.013661,-2.0871,-3.1306,-2.1088,-3.1713,15192.936997,12313.841108,-62.021621,7893.989712,-28.253086
2024-11-02,69289.2734,-0.278,4.9861,0.013661,-0.5561,-0.8341,-0.5778,-0.8748,15150.693187,12245.364083,-61.504269,7848.375019,-28.005917
2024-11-03,68741.1172,-0.7911,4.9858,0.01366,-1.5822,-2.3733,-1.604,-2.414,15030.834128,12051.614819,-60.044565,7722.489636,-27.329847
2024-11-04,67811.5078,-1.3523,4.9856,0.013659,-2.7047,-4.057,-2.7264,-4.0977,14827.567074,11725.658693,-57.608556,7511.942989,-26.209954
2024-11-05,69359.5625,2.2829,4.9853,0.013658,4.5658,6.8486,4.544,6.808,15166.062493,12261.023899,-61.553957,7853.286993,-27.994315
2024-11-06,75639.0781,9.0536,4.985,0.013658,18.1071,27.1607,18.0854,27.12,16539.132376,14481.144337,-78.272447,9273.585166,-35.586379
2024-11-07,75904.8594,0.3514,4.9848,0.013657,0.7028,1.0541,0.681,1.0135,16597.247723,14582.912279,-79.09755,9336.740385,-35.947033
2024-11-08,76545.4766,0.844,4.9845,0.013656,1.6879,2.5319,1.6662,2.4912,16737.324159,14829.06422,-81.100238,9492.310037,-36.842559
2024-11-09,76778.8672,0.3049,4.9842,0.013655,0.6098,0.9147,0.5881,0.874,16788.357019,14919.493197,-81.842073,9548.131607,-37.164576
2024-11-10,80474.1875,4.8129,4.9839,0.013655,9.6259,14.4388,9.6041,14.3981,17596.37046,16355.625515,-93.659101,10465.147715,-42.515583
2024-11-11,88701.4844,10.2235,4.9837,0.013654,20.447,30.6706,20.4253,30.6299,19395.339399,19699.86771,-122.384879,12602.686521,-55.538059
2024-11-12,87955.8125,-0.8407,4.9834,0.013653,-1.6813,-2.522,-1.703,-2.5626,19232.291856,19368.652569,-119.298382,12388.057511,-54.114821
2024-11-13,90584.1641,2.9883,4.9831,0.013652,5.9765,8.9648,5.9548,8.9241,19807.00344,20526.225373,-129.993232,13125.740657,-58.944091
2024-11-14,87250.4297,-3.6803,4.9828,0.013652,-7.3605,-11.0408,-7.3823,-11.0815,19078.053861,19015.387716,-115.640958,12156.764698,-52.412226
2024-11-15,91066.0078,4.3731,4.9826,0.013651,8.7463,13.1194,8.7245,13.0787,19912.362704,20678.524452,-130.81236,13217.385859,-59.267079
2024-11-16,90558.4766,-0.5573,4.9823,0.01365,-1.1146,-1.672,-1.1364,-1.7126,19801.386648,20448.032359,-128.625221,13067.186514,-58.252049
2024-11-17,89845.8516,-0.7869,4.982,0.013649,-1.5738,-2.3608,-1.5956,-2.4014,19645.565087,20126.212036,-125.588678,12858.689556,-56.853164
2024-11-18,90542.6406,0.7755,4.9817,0.013649,1.5511,2.3266,1.5293,2.2859,19797.923985,20438.385034,-128.510644,13055.343403,-58.152797
2024-11-19,92343.7891,1.9893,4.9815,0.013648,3.9786,5.9678,3.9568,5.9272,20191.76052,21251.539257,-136.179961,13571.921656,-61.599618
2024-11-20,94339.4922,2.1612,4.9812,0.013647,4.3223,6.4835,4.3006,6.4428,20628.138104,22170.101593,-145.009188,14155.596245,-65.568381
2024-11-21,98504.7266,4.4152,4.9809,0.013646,8.8303,13.2455,8.8086,13.2048,21538.90228,24127.790088,-164.216328,15402.503337,-74.226555
2024-11-22,98997.6641,0.5004,4.9807,0.013646,1.0008,1.5013,0.9791,1.4606,21646.687287,24369.270735,-166.681642,15553.311169,-75.310707
2024-11-23,97777.2812,-1.2327,4.9804,0.013645,-2.4655,-3.6982,-2.4872,-3.7389,21379.840131,23768.451727,-160.517394,15166.468424,-72.494933
2024-11-24,98013.8203,0.2419,4.9801,0.013644,0.4838,0.7257,0.4621,0.6851,21431.561424,23883.451187,-161.682346,15236.55359,-72.991589
2024-11-25,93102.2969,-5.0111,4.9798,0.013643,-10.0221,-15.0332,-10.0438,-15.0738,20357.614751,21489.826902,-137.376387,13706.220134,-61.988974
2024-11-26,91985.3203,-1.1997,4.9796,0.013643,-2.3995,-3.5992,-2.4212,-3.6398,20113.378257,20974.186928,-132.431948,13374.367101,-59.73267
2024-11-27,95962.5312,4.3237,4.9793,0.013642,8.6475,12.9712,8.6258,12.9306,20983.029498,22787.927759,-149.610009,14528.008772,-67.456452
2024-11-28,95652.4688,-0.3231,4.979,0.013641,-0.6462,-0.9693,-0.6679,-1.01,20915.231676,22640.668579,-148.159803,14430.970523,-66.775158
2024-11-29,97461.5234,1.8913,4.9787,0.01364,3.7826,5.6738,3.7608,5.6332,21310.796981,23497.064825,-156.566148,14973.695462,-70.536727
2024-11-30,96449.0547,-1.0388,4.9785,0.01364,-2.0777,-3.1165,-2.0994,-3.1572,21089.412015,23008.871269,-151.686735,14659.337591,-68.309764
2024-12-01,97279.7891,0.8613,4.9782,0.013639,1.7226,2.584,1.7009,2.5433,21271.059203,23405.230992,-155.606256,14908.680847,-70.047093
2024-12-02,95865.3047,-1.454,4.9779,0.013638,-2.9081,-4.3621,-2.9298,-4.4028,20961.770077,22724.589436,-148.818538,14471.887083,-66.963089
2024-12-03,96002.1641,0.1428,4.9777,0.013637,0.2855,0.4283,0.2638,0.3876,20991.695552,22789.473663,-149.455907,14510.064605,-67.222666
2024-12-04,98768.5312,2.8816,4.9774,0.013637,5.7631,8.6447,5.7414,8.6041,21596.585435,24102.861809,-162.375926,15343.147807,-73.006545
2024-12-05,96593.5703,-2.2021,4.9771,0.013636,-4.4042,-6.6062,-4.4259,-6.6469,21121.011595,23041.333765,-151.648988,14664.079142,-68.153888
2024-12-06,99920.7109,3.4445,4.9768,0.013635,6.8889,10.3334,6.8672,10.2928,21848.519394,24628.639367,-167.319519,15671.095344,-75.16882
2024-12-07,99923.3359,0.0026,4.9766,0.013634,0.0053,0.0079,-0.0165,-0.0328,21849.093372,24629.933396,-167.332706,15668.515501,-75.144197
2024-12-08,101236.0156,1.3137,4.9763,0.013634,2.6274,3.9411,2.6057,3.9004,22136.122031,25277.05377,-173.927389,16076.783394,-78.075138
2024-12-09,97432.7188,-3.7569,4.976,0.013633,-7.5137,-11.2706,-7.5354,-11.3112,21304.498589,23377.805978,-154.324756,14865.32734,-69.243888
2024-12-10,96675.4297,-0.7772,4.9757,0.013632,-1.5545,-2.3317,-1.5762,-2.3724,21138.910848,23014.40122,-150.72632,14631.019975,-67.601171
2024-12-11,101173.0312,4.6523,4.9755,0.013631,9.3045,13.9568,9.2828,13.9162,22122.349958,25155.785173,-171.762904,15989.192024,-77.008669
2024-12-12,100043.0,-1.1169,4.9752,0.013631,-2.2339,-3.3508,-2.2556,-3.3914,21875.258945,24593.840492,-166.007494,15628.544366,-74.396982
2024-12-13,101459.2578,1.4156,4.9749,0.01363,2.8313,4.2469,2.8096,4.2063,22184.935847,25290.165447,-173.057744,16067.641771,-77.526355
2024-12-14,101372.9688,-0.085,4.9746,0.013629,-0.1701,-0.2551,-0.1918,-0.2958,22166.068005,25247.147891,-172.616198,16036.822854,-77.297054
2024-12-15,104298.6953,2.8861,4.9744,0.013628,5.7722,8.6583,5.7505,8.6177,22805.80318,26704.464415,-187.561833,16959.019066,-83.958265
2024-12-16,106029.7188,1.6597,4.9741,0.013628,3.3194,4.979,3.2976,4.9384,23184.306283,27590.881137,-196.900605,17518.267809,-88.104469
2024-12-17,106140.6016,0.1046,4.9738,0.013627,0.2092,0.3137,0.1874,0.2731,23208.55176,27648.588627,-197.518344,17551.104944,-88.345089
2024-12-18,100041.5391,-5.7462,4.9736,0.013626,-11.4924,-17.2386,-11.5141,-17.2793,21874.939498,24471.096365,-163.468884,15530.247981,-73.079717
2024-12-19,97490.9531,-2.5495,4.9733,0.013625,-5.0991,-7.6486,-5.1208,-7.6892,21317.232034,23223.302002,-150.965835,14734.981039,-67.46047
2024-12-20,97755.9297,0.2718,4.973,0.013625,0.5436,0.8154,0.5219,0.7748,21375.171429,23349.542038,-152.196792,14811.88073,-67.983133
2024-12-21,97224.7266,-0.5434,4.9727,0.013624,-1.0868,-1.6302,-1.1085,-1.6708,21259.019316,23095.780456,-149.715692,14647.690913,-66.847264
2024-12-22,95104.9375,-2.1803,4.9725,0.013623,-4.3606,-6.5409,-4.3823,-6.5815,20795.509278,22088.666638,-139.922946,14005.784865,-62.447704
2024-12-23,94686.2422,-0.4402,4.9722,0.013622,-0.8805,-1.3207,-0.9022,-1.3614,20703.957962,21894.177867,-138.074932,13879.425257,-61.597571
2024-12-24,98676.0938,4.2138,4.9719,0.013622,8.4275,12.6413,8.4058,12.6007,21576.373184,23739.314347,-155.529374,15046.104389,-69.359277
2024-12-25,99299.1953,0.6315,4.9716,0.013621,1.2629,1.8944,1.2412,1.8538,21712.619678,24039.123617,-158.475698,15232.859634,-70.645041
2024-12-26,95795.5156,-3.5284,4.9714,0.01362,-7.0568,-10.5852,-7.0785,-10.6258,20946.510101,22342.727411,-141.700695,14154.599193,-63.138418
2024-12-27,94164.8594,-1.7022,4.9711,0.013619,-3.4045,-5.1067,-3.4262,-5.1473,20589.953143,21582.079945,-134.464497,13669.640857,-59.888502
2024-12-28,95163.9297,1.061,4.9708,0.013619,2.122,3.1829,2.1003,3.1423,20808.408425,22040.043043,-138.744421,13956.738733,-61.770398
2024-12-29,93530.2266,-1.7167,4.9705,0.013618,-3.4335,-5.1502,-3.4552,-5.1908,20451.185242,21283.309114,-131.59884,13474.512412,-58.564032
2024-12-30,92643.2109,-0.9484,4.9703,0.013617,-1.8967,-2.8451,-1.9184,-2.8857,20257.231678,20879.618705,-127.854695,13216.011191,-56.874036
2024-12-31,93429.2031,0.8484,4.97,0.013616,1.6968,2.5452,1.6751,2.5046,20429.095602,21233.907314,-131.108883,13437.394825,-58.298515
2025-01-01,94419.7578,1.0602,4.9675,0.01361,2.1204,3.1807,2.0987,3.1401,20645.68887,21684.159392,-135.279009,13719.41178,-60.129128
2025-01-02,96886.875,2.6129,4.9651,0.013603,5.2258,7.8388,5.2042,7.7982,21185.145177,22817.340912,-145.883225,14433.392511,-64.818117
2025-01-03,98107.4297,1.2598,4.9626,0.013596,2.5195,3.7793,2.4979,3.7388,21452.029915,23392.23431,-151.396617,14793.91955,-67.241509
2025-01-04,98236.2266,0.1313,4.9601,0.013589,0.2626,0.3938,0.2409,0.3533,21480.192455,23453.653648,-151.992884,14829.55682,-67.47907
2025-01-05,98314.9609,0.0801,4.9577,0.013583,0.1603,0.2404,0.1386,0.1999,21497.408401,23491.248918,-152.358342,14850.115206,-67.613967
2025-01-06,102078.0859,3.8276,4.9552,0.013576,7.6552,11.4829,7.6336,11.4423,22320.247918,25289.561306,-169.853446,15983.711484,-75.35059
2025-01-07,96922.7031,-5.0504,4.9527,0.013569,-10.1009,-15.1513,-10.1225,-15.1918,21192.979304,22735.097858,-144.118455,14365.758308,-63.903479
2025-01-08,95043.5234,-1.9388,4.9503,0.013562,-3.8777,-5.8165,-3.8993,-5.857,20782.080567,21853.50185,-135.735761,13805.58971,-60.160636
2025-01-09,92484.0391,-2.693,4.9478,0.013556,-5.3859,-8.0789,-5.4076,-8.1194,20222.427384,20676.489582,-124.76983,13059.044374,-55.275976
2025-01-10,94701.4531,2.3976,4.9453,0.013549,4.7952,7.1929,4.7736,7.1524,20707.283963,21667.976097,-133.744342,13682.431586,-59.229528
2025-01-11,94566.5938,-0.1424,4.9429,0.013542,-0.2848,-0.4272,-0.3064,-0.4677,20677.795806,21606.263639,-133.172967,13640.503986,-58.95253
2025-01-12,94488.4375,-0.0826,4.9404,0.013535,-0.1653,-0.2479,-0.1869,-0.2884,20660.706272,21570.549874,-132.842778,13615.008365,-58.782522
2025-01-13,94516.5234,0.0297,4.9379,0.013529,0.0594,0.0892,0.0378,0.0487,20666.847503,21583.373223,-132.961237,13620.159958,-58.811176
2025-01-14,96534.0469,2.1346,4.9355,0.013522,4.2691,6.4037,4.2475,6.3633,21107.996285,22504.798594,-141.475698,14198.681748,-62.553509
2025-01-15,100504.4922,4.113,4.933,0.013515,8.226,12.339,8.2044,12.2986,21976.168165,24356.04331,-158.932384,15363.598767,-70.246715
2025-01-16,99756.9062,-0.7438,4.9305,0.013508,-1.4877,-2.2315,-1.5093,-2.2719,21812.702096,23993.706561,-155.385808,15131.722538,-68.650789
2025-01-17,104462.0391,4.7166,4.9281,0.013502,9.4332,14.1498,9.4116,14.1094,22841.51969,26257.080202,-177.372582,16555.861757,-78.337019
2025-01-18,104408.0703,-0.0517,4.9256,0.013495,-0.1033,-0.155,-0.1249,-0.1954,22829.718961,26229.949546,-177.097672,16535.182816,-78.183988
2025-01-19,101089.6094,-3.1784,4.9232,0.013488,-6.3567,-9.5351,-6.3783,-9.5754,22104.10905,24562.586809,-160.211284,15480.521938,-70.697545
2025-01-20,102016.6641,0.9171,4.9207,0.013481,1.8341,2.7512,1.8126,2.7109,22306.817499,25013.095251,-164.618996,15761.11585,-72.614053
2025-01-21,106146.2656,4.048,4.9182,0.013475,8.0959,12.1439,8.0744,12.1036,23209.790256,27038.139261,-184.610167,17033.728006,-81.402956
2025-01-22,103653.0703,-2.3488,4.9158,0.013468,-4.6977,-7.0465,-4.7192,-7.0868,22664.631743,25767.979418,-171.60163,16229.870615,-75.634095
2025-01-23,103960.1719,0.2963,4.9133,0.013461,0.5926,0.8888,0.571,0.8485,22731.782131,25920.669284,-173.126886,16322.545345,-76.275883
2025-01-24,104819.4844,0.8266,4.9108,0.013454,1.6532,2.4797,1.6316,2.4395,22919.67817,26349.178678,-177.419975,16588.867364,-78.1366
2025-01-25,104714.6484,-0.1,4.9084,0.013448,-0.2,-0.3,-0.2216,-0.3403,22896.754894,26296.472049,-176.887631,16552.11288,-77.870692
2025-01-26,102682.5,-1.9407,4.9059,0.013441,-3.8813,-5.822,-3.9028,-5.8622,22452.40823,25275.825265,-166.589304,15906.112072,-73.305747
2025-01-27,102087.6875,-0.5793,4.9034,0.013434,-1.1585,-1.7378,-1.1801,-1.7781,22322.347382,24982.992956,-163.694281,15718.409895,-72.002328
2025-01-28,101332.4766,-0.7398,4.901,0.013427,-1.4795,-2.2193,-1.501,-2.2595,22157.214041,24613.361122,-160.061412,15482.469755,-70.375417
2025-01-29,103703.2109,2.3396,4.8985,0.013421,4.6791,7.0187,4.6576,6.9785,22675.595421,25765.049965,-171.295612,16203.58403,-75.286545
2025-01-30,104735.3047,0.9952,4.896,0.013414,1.9905,2.9857,1.969,2.9455,22901.27156,26277.897094,-176.410009,16522.62936,-77.504122
2025-01-31,102405.0234,-2.2249,4.8936,0.013407,-4.4498,-6.6748,-4.4713,-6.715,22391.735603,25108.570456,-164.635041,15783.846785,-72.299754
2025-02-01,100655.9062,-1.708,4.8911,0.0134,-3.4161,-5.1241,-3.4376,-5.1643,22009.276147,24250.842374,-156.198952,15241.267679,-68.565988
2025-02-02,97688.9766,-2.9476,4.8886,0.013394,-5.8952,-8.8428,-5.9167,-8.8829,21360.531555,22821.208548,-142.386609,14339.49245,-62.475309
2025-02-03,101405.4219,3.8044,4.8862,0.013387,7.6087,11.4131,7.5873,11.373,22173.164159,24557.612726,-158.637328,15427.4672,-69.580595
2025-02-04,97871.8203,-3.4846,4.8837,0.01338,-6.9693,-10.4539,-6.9907,-10.494,21400.511907,22846.129906,-142.053566,14348.976494,-62.278798
2025-02-05,96615.4453,-1.2837,4.8812,0.013373,-2.5674,-3.8511,-2.5888,-3.8912,21125.794751,22259.580962,-136.582966,13977.503866,-59.855406
2025-02-06,96593.2969,-0.0229,4.8788,0.013366,-0.0458,-0.0688,-0.0673,-0.1089,21120.951805,22249.375245,-136.489034,13968.09738,-59.790238
2025-02-07,96529.0859,-0.0665,4.8763,0.01336,-0.133,-0.1994,-0.1544,-0.2395,21106.911534,22219.79445,-136.216838,13946.531609,-59.647031
2025-02-08,96482.4531,-0.0483,4.8738,0.013353,-0.0966,-0.1449,-0.1181,-0.185,21096.71487,22198.325864,-136.019421,13930.06712,-59.536681
2025-02-09,96500.0938,0.0183,4.8714,0.013346,0.0366,0.0549,0.0151,0.0148,21100.572144,22206.443243,-136.094029,13932.176009,-59.545486
2025-02-10,97437.5547,0.9715,4.8689,0.013339,1.9429,2.9144,1.9215,2.8743,21305.556008,22637.897189,-140.060331,14199.882866,-61.257023
2025-02-11,95747.4297,-1.7346,4.8664,0.013333,-3.4691,-5.2037,-3.4906,-5.2438,20935.995699,21852.555723,-132.771987,13704.227457,-58.044856
2025-02-12,97885.8594,2.2334,4.864,0.013326,4.4668,6.7002,4.4454,6.6602,21403.581668,22828.668692,-141.668003,14313.435956,-61.910759
2025-02-13,96623.8672,-1.2892,4.8615,0.013319,-2.5785,-3.8677,-2.5999,-3.9078,21127.636266,22240.032055,-136.188645,13941.301103,-59.491438
2025-02-14,97508.9688,0.916,4.859,0.013312,1.8321,2.7481,1.8107,2.7081,21321.171305,22647.481843,-139.931222,14193.730822,-61.102519
2025-02-15,97580.3516,0.0732,4.8566,0.013306,0.1464,0.2196,0.125,0.1796,21336.779768,22680.640659,-140.238538,14211.476525,-61.212283
2025-02-16,96175.0312,-1.4402,4.8541,0.013299,-2.8803,-4.3205,-2.9017,-4.3605,21029.494443,22027.362319,-134.17953,13799.099877,-58.54314
2025-02-17,95773.3828,-0.4176,4.8516,0.013292,-0.8352,-1.2529,-0.8566,-1.2928,20941.670572,21843.379937,-132.498438,13680.894153,-57.786282
2025-02-18,95539.5469,-0.2442,4.8492,0.013285,-0.4883,-0.7325,-0.5097,-0.7724,20890.540341,21736.716331,-131.527932,13611.165574,-57.339936
2025-02-19,96635.6094,1.1472,4.8467,0.013279,2.2945,3.4417,2.2731,3.4018,21130.203796,22235.458483,-136.054733,13920.562047,-59.290512
2025-02-20,98333.9375,1.7575,4.8442,0.013272,3.5149,5.2724,3.4936,5.2325,21501.557789,23017.015194,-143.228038,14406.884887,-62.392861
2025-02-21,96125.5469,-2.2458,4.8418,0.013265,-4.4916,-6.7374,-4.513,-6.7773,21018.674261,21983.179636,-133.578161,13756.707691,-58.164296
2025-02-22,96577.7578,0.4704,4.8393,0.013258,0.9409,1.4113,0.9195,1.3714,21117.554056,22190.014023,-135.463368,13883.205443,-58.961977
2025-02-23,96273.9219,-0.3146,4.8368,0.013252,-0.6292,-0.9438,-0.6505,-0.9837,21051.117726,22050.393393,-134.184855,13792.889829,-58.381979
2025-02-24,91418.1719,-5.0437,4.8344,0.013245,-10.0874,-15.131,-10.1087,-15.1709,19989.366393,19826.090162,-113.881285,12398.60934,-49.524905
2025-02-25,88736.1719,-2.9338,4.8319,0.013238,-5.8675,-8.8013,-5.8889,-8.8412,19402.924118,18662.785915,-103.858236,11668.472256,-45.146329
2025-02-26,84347.0234,-4.9463,4.8295,0.013231,-9.8926,-14.8389,-9.9139,-14.8787,18443.199213,16816.554871,-88.446847,10511.672325,-38.429141
2025-02-27,84704.2266,0.4235,4.827,0.013225,0.847,1.2705,0.8257,1.2307,18521.304737,16958.988491,-89.570544,10598.464862,-38.902072
2025-02-28,84373.0078,-0.391,4.8245,0.013218,-0.7821,-1.1731,-0.8034,-1.2129,18448.88092,16826.3591,-88.519801,10513.321076,-38.430231
2025-03-01,86031.9141,1.9662,4.8221,0.013211,3.9323,5.8985,3.911,5.8587,18811.614982,17488.024555,-93.741118,10924.499351,-40.681736
2025-03-02,94248.3516,9.5505,4.8196,0.013204,19.1009,28.6514,19.0796,28.6116,20608.209425,20828.395679,-120.599222,13008.85225,-52.321423
2025-03-03,86065.6719,-8.682,4.8171,0.013198,-17.3641,-26.0461,-17.3854,-26.0859,18818.996417,17211.736344,-89.187803,10747.216453,-38.672917
2025-03-04,87222.1953,1.3438,4.8147,0.013191,2.6875,4.0313,2.6663,3.9916,19071.880173,17674.308146,-92.783236,11033.765625,-40.216567
2025-03-05,90623.5625,3.8997,4.8122,0.013184,7.7993,11.699,7.778,11.6592,19815.618246,19052.783237,-103.637922,11891.977369,-44.905511
2025-03-06,89961.7266,-0.7303,4.8097,0.013177,-1.4606,-2.1909,-1.4819,-2.2307,19670.902149,18774.493214,-101.367278,11715.751804,-43.90382
2025-03-07,86742.6719,-3.5782,4.8073,0.013171,-7.1565,-10.7347,-7.1778,-10.7745,18967.028266,17430.896938,-90.485757,10874.824311,-39.173421
2025-03-08,86154.5938,-0.678,4.8048,0.013164,-1.3559,-2.0339,-1.3772,-2.0736,18838.439946,17194.548922,-88.645393,10725.060552,-38.361133
2025-03-09,80601.0391,-6.446,4.8023,0.013157,-12.8921,-19.3381,-12.9133,-19.3778,17624.107641,14977.81587,-71.503055,9340.100459,-30.927595
2025-03-10,78532.0,-2.567,4.7999,0.01315,-5.134,-7.701,-5.1553,-7.7407,17171.694526,14208.850942,-65.996577,8858.594157,-28.533579
2025-03-11,82862.2109,5.5139,4.7974,0.013144,11.0279,16.5418,11.0067,16.5022,18118.532241,15775.787268,-76.913622,9833.629794,-33.242241
2025-03-12,83722.3594,1.038,4.7949,0.013137,2.0761,3.1141,2.0549,3.0745,18306.611065,16103.307343,-79.308819,10035.698535,-34.264273
2025-03-13,81066.7031,-3.172,4.7925,0.01313,-6.344,-9.5159,-6.3652,-9.5556,17725.929077,15081.720061,-71.76184,9396.909097,-30.990126
2025-03-14,83969.1016,3.5803,4.79,0.013123,7.1605,10.7408,7.1393,10.7012,18360.563358,16161.649527,-79.469621,10067.783921,-34.30643
2025-03-15,84343.1094,0.4454,4.7875,0.013117,0.8908,1.3362,0.8696,1.2966,18442.34337,16305.621133,-80.531521,10155.335761,-34.751258
2025-03-16,82579.6875,-2.0908,4.7851,0.01311,-4.1815,-6.2723,-4.2027,-6.3119,18056.756071,15623.794503,-75.48033,9728.53387,-32.557792
2025-03-17,84075.6875,1.8116,4.7826,0.013103,3.6232,5.4348,3.602,5.3952,18383.869286,16189.870673,-79.582498,10078.953889,-34.314341
2025-03-18,82718.5,-1.6142,4.7801,0.013096,-3.2285,-4.8427,-3.2497,-4.8823,18087.108613,15667.182348,-75.728529,9751.421324,-32.639013
2025-03-19,86854.2266,4.9998,4.7777,0.01309,9.9995,14.9993,9.9783,14.9597,18991.420654,17233.825414,-87.087263,10724.452128,-37.521722
2025-03-20,84167.1953,-3.0937,4.7752,0.013083,-6.1875,-9.2812,-6.2086,-9.3207,18403.878253,16167.490952,-79.004541,10058.612109,-34.024431
2025-03-21,84043.2422,-0.1473,4.7727,0.013076,-0.2945,-0.4418,-0.3157,-0.4813,18376.774841,16119.871188,-78.65549,10026.857229,-33.86066
2025-03-22,83832.4844,-0.2508,4.7703,0.013069,-0.5015,-0.7523,-0.5227,-0.7918,18330.69084,16039.022598,-78.06375,9974.447091,-33.592542
2025-03-23,86054.375,2.6504,4.7678,0.013062,5.3008,7.9512,5.2796,7.9117,18816.526258,16889.216988,-84.270739,10501.062199,-36.250278
2025-03-24,87498.9141,1.6786,4.7653,0.013056,3.3573,5.0359,3.3361,4.9964,19132.387099,17456.233683,-88.514534,10851.391553,-38.061496
2025-03-25,87471.7031,-0.0311,4.7629,0.013049,-0.0622,-0.0933,-0.0833,-0.1328,19126.437194,17445.376395,-88.431954,10842.349265,-38.010964
2025-03-26,86900.8828,-0.6526,4.7604,0.013042,-1.3052,-1.9577,-1.3263,-1.9972,19001.622443,17217.687328,-86.700694,10698.549504,-37.251815
2025-03-27,87177.1016,0.3179,4.7579,0.013035,0.6357,0.9536,0.6146,0.9141,19062.020039,17327.141868,-87.527441,10764.301957,-37.592342
2025-03-28,84353.1484,-3.2393,4.7555,0.013029,-6.4787,-9.718,-6.4998,-9.7574,18444.538497,16204.575608,-79.021536,10064.647208,-33.924302
2025-03-29,82597.5859,-2.0812,4.753,0.013022,-4.1624,-6.2436,-4.1835,-6.283,18060.669718,15530.074519,-74.087734,9643.591135,-31.792828
2025-03-30,82334.5234,-0.3185,4.7505,0.013015,-0.637,-0.9555,-0.6581,-0.9949,18003.148849,15431.15201,-73.379855,9580.129438,-31.476533
2025-03-31,82548.9141,0.2604,4.7481,0.013008,0.5208,0.7812,0.4997,0.7418,18050.027196,15511.514273,-73.953075,9628.00027,-31.71002
2025-04-01,85169.1719,3.1742,4.7456,0.013002,6.3484,9.5226,6.3273,9.4832,18622.969012,16496.243555,-80.995305,10237.191993,-34.717142
2025-04-02,82485.7109,-3.1507,4.7432,0.012995,-6.3015,-9.4522,-6.3226,-9.4916,18036.207291,15456.735381,-73.339445,9589.939255,-31.421935
2025-04-03,83102.8281,0.7482,4.7407,0.012988,1.4963,2.2445,1.4752,2.2051,18171.14525,15688.01464,-74.985513,9731.41296,-32.114822
2025-04-04,83843.8047,0.8916,4.7382,0.012981,1.7833,2.6749,1.7622,2.6356,18333.166123,15967.775303,-76.991312,9902.901163,-32.961234
2025-04-05,83504.7969,-0.4043,4.7358,0.012975,-0.8087,-1.213,-0.8297,-1.2523,18259.039161,15838.64947,-76.057409,9820.734613,-32.548455
2025-04-06,78214.4844,-6.3353,4.7333,0.012968,-12.6707,-19.006,-12.6917,-19.0453,17102.267014,13831.784992,-61.601923,8574.313552,-26.349496
2025-04-07,79235.3359,1.3052,4.7308,0.012961,2.6104,3.9156,2.5893,3.8763,17325.484954,14192.848533,-64.013999,8796.332258,-27.37088
2025-04-08,76271.9531,-3.74,4.7284,0.012954,-7.48,-11.2199,-7.501,-11.2592,16677.515916,13131.23018,-56.831674,8136.52032,-24.289135
2025-04-09,82573.9531,8.2625,4.7259,0.012948,16.5251,24.7876,16.504,24.7484,18055.502201,15301.176254,-70.918892,9479.37558,-30.300296
2025-04-10,79626.1406,-3.5699,4.7234,0.012941,-7.1398,-10.7097,-7.1608,-10.749,17410.937746,14208.701038,-63.323678,8800.573129,-27.043327
2025-04-11,83404.8359,4.7455,4.721,0.012934,9.4911,14.2366,9.4701,14.1974,18237.181846,15557.26199,-72.338842,9633.994105,-30.882776
2025-04-12,85287.1094,2.2568,4.7185,0.012927,4.5136,6.7704,4.4926,6.7312,18648.757057,16259.451993,-77.236453,10066.808408,-32.961542
2025-04-13,83684.9766,-1.8785,4.716,0.012921,-3.757,-5.6356,-3.778,-5.6748,18298.436993,15648.578867,-72.883753,9686.480689,-31.091053
2025-04-14,84542.3906,1.0246,4.7136,0.012914,2.0491,3.0737,2.0282,3.0345,18485.917923,15969.24124,-75.123996,9882.937131,-32.034518
2025-04-15,83668.9922,-1.0331,4.7111,0.012907,-2.0662,-3.0993,-2.0872,-3.1385,18294.941872,15639.288178,-72.795702,9676.663628,-31.02913
2025-04-16,84033.8672,0.4361,4.7086,0.0129,0.8722,1.3083,0.8512,1.2691,18374.724917,15775.692003,-73.748074,9759.031811,-31.422924
2025-04-17,84895.75,1.0256,4.7062,0.012894,2.0513,3.0769,2.0303,3.0378,18563.182977,16099.294813,-76.017237,9957.169347,-32.377475
2025-04-18,84450.8047,-0.5241,4.7037,0.012887,-1.0482,-1.5723,-1.0692,-1.6115,18465.891873,15930.539469,-74.822,9850.708807,-31.855723
2025-04-19,85063.4141,0.7254,4.7012,0.01288,1.4508,2.1762,1.4298,2.1371,18599.84416,16161.660957,-76.450285,9991.558712,-32.536506
2025-04-20,85174.3047,0.1304,4.6988,0.012873,0.2607,0.3911,0.2398,0.352,18624.091345,16203.798383,-76.749272,10015.51538,-32.651025
2025-04-21,87518.9062,2.7527,4.6963,0.012867,5.5054,8.2581,5.4845,8.219,19136.758562,17095.885525,-83.087327,10564.81343,-35.334621
2025-04-22,93441.8906,6.7677,4.6938,0.01286,13.5353,20.303,13.5144,20.2639,20431.869833,19409.869261,-99.956537,11992.582822,-42.494793
2025-04-23,93699.1094,0.2753,4.6914,0.012853,0.5505,0.8258,0.5296,0.7867,20488.112916,19516.728878,-100.781992,12056.096431,-42.829116
2025-04-24,93943.7969,0.2611,4.6889,0.012846,0.5223,0.7834,0.5014,0.7444,20541.615934,19618.661535,-101.571544,12116.540275,-43.14792
2025-04-25,94720.5,0.8268,4.6864,0.01284,1.6535,2.4803,1.6326,2.4413,20711.448726,19943.06562,-104.090846,12314.358153,-44.201279
2025-04-26,94646.9297,-0.0777,4.684,0.012833,-0.1553,-0.233,-0.1763,-0.272,20695.361947,19912.085683,-103.848301,12292.653248,-44.08103
2025-04-27,93754.8438,-0.9425,4.6815,0.012826,-1.8851,-2.8276,-1.906,-2.8666,20500.299715,19536.726616,-100.911863,12058.356524,-42.817383
2025-04-28,94978.75,1.3054,4.679,0.012819,2.6109,3.9163,2.59,3.8773,20767.917301,20046.804194,-104.863872,12370.663572,-44.477537
2025-04-29,94284.7891,-0.7306,4.6766,0.012813,-1.4613,-2.1919,-1.4822,-2.2309,20616.176797,19753.860792,-102.565313,12187.306587,-43.48527
2025-04-30,94207.3125,-0.0822,4.6741,0.012806,-0.1643,-0.2465,-0.1852,-0.2855,20599.235883,19721.396145,-102.31247,12164.731575,-43.361119
2025-05-01,96492.3359,2.4255,4.6716,0.012799,4.8511,7.2766,4.8302,7.2376,21098.875832,20678.091569,-109.757318,12752.309035,-46.499429
2025-05-02,96910.0703,0.4329,4.6692,0.012792,0.8658,1.2988,0.845,1.2598,21190.217031,20857.130652,-111.182802,12860.061587,-47.085231
2025-05-03,95891.7969,-1.0507,4.6667,0.012786,-2.1015,-3.1522,-2.1223,-3.1912,20967.562821,20418.82198,-107.678073,12587.126215,-45.582664
2025-05-04,94315.9766,-1.6433,4.6642,0.012779,-3.2867,-4.93,-3.3075,-4.9689,20622.996211,19747.724024,-102.36955,12170.803946,-43.317697
2025-05-05,94748.0547,0.4581,4.6618,0.012772,0.9162,1.3744,0.8954,1.3354,20717.473794,19928.659638,-103.776468,12279.779022,-43.896179
2025-05-06,96802.4766,2.1683,4.6593,0.012765,4.3366,6.5049,4.3158,6.466,21166.690736,20792.88581,-110.527023,12809.74385,-46.734505
2025-05-07,97032.3203,0.2374,4.6568,0.012758,0.4749,0.7123,0.454,0.6734,21216.948041,20891.625326,-111.314315,12867.904051,-47.049225
2025-05-08,103241.4609,6.399,4.6544,0.012752,12.7981,19.1971,12.7773,19.1583,22574.629828,23565.353814,-132.683471,14512.06878,-56.063037
2025-05-09,102970.8516,-0.2621,4.6519,0.012745,-0.5242,-0.7863,-0.5451,-0.8252,22515.45877,23441.818064,-131.640129,14432.970265,-55.600405
2025-05-10,104696.3281,1.6757,4.6495,0.012738,3.3514,5.0271,3.3306,4.9882,22892.749001,24227.444424,-138.257786,14913.670145,-58.373884
2025-05-11,104106.3594,-0.5635,4.647,0.012731,-1.127,-1.6905,-1.1478,-1.7293,22763.74728,23954.398838,-135.920519,14742.487594,-57.364397
2025-05-12,102812.9531,-1.2424,4.6445,0.012725,-2.4848,-3.7272,-2.5056,-3.766,22480.932924,23359.185071,-130.854533,14373.101967,-55.204062
2025-05-13,104169.8125,1.3197,4.6421,0.012718,2.6395,3.9592,2.6187,3.9204,22777.621849,23975.744139,-136.035336,14749.486292,-57.368283
2025-05-14,103539.4141,-0.6052,4.6396,0.012711,-1.2103,-1.8155,-1.2311,-1.8543,22639.779831,23685.558887,-133.565624,14567.902145,-56.304511
2025-05-15,103744.6406,0.1982,4.6371,0.012704,0.3964,0.5946,0.3756,0.5559,22684.654377,23779.453678,-134.359849,14622.624352,-56.617482
2025-05-16,103489.2891,-0.2461,4.6347,0.012698,-0.4923,-0.7384,-0.513,-0.7772,22628.81957,23662.394703,-133.367731,14547.603082,-56.177469
2025-05-17,103191.0859,-0.2881,4.6322,0.012691,-0.5763,-0.8644,-0.5971,-0.9032,22563.614902,23526.028899,-132.214838,14460.743607,-55.670075
2025-05-18,106446.0078,3.1543,4.6297,0.012684,6.3085,9.4628,6.2878,9.4241,23275.331453,25010.176205,-144.726064,15370.001424,-60.916457
2025-05-19,105606.1797,-0.789,4.6273,0.012677,-1.5779,-2.3669,-1.5987,-2.4056,23091.695839,24615.530134,-141.300524,15124.280964,-59.451028
2025-05-20,106791.0859,1.122,4.6248,0.012671,2.244,3.366,2.2233,3.3273,23350.785741,25167.904921,-146.056719,15460.532516,-61.429143
2025-05-21,109678.0781,2.7034,4.6223,0.012664,5.4068,8.1102,5.3861,8.0715,23982.051313,26528.684132,-157.902219,16293.2457,-66.387401
2025-05-22,111673.2812,1.8191,4.6199,0.012657,3.6383,5.4574,3.6176,5.4188,24418.319568,27493.874522,-166.519629,16882.662071,-69.984769
2025-05-23,107287.7969,-3.9271,4.6174,0.01265,-7.8541,-11.7812,-7.8749,-11.8199,23459.395842,25334.468874,-146.901618,15553.175016,-61.712659
2025-05-24,107791.1562,0.4692,4.6149,0.012644,0.9383,1.4075,0.9176,1.3688,23569.459682,25572.191016,-148.969261,15695.892346,-62.55741
2025-05-25,109035.3906,1.1543,4.6125,0.012637,2.3086,3.4629,2.2879,3.4243,23841.522186,26162.55112,-154.127922,16054.995979,-64.699538
2025-05-26,109440.3672,0.3714,4.61,0.01263,0.7428,1.1143,0.7221,1.0756,23930.073781,26356.895726,-155.845297,16170.932757,-65.395461
2025-05-27,108994.6406,-0.4073,4.6075,0.012623,-0.8146,-1.2218,-0.8353,-1.2605,23832.611849,26142.204039,-153.941126,16035.863163,-64.571183
2025-05-28,107802.3281,-1.0939,4.6051,0.012617,-2.1878,-3.2818,-2.2085,-3.3204,23571.902508,25570.255244,-148.889155,15681.705392,-62.427188
2025-05-29,105641.7578,-2.0042,4.6026,0.01261,-4.0084,-6.0126,-4.0291,-6.0512,23099.475301,24545.299006,-139.937062,15049.876194,-58.649608
2025-05-30,103998.5703,-1.5554,4.6001,0.012603,-3.1109,-4.6663,-3.1316,-4.7049,22740.178278,23781.727302,-133.407177,14578.581389,-55.890216
2025-05-31,104638.0938,0.6149,4.5977,0.012596,1.2299,1.8448,1.2092,1.8062,22880.015556,24074.211553,-135.868279,14754.864301,-56.899728
2025-06-01,105652.1016,0.9691,4.5952,0.01259,1.9381,2.9072,1.9175,2.8686,23101.73705,24540.799537,-139.818222,15037.781717,-58.531975
2025-06-02,105881.5312,0.2172,4.5927,0.012583,0.4343,0.6515,0.4136,0.6129,23151.903817,24647.383086,-140.729092,15099.98499,-58.890736
2025-06-03,105432.4688,-0.4241,4.5903,0.012576,-0.8482,-1.2724,-0.8689,-1.3109,23053.712455,24438.315172,-138.93852,14968.782121,-58.118751
2025-06-04,104731.9844,-0.6644,4.5878,0.012569,-1.3288,-1.9932,-1.3494,-2.0317,22900.545545,24113.582987,-136.169233,14766.788203,-56.937963
2025-06-05,101575.9531,-3.0134,4.5853,0.012563,-6.0269,-9.0403,-6.0475,-9.0788,22210.452277,22660.288239,-123.859115,13873.764229,-51.768677
2025-06-06,104390.3438,2.7707,4.5829,0.012556,5.5415,8.3122,5.5208,8.2737,22825.842896,23915.996914,-134.154503,14639.708748,-56.051859
2025-06-07,105615.625,1.1737,4.5804,0.012549,2.3475,3.5212,2.3269,3.4828,23093.761138,24477.424754,-138.878416,14980.355439,-58.004023
2025-06-08,105793.6484,0.1686,4.5779,0.012542,0.3371,0.5057,0.3165,0.4672,23132.687487,24559.942001,-139.580688,15027.766948,-58.275029
2025-06-09,110294.1016,4.254,4.5755,0.012536,8.508,12.762,8.4874,12.7235,24116.750115,26649.497836,-157.393941,16303.228506,-65.689672
2025-06-10,110257.2344,-0.0334,4.573,0.012529,-0.0669,-0.1003,-0.0875,-0.1387,24108.688789,26631.681978,-157.236108,16288.969131,-65.598556
2025-06-11,108686.625,-1.4245,4.5705,0.012522,-2.849,-4.2735,-2.8696,-4.3119,23765.261595,25872.94774,-150.516644,15821.541638,-62.770012
2025-06-12,105929.0547,-2.5372,4.5681,0.012515,-5.0744,-7.6115,-5.0949,-7.6499,23162.295224,24560.063609,-139.06003,15015.442274,-57.968152
2025-06-13,106090.9688,0.1529,4.5656,0.012509,0.3057,0.4586,0.2851,0.4202,23197.69912,24635.14442,-139.697696,15058.253118,-58.211715
2025-06-14,105472.4062,-0.583,4.5632,0.012502,-1.1661,-1.7491,-1.1867,-1.7875,23062.445131,24347.874416,-137.254177,14879.559495,-57.171169
2025-06-15,105552.0234,0.0755,4.5607,0.012495,0.151,0.2265,0.1304,0.1881,23079.854111,24384.633021,-137.565002,14898.961745,-57.278707
2025-06-16,106796.7578,1.1793,4.5582,0.012488,2.3585,3.5378,2.338,3.4994,23352.025945,24959.7502,-142.431755,15247.292399,-59.28314
2025-06-17,104601.1172,-2.0559,4.5558,0.012482,-4.1118,-6.1677,-4.1324,-6.206,22871.930314,23933.452348,-133.646967,14617.217085,-55.603998
2025-06-18,104883.3281,0.2698,4.5533,0.012475,0.5396,0.8094,0.519,0.7711,22933.638153,24062.595941,-134.728695,14693.08593,-56.032746
2025-06-19,104684.2891,-0.1898,4.5508,0.012468,-0.3795,-0.5693,-0.4001,-0.6076,22890.116557,23971.26786,-133.961663,14634.299781,-55.692279
2025-06-20,103309.6016,-1.3132,4.5484,0.012461,-2.6263,-3.9395,-2.6469,-3.9778,22589.529359,23341.698656,-128.684212,14246.945576,-53.476942
2025-06-21,102257.4062,-1.0185,4.5459,0.012454,-2.037,-3.0555,-2.0575,-3.0937,22359.45784,22866.234119,-124.752314,13953.813024,-51.822504
2025-06-22,100987.1406,-1.2422,4.5434,0.012448,-2.4844,-3.7267,-2.505,-3.7649,22081.70338,22298.13461,-120.103206,13604.273201,-49.87142
2025-06-23,105577.7734,4.5458,4.541,0.012441,9.0915,13.6373,9.071,13.599,23085.484569,24325.373875,-136.482016,14838.316329,-56.653448
2025-06-24,106045.6328,0.4431,4.5385,0.012434,0.8863,1.3294,0.8658,1.2912,23187.786029,24540.965734,-138.296443,14966.781638,-57.38495
2025-06-25,107361.2578,1.2406,4.536,0.012427,2.4812,3.7219,2.4607,3.6836,23475.458706,25149.886765,-143.443649,15335.074245,-59.498805
2025-06-26,106960.0,-0.3737,4.5336,0.012421,-0.7475,-1.1212,-0.768,-1.1594,23387.720248,24961.893652,-141.835307,15217.301826,-58.808947
2025-06-27,107088.4297,0.1201,4.5311,0.012414,0.2401,0.3602,0.2196,0.322,23415.802499,25021.838458,-142.346223,15250.726494,-58.998324
2025-06-28,107327.7031,0.2234,4.5286,0.012407,0.4469,0.6703,0.4264,0.6321,23468.121686,25133.653736,-143.300378,15315.752749,-59.371265
2025-06-29,108385.5703,0.9856,4.5262,0.0124,1.9713,2.9569,1.9508,2.9188,23699.433408,25629.109556,-147.537666,15614.532738,-61.104168
2025-06-30,107135.3359,-1.1535,4.5237,0.012394,-2.307,-3.4605,-2.3275,-3.4987,23426.058952,25037.842773,-142.432097,15251.106288,-58.966331
2025-07-01,105698.2812,-1.3413,4.5212,0.012387,-2.6827,-4.024,-2.7032,-4.0622,23111.834635,24366.154968,-136.700579,14838.844554,-56.571013
2025-07-02,108859.3203,2.9906,4.5188,0.01238,5.9812,8.9719,5.9608,8.9337,23803.022904,25823.555537,-148.965183,15723.356519,-61.624922
2025-07-03,109647.9766,0.7245,4.5163,0.012373,1.4489,2.1734,1.4285,2.1353,23975.469349,26197.724849,-152.20282,15947.963116,-62.9408
2025-07-04,108034.3359,-1.4717,4.5138,0.012367,-2.9433,-4.415,-2.9638,-4.4531,23622.633003,25426.644261,-145.483116,15475.303743,-60.138002
2025-07-05,108231.1797,0.1822,4.5114,0.01236,0.3644,0.5466,0.344,0.5085,23665.674575,25519.301396,-146.278348,15528.533758,-60.443819
2025-07-06,109232.0703,0.9248,4.5089,0.012353,1.8495,2.7743,1.8291,2.7362,23884.527885,25991.291623,-150.336567,15812.567219,-62.097705
2025-07-07,108299.8516,-0.8534,4.5064,0.012346,-1.7069,-2.5603,-1.7273,-2.5984,23680.690269,25547.656904,-146.487517,15539.438695,-60.484189
2025-07-08,108950.2734,0.6006,4.504,0.01234,1.2012,1.8017,1.1807,1.7637,23822.910584,25854.522605,-149.12682,15722.917235,-61.550934
2025-07-09,111326.5547,2.1811,4.5015,0.012333,4.3621,6.5432,4.3417,6.5052,24342.504835,26982.33285,-158.884499,16405.562912,-65.554929
2025-07-10,115987.2031,4.1865,4.499,0.012326,8.3729,12.5594,8.3525,12.5214,25361.59554,29241.545269,-178.839435,17775.841459,-73.763308
2025-07-11,117516.9922,1.3189,4.4966,0.012319,2.6379,3.9568,2.6175,3.9188,25696.097023,30012.895813,-185.915732,18241.116426,-76.653929
2025-07-12,117435.2266,-0.0696,4.4941,0.012313,-0.1392,-0.2087,-0.1596,-0.2467,25678.218269,29971.131245,-185.527664,18212.012683,-76.464802
2025-07-13,119116.1172,1.4313,4.4916,0.012306,2.8627,4.294,2.8423,4.256,26045.759403,30829.105381,-193.494227,18729.649158,-79.71916
2025-07-14,119849.7031,0.6159,4.4892,0.012299,1.2317,1.8476,1.2113,1.8096,26206.164252,31208.832302,-197.069175,18956.527833,-81.161762
2025-07-15,117777.1875,-1.7293,4.4867,0.012292,-3.4585,-5.1878,-3.4789,-5.2257,25752.990957,30129.467215,-186.845647,18297.04938,-76.920458
2025-07-16,118738.5078,0.8162,4.4842,0.012286,1.6324,2.4487,1.6121,2.4107,25963.191879,30621.312359,-191.420858,18592.010826,-78.774793
2025-07-17,119289.8438,0.4643,4.4818,0.012279,0.9287,1.393,0.9083,1.3551,26083.746204,30905.678909,-194.087319,18760.88106,-79.842236
2025-07-18,118003.2266,-1.0786,4.4793,0.012272,-2.1571,-3.2357,-2.1775,-3.2736,25802.416335,30239.00392,-187.807252,18352.366236,-77.228516
2025-07-19,117939.9766,-0.0536,4.4768,0.012265,-0.1072,-0.1608,-0.1275,-0.1987,25788.58618,30206.587569,-187.505257,18328.958162,-77.075062
2025-07-20,117300.7891,-0.542,4.4744,0.012259,-1.0839,-1.6259,-1.1043,-1.6638,25648.822358,29879.172323,-184.456646,18126.558665,-75.792712
2025-07-21,117439.5391,0.1183,4.4719,0.012252,0.2366,0.3549,0.2162,0.317,25679.161234,29949.857869,-185.111204,18165.755042,-76.032963
2025-07-22,119995.4141,2.1763,4.4695,0.012245,4.3527,6.529,4.3323,6.4911,26238.025197,31253.474924,-197.19711,18952.756947,-80.968367
2025-07-23,118754.9609,-1.0338,4.467,0.012238,-2.0675,-3.1013,-2.0878,-3.1391,25966.789495,30607.309052,-191.081532,18557.057232,-78.426691
2025-07-24,118368.0,-0.3258,4.4645,0.012232,-0.6517,-0.9775,-0.672,-1.0154,25882.177171,30407.842303,-189.213625,18432.351912,-77.630364
2025-07-25,117635.8828,-0.6185,4.4621,0.012225,-1.237,-1.8555,-1.2573,-1.8933,25722.093477,30031.691587,-185.702713,18200.597202,-76.160551
2025-07-26,117947.3672,0.2648,4.4596,0.012218,0.5296,0.7944,0.5093,0.7566,25790.202204,30190.731541,-187.177862,18293.28802,-76.736747
2025-07-27,119448.4922,1.2727,4.4571,0.012211,2.5454,3.8181,2.5251,3.7803,26118.436044,30959.210956,-194.324542,18755.215775,-79.637649
2025-07-28,117924.4766,-1.2759,4.4547,0.012205,-2.5518,-3.8276,-2.572,-3.8654,25785.196973,30169.208163,-186.886517,18272.824053,-76.559328
2025-07-29,117922.1484,-0.002,4.4522,0.012198,-0.0039,-0.0059,-0.0242,-0.0437,25784.687908,30168.016931,-186.875448,18268.396825,-76.525881
2025-07-30,117831.1875,-0.0771,4.4497,0.012191,-0.1543,-0.2314,-0.1745,-0.2692,25764.79852,30121.475868,-186.443001,18236.510054,-76.319903
2025-07-31,115758.2031,-1.7593,4.4473,0.012184,-3.5186,-5.2778,-3.5388,-5.3156,25311.522729,29061.631693,-176.602819,17591.150415,-72.263051
2025-08-01,113320.0859,-2.1062,4.4448,0.012178,-4.2124,-6.3186,-4.2327,-6.3564,24778.40752,27837.430525,-165.443911,16846.571434,-67.669743
2025-08-02,112526.9141,-0.6999,4.4423,0.012171,-1.3999,-2.0998,-1.4201,-2.1375,24604.973695,27447.740264,-161.96989,16607.32794,-66.223283
2025-08-03,114217.6719,1.5025,4.4399,0.012164,3.0051,4.5076,2.9848,4.4699,24974.672374,28272.564825,-169.27086,17103.027872,-69.183405
2025-08-04,115071.8828,0.7479,4.4374,0.012157,1.4958,2.2436,1.4755,2.206,25161.452913,28695.454448,-173.068688,17355.386508,-70.709559
2025-08-05,114141.4453,-0.8086,4.4349,0.01215,-1.6171,-2.4257,-1.6374,-2.4634,24958.004783,28231.408389,-168.87054,17071.213915,-68.967712
2025-08-06,115028.0,0.7767,4.4325,0.012144,1.5534,2.3301,1.5332,2.2925,25151.85756,28669.964031,-172.805472,17332.950748,-70.54879
2025-08-07,117496.8984,2.1463,4.43,0.012137,4.2927,6.439,4.2725,6.4014,25691.703353,29900.677065,-183.93248,18073.496226,-75.064896
2025-08-08,116688.7266,-0.6878,4.4275,0.01213,-1.3756,-2.0635,-1.3959,-2.1011,25514.989649,29489.348994,-180.137085,17821.215443,-73.487705
2025-08-09,116500.3594,-0.1614,4.4251,0.012123,-0.3229,-0.4843,-0.3431,-0.5219,25473.80155,29394.141413,-179.264715,17760.078017,-73.104174
2025-08-10,119306.7578,2.4089,4.4226,0.012117,4.8178,7.2268,4.7976,7.1892,26087.444609,30810.303096,-192.219736,18612.142201,-78.359744
2025-08-11,118731.4453,-0.4822,4.4201,0.01211,-0.9644,-1.4466,-0.9846,-1.4842,25961.647602,30513.160624,-189.439012,18428.883731,-77.196707
2025-08-12,120172.9062,1.2141,4.4177,0.012103,2.4281,3.6422,2.4079,3.6046,26276.835384,31254.051615,-196.338673,18872.63608,-79.979323
2025-08-13,123344.0625,2.6388,4.4152,0.012096,5.2777,7.9165,5.2575,7.8789,26970.235863,32903.53292,-211.881793,19864.860633,-86.28083
2025-08-14,118359.5781,-4.0411,4.4127,0.01209,-8.0822,-12.1234,-8.1024,-12.1609,25880.335656,30244.188929,-186.194586,18255.326902,-75.788291
2025-08-15,117398.3516,-0.8121,4.4103,0.012083,-1.6242,-2.4364,-1.6444,-2.4739,25670.155234,29752.948284,-181.658193,17955.133902,-73.913358
2025-08-16,117491.3516,0.0792,4.4078,0.012076,0.1584,0.2377,0.1383,0.2001,25690.490481,29800.087348,-182.089908,17979.961642,-74.061281
2025-08-17,117453.0625,-0.0326,4.4053,0.012069,-0.0652,-0.0978,-0.0853,-0.1353,25682.11825,29780.664345,-181.911885,17964.619468,-73.961095
2025-08-18,116252.3125,-1.0223,4.4029,0.012063,-2.0446,-3.067,-2.0648,-3.1045,25419.563976,29171.755017,-176.332703,17593.687546,-71.664998
2025-08-19,112831.1797,-2.9429,4.4004,0.012056,-5.8857,-8.8286,-5.9058,-8.866,24671.50398,27454.792212,-160.765074,16554.632347,-65.311154
2025-08-20,114274.7422,1.2794,4.3979,0.012049,2.5588,3.8382,2.5387,3.8007,24987.151287,28157.305623,-166.935561,16974.899721,-67.793456
2025-08-21,112419.0312,-1.6239,4.3955,0.012042,-3.2478,-4.8717,-3.2679,-4.9092,24581.384194,27242.810976,-158.802946,16420.171787,-64.465365
2025-08-22,116874.0859,3.9629,4.393,0.012036,7.9258,11.8887,7.9057,11.8513,25555.520064,29402.022124,-177.682556,17718.29864,-72.105324
2025-08-23,115374.3281,-1.2832,4.3905,0.012029,-2.5665,-3.8497,-2.5866,-3.8871,25227.585171,28647.433764,-170.842354,17260.003923,-69.302515
2025-08-24,113458.4297,-1.6606,4.3881,0.012022,-3.3212,-4.9818,-3.3413,-5.0192,24808.657566,27695.998996,-162.331363,16683.296955,-65.824087
2025-08-25,110124.3516,-2.9386,4.3856,0.012015,-5.8772,-8.8158,-5.8973,-8.8532,24079.632823,26068.255254,-148.020603,15699.436607,-59.996568
2025-08-26,111802.6562,1.524,4.3832,0.012009,3.048,4.572,3.0279,4.5346,24446.60852,26862.820205,-154.788144,16174.804018,-62.717196
2025-08-27,111222.0625,-0.5193,4.3807,0.012002,-1.0386,-1.5579,-1.0587,-1.5953,24319.656723,26583.821726,-152.376689,16003.563205,-61.716681
2025-08-28,112544.8047,1.1893,4.3782,0.011995,2.3786,3.5678,2.3585,3.5305,24608.885633,27216.134088,-157.813247,16381.0046,-63.895577
2025-08-29,108410.8359,-3.6732,4.3758,0.011988,-7.3464,-11.0195,-7.3664,-11.0569,23704.957954,25216.741079,-140.422972,15174.310583,-56.830723
2025-08-30,108808.0703,0.3664,4.3733,0.011982,0.7328,1.0992,0.7128,1.0619,23791.816652,25401.5373,-141.966568,15282.468167,-57.434216
2025-08-31,108236.7109,-0.5251,4.3708,0.011975,-1.0502,-1.5753,-1.0703,-1.6126,23666.884031,25134.766528,-139.730136,15118.904171,-56.508008
2025-09-01,109250.5938,0.9367,4.3684,0.011968,1.8735,2.8102,1.8534,2.7729,23888.578193,25605.654964,-143.656807,15399.118591,-58.074905
2025-09-02,111200.5859,1.7849,4.3659,0.011961,3.5698,5.3546,3.5497,5.3173,24314.960689,26519.715482,-151.349113,15945.743692,-61.16295
2025-09-03,111723.2109,0.47,4.3634,0.011955,0.94,1.41,0.9199,1.3727,24429.237122,26768.992339,-153.483063,16092.433578,-62.002517
2025-09-04,110723.6016,-0.8947,4.361,0.011948,-1.7894,-2.6842,-1.8095,-2.7214,24210.663969,26289.97754,-149.363334,15801.245971,-60.315166
2025-09-05,110650.9844,-0.0656,4.3585,0.011941,-0.1312,-0.1968,-0.1512,-0.234,24194.785599,26255.493398,-149.069458,15777.355804,-60.174025
2025-09-06,110224.6953,-0.3853,4.356,0.011934,-0.7705,-1.1558,-0.7905,-1.193,24101.573844,26053.191905,-147.346563,15652.631448,-59.456146
2025-09-07,111167.6172,0.8555,4.3536,0.011928,1.7109,2.5664,1.6909,2.5291,24307.751789,26498.938196,-151.12801,15917.301606,-60.959874
2025-09-08,112071.4297,0.813,4.3511,0.011921,1.626,2.4391,1.606,2.4018,24505.378135,26929.820357,-154.814103,16172.938654,-62.424034
2025-09-09,111530.5469,-0.4826,4.3486,0.011914,-0.9652,-1.4479,-0.9852,-1.4851,24387.109474,26669.881191,-152.572597,16013.595939,-61.496994
2025-09-10,113955.3594,2.1741,4.3462,0.011907,4.3482,6.5224,4.3283,6.4852,24917.315499,27829.553821,-162.523949,16706.7058,-65.48519
2025-09-11,115507.5391,1.3621,4.3437,0.011901,2.7242,4.0863,2.7042,4.0491,25256.712884,28587.683467,-169.165139,17158.489586,-68.136759
2025-09-12,116101.5781,0.5143,4.3412,0.011894,1.0286,1.5429,1.0086,1.5057,25386.604614,28881.728355,-171.775116,17331.549417,-69.162695
2025-09-13,115950.5078,-0.1301,4.3388,0.011887,-0.2602,-0.3904,-0.2802,-0.4275,25353.571796,28806.567073,-171.10458,17282.985134,-68.867023
2025-09-14,115407.6562,-0.4682,4.3363,0.01188,-0.9364,-1.4045,-0.9563,-1.4417,25234.872651,28536.836647,-168.701372,17117.705711,-67.874198
2025-09-15,115444.875,0.0322,4.3338,0.011874,0.0645,0.0967,0.0445,0.0596,25243.01085,28555.242798,-168.86459,17125.330605,-67.914673
2025-09-16,116843.1875,1.2112,4.3314,0.011867,2.4225,3.6337,2.4025,3.5966,25548.763856,29246.986853,-175.000647,17536.771395,-70.3573
2025-09-17,116468.5078,-0.3207,4.3289,0.01186,-0.6413,-0.962,-0.6613,-0.9991,25466.836933,29059.414909,-173.317129,17420.804255,-69.654362
2025-09-18,117137.2031,0.5741,4.3264,0.011853,1.1483,1.7224,1.1283,1.6854,25613.052891,29393.099866,-176.302392,17617.371855,-70.828283
2025-09-19,115688.8594,-1.2365,4.324,0.011847,-2.4729,-3.7094,-2.4928,-3.7464,25296.360124,28666.237497,-169.762715,17178.200713,-68.174762
2025-09-20,115721.9609,0.0286,4.3215,0.01184,0.0572,0.0858,0.0373,0.0488,25303.598064,28682.641795,-169.908436,17184.608734,-68.208023
2025-09-21,115306.0938,-0.3594,4.319,0.011833,-0.7187,-1.0781,-0.7387,-1.1151,25212.665141,28476.489575,-168.076649,17057.67457,-67.447409
2025-09-22,112748.5078,-2.2181,4.3166,0.011826,-4.4362,-6.6543,-4.4561,-6.6913,24653.427067,27213.224696,-156.892405,16297.571578,-62.934318
2025-09-23,112014.5,-0.651,4.3141,0.011819,-1.302,-1.953,-1.3219,-1.99,24492.929971,26858.901257,-153.828234,16082.129363,-61.681894
2025-09-24,113328.6328,1.1732,4.3116,0.011813,2.3464,3.5195,2.3265,3.4825,24780.276367,27489.108301,-159.242284,16456.274804,-63.829996
2025-09-25,109049.2891,-3.776,4.3092,0.011806,-7.5521,-11.3281,-7.572,-11.3651,23844.561198,25413.104366,-141.203088,15210.208231,-56.575636
2025-09-26,109712.8281,0.6085,4.3067,0.011799,1.217,1.8254,1.1971,1.7885,23989.649699,25722.369793,-143.78065,15392.285248,-57.587469
2025-09-27,109681.9453,-0.0281,4.3042,0.011792,-0.0563,-0.0844,-0.0762,-0.1214,23982.896907,25707.888731,-143.659233,15380.560608,-57.517557
2025-09-28,112122.6406,2.2252,4.3018,0.011786,4.4505,6.6757,4.4306,6.6388,24516.575845,26852.017299,-153.249556,16062.016054,-61.336035
2025-09-29,114400.3828,2.0315,4.2993,0.011779,4.0629,6.0944,4.0431,6.0575,25014.623686,27943.000749,-162.58923,16711.417285,-65.051461
2025-09-30,114056.0859,-0.301,4.2968,0.011772,-0.6019,-0.9029,-0.6218,-0.9398,24939.340225,27774.807468,-161.121255,16607.510709,-64.440116
2025-10-01,118648.9297,4.0268,4.2944,0.011765,8.0537,12.0805,8.0338,12.0436,25943.604854,30011.695572,-180.585488,17941.726687,-72.201017
2025-10-02,120681.2578,1.7129,4.2919,0.011759,3.4258,5.1387,3.4059,5.1018,26387.990808,31039.831487,-189.865192,18552.811724,-75.88456
2025-10-03,122266.5312,1.3136,4.2895,0.011752,2.6272,3.9408,2.6074,3.9039,26734.624425,31855.312222,-197.34742,19036.552772,-78.847046
2025-10-04,122425.4297,0.13,4.287,0.011745,0.2599,0.3899,0.2401,0.353,26769.36893,31938.110994,-198.116842,19082.2584,-79.125393
2025-10-05,123513.4766,0.8887,4.2845,0.011738,1.7775,2.6662,1.7577,2.6294,27007.279699,32505.806152,-203.399088,19417.660477,-81.205901
2025-10-06,124752.5312,1.0032,4.2821,0.011732,2.0063,3.0095,1.9865,2.9727,27278.209621,33157.985536,-209.520427,19803.398809,-83.619899
2025-10-07,121451.3828,-2.6462,4.2796,0.011725,-5.2923,-7.9385,-5.3121,-7.9753,26556.385237,31403.160507,-192.887705,18751.418094,-76.950968
2025-10-08,123354.8672,1.5673,4.2771,0.011718,3.1346,4.7018,3.1148,4.665,26972.598401,32387.512005,-201.956982,19335.480053,-80.540759
2025-10-09,121705.5859,-1.337,4.2747,0.011711,-2.674,-4.0111,-2.6938,-4.0479,26611.968927,31521.455927,-193.856356,18814.61377,-77.280584
2025-10-10,113214.3672,-6.9769,4.2722,0.011705,-13.9537,-20.9306,-13.9735,-20.9673,24755.29121,27123.045196,-153.281142,16185.555396,-61.076905
2025-10-11,110807.8828,-2.1256,4.2697,0.011698,-4.2512,-6.3768,-4.271,-6.4136,24229.092786,25969.990401,-143.506711,15494.273612,-57.159698
2025-10-12,115169.7656,3.9364,4.2673,0.011691,7.8729,11.8093,7.8531,11.7726,25182.855828,28014.57517,-160.453867,16711.054607,-63.888857
2025-10-13,115271.0781,0.088,4.2648,0.011684,0.1759,0.2639,0.1562,0.2272,25205.008674,28063.862874,-160.877311,16737.152156,-64.03399
2025-10-14,113118.6641,-1.8673,4.2623,0.011678,-3.7345,-5.6018,-3.7543,-5.6385,24734.364902,27015.810681,-151.865304,16108.791666,-60.423425
2025-10-15,110783.1641,-2.0646,4.2599,0.011671,-4.1293,-6.1939,-4.149,-6.2306,24223.68782,25900.248959,-142.458861,15440.430635,-56.658653
2025-10-16,108186.0391,-2.3443,4.2574,0.011664,-4.6887,-7.033,-4.7084,-7.0697,23655.804191,24685.873388,-132.439735,14713.431856,-52.65306
2025-10-17,106467.7891,-1.5882,4.2549,0.011657,-3.1765,-4.7647,-3.1962,-4.8014,23280.09411,23901.733358,-126.129367,14243.159346,-50.124979
2025-10-18,107198.2656,0.6861,4.2525,0.011651,1.3722,2.0583,1.3525,2.0216,23439.819068,24229.71342,-128.725492,14435.793691,-51.138322
2025-10-19,108666.7109,1.3698,4.25,0.011644,2.7397,4.1095,2.72,4.0729,23760.907214,24893.5303,-134.015494,14828.440794,-53.221116
2025-10-20,110588.9297,1.7689,4.2475,0.011637,3.5378,5.3067,3.5181,5.2701,24181.21681,25774.219708,-141.127343,15350.120941,-56.025918
2025-10-21,108476.8906,-1.9098,4.2451,0.01163,-3.8196,-5.7294,-3.8393,-5.7661,23719.401377,24789.742166,-133.041549,14760.778583,-52.795429
2025-10-22,107688.5859,-0.7267,4.2426,0.011624,-1.4534,-2.1801,-1.4731,-2.2167,23547.031804,24429.446626,-130.141098,14543.335854,-51.625099
2025-10-23,110069.7266,2.2111,4.2401,0.011617,4.4223,6.6334,4.4026,6.5968,24067.688599,25509.782992,-138.773887,15183.616705,-55.030705
2025-10-24,111033.9219,0.876,4.2377,0.01161,1.752,2.628,1.7323,2.5914,24278.518164,25956.707209,-142.420806,15446.639399,-56.456753
2025-10-25,111641.7266,0.5474,4.2352,0.011603,1.0948,1.6422,1.0751,1.6056,24411.419865,26240.883577,-144.759659,15612.709851,-57.363244
2025-10-26,114472.4453,2.5355,4.2327,0.011597,5.0711,7.6066,5.0514,7.5701,25030.380769,27571.578891,-155.770969,16401.369946,-61.705671
2025-10-27,114119.3281,-0.3085,4.2303,0.01159,-0.6169,-0.9254,-0.6366,-0.962,24953.168671,27401.476848,-154.329433,16296.955704,-61.112081
2025-10-28,112956.1641,-1.0193,4.2278,0.011583,-2.0385,-3.0578,-2.0582,-3.0943,24698.832885,26842.896393,-149.610413,15961.536625,-59.221094
2025-10-29,110055.3047,-2.5681,4.2253,0.011576,-5.1363,-7.7044,-5.1559,-7.7409,24064.535133,25464.176279,-138.08385,15138.573308,-54.636844
2025-10-30,108305.5469,-1.5899,4.2229,0.01157,-3.1798,-4.7697,-3.1994,-4.8062,23681.935598,24654.471713,-131.497708,14654.225121,-52.0109
2025-10-31,109556.1641,1.1547,4.2204,0.011563,2.3094,3.4641,2.2898,3.4276,23955.393759,25223.848019,-136.052968,14989.774508,-53.793647
2025-11-01,110064.0156,0.4636,4.2179,0.011556,0.9271,1.3907,0.9075,1.3542,24066.439854,25457.700139,-137.945003,15125.802069,-54.522109
2025-11-02,110639.625,0.523,4.2155,0.011549,1.046,1.5689,1.0263,1.5325,24192.301774,25723.97592,-140.109265,15281.041556,-55.35764
2025-11-03,106547.5234,-3.6986,4.213,0.011543,-7.3972,-11.0958,-7.4168,-11.1322,23297.528714,23821.129231,-124.56308,14147.677803,-49.19511
2025-11-04,101590.5234,-4.6524,4.2105,0.011536,-9.3048,-13.9572,-9.3244,-13.9936,22213.638201,21604.628391,-107.177621,12828.493705,-42.310946
2025-11-05,103891.8359,2.2653,4.2081,0.011529,4.5306,6.7958,4.511,6.7594,22716.839893,22583.440187,-114.46125,13407.18117,-45.170921
2025-11-06,101301.2891,-2.4935,4.2056,0.011522,-4.987,-7.4805,-5.0066,-7.5169,22150.394627,21457.20231,-105.898963,12735.935625,-41.775456
2025-11-07,103372.4062,2.0445,4.2032,0.011515,4.089,6.1335,4.0694,6.0971,22603.262142,22334.592537,-112.394314,13254.215187,-44.322562
2025-11-08,102282.1172,-1.0547,4.2007,0.011509,-2.1094,-3.1642,-2.129,-3.2005,22364.861099,21863.457872,-108.83798,12972.028945,-42.903998
2025-11-09,104719.6406,2.3831,4.1982,0.011502,4.7663,7.1494,4.7467,7.113,22897.846479,22905.530376,-116.619256,13587.771041,-45.955776
2025-11-10,105996.5938,1.2194,4.1958,0.011495,2.4388,3.6582,2.4192,3.6218,23177.063218,23464.151251,-120.885427,13916.489943,-47.620223
2025-11-11,102997.4688,-2.8295,4.1933,0.011488,-5.6589,-8.4884,-5.6785,-8.5247,22521.278846,22136.336457,-110.624234,13126.244996,-43.560738
2025-11-12,101663.1875,-1.2955,4.1908,0.011482,-2.5909,-3.8864,-2.6105,-3.9227,22229.526821,21562.805883,-106.324988,12783.588971,-41.851987
2025-11-13,99697.4922,-1.9335,4.1884,0.011475,-3.8671,-5.8006,-3.8866,-5.8369,21799.710702,20728.956237,-100.157489,12286.73803,-39.409116
2025-11-14,94397.7891,-5.3158,4.1859,0.011468,-10.6316,-15.9474,-10.6511,-15.9837,20640.885215,18525.143248,-84.185022,10978.063069,-33.110098
2025-11-15,95549.1484,1.2197,4.1834,0.011461,2.4394,3.6591,2.4198,3.6228,20892.639805,18977.041488,-87.265408,11243.713995,-34.309602
2025-11-16,94177.0781,-1.436,4.181,0.011455,-2.872,-4.308,-2.8915,-4.3442,20592.624878,18432.026997,-83.506057,10918.601498,-32.819113
2025-11-17,92093.875,-2.212,4.1785,0.011448,-4.424,-6.636,-4.4435,-6.6723,20137.114669,17616.591712,-77.964579,10433.428724,-30.629329
2025-11-18,92948.875,0.9284,4.176,0.011441,1.8568,2.7852,1.8373,2.7489,20324.067743,17943.696765,-80.136049,10625.119778,-31.471313
2025-11-19,91465.9922,-1.5954,4.1736,0.011434,-3.1907,-4.7861,-3.2103,-4.8224,19999.822714,17371.158377,-76.300638,10284.025174,-29.953652
2025-11-20,86631.8984,-5.2851,4.1711,0.011428,-10.5703,-15.8554,-10.5898,-15.8916,18942.806705,15534.982851,-64.202882,9194.971216,-25.193536
2025-11-21,85090.6875,-1.779,4.1686,0.011421,-3.5581,-5.3371,-3.5776,-5.3733,18605.807731,14982.237594,-60.776308,8866.014582,-23.839808
2025-11-22,84648.3594,-0.5198,4.1662,0.011414,-1.0397,-1.5595,-1.0592,-1.5957,18509.088898,14826.472839,-59.828505,8772.109375,-23.459398
2025-11-23,86805.0078,2.5478,4.1637,0.011407,5.0955,7.6433,5.0761,7.6071,18980.658553,15581.96272,-64.40139,9217.386677,-25.243987
2025-11-24,88270.5625,1.6883,4.1612,0.011401,3.3767,5.065,3.3572,5.0288,19301.11464,16108.112514,-67.663313,9526.830614,-26.513461
2025-11-25,87341.8906,-1.0521,4.1588,0.011394,-2.1041,-3.1562,-2.1236,-3.1924,19098.052579,15769.173901,-65.527708,9324.516495,-25.66705
2025-11-26,90518.3672,3.6368,4.1563,0.011387,7.2737,10.9105,7.2542,10.8743,19792.61639,16916.170169,-72.677103,10000.934804,-28.458174
2025-11-27,91285.375,0.8474,4.1538,0.01138,1.6947,2.5421,1.6752,2.5059,19960.329218,17202.848665,-74.524593,10168.474303,-29.171314
2025-11-28,90919.2656,-0.4011,4.1514,0.011374,-0.8021,-1.2032,-0.8216,-1.2393,19880.276267,17064.861081,-73.627927,10084.932522,-28.809794
2025-11-29,90851.7578,-0.0743,4.1489,0.011367,-0.1485,-0.2228,-0.1679,-0.2589,19865.515106,17039.519665,-73.46392,10067.994916,-28.735219
2025-11-30,90394.3125,-0.5035,4.1464,0.01136,-1.007,-1.5105,-1.0265,-1.5466,19765.49077,16867.929185,-72.354231,9964.65127,-28.290796
2025-12-01,86321.5703,-4.5055,4.144,0.011353,-9.0111,-13.5166,-9.0305,-13.5527,18874.950802,15347.950219,-62.574408,9064.794032,-24.45664
2025-12-02,91350.2031,5.8255,4.1415,0.011347,11.6509,17.4764,11.6315,17.4403,19974.504443,17136.129136,-73.510159,10119.165648,-28.721959
2025-12-03,93527.8047,2.3838,4.139,0.01134,4.7676,7.1514,4.7482,7.1153,20450.655679,17953.109511,-78.767153,10599.640628,-30.765622
2025-12-04,92141.625,-1.4821,4.1366,0.011333,-2.9642,-4.4463,-2.9836,-4.4823,20147.555616,17420.941867,-75.264919,10283.387203,-29.3866
2025-12-05,89387.7578,-2.9887,4.1341,0.011326,-5.9775,-8.9662,-5.9969,-9.0022,19545.398965,16379.610977,-68.516516,9666.705368,-26.741153
2025-12-06,89272.375,-0.1291,4.1316,0.01132,-0.2582,-0.3872,-0.2776,-0.4233,19520.169524,16337.324972,-68.251191,9639.874054,-26.62797
2025-12-07,90405.6406,1.2694,4.1292,0.011313,2.5389,3.8083,2.5195,3.7723,19767.967761,16752.112386,-70.850429,9882.750613,-27.63247
2025-12-08,90640.2031,0.2595,4.1267,0.011306,0.5189,0.7784,0.4995,0.7424,19819.256861,16839.040975,-71.401905,9932.117221,-27.837609
2025-12-09,92691.7109,2.2634,4.1242,0.011299,4.5267,6.7901,4.5073,6.7541,20267.836618,17601.294874,-76.250137,10379.789986,-29.717786
2025-12-10,92020.9453,-0.7237,4.1218,0.011293,-1.4473,-2.171,-1.4667,-2.2069,20121.167968,17346.550551,-74.594779,10227.551767,-29.061941
2025-12-11,92511.3359,0.5329,4.1193,0.011286,1.0658,1.5987,1.0465,1.5628,20228.396079,17531.434237,-75.787353,10334.57859,-29.516119
2025-12-12,90270.4141,-2.4223,4.1168,0.011279,-4.8446,-7.267,-4.864,-7.3029,19738.399315,16682.098875,-70.279913,9831.904274,-27.360589
2025-12-13,90298.7109,0.0313,4.1144,0.011272,0.0627,0.094,0.0433,0.0581,19744.586669,16692.557479,-70.346005,9836.165332,-27.376492
2025-12-14,88175.1797,-2.3517,4.1119,0.011266,-4.7033,-7.055,-4.7227,-7.0909,19280.258371,15907.448432,-65.383079,9371.633186,-25.435247
2025-12-15,86419.7812,-1.9908,4.1095,0.011259,-3.9816,-5.9724,-4.001,-6.0083,18896.425465,15274.074954,-61.478124,8996.678195,-23.907018
2025-12-16,87843.9844,1.648,4.107,0.011252,3.296,4.944,3.2767,4.9081,19207.839678,15777.510278,-64.517614,9291.47034,-25.080409
2025-12-17,86143.7578,-1.9355,4.1045,0.011245,-3.871,-5.8065,-3.8903,-5.8424,18836.070576,15166.760612,-60.771385,8930.000397,-23.615115
2025-12-18,85462.5078,-0.7908,4.1021,0.011239,-1.5817,-2.3725,-1.601,-2.4083,18687.109428,14926.874265,-59.329591,8787.032956,-23.046384
2025-12-19,88103.3828,3.0901,4.0996,0.011232,6.1802,9.2703,6.1609,9.2345,19264.559369,15849.384266,-64.829618,9328.391642,-25.174594
2025-12-20,88344.0,0.2731,4.0971,0.011225,0.5462,0.8193,0.5269,0.7835,19317.172378,15935.956067,-65.360782,9377.543717,-25.371837
2025-12-21,88621.75,0.3144,4.0947,0.011218,0.6288,0.9432,0.6095,0.9074,19377.904795,16036.160083,-65.977257,9434.699055,-25.602057
2025-12-22,88490.0156,-0.1486,4.0922,0.011211,-0.2973,-0.4459,-0.3166,-0.4817,19349.099945,15988.485251,-65.683036,9404.82979,-25.478722
2025-12-23,87414.0,-1.216,4.0897,0.011205,-2.4319,-3.6479,-2.4512,-3.6837,19113.819911,15599.653589,-63.28697,9174.295309,-24.540162
2025-12-24,87611.9609,0.2265,4.0873,0.011198,0.4529,0.6794,0.4336,0.6436,19157.105766,15670.308679,-63.716936,9214.079378,-24.698109
2025-12-25,87234.7422,-0.4306,4.0848,0.011191,-0.8611,-1.2917,-0.8804,-1.3274,19074.623655,15535.369701,-62.893924,9132.959927,-24.370261
2025-12-26,87301.4297,0.0764,4.0823,0.011184,0.1529,0.2293,0.1336,0.1936,19089.205448,15559.122049,-63.038164,9145.163882,-24.417442
2025-12-27,87802.1562,0.5736,4.0799,0.011178,1.1471,1.7207,1.1279,1.685,19198.6936,15737.604021,-64.12285,9248.308638,-24.828865
2025-12-28,87835.8359,0.0384,4.0774,0.011171,0.0767,0.1151,0.0575,0.0794,19206.057953,15749.677474,-64.19664,9253.623093,-24.84857
2025-12-29,87138.1406,-0.7943,4.0749,0.011164,-1.5886,-2.383,-1.6079,-2.4187,19053.500896,15499.472622,-62.666865,9104.835831,-24.24757
2025-12-30,88430.1328,1.4827,4.0725,0.011157,2.9654,4.4481,2.9461,4.4124,19336.006055,15959.092197,-65.454339,9373.077846,-25.317469
2025-12-31,87508.8281,-1.0418,4.07,0.011151,-2.0837,-3.1255,-2.1029,-3.1612,19134.554893,15626.554271,-63.408541,9175.969297,-24.517132
2026-01-01,88731.9844,1.3978,4.0672,0.011143,2.7955,4.1933,2.7763,4.1576,19402.008485,16063.395169,-66.067423,9430.719745,-25.536456
2026-01-02,89944.6953,1.3667,4.0645,0.011136,2.7334,4.1001,2.7142,4.0645,19667.17812,16502.475962,-68.776278,9686.688983,-26.574385
2026-01-03,90603.1875,0.7321,4.0617,0.011128,1.4642,2.1963,1.445,2.1607,19811.163078,16744.10781,-70.286827,9826.662172,-27.148577
2026-01-04,91413.4922,0.8943,4.059,0.01112,1.7887,2.683,1.7695,2.6474,19988.343139,17043.607848,-72.172647,10000.54363,-27.867314
2026-01-05,93882.5547,2.701,4.0562,0.011113,5.402,8.1029,5.3828,8.0674,20528.224805,17964.297606,-78.020758,10538.849896,-30.115469
2026-01-06,93729.0312,-0.1635,4.0535,0.011105,-0.3271,-0.4906,-0.3462,-0.5262,20494.65559,17905.544609,-77.638003,10502.359992,-29.957012
2026-01-07,91308.0547,-2.583,4.0507,0.011098,-5.1659,-7.7489,-5.1851,-7.7844,19965.288326,16980.561106,-71.621944,9957.803652,-27.625032
2026-01-08,91027.125,-0.3077,4.0479,0.01109,-0.6153,-0.923,-0.6345,-0.9586,19903.860644,16876.072105,-70.960862,9894.619668,-27.360227
2026-01-09,90513.1016,-0.5647,4.0452,0.011083,-1.1294,-1.6941,-1.1486,-1.7296,19791.465016,16685.476245,-69.758729,9780.975003,-26.887001
2026-01-10,90386.6484,-0.1397,4.0424,0.011075,-0.2794,-0.4191,-0.2986,-0.4546,19763.814957,16638.854693,-69.466356,9751.771816,-26.764762
2026-01-11,90827.4609,0.4877,4.0397,0.011068,0.9754,1.4631,0.9562,1.4276,19860.202386,16801.148909,-70.482711,9845.022466,-27.146851
2026-01-12,91192.9922,0.4024,4.0369,0.01106,0.8049,1.2073,0.7857,1.1718,19940.128925,16936.379926,-71.333675,9922.379654,-27.464971
2026-01-13,95321.7812,4.5275,4.0342,0.011053,9.0551,13.5826,9.0359,13.5471,20842.924022,18469.978913,-81.022633,10818.958246,-31.185681
2026-01-14,96929.3281,1.6864,4.0314,0.011045,3.3729,5.0593,3.3538,5.0239,21194.427917,19092.950001,-85.121833,11181.799872,-32.752408
2026-01-15,95551.1875,-1.4218,4.0287,0.011037,-2.8436,-4.2654,-2.8627,-4.3008,20893.085664,18550.023096,-81.491048,10861.696425,-31.343779
2026-01-16,95525.1172,-0.0273,4.0259,0.01103,-0.0546,-0.0819,-0.0737,-0.1173,20887.385166,18539.90067,-81.424345,10853.693493,-31.307018
2026-01-17,95099.9219,-0.4451,4.0231,0.011022,-0.8902,-1.3353,-0.9093,-1.3708,20794.412569,18374.853422,-80.337053,10754.997413,-30.877875
2026-01-18,93634.4297,-1.541,4.0204,0.011015,-3.082,-4.623,-3.1011,-4.6584,20473.970148,17808.539516,-76.623065,10421.473976,-29.439458
2026-01-19,92553.5938,-1.1543,4.0176,0.011007,-2.3086,-3.4629,-2.3277,-3.4983,20237.636112,17397.406355,-73.969651,10178.891378,-28.409569
2026-01-20,88310.9062,-4.584,4.0149,0.011,-9.1681,-13.7521,-9.1871,-13.7875,19309.936146,15802.400576,-63.797271,9243.74153,-24.492609
2026-01-21,89376.9609,1.2072,4.0121,0.010992,2.4143,3.6215,2.3952,3.5861,19543.038136,16183.921362,-66.107678,9465.15201,-25.370945
2026-01-22,89462.4531,0.0957,4.0094,0.010985,0.1913,0.287,0.1722,0.2516,19561.731735,16214.882335,-66.297381,9481.454812,-25.434784
2026-01-23,89503.875,0.0463,4.0066,0.010977,0.0926,0.1389,0.0735,0.1036,19570.788983,16229.897592,-66.38947,9488.427712,-25.461129
2026-01-24,89110.7344,-0.4392,4.0038,0.010969,-0.8785,-1.3177,-0.8975,-1.353,19484.825417,16087.319807,-65.514634,9403.265265,-25.116629
2026-01-25,86572.2188,-2.8487,4.0011,0.010962,-5.6974,-8.5462,-5.7165,-8.5815,18929.75723,15170.754301,-59.915648,8865.729037,-22.961257
2026-01-26,88267.1406,1.9578,3.9983,0.010954,3.9156,5.8734,3.8966,5.8382,19300.366417,15764.784203,-63.434756,9211.190045,-24.301772
2026-01-27,89102.5703,0.9465,3.9956,0.010947,1.893,2.8394,1.8739,2.8042,19483.040275,16063.204853,-65.235945,9383.801153,-24.983236
2026-01-28,89184.5703,0.092,3.9928,0.010939,0.1841,0.2761,0.165,0.2408,19500.970277,16092.770393,-65.416053,9399.287814,-25.043405
2026-01-29,84561.5859,-5.1836,3.9901,0.010932,-10.3672,-15.5508,-10.3862,-15.5861,18490.115142,14424.396014,-55.243305,8423.054941,-21.140121
2026-01-30,84128.6562,-0.512,3.9873,0.010924,-1.0239,-1.5359,-1.0429,-1.5711,18395.451357,14276.698943,-54.394818,8335.207052,-20.807982
2026-01-31,78621.1172,-6.5466,3.9846,0.010917,-13.0931,-19.6397,-13.1121,-19.6749,17191.180762,12407.431547,-43.711838,7242.283594,-16.714032
2026-02-01,76974.4453,-2.0944,3.9818,0.010909,-4.1889,-6.2833,-4.2079,-6.3185,16831.121851,11887.699208,-40.965284,6937.537674,-15.657954
2026-02-02,78688.7656,2.2271,3.979,0.010901,4.4543,6.6814,4.4353,6.6462,17205.972673,12417.208037,-43.702333,7245.236523,-16.698616
2026-02-03,75633.5469,-3.8827,3.9763,0.010894,-7.7653,-11.648,-7.7843,-11.6831,16537.922921,11452.971618,-38.611891,6681.245577,-14.747692
2026-02-04,73019.7031,-3.4559,3.9735,0.010886,-6.9119,-10.3678,-6.9308,-10.4029,15966.383594,10661.357856,-34.60869,6218.179668,-13.213499
2026-02-05,62702.0977,-14.1299,3.9708,0.010879,-28.2598,-42.3897,-28.2787,-42.4248,13710.350775,7648.481073,-19.938178,4459.756448,-7.607698
2026-02-06,70555.3906,12.5248,3.968,0.010871,25.0495,37.5743,25.0306,37.5392,15427.540556,9564.390265,-27.42981,5576.059567,-10.463567
2026-02-07,69281.9688,-1.8049,3.9653,0.010864,-3.6097,-5.4146,-3.6287,-5.4497,15149.095955,9219.143681,-25.944606,5373.723651,-9.893338
2026-02-08,70264.7266,1.4185,3.9625,0.010856,2.837,4.2555,2.818,4.2204,15363.984369,9480.688948,-27.048671,5525.157423,-10.310875
2026-02-09,70120.7812,-0.2049,3.9597,0.010849,-0.4097,-0.6146,-0.4287,-0.6497,15332.509493,9441.844401,-26.882434,5501.473635,-10.24389
2026-02-10,68793.9609,-1.8922,3.957,0.010841,-3.7844,-5.6766,-3.8033,-5.7116,15042.388866,9084.528617,-25.356432,5292.235611,-9.658797
2026-02-11,66991.9688,-2.6194,3.9542,0.010834,-5.2388,-7.8582,-5.2577,-7.8933,14648.367838,8608.607494,-23.363869,5013.98442,-8.896404
2026-02-12,66221.8438,-1.1496,3.9515,0.010826,-2.2992,-3.4487,-2.3181,-3.4838,14479.97341,8410.682161,-22.558111,4897.757035,-8.586475
2026-02-13,68857.8438,3.9806,3.9487,0.010818,7.9611,11.9417,7.9422,11.9067,15056.35739,9080.266604,-25.251928,5286.747611,-9.608838
2026-02-14,69767.625,1.3212,3.946,0.010811,2.6425,3.9637,2.6236,3.9287,15255.288854,9320.211855,-26.252848,5425.450627,-9.986345
2026-02-15,68788.1875,-1.4039,3.9432,0.010803,-2.8077,-4.2116,-2.8266,-4.2465,15041.126455,9058.527012,-25.147191,5272.094896,-9.56227
2026-02-16,68843.1562,0.0799,3.9404,0.010796,0.1598,0.2397,0.1409,0.2048,15053.145843,9073.004379,-25.207477,5279.525512,-9.581851
2026-02-17,67494.2188,-1.9594,3.9377,0.010788,-3.9189,-5.8783,-3.9377,-5.9133,14758.189103,8717.444973,-23.725704,5071.631411,-9.015252
2026-02-18,66425.3203,-1.5837,3.9349,0.010781,-3.1674,-4.7511,-3.1862,-4.786,14524.465303,8441.33056,-22.59848,4910.037032,-8.583782
2026-02-19,66957.5234,0.8012,3.9322,0.010773,1.6024,2.4036,1.5836,2.3687,14640.836075,8576.59532,-23.14166,4987.790175,-8.787106
2026-02-20,68005.4219,1.565,3.9294,0.010766,3.13,4.6951,3.1112,4.6602,14869.968045,8845.046134,-24.228175,5142.969888,-9.196599
2026-02-21,68003.7656,-0.0024,3.9267,0.010758,-0.0049,-0.0073,-0.0237,-0.0422,14869.605892,8844.615297,-24.226405,5141.750433,-9.192719
2026-02-22,67659.3906,-0.5064,3.9239,0.01075,-1.0128,-1.5192,-1.0316,-1.5541,14794.305348,8755.036011,-23.858353,5088.705863,-9.049856
2026-02-23,64616.7383,-4.497,3.9212,0.010743,-8.994,-13.491,-9.0129,-13.5259,14129.003349,7967.605602,-20.639613,4630.068269,-7.825782
2026-02-24,64080.043,-0.8306,3.9184,0.010735,-1.6612,-2.4917,-1.68,-2.5266,14011.650322,7835.250528,-20.125325,4552.283932,-7.628056
2026-02-25,67960.125,6.0551,3.9156,0.010728,12.1101,18.1652,12.0913,18.1303,14860.063496,8784.108031,-23.781124,5102.714266,-9.011049
2026-02-26,67453.7734,-0.7451,3.9129,0.01072,-1.4901,-2.2352,-1.5089,-2.27,14749.345389,8653.21225,-23.249565,5025.717087,-8.806496
2026-02-27,65881.7969,-2.3305,3.9101,0.010713,-4.6609,-6.9914,-4.6797,-7.0261,14405.619248,8249.894654,-21.624106,4790.528847,-8.187739
2026-02-28,66995.8594,1.691,3.9074,0.010705,3.382,5.073,3.3632,5.0382,14649.218557,8528.906421,-22.721099,4951.644712,-8.600255
2026-03-01,65738.1016,-1.8774,3.9046,0.010698,-3.7547,-5.6321,-3.7735,-5.6669,14374.199037,8208.668759,-21.441424,4764.793768,-8.112891
2026-03-02,68775.8516,4.621,3.9019,0.01069,9.242,13.863,9.2232,13.8282,15038.429096,8967.312009,-24.413841,5204.260438,-9.234759
2026-03-03,68293.6484,-0.7011,3.8991,0.010682,-1.4022,-2.1034,-1.421,-2.1381,14932.991252,8841.568285,-23.900328,5130.307371,-9.03731
2026-03-04,72710.5781,6.4676,3.8963,0.010675,12.9351,19.4027,12.9164,19.3679,15898.790765,9985.234975,-28.537629,5792.956037,-10.787651
2026-03-05,70841.125,-2.5711,3.8936,0.010667,-5.1422,-7.7133,-5.1609,-7.748,15490.018825,9471.77657,-26.336446,5493.98586,-9.951827
2026-03-06,68136.4922,-3.8179,3.8908,0.01066,-7.6358,-11.4537,-7.6545,-11.4883,14898.627692,8748.533462,-23.31996,5073.448033,-8.808527
2026-03-07,67272.5938,-1.2679,3.8881,0.010652,-2.5358,-3.8037,-2.5545,-3.8384,14709.728898,8526.689216,-22.432943,4943.845673,-8.470425
2026-03-08,65969.7812,-1.9366,3.8853,0.010645,-3.8732,-5.8099,-3.892,-5.8445,14424.857785,8196.430587,-21.129623,4751.43313,-7.97537
2026-03-09,68402.3828,3.6874,3.8826,0.010637,7.3749,11.0623,7.3562,11.0277,14956.766955,8800.908864,-23.467054,5100.956971,-8.85487
2026-03-10,69926.9219,2.2288,3.8798,0.01063,4.4576,6.6863,4.4388,6.6517,15290.12048,9193.214769,-25.036142,5327.380772,-9.44387
2026-03-11,70204.8828,0.3975,3.8771,0.010622,0.795,1.1925,0.7763,1.1579,15350.89902,9266.3012,-25.334699,5368.737219,-9.55322
2026-03-12,70493.4609,0.4111,3.8743,0.010615,0.8221,1.2332,0.8034,1.1986,15413.9991,9342.479714,-25.647115,5411.869977,-9.667721
2026-03-13,70968.2656,0.6735,3.8715,0.010607,1.3471,2.0206,1.3284,1.986,15517.819212,9468.331193,-26.165349,5483.761228,-9.859726
2026-03-14,71214.625,0.3471,3.8688,0.010599,0.6943,1.0414,0.6756,1.0069,15571.6878,9534.06796,-26.437841,5520.809453,-9.958999
2026-03-15,72789.9141,2.212,3.866,0.010592,4.4241,6.6361,4.4054,6.6015,15916.138247,9955.860899,-28.19228,5764.022447,-10.616446
2026-03-16,74861.0859,2.8454,3.8633,0.010584,5.6908,8.5362,5.6722,8.5017,16369.01772,10522.431126,-30.598838,6090.966709,-11.519024
2026-03-17,73922.4766,-1.2538,3.8605,0.010577,-2.5076,-3.7614,-2.5263,-3.7959,16163.78274,10258.57034,-29.447892,5937.092943,-11.08177
2026-03-18,71245.5781,-3.6212,3.8578,0.010569,-7.2424,-10.8637,-7.2611,-10.8982,15578.455965,9515.598724,-26.24877,5505.994727,-9.874059
2026-03-19,69912.7891,-1.8707,3.855,0.010562,-3.7414,-5.6121,-3.76,-5.6466,15287.03022,9159.582639,-24.775665,5298.967216,-9.316512
2026-03-20,70522.5859,0.8722,3.8522,0.010554,1.7445,2.6167,1.7258,2.5822,15420.36753,9319.366992,-25.423963,5390.417527,-9.557082
2026-03-21,68711.5234,-2.5681,3.8495,0.010547,-5.1361,-7.7042,-5.1547,-7.7386,15024.363201,8840.713072,-23.465255,5112.55502,-8.817494
2026-03-22,67845.2109,-1.2608,3.8467,0.010539,-2.5216,-3.7824,-2.5402,-3.8168,14834.936551,8617.786266,-22.577708,4982.68517,-8.480944
2026-03-23,70914.8594,4.5245,3.844,0.010531,9.049,13.5735,9.0304,13.539,15506.141478,9397.60768,-25.642285,5432.639698,-9.629182
2026-03-24,70517.8594,-0.5598,3.8412,0.010524,-1.1197,-1.6795,-1.1383,-1.7139,15419.334027,9292.38713,-25.211628,5370.802211,-9.464148
2026-03-25,71309.8828,1.1232,3.8385,0.010516,2.2463,3.3695,2.2277,3.3351,15592.516736,9501.122575,-26.061124,5490.447971,-9.779783
2026-03-26,68791.625,-3.5314,3.8357,0.010509,-7.0629,-10.5943,-7.0814,-10.6287,15041.878093,8830.071798,-23.300133,5101.64471,-8.740321
2026-03-27,66338.375,-3.5662,3.8329,0.010501,-7.1324,-10.6986,-7.151,-10.733,14505.453966,8200.274969,-20.807342,4736.826487,-7.802224
2026-03-28,66319.6953,-0.0282,3.8302,0.010494,-0.0563,-0.0845,-0.0749,-0.1188,14501.369492,8195.65687,-20.789765,4733.278971,-7.792952
2026-03-29,65954.9219,-0.55,3.8274,0.010486,-1.1,-1.6501,-1.1186,-1.6844,14421.608655,8105.500909,-20.44672,4680.331855,-7.661687
2026-03-30,66691.4453,1.1167,3.8247,0.010479,2.2334,3.3501,2.2149,3.3158,14582.655814,8286.530353,-21.13171,4783.994366,-7.915733
2026-03-31,68233.3125,2.3119,3.8219,0.010471,4.6239,6.9358,4.6053,6.9015,14919.798283,8669.689818,-22.597368,5004.313081,-8.462038
2026-04-01,68078.5547,-0.2268,3.8192,0.010463,-0.4536,-0.6804,-0.4722,-0.7147,14885.959161,8630.36292,-22.443611,4980.684751,-8.401559
2026-04-02,66888.5703,-1.748,3.8164,0.010456,-3.4959,-5.2439,-3.5145,-5.2782,14625.758884,8328.652725,-21.266697,4805.640895,-7.958111
2026-04-03,66931.1016,0.0636,3.8137,0.010448,0.1272,0.1908,0.1086,0.1565,14635.058706,8339.24431,-21.307264,4810.861739,-7.970565
2026-04-04,67290.5156,0.537,3.8109,0.010441,1.074,1.611,1.0555,1.5767,14713.64767,8428.806311,-21.650518,4861.638422,-8.096238
2026-04-05,68981.8984,2.5136,3.8081,0.010433,5.0271,7.5407,5.0086,7.5064,15083.48301,8852.531348,-23.28311,5105.13799,-8.703976
2026-04-06,68859.8281,-0.177,3.8054,0.010426,-0.3539,-0.5309,-0.3724,-0.5651,15056.791291,8821.200484,-23.159505,5086.125039,-8.65479
2026-04-07,71940.7031,4.4741,3.8026,0.010418,8.9483,13.4224,8.9298,13.3882,15730.451001,9610.543611,-26.268061,5540.303304,-9.813508
2026-04-08,71123.3594,-1.1361,3.7999,0.010411,-2.2723,-3.4084,-2.2908,-3.4426,15551.731789,9392.166047,-25.372739,5413.38806,-9.475669
2026-04-09,71767.8281,0.9061,3.7971,0.010403,1.8123,2.7184,1.7938,2.6842,15692.650402,9562.37616,-26.062467,5510.491843,-9.730015
2026-04-10,72979.0469,1.6877,3.7944,0.010396,3.3754,5.0631,3.3569,5.0289,15957.493757,9885.14277,-27.382028,5695.473715,-10.219329
2026-04-11,73054.2734,0.1031,3.7916,0.010388,0.2062,0.3092,0.1877,0.2751,15973.942689,9905.521915,-27.466704,5706.163504,-10.247442
2026-04-12,70753.4062,-3.1495,3.7888,0.01038,-6.2991,-9.4486,-6.3175,-9.4827,15470.838369,9281.566894,-24.871487,5345.675191,-9.275705
2026-04-13,74484.6406,5.2736,3.7861,0.010373,10.5472,15.8207,10.5287,15.7866,16286.704728,10260.50779,-28.806337,5908.50509,-10.740024
2026-04-14,74181.6094,-0.4068,3.7833,0.010365,-0.8137,-1.2205,-0.8321,-1.2546,16220.444349,10177.020659,-28.454752,5859.339122,-10.605279
2026-04-15,74805.0781,0.8405,3.7806,0.010358,1.6809,2.5214,1.6625,2.4873,16356.771132,10348.088782,-29.172207,5956.749782,-10.869064
2026-04-16,75152.1328,0.4639,3.7778,0.01035,0.9279,1.3918,0.9095,1.3578,16432.657612,10444.107737,-29.578236,6010.92394,-11.016641
2026-04-17,77126.875,2.6277,3.7751,0.010343,5.2553,7.883,5.2369,7.8489,16864.451908,10992.978924,-31.909882,6325.70967,-11.881328
2026-04-18,75726.2109,-1.8161,3.7723,0.010335,-3.6321,-5.4482,-3.6505,-5.4822,16558.184712,10593.702523,-30.171382,6094.788307,-11.229971
2026-04-19,73856.3516,-2.4692,3.7696,0.010328,-4.9385,-7.4077,-4.9569,-7.4417,16149.323942,10070.535347,-27.936374,5792.676777,-10.394266
2026-04-20,75872.5234,2.7299,3.7668,0.01032,5.4597,8.1896,5.4413,8.1556,16590.177194,10620.357527,-30.224242,6107.87424,-11.241976
2026-04-21,76352.7734,0.633,3.764,0.010312,1.2659,1.8989,1.2475,1.8649,16695.18797,10754.804794,-30.798173,6184.072693,-11.45163
2026-04-22,78203.1016,2.4234,3.7613,0.010305,4.8468,7.2702,4.8284,7.2362,17099.778065,11276.067268,-33.037255,6482.66445,-12.280292
2026-04-23,78268.9531,0.0842,3.7585,0.010297,0.1684,0.2526,0.15,0.2187,17114.177073,11295.057478,-33.120713,6492.390529,-12.307144
2026-04-24,77455.3125,-1.0395,3.7558,0.01029,-2.0791,-3.1186,-2.0975,-3.1526,16936.267581,11060.223172,-32.0878,6356.215167,-11.919151
2026-04-25,77612.0156,0.2023,3.753,0.010282,0.4046,0.6069,0.3863,0.573,16970.532061,11104.975985,-32.282554,6380.766941,-11.987448
2026-04-26,78657.5391,1.3471,3.7503,0.010275,2.6942,4.0413,2.6759,4.0074,17199.144717,11404.169674,-33.587204,6551.508225,-12.467837
2026-04-27,77366.625,-1.6412,3.7475,0.010267,-3.2824,-4.9235,-3.3007,-4.9575,16916.875299,11029.843115,-31.933522,6335.261605,-11.84975
2026-04-28,76350.6719,-1.3132,3.7447,0.01026,-2.6263,-3.9395,-2.6447,-3.9734,16694.728445,10740.162556,-30.6755,6167.714455,-11.378913
2026-04-29,75776.1328,-0.7525,3.742,0.010252,-1.505,-2.2575,-1.5233,-2.2914,16569.100558,10578.523037,-29.983,6073.759509,-11.118179
2026-04-30,76304.3203,0.697,3.7392,0.010244,1.3941,2.0911,1.3757,2.0573,16684.593279,10725.995425,-30.609978,6157.319065,-11.346908
2026-05-01,78179.0,2.4568,3.7365,0.010237,4.9137,7.3705,4.8954,7.3367,17094.508052,11253.037817,-32.866098,6458.7428,-12.179396
2026-05-02,78657.25,0.6117,3.7337,0.010229,1.2235,1.8352,1.2052,1.8014,17199.081511,11390.715847,-33.469261,6536.581165,-12.398794
2026-05-03,78538.2266,-0.1513,3.731,0.010222,-0.3026,-0.454,-0.3209,-0.4878,17173.056017,11356.243191,-33.317324,6515.602518,-12.338316
2026-05-04,79827.9062,1.6421,3.7282,0.010214,3.2842,4.9263,3.2659,4.8925,17455.055528,11729.205933,-34.95864,6728.396387,-12.94197
2026-05-05,80927.0547,1.3769,3.7254,0.010207,2.7538,4.1307,2.7355,4.0969,17695.39375,12052.204217,-36.402674,6912.452079,-13.472191
2026-05-06,81427.5312,0.6184,3.7227,0.010199,1.2369,1.8553,1.2186,1.8215,17804.827238,12201.272925,-37.078048,6996.685638,-13.717589
2026-05-07,80009.9922,-1.7409,3.7199,0.010192,-3.4817,-5.2226,-3.5,-5.2563,17494.870178,11776.458843,-35.141618,6751.802119,-12.996547
2026-05-08,80186.7656,0.2209,3.7172,0.010184,0.4419,0.6628,0.4236,0.6291,17533.523205,11828.496471,-35.374543,6780.403574,-13.078306
2026-05-09,80664.3672,0.5956,3.7144,0.010177,1.1912,1.7868,1.173,1.7531,17637.954878,11969.400231,-36.006627,6859.935282,-13.307583
2026-05-10,82138.9297,1.828,3.7117,0.010169,3.656,5.4841,3.6378,5.4504,17960.3806,12407.006806,-37.981255,7109.485538,-14.032894
2026-05-11,81728.2969,-0.4999,3.7089,0.010161,-0.9998,-1.4998,-1.0181,-1.5335,17870.592218,12282.955419,-37.411622,7037.104362,-13.817704
2026-05-12,80477.4922,-1.5304,3.7062,0.010154,-3.0609,-4.5913,-3.0791,-4.625,17597.093058,11906.988249,-35.693931,6820.423384,-13.178635
2026-05-13,79277.1172,-1.4916,3.7034,0.010146,-2.9831,-4.4747,-3.0014,-4.5084,17334.620782,11551.787046,-34.096736,6615.717877,-12.584494
2026-05-14,81051.25,2.2379,3.7006,0.010139,4.4758,6.7137,4.4576,6.68,17722.550119,12068.819077,-36.385876,6910.617097,-13.425141
2026-05-15,79065.6797,-2.4498,3.6979,0.010131,-4.8995,-7.3493,-4.9178,-7.3829,17288.388161,11477.50213,-33.711763,6570.769803,-12.43397
2026-05-16,78131.4375,-1.1816,3.6951,0.010124,-2.3632,-3.5448,-2.3814,-3.5784,17084.108104,11206.265185,-32.516746,6414.292756,-11.989029
2026-05-17,77429.3516,-0.8986,3.6924,0.010116,-1.7972,-2.6958,-1.8154,-2.7294,16930.590999,11004.867093,-31.640164,6297.848314,-11.661802
2026-05-18,76954.1719,-0.6137,3.6896,0.010109,-1.2274,-1.8411,-1.2456,-1.8747,16826.68889,10869.794561,-31.057642,6219.40359,-11.443182
2026-05-19,76750.9062,-0.2641,3.6869,0.010101,-0.5283,-0.7924,-0.5465,-0.826,16782.24312,10812.371928,-30.811536,6185.417021,-11.348662
2026-05-20,77457.7734,0.921,3.6841,0.010093,1.842,2.763,1.8238,2.7294,16936.805686,11011.533379,-31.662848,6298.226769,-11.658414
2026-05-21,77539.1719,0.1051,3.6813,0.010086,0.2102,0.3153,0.192,0.2817,16954.604151,11034.676869,-31.762669,6310.319801,-11.691258
2026-05-22,75488.2422,-2.645,3.6786,0.010078,-5.29,-7.9351,-5.3082,-7.9686,16506.150806,10450.937171,-29.242279,5975.354871,-10.759629
2026-05-23,76673.3672,1.5699,3.6758,0.010071,3.1399,4.7098,3.1217,4.6763,16765.28854,10779.085412,-30.619543,6161.889913,-11.262784
2026-05-24,76981.125,0.4014,3.6731,0.010063,0.8028,1.2042,0.7846,1.1707,16832.582422,10865.617355,-30.988253,6210.238005,-11.394634
2026-05-25,77279.9297,0.3882,3.6703,0.010056,0.7763,1.1645,0.7582,1.131,16897.918626,10949.967835,-31.349099,6257.322073,-11.523505
2026-05-26,75825.7344,-1.8817,3.6676,0.010048,-3.7634,-5.6452,-3.7816,-5.6786,16579.946364,10537.871396,-29.579388,6020.696486,-10.869127
2026-05-27,74344.7031,-1.9532,3.6648,0.010041,-3.9064,-5.8596,-3.9245,-5.8931,16256.106195,10126.219152,-27.84615,5784.412404,-10.228602
2026-05-28,73536.5547,-1.087,3.6621,0.010033,-2.1741,-3.2611,-2.1922,-3.2945,16079.397616,9906.069287,-26.938063,5657.608072,-9.891618
2026-05-29,73372.5234,-0.2231,3.6593,0.010025,-0.4461,-0.6692,-0.4642,-0.7026,16043.530778,9861.876166,-26.757798,5631.343797,-9.82212
2026-05-30,73754.8359,0.5211,3.6565,0.010018,1.0421,1.5632,1.024,1.5298,16127.126681,9964.648113,-27.176068,5689.009514,-9.972375
2026-05-31,73579.6875,-0.2375,3.6538,0.01001,-0.4749,-0.7124,-0.493,-0.7458,16088.828975,9917.321249,-26.98246,5660.960409,-9.898
2026-06-01,71319.7734,-3.0714,3.651,0.010003,-6.1428,-9.2141,-6.1609,-9.2475,15594.679406,9308.123398,-24.496256,5312.197065,-8.98268
2026-06-02,66703.6562,-6.4724,3.6483,0.009995,-12.9448,-19.4173,-12.9629,-19.4506,14585.32584,8103.201219,-19.739752,4623.58106,-7.235492
2026-06-03,64014.3672,-4.0317,3.6455,0.009988,-8.0634,-12.0951,-8.0815,-12.1284,13997.289749,7449.808238,-17.352212,4249.92806,-6.35794
2026-06-04,63801.5742,-0.3324,3.6428,0.00998,-0.6648,-0.9972,-0.6829,-1.0306,13950.760744,7400.279768,-17.179168,4220.905679,-6.292417
2026-06-05,62552.4492,-1.9578,3.62,0.009918,-3.9157,-5.8735,-3.9337,-5.9067,13677.628862,7110.510289,-16.170152,4054.86978,-5.920743
2026-06-06,60867.4141,-2.6938,3.6366,0.009963,-5.3876,-8.0814,-5.4056,-8.1147,13309.181495,6727.425059,-14.863379,3835.678254,-5.440293
2026-06-07,63239.5195,3.8972,3.6338,0.009956,7.7943,11.6915,7.7763,11.6582,13827.862676,7251.783192,-16.601132,4133.952043,-6.074535
2026-06-08,63090.5898,-0.2355,3.631,0.009948,-0.471,-0.7065,-0.489,-0.7398,13795.297924,7217.627151,-16.483845,4113.735686,-6.029598
2026-06-09,61643.7812,-2.2932,3.6283,0.00994,-4.5864,-6.8797,-4.6045,-6.9129,13478.940831,6886.594424,-15.34981,3924.319926,-5.612776
2026-06-10,61449.2891,-0.3155,3.6255,0.009933,-0.631,-0.9465,-0.649,-0.9798,13436.413448,6843.13866,-15.20452,3898.849725,-5.557784
2026-06-12,63373.6602,3.1316,3.623,0.009926,6.2633,9.3949,6.2453,9.3617,13857.193672,7271.743724,-16.632973,4142.34356,-6.078087
2026-06-13,64421.3242,1.6532,3.6254,0.009933,3.3063,4.9595,3.2883,4.9262,14086.274384,7512.169927,-17.457879,4278.555936,-6.377507
2026-06-15,65481.1094,1.6451,3.618,0.009912,3.2902,4.9353,3.2722,4.9021,14318.005487,7759.332999,-18.319469,4418.557743,-6.690136
2026-06-16,66300.0,1.2506,3.618,0.009912,2.5012,3.7517,2.4832,3.7185,14497.062931,7953.405608,-19.006765,4528.277431,-6.938911
2026-06-17,65764.0078,-0.8084,3.618,0.009912,-1.6169,-2.4253,-1.6349,-2.4585,14379.863648,7824.809431,-18.545793,4454.24626,-6.768318
2026-06-18,63895.1602,-2.8417,3.618,0.009912,-5.6835,-8.5252,-5.7015,-8.5584,13971.224102,7380.086636,-16.964719,4200.287796,-6.189056
2026-06-19,62701.7617,-1.8677,3.618,0.009912,-3.7355,-5.6032,-3.7535,-5.6364,13710.277301,7104.404279,-16.014146,4042.630667,-5.840214
2026-06-20,64239.6758,2.4527,3.6252,0.009932,4.9055,7.3582,4.8875,7.325,14046.555389,7452.910065,-17.192504,4240.213229,-6.26801
2026-06-22,64036.3711,-0.3165,3.658,0.010022,-0.633,-0.9494,-0.6511,-0.9828,14002.101077,7405.736367,-17.029273,4212.60686,-6.206405
2026-06-23,63585.1797,-0.7046,3.658,0.010022,-1.4092,-2.1138,-1.4273,-2.1472,13903.44421,7301.376779,-16.669315,4152.481315,-6.073143
2026-06-24,62685.1992,-1.4154,3.658,0.010022,-2.8308,-4.2462,-2.8489,-4.2796,13706.655769,7094.690359,-15.961506,4034.181646,-5.813237
2026-06-25,61456.1406,-1.9607,3.658,0.010022,-3.9214,-5.8821,-3.9395,-5.9155,13437.911583,6816.481463,-15.022642,3875.256198,-5.469357
2026-06-26,59774.0195,-2.7371,3.658,0.010022,-5.4742,-8.2113,-5.4923,-8.2447,13070.101402,6443.332516,-13.789084,3662.414706,-5.018423
2026-06-27,60208.0703,0.7262,3.663,0.010036,1.4523,2.1785,1.4342,2.145,13165.01033,6536.909416,-14.089474,3714.940622,-5.126069
2026-06-28,59925.8906,-0.4687,3.663,0.010036,-0.9373,-1.406,-0.9555,-1.4395,13103.309327,6475.635804,-13.891373,3679.445622,-5.052281
2026-06-29,59851.0898,-0.1248,3.663,0.010036,-0.2496,-0.3745,-0.2678,-0.4079,13086.953501,6459.469755,-13.839354,3669.593464,-5.031672
2026-06-30,59374.3281,-0.7966,3.663,0.010036,-1.5932,-2.3897,-1.6113,-2.4232,12982.705477,6356.560096,-13.50863,3610.466136,-4.909746
2026-07-01,59117.9492,-0.4318,3.663,0.010036,-0.8636,-1.2954,-0.8817,-1.3288,12926.646038,6301.664729,-13.333639,3578.631948,-4.844503
2026-07-02,60726.0,2.7201,3.7,0.010137,5.4401,8.1602,5.4219,8.1266,13278.260121,6644.484368,-14.421693,3772.662684,-5.238195
2026-07-03,61442.7383,1.1803,3.668,0.010049,2.3606,3.5408,2.3424,3.5074,13434.981086,6801.331725,-14.932343,3861.03479,-5.421918
2026-07-04,62631.8008,1.9352,3.663,0.010036,3.8705,5.8057,3.8524,5.7723,13694.979784,7064.575474,-15.799272,4009.775587,-5.734886
2026-07-05,62771.3203,0.2228,3.663,0.010036,0.4455,0.6683,0.4274,0.6348,13725.486921,7096.049777,-15.904856,4026.913573,-5.771294
2026-07-06,63183.1992,0.6562,3.668,0.010049,1.3123,1.9685,1.2942,1.935,13815.547775,7189.172346,-16.217939,4079.029248,-5.882969
2026-07-07,63038.7812,-0.2286,3.69,0.01011,-0.4571,-0.6857,-0.4753,-0.7193,13783.969553,7156.307738,-16.106731,4059.640311,-5.840653
2026-07-08,62748.7109,-0.4601,3.725,0.010205,-0.9203,-1.3804,-0.9386,-1.4142,13720.543205,7090.448848,-15.884388,4021.537374,-5.758053
2026-07-09,62330.8008,-0.666,3.723,0.0102,-1.332,-1.998,-1.3503,-2.0318,13629.163577,6996.003232,-15.567015,3967.234796,-5.641062
2026-07-10,64061.3008,2.7763,3.682,0.010088,5.5526,8.3289,5.5345,8.2954,14007.552223,7384.465543,-16.863584,4186.799902,-6.109011
2026-07-11,64059.1914,-0.0033,3.695,0.010123,-0.0066,-0.0099,-0.0248,-0.0435,14007.090986,7383.979236,-16.861918,4185.761951,-6.106354
2026-07-12,64081.8203,0.0353,3.695,0.010123,0.0707,0.106,0.0524,0.0724,14012.038992,7389.196018,-16.879787,4187.957154,-6.110772
2026-07-13,62826.7695,-1.9585,3.695,0.010123,-3.917,-5.8755,-3.9352,-5.9092,13737.61139,7099.759292,-15.888009,4023.151347,-5.749677
2026-07-14,62480.25,-0.5515,3.728,0.010214,-1.1031,-1.6546,-1.1214,-1.6884,13661.841933,7021.442197,-15.625119,3978.036091,-5.652597
2026-07-15,64765.1797,3.657,3.7,0.010137,7.3141,10.9711,7.2959,10.9375,14161.461384,7534.996535,-17.339371,4268.268316,-6.270849
2026-07-16,64559.5586,-0.3175,3.688,0.010104,-0.635,-0.9525,-0.6532,-0.986,14116.500568,7487.151247,-17.17422,4240.389671,-6.209016
