# ASSET=IR0001.TW,NAME=TAIEX TR,LEV2=2x TAIEX TR,LEV3=3x TAIEX TR
Date,Asset_Close,NDX_DailyReturn,RF_Annual_Pct,RF_Daily_Pct,NDX2L_DailyReturn,NDX3L_DailyReturn,NDX2L_Adj_DailyReturn,NDX3L_Adj_DailyReturn,NDX_Indexed,NDX2L,NDX3L,NDX2L_adj,NDX3L_adj
2003-01-03,4626.36,2.2418,1.6051,0.006369,4.4836,6.7254,4.4655,6.6933,102.241808,104.483615,106.725423,104.46554,106.693319
2003-01-06,4690.26,1.3812,1.6001,0.00635,2.7624,4.1436,2.7444,4.1116,103.653987,107.369903,111.147747,107.332465,111.080102
2003-01-07,4701.48,0.2392,1.5985,0.006343,0.4784,0.7177,0.4604,0.6856,103.901947,107.883602,111.945407,107.826612,111.841674
2003-01-08,4837.35,2.8899,1.5968,0.006337,5.7799,8.6698,5.7618,8.6378,106.904652,114.119147,121.650876,114.039408,121.502317
2003-01-09,4814.24,-0.4777,1.5952,0.00633,-0.9555,-1.4332,-0.9735,-1.4652,106.393925,113.028759,119.907348,112.929213,119.722006
2003-01-10,4851.31,0.77,1.5936,0.006324,1.54,2.31,1.522,2.278,107.213166,114.769418,122.677234,114.647979,122.449285
2003-01-13,4991.79,2.8957,1.5886,0.006304,5.7914,8.6871,5.7734,8.6552,110.317751,121.416204,133.334375,121.267082,133.047473
2003-01-14,4992.95,0.0232,1.587,0.006298,0.0465,0.0697,0.0285,0.0378,110.343387,121.472633,133.427328,121.30161,133.097704
2003-01-15,5018.23,0.5063,1.5853,0.006291,1.0126,1.5189,0.9946,1.487,110.902071,122.702699,135.454011,122.508112,135.076859
2003-01-16,4943.81,-1.483,1.5837,0.006285,-2.966,-4.449,-2.984,-4.4809,109.257401,119.063354,129.427691,118.852499,129.024183
2003-01-17,4908.3,-0.7183,1.5821,0.006278,-1.4365,-2.1548,-1.4545,-2.1867,108.472636,117.352957,126.638762,117.123756,126.202763
2003-01-20,4951.56,0.8814,1.5771,0.006258,1.7627,2.6441,1.7448,2.6122,109.428675,119.421571,129.987209,119.167288,129.499445
2003-01-21,4946.39,-0.1044,1.5755,0.006252,-0.2088,-0.3132,-0.2268,-0.3451,109.314419,119.172191,129.580044,118.897039,129.052538
2003-01-22,4993.8,0.9585,1.5738,0.006245,1.917,2.8754,1.899,2.8436,110.362172,121.456666,133.306028,121.154896,132.722243
2003-01-23,5079.34,1.7129,1.5722,0.006239,3.4258,5.1388,3.4079,5.1069,112.252592,125.617587,140.15632,125.283737,139.500274
2003-01-24,5057.86,-0.4229,1.5705,0.006232,-0.8458,-1.2687,-0.8637,-1.3005,111.777888,124.55514,138.378201,124.201639,137.686075
2003-01-27,4973.12,-1.6754,1.5656,0.006213,-3.3508,-5.0262,-3.3687,-5.058,109.905147,120.381516,131.422985,120.017605,130.721876
2003-01-28,5015.69,0.856,1.564,0.006206,1.712,2.568,1.6941,2.5362,110.845938,122.442452,134.797935,122.050812,134.037281
2003-02-06,4834.09,-3.6206,1.5492,0.006148,-7.2413,-10.8619,-7.2591,-10.8936,106.832607,113.576055,120.156298,113.190984,119.435829
2003-02-07,4735.87,-2.0318,1.5475,0.006141,-4.0636,-6.0955,-4.0815,-6.1271,104.661961,108.960734,112.832219,108.571109,112.117868
2003-02-10,4644.36,-1.9323,1.5426,0.006121,-3.8645,-5.7968,-3.8824,-5.8284,102.639605,104.749893,106.291535,104.35597,105.583156
2003-02-11,4619.47,-0.5359,1.541,0.006115,-1.0718,-1.6078,-1.0897,-1.6394,102.08954,103.627144,104.582626,103.218846,103.852277
2003-02-12,4625.36,0.1275,1.5393,0.006108,0.255,0.3825,0.2372,0.3509,102.219708,103.891401,104.982666,103.463673,104.216725
2003-02-13,4508.43,-2.528,1.5377,0.006102,-5.056,-7.5841,-5.0738,-7.6156,99.635574,98.638612,97.02072,98.214085,96.279968
2003-02-14,4494.46,-0.3099,1.536,0.006095,-0.6197,-0.9296,-0.6375,-0.9611,99.326839,98.027321,96.118823,97.587941,95.354575
2003-02-17,4705.58,4.6973,1.5311,0.006076,9.3947,14.092,9.3769,14.0605,103.992557,107.236671,109.663903,106.73866,108.761904
2003-02-18,4605.8,-2.1205,1.5295,0.006069,-4.2409,-6.3614,-4.2587,-6.3929,101.787435,102.688847,102.687761,102.192982,101.808878
2003-02-19,4551.32,-1.1829,1.5278,0.006063,-2.3657,-3.5486,-2.3835,-3.5801,100.583436,100.259523,99.043815,99.757231,98.16406
2003-02-20,4551.19,-0.0029,1.5262,0.006056,-0.0057,-0.0086,-0.0235,-0.04,100.580563,100.253796,99.035328,99.733813,98.124748
2003-02-21,4548.83,-0.0519,1.5245,0.00605,-0.1037,-0.1556,-0.1215,-0.187,100.528407,100.149824,98.881265,99.612671,97.941228
2003-02-24,4609.69,1.3379,1.5196,0.00603,2.6759,4.0138,2.6581,3.9824,101.873403,102.829686,102.85014,102.260492,101.841594
2003-02-25,4454.82,-3.3597,1.5179,0.006024,-6.7193,-10.079,-6.7371,-10.1104,98.450801,95.920226,92.483889,95.371147,91.545003
2003-02-26,4457.16,0.0525,1.5163,0.006017,0.1051,0.1576,0.0873,0.1262,98.502515,96.020995,92.629627,95.454436,91.660518
2003-02-27,4432.93,-0.5436,1.5147,0.006011,-1.0872,-1.6309,-1.105,-1.6622,97.967036,94.977017,91.118969,94.399707,90.136895
2003-03-03,4527.17,2.1259,1.5081,0.005984,4.2518,6.3777,4.2341,6.3464,100.049725,99.015264,96.930284,98.396708,95.857333
2003-03-04,4500.17,-0.5964,1.5064,0.005978,-1.1928,-1.7892,-1.2105,-1.8205,99.453029,97.834212,95.19601,97.205633,94.112233
2003-03-05,4418.58,-1.813,1.5048,0.005971,-3.6261,-5.4391,-3.6438,-5.4704,97.649903,94.28666,90.018178,93.66369,88.963884
2003-03-06,4397.91,-0.4678,1.5032,0.005965,-0.9356,-1.4034,-0.9533,-1.4347,97.1931,93.404519,88.75487,92.770826,87.687531
2003-03-07,4351.05,-1.0655,1.5015,0.005958,-2.131,-3.1965,-2.1487,-3.2278,96.157501,91.414057,85.917804,90.777481,84.857152
2003-03-10,4320.45,-0.7033,1.4966,0.005939,-1.4066,-2.1098,-1.4242,-2.1411,95.481246,90.128266,84.10508,89.484626,83.040294
2003-03-11,4260.9,-1.3783,1.4949,0.005932,-2.7567,-4.135,-2.7743,-4.1662,94.165201,87.643739,80.627346,87.002057,79.580657
2003-03-12,4328.61,1.5891,1.4933,0.005926,3.1782,4.7673,3.1606,4.7361,95.661581,90.429234,84.471096,89.751818,83.349665
2003-03-13,4379.45,1.1745,1.4916,0.005919,2.349,3.5235,2.3314,3.4923,96.785137,92.553436,87.447463,91.844289,86.26051
2003-03-14,4476.64,2.2192,1.49,0.005913,4.4385,6.6577,4.4208,6.6265,98.93302,96.661381,93.26944,95.904576,91.976558
2003-03-17,4358.45,-2.6401,1.4851,0.005893,-5.2803,-7.9204,-5.2979,-7.9516,96.32104,91.55737,85.882081,90.823648,84.66295
2003-03-18,4540.2,4.1701,1.4834,0.005887,8.3401,12.5102,8.3225,12.479,100.337686,99.193366,96.626085,98.382472,95.228076
2003-03-19,4515.55,-0.5429,1.4818,0.00588,-1.0859,-1.6288,-1.1034,-1.6599,99.792925,98.116269,95.052256,97.296879,93.647377
2003-03-20,4599.74,1.8644,1.4801,0.005874,3.7289,5.5933,3.7113,5.5622,101.65351,101.774919,100.368851,100.90787,98.856256
2003-03-21,4587.41,-0.2681,1.4785,0.005867,-0.5361,-0.8042,-0.5537,-0.8353,101.381019,101.229287,99.561709,100.349152,98.030535
2003-03-24,4571.16,-0.3542,1.4736,0.005847,-0.7085,-1.0627,-0.726,-1.0938,101.021897,100.512117,98.503675,99.620603,96.958324
2003-03-25,4499.3,-1.572,1.4719,0.005841,-3.1441,-4.7161,-3.1616,-4.7471,99.433802,97.351956,93.858154,96.470991,92.35558
2003-03-26,4496.53,-0.0616,1.4703,0.005834,-0.1231,-0.1847,-0.1407,-0.2157,99.372586,97.232086,93.684802,96.335284,92.156342
2003-03-27,4514.72,0.4045,1.4686,0.005828,0.8091,1.2136,0.7915,1.1826,99.774582,98.01876,94.821763,97.097811,93.246166
2003-03-28,4477.49,-0.8246,1.467,0.005821,-1.6493,-2.4739,-1.6668,-2.5049,98.951805,96.402164,92.47596,95.479385,90.910429
2003-03-31,4321.68,-3.4799,1.4621,0.005802,-6.9597,-10.4396,-6.9772,-10.4705,95.508429,89.69286,82.821882,88.817587,81.391631
2003-04-01,4338.07,0.3793,1.4604,0.005795,0.7585,1.1378,0.741,1.1068,95.870645,90.373182,83.76419,89.475725,82.292471
2003-04-02,4312.02,-0.6005,1.4588,0.005789,-1.201,-1.8015,-1.2185,-1.8324,95.294944,89.287804,82.255184,88.385472,80.784515
2003-04-03,4358.86,1.0863,1.4571,0.005782,2.1725,3.2588,2.155,3.2279,96.330101,91.22761,84.935714,90.290217,83.392132
2003-04-04,4499.65,3.23,1.4555,0.005776,6.4599,9.6899,6.4425,9.659,99.441537,97.120865,93.165916,96.107132,91.44698
2003-04-07,4576.31,1.7037,1.4505,0.005756,3.4074,5.1111,3.3899,5.0802,101.135711,100.430138,97.927686,99.365081,96.092658
2003-04-08,4552.93,-0.5109,1.4489,0.00575,-1.0218,-1.5327,-1.0392,-1.5635,100.619016,99.403959,96.426772,98.332439,94.590211
2003-04-09,4537.87,-0.3308,1.4473,0.005743,-0.6616,-0.9923,-0.679,-1.0232,100.286193,98.74635,95.469902,97.66476,93.622383
2003-04-10,4541.84,0.0875,1.4456,0.005737,0.175,0.2625,0.1575,0.2316,100.373929,98.919128,95.72047,97.818611,93.839231
2003-04-11,4530.88,-0.2413,1.444,0.00573,-0.4826,-0.7239,-0.5001,-0.7548,100.131715,98.441721,95.027515,97.329459,93.130969
2003-04-14,4460.29,-1.558,1.439,0.00571,-3.116,-4.6739,-3.1334,-4.7047,98.571687,95.374325,90.585999,94.279769,88.749425
2003-04-15,4488.07,0.6228,1.4374,0.005704,1.2457,1.8685,1.2282,1.8377,99.185621,96.562364,92.278588,95.437759,90.380387
2003-04-16,4609.81,2.7125,1.4358,0.005697,5.425,8.1376,5.4076,8.1068,101.876055,101.80092,99.787826,100.598694,97.707356
2003-04-17,4567.58,-0.9161,1.4341,0.005691,-1.8322,-2.7483,-1.8496,-2.779,100.942779,99.935744,97.045388,98.738044,94.992053
2003-04-18,4659.24,2.0068,1.4325,0.005684,4.0135,6.0203,3.9961,5.9895,102.96845,103.946669,102.887768,102.683728,100.681623
2003-04-21,4649.06,-0.2185,1.4275,0.005665,-0.437,-0.6555,-0.4544,-0.6862,102.743474,103.492442,102.213368,102.217182,99.990779
2003-04-22,4557.02,-1.9798,1.4259,0.005658,-3.9595,-5.9393,-3.9769,-5.9699,100.709405,99.394648,96.142645,98.152133,94.021383
2003-04-23,4565.86,0.194,1.4242,0.005652,0.388,0.582,0.3706,0.5513,100.904767,99.780272,96.702156,98.515899,94.539714
2003-04-24,4375.83,-4.162,1.4226,0.005645,-8.324,-12.4859,-8.3413,-12.5166,96.705135,91.47461,84.627995,90.298389,82.706571
2003-04-25,4234.4,-3.2321,1.421,0.005639,-6.4641,-9.6962,-6.4815,-9.7269,93.579555,85.561559,76.42228,84.445707,74.661819
2003-04-28,4140.34,-2.2213,1.416,0.005619,-4.4427,-6.664,-4.46,-6.6946,91.500844,81.760349,71.329507,80.679441,69.663514
2003-04-29,4201.17,1.4692,1.4144,0.005613,2.9384,4.4076,2.9211,4.377,92.845177,84.1628,74.473433,83.036158,72.712699
2003-04-30,4148.91,-1.2439,1.4127,0.005606,-2.4879,-3.7318,-2.5052,-3.7624,91.69024,82.068932,71.69422,80.955944,69.97696
2003-05-02,4188.67,0.9583,1.4095,0.005593,1.9166,2.875,1.8993,2.8444,92.568929,83.641905,73.755409,82.493579,71.967399
2003-05-05,4202.99,0.3419,1.4045,0.005573,0.6837,1.0256,0.6665,0.9951,92.885399,84.213806,74.511862,83.043374,72.683555
2003-05-06,4221.72,0.4456,1.4029,0.005567,0.8913,1.3369,0.874,1.3064,93.299329,84.964378,75.508015,83.76917,73.633098
2003-05-07,4277.2,1.3142,1.4012,0.00556,2.6283,3.9425,2.611,3.912,94.525428,87.197508,78.484895,85.956422,76.513612
2003-05-08,4192.52,-1.9798,1.3996,0.005554,-3.9596,-5.9394,-3.9769,-5.9699,92.654014,83.744835,73.823363,82.538055,71.945847
2003-05-09,4245.46,1.2627,1.3979,0.005547,2.5255,3.7882,2.5082,3.7577,93.823979,85.859769,76.619922,84.608271,74.649367
2003-05-12,4262.3,0.3967,1.393,0.005528,0.7933,1.19,0.7761,1.1596,94.19614,86.540911,77.531681,85.264903,75.514968
2003-05-13,4335.9,1.7268,1.3914,0.005521,3.4535,5.1803,3.4363,5.1499,95.822689,89.529631,81.548056,88.194866,79.403909
2003-05-14,4342.41,0.1501,1.3897,0.005515,0.3003,0.4504,0.2831,0.42,95.966559,89.798474,81.915369,88.444513,79.73743
2003-05-15,4332.54,-0.2273,1.3881,0.005508,-0.4546,-0.6819,-0.4718,-0.7123,95.748433,89.390262,81.356805,88.027231,79.169491
2003-05-16,4285.06,-1.0959,1.3864,0.005502,-2.1918,-3.2877,-2.209,-3.318,94.699133,87.431019,78.682055,86.082715,76.54261
2003-05-19,4257.08,-0.653,1.3815,0.005482,-1.3059,-1.9589,-1.3231,-1.9892,94.080779,86.289229,77.140753,84.943736,75.020003
2003-05-20,4253.66,-0.0803,1.3799,0.005476,-0.1607,-0.241,-0.1779,-0.2713,94.005198,86.150585,76.954836,84.792659,74.816454
2003-05-21,4218.7,-0.8219,1.3782,0.005469,-1.6438,-2.4656,-1.6609,-2.4959,93.232588,84.734475,75.057405,83.384307,72.949076
2003-05-22,4273.53,1.2997,1.3766,0.005463,2.5994,3.8991,2.5822,3.8688,94.444322,86.937045,77.983945,85.537465,75.771314
2003-05-23,4351.79,1.8313,1.3749,0.005456,3.6625,5.4938,3.6454,5.4635,96.173855,90.121154,82.268242,88.655633,79.911111
2003-05-26,4467.9,2.6681,1.37,0.005437,5.3362,8.0043,5.3191,7.9741,98.739867,94.930195,88.853232,93.371273,86.283267
2003-05-27,4453.43,-0.3239,1.3684,0.00543,-0.6477,-0.9716,-0.6649,-1.0018,98.420083,94.315302,87.989937,92.750477,85.418862
2003-05-28,4476.75,0.5236,1.3667,0.005423,1.0473,1.5709,1.0302,1.5407,98.935451,95.30305,89.372192,93.705949,86.73492
2003-05-29,4545.61,1.5382,1.3651,0.005417,3.0763,4.6145,3.0592,4.5843,100.457246,98.234895,93.496279,96.572616,90.711118
2003-05-30,4558.47,0.2829,1.3634,0.00541,0.5658,0.8487,0.5487,0.8185,100.74145,98.790728,94.289811,97.102513,91.453629
2003-06-02,4696.37,3.0251,1.3585,0.005391,6.0503,9.0754,6.0332,9.0453,103.789017,104.767839,102.847001,102.960881,99.725854
2003-06-03,4681.5,-0.3166,1.3568,0.005384,-0.6333,-0.9499,-0.6503,-0.98,103.460393,104.104392,101.870075,102.29128,98.748524
2003-06-05,4741.81,1.2883,1.3536,0.005371,2.5765,3.8648,2.5594,3.8347,104.793234,106.786667,105.807137,104.909371,102.535213
2003-06-06,4744.03,0.0468,1.3519,0.005365,0.0936,0.1405,0.0766,0.1104,104.842296,106.886657,105.955746,104.989694,102.648369
2003-06-09,4830.86,1.8303,1.347,0.005345,3.6606,5.4909,3.6435,5.4608,106.761225,110.799351,111.773671,108.815045,108.253838
2003-06-10,4836.72,0.1213,1.3453,0.005339,0.2426,0.3639,0.2256,0.3339,106.89073,111.068157,112.180427,109.06049,108.615263
2003-06-11,4809.13,-0.5704,1.3437,0.005332,-1.1409,-1.7113,-1.1579,-1.7413,106.280995,109.80103,110.260702,107.797685,106.723931
2003-06-12,4885.75,1.5932,1.3421,0.005326,3.1864,4.7797,3.1694,4.7496,107.974285,113.299773,115.530787,111.214232,111.792936
2003-06-13,4889.4,0.0747,1.3404,0.005319,0.1494,0.2241,0.1324,0.1941,108.054949,113.469059,115.789716,111.361467,112.009947
2003-06-16,4899.87,0.2141,1.3355,0.0053,0.4283,0.6424,0.4113,0.6124,108.286334,113.955017,116.533561,111.819461,112.695947
2003-06-17,4980.94,1.6545,1.3338,0.005293,3.3091,4.9636,3.2921,4.9336,110.077968,117.725865,122.317822,115.500634,118.255971
2003-06-18,5006.85,0.5202,1.3322,0.005286,1.0404,1.5605,1.0234,1.5306,110.650575,118.950645,124.226651,116.682636,120.066009
2003-06-19,5061.21,1.0857,1.3305,0.00528,2.1714,3.2571,2.1544,3.2272,111.851922,121.533569,128.272884,119.196492,123.940795
2003-06-20,5016.5,-0.8834,1.3289,0.005273,-1.7668,-2.6502,-1.7838,-2.6801,110.863838,119.386349,124.873452,117.070324,120.619096
2003-06-23,4936.68,-1.5911,1.324,0.005254,-3.1823,-4.7734,-3.1993,-4.8033,109.099829,115.587119,118.912683,113.324941,114.825375
2003-06-24,4924.38,-0.2492,1.3223,0.005247,-0.4983,-0.7475,-0.5153,-0.7773,108.828001,115.011136,118.023851,112.741018,113.932807
2003-06-25,4949.43,0.5087,1.3207,0.005241,1.0174,1.5261,1.0004,1.4962,109.381602,116.181244,119.82499,113.868924,115.637509
2003-06-26,4914.01,-0.7156,1.319,0.005234,-1.4313,-2.1469,-1.4482,-2.1767,108.598826,114.51837,117.252451,112.219856,113.120372
2003-06-27,4898.51,-0.3154,1.3174,0.005228,-0.6308,-0.9463,-0.6478,-0.9761,108.256279,113.795932,116.142921,111.492914,112.01621
2003-06-30,4893.09,-0.1106,1.3125,0.005208,-0.2213,-0.3319,-0.2382,-0.3617,108.136497,113.544111,115.757399,111.227331,111.611026
2003-07-01,5039.5,2.9922,1.3108,0.005202,5.9844,8.9765,5.9674,8.9468,111.372135,120.338996,126.148404,117.864766,121.596605
2003-07-02,5118.63,1.5702,1.3092,0.005195,3.1404,4.7106,3.1235,4.6808,113.120895,124.118111,132.090733,121.546259,127.288337
2003-07-03,5127.98,0.1827,1.3075,0.005189,0.3653,0.548,0.3484,0.5183,113.327528,124.571554,132.814588,121.969771,127.948016
2003-07-04,5184.93,1.1106,1.3059,0.005182,2.2211,3.3317,2.2043,3.302,114.586114,127.338472,137.2396,124.658301,132.172849
2003-07-07,5358.12,3.3403,1.301,0.005163,6.6805,10.0208,6.6636,9.9911,118.413585,135.845338,150.992067,132.965088,145.378347
2003-07-08,5405.35,0.8815,1.2993,0.005156,1.7629,2.6444,1.7461,2.6147,119.457361,138.240198,154.984898,135.286751,149.179584
2003-07-09,5397.29,-0.1491,1.2977,0.005149,-0.2982,-0.4473,-0.3151,-0.477,119.279236,137.827934,154.291597,134.860491,148.468
2003-07-10,5320.67,-1.4196,1.296,0.005143,-2.8392,-4.2588,-2.8561,-4.2885,117.585946,133.91472,147.72062,131.008806,142.101016
2003-07-11,5281.05,-0.7446,1.2944,0.005136,-1.4893,-2.2339,-1.5061,-2.2636,116.710351,131.920346,144.420646,129.035644,138.884464
2003-07-14,5392.41,2.1087,1.2895,0.005117,4.2173,6.326,4.2005,6.2964,119.171389,137.48388,153.556717,134.455812,147.629208
2003-07-15,5379.52,-0.239,1.2878,0.00511,-0.4781,-0.7171,-0.4949,-0.7467,118.886522,136.826598,152.455533,133.790395,146.526853
2003-07-16,5458.43,1.4669,1.2862,0.005104,2.9337,4.4006,2.9169,4.371,120.63042,140.840706,159.164458,137.692939,152.931551
2003-07-17,5344.72,-2.0832,1.2845,0.005097,-4.1664,-6.2496,-4.1832,-6.2792,118.117447,134.972719,149.217318,131.932964,143.328735
2003-07-18,5333.57,-0.2086,1.2829,0.005091,-0.4172,-0.6259,-0.434,-0.6554,117.871034,134.409567,148.283439,131.360333,142.389362
2003-07-21,5264.97,-1.2862,1.2779,0.005071,-2.5724,-3.8586,-2.5892,-3.8881,116.354985,130.952034,142.561806,127.9592,136.853141
2003-07-22,5312.5,0.9028,1.2763,0.005065,1.8055,2.7083,1.7887,2.6788,117.405391,133.316397,146.422775,130.248067,140.519139
2003-07-23,5340.36,0.5244,1.2747,0.005058,1.0488,1.5733,1.0321,1.5438,118.021092,134.714682,148.726402,131.592334,142.688459
2003-07-24,5471.64,2.4583,1.273,0.005052,4.9165,7.3748,4.8998,7.3453,120.922359,141.33796,159.694652,138.040049,153.169376
2003-07-25,5463.95,-0.1405,1.2714,0.005045,-0.2811,-0.4216,-0.2978,-0.4511,120.752411,140.940679,159.021334,137.628914,152.478454
2003-07-28,5522.17,1.0655,1.2664,0.005026,2.1311,3.1966,2.1143,3.1672,122.039064,143.944208,164.104591,140.538839,157.307709
2003-07-29,5412.91,-1.9786,1.2648,0.005019,-3.9571,-5.9357,-3.9739,-5.9651,119.624435,138.248134,154.363819,134.954015,147.924126
2003-07-30,5397.33,-0.2878,1.2632,0.005013,-0.5757,-0.8635,-0.5924,-0.8929,119.28012,137.452294,153.030901,134.154575,146.603339
2003-07-31,5410.09,0.2364,1.2615,0.005006,0.4728,0.7092,0.4561,0.6799,119.562114,138.102205,154.116256,134.766473,147.60004
2003-08-01,5485.0,1.3846,1.2599,0.004999,2.7693,4.1539,2.7526,4.1245,121.217613,141.926628,160.518099,138.476007,153.687865
2003-08-04,5474.0,-0.2005,1.2549,0.00498,-0.4011,-0.6016,-0.4178,-0.631,120.974514,141.357369,159.552357,137.897481,152.718147
2003-08-05,5356.63,-2.1441,1.2533,0.004973,-4.2883,-6.4324,-4.305,-6.4617,118.380656,135.295581,149.289299,131.961062,142.849929
2003-08-06,5323.03,-0.6273,1.2516,0.004967,-1.2545,-1.8818,-1.2712,-1.9111,117.638102,133.59827,146.480002,130.283581,140.119954
2003-08-07,5359.72,0.6893,1.25,0.00496,1.3785,2.0678,1.3619,2.0385,118.448945,135.439973,149.508926,132.057876,142.976329
2003-08-08,5332.94,-0.4997,1.2484,0.004954,-0.9993,-1.499,-1.016,-1.5282,117.857111,134.086514,147.267849,130.716213,140.79132
2003-08-11,5315.29,-0.331,1.2434,0.004934,-0.6619,-0.9929,-0.6786,-1.0221,117.467049,133.198963,145.805648,129.829219,139.352265
2003-08-12,5358.0,0.8035,1.2418,0.004928,1.6071,2.4106,1.5904,2.3814,118.410933,135.339553,149.320428,131.894059,142.670761
2003-08-13,5549.25,3.5694,1.2401,0.004921,7.1389,10.7083,7.1222,10.6791,122.637527,145.001251,165.310088,141.287858,157.906685
2003-08-14,5544.46,-0.0863,1.2385,0.004915,-0.1726,-0.259,-0.1893,-0.2881,122.531669,144.750927,164.882011,141.020461,157.451679
2003-08-15,5601.92,1.0363,1.2368,0.004908,2.0727,3.109,2.0561,3.0799,123.801526,147.751179,170.008274,143.919962,162.300983
2003-08-18,5631.38,0.5259,1.2319,0.004889,1.0518,1.5777,1.0352,1.5485,124.452587,149.305199,172.690449,145.409803,164.814264
2003-08-19,5628.52,-0.0508,1.2303,0.004882,-0.1016,-0.1524,-0.1182,-0.1815,124.389381,149.153545,172.427337,145.237984,164.515143
2003-08-20,5661.22,0.581,1.2286,0.004876,1.1619,1.7429,1.1454,1.7138,125.112046,150.886619,175.432589,146.901478,167.334593
2003-08-21,5731.82,1.2471,1.227,0.004869,2.4942,3.7412,2.4776,3.7121,126.672295,154.649975,181.995949,150.54109,173.546287
2003-08-22,5767.41,0.6209,1.2253,0.004862,1.2418,1.8628,1.2253,1.8337,127.458828,156.57048,185.386095,152.385625,176.728552
2003-08-25,5808.6,0.7142,1.2204,0.004843,1.4284,2.1426,1.4118,2.1135,128.36912,158.806887,189.358096,154.537038,180.463719
2003-08-26,5677.25,-2.2613,1.2188,0.004836,-4.5226,-6.7839,-4.5391,-6.8129,125.466307,151.62468,176.51222,147.522375,168.168826
2003-08-27,5672.49,-0.0838,1.2171,0.00483,-0.1677,-0.2515,-0.1842,-0.2806,125.361111,151.370425,176.068238,147.250605,167.69702
2003-08-28,5642.65,-0.526,1.2155,0.004823,-1.0521,-1.5781,-1.0686,-1.6072,124.701652,149.777864,173.28963,145.677048,165.00187
2003-08-29,5773.21,2.3138,1.2138,0.004817,4.6276,6.9414,4.6111,6.9124,127.587007,156.709004,185.31839,152.394347,176.407493
2003-09-01,5815.18,0.727,1.2089,0.004797,1.454,2.1809,1.4375,2.152,128.514537,158.987485,189.360065,154.584945,180.20374
2003-09-02,5839.97,0.4263,1.2073,0.004791,0.8526,1.2789,0.8361,1.2499,129.062392,160.343006,191.781779,155.877429,182.456193
2003-09-03,5796.57,-0.7432,1.2056,0.004784,-1.4863,-2.2295,-1.5028,-2.2584,128.103259,157.959814,187.506075,153.534903,178.335608
2003-09-04,5748.07,-0.8367,1.204,0.004778,-1.6734,-2.5101,-1.6899,-2.539,127.031417,155.316509,182.799475,150.940336,173.807621
2003-09-05,5762.31,0.2477,1.2023,0.004771,0.4955,0.7432,0.479,0.7143,127.346119,156.086057,184.158052,151.66333,175.049126
2003-09-08,5852.28,1.5614,1.1974,0.004752,3.1227,4.6841,3.1062,4.6552,129.334441,160.960165,192.784124,156.374369,183.197997
2003-09-09,5805.09,-0.8064,1.1958,0.004745,-1.6127,-2.4191,-1.6292,-2.4479,128.29155,158.364353,188.120565,153.826787,178.713471
2003-09-10,5747.19,-0.9974,1.1941,0.004739,-1.9948,-2.9922,-2.0112,-3.021,127.011969,155.205299,182.491619,150.732952,173.314458
2003-09-12,5769.52,0.3885,1.1908,0.004725,0.7771,1.1656,0.7606,1.1368,127.505459,156.411361,184.618765,151.879492,175.284692
2003-09-15,5747.37,-0.3839,1.1859,0.004706,-0.7678,-1.1517,-0.7842,-1.1805,127.015947,155.210391,182.492433,150.688392,173.215423
2003-09-16,5825.12,1.3528,1.1842,0.004699,2.7056,4.0584,2.6892,4.0296,128.73421,159.409741,189.898665,154.740673,180.195336
2003-09-17,5874.21,0.8427,1.1826,0.004693,1.6855,2.5282,1.6691,2.4994,129.819091,162.096526,194.699661,157.323387,184.699206
2003-09-18,5877.97,0.064,1.181,0.004686,0.128,0.192,0.1116,0.1633,129.902186,162.304038,195.073535,157.498999,185.000797
2003-09-19,5885.31,0.1249,1.1793,0.00468,0.2497,0.3746,0.2334,0.3459,130.064399,162.709386,195.804317,157.866538,185.640705
2003-09-22,5801.33,-1.4269,1.1744,0.00466,-2.8539,-4.2808,-2.8703,-4.3095,128.208455,158.065846,187.422271,153.335371,177.640493
2003-09-23,5809.77,0.1455,1.1727,0.004654,0.291,0.4365,0.2746,0.4078,128.394977,158.525767,188.240279,153.756442,178.364874
2003-09-24,5848.98,0.6749,1.1711,0.004647,1.3498,2.0247,1.3334,1.996,129.261512,160.66554,192.051566,155.806694,181.925097
2003-09-25,5814.08,-0.5967,1.1695,0.004641,-1.1934,-1.7901,-1.2097,-1.8187,128.490227,158.748205,188.613736,153.921873,178.616421
2003-09-26,5775.12,-0.6701,1.1678,0.004634,-1.3402,-2.0103,-1.3565,-2.0389,127.629218,156.62067,184.822049,151.833869,174.974565
2003-09-29,5768.37,-0.1169,1.1629,0.004615,-0.2338,-0.3506,-0.2501,-0.3792,127.480044,156.254551,184.173985,151.454159,174.310998
2003-09-30,5735.57,-0.5686,1.1612,0.004608,-1.1372,-1.7059,-1.1536,-1.7344,126.755169,154.477568,181.032245,149.707058,171.287686
2003-10-01,5705.16,-0.5302,1.1596,0.004602,-1.0604,-1.5906,-1.0767,-1.6192,126.083113,152.839487,178.152745,148.09515,168.514249
2003-10-02,5826.0,2.1181,1.1579,0.004595,4.2362,6.3542,4.2199,6.3257,128.753658,159.31402,189.473012,154.344564,179.173943
2003-10-03,5874.99,0.8409,1.1563,0.004588,1.6818,2.5227,1.6655,2.4941,129.836329,161.993318,194.252766,156.915136,183.642747
2003-10-06,5980.69,1.7992,1.1514,0.004569,3.5983,5.3975,3.582,5.369,132.172281,167.82233,204.737474,162.535882,193.50244
2003-10-07,5986.29,0.0936,1.1497,0.004562,0.1873,0.2809,0.171,0.2524,132.296041,168.13661,205.31259,162.813819,193.990867
2003-10-08,5950.64,-0.5955,1.1481,0.004556,-1.1911,-1.7866,-1.2073,-1.8151,131.508181,166.13401,201.644511,160.84814,190.469818
2003-10-09,5999.79,0.826,1.1464,0.004549,1.6519,2.4779,1.6357,2.4494,132.594388,168.878416,206.64103,163.479081,195.135226
2003-10-13,6104.94,1.7526,1.1399,0.004523,3.5051,5.2577,3.4889,5.2293,134.918186,174.797812,217.505562,169.182691,205.339378
2003-10-14,6070.14,-0.57,1.1382,0.004517,-1.1401,-1.7101,-1.1563,-1.7385,134.149112,172.805012,213.78602,167.226459,201.769576
2003-10-15,6055.78,-0.2366,1.1366,0.00451,-0.4731,-0.7097,-0.4894,-0.7381,133.831758,171.987409,212.268773,166.408133,200.280336
2003-10-16,6169.64,1.8802,1.1349,0.004504,3.7604,5.6406,3.7442,5.6122,136.348046,178.45478,224.241924,172.638727,211.520448
2003-10-17,6176.78,0.1157,1.1333,0.004497,0.2315,0.3472,0.2153,0.3188,136.505839,178.867824,225.020456,173.010336,212.194827
2003-10-20,6212.75,0.5823,1.1284,0.004478,1.1647,1.747,1.1485,1.7187,137.30077,180.95107,228.951624,174.997361,215.841833
2003-10-21,6195.95,-0.2704,1.1267,0.004471,-0.5408,-0.8112,-0.557,-0.8395,136.929493,179.972444,227.094288,174.022624,214.02975
2003-10-22,6175.92,-0.3233,1.1251,0.004465,-0.6466,-0.9698,-0.6627,-0.9981,136.486833,178.80883,224.891866,172.869337,211.893473
2003-10-23,6084.3,-1.4835,1.1234,0.004458,-2.967,-4.4505,-2.9832,-4.4788,134.462046,173.503559,214.883029,167.712348,202.403205
2003-10-24,6049.45,-0.5728,1.1218,0.004452,-1.1456,-1.7184,-1.1617,-1.7466,133.691866,171.515952,211.190571,165.763985,198.86798
2003-10-27,6090.76,0.6829,1.1168,0.004432,1.3657,2.0486,1.3496,2.0204,134.604811,173.858421,215.517055,168.001145,202.885882
2003-10-28,6210.25,1.9618,1.1152,0.004425,3.9236,5.8855,3.9075,5.8573,137.24552,180.680014,228.201252,174.565817,214.769429
2003-10-29,6231.13,0.3362,1.1136,0.004419,0.6724,1.0087,0.6563,0.9805,137.706965,181.894972,230.503015,175.711513,216.87514
2003-10-30,6243.68,0.2014,1.1119,0.004412,0.4028,0.6042,0.3867,0.576,137.984318,182.627675,231.895771,176.390985,218.124416
2003-10-31,6179.34,-1.0305,1.1103,0.004406,-2.061,-3.0914,-2.0771,-3.1196,136.562414,178.863784,224.726838,172.72721,211.319757
2003-11-03,6222.66,0.701,1.1053,0.004386,1.4021,2.1031,1.386,2.075,137.519779,181.371618,229.453152,175.121207,215.704641
2003-11-04,6244.68,0.3539,1.1037,0.00438,0.7077,1.0616,0.6916,1.0335,138.006418,182.65525,231.889035,176.332432,217.933904
2003-11-05,6278.76,0.5457,1.1021,0.004373,1.0915,1.6372,1.0754,1.6091,138.75958,184.648912,235.685601,178.228728,221.440726
2003-11-06,6146.98,-2.0988,1.1004,0.004367,-4.1976,-6.2965,-4.2137,-6.3246,135.847264,176.898008,220.845736,170.718673,207.435564
2003-11-07,6191.38,0.7223,1.0988,0.00436,1.4446,2.1669,1.4285,2.1388,136.828496,179.453497,225.631282,173.157467,211.872263
2003-11-10,6193.63,0.0363,1.0938,0.004341,0.0727,0.109,0.0566,0.081,136.878221,179.583927,225.877271,173.255534,212.043829
2003-11-11,6155.86,-0.6098,1.0922,0.004334,-1.2196,-1.8295,-1.2357,-1.8575,136.04351,177.393649,221.744936,171.114649,208.105129
2003-11-12,6115.65,-0.6532,1.0905,0.004328,-1.3064,-1.9596,-1.3224,-1.9876,135.154876,175.076183,217.39963,168.851775,203.968797
2003-11-13,6169.52,0.8809,1.0889,0.004321,1.7617,2.6426,1.7457,2.6146,136.345394,178.160517,223.144556,171.799391,209.301678
2003-11-14,6179.05,0.1545,1.0873,0.004315,0.3089,0.4634,0.2929,0.4354,136.556005,178.710923,224.178624,172.302621,210.213005
2003-11-17,6084.55,-1.5294,1.0823,0.004295,-3.0587,-4.5881,-3.0747,-4.616,134.467571,173.244652,213.893121,167.004791,200.509491
2003-11-18,6071.41,-0.216,1.0807,0.004288,-0.4319,-0.6479,-0.4479,-0.6758,134.177179,172.496385,212.50737,166.256763,199.154423
2003-11-19,5995.8,-1.2453,1.079,0.004282,-2.4907,-3.736,-2.5067,-3.764,132.50621,168.200034,204.568021,162.089241,191.658323
2003-11-20,5963.84,-0.533,1.0774,0.004275,-1.0661,-1.5991,-1.0821,-1.627,131.799899,166.406888,201.296734,160.335336,188.539974
2003-11-21,5959.57,-0.0716,1.0758,0.004269,-0.1432,-0.2148,-0.1592,-0.2427,131.705533,166.1686,200.86436,160.080127,188.082393
2003-11-24,5950.9,-0.1455,1.0708,0.004249,-0.291,-0.4364,-0.3069,-0.4643,131.513927,165.685114,199.987705,159.588815,187.209118
2003-11-25,5991.38,0.6802,1.0692,0.004243,1.3605,2.0407,1.3445,2.0128,132.408529,167.939205,204.068854,161.734515,190.977355
2003-11-26,5990.8,-0.0097,1.0675,0.004236,-0.0194,-0.029,-0.0353,-0.0569,132.395711,167.90669,204.009589,161.677416,190.868728
2003-11-27,5868.09,-2.0483,1.0659,0.00423,-4.0966,-6.1449,-4.1126,-6.1727,129.68384,161.0282,191.473358,155.02835,179.086885
2003-11-28,5899.99,0.5436,1.0642,0.004223,1.0872,1.6309,1.0713,1.603,130.388825,162.778957,194.59601,156.689179,181.957724
2003-12-01,6000.57,1.7047,1.0593,0.004204,3.4095,5.1142,3.3936,5.0865,132.611626,168.328901,204.548128,162.006564,191.212956
2003-12-02,6042.77,0.7033,1.0577,0.004197,1.4065,2.1098,1.3906,2.082,133.544239,170.696502,208.863684,164.259475,195.194087
2003-12-03,6015.7,-0.448,1.056,0.004191,-0.8959,-1.3439,-0.9118,-1.3717,132.945997,169.167153,206.056723,162.761685,192.516675
2003-12-04,6051.97,0.6029,1.0544,0.004184,1.2058,1.8088,1.19,1.781,133.747558,171.207046,209.783809,164.698475,195.945462
2003-12-05,6031.12,-0.3445,1.0527,0.004178,-0.689,-1.0335,-0.7049,-1.0613,133.286776,170.027375,207.615593,163.537489,193.865956
2003-12-08,5977.03,-0.8968,1.0478,0.004158,-1.7937,-2.6905,-1.8096,-2.7182,132.091396,166.977599,202.029602,160.578179,188.596241
2003-12-09,5989.73,0.2125,1.0462,0.004151,0.425,0.6374,0.4091,0.6098,132.372064,167.687188,203.31742,161.235108,189.746249
2003-12-10,5932.34,-0.9581,1.0445,0.004145,-1.9163,-2.8744,-1.9321,-2.9021,131.103754,164.473832,197.473224,158.119834,184.239671
2003-12-11,5997.39,1.0965,1.0429,0.004138,2.1931,3.2896,2.1772,3.262,132.541349,168.080848,203.969294,161.562449,190.249483
2003-12-12,5988.46,-0.1489,1.0412,0.004132,-0.2978,-0.4467,-0.3136,-0.4743,132.343997,167.580309,203.058175,161.055734,189.347086
2003-12-15,6055.84,1.1252,1.0363,0.004112,2.2503,3.3755,2.2345,3.3479,133.833084,171.351416,209.912388,164.654539,195.686242
2003-12-16,6018.0,-0.6249,1.0347,0.004106,-1.2497,-1.8746,-1.2655,-1.9021,132.996826,169.210033,205.977466,162.570812,191.964034
2003-12-17,5879.79,-2.2966,1.033,0.004099,-4.5932,-6.8898,-4.609,-6.9174,129.942408,161.437843,191.785968,155.077881,178.685125
2003-12-18,5896.91,0.2912,1.0314,0.004093,0.5823,0.8735,0.5665,0.846,130.320757,162.37795,193.46122,155.956451,180.196712
2003-12-19,5887.16,-0.1653,1.0297,0.004086,-0.3307,-0.496,-0.3465,-0.5236,130.105284,161.840996,192.501609,155.416102,179.253274
2003-12-22,5964.73,1.3176,1.0248,0.004067,2.6352,3.9528,2.6195,3.9253,131.819568,166.105873,200.110889,159.487154,186.289577
2003-12-23,5975.37,0.1784,1.0232,0.00406,0.3568,0.5351,0.341,0.5077,132.05471,166.698478,201.181774,160.031001,187.235295
2003-12-24,5988.02,0.2117,1.0215,0.004054,0.4234,0.6351,0.4076,0.6076,132.334273,167.404288,202.459493,160.683359,188.373002
2003-12-25,5983.76,-0.0711,1.0199,0.004047,-0.1423,-0.2134,-0.158,-0.2409,132.240128,167.166098,202.027392,160.429419,187.919239
2003-12-26,5987.34,0.0598,1.0182,0.004041,0.1197,0.1795,0.1039,0.152,132.319245,167.366124,202.390002,160.596122,188.204951
2003-12-29,5933.87,-0.8931,1.0133,0.004021,-1.7861,-2.6792,-1.8018,-2.7066,131.137567,164.376795,196.967664,157.702454,183.111071
2003-12-30,5997.1,1.0656,1.0116,0.004014,2.1312,3.1967,2.1154,3.1693,132.53494,167.87992,203.264195,161.038546,188.914482
2003-12-31,6021.57,0.408,1.01,0.004008,0.8161,1.2241,0.8003,1.1967,133.075723,169.249922,205.752335,162.327413,191.175242
2004-01-02,6175.79,2.5611,1.012,0.004016,5.1223,7.6834,5.1065,7.656,136.48396,177.91933,221.561066,170.616711,205.811583
2004-01-05,6261.52,1.3882,1.0149,0.004027,2.7763,4.1645,2.7606,4.1371,138.378579,182.858949,230.787948,175.326741,214.326147
2004-01-06,6280.51,0.3033,1.0159,0.004031,0.6066,0.9098,0.5908,0.8824,138.798255,183.968102,232.887756,176.362614,216.217394
2004-01-07,6277.7,-0.0447,1.0169,0.004035,-0.0895,-0.1342,-0.1052,-0.1617,138.736154,183.803481,232.575163,176.177037,215.867856
2004-01-08,6306.23,0.4545,1.0179,0.004039,0.9089,1.3634,0.8932,1.336,139.366663,185.474129,235.746087,177.750626,218.751751
2004-01-09,6365.33,0.9372,1.0189,0.004043,1.8743,2.8115,1.8586,2.7841,140.672763,188.95054,242.374101,181.054277,224.841919
2004-01-12,6357.9,-0.1167,1.0218,0.004055,-0.2335,-0.3502,-0.2492,-0.3777,140.508561,188.50943,241.52536,180.603066,223.992797
2004-01-13,6348.28,-0.1513,1.0228,0.004059,-0.3026,-0.4539,-0.3184,-0.4814,140.295961,187.938971,240.42902,180.02806,222.914482
2004-01-14,6414.47,1.0426,1.0238,0.004063,2.0853,3.1279,2.0695,3.1004,141.758749,191.858043,247.94948,183.753778,229.82582
2004-01-15,6403.62,-0.1691,1.0248,0.004066,-0.3383,-0.5074,-0.3541,-0.5349,141.518966,191.208991,246.69127,183.10316,228.59638
2004-01-16,6409.09,0.0854,1.0257,0.00407,0.1708,0.2563,0.1551,0.2288,141.639852,191.535654,247.323444,183.387087,229.119306
2004-01-27,6526.56,1.8329,1.0366,0.004113,3.6657,5.4986,3.6499,5.471,144.23592,198.556836,260.922762,190.080553,241.654435
2004-01-28,6528.22,0.0254,1.0375,0.004117,0.0509,0.0763,0.035,0.0487,144.272606,198.65784,261.121856,190.147168,241.77213
2004-01-29,6452.98,-1.1525,1.0385,0.004121,-2.3051,-3.4576,-2.3209,-3.4852,142.609814,194.078639,252.093296,185.734048,233.34586
2004-01-30,6517.11,0.9938,1.0395,0.004125,1.9876,2.9814,1.9718,2.9538,144.027077,197.936163,259.609239,189.39631,240.238426
2004-02-02,6460.46,-0.8693,1.0425,0.004137,-1.7385,-2.6078,-1.7543,-2.6354,142.775121,194.495042,252.839276,186.073648,233.907207
2004-02-03,6391.22,-1.0718,1.0434,0.004141,-2.1435,-3.2153,-2.1593,-3.2429,141.244928,190.32604,244.709859,182.055671,226.321837
2004-02-04,6380.14,-0.1734,1.0444,0.004145,-0.3467,-0.5201,-0.3626,-0.5477,141.000062,189.66613,243.437151,181.39558,225.082176
2004-02-05,6407.48,0.4285,1.0454,0.004148,0.857,1.2856,0.8412,1.2579,141.604271,191.291634,246.566662,182.921443,227.913461
2004-02-06,6494.59,1.3595,1.0464,0.004152,2.719,4.0785,2.7032,4.0508,143.529388,196.492873,256.622919,187.866085,237.145882
2004-02-09,6606.76,1.7271,1.0493,0.004164,3.4543,5.1814,3.4384,5.1537,146.008327,203.280246,269.919551,194.325653,249.36766
2004-02-10,6632.58,0.3908,1.0503,0.004168,0.7816,1.1724,0.7657,1.1447,146.578945,204.869133,273.084184,195.8137,252.222258
2004-02-11,6597.88,-0.5232,1.0513,0.004172,-1.0463,-1.5695,-1.0622,-1.5972,145.812081,202.725485,268.79806,193.733712,248.193678
2004-02-12,6580.04,-0.2704,1.0523,0.004176,-0.5408,-0.8112,-0.5567,-0.8389,145.41782,201.629186,266.617651,192.65527,246.111616
2004-02-13,6694.77,1.7436,1.0533,0.00418,3.4872,5.2308,3.4713,5.2031,147.953334,208.660425,280.563939,199.342964,258.917036
2004-02-16,6711.32,0.2472,1.0562,0.004191,0.4944,0.7416,0.4785,0.7139,148.319086,209.692075,282.644667,200.296856,260.765383
2004-02-17,6747.2,0.5346,1.0572,0.004195,1.0692,1.6039,1.0533,1.5761,149.112028,211.934183,287.177885,202.406656,264.87531
2004-02-18,6752.7,0.0815,1.0582,0.004199,0.163,0.2445,0.1471,0.2168,149.233578,212.279701,287.880166,202.704447,265.449513
2004-02-19,6830.05,1.1455,1.0592,0.004203,2.2909,3.4364,2.275,3.4086,150.943,217.142892,297.77289,207.316026,274.49771
2004-02-20,6813.72,-0.2391,1.0602,0.004207,-0.4782,-0.7173,-0.4941,-0.7451,150.58211,216.104556,295.63705,206.291689,272.452564
2004-02-23,6814.07,0.0051,1.0631,0.004219,0.0103,0.0154,-0.0057,-0.0124,150.589845,216.126757,295.682608,206.28003,272.4188
2004-02-24,6735.71,-1.15,1.0641,0.004223,-2.2999,-3.4499,-2.3159,-3.4777,148.858101,211.155956,285.481793,201.502841,262.944808
2004-02-25,6791.99,0.8355,1.0651,0.004227,1.6711,2.5066,1.6552,2.4788,150.10188,214.684569,292.637793,204.838036,269.462741
2004-02-26,6842.04,0.7369,1.0661,0.00423,1.4738,2.2107,1.4579,2.1829,151.207977,217.848579,299.107115,207.824284,275.344753
2004-02-27,6900.61,0.856,1.067,0.004234,1.7121,2.5681,1.6961,2.5403,152.502365,221.578283,306.788466,211.349237,282.339225
2004-03-01,7041.56,2.0426,1.07,0.004246,4.0851,6.1277,4.0692,6.0999,155.617337,230.63008,325.587601,219.949447,299.561528
2004-03-02,7130.32,1.2605,1.071,0.00425,2.521,3.7815,2.5051,3.7537,157.578919,236.444339,337.899854,225.459348,310.80612
2004-03-03,7086.28,-0.6176,1.072,0.004254,-1.2353,-1.8529,-1.2512,-1.8808,156.605642,233.52357,331.638798,222.638291,304.960463
2004-03-04,7190.47,1.4703,1.073,0.004258,2.9406,4.4109,2.9246,4.383,158.908224,240.390592,346.267114,229.149677,318.326994
2004-03-05,7098.04,-1.2855,1.0739,0.004262,-2.5709,-3.8564,-2.5869,-3.8842,156.865536,234.210383,332.913827,223.221871,305.962401
2004-03-08,7054.9,-0.6078,1.0769,0.004273,-1.2155,-1.8233,-1.2315,-1.8512,155.912149,231.363446,326.843742,220.472834,300.298327
2004-03-09,7128.94,1.0495,1.0779,0.004277,2.099,3.1485,2.083,3.1205,157.548421,236.219688,337.134254,225.065246,309.669228
2004-03-10,7027.75,-1.4194,1.0789,0.004281,-2.8389,-4.2583,-2.8548,-4.2862,155.312138,229.513762,322.778144,218.639996,296.396172
2004-03-11,7032.04,0.061,1.0798,0.004285,0.1221,0.1831,0.1061,0.1552,155.406946,229.79397,323.369251,218.871965,296.856167
2004-03-12,6951.41,-1.1466,1.0808,0.004289,-2.2932,-3.4398,-2.3092,-3.4678,153.625036,224.524293,312.245909,213.817744,286.561878
2004-03-15,6783.5,-2.4155,1.0838,0.004301,-4.831,-7.2464,-4.847,-7.2744,149.914253,213.677609,289.619185,203.454064,265.716192
2004-03-16,6736.22,-0.697,1.0848,0.004305,-1.394,-2.091,-1.41,-2.1189,148.869372,210.699006,283.563376,200.585399,260.085852
2004-03-17,6724.21,-0.1783,1.0857,0.004308,-0.3566,-0.5349,-0.3726,-0.5629,148.603953,209.947696,282.046681,199.838029,258.621954
2004-03-18,6937.91,3.1781,1.0867,0.004312,6.3561,9.5342,6.3401,9.5062,153.326689,223.292259,308.937591,212.507996,283.207115
2004-03-19,6966.59,0.4134,1.0877,0.004316,0.8268,1.2401,0.8107,1.2121,153.960512,225.138355,312.768859,214.230882,286.639996
2004-03-22,6501.3,-6.6789,1.0907,0.004328,-13.3578,-20.0366,-13.3738,-20.0647,143.677678,195.064926,250.100514,185.580096,229.126675
2004-03-23,6310.12,-2.9406,1.0916,0.004332,-5.8813,-8.8219,-5.8973,-8.85,139.452631,183.592601,228.036827,174.635837,208.849064
2004-03-24,6351.69,0.6588,1.0926,0.004336,1.3176,1.9763,1.3015,1.9483,140.371321,186.011555,232.543631,176.908764,212.918096
2004-03-25,6293.6,-0.9146,1.0936,0.00434,-1.8291,-2.7437,-1.8452,-2.7717,139.087542,182.609181,226.163379,173.644505,207.016594
2004-03-26,6268.95,-0.3917,1.0946,0.004344,-0.7833,-1.175,-0.7994,-1.2031,138.542781,181.178739,223.505952,172.256416,204.52607
2004-03-29,6618.03,5.5684,1.0975,0.004355,11.1368,16.7052,11.1207,16.6771,146.257392,201.35624,260.843046,191.412589,238.635116
2004-03-30,6639.09,0.3182,1.0985,0.004359,0.6364,0.9547,0.6204,0.9266,146.722815,202.637758,263.333223,192.60007,240.846264
2004-03-31,6667.18,0.4231,1.0995,0.004363,0.8462,1.2693,0.8301,1.2412,147.343599,204.352479,266.675712,194.198903,243.83567
2004-04-01,6668.51,0.0199,1.1005,0.004367,0.0399,0.0598,0.0238,0.0317,147.372992,204.43401,266.835306,194.245168,243.913079
2004-04-02,6691.05,0.338,1.1015,0.004371,0.676,1.014,0.6599,0.9859,147.871123,205.81601,269.541068,195.527061,246.317849
2004-04-05,6831.29,2.0959,1.1044,0.004383,4.1919,6.2878,4.1758,6.2597,150.970404,214.443546,286.489278,203.69184,261.736538
2004-04-06,6783.05,-0.7062,1.1054,0.004387,-1.4123,-2.1185,-1.4284,-2.1466,149.904308,211.414907,280.420039,200.78227,256.118035
2004-04-07,6794.5,0.1688,1.1064,0.00439,0.3376,0.5064,0.3215,0.4783,150.157351,212.128657,281.840112,201.427803,257.342954
2004-04-08,6821.2,0.393,1.1074,0.004394,0.7859,1.1789,0.7698,1.1507,150.747417,213.795839,285.162711,202.978453,260.304305
2004-04-09,6767.53,-0.7868,1.1084,0.004398,-1.5736,-2.3604,-1.5897,-2.3886,149.561318,210.431498,278.43163,199.751648,254.086685
2004-04-12,6928.45,2.3778,1.1113,0.00441,4.7556,7.1335,4.7395,7.1053,153.117624,220.438882,298.293478,209.218943,272.140278
2004-04-13,6945.38,0.2444,1.1123,0.004414,0.4887,0.7331,0.4726,0.7049,153.491774,221.516188,300.480161,210.20769,274.058518
2004-04-14,7033.13,1.2634,1.1133,0.004418,2.5269,3.7903,2.5107,3.7621,155.431035,227.113591,311.869229,215.485449,284.368842
2004-04-15,6886.55,-2.0841,1.1143,0.004422,-4.1683,-6.2524,-4.1844,-6.2806,152.191641,217.646879,292.369892,206.468675,266.508725
2004-04-16,6969.77,1.2084,1.1152,0.004426,2.4169,3.6253,2.4008,3.5971,154.030789,222.907154,302.969258,211.425479,276.095341
2004-04-19,6929.88,-0.5723,1.1182,0.004437,-1.1447,-1.717,-1.1608,-1.7452,153.149227,220.35563,297.767317,208.971249,271.276853
2004-04-20,6951.13,0.3066,1.1192,0.004441,0.6133,0.9199,0.5971,0.8917,153.618849,221.707041,300.506566,210.219097,273.69578
2004-04-21,6961.64,0.1512,1.1202,0.004445,0.3024,0.4536,0.2862,0.4253,153.851118,222.377476,301.86965,210.82084,274.859918
2004-04-22,6881.75,-1.1476,1.1211,0.004449,-2.2951,-3.4427,-2.3113,-3.471,152.085562,217.273582,291.477113,205.948129,265.319568
2004-04-23,6898.11,0.2377,1.1221,0.004453,0.4755,0.7132,0.4593,0.6849,152.447115,218.306632,293.555901,206.894051,267.136794
2004-04-26,6859.88,-0.5542,1.1251,0.004465,-1.1084,-1.6626,-1.1246,-1.6909,151.602238,215.886878,288.675154,204.56734,262.619715
2004-04-27,6794.56,-0.9522,1.1261,0.004469,-1.9044,-2.8566,-1.9206,-2.8849,150.158677,211.775515,280.428832,200.638458,255.043367
2004-04-28,6720.91,-1.084,1.127,0.004472,-2.1679,-3.2519,-2.1841,-3.2802,148.531024,207.18441,271.309661,196.256335,246.677496
2004-04-29,6544.53,-2.6243,1.128,0.004476,-5.2487,-7.873,-5.2649,-7.9014,144.633054,196.309935,249.94934,185.923681,227.186622
2004-04-30,6253.81,-4.4422,1.129,0.00448,-8.8844,-13.3265,-8.9006,-13.3549,138.208189,178.869042,216.639719,169.375446,196.846134
2004-05-03,6163.81,-1.4391,1.132,0.004492,-2.8782,-4.3174,-2.8944,-4.3457,136.219204,173.720752,207.286585,164.472969,188.291758
2004-05-04,6326.0,2.6313,1.133,0.004496,5.2627,7.894,5.2465,7.8656,139.803577,182.863074,223.649749,173.101964,203.10208
2004-05-05,5984.64,-5.3961,1.1339,0.0045,-10.7923,-16.1884,-10.8085,-16.2168,132.259576,163.127968,187.444369,154.392252,170.165436
2004-05-06,6041.43,0.9489,1.1349,0.004504,1.8979,2.8468,1.8816,2.8184,133.514626,166.223906,192.780512,157.297372,174.961404
2004-05-07,6174.81,2.2078,1.1359,0.004508,4.4155,6.6233,4.3993,6.5949,136.462302,173.563541,205.548879,164.21735,186.49991
2004-05-10,5954.81,-3.5629,1.1389,0.004519,-7.1257,-10.6886,-7.142,-10.717,131.600338,161.19588,183.578606,152.489028,166.51273
2004-05-11,6017.49,1.0526,1.1398,0.004523,2.1052,3.1578,2.089,3.1294,132.985556,164.589358,189.375621,155.674462,171.723533
2004-05-12,6091.53,1.2304,1.1408,0.004527,2.4608,3.6912,2.4446,3.6628,134.621828,168.639616,196.365929,159.480069,178.013458
2004-05-13,6049.92,-0.6831,1.1418,0.004531,-1.3662,-2.0492,-1.3824,-2.0777,133.702253,166.335731,192.341922,157.275422,174.314933
2004-05-14,5906.02,-2.3785,1.1428,0.004535,-4.7571,-7.1356,-4.7733,-7.1641,130.522087,158.422994,178.617112,149.768149,161.826896
2004-05-17,5605.38,-5.0904,1.1457,0.004547,-10.1808,-15.2712,-10.1971,-15.2997,123.877991,142.294268,151.340139,134.496214,137.067937
2004-05-18,5681.77,1.3628,1.1467,0.00455,2.7256,4.0884,2.7093,4.0599,125.566198,146.172635,157.52752,138.140172,142.632796
2004-05-19,5991.6,5.4531,1.1477,0.004554,10.9061,16.3592,10.8898,16.3307,132.413391,162.114381,183.297703,153.183426,165.925715
2004-05-20,5946.21,-0.7576,1.1487,0.004558,-1.5151,-2.2727,-1.5314,-2.3012,131.410279,159.658152,179.13193,150.837597,162.107493
2004-05-21,6099.2,2.5729,1.1497,0.004562,5.1458,7.7187,5.1295,7.6902,134.791333,167.873839,192.958582,158.574857,174.573897
2004-05-24,6075.82,-0.3833,1.1526,0.004574,-0.7667,-1.15,-0.7829,-1.1785,134.274639,166.586821,190.739584,157.333314,172.516544
2004-05-25,6092.81,0.2796,1.1536,0.004578,0.5593,0.8389,0.543,0.8104,134.650115,167.518484,192.339697,158.187605,173.914581
2004-05-26,6163.28,1.1566,1.1546,0.004582,2.3132,3.4698,2.2969,3.4413,136.207491,171.393553,199.013552,161.821064,179.899502
2004-05-27,6171.62,0.1353,1.1556,0.004586,0.2706,0.406,0.2543,0.3774,136.391804,171.857404,199.821453,162.232645,180.578472
2004-05-28,6278.22,1.7273,1.1566,0.00459,3.4545,5.1818,3.4382,5.1532,138.747646,177.794256,210.175769,167.810571,189.884113
2004-05-31,6115.32,-2.5947,1.1595,0.004601,-5.1894,-7.7841,-5.2057,-7.8126,135.147583,168.567856,193.815575,159.074896,175.049187
2004-06-01,6123.97,0.1414,1.1605,0.004605,0.2829,0.4243,0.2666,0.3958,135.338746,169.044728,194.63802,159.498965,175.741977
2004-06-02,6010.89,-1.8465,1.1615,0.004609,-3.693,-5.5395,-3.7093,-5.5681,132.839697,162.801857,183.855961,153.582599,165.956441
2004-06-03,5801.97,-3.4757,1.1625,0.004613,-6.9514,-10.4271,-6.9677,-10.4557,128.222598,151.484876,164.685163,142.88142,148.60459
2004-06-04,5856.9,0.9467,1.1634,0.004617,1.8935,2.8402,1.8772,2.8116,129.436543,154.353234,169.36262,145.56355,152.782821
2004-06-07,6072.69,3.6844,1.1664,0.004629,7.3687,11.0531,7.3524,11.0245,134.205467,165.72713,188.082468,156.265978,169.626355
2004-06-08,6125.23,0.8652,1.1674,0.004632,1.7304,2.5956,1.714,2.5669,135.366592,168.594822,192.964252,158.944426,173.980537
2004-06-09,6103.78,-0.3502,1.1684,0.004636,-0.7004,-1.0506,-0.7167,-1.0792,134.892551,167.414015,190.937022,157.805232,172.10292
2004-06-10,6004.72,-1.6229,1.1693,0.00464,-3.2459,-4.8688,-3.2622,-4.8974,132.703341,161.979994,181.640707,152.657303,163.674297
2004-06-11,5869.47,-2.2524,1.1703,0.004644,-4.5048,-6.7572,-4.5211,-6.7858,129.714337,154.683136,169.366909,145.755453,152.567625
2004-06-14,5710.29,-2.712,1.1733,0.004656,-5.424,-8.136,-5.4404,-8.1647,126.196485,146.293125,155.58722,137.825829,140.110973
2004-06-15,5789.22,1.3822,1.1743,0.00466,2.7645,4.1467,2.7481,4.118,127.940825,150.337373,162.038993,141.613444,145.880799
2004-06-16,5700.8,-1.5273,1.1752,0.004664,-3.0546,-4.582,-3.071,-4.6107,125.986758,145.745103,154.614424,137.264477,139.154736
2004-06-17,5811.1,1.9348,1.1762,0.004668,3.8696,5.8044,3.8533,5.7757,128.42437,151.384903,163.588939,142.553632,147.191963
2004-06-18,5713.58,-1.6782,1.1772,0.004671,-3.3563,-5.0345,-3.3727,-5.0632,126.269194,146.303918,155.353049,137.745707,139.739324
2004-06-21,5701.61,-0.2095,1.1802,0.004683,-0.419,-0.6285,-0.4354,-0.6572,126.004659,145.690902,154.376651,137.145974,138.820909
2004-06-23,5879.15,3.1139,1.1821,0.004691,6.2277,9.3416,6.2113,9.3128,129.928264,154.764116,168.797857,145.664546,151.749058
2004-06-24,5936.62,0.9775,1.1831,0.004695,1.955,2.9326,1.9386,2.9038,131.198342,157.789823,173.747967,148.488462,156.155565
2004-06-25,5960.87,0.4085,1.1841,0.004699,0.817,1.2254,0.8006,1.1967,131.734263,159.078908,175.877152,149.677198,158.02425
2004-06-28,5867.7,-1.563,1.187,0.004711,-3.1261,-4.6891,-3.1425,-4.7179,129.675221,154.106016,167.630131,144.973636,150.568877
2004-06-29,5900.69,0.5622,1.188,0.004714,1.1245,1.6867,1.108,1.6579,130.404294,155.838878,170.457534,146.580002,153.065155
2004-06-30,6002.11,1.7188,1.189,0.004718,3.4376,5.1563,3.4211,5.1275,132.64566,161.195939,179.246914,151.594709,160.913639
2004-07-01,6014.17,0.2009,1.19,0.004722,0.4019,0.6028,0.3854,0.574,132.912184,161.843719,180.327393,152.179,161.837248
2004-07-02,5921.45,-1.5417,1.191,0.004726,-3.0834,-4.6251,-3.0998,-4.6539,130.863087,156.853454,171.987112,147.461729,154.305514
2004-07-05,5832.1,-1.5089,1.1939,0.004738,-3.0178,-4.5268,-3.0343,-4.5556,128.888467,152.119865,164.201664,142.987319,147.275966
2004-07-06,5908.49,1.3098,1.1949,0.004742,2.6196,3.9295,2.6032,3.9006,130.576673,156.104857,170.653901,146.709552,153.020628
2004-07-07,5905.33,-0.0535,1.1959,0.004746,-0.107,-0.1604,-0.1234,-0.1893,130.506838,155.93788,170.380092,146.528488,152.730955
2004-07-08,5899.31,-0.1019,1.1969,0.00475,-0.2039,-0.3058,-0.2203,-0.3347,130.373797,155.619948,169.859026,146.205628,152.21978
2004-07-09,5965.76,1.1264,1.1979,0.004753,2.2528,3.3792,2.2363,3.3503,131.842331,159.125764,175.598918,149.475292,157.319656
2004-07-12,5949.53,-0.2721,1.2008,0.004765,-0.5441,-0.8162,-0.5606,-0.8451,131.483651,158.259952,174.165754,148.637368,155.990221
2004-07-13,5896.52,-0.891,1.2018,0.004769,-1.782,-2.673,-1.7985,-2.7019,130.312138,155.439777,169.510331,145.964178,151.775541
2004-07-14,5833.42,-1.0701,1.2028,0.004773,-2.1402,-3.2104,-2.1567,-3.2393,128.917638,152.112984,164.068425,142.816132,146.859108
2004-07-15,5753.47,-1.3706,1.2038,0.004777,-2.7411,-4.1117,-2.7576,-4.1406,127.150756,147.943412,157.3225,138.877855,140.7783
2004-07-16,5711.43,-0.7307,1.2048,0.004781,-1.4614,-2.1921,-1.4779,-2.221,126.221679,145.781398,153.873883,136.825427,137.651621
2004-07-19,5698.25,-0.2308,1.2077,0.004792,-0.4615,-0.6923,-0.478,-0.7212,125.930403,145.108572,152.808621,136.171361,136.658814
2004-07-20,5531.04,-2.9344,1.2087,0.004796,-5.8688,-8.8032,-5.8853,-8.8322,122.235089,136.592412,139.356528,128.157237,124.588853
2004-07-21,5624.88,1.6966,1.2097,0.0048,3.3932,5.0898,3.3767,5.0609,124.308938,141.227284,146.449525,132.484732,130.894113
2004-07-22,5608.95,-0.2832,1.2107,0.004804,-0.5664,-0.8496,-0.5829,-0.8786,123.956888,140.427356,145.205263,131.712448,129.744089
2004-07-23,5608.45,-0.0089,1.2116,0.004808,-0.0178,-0.0267,-0.0343,-0.0557,123.945838,140.402319,145.166431,131.667214,129.67179
2004-07-26,5565.06,-0.7737,1.2146,0.00482,-1.5473,-2.321,-1.5638,-2.35,122.986926,138.229863,141.797173,129.608157,126.624546
2004-07-27,5636.08,1.2762,1.2156,0.004824,2.5524,3.8285,2.5358,3.7995,124.556456,141.757978,147.22592,132.894791,131.435668
2004-07-28,5623.98,-0.2147,1.2166,0.004828,-0.4294,-0.6441,-0.4459,-0.6731,124.289048,141.149302,146.27769,132.302199,130.550994
2004-07-29,5593.94,-0.5341,1.2175,0.004832,-1.0683,-1.6024,-1.0848,-1.6315,123.625169,139.641429,143.933702,130.866958,128.421117
2004-07-30,5670.9,1.3758,1.2185,0.004835,2.7515,4.1273,2.735,4.0983,125.325973,143.483731,149.874311,134.446179,133.684184
2004-08-02,5601.67,-1.2208,1.2215,0.004847,-2.4416,-3.6624,-2.4581,-3.6914,123.796001,139.98045,144.385342,131.141302,128.749311
2004-08-03,5620.96,0.3444,1.2225,0.004851,0.6887,1.0331,0.6722,1.004,124.222307,140.944528,145.876965,132.022789,130.041977
2004-08-04,5577.1,-0.7803,1.2234,0.004855,-1.5606,-2.3409,-1.5771,-2.37,123.253008,138.744965,142.462158,129.940593,126.960039
2004-08-05,5697.83,2.1647,1.2244,0.004859,4.3295,6.4942,4.3129,6.4652,125.921121,144.751915,151.713986,135.544834,135.168199
2004-08-06,5668.99,-0.5062,1.2254,0.004863,-1.0123,-1.5185,-1.0289,-1.5476,125.283762,143.286569,149.41025,134.150234,133.076386
2004-08-09,5672.17,0.0561,1.2284,0.004874,0.1122,0.1683,0.0956,0.1392,125.354039,143.447321,149.661684,134.278493,133.261588
2004-08-10,5668.81,-0.0592,1.2293,0.004878,-0.1185,-0.1777,-0.1351,-0.2068,125.279784,143.277375,149.395721,134.097139,132.985961
2004-08-11,5644.54,-0.4281,1.2303,0.004882,-0.8563,-1.2844,-0.8729,-1.3135,124.743421,142.050542,147.476887,132.926668,131.239156
2004-08-12,5648.25,0.0657,1.2313,0.004886,0.1315,0.1972,0.1149,0.168,124.825411,142.237273,147.767684,133.079351,131.459696
2004-08-13,5671.35,0.409,1.2323,0.00489,0.818,1.2269,0.8014,1.1978,125.335918,143.400707,149.580689,134.14579,133.034298
2004-08-16,5631.73,-0.6986,1.2352,0.004902,-1.3972,-2.0958,-1.4138,-2.125,124.460322,141.397115,146.445781,132.249228,130.207365
2004-08-17,5623.75,-0.1417,1.2362,0.004906,-0.2834,-0.4251,-0.3,-0.4543,124.283965,140.996403,145.823252,131.852472,129.615875
2004-08-18,5713.9,1.603,1.2372,0.00491,3.206,4.8091,3.1894,4.7799,126.276266,145.516813,152.835993,136.057815,135.811364
2004-08-19,5898.75,3.2351,1.2382,0.004913,6.4702,9.7053,6.4536,9.6761,130.361421,154.932022,167.669154,144.838397,148.952591
2004-08-20,5920.15,0.3628,1.2392,0.004917,0.7256,1.0884,0.709,1.0592,130.834357,156.056174,169.494008,145.865234,150.530247
2004-08-23,5962.91,0.7223,1.2421,0.004929,1.4446,2.1668,1.4279,2.1376,131.779346,158.310496,173.166667,147.948076,153.748002
2004-08-26,6128.36,2.7747,1.2451,0.004941,5.5493,8.324,5.5327,8.2947,135.435765,167.095626,187.580984,156.133536,166.500951
2004-08-27,6111.83,-0.2697,1.2461,0.004945,-0.5395,-0.8092,-0.5561,-0.8384,135.070454,166.194214,186.0631,155.265261,165.104935
2004-08-30,6104.11,-0.1263,1.249,0.004956,-0.2526,-0.3789,-0.2693,-0.4082,134.899844,165.774366,185.358037,154.847151,164.430952
2004-08-31,6079.49,-0.4033,1.25,0.00496,-0.8067,-1.21,-0.8233,-1.2393,134.355746,164.437114,183.115197,153.572238,162.393176
2004-09-01,6177.14,1.6062,1.251,0.004964,3.2124,4.8187,3.1958,4.7894,136.513795,169.719559,191.938897,158.480054,170.170781
2004-09-02,6172.19,-0.0801,1.252,0.004968,-0.1603,-0.2404,-0.1769,-0.2697,136.404401,169.447552,191.477471,158.199635,169.711824
2004-09-03,6075.48,-1.5669,1.253,0.004972,-3.1337,-4.7006,-3.1504,-4.7299,134.267125,164.137517,182.47688,153.215694,161.684608
2004-09-06,6091.14,0.2578,1.2559,0.004984,0.5155,0.7733,0.4988,0.7439,134.613209,164.98367,183.887923,153.979972,162.887444
2004-09-07,6165.96,1.2283,1.2569,0.004988,2.4567,3.685,2.44,3.6557,136.266719,169.036796,190.664238,157.737066,168.842094
2004-09-08,6165.11,-0.0138,1.2579,0.004992,-0.0276,-0.0414,-0.0443,-0.0707,136.247934,168.990191,190.585387,157.667238,168.722716
2004-09-09,6162.97,-0.0347,1.2589,0.004995,-0.0694,-0.1041,-0.0861,-0.1335,136.20064,168.872874,190.386922,157.531448,168.497487
2004-09-10,6166.41,0.0558,1.2598,0.004999,0.1116,0.1675,0.0949,0.1381,136.276663,169.061394,190.705728,157.680991,168.730162
2004-09-13,6253.0,1.4042,1.2628,0.005011,2.8084,4.2127,2.7917,4.1833,138.190288,173.809384,198.739515,162.083008,175.788608
2004-09-14,6244.74,-0.1321,1.2638,0.005015,-0.2642,-0.3963,-0.2809,-0.4257,138.007744,173.350191,197.951931,161.627694,175.040303
2004-09-15,6193.54,-0.8199,1.2648,0.005019,-1.6398,-2.4597,-1.6565,-2.4891,136.876232,170.507629,193.082967,158.950322,170.683422
2004-09-16,6214.71,0.3418,1.2657,0.005023,0.6836,1.0254,0.6669,0.996,137.344086,171.673246,195.062884,160.010341,172.38345
2004-09-17,6138.08,-1.233,1.2667,0.005027,-2.4661,-3.6991,-2.4828,-3.7285,135.650575,167.439639,187.847261,156.037576,165.956056
2004-09-20,6186.86,0.7947,1.2697,0.005038,1.5894,2.3841,1.5727,2.3547,136.728605,170.100961,192.32579,158.491543,169.863808
2004-09-21,6276.24,1.4447,1.2707,0.005042,2.8893,4.334,2.8726,4.3046,138.703889,175.015772,200.661236,163.044373,177.175722
2004-09-22,6298.32,0.3518,1.2716,0.005046,0.7036,1.0554,0.6869,1.026,139.191853,176.247194,202.779032,164.164249,178.993459
2004-09-23,6263.58,-0.5516,1.2726,0.00505,-1.1032,-1.6547,-1.1199,-1.6842,138.424105,174.302921,199.423593,162.32576,175.978865
2004-09-24,6216.06,-0.7587,1.2736,0.005054,-1.5173,-2.276,-1.5341,-2.3055,137.37392,171.658147,194.884683,159.835515,171.921694
2004-09-27,6170.71,-0.7296,1.2766,0.005066,-1.4591,-2.1887,-1.4759,-2.2182,136.371693,169.153443,190.61927,157.47651,168.108158
2004-09-29,6129.25,-0.6719,1.2785,0.005074,-1.3438,-2.0157,-1.3605,-2.0452,135.455433,166.880413,186.77705,155.333967,164.670072
2004-09-30,6167.3,0.6208,1.2795,0.005077,1.2416,1.8624,1.2248,1.8329,136.296332,168.95238,190.255551,157.236503,167.688246
2004-10-01,6272.47,1.7053,1.2805,0.005081,3.4106,5.1159,3.3938,5.0863,138.620572,174.714617,199.988745,162.572766,176.217415
2004-10-04,6412.42,2.2312,1.2834,0.005093,4.4624,6.6935,4.4456,6.664,141.713445,182.511006,213.375063,169.800032,187.960516
2004-10-05,6415.65,0.0504,1.2844,0.005097,0.1007,0.1511,0.0839,0.1216,141.784827,182.694872,213.6975,169.94256,188.18899
2004-10-06,6394.27,-0.3332,1.2854,0.005101,-0.6665,-0.9997,-0.6833,-1.0293,141.312333,181.477219,211.561075,168.781338,186.251943
2004-10-07,6438.99,0.6994,1.2864,0.005105,1.3988,2.0981,1.3819,2.0686,142.300637,184.015636,215.999898,171.113797,190.104664
2004-10-08,6438.1,-0.0138,1.2874,0.005109,-0.0276,-0.0415,-0.0445,-0.071,142.280969,183.964767,215.910331,171.037722,189.969598
2004-10-11,6424.51,-0.2111,1.2903,0.00512,-0.4222,-0.6333,-0.439,-0.6629,141.980632,183.188115,214.543054,170.286864,188.710352
2004-10-12,6308.75,-1.8018,1.2913,0.005124,-3.6037,-5.4055,-3.6205,-5.4352,139.422354,176.586566,202.945826,164.121578,178.453639
2004-10-13,6291.36,-0.2756,1.2923,0.005128,-0.5513,-0.8269,-0.5681,-0.8566,139.038038,175.613049,201.267572,163.18915,176.925062
2004-10-14,6152.17,-2.2124,1.2933,0.005132,-4.4248,-6.6372,-4.4416,-6.6668,135.961962,167.842525,187.909045,155.940881,165.129774
2004-10-15,6141.36,-0.1757,1.2943,0.005136,-0.3514,-0.5271,-0.3683,-0.5568,135.723063,167.252692,186.918518,155.366608,164.210384
2004-10-18,6089.97,-0.8368,1.2972,0.005148,-1.6736,-2.5104,-1.6904,-2.54,134.587352,164.4536,182.226198,152.740253,160.039413
2004-10-19,6127.61,0.6181,1.2982,0.005152,1.2361,1.8542,1.2193,1.8245,135.41919,166.486461,185.605029,154.602573,162.959377
2004-10-20,6107.09,-0.3349,1.2992,0.005155,-0.6698,-1.0046,-0.6866,-1.0343,134.965701,165.371409,183.74038,153.541045,161.273874
2004-10-21,6116.68,0.157,1.3002,0.005159,0.3141,0.4711,0.2972,0.4414,135.177638,165.890777,184.605966,153.997362,161.985749
2004-10-22,6092.86,-0.3894,1.3011,0.005163,-0.7789,-1.1683,-0.7957,-1.198,134.65122,164.59873,182.44925,152.771969,160.045205
2004-10-26,5974.92,-1.9357,1.3051,0.005179,-3.8714,-5.8071,-3.8883,-5.8368,132.044765,158.226427,171.854193,146.831734,150.703609
2004-10-27,5962.35,-0.2104,1.3061,0.005183,-0.4208,-0.6311,-0.4376,-0.6609,131.76697,157.560676,170.769556,146.189128,149.707656
2004-10-28,6009.4,0.7891,1.307,0.005187,1.5782,2.3674,1.5613,2.3376,132.806768,160.047356,174.812278,148.471642,153.207247
2004-10-29,6020.34,0.182,1.308,0.005191,0.3641,0.5461,0.3472,0.5164,133.04854,160.630083,175.767005,148.987135,153.998407
2004-11-01,5967.84,-0.872,1.311,0.005202,-1.7441,-2.6161,-1.761,-2.6459,131.888299,157.828553,171.16871,146.363477,149.923761
2004-11-02,6076.98,1.8288,1.312,0.005206,3.6576,5.4864,3.6407,5.4566,134.300275,163.601298,180.559722,151.692121,158.104546
2004-11-03,6185.91,1.7925,1.313,0.00521,3.585,5.3775,3.5681,5.3477,136.70761,169.466412,190.269333,157.104629,166.559536
2004-11-04,6183.67,-0.0362,1.3139,0.005214,-0.0724,-0.1086,-0.0893,-0.1384,136.658107,169.34368,190.062636,156.964267,166.328973
2004-11-05,6258.13,1.2041,1.3149,0.005218,2.4083,3.6124,2.3914,3.5826,138.303661,173.421947,196.928492,160.717839,172.287902
2004-11-08,6264.72,0.1053,1.3179,0.00523,0.2106,0.3159,0.1937,0.2861,138.449299,173.787184,197.550607,161.029101,172.780792
2004-11-09,6272.89,0.1304,1.3189,0.005234,0.2608,0.3912,0.2439,0.3614,138.629854,174.240466,198.323502,161.421828,173.405233
2004-11-10,6276.36,0.0553,1.3198,0.005237,0.1106,0.166,0.0937,0.1361,138.706541,174.433237,198.652624,161.573066,173.641258
2004-11-11,6198.31,-1.2436,1.3208,0.005241,-2.4871,-3.7307,-2.5041,-3.7605,136.981648,170.09489,191.241559,157.527183,167.111456
2004-11-12,6243.31,0.726,1.3218,0.005245,1.452,2.178,1.4351,2.1482,137.976141,172.564682,195.406825,159.787788,170.701273
2004-11-15,6232.26,-0.177,1.3248,0.005257,-0.354,-0.531,-0.3709,-0.5608,137.731938,171.95384,194.369276,159.195067,169.743899
2004-11-16,6236.64,0.0703,1.3257,0.005261,0.1406,0.2108,0.1236,0.181,137.828735,172.195536,194.779082,159.391819,170.051054
2004-11-17,6360.97,1.9935,1.3267,0.005265,3.9871,5.9806,3.9701,5.9507,140.576408,179.061115,206.428087,165.719853,180.170332
2004-11-18,6382.93,0.3452,1.3277,0.005269,0.6905,1.0357,0.6735,1.0058,141.06172,180.297461,208.566044,166.835952,181.982465
2004-11-19,6358.72,-0.3793,1.3287,0.005273,-0.7586,-1.1379,-0.7756,-1.1678,140.526683,178.92975,206.192815,165.542031,179.857294
2004-11-22,6160.22,-3.1217,1.3316,0.005284,-6.2434,-9.3651,-6.2604,-9.395,136.139865,167.75846,186.882668,155.178462,162.959654
2004-11-23,6173.6,0.2172,1.3326,0.005288,0.4344,0.6516,0.4174,0.6217,136.435561,168.487202,188.100395,155.826185,163.972707
2004-11-24,6237.13,1.0291,1.3336,0.005292,2.0581,3.0872,2.0411,3.0572,137.839564,171.954869,193.907389,159.006785,168.985727
2004-11-25,6177.97,-0.9485,1.3346,0.005296,-1.897,-2.8455,-1.914,-2.8755,136.532138,168.692839,188.389677,155.963349,164.126548
2004-11-26,6097.16,-1.308,1.3356,0.0053,-2.6161,-3.9241,-2.6331,-3.9541,134.74625,164.279717,180.99707,151.856716,157.636871
2004-11-29,6104.13,0.1143,1.3385,0.005312,0.2286,0.3429,0.2116,0.313,134.900286,164.655312,181.617793,152.178065,158.130208
2004-11-30,6166.92,1.0286,1.3395,0.005316,2.0573,3.0859,2.0403,3.0559,136.287934,168.042758,187.222415,155.282914,162.962584
2004-12-01,6118.23,-0.7895,1.3405,0.005319,-1.5791,-2.3686,-1.5961,-2.3986,135.211893,165.389245,182.787855,152.804449,159.053749
2004-12-02,6191.38,1.1956,1.3415,0.005323,2.3912,3.5868,2.3742,3.5568,136.828496,169.344056,189.344129,156.432309,164.710988
2004-12-03,6218.1,0.4316,1.3425,0.005327,0.8631,1.2947,0.8461,1.2647,137.419004,170.805725,191.795574,157.755886,166.794061
2004-12-06,6245.43,0.4395,1.3454,0.005339,0.879,1.3186,0.862,1.2885,138.022993,172.307187,194.324533,159.115744,168.943248
2004-12-07,6251.87,0.1031,1.3464,0.005343,0.2062,0.3093,0.1892,0.2793,138.165316,172.662538,194.925668,159.416762,169.415099
2004-12-08,6217.3,-0.553,1.3474,0.005347,-1.1059,-1.6589,-1.123,-1.6889,137.401324,170.753047,191.692117,157.626572,166.55381
2004-12-09,6239.94,0.3641,1.3484,0.005351,0.7283,1.0924,0.7112,1.0624,137.901665,171.996625,193.78623,158.747665,168.323226
2004-12-10,6237.47,-0.0396,1.3493,0.005355,-0.0792,-0.1188,-0.0962,-0.1488,137.847078,171.86046,193.556107,158.594905,168.072718
2004-12-13,6202.92,-0.5539,1.3523,0.005366,-1.1078,-1.6617,-1.1249,-1.6918,137.083529,169.956553,190.339724,156.810881,165.229215
2004-12-14,6235.38,0.5233,1.3533,0.00537,1.0466,1.5699,1.0295,1.5398,137.800889,171.735325,193.327879,158.425292,167.773416
2004-12-15,6333.44,1.5726,1.3543,0.005374,3.1453,4.7179,3.1282,4.6878,139.967999,177.136878,202.448926,163.381147,175.638303
2004-12-16,6351.0,0.2773,1.3552,0.005378,0.5545,0.8318,0.5374,0.8017,140.356073,178.119132,204.132846,164.25921,177.046315
2004-12-17,6340.54,-0.1647,1.3562,0.005382,-0.3294,-0.4941,-0.3465,-0.5242,140.124908,177.532413,203.124235,163.690077,176.118195
2004-12-20,6315.87,-0.3891,1.3592,0.005394,-0.7782,-1.1673,-0.7953,-1.1974,139.579705,176.150914,200.753266,162.388303,174.009351
2004-12-21,6317.89,0.032,1.3602,0.005397,0.064,0.0959,0.0469,0.0658,139.624347,176.26359,200.945886,162.464402,174.123829
2004-12-22,6332.32,0.2284,1.3611,0.005401,0.4568,0.6852,0.4397,0.655,139.943248,177.068759,202.322762,163.178742,175.264391
2004-12-23,6328.94,-0.0534,1.3621,0.005405,-0.1068,-0.1601,-0.1239,-0.1903,139.86855,176.879731,201.998781,162.97662,174.930852
2004-12-24,6351.89,0.3626,1.3631,0.005409,0.7252,1.0879,0.7081,1.0577,140.375741,178.162534,204.196244,164.130697,176.781054
2004-12-27,6316.56,-0.5562,1.3661,0.005421,-1.1124,-1.6686,-1.1296,-1.6988,139.594954,176.180609,200.78895,162.276755,173.77782
2004-12-28,6331.99,0.2443,1.367,0.005425,0.4886,0.7328,0.4714,0.7026,139.935955,177.041352,202.260403,163.04177,174.998819
2004-12-29,6424.77,1.4653,1.368,0.005429,2.9305,4.3958,2.9134,4.3656,141.986378,182.229578,211.151314,167.791798,182.638484
2004-12-30,6437.82,0.2031,1.369,0.005433,0.4062,0.6094,0.3891,0.5791,142.274781,182.969868,212.437986,168.444679,183.696198
2004-12-31,6478.8,0.6366,1.37,0.005437,1.2731,1.9097,1.256,1.8794,143.180432,185.29926,216.494814,170.560274,187.148611
2005-01-03,6482.42,0.0559,1.3846,0.005495,0.1117,0.1676,0.0945,0.1373,143.260433,185.506331,216.85771,170.721536,187.405509
2005-01-04,6395.19,-1.3456,1.3895,0.005514,-2.6913,-4.0369,-2.7085,-4.0673,141.332664,180.513838,208.103342,166.097545,179.783144
2005-01-05,6319.12,-1.1895,1.3944,0.005533,-2.379,-3.5685,-2.3962,-3.5989,139.65153,176.219458,200.677251,162.11749,173.312937
2005-01-06,6312.52,-0.1044,1.3993,0.005553,-0.2089,-0.3133,-0.2261,-0.3438,139.505671,175.851354,200.048459,161.750864,172.717079
2005-01-07,6263.85,-0.771,1.4041,0.005572,-1.542,-2.313,-1.5593,-2.3435,138.430072,173.139699,195.421293,159.228693,168.6694
2005-01-10,6271.09,0.1156,1.4188,0.00563,0.2312,0.3468,0.2138,0.3161,138.590075,173.539943,196.09892,159.569174,169.202608
2005-01-11,6305.71,0.5521,1.4236,0.005649,1.1041,1.6562,1.0868,1.6255,139.355171,175.456022,199.346654,161.303306,171.95301
2005-01-12,6203.8,-1.6162,1.4285,0.005669,-3.2323,-4.8485,-3.2497,-4.8792,137.102976,169.784742,189.681406,156.061459,163.563138
2005-01-13,6177.27,-0.4276,1.4334,0.005688,-0.8553,-1.2829,-0.8727,-1.3137,136.516668,168.332603,187.247939,154.699547,161.414467
2005-01-14,6214.81,0.6077,1.4383,0.005707,1.2154,1.8231,1.198,1.7924,137.346296,170.378557,190.661722,156.552863,164.307588
2005-01-17,6273.64,0.9466,1.4529,0.005765,1.8932,2.8398,1.8757,2.8089,138.646429,173.604198,196.07619,159.489399,168.922879
2005-01-18,6261.3,-0.1967,1.4578,0.005785,-0.3934,-0.5901,-0.4109,-0.621,138.373717,172.921253,194.919168,158.834084,167.873829
2005-01-19,6220.97,-0.6441,1.4627,0.005804,-1.2882,-1.9323,-1.3057,-1.9633,137.482431,170.693628,191.152654,156.760122,164.577929
2005-01-20,6213.31,-0.1231,1.4675,0.005824,-0.2463,-0.3694,-0.2638,-0.4004,137.313146,170.273271,190.446545,156.346598,163.918946
2005-01-21,6171.96,-0.6655,1.4724,0.005843,-1.331,-1.9965,-1.3486,-2.0276,136.399318,168.006911,186.64424,154.238166,160.595372
2005-01-24,6090.25,-1.3239,1.487,0.005901,-2.6478,-3.9717,-2.6654,-4.0028,134.59354,163.558455,179.231344,150.12712,154.166998
2005-01-25,6102.14,0.1952,1.4919,0.00592,0.3905,0.5857,0.3728,0.5545,134.856307,164.197086,180.281084,150.686844,155.02183
2005-01-26,6157.67,0.91,1.4968,0.00594,1.82,2.73,1.8024,2.6988,136.083511,167.185501,185.202804,153.40278,159.205531
2005-01-27,6165.47,0.1267,1.5017,0.005959,0.2533,0.38,0.2357,0.3487,136.25589,167.609053,185.906601,153.764316,159.76073
2005-01-28,6204.69,0.6361,1.5065,0.005978,1.2722,1.9084,1.2546,1.877,137.122645,169.741454,189.454387,155.693385,162.759516
2005-01-31,6325.31,1.944,1.5212,0.006036,3.888,5.832,3.8703,5.8006,139.788328,176.341047,200.503443,161.719161,172.200548
2005-02-01,6311.91,-0.2118,1.5261,0.006056,-0.4237,-0.6355,-0.4415,-0.667,139.49219,175.593899,199.229159,161.00524,171.051938
2005-02-02,6351.11,0.621,1.5309,0.006075,1.2421,1.8631,1.2243,1.8316,140.358504,177.774945,202.941086,162.976451,174.184975
2005-02-03,6367.9,0.2644,1.5358,0.006094,0.5287,0.7931,0.5109,0.7615,140.72956,178.714888,204.550591,163.80914,175.511456
2005-02-14,6450.0,1.2893,1.5895,0.006307,2.5786,3.8678,2.5605,3.8359,142.543957,183.323155,212.462275,168.003546,182.243825
2005-02-15,6460.54,0.1634,1.5943,0.006327,0.3268,0.4902,0.3088,0.4582,142.776889,183.922295,213.503834,168.522322,183.078892
2005-02-16,6482.81,0.3447,1.5992,0.006346,0.6894,1.0341,0.6714,1.0021,143.269052,185.190285,215.711728,169.653719,184.913465
2005-02-17,6407.67,-1.1591,1.6041,0.006365,-2.3181,-3.4772,-2.3362,-3.5093,141.60847,180.897332,208.211009,165.690265,178.424312
2005-02-18,6453.34,0.7127,1.609,0.006385,1.4255,2.1382,1.4074,2.1061,142.61777,183.475986,212.663016,168.02217,182.182078
2005-02-21,6482.19,0.4471,1.6236,0.006443,0.8941,1.3412,0.876,1.3089,143.25535,185.116464,215.51518,169.49398,184.566687
2005-02-22,6444.61,-0.5797,1.6285,0.006462,-1.1595,-1.7392,-1.1777,-1.7715,142.424838,182.970067,211.766882,167.497928,181.297058
2005-02-23,6459.75,0.2349,1.6333,0.006482,0.4698,0.7048,0.4517,0.6724,142.75943,183.829752,213.259362,168.254453,182.516184
2005-02-24,6466.95,0.1115,1.6382,0.006501,0.2229,0.3344,0.2047,0.302,142.918549,184.239543,213.972455,168.598889,183.067404
2005-02-25,6550.84,1.2972,1.6431,0.00652,2.5944,3.8916,2.5762,3.8592,144.772504,189.019495,222.299479,172.942327,190.132393
2005-03-01,6605.56,0.8353,1.6626,0.006598,1.6706,2.5059,1.6523,2.4734,145.981807,192.177303,227.870166,175.79989,194.835085
2005-03-02,6569.22,-0.5501,1.6675,0.006617,-1.1003,-1.6504,-1.1186,-1.683,145.178699,190.062804,224.109334,173.833378,191.555958
2005-03-03,6545.08,-0.3675,1.6724,0.006636,-0.7349,-1.1024,-0.7533,-1.1351,144.645209,188.665952,221.638721,172.523916,189.381699
2005-03-04,6535.84,-0.1412,1.6772,0.006656,-0.2823,-0.4235,-0.3007,-0.4562,144.441007,188.133254,220.700027,172.005117,188.517738
2005-03-07,6564.23,0.4344,1.6919,0.006714,0.8687,1.3031,0.8503,1.2703,145.068421,189.767659,223.576019,173.467725,190.912536
2005-03-08,6514.44,-0.7585,1.6967,0.006733,-1.517,-2.2755,-1.5354,-2.3083,143.96807,186.888865,218.488514,170.804216,186.505614
2005-03-09,6556.59,0.647,1.7016,0.006752,1.294,1.9411,1.2756,1.9082,144.899578,189.307298,222.729535,172.982977,190.064519
2005-03-10,6534.69,-0.334,1.7065,0.006772,-0.668,-1.002,-0.6865,-1.035,144.415592,188.042668,220.497684,171.795435,188.097439
2005-03-11,6547.04,0.189,1.7114,0.006791,0.378,0.567,0.3595,0.534,144.688525,188.753436,221.747849,172.413014,189.10193
2005-03-14,6495.62,-0.7854,1.726,0.006849,-1.5708,-2.3562,-1.5893,-2.3892,143.552151,185.788524,216.523072,169.672782,184.583825
2005-03-15,6398.51,-1.495,1.7309,0.006869,-2.99,-4.485,-3.0086,-4.5181,141.406036,180.233419,206.811964,164.568024,176.244098
2005-03-16,6407.88,0.1464,1.7358,0.006888,0.2929,0.4393,0.2743,0.4062,141.613111,180.761288,207.720532,165.019412,176.959967
2005-03-17,6365.78,-0.657,1.7406,0.006907,-1.314,-1.971,-1.3326,-2.0042,140.682708,178.386072,203.626339,162.820329,173.413352
2005-03-18,6377.9,0.1904,1.7455,0.006927,0.3808,0.5712,0.3622,0.538,140.950558,179.065341,204.789409,163.409988,174.346248
2005-03-21,6393.74,0.2484,1.7601,0.006985,0.4967,0.7451,0.478,0.7117,141.30062,179.954786,206.31524,164.191127,175.587137
2005-03-22,6351.35,-0.663,1.765,0.007004,-1.326,-1.989,-1.3447,-2.0223,140.363808,177.568613,202.211678,161.983257,172.036151
2005-03-23,6352.09,0.0117,1.7699,0.007023,0.0233,0.035,0.0046,0.0015,140.380161,177.609991,202.282357,161.990664,172.038803
2005-03-24,6332.57,-0.3073,1.7748,0.007043,-0.6146,-0.9219,-0.6333,-0.9554,139.948773,176.518398,200.417513,160.964696,170.395227
2005-03-25,6401.07,1.0817,1.7796,0.007062,2.1634,3.2451,2.1447,3.2116,141.462611,180.33723,206.921318,164.416826,175.867706
2005-03-28,6382.95,-0.2831,1.7943,0.00712,-0.5662,-0.8492,-0.585,-0.8828,141.062162,179.316241,205.164074,163.455017,174.315079
2005-03-29,6290.62,-1.4465,1.7992,0.007139,-2.893,-4.3395,-2.9119,-4.3732,139.021684,174.128587,196.260918,158.695427,166.691978
2005-03-30,6287.18,-0.0547,1.804,0.007159,-0.1094,-0.1641,-0.1282,-0.1977,138.945661,173.938144,195.938945,158.491925,166.362367
2005-03-31,6337.73,0.804,1.8089,0.007178,1.608,2.4121,1.5891,2.3783,140.062808,176.735129,200.665093,161.010599,170.319012
2005-04-01,6361.87,0.3809,1.8138,0.007198,0.7618,1.1427,0.7429,1.1089,140.596298,178.081474,202.958053,162.206719,172.207714
2005-04-04,6352.55,-0.1465,1.8284,0.007256,-0.293,-0.4395,-0.312,-0.4734,140.390327,177.559703,202.066066,161.700703,171.392535
2005-04-06,6345.76,-0.1069,1.8382,0.007294,-0.2138,-0.3207,-0.2328,-0.3546,140.240269,177.180129,201.418124,161.324307,170.784756
2005-04-07,6301.72,-0.694,1.843,0.007314,-1.388,-2.082,-1.407,-2.116,139.266993,174.720845,197.224558,159.05442,167.170929
2005-04-08,6356.92,0.876,1.8479,0.007333,1.7519,2.6279,1.7329,2.5938,140.486904,177.781784,202.407331,161.810616,171.507047
2005-04-11,6309.8,-0.7412,1.8625,0.007391,-1.4825,-2.2237,-1.5016,-2.2579,139.445559,175.146207,197.906362,159.380906,167.634649
2005-04-12,6325.07,0.242,1.8674,0.00741,0.484,0.726,0.4649,0.6918,139.783024,175.99393,199.343189,160.121855,168.794391
2005-04-13,6329.5,0.07,1.8723,0.00743,0.1401,0.2101,0.1209,0.1759,139.880926,176.240458,199.762042,160.315509,169.091287
2005-04-14,6306.91,-0.3569,1.8772,0.007449,-0.7138,-1.0707,-0.733,-1.105,139.381691,174.982453,197.623188,159.140467,167.222889
2005-04-15,6213.72,-1.4776,1.8821,0.007468,-2.9552,-4.4328,-2.9743,-4.4671,137.322207,169.811422,188.863032,154.407079,159.752943
2005-04-18,6030.95,-2.9414,1.8967,0.007527,-5.8828,-8.8242,-5.902,-8.8586,133.283019,159.821775,172.197413,145.29394,145.601068
2005-04-19,6065.96,0.5805,1.9016,0.007546,1.161,1.7415,1.1418,1.7071,134.056735,161.677324,175.19626,146.952846,148.086565
2005-04-20,6007.57,-0.9626,1.9064,0.007565,-1.9252,-2.8878,-1.9444,-2.9222,132.766325,158.564761,170.137023,144.095435,143.759106
2005-04-21,6038.15,0.509,1.9113,0.007585,1.018,1.5271,0.9988,1.4925,133.442138,160.179028,172.73514,145.5346,145.904767
2005-04-22,6064.64,0.4387,1.9162,0.007604,0.8774,1.3161,0.8581,1.2816,134.027563,161.584473,175.008562,146.783448,147.774622
2005-04-25,6076.48,0.1952,1.9308,0.007662,0.3905,0.5857,0.3711,0.551,134.289225,162.215396,176.03357,147.328149,148.588862
2005-04-26,6126.02,0.8153,1.9357,0.007681,1.6305,2.4458,1.6112,2.4111,135.384051,164.860398,180.339041,149.701844,152.171483
2005-04-27,6097.54,-0.4649,1.9406,0.007701,-0.9298,-1.3947,-0.9492,-1.4295,134.754648,163.327518,177.823841,148.280857,149.996232
2005-04-28,6165.29,1.1111,1.9455,0.00772,2.2222,3.3333,2.2028,3.2985,136.251912,166.956995,183.751263,151.54716,154.943867
2005-04-29,6139.75,-0.4143,1.9503,0.007739,-0.8285,-1.2428,-0.848,-1.2776,135.687482,165.573741,181.467669,150.262108,152.964292
2005-05-03,6139.92,0.0028,1.9698,0.007817,0.0055,0.0083,-0.014,-0.0267,135.691239,165.58291,181.482742,150.241093,152.923463
2005-05-04,6124.57,-0.25,1.9747,0.007836,-0.5,-0.75,-0.5195,-0.785,135.352006,164.754984,180.121604,149.460517,151.722942
2005-05-05,6255.23,2.1334,1.9796,0.007856,4.2667,6.4001,4.2472,6.365,138.239571,171.784665,191.649608,155.808384,161.380178
2005-05-06,6297.93,0.6826,1.9845,0.007875,1.3653,2.0479,1.3457,2.0128,139.183234,174.129968,195.574374,157.905061,164.628392
2005-05-09,6296.76,-0.0186,1.9991,0.007933,-0.0372,-0.0557,-0.0568,-0.091,139.157377,174.06527,195.465375,157.815379,164.47864
2005-05-10,6278.76,-0.2859,2.004,0.007952,-0.5717,-0.8576,-0.5914,-0.8929,138.75958,173.0701,193.789096,156.882089,163.010087
2005-05-11,6244.29,-0.549,2.0088,0.007972,-1.098,-1.647,-1.1177,-1.6823,137.997799,171.169812,190.597426,155.128672,160.267785
2005-05-12,6262.73,0.2953,2.0137,0.007991,0.5906,0.8859,0.5709,0.8506,138.40532,172.180774,192.285984,156.014336,161.630995
2005-05-13,6312.2,0.7899,2.0186,0.00801,1.5798,2.3697,1.5601,2.3343,139.498599,174.900924,196.842649,158.448324,165.404024
2005-05-16,6253.52,-0.9296,2.0332,0.008068,-1.8593,-2.7889,-1.879,-2.8244,138.20178,171.649067,191.352934,155.471031,160.732374
2005-05-17,6219.9,-0.5376,2.0381,0.008088,-1.0752,-1.6129,-1.095,-1.6484,137.458784,169.803437,188.266695,153.768579,158.082874
2005-05-18,6216.54,-0.054,2.043,0.008107,-0.108,-0.1621,-0.1279,-0.1976,137.384528,169.619981,187.961589,153.57198,157.77044
2005-05-19,6301.76,1.3709,2.0479,0.008126,2.7417,4.1126,2.7219,4.077,139.267877,174.270483,195.691655,157.752033,164.202676
2005-05-20,6284.85,-0.2683,2.0527,0.008146,-0.5367,-0.805,-0.5565,-0.8407,138.894168,173.335216,194.116311,156.874099,162.822274
2005-05-23,6211.84,-1.1617,2.0674,0.008204,-2.3234,-3.485,-2.3433,-3.5208,137.280659,169.308006,187.351266,153.198107,157.089594
2005-05-24,6236.9,0.4034,2.0722,0.008223,0.8068,1.2103,0.7869,1.1745,137.834481,170.674062,189.618721,154.403649,158.934546
2005-05-25,6215.18,-0.3482,2.0771,0.008243,-0.6965,-1.0447,-0.7164,-1.0806,137.354473,169.485317,187.637679,153.297426,157.217099
2005-05-26,6268.91,0.8645,2.082,0.008262,1.729,2.5935,1.709,2.5576,138.541897,172.415706,192.504042,155.917316,161.238083
2005-05-27,6323.92,0.8775,2.0869,0.008281,1.755,2.6325,1.735,2.5966,139.757609,175.441618,197.57174,158.622517,165.424771
2005-05-30,6342.89,0.3,2.1015,0.008339,0.5999,0.8999,0.5799,0.8639,140.176843,176.494171,199.34972,159.542366,166.853831
2005-05-31,6345.05,0.0341,2.1064,0.008359,0.0681,0.1022,0.048,0.0661,140.224579,176.614377,199.553379,159.619015,166.964087
2005-06-01,6302.88,-0.6646,2.1113,0.008378,-1.3292,-1.9938,-1.3493,-2.03,139.292628,174.266774,195.574609,157.46526,163.574784
2005-06-02,6376.76,1.1722,2.1161,0.008397,2.3443,3.5165,2.3242,3.4803,140.925364,178.352154,202.451966,161.125102,169.267723
2005-06-03,6449.09,1.1343,2.121,0.008417,2.2686,3.4028,2.2484,3.3666,142.523846,182.398162,209.341052,164.747882,174.966336
2005-06-06,6480.36,0.4849,2.1356,0.008475,0.9697,1.4546,0.9496,1.4183,143.214908,184.166967,212.386177,166.312275,177.447899
2005-06-07,6447.19,-0.5119,2.1405,0.008494,-1.0237,-1.5356,-1.0439,-1.5719,142.481856,182.281634,209.124854,164.576127,174.658567
2005-06-08,6506.18,0.915,2.1454,0.008513,1.8299,2.7449,1.8097,2.7085,143.785525,185.617286,214.865157,167.554501,179.389238
2005-06-09,6489.56,-0.2554,2.1503,0.008533,-0.5109,-0.7663,-0.5311,-0.8028,143.418226,184.66897,213.218542,166.664556,177.949138
2005-06-10,6538.6,0.7557,2.1552,0.008552,1.5114,2.267,1.4911,2.2306,144.502002,187.459965,218.052261,169.149678,181.918394
2005-06-13,6601.03,0.9548,2.1698,0.00861,1.9096,2.8644,1.8893,2.8278,145.881695,191.039669,224.298095,172.345366,187.062663
2005-06-14,6574.74,-0.3983,2.1747,0.00863,-0.7965,-1.1948,-0.8169,-1.2314,145.30069,189.517957,221.618151,170.937514,184.759102
2005-06-15,6623.87,0.7473,2.1795,0.008649,1.4945,2.2418,1.4742,2.2051,146.386455,192.350318,226.586301,173.457393,188.833223
2005-06-16,6656.84,0.4977,2.1844,0.008668,0.9955,1.4932,0.9751,1.4565,147.115087,194.265147,229.969769,175.148804,191.583643
2005-06-17,6669.0,0.1827,2.1893,0.008688,0.3653,0.548,0.3449,0.5113,147.383821,194.974872,231.230021,175.75297,192.563148
2005-06-20,6672.68,0.0552,2.2039,0.008746,0.1104,0.1655,0.0899,0.1287,147.465149,195.190049,231.612804,175.910989,192.810949
2005-06-21,6653.15,-0.2927,2.2088,0.008765,-0.5854,-0.8781,-0.6058,-0.915,147.033539,194.047462,229.57911,174.845243,191.046819
2005-06-22,6747.98,1.4253,2.2137,0.008784,2.8507,4.276,2.8302,4.2391,149.129266,199.579133,239.395957,179.793694,199.145457
2005-06-23,6767.18,0.2845,2.2185,0.008804,0.5691,0.8536,0.5485,0.8166,149.553583,200.714857,241.439414,180.779951,200.771711
2005-06-24,6732.27,-0.5159,2.2234,0.008823,-1.0317,-1.5476,-1.0523,-1.5846,148.782078,198.643992,237.702858,178.877651,197.590227
2005-06-27,6692.49,-0.5909,2.2381,0.008881,-1.1818,-1.7727,-1.2024,-1.8098,147.902946,196.296476,233.489204,176.7269,194.014271
2005-06-28,6707.68,0.227,2.2429,0.008901,0.4539,0.6809,0.4333,0.6437,148.238643,197.187547,235.079061,177.49272,195.263231
2005-06-29,6617.4,-1.3459,2.2478,0.00892,-2.6918,-4.0378,-2.7125,-4.075,146.243469,191.879574,225.587133,172.67829,187.306324
2005-06-30,6630.72,0.2013,2.2527,0.008939,0.4026,0.6039,0.3819,0.5666,146.537839,192.652033,226.949369,173.337799,188.367637
2005-07-01,6663.24,0.4904,2.2576,0.008959,0.9809,1.4713,0.9602,1.4341,147.256526,194.541736,230.288551,175.00223,191.068925
2005-07-04,6662.99,-0.0038,2.2722,0.009017,-0.0075,-0.0113,-0.0282,-0.0487,147.251001,194.527138,230.262631,174.952833,190.975962
2005-07-05,6632.64,-0.4555,2.2771,0.009036,-0.911,-1.3665,-0.9317,-1.4039,146.580271,192.754991,227.116083,173.322719,188.294773
2005-07-06,6634.97,0.0351,2.2819,0.009055,0.0703,0.1054,0.0495,0.0679,146.631764,192.890418,227.355436,173.408508,188.422648
2005-07-07,6628.57,-0.0965,2.2868,0.009075,-0.1929,-0.2894,-0.2137,-0.3269,146.490325,192.518299,226.697525,173.037937,187.806713
2005-07-08,6617.65,-0.1647,2.2917,0.009094,-0.3295,-0.4942,-0.3503,-0.5318,146.248994,191.883984,225.57713,172.431814,186.807999
2005-07-11,6723.77,1.6036,2.3063,0.009152,3.2072,4.8108,3.1863,4.7731,148.594229,198.038051,236.42913,177.926048,195.724535
2005-07-12,6789.57,0.9786,2.3112,0.009171,1.9572,2.9359,1.9364,2.8981,150.048399,201.914121,243.370342,181.371332,201.396916
2005-07-13,6821.6,0.4718,2.3161,0.009191,0.9435,1.4153,0.9226,1.3775,150.756256,203.819193,246.814662,183.04468,204.171183
2005-07-14,6880.15,0.8583,2.321,0.00921,1.7166,2.5749,1.6957,2.5371,152.050202,207.317966,253.169915,186.14855,209.351259
2005-07-15,6872.33,-0.1137,2.3258,0.00923,-0.2273,-0.341,-0.2483,-0.3788,151.877381,206.846689,252.306654,185.686424,208.558226
2005-07-19,6895.75,0.3408,2.3453,0.009307,0.6816,1.0224,0.6606,0.9844,152.394959,208.256502,254.886138,186.912995,210.611235
2005-07-20,6905.16,0.1365,2.3502,0.009326,0.2729,0.4094,0.2519,0.3714,152.602919,208.824879,255.929598,187.383809,211.393371
2005-07-21,6885.72,-0.2815,2.3551,0.009346,-0.5631,-0.8446,-0.5841,-0.8826,152.173298,207.649076,253.768053,186.289283,209.527525
2005-07-22,6874.13,-0.1683,2.36,0.009365,-0.3366,-0.505,-0.3577,-0.5431,151.917161,206.950049,252.486631,185.622907,208.389679
2005-07-25,6917.34,0.6286,2.3746,0.009423,1.2572,1.8858,1.236,1.8476,152.872095,209.551778,257.247937,187.917295,212.239792
2005-07-26,6878.01,-0.5686,2.3795,0.009442,-1.1371,-1.7057,-1.1583,-1.744,152.002908,207.168876,252.860025,185.740666,208.538408
2005-07-27,6838.38,-0.5762,2.3844,0.009462,-1.1524,-1.7286,-1.1735,-1.7668,151.127092,204.781527,248.489207,183.560932,204.853866
2005-07-28,6897.52,0.8648,2.3892,0.009481,1.7296,2.5945,1.7085,2.5561,152.434076,208.32353,254.936195,186.697001,210.090232
2005-07-29,6830.34,-0.974,2.3941,0.0095,-1.9479,-2.9219,-1.9692,-2.9603,150.949409,204.265499,247.487164,183.020651,203.870961
2005-08-01,6826.38,-0.058,2.4087,0.009558,-0.116,-0.1739,-0.1372,-0.2124,150.861894,204.028647,247.05671,182.769513,203.437915
2005-08-02,6868.94,0.6235,2.4136,0.009578,1.2469,1.8704,1.2256,1.8319,151.802463,206.572736,251.677637,185.009615,207.164633
2005-08-03,6995.11,1.8368,2.4185,0.009597,3.6736,5.5105,3.6523,5.4719,154.590799,214.16147,265.546225,191.766785,218.50047
2005-08-04,6992.07,-0.0435,2.4234,0.009617,-0.0869,-0.1304,-0.1082,-0.169,154.523616,213.975326,265.200014,191.559216,218.131259
2005-08-08,6923.03,-0.9874,2.4429,0.009694,-1.9748,-2.9622,-1.9962,-3.001,152.997843,209.749723,257.344225,187.735293,211.585215
2005-08-09,6927.89,0.0702,2.4478,0.009713,0.1404,0.2106,0.119,0.1718,153.105248,210.044213,257.886196,187.958663,211.948739
2005-08-10,6910.08,-0.2571,2.4526,0.009733,-0.5142,-0.7712,-0.5356,-0.8101,152.71165,208.964263,255.897299,186.95197,210.231825
2005-08-11,6928.63,0.2684,2.4575,0.009752,0.5369,0.8053,0.5154,0.7665,153.121602,210.086186,257.958156,187.915593,211.843202
2005-08-12,6928.18,-0.0065,2.4624,0.009771,-0.013,-0.0195,-0.0345,-0.0584,153.111657,210.058896,257.907894,187.850823,211.719502
2005-08-15,6813.51,-1.6551,2.477,0.009829,-3.3102,-4.9654,-3.3318,-5.0044,150.577469,203.105424,245.101804,181.592039,201.124217
2005-08-16,6812.83,-0.01,2.4819,0.009849,-0.02,-0.0299,-0.0415,-0.069,150.562441,203.064884,245.02842,181.51665,200.985435
2005-08-17,6814.63,0.0264,2.4868,0.009868,0.0528,0.0793,0.0313,0.0402,150.602221,203.172186,245.222635,181.573405,201.066152
2005-08-18,6779.83,-0.5107,2.4916,0.009887,-1.0213,-1.532,-1.0429,-1.5711,149.833146,201.097123,241.465829,179.679729,197.907125
2005-08-19,6729.65,-0.7401,2.4965,0.009907,-1.4803,-2.2204,-1.5019,-2.2596,148.724176,198.120337,236.104298,176.981143,193.435239
2005-08-22,6781.88,0.7761,2.5112,0.009965,1.5522,2.3284,1.5306,2.2891,149.878451,201.195631,241.601639,179.689953,197.863084
2005-08-23,6770.29,-0.1709,2.516,0.009984,-0.3418,-0.5127,-0.3635,-0.552,149.622314,200.507958,240.362973,179.036809,196.770834
2005-08-24,6697.38,-1.0769,2.5209,0.010004,-2.1538,-3.2307,-2.1755,-3.2701,148.011015,196.189373,232.597486,175.141806,190.33622
2005-08-25,6685.44,-0.1783,2.5258,0.010023,-0.3566,-0.5348,-0.3783,-0.5742,147.747142,195.489845,231.353471,174.479268,189.24322
2005-08-26,6714.87,0.4402,2.5307,0.010042,0.8804,1.3206,0.8587,1.2812,148.397541,197.210979,234.408797,175.977473,191.667769
2005-08-29,6620.31,-1.4082,2.5453,0.0101,-2.8164,-4.2247,-2.8382,-4.2642,146.30778,191.656658,224.505837,170.982806,183.494635
2005-08-30,6602.38,-0.2708,2.5502,0.01012,-0.5417,-0.8125,-0.5635,-0.8521,145.91153,190.618518,222.681728,170.01933,181.931069
2005-08-31,6605.52,0.0476,2.555,0.010139,0.0951,0.1427,0.0733,0.103,145.980923,190.799829,222.999441,170.143907,182.118518
2005-09-02,6700.7,1.4409,2.5648,0.010178,2.8818,4.3227,2.8599,4.283,148.084386,196.29836,232.639146,175.009934,189.918704
2005-09-05,6681.91,-0.2804,2.5794,0.010236,-0.5608,-0.8413,-0.5828,-0.8811,147.66913,195.197446,230.682056,173.990013,188.245346
2005-09-06,6727.25,0.6785,2.5843,0.010255,1.3571,2.0356,1.3351,1.9958,148.671137,197.846465,235.377925,176.313015,192.00229
2005-09-07,6728.76,0.0224,2.5892,0.010275,0.0449,0.0673,0.0229,0.0274,148.704507,197.935282,235.536424,176.35341,192.054944
2005-09-08,6738.51,0.1449,2.5941,0.010294,0.2898,0.4347,0.2678,0.3947,148.919981,198.5089,236.560304,176.825686,192.813078
2005-09-09,6704.74,-0.5011,2.5989,0.010313,-1.0023,-1.5034,-1.0243,-1.5434,148.173669,196.519248,233.003742,175.014428,189.837125
2005-09-12,6755.21,0.7528,2.6136,0.010371,1.5055,2.2583,1.4834,2.2181,149.289048,199.47785,238.265557,177.610635,194.047988
2005-09-13,6759.74,0.0671,2.6184,0.010391,0.1341,0.2012,0.112,0.161,149.38916,199.745387,238.744895,177.809597,194.360467
2005-09-14,6737.64,-0.3269,2.6233,0.01041,-0.6539,-0.9808,-0.676,-1.021,148.900754,198.439309,236.403268,176.607626,192.376062
2005-09-15,6665.23,-1.0747,2.6282,0.010429,-2.1494,-3.2241,-2.1716,-3.2643,147.300505,194.17402,228.781329,172.772498,186.096235
2005-09-16,6609.24,-0.84,2.6331,0.010449,-1.6801,-2.5201,-1.7022,-2.5604,146.063135,190.911776,223.015826,169.831535,181.33151
2005-09-19,6615.4,0.0932,2.6477,0.010507,0.1864,0.2796,0.1642,0.2392,146.19927,191.267647,223.639398,170.110386,181.765309
2005-09-20,6691.92,1.1567,2.6526,0.010526,2.3134,3.4701,2.2912,3.4297,147.890349,195.692413,231.399875,174.007883,187.999255
2005-09-21,6650.43,-0.62,2.6575,0.010545,-1.24,-1.86,-1.2623,-1.9005,146.973427,193.265822,227.095827,171.81146,184.426404
2005-09-22,6546.06,-1.5694,2.6623,0.010565,-3.1387,-4.7081,-3.161,-4.7486,144.666867,187.199701,216.403891,166.380473,175.668711
2005-09-23,6495.1,-0.7785,2.6672,0.010584,-1.557,-2.3355,-1.5793,-2.376,143.540659,184.285064,211.349885,163.752897,171.494851
2005-09-26,6500.21,0.0787,2.6818,0.010642,0.1573,0.236,0.135,0.1954,143.653589,184.575035,211.848721,163.973965,171.829908
2005-09-27,6516.48,0.2503,2.6867,0.010662,0.5006,0.7509,0.4782,0.7102,144.013154,185.499016,213.439491,164.75814,173.050262
2005-09-28,6501.5,-0.2299,2.6916,0.010681,-0.4598,-0.6896,-0.4821,-0.7304,143.682098,184.646171,211.967535,163.963767,171.786367
2005-09-29,6596.0,1.4535,2.6965,0.0107,2.907,4.3605,2.8846,4.3198,145.770533,190.013875,221.210448,168.69349,179.207137
2005-09-30,6715.21,1.8073,2.7013,0.01072,3.6146,5.4219,3.5922,5.3811,148.405055,196.882144,233.204307,174.753279,188.850485
2005-10-03,6721.04,0.0868,2.716,0.010778,0.1736,0.2605,0.1512,0.2195,148.533897,197.224002,233.811695,175.017422,189.265074
2005-10-04,6741.05,0.2977,2.7208,0.010797,0.5954,0.8932,0.5729,0.8522,148.976114,198.39836,235.90002,176.020167,190.878003
2005-10-05,6733.25,-0.1157,2.7257,0.010816,-0.2314,-0.3471,-0.2539,-0.3881,148.803736,197.93923,235.081148,175.57318,190.137158
2005-10-06,6690.52,-0.6346,2.7306,0.010836,-1.2692,-1.9038,-1.2918,-1.9449,147.85941,195.426939,230.60559,173.305186,186.439234
2005-10-07,6675.2,-0.229,2.7355,0.010855,-0.458,-0.6869,-0.4805,-0.728,147.52084,194.531959,229.021463,172.472415,185.081924
2005-10-11,6658.46,-0.2508,2.755,0.010932,-0.5016,-0.7523,-0.5242,-0.7936,147.150889,193.556268,227.298449,171.56832,183.613175
2005-10-12,6571.54,-1.3054,2.7599,0.010952,-2.6108,-3.9162,-2.6335,-3.9575,145.229971,188.502874,218.39694,167.050116,176.346702
2005-10-13,6541.6,-0.4556,2.7647,0.010971,-0.9112,-1.3668,-0.9339,-1.4081,144.568302,186.785232,215.411884,165.490069,173.863546
2005-10-14,6551.45,0.1506,2.7696,0.010991,0.3011,0.4517,0.2785,0.4104,144.785985,187.347735,216.384952,165.950881,174.577044
2005-10-17,6394.71,-2.3924,2.7842,0.011049,-4.7849,-7.1773,-4.8076,-7.2188,141.322057,178.383343,200.854263,157.972544,161.974668
2005-10-18,6399.67,0.0776,2.7891,0.011068,0.1551,0.2327,0.1324,0.1912,141.431672,178.660066,201.321636,158.181626,162.28435
2005-10-19,6249.77,-2.3423,2.794,0.011087,-4.6846,-7.0269,-4.7074,-7.0685,138.118906,170.290527,187.174916,150.735368,150.813338
2005-10-20,6308.87,0.9456,2.7989,0.011107,1.8913,2.8369,1.8685,2.7953,139.425006,173.51118,192.484889,153.551793,155.029063
2005-10-21,6298.72,-0.1609,2.8038,0.011126,-0.3218,-0.4827,-0.3446,-0.5243,139.200693,172.952874,191.555854,153.022652,154.21629
2005-10-24,6275.17,-0.3739,2.8184,0.011184,-0.7478,-1.1217,-0.7707,-1.1634,138.680242,171.659583,189.407255,151.843365,152.422154
2005-10-25,6279.6,0.0706,2.8233,0.011203,0.1412,0.2118,0.1183,0.17,138.778144,171.901951,189.808395,152.022968,152.681295
2005-10-26,6257.09,-0.3585,2.8281,0.011223,-0.7169,-1.0754,-0.7399,-1.1172,138.280677,170.669544,187.76722,150.89822,150.975543
2005-10-27,6213.69,-0.6936,2.833,0.011242,-1.3872,-2.0808,-1.4102,-2.1227,137.321544,168.301971,183.860086,148.770292,147.770802
2005-10-28,6182.73,-0.4983,2.8379,0.011261,-0.9965,-1.4948,-1.0195,-1.5367,136.637333,166.624826,181.111812,147.253612,145.500079
2005-10-31,6326.87,2.3313,2.8525,0.01132,4.6627,6.994,4.6396,6.952,139.822803,174.393984,193.778768,154.085649,155.615235
2005-11-01,6364.31,0.5918,2.8574,0.011339,1.1835,1.7753,1.1605,1.7332,140.650221,176.457978,197.218894,155.87378,158.312425
2005-11-02,6443.29,1.241,2.8623,0.011358,2.482,3.7229,2.4589,3.6809,142.395667,180.837605,204.561252,159.706562,164.139695
2005-11-03,6429.73,-0.2105,2.8672,0.011378,-0.4209,-0.6314,-0.444,-0.6735,142.095993,180.076454,203.269746,158.997486,163.034256
2005-11-04,6488.71,0.9173,2.872,0.011397,1.8346,2.7519,1.8115,2.7097,143.399441,183.380141,208.863534,161.877724,167.452068
2005-11-07,6432.34,-0.8687,2.8867,0.011455,-1.7375,-2.6062,-1.7606,-2.6485,142.153673,180.193949,203.420093,159.027639,163.01711
2005-11-08,6420.53,-0.1836,2.8915,0.011474,-0.3672,-0.5508,-0.3904,-0.5931,141.892674,179.532264,202.299634,158.406815,162.050216
2005-11-09,6553.81,2.0758,2.8964,0.011494,4.1517,6.2275,4.1285,6.1852,144.838141,186.985873,214.89789,164.946612,172.073299
2005-11-10,6572.82,0.2901,2.9013,0.011513,0.5801,0.8702,0.5569,0.8278,145.258259,188.070617,216.767891,165.865201,173.497704
2005-11-11,6668.19,1.451,2.9062,0.011532,2.902,4.3529,2.8787,4.3105,147.36592,193.528334,226.203637,170.639983,180.976316
2005-11-14,6677.35,0.1374,2.9208,0.01159,0.2747,0.4121,0.2514,0.3696,147.568355,194.060028,227.135835,171.069041,181.645132
2005-11-15,6619.32,-0.8691,2.9257,0.01161,-1.7381,-2.6072,-1.7614,-2.6498,146.285901,190.687042,221.214013,168.055778,176.831978
2005-11-16,6636.29,0.2564,2.9305,0.011629,0.5127,0.7691,0.4894,0.7265,146.660935,191.664774,222.915397,168.878253,178.116642
2005-11-17,6608.61,-0.4171,2.9354,0.011649,-0.8342,-1.2513,-0.8576,-1.294,146.049212,190.065904,220.126053,167.430028,175.811878
2005-11-18,6702.79,1.4251,2.9403,0.011668,2.8502,4.2753,2.8268,4.2326,148.130575,195.483203,229.537172,172.163018,183.253346
2005-11-21,6699.14,-0.0545,2.9549,0.011726,-0.1089,-0.1634,-0.1323,-0.2062,148.04991,195.270302,229.16219,171.935174,182.875511
2005-11-22,6650.59,-0.7247,2.9598,0.011745,-1.4494,-2.1742,-1.4729,-2.217,146.976963,192.439977,224.179838,169.402756,178.821133
2005-11-23,6721.23,1.0622,2.9647,0.011765,2.1243,3.1865,2.1009,3.1436,148.538096,196.528023,231.323293,172.961656,184.442536
2005-11-24,6708.47,-0.1898,2.9696,0.011784,-0.3797,-0.5695,-0.4032,-0.6125,148.256102,195.781821,230.005817,172.264305,183.312877
2005-11-25,6726.38,0.267,2.9744,0.011803,0.534,0.8009,0.5104,0.758,148.65191,196.827202,231.847998,173.143615,184.702309
2005-11-28,6809.39,1.2341,2.9891,0.011861,2.4682,3.7023,2.4446,3.6592,150.486417,201.685276,240.43168,177.376326,191.460937
2005-11-29,6738.79,-1.0368,2.9939,0.011881,-2.0736,-3.1104,-2.0972,-3.1535,148.926169,197.503116,232.953267,173.6564,185.423145
2005-11-30,6808.99,1.0417,2.9988,0.0119,2.0835,3.1252,2.0599,3.082,150.477578,201.618014,240.233499,177.233468,191.137932
2005-12-01,6783.03,-0.3813,3.0037,0.011919,-0.7625,-1.1438,-0.7861,-1.187,149.903866,200.080634,237.485752,175.840152,188.869152
2005-12-02,6836.96,0.7951,3.0086,0.011939,1.5901,2.3852,1.5665,2.342,151.09571,203.262206,243.150303,178.594687,193.292419
2005-12-05,6967.97,1.9162,3.0232,0.011997,3.8324,5.7486,3.8087,5.7052,153.99101,211.052037,257.12806,185.396827,204.320233
2005-12-06,6970.39,0.0347,3.0281,0.012016,0.0695,0.1042,0.0457,0.0608,154.044491,211.198635,257.395964,185.481624,204.444446
2005-12-07,6947.35,-0.3305,3.033,0.012036,-0.6611,-0.9916,-0.6848,-1.0351,153.535311,209.802439,254.843566,184.211401,202.328325
2005-12-08,6859.18,-1.2691,3.0378,0.012055,-2.5382,-3.8074,-2.562,-3.8508,151.586768,204.477162,245.140777,179.491914,194.537013
2005-12-09,6875.82,0.2426,3.0427,0.012074,0.4852,0.7278,0.4614,0.6843,151.95451,205.469263,246.924872,180.320105,195.868172
2005-12-12,6877.95,0.031,3.0573,0.012132,0.062,0.0929,0.0381,0.0493,152.001582,205.596564,247.15435,180.388838,195.964744
2005-12-13,6872.34,-0.0816,3.0622,0.012152,-0.1631,-0.2447,-0.187,-0.2884,151.877602,205.261174,246.549576,180.051533,195.399654
2005-12-14,6843.99,-0.4125,3.0671,0.012171,-0.825,-1.2376,-0.8489,-1.2813,151.251072,203.567674,243.498353,178.523032,192.896043
2005-12-15,6869.36,0.3707,3.072,0.01219,0.7414,1.1121,0.7175,1.0683,151.811745,205.076885,246.206226,179.803906,194.956799
2005-12-16,6970.58,1.4735,3.0768,0.01221,2.947,4.4205,2.9231,4.3767,154.04869,211.1205,257.08977,185.059724,203.489502
2005-12-19,7059.2,1.2713,3.0915,0.012268,2.5427,3.814,2.5187,3.7701,156.007178,216.488632,266.895251,189.720846,211.161319
2005-12-20,7055.27,-0.0557,3.0964,0.012287,-0.1113,-0.167,-0.1353,-0.211,155.920326,216.247585,266.449493,189.464083,210.715863
2005-12-21,7103.61,0.6852,3.1012,0.012306,1.3703,2.0555,1.3463,2.0115,156.988632,219.210876,271.926322,192.014857,214.954427
2005-12-22,7043.59,-0.8449,3.1061,0.012326,-1.6898,-2.5348,-1.7139,-2.5788,155.6622,215.506552,265.033622,188.723959,209.411216
2005-12-23,7148.49,1.4893,3.111,0.012345,2.9786,4.4679,2.9545,4.4238,157.980473,221.925618,276.875038,194.299889,218.675226
2005-12-26,7172.8,0.3401,3.1256,0.012403,0.6801,1.0202,0.656,0.976,158.51772,223.435031,279.69976,195.574563,220.809592
2005-12-27,7169.31,-0.0487,3.1305,0.012423,-0.0973,-0.146,-0.1214,-0.1902,158.440591,223.217602,279.291487,195.337055,220.38966
2005-12-28,7161.42,-0.1101,3.1354,0.012442,-0.2201,-0.3302,-0.2443,-0.3744,158.266223,222.726289,278.369386,194.859938,219.564507
2005-12-29,7217.54,0.7836,3.1402,0.012461,1.5673,2.3509,1.5431,2.3066,159.506466,226.217049,284.913657,197.866859,224.629076
2005-12-30,7187.69,-0.4136,3.1451,0.012481,-0.8272,-1.2407,-0.8513,-1.2851,158.846786,224.345891,281.378655,196.182342,221.742472
2006-01-02,7092.99,-1.3175,3.1587,0.012534,-2.6351,-3.9526,-2.6593,-3.997,156.753932,218.434241,270.256907,190.965263,212.87937
2006-01-03,7235.36,2.0072,3.163,0.012552,4.0144,6.0216,3.9901,5.9771,159.900286,227.203034,286.53064,198.585021,225.603406
2006-01-04,7262.44,0.3743,3.1673,0.012569,0.7485,1.1228,0.7243,1.0783,160.498749,228.903754,289.747861,200.023315,228.036125
2006-01-05,7365.0,1.4122,3.1716,0.012586,2.8244,4.2366,2.8001,4.1921,162.765309,235.3689,302.023297,205.624173,237.595526
2006-01-06,7348.47,-0.2244,3.176,0.012603,-0.4489,-0.6733,-0.4732,-0.7179,162.399998,234.312377,299.989715,204.651182,235.889849
2006-01-09,7400.69,0.7106,3.189,0.012655,1.4212,2.1319,1.3969,2.0872,163.554052,237.642537,306.385112,207.509928,240.813338
2006-01-10,7362.28,-0.519,3.1933,0.012672,-1.038,-1.557,-1.0624,-1.6017,162.705197,235.175781,301.614644,205.305365,236.956169
2006-01-11,7393.55,0.4247,3.1976,0.012689,0.8495,1.2742,0.8251,1.2295,163.396259,237.173517,305.457811,206.999277,239.869438
2006-01-12,7382.27,-0.1526,3.2019,0.012706,-0.3051,-0.4577,-0.3295,-0.5025,163.146973,236.449827,304.059742,206.317125,238.664157
2006-01-13,7334.78,-0.6433,3.2063,0.012723,-1.2866,-1.9299,-1.311,-1.9747,162.097451,233.407673,298.191711,203.612254,233.951242
2006-01-16,7380.7,0.6261,3.2193,0.012775,1.2521,1.8782,1.2276,1.8333,163.112276,236.330209,303.792273,206.111871,238.240177
2006-01-17,7366.28,-0.1954,3.2236,0.012792,-0.3907,-0.5861,-0.4152,-0.6311,162.793596,235.406752,302.011676,205.255997,236.736709
2006-01-18,7133.45,-3.1608,3.2279,0.012809,-6.3215,-9.4823,-6.346,-9.5272,157.648091,220.525494,273.374136,192.230402,214.18222
2006-01-19,7148.13,0.2058,3.2322,0.012826,0.4116,0.6174,0.387,0.5724,157.972517,221.433138,275.061874,192.974429,215.408104
2006-01-20,7119.96,-0.3941,3.2366,0.012844,-0.7882,-1.1823,-0.8127,-1.2273,157.349964,219.68785,271.809908,191.406071,212.764358
2006-01-23,7005.08,-1.6135,3.2496,0.012895,-3.227,-4.8405,-3.2516,-4.8856,154.811135,212.598557,258.653013,185.182339,202.369475
2006-01-24,7081.88,1.0963,3.2539,0.012912,2.1927,3.289,2.1681,3.2439,156.508402,217.260194,267.160218,189.197232,208.934041
2006-01-25,7169.96,1.2437,3.2582,0.012929,2.4875,3.7312,2.4628,3.686,158.454956,222.664487,277.128534,193.856856,216.635326
2006-02-03,7238.47,0.9555,3.2972,0.013084,1.911,2.8665,1.8862,2.821,159.969016,226.91967,285.072543,197.513458,222.74663
2006-02-06,7376.07,1.901,3.3102,0.013136,3.8019,5.7029,3.7771,5.6572,163.009954,235.546948,301.329839,204.973673,235.347912
2006-02-07,7376.2,0.0018,3.3145,0.013153,0.0035,0.0053,-0.0213,-0.0404,163.012827,235.555251,301.345771,204.929944,235.252871
2006-02-08,7270.87,-1.428,3.3188,0.01317,-2.8559,-4.2839,-2.8808,-4.3296,160.685051,228.827929,288.43638,199.026284,225.06732
2006-02-09,7277.47,0.0908,3.3232,0.013187,0.1815,0.2723,0.1567,0.2266,160.83091,229.243358,289.221849,199.338065,225.577278
2006-02-10,7238.82,-0.5311,3.3275,0.013204,-1.0622,-1.5933,-1.0871,-1.639,159.976751,226.808375,284.613753,197.171075,221.87996
2006-02-13,7203.01,-0.4947,3.3405,0.013256,-0.9894,-1.4841,-1.0143,-1.53,159.185356,224.564361,280.389853,195.17107,218.485289
2006-02-14,7258.63,0.7722,3.3448,0.013273,1.5444,2.3165,1.5194,2.2706,160.414549,228.032431,286.885172,198.13645,223.446261
2006-02-15,7242.74,-0.2189,3.3491,0.01329,-0.4378,-0.6567,-0.4628,-0.7027,160.063382,227.034051,285.001096,197.219435,221.876147
2006-02-16,7336.52,1.2948,3.3535,0.013307,2.5896,3.8844,2.5646,3.8385,162.135905,232.913387,296.071797,202.277352,230.392778
2006-02-17,7325.35,-0.1523,3.3578,0.013325,-0.3045,-0.4568,-0.3295,-0.5028,161.88905,232.204157,294.719471,201.610778,229.234431
2006-02-20,7339.4,0.1918,3.3708,0.013376,0.3836,0.5754,0.3585,0.5293,162.199553,233.09489,296.415284,202.333587,230.447728
2006-02-21,7278.99,-0.8231,3.3751,0.013393,-1.6462,-2.4693,-1.6713,-2.5154,160.864501,229.257721,289.095974,198.952019,224.650983
2006-02-22,7168.34,-1.5201,3.3794,0.01341,-3.0403,-4.5604,-3.0654,-4.6066,158.419154,222.287697,275.912083,192.853396,214.302276
2006-02-23,7106.85,-0.8578,3.3838,0.013428,-1.7156,-2.5734,-1.7407,-2.6196,157.060235,218.47413,268.811764,189.496333,208.688372
2006-02-24,7176.59,0.9813,3.3881,0.013445,1.9626,2.9439,1.9375,2.8977,158.601478,222.761933,276.725368,193.167753,214.735463
2006-02-27,7202.28,0.358,3.4011,0.013496,0.7159,1.0739,0.6907,1.0276,159.169223,224.356773,279.697145,194.502033,216.941979
2006-03-01,7259.09,0.7888,3.4097,0.013531,1.5776,2.3663,1.5523,2.3199,160.424715,227.896126,286.315714,197.521325,221.974832
2006-03-02,7291.55,0.4472,3.4141,0.013548,0.8943,1.3415,0.8691,1.295,161.142075,229.934263,290.156612,199.237929,224.849472
2006-03-03,7193.53,-1.3443,3.4184,0.013565,-2.6886,-4.0329,-2.7139,-4.0794,158.975849,223.75227,278.454922,193.830885,215.677002
2006-03-06,7217.82,0.3377,3.4314,0.013617,0.6753,1.013,0.65,0.9664,159.512654,225.263334,281.275653,195.090797,217.761295
2006-03-07,7128.22,-1.2414,3.4357,0.013634,-2.4827,-3.7241,-2.5081,-3.7707,157.532509,219.670622,270.800621,190.197756,209.550064
2006-03-08,7090.26,-0.5325,3.44,0.013651,-1.0651,-1.5976,-1.0904,-1.6443,156.693599,217.330992,266.474327,188.123802,206.104514
2006-03-09,7119.79,0.4165,3.4444,0.013668,0.833,1.2495,0.8076,1.2028,157.346207,219.141302,269.803819,189.643088,208.583456
2006-03-10,7124.4,0.0647,3.4487,0.013685,0.1295,0.1942,0.1041,0.1475,157.448087,219.425086,270.327905,189.840519,208.891141
2006-03-13,7183.62,0.8312,3.4617,0.013737,1.6625,2.4937,1.637,2.4468,158.75684,223.072931,277.069028,192.948233,214.002383
2006-03-14,7090.74,-1.2929,3.466,0.013754,-2.5859,-3.8788,-2.6113,-3.9257,156.704207,217.304526,266.322007,187.909692,205.601297
2006-03-15,7155.16,0.9085,3.4703,0.013771,1.817,2.7255,1.7915,2.6786,158.127879,221.252988,273.580684,191.27617,211.108573
2006-03-16,7140.1,-0.2105,3.4747,0.013788,-0.421,-0.6314,-0.4464,-0.6784,157.795055,220.321613,271.853207,190.422218,209.676467
2006-03-17,7165.99,0.3626,3.479,0.013806,0.7252,1.0878,0.6997,1.0408,158.36722,221.919385,274.810426,191.75458,211.85883
2006-03-20,7152.76,-0.1846,3.492,0.013857,-0.3692,-0.5539,-0.3948,-0.6009,158.074839,221.09996,273.288344,190.997518,210.585674
2006-03-21,7088.57,-0.8974,3.4963,0.013874,-1.7948,-2.6922,-1.8204,-2.7394,156.65625,217.131588,265.930745,187.520576,204.816972
2006-03-22,7015.27,-1.0341,3.5006,0.013891,-2.0681,-3.1022,-2.0937,-3.1493,155.036332,212.641051,257.681102,183.594428,198.36662
2006-03-23,6986.01,-0.4171,3.505,0.013909,-0.8342,-1.2513,-0.8598,-1.2985,154.389691,210.867241,254.456815,182.015892,195.790923
2006-03-24,6999.2,0.1888,3.5093,0.013926,0.3776,0.5664,0.352,0.5192,154.681188,211.663501,255.898104,182.656551,196.807472
2006-03-27,7048.85,0.7094,3.5223,0.013977,1.4187,2.1281,1.393,2.0808,155.778445,214.666442,261.343872,185.201048,200.902604
2006-03-28,7083.98,0.4984,3.5266,0.013994,0.9968,1.4951,0.9711,1.4478,156.554812,216.806147,265.251322,186.999457,203.811239
2006-03-29,7132.47,0.6845,3.5309,0.014012,1.369,2.0535,1.3433,2.0061,157.626433,219.774233,270.698276,189.511395,207.899933
2006-03-30,7185.19,0.7392,3.5353,0.014029,1.4783,2.2175,1.4526,2.17,158.791537,223.023177,276.700914,192.264189,212.411449
2006-03-31,7259.73,1.0374,3.5396,0.014046,2.0748,3.1122,2.0491,3.0648,160.438859,227.650514,285.312497,196.203819,218.921388
2006-04-03,7311.09,0.7075,3.5526,0.014098,1.4149,2.1224,1.3891,2.0748,161.573906,230.871606,291.36795,198.929335,223.463641
2006-04-04,7316.4,0.0726,3.5569,0.014115,0.1453,0.2179,0.1194,0.1703,161.691256,231.206968,292.002806,199.166932,223.844186
2006-04-06,7420.92,1.4286,3.5656,0.014149,2.8571,4.2857,2.8313,4.2381,164.001132,237.812881,304.517212,204.80592,233.330816
2006-04-07,7444.1,0.3124,3.5699,0.014166,0.6247,0.9371,0.5988,0.8894,164.513406,239.298547,307.370783,206.032396,235.406021
2006-04-10,7442.67,-0.0192,3.5829,0.014218,-0.0384,-0.0576,-0.0643,-0.1054,164.481803,239.206609,307.193647,205.899827,235.157832
2006-04-11,7416.92,-0.346,3.5872,0.014235,-0.692,-1.0379,-0.7179,-1.0858,163.912732,237.551404,304.00518,204.421677,232.604562
2006-04-12,7473.25,0.7595,3.5915,0.014252,1.519,2.2784,1.493,2.2306,165.157616,241.159714,310.931753,207.473695,237.792969
2006-04-13,7525.11,0.6939,3.5959,0.014269,1.3879,2.0818,1.3619,2.0339,166.303714,244.506729,317.404808,210.299295,242.629491
2006-04-14,7631.36,1.4119,3.6002,0.014286,2.8239,4.2358,2.7979,4.1879,168.651821,251.411304,330.8495,216.18323,252.790524
2006-04-17,7683.55,0.6839,3.6132,0.014338,1.3678,2.0517,1.3417,2.0036,169.805212,254.85005,337.637425,219.083832,257.855497
2006-04-18,7671.88,-0.1519,3.6175,0.014355,-0.3038,-0.4556,-0.3298,-0.5037,169.547307,254.075903,336.098985,218.361233,256.556617
2006-04-19,7726.02,0.7057,3.6218,0.014372,1.4114,2.1171,1.3853,2.069,170.743792,257.6619,343.214476,221.386212,261.864702
2006-04-20,7796.22,0.9086,3.6262,0.01439,1.8172,2.7259,1.7911,2.6777,172.295201,262.344224,352.570001,225.351548,268.876678
2006-04-21,7785.59,-0.1363,3.6305,0.014407,-0.2727,-0.409,-0.2988,-0.4572,172.06028,261.628821,351.127833,224.678177,267.647312
2006-04-24,7788.86,0.042,3.6435,0.014458,0.084,0.126,0.0578,0.0777,172.132546,261.848593,351.570261,224.808124,267.855329
2006-04-25,7749.24,-0.5087,3.6478,0.014475,-1.0174,-1.526,-1.0435,-1.5743,171.25695,259.184675,346.205209,222.462178,263.638371
2006-04-26,7868.93,1.5445,3.6521,0.014493,3.0891,4.6336,3.0629,4.5853,173.90208,267.191089,362.247028,229.275924,275.72689
2006-04-27,7832.96,-0.4571,3.6565,0.01451,-0.9142,-1.3713,-0.9404,-1.4197,173.107149,264.748352,357.279379,227.119711,271.81232
2006-04-28,7872.0,0.4984,3.6608,0.014527,0.9968,1.4952,0.9706,1.4468,173.969927,267.3874,362.621493,229.32409,275.744904
2006-05-02,7902.54,0.388,3.6781,0.014596,0.7759,1.1639,0.7496,1.1153,174.644856,269.462098,366.841943,231.043132,278.820329
2006-05-03,7949.49,0.5941,3.6824,0.014613,1.1882,1.7823,1.1619,1.7337,175.682443,272.663915,373.380307,233.727637,283.65437
2006-05-04,8062.18,1.4176,3.6868,0.01463,2.8352,4.2527,2.8088,4.2041,178.172874,280.394347,389.259147,240.292611,295.579485
2006-05-05,8090.05,0.3457,3.6911,0.014647,0.6914,1.0371,0.665,0.9884,178.788796,282.332927,393.296015,241.890612,298.501007
2006-05-08,8203.78,1.4058,3.7041,0.014699,2.8116,4.2174,2.7852,4.1686,181.302211,290.271005,409.882893,248.627742,310.94444
2006-05-09,8110.37,-1.1386,3.7084,0.014716,-2.2772,-3.4159,-2.3037,-3.4647,179.237865,283.660829,395.881849,242.900191,300.171269
2006-05-10,8039.86,-0.8694,3.7127,0.014733,-1.7388,-2.6081,-1.7652,-2.657,177.679605,278.728644,385.556686,238.612514,292.195797
2006-05-11,8080.19,0.5016,3.7171,0.01475,1.0033,1.5049,0.9768,1.456,178.570892,281.524992,391.35884,240.943268,296.450201
2006-05-12,7989.65,-1.1205,3.7214,0.014767,-2.241,-3.3616,-2.2675,-3.4105,176.569973,275.215915,378.203099,235.479855,286.339902
2006-05-15,7877.02,-1.4097,3.7344,0.014819,-2.8194,-4.2291,-2.8459,-4.2781,174.080868,267.456484,362.208525,228.77828,274.089996
2006-05-16,7760.18,-1.4833,3.7387,0.014836,-2.9666,-4.4499,-2.9931,-4.4989,171.498723,259.522109,346.090586,221.930611,261.758842
2006-05-17,7811.69,0.6638,3.743,0.014853,1.3275,1.9913,1.301,1.9422,172.637085,262.967386,352.982356,224.817899,266.842847
2006-05-18,7721.62,-1.153,3.7474,0.014871,-2.306,-3.459,-2.3326,-3.5082,170.646553,256.903276,340.772532,219.573778,257.481593
2006-05-19,7765.66,0.5703,3.7517,0.014888,1.1407,1.711,1.1141,1.6619,171.61983,259.833754,346.603286,222.020048,261.760678
2006-05-22,7616.48,-1.921,3.7647,0.014939,-3.842,-5.7631,-3.8687,-5.8123,168.322976,249.85083,326.628315,213.430784,246.546341
2006-05-23,7512.99,-1.3588,3.769,0.014956,-2.7175,-4.0763,-2.7442,-4.1256,166.035864,243.061063,313.313989,207.573835,236.374898
2006-05-24,7549.25,0.4826,3.7733,0.014974,0.9653,1.4479,0.9386,1.3986,166.837204,245.407237,317.850438,209.522085,239.68079
2006-05-25,7532.61,-0.2204,3.7777,0.014991,-0.4408,-0.6613,-0.4675,-0.7106,166.469462,244.325388,315.748628,208.542495,237.977608
2006-05-26,7552.21,0.2602,3.782,0.015008,0.5204,0.7806,0.4937,0.7312,166.902619,245.596867,318.21338,209.572048,239.71776
2006-05-29,7551.52,-0.0091,3.795,0.015059,-0.0183,-0.0274,-0.045,-0.0769,166.88737,245.551989,318.12616,209.477659,239.533433
2006-05-30,7516.47,-0.4641,3.7993,0.015077,-0.9283,-1.3924,-0.9551,-1.442,166.112771,243.272555,313.696461,207.476995,236.079473
2006-06-01,7545.03,0.38,3.808,0.015111,0.7599,1.1399,0.7331,1.0903,166.743942,245.121259,317.272277,208.998037,238.65347
2006-06-02,7640.32,1.263,3.8123,0.015128,2.5259,3.7889,2.4991,3.7392,168.849836,251.31278,329.293253,214.221038,247.577273
2006-06-05,7372.05,-3.5112,3.8253,0.01518,-7.0225,-10.5337,-7.0494,-10.5834,162.921112,233.664388,294.60642,199.119811,221.375067
2006-06-06,7388.52,0.2234,3.8296,0.015197,0.4468,0.6702,0.4199,0.6205,163.285097,234.708454,296.580973,199.955954,222.748645
2006-06-07,7259.5,-1.7462,3.8339,0.015214,-3.4924,-5.2387,-3.5194,-5.2885,160.433776,226.51139,281.044082,192.918773,210.96867
2006-06-08,6951.25,-4.2462,3.8383,0.015231,-8.4923,-12.7385,-8.5193,-12.7883,153.6215,207.275317,245.243336,176.483525,183.989346
2006-06-09,7075.1,1.7817,3.8426,0.015248,3.5634,5.3451,3.5364,5.2952,156.358565,214.661341,258.351793,182.724747,193.731987
2006-06-12,7073.58,-0.0215,3.8556,0.0153,-0.043,-0.0645,-0.07,-0.1144,156.324974,214.569106,258.185281,182.596887,193.510326
2006-06-13,6962.88,-1.565,3.8599,0.015317,-3.13,-4.6949,-3.157,-4.7449,153.878522,207.853186,246.06365,176.83234,184.328387
2006-06-14,7107.76,2.0807,3.8642,0.015334,4.1615,6.2422,4.1345,6.1922,157.080346,216.502988,261.423545,184.143394,195.74239
2006-06-15,7061.75,-0.6473,3.8686,0.015351,-1.2946,-1.942,-1.3217,-1.992,156.063533,213.700051,256.346799,181.709573,191.843143
2006-06-16,7228.56,2.3622,3.8729,0.015369,4.7243,7.0865,4.6972,7.0364,159.750007,223.795936,274.512781,190.244925,205.341964
2006-06-19,7236.56,0.1107,3.8859,0.01542,0.2213,0.332,0.1942,0.2818,159.926805,224.291295,275.424209,190.614414,205.92064
2006-06-20,7022.5,-2.958,3.8902,0.015437,-5.9161,-8.8741,-5.9432,-8.9243,155.196114,211.022063,250.982773,179.285791,187.54357
2006-06-21,6952.85,-0.9918,3.8945,0.015455,-1.9836,-2.9754,-2.0108,-3.0257,153.65686,206.836179,243.514941,175.680739,181.869045
2006-06-22,7158.8,2.9621,3.8989,0.015472,5.9242,8.8863,5.897,8.836,158.208322,219.089546,265.15437,186.040652,197.938949
2006-06-23,7122.55,-0.5064,3.9032,0.015489,-1.0127,-1.5191,-1.0399,-1.5695,157.407203,216.870739,261.126385,184.105951,194.832392
2006-06-26,7201.73,1.1117,3.9162,0.01554,2.2234,3.335,2.1961,3.2846,159.157068,221.692559,269.835058,188.149128,201.231848
2006-06-27,7256.56,0.7613,3.9205,0.015558,1.5227,2.284,1.4954,2.2336,160.368802,225.068249,275.998184,190.962758,205.72647
2006-06-28,7222.54,-0.4688,3.9248,0.015575,-0.9376,-1.4065,-0.9649,-1.457,159.616966,222.957931,272.116404,189.120129,202.729105
2006-06-29,7299.02,1.0589,3.9292,0.015592,2.1178,3.1767,2.0905,3.1262,161.307161,227.679767,280.760785,193.073716,209.066767
2006-06-30,7406.68,1.475,3.9335,0.015609,2.95,4.425,2.9227,4.3744,163.68643,234.396286,293.184386,198.716622,218.212172
2006-07-03,7422.82,0.2179,3.9465,0.015661,0.4358,0.6537,0.4085,0.603,164.043121,235.417838,295.101033,199.528292,219.528095
2006-07-04,7443.03,0.2723,3.9508,0.015678,0.5445,0.8168,0.5172,0.7661,164.489759,236.699776,297.511434,200.560158,221.209866
2006-07-05,7373.22,-0.9379,3.9552,0.015695,-1.8758,-2.8138,-1.9033,-2.8645,162.946969,232.259645,289.140137,196.742996,214.873247
2006-07-06,7376.61,0.046,3.9595,0.015712,0.092,0.1379,0.0645,0.0871,163.021888,232.473218,289.538952,196.869966,215.060492
2006-07-07,7378.61,0.0271,3.9638,0.015729,0.0542,0.0813,0.0268,0.0305,163.066087,232.599278,289.774458,196.922707,215.126116
2006-07-10,7403.56,0.3381,3.9768,0.015781,0.6763,1.0144,0.6488,0.9635,163.617478,234.172298,292.713984,198.200325,217.198838
2006-07-11,7364.36,-0.5295,3.9811,0.015798,-1.059,-1.5884,-1.0865,-1.6394,162.751165,231.692531,288.064442,196.046969,213.63811
2006-07-12,7360.18,-0.0568,3.9855,0.015815,-0.1135,-0.1703,-0.141,-0.2213,162.658787,231.429514,287.573927,195.770462,213.165382
2006-07-13,7295.53,-0.8784,3.9898,0.015832,-1.7568,-2.6351,-1.7843,-2.6862,161.230033,227.363875,279.995993,192.27735,207.439428
2006-07-14,7140.77,-2.1213,3.9941,0.01585,-4.2426,-6.3639,-4.2702,-6.415,157.809862,217.71774,262.177337,184.066812,194.132269
2006-07-17,6952.55,-2.6359,4.0071,0.015901,-5.2717,-7.9076,-5.2993,-7.9587,153.65023,206.240313,241.445531,174.312544,178.681829
2006-07-18,7004.4,0.7458,4.0114,0.015918,1.4915,2.2373,1.4639,2.1861,154.796107,209.316468,246.847413,176.864331,182.588005
2006-07-19,6997.04,-0.1051,4.0158,0.015936,-0.2102,-0.3152,-0.2378,-0.3665,154.633452,208.876582,246.069275,176.443755,181.918881
2006-07-20,7195.13,2.8311,4.0201,0.015953,5.6621,8.4932,5.6344,8.4419,159.011209,220.703401,266.968339,186.38539,197.276277
2006-07-21,7169.42,-0.3573,4.0244,0.01597,-0.7147,-1.072,-0.7423,-1.1233,158.443022,219.126144,264.106505,185.001802,195.060312
2006-07-24,7104.49,-0.9057,4.0374,0.016021,-1.8113,-2.717,-1.839,-2.7684,157.00808,215.157103,256.930847,181.59956,189.660332
2006-07-25,7161.35,0.8003,4.0417,0.016039,1.6007,2.401,1.5729,2.3496,158.264677,218.601075,263.0998,184.455999,194.116543
2006-07-26,7166.49,0.0718,4.0461,0.016056,0.1435,0.2153,0.1158,0.1638,158.37827,218.914873,263.666313,184.669574,194.434595
2006-07-27,7262.52,1.34,4.0504,0.016073,2.68,4.02,2.6522,3.9684,160.500517,224.781733,274.265592,189.567369,202.150632
2006-07-28,7288.26,0.3544,4.0547,0.01609,0.7088,1.0633,0.681,1.0117,161.069367,226.375086,277.181768,190.858414,204.195835
2006-07-31,7260.48,-0.3812,4.0677,0.016142,-0.7623,-1.1435,-0.7902,-1.1951,160.455433,224.64938,274.012242,189.350308,201.755427
2006-08-01,7263.98,0.0482,4.072,0.016159,0.0964,0.1446,0.0685,0.0929,160.532783,224.865969,274.408515,189.480103,201.942929
2006-08-02,7312.58,0.6691,4.0764,0.016176,1.3381,2.0072,1.3102,1.9554,161.606835,227.874922,279.916344,191.962722,205.891816
2006-08-03,7313.03,0.0062,4.0807,0.016193,0.0123,0.0185,-0.0156,-0.0333,161.61678,227.902968,279.96802,191.932791,205.823275
2006-08-04,7291.55,-0.2937,4.085,0.01621,-0.5874,-0.8812,-0.6154,-0.933,161.142075,226.564164,277.501035,190.751711,203.903041
2006-08-07,7266.14,-0.3485,4.098,0.016262,-0.697,-1.0455,-0.7249,-1.0973,160.580519,224.985077,274.599882,189.368877,201.66552
2006-08-08,7370.27,1.4331,4.1023,0.016279,2.8662,4.2993,2.8382,4.2473,162.881775,231.433535,286.405635,194.743517,210.230927
2006-08-09,7454.19,1.1386,4.1067,0.016296,2.2773,3.4159,2.2493,3.3639,164.736393,236.703871,296.188924,199.123795,217.302944
2006-08-10,7481.92,0.372,4.111,0.016313,0.744,1.116,0.716,1.064,165.349222,238.464974,299.494442,200.549504,219.615101
2006-08-11,7474.43,-0.1001,4.1153,0.016331,-0.2002,-0.3003,-0.2283,-0.3524,165.183694,237.987529,298.594988,200.091743,218.841286
2006-08-14,7524.54,0.6704,4.1283,0.016382,1.3408,2.0113,1.3127,1.9591,166.291117,241.178557,304.600501,202.718447,223.128667
2006-08-15,7529.13,0.061,4.1326,0.016399,0.122,0.183,0.0939,0.1308,166.392555,241.472796,305.157924,202.90879,223.420603
2006-08-16,7623.59,1.2546,4.137,0.016417,2.5092,3.7638,2.4811,3.7116,168.480106,247.531802,316.643401,207.943088,231.713045
2006-08-17,7675.58,0.682,4.1413,0.016434,1.3639,2.0459,1.3358,1.9937,169.629076,250.907948,323.121566,210.720759,236.332601
2006-08-18,7662.14,-0.1751,4.1456,0.016451,-0.3502,-0.5253,-0.3784,-0.5776,169.332054,250.029265,321.424201,209.923479,234.967617
2006-08-21,7418.51,-3.1797,4.1586,0.016502,-6.3593,-9.539,-6.3875,-9.5913,163.947871,234.129104,290.76361,196.514556,212.431051
2006-08-22,7515.91,1.3129,4.1629,0.01652,2.6259,3.9388,2.5976,3.8864,166.100395,240.277016,302.216197,201.619294,220.686954
2006-08-23,7477.51,-0.5109,4.1673,0.016537,-1.0218,-1.5327,-1.0501,-1.5852,165.251761,237.821788,297.583983,199.502139,217.188653
2006-08-24,7476.85,-0.0088,4.1716,0.016554,-0.0177,-0.0265,-0.0459,-0.079,165.237175,237.779806,297.505184,199.410541,217.017178
2006-08-25,7451.15,-0.3437,4.1759,0.016571,-0.6875,-1.0312,-0.7157,-1.0837,164.66921,236.145176,294.437361,197.983295,214.665384
2006-08-28,7358.15,-1.2481,4.1889,0.016623,-2.4963,-3.7444,-2.5246,-3.797,162.613925,230.250381,283.412483,192.985032,206.514542
2006-08-29,7398.41,0.5471,4.1932,0.01664,1.0943,1.6414,1.066,1.5888,163.503664,232.770003,288.064543,195.042158,209.795646
2006-08-30,7521.04,1.6575,4.1976,0.016657,3.315,4.9726,3.2867,4.9199,166.213767,240.486414,302.388711,201.452556,220.117331
2006-08-31,7550.08,0.3861,4.2019,0.016674,0.7722,1.1584,0.7439,1.1056,166.855547,242.343531,305.891432,202.951067,222.55103
2006-09-01,7595.79,0.6054,4.2062,0.016691,1.2108,1.8163,1.1825,1.7635,167.86573,245.277943,311.447253,205.350863,226.475772
2006-09-04,7709.54,1.4975,4.2192,0.016743,2.9951,4.4926,2.9666,4.4398,170.379587,252.624214,325.439395,211.442865,236.530774
2006-09-05,7691.43,-0.2349,4.2235,0.01676,-0.4698,-0.7047,-0.4983,-0.7576,169.979359,251.437366,323.145987,210.3893,234.738825
2006-09-06,7638.64,-0.6863,4.2279,0.016777,-1.3727,-2.059,-1.4012,-2.112,168.812708,247.985894,316.492266,207.441367,229.781224
2006-09-07,7635.45,-0.0418,4.2322,0.016794,-0.0835,-0.1253,-0.112,-0.1782,168.74221,247.77877,316.095752,207.208984,229.371667
2006-09-08,7644.58,0.1196,4.2365,0.016812,0.2391,0.3587,0.2106,0.3057,168.943981,248.371327,317.229655,207.645428,230.072932
2006-09-11,7645.87,0.0169,4.2495,0.016863,0.0337,0.0506,0.0052,-0.0025,168.97249,248.455151,317.39025,207.656184,230.067256
2006-09-12,7568.23,-1.0155,4.2538,0.01688,-2.0309,-3.0464,-2.0595,-3.0995,167.256659,243.409274,307.72143,203.379532,222.936376
2006-09-13,7613.17,0.5938,4.2582,0.016897,1.1876,1.7814,1.159,1.7282,168.249825,246.299993,313.203161,205.736684,226.789238
2006-09-14,7539.6,-0.9664,4.2625,0.016915,-1.9327,-2.8991,-1.9613,-2.9522,166.62394,241.539744,304.123229,201.701521,220.093854
2006-09-15,7633.8,1.2494,4.2668,0.016932,2.4988,3.7482,2.4702,3.695,168.705745,247.575355,315.522405,206.683887,228.226279
2006-09-18,7867.13,3.0565,4.2798,0.016983,6.1131,9.1696,6.0844,9.1163,173.8623,262.709825,344.454591,219.259333,249.032031
2006-09-19,7866.52,-0.0078,4.2841,0.017001,-0.0155,-0.0233,-0.0442,-0.0766,173.848819,262.669085,344.374467,219.162389,248.841204
2006-09-20,7861.97,-0.0578,4.2885,0.017018,-0.1157,-0.1735,-0.1444,-0.2269,173.748265,262.365229,343.776907,218.845909,248.276532
2006-09-21,7875.82,0.1762,4.2928,0.017035,0.3523,0.5285,0.3236,0.4751,174.054348,263.289617,345.593746,219.554068,249.455991
2006-09-22,7871.14,-0.0594,4.2971,0.017052,-0.1188,-0.1783,-0.1476,-0.2317,173.950921,262.976712,344.977666,219.229999,248.877911
2006-09-25,7900.41,0.3719,4.3101,0.017104,0.7437,1.1156,0.7149,1.062,174.597783,264.932547,348.826218,220.797318,251.521049
2006-09-26,7889.6,-0.1368,4.3144,0.017121,-0.2737,-0.4105,-0.3025,-0.4641,174.358884,264.207542,347.394338,220.129441,250.353761
2006-09-27,7940.49,0.645,4.3188,0.017138,1.2901,1.9351,1.2612,1.8814,175.483544,267.615958,354.116693,222.905732,255.064012
2006-09-28,7870.61,-0.88,4.3231,0.017155,-1.7601,-2.6401,-1.789,-2.6938,173.939208,262.905669,344.767519,218.918051,248.19306
2006-09-29,7868.25,-0.03,4.3274,0.017172,-0.06,-0.09,-0.0888,-0.1437,173.887052,262.748004,344.457384,218.723545,247.836494
2006-10-02,7957.37,1.1327,4.3404,0.017224,2.2653,3.398,2.2364,3.3441,175.85659,268.700053,356.161909,223.615027,256.124512
2006-10-03,7952.72,-0.0584,4.3447,0.017241,-0.1169,-0.1753,-0.1458,-0.2292,175.753825,268.386016,355.537524,223.288951,255.537587
2006-10-04,7859.47,-1.1726,4.3491,0.017258,-2.3451,-3.5177,-2.3741,-3.5715,173.693016,262.092069,343.030907,217.987906,246.410944
2006-10-05,7999.33,1.7795,4.3534,0.017275,3.559,5.3385,3.53,5.2846,176.783899,271.419975,361.343708,225.682959,259.432807
2006-10-11,8010.1,0.1346,4.3794,0.017378,0.2693,0.4039,0.2402,0.3498,177.021914,272.150834,362.803207,226.225022,260.340269
2006-10-12,7984.85,-0.3152,4.3837,0.017396,-0.6305,-0.9457,-0.6596,-0.9998,176.463893,270.435048,359.372246,224.732941,257.737289
2006-10-13,8081.13,1.2058,4.388,0.017413,2.4116,3.6174,2.3824,3.5632,178.591666,276.95677,372.371999,230.087086,266.92088
2006-10-14,8090.34,0.114,4.3924,0.01743,0.2279,0.3419,0.1988,0.2877,178.795205,277.588061,373.645167,230.544504,267.688765
2006-10-16,8175.6,1.0538,4.401,0.017464,2.1077,3.1615,2.0785,3.1073,180.679437,283.438782,385.458139,235.336437,276.006536
2006-10-17,8088.39,-1.0667,4.4053,0.017482,-2.1334,-3.2001,-2.1626,-3.2545,178.752111,277.391838,373.12297,230.247029,267.024013
2006-10-18,8022.62,-0.8131,4.4097,0.017499,-1.6263,-2.4394,-1.6555,-2.4938,177.298604,272.880666,364.020924,226.43532,260.365009
2006-10-19,7997.75,-0.31,4.414,0.017516,-0.62,-0.93,-0.6492,-0.9844,176.748981,271.188814,360.635546,224.965259,257.801996
2006-10-20,8047.53,0.6224,4.4183,0.017533,1.2449,1.8673,1.2156,1.8128,177.849111,274.564708,367.369604,227.69996,262.475544
2006-10-23,8048.59,0.0132,4.4313,0.017585,0.0263,0.0395,-0.0029,-0.015,177.872537,274.637038,367.514771,227.693249,262.436123
2006-10-24,8113.94,0.8119,4.4356,0.017602,1.6239,2.4358,1.5946,2.3813,179.316761,279.096833,376.466808,231.323997,268.685414
2006-10-25,8071.04,-0.5287,4.44,0.017619,-1.0574,-1.5862,-1.0868,-1.6408,178.368678,276.145553,370.495445,228.81005,264.276925
2006-10-26,8095.06,0.2976,4.4443,0.017636,0.5952,0.8928,0.5659,0.8382,178.899516,277.789211,373.803309,230.104822,266.492053
2006-10-27,8101.81,0.0834,4.4486,0.017653,0.1668,0.2502,0.1374,0.1955,179.04869,278.252476,374.738388,230.421006,267.012994
2006-10-30,7997.15,-1.2918,4.4616,0.017705,-2.5836,-3.8754,-2.613,-3.9302,176.735721,271.063489,360.215662,224.400033,256.518836
2006-10-31,8027.01,0.3734,4.4659,0.017722,0.7468,1.1201,0.7173,1.0653,177.395622,273.087699,364.250615,226.009739,259.251634
2006-11-01,8018.63,-0.1044,4.4703,0.017739,-0.2088,-0.3132,-0.2382,-0.368,177.210426,272.517505,363.109809,225.471292,258.297495
2006-11-02,8091.96,0.9145,4.4746,0.017756,1.829,2.7435,1.7995,2.6886,178.831007,277.501825,373.071676,229.528711,265.242102
2006-11-03,8187.43,1.1798,4.4789,0.017774,2.3596,3.5394,2.3301,3.4845,180.940879,284.04983,386.276321,234.877066,274.484535
2006-11-06,8140.36,-0.5749,4.4919,0.017825,-1.1498,-1.7247,-1.1793,-1.7797,179.900639,280.783793,379.614148,232.10706,269.599445
2006-11-07,8213.77,0.9018,4.4962,0.017842,1.8036,2.7054,1.7741,2.6504,181.522988,285.848026,389.884261,236.224772,276.744799
2006-11-08,8206.55,-0.0879,4.5006,0.017859,-0.1758,-0.2637,-0.2054,-0.3188,181.363427,285.345498,388.856123,235.739641,275.862571
2006-11-09,8175.45,-0.379,4.5049,0.017877,-0.7579,-1.1369,-0.7875,-1.192,180.676122,283.182776,384.43523,233.883158,272.574248
2006-11-10,8201.82,0.3226,4.5092,0.017894,0.6451,0.9677,0.6155,0.9125,181.258895,285.009594,388.15523,235.322714,275.061489
2006-11-13,8158.22,-0.5316,4.5222,0.017945,-1.0632,-1.5948,-1.0928,-1.65,180.295342,281.979433,381.965055,232.751036,270.522909
2006-11-14,8235.93,0.9525,4.5265,0.017962,1.9051,2.8576,1.8754,2.8023,182.012721,287.351345,392.880121,237.116057,278.103823
2006-11-15,8273.45,0.4556,4.5309,0.01798,0.9111,1.3667,0.8814,1.3114,182.841907,289.969488,398.249592,239.206102,281.750793
2006-11-16,8297.03,0.285,4.5352,0.017997,0.57,0.855,0.5403,0.7997,183.363021,291.622361,401.654722,240.498563,284.003857
2006-11-17,8299.38,0.0283,4.5395,0.018014,0.0566,0.085,0.0269,0.0296,183.414955,291.787556,401.996009,240.563321,284.087857
2006-11-20,8301.6,0.0267,4.5525,0.018066,0.0535,0.0802,0.0237,0.0248,183.464017,291.943656,402.318598,240.620397,284.158171
2006-11-21,8356.72,0.664,4.5568,0.018083,1.3279,1.9919,1.2981,1.9364,184.68216,295.820484,410.332403,243.744005,289.660537
2006-11-22,8401.4,0.5347,4.5612,0.0181,1.0693,1.604,1.0395,1.5484,185.669581,298.983748,416.914047,246.277755,294.145681
2006-11-23,8442.46,0.4887,4.5655,0.018117,0.9775,1.4662,0.9476,1.4106,186.577,301.906183,423.026775,248.611564,298.294856
2006-11-24,8491.24,0.5778,4.5698,0.018134,1.1556,1.7334,1.1257,1.6777,187.65503,305.394973,430.359441,251.4103,303.29949
2006-11-27,8572.17,0.9531,4.5828,0.018186,1.9062,2.8593,1.8763,2.8036,189.44357,311.216412,442.664707,256.127531,311.802682
2006-11-28,8511.34,-0.7096,4.5872,0.018203,-1.4192,-2.1289,-1.4492,-2.1846,188.099237,306.799492,433.24097,252.415851,304.990926
2006-11-29,8544.78,0.3929,4.5915,0.01822,0.7858,1.1787,0.7558,1.1229,188.838256,309.210246,438.34742,254.323732,308.415539
2006-11-30,8651.7,1.2513,4.5958,0.018237,2.5026,3.7539,2.4726,3.698,191.20117,316.948481,454.802416,260.612235,319.820841
2006-12-01,8704.13,0.606,4.6001,0.018255,1.212,1.818,1.1821,1.7622,192.359865,320.789948,463.070834,263.692815,325.456565
2006-12-04,8742.35,0.4391,4.6131,0.018306,0.8782,1.3173,0.8482,1.2613,193.204521,323.607138,469.170892,265.929435,329.561641
2006-12-05,8699.93,-0.4852,4.6175,0.018323,-0.9704,-1.4557,-1.0005,-1.5117,192.267046,320.466697,462.341299,263.26887,324.57971
2006-12-06,8795.31,1.0963,4.6218,0.01834,2.1927,3.289,2.1626,3.2329,194.374928,327.493446,477.547668,268.962361,335.073197
2006-12-07,8787.52,-0.0886,4.6261,0.018358,-0.1771,-0.2657,-0.2072,-0.3218,194.20277,326.913325,476.278777,268.40506,333.994965
2006-12-08,8730.11,-0.6533,4.6304,0.018375,-1.3066,-1.9599,-1.3367,-2.0161,192.934019,322.641791,466.944005,264.817272,327.261448
2006-12-11,8702.47,-0.3166,4.6434,0.018426,-0.6332,-0.9498,-0.6633,-1.006,192.323179,320.598789,462.508895,263.060624,323.969087
2006-12-12,8526.92,-2.0172,4.6478,0.018443,-4.0345,-6.0517,-4.0646,-6.108,188.443553,307.664273,434.519105,252.368165,304.181113
2006-12-13,8517.51,-0.1104,4.6521,0.018461,-0.2207,-0.3311,-0.2509,-0.3874,188.235593,306.985219,433.080546,251.735025,303.002851
2006-12-14,8551.93,0.4041,4.6564,0.018478,0.8082,1.2123,0.778,1.156,188.99627,309.466327,438.330895,253.693607,306.505581
2006-12-15,8618.71,0.7809,4.6607,0.018495,1.5618,2.3426,1.5316,2.2863,190.472097,314.299425,448.599362,257.579055,313.513138
2006-12-18,8716.8,1.1381,4.6737,0.018547,2.2762,3.4143,2.246,3.3579,192.63987,321.453543,463.915962,263.364172,324.040464
2006-12-19,8687.38,-0.3375,4.6781,0.018564,-0.675,-1.0125,-0.7053,-1.069,191.989693,319.283672,459.218685,261.506695,320.576406
2006-12-20,8743.93,0.6509,4.6824,0.018581,1.3019,1.9528,1.2716,1.8963,193.239438,323.44039,468.186458,264.832017,326.655515
2006-12-21,8712.6,-0.3583,4.6867,0.018598,-0.7166,-1.0749,-0.7469,-1.1315,192.547051,321.122579,463.153842,262.853945,322.959479
2006-12-22,8748.65,0.4138,4.691,0.018615,0.8275,1.2413,0.7972,1.1847,193.34375,323.779987,468.902997,264.949457,326.785613
2006-12-25,8742.17,-0.0741,4.704,0.018667,-0.1481,-0.2222,-0.1785,-0.2789,193.200543,323.300349,467.861068,264.476495,325.874194
2006-12-26,8834.52,1.0564,4.7084,0.018684,2.1127,3.1691,2.0824,3.1124,195.241463,330.13087,482.688154,269.983841,336.016665
2006-12-27,8840.91,0.0723,4.7127,0.018701,0.1447,0.217,0.1143,0.1602,195.382681,330.608437,483.735537,270.292304,336.555039
2006-12-28,8840.63,-0.0032,4.717,0.018718,-0.0063,-0.0095,-0.0368,-0.0663,195.376493,330.587495,483.689576,270.192948,336.331893
2006-12-29,8944.43,1.1741,4.7213,0.018735,2.3482,3.5224,2.3178,3.4655,197.670456,338.350513,500.726929,276.455499,347.9876
2007-01-02,9055.41,1.2408,4.728,0.018762,2.4815,3.7223,2.4511,3.6654,200.123096,346.746831,519.365571,283.231634,360.742835
2007-01-03,9051.41,-0.0442,4.727,0.018758,-0.0883,-0.1325,-0.1188,-0.1894,200.034697,346.440497,518.677321,282.895129,360.059595
2007-01-04,9071.09,0.2174,4.7259,0.018754,0.4348,0.6523,0.4044,0.5954,200.469622,347.946992,522.060518,284.039127,362.203395
2007-01-05,8957.97,-1.247,4.7249,0.01875,-2.4941,-3.7411,-2.5245,-3.798,197.969688,339.268925,502.529629,276.868464,348.44698
2007-01-08,8844.95,-1.2617,4.7219,0.018738,-2.5233,-3.785,-2.5538,-3.8418,195.471964,330.708018,483.508835,269.797843,335.060171
2007-01-09,8905.89,0.689,4.7209,0.018734,1.378,2.0669,1.3475,2.0101,196.818728,335.265046,493.502683,273.433427,341.795248
2007-01-10,8801.28,-1.1746,4.7199,0.01873,-2.3492,-3.5238,-2.3797,-3.5807,194.506864,327.388893,476.1124,266.92662,329.556682
2007-01-11,8709.87,-1.0386,4.7188,0.018726,-2.0772,-3.1158,-2.1076,-3.1726,192.486718,320.588378,461.277705,261.300795,319.101123
2007-01-12,8873.54,1.8791,4.7178,0.018722,3.7583,5.6374,3.7278,5.5806,196.103799,332.636939,487.281764,271.041663,336.908847
2007-01-15,8898.44,0.2806,4.7148,0.01871,0.5612,0.8418,0.5308,0.785,196.654084,334.503761,491.383841,272.480361,339.553731
2007-01-16,8908.25,0.1102,4.7138,0.018705,0.2205,0.3307,0.1901,0.274,196.870884,335.241302,493.009005,272.998281,340.483959
2007-01-17,8956.15,0.5377,4.7128,0.018701,1.0754,1.6131,1.045,1.5563,197.929466,338.846513,500.96179,275.851113,345.783059
2007-01-18,9026.12,0.7813,4.7118,0.018697,1.5625,2.3438,1.5321,2.287,199.475792,344.140995,512.703095,280.077422,353.691092
2007-01-19,8963.13,-0.6979,4.7107,0.018693,-1.3957,-2.0936,-1.4261,-2.1503,198.083723,339.337726,501.969191,276.083163,346.085522
2007-01-22,8965.86,0.0305,4.7077,0.018681,0.0609,0.0914,0.0305,0.0346,198.144056,339.544438,502.427862,276.167447,346.205429
2007-01-23,8977.17,0.1261,4.7067,0.018677,0.2523,0.3784,0.2219,0.3217,198.394005,340.401076,504.329228,276.780281,347.319227
2007-01-24,9072.26,1.0592,4.7057,0.018673,2.1185,3.1777,2.0881,3.121,200.495478,347.612422,520.355436,282.559745,358.159115
2007-01-25,9058.81,-0.1483,4.7047,0.018669,-0.2965,-0.4448,-0.3269,-0.5015,200.198236,346.581722,518.041091,281.636102,356.363068
2007-01-26,8941.68,-1.293,4.7036,0.018665,-2.586,-3.879,-2.6164,-3.9357,197.609681,337.61915,497.946348,274.267481,342.337752
2007-01-29,8862.19,-0.889,4.7006,0.018653,-1.778,-2.6669,-1.8083,-2.7236,195.852965,331.616398,484.666375,269.307833,333.013772
2007-01-30,8848.61,-0.1532,4.6996,0.018649,-0.3065,-0.4597,-0.3368,-0.5164,195.55285,330.600091,482.438336,268.400734,331.294192
2007-01-31,8802.58,-0.5202,4.6986,0.018645,-1.0404,-1.5606,-1.0707,-1.6172,194.535594,327.160563,474.90948,265.526858,325.936371
2007-02-01,8804.75,0.0247,4.6976,0.018641,0.0493,0.074,0.019,0.0173,194.583551,327.321865,475.260702,265.577192,325.992785
2007-02-02,8891.05,0.9802,4.6965,0.018637,1.9603,2.9405,1.93,2.8838,196.490767,333.738374,489.235545,270.702731,335.393827
2007-02-05,8898.0,0.0782,4.6935,0.018625,0.1563,0.2345,0.126,0.1779,196.644361,334.260131,490.382829,271.043831,335.990461
2007-02-06,9003.91,1.1903,4.6925,0.018621,2.3805,3.5708,2.3502,3.5142,198.984954,342.21731,507.893431,277.413924,347.797822
2007-02-07,8974.54,-0.3262,4.6915,0.018617,-0.6524,-0.9786,-0.6827,-1.0352,198.335882,339.984741,502.923314,275.520001,344.197509
2007-02-08,8965.58,-0.0998,4.6905,0.018613,-0.1997,-0.2995,-0.23,-0.3561,198.137868,339.305874,501.416988,274.886318,342.971805
2007-02-09,8985.36,0.2206,4.6895,0.018609,0.4412,0.6619,0.4109,0.6053,198.575002,340.803037,504.73569,276.015902,345.04775
2007-02-12,8890.29,-1.0581,4.6864,0.018597,-2.1161,-3.1742,-2.1464,-3.2307,196.473971,333.591274,488.714555,270.091464,333.900216
2007-02-13,8845.09,-0.5084,4.6854,0.018593,-1.0168,-1.5253,-1.0471,-1.5818,195.475058,330.199185,481.260389,267.263231,328.618548
2007-02-14,8928.11,0.9386,4.6844,0.018589,1.8772,2.8158,1.8469,2.7593,197.309787,336.397683,494.811717,272.199327,337.685978
2007-02-26,9031.86,1.1621,4.6722,0.018541,2.3241,3.4862,2.2939,3.4297,199.602645,344.21597,512.061745,278.443235,349.267709
2007-02-27,9033.88,0.0224,4.6712,0.018537,0.0447,0.0671,0.0145,0.0107,199.647287,344.369939,512.405317,278.483575,349.304932
2007-03-01,8778.6,-2.8258,4.6692,0.018528,-5.6516,-8.4774,-5.6818,-8.5338,194.00564,324.907481,468.966563,262.66056,319.495799
2007-03-02,8769.56,-0.103,4.6682,0.018524,-0.206,-0.3089,-0.2362,-0.3653,193.805857,324.238316,467.51777,262.040192,318.328531
2007-03-03,8723.13,-0.5294,4.6672,0.01852,-1.0589,-1.5883,-1.0891,-1.6447,192.779762,320.804989,460.092021,259.186268,313.092851
2007-03-05,8396.63,-3.7429,4.6651,0.018512,-7.4858,-11.2288,-7.5161,-11.2852,185.564165,296.790024,408.429357,239.705663,277.759829
2007-03-06,8518.38,1.45,4.6641,0.018508,2.9,4.35,2.8698,4.2936,188.25482,305.396855,426.195869,246.584636,289.685663
2007-03-07,8552.49,0.4004,4.6631,0.018504,0.8009,1.2013,0.7706,1.1449,189.008645,307.842645,431.315695,248.48493,293.002306
2007-03-08,8658.79,1.2429,4.6621,0.0185,2.4858,3.7287,2.4556,3.6724,191.357858,315.495077,447.39833,254.586773,303.762443
2007-03-09,8652.3,-0.075,4.6611,0.018496,-0.1499,-0.2249,-0.1801,-0.2812,191.21443,315.022133,446.392318,254.128242,302.908215
2007-03-12,8721.98,0.8053,4.658,0.018484,1.6107,2.416,1.5805,2.3597,192.754347,320.0961,457.177178,258.144686,310.055854
2007-03-13,8784.69,0.719,4.657,0.01848,1.438,2.157,1.4078,2.1006,194.140228,324.699005,467.038327,261.77882,316.569007
2007-03-14,8654.67,-1.4801,4.656,0.018476,-2.9601,-4.4402,-2.9903,-4.4965,191.266807,315.087428,446.300775,253.950763,302.334348
2007-03-15,8798.36,1.6603,4.655,0.018472,3.3205,4.9808,3.2903,4.9245,194.442333,325.549967,468.530031,262.306609,317.222711
2007-03-16,8825.62,0.3098,4.654,0.018468,0.6197,0.9295,0.5895,0.8732,195.044774,327.567273,472.884977,263.852871,319.992668
2007-03-19,8845.81,0.2288,4.6509,0.018456,0.4575,0.6863,0.4274,0.63,195.49097,329.065997,476.130374,264.980497,322.008687
2007-03-20,8844.37,-0.0163,4.6499,0.018452,-0.0326,-0.0488,-0.0627,-0.1051,195.459146,328.95886,475.897848,264.814311,321.670237
2007-03-21,8868.18,0.2692,4.6489,0.018448,0.5384,0.8076,0.5083,0.7514,195.985343,330.730046,479.741353,266.160275,324.087174
2007-03-22,8944.37,0.8591,4.6479,0.018444,1.7183,2.5774,1.6881,2.5212,197.66913,336.412908,492.10629,270.653401,332.257944
2007-03-23,8985.12,0.4556,4.6469,0.01844,0.9112,1.3668,0.881,1.3105,198.569698,339.478261,498.832308,273.03797,336.612306
2007-03-26,9006.27,0.2354,4.6438,0.018428,0.4708,0.7062,0.4406,0.6499,199.03711,341.076451,502.354899,274.241095,338.800106
2007-03-27,8968.94,-0.4145,4.6428,0.018424,-0.829,-1.2435,-0.8591,-1.2997,198.212123,338.249002,496.108282,271.885067,334.396789
2007-03-28,8903.75,-0.7268,4.6418,0.01842,-1.4537,-2.1805,-1.4838,-2.2367,196.771435,333.331933,485.290516,267.85081,326.917235
2007-03-29,8972.56,0.7728,4.6408,0.018416,1.5456,2.3185,1.5155,2.2623,198.292125,338.484047,496.541788,271.910139,334.312968
2007-03-30,9013.81,0.4597,4.6398,0.018412,0.9195,1.3792,0.8894,1.323,199.203743,341.596307,503.390118,274.328377,338.735983
2007-04-02,9014.47,0.0073,4.6367,0.0184,0.0146,0.022,-0.0155,-0.0342,199.218329,341.646331,503.500694,274.285961,338.620141
2007-04-03,9069.26,0.6078,4.6357,0.018396,1.2156,1.8234,1.1855,1.7672,200.429179,345.799387,512.681534,277.537618,344.604389
2007-04-04,9151.23,0.9038,4.6347,0.018392,1.8076,2.7115,1.7775,2.6553,202.240703,352.050212,526.582725,282.470979,353.754734
2007-04-09,9210.61,0.6489,4.6296,0.018372,1.2977,1.9466,1.2677,1.8905,203.552991,356.61894,536.833309,286.051782,360.442521
2007-04-10,9201.28,-0.1013,4.6286,0.018368,-0.2026,-0.3039,-0.2327,-0.36,203.3468,355.896457,535.201933,285.386235,359.144968
2007-04-11,9242.5,0.448,4.6276,0.018364,0.896,1.3439,0.8659,1.2879,204.257755,359.085155,542.394744,287.857373,363.770221
2007-04-12,9231.93,-0.1144,4.6266,0.01836,-0.2287,-0.3431,-0.2588,-0.3992,204.02416,358.263834,540.533848,287.112422,362.318148
2007-04-13,9148.59,-0.9027,4.6256,0.018356,-1.8055,-2.7082,-1.8355,-2.7643,202.182359,351.795477,525.895059,281.842373,352.30264
2007-04-14,9197.54,0.5351,4.6246,0.018351,1.0701,1.6052,1.0401,1.5491,203.264146,355.560077,534.336545,284.773682,357.76015
2007-04-16,9195.73,-0.0197,4.6225,0.018343,-0.0394,-0.059,-0.0694,-0.1151,203.224145,355.420134,534.021086,284.576025,357.348406
2007-04-17,9099.41,-1.0474,4.6215,0.018339,-2.0949,-3.1423,-2.1249,-3.1984,201.095489,347.97449,517.240391,278.528981,345.919075
2007-04-18,9149.74,0.5531,4.6205,0.018335,1.1062,1.6593,1.0762,1.6033,202.207774,351.823873,525.82316,281.526465,351.465204
2007-04-19,9018.63,-1.4329,4.6195,0.018331,-2.8659,-4.2988,-2.8959,-4.3548,199.310264,341.741045,503.219017,273.373708,336.159462
2007-04-20,9080.41,0.685,4.6185,0.018327,1.3701,2.0551,1.34,1.9991,200.675592,346.423078,513.560567,277.036968,342.87949
2007-04-23,9157.91,0.8535,4.6155,0.018315,1.707,2.5605,1.6769,2.5045,202.38833,352.33642,526.710065,281.682738,351.466774
2007-04-24,9197.41,0.4313,4.6144,0.018311,0.8626,1.294,0.8326,1.238,203.261273,355.375823,533.5255,284.028098,355.817848
2007-04-25,9128.41,-0.7502,4.6134,0.018307,-1.5004,-2.2506,-1.5304,-2.3066,201.736384,350.043685,521.517796,279.68123,347.610506
2007-04-26,9146.0,0.1927,4.6124,0.018303,0.3854,0.5781,0.3554,0.5221,202.12512,351.392719,524.532614,280.675163,349.425429
2007-04-27,9088.13,-0.6327,4.6114,0.018299,-1.2655,-1.8982,-1.2955,-1.9542,200.846203,346.945945,514.5759,277.039081,342.597061
2007-04-30,9003.53,-0.9309,4.6084,0.018287,-1.8618,-2.7927,-1.8918,-2.8486,198.976556,340.486612,500.205577,271.79816,332.837865
2007-05-02,9035.11,0.3508,4.6063,0.018279,0.7015,1.0523,0.6715,0.9963,199.674469,342.875135,505.46901,273.623331,336.154031
2007-05-03,9062.11,0.2988,4.6053,0.018275,0.5977,0.8965,0.5677,0.8406,200.271165,344.924391,510.000553,275.176655,338.979699
2007-05-04,9221.48,1.7586,4.6043,0.018271,3.5173,5.2759,3.4873,5.22,203.793216,357.056356,536.907793,284.772904,356.674495
2007-05-07,9277.74,0.6101,4.6013,0.018259,1.2202,1.8303,1.1902,1.7744,205.036553,361.413139,546.734772,288.162355,363.003359
2007-05-08,9255.53,-0.2394,4.6002,0.018255,-0.4788,-0.7182,-0.5087,-0.774,204.545716,359.682763,542.808284,286.696353,360.193548
2007-05-09,9206.2,-0.533,4.5992,0.018251,-1.066,-1.5989,-1.0959,-1.6548,203.455531,355.848699,534.129127,283.554406,354.233054
2007-05-10,9256.69,0.5484,4.5982,0.018247,1.0969,1.6453,1.0669,1.5894,204.571352,359.751895,542.917176,286.579694,359.863395
2007-05-11,9182.01,-0.8068,4.5972,0.018243,-1.6135,-2.4203,-1.6435,-2.4762,202.920936,353.947169,529.776932,281.8698,350.952622
2007-05-14,9180.9,-0.0121,4.5942,0.018231,-0.0242,-0.0363,-0.0541,-0.0921,202.896405,353.861593,529.584801,281.717266,350.629418
2007-05-15,9117.41,-0.6915,4.5932,0.018227,-1.3831,-2.0746,-1.413,-2.1305,201.493286,348.967373,518.597858,277.736539,343.159427
2007-05-16,9132.89,0.1698,4.5921,0.018223,0.3396,0.5094,0.3096,0.4535,201.835392,350.152362,521.239363,278.596525,344.715808
2007-05-17,9189.35,0.6182,4.5911,0.018219,1.2364,1.8546,1.2065,1.7988,203.083148,354.481682,530.90635,281.957752,350.916601
2007-05-18,9185.19,-0.0453,4.5901,0.018215,-0.0905,-0.1358,-0.1205,-0.1916,202.991213,354.160736,530.185329,281.618103,350.244231
2007-05-21,9308.04,1.3375,4.5871,0.018203,2.675,4.0124,2.645,3.9567,205.706178,363.634387,551.458684,289.067041,364.102229
2007-05-22,9362.28,0.5827,4.5861,0.018199,1.1654,1.7482,1.1355,1.6924,206.904873,367.872343,561.099097,292.34951,370.264309
2007-05-23,9400.2,0.405,4.585,0.018195,0.8101,1.2151,0.7802,1.1593,207.742899,370.852326,567.916949,294.630299,374.55691
2007-05-24,9394.05,-0.0654,4.584,0.018191,-0.1308,-0.1963,-0.1607,-0.252,207.606985,370.367072,566.802284,294.156695,373.612957
2007-05-25,9329.52,-0.6869,4.583,0.018187,-1.3738,-2.0608,-1.4037,-2.1165,206.180883,365.27879,555.121779,290.027496,365.705398
2007-05-28,9325.92,-0.0386,4.58,0.018174,-0.0772,-0.1158,-0.1071,-0.1715,206.101323,364.996889,554.479161,289.717006,365.078303
2007-05-29,9354.12,0.3024,4.579,0.01817,0.6048,0.9071,0.5749,0.8514,206.724539,367.204266,559.509114,291.382558,368.186737
2007-05-30,9315.08,-0.4174,4.5779,0.018166,-0.8347,-1.2521,-0.8646,-1.3078,205.861761,364.139167,552.503676,288.863308,363.371714
2007-05-31,9312.34,-0.0294,4.5769,0.018162,-0.0588,-0.0882,-0.0887,-0.1439,205.801208,363.924946,552.016124,288.607091,362.848698
2007-06-01,9432.33,1.2885,4.5759,0.018158,2.577,3.8655,2.5471,3.8098,208.452967,373.303331,573.354396,295.958335,376.672632
2007-06-04,9483.66,0.5442,4.5729,0.018146,1.0884,1.6326,1.0585,1.5769,209.587352,377.366306,582.714845,299.091148,382.612453
2007-06-05,9494.18,0.1109,4.5719,0.018142,0.2219,0.3328,0.192,0.2771,209.819842,378.203513,584.654021,299.665423,383.6728
2007-06-06,9506.41,0.1288,4.5708,0.018138,0.2576,0.3864,0.2278,0.3308,210.090123,379.177884,586.9134,300.348021,384.942011
2007-06-07,9552.8,0.488,4.5698,0.018134,0.976,1.464,0.9461,1.4083,211.115335,382.878558,595.505575,303.189711,390.363249
2007-06-08,9526.19,-0.2786,4.5688,0.01813,-0.5571,-0.8357,-0.587,-0.8913,210.527258,380.745488,590.529107,301.410137,386.883954
2007-06-11,9570.09,0.4608,4.5658,0.018118,0.9217,1.3825,0.8918,1.3269,211.497441,384.254703,598.693198,304.098248,392.017529
2007-06-12,9606.1,0.3763,4.5648,0.018114,0.7526,1.1288,0.7227,1.0732,212.293256,387.146423,605.451423,306.296065,396.224802
2007-06-13,9578.7,-0.2852,4.5638,0.01811,-0.5705,-0.8557,-0.6003,-0.9113,211.68772,384.937866,600.270538,304.457409,392.614039
2007-06-14,9698.44,1.2501,4.5627,0.018106,2.5001,3.7502,2.4703,3.6946,214.333955,394.561815,622.781858,311.978475,407.11963
2007-06-15,9839.88,1.4584,4.5617,0.018102,2.9168,4.3751,2.8869,4.3196,217.459756,406.070227,650.029415,320.985135,424.705436
2007-06-20,10068.45,2.3229,4.5567,0.018082,4.6458,6.9687,4.616,6.9132,222.511116,424.935391,695.327901,335.801809,454.065975
2007-06-21,10178.96,1.0976,4.5556,0.018078,2.1952,3.2928,2.1654,3.2372,224.953369,434.263462,718.223387,343.073227,468.765181
2007-06-22,10172.7,-0.0615,4.5546,0.018074,-0.123,-0.1845,-0.1528,-0.24,224.815024,433.729323,716.898278,342.549083,467.640092
2007-06-23,10134.22,-0.3783,4.5536,0.01807,-0.7565,-1.1348,-0.7863,-1.1903,223.964623,430.44801,708.762902,339.855582,462.07374
2007-06-25,10279.43,1.4329,4.5516,0.018062,2.8657,4.2986,2.836,4.2431,227.17374,442.783514,739.229814,349.493778,481.680062
2007-06-26,10194.98,-0.8215,4.5506,0.018058,-1.6431,-2.4646,-1.6729,-2.5201,225.307409,435.508195,721.010528,343.647266,469.541187
2007-06-27,10183.42,-0.1134,4.5496,0.018054,-0.2268,-0.3402,-0.2565,-0.3956,225.051935,434.520557,718.557885,342.765679,467.683493
2007-06-28,10239.63,0.552,4.5485,0.01805,1.104,1.6559,1.0742,1.6005,226.294167,439.317453,730.456679,346.447651,475.168591
2007-06-29,10228.66,-0.1071,4.5475,0.018046,-0.2143,-0.3214,-0.244,-0.3769,226.051731,438.376147,728.109003,345.602258,473.377895
2007-07-02,10296.83,0.6665,4.5445,0.018034,1.3329,1.9994,1.3032,1.9439,227.558277,444.219356,742.666685,350.106082,482.580123
2007-07-03,10376.97,0.7783,4.5435,0.01803,1.5566,2.3349,1.5269,2.2795,229.329358,451.134055,760.00716,355.45171,493.580387
2007-07-04,10462.04,0.8198,4.5425,0.018026,1.6396,2.4594,1.6099,2.404,231.209392,458.530814,778.698688,361.173986,505.445921
2007-07-05,10562.59,0.9611,4.5415,0.018022,1.9222,2.8833,1.8925,2.8279,233.43153,467.344635,801.150758,368.009056,519.739288
2007-07-06,10609.09,0.4402,4.5404,0.018018,0.8805,1.3207,0.8507,1.2653,234.459173,471.459445,811.731547,371.139864,526.315541
2007-07-09,10819.44,1.9827,4.5374,0.018006,3.9655,5.9482,3.9358,5.8928,239.107874,490.155015,860.014971,385.747021,557.330394
2007-07-10,10844.28,0.2296,4.5364,0.018002,0.4592,0.6888,0.4295,0.6334,239.656834,492.405677,865.938412,387.403672,560.860481
2007-07-11,10758.76,-0.7886,4.5354,0.017997,-1.5772,-2.3659,-1.6069,-2.4212,237.766856,484.639273,845.45156,381.178324,547.280839
2007-07-12,10842.35,0.7769,4.5344,0.017993,1.5539,2.3308,1.5242,2.2755,239.614181,492.170065,865.157724,386.988231,559.734175
2007-07-13,10977.98,1.2509,4.5333,0.017989,2.5019,3.7528,2.4722,3.6974,242.611582,504.483453,897.625227,396.555201,580.430012
2007-07-16,10921.03,-0.5188,4.5303,0.017977,-1.0375,-1.5563,-1.0672,-1.6116,241.352996,499.249278,883.65551,392.323104,571.075703
2007-07-17,11034.05,1.0349,4.5293,0.017973,2.0698,3.1047,2.0401,3.0493,243.85072,509.58258,911.08994,400.326842,588.489745
2007-07-18,11013.77,-0.1838,4.5283,0.017969,-0.3676,-0.5514,-0.3973,-0.6067,243.402535,507.709409,906.066335,398.736483,584.919449
2007-07-19,11012.99,-0.0071,4.5273,0.017965,-0.0142,-0.0212,-0.0438,-0.0765,243.385297,507.637496,905.873831,398.561694,584.471741
2007-07-20,11147.16,1.2183,4.5262,0.017961,2.4366,3.6549,2.4069,3.5996,246.350433,520.006476,938.982304,408.154713,605.510257
2007-07-23,11189.64,0.3811,4.5232,0.017949,0.7622,1.1433,0.7325,1.088,247.289234,523.969795,949.717227,411.144494,612.098132
2007-07-24,11340.5,1.3482,4.5222,0.017945,2.6964,4.0446,2.6668,3.9894,250.623215,538.098235,988.129814,422.108777,636.517044
2007-07-25,11345.06,0.0402,4.5212,0.017941,0.0804,0.1206,0.0508,0.0654,250.723991,538.530973,989.321791,422.323091,636.933213
2007-07-26,11178.5,-1.4681,4.5202,0.017937,-2.9363,-4.4044,-2.9659,-4.4596,247.043042,522.718325,945.748261,409.797413,608.528391
2007-07-27,10711.87,-4.1744,4.5192,0.017933,-8.3487,-12.5231,-8.3783,-12.5783,236.730594,479.078113,827.311661,375.463173,531.985931
2007-07-30,10615.37,-0.9009,4.5161,0.017921,-1.8017,-2.7026,-1.8314,-2.7578,234.59796,470.446373,804.952659,368.587065,517.314735
2007-07-31,10873.3,2.4298,4.5151,0.017917,4.8596,7.2893,4.8299,7.2341,240.298171,493.307985,863.628363,386.389577,554.737991
2007-08-01,10414.62,-4.2184,4.5141,0.017913,-8.4368,-12.6552,-8.4664,-12.7104,230.161417,451.688512,754.334297,353.676164,484.228514
2007-08-02,10501.24,0.8317,4.5131,0.017909,1.6634,2.4951,1.6338,2.44,232.075705,459.202038,773.156041,359.45458,496.043511
2007-08-03,10627.94,1.2065,4.5121,0.017905,2.413,3.6196,2.3834,3.5644,234.875755,470.282806,801.140985,368.021954,513.724474
2007-08-06,10492.07,-1.2784,4.509,0.017893,-2.5568,-3.8353,-2.5864,-3.8904,231.87305,458.258401,770.415079,358.503269,493.738439
2007-08-07,10401.06,-0.8674,4.508,0.017889,-1.7348,-2.6023,-1.7644,-2.6574,229.861743,450.308378,750.366945,352.177733,480.617864
2007-08-08,10685.63,2.736,4.507,0.017885,5.4719,8.2079,5.4424,8.1528,236.150694,474.948993,811.956414,371.344481,519.801574
2007-08-09,10791.39,0.9897,4.506,0.017881,1.9795,2.9692,1.9499,2.9141,238.487973,484.350517,836.065197,378.585304,534.949083
2007-08-10,10501.58,-2.6856,4.505,0.017877,-5.3711,-8.0567,-5.4007,-8.1118,232.083219,458.335403,768.705926,358.138983,491.554979
2007-08-13,10511.62,0.0956,4.5019,0.017865,0.1912,0.2868,0.1616,0.2317,232.305102,459.211783,770.910682,358.717872,492.694008
2007-08-14,10491.77,-0.1888,4.5009,0.017861,-0.3777,-0.5665,-0.4072,-0.6216,231.86642,457.477444,766.54335,357.257014,489.631409
2007-08-15,10119.26,-3.5505,4.4999,0.017857,-7.101,-10.6515,-7.1306,-10.7066,223.634009,424.991997,684.89505,331.782597,437.208679
2007-08-16,9663.04,-4.5084,4.4989,0.017853,-9.0169,-13.5253,-9.0464,-13.5804,213.551621,386.671043,592.260958,301.768137,377.834133
2007-08-17,9534.77,-1.3274,4.4979,0.017849,-2.6549,-3.9823,-2.6844,-4.0373,210.716875,376.405475,568.675426,293.667434,362.579648
2007-08-20,10039.73,5.296,4.4948,0.017837,10.592,15.888,10.5624,15.8329,221.876409,416.274231,659.026324,324.685843,419.986583
2007-08-21,9999.32,-0.4025,4.4938,0.017833,-0.805,-1.2075,-0.8345,-1.2625,220.983354,412.923216,651.068564,321.976208,414.684115
2007-08-22,10017.56,0.1824,4.4928,0.017829,0.3648,0.5472,0.3353,0.4922,221.386455,414.429662,654.631453,323.055761,416.725252
2007-08-23,10305.38,2.8732,4.4918,0.017825,5.7463,8.6195,5.7168,8.5645,227.747231,438.244073,711.057177,341.524144,452.415479
2007-08-24,10255.01,-0.4888,4.4908,0.017821,-0.9775,-1.4663,-1.0071,-1.5213,226.634062,433.960029,700.630793,338.084741,445.532757
2007-08-27,10296.28,0.4024,4.4877,0.017808,0.8049,1.2073,0.7754,1.1523,227.546122,437.452864,709.089595,340.706116,450.666767
2007-08-28,10308.17,0.1155,4.4867,0.017804,0.231,0.3464,0.2014,0.2915,227.808889,438.463193,711.546135,341.392456,451.980288
2007-08-29,10208.93,-0.9627,4.4857,0.0178,-1.9255,-2.8882,-1.955,-2.9432,225.615701,430.020746,690.995299,334.718337,438.677784
2007-08-30,10361.7,1.4964,4.4847,0.017796,2.9929,4.4893,2.9634,4.4343,228.991894,442.890708,722.016185,344.63727,458.130279
2007-08-31,10610.91,2.4051,4.4837,0.017792,4.8102,7.2153,4.7807,7.1604,234.499394,464.194701,774.111976,361.113399,490.934112
2007-09-03,10609.35,-0.0147,4.4806,0.01778,-0.0294,-0.0441,-0.0589,-0.099,234.464919,464.058211,773.77055,360.900738,490.447934
2007-09-04,10545.41,-0.6027,4.4796,0.017776,-1.2054,-1.808,-1.2348,-1.8629,233.051855,458.464677,759.780563,356.444211,481.311157
2007-09-05,10534.9,-0.0997,4.4786,0.017772,-0.1993,-0.299,-0.2288,-0.3539,232.819586,457.550826,757.508875,355.628642,479.607786
2007-09-06,10657.26,1.1615,4.4776,0.017768,2.3229,3.4844,2.2935,3.4295,235.523722,468.179483,783.903654,363.784882,496.056016
2007-09-07,10659.47,0.0207,4.4766,0.017764,0.0415,0.0622,0.012,0.0073,235.572563,468.373656,784.391329,363.828549,496.092316
2007-09-10,10565.99,-0.877,4.4735,0.017752,-1.7539,-2.6309,-1.7834,-2.6858,233.50667,460.158694,763.754778,357.34006,482.768421
2007-09-11,10644.35,0.7416,4.4725,0.017748,1.4832,2.2249,1.4538,2.17,235.238413,466.983996,780.747362,362.535053,493.244558
2007-09-12,10662.18,0.1675,4.4715,0.017744,0.335,0.5025,0.3056,0.4477,235.632453,468.548455,784.670774,363.642826,495.452651
2007-09-13,10555.41,-1.0014,4.4705,0.01774,-2.0028,-3.0042,-2.0322,-3.059,233.272853,459.164461,761.097931,356.25278,480.29668
2007-09-14,10678.64,1.1675,4.4695,0.017736,2.3349,3.5024,2.3055,3.4475,235.996217,469.885567,787.754432,364.466096,496.855088
2007-09-17,10523.01,-1.4574,4.4664,0.017724,-2.9148,-4.3722,-2.9442,-4.427,232.556819,456.189387,753.312343,353.735409,474.859318
2007-09-19,10554.4,0.2983,4.4644,0.017716,0.5966,0.8949,0.5672,0.8401,233.250533,458.911001,760.053705,355.741708,478.848607
2007-09-20,10621.84,0.639,4.4634,0.017712,1.278,1.9169,1.2485,1.8621,234.740946,464.775656,774.62337,360.183257,487.765423
2007-09-21,10768.53,1.381,4.4624,0.017708,2.762,4.1431,2.7326,4.0883,237.982771,477.612968,806.716539,370.025736,507.706672
2007-09-26,10948.52,1.6714,4.4573,0.017688,3.3429,5.0143,3.3135,4.9596,241.960521,493.57904,847.167996,382.28652,532.886856
2007-09-27,11133.24,1.6872,4.4563,0.017684,3.3743,5.0615,3.3449,5.0068,246.042803,510.234061,890.047455,395.073802,559.567293
2007-09-28,11131.63,-0.0145,4.4553,0.01768,-0.0289,-0.0434,-0.0583,-0.0981,246.007222,510.086489,889.661321,394.843441,559.018313
2007-09-29,11208.0,0.6861,4.4543,0.017676,1.3721,2.0582,1.3427,2.0035,247.694987,517.085519,907.972233,400.145177,570.218092
2007-10-01,11222.16,0.1263,4.4522,0.017668,0.2527,0.379,0.2233,0.3243,248.007921,518.392074,911.413584,401.038712,572.067392
2007-10-02,11381.85,1.423,4.4512,0.017664,2.846,4.269,2.8166,4.2143,251.537044,533.145389,950.321504,412.334394,596.175868
2007-10-03,11472.82,0.7993,4.4502,0.01766,1.5985,2.3978,1.5691,2.3431,253.547466,541.667771,973.107979,418.804514,610.144749
2007-10-04,11386.85,-0.7493,4.4492,0.017656,-1.4987,-2.248,-1.528,-2.3027,251.647543,533.549945,951.232427,412.405037,596.095037
2007-10-05,11374.87,-0.1052,4.4482,0.017652,-0.2104,-0.3156,-0.2398,-0.3703,251.382787,532.427259,948.230078,411.416188,593.887725
2007-10-08,11493.26,1.0408,4.4452,0.017639,2.0816,3.1224,2.0523,3.0678,253.999187,543.510297,977.837702,419.859519,612.106806
2007-10-09,11401.78,-0.7959,4.4441,0.017635,-1.5919,-2.3878,-1.6212,-2.4425,251.977494,534.858214,954.488559,413.052625,597.156279
2007-10-11,11470.21,0.6002,4.4421,0.017627,1.2003,1.8005,1.171,1.7459,253.489785,541.278325,971.674205,417.889493,607.581962
2007-10-12,11232.23,-2.0748,4.4411,0.017623,-4.1495,-6.2243,-4.1789,-6.2789,248.230466,518.81781,911.194311,400.42647,569.432441
2007-10-15,11258.51,0.234,4.4381,0.017611,0.4679,0.7019,0.4386,0.6473,248.81125,521.245561,917.590063,402.182826,573.118496
2007-10-16,11346.06,0.7776,4.437,0.017607,1.5553,2.3329,1.526,2.2783,250.746091,529.352326,938.99654,408.319953,586.175982
2007-10-17,11310.33,-0.3149,4.436,0.017603,-0.6298,-0.9447,-0.6591,-0.9993,249.956463,526.018348,930.125527,405.628586,580.318297
2007-10-18,11398.93,0.7834,4.435,0.017599,1.5667,2.3501,1.5374,2.2955,251.914509,534.259527,951.984073,411.864735,593.639506
2007-10-19,11368.95,-0.263,4.434,0.017595,-0.526,-0.789,-0.5553,-0.8436,251.251956,531.449245,944.472715,409.577585,588.6317
2007-10-22,11071.95,-2.6124,4.431,0.017583,-5.2248,-7.8371,-5.254,-7.8917,244.688304,503.682314,870.45311,388.058188,542.178848
2007-10-23,11239.63,1.5145,4.4299,0.017579,3.0289,4.5434,2.9996,4.4888,248.394005,518.938426,910.001042,399.698498,566.516442
2007-10-24,11168.93,-0.629,4.4289,0.017575,-1.258,-1.8871,-1.2873,-1.9416,246.831546,512.409928,892.82866,394.553059,555.517026
2007-10-25,11317.84,1.3333,4.4279,0.017571,2.6665,3.9998,2.6372,3.9452,250.122433,526.073361,928.539632,404.958318,577.433557
2007-10-26,11392.65,0.661,4.4269,0.017567,1.322,1.983,1.2927,1.9285,251.775722,533.027965,946.952346,410.193256,588.569226
2007-10-29,11603.63,1.8519,4.4239,0.017555,3.7038,5.5557,3.6745,5.5012,256.438346,552.77021,999.562057,425.265931,620.947668
2007-10-30,11542.18,-0.5296,4.4228,0.017551,-1.0592,-1.5887,-1.0884,-1.6432,255.080311,546.915537,983.681745,420.6373,610.744293
2007-10-31,11487.1,-0.4772,4.4218,0.017547,-0.9544,-1.4316,-0.9837,-1.4861,253.863052,541.695707,969.599173,416.499635,601.668158
2007-11-01,11353.28,-1.165,4.4208,0.017543,-2.3299,-3.4949,-2.3592,-3.5493,250.905651,529.074642,935.712876,406.673712,580.312983
2007-11-02,10968.69,-3.3875,4.4198,0.017539,-6.775,-10.1624,-6.8042,-10.2169,242.406275,493.230054,840.621639,379.002804,521.023098
2007-11-05,11010.69,0.3829,4.4168,0.017527,0.7658,1.1487,0.7366,1.0943,243.334468,497.00729,850.278063,381.794474,526.724683
2007-11-06,10992.0,-0.1697,4.4158,0.017523,-0.3395,-0.5092,-0.3687,-0.5636,242.921422,495.320009,845.948172,380.386731,523.755835
2007-11-07,11000.78,0.0799,4.4147,0.017519,0.1598,0.2396,0.1305,0.1852,243.115458,496.111295,847.975307,380.88324,524.725968
2007-11-08,10571.83,-3.8993,4.4137,0.017515,-7.7985,-11.6978,-7.8278,-11.7522,233.635733,457.421867,748.780794,351.068618,463.059114
2007-11-09,10611.26,0.373,4.4127,0.017511,0.7459,1.1189,0.7167,1.0645,234.507129,460.833981,757.159029,353.584823,467.988519
2007-11-12,10256.04,-3.3476,4.4097,0.017499,-6.6952,-10.0427,-6.7244,-10.0971,226.656825,429.980445,681.119606,329.808517,420.735294
2007-11-13,10322.99,0.6528,4.4087,0.017495,1.3056,1.9584,1.2764,1.904,228.136409,435.59415,694.458367,334.018098,428.74611
2007-11-14,10578.16,2.4719,4.4076,0.017491,4.9437,7.4156,4.9145,7.3612,233.775625,457.128717,745.956511,350.433503,460.30713
2007-11-15,10533.78,-0.4195,4.4066,0.017487,-0.8391,-1.2586,-0.8683,-1.313,232.794834,453.293008,736.567671,347.390758,454.263439
2007-11-16,10367.47,-1.5788,4.4056,0.017483,-3.1577,-4.7365,-3.1868,-4.7908,229.11941,438.979597,701.680318,336.319971,432.500556
2007-11-19,10267.99,-0.9595,4.4026,0.017471,-1.9191,-2.8786,-1.9483,-2.9329,226.920918,430.555229,681.481612,329.767595,419.815637
2007-11-20,10268.16,0.0017,4.4016,0.017467,0.0033,0.005,-0.0259,-0.0493,226.924675,430.569486,681.515461,329.682312,419.608536
2007-11-21,10035.44,-2.2664,4.4005,0.017462,-4.5328,-6.7993,-4.562,-6.8536,221.781601,411.052429,635.177379,314.642152,390.85041
2007-11-22,10053.64,0.1814,4.3995,0.017458,0.3627,0.5441,0.3335,0.4898,222.183818,412.543376,638.6332,315.69164,392.764756
2007-11-23,9867.72,-1.8493,4.3985,0.017454,-3.6986,-5.5478,-3.7277,-5.6021,218.075016,397.285208,603.202843,303.923534,370.761621
2007-11-26,10087.9,2.2313,4.3955,0.017442,4.4626,6.6939,4.4335,6.6397,222.940958,415.014584,643.580925,317.397932,395.379072
2007-11-27,9907.42,-1.7891,4.3945,0.017438,-3.5781,-5.3672,-3.6073,-5.4215,218.952379,400.164747,609.038507,305.94846,373.943738
2007-11-28,9789.73,-1.1879,4.3935,0.017434,-2.3758,-3.5637,-2.4049,-3.6179,216.351449,390.657653,587.334247,298.590596,360.414729
2007-11-29,9991.73,2.0634,4.3924,0.01743,4.1268,6.1902,4.0976,6.1359,220.815617,406.77921,623.691179,310.825754,382.529542
2007-11-30,10156.58,1.6499,4.3914,0.017426,3.2997,4.9496,3.2706,4.8954,224.458775,420.201821,654.561356,320.99161,401.2558
2007-12-03,10153.55,-0.0298,4.3884,0.017414,-0.0597,-0.0895,-0.0888,-0.1437,224.391812,419.951104,653.975533,320.706613,400.679227
2007-12-04,10233.69,0.7893,4.3874,0.01741,1.5786,2.3678,1.5494,2.3137,226.162893,426.58029,669.460639,325.675785,409.949567
2007-12-05,10264.05,0.2967,4.3864,0.017406,0.5933,0.89,0.5642,0.8358,226.833845,429.111337,675.418849,327.513318,413.376024
2007-12-06,10284.71,0.2013,4.3853,0.017402,0.4026,0.6039,0.3735,0.5497,227.290427,430.838811,679.497401,328.736455,415.648294
2007-12-07,10317.8,0.3217,4.3843,0.017398,0.6435,0.9652,0.6144,0.9111,228.021711,433.611171,686.05604,330.75613,419.43509
2007-12-10,10170.69,-1.4258,4.3813,0.017386,-2.8516,-4.2774,-2.8807,-4.3315,224.770604,421.246415,656.710917,321.228139,401.267249
2007-12-11,10218.37,0.4688,4.3803,0.017382,0.9376,1.4064,0.9085,1.3523,225.824324,425.196005,665.946862,324.146522,406.693446
2007-12-12,10043.9,-1.7074,4.3793,0.017378,-3.4148,-5.1222,-3.4439,-5.1764,221.968565,410.676283,631.835429,312.983192,385.641502
2007-12-13,9685.62,-3.5671,4.3782,0.017374,-7.1343,-10.7014,-7.1634,-10.7555,214.050635,381.377485,564.220061,290.563077,344.1637
2007-12-14,9602.96,-0.8534,4.3772,0.01737,-1.7069,-2.5603,-1.7359,-2.6144,212.223863,374.867904,549.774389,285.519086,335.165899
2007-12-17,9263.19,-3.5382,4.3742,0.017358,-7.0764,-10.6145,-7.1054,-10.6686,204.715,348.340902,491.418368,265.231744,299.408321
2007-12-18,9235.44,-0.2996,4.3732,0.017354,-0.5991,-0.8987,-0.6282,-0.9528,204.10173,346.253833,487.0019,263.565543,296.555585
2007-12-19,9480.21,2.6503,4.3722,0.01735,5.3007,7.951,5.2716,7.8969,209.511107,364.607599,525.72343,277.459695,319.974393
2007-12-20,9294.22,-1.9619,4.3712,0.017346,-3.9238,-5.8856,-3.9528,-5.9397,205.400758,350.301298,494.781299,266.492254,300.968919
2007-12-21,9394.01,1.0737,4.3701,0.017342,2.1474,3.221,2.1183,3.167,207.606101,357.823514,510.718374,272.137381,310.500561
2007-12-24,9623.54,2.4434,4.3671,0.01733,4.8867,7.3301,4.8577,7.2761,212.678677,375.309387,548.154523,285.356985,333.092805
2007-12-25,9660.91,0.3883,4.3661,0.017326,0.7766,1.165,0.7476,1.1109,213.504548,378.22418,554.540282,287.490328,336.793264
2007-12-26,9648.28,-0.1307,4.3651,0.017322,-0.2615,-0.3922,-0.2905,-0.4462,213.225427,377.235252,552.36538,286.655186,335.290467
2007-12-27,9834.39,1.9289,4.3641,0.017318,3.8579,5.7868,3.8289,5.7328,217.338428,391.788572,584.329851,297.630828,354.512113
2007-12-28,9932.84,1.0011,4.363,0.017314,2.0022,3.0032,1.9731,2.9492,219.514157,399.632797,601.878659,303.503494,364.967541
2007-12-31,10062.16,1.3019,4.36,0.017302,2.6039,3.9058,2.5749,3.8519,222.372108,410.038786,625.387025,311.318344,379.025592
2008-01-02,9845.42,-2.154,4.3437,0.017237,-4.308,-6.462,-4.337,-6.5159,217.582189,392.374228,584.974315,297.816578,354.328775
2008-01-03,9681.17,-1.6683,4.3355,0.017204,-3.3366,-5.0049,-3.3655,-5.0586,213.952291,379.28236,555.697139,287.793598,336.404562
2008-01-04,9724.82,0.4509,4.3273,0.017172,0.9018,1.3526,0.8729,1.2989,214.916949,382.702541,563.213642,290.305669,340.774177
2008-01-07,9325.32,-4.108,4.3028,0.017075,-8.2161,-12.3241,-8.2449,-12.3776,206.088063,351.259354,493.802429,266.37034,298.594342
2008-01-08,9419.41,1.009,4.2946,0.017042,2.0179,3.0269,1.9892,2.9735,208.167437,358.347581,508.749435,271.668974,307.472958
2008-01-09,9563.9,1.534,4.2865,0.01701,3.0679,4.6019,3.0392,4.5485,211.360643,369.3414,532.161477,279.925549,321.458352
2008-01-10,9531.03,-0.3437,4.2783,0.016977,-0.6874,-1.0311,-0.7161,-1.0844,210.634221,366.802634,526.674547,277.921113,317.972507
2008-01-11,9497.95,-0.3471,4.2701,0.016945,-0.6942,-1.0412,-0.7228,-1.0945,209.903159,364.25646,521.190651,275.912286,314.492344
2008-01-14,9668.41,1.7947,4.2456,0.016848,3.5894,5.3841,3.5609,5.331,213.670297,377.331103,549.252125,285.737114,331.258084
2008-01-15,9970.57,3.1252,4.2375,0.016815,6.2505,9.3757,6.2219,9.3227,220.347984,400.916029,600.748293,303.515498,362.140257
2008-01-16,9675.66,-2.9578,4.2293,0.016783,-5.9156,-8.8734,-5.9441,-8.9263,213.830521,377.199402,547.441407,285.474237,329.814367
2008-01-17,9583.5,-0.9525,4.2211,0.01675,-1.905,-2.8575,-1.9334,-2.9103,211.7938,370.013805,531.798381,279.954754,320.21563
2008-01-18,9681.71,1.0248,4.213,0.016718,2.0496,3.0743,2.0211,3.0215,213.964225,377.597476,548.147706,285.613032,329.89109
2008-01-21,9593.64,-0.9097,4.1884,0.016621,-1.8193,-2.729,-1.8476,-2.7816,212.017892,370.72782,533.188974,280.335949,320.714949
2008-01-22,8968.78,-6.5133,4.1803,0.016588,-13.0265,-19.5398,-13.0548,-19.5924,198.208587,322.434787,429.004807,243.738535,257.879315
2008-01-23,8763.48,-2.2891,4.1721,0.016556,-4.5781,-6.8672,-4.6064,-6.9196,193.67149,307.67339,399.544384,232.511047,240.035016
2008-01-24,8892.0,1.4665,4.1639,0.016524,2.9331,4.3996,2.9049,4.3472,196.511762,316.697701,417.122826,239.265148,250.469842
2008-01-25,9155.24,2.9604,4.1558,0.016491,5.9208,8.8812,5.8926,8.8289,202.329323,335.448826,454.168512,253.364158,272.58356
2008-01-28,8855.02,-3.2792,4.1313,0.016394,-6.5584,-9.8376,-6.5865,-9.8898,195.69451,313.44865,409.489027,236.676252,245.625597
2008-01-29,8962.22,1.2106,4.1231,0.016361,2.4212,3.6318,2.3932,3.5798,198.063612,321.037948,424.361006,242.340288,254.41838
2008-01-30,8923.28,-0.4345,4.1149,0.016329,-0.869,-1.3035,-0.897,-1.3555,197.203044,318.248189,418.82958,240.166455,250.969752
2008-01-31,8896.82,-0.2965,4.1067,0.016297,-0.5931,-0.8896,-0.6211,-0.9415,196.618283,316.360801,415.103743,238.674881,248.606768
2008-02-01,9077.64,2.0324,4.0986,0.016264,4.0648,6.0972,4.0369,6.0453,200.614376,329.220308,440.413592,248.309834,263.635895
2008-02-12,8934.87,-1.5728,4.0087,0.015908,-3.1455,-4.7183,-3.1731,-4.7695,197.459182,318.86458,419.633572,240.430603,251.061841
2008-02-13,8931.62,-0.0364,4.0005,0.015875,-0.0727,-0.1091,-0.1003,-0.1602,197.387357,318.632611,419.175655,240.189378,250.659544
2008-02-14,9303.92,4.1683,3.9924,0.015843,8.3367,12.505,8.3091,12.454,205.615127,345.195971,471.593614,260.147012,281.876582
2008-02-15,9317.04,0.141,3.9842,0.01581,0.282,0.423,0.2545,0.3721,205.905077,346.169533,473.588679,260.809126,282.925337
2008-02-18,9334.23,0.1845,3.9597,0.015713,0.369,0.5535,0.3416,0.5027,206.284973,347.446903,476.210001,261.700002,284.347633
2008-02-19,9492.16,1.6919,3.9515,0.015681,3.3839,5.0758,3.3565,5.0251,209.7752,359.204121,500.381629,270.483968,298.636407
2008-02-20,9338.45,-1.6193,3.9434,0.015648,-3.2387,-4.858,-3.266,-4.9087,206.378234,347.570675,476.073044,261.649888,283.977329
2008-02-21,9564.93,2.4252,3.9352,0.015616,4.8505,7.2757,4.8232,7.2251,211.383406,364.429534,510.710813,274.269685,304.495057
2008-02-22,9591.87,0.2817,3.927,0.015583,0.5633,0.845,0.536,0.7944,211.978775,366.482395,515.026124,275.73982,306.914057
2008-02-25,9801.96,2.1903,3.9025,0.015486,4.3806,6.5709,4.3534,6.5205,216.62173,382.536467,548.867858,287.743856,326.92651
2008-02-26,9827.23,0.2578,3.8943,0.015454,0.5156,0.7734,0.4885,0.7231,217.180193,384.508867,553.112894,289.149344,329.29066
2008-02-27,10009.88,1.8586,3.8862,0.015421,3.7172,5.5758,3.6901,5.5256,221.216729,398.801917,583.953549,299.819229,347.48603
2008-02-29,9951.54,-0.5828,3.8698,0.015356,-1.1656,-1.7485,-1.1927,-1.7986,219.927424,394.153289,573.743281,296.243251,341.236318
2008-03-03,9774.24,-1.7816,3.8453,0.015259,-3.5633,-5.3449,-3.5902,-5.3948,216.009123,380.108553,543.077269,285.607428,322.827352
2008-03-04,10019.38,2.508,3.8372,0.015227,5.016,7.5241,4.9891,7.4742,221.426677,399.174958,583.938746,299.856694,346.956258
2008-03-05,10035.75,0.1634,3.829,0.015194,0.3268,0.4902,0.2999,0.4404,221.788452,400.479329,586.800922,300.755862,348.48424
2008-03-06,10242.39,2.059,3.8208,0.015162,4.1181,6.1771,4.0912,6.1274,226.355162,416.97138,623.048301,313.060414,369.83736
2008-03-07,10091.86,-1.4697,3.8127,0.01513,-2.9394,-4.409,-2.9662,-4.4587,223.028473,404.715119,595.577917,303.774451,353.347593
2008-03-10,9817.41,-2.7195,3.7881,0.015032,-5.439,-8.1586,-5.4658,-8.208,216.963173,382.702514,546.987362,287.170821,324.344875
2008-03-11,9914.68,0.9908,3.78,0.015,1.9816,2.9724,1.9549,2.923,219.112824,390.286077,563.245864,292.784653,333.825501
2008-03-12,9978.2,0.6407,3.7718,0.014967,1.2813,1.922,1.2547,1.8727,220.516606,395.286939,574.071441,296.4581,340.077046
2008-03-13,9712.86,-2.6592,3.7636,0.014935,-5.3184,-7.9776,-5.345,-8.0268,214.652635,374.264021,528.274369,280.61231,312.779652
2008-03-14,9654.2,-0.6039,3.7555,0.014903,-1.2079,-1.8118,-1.2345,-1.861,213.356258,369.743349,518.702963,277.148173,306.958838
2008-03-17,9469.74,-1.9107,3.731,0.014805,-3.8213,-5.732,-3.8479,-5.781,209.279722,355.614191,488.970842,266.483916,289.213582
2008-03-18,9531.68,0.6541,3.7228,0.014773,1.3082,1.9623,1.2817,1.9133,210.648586,360.266218,498.565674,269.899408,294.747219
2008-03-19,9675.44,1.5082,3.7146,0.014741,3.0165,4.5247,2.99,4.4759,213.825659,371.133531,521.124279,277.969455,307.939676
2008-03-20,9862.66,1.935,3.7064,0.014708,3.87,5.805,3.8436,5.7562,217.963191,385.496416,551.375581,288.653462,325.665379
2008-03-21,10084.3,2.2473,3.6983,0.014676,4.4945,6.7418,4.4681,6.6931,222.861399,402.82266,588.548175,301.550919,347.462408
2008-03-24,10486.91,3.9924,3.6738,0.014578,7.9849,11.9773,7.9586,11.9288,231.759015,434.987596,659.040538,325.550159,388.910536
2008-03-25,10403.8,-0.7925,3.6656,0.014546,-1.585,-2.3775,-1.6113,-2.426,229.922297,428.09294,643.371616,320.304647,379.475595
2008-03-26,10371.78,-0.3078,3.6574,0.014514,-0.6155,-0.9233,-0.6418,-0.9717,229.21466,425.457838,637.43126,318.249046,375.788197
2008-03-27,10180.07,-1.8484,3.6493,0.014481,-3.6968,-5.5451,-3.7229,-5.5935,224.9779,409.729675,602.084787,306.400796,354.768596
2008-03-28,10200.8,0.2036,3.6411,0.014449,0.4073,0.6109,0.3811,0.5626,225.43603,411.398366,605.76292,307.568523,356.764655
2008-03-31,10140.6,-0.5901,3.6166,0.014352,-1.1803,-1.7704,-1.2064,-1.8185,224.10562,406.542633,595.038194,303.858148,350.276828
2008-04-01,9959.77,-1.7832,3.6084,0.014319,-3.5665,-5.3497,-3.5925,-5.3977,220.109306,392.043471,563.205534,292.942101,331.369982
2008-04-02,10179.32,2.2044,3.6002,0.014287,4.4087,6.6131,4.3827,6.5652,224.961325,409.327633,600.450905,305.781001,353.124971
2008-04-03,10168.7,-0.1043,3.5921,0.014254,-0.2087,-0.313,-0.2346,-0.3609,224.726625,408.473537,598.571569,305.063581,351.850681
2008-04-07,10326.56,1.5524,3.5594,0.014125,3.1048,4.6572,3.079,4.6096,228.215305,421.155912,626.448438,314.456461,368.069654
2008-04-08,10259.2,-0.6523,3.5512,0.014092,-1.3046,-1.9569,-1.3304,-2.0044,226.72666,415.661524,614.189496,310.272946,360.6919
2008-04-09,10253.39,-0.0566,3.5431,0.01406,-0.1133,-0.1699,-0.139,-0.2174,226.59826,415.190729,613.146011,309.841572,359.907824
2008-04-10,10444.39,1.8628,3.5349,0.014027,3.7256,5.5884,3.6999,5.541,230.819329,430.659062,647.411036,321.305287,379.85023
2008-04-11,10539.23,0.908,3.5267,0.013995,1.8161,2.7241,1.7904,2.6768,232.915278,438.480238,665.047431,327.057915,390.018011
2008-04-14,10519.24,-0.1897,3.5022,0.013898,-0.3793,-0.569,-0.4049,-0.6162,232.473502,436.816887,661.263199,325.733499,387.614809
2008-04-15,10557.21,0.361,3.494,0.013865,0.7219,1.0829,0.6963,1.0358,233.312633,439.970335,668.423839,328.001724,391.629635
2008-04-16,10724.32,1.5829,3.4859,0.013833,3.1658,4.7487,3.1403,4.7017,237.005737,453.898909,700.165267,338.301828,410.042757
2008-04-17,10753.16,0.2689,3.4777,0.0138,0.5378,0.8068,0.5123,0.7598,237.643096,456.340173,705.813951,340.035071,413.158256
2008-04-18,10734.14,-0.1769,3.4695,0.013768,-0.3538,-0.5306,-0.3792,-0.5775,237.222758,454.72584,702.068658,338.745553,410.772119
2008-04-21,10744.76,0.0989,3.445,0.013671,0.1979,0.2968,0.1725,0.2501,237.457458,455.625621,704.152467,339.329877,411.799474
2008-04-22,10690.26,-0.5072,3.4369,0.013638,-1.0144,-1.5217,-1.0398,-1.5683,236.253017,451.003536,693.437577,335.801549,405.341166
2008-04-23,10656.23,-0.3183,3.4287,0.013606,-0.6367,-0.955,-0.662,-1.0016,235.500959,448.132203,686.815377,333.578656,401.281438
2008-04-24,10634.76,-0.2015,3.4205,0.013573,-0.403,-0.6044,-0.4282,-0.6509,235.026476,446.326424,682.664023,332.15015,398.669308
2008-04-25,10584.48,-0.4728,3.4123,0.013541,-0.9456,-1.4184,-0.9708,-1.4648,233.915296,442.106057,672.981337,328.92555,392.82954
2008-04-28,10740.35,1.4726,3.3878,0.013444,2.9453,4.4179,2.9201,4.3716,237.359998,455.127211,702.712869,338.530523,410.002598
2008-04-29,10518.13,-2.069,3.3797,0.013411,-4.138,-6.2071,-4.1632,-6.2532,232.448971,436.293864,659.095057,324.436963,384.364118
2008-04-30,10551.47,0.317,3.3715,0.013379,0.634,0.9509,0.6089,0.9048,233.18578,439.059762,665.362587,326.412355,387.841869
2008-05-02,10603.17,0.49,3.3552,0.013314,0.98,1.4699,0.9549,1.4239,234.328342,443.362364,675.143,329.529389,393.36452
2008-05-05,10453.46,-1.4119,3.3307,0.013217,-2.8239,-4.2358,-2.8488,-4.2816,231.019775,430.842377,646.545234,320.14177,376.522195
2008-05-06,10477.48,0.2298,3.3225,0.013184,0.4596,0.6893,0.4347,0.6436,231.550613,432.822359,651.002136,321.53333,378.945519
2008-05-07,10559.06,0.7786,3.3143,0.013152,1.5572,2.3359,1.5324,2.2902,233.353518,439.562462,666.20868,326.460463,387.624121
2008-05-08,10488.41,-0.6691,3.3061,0.01312,-1.3382,-2.0073,-1.363,-2.0529,231.792164,433.680293,652.836,322.010763,379.666642
2008-05-09,10400.61,-0.8371,3.298,0.013087,-1.6742,-2.5113,-1.699,-2.5569,229.851798,426.419492,636.441046,316.539728,369.95901
2008-05-12,10445.15,0.4282,3.2735,0.01299,0.8565,1.2847,0.8318,1.2394,230.836125,430.071725,644.61761,319.17268,374.544235
2008-05-13,10633.81,1.8062,3.2653,0.012958,3.6124,5.4186,3.5877,5.3733,235.005481,445.607611,679.546804,330.623735,394.669663
2008-05-14,10667.99,0.3214,3.2571,0.012925,0.6429,0.9643,0.6182,0.9191,235.760853,448.472223,686.099557,332.667729,398.296943
2008-05-15,10832.12,1.5385,3.249,0.012893,3.0771,4.6156,3.0525,4.5704,239.3881,462.271963,717.767056,342.822268,416.500839
2008-05-16,10879.71,0.4393,3.2408,0.01286,0.8787,1.318,0.8541,1.2729,240.439831,466.333868,727.227402,345.750369,421.80264
2008-05-19,10995.39,1.0633,3.2163,0.012763,2.1265,3.1898,2.1021,3.1449,242.99634,476.250585,750.424436,353.018242,435.06791
2008-05-20,10727.91,-2.4327,3.2081,0.012731,-4.8653,-7.298,-4.8897,-7.3428,237.085076,453.07951,695.658703,335.756537,403.12177
2008-05-21,10664.84,-0.5879,3.1999,0.012698,-1.1758,-1.7637,-1.2002,-1.8085,235.691239,447.752149,683.389251,331.726733,395.831399
2008-05-22,10655.92,-0.0836,3.1918,0.012666,-0.1673,-0.2509,-0.1917,-0.2956,235.494108,447.003155,681.674504,331.090976,394.661263
2008-05-23,10450.96,-1.9234,3.1836,0.012633,-3.8469,-5.7703,-3.8712,-5.8149,230.964525,429.807499,642.339748,318.273731,371.711926
2008-05-26,10300.85,-1.4363,3.1591,0.012536,-2.8727,-4.309,-2.8969,-4.3534,227.647119,417.460613,614.661443,309.053668,355.529747
2008-05-27,10384.32,0.8103,3.1509,0.012504,1.6206,2.431,1.5964,2.3866,229.491792,424.22616,629.603644,313.987503,364.014792
2008-05-28,10251.05,-1.2834,3.1428,0.012471,-2.5668,-3.8501,-2.5909,-3.8944,226.546547,413.337316,605.363074,305.8523,349.838456
2008-05-29,10273.75,0.2214,3.1346,0.012439,0.4429,0.6643,0.4187,0.6201,227.048213,415.16791,609.384635,307.133014,352.007733
2008-05-30,10195.86,-0.7581,3.1264,0.012406,-1.5163,-2.2744,-1.5404,-2.3186,225.326857,408.872754,595.524564,302.401924,343.846028
2008-06-02,10320.53,1.2228,3.1019,0.012309,2.4455,3.6683,2.4215,3.6243,228.082043,418.871747,617.369915,309.724547,356.307937
2008-06-03,10148.96,-1.6624,3.0937,0.012277,-3.3248,-4.9872,-3.3488,-5.0312,224.290374,404.944977,586.580172,299.352453,338.381506
2008-06-04,10206.18,0.5638,3.0856,0.012244,1.1276,1.6914,1.1037,1.6476,225.554927,409.511149,596.501617,302.656264,343.956514
2008-06-05,10337.09,1.2827,3.0774,0.012212,2.5653,3.848,2.5414,3.8042,228.448017,420.016373,619.454777,310.347941,357.041217
2008-06-06,10345.23,0.0787,3.0692,0.01218,0.1575,0.2362,0.1336,0.1925,228.627909,420.677862,620.918157,310.762582,357.728567
2008-06-09,10159.05,-1.7997,3.0447,0.012082,-3.5993,-5.399,-3.6231,-5.4425,224.513362,405.536236,587.394723,299.503254,338.259048
2008-06-10,9901.21,-2.538,3.0366,0.01205,-5.0761,-7.6141,-5.0998,-7.6576,218.815139,384.950952,542.669915,284.229123,312.35665
2008-06-11,9873.22,-0.2827,3.0284,0.012017,-0.5654,-0.8481,-0.5891,-0.8915,218.196565,382.774495,538.06765,282.554703,309.572059
2008-06-12,9538.54,-3.3898,3.0202,0.011985,-6.7796,-10.1693,-6.8032,-10.2127,210.800191,356.824103,483.349792,263.331822,277.956511
2008-06-13,9589.79,0.5373,3.012,0.011953,1.0746,1.6119,1.0509,1.5686,211.932808,360.658491,491.14082,266.099252,282.31657
2008-06-16,9665.74,0.792,2.9875,0.011855,1.584,2.376,1.5604,2.3329,213.61129,366.371236,502.810152,270.251504,288.902701
2008-06-17,9703.74,0.3931,2.9794,0.011823,0.7863,1.1794,0.7628,1.1364,214.451084,369.251948,508.740412,272.312855,292.185828
2008-06-18,9751.49,0.4921,2.9712,0.01179,0.9842,1.4762,0.9607,1.4333,215.506351,372.885966,516.250616,274.928855,296.373694
2008-06-19,9550.14,-2.0648,2.963,0.011758,-4.1296,-6.1944,-4.1531,-6.2373,211.056549,357.487173,484.271792,263.510813,277.887921
2008-06-20,9377.82,-1.8044,2.9549,0.011726,-3.6087,-5.4131,-3.6322,-5.4559,207.248305,344.58638,458.057606,253.93964,262.726549
2008-06-23,9347.43,-0.3241,2.9304,0.011628,-0.6481,-0.9722,-0.6715,-1.0148,206.576691,342.353029,453.604427,252.234537,260.060375
2008-06-24,9183.22,-1.7567,2.9222,0.011596,-3.5135,-5.2702,-3.5368,-5.3128,202.947676,330.324527,429.698482,243.313553,246.24395
2008-06-25,9341.25,1.7209,2.914,0.011564,3.4417,5.1626,3.4184,5.1201,206.440114,341.693346,451.881959,251.631086,258.851828
2008-06-26,9290.2,-0.5465,2.9058,0.011531,-1.093,-1.6395,-1.1162,-1.6819,205.311917,337.958633,444.473344,248.822282,254.498123
2008-06-27,8977.5,-3.3659,2.8977,0.011499,-6.7318,-10.0977,-6.755,-10.1401,198.401298,315.207849,399.591593,232.014262,228.691759
2008-06-30,8947.68,-0.3322,2.8732,0.011401,-0.6643,-0.9965,-0.6874,-1.0387,197.742281,313.113837,395.609698,230.419314,226.316431
2008-07-01,8815.7,-1.475,2.865,0.011369,-2.95,-4.4251,-2.9731,-4.4672,194.825544,303.876858,378.103741,223.568686,216.206512
2008-07-02,8786.49,-0.3313,2.8568,0.011337,-0.6627,-0.994,-0.6857,-1.0361,194.180008,301.863123,374.345306,222.035621,213.966482
2008-07-03,8843.71,0.6512,2.8487,0.011304,1.3025,1.9537,1.2794,1.9117,195.44456,305.794752,381.65882,224.876441,218.056895
2008-07-04,8647.72,-2.2162,2.8405,0.011272,-4.4323,-6.6485,-4.4553,-6.6904,191.113213,292.241003,356.284408,214.857564,203.468098
2008-07-07,8784.09,1.5769,2.816,0.011175,3.1539,4.7308,3.131,4.6891,194.126968,301.457977,373.139662,221.584785,213.008978
2008-07-08,8457.04,-3.7232,2.8078,0.011142,-7.4464,-11.1696,-7.4693,-11.2113,186.899216,279.010158,331.461357,205.034028,189.127955
2008-07-09,8456.96,-0.0009,2.7996,0.01111,-0.0019,-0.0028,-0.0247,-0.0444,186.897448,279.004879,331.451951,204.983368,189.04394
2008-07-10,8497.62,0.4808,2.7915,0.011077,0.9616,1.4424,0.9388,1.4008,187.796027,281.68772,336.232689,206.907734,191.692148
2008-07-11,8703.19,2.4191,2.7833,0.011045,4.8383,7.2574,4.8155,7.216,192.339091,295.316605,360.634587,216.871469,205.524632
2008-07-14,8607.81,-1.0959,2.7588,0.010948,-2.1918,-3.2878,-2.2145,-3.329,190.231209,288.843738,348.777788,212.068863,198.682676
2008-07-15,8234.1,-4.3415,2.7506,0.010915,-8.683,-13.0246,-8.7057,-13.0658,181.972278,263.763307,303.35099,193.606855,172.723269
2008-07-16,8133.16,-1.2259,2.7425,0.010883,-2.4518,-3.6776,-2.4743,-3.7188,179.74152,257.296475,292.194853,188.816354,166.300098
2008-07-17,8462.26,4.0464,2.7343,0.01085,8.0928,12.1392,8.0702,12.0981,187.014577,278.118953,327.664951,204.054285,186.419296
2008-07-18,8270.43,-2.2669,2.7261,0.010818,-4.5338,-6.8007,-4.5563,-6.8417,182.775165,265.509659,305.381554,194.756957,173.665109
2008-07-21,8601.31,4.0008,2.7016,0.010721,8.0015,12.0023,7.9791,11.9615,190.08756,286.754464,342.034297,210.296793,194.438012
2008-07-22,8585.46,-0.1843,2.6934,0.010688,-0.3685,-0.5528,-0.3909,-0.5936,189.737277,285.697635,340.143453,209.474652,193.283897
2008-07-23,8884.67,3.4851,2.6853,0.010656,6.9702,10.4552,6.9478,10.4146,196.34977,305.611207,375.70625,224.02852,213.413561
2008-07-24,8988.56,1.1693,2.6771,0.010623,2.3386,3.508,2.3163,3.4673,198.645722,312.758338,388.885846,229.217704,220.813336
2008-07-25,8830.33,-1.7603,2.6689,0.010591,-3.5207,-5.281,-3.543,-5.3216,195.148865,301.747063,368.348605,221.096533,209.062548
2008-07-29,8575.77,-2.8828,2.6363,0.010461,-5.7656,-8.6484,-5.7878,-8.6887,189.52313,284.349586,336.492439,208.300017,190.89781
2008-07-30,8648.44,0.8474,2.6281,0.010429,1.6948,2.5422,1.6726,2.5019,191.129125,289.168671,345.046623,211.784126,195.673957
2008-07-31,8604.98,-0.5025,2.6199,0.010397,-1.005,-1.5076,-1.0271,-1.5477,190.168666,286.26242,339.844855,209.608807,192.645486
2008-08-01,8580.11,-0.289,2.6117,0.010364,-0.578,-0.8671,-0.6001,-0.9071,189.619043,284.607716,336.89821,208.350928,190.897903
2008-08-04,8550.44,-0.3458,2.5872,0.010267,-0.6916,-1.0374,-0.7136,-1.0773,188.963341,282.639371,333.40323,206.864193,188.841364
2008-08-05,8354.34,-2.2934,2.5791,0.010234,-4.5869,-6.8803,-4.6088,-6.9202,184.629563,269.67499,310.463929,197.330155,175.773199
2008-08-06,8626.51,3.2578,2.5709,0.010202,6.5157,9.7735,6.4937,9.7337,190.644475,287.246083,340.807068,210.144276,192.882459
2008-08-07,8629.74,0.0374,2.5627,0.01017,0.0749,0.1123,0.053,0.0726,190.715858,287.461188,341.18989,210.255672,193.022538
2008-08-08,8867.23,2.752,2.5546,0.010137,5.504,8.256,5.4821,8.2163,195.964349,303.283022,369.358475,221.782196,208.881936
2008-08-11,9012.3,1.636,2.5301,0.01004,3.272,4.9081,3.2503,4.8686,199.170372,313.206588,387.486853,228.990786,219.051618
2008-08-12,8986.13,-0.2904,2.5219,0.010007,-0.5808,-0.8711,-0.6025,-0.9105,198.592019,311.387603,384.11129,227.611172,217.057103
2008-08-13,8993.53,0.0823,2.5137,0.009975,0.1647,0.247,0.143,0.2077,198.755558,311.900453,385.060227,227.936694,217.508
2008-08-14,9042.6,0.5456,2.5055,0.009943,1.0912,1.6368,1.0696,1.5976,199.839997,315.304001,391.363059,230.37466,220.982893
2008-08-15,8884.94,-1.7435,2.4974,0.00991,-3.4871,-5.2306,-3.5087,-5.2698,196.355737,304.309192,370.89252,222.29158,209.337623
2008-08-18,8643.91,-2.7128,2.4729,0.009813,-5.4256,-8.1384,-5.4471,-8.1774,191.029013,287.798638,340.707885,210.183125,192.219313
2008-08-19,8620.35,-0.2726,2.4647,0.009781,-0.5451,-0.8177,-0.5666,-0.8566,190.50834,286.229779,337.921966,208.992206,190.57274
2008-08-20,8698.68,0.9087,2.4565,0.009748,1.8173,2.726,1.7959,2.6871,192.239421,291.431512,347.13369,212.74544,195.693677
2008-08-21,8555.09,-1.6507,2.4484,0.009716,-3.3014,-4.9521,-3.3228,-4.9909,189.066105,281.810132,329.943176,205.676245,185.926748
2008-08-22,8548.18,-0.0808,2.4402,0.009683,-0.1615,-0.2423,-0.1829,-0.281,188.913395,281.354893,329.143684,205.299999,185.404213
2008-08-25,8703.07,1.812,2.4157,0.009586,3.6239,5.4359,3.6026,5.3974,192.336439,291.550995,347.035586,212.696213,195.41114
2008-08-26,8624.82,-0.8991,2.4075,0.009554,-1.7982,-2.6973,-1.8195,-2.7358,190.607127,286.308278,337.674911,208.826256,190.065089
2008-08-27,8769.15,1.6734,2.3993,0.009521,3.3469,5.0203,3.3256,4.9819,193.796796,295.890594,354.627133,215.771034,199.533887
2008-08-28,8711.51,-0.6573,2.3912,0.009489,-1.3146,-1.9719,-1.3358,-2.0103,192.522962,292.000791,347.634195,212.888757,195.522746
2008-08-29,8733.88,0.2568,2.383,0.009456,0.5136,0.7704,0.4924,0.7321,193.017335,293.500429,350.31223,213.937044,196.954134
2008-09-01,8445.3,-3.3041,2.3585,0.009359,-6.6083,-9.9124,-6.6294,-9.9505,186.639764,274.105074,315.587765,199.754399,177.35618
2008-09-02,8305.89,-1.6507,2.3503,0.009327,-3.3015,-4.9522,-3.3225,-4.9902,183.558825,265.055546,299.959159,193.117531,168.505681
2008-09-03,8163.48,-1.7146,2.3422,0.009294,-3.4291,-5.1437,-3.4501,-5.1817,180.411587,255.966439,284.530162,186.454718,159.774301
2008-09-04,7954.26,-2.5629,2.334,0.009262,-5.1258,-7.6886,-5.1467,-7.7265,175.787859,242.846226,262.653682,176.85841,147.429305
2008-09-05,7824.88,-1.6265,2.3258,0.009229,-3.2531,-4.8796,-3.274,-4.9175,172.928582,234.946197,249.837103,171.068003,140.179509
2008-09-08,8261.01,5.5736,2.3013,0.009132,11.1473,16.7209,11.1264,16.6833,182.566985,261.136268,291.612104,190.101756,163.566029
2008-09-09,7971.31,-3.5068,2.2931,0.0091,-7.0137,-10.5205,-7.0345,-10.5581,176.164661,242.821032,260.933037,176.729093,146.296613
2008-09-10,8012.68,0.519,2.285,0.009067,1.038,1.557,1.0172,1.5195,177.078932,245.341447,264.995657,178.526779,148.51953
2008-09-11,7757.26,-3.1877,2.2768,0.009035,-6.3754,-9.5631,-6.3961,-9.6005,171.434191,229.699961,239.653877,167.107963,134.260872
2008-09-12,7830.33,0.942,2.2686,0.009003,1.8839,2.8259,1.8632,2.7885,173.049026,234.027307,246.426181,170.221525,138.004734
2008-09-15,7510.76,-4.0812,2.2441,0.008905,-8.1624,-12.2435,-8.183,-12.2807,165.986581,214.925148,216.25488,156.29234,121.056758
2008-09-16,7154.17,-4.7477,2.236,0.008873,-9.4954,-14.2432,-9.516,-14.2803,158.106,194.517051,185.453339,141.419524,103.769518
2008-09-17,7209.74,0.7767,2.2278,0.00884,1.5535,2.3302,1.533,2.2932,159.334088,197.538872,189.774864,143.587419,106.149164
2008-09-18,7013.18,-2.7263,2.2196,0.008808,-5.4526,-8.1789,-5.4731,-8.2159,154.990143,186.767821,174.2533,135.728681,97.428037
2008-09-19,7421.54,5.8228,2.2114,0.008776,11.6455,17.4683,11.625,17.4313,164.014833,208.517871,204.692307,151.507167,114.411046
2008-09-22,7596.37,2.3557,2.1869,0.008678,4.7114,7.0671,4.691,7.0304,167.878548,218.342026,219.158182,158.614424,122.454612
2008-09-23,7685.43,1.1724,2.1788,0.008646,2.3448,3.5172,2.3245,3.4805,169.84676,223.461719,226.866427,162.30134,126.716705
2008-09-24,7624.09,-0.7981,2.1706,0.008613,-1.5963,-2.3944,-1.6166,-2.431,168.491156,219.894672,221.434335,159.677597,123.636231
2008-09-25,7534.86,-1.1704,2.1624,0.008581,-2.3407,-3.5111,-2.361,-3.5476,166.519187,214.747513,213.659538,155.907568,119.250069
2008-09-26,7371.75,-2.1647,2.1543,0.008549,-4.3295,-6.4942,-4.3497,-6.5307,162.914482,205.45007,199.784028,149.126007,111.462232
2008-09-30,7110.57,-3.543,2.1216,0.008419,-7.086,-10.629,-7.1061,-10.6652,157.142447,190.89194,178.549073,138.528971,99.574608
2008-10-01,7166.19,0.7822,2.1134,0.008387,1.5644,2.3466,1.5443,2.3105,158.37164,193.878313,182.73899,140.668327,101.875289
2008-10-02,7091.23,-1.046,2.1052,0.008354,-2.092,-3.1381,-2.1121,-3.1741,156.715036,189.82229,177.004514,137.697262,98.641622
2008-10-03,7139.36,0.6787,2.0971,0.008322,1.3575,2.0362,1.3374,2.0002,157.778701,192.399035,180.60864,139.538857,100.614621
2008-10-06,6845.28,-4.1191,2.0726,0.008224,-8.2383,-12.3574,-8.2582,-12.3932,151.279581,176.548676,158.290089,128.015454,88.145225
2008-10-07,6869.06,0.3474,2.0644,0.008192,0.6948,1.0422,0.6749,1.0064,151.805115,177.775311,159.939754,128.879413,89.032344
2008-10-08,6474.41,-5.7453,2.0562,0.00816,-11.4907,-17.236,-11.5105,-17.2717,143.083414,157.347763,132.372565,114.044721,73.654974
2008-10-09,6380.29,-1.4537,2.0481,0.008127,-2.9074,-4.3612,-2.9273,-4.3968,141.003377,152.772961,126.599573,110.706313,70.41652
2008-10-13,6243.16,-2.1493,2.0154,0.007998,-4.2986,-6.4478,-4.3183,-6.4832,137.972826,146.205938,118.436653,105.925732,65.851286
2008-10-14,6580.37,5.4013,2.0072,0.007965,10.8025,16.2038,10.7829,16.1685,145.425112,161.999896,137.627907,117.347567,76.498463
2008-10-15,6524.03,-0.8562,1.999,0.007933,-1.7124,-2.5685,-1.732,-2.6038,144.180008,159.225865,134.092868,115.315102,74.506612
2008-10-16,6312.41,-3.2437,1.9909,0.0079,-6.4874,-9.7311,-6.507,-9.7663,139.50324,148.896244,121.044154,107.811539,67.230097
2008-10-17,6188.21,-1.9676,1.9827,0.007868,-3.9351,-5.9027,-3.9547,-5.9378,136.75844,143.03702,113.899331,103.547938,63.238136
2008-10-20,6152.58,-0.5758,1.9582,0.007771,-1.1515,-1.7273,-1.171,-1.7622,135.971023,141.389885,111.931929,102.335369,62.123739
2008-10-21,6166.15,0.2206,1.95,0.007738,0.4411,0.6617,0.4217,0.6268,136.270917,142.013578,112.672553,102.766888,62.51315
2008-10-22,6066.19,-1.6211,1.9419,0.007706,-3.2422,-4.8633,-3.2616,-4.8981,134.061818,137.409189,107.192919,99.415012,59.451192
2008-10-23,5901.63,-2.7127,1.9337,0.007673,-5.4255,-8.1382,-5.4449,-8.1729,130.425068,129.954079,98.469321,94.002003,54.592285
2008-10-24,5713.39,-3.1896,1.9255,0.007641,-6.3793,-9.5689,-6.3986,-9.6035,126.264995,121.663977,89.046908,87.987189,49.349499
2008-10-27,5448.55,-4.6354,1.901,0.007544,-9.2709,-13.9063,-9.2901,-13.9407,120.412074,110.384689,76.663796,79.813089,42.469818
2008-10-28,5489.85,0.758,1.8928,0.007511,1.516,2.274,1.4968,2.2396,121.324797,112.05812,78.40713,81.007717,43.420977
2008-10-29,5498.02,0.1488,1.8847,0.007479,0.2976,0.4465,0.2785,0.4121,121.505353,112.39165,78.757187,81.233287,43.599931
2008-10-30,5843.77,6.2886,1.8765,0.007446,12.5773,18.8659,12.5581,18.8316,129.146372,126.527435,93.615426,91.434646,51.810506
2008-10-31,6077.13,3.9933,1.8683,0.007414,7.9866,11.9799,7.9675,11.9457,134.30359,136.632707,104.830495,98.719706,57.999657
2008-11-03,6232.33,2.5538,1.8438,0.007317,5.1077,7.6615,5.0887,7.6275,137.733485,143.61146,112.862095,103.743207,62.423588
2008-11-04,6229.36,-0.0477,1.8357,0.007284,-0.0953,-0.143,-0.1143,-0.1769,137.667848,143.474585,112.700743,103.624628,62.313162
2008-11-05,6211.42,-0.288,1.8275,0.007252,-0.576,-0.864,-0.5949,-0.8978,137.271377,142.648197,111.727039,103.008123,61.753688
2008-11-06,5856.91,-5.7074,1.8193,0.00722,-11.4148,-17.1222,-11.4337,-17.156,129.436764,126.365217,92.596943,91.230476,51.15924
2008-11-07,5917.06,1.027,1.8111,0.007187,2.054,3.081,2.0351,3.0472,130.766069,128.960739,95.449833,93.087099,52.718184
2008-11-10,5914.48,-0.0436,1.7866,0.00709,-0.0872,-0.1308,-0.106,-0.1644,130.709051,128.848278,95.324977,92.988425,52.63154
2008-11-11,5787.6,-2.1452,1.7785,0.007057,-4.2905,-6.4357,-4.3093,-6.4692,127.905024,123.320059,89.190118,88.981321,49.226695
2008-11-12,5758.89,-0.4961,1.7703,0.007025,-0.9921,-1.4882,-1.0109,-1.5216,127.270537,122.096575,87.862807,88.081851,48.477663
2008-11-13,5537.13,-3.8507,1.7621,0.006993,-7.7015,-11.5522,-7.7202,-11.5856,122.369677,112.693327,77.712697,81.281771,42.861246
2008-11-14,5555.67,0.3348,1.754,0.00696,0.6697,1.0045,0.651,0.9712,122.779408,113.44799,78.493314,81.810911,43.277517
2008-11-17,5539.59,-0.2894,1.7295,0.006863,-0.5789,-0.8683,-0.5974,-0.9014,122.424043,112.791276,77.811755,81.322142,42.887417
2008-11-18,5371.62,-3.0322,1.7213,0.00683,-6.0643,-9.0965,-6.0829,-9.1295,118.711933,105.951221,70.733592,76.37541,38.97199
2008-11-19,5345.31,-0.4898,1.7131,0.006798,-0.9796,-1.4694,-0.9981,-1.5024,118.130486,104.91333,69.69424,75.613109,38.386494
2008-11-20,5103.05,-4.5322,1.7049,0.006766,-9.0644,-13.5966,-9.0829,-13.6295,112.776579,95.403572,60.218199,68.745271,33.154611
2008-11-21,5204.32,1.9845,1.6968,0.006733,3.969,5.9535,3.9506,5.9207,115.01463,99.190138,63.803288,71.461094,35.117585
2008-11-24,5191.15,-0.2531,1.6723,0.006636,-0.5061,-0.7592,-0.5245,-0.7918,114.723575,98.688119,63.318908,71.086309,34.839519
2008-11-25,5323.34,2.5464,1.6641,0.006604,5.0929,7.6393,5.0746,7.6068,117.644953,103.714205,68.15606,74.693646,37.489683
2008-11-26,5329.97,0.1245,1.6559,0.006571,0.2491,0.3736,0.2308,0.3411,117.791475,103.972548,68.410717,74.86605,37.617572
2008-11-27,5556.99,4.2593,1.6478,0.006539,8.5186,12.7779,8.5004,12.7455,122.80858,112.829577,77.152192,81.229946,42.412116
2008-11-28,5565.4,0.1513,1.6396,0.006506,0.3027,0.454,0.2845,0.4216,122.99444,113.171092,77.502481,81.461021,42.590944
2008-12-01,5637.69,1.2989,1.6151,0.006409,2.5978,3.8968,2.5797,3.8646,124.592037,116.111092,80.522563,83.562488,44.236902
2008-12-02,5436.25,-3.5731,1.6069,0.006377,-7.1462,-10.7193,-7.1643,-10.7514,120.140246,107.813573,71.89112,77.575844,39.480815
2008-12-03,5374.21,-1.1412,1.5987,0.006344,-2.2825,-3.4237,-2.3005,-3.4557,118.769172,105.352776,69.429796,75.791207,38.116462
2008-12-04,5308.96,-1.2141,1.5906,0.006312,-2.4283,-3.6424,-2.4463,-3.6744,117.327157,102.794533,66.900888,73.93714,36.715916
2008-12-05,5271.67,-0.7024,1.5824,0.006279,-1.4048,-2.1072,-1.4228,-2.1391,116.503054,101.35048,65.491158,72.885177,35.93052
2008-12-08,5512.8,4.5741,1.5579,0.006182,9.1481,13.7222,9.1303,13.6905,121.831988,110.622169,74.477996,79.53978,40.849583
2008-12-09,5580.58,1.2295,1.5497,0.00615,2.459,3.6885,2.4411,3.6568,123.329915,113.342373,77.225122,81.481464,42.343388
2008-12-10,5812.92,4.1634,1.5416,0.006117,8.3267,12.4901,8.3089,12.4585,128.464592,122.78009,86.870617,88.251685,47.618739
2008-12-11,5808.81,-0.0707,1.5334,0.006085,-0.1414,-0.2121,-0.1592,-0.2436,128.373761,122.606468,86.686353,88.111188,47.502717
2008-12-12,5591.32,-3.7441,1.5252,0.006052,-7.4883,-11.2324,-7.506,-11.2639,123.567267,113.425351,76.949376,81.497527,42.152063
2008-12-15,5756.59,2.9558,1.5007,0.005955,5.9117,8.8675,5.894,8.8362,127.219708,120.130676,83.772858,86.300993,45.876711
2008-12-16,5760.54,0.0686,1.4925,0.005923,0.1372,0.2059,0.1196,0.1746,127.307002,120.295536,83.945305,86.404213,45.956831
2008-12-17,5799.38,0.6742,1.4844,0.00589,1.3485,2.0227,1.3309,1.9916,128.16536,121.917703,85.64329,87.554156,46.872098
2008-12-18,5857.76,1.0067,1.4762,0.005858,2.0133,3.02,1.9958,2.9889,129.455548,124.372295,88.229698,89.301522,48.273057
2008-12-19,5857.41,-0.006,1.468,0.005826,-0.0119,-0.0179,-0.0295,-0.0489,129.447813,124.357432,88.213883,89.275195,48.249432
2008-12-22,5659.04,-3.3867,1.4435,0.005728,-6.7733,-10.16,-6.7907,-10.1908,125.063869,115.934329,79.251396,83.212752,43.332442
2008-12-23,5497.24,-2.8591,1.4354,0.005696,-5.7183,-8.5774,-5.7357,-8.6082,121.488115,109.304875,72.453665,78.43993,39.602306
2008-12-24,5518.73,0.3909,1.4272,0.005663,0.7818,1.1728,0.7645,1.1421,121.96304,110.159471,73.303381,79.039585,40.054595
2008-12-25,5506.7,-0.218,1.419,0.005631,-0.436,-0.654,-0.4533,-0.6846,121.697179,109.679209,72.82401,78.681293,39.780388
2008-12-26,5521.22,0.2637,1.4108,0.005599,0.5274,0.791,0.5101,0.7605,122.018069,110.257611,73.400074,79.082609,40.082908
2008-12-29,5510.09,-0.2016,1.3863,0.005501,-0.4032,-0.6048,-0.4204,-0.6351,121.772098,109.813083,72.956181,78.750162,39.828331
2008-12-30,5725.79,3.9146,1.3782,0.005469,7.8293,11.7439,7.8121,11.7136,126.539033,118.41065,81.52409,84.902202,44.493665
2008-12-31,5728.51,0.0475,1.37,0.005437,0.095,0.1425,0.0779,0.1123,126.599144,118.52315,81.640272,84.968311,44.543621
2009-01-05,5862.14,2.3327,1.3533,0.00537,4.6654,6.9982,4.6484,6.968,129.552346,124.052773,87.353585,88.917944,47.647442
2009-01-06,5898.25,0.616,1.3499,0.005357,1.232,1.848,1.2149,1.8179,130.350371,125.58107,88.967844,89.998217,48.513616
2009-01-07,5976.34,1.324,1.3466,0.005344,2.6479,3.9719,2.6309,3.9418,132.076147,128.906336,92.501519,92.365939,50.425927
2009-01-08,5659.35,-5.3041,1.3433,0.00533,-10.6082,-15.9122,-10.6252,-15.9423,125.070719,115.231739,77.782448,82.551872,42.386888
2009-01-09,5618.12,-0.7285,1.3399,0.005317,-1.4571,-2.1856,-1.4741,-2.2156,124.159543,113.552746,76.082445,81.33499,41.44777
2009-01-10,5574.18,-0.7821,1.3366,0.005304,-1.5642,-2.3463,-1.5812,-2.3763,123.188476,111.776526,74.297295,80.048893,40.462843
2009-01-12,5557.18,-0.305,1.3299,0.005277,-0.61,-0.9149,-0.6269,-0.9449,122.812779,111.09474,73.617525,79.547036,40.080529
2009-01-13,5655.08,1.7617,1.3265,0.005264,3.5234,5.2851,3.5064,5.2552,124.976353,115.009018,77.508251,82.336272,42.186825
2009-01-14,5641.48,-0.2405,1.3232,0.005251,-0.481,-0.7215,-0.4979,-0.7513,124.675795,114.455844,76.949049,81.926287,41.869858
2009-01-15,5391.07,-4.4387,1.3199,0.005238,-8.8775,-13.3162,-8.8944,-13.346,119.141775,104.295075,66.70237,74.639434,36.281896
2009-01-16,5432.16,0.7622,1.3165,0.005224,1.5244,2.2866,1.5074,2.2567,120.049857,105.88492,68.227559,75.76458,37.100686
2009-01-17,5447.63,0.2848,1.3132,0.005211,0.5696,0.8544,0.5527,0.8246,120.391742,106.48801,68.810465,76.183295,37.406606
2009-01-19,5448.46,0.0152,1.3065,0.005184,0.0305,0.0457,0.0136,0.016,120.410085,106.520459,68.841917,76.193642,37.412582
2009-01-20,5293.55,-2.8432,1.3032,0.005171,-5.6864,-8.5296,-5.7033,-8.5593,116.986599,100.463304,62.97,71.848124,34.210336
2009-01-21,5300.24,0.1264,1.2998,0.005158,0.2528,0.3791,0.2359,0.3495,117.134447,100.717235,63.208745,72.017611,34.329888
2009-02-02,5315.22,0.2826,1.2597,0.004999,0.5653,0.8479,0.5486,0.8185,117.465502,101.286547,63.744683,72.412665,34.610886
2009-02-03,5456.0,2.6486,1.2564,0.004986,5.2972,7.9459,5.2805,7.9165,120.576717,106.651939,68.809747,76.236452,37.350865
2009-02-04,5477.42,0.3926,1.253,0.004972,0.7852,1.1778,0.7685,1.1485,121.050096,107.48936,69.620179,76.822338,37.779831
2009-02-05,5444.07,-0.6089,1.2497,0.004959,-1.2177,-1.8266,-1.2344,-1.8559,120.313066,106.180434,68.348504,75.874049,37.078686
2009-02-06,5578.83,2.4754,1.2463,0.004946,4.9507,7.4261,4.9341,7.3968,123.291241,111.437117,73.424106,79.617717,39.821324
2009-02-09,5607.95,0.522,1.2363,0.004906,1.0439,1.5659,1.0273,1.5367,123.934788,112.60046,74.573868,80.435657,40.433275
2009-02-10,5647.26,0.701,1.233,0.004893,1.4019,2.1029,1.3853,2.0738,124.803532,114.179049,76.142088,81.549964,41.271763
2009-02-11,5709.45,1.1012,1.2296,0.004879,2.2025,3.3037,2.1859,3.2746,126.177921,116.693825,78.657614,83.332563,42.623249
2009-02-12,5572.8,-2.3934,1.2263,0.004866,-4.7868,-7.1802,-4.8034,-7.2093,123.157978,111.107924,73.009839,79.329789,39.550412
2009-02-13,5730.11,2.8228,1.2229,0.004853,5.6456,8.4685,5.6291,8.4394,126.634504,117.380673,79.192643,83.795324,42.888222
2009-02-16,5728.56,-0.0271,1.2129,0.004813,-0.0541,-0.0812,-0.0706,-0.1101,126.600249,117.31717,79.128378,83.736148,42.840985
2009-02-17,5604.44,-2.1667,1.2096,0.0048,-4.3334,-6.5001,-4.3499,-6.529,123.857217,112.233376,73.984984,80.093725,40.043885
2009-02-18,5612.66,0.1467,1.2062,0.004787,0.2933,0.44,0.2768,0.4111,124.038878,112.5626,74.310524,80.315461,40.208493
2009-02-19,5650.72,0.6781,1.2029,0.004773,1.3562,2.0343,1.3397,2.0054,124.879998,114.089197,75.822245,81.391479,41.014842
2009-02-20,5536.01,-2.03,1.1995,0.00476,-4.06,-6.09,-4.0765,-6.1189,122.344925,109.45716,71.204655,78.073572,38.505182
2009-02-23,5586.97,0.9205,1.1895,0.00472,1.841,2.7616,1.8246,2.7328,123.471133,111.472307,73.171011,79.49811,39.557433
2009-02-24,5527.58,-1.063,1.1862,0.004707,-2.126,-3.189,-2.1424,-3.2178,122.158624,109.102385,70.837567,77.794918,38.284551
2009-02-25,5606.89,1.4348,1.1828,0.004694,2.8696,4.3044,2.8532,4.2757,123.911362,112.233198,73.886711,80.01457,39.921469
2009-02-26,5637.86,0.5524,1.1795,0.00468,1.1047,1.6571,1.0883,1.6283,124.595794,113.473052,75.111064,80.885389,40.571527
2009-02-27,5686.01,0.854,1.1761,0.004667,1.7081,2.5621,1.6917,2.5334,125.659901,115.41128,77.035516,82.253744,41.599384
2009-03-02,5522.15,-2.8818,1.1661,0.004627,-5.7636,-8.6454,-5.78,-8.674,122.038622,108.759412,70.375465,77.499516,37.991033
2009-03-03,5534.02,0.215,1.1628,0.004614,0.4299,0.6449,0.4136,0.6163,122.300947,109.226974,70.829286,77.820042,38.225158
2009-03-04,5666.37,2.3916,1.1594,0.004601,4.7831,7.1747,4.7668,7.1461,125.22586,114.451455,75.911084,81.529595,40.956783
2009-03-05,5785.88,2.1091,1.1561,0.004588,4.2182,6.3273,4.2019,6.2988,127.867012,119.27927,80.714229,84.955408,43.536565
2009-03-06,5806.38,0.3543,1.1527,0.004574,0.7086,1.0629,0.6923,1.0344,128.320059,120.124509,81.572167,85.54359,43.986916
2009-03-09,5774.7,-0.5456,1.1427,0.004535,-1.0912,-1.6368,-1.1075,-1.6653,127.619936,118.813694,80.236977,84.596233,43.254421
2009-03-10,5828.09,0.9246,1.1394,0.004521,1.8491,2.7737,1.8329,2.7452,128.799846,121.010679,82.462471,86.146775,44.44186
2009-03-11,5939.05,1.9039,1.136,0.004508,3.8078,5.7116,3.7916,5.6833,131.252044,125.618481,87.172437,89.413074,46.96761
2009-03-12,5932.43,-0.1115,1.1327,0.004495,-0.2229,-0.3344,-0.2391,-0.3628,131.105743,125.338439,86.880935,89.199258,46.797234
2009-03-13,6110.52,3.002,1.1293,0.004482,6.0039,9.0059,5.9878,8.9776,135.041503,132.863693,94.705364,94.540295,50.9985
2009-03-16,6202.77,1.5097,1.1193,0.004442,3.0194,4.5291,3.0032,4.5008,137.080214,136.875357,98.994641,97.379563,53.293853
2009-03-17,6290.19,1.4094,1.116,0.004428,2.8187,4.2281,2.8026,4.1999,139.012181,140.733518,103.180244,100.108728,55.532136
2009-03-18,6297.87,0.1221,1.1126,0.004415,0.2442,0.3663,0.2281,0.3381,139.181908,141.077175,103.558177,100.337044,55.719884
2009-03-19,6283.39,-0.2299,1.1093,0.004402,-0.4598,-0.6898,-0.4759,-0.7179,138.861903,140.428448,102.843878,99.859494,55.319857
2009-03-20,6190.66,-1.4758,1.1059,0.004389,-2.9516,-4.4274,-2.9677,-4.4555,136.812585,136.283574,98.290581,96.895977,52.855064
2009-03-23,6393.5,3.2765,1.0959,0.004349,6.5531,9.8296,6.537,9.8016,141.295316,145.21437,107.952198,103.230108,58.035698
2009-03-24,6540.72,2.3027,1.0926,0.004336,4.6053,6.908,4.5893,6.8799,144.548854,151.901931,115.409485,107.967607,62.028505
2009-03-25,6670.73,1.9877,1.0892,0.004322,3.9754,5.9631,3.9594,5.9351,147.422054,157.940645,122.291474,112.242449,65.709956
2009-03-26,6720.86,0.7515,1.0859,0.004309,1.503,2.2545,1.487,2.2265,148.529919,160.314468,125.048506,113.911458,67.172984
2009-03-27,6726.04,0.0771,1.0825,0.004296,0.1541,0.2312,0.1381,0.2033,148.644396,160.561588,125.337643,114.068821,67.309522
2009-03-30,6495.64,-3.4255,1.0725,0.004256,-6.851,-10.2765,-6.8669,-10.3044,143.552593,149.561537,112.457348,106.235775,60.37371
2009-03-31,6501.61,0.0919,1.0692,0.004243,0.1838,0.2757,0.1679,0.2479,143.684529,149.836455,112.76742,106.414109,60.52336
2009-04-01,6630.9,1.9886,1.0658,0.00423,3.9772,5.9658,3.9612,5.9379,146.541817,155.795703,119.494845,110.62942,64.117194
2009-04-02,6829.7,2.9981,1.0625,0.004216,5.9962,8.9943,5.9802,8.9665,150.935265,165.137478,130.242516,117.245332,69.866234
2009-04-03,6899.38,1.0202,1.0592,0.004203,2.0405,3.0607,2.0246,3.033,152.475182,168.507107,134.228913,119.61907,71.985262
2009-04-06,6932.56,0.4809,1.0491,0.004163,0.9618,1.4427,0.946,1.415,153.208455,170.127851,136.165485,120.750614,73.003887
2009-04-07,6958.3,0.3713,1.0458,0.00415,0.7426,1.1139,0.7267,1.0862,153.777304,171.391192,137.682197,121.628141,73.796862
2009-04-08,6791.99,-2.3901,1.0424,0.004137,-4.7802,-7.1703,-4.796,-7.1979,150.10188,163.198366,127.80999,115.794814,68.48502
2009-04-09,7071.77,4.1193,1.0391,0.004123,8.2385,12.3578,8.2227,12.3302,156.284973,176.643509,143.604483,125.316272,76.929347
2009-04-10,7214.21,2.0142,1.0358,0.00411,4.0284,6.0426,4.0126,6.015,159.432874,183.759437,152.281952,130.344707,81.556671
2009-04-13,7308.64,1.3089,1.0257,0.00407,2.6179,3.9268,2.6021,3.8993,161.519762,188.570055,158.26181,133.736422,84.736833
2009-04-14,7352.36,0.5982,1.0224,0.004057,1.1964,1.7946,1.1806,1.7671,162.485967,190.826092,161.101958,135.315353,86.234225
2009-04-15,7330.54,-0.2968,1.019,0.004044,-0.5936,-0.8903,-0.6093,-0.9178,162.003748,189.693442,159.667625,134.490875,85.442786
2009-04-16,7482.73,2.0761,1.0157,0.004031,4.1522,6.2283,4.1365,6.2009,165.367123,197.569927,169.612247,140.054065,90.741008
2009-04-17,7181.05,-4.0317,1.0124,0.004017,-8.0634,-12.0951,-8.0791,-12.1225,158.700043,181.639138,149.097559,128.73897,79.740974
2009-04-20,7213.84,0.4566,1.0023,0.003977,0.9132,1.3699,0.8976,1.3425,159.424697,183.297934,151.13998,129.89447,80.811525
2009-04-21,7338.3,1.7253,0.999,0.003964,3.4506,5.1759,3.4349,5.1486,162.175243,189.622793,158.96281,134.35624,84.97218
2009-04-22,7344.16,0.0799,0.9956,0.003951,0.1597,0.2396,0.1441,0.2123,162.304748,189.92564,159.34363,134.549784,85.152574
2009-04-23,7330.6,-0.1846,0.9923,0.003938,-0.3693,-0.5539,-0.3849,-0.5811,162.005074,189.224296,158.46101,134.031878,84.65771
2009-04-24,7337.49,0.094,0.989,0.003924,0.188,0.282,0.1723,0.2548,162.157342,189.579998,158.907821,134.26288,84.873379
2009-04-27,7118.26,-2.9878,0.9789,0.003885,-5.9756,-8.9634,-5.9912,-8.9906,157.312394,178.251431,144.664246,126.218917,77.242792
2009-04-28,6983.1,-1.8988,0.9756,0.003871,-3.7976,-5.6963,-3.8131,-5.7234,154.32538,171.482231,136.423685,121.40602,72.821845
2009-04-29,7004.73,0.3097,0.9722,0.003858,0.6195,0.9292,0.6039,0.9022,154.8034,172.544556,137.691393,122.139228,73.478816
2009-04-30,7476.99,6.742,0.9689,0.003845,13.484,20.226,13.4685,20.199,165.240269,195.810518,165.540919,138.589526,88.320796
2009-05-04,7898.5,5.6374,0.9555,0.003792,11.2749,16.9123,11.2594,16.8853,174.555572,217.887876,193.537675,154.19382,103.234061
2009-05-05,7960.31,0.7826,0.9522,0.003779,1.5651,2.3477,1.5496,2.3207,175.921563,221.298055,198.081283,156.583242,105.629854
2009-05-06,8193.35,2.9275,0.9488,0.003765,5.855,8.7826,5.8396,8.7557,181.07171,234.255163,215.477915,165.72704,114.878463
2009-05-07,8201.28,0.0968,0.9455,0.003752,0.1936,0.2904,0.1781,0.2635,181.246961,234.708615,216.103571,166.022222,115.181154
2009-05-08,8215.01,0.1674,0.9422,0.003739,0.3348,0.5022,0.3194,0.4754,181.550392,235.49448,217.188927,166.552465,115.728721
2009-05-11,8294.4,0.9664,0.9321,0.003699,1.9328,2.8992,1.9174,2.8724,183.304898,240.046125,223.48568,169.745939,119.052962
2009-05-12,8026.19,-3.2336,0.9288,0.003686,-6.4673,-9.7009,-6.4826,-9.7276,177.377501,224.52173,201.805597,158.741909,107.471943
2009-05-13,8091.81,0.8176,0.9255,0.003672,1.6351,2.4527,1.6198,2.426,178.827692,228.19299,206.755324,161.31316,110.079224
2009-05-14,7940.87,-1.8653,0.9221,0.003659,-3.7307,-5.596,-3.7461,-5.6227,175.491942,219.679827,195.185237,155.270286,103.889786
2009-05-15,8096.74,1.9629,0.9188,0.003646,3.9258,5.8886,3.9104,5.862,178.936644,228.303944,206.679011,161.341997,109.979798
2009-05-18,8207.44,1.3672,0.9087,0.003606,2.7344,4.1017,2.7191,4.0751,181.383096,234.546764,215.156262,165.729082,114.461555
2009-05-19,8304.49,1.1825,0.9054,0.003593,2.3649,3.5474,2.3496,3.5208,183.527886,240.093625,222.788697,169.623099,118.491564
2009-05-20,8364.42,0.7217,0.9021,0.00358,1.4433,2.165,1.428,2.1384,184.852329,243.558933,227.612013,172.045367,121.025446
2009-05-21,8383.38,0.2267,0.8987,0.003566,0.4533,0.68,0.4381,0.6535,185.271342,244.663105,229.159827,172.799057,121.816378
2009-05-22,8406.43,0.2749,0.8954,0.003553,0.5499,0.8248,0.5346,0.7984,185.780743,246.008501,231.050044,173.722907,122.78893
2009-05-25,8402.9,-0.042,0.8853,0.003513,-0.084,-0.126,-0.0992,-0.1524,185.702731,245.801895,230.758978,173.550569,122.60184
2009-05-26,8338.83,-0.7625,0.882,0.0035,-1.5249,-2.2874,-1.5402,-2.3138,184.286794,242.05354,225.480541,170.877619,119.765092
2009-05-27,8597.52,3.1022,0.8787,0.003487,6.2045,9.3067,6.1893,9.2804,190.003801,257.071673,246.465341,181.453704,130.879727
2009-06-01,8676.96,0.924,0.8619,0.00342,1.848,2.772,1.8328,2.7458,191.759412,261.822293,253.297267,184.779474,134.473365
2009-06-02,8674.75,-0.0255,0.8586,0.003407,-0.0509,-0.0764,-0.0661,-0.1026,191.710572,261.688922,253.103725,184.657422,134.33541
2009-06-03,8604.92,-0.805,0.8553,0.003394,-1.61,-2.4149,-1.6251,-2.4411,190.16734,257.475835,246.991422,181.656628,131.056158
2009-06-04,8471.25,-1.5534,0.8519,0.003381,-3.1068,-4.6602,-3.1219,-4.6864,187.213255,249.476506,235.481026,175.985464,124.914386
2009-06-05,8447.6,-0.2792,0.8486,0.003367,-0.5584,-0.8375,-0.5734,-0.8636,186.690593,248.083531,233.508782,174.976305,123.835577
2009-06-06,8559.49,1.3245,0.8452,0.003354,2.649,3.9736,2.634,3.9475,189.163344,254.655354,242.787381,179.585139,128.723963
2009-06-08,8274.45,-3.3301,0.8385,0.003328,-6.6602,-9.9903,-6.6752,-10.0163,182.864006,237.694773,218.532157,167.597393,115.83054
2009-06-09,8007.74,-3.2233,0.8352,0.003314,-6.4466,-9.6699,-6.4616,-9.6959,176.969759,222.371561,197.400343,156.767899,104.599748
2009-06-10,8067.52,0.7465,0.8319,0.003301,1.4931,2.2396,1.478,2.2136,178.290887,225.691692,201.821288,159.085004,106.915185
2009-06-11,8198.72,1.6263,0.8285,0.003288,3.2525,4.8788,3.2376,4.8529,181.190386,233.032424,211.667791,164.235468,112.103653
2009-06-12,8049.99,-1.8141,0.8252,0.003275,-3.6281,-5.4422,-3.6431,-5.4681,177.903477,224.577711,200.148426,158.252192,105.973707
2009-06-15,7772.01,-3.4532,0.8152,0.003235,-6.9063,-10.3595,-6.9213,-10.3854,171.760164,209.067602,179.414018,147.299107,94.967966
2009-06-16,7766.32,-0.0732,0.8118,0.003221,-0.1464,-0.2196,-0.1614,-0.2454,171.634416,208.761479,179.019963,147.061439,94.734875
2009-06-17,7735.29,-0.3995,0.8085,0.003208,-0.7991,-1.1986,-0.814,-1.2244,170.948658,207.093284,176.874163,145.86435,93.574923
2009-06-18,7671.14,-0.8293,0.8051,0.003195,-1.6586,-2.4879,-1.6735,-2.5137,169.530953,203.658368,172.473626,143.423261,91.222728
2009-06-19,7780.05,1.4197,0.8018,0.003182,2.8395,4.2592,2.8246,4.2335,171.937846,209.441194,179.81964,147.474374,95.084625
2009-06-22,7917.47,1.7663,0.7918,0.003142,3.5326,5.2989,3.5178,5.2733,174.974806,216.839966,189.348171,152.662193,100.098712
2009-06-23,7738.05,-2.2661,0.7884,0.003129,-4.5323,-6.7984,-4.5471,-6.824,171.009653,207.012224,176.475556,145.720505,93.26797
2009-06-24,7966.06,2.9466,0.7851,0.003115,5.8932,8.8398,5.8784,8.8142,176.048637,219.211901,192.075684,154.286531,101.488822
2009-06-25,8063.91,1.2283,0.7817,0.003102,2.4567,3.685,2.4419,3.6594,178.211106,224.59722,199.15369,158.053998,105.202744
2009-06-26,8071.86,0.0986,0.7784,0.003089,0.1972,0.2958,0.1824,0.2702,178.3868,225.040069,199.742711,158.342256,105.487022
2009-06-29,7982.45,-1.1077,0.7684,0.003049,-2.2154,-3.323,-2.2301,-3.3485,176.410854,220.054642,193.105209,154.811056,101.954801
2009-06-30,8034.47,0.6517,0.765,0.003036,1.3034,1.955,1.2886,1.9296,177.560487,222.922745,196.880491,156.805978,103.922123
2009-07-01,8218.63,2.2921,0.7617,0.003023,4.5842,6.8764,4.5695,6.851,181.630393,233.142076,210.418725,163.971256,111.041787
2009-07-02,8329.8,1.3527,0.7583,0.003009,2.7053,4.058,2.6906,4.0326,184.087232,239.449308,218.957465,168.383069,115.51965
2009-07-03,8327.47,-0.028,0.755,0.002996,-0.0559,-0.0839,-0.0706,-0.1093,184.03574,239.315351,218.773726,168.264113,115.393418
2009-07-06,8317.28,-0.1224,0.745,0.002956,-0.2447,-0.3671,-0.2594,-0.3924,183.810543,238.729669,217.970611,167.827645,114.940642
2009-07-07,8408.14,1.0924,0.7416,0.002943,2.1848,3.2773,2.1702,3.252,185.818534,243.945552,225.114104,171.46984,118.678538
2009-07-08,8355.19,-0.6297,0.7383,0.00293,-1.2595,-1.8892,-1.2741,-1.9145,184.648347,240.873073,220.861157,169.285092,116.406479
2009-07-09,8457.48,1.2243,0.7349,0.002916,2.4485,3.6728,2.4339,3.6476,186.90894,246.770942,228.972961,173.405347,120.652532
2009-07-10,8485.33,0.3293,0.7316,0.002903,0.6586,0.9879,0.644,0.9627,187.52442,248.396147,231.234945,174.522042,121.814068
2009-07-13,8188.71,-3.4957,0.7216,0.002863,-6.9914,-10.487,-7.0059,-10.5121,180.969166,231.029877,206.985243,162.295149,109.008812
2009-07-14,8329.52,1.7196,0.7182,0.00285,3.4391,5.1587,3.4246,5.1336,184.081045,238.975284,217.662966,167.853059,114.604913
2009-07-15,8497.82,2.0205,0.7149,0.002837,4.041,6.0616,4.0265,6.0365,187.800447,248.632393,230.856767,174.611672,121.523079
2009-07-16,8557.91,0.7071,0.7115,0.002824,1.4142,2.1214,1.3997,2.0964,189.128427,252.148664,235.754088,177.055738,124.070635
2009-07-17,8655.67,1.1423,0.7082,0.00281,2.2847,3.427,2.2702,3.402,191.288907,257.909429,243.833392,181.075175,128.291542
2009-07-20,8774.34,1.371,0.6982,0.00277,2.742,4.113,2.7275,4.0881,193.911495,264.981351,253.862324,186.014074,133.536254
2009-07-21,8792.94,0.212,0.6948,0.002757,0.424,0.6359,0.4095,0.6111,194.322552,266.104775,255.476749,186.775802,134.352249
2009-07-22,8833.5,0.4613,0.6915,0.002744,0.9226,1.3838,0.9081,1.359,195.218921,268.559747,259.012132,188.471928,136.178075
2009-07-23,8838.14,0.0525,0.6881,0.002731,0.1051,0.1576,0.0906,0.1328,195.321464,268.841882,259.420289,188.642717,136.358859
2009-07-24,8836.98,-0.0131,0.6848,0.002717,-0.0262,-0.0394,-0.0407,-0.0642,195.295828,268.771311,259.318143,188.565989,136.271351
2009-07-27,8908.67,0.8112,0.6748,0.002678,1.6225,2.4337,1.6081,2.409,196.880166,273.132125,265.629298,191.598348,139.554168
2009-07-28,9057.63,1.6721,0.6714,0.002664,3.3442,5.0162,3.3298,4.9915,200.172158,282.266095,278.953893,197.978166,146.520074
2009-07-29,8985.09,-0.8009,0.6681,0.002651,-1.6017,-2.4026,-1.6161,-2.4273,198.569035,277.744916,272.251704,194.778639,142.963618
2009-07-30,8923.3,-0.6877,0.6647,0.002638,-1.3754,-2.0631,-1.3897,-2.0877,197.203486,273.924841,266.634921,192.071734,139.97893
2009-07-31,8988.47,0.7303,0.6614,0.002625,1.4607,2.191,1.4463,2.1664,198.643733,277.92598,272.476907,194.849743,143.011422
2009-08-03,8991.43,0.0329,0.6514,0.002585,0.0659,0.0988,0.0516,0.0743,198.709148,278.109029,272.746096,194.950229,143.11762
2009-08-04,8866.14,-1.3934,0.648,0.002572,-2.7869,-4.1803,-2.8012,-4.2048,195.94026,270.358475,261.344453,189.489373,137.099779
2009-08-05,8730.76,-1.5269,0.6447,0.002558,-3.0539,-4.5808,-3.0681,-4.6053,192.948384,262.10209,249.372791,183.675593,130.78595
2009-08-06,8760.57,0.3414,0.6413,0.002545,0.6829,1.0243,0.6686,0.9999,193.60718,263.891915,251.92714,184.903687,132.093619
2009-08-10,8781.89,0.2434,0.628,0.002492,0.4867,0.7301,0.4725,0.7057,194.078348,265.176346,253.766433,185.777409,133.025857
2009-08-11,8815.48,0.3825,0.6246,0.002479,0.765,1.1475,0.7508,1.1232,194.820682,267.204901,256.67834,187.172223,134.519941
2009-08-12,8808.84,-0.0753,0.6213,0.002465,-0.1506,-0.226,-0.1648,-0.2503,194.673939,266.802373,256.098334,186.863733,134.183288
2009-08-13,8985.41,2.0045,0.6179,0.002452,4.0089,6.0134,3.9948,5.9891,198.576107,277.498286,271.498528,194.328508,142.219689
2009-08-14,9030.25,0.499,0.6146,0.002439,0.9981,1.4971,0.9839,1.4729,199.567064,280.267892,275.563115,196.240539,144.314372
2009-08-17,8858.29,-1.9043,0.6046,0.002399,-3.8085,-5.7128,-3.8226,-5.737,195.766776,269.593799,259.820749,188.738974,136.035112
2009-08-18,8687.22,-1.9312,0.6012,0.002386,-3.8624,-5.7936,-3.8765,-5.8177,191.986157,259.181087,244.767888,181.422578,128.121007
2009-08-19,8686.47,-0.0086,0.5979,0.002373,-0.0173,-0.0259,-0.0313,-0.05,191.969582,259.136335,244.704493,181.365709,128.056933
2009-08-20,8616.63,-0.804,0.5945,0.002359,-1.608,-2.412,-1.6221,-2.4361,190.426129,254.969376,238.802155,178.423806,124.937324
2009-08-21,8517.72,-1.1479,0.5912,0.002346,-2.2958,-3.4437,-2.3098,-3.4677,188.240234,249.115806,230.57855,174.302492,120.604814
2009-08-24,8756.29,2.8009,0.5812,0.002306,5.6017,8.4026,5.5877,8.3786,193.512592,263.070611,249.953144,184.042029,130.709837
2009-08-25,8722.7,-0.3836,0.5778,0.002293,-0.7672,-1.1508,-0.7812,-1.1748,192.770259,261.052281,247.076609,182.604257,129.174283
2009-08-26,8612.07,-1.2683,0.5745,0.00228,-2.5366,-3.8049,-2.5506,-3.8288,190.325354,254.430429,237.675591,177.946779,124.228426
2009-08-27,8576.16,-0.417,0.5712,0.002266,-0.8339,-1.2509,-0.8479,-1.2748,189.531749,252.308617,234.702463,176.437935,122.644741
2009-08-28,8728.95,1.7816,0.5678,0.002253,3.5631,5.3447,3.5492,5.3208,192.908383,261.298709,247.246605,182.700023,129.170457
2009-08-31,8749.83,0.2392,0.5578,0.002213,0.4784,0.7176,0.4645,0.6938,193.369828,262.548783,249.020876,183.548643,130.066668
2009-09-01,8998.62,2.8434,0.5544,0.0022,5.6867,8.5301,5.6728,8.5063,198.868046,277.479247,270.262627,193.961051,141.130585
2009-09-02,9024.34,0.2858,0.5511,0.002187,0.5716,0.8575,0.5577,0.8337,199.436454,279.065438,272.580034,195.042868,142.307228
2009-09-03,9108.77,0.9356,0.5478,0.002174,1.8712,2.8067,1.8573,2.783,201.302343,284.287204,280.230654,198.665364,146.267681
2009-09-04,9171.03,0.6835,0.5444,0.00216,1.367,2.0506,1.3532,2.0269,202.678279,288.173507,285.976928,201.353639,149.23233
2009-09-07,9262.75,1.0001,0.5344,0.002121,2.0002,3.0003,1.9864,2.9767,204.705277,293.937587,294.557143,205.353297,153.674545
2009-09-08,9377.61,1.24,0.531,0.002107,2.48,3.7201,2.4662,3.6965,207.243664,301.22736,305.51485,210.417776,159.355097
2009-09-09,9297.04,-0.8592,0.5277,0.002094,-1.7183,-2.5775,-1.7321,-2.6011,205.46308,296.051224,297.640136,206.773027,155.210151
2009-09-10,9401.77,1.1265,0.5244,0.002081,2.253,3.3795,2.2392,3.3559,207.777596,302.721185,307.698774,211.403064,160.418904
2009-09-11,9408.57,0.0723,0.521,0.002068,0.1447,0.217,0.1309,0.1935,207.927875,303.159082,308.36642,211.679748,160.729283
2009-09-14,9306.47,-1.0852,0.511,0.002028,-2.1704,-3.2555,-2.1841,-3.279,205.671481,296.579433,298.32742,207.056459,155.459029
2009-09-15,9421.38,1.2347,0.5076,0.002014,2.4695,3.7042,2.4557,3.6808,208.210974,303.903358,309.378056,212.141236,161.18117
2009-09-16,9542.13,1.2817,0.5043,0.002001,2.5633,3.845,2.5496,3.8216,210.879529,311.69337,321.273574,217.550013,167.340887
2009-09-17,9589.65,0.498,0.501,0.001988,0.996,1.494,0.9823,1.4707,211.929714,314.797848,326.073421,219.687028,169.801911
2009-09-18,9652.82,0.6587,0.4976,0.001975,1.3175,1.9762,1.3038,1.9529,213.32576,318.945191,332.517261,222.551266,173.117936
2009-09-21,9622.49,-0.3142,0.4876,0.001935,-0.6284,-0.9426,-0.6421,-0.9659,212.655472,316.940884,329.382867,221.122356,171.445858
2009-09-22,9580.23,-0.4392,0.4842,0.001922,-0.8784,-1.3175,-0.892,-1.3407,211.721533,314.157005,325.043121,219.149974,169.147203
2009-09-23,9461.88,-1.2354,0.4809,0.001908,-2.4707,-3.7061,-2.4843,-3.7293,209.106017,306.395087,312.996796,213.70557,162.839278
2009-09-24,9394.67,-0.7103,0.4776,0.001895,-1.4206,-2.131,-1.4342,-2.1541,207.620687,302.042291,306.326923,210.640499,159.331513
2009-09-25,9421.6,0.2867,0.4742,0.001882,0.5733,0.86,0.5597,0.8368,208.215836,303.773911,308.961199,211.819487,160.664842
2009-09-28,9343.86,-0.8251,0.4642,0.001842,-1.6503,-2.4754,-1.6638,-2.4984,206.497794,298.760881,301.313248,208.295237,156.650752
2009-09-29,9530.34,1.9957,0.4608,0.001829,3.9915,5.9872,3.978,5.9642,210.618972,310.685916,319.353617,216.581144,165.993755
2009-09-30,9631.91,1.0658,0.4575,0.001816,2.1315,3.1973,2.118,3.1743,212.863653,317.308212,329.564191,221.168304,171.262839
2009-10-01,9678.24,0.481,0.4542,0.001802,0.962,1.443,0.9485,1.42,213.887538,320.360751,334.319855,223.26609,173.694851
2009-10-02,9507.11,-1.7682,0.4508,0.001789,-3.5364,-5.3046,-3.5499,-5.3275,210.105593,309.031556,316.58559,215.340407,164.441217
2009-10-05,9540.6,0.3523,0.4408,0.001749,0.7045,1.0568,0.6911,1.0339,210.845717,311.208762,319.931229,216.828559,166.141415
2009-10-06,9666.39,1.3185,0.4375,0.001736,2.6369,3.9554,2.6235,3.9326,213.625655,319.415153,332.585826,222.517054,172.675051
2009-10-07,9759.64,0.9647,0.4341,0.001723,1.9294,2.894,1.9159,2.8712,215.686465,325.577839,342.21102,226.780339,177.632962
2009-10-08,9624.5,-1.3847,0.4308,0.001709,-2.7694,-4.154,-2.7828,-4.1768,212.699893,316.561402,327.995415,220.469541,170.213535
2009-10-09,9712.55,0.9149,0.4274,0.001696,1.8297,2.7446,1.8163,2.7218,214.645784,322.353543,336.99744,224.473936,174.846408
2009-10-12,9748.37,0.3688,0.4174,0.001656,0.7376,1.1064,0.7242,1.0837,215.4374,324.731231,340.725992,226.099665,176.741264
2009-10-13,9744.17,-0.0431,0.4141,0.001643,-0.0862,-0.1293,-0.0995,-0.1519,215.344581,324.451416,340.285595,225.874656,176.472787
2009-10-14,9871.34,1.3051,0.4107,0.00163,2.6102,3.9153,2.5968,3.8926,218.155017,332.920169,353.608675,231.740259,183.342237
2009-10-15,9890.13,0.1903,0.4074,0.001617,0.3807,0.571,0.3674,0.5484,218.570273,334.18759,355.627947,232.591616,184.347775
2009-10-16,9896.17,0.0611,0.404,0.001603,0.1221,0.1832,0.1088,0.1606,218.703756,334.595773,356.279504,232.844751,184.643914
2009-10-19,9942.63,0.4695,0.394,0.001563,0.9389,1.4084,0.9257,1.3859,219.730515,337.737457,361.297429,235.000146,187.202952
2009-10-20,9945.44,0.0283,0.3907,0.00155,0.0565,0.0848,0.0433,0.0623,219.792615,337.928361,361.60376,235.101825,187.319619
2009-10-21,9878.72,-0.6709,0.3873,0.001537,-1.3417,-2.0126,-1.355,-2.035,218.318114,333.394307,354.326193,231.916281,183.507628
2009-10-22,9758.7,-1.2149,0.384,0.001524,-2.4299,-3.6448,-2.4431,-3.6672,215.665691,325.29326,341.411697,226.250335,176.778005
2009-10-23,9811.74,0.5435,0.3806,0.00151,1.087,1.6305,1.0738,1.6082,216.837867,328.829296,346.978568,228.679841,179.620877
2009-10-26,9836.29,0.2502,0.3706,0.001471,0.5004,0.7506,0.4872,0.7283,217.380418,330.474826,349.583098,229.79407,180.929101
2009-10-27,9822.11,-0.1442,0.3673,0.001457,-0.2883,-0.4325,-0.3015,-0.4548,217.067042,329.522001,348.071221,229.101278,180.106308
2009-10-28,9663.83,-1.6115,0.3639,0.001444,-3.2229,-4.8344,-3.2361,-4.8567,213.56908,318.901729,331.244069,221.68737,171.35917
2009-10-29,9435.17,-2.3661,0.3606,0.001431,-4.7323,-7.0984,-4.7454,-7.1207,208.515731,303.810389,307.730947,211.167368,159.157276
2009-10-30,9415.16,-0.2121,0.3572,0.001418,-0.4242,-0.6362,-0.4373,-0.6584,208.073513,302.521754,305.773051,210.243972,158.109325
2009-11-02,9408.87,-0.0668,0.3472,0.001378,-0.1336,-0.2004,-0.1467,-0.2225,207.934505,302.117542,305.160216,209.935547,157.757466
2009-11-03,9393.15,-0.1671,0.3439,0.001365,-0.3342,-0.5012,-0.3472,-0.5233,207.587095,301.108008,303.630664,209.206601,156.931884
2009-11-04,9578.0,1.9679,0.3405,0.001351,3.9358,5.9038,3.9228,5.8817,211.672251,312.959158,321.556321,217.413335,166.162151
2009-11-05,9514.4,-0.664,0.3372,0.001338,-1.328,-1.9921,-1.3411,-2.0141,210.266701,308.802924,315.15071,214.497632,162.815469
2009-11-06,9572.89,0.6148,0.3338,0.001325,1.2295,1.8443,1.2165,1.8222,211.55932,312.599671,320.962899,217.106939,165.782361
2009-11-09,9667.36,0.9868,0.3238,0.001285,1.9737,2.9605,1.9607,2.9386,213.647092,318.769446,330.46516,221.36377,170.654063
2009-11-10,9740.2,0.7535,0.3205,0.001272,1.5069,2.2604,1.4939,2.2385,215.256844,323.573067,337.93496,224.670831,174.474122
2009-11-11,9835.86,0.9821,0.3171,0.001258,1.9642,2.9463,1.9513,2.9245,217.370915,329.928789,347.891693,229.054756,179.576555
2009-11-12,9839.54,0.0374,0.3138,0.001245,0.0748,0.1122,0.0619,0.0904,217.452242,330.175669,348.282175,229.196488,179.738869
2009-11-13,9832.73,-0.0692,0.3104,0.001232,-0.1384,-0.2076,-0.1514,-0.2295,217.301742,329.718636,347.559031,228.849577,179.326439
2009-11-16,9995.7,1.6574,0.3004,0.001192,3.3148,4.9723,3.3019,4.9505,220.903353,340.648306,364.840608,236.406074,188.204034
2009-11-17,9919.43,-0.763,0.2971,0.001179,-1.5261,-2.2891,-1.5389,-2.3108,219.217798,335.449821,356.489099,232.767923,183.855002
2009-11-18,9962.37,0.4329,0.2937,0.001166,0.8658,1.2987,0.8529,1.277,220.166765,338.354064,361.118692,234.753209,186.20277
2009-11-19,9953.78,-0.0862,0.2904,0.001152,-0.1724,-0.2587,-0.1853,-0.2803,219.976928,337.770576,360.184574,234.318193,185.680763
2009-11-20,9854.99,-0.9925,0.287,0.001139,-1.985,-2.9775,-1.9978,-2.9991,217.793685,331.065916,349.460216,229.636938,180.112002
2009-11-23,9860.35,0.0544,0.277,0.001099,0.1088,0.1632,0.096,0.1416,217.91214,331.42604,350.030417,229.857324,180.367045
2009-11-24,9895.51,0.3566,0.2737,0.001086,0.7132,1.0697,0.7004,1.0482,218.68917,333.789636,353.774828,231.467169,182.257656
2009-11-25,9949.06,0.5412,0.2703,0.001073,1.0823,1.6235,1.0695,1.602,219.872617,337.402271,359.518234,233.94278,185.177338
2009-11-26,9927.07,-0.221,0.267,0.001059,-0.4421,-0.6631,-0.4548,-0.6846,219.386641,335.910779,357.134348,232.878767,183.909685
2009-11-27,9608.63,-3.2078,0.2636,0.001046,-6.4156,-9.6234,-6.4283,-9.6448,212.349169,314.360124,322.765941,217.908525,166.171888
2009-11-30,9725.74,1.2188,0.2536,0.001006,2.4376,3.6564,2.4249,3.635,214.937281,322.022968,334.567557,223.192561,172.212274
2009-12-01,9811.71,0.8839,0.2503,0.000993,1.7679,2.6518,1.7552,2.6305,216.837204,327.715967,343.439716,227.110007,176.74228
2009-12-02,9848.12,0.3711,0.2469,0.00098,0.7422,1.1133,0.7295,1.0919,217.641859,330.148191,347.263099,228.766748,178.672193
2009-12-03,9857.17,0.0919,0.2436,0.000967,0.1838,0.2757,0.1711,0.2544,217.841862,330.754975,348.220459,229.15821,179.126715
2009-12-04,9813.86,-0.4394,0.2402,0.000953,-0.8788,-1.3181,-0.8914,-1.3394,216.884718,327.848461,343.630471,227.115469,176.727495
2009-12-07,9973.85,1.6302,0.2302,0.000914,3.2605,4.8907,3.2479,4.8695,220.420472,338.53793,360.436531,234.491886,185.333318
2009-12-08,9964.97,-0.089,0.2269,0.0009,-0.1781,-0.2671,-0.1907,-0.2883,220.224225,337.93511,359.473811,234.044775,184.799068
2009-12-09,10001.8,0.3696,0.2235,0.000887,0.7392,1.1088,0.7266,1.0876,221.038162,340.433091,363.459599,235.745335,186.809026
2009-12-10,9848.5,-1.5327,0.2202,0.000874,-3.0654,-4.5982,-3.078,-4.6193,217.650257,329.997291,346.7471,228.489026,178.179785
2009-12-11,9998.78,1.5259,0.2168,0.000861,3.0518,4.5778,3.0393,4.5567,220.97142,340.068265,362.620326,235.433421,186.298844
2009-12-14,10029.64,0.3086,0.2068,0.000821,0.6173,0.9259,0.6047,0.9049,221.653421,342.167422,365.977875,236.857201,187.984674
2009-12-15,10014.88,-0.1472,0.2035,0.000807,-0.2943,-0.4415,-0.3068,-0.4625,221.327228,341.160329,364.362114,236.130425,187.115299
2009-12-16,9943.02,-0.7175,0.2001,0.000794,-1.4351,-2.1526,-1.4476,-2.1736,219.739134,336.264458,356.518866,232.712283,183.048253
2009-12-17,9930.92,-0.1217,0.1968,0.000781,-0.2434,-0.3651,-0.2559,-0.386,219.471725,335.446034,355.217286,232.116832,182.341674
2009-12-18,9945.63,0.1481,0.1935,0.000768,0.2962,0.4444,0.2838,0.4235,219.796814,336.439781,356.795764,232.775516,183.113835
2009-12-21,9988.78,0.4339,0.1834,0.000728,0.8677,1.3016,0.8553,1.2808,220.750422,339.359129,361.439734,234.766407,185.459076
2009-12-22,10076.93,0.8825,0.1801,0.000715,1.765,2.6475,1.7526,2.6267,222.698523,345.348751,371.008745,238.880827,190.330485
2009-12-23,10135.29,0.5791,0.1767,0.000701,1.1583,1.7374,1.1459,1.7167,223.988269,349.348889,377.454776,241.618119,193.597824
2009-12-24,10214.87,0.7852,0.1734,0.000688,1.5704,2.3555,1.558,2.3348,225.746975,354.834905,386.345845,245.382433,198.117929
2009-12-25,10226.49,0.1138,0.1701,0.000675,0.2275,0.3413,0.2151,0.3206,226.003775,355.642195,387.664316,245.910325,198.753001
2009-12-28,10335.39,1.0649,0.16,0.000635,2.1298,3.1946,2.1174,3.174,228.410447,363.216531,400.048813,251.117283,205.061439
2009-12-29,10330.69,-0.0455,0.1567,0.000622,-0.0909,-0.1364,-0.1033,-0.157,228.306578,362.886187,399.503048,250.857935,204.739425
2009-12-30,10405.67,0.7258,0.1533,0.000609,1.4516,2.1774,1.4393,2.1568,229.963624,368.153832,408.201811,254.468489,209.155273
2009-12-31,10502.93,0.9347,0.15,0.000595,1.8694,2.804,1.8571,2.7835,232.113054,375.035973,419.647986,259.194131,214.977094
2010-01-04,10528.26,0.2412,0.1499,0.000595,0.4823,0.7235,0.47,0.703,232.672843,376.844927,422.684191,260.412448,216.488293
2010-01-05,10532.82,0.0433,0.1499,0.000595,0.0866,0.1299,0.0743,0.1094,232.773618,377.171366,423.23341,260.605995,216.725091
2010-01-06,10681.89,1.4153,0.1498,0.000595,2.8306,4.2459,2.8183,4.2253,236.068041,387.847507,441.203357,267.950601,225.882413
2010-01-07,10566.19,-1.0831,0.1498,0.000594,-2.1663,-3.2494,-2.1786,-3.27,233.51109,379.445631,426.866785,262.113072,218.496106
2010-01-08,10621.96,0.5278,0.1498,0.000594,1.0556,1.5834,1.0433,1.5629,234.743598,383.451177,433.625993,264.847778,221.910966
2010-01-11,10677.01,0.5183,0.1497,0.000594,1.0365,1.5548,1.0242,1.5342,235.960194,387.425771,440.368001,267.560432,225.315623
2010-01-12,10658.48,-0.1736,0.1497,0.000594,-0.3471,-0.5207,-0.3594,-0.5412,235.550684,386.081013,438.075219,266.598817,224.096205
2010-01-13,10513.77,-1.3577,0.1496,0.000594,-2.7154,-4.0731,-2.7277,-4.0936,232.352616,375.597382,420.232,259.326809,214.922497
2010-01-14,10633.6,1.1397,0.1496,0.000594,2.2795,3.4192,2.2672,3.3987,235.00084,384.159075,434.600699,265.206233,222.227019
2010-01-15,10719.43,0.8072,0.1496,0.000594,1.6143,2.4215,1.602,2.4009,236.897669,390.36062,445.124448,269.454881,227.562519
2010-01-18,10694.97,-0.2282,0.1495,0.000593,-0.4564,-0.6846,-0.4687,-0.7051,236.357107,388.57914,442.077342,268.192035,225.957969
2010-01-19,10581.04,-1.0653,0.1495,0.000593,-2.1305,-3.1958,-2.1428,-3.2164,233.839272,380.300329,427.949429,262.445125,218.690364
2010-01-20,10545.03,-0.3403,0.1495,0.000593,-0.6807,-1.021,-0.693,-1.0415,233.043457,377.711809,423.580163,260.626509,216.412641
2010-01-21,10425.66,-1.132,0.1494,0.000593,-2.264,-3.396,-2.2763,-3.4166,230.405399,369.160395,409.195349,254.693857,209.018777
2010-01-22,10168.41,-2.4675,0.1494,0.000593,-4.9349,-7.4024,-4.9472,-7.423,224.720216,350.942553,378.905035,242.093544,193.503397
2010-01-25,10098.72,-0.6854,0.1493,0.000593,-1.3707,-2.0561,-1.383,-2.0766,223.180078,346.132128,371.114469,238.745355,189.48506
2010-01-26,9747.03,-3.4825,0.1493,0.000592,-6.965,-10.4476,-6.9773,-10.4681,215.407786,322.023883,332.342056,222.08728,169.649552
2010-01-27,9697.3,-0.5102,0.1493,0.000592,-1.0204,-1.5306,-1.0327,-1.5512,214.308761,318.737908,327.255161,219.793758,167.018
2010-01-28,9869.89,1.7798,0.1492,0.000592,3.5595,5.3393,3.5472,5.3188,218.122972,330.083536,344.728366,227.59039,175.901306
2010-01-29,9800.44,-0.7037,0.1492,0.000592,-1.4073,-2.111,-1.4196,-2.1315,216.588139,325.438235,337.451268,224.359497,172.151943
2010-02-01,9651.94,-1.5152,0.1491,0.000592,-3.0305,-4.5457,-3.0428,-4.5663,213.306313,315.575907,322.111698,217.532743,164.291033
2010-02-02,9530.0,-1.2634,0.1491,0.000592,-2.5267,-3.7901,-2.539,-3.8107,210.611458,307.602106,309.903281,212.009492,158.030448
2010-02-03,9681.84,1.5933,0.1491,0.000592,3.1866,4.7799,3.1743,4.7593,213.967098,317.404058,324.716203,218.739247,165.551599
2010-02-04,9674.22,-0.0787,0.149,0.000591,-0.1574,-0.2361,-0.1697,-0.2567,213.798697,316.904439,323.949509,218.368034,165.126694
2010-02-05,9258.35,-4.2987,0.149,0.000591,-8.5975,-12.8962,-8.6098,-12.9168,204.608037,289.658614,282.172224,199.567012,143.797641
2010-02-06,9251.99,-0.0687,0.149,0.000591,-0.1374,-0.2061,-0.1497,-0.2266,204.467482,289.260654,281.590711,199.268286,143.471749
2010-02-08,9255.85,0.0417,0.1489,0.000591,0.0834,0.1252,0.0711,0.1046,204.552788,289.502017,281.943156,199.410054,143.621843
2010-02-09,9442.05,2.0117,0.1489,0.000591,4.0234,6.0351,4.0111,6.0146,208.667778,301.149846,298.958714,207.408599,152.260058
2010-02-10,9545.69,1.0976,0.1489,0.000591,2.1953,3.2929,2.183,3.2724,210.958205,307.760946,308.803212,211.936305,157.242589
2010-02-22,9697.31,1.5884,0.1485,0.000589,3.1767,4.7651,3.1644,4.7445,214.308982,317.537655,323.51794,218.642872,164.703024
2010-02-23,9745.29,0.4948,0.1485,0.000589,0.9896,1.4843,0.9773,1.4638,215.369332,320.679857,328.320011,220.779575,167.113923
2010-02-24,9658.35,-0.8921,0.1485,0.000589,-1.7842,-2.6764,-1.7965,-2.6969,213.447973,314.958138,319.532953,216.813177,162.607005
2010-02-25,9526.61,-1.364,0.1485,0.000589,-2.728,-4.092,-2.7403,-4.1125,210.53654,306.366073,306.457654,210.871851,155.919716
2010-02-26,9538.32,0.1229,0.1484,0.000589,0.2458,0.3688,0.2335,0.3482,210.795329,307.119236,307.587737,211.364326,156.462649
2010-03-01,9720.03,1.9051,0.1484,0.000589,3.8101,5.7152,3.7978,5.6946,214.811091,318.820802,325.16686,219.391541,165.372595
2010-03-02,9745.51,0.2621,0.1483,0.000589,0.5243,0.7864,0.512,0.7659,215.374194,320.49231,327.724029,220.514789,166.639142
2010-03-03,9786.42,0.4198,0.1483,0.000588,0.8396,1.2593,0.8273,1.2388,216.278299,323.183054,331.851218,222.339044,168.70348
2010-03-04,9709.83,-0.7826,0.1483,0.000588,-1.5652,-2.3478,-1.5775,-2.3684,214.585672,318.124496,324.059865,218.83159,164.707928
2010-03-05,9833.56,1.2743,0.1482,0.000588,2.5486,3.8228,2.5363,3.8023,217.320085,326.232062,336.448113,224.381721,170.970593
2010-03-08,9956.71,1.2523,0.1482,0.000588,2.5047,3.757,2.4924,3.7365,220.04168,334.403157,349.088577,229.974197,177.358894
2010-03-09,9967.38,0.1072,0.1481,0.000588,0.2143,0.3215,0.202,0.301,220.277486,335.119876,350.210868,230.438822,177.892658
2010-03-10,9978.27,0.1093,0.1481,0.000588,0.2185,0.3278,0.2062,0.3072,220.518153,335.852156,351.358751,230.91403,178.439195
2010-03-11,9940.53,-0.3782,0.1481,0.000588,-0.7564,-1.1347,-0.7687,-1.1552,219.684105,333.311623,347.372004,229.138907,176.377855
2010-03-12,9938.82,-0.0172,0.1481,0.000588,-0.0344,-0.0516,-0.0467,-0.0721,219.646314,333.196949,347.192736,229.031903,176.250603
2010-03-15,9793.35,-1.4637,0.148,0.000587,-2.9273,-4.391,-2.9396,-4.4115,216.431451,323.443244,331.947628,222.299274,168.475302
2010-03-16,9871.23,0.7952,0.1479,0.000587,1.5905,2.3857,1.5782,2.3652,218.152586,328.587502,339.866904,225.807543,172.460015
2010-03-17,10066.46,1.9778,0.1479,0.000587,3.9555,5.9333,3.9432,5.9128,222.467138,341.584897,360.032238,234.711681,182.657168
2010-03-18,10115.85,0.4906,0.1479,0.000587,0.9813,1.4719,0.969,1.4514,223.558649,344.936795,365.331616,236.986002,185.308216
2010-03-19,10130.7,0.1468,0.1479,0.000587,0.2936,0.4404,0.2813,0.4199,223.886831,345.949525,366.940529,237.652657,186.08625
2010-03-22,10051.25,-0.7842,0.1478,0.000586,-1.5685,-2.3527,-1.5808,-2.3733,222.130999,340.523308,358.307337,233.895862,181.669888
2010-03-23,10020.33,-0.3076,0.1478,0.000586,-0.6152,-0.9229,-0.6275,-0.9434,221.447672,338.428249,355.000626,232.428073,179.956
2010-03-24,10034.24,0.1388,0.1477,0.000586,0.2776,0.4165,0.2653,0.3959,221.755081,339.367846,356.479038,233.044804,180.668474
2010-03-25,10053.98,0.1967,0.1477,0.000586,0.3935,0.5902,0.3812,0.5696,222.191332,340.703099,358.582903,233.933079,181.697637
2010-03-26,10103.69,0.4944,0.1477,0.000586,0.9889,1.4833,0.9766,1.4628,223.289915,344.072182,363.901739,236.217599,184.355431
2010-03-29,10194.23,0.8961,0.1476,0.000586,1.7922,2.6883,1.7799,2.6678,225.290834,350.238701,373.684599,240.422093,189.273643
2010-03-30,10213.19,0.186,0.1476,0.000586,0.372,0.558,0.3597,0.5374,225.709847,351.541502,375.76962,241.286851,190.29085
2010-03-31,10159.11,-0.5295,0.1475,0.000585,-1.059,-1.5885,-1.0713,-1.6091,224.514688,347.818597,369.800391,238.70191,187.228937
2010-04-01,10278.44,1.1746,0.1475,0.000585,2.3492,3.5238,2.3369,3.5033,227.151861,355.989627,382.831537,244.280207,193.788122
2010-04-02,10294.9,0.1601,0.1475,0.000585,0.3203,0.4804,0.308,0.4599,227.515625,357.129798,384.670748,245.032566,194.679329
2010-04-06,10376.64,0.794,0.1474,0.000585,1.588,2.382,1.5757,2.3614,229.322065,362.800915,393.833437,248.893495,199.276529
2010-04-07,10417.86,0.3972,0.1473,0.000585,0.7945,1.1917,0.7822,1.1712,230.233021,365.683284,398.52681,250.840304,201.610417
2010-04-08,10335.53,-0.7903,0.1473,0.000585,-1.5806,-2.3708,-1.5928,-2.3914,228.413541,359.903459,389.078407,246.844805,196.789173
2010-04-09,10379.69,0.4273,0.1473,0.000584,0.8545,1.2818,0.8422,1.2613,229.38947,362.978934,394.065583,248.923823,199.271192
2010-04-12,10412.68,0.3178,0.1472,0.000584,0.6357,0.9535,0.6234,0.933,230.118544,365.286263,397.822985,250.47555,201.130319
2010-04-13,10299.78,-1.0843,0.1472,0.000584,-2.1685,-3.2528,-2.1808,-3.2733,227.623472,357.364994,384.882739,245.013178,194.546724
2010-04-14,10386.24,0.8394,0.1472,0.000584,1.6789,2.5183,1.6666,2.4978,229.534224,363.36469,394.575265,249.09652,199.406061
2010-04-15,10482.19,0.9238,0.1471,0.000584,1.8476,2.7715,1.8353,2.7509,231.654703,370.07835,405.510742,253.668305,204.891567
2010-04-16,10404.75,-0.7388,0.1471,0.000584,-1.4776,-2.2163,-1.4898,-2.2369,229.943292,364.610243,396.523283,249.889043,200.308423
2010-04-19,10074.66,-3.1725,0.147,0.000583,-6.345,-9.5175,-6.3573,-9.538,222.648356,341.475772,358.784258,234.002906,181.202982
2010-04-20,10133.91,0.5881,0.147,0.000583,1.1762,1.7643,1.1639,1.7438,223.957772,345.492273,365.114388,236.726533,184.362792
2010-04-21,10249.5,1.1406,0.147,0.000583,2.2813,3.4219,2.269,3.4013,226.512292,353.373821,377.608156,242.097769,190.633609
2010-04-22,10234.32,-0.1481,0.1469,0.000583,-0.2962,-0.4443,-0.3085,-0.4648,226.176816,352.327094,375.930388,241.350899,189.747457
2010-04-23,10267.92,0.3283,0.1469,0.000583,0.6566,0.9849,0.6443,0.9644,226.919371,354.640524,379.633007,242.905983,191.577363
2010-04-26,10464.5,1.9145,0.1468,0.000583,3.829,5.7435,3.8167,5.723,231.263757,368.219756,401.437303,252.177035,202.541315
2010-04-27,10449.48,-0.1435,0.1468,0.000583,-0.2871,-0.4306,-0.2994,-0.4511,230.931818,367.162723,399.708719,251.422131,201.627593
2010-04-28,10366.25,-0.7965,0.1468,0.000582,-1.593,-2.3895,-1.6053,-2.41,229.092448,361.313828,390.157692,247.386085,196.768314
2010-04-29,10330.97,-0.3403,0.1467,0.000582,-0.6807,-1.021,-0.693,-1.0415,228.312766,358.854472,386.17416,245.671801,194.718902
2010-04-30,10267.1,-0.6182,0.1467,0.000582,-1.2365,-1.8547,-1.2488,-1.8752,226.901249,354.417321,379.011732,242.603937,191.067448
2010-06-01,9351.15,-8.9212,0.1458,0.000579,-17.8424,-26.7636,-17.8547,-26.7842,206.658902,291.180663,277.574384,199.287699,139.891626
2010-06-02,9231.06,-1.2842,0.1458,0.000579,-2.5685,-3.8527,-2.5807,-3.8732,204.004933,283.701822,266.880328,194.144603,134.473339
2010-06-03,9442.18,2.2871,0.1458,0.000578,4.5741,6.8612,4.5618,6.8407,208.670651,296.678691,285.191478,203.001165,143.672205
2010-06-04,9422.05,-0.2132,0.1458,0.000578,-0.4264,-0.6396,-0.4387,-0.6601,208.225781,295.413698,283.36746,202.110661,142.723827
2010-06-07,9183.05,-2.5366,0.1457,0.000578,-5.0732,-7.6098,-5.0855,-7.6303,202.943919,280.426753,261.803737,191.832343,131.833527
2010-06-08,9175.56,-0.0816,0.1456,0.000578,-0.1631,-0.2447,-0.1754,-0.2652,202.778392,279.969302,261.16313,191.495848,131.483891
2010-06-09,9072.71,-1.1209,0.1456,0.000578,-2.2418,-3.3627,-2.2541,-3.3833,200.505423,273.692881,252.380899,187.179322,127.035451
2010-06-10,9214.46,1.5624,0.1456,0.000578,3.1248,4.6871,3.1125,4.6666,203.638075,282.245114,264.210328,193.005225,132.963703
2010-06-11,9365.5,1.6392,0.1456,0.000578,3.2783,4.9175,3.266,4.897,206.976035,291.498028,277.20284,199.308856,139.474893
2010-06-14,9478.29,1.2043,0.1455,0.000577,2.4086,3.6129,2.3963,3.5924,209.468676,298.519129,287.218016,204.084982,144.485419
2010-06-15,9563.84,0.9026,0.1455,0.000577,1.8052,2.7078,1.7929,2.6872,211.359317,303.90793,294.99521,207.74401,148.3681
2010-06-17,9643.02,0.8279,0.1454,0.000577,1.6558,2.4837,1.6435,2.4632,213.109182,308.9401,302.322096,211.158359,152.02272
2010-06-18,9614.06,-0.3003,0.1454,0.000577,-0.6006,-0.901,-0.6129,-0.9215,212.469171,307.084476,299.598287,209.864117,150.621859
2010-06-21,9797.15,1.9044,0.1453,0.000577,3.8088,5.7132,3.7965,5.6927,216.51543,318.7807,316.714921,217.831637,159.196275
2010-06-22,9767.78,-0.2998,0.1453,0.000576,-0.5996,-0.8993,-0.6118,-0.9199,215.866358,316.869412,313.866567,216.498846,157.73189
2010-06-23,9728.62,-0.4009,0.1452,0.000576,-0.8018,-1.2027,-0.8141,-1.2232,215.000928,314.32869,310.091601,214.736323,155.802439
2010-06-24,9739.19,0.1086,0.1452,0.000576,0.2173,0.3259,0.205,0.3054,215.234523,315.011716,311.10233,215.176563,156.278303
2010-06-25,9592.15,-1.5098,0.1452,0.000576,-3.0196,-4.5293,-3.0318,-4.5498,211.984963,305.499771,297.011481,208.652764,149.16788
2010-06-28,9625.88,0.3516,0.1451,0.000576,0.7033,1.0549,0.691,1.0344,212.730391,307.6483,300.14473,210.094557,150.710885
2010-06-29,9528.6,-1.0106,0.1451,0.000576,-2.0212,-3.0318,-2.0335,-3.0523,210.580519,301.430058,291.044862,205.822285,146.110672
2010-06-30,9407.98,-1.2659,0.145,0.000576,-2.5317,-3.7976,-2.544,-3.8181,207.914836,293.798613,279.992084,200.586108,140.531967
2010-07-01,9312.52,-1.0147,0.145,0.000575,-2.0293,-3.044,-2.0416,-3.0645,205.805186,287.836437,271.469093,196.490896,136.225327
2010-07-02,9412.01,1.0683,0.145,0.000575,2.1367,3.205,2.1244,3.1845,208.003898,293.986619,280.169786,200.665171,140.563455
2010-07-05,9562.28,1.5966,0.1449,0.000575,3.1932,4.7897,3.1809,4.7692,211.324841,303.374065,293.589166,207.048075,147.26723
2010-07-06,9745.07,1.9116,0.1449,0.000575,3.8231,5.7347,3.8109,5.7142,215.364471,314.972501,310.425684,214.938399,155.682382
2010-07-07,9746.88,0.0186,0.1448,0.000575,0.0371,0.0557,0.0249,0.0352,215.404471,315.089504,310.598654,214.991845,155.737192
2010-07-08,9867.2,1.2344,0.1448,0.000575,2.4689,3.7033,2.4566,3.6828,218.063524,322.868726,322.101175,220.27336,161.472719
2010-07-09,9918.32,0.5181,0.1448,0.000575,1.0362,1.5542,1.0239,1.5337,219.193268,326.214163,327.107401,222.528693,163.949268
2010-07-12,9914.49,-0.0386,0.1447,0.000574,-0.0772,-0.1158,-0.0895,-0.1364,219.108625,325.962225,326.72846,222.329505,163.725707
2010-07-13,9872.73,-0.4212,0.1447,0.000574,-0.8424,-1.2636,-0.8547,-1.2841,218.185736,323.216308,322.599902,220.42929,161.623275
2010-07-14,10040.0,1.6943,0.1447,0.000574,3.3885,5.0828,3.3762,5.0623,221.882376,334.168576,338.996974,227.871524,169.805091
2010-07-15,10044.24,0.0422,0.1446,0.000574,0.0845,0.1267,0.0722,0.1062,221.976079,334.450822,339.42646,228.036006,169.98539
2010-07-16,9994.63,-0.4939,0.1446,0.000574,-0.9878,-1.4817,-1.0001,-1.5023,220.879706,331.147017,334.397026,225.755395,167.431772
2010-07-19,9985.49,-0.0914,0.1445,0.000573,-0.1829,-0.2743,-0.1952,-0.2949,220.677714,330.541355,333.479617,225.31477,166.938084
2010-07-20,10068.56,0.8319,0.1445,0.000573,1.6638,2.4957,1.6515,2.4752,222.513547,336.040949,341.802338,229.035921,171.070151
2010-07-21,10056.14,-0.1234,0.1445,0.000573,-0.2467,-0.3701,-0.259,-0.3906,222.239067,335.211907,340.537455,228.442745,170.401994
2010-07-22,10022.97,-0.3298,0.1444,0.000573,-0.6597,-0.9895,-0.672,-1.0101,221.506016,333.000526,337.167685,226.907665,168.680839
2010-07-23,10149.24,1.2598,0.1444,0.000573,2.5196,3.7794,2.5073,3.7589,224.296562,341.390849,349.910663,232.596995,175.021395
2010-07-26,10194.85,0.4494,0.1443,0.000573,0.8988,1.3482,0.8865,1.3277,225.304536,344.459224,354.628088,234.658985,177.345101
2010-07-27,10145.86,-0.4805,0.1443,0.000573,-0.9611,-1.4416,-0.9734,-1.4621,224.221865,341.148717,349.515733,232.374926,174.752101
2010-07-28,10225.4,0.784,0.1443,0.000573,1.5679,2.3519,1.5557,2.3314,225.979686,346.497691,357.735977,235.98987,178.826246
2010-07-29,10253.48,0.2746,0.1442,0.000572,0.5492,0.8238,0.5369,0.8033,226.600249,348.400728,360.683116,237.256998,180.262795
2010-07-30,10204.08,-0.4818,0.1442,0.000572,-0.9636,-1.4454,-0.9759,-1.4659,225.508517,345.043624,355.469936,234.941716,177.620372
2010-08-02,10403.74,1.9567,0.1441,0.000572,3.9133,5.87,3.9011,5.8495,229.920971,358.546343,376.336039,244.10693,188.010268
2010-08-03,10466.03,0.5987,0.1441,0.000572,1.1975,1.7962,1.1852,1.7757,231.29757,362.83977,383.095715,247.000026,191.348714
2010-08-04,10491.17,0.2402,0.1441,0.000572,0.4804,0.7206,0.4681,0.7001,231.85316,364.582894,385.856369,248.156315,192.688363
2010-08-05,10447.09,-0.4202,0.1441,0.000572,-0.8403,-1.2605,-0.8526,-1.281,230.878999,361.51921,380.992693,246.040525,190.220031
2010-08-06,10484.02,0.3535,0.144,0.000572,0.707,1.0605,0.6947,1.04,231.695146,364.075119,385.03307,247.749801,192.198278
2010-08-09,10579.15,0.9074,0.1439,0.000571,1.8148,2.7221,1.8025,2.7016,233.797504,370.682215,395.51422,252.215453,197.390775
2010-08-10,10511.27,-0.6416,0.1439,0.000571,-1.2833,-1.9249,-1.2956,-1.9454,232.297367,365.925329,387.900894,248.947859,193.550684
2010-08-11,10425.29,-0.818,0.1439,0.000571,-1.636,-2.4539,-1.6482,-2.4744,230.397222,359.938943,378.382049,244.844612,188.76138
2010-08-12,10371.68,-0.5142,0.1439,0.000571,-1.0285,-1.5427,-1.0407,-1.5632,229.21245,356.237112,372.544783,242.296421,185.810666
2010-08-13,10459.25,0.8443,0.1438,0.000571,1.6886,2.533,1.6764,2.5124,231.147733,362.252663,381.981175,246.358181,190.479063
2010-08-16,10525.19,0.6304,0.1438,0.00057,1.2609,1.8913,1.2486,1.8708,232.604996,366.820283,389.205739,249.43425,194.042611
2010-08-17,10512.11,-0.1243,0.1437,0.00057,-0.2485,-0.3728,-0.2608,-0.3933,232.31593,365.908564,387.754703,248.783667,193.279391
2010-08-18,10503.26,-0.0842,0.1437,0.00057,-0.1684,-0.2526,-0.1807,-0.2731,232.120347,365.292457,386.775367,248.33423,192.751601
2010-08-19,10512.38,0.0868,0.1437,0.00057,0.1737,0.2605,0.1614,0.24,232.321897,365.926826,387.78288,248.735002,193.214176
2010-08-20,10511.27,-0.0106,0.1436,0.00057,-0.0211,-0.0317,-0.0334,-0.0522,232.297367,365.849549,387.660042,248.651938,193.113353
2010-08-23,10576.78,0.6232,0.1436,0.00057,1.2465,1.8697,1.2342,1.8492,233.745127,370.40976,394.908151,251.72079,196.684411
2010-08-24,10534.41,-0.4006,0.1435,0.00057,-0.8012,-1.2018,-0.8135,-1.2223,232.808757,367.442078,390.16221,249.673129,194.280361
2010-08-25,10276.99,-2.4436,0.1435,0.000569,-4.8872,-7.3308,-4.8995,-7.3513,227.119816,349.484368,361.56007,237.4404,179.998157
2010-08-26,10215.22,-0.6011,0.1435,0.000569,-1.2021,-1.8032,-1.2144,-1.8237,225.754709,345.283206,355.040584,234.556974,176.715606
2010-08-27,10259.49,0.4334,0.1435,0.000569,0.8667,1.3001,0.8545,1.2796,226.733069,348.275934,359.656533,236.561194,178.976886
2010-08-30,10283.78,0.2368,0.1434,0.000569,0.4735,0.7103,0.4612,0.6898,227.269874,349.925065,362.211063,237.652303,180.211408
2010-08-31,10117.87,-1.6133,0.1433,0.000569,-3.2266,-4.84,-3.2389,-4.8605,223.60329,338.634262,344.680222,229.954959,171.452315
2010-09-01,10186.9,0.6823,0.1433,0.000569,1.3645,2.0468,1.3522,2.0263,225.128842,343.254982,351.735049,233.064505,174.926405
2010-09-02,10257.18,0.6899,0.1433,0.000569,1.3798,2.0697,1.3675,2.0492,226.682019,347.991253,359.014969,236.251747,178.511023
2010-09-03,10402.7,1.4187,0.1433,0.000568,2.8374,4.2561,2.8252,4.2356,229.897987,357.865251,374.295151,242.926219,186.072104
2010-09-06,10483.58,0.7775,0.1432,0.000568,1.555,2.3325,1.5427,2.312,231.685422,363.429988,383.025478,246.673857,190.374035
2010-09-07,10474.89,-0.0829,0.1432,0.000568,-0.1658,-0.2487,-0.1781,-0.2692,231.493374,362.827482,382.072991,246.234636,189.861595
2010-09-08,10432.23,-0.4073,0.1431,0.000568,-0.8145,-1.2218,-0.8268,-1.2423,230.550595,359.872183,377.404904,244.198784,187.502982
2010-09-09,10411.7,-0.1968,0.1431,0.000568,-0.3936,-0.5904,-0.4059,-0.6109,230.096886,358.455769,375.176774,243.207673,186.357559
2010-09-10,10484.47,0.6989,0.1431,0.000568,1.3979,2.0968,1.3856,2.0763,231.705091,363.466445,383.043389,246.577501,190.226855
2010-09-13,10752.83,2.5596,0.143,0.000567,5.1192,7.6788,5.1069,7.6583,237.635804,382.072985,412.456471,259.170009,204.794971
2010-09-14,10808.45,0.5173,0.143,0.000567,1.0345,1.5518,1.0222,1.5313,238.864997,386.0256,418.856878,261.819361,207.930951
2010-09-15,10851.23,0.3958,0.1429,0.000567,0.7916,1.1874,0.7793,1.1669,239.810428,389.08139,423.830402,263.859796,210.357308
2010-09-16,10766.63,-0.7796,0.1429,0.000567,-1.5593,-2.3389,-1.5715,-2.3594,237.940781,383.014559,413.91741,259.713124,205.394128
2010-09-17,10844.54,0.7236,0.1429,0.000567,1.4472,2.1709,1.435,2.1504,239.66258,388.557736,422.903037,263.439946,209.810872
2010-09-20,10882.68,0.3517,0.1428,0.000567,0.7034,1.0551,0.6911,1.0346,240.505467,391.290833,427.365058,265.260638,211.981564
2010-09-21,10895.23,0.1153,0.1428,0.000567,0.2306,0.346,0.2184,0.3255,240.78282,392.193313,428.843581,265.839885,212.671489
2010-09-23,10903.94,0.0799,0.1427,0.000566,0.1599,0.2398,0.1476,0.2193,240.97531,392.820377,429.872075,266.232301,213.137946
2010-09-24,10856.19,-0.4379,0.1427,0.000566,-0.8758,-1.3137,-0.8881,-1.3342,239.920043,389.379938,424.224651,263.867885,210.294168
2010-09-27,10889.46,0.3065,0.1426,0.000566,0.6129,0.9194,0.6006,0.8989,240.655304,391.766534,428.124902,265.452807,212.184474
2010-09-28,10886.89,-0.0236,0.1426,0.000566,-0.0472,-0.0708,-0.0595,-0.0913,240.598508,391.581614,427.821779,265.294932,211.990751
2010-09-29,10955.28,0.6282,0.1425,0.000566,1.2564,1.8846,1.2441,1.8641,242.109916,396.501341,435.884338,268.595471,215.942394
2010-09-30,10951.4,-0.0354,0.1425,0.000566,-0.0708,-0.1063,-0.0831,-0.1267,242.024168,396.220486,435.421211,268.372253,215.668695
2010-10-01,10959.91,0.0777,0.1425,0.000565,0.1554,0.2331,0.1431,0.2126,242.212238,396.836267,436.436268,268.756407,216.127261
2010-10-04,10962.45,0.0232,0.1424,0.000565,0.0464,0.0695,0.0341,0.049,242.268372,397.020204,436.739705,268.847997,216.23323
2010-10-05,10901.75,-0.5537,0.1424,0.000565,-1.1074,-1.6611,-1.1197,-1.6816,240.926911,392.623536,429.484913,265.837739,212.597008
2010-10-06,11012.88,1.0194,0.1424,0.000565,2.0388,3.0581,2.0265,3.0376,243.382866,400.628169,442.619132,271.224898,219.054935
2010-10-07,11012.76,-0.0011,0.1423,0.000565,-0.0022,-0.0033,-0.0145,-0.0238,243.380214,400.619438,442.604663,271.185705,219.00288
2010-10-08,10959.95,-0.4795,0.1423,0.000565,-0.9591,-1.4386,-0.9713,-1.4591,242.213122,396.77722,436.237335,268.551569,215.807413
2010-10-11,10870.3,-0.818,0.1422,0.000564,-1.636,-2.4539,-1.6482,-2.4744,240.231872,390.286118,425.532357,264.125229,210.467413
2010-10-12,10755.26,-1.0583,0.1422,0.000564,-2.1166,-3.1749,-2.1289,-3.1954,237.689506,382.02535,412.022175,258.502363,203.742173
2010-10-13,10777.12,0.2032,0.1422,0.000564,0.4065,0.6097,0.3942,0.5893,238.172609,383.578278,414.534473,259.521453,204.942734
2010-10-14,10921.74,1.3419,0.1421,0.000564,2.6838,4.0258,2.6716,4.0053,241.368687,393.872882,431.222598,266.454733,213.151218
2010-10-15,10908.25,-0.1235,0.1421,0.000564,-0.247,-0.3705,-0.2593,-0.391,241.07056,392.899897,429.624722,265.763815,212.317715
2010-10-18,10715.9,-1.7633,0.142,0.000564,-3.5267,-5.29,-3.539,-5.3105,236.819656,379.043541,406.897434,256.358544,201.04253
2010-10-19,10696.89,-0.1774,0.142,0.000563,-0.3548,-0.5322,-0.3671,-0.5527,236.399539,377.698695,404.731926,255.417529,199.931384
2010-10-20,10801.1,0.9742,0.142,0.000563,1.9484,2.9226,1.9361,2.9021,238.702563,385.05784,416.560724,260.362788,205.733659
2010-10-21,10809.89,0.0814,0.1419,0.000563,0.1628,0.2441,0.1505,0.2237,238.89682,385.684565,417.577722,260.754612,206.193783
2010-10-22,10858.85,0.4529,0.1419,0.000563,0.9058,1.3588,0.8936,1.3383,239.978828,389.178239,423.251584,263.084631,208.953201
2010-10-25,11043.53,1.7007,0.1418,0.000563,3.4015,5.1022,3.3892,5.0817,244.060226,402.416001,444.846716,272.001085,219.57159
2010-10-26,11091.72,0.4364,0.1418,0.000563,0.8727,1.3091,0.8605,1.2886,245.125218,405.927999,450.67017,274.341543,222.400994
2010-10-27,11022.34,-0.6255,0.1418,0.000563,-1.251,-1.8765,-1.2633,-1.897,243.591931,400.849745,442.213187,270.875807,218.181991
2010-10-28,11106.11,0.76,0.1418,0.000563,1.52,2.28,1.5077,2.2595,245.443234,406.942677,452.295674,274.959897,223.111847
2010-10-29,11017.16,-0.8009,0.1417,0.000562,-1.6018,-2.4027,-1.6141,-2.4232,243.477454,400.424184,441.428223,270.521797,217.705353
2010-11-01,11140.36,1.1183,0.1416,0.000562,2.2365,3.3548,2.2242,3.3343,246.200154,409.379715,456.23711,276.538858,224.964253
2010-11-02,11093.83,-0.4177,0.1416,0.000562,-0.8353,-1.253,-0.8476,-1.2735,245.171848,405.959998,450.520406,274.194889,222.099332
2010-11-03,11026.22,-0.6094,0.1416,0.000562,-1.2189,-1.8283,-1.2311,-1.8488,243.677678,401.01185,442.28348,270.819155,217.993155
2010-11-04,11111.24,0.7711,0.1416,0.000562,1.5421,2.3132,1.5299,2.2927,245.556607,407.196024,452.514441,274.962348,222.991138
2010-11-05,11232.86,1.0946,0.1415,0.000562,2.1891,3.2837,2.1769,3.2632,248.244389,416.110093,467.373667,280.947911,230.267815
2010-11-08,11207.93,-0.2219,0.1415,0.000561,-0.4439,-0.6658,-0.4561,-0.6863,247.69344,414.263079,464.261825,279.666384,228.687482
2010-11-09,11227.94,0.1785,0.1414,0.000561,0.3571,0.5356,0.3448,0.5151,248.135658,415.742282,466.748425,280.630677,229.865486
2010-11-10,11234.58,0.0591,0.1414,0.000561,0.1183,0.1774,0.106,0.1569,248.282401,416.234007,467.576505,280.928171,230.226208
2010-11-11,11216.4,-0.1618,0.1414,0.000561,-0.3236,-0.4855,-0.3359,-0.506,247.880626,414.886892,465.306583,279.984502,229.061373
2010-11-12,11055.66,-1.4331,0.1413,0.000561,-2.8662,-4.2992,-2.8784,-4.3197,244.328298,402.995569,445.301934,271.925351,219.166546
2010-11-15,10955.42,-0.9067,0.1413,0.000561,-1.8134,-2.7201,-1.8256,-2.7405,242.11301,395.687769,433.189478,266.960982,213.160197
2010-11-16,11050.56,0.8684,0.1412,0.00056,1.7369,2.6053,1.7246,2.5848,244.215588,402.560301,444.475302,271.564966,218.669962
2010-11-17,10975.22,-0.6818,0.1412,0.00056,-1.3636,-2.0453,-1.3758,-2.0658,242.550587,397.071186,435.384332,267.828727,214.152652
2010-11-18,11012.32,0.338,0.1412,0.00056,0.6761,1.0141,0.6638,0.9936,243.370491,399.755659,439.799576,269.606579,216.280509
2010-11-19,11042.47,0.2738,0.1412,0.00056,0.5476,0.8214,0.5353,0.8009,244.036801,401.944596,443.411882,271.049789,218.012629
2010-11-22,11133.92,0.8282,0.1411,0.00056,1.6563,2.4845,1.6441,2.464,246.057831,408.602134,454.428444,275.506027,223.384491
2010-11-23,11072.4,-0.5525,0.141,0.00056,-1.1051,-1.6576,-1.1174,-1.6781,244.698249,404.086706,446.895669,272.42764,219.635827
2010-11-24,11030.41,-0.3792,0.141,0.00056,-0.7585,-1.1377,-0.7707,-1.1582,243.770277,401.02186,441.811365,270.327962,217.092053
2010-11-25,11100.8,0.6381,0.141,0.000559,1.2763,1.9144,1.264,1.894,245.325884,406.140062,450.269555,273.744973,221.20367
2010-11-26,11050.5,-0.4531,0.141,0.000559,-0.9062,-1.3594,-0.9185,-1.3798,244.214262,402.459454,444.148764,271.230607,218.151401
2010-11-29,11123.65,0.662,0.1409,0.000559,1.3239,1.9859,1.3117,1.9654,245.830866,407.787703,452.969039,274.788221,222.438949
2010-11-30,11130.71,0.0635,0.1408,0.000559,0.1269,0.1904,0.1147,0.1699,245.98689,408.305336,453.831515,275.103325,222.816922
2010-12-01,11326.96,1.7631,0.1408,0.000559,3.5263,5.2894,3.514,5.2689,250.323984,422.703325,477.83657,284.770496,234.557006
2010-12-02,11414.25,0.7706,0.1408,0.000559,1.5413,2.3119,1.529,2.2914,252.253079,429.21836,488.883759,289.124676,239.931728
2010-12-03,11465.1,0.4455,0.1408,0.000559,0.891,1.3365,0.8787,1.316,253.376855,433.04266,495.417628,291.665291,243.089241
2010-12-06,11569.08,0.9069,0.1407,0.000558,1.8139,2.7208,1.8016,2.7003,255.674796,440.897415,508.896845,296.919897,249.653373
2010-12-07,11572.12,0.0263,0.1407,0.000558,0.0526,0.0788,0.0403,0.0583,255.74198,441.129123,509.298013,297.039524,249.799044
2010-12-08,11571.33,-0.0068,0.1406,0.000558,-0.0137,-0.0205,-0.0259,-0.041,255.724521,441.068894,509.193707,296.962538,249.696723
2010-12-09,11637.87,0.575,0.1406,0.000558,1.1501,1.7251,1.1378,1.7046,257.195044,446.141556,517.977939,300.341436,253.953165
2010-12-10,11591.33,-0.3999,0.1406,0.000558,-0.7998,-1.1997,-0.8121,-1.2202,256.166518,442.573304,511.763737,297.902463,250.854467
2010-12-13,11614.93,0.2036,0.1405,0.000558,0.4072,0.6108,0.3949,0.5903,256.688074,444.375466,514.889597,299.07899,252.335314
2010-12-14,11620.04,0.044,0.1405,0.000557,0.088,0.132,0.0757,0.1115,256.801004,444.766473,515.569175,299.305472,252.616682
2010-12-15,11641.68,0.1862,0.1404,0.000557,0.3725,0.5587,0.3602,0.5382,257.279245,446.42305,518.449609,300.383559,253.976291
2010-12-16,11675.57,0.2911,0.1404,0.000557,0.5822,0.8733,0.57,0.8528,258.028208,449.022207,522.977372,302.09561,256.142323
2010-12-17,11723.03,0.4065,0.1404,0.000557,0.813,1.2195,0.8007,1.199,259.077067,452.672666,529.354921,304.514538,259.213444
2010-12-20,11657.65,-0.5577,0.1403,0.000557,-1.1154,-1.6731,-1.1277,-1.6936,257.632179,447.623504,520.498194,301.080605,254.823417
2010-12-21,11736.18,0.6736,0.1403,0.000557,1.3473,2.0209,1.335,2.0004,259.367679,453.6542,531.016967,305.100052,259.920972
2010-12-22,11779.65,0.3704,0.1402,0.000557,0.7408,1.1112,0.7285,1.0907,260.328359,457.014808,536.917517,307.322777,262.755933
2010-12-23,11830.68,0.4332,0.1402,0.000556,0.8664,1.2996,0.8541,1.2791,261.456114,460.974428,543.895373,309.947764,266.116939
2010-12-24,11780.46,-0.4245,0.1402,0.000556,-0.849,-1.2735,-0.8612,-1.2939,260.34626,457.060851,536.969036,307.278365,262.673529
2010-12-27,11821.96,0.3523,0.1401,0.000556,0.7046,1.0568,0.6923,1.0364,261.263404,460.281103,542.643912,309.405635,265.395766
2010-12-28,11793.31,-0.2423,0.1401,0.000556,-0.4847,-0.727,-0.497,-0.7475,260.630243,458.050161,538.698691,307.868033,263.411896
2010-12-29,11787.44,-0.0498,0.1401,0.000556,-0.0995,-0.1493,-0.1118,-0.1698,260.500517,457.594181,537.894295,307.523806,262.964627
2010-12-30,11842.7,0.4688,0.14,0.000556,0.9376,1.4064,0.9253,1.3859,261.721754,461.884622,545.459307,310.369465,266.609148
2010-12-31,11928.56,0.725,0.14,0.000556,1.45,2.175,1.4377,2.1545,263.619246,468.581982,557.323105,314.831788,272.353334
2011-01-03,11998.76,0.5885,0.1393,0.000553,1.177,1.7655,1.1647,1.745,265.170655,474.097225,567.162704,318.498785,277.10601
2011-01-04,11961.39,-0.3114,0.139,0.000552,-0.6229,-0.9343,-0.6352,-0.9548,264.344784,471.144085,561.863439,316.475822,274.46016
2011-01-05,11760.8,-1.677,0.1388,0.000551,-3.354,-5.0309,-3.3662,-5.0514,259.911777,455.34211,533.596443,305.822565,260.59607
2011-01-06,11809.86,0.4171,0.1385,0.00055,0.8343,1.2514,0.822,1.231,260.995996,459.141015,540.274112,308.336552,263.803958
2011-01-07,11676.27,-1.1312,0.1383,0.000549,-2.2623,-3.3935,-2.2746,-3.414,258.043678,448.753653,521.9398,301.323123,254.797737
2011-01-10,11723.0,0.4002,0.1375,0.000546,0.8004,1.2006,0.7882,1.1802,259.076404,452.345597,528.206419,303.698075,257.804818
2011-01-11,11873.88,1.287,0.1373,0.000545,2.5741,3.8611,2.5618,3.8407,262.410827,463.989358,548.601144,311.478316,267.706258
2011-01-12,11918.59,0.3765,0.137,0.000544,0.7531,1.1296,0.7408,1.1092,263.398911,467.483577,554.798265,313.785845,270.675574
2011-01-13,11932.66,0.1181,0.1368,0.000543,0.2361,0.3542,0.2239,0.3337,263.709856,468.587313,556.763097,314.488263,271.578824
2011-01-14,11928.57,-0.0343,0.1365,0.000542,-0.0686,-0.1028,-0.0808,-0.1233,263.619467,468.26609,556.190594,314.234158,271.244033
2011-01-17,11865.54,-0.5284,0.1358,0.000539,-1.0568,-1.5852,-1.069,-1.6056,262.226515,463.317499,547.37394,310.874882,266.888861
2011-01-18,11949.17,0.7048,0.1356,0.000538,1.4096,2.1144,1.3974,2.094,264.074724,469.848553,558.947846,315.218998,272.477517
2011-01-19,12079.49,1.0906,0.1353,0.000537,2.1812,3.2719,2.169,3.2514,266.954775,480.097075,577.235832,322.056085,281.336906
2011-01-20,11994.6,-0.7028,0.1351,0.000536,-1.4055,-2.1083,-1.4178,-2.1287,265.07872,473.3492,565.066059,317.490086,275.348027
2011-01-21,11904.48,-0.7513,0.1348,0.000535,-1.5027,-2.254,-1.5149,-2.2744,263.087082,466.236294,552.329389,312.680373,269.085375
2011-01-24,11895.72,-0.0736,0.1341,0.000532,-0.1472,-0.2208,-0.1594,-0.2412,262.893488,465.550127,551.110082,312.181929,268.436378
2011-01-25,11953.67,0.4872,0.1338,0.000531,0.9743,1.4615,0.9621,1.441,264.174173,470.085982,559.164281,315.185315,272.304607
2011-01-26,12039.03,0.7141,0.1336,0.00053,1.4282,2.1423,1.4159,2.1218,266.060615,476.799659,571.143095,319.648163,278.08249
2011-01-27,12101.17,0.5162,0.1333,0.000529,1.0323,1.5485,1.0201,1.528,267.433899,481.721705,579.987038,322.908809,282.331703
2011-01-28,12158.36,0.4726,0.1331,0.000528,0.9452,1.4178,0.933,1.3974,268.697789,486.274929,588.210075,325.92143,286.276937
2011-02-08,12113.31,-0.3705,0.1304,0.000517,-0.7411,-1.1116,-0.7533,-1.132,267.702191,482.671369,581.671645,323.466337,283.036337
2011-02-09,11974.19,-1.1485,0.1301,0.000516,-2.297,-3.4455,-2.3092,-3.4659,264.627662,471.584517,561.630345,315.996852,273.226682
2011-02-10,11747.84,-1.8903,0.1299,0.000515,-3.7806,-5.6709,-3.7929,-5.6913,259.625364,453.755644,529.780584,304.011555,257.676414
2011-02-11,11446.44,-2.5656,0.1296,0.000514,-5.1312,-7.6967,-5.1434,-7.7171,252.964472,430.472734,489.004782,288.375095,237.791195
2011-02-14,11546.97,0.8783,0.1289,0.000512,1.7565,2.6348,1.7443,2.6144,255.186169,438.034111,501.889045,293.405253,244.00802
2011-02-15,11595.44,0.4198,0.1287,0.000511,0.8395,1.2593,0.8273,1.2389,256.257348,441.711528,508.209291,295.832626,247.031048
2011-02-16,11583.51,-0.1029,0.1284,0.00051,-0.2058,-0.3087,-0.218,-0.329,255.993697,440.802616,506.640674,295.187751,246.218217
2011-02-17,11544.86,-0.3337,0.1282,0.000509,-0.6673,-1.001,-0.6795,-1.0214,255.139538,437.861017,501.569241,293.181823,243.703407
2011-02-18,11757.51,1.8419,0.1279,0.000508,3.6839,5.5258,3.6717,5.5055,259.839069,453.991337,529.285134,303.946511,257.12039
2011-02-21,11751.37,-0.0522,0.1272,0.000505,-0.1044,-0.1567,-0.1167,-0.177,259.703376,453.517171,528.455925,303.591943,256.665183
2011-02-22,11531.28,-1.8729,0.1269,0.000504,-3.7458,-5.6187,-3.758,-5.639,254.839423,436.529434,498.763762,292.183,242.19174
2011-02-23,11338.87,-1.6686,0.1267,0.000503,-3.3372,-5.0058,-3.3494,-5.0261,250.587193,421.961644,473.796767,282.396644,230.018829
2011-02-24,11355.76,0.149,0.1264,0.000502,0.2979,0.4469,0.2857,0.4265,250.960459,423.218724,475.914022,283.203466,230.999863
2011-02-25,11432.87,0.679,0.1262,0.000501,1.3581,2.0371,1.3459,2.0167,252.664577,428.966362,485.608943,287.015017,235.658551
2011-03-01,11602.92,1.4874,0.1252,0.000497,2.9748,4.4621,2.9626,4.4418,256.422655,441.727065,507.277465,295.517988,246.125975
2011-03-02,11459.79,-1.2336,0.125,0.000496,-2.4671,-3.7007,-2.4793,-3.7211,253.259505,430.82905,488.504616,288.191093,236.967471
2011-03-03,11617.29,1.3744,0.1247,0.000495,2.7487,4.1231,2.7365,4.1028,256.74023,442.671427,508.646209,296.077558,246.689672
2011-03-04,11678.49,0.5268,0.1245,0.000494,1.0536,1.5804,1.0414,1.5601,258.09274,447.335422,516.684869,299.160915,250.538154
2011-03-07,11584.61,-0.8039,0.1237,0.000491,-1.6077,-2.4116,-1.6199,-2.432,256.018007,440.143422,504.224429,294.31469,244.445166
2011-03-08,11629.77,0.3898,0.1235,0.00049,0.7797,1.1695,0.7675,1.1491,257.016036,443.575023,510.121246,296.573433,247.254177
2011-03-09,11632.78,0.0259,0.1232,0.000489,0.0518,0.0776,0.0396,0.0573,257.082556,443.804634,510.517333,296.690783,247.39586
2011-03-10,11490.37,-1.2242,0.123,0.000488,-2.4484,-3.6726,-2.4606,-3.693,253.935318,432.938406,491.767875,289.390349,238.25958
2011-03-11,11390.55,-0.8687,0.1227,0.000487,-1.7375,-2.6062,-1.7496,-2.6265,251.729312,425.416296,478.951507,284.327036,232.001641
2011-03-14,11327.01,-0.5578,0.122,0.000484,-1.1157,-1.6735,-1.1279,-1.6938,250.325089,420.67009,470.936289,281.120247,228.071937
2011-03-15,10947.79,-3.3479,0.1218,0.000483,-6.6959,-10.0438,-6.708,-10.0641,241.944388,392.502637,423.636483,262.26258,205.118523
2011-03-16,11067.18,1.0905,0.1215,0.000482,2.1811,3.2716,2.1689,3.2513,244.582888,401.063431,437.496256,267.950769,211.78752
2011-03-17,11011.49,-0.5032,0.1213,0.000481,-1.0064,-1.5096,-1.0186,-1.5299,243.352148,397.027132,430.891818,265.221458,208.547328
2011-03-18,11160.47,1.353,0.121,0.00048,2.7059,4.0589,2.6937,4.0385,246.644582,407.770293,448.381076,272.365767,216.969565
2011-03-21,11257.46,0.869,0.1203,0.000477,1.7381,2.6071,1.7259,2.5868,248.788045,414.857744,460.071035,277.066569,222.582196
2011-03-22,11311.09,0.4764,0.12,0.000476,0.9528,1.4292,0.9406,1.4089,249.973259,418.810468,466.646305,279.672679,225.718085
2011-03-23,11360.33,0.4353,0.1198,0.000475,0.8706,1.306,0.8585,1.2857,251.061455,422.456842,472.740588,282.07358,228.620051
2011-03-24,11401.96,0.3665,0.1195,0.000474,0.7329,1.0994,0.7207,1.079,251.981471,425.553033,477.937671,284.106542,231.086948
2011-03-25,11447.16,0.3964,0.1193,0.000473,0.7928,1.1893,0.7807,1.169,252.980384,428.927014,483.621636,286.324467,233.788256
2011-03-28,11370.94,-0.6658,0.1185,0.00047,-1.3317,-1.9975,-1.3439,-2.0178,251.295935,423.215061,473.961168,282.476664,229.070802
2011-03-29,11428.78,0.5087,0.1183,0.000469,1.0173,1.526,1.0052,1.5057,252.574189,427.520556,481.193793,285.315991,232.519901
2011-03-30,11494.91,0.5786,0.1181,0.000468,1.1573,1.7359,1.1451,1.7156,254.035651,432.468054,489.546744,288.583084,236.508963
2011-03-31,11544.08,0.4278,0.1178,0.000467,0.8555,1.2833,0.8433,1.263,255.122301,436.167857,495.828919,291.016807,239.495985
2011-04-01,11573.11,0.2515,0.1176,0.000467,0.5029,0.7544,0.4908,0.7341,255.763859,438.361528,499.569515,292.445027,241.25416
2011-04-06,11768.34,1.6869,0.1163,0.000462,3.3739,5.0608,3.3617,5.0405,260.07841,453.151212,524.851645,302.276115,253.414563
2011-04-07,11834.47,0.5619,0.1161,0.000461,1.1239,1.6858,1.1117,1.6655,261.539873,458.24401,533.699564,305.636506,257.635203
2011-04-08,11824.92,-0.0807,0.1158,0.00046,-0.1614,-0.2421,-0.1736,-0.2624,261.328819,457.504437,532.407534,305.106047,256.959236
2011-04-11,11805.94,-0.1605,0.1151,0.000457,-0.321,-0.4815,-0.3332,-0.5018,260.909364,456.03577,529.843856,304.089494,255.669804
2011-04-12,11609.61,-1.663,0.1148,0.000456,-3.326,-4.9889,-3.3381,-5.0092,256.570503,440.868235,503.410321,293.938637,242.862777
2011-04-13,11672.9,0.5452,0.1146,0.000455,1.0903,1.6355,1.0781,1.6152,257.969202,445.675037,511.643372,297.107715,246.78545
2011-04-14,11702.86,0.2567,0.1144,0.000454,0.5133,0.77,0.5012,0.7497,258.631313,447.962802,515.582968,298.596716,248.63564
2011-04-15,11590.38,-0.9611,0.1141,0.000453,-1.9223,-2.8834,-1.9344,-2.9037,256.145523,439.351769,500.71666,292.820589,241.416085
2011-04-18,11585.53,-0.0418,0.1134,0.00045,-0.0837,-0.1255,-0.0958,-0.1458,256.038339,438.984075,500.088085,292.539931,241.064101
2011-04-19,11484.59,-0.8713,0.1131,0.000449,-1.7425,-2.6138,-1.7547,-2.634,253.807581,431.334697,487.016894,287.40681,234.714374
2011-04-20,11716.88,2.0226,0.1129,0.000448,4.0452,6.0679,4.0331,6.0476,258.941153,448.783249,516.568446,298.998192,248.908982
2011-04-21,11908.82,1.6381,0.1126,0.000447,3.2763,4.9144,3.2641,4.8942,263.182996,463.48673,541.954935,308.757928,261.091059
2011-04-22,11924.48,0.1315,0.1124,0.000446,0.263,0.3945,0.2508,0.3742,263.529079,464.705692,544.092934,309.532435,262.068168
2011-04-25,11899.65,-0.2082,0.1116,0.000443,-0.4165,-0.6247,-0.4286,-0.6449,262.98034,462.770406,540.694087,308.205768,260.378005
2011-04-26,11896.18,-0.0292,0.1114,0.000442,-0.0583,-0.0875,-0.0705,-0.1077,262.903654,462.500513,540.221079,307.988577,260.097498
2011-04-27,12030.6,1.1299,0.1112,0.000441,2.2599,3.3898,2.2477,3.3696,265.874314,472.952493,558.533643,314.911352,268.861692
2011-04-28,12019.33,-0.0937,0.1109,0.00044,-0.1874,-0.281,-0.1995,-0.3013,265.625249,472.06639,556.963977,314.283098,268.051669
2011-04-29,11975.59,-0.3639,0.1107,0.000439,-0.7278,-1.0917,-0.74,-1.112,264.658602,468.630561,550.883371,311.957488,265.070976
2011-05-03,11893.73,-0.6836,0.1097,0.000435,-1.3671,-2.0507,-1.3793,-2.0709,262.849509,462.223846,539.586563,307.654796,259.581603
2011-05-04,11895.41,0.0141,0.1094,0.000434,0.0283,0.0424,0.0161,0.0221,262.886637,462.354425,539.815214,307.704358,259.639078
2011-05-05,11990.15,0.7964,0.1092,0.000433,1.5929,2.3893,1.5807,2.3691,264.980375,469.719191,552.713154,312.568375,265.790171
2011-05-06,11935.14,-0.4588,0.1089,0.000432,-0.9176,-1.3764,-0.9297,-1.3966,263.764663,465.409111,545.105722,309.662348,262.07812
2011-05-09,12012.59,0.6489,0.1082,0.000429,1.2978,1.9468,1.2857,1.9265,265.476296,471.449415,555.717689,313.643716,267.127182
2011-05-10,11996.87,-0.1309,0.1079,0.000428,-0.2617,-0.3926,-0.2739,-0.4128,265.128886,470.215512,553.536007,312.784771,266.024455
2011-05-11,11993.05,-0.0318,0.1077,0.000427,-0.0637,-0.0955,-0.0758,-0.1157,265.044465,469.916063,553.007243,312.547627,265.716546
2011-05-12,12010.7,0.1472,0.1075,0.000426,0.2943,0.4415,0.2822,0.4213,265.434527,471.299201,555.448801,313.42965,266.835977
2011-05-13,11974.71,-0.2996,0.1072,0.000425,-0.5993,-0.8989,-0.6114,-0.9192,264.639154,468.47471,550.455603,311.513245,264.383316
2011-05-16,11848.53,-1.0537,0.1065,0.000422,-2.1074,-3.1612,-2.1196,-3.1814,261.850596,458.60188,533.054809,304.910503,255.972299
2011-05-17,11811.82,-0.3098,0.1062,0.000422,-0.6197,-0.9295,-0.6318,-0.9497,261.039311,455.76013,528.100158,302.984131,253.541354
2011-05-18,11892.58,0.6837,0.106,0.000421,1.3674,2.0512,1.3553,2.031,262.824094,461.992394,538.932367,307.090526,258.690676
2011-05-19,11824.22,-0.5748,0.1057,0.00042,-1.1496,-1.7244,-1.1618,-1.7446,261.313349,456.681217,529.638821,303.522901,254.177454
2011-05-20,11749.96,-0.628,0.1055,0.000419,-1.2561,-1.8841,-1.2682,-1.9043,259.672215,450.945,519.659901,299.673651,249.337149
2011-05-23,11630.94,-1.0129,0.1047,0.000416,-2.0259,-3.0388,-2.038,-3.059,257.041892,441.809398,503.868378,293.566298,241.709888
2011-05-24,11643.03,0.1039,0.1045,0.000415,0.2079,0.3118,0.1958,0.2916,257.309079,442.727893,505.439645,294.141021,242.414826
2011-05-25,11603.89,-0.3362,0.1042,0.000414,-0.6723,-1.0085,-0.6845,-1.0287,256.444092,439.751284,500.342284,292.127762,239.921122
2011-05-26,11685.4,0.7024,0.104,0.000413,1.4049,2.1073,1.3928,2.0871,258.24545,445.929235,510.88605,296.196385,244.928564
2011-05-27,11714.12,0.2458,0.1038,0.000412,0.4916,0.7373,0.4794,0.7171,258.880157,448.121216,514.652968,297.616456,246.685049
2011-05-30,11732.31,0.1553,0.103,0.000409,0.3106,0.4658,0.2985,0.4457,259.282153,449.512925,517.050469,298.504693,247.784439
2011-05-31,11951.92,1.8718,0.1028,0.000408,3.7437,5.6155,3.7316,5.5953,264.135499,466.341245,546.085532,309.643589,261.648815
2011-06-01,12049.66,0.8178,0.1025,0.000407,1.6356,2.4533,1.6234,2.4332,266.295537,473.968504,559.48281,314.670466,268.015125
2011-06-02,11955.27,-0.7833,0.1023,0.000406,-1.5667,-2.35,-1.5788,-2.3702,264.209533,466.542919,546.334825,309.702463,261.662627
2011-06-03,12028.58,0.6132,0.102,0.000405,1.2264,1.8396,1.2143,1.8194,265.829672,472.264623,556.38524,313.46316,266.423401
2011-06-07,12043.09,0.1206,0.101,0.000401,0.2413,0.3619,0.2292,0.3417,266.150341,473.404003,558.398731,314.181466,267.333826
2011-06-08,11977.18,-0.5473,0.1008,0.0004,-1.0946,-1.6419,-1.1067,-1.662,264.69374,468.222267,549.230637,310.704495,262.890686
2011-06-09,11968.42,-0.0731,0.1005,0.000399,-0.1463,-0.2194,-0.1584,-0.2396,264.500146,467.53736,548.025531,310.21239,262.260851
2011-06-10,11751.72,-1.8106,0.1003,0.000398,-3.6212,-5.4318,-3.6333,-5.452,259.711111,450.606914,518.257909,298.941441,247.962506
2011-06-13,11585.68,-1.4129,0.0996,0.000395,-2.8258,-4.2387,-2.8379,-4.2589,256.041654,437.873667,496.290518,290.45778,237.402145
2011-06-14,11740.34,1.3349,0.0993,0.000394,2.6698,4.0048,2.6577,3.9846,259.459615,449.564227,516.165819,298.177414,246.861714
2011-06-15,11743.52,0.0271,0.0991,0.000393,0.0542,0.0813,0.0421,0.0611,259.529892,449.807766,516.585246,298.302865,247.012563
2011-06-16,11508.13,-2.0044,0.0988,0.000392,-4.0088,-6.0133,-4.0209,-6.0334,254.327811,431.775651,485.521562,286.308263,232.10925
2011-06-17,11483.76,-0.2118,0.0986,0.000391,-0.4235,-0.6353,-0.4356,-0.6554,253.789238,429.946966,482.437092,285.061035,230.587919
2011-06-20,11343.58,-1.2207,0.0978,0.000388,-2.4414,-3.662,-2.4535,-3.6822,250.691283,419.45041,464.770047,278.06719,222.097251
2011-06-21,11433.4,0.7918,0.0976,0.000387,1.5836,2.3754,1.5715,2.3553,252.67629,426.09294,475.810384,282.437109,227.32831
2011-06-22,11464.55,0.2724,0.0973,0.000386,0.5449,0.8173,0.5328,0.7972,253.3647,428.414698,479.699383,283.94194,229.140582
2011-06-23,11393.46,-0.6201,0.0971,0.000385,-1.2402,-1.8603,-1.2523,-1.8804,251.793623,423.101624,470.775745,280.386242,224.831841
2011-06-24,11347.93,-0.3996,0.0968,0.000384,-0.7992,-1.1988,-0.8113,-1.219,250.787417,419.720067,465.131871,278.111409,222.091187
2011-06-27,11305.47,-0.3742,0.0961,0.000381,-0.7483,-1.1225,-0.7604,-1.1426,249.849058,416.579175,459.910786,275.996599,219.553521
2011-06-28,11283.35,-0.1957,0.0959,0.00038,-0.3913,-0.587,-0.4034,-0.6071,249.36021,414.949038,457.211237,274.883224,218.220615
2011-06-29,11450.46,1.481,0.0956,0.000379,2.9621,4.4431,2.95,4.423,253.053314,427.240092,477.525568,282.992218,227.872451
2011-06-30,11564.95,0.9999,0.0954,0.000378,1.9997,2.9996,1.9877,2.9795,255.583524,435.783805,491.849508,288.617142,234.6619
2011-07-01,11683.47,1.0248,0.0951,0.000377,2.0496,3.0745,2.0376,3.0543,258.202797,444.71581,506.971235,294.497882,241.829277
2011-07-04,11731.97,0.4151,0.0944,0.000375,0.8302,1.2453,0.8182,1.2252,259.274639,448.407986,513.284797,296.907323,244.792254
2011-07-05,11747.71,0.1342,0.0941,0.000374,0.2683,0.4025,0.2562,0.3824,259.622491,449.611184,515.350717,297.668138,245.728285
2011-07-06,11826.05,0.6669,0.0939,0.000373,1.3337,2.0006,1.3216,1.9804,261.353792,455.607679,525.660618,301.602203,250.594811
2011-07-07,11783.98,-0.3557,0.0936,0.000372,-0.7115,-1.0672,-0.7236,-1.0873,260.424052,452.366121,520.050661,299.419935,247.870022
2011-07-08,11766.38,-0.1494,0.0934,0.000371,-0.2987,-0.4481,-0.3108,-0.4682,260.035095,451.014855,517.720491,298.489375,246.709563
2011-07-11,11679.79,-0.7359,0.0927,0.000368,-1.4718,-2.2077,-1.4839,-2.2278,258.12147,444.376726,506.290616,294.060108,241.213291
2011-07-12,11448.79,-1.9778,0.0924,0.000367,-3.9556,-5.9333,-3.9676,-5.9534,253.016407,426.79918,476.250744,282.392909,226.85284
2011-07-13,11471.46,0.198,0.0922,0.000366,0.396,0.594,0.384,0.5739,253.51741,428.489408,479.079848,283.477163,228.154839
2011-07-14,11474.61,0.0275,0.0919,0.000365,0.0549,0.0824,0.0428,0.0623,253.587025,428.72473,479.474506,283.598627,228.296942
2011-07-15,11605.92,1.1444,0.0917,0.000364,2.2887,3.4331,2.2766,3.413,256.488955,438.536975,495.935143,290.055133,236.088638
2011-07-18,11577.77,-0.2425,0.0909,0.000361,-0.4851,-0.7276,-0.4972,-0.7477,255.866844,436.409645,492.326491,288.613082,234.323326
2011-07-19,11572.02,-0.0497,0.0907,0.00036,-0.0993,-0.149,-0.1114,-0.1691,255.73977,435.976166,491.592962,288.291583,233.927139
2011-07-20,11834.74,2.2703,0.0904,0.000359,4.5406,6.8109,4.5285,6.7908,261.545839,455.772133,525.074922,301.346989,249.812729
2011-07-21,11879.28,0.3763,0.0902,0.000358,0.7527,1.129,0.7406,1.109,262.530166,459.202726,531.003275,303.57887,252.583072
2011-07-22,11953.92,0.6283,0.0899,0.000357,1.2566,1.885,1.2446,1.8649,264.179698,464.97326,541.012488,307.357148,257.293453
2011-07-25,11844.59,-0.9146,0.0892,0.000354,-1.8292,-2.7438,-1.8413,-2.7639,261.763523,456.468012,526.168263,301.697931,250.182224
2011-07-26,12013.23,1.4238,0.089,0.000353,2.8475,4.2713,2.8355,4.2512,265.49044,469.466143,548.642578,310.252532,260.818086
2011-07-27,12047.51,0.2854,0.0887,0.000352,0.5707,0.8561,0.5586,0.836,266.248022,472.145405,553.339267,311.985744,262.998491
2011-07-28,11988.72,-0.488,0.0885,0.000351,-0.976,-1.464,-0.988,-1.484,264.948773,467.537411,545.238634,308.903242,259.095538
2011-07-29,11834.17,-1.2891,0.0882,0.00035,-2.5783,-3.8674,-2.5903,-3.8875,261.533243,455.483095,524.152155,300.90168,249.023327
2011-08-01,11921.36,0.7368,0.0875,0.000347,1.4735,2.2103,1.4615,2.1902,263.460127,462.194774,535.737461,305.299286,254.477523
2011-08-02,11767.72,-1.2888,0.0872,0.000346,-2.5776,-3.8663,-2.5896,-3.8864,260.064708,450.281434,515.024043,297.393223,244.587522
2011-08-03,11593.85,-1.4775,0.087,0.000345,-2.955,-4.4325,-2.9671,-4.4526,256.222209,436.97547,492.195348,288.569315,233.697006
2011-08-04,11417.88,-1.5178,0.0867,0.000344,-3.0356,-4.5534,-3.0476,-4.5734,252.333301,423.710752,469.783911,279.774803,223.00907
2011-08-05,10782.61,-5.5638,0.0865,0.000343,-11.1276,-16.6915,-11.1397,-16.7115,238.293937,376.561766,391.370153,248.608773,185.740901
2011-08-08,10375.53,-3.7753,0.0858,0.00034,-7.5507,-11.326,-7.5627,-11.3461,229.297535,348.128806,347.043512,229.80718,164.666626
2011-08-09,10301.62,-0.7123,0.0855,0.000339,-1.4247,-2.137,-1.4367,-2.1571,227.664135,343.16902,339.627027,226.505439,161.114617
2011-08-10,10642.85,3.3124,0.0853,0.000338,6.6248,9.9372,6.6127,9.9171,235.205263,365.903224,373.376359,241.483651,177.092568
2011-08-11,10624.11,-0.1761,0.085,0.000337,-0.3522,-0.5282,-0.3642,-0.5483,234.791112,364.614655,371.404028,240.604156,176.121602
2011-08-12,10514.95,-1.0275,0.0848,0.000336,-2.0549,-3.0824,-2.067,-3.1025,232.378694,357.122011,359.955786,235.630889,170.657498
2011-08-15,10767.1,2.398,0.084,0.000333,4.796,7.194,4.784,7.174,237.951168,374.249684,385.851159,246.903444,182.900486
2011-08-16,10740.17,-0.2501,0.0838,0.000332,-0.5002,-0.7503,-0.5123,-0.7704,237.35602,372.377584,382.955958,245.638641,181.491473
2011-08-17,10668.37,-0.6685,0.0835,0.000331,-1.337,-2.0056,-1.3491,-2.0256,235.769251,367.39876,375.275566,242.324793,177.815212
2011-08-18,10495.74,-1.6181,0.0833,0.000331,-3.2363,-4.8544,-3.2483,-4.8745,231.954156,355.50865,357.058026,234.453277,169.147664
2011-08-19,10121.42,-3.5664,0.083,0.00033,-7.1328,-10.6992,-7.1448,-10.7192,223.681745,330.150933,318.855681,217.701979,151.01635
2011-08-22,10080.22,-0.4071,0.0823,0.000327,-0.8141,-1.2212,-0.8261,-1.2412,222.771231,327.463125,314.961903,215.903438,149.141949
2011-08-23,10415.2,3.3231,0.0821,0.000326,6.6463,9.9694,6.6343,9.9494,230.174235,349.227253,346.361794,230.227015,163.980692
2011-08-24,10357.02,-0.5586,0.0818,0.000325,-1.1172,-1.6758,-1.1292,-1.6958,228.888467,345.32564,340.557394,227.62719,161.199851
2011-08-25,10236.98,-1.159,0.0816,0.000324,-2.318,-3.4771,-2.3301,-3.4971,226.235602,337.320849,328.716003,222.323314,155.562572
2011-08-26,10284.41,0.4633,0.0813,0.000323,0.9266,1.39,0.9146,1.37,227.283797,340.4466,333.285026,224.356709,157.693702
2011-08-29,10468.1,1.7861,0.0806,0.00032,3.5722,5.3583,3.5602,5.3383,231.343317,352.608044,351.143453,232.344204,166.111865
2011-08-30,10562.33,0.9002,0.0803,0.000319,1.8003,2.7005,1.7883,2.6805,233.425784,358.956141,360.626047,236.499219,170.564472
2011-08-31,10694.67,1.2529,0.0801,0.000318,2.5059,3.7588,2.4939,3.7388,236.350477,367.951174,374.181366,242.397184,176.941587
2011-09-01,10719.39,0.2311,0.0798,0.000317,0.4623,0.6934,0.4503,0.6734,236.896785,369.652162,376.77605,243.48861,178.133166
2011-09-02,10718.52,-0.0081,0.0796,0.000316,-0.0162,-0.0243,-0.0283,-0.0443,236.877558,369.592159,376.684311,243.419813,178.054172
2011-09-05,10434.69,-2.648,0.0788,0.000313,-5.2961,-7.9441,-5.3081,-7.9641,230.604961,350.018311,346.760131,230.49888,163.873775
2011-09-06,10180.16,-2.4393,0.0786,0.000312,-4.8785,-7.3178,-4.8906,-7.3378,224.979889,332.942545,321.384909,219.226209,151.84906
2011-09-07,10404.13,2.2001,0.0784,0.000311,4.4001,6.6002,4.3881,6.5802,229.92959,347.592441,342.596927,228.846097,161.841038
2011-09-08,10431.0,0.2583,0.0781,0.00031,0.5165,0.7748,0.5045,0.7548,230.523413,349.387845,345.251328,230.000647,163.062619
2011-09-09,10518.89,0.8426,0.0779,0.000309,1.6852,2.5278,1.6732,2.5078,232.465767,355.275621,353.978432,233.848911,167.151856
2011-09-13,10216.62,-2.8736,0.0769,0.000305,-5.7472,-8.6208,-5.7592,-8.6408,225.785649,334.857276,323.462742,220.381095,152.708679
2011-09-14,9991.89,-2.1997,0.0766,0.000304,-4.3993,-6.599,-4.4113,-6.6189,220.819153,320.125893,302.117587,210.659395,142.601004
2011-09-15,10210.99,2.1928,0.0764,0.000303,4.3856,6.5783,4.3735,6.5584,225.661227,334.165195,321.991894,219.872684,151.953296
2011-09-16,10476.29,2.5982,0.0761,0.000302,5.1964,7.7945,5.1844,7.7746,231.524314,351.529628,347.08969,231.271661,163.767017
2011-09-19,10343.44,-1.2681,0.0754,0.000299,-2.5362,-3.8043,-2.5482,-3.8243,228.588351,342.614123,333.88534,225.378376,157.504127
2011-09-20,10360.48,0.1647,0.0752,0.000298,0.3295,0.4942,0.3175,0.4743,228.964932,343.742982,335.53549,226.093906,158.251113
2011-09-21,10420.43,0.5786,0.0749,0.000297,1.1573,1.7359,1.1453,1.716,230.289817,347.721059,341.360129,228.683312,160.966645
2011-09-22,10103.8,-3.0386,0.0747,0.000296,-6.0771,-9.1157,-6.0891,-9.1356,223.292346,326.5897,310.242932,214.758549,146.261363
2011-09-23,9745.2,-3.5492,0.0744,0.000295,-7.0983,-10.6475,-7.1103,-10.6674,215.367344,303.40732,277.20988,199.488527,130.659028
2011-09-26,9511.64,-2.3967,0.0737,0.000292,-4.7933,-7.19,-4.8053,-7.21,210.205705,288.863994,257.278486,189.902439,121.238576
2011-09-27,9806.29,3.0978,0.0734,0.000291,6.1956,9.2934,6.1836,9.2734,216.717423,306.760755,281.188277,201.645187,132.481517
2011-09-28,9885.4,0.8067,0.0732,0.00029,1.6135,2.4202,1.6015,2.4002,218.465741,311.710199,287.993543,204.874449,135.661385
2011-09-29,9934.74,0.4991,0.0729,0.000289,0.9982,1.4974,0.9862,1.4774,219.556147,314.821815,292.305842,206.895012,137.665668
2011-09-30,9993.91,0.5956,0.0727,0.000288,1.1912,1.7868,1.1792,1.7668,220.863794,318.571889,297.528647,209.334674,140.09797
2011-10-03,9701.96,-2.9213,0.0719,0.000285,-5.8426,-8.7638,-5.8545,-8.7838,214.411747,299.959141,271.453721,197.079071,127.792082
2011-10-04,9748.86,0.4834,0.0717,0.000285,0.9668,1.4502,0.9548,1.4303,215.448229,302.859191,275.390404,198.960829,129.619877
2011-10-05,9667.69,-0.8326,0.0715,0.000284,-1.6652,-2.4978,-1.6772,-2.5178,213.654385,297.815918,268.511618,195.623838,126.356356
2011-10-06,9865.28,2.0438,0.0712,0.000283,4.0876,6.1315,4.0756,6.1115,218.021092,309.98955,284.975286,203.596775,134.078656
2011-10-07,9975.99,1.1222,0.071,0.000282,2.2444,3.3667,2.2324,3.3467,220.467765,316.94707,294.569422,208.14197,138.565903
2011-10-11,10234.32,2.5895,0.07,0.000278,5.179,7.7686,5.1671,7.7486,226.176816,333.361869,317.453202,218.896771,149.302864
2011-10-12,10211.71,-0.2209,0.0697,0.000277,-0.4418,-0.6628,-0.4538,-0.6827,225.677139,331.888921,315.349217,217.903353,148.283591
2011-10-13,10275.31,0.6228,0.0695,0.000276,1.2456,1.8684,1.2336,1.8485,227.082689,336.023025,321.241338,220.59151,151.024653
2011-10-14,10178.14,-0.9457,0.0692,0.000275,-1.8913,-2.837,-1.9033,-2.8569,224.935247,329.667721,312.127738,216.392968,146.710015
2011-10-17,10320.69,1.4006,0.0685,0.000272,2.8011,4.2017,2.7891,4.1817,228.085579,338.902048,325.242259,222.428434,152.845051
2011-10-18,10180.09,-1.3623,0.0682,0.000271,-2.7246,-4.0869,-2.7366,-4.1068,224.978342,329.668241,311.949816,216.341455,146.567945
2011-10-19,10172.13,-0.0782,0.068,0.00027,-0.1564,-0.2346,-0.1684,-0.2545,224.802427,329.152694,311.218058,215.977223,146.194959
2011-10-20,10021.28,-1.483,0.0678,0.000269,-2.9659,-4.4489,-2.9779,-4.4688,221.468667,319.390199,297.372213,209.545589,139.661764
2011-10-21,10035.38,0.1407,0.0675,0.000268,0.2814,0.4221,0.2694,0.4022,221.780275,320.288967,298.627427,210.110161,140.223485
2011-10-24,10333.88,2.9745,0.0668,0.000265,5.949,8.9234,5.937,8.9035,228.377076,339.342805,325.275233,222.584362,152.708331
2011-10-25,10363.31,0.2848,0.0665,0.000264,0.5696,0.8544,0.5576,0.8345,229.027475,341.275644,328.0543,223.82552,153.982653
2011-10-26,10425.01,0.5954,0.0663,0.000263,1.1907,1.7861,1.1788,1.7662,230.391035,345.339347,333.913707,226.463908,156.702322
2011-10-27,10465.68,0.3901,0.066,0.000262,0.7802,1.1704,0.7683,1.1505,231.289835,348.033819,337.821695,228.203764,158.505134
2011-10-28,10536.03,0.6722,0.0658,0.000261,1.3444,2.0166,1.3324,1.9967,232.844559,352.712766,344.634178,231.244412,161.670013
2011-10-31,10497.17,-0.3688,0.065,0.000258,-0.7377,-1.1065,-0.7496,-1.1264,231.985759,350.110947,340.820839,229.510949,159.84901
2011-11-01,10544.64,0.4522,0.0648,0.000257,0.9044,1.3567,0.8925,1.3368,233.034838,353.277471,345.44459,231.559267,161.985827
2011-11-02,10512.05,-0.3091,0.0645,0.000256,-0.6181,-0.9272,-0.6301,-0.9471,232.314604,351.093743,342.241625,230.100221,160.451695
2011-11-03,10320.95,-1.8179,0.0643,0.000255,-3.6358,-5.4537,-3.6478,-5.4736,228.091325,338.32858,323.576652,221.70665,151.669184
2011-11-04,10518.66,1.9156,0.0641,0.000254,3.8312,5.7469,3.8193,5.727,232.460684,351.290748,342.172132,230.174239,160.35525
2011-11-07,10544.25,0.2433,0.0633,0.000251,0.4866,0.7298,0.4746,0.71,233.026219,353.000002,344.669461,231.26666,161.493737
2011-11-08,10515.29,-0.2747,0.0631,0.00025,-0.5493,-0.824,-0.5613,-0.8438,232.386208,351.060958,341.829536,229.968651,160.131018
2011-11-09,10461.44,-0.5121,0.0628,0.000249,-1.0242,-1.5363,-1.0362,-1.5562,231.196132,347.465312,336.577892,227.585766,157.639062
2011-11-10,10111.17,-3.3482,0.0626,0.000248,-6.6964,-10.0446,-6.7084,-10.0645,223.455221,324.19764,302.769982,212.318502,141.773536
2011-11-11,10192.26,0.802,0.0623,0.000247,1.604,2.406,1.592,2.3861,225.247297,329.397669,310.054486,215.698645,145.156385
2011-11-14,10411.44,2.1505,0.0616,0.000244,4.3009,6.4514,4.289,6.4315,230.09114,343.564768,330.057236,224.949873,154.492136
2011-11-15,10363.6,-0.4595,0.0613,0.000243,-0.919,-1.3785,-0.9309,-1.3983,229.033883,340.407446,325.507451,222.855727,152.331817
2011-11-16,10220.35,-1.3822,0.0611,0.000242,-2.7645,-4.1467,-2.7764,-4.1666,225.868082,330.996938,312.009551,216.668289,145.984798
2011-11-17,10220.75,0.0039,0.0608,0.000241,0.0078,0.0117,-0.0041,-0.0081,225.876922,331.022847,312.046185,216.659362,145.972963
2011-11-18,10007.66,-2.0849,0.0606,0.00024,-4.1698,-6.2546,-4.1817,-6.2745,221.167667,317.220013,292.528854,207.599318,136.813926
2011-11-21,9743.22,-2.6424,0.0599,0.000238,-5.2848,-7.9271,-5.2967,-7.947,215.323586,300.455722,269.339718,196.603414,125.941367
2011-11-22,9684.27,-0.605,0.0596,0.000237,-1.2101,-1.8151,-1.222,-1.8349,214.0208,296.819991,264.45091,194.200891,123.63041
2011-11-23,9416.44,-2.7656,0.0594,0.000236,-5.5312,-8.2969,-5.5432,-8.3167,208.101801,280.402172,242.509797,183.435986,113.348448
2011-11-24,9496.62,0.8515,0.0591,0.000235,1.703,2.5545,1.691,2.5346,209.873766,285.177362,248.704634,186.537959,116.221417
2011-11-25,9386.12,-1.1636,0.0589,0.000234,-2.3271,-3.4907,-2.3391,-3.5105,207.431734,278.540875,240.023062,182.174679,112.141408
2011-11-28,9544.2,1.6842,0.0581,0.000231,3.3684,5.0526,3.3564,5.0327,210.925276,287.923184,252.150388,188.289265,117.785194
2011-11-29,9668.53,1.3027,0.0579,0.00023,2.6054,3.908,2.5934,3.8882,213.672949,295.424597,262.004496,193.172389,122.364922
2011-11-30,9551.58,-1.2096,0.0576,0.000229,-2.4192,-3.6288,-2.4311,-3.6486,211.088373,288.277718,252.49692,188.476128,117.900309
2011-12-01,9931.44,3.9769,0.0574,0.000228,7.9539,11.9308,7.9419,11.911,219.483217,311.206945,282.621825,203.444777,131.943391
2011-12-02,9878.85,-0.5295,0.0572,0.000227,-1.0591,-1.5886,-1.071,-1.6084,218.320987,307.911074,278.132119,201.265895,129.821201
2011-12-05,9819.92,-0.5965,0.0564,0.000224,-1.1931,-1.7896,-1.205,-1.8094,217.018643,304.237529,273.154721,198.840673,127.472224
2011-12-06,9623.74,-1.9978,0.0562,0.000223,-3.9956,-5.9933,-4.0075,-6.0131,212.683097,292.08156,256.783663,190.872171,119.807143
2011-12-07,9729.89,1.103,0.0559,0.000222,2.206,3.309,2.1941,3.2892,215.028995,298.524889,265.280646,195.060049,123.747834
2011-12-08,9660.57,-0.7124,0.0557,0.000221,-1.4249,-2.1373,-1.4368,-2.1571,213.497034,294.271244,259.610719,192.257397,121.078422
2011-12-09,9536.62,-1.2831,0.0554,0.00022,-2.5661,-3.8492,-2.578,-3.869,210.757759,286.719946,249.617909,187.300949,116.39395
2011-12-12,9613.73,0.8086,0.0547,0.000217,1.6171,2.4257,1.6052,2.4059,212.461878,291.356594,255.672896,190.307525,119.194276
2011-12-13,9540.78,-0.7588,0.0544,0.000216,-1.5176,-2.2764,-1.5295,-2.2962,210.849695,286.934905,249.852677,187.396689,116.457302
2011-12-14,9577.1,0.3807,0.0542,0.000215,0.7614,1.142,0.7494,1.1222,211.652361,289.119522,252.706107,188.801118,117.764244
2011-12-15,9358.55,-2.282,0.0539,0.000214,-4.564,-6.846,-4.5759,-6.8658,206.822441,275.924072,235.405801,180.161706,109.678774
2011-12-16,9386.9,0.3029,0.0537,0.000213,0.6059,0.9088,0.5939,0.889,207.448971,277.595795,237.545156,181.231765,110.653822
2011-12-19,9176.95,-2.2366,0.053,0.00021,-4.4733,-6.7099,-4.4852,-6.7297,202.80911,265.178226,221.606154,173.103209,103.207186
2011-12-20,9217.51,0.442,0.0527,0.000209,0.884,1.3259,0.872,1.3061,203.70548,267.522279,224.544498,174.612736,104.555224
2011-12-21,9637.85,4.5602,0.0525,0.000208,9.1205,13.6807,9.1086,13.6609,212.994926,291.921561,255.26376,190.517429,118.838429
2011-12-22,9637.67,-0.0019,0.0522,0.000207,-0.0037,-0.0056,-0.0156,-0.0254,212.990948,291.910657,255.249458,190.487615,118.808265
2011-12-23,9837.42,2.0726,0.052,0.000206,4.1452,6.2178,4.1333,6.198,217.405391,304.010917,271.120331,198.361002,126.172015
2011-12-26,9812.31,-0.2552,0.0512,0.000203,-0.5105,-0.7657,-0.5224,-0.7855,216.850464,302.458942,269.044228,197.324746,125.180907
2011-12-27,9801.87,-0.1064,0.051,0.000202,-0.2128,-0.3192,-0.2247,-0.339,216.619741,301.815328,268.185464,196.881352,124.756593
2011-12-28,9762.63,-0.4003,0.0507,0.000201,-0.8007,-1.201,-0.8126,-1.2208,215.752544,299.398802,264.964569,195.28155,123.233611
2011-12-29,9787.73,0.2571,0.0505,0.0002,0.5142,0.7713,0.5023,0.7515,216.30725,300.938328,267.008263,196.262448,124.159764
2011-12-30,9783.94,-0.0387,0.0502,0.000199,-0.0774,-0.1162,-0.0893,-0.1359,216.223491,300.70527,266.698091,196.087088,123.990994
2012-01-02,9618.11,-1.6949,0.0502,0.000199,-3.3898,-5.0848,-3.4017,-5.1045,212.558675,290.51184,253.137129,189.416702,117.661843
2012-01-03,9758.08,1.4553,0.0503,0.0002,2.9106,4.3658,2.8986,4.3461,215.651989,298.967335,264.188657,194.90722,122.7755
2012-01-04,9799.01,0.4194,0.0504,0.0002,0.8389,1.2583,0.827,1.2386,216.556536,301.475356,267.513054,196.519079,124.296168
2012-01-05,9865.26,0.6761,0.0505,0.000201,1.3522,2.0283,1.3403,2.0085,218.02065,305.551837,272.93893,199.152967,126.792656
2012-01-06,9850.95,-0.1451,0.0507,0.000201,-0.2901,-0.4352,-0.302,-0.4549,217.704401,304.665404,271.7512,198.551492,126.215838
2012-01-09,9812.95,-0.3857,0.051,0.000202,-0.7715,-1.1572,-0.7834,-1.177,216.864608,302.314913,268.606363,196.996024,124.730254
2012-01-10,9931.69,1.21,0.0511,0.000203,2.4201,3.6301,2.4082,3.6103,219.488742,309.631137,278.357045,201.74,129.233429
2012-01-11,9944.61,0.1301,0.0512,0.000203,0.2602,0.3903,0.2483,0.3705,219.774272,310.436727,279.443378,202.240856,129.712231
2012-01-12,9942.35,-0.0227,0.0513,0.000204,-0.0455,-0.0682,-0.0574,-0.0879,219.724327,310.295628,279.25286,202.124847,129.598149
2012-01-13,9935.38,-0.0701,0.0514,0.000204,-0.1402,-0.2103,-0.1521,-0.2301,219.570291,309.860568,278.665556,201.817377,129.299963
2012-01-16,9827.58,-1.085,0.0517,0.000205,-2.17,-3.255,-2.1819,-3.2748,217.187928,303.136523,269.594897,197.413854,125.065635
2012-01-17,9990.08,1.6535,0.0519,0.000206,3.307,4.9605,3.2951,4.9408,220.779152,313.161308,282.968232,203.918853,131.244819
2012-01-18,10007.53,0.1747,0.052,0.000206,0.3493,0.524,0.3374,0.5042,221.164794,314.255326,284.451041,204.606944,131.906611
2012-01-30,10247.87,2.4016,0.0533,0.000211,4.8032,7.2048,4.7913,7.185,226.476269,329.349585,304.945098,214.410206,141.384083
2012-01-31,10399.58,1.4804,0.0534,0.000212,2.9608,4.4412,2.9489,4.4214,229.829036,339.101002,318.488368,220.732932,147.635277
2012-02-01,10444.04,0.4275,0.0535,0.000212,0.855,1.2826,0.8431,1.2628,230.811594,342.000432,322.573146,222.593966,149.499559
2012-02-02,10586.89,1.3678,0.0536,0.000213,2.7355,4.1033,2.7236,4.0835,233.968556,351.355962,335.809281,228.656563,155.604384
2012-02-03,10618.05,0.2943,0.0537,0.000213,0.5887,0.883,0.5767,0.8632,234.657187,353.424228,338.774406,229.975301,156.947541
2012-02-04,10709.71,0.8632,0.0538,0.000214,1.7265,2.5897,1.7146,2.5699,236.682858,359.526076,347.547786,233.918398,160.981013
2012-02-06,10636.02,-0.6881,0.054,0.000214,-1.3761,-2.0642,-1.3881,-2.084,235.054321,354.578514,340.373699,230.671482,157.626176
2012-02-07,10662.94,0.2531,0.0542,0.000215,0.5062,0.7593,0.4943,0.7395,235.649249,356.373406,342.958179,231.811652,158.79184
2012-02-08,10887.72,2.108,0.0543,0.000215,4.2161,6.3241,4.2042,6.3044,240.616851,371.398458,364.647358,241.557423,168.802635
2012-02-09,10944.26,0.5193,0.0544,0.000216,1.0386,1.5579,1.0267,1.5381,241.866376,375.255807,370.328206,244.037442,171.398997
2012-02-10,10877.14,-0.6133,0.0545,0.000216,-1.2266,-1.8399,-1.2385,-1.8597,240.383034,370.652998,363.514654,241.015035,168.211548
2012-02-13,10947.2,0.6441,0.0548,0.000217,1.2882,1.9323,1.2763,1.9125,241.931349,375.427773,370.538882,244.091067,171.42861
2012-02-14,10907.32,-0.3643,0.0549,0.000218,-0.7286,-1.0929,-0.7405,-1.1127,241.050008,372.692451,366.489328,242.283543,169.521153
2012-02-15,11074.94,1.5368,0.055,0.000218,3.0735,4.6103,3.0616,4.5905,244.754382,384.147274,383.38558,249.701314,177.303016
2012-02-16,10887.42,-1.6932,0.0551,0.000219,-3.3864,-5.0796,-3.3983,-5.0994,240.610221,371.138572,363.911218,241.215691,168.261663
2012-02-17,10921.54,0.3134,0.0552,0.000219,0.6268,0.9402,0.6149,0.9204,241.364267,373.464789,367.332593,242.698813,169.810283
2012-02-20,11005.19,0.7659,0.0556,0.000221,1.5318,2.2978,1.5199,2.2779,243.212919,379.185654,375.772989,246.387612,173.678471
2012-02-21,10959.09,-0.4189,0.0557,0.000221,-0.8378,-1.2567,-0.8497,-1.2765,242.194116,376.008887,371.050725,244.294023,171.461488
2012-02-22,11070.02,1.0122,0.0558,0.000221,2.0244,3.0367,2.0125,3.0168,244.645651,383.620955,382.318264,249.210465,176.634223
2012-02-23,10980.94,-0.8047,0.0559,0.000222,-1.6094,-2.4141,-1.6213,-2.4339,242.676998,377.44699,373.088766,245.169966,172.335129
2012-02-24,11011.44,0.2778,0.056,0.000222,0.5555,0.8333,0.5436,0.8135,243.351043,379.543739,376.197573,246.50266,173.736993
2012-02-29,11235.69,2.0365,0.0566,0.000224,4.073,6.1096,4.0611,6.0897,248.306931,395.002695,399.181571,256.513394,184.317126
2012-03-01,11231.4,-0.0382,0.0567,0.000225,-0.0764,-0.1145,-0.0883,-0.1344,248.212123,394.701056,398.724325,256.286905,184.069477
2012-03-02,11266.96,0.3166,0.0568,0.000225,0.6332,0.9498,0.6213,0.93,248.997993,397.2004,402.511557,257.879198,185.781362
2012-03-03,11226.02,-0.3634,0.0569,0.000226,-0.7267,-1.0901,-0.7387,-1.1099,248.093226,394.313839,398.123819,255.974351,183.719363
2012-03-05,11074.25,-1.3519,0.0571,0.000227,-2.7039,-4.0558,-2.7158,-4.0757,244.739134,383.652,381.976533,249.022523,176.23158
2012-03-06,10981.87,-0.8342,0.0572,0.000227,-1.6684,-2.5026,-1.6803,-2.5224,242.69755,377.251246,372.417332,244.838177,171.786347
2012-03-07,10933.6,-0.4395,0.0573,0.000227,-0.8791,-1.3186,-0.891,-1.3384,241.630791,373.934886,367.506533,242.656622,169.487077
2012-03-08,11046.33,1.031,0.0574,0.000228,2.0621,3.0931,2.0501,3.0733,244.122106,381.645737,378.873973,247.631446,174.695931
2012-03-09,11089.84,0.3939,0.0575,0.000228,0.7878,1.1817,0.7758,1.1618,245.08367,384.652239,383.350973,249.552666,176.725614
2012-03-12,10967.46,-1.1035,0.0579,0.00023,-2.2071,-3.3106,-2.219,-3.3304,242.379092,376.162713,370.659764,244.015089,170.839905
2012-03-13,11111.29,1.3114,0.058,0.00023,2.6228,3.9343,2.6109,3.9144,245.557712,386.028896,385.242537,250.386112,177.527347
2012-03-14,11240.98,1.1672,0.0581,0.000231,2.3344,3.5016,2.3224,3.4817,248.42384,395.040287,398.732088,256.201193,183.708401
2012-03-15,11235.94,-0.0448,0.0582,0.000231,-0.0897,-0.1345,-0.1016,-0.1543,248.312456,394.686047,398.195762,255.940869,183.424875
2012-03-16,11143.7,-0.8209,0.0583,0.000231,-1.6419,-2.4628,-1.6538,-2.4826,246.273967,388.205798,388.388952,251.708088,178.871097
2012-03-19,11128.45,-0.1368,0.0586,0.000233,-0.2737,-0.4105,-0.2856,-0.4304,245.936945,387.14329,386.794437,250.989119,178.101278
2012-03-20,11029.93,-0.8853,0.0587,0.000233,-1.7706,-2.6559,-1.7825,-2.6757,243.759669,380.288542,376.521581,246.515146,173.335775
2012-03-21,11042.7,0.1158,0.0589,0.000234,0.2316,0.3473,0.2196,0.3275,244.041884,381.169107,377.829345,247.056523,173.903442
2012-03-22,11150.61,0.9772,0.059,0.000234,1.9544,2.9316,1.9425,2.9118,246.426677,388.618727,388.905865,251.855529,178.96714
2012-03-23,11173.68,0.2069,0.0591,0.000234,0.4138,0.6207,0.4018,0.6008,246.93652,390.226789,391.31974,252.867606,180.042463
2012-03-26,11022.89,-1.3495,0.0594,0.000236,-2.699,-4.0485,-2.711,-4.0684,243.604086,379.694485,375.477036,246.012458,172.717672
2012-03-27,11108.44,0.7761,0.0595,0.000236,1.5522,2.3283,1.5403,2.3085,245.494727,385.588196,384.219405,249.801744,176.704859
2012-03-28,11120.36,0.1073,0.0596,0.000237,0.2146,0.3219,0.2027,0.3021,245.758157,386.415712,385.456274,250.308013,177.238647
2012-03-29,10891.53,-2.0578,0.0597,0.000237,-4.1155,-6.1733,-4.1275,-6.1931,240.701051,370.512719,361.661013,239.976656,166.262062
2012-03-30,10975.0,0.7664,0.0598,0.000237,1.5328,2.2991,1.5208,2.2793,242.545725,376.191755,369.976055,243.626238,170.05165
2012-04-02,10878.02,-0.8836,0.0602,0.000239,-1.7673,-2.6509,-1.7792,-2.6708,240.402482,369.543358,360.168234,239.291556,165.50995
2012-04-03,10736.83,-1.2979,0.0603,0.000239,-2.5959,-3.8938,-2.6078,-3.9137,237.282206,359.950468,346.143949,233.051257,159.032456
2012-04-05,10569.4,-1.5594,0.0605,0.00024,-3.1188,-4.6782,-3.1307,-4.698,233.58203,348.724341,329.950655,225.755019,151.561045
2012-04-06,10661.32,0.8697,0.0606,0.00024,1.7394,2.609,1.7274,2.5892,235.613447,354.789916,338.559203,229.654743,155.485256
2012-04-09,10515.51,-1.3677,0.0609,0.000242,-2.7353,-4.103,-2.7473,-4.1228,232.39107,345.085317,324.668245,223.345537,149.074892
2012-04-10,10570.58,0.5237,0.061,0.000242,1.0474,1.5711,1.0355,1.5513,233.608108,348.699758,329.769133,225.658184,151.387429
2012-04-11,10592.7,0.2093,0.0611,0.000243,0.4185,0.6278,0.4066,0.6079,234.096956,350.159137,331.839358,226.575645,152.307758
2012-04-12,10601.36,0.0818,0.0613,0.000243,0.1635,0.2453,0.1516,0.2254,234.288341,350.731678,332.653238,226.919041,152.651078
2012-04-13,10774.78,1.6358,0.0614,0.000244,3.2717,4.9075,3.2597,4.8876,238.120895,362.206411,348.978141,234.315935,160.1121
2012-04-16,10693.96,-0.7501,0.0617,0.000245,-1.5002,-2.2503,-1.5121,-2.2701,236.334786,356.7727,341.125244,230.772794,156.47738
2012-04-17,10494.76,-1.8627,0.0618,0.000245,-3.7255,-5.5882,-3.7374,-5.6081,231.932498,343.481249,322.062479,222.147848,147.70204
2012-04-18,10521.22,0.2521,0.0619,0.000246,0.5043,0.7564,0.4923,0.7365,232.51726,345.213259,324.498487,223.241481,148.789896
2012-04-19,10545.7,0.2327,0.062,0.000246,0.4653,0.698,0.4534,0.6782,233.058264,346.819692,326.763545,224.253641,149.798931
2012-04-20,10385.85,-1.5158,0.0621,0.000247,-3.0316,-4.5474,-3.0435,-4.5672,229.525605,336.30562,311.904459,217.428436,142.9573
2012-04-23,10349.8,-0.3471,0.0625,0.000248,-0.6942,-1.0413,-0.7062,-1.0612,228.728906,333.97094,308.656534,215.893026,141.440264
2012-04-24,10374.36,0.2373,0.0626,0.000248,0.4746,0.7119,0.4626,0.692,229.271678,335.555961,310.853853,216.891842,142.419082
2012-04-25,10463.36,0.8579,0.0627,0.000249,1.7158,2.5737,1.7038,2.5538,231.238563,341.313324,318.854151,220.587275,146.056166
2012-04-26,10405.5,-0.553,0.0628,0.000249,-1.106,-1.6589,-1.1179,-1.6788,229.959867,337.538554,313.564579,218.121308,143.604182
2012-04-27,10348.98,-0.5432,0.0629,0.00025,-1.0863,-1.6295,-1.0983,-1.6494,228.710784,333.871709,308.454972,215.725671,141.235594
2012-04-30,10378.34,0.2837,0.0632,0.000251,0.5674,0.8511,0.5554,0.8312,229.359635,335.766094,311.080227,216.923902,142.409588
2012-05-02,10620.57,2.334,0.0634,0.000252,4.668,7.002,4.656,6.9821,234.712879,351.439625,332.862024,227.02395,152.352794
2012-05-03,10596.66,-0.2251,0.0636,0.000252,-0.4503,-0.6754,-0.4622,-0.6953,234.184472,349.857239,330.613916,225.974607,151.293551
2012-05-04,10653.97,0.5408,0.0637,0.000253,1.0817,1.6225,1.0697,1.6026,235.451013,353.641511,335.978101,228.391864,153.718215
2012-05-07,10429.23,-2.1094,0.064,0.000254,-4.2189,-6.3283,-4.2309,-6.3482,230.484296,338.72174,314.716247,218.72893,143.959847
2012-05-08,10439.79,0.1013,0.0641,0.000254,0.2025,0.3038,0.1905,0.2839,230.71767,339.407678,315.672234,219.145712,144.368532
2012-05-09,10342.94,-0.9277,0.0642,0.000255,-1.8554,-2.7831,-1.8674,-2.803,228.577301,333.110303,306.886754,215.053467,140.321915
2012-05-10,10354.81,0.1148,0.0643,0.000255,0.2295,0.3443,0.2176,0.3244,228.839626,333.874887,307.943343,215.521352,140.777144
2012-05-11,10240.47,-1.1042,0.0644,0.000256,-2.2084,-3.3127,-2.2204,-3.3325,226.31273,326.501453,297.742217,210.735907,136.08569
2012-05-14,10206.99,-0.3269,0.0648,0.000257,-0.6539,-0.9808,-0.6658,-1.0007,225.572828,324.366537,294.821918,209.332744,134.723889
2012-05-15,10232.54,0.2503,0.0649,0.000257,0.5006,0.751,0.4887,0.7311,226.137479,325.990437,297.035901,210.355698,135.708823
2012-05-16,10009.69,-2.1779,0.065,0.000258,-4.3557,-6.5336,-4.3677,-6.5534,221.21253,311.791232,277.628857,201.168042,126.815215
2012-05-17,10178.84,1.6899,0.0651,0.000258,3.3797,5.0696,3.3678,5.0497,224.950717,322.328918,291.703495,207.942899,133.21901
2012-05-18,9894.4,-2.7944,0.0652,0.000259,-5.5888,-8.3833,-5.6008,-8.4032,218.664639,304.314441,267.249193,196.296404,122.024409
2012-05-21,9951.18,0.5739,0.0655,0.00026,1.1477,1.7216,1.1358,1.7017,219.919468,307.807119,271.850102,198.525848,124.100892
2012-05-22,10065.55,1.1493,0.0656,0.00026,2.2986,3.4479,2.2867,3.428,222.447027,314.882441,281.223311,203.065449,128.355129
2012-05-23,9889.64,-1.7476,0.0657,0.000261,-3.4953,-5.2429,-3.5073,-5.2628,218.559444,303.876391,266.478962,195.943425,121.60003
2012-05-24,9858.26,-0.3173,0.0658,0.000261,-0.6346,-0.9519,-0.6466,-0.9718,217.865951,301.947981,263.942335,194.676511,120.418329
2012-05-25,9784.57,-0.7475,0.066,0.000262,-1.495,-2.2425,-1.507,-2.2624,216.237414,297.433889,258.023468,191.742818,117.694017
2012-05-28,9873.63,0.9102,0.0663,0.000263,1.8204,2.7306,1.8084,2.7107,218.205626,302.848427,265.069123,195.210387,120.88439
2012-05-29,10160.0,2.9004,0.0664,0.000263,5.8007,8.7011,5.7887,8.6812,224.534356,320.415766,288.132934,206.510596,131.378561
2012-05-30,10048.63,-1.0962,0.0665,0.000264,-2.1923,-3.2885,-2.2043,-3.3084,222.073097,313.391218,278.657728,201.958497,127.032063
2012-05-31,10103.56,0.5466,0.0666,0.000264,1.0933,1.6399,1.0813,1.62,223.287042,316.817472,283.227506,204.1423,129.090022
2012-06-01,9833.16,-2.6763,0.0667,0.000265,-5.3526,-8.0289,-5.3645,-8.0487,217.311245,299.859599,260.487585,193.191005,118.699891
2012-06-04,9541.15,-2.9696,0.067,0.000266,-5.9393,-8.9089,-5.9513,-8.9288,210.857872,282.050064,237.280911,181.693699,108.101375
2012-06-05,9687.62,1.5351,0.0672,0.000267,3.0703,4.6054,3.0583,4.5855,214.094835,290.709791,248.208693,187.25045,113.058387
2012-06-06,9764.71,0.7958,0.0673,0.000267,1.5915,2.3873,1.5795,2.3674,215.798511,295.336483,254.134114,190.20815,115.734903
2012-06-07,9798.14,0.3424,0.0674,0.000267,0.6847,1.0271,0.6727,1.0072,216.537309,297.358683,256.744238,191.487751,116.900545
2012-06-08,9686.52,-1.1392,0.0675,0.000268,-2.2784,-3.4176,-2.2904,-3.4375,214.070525,290.583687,247.969779,187.101981,112.882103
2012-06-11,9853.39,1.7227,0.0678,0.000269,3.4454,5.1681,3.4334,5.1482,217.758325,300.595477,260.78513,193.525999,118.693507
2012-06-12,9786.85,-0.6753,0.0679,0.00027,-1.3506,-2.0259,-1.3626,-2.0458,216.287802,296.535631,255.50188,190.889058,116.265268
2012-06-13,9810.23,0.2389,0.068,0.00027,0.4778,0.7167,0.4658,0.6968,216.804496,297.952431,257.333,191.778233,117.075371
2012-06-14,9791.23,-0.1937,0.0681,0.00027,-0.3874,-0.581,-0.3993,-0.6009,216.384599,296.79831,255.837828,191.01241,116.371827
2012-06-15,9902.95,1.141,0.0683,0.000271,2.282,3.4231,2.2701,3.4032,218.853593,303.571372,264.595319,195.348516,120.332143
2012-06-18,10076.87,1.7562,0.0686,0.000272,3.5125,5.2687,3.5005,5.2488,222.697197,314.234283,278.53614,202.186711,126.648165
2012-06-19,10065.31,-0.1147,0.0687,0.000273,-0.2294,-0.3442,-0.2414,-0.3641,222.441723,313.513315,277.577545,201.698601,126.187084
2012-06-20,10150.52,0.8466,0.0688,0.000273,1.6931,2.5397,1.6812,2.5198,224.32485,318.821541,284.627219,205.089483,129.366748
2012-06-21,10074.23,-0.7516,0.0689,0.000273,-1.5032,-2.2548,-1.5152,-2.2747,222.638853,314.029098,278.209554,201.982062,126.424078
2012-06-22,9995.55,-0.781,0.069,0.000274,-1.562,-2.343,-1.574,-2.3629,220.900038,309.123947,271.691083,198.802893,123.436777
2012-06-25,9918.82,-0.7676,0.0693,0.000275,-1.5353,-2.3029,-1.5473,-2.3228,219.204317,304.378019,265.434241,195.726886,120.569538
2012-06-26,9879.48,-0.3966,0.0695,0.000276,-0.7932,-1.1899,-0.8052,-1.2098,218.33491,301.963572,262.275947,194.150851,119.110917
2012-06-27,9942.81,0.641,0.0696,0.000276,1.2821,1.9231,1.2701,1.9032,219.734493,305.8349,267.319716,196.616701,121.377788
2012-06-28,9930.23,-0.1265,0.0697,0.000276,-0.253,-0.3796,-0.265,-0.3995,219.456477,305.060993,266.305048,196.095608,120.892897
2012-06-29,10106.39,1.774,0.0698,0.000277,3.548,5.3219,3.536,5.302,223.349584,315.884417,280.477619,203.029491,127.302653
2012-07-02,10175.26,0.6815,0.0701,0.000278,1.3629,2.0444,1.3509,2.0244,224.8716,320.189606,286.211564,205.772248,129.879805
2012-07-03,10281.59,1.045,0.0702,0.000279,2.09,3.135,2.078,3.115,227.221476,326.881477,295.184173,210.048167,133.925605
2012-07-04,10351.39,0.6789,0.0703,0.000279,1.3578,2.0366,1.3458,2.0167,228.764044,331.319764,301.196041,212.874956,136.626519
2012-07-05,10325.78,-0.2474,0.0704,0.00028,-0.4948,-0.7422,-0.5068,-0.7621,228.198068,329.680352,298.960506,211.796108,135.585229
2012-07-06,10300.17,-0.248,0.0705,0.00028,-0.496,-0.7441,-0.508,-0.764,227.632091,328.045005,296.736061,210.720128,134.549378
2012-07-09,10247.64,-0.51,0.0709,0.000281,-1.02,-1.53,-1.032,-1.5499,226.471186,324.699002,292.196074,208.545558,132.463994
2012-07-10,10167.78,-0.7793,0.071,0.000282,-1.5586,-2.3379,-1.5706,-2.3578,224.706293,319.638234,285.36481,205.270161,129.340715
2012-07-11,10190.23,0.2208,0.0711,0.000282,0.4416,0.6624,0.4296,0.6425,225.202435,321.049728,287.255028,206.152007,130.171674
2012-07-12,10021.66,-1.6542,0.0712,0.000283,-3.3085,-4.9627,-3.3205,-4.9826,221.477065,310.427916,272.999438,199.306828,123.685708
2012-07-13,9987.44,-0.3415,0.0713,0.000283,-0.6829,-1.0244,-0.6949,-1.0443,220.720808,308.307939,270.202883,197.921825,122.394043
2012-07-16,9979.59,-0.0786,0.0716,0.000284,-0.1572,-0.2358,-0.1692,-0.2557,220.547325,307.823287,269.565755,197.586965,122.081045
2012-07-17,10063.85,0.8443,0.0717,0.000285,1.6886,2.533,1.6767,2.513,222.409457,313.021334,276.393774,200.899817,125.148984
2012-07-18,9957.71,-1.0547,0.0719,0.000285,-2.1093,-3.164,-2.1213,-3.1839,220.06378,306.418675,267.648681,196.638083,121.164324
2012-07-19,10107.93,1.5086,0.072,0.000286,3.0172,4.5257,3.0052,4.5058,223.383618,315.663815,279.761763,202.547387,126.62375
2012-07-20,10134.82,0.266,0.0721,0.000286,0.5321,0.7981,0.5201,0.7781,223.977882,317.343329,281.994503,203.600765,127.609072
2012-07-23,9943.69,-1.8859,0.0724,0.000287,-3.7717,-5.6576,-3.7837,-5.6776,219.75394,305.373934,266.040314,195.897035,120.363986
2012-07-24,9920.62,-0.232,0.0725,0.000288,-0.464,-0.696,-0.476,-0.716,219.244097,303.956959,264.188622,194.964552,119.502228
2012-07-25,9889.5,-0.3137,0.0726,0.000288,-0.6274,-0.9411,-0.6394,-0.961,218.55635,302.049994,261.702422,193.717998,118.353797
2012-07-26,9891.39,0.0191,0.0727,0.000289,0.0382,0.0573,0.0262,0.0374,218.598119,302.165445,261.852465,193.768805,118.398051
2012-07-27,10113.39,2.2444,0.0728,0.000289,4.4888,6.7331,4.4768,6.7132,223.504283,315.728903,279.483328,202.443363,126.346332
2012-07-30,10163.39,0.4944,0.0732,0.00029,0.9888,1.4832,0.9768,1.4632,224.609275,318.850793,283.628575,204.420813,128.195077
2012-07-31,10325.98,1.5998,0.0733,0.000291,3.1995,4.7993,3.1875,4.7793,228.202488,329.052497,297.240717,210.936779,134.321953
2012-08-01,10334.54,0.0829,0.0734,0.000291,0.1658,0.2487,0.1538,0.2287,228.391662,329.598051,297.979935,211.261195,134.629209
2012-08-03,10269.69,-0.6275,0.0736,0.000292,-1.255,-1.8825,-1.267,-1.9025,226.958488,325.461547,292.370397,208.584488,132.067927
2012-08-06,10371.21,0.9885,0.0739,0.000293,1.9771,2.9656,1.9651,2.9457,229.202063,331.896183,301.040992,212.683341,135.95821
2012-08-07,10391.98,0.2003,0.074,0.000294,0.4005,0.6008,0.3885,0.5808,229.661077,333.225533,302.84964,213.509683,136.747916
2012-08-08,10440.47,0.4666,0.0742,0.000294,0.9332,1.3998,0.9212,1.3799,230.732698,336.335259,307.089018,215.476575,138.634868
2012-08-09,10621.32,1.7322,0.0743,0.000295,3.4644,5.1966,3.4524,5.1767,234.729454,347.987269,323.047222,222.915693,145.811511
2012-08-10,10642.7,0.2013,0.0744,0.000295,0.4026,0.6039,0.3906,0.5839,235.201948,349.388219,324.998039,223.786369,146.66294
2012-08-13,10636.28,-0.0603,0.0747,0.000296,-0.1206,-0.181,-0.1326,-0.2009,235.060067,348.966696,324.409893,223.489519,146.368254
2012-08-14,10699.41,0.5935,0.0748,0.000297,1.1871,1.7806,1.1751,1.7606,236.45523,353.109172,330.186347,226.115668,148.945279
2012-08-15,10688.72,-0.0999,0.0749,0.000297,-0.1998,-0.2997,-0.2118,-0.3197,236.218983,352.403574,329.196659,225.636692,148.469107
2012-08-16,10726.08,0.3495,0.075,0.000298,0.6991,1.0486,0.6871,1.0286,237.044633,354.867068,332.648556,227.186931,149.996293
2012-08-17,10694.42,-0.2952,0.0751,0.000298,-0.5903,-0.8855,-0.6023,-0.9055,236.344952,352.772157,329.702936,225.81849,148.638126
2012-08-20,10645.59,-0.4566,0.0755,0.000299,-0.9132,-1.3698,-0.9252,-1.3897,235.265817,349.550689,325.186732,223.729234,146.572437
2012-08-21,10757.33,1.0496,0.0756,0.0003,2.0993,3.1489,2.0873,3.1289,237.735253,356.888713,335.426568,228.39906,151.158608
2012-08-22,10748.86,-0.0787,0.0757,0.0003,-0.1575,-0.2362,-0.1695,-0.2562,237.548067,356.326706,334.634254,228.011968,150.771374
2012-08-23,10762.54,0.1273,0.0758,0.000301,0.2545,0.3818,0.2425,0.3618,237.850393,357.233695,335.911914,228.564969,151.316928
2012-08-24,10723.04,-0.367,0.0759,0.000301,-0.734,-1.101,-0.746,-1.121,236.977449,354.611501,332.213385,226.859794,149.620652
2012-08-27,10709.69,-0.1245,0.0762,0.000302,-0.249,-0.3735,-0.261,-0.3935,236.682416,353.728531,330.972585,226.267678,149.031947
2012-08-28,10557.4,-1.422,0.0763,0.000303,-2.844,-4.2659,-2.856,-4.2859,233.316832,343.66861,316.853461,219.805528,142.644556
2012-08-29,10599.82,0.4018,0.0764,0.000303,0.8036,1.2054,0.7916,1.1854,234.254307,346.430355,320.672846,221.545502,144.335519
2012-08-30,10573.97,-0.2439,0.0766,0.000304,-0.4877,-0.7316,-0.4998,-0.7516,233.683026,344.740661,318.326751,220.438319,143.25071
2012-08-31,10610.76,0.3479,0.0767,0.000304,0.6959,1.0438,0.6838,1.0238,234.496079,347.139573,321.649413,221.945785,144.717334
2012-09-03,10687.97,0.7277,0.077,0.000306,1.4553,2.183,1.4433,2.163,236.202408,352.191547,328.670932,225.149136,147.847565
2012-09-04,10689.18,0.0113,0.0771,0.000306,0.0226,0.034,0.0106,0.014,236.229149,352.271292,328.78256,225.173069,147.868243
2012-09-05,10569.05,-1.1238,0.0772,0.000306,-2.2477,-3.3715,-2.2597,-3.3915,233.574295,344.353313,317.697523,220.084819,142.853265
2012-09-06,10511.03,-0.549,0.0773,0.000307,-1.0979,-1.6469,-1.1099,-1.6669,232.292063,340.57258,312.465413,217.642019,140.472097
2012-09-07,10651.93,1.3405,0.0774,0.000307,2.681,4.0215,2.669,4.0015,235.40593,349.703307,325.031178,223.45084,146.093102
2012-09-10,10735.56,0.7851,0.0778,0.000309,1.5702,2.3553,1.5582,2.3354,237.254139,355.19446,332.686793,226.932688,149.50491
2012-09-11,10739.09,0.0329,0.0779,0.000309,0.0658,0.0986,0.0537,0.0787,237.332152,355.428046,333.014969,227.054659,149.622512
2012-09-12,10862.38,1.148,0.078,0.000309,2.2961,3.4441,2.2841,3.4242,240.056841,363.589021,344.484493,232.240773,154.745831
2012-09-13,10875.06,0.1167,0.0781,0.00031,0.2335,0.3502,0.2215,0.3302,240.337067,364.437879,345.690876,232.755071,155.256824
2012-09-14,11103.7,2.1024,0.0782,0.00031,4.2049,6.3073,4.1928,6.2873,245.389974,379.761946,367.494552,242.514104,165.018271
2012-09-17,11138.6,0.3143,0.0785,0.000312,0.6286,0.9429,0.6166,0.9229,246.161258,382.149203,370.959764,244.009449,166.541291
2012-09-18,11098.77,-0.3576,0.0786,0.000312,-0.7152,-1.0728,-0.7272,-1.0927,245.281022,379.416184,366.980271,242.235039,164.721419
2012-09-19,11167.47,0.619,0.0787,0.000312,1.238,1.857,1.226,1.837,246.79928,384.113262,373.794957,245.204735,167.747306
2012-09-20,11089.47,-0.6985,0.0789,0.000313,-1.3969,-2.0954,-1.4089,-2.1154,245.075493,378.747528,365.962564,241.749962,164.198843
2012-09-21,11128.32,0.3503,0.079,0.000313,0.7007,1.051,0.6886,1.031,245.934072,381.401278,369.808819,243.414761,165.891742
2012-09-24,11148.02,0.177,0.0793,0.000315,0.3541,0.5311,0.342,0.5111,246.369439,382.751636,371.772791,244.247315,166.739586
2012-09-25,11099.07,-0.4391,0.0794,0.000315,-0.8782,-1.3173,-0.8902,-1.3373,245.287651,379.390377,366.875523,242.073015,164.509829
2012-09-26,11006.52,-0.8339,0.0795,0.000316,-1.6677,-2.5016,-1.6797,-2.5216,243.242311,373.063256,357.697908,238.006844,160.361619
2012-09-27,11026.9,0.1852,0.0796,0.000316,0.3703,0.5555,0.3583,0.5355,243.692706,374.444806,359.684881,238.859631,161.220343
2012-09-28,11072.13,0.4102,0.0797,0.000316,0.8204,1.2305,0.8083,1.2105,244.692282,377.516592,364.110933,240.790416,163.171977
2012-10-01,11015.53,-0.5112,0.0801,0.000318,-1.0224,-1.5336,-1.0344,-1.5536,243.441431,373.656912,358.527,238.299654,160.636969
2012-10-02,11077.18,0.5597,0.0802,0.000318,1.1193,1.679,1.1073,1.659,244.803886,377.839361,364.546644,240.938356,163.301923
2012-10-03,11028.31,-0.4412,0.0803,0.000319,-0.8824,-1.3235,-0.8944,-1.3435,243.723867,374.505479,359.721753,238.783453,161.107906
2012-10-04,11025.05,-0.0296,0.0804,0.000319,-0.0591,-0.0887,-0.0711,-0.1087,243.651821,374.284069,359.402749,238.613569,160.932808
2012-10-05,11036.98,0.1082,0.0805,0.000319,0.2164,0.3246,0.2044,0.3046,243.915473,375.09408,360.569458,239.101272,161.423042
2012-10-08,10929.68,-0.9722,0.0808,0.000321,-1.9444,-2.9166,-1.9564,-2.9366,241.54416,367.800854,350.053238,234.423496,156.682749
2012-10-09,10895.41,-0.3135,0.0809,0.000321,-0.6271,-0.9406,-0.6391,-0.9607,240.786798,365.494376,346.760463,232.925231,155.177565
2012-10-11,10694.08,-1.8478,0.0811,0.000322,-3.6957,-5.5435,-3.7077,-5.5635,236.337438,351.986856,327.537703,224.289032,146.544206
2012-10-12,10673.01,-0.197,0.0813,0.000322,-0.394,-0.5911,-0.4061,-0.6111,235.871794,350.599853,325.601711,223.378242,145.648696
2012-10-15,10646.98,-0.2439,0.0816,0.000324,-0.4878,-0.7317,-0.4998,-0.7517,235.296536,348.889723,323.219418,222.261792,144.553897
2012-10-16,10721.77,0.7025,0.0817,0.000324,1.4049,2.1074,1.3929,2.0873,236.949383,353.791294,330.030808,225.357621,147.571235
2012-10-17,10712.28,-0.0885,0.0818,0.000325,-0.177,-0.2655,-0.1891,-0.2855,236.739655,353.165002,329.154463,224.931574,147.149847
2012-10-18,10713.72,0.0134,0.0819,0.000325,0.0269,0.0403,0.0149,0.0203,236.771479,353.25995,329.287203,224.964984,147.179737
2012-10-19,10632.42,-0.7588,0.082,0.000325,-1.5177,-2.2765,-1.5297,-2.2965,234.974762,347.898594,321.790913,221.523668,143.799701
2012-10-22,10581.16,-0.4821,0.0823,0.000327,-0.9642,-1.4463,-0.9763,-1.4663,233.841924,344.544084,317.136751,219.361034,141.691094
2012-10-23,10530.14,-0.4822,0.0825,0.000327,-0.9644,-1.4465,-0.9764,-1.4666,232.714391,341.221454,312.549262,217.219217,139.61312
2012-10-24,10497.71,-0.308,0.0826,0.000328,-0.6159,-0.9239,-0.628,-0.9439,231.997693,339.119713,309.661559,215.855123,138.295256
2012-10-25,10422.29,-0.7184,0.0827,0.000328,-1.4369,-2.1553,-1.4489,-2.1753,230.330923,334.246954,302.987339,212.727557,135.286852
2012-10-26,10238.55,-1.763,0.0828,0.000329,-3.5259,-5.2889,-3.5379,-5.3089,226.270299,322.461725,286.962773,205.201385,128.104637
2012-10-29,10177.72,-0.5941,0.0831,0.00033,-1.1883,-1.7824,-1.2003,-1.8024,224.925966,318.63006,281.848002,202.738372,125.795671
2012-10-30,10308.28,1.2828,0.0832,0.00033,2.5656,3.8484,2.5536,3.8284,227.81132,326.804846,292.694658,207.915434,130.611608
2012-10-31,10284.53,-0.2304,0.0833,0.000331,-0.4608,-0.6912,-0.4728,-0.7112,227.286449,325.298947,290.671576,206.932344,129.682674
2012-11-01,10304.03,0.1896,0.0834,0.000331,0.3792,0.5688,0.3672,0.5488,227.717396,326.532514,292.324961,207.692143,130.394358
2012-11-02,10348.28,0.4294,0.0836,0.000332,0.8589,1.2883,0.8468,1.2683,228.695314,329.33706,296.091073,209.450983,132.048153
2012-11-05,10312.24,-0.3483,0.0839,0.000333,-0.6965,-1.0448,-0.7086,-1.0648,227.898836,327.043093,292.99748,207.966855,130.642048
2012-11-06,10385.89,0.7142,0.084,0.000333,1.4284,2.1426,1.4164,2.1226,229.526489,331.714575,299.275243,210.912414,133.415014
2012-11-07,10458.37,0.6979,0.0841,0.000334,1.3957,2.0936,1.3837,2.0736,231.128285,336.344448,305.540898,213.830808,136.181478
2012-11-08,10394.44,-0.6113,0.0842,0.000334,-1.2226,-1.8338,-1.2346,-1.8539,229.715442,332.23243,299.93776,211.190849,133.656843
2012-11-09,10467.05,0.6985,0.0843,0.000335,1.3971,2.0956,1.3851,2.0756,231.320112,336.874026,306.223375,214.115952,136.431031
2012-11-12,10430.49,-0.3493,0.0846,0.000336,-0.6986,-1.0479,-0.7106,-1.0679,230.512142,334.520715,303.014584,212.594412,134.974089
2012-11-13,10241.47,-1.8122,0.0848,0.000336,-3.6244,-5.4366,-3.6364,-5.4566,226.33483,322.396432,286.541009,204.863592,127.609094
2012-11-14,10275.5,0.3323,0.0849,0.000337,0.6646,0.9968,0.6525,0.9768,227.086888,324.538927,289.397335,206.200347,128.855568
2012-11-15,10252.65,-0.2224,0.085,0.000337,-0.4447,-0.6671,-0.4568,-0.6872,226.581906,323.095549,287.466705,205.258443,127.970124
2012-11-16,10232.89,-0.1927,0.0851,0.000338,-0.3855,-0.5782,-0.3975,-0.5982,226.145214,321.850141,285.804596,204.44253,127.204565
2012-11-19,10231.42,-0.0144,0.0854,0.000339,-0.0287,-0.0431,-0.0408,-0.0631,226.112727,321.757671,285.681424,204.359166,127.124249
2012-11-20,10255.43,0.2347,0.0855,0.000339,0.4693,0.704,0.4573,0.684,226.643344,323.267804,287.692644,205.293686,127.993733
2012-11-21,10173.22,-0.8016,0.0856,0.00034,-1.6032,-2.4049,-1.6153,-2.4249,224.826516,318.085018,280.774003,201.977589,124.889991
2012-11-22,10198.0,0.2436,0.0857,0.00034,0.4872,0.7307,0.4751,0.7107,225.37415,319.634606,282.825737,202.937214,125.77758
2012-11-23,10514.1,3.0996,0.0858,0.000341,6.1993,9.2989,6.1872,9.2788,232.359909,339.449569,309.125369,215.493361,137.448275
2012-11-26,10630.87,1.1106,0.0862,0.000342,2.2212,3.3318,2.2092,3.3118,234.940507,346.989449,319.424844,220.253953,142.000236
2012-11-27,10663.63,0.3082,0.0863,0.000342,0.6163,0.9245,0.6043,0.9044,235.664498,349.128009,322.377854,221.584881,143.284525
2012-11-28,10670.42,0.0637,0.0864,0.000343,0.1273,0.191,0.1153,0.171,235.814556,349.572619,322.993671,221.840367,143.529502
2012-11-29,10768.91,0.923,0.0865,0.000343,1.846,2.7691,1.834,2.749,237.991169,356.025862,331.937549,225.908894,147.475136
2012-11-30,10878.87,1.0211,0.0866,0.000344,2.0422,3.0633,2.0301,3.0432,240.421267,363.296533,342.105668,230.495127,151.963114
2012-12-03,10907.2,0.2604,0.0869,0.000345,0.5208,0.7812,0.5088,0.7612,241.047356,365.188677,344.778332,231.667828,153.119833
2012-12-04,10908.74,0.0141,0.087,0.000345,0.0282,0.0424,0.0162,0.0223,241.081389,365.2918,344.924371,231.705327,153.153981
2012-12-05,10977.72,0.6323,0.0872,0.000346,1.2647,1.897,1.2526,1.877,242.605836,369.91155,351.467624,234.607718,156.028611
2012-12-06,10940.71,-0.3371,0.0873,0.000346,-0.6743,-1.0114,-0.6863,-1.0315,241.787921,367.41733,347.912838,232.997541,154.419223
2012-12-07,10967.98,0.2493,0.0874,0.000347,0.4985,0.7478,0.4865,0.7277,242.390584,369.248924,350.514383,234.130962,155.54293
2012-12-10,10920.95,-0.4288,0.0877,0.000348,-0.8576,-1.2864,-0.8696,-1.3064,241.351228,366.082292,346.005433,232.094862,153.510852
2012-12-11,10926.97,0.0551,0.0878,0.000348,0.1102,0.1654,0.0982,0.1453,241.484269,366.485886,346.577623,232.32276,153.733916
2012-12-12,11036.76,1.0048,0.0879,0.000349,2.0095,3.0143,1.9975,2.9942,243.910611,373.850505,357.024459,236.963333,158.337051
2012-12-13,11132.77,0.8699,0.088,0.000349,1.7398,2.6097,1.7278,2.5897,246.032416,380.354839,366.341846,241.057506,162.437457
2012-12-14,11049.08,-0.7517,0.0881,0.00035,-1.5035,-2.2552,-1.5155,-2.2753,244.182881,374.636245,358.07998,237.40417,158.74152
2012-12-17,10952.21,-0.8767,0.0885,0.000351,-1.7534,-2.6302,-1.7655,-2.6502,242.042069,368.067189,348.661855,233.212784,154.534487
2012-12-18,10970.09,0.1633,0.0886,0.000352,0.3265,0.4898,0.3145,0.4697,242.437214,369.268963,350.369475,233.946125,155.26033
2012-12-19,11018.51,0.4414,0.0887,0.000352,0.8828,1.3241,0.8707,1.3041,243.507289,372.528737,355.008879,235.983108,157.285044
2012-12-20,10900.81,-1.0682,0.0888,0.000352,-2.1364,-3.2046,-2.1485,-3.2247,240.906138,364.570014,343.632237,230.913096,152.213109
2012-12-21,10792.4,-0.9945,0.0889,0.000353,-1.989,-2.9835,-2.0011,-3.0036,238.510294,357.31862,333.379833,226.292327,147.64122
2012-12-22,10821.42,0.2689,0.089,0.000353,0.5378,0.8067,0.5257,0.7866,239.151631,359.240229,336.069137,227.482005,148.802576
2012-12-24,10814.78,-0.0614,0.0892,0.000354,-0.1227,-0.1841,-0.1348,-0.2042,239.004888,358.799371,335.450503,227.175405,148.498792
2012-12-25,10959.81,1.341,0.0893,0.000355,2.6821,4.0231,2.67,4.003,242.210028,368.422622,348.946031,233.24101,154.443245
2012-12-26,10956.4,-0.0311,0.0895,0.000355,-0.0622,-0.0933,-0.0743,-0.1134,242.134668,368.193362,348.620321,233.067738,154.268081
2012-12-27,10976.81,0.1863,0.0896,0.000355,0.3726,0.5589,0.3605,0.5388,242.585725,369.565132,350.568591,233.907961,155.09924
2012-12-28,11050.13,0.668,0.0897,0.000356,1.3359,2.0039,1.3238,1.9838,244.206085,374.502179,357.593497,237.00454,158.176074
2013-01-02,11164.55,1.0355,0.0898,0.000356,2.0709,3.1064,2.0589,3.0863,246.734749,382.257841,368.701742,241.884139,163.057879
2013-01-03,11247.23,0.7406,0.0898,0.000356,1.4811,2.2217,1.4691,2.2016,248.561964,387.919526,376.893096,245.437548,166.647757
2013-01-04,11202.96,-0.3936,0.0897,0.000356,-0.7872,-1.1808,-0.7993,-1.2009,247.583604,384.865761,372.442651,243.475819,164.646483
2013-01-07,11129.91,-0.6521,0.0894,0.000355,-1.3041,-1.9562,-1.3162,-1.9763,245.969211,379.846651,365.157005,240.271237,161.39265
2013-01-08,11081.93,-0.4311,0.0893,0.000355,-0.8622,-1.2933,-0.8742,-1.3133,244.90886,376.571684,360.434532,238.170684,159.273006
2013-01-09,11106.29,0.2198,0.0893,0.000354,0.4396,0.6595,0.4276,0.6394,245.447212,378.227224,362.811424,239.18904,160.291363
2013-01-10,11211.06,0.9433,0.0892,0.000354,1.8867,2.83,1.8746,2.8099,247.762612,385.363156,373.079053,243.672922,164.795463
2013-01-11,11221.85,0.0962,0.0891,0.000354,0.1925,0.2887,0.1804,0.2687,248.00107,386.104936,374.156254,244.112578,165.238203
2013-01-14,11228.76,0.0616,0.0888,0.000353,0.1232,0.1847,0.1111,0.1647,248.15378,386.580434,374.847429,244.383771,165.510282
2013-01-15,11144.16,-0.7534,0.0888,0.000352,-1.5068,-2.2603,-1.5189,-2.2803,246.284133,380.755266,366.374874,240.671818,161.73609
2013-01-16,11051.45,-0.8319,0.0887,0.000352,-1.6638,-2.4957,-1.6759,-2.5158,244.235257,374.420142,357.231086,236.638424,157.667108
2013-01-17,10931.21,-1.088,0.0886,0.000352,-2.176,-3.264,-2.1881,-3.2841,241.577973,366.272744,345.571041,231.460629,152.489203
2013-01-18,11098.01,1.5259,0.0885,0.000351,3.0518,4.5777,3.0398,4.5577,245.264226,377.450701,361.39031,238.496464,159.439128
2013-01-21,11086.61,-0.1027,0.0883,0.00035,-0.2054,-0.3082,-0.2175,-0.3282,245.012288,376.675257,360.276638,237.977737,158.915803
2013-01-22,11135.66,0.4424,0.0882,0.00035,0.8849,1.3273,0.8728,1.3072,246.096285,380.008273,365.058506,240.054794,160.993169
2013-01-23,11114.25,-0.1923,0.0881,0.00035,-0.3845,-0.5768,-0.3966,-0.5969,245.623127,378.547025,362.952864,239.102769,160.032265
2013-01-24,11045.09,-0.6223,0.088,0.000349,-1.2445,-1.8668,-1.2566,-1.8869,244.094702,373.8359,356.177287,236.098242,157.012686
2013-01-25,11011.49,-0.3042,0.0879,0.000349,-0.6084,-0.9126,-0.6205,-0.9327,243.352148,371.561426,352.926732,234.633322,155.548251
2013-01-28,11071.89,0.5485,0.0877,0.000348,1.097,1.6456,1.085,1.6255,244.686978,375.637588,358.734332,237.17905,158.076677
2013-01-29,11197.23,1.1321,0.0876,0.000348,2.2641,3.3962,2.2521,3.3761,247.456972,384.142444,370.917553,242.52046,163.413516
2013-01-30,11241.7,0.3972,0.0875,0.000347,0.7943,1.1915,0.7822,1.1714,248.439751,387.193701,375.33687,244.417576,165.327734
2013-01-31,11266.15,0.2175,0.0875,0.000347,0.435,0.6525,0.4229,0.6324,248.980092,388.877946,377.785873,245.451302,166.373304
2013-02-01,11274.68,0.0757,0.0874,0.000347,0.1514,0.2271,0.1394,0.2071,249.168604,389.466812,378.643978,245.793397,166.717833
2013-02-04,11371.12,0.8554,0.0871,0.000346,1.7107,2.5661,1.6987,2.546,251.299912,396.129561,388.360376,249.96865,170.962548
2013-02-05,11319.14,-0.4571,0.087,0.000345,-0.9142,-1.3714,-0.9263,-1.3914,250.151163,392.507963,383.034523,247.653196,168.583733
2013-02-06,11347.42,0.2498,0.087,0.000345,0.4997,0.7495,0.4876,0.7295,250.776146,394.469265,385.905469,248.860835,169.813503
2013-02-18,11400.36,0.4665,0.086,0.000341,0.9331,1.3996,0.921,1.3796,251.946112,398.149961,391.306654,251.152913,172.156192
2013-02-19,11425.25,0.2183,0.0859,0.000341,0.4367,0.655,0.4246,0.6349,252.496177,399.888494,393.869631,252.219323,173.249268
2013-02-20,11523.15,0.8569,0.0858,0.000341,1.7137,2.5706,1.7017,2.5506,254.659751,406.741575,403.994531,256.511342,177.668122
2013-02-21,11420.34,-0.8922,0.0857,0.00034,-1.7844,-2.6766,-1.7965,-2.6967,252.387667,399.483647,393.181166,251.903233,172.877022
2013-02-22,11406.37,-0.1223,0.0856,0.00034,-0.2447,-0.367,-0.2567,-0.387,252.078932,398.506305,391.738282,251.256604,172.207951
2013-02-23,11462.59,0.4929,0.0856,0.00034,0.9858,1.4786,0.9737,1.4586,253.321385,402.434641,397.53071,253.703137,174.719781
2013-02-25,11406.31,-0.491,0.0854,0.000339,-0.982,-1.473,-0.994,-1.493,252.077606,398.482825,391.67522,251.181272,172.1112
2013-02-26,11310.47,-0.8402,0.0853,0.000339,-1.6805,-2.5207,-1.6925,-2.5408,249.959557,391.786427,381.802223,246.929983,167.738281
2013-02-27,11334.98,0.2167,0.0852,0.000338,0.4334,0.6501,0.4214,0.6301,250.501224,393.484444,384.284341,247.970445,168.79514
2013-03-01,11430.63,0.8438,0.0851,0.000338,1.6877,2.5315,1.6757,2.5115,252.615074,400.125265,394.012668,252.125567,173.034436
2013-03-04,11291.0,-1.2215,0.0848,0.000337,-2.4431,-3.6646,-2.4551,-3.6847,249.529273,390.349865,379.573572,245.935562,166.658696
2013-03-05,11384.83,0.831,0.0847,0.000336,1.662,2.493,1.65,2.473,251.602901,396.837604,389.036521,249.993471,170.780182
2013-03-06,11410.07,0.2217,0.0847,0.000336,0.4434,0.6651,0.4314,0.6451,252.160701,398.59717,391.623986,251.07183,171.881814
2013-03-07,11424.72,0.1284,0.0846,0.000336,0.2568,0.3852,0.2447,0.3651,252.484464,399.62073,393.132467,251.686325,172.50944
2013-03-08,11503.12,0.6862,0.0845,0.000335,1.3725,2.0587,1.3604,2.0387,254.217091,405.105375,401.225861,255.110319,176.026318
2013-03-11,11536.97,0.2943,0.0842,0.000334,0.5885,0.8828,0.5765,0.8628,254.965171,407.489566,404.767898,256.581018,177.545021
2013-03-12,11473.8,-0.5475,0.0842,0.000334,-1.0951,-1.6426,-1.1071,-1.6627,253.569124,403.027196,398.11905,253.740336,174.593041
2013-03-13,11474.95,0.01,0.0841,0.000334,0.02,0.0301,0.008,0.01,253.594539,403.107985,398.238758,253.76065,174.610563
2013-03-14,11412.16,-0.5472,0.084,0.000333,-1.0944,-1.6416,-1.1064,-1.6616,252.20689,398.696437,391.701367,250.952982,171.709221
2013-03-15,11377.33,-0.3052,0.0839,0.000333,-0.6104,-0.9156,-0.6224,-0.9356,251.437152,396.262787,388.114941,249.390948,170.102652
2013-03-18,11210.64,-1.4651,0.0837,0.000332,-2.9302,-4.3953,-2.9423,-4.4153,247.75333,384.651444,371.056049,242.053239,162.592027
2013-03-19,11249.58,0.3473,0.0836,0.000332,0.6947,1.042,0.6827,1.022,248.613898,387.323607,374.922623,243.705638,164.253746
2013-03-20,11191.54,-0.5159,0.0835,0.000331,-1.0319,-1.5478,-1.0439,-1.5678,247.331224,383.326966,369.119604,241.161599,161.678544
2013-03-21,11211.36,0.1771,0.0834,0.000331,0.3542,0.5313,0.3422,0.5113,247.769242,384.684696,371.080715,241.986754,162.505153
2013-03-22,11188.93,-0.2001,0.0833,0.000331,-0.4001,-0.6002,-0.4122,-0.6202,247.273543,383.145457,368.853508,240.989365,161.497262
2013-03-25,11274.91,0.7684,0.0831,0.00033,1.5369,2.3053,1.5248,2.2853,249.173687,389.033928,377.35674,244.664067,165.187942
2013-03-26,11275.25,0.003,0.083,0.000329,0.006,0.009,-0.006,-0.011,249.181201,389.057391,377.390878,244.649376,165.169809
2013-03-27,11329.44,0.4806,0.0829,0.000329,0.9612,1.4418,0.9492,1.4218,250.378791,392.79709,382.832215,246.971551,167.518205
2013-03-28,11290.34,-0.3451,0.0828,0.000329,-0.6902,-1.0354,-0.7023,-1.0554,249.514688,390.085859,378.86854,245.237138,165.750255
2013-03-29,11364.58,0.6576,0.0828,0.000328,1.3151,1.9727,1.3031,1.9526,251.15538,395.215904,386.342328,248.432754,168.986757
2013-04-01,11336.79,-0.2445,0.0825,0.000327,-0.4891,-0.7336,-0.5011,-0.7536,250.541225,393.283047,383.508139,247.187864,167.713247
2013-04-02,11356.8,0.1765,0.0824,0.000327,0.353,0.5295,0.341,0.5095,250.983443,394.671376,385.538872,248.030717,168.567739
2013-04-03,11398.66,0.3686,0.0824,0.000327,0.7372,1.1058,0.7251,1.0858,251.908542,397.580812,389.802043,249.829303,170.397964
2013-04-08,11126.6,-2.3868,0.0819,0.000325,-4.7735,-7.1603,-4.7856,-7.1803,245.89606,378.602119,361.890987,237.873534,158.162826
2013-04-09,11091.81,-0.3127,0.0819,0.000325,-0.6253,-0.938,-0.6374,-0.958,245.127207,376.234537,358.496369,236.357377,156.647568
2013-04-10,11126.62,0.3138,0.0818,0.000325,0.6277,0.9415,0.6156,0.9215,245.896502,378.59605,361.871632,237.812486,158.091062
2013-04-11,11277.58,1.3567,0.0817,0.000324,2.7135,4.0702,2.7015,4.0502,249.232694,388.869225,376.600671,244.2369,164.494106
2013-04-12,11225.41,-0.4626,0.0816,0.000324,-0.9252,-1.3878,-0.9372,-1.4078,248.079745,385.271413,371.374216,241.947841,162.17834
2013-04-15,11142.03,-0.7428,0.0814,0.000323,-1.4856,-2.2283,-1.4976,-2.2483,246.237061,379.547982,363.098745,238.324461,158.532007
2013-04-16,11195.86,0.4831,0.0813,0.000323,0.9663,1.4494,0.9542,1.4294,247.426695,383.215369,368.361414,240.598606,160.79801
2013-04-17,11207.38,0.1029,0.0812,0.000322,0.2058,0.3087,0.1938,0.2887,247.681285,384.003989,369.498493,241.064794,161.262195
2013-04-18,11181.95,-0.2269,0.0811,0.000322,-0.4538,-0.6807,-0.4658,-0.7007,247.119286,382.261348,366.983272,239.941827,160.132197
2013-04-19,11382.08,1.7898,0.081,0.000322,3.5795,5.3693,3.5675,5.3493,251.542127,395.944465,386.687624,248.501729,168.698101
2013-04-22,11438.89,0.4991,0.0808,0.000321,0.9982,1.4974,0.9862,1.4773,252.797619,399.896924,392.477706,250.952475,171.190358
2013-04-23,11399.27,-0.3464,0.0807,0.00032,-0.6927,-1.0391,-0.7048,-1.0591,251.922023,397.12674,388.399522,249.183885,169.377293
2013-04-24,11515.9,1.0231,0.0806,0.00032,2.0463,3.0694,2.0342,3.0494,254.499527,405.253031,400.321084,254.252896,174.542288
2013-04-25,11513.1,-0.0243,0.0805,0.00032,-0.0486,-0.0729,-0.0607,-0.0929,254.437648,405.055963,400.029079,254.09868,174.380056
2013-04-26,11513.53,0.0037,0.0805,0.000319,0.0075,0.0112,-0.0046,-0.0088,254.44715,405.086219,400.073901,254.087104,174.364712
2013-04-29,11524.56,0.0958,0.0802,0.000318,0.1916,0.2874,0.1796,0.2674,254.690912,405.862367,401.223717,254.543383,174.830962
2013-04-30,11616.3,0.796,0.0801,0.000318,1.5921,2.3881,1.5801,2.3681,256.718351,412.324013,410.80541,258.565305,178.971163
2013-05-02,11666.32,0.4306,0.08,0.000317,0.8612,1.2918,0.8492,1.2718,257.823785,415.874963,416.112217,260.76099,181.247328
2013-05-03,11675.68,0.0802,0.0799,0.000317,0.1605,0.2407,0.1484,0.2207,258.030639,416.542284,417.113769,261.14806,181.64733
2013-05-06,11724.5,0.4181,0.0796,0.000316,0.8363,1.2544,0.8242,1.2344,259.109553,420.025694,422.346054,263.300562,183.889594
2013-05-07,11715.91,-0.0733,0.0796,0.000316,-0.1465,-0.2198,-0.1586,-0.2398,258.919716,419.410227,421.417754,262.883091,183.44864
2013-05-08,11865.22,1.2744,0.0795,0.000315,2.5488,3.8233,2.5368,3.8033,262.219443,430.10033,437.529661,269.551962,190.425681
2013-05-09,11892.37,0.2288,0.0794,0.000315,0.4576,0.6865,0.4456,0.6665,262.819453,432.068642,440.533127,270.753136,191.694801
2013-05-10,11884.3,-0.0679,0.0793,0.000315,-0.1357,-0.2036,-0.1477,-0.2236,262.641107,431.48225,439.636308,270.35313,191.266228
2013-05-13,11838.45,-0.3858,0.0791,0.000314,-0.7716,-1.1574,-0.7836,-1.1774,261.62783,428.152906,434.547916,268.234571,189.014256
2013-05-14,11843.48,0.0425,0.079,0.000313,0.085,0.1275,0.073,0.1075,261.738992,428.516739,435.101817,268.430269,189.217397
2013-05-15,11939.31,0.8091,0.0789,0.000313,1.6183,2.4274,1.6063,2.4074,263.85682,435.451315,445.663529,272.741943,193.772655
2013-05-16,12041.87,0.859,0.0788,0.000313,1.718,2.577,1.706,2.557,266.123379,442.932466,457.148427,277.394929,198.727504
2013-05-17,12010.5,-0.2605,0.0787,0.000312,-0.521,-0.7815,-0.533,-0.8015,265.430107,440.624719,453.575706,275.916319,197.134677
2013-05-20,12023.21,0.1058,0.0785,0.000311,0.2116,0.3175,0.1996,0.2975,265.710996,441.557293,455.015683,276.467132,197.721122
2013-05-21,12032.34,0.0759,0.0784,0.000311,0.1519,0.2278,0.1399,0.2078,265.912768,442.227899,456.052251,276.853786,198.13203
2013-05-22,12055.18,0.1898,0.0783,0.000311,0.3796,0.5695,0.3676,0.5495,266.417528,443.906789,458.64931,277.871573,199.220723
2013-05-23,11824.07,-1.9171,0.0782,0.000311,-3.8342,-5.7513,-3.8462,-5.7713,261.310034,426.886504,432.270996,267.184023,187.723118
2013-05-24,11783.8,-0.3406,0.0782,0.00031,-0.6812,-1.0217,-0.6932,-1.0417,260.420074,423.978754,427.854356,265.331985,185.767578
2013-05-27,11884.74,0.8566,0.0779,0.000309,1.7132,2.5698,1.7012,2.5498,262.650831,431.242356,438.849354,269.84577,190.504309
2013-05-28,11860.28,-0.2058,0.0778,0.000309,-0.4116,-0.6174,-0.4236,-0.6374,262.110269,429.467275,436.139765,268.702608,189.29001
2013-05-29,11967.71,0.9058,0.0778,0.000309,1.8116,2.7174,1.7996,2.6974,264.484455,437.247474,447.991381,273.538121,194.395932
2013-05-30,11831.9,-1.1348,0.0777,0.000308,-2.2696,-3.4044,-2.2816,-3.4244,261.483076,427.323674,432.739914,267.297016,187.739053
2013-05-31,11848.42,0.1396,0.0776,0.000308,0.2792,0.4189,0.2672,0.3989,261.848165,428.516954,434.552522,268.011316,188.487919
2013-06-03,11771.23,-0.6515,0.0773,0.000307,-1.303,-1.9544,-1.315,-1.9744,260.142279,422.933556,426.059463,264.487043,184.766382
2013-06-04,11757.16,-0.1195,0.0773,0.000307,-0.2391,-0.3586,-0.2511,-0.3786,259.831334,421.922502,424.531673,263.822994,184.066922
2013-06-05,11743.81,-0.1135,0.0772,0.000306,-0.2271,-0.3406,-0.2391,-0.3606,259.536301,420.964334,423.085533,263.192172,183.403138
2013-06-06,11621.1,-1.0449,0.0771,0.000306,-2.0898,-3.1347,-2.1018,-3.1546,256.82443,412.167099,409.823187,257.660414,177.617412
2013-06-07,11620.04,-0.0091,0.077,0.000306,-0.0182,-0.0274,-0.0303,-0.0473,256.801004,412.091908,409.711043,257.58246,177.533327
2013-06-10,11714.4,0.812,0.0768,0.000305,1.6241,2.4361,1.6121,2.4162,258.886345,418.784655,419.692162,261.734895,181.82282
2013-06-11,11650.66,-0.5441,0.0767,0.000304,-1.0882,-1.6323,-1.1002,-1.6523,257.477701,414.227301,412.841317,258.855173,178.818518
2013-06-13,11414.8,-2.0244,0.0765,0.000304,-4.0489,-6.0733,-4.0609,-6.0933,252.265233,397.455779,387.768209,248.343376,167.922612
2013-06-14,11394.82,-0.175,0.0764,0.000303,-0.3501,-0.5251,-0.3621,-0.5451,251.823679,396.064398,385.732008,247.444171,167.0073
2013-06-17,11473.99,0.6948,0.0762,0.000302,1.3896,2.0844,1.3776,2.0644,253.573323,401.568025,393.772083,250.852888,170.454996
2013-06-18,11500.01,0.2268,0.0761,0.000302,0.4535,0.6803,0.4415,0.6604,254.148361,403.389327,396.450998,251.960502,171.580599
2013-06-19,11495.91,-0.0357,0.076,0.000302,-0.0713,-0.107,-0.0833,-0.1269,254.057751,403.101693,396.026969,251.750587,171.362821
2013-06-20,11340.17,-1.3547,0.0759,0.000301,-2.7095,-4.0642,-2.7215,-4.0842,250.615922,392.179711,379.931529,244.899213,164.364028
2013-06-21,11188.72,-1.3355,0.0759,0.000301,-2.671,-4.0066,-2.683,-4.0265,247.268902,381.704451,364.709369,238.328461,157.745876
2013-06-24,11138.18,-0.4517,0.0756,0.0003,-0.9034,-1.3551,-0.9154,-1.3751,246.151976,378.256095,359.767138,236.146763,155.576744
2013-06-25,11002.22,-1.2207,0.0755,0.0003,-2.4413,-3.662,-2.4533,-3.682,243.147282,369.021607,346.59247,230.353284,149.848465
2013-06-26,11178.22,1.5997,0.0755,0.000299,3.1994,4.799,3.1873,4.7791,247.036854,380.827915,363.225552,237.695446,157.009825
2013-06-27,11324.96,1.3127,0.0754,0.000299,2.6255,3.9382,2.6135,3.9182,250.279784,390.82641,377.530079,243.907515,163.161832
2013-06-28,11584.02,2.2875,0.0753,0.000299,4.575,6.8625,4.563,6.8426,256.004968,408.706825,403.438235,255.037069,174.326308
2013-07-01,11553.25,-0.2656,0.075,0.000298,-0.5312,-0.7969,-0.5433,-0.8168,255.324956,406.535574,400.223342,253.651572,172.902351
2013-07-02,11528.11,-0.2176,0.075,0.000297,-0.4352,-0.6528,-0.4472,-0.6728,254.769366,404.766322,397.610671,252.517227,171.739127
2013-07-03,11420.25,-0.9356,0.0749,0.000297,-1.8713,-2.8069,-1.8833,-2.8268,252.385678,397.192124,386.450224,247.761682,166.884341
2013-07-04,11403.28,-0.1486,0.0748,0.000297,-0.2972,-0.4458,-0.3092,-0.4657,252.010643,396.011703,384.727479,246.995616,166.107085
2013-07-05,11560.42,1.378,0.0747,0.000296,2.756,4.1341,2.744,4.1141,255.483412,406.92598,400.632396,253.77329,172.940922
2013-07-08,11412.61,-1.2786,0.0745,0.000295,-2.5572,-3.8358,-2.5692,-3.8557,252.216835,396.520176,385.265098,247.253409,166.272811
2013-07-09,11537.69,1.096,0.0744,0.000295,2.192,3.2879,2.18,3.268,254.981083,405.211745,397.932391,252.643434,171.706584
2013-07-10,11600.46,0.544,0.0743,0.000295,1.0881,1.6321,1.0761,1.6122,256.368289,409.620798,404.427161,255.362092,174.474793
2013-07-11,11847.44,2.1291,0.0742,0.000295,4.2581,6.3872,4.2461,6.3672,261.826507,427.06289,430.258573,266.205038,185.583964
2013-07-12,11910.74,0.5343,0.0741,0.000294,1.0686,1.6029,1.0566,1.5829,263.225427,431.626421,437.155093,269.01772,188.521618
2013-07-15,11969.03,0.4894,0.0739,0.000293,0.9788,1.4682,0.9668,1.4482,264.513627,435.851096,443.573276,271.618532,191.251824
2013-07-16,11989.52,0.1712,0.0738,0.000293,0.3424,0.5136,0.3304,0.4936,264.966452,437.343379,445.85136,272.515917,192.19589
2013-07-17,12024.74,0.2938,0.0737,0.000293,0.5875,0.8813,0.5755,0.8613,265.744809,439.912829,449.780512,274.084285,193.851311
2013-07-18,11938.79,-0.7148,0.0736,0.000292,-1.4296,-2.1443,-1.4416,-2.1643,263.845328,433.624043,440.135738,270.133219,189.655828
2013-07-19,11749.86,-1.5825,0.0736,0.000292,-3.165,-4.7475,-3.177,-4.7674,259.670005,419.89994,419.240443,261.551152,180.614148
2013-07-22,11819.23,0.5904,0.0733,0.000291,1.1808,1.7712,1.1688,1.7512,261.203071,424.858035,426.665904,264.608117,183.777104
2013-07-23,11985.11,1.4035,0.0732,0.000291,2.807,4.2104,2.795,4.1905,264.868992,436.783592,444.630359,272.003793,191.478248
2013-07-24,11967.14,-0.1499,0.0732,0.00029,-0.2999,-0.4498,-0.3119,-0.4698,264.471858,435.4738,442.630375,271.155498,190.578771
2013-07-25,11933.73,-0.2792,0.0731,0.00029,-0.5584,-0.8375,-0.5704,-0.8575,263.733502,433.042278,438.923154,269.608939,188.94458
2013-07-26,11918.21,-0.1301,0.073,0.00029,-0.2601,-0.3902,-0.2721,-0.4101,263.390513,431.915922,437.210675,268.875336,188.169721
2013-07-29,11825.66,-0.7765,0.0727,0.000289,-1.5531,-2.3296,-1.5651,-2.3496,261.345173,425.207898,427.025291,264.66722,183.74854
2013-07-30,11947.97,1.0343,0.0727,0.000288,2.0686,3.1028,2.0566,3.0829,264.048204,434.003547,440.275155,270.110255,189.4133
2013-07-31,11870.23,-0.6507,0.0726,0.000288,-1.3013,-1.952,-1.3133,-1.9719,262.330163,428.35582,431.681145,266.562888,185.678251
2013-08-01,11808.6,-0.5192,0.0725,0.000288,-1.0384,-1.5576,-1.0504,-1.5775,260.96815,423.90779,424.957305,263.762938,182.749112
2013-08-02,11878.07,0.5883,0.0724,0.000287,1.1766,1.7649,1.1646,1.745,262.503425,428.89549,432.457377,266.834738,185.938012
2013-08-05,11935.81,0.4861,0.0722,0.000286,0.9722,1.4583,0.9602,1.4384,263.77947,433.065262,438.76398,269.396936,188.612507
2013-08-06,11790.87,-1.2143,0.0721,0.000286,-2.4287,-3.643,-2.4407,-3.6629,260.57632,422.547588,422.779865,262.821899,181.703774
2013-08-07,11626.71,-1.3923,0.072,0.000286,-2.7845,-4.1768,-2.7965,-4.1967,256.94841,410.781635,405.121234,255.472033,174.078162
2013-08-08,11623.86,-0.0245,0.0719,0.000285,-0.049,-0.0735,-0.061,-0.0935,256.885426,410.580249,404.823318,255.316152,173.915445
2013-08-09,11549.23,-0.642,0.0718,0.000285,-1.2841,-1.9261,-1.2961,-1.9461,255.236115,405.308058,397.025917,252.007065,170.530947
2013-08-12,11619.71,0.6103,0.0716,0.000284,1.2205,1.8308,1.2085,1.8108,256.793711,410.254901,404.294554,255.052631,173.618986
2013-08-13,11749.1,1.1135,0.0715,0.000284,2.2271,3.3406,2.2151,3.3207,259.653209,419.391598,417.800486,260.702271,179.384325
2013-08-14,11702.13,-0.3998,0.0714,0.000283,-0.7996,-1.1993,-0.8115,-1.2193,258.61518,416.03835,412.789697,258.586566,177.197167
2013-08-15,11616.32,-0.7333,0.0713,0.000283,-1.4666,-2.1999,-1.4786,-2.2198,256.718793,409.936853,403.708918,254.763209,173.263767
2013-08-16,11671.98,0.4792,0.0713,0.000283,0.9583,1.4375,0.9463,1.4175,257.94887,413.865307,409.512074,257.174078,175.719833
2013-08-19,11637.31,-0.297,0.071,0.000282,-0.5941,-0.8911,-0.6061,-0.911,257.182668,411.406648,405.862877,255.615448,174.11896
2013-08-20,11538.15,-0.8521,0.0709,0.000281,-1.7042,-2.5563,-1.7162,-2.5762,254.991248,404.395563,395.487964,251.228673,169.633326
2013-08-22,11512.56,-0.2218,0.0708,0.000281,-0.4436,-0.6654,-0.4556,-0.6853,254.425714,402.601777,392.856553,250.084178,168.470855
2013-08-23,11601.81,0.7752,0.0707,0.00028,1.5505,2.3257,1.5385,2.3058,256.398124,408.84404,401.993299,253.931708,172.355447
2013-08-26,11635.47,0.2901,0.0704,0.00028,0.5803,0.8704,0.5683,0.8505,257.142005,411.216375,405.492174,255.374721,173.821257
2013-08-27,11530.4,-0.903,0.0704,0.000279,-1.806,-2.709,-1.818,-2.729,254.819975,403.789686,394.507213,250.731971,169.077731
2013-08-28,11537.06,0.0578,0.0703,0.000279,0.1155,0.1733,0.1035,0.1534,254.96716,404.256147,395.190819,250.991567,169.337026
2013-08-29,11681.9,1.2554,0.0702,0.000279,2.5109,3.7663,2.4989,3.7464,258.1681,414.406473,410.074881,257.263546,175.681027
2013-08-30,11837.0,1.3277,0.0701,0.000278,2.6554,3.9831,2.6434,3.9632,261.595785,425.410581,426.408512,264.064064,182.643553
2013-09-02,11862.52,0.2156,0.0699,0.000277,0.4312,0.6468,0.4192,0.6269,262.159773,427.24491,429.166461,265.171039,183.788483
2013-09-03,11935.94,0.6189,0.0698,0.000277,1.2378,1.8568,1.2259,1.8369,263.782343,432.533554,437.135105,268.421678,187.164408
2013-09-04,11928.92,-0.0588,0.0697,0.000277,-0.1176,-0.1764,-0.1296,-0.1964,263.627202,432.024774,436.363816,268.073774,186.796892
2013-09-05,12055.65,1.0624,0.0696,0.000276,2.1248,3.1871,2.1128,3.1672,266.427915,441.20423,450.271291,273.737555,192.713143
2013-09-06,12048.46,-0.0596,0.0695,0.000276,-0.1193,-0.1789,-0.1313,-0.1988,266.269017,440.677961,449.465664,273.378241,192.329958
2013-09-09,12099.26,0.4216,0.0693,0.000275,0.8433,1.2649,0.8313,1.245,267.391689,444.394028,455.150919,275.650779,194.724422
2013-09-10,12124.71,0.2103,0.0692,0.000275,0.4207,0.631,0.4087,0.6111,267.95413,446.263535,458.023059,276.77738,195.914414
2013-09-11,12125.37,0.0054,0.0691,0.000274,0.0109,0.0163,-0.0011,-0.0036,267.968715,446.312119,458.097856,276.774353,195.907393
2013-09-12,12149.63,0.2001,0.069,0.000274,0.4002,0.6002,0.3882,0.5803,268.504858,448.098049,460.847493,277.848715,197.044275
2013-09-13,12065.2,-0.6949,0.069,0.000274,-1.3898,-2.0848,-1.4018,-2.1047,266.638968,441.870219,451.239952,273.953785,192.897149
2013-09-14,12027.21,-0.3149,0.0689,0.000273,-0.6297,-0.9446,-0.6417,-0.9645,265.799395,439.087563,446.97746,272.195756,191.0366
2013-09-16,12193.91,1.386,0.0687,0.000273,2.772,4.1581,2.7601,4.1382,269.483438,451.25928,465.563103,279.708546,198.942002
2013-09-17,12185.78,-0.0667,0.0686,0.000272,-0.1333,-0.2,-0.1453,-0.2199,269.303767,450.657547,464.631894,279.302063,198.504474
2013-09-18,12125.82,-0.492,0.0685,0.000272,-0.9841,-1.4761,-0.9961,-1.4961,267.97866,446.222635,457.773245,276.520001,195.534736
2013-09-23,12249.38,1.019,0.0681,0.00027,2.038,3.0569,2.026,3.037,270.709316,455.316498,471.767134,282.122265,201.473208
2013-09-24,12258.87,0.0775,0.0681,0.00027,0.1549,0.2324,0.143,0.2125,270.919044,456.021995,472.863615,282.525616,201.901368
2013-09-25,12236.39,-0.1834,0.068,0.00027,-0.3668,-0.5501,-0.3787,-0.57,270.42224,454.349513,470.26224,281.455604,200.750456
2013-09-26,12089.83,-1.1977,0.0679,0.000269,-2.3955,-3.5932,-2.4075,-3.6131,267.183287,443.465671,453.364699,274.679691,193.4971
2013-09-27,12157.78,0.562,0.0678,0.000269,1.1241,1.6861,1.1121,1.6662,268.684971,448.450603,461.009008,277.734431,196.721196
2013-09-30,12073.87,-0.6902,0.0676,0.000268,-1.3804,-2.0705,-1.3923,-2.0904,266.830574,442.260412,451.463696,273.867464,192.608883
2013-10-01,12095.1,0.1758,0.0675,0.000268,0.3517,0.5275,0.3397,0.5076,267.299753,443.815703,453.84518,274.797777,193.58657
2013-10-02,12138.69,0.3604,0.0674,0.000267,0.7208,1.0812,0.7088,1.0613,268.263085,447.014672,458.75207,276.745582,195.641068
2013-10-03,12349.21,1.7343,0.0673,0.000267,3.4686,5.2029,3.4566,5.183,272.915543,462.519727,482.620334,286.311584,205.781083
2013-10-04,12357.38,0.0662,0.0672,0.000267,0.1323,0.1985,0.1203,0.1786,273.096099,463.131716,483.578211,286.65614,206.148558
2013-10-07,12312.05,-0.3668,0.067,0.000266,-0.7337,-1.1005,-0.7456,-1.1204,272.094313,459.733947,478.256549,284.518766,203.838926
2013-10-08,12374.08,0.5038,0.0669,0.000265,1.0076,1.5114,0.9957,1.4916,273.465166,464.366367,485.485139,287.351603,206.879285
2013-10-09,12328.39,-0.3692,0.0668,0.000265,-0.7385,-1.1077,-0.7505,-1.1276,272.455425,460.937119,480.10733,285.195171,204.546485
2013-10-11,12335.25,0.0556,0.0667,0.000265,0.1113,0.1669,0.0993,0.147,272.60703,461.450086,480.908781,285.478418,204.847246
2013-10-14,12223.85,-0.9031,0.0664,0.000264,-1.8062,-2.7093,-1.8182,-2.7292,270.145108,453.115347,467.879478,280.287919,199.256553
2013-10-15,12362.6,1.1351,0.0663,0.000263,2.2702,3.4052,2.2582,3.3853,273.21146,463.401756,483.811842,286.617332,206.002059
2013-10-16,12309.87,-0.4265,0.0662,0.000263,-0.8531,-1.2796,-0.865,-1.2995,272.046136,459.448675,477.621058,284.138017,203.325111
2013-10-17,12372.67,0.5102,0.0662,0.000263,1.0203,1.5305,1.0084,1.5106,273.434005,464.13652,484.930948,287.003125,206.396518
2013-10-18,12470.93,0.7942,0.0661,0.000262,1.5883,2.3825,1.5764,2.3626,275.605536,471.508583,496.484473,291.527358,211.272883
2013-10-21,12438.61,-0.2592,0.0658,0.000261,-0.5183,-0.7775,-0.5303,-0.7974,274.891269,469.064634,492.624365,289.981409,209.588244
2013-10-22,12437.07,-0.0124,0.0658,0.000261,-0.0248,-0.0371,-0.0367,-0.057,274.857235,468.948486,492.441393,289.874902,209.468717
2013-10-23,12400.72,-0.2923,0.0657,0.000261,-0.5845,-0.8768,-0.5965,-0.8967,274.053906,466.207282,488.123596,288.14577,207.59041
2013-10-24,12430.41,0.2394,0.0656,0.00026,0.4788,0.7183,0.4669,0.6984,274.71005,468.439683,491.629616,289.491055,209.040178
2013-10-25,12331.28,-0.7975,0.0655,0.00026,-1.595,-2.3924,-1.6069,-2.4123,272.519293,460.96826,479.867676,284.839149,203.997451
2013-10-28,12421.72,0.7334,0.0653,0.000259,1.4668,2.2003,1.4549,2.1804,274.518003,467.729922,490.426004,288.983198,208.445361
2013-10-29,12441.14,0.1563,0.0652,0.000259,0.3127,0.469,0.3007,0.4491,274.947181,469.192411,492.726187,289.852208,209.381562
2013-10-30,12506.29,0.5237,0.0651,0.000258,1.0473,1.571,1.0354,1.5511,276.386986,474.106411,500.466903,292.853242,212.629312
2013-10-31,12484.12,-0.1773,0.065,0.000258,-0.3545,-0.5318,-0.3665,-0.5517,275.897032,472.425507,497.805358,291.779918,211.45625
2013-11-01,12392.72,-0.7321,0.0649,0.000258,-1.4643,-2.1964,-1.4762,-2.2163,273.877107,465.507968,486.871609,287.472592,206.769807
2013-11-04,12342.42,-0.4059,0.0647,0.000257,-0.8118,-1.2177,-0.8237,-1.2375,272.765485,461.729129,480.943215,285.104594,204.210972
2013-11-05,12206.6,-1.1004,0.0646,0.000256,-2.2009,-3.3013,-2.2128,-3.3212,269.763885,451.567094,465.065849,278.795721,197.428767
2013-11-06,12236.03,0.2411,0.0645,0.000256,0.4822,0.7233,0.4702,0.7034,270.414284,453.744542,468.429657,280.106718,198.817521
2013-11-07,12238.63,0.0212,0.0644,0.000256,0.0425,0.0637,0.0305,0.0439,270.471743,453.937372,468.728263,280.19225,198.904741
2013-11-08,12158.67,-0.6533,0.0644,0.000255,-1.3067,-1.96,-1.3186,-1.9799,268.70464,448.005853,459.54108,276.497512,194.966628
2013-11-11,12089.19,-0.5714,0.0641,0.000254,-1.1429,-1.7143,-1.1548,-1.7342,267.169143,442.885647,451.663019,273.304383,191.585505
2013-11-12,12108.03,0.1558,0.064,0.000254,0.3117,0.4675,0.2997,0.4477,267.585504,444.266048,453.774657,274.123539,192.443141
2013-11-13,11973.58,-1.1104,0.0639,0.000254,-2.2208,-3.3313,-2.2328,-3.3511,264.614181,434.399609,438.658242,268.002908,185.994116
2013-11-14,12018.87,0.3782,0.0639,0.000253,0.7565,1.1347,0.7445,1.1149,265.615083,437.685838,443.635909,269.998294,188.06772
2013-11-15,12081.23,0.5189,0.0638,0.000253,1.0377,1.5566,1.0257,1.5367,266.993229,442.22771,450.541334,272.767781,190.957721
2013-11-18,12102.42,0.1754,0.0635,0.000252,0.3508,0.5262,0.3388,0.5063,267.461524,443.77901,452.912029,273.69201,191.924576
2013-11-19,12204.0,0.8393,0.0635,0.000252,1.6787,2.518,1.6667,2.4981,269.706426,451.228606,464.316394,278.253674,196.719121
2013-11-20,12121.64,-0.6749,0.0634,0.000251,-1.3497,-2.0246,-1.3617,-2.0445,267.886283,445.138277,454.915927,274.464751,192.697297
2013-11-21,11966.49,-1.2799,0.0633,0.000251,-2.5599,-3.8398,-2.5718,-3.8597,264.457493,433.743251,437.447943,267.405951,185.25977
2013-11-22,11992.09,0.2139,0.0632,0.000251,0.4279,0.6418,0.4159,0.6219,265.023249,435.599071,440.25545,268.518104,186.411948
2013-11-25,12096.6,0.8715,0.063,0.00025,1.743,2.6145,1.731,2.5946,267.332903,443.191486,451.765811,273.166222,191.248608
2013-11-26,12185.99,0.739,0.0629,0.00025,1.4779,2.2169,1.466,2.197,269.308408,449.741572,461.781025,277.170785,195.450416
2013-11-27,12256.71,0.5803,0.0628,0.000249,1.1607,1.741,1.1487,1.7212,270.871308,454.96162,469.820706,280.354705,198.814416
2013-11-28,12355.03,0.8022,0.0627,0.000249,1.6043,2.4065,1.5924,2.3867,273.044164,462.260777,481.127028,284.819047,203.559431
2013-11-29,12420.62,0.5309,0.0626,0.000249,1.0618,1.5926,1.0498,1.5728,274.493693,467.168848,488.789605,287.809074,206.76095
2013-12-02,12432.12,0.0926,0.0624,0.000248,0.1852,0.2778,0.1732,0.2579,274.747841,468.033932,490.147286,288.307623,207.294194
2013-12-03,12399.53,-0.2621,0.0623,0.000247,-0.5243,-0.7864,-0.5362,-0.8063,274.027607,465.580091,486.292617,286.7616,205.622801
2013-12-04,12437.12,0.3032,0.0622,0.000247,0.6063,0.9095,0.5944,0.8896,274.85834,468.402965,490.715303,288.465997,207.452045
2013-12-05,12374.39,-0.5044,0.0621,0.000247,-1.0088,-1.5131,-1.0207,-1.533,273.472017,463.677929,483.290134,285.521603,204.271826
2013-12-06,12362.84,-0.0933,0.0621,0.000246,-0.1867,-0.28,-0.1986,-0.2999,273.216764,462.812355,481.936855,284.954476,203.659273
2013-12-09,12476.46,0.919,0.0618,0.000245,1.8381,2.7571,1.8261,2.7373,275.727748,471.319257,495.224497,290.158136,209.233993
2013-12-10,12474.64,-0.0146,0.0617,0.000245,-0.0292,-0.0438,-0.0411,-0.0636,275.687526,471.18175,495.007775,290.038805,209.100884
2013-12-11,12460.42,-0.114,0.0616,0.000245,-0.228,-0.342,-0.2399,-0.3618,275.373266,470.107538,493.314978,289.342905,208.344298
2013-12-12,12353.41,-0.8588,0.0616,0.000244,-1.7176,-2.5764,-1.7295,-2.5963,273.008363,462.032978,480.605222,284.338577,202.935156
2013-12-13,12376.47,0.1867,0.0615,0.000244,0.3733,0.56,0.3614,0.5402,273.517985,463.757923,483.296646,285.366142,204.031319
2013-12-16,12283.49,-0.7513,0.0612,0.000243,-1.5025,-2.2538,-1.5145,-2.2736,271.463142,456.789828,472.404141,281.044335,199.392373
2013-12-17,12341.2,0.4698,0.0612,0.000243,0.9396,1.4095,0.9277,1.3896,272.738524,461.081986,479.062454,283.651544,202.163135
2013-12-18,12335.45,-0.0466,0.0611,0.000242,-0.0932,-0.1398,-0.1051,-0.1596,272.611449,460.652332,478.392841,283.353334,201.840431
2013-12-19,12421.68,0.699,0.061,0.000242,1.3981,2.0971,1.3861,2.0773,274.517119,467.092641,488.425345,287.280997,206.033217
2013-12-20,12423.35,0.0134,0.0609,0.000242,0.0269,0.0403,0.0149,0.0205,274.554025,467.218235,488.62234,287.323918,206.075421
2013-12-23,12494.16,0.57,0.0607,0.000241,1.14,1.7099,1.128,1.6901,276.118915,472.54429,496.977417,290.564941,209.558258
2013-12-24,12485.35,-0.0705,0.0606,0.00024,-0.141,-0.2115,-0.153,-0.2314,275.924215,471.87788,495.926116,290.120456,209.073372
2013-12-25,12510.85,0.2042,0.0605,0.00024,0.4085,0.6127,0.3965,0.5929,276.487761,473.805401,498.964746,291.270877,210.312912
2013-12-26,12537.65,0.2142,0.0604,0.00024,0.4284,0.6426,0.4165,0.6228,277.080037,475.835316,502.171303,292.483968,211.622736
2013-12-27,12610.27,0.5792,0.0603,0.000239,1.1584,1.7376,1.1465,1.7178,278.684927,481.347539,510.897264,295.837253,215.257996
2013-12-30,12740.86,1.0356,0.0601,0.000238,2.0712,3.1068,2.0592,3.0869,281.570945,491.31706,526.769583,301.929206,221.90282
2013-12-31,12723.25,-0.1382,0.06,0.000238,-0.2764,-0.4147,-0.2884,-0.4345,281.181767,489.958896,524.585331,301.058509,220.938671
2014-01-02,12724.76,0.0119,0.0598,0.000237,0.0237,0.0356,0.0118,0.0158,281.215138,490.075193,524.772105,301.09401,220.9735
2014-01-03,12627.25,-0.7663,0.0598,0.000237,-1.5326,-2.2989,-1.5445,-2.3187,279.060182,482.564288,512.708099,296.443475,215.849692
2014-01-06,12558.51,-0.5444,0.0595,0.000236,-1.0888,-1.6331,-1.1007,-1.653,277.541039,477.310338,504.334885,293.180524,212.281757
2014-01-07,12576.67,0.1446,0.0594,0.000236,0.2892,0.4338,0.2773,0.414,277.942372,478.690749,506.522738,293.993409,213.160546
2014-01-08,12641.24,0.5134,0.0593,0.000235,1.0268,1.5402,1.0149,1.5204,279.369359,483.606051,514.324367,296.977089,216.401432
2014-01-09,12580.19,-0.4829,0.0593,0.000235,-0.9659,-1.4488,-0.9778,-1.4687,278.020164,478.934966,506.872685,294.073165,213.22322
2014-01-10,12601.86,0.1723,0.0592,0.000235,0.3445,0.5168,0.3326,0.4969,278.499067,480.584945,509.492024,295.05116,214.28279
2014-01-13,12656.3,0.432,0.0589,0.000234,0.864,1.296,0.8521,1.2762,279.702183,484.737196,516.095037,297.565171,217.017395
2014-01-14,12629.61,-0.2109,0.0588,0.000234,-0.4218,-0.6326,-0.4337,-0.6525,279.112338,482.692738,512.829965,296.274613,215.601397
2014-01-15,12710.01,0.6366,0.0588,0.000233,1.2732,1.9098,1.2613,1.89,280.889165,488.838374,522.62398,300.011402,219.676191
2014-01-16,12724.13,0.1111,0.0587,0.000233,0.2222,0.3333,0.2102,0.3134,281.201215,489.92451,524.365784,300.64217,220.364765
2014-01-17,12700.33,-0.187,0.0586,0.000233,-0.3741,-0.5611,-0.386,-0.581,280.675238,488.09174,521.423366,299.481597,219.084515
2014-01-20,12738.09,0.2973,0.0584,0.000232,0.5946,0.8919,0.5827,0.8721,281.509728,490.994081,526.074177,301.226653,220.995188
2014-01-21,12706.1,-0.2511,0.0583,0.000231,-0.5023,-0.7534,-0.5142,-0.7732,280.802755,488.52795,522.110683,299.677714,219.286371
2014-01-22,12743.62,0.2953,0.0582,0.000231,0.5906,0.8859,0.5786,0.866,281.63194,491.41311,526.735925,301.411784,221.185494
2014-01-23,12698.99,-0.3502,0.0581,0.000231,-0.7004,-1.0506,-0.7124,-1.0705,280.645625,487.971111,521.201808,299.26463,218.81777
2014-01-24,12703.74,0.0374,0.058,0.00023,0.0748,0.1122,0.0629,0.0924,280.750599,488.336157,521.786668,299.452785,219.019932
2014-01-27,12503.19,-1.5787,0.0578,0.000229,-3.1573,-4.736,-3.1693,-4.7558,276.318476,472.917735,497.074815,289.962307,208.603715
2014-02-05,12210.52,-2.3408,0.057,0.000226,-4.6815,-7.0223,-4.6935,-7.0421,269.850517,450.777971,462.168791,276.353048,193.913621
2014-02-06,12279.27,0.563,0.057,0.000226,1.1261,1.6891,1.1141,1.6693,271.369881,455.854084,469.975364,279.432024,197.150621
2014-02-07,12392.05,0.9185,0.0569,0.000226,1.8369,2.7554,1.825,2.7356,273.8623,464.227745,482.92495,284.531616,202.543793
2014-02-10,12398.85,0.0549,0.0566,0.000225,0.1097,0.1646,0.0978,0.1448,274.012579,464.737225,483.719949,284.809936,202.837091
2014-02-11,12455.9,0.4601,0.0565,0.000224,0.9202,1.3804,0.9083,1.3606,275.273375,469.013953,490.397074,287.39691,205.596803
2014-02-12,12574.55,0.9526,0.0565,0.000224,1.9051,2.8577,1.8932,2.8379,277.895521,477.949238,504.411062,292.837882,211.43137
2014-02-13,12510.77,-0.5072,0.0564,0.000224,-1.0144,-1.5216,-1.0264,-1.5415,276.485993,473.100778,496.735717,289.832311,208.172246
2014-02-14,12578.7,0.543,0.0563,0.000223,1.0859,1.6289,1.074,1.6091,277.987235,478.238389,504.827127,292.945152,211.521955
2014-02-17,12587.38,0.069,0.0561,0.000222,0.138,0.207,0.1261,0.1872,278.179062,478.898411,505.872203,293.314504,211.917938
2014-02-18,12641.57,0.4305,0.056,0.000222,0.861,1.2915,0.8491,1.2717,279.376652,483.021827,512.405703,295.805016,214.612946
2014-02-19,12672.27,0.2428,0.0559,0.000222,0.4857,0.7285,0.4738,0.7087,280.055117,485.36786,516.138828,297.206454,216.133994
2014-02-20,12594.87,-0.6108,0.0558,0.000221,-1.2216,-1.8323,-1.2335,-1.8522,278.34459,479.438777,506.681372,293.540434,212.130856
2014-02-21,12708.98,0.906,0.0557,0.000221,1.812,2.718,1.8001,2.6982,280.866402,488.126244,520.45303,298.824397,217.85458
2014-02-24,12648.05,-0.4794,0.0555,0.00022,-0.9588,-1.4383,-0.9708,-1.4581,279.519859,483.445848,512.967487,295.923481,214.678086
2014-02-25,12670.22,0.1753,0.0554,0.00022,0.3506,0.5259,0.3386,0.506,280.009812,485.140653,515.664936,296.925602,215.764458
2014-02-26,12707.52,0.2944,0.0553,0.00022,0.5888,0.8832,0.5769,0.8634,280.834136,487.997075,520.219151,298.638436,217.627302
2014-02-27,12764.71,0.45,0.0552,0.000219,0.9001,1.3501,0.8882,1.3303,282.098026,492.389522,527.242866,301.290857,220.52249
2014-03-03,12709.17,-0.4351,0.0549,0.000218,-0.8702,-1.3053,-0.8821,-1.3251,280.870601,488.104691,520.360672,298.633062,217.600306
2014-03-04,12639.07,-0.5516,0.0548,0.000218,-1.1031,-1.6547,-1.1151,-1.6745,279.321402,482.72021,511.750208,295.303111,213.956565
2014-03-05,12754.9,0.9164,0.0547,0.000217,1.8329,2.7493,1.821,2.7295,281.881227,491.567931,525.819921,300.680476,219.796579
2014-03-06,12874.36,0.9366,0.0547,0.000217,1.8732,2.8097,1.8612,2.7899,284.521273,500.775797,540.594113,306.276859,225.928782
2014-03-07,12874.61,0.0019,0.0546,0.000217,0.0039,0.0058,-0.008,-0.014,284.526798,500.795246,540.625605,306.252237,225.897214
2014-03-10,12802.63,-0.5591,0.0543,0.000216,-1.1182,-1.6773,-1.1301,-1.6971,282.936052,495.195505,531.557937,302.791306,222.063623
2014-03-11,12857.42,0.428,0.0542,0.000215,0.8559,1.2839,0.844,1.2641,284.146902,499.433972,538.382486,305.346853,224.870688
2014-03-12,12831.42,-0.2022,0.0542,0.000215,-0.4044,-0.6067,-0.4164,-0.6264,283.572306,497.414082,535.11637,304.07552,223.461988
2014-03-13,12924.6,0.7262,0.0541,0.000215,1.4524,2.1786,1.4405,2.1588,285.631569,504.638387,546.774193,308.45558,228.286006
2014-03-14,12835.7,-0.6878,0.054,0.000214,-1.3757,-2.0635,-1.3876,-2.0833,283.666894,497.696222,535.491471,304.175476,223.530123
2014-03-17,12854.13,0.1436,0.0538,0.000213,0.2872,0.4308,0.2752,0.411,284.074194,499.125445,537.798109,305.012713,224.448742
2014-03-18,12901.18,0.366,0.0537,0.000213,0.7321,1.0981,0.7201,1.0783,285.113991,502.779345,543.70362,307.209235,226.868972
2014-03-19,12838.42,-0.4865,0.0536,0.000213,-0.9729,-1.4594,-0.9849,-1.4792,283.727005,497.887633,535.768802,304.183675,223.513145
2014-03-20,12702.29,-1.0603,0.0535,0.000212,-2.1207,-3.181,-2.1326,-3.2008,280.718554,487.329099,518.726002,297.6967,216.358961
2014-03-21,12672.52,-0.2344,0.0534,0.000212,-0.4687,-0.7031,-0.4807,-0.7229,280.060642,485.04482,515.078832,296.265813,214.794923
2014-03-24,12714.19,0.3288,0.0532,0.000211,0.6576,0.9865,0.6457,0.9667,280.981542,488.234686,520.159905,298.178879,216.871298
2014-03-25,12838.18,0.9752,0.0531,0.000211,1.9504,2.9256,1.9385,2.9058,283.721701,497.757309,535.377853,303.959083,223.173236
2014-03-26,12909.05,0.552,0.053,0.00021,1.1041,1.6561,1.0921,1.6363,285.287917,503.252801,544.244116,307.278723,226.824998
2014-03-27,12971.54,0.4841,0.0529,0.00021,0.9682,1.4522,0.9562,1.4325,286.668936,508.125083,552.147831,310.21705,230.074156
2014-03-28,12964.26,-0.0561,0.0528,0.00021,-0.1122,-0.1684,-0.1242,-0.1882,286.508049,507.554735,551.218187,309.831879,229.641265
2014-03-31,13074.55,0.8507,0.0526,0.000209,1.7014,2.5522,1.6895,2.5324,288.94544,516.190509,565.286214,315.066587,235.456672
2014-04-01,13109.8,0.2696,0.0525,0.000208,0.5392,0.8088,0.5273,0.789,289.724459,518.973888,569.85838,316.727935,237.314522
2014-04-02,13157.54,0.3642,0.0524,0.000208,0.7283,1.0925,0.7164,1.0727,290.779505,522.753628,576.083885,318.99696,239.860157
2014-04-03,13132.55,-0.1899,0.0524,0.000208,-0.3799,-0.5698,-0.3918,-0.5896,290.227231,520.767905,572.801432,317.747219,238.446019
2014-04-07,13114.68,-0.1361,0.052,0.000206,-0.2721,-0.4082,-0.2841,-0.428,289.832306,519.350644,570.463128,316.844623,237.425469
2014-04-08,13132.12,0.133,0.0519,0.000206,0.266,0.3989,0.254,0.3792,290.217728,520.731917,572.738947,317.649563,238.325703
2014-04-09,13194.65,0.4762,0.0519,0.000206,0.9523,1.4285,0.9404,1.4087,291.59963,525.690959,580.920421,320.636769,241.68301
2014-04-10,13220.54,0.1962,0.0518,0.000205,0.3924,0.5886,0.3805,0.5689,292.171795,527.753937,584.339995,321.856856,243.057876
2014-04-11,13161.37,-0.4476,0.0517,0.000205,-0.8951,-1.3427,-0.907,-1.3625,290.864148,523.029894,576.494159,318.937506,239.746313
2014-04-14,13086.56,-0.5684,0.0515,0.000204,-1.1368,-1.7052,-1.1487,-1.725,289.210859,517.084029,566.663679,315.2738,235.61071
2014-04-15,13174.17,0.6695,0.0514,0.000204,1.3389,2.0084,1.327,1.9886,291.147026,524.007427,578.044532,319.457548,240.296121
2014-04-16,13184.68,0.0798,0.0513,0.000204,0.1596,0.2393,0.1476,0.2196,291.379295,524.843505,579.427977,319.929211,240.823714
2014-04-17,13214.73,0.2279,0.0512,0.000203,0.4558,0.6837,0.4439,0.664,292.043395,527.23591,583.389805,321.349449,242.422728
2014-04-18,13247.97,0.2515,0.0511,0.000203,0.5031,0.7546,0.4912,0.7348,292.777994,529.888302,587.792137,322.927807,244.204151
2014-04-21,13225.12,-0.1725,0.0509,0.000202,-0.345,-0.5174,-0.3569,-0.5372,292.273013,528.060407,584.750679,321.775385,242.89227
2014-04-22,13259.86,0.2627,0.0508,0.000202,0.5254,0.788,0.5135,0.7683,293.040761,530.834646,589.358782,323.42756,244.758357
2014-04-23,13233.58,-0.1982,0.0507,0.000201,-0.3964,-0.5946,-0.4083,-0.6143,292.459977,528.730501,585.854594,322.107031,243.254699
2014-04-24,13216.64,-0.128,0.0506,0.000201,-0.256,-0.384,-0.2679,-0.4038,292.085606,527.376869,583.604777,321.244034,242.27246
2014-04-25,12963.49,-1.9154,0.0505,0.000201,-3.8308,-5.7462,-3.8427,-5.7659,286.491032,507.174238,550.069881,308.899641,228.303196
2014-04-28,13016.08,0.4057,0.0503,0.0002,0.8114,1.217,0.7994,1.1973,287.653262,511.289224,556.764415,311.369138,231.036599
2014-04-29,13108.27,0.7083,0.0502,0.000199,1.4166,2.1248,1.4046,2.1051,289.690646,518.53192,568.594731,315.742784,235.900081
2014-04-30,12989.08,-0.9093,0.0501,0.000199,-1.8185,-2.7278,-1.8305,-2.7476,287.056567,509.102175,553.08449,309.963264,229.41853
2014-05-02,13101.2,0.8632,0.05,0.000198,1.7264,2.5896,1.7145,2.5698,289.534401,517.891179,567.406944,315.277487,235.314124
2014-05-05,13105.79,0.035,0.0497,0.000197,0.0701,0.1051,0.0582,0.0853,289.635839,518.254065,568.003316,315.460872,235.514953
2014-05-06,13168.26,0.4767,0.0496,0.000197,0.9533,1.43,0.9414,1.4102,291.016416,523.19468,576.125643,318.430671,238.836231
2014-05-07,13139.93,-0.2151,0.0496,0.000197,-0.4303,-0.6454,-0.4422,-0.6652,290.390327,520.943493,572.407238,317.022634,237.247554
2014-05-08,13195.79,0.4251,0.0495,0.000196,0.8502,1.2753,0.8383,1.2556,291.624824,525.372726,579.70743,319.68033,240.226414
2014-05-09,13134.9,-0.4614,0.0494,0.000196,-0.9229,-1.3843,-0.9348,-1.4041,290.279165,520.524218,571.68251,316.692046,236.853486
2014-05-12,13015.09,-0.9122,0.0492,0.000195,-1.8243,-2.7365,-1.8362,-2.7562,287.631384,511.028294,556.038702,310.876942,230.325317
2014-05-13,13028.88,0.106,0.0491,0.000195,0.2119,0.3179,0.2,0.2981,287.93614,512.111203,557.806137,311.498717,231.011934
2014-05-14,13113.43,0.6489,0.049,0.000194,1.2979,1.9468,1.286,1.9271,289.804682,518.757823,568.665668,315.504544,235.463707
2014-05-15,13121.71,0.0631,0.0489,0.000194,0.1263,0.1894,0.1144,0.1697,289.987668,519.412924,569.742858,315.865426,235.863221
2014-05-16,13133.24,0.0879,0.0488,0.000194,0.1757,0.2636,0.1638,0.2439,290.242479,520.325737,571.244751,316.382937,236.438388
2014-05-19,13150.15,0.1288,0.0486,0.000193,0.2575,0.3863,0.2456,0.3665,290.616188,521.665651,573.451308,317.160023,237.304985
2014-05-20,13132.26,-0.136,0.0485,0.000192,-0.2721,-0.4081,-0.284,-0.4279,290.220822,520.246261,571.110869,316.25933,236.289599
2014-05-21,13095.15,-0.2826,0.0484,0.000192,-0.5652,-0.8478,-0.5771,-0.8675,289.400697,517.305969,566.269221,314.434287,234.239766
2014-05-22,13253.58,1.2098,0.0483,0.000192,2.4197,3.6295,2.4078,3.6098,292.901974,529.823089,586.822029,322.005161,242.695266
2014-05-23,13310.6,0.4302,0.0482,0.000191,0.8604,1.2907,0.8485,1.2709,294.162107,534.381935,594.395966,324.737533,245.779734
2014-05-26,13351.82,0.3097,0.048,0.00019,0.6194,0.929,0.6075,0.9093,295.073062,537.691661,599.918106,326.710181,248.01458
2014-05-27,13380.3,0.2133,0.0479,0.00019,0.4266,0.6399,0.4147,0.6202,295.702465,539.9855,603.757059,328.065087,249.552685
2014-05-28,13478.45,0.7335,0.0478,0.00019,1.4671,2.2006,1.4552,2.1809,297.871565,547.907531,617.043477,332.839044,254.995126
2014-05-29,13459.67,-0.1393,0.0478,0.000189,-0.2787,-0.418,-0.2906,-0.4377,297.45653,546.380693,614.464232,331.871938,253.878899
2014-05-30,13410.77,-0.3633,0.0477,0.000189,-0.7266,-1.0899,-0.7385,-1.1097,296.375848,542.410608,607.767047,329.421028,251.061691
2014-06-03,13481.03,0.5239,0.0473,0.000188,1.0478,1.5717,1.0359,1.552,297.928582,548.094066,617.319454,332.833567,254.958121
2014-06-04,13475.99,-0.0374,0.0473,0.000188,-0.0748,-0.1122,-0.0867,-0.1319,297.817199,547.684246,616.627084,332.545115,254.621837
2014-06-05,13506.67,0.2277,0.0472,0.000187,0.4553,0.683,0.4434,0.6633,298.495222,550.178008,620.8386,334.019736,256.310623
2014-06-06,13497.41,-0.0686,0.0471,0.000187,-0.1371,-0.2057,-0.149,-0.2254,298.290578,549.423618,619.561683,333.522011,255.732861
2014-06-09,13539.2,0.3096,0.0468,0.000186,0.6192,0.9288,0.6073,0.9091,299.21413,552.825813,625.31645,335.547615,258.057749
2014-06-10,13627.81,0.6545,0.0468,0.000186,1.3089,1.9634,1.297,1.9437,301.172396,560.061971,637.593976,339.899829,263.073549
2014-06-11,13638.78,0.0805,0.0467,0.000185,0.161,0.2415,0.1491,0.2218,301.414832,560.963639,639.133711,340.406629,263.65693
2014-06-12,13601.71,-0.2718,0.0466,0.000185,-0.5436,-0.8154,-0.5555,-0.8351,300.595591,557.914258,633.922243,338.51571,261.455051
2014-06-13,13589.51,-0.0897,0.0465,0.000185,-0.1794,-0.2691,-0.1913,-0.2888,300.325973,556.91342,632.216461,337.868197,260.699921
2014-06-16,13599.18,0.0712,0.0463,0.000184,0.1423,0.2135,0.1304,0.1937,300.539678,557.705995,633.566075,338.308864,261.205004
2014-06-17,13655.75,0.416,0.0462,0.000183,0.832,1.2479,0.8201,1.2282,301.789866,562.345896,641.472618,341.083241,264.413154
2014-06-18,13715.55,0.4379,0.0461,0.000183,0.8758,1.3137,0.8639,1.294,303.111436,567.271043,649.899851,344.029969,267.834663
2014-06-19,13770.13,0.3979,0.046,0.000183,0.7959,1.1938,0.784,1.1741,304.317645,571.785868,657.658534,346.72715,270.979302
2014-06-20,13706.67,-0.4609,0.0459,0.000182,-0.9217,-1.3826,-0.9336,-1.4023,302.91519,566.515688,648.566025,343.490126,267.179393
2014-06-23,13647.54,-0.4314,0.0457,0.000181,-0.8628,-1.2942,-0.8747,-1.3139,301.608426,561.627838,640.172365,340.485689,263.668883
2014-06-24,13683.8,0.2657,0.0456,0.000181,0.5314,0.7971,0.5195,0.7773,302.409766,564.612204,645.274966,342.25448,265.718485
2014-06-25,13677.97,-0.0426,0.0455,0.000181,-0.0852,-0.1278,-0.0971,-0.1475,302.280924,564.131096,644.450205,341.92216,265.326439
2014-06-26,13799.93,0.8917,0.0455,0.00018,1.7833,2.675,1.7714,2.6552,304.976221,574.191277,661.68898,347.979034,272.371473
2014-06-27,13789.21,-0.0777,0.0454,0.00018,-0.1554,-0.233,-0.1672,-0.2528,304.73931,573.299196,660.146949,347.397041,271.683
2014-06-30,13919.39,0.9441,0.0451,0.000179,1.8881,2.8322,1.8763,2.8125,307.616267,584.123904,678.843726,353.915104,279.324061
2014-07-01,14008.09,0.6372,0.045,0.000179,1.2745,1.9117,1.2626,1.892,309.576523,591.568453,691.821329,358.383622,284.60887
2014-07-02,14073.18,0.4647,0.045,0.000178,0.9293,1.394,0.9174,1.3743,311.015001,597.066018,701.465182,361.67156,288.520131
2014-07-03,14150.71,0.5509,0.0449,0.000178,1.1018,1.6527,1.0899,1.633,312.728402,603.644564,713.058424,365.613519,293.231656
2014-07-04,14147.69,-0.0213,0.0448,0.000178,-0.0427,-0.064,-0.0546,-0.0837,312.66166,603.386908,712.601888,365.414012,292.986087
2014-07-07,14167.45,0.1397,0.0445,0.000177,0.2793,0.419,0.2675,0.3993,313.098353,605.072402,715.587749,366.391333,294.15595
2014-07-08,14187.05,0.1383,0.0445,0.000176,0.2767,0.415,0.2648,0.3953,313.53151,606.74658,718.557695,367.361566,295.318801
2014-07-09,14143.48,-0.3071,0.0444,0.000176,-0.6142,-0.9213,-0.6261,-0.9411,312.56862,603.019809,711.937385,365.061498,292.539702
2014-07-10,14265.25,0.861,0.0443,0.000176,1.7219,2.5829,1.71,2.5632,315.259717,613.403353,730.325917,371.304203,300.037991
2014-07-11,14164.84,-0.7039,0.0442,0.000175,-1.4078,-2.1116,-1.4196,-2.1314,313.040673,604.768126,714.9041,366.033026,293.643128
2014-07-14,14248.39,0.5898,0.044,0.000174,1.1797,1.7695,1.1678,1.7498,314.887114,611.902464,727.554488,370.307562,298.78132
2014-07-15,14324.83,0.5365,0.0439,0.000174,1.073,1.6094,1.0611,1.5897,316.576426,618.467953,739.264077,374.236832,303.531141
2014-07-16,14217.5,-0.7493,0.0438,0.000174,-1.4985,-2.2478,-1.5104,-2.2675,314.20445,609.200106,722.647081,368.58437,296.648608
2014-07-17,14131.31,-0.6062,0.0437,0.000174,-1.2124,-1.8187,-1.2243,-1.8384,312.299665,601.813863,709.504485,364.071684,291.195061
2014-07-18,14123.25,-0.057,0.0436,0.000173,-0.1141,-0.1711,-0.126,-0.1908,312.12154,601.127356,708.290456,363.613126,290.6394
2014-07-21,14185.04,0.4375,0.0434,0.000172,0.875,1.3125,0.8631,1.2928,313.487089,606.387287,717.586886,366.751589,294.396807
2014-07-22,14275.64,0.6387,0.0433,0.000172,1.2774,1.9161,1.2655,1.8964,315.489335,614.133291,731.336591,371.392918,299.979731
2014-07-24,14332.24,0.3965,0.0432,0.000171,0.793,1.1894,0.7811,1.1697,316.740185,619.003118,740.035392,374.2938,303.488688
2014-07-25,14205.41,-0.8849,0.0431,0.000171,-1.7699,-2.6548,-1.7817,-2.6745,313.937263,608.047654,720.389052,367.624883,295.371911
2014-07-28,14179.32,-0.1837,0.0428,0.00017,-0.3673,-0.551,-0.3792,-0.5707,313.360678,605.814144,716.4198,366.230846,293.686246
2014-07-29,14143.74,-0.2509,0.0427,0.00017,-0.5019,-0.7528,-0.5137,-0.7725,312.574366,602.77382,711.026689,364.349395,291.417547
2014-07-30,14233.38,0.6338,0.0427,0.000169,1.2676,1.9013,1.2557,1.8816,314.555395,610.414323,724.545694,368.924463,296.900954
2014-07-31,14045.85,-1.3175,0.0426,0.000169,-2.6351,-3.9526,-2.6469,-3.9723,310.411013,594.329458,695.907229,359.159222,285.107119
2014-08-01,13981.9,-0.4553,0.0425,0.000169,-0.9106,-1.3659,-0.9225,-1.3856,308.997728,588.917558,686.401944,355.846107,281.156714
2014-08-04,14080.22,0.7032,0.0422,0.000168,1.4064,2.1096,1.3945,2.0899,311.170584,597.200033,700.882173,360.808437,287.032564
2014-08-05,13799.12,-1.9964,0.0422,0.000167,-3.9928,-5.9893,-4.0047,-6.009,304.95832,573.354819,658.904567,346.359109,269.784912
2014-08-06,13810.94,0.0857,0.0421,0.000167,0.1713,0.257,0.1594,0.2373,305.21954,574.337064,660.597773,346.91135,270.425041
2014-08-07,13802.59,-0.0605,0.042,0.000167,-0.1209,-0.1814,-0.1328,-0.2011,305.035006,573.642583,659.399594,346.450681,269.881281
2014-08-08,13734.72,-0.4917,0.0419,0.000166,-0.9834,-1.4752,-0.9953,-1.4949,303.53509,568.001161,649.672409,343.002418,265.846945
2014-08-11,13877.16,1.0371,0.0417,0.000165,2.0742,3.1112,2.0623,3.0915,306.682991,579.782411,669.885272,350.076115,274.065719
2014-08-12,13863.92,-0.0954,0.0416,0.000165,-0.1908,-0.2862,-0.2027,-0.3059,306.390389,578.676086,667.967888,349.366551,273.227295
2014-08-13,13981.02,0.8446,0.0415,0.000165,1.6893,2.5339,1.6774,2.5142,308.97828,588.451528,684.893629,355.226846,280.096832
2014-08-14,13994.5,0.0964,0.0414,0.000164,0.1928,0.2892,0.181,0.2696,309.276186,589.586256,686.874679,355.869672,280.851849
2014-08-15,13958.89,-0.2545,0.0413,0.000164,-0.5089,-0.7634,-0.5208,-0.7831,308.489211,586.585767,681.631274,354.016357,278.652597
2014-08-18,13860.15,-0.7074,0.0411,0.000163,-1.4147,-2.1221,-1.4266,-2.1418,306.307073,578.287188,667.166456,348.965977,272.684472
2014-08-19,14021.51,1.1642,0.041,0.000163,2.3284,3.4926,2.3165,3.4729,309.873103,591.752038,690.467931,357.049889,282.154565
2014-08-20,14089.9,0.4878,0.0409,0.000162,0.9755,1.4633,0.9636,1.4436,311.384511,597.524586,700.571215,360.490537,286.227641
2014-08-21,14042.36,-0.3374,0.0408,0.000162,-0.6748,-1.0122,-0.6867,-1.0319,310.333884,593.492433,693.479932,358.015128,283.274047
2014-08-22,14235.45,1.3751,0.0408,0.000162,2.7501,4.1252,2.7382,4.1055,314.601142,609.814113,722.087098,367.818439,294.903786
2014-08-25,14255.34,0.1397,0.0405,0.000161,0.2794,0.4192,0.2676,0.3995,315.040708,611.518197,725.113833,368.802633,296.081862
2014-08-26,14263.04,0.054,0.0404,0.00016,0.108,0.162,0.0962,0.1424,315.210877,612.178819,726.28884,369.157285,296.50336
2014-08-27,14404.3,0.9904,0.0404,0.00016,1.9808,2.9712,1.9689,2.9515,318.3327,624.304758,747.868159,376.425687,305.254628
2014-08-28,14417.62,0.0925,0.0403,0.00016,0.1849,0.2774,0.1731,0.2577,318.62707,625.459377,749.942874,377.077199,306.041368
2014-08-29,14355.86,-0.4284,0.0402,0.000159,-0.8567,-1.2851,-0.8686,-1.3048,317.262184,620.100882,740.305401,373.801924,302.048207
2014-09-01,14473.43,0.819,0.0399,0.000159,1.6379,2.4569,1.6261,2.4372,319.860462,630.257747,758.49401,379.880215,309.409799
2014-09-02,14303.09,-1.1769,0.0399,0.000158,-2.3538,-3.5307,-2.3657,-3.5504,316.095975,615.422548,731.713516,370.893407,298.424429
2014-09-03,14380.67,0.5424,0.0398,0.000158,1.0848,1.6272,1.0729,1.6075,317.810481,622.098655,743.619964,374.872858,303.221662
2014-09-04,14348.55,-0.2234,0.0397,0.000158,-0.4467,-0.6701,-0.4586,-0.6897,317.100634,619.319673,738.637218,373.153786,301.130202
2014-09-05,14320.25,-0.1972,0.0396,0.000157,-0.3945,-0.5917,-0.4063,-0.6114,316.475208,616.876674,734.266721,371.637556,299.289161
2014-09-09,14361.1,0.2853,0.0393,0.000156,0.5705,0.8558,0.5587,0.8361,317.377987,620.396084,740.550437,373.71374,301.79153
2014-09-10,14243.68,-0.8176,0.0392,0.000156,-1.6353,-2.4529,-1.6471,-2.4726,314.783024,610.251052,722.385652,367.558254,294.329577
2014-09-11,14190.93,-0.3703,0.0391,0.000155,-0.7407,-1.111,-0.7525,-1.1307,313.617257,605.731049,714.35981,364.792227,291.001608
2014-09-12,14040.06,-1.0631,0.039,0.000155,-2.1263,-3.1894,-2.1381,-3.2091,310.283055,592.851464,691.575793,356.992426,281.663056
2014-09-15,14031.35,-0.062,0.0388,0.000154,-0.1241,-0.1861,-0.1359,-0.2058,310.090565,592.115892,690.288699,356.507153,281.083441
2014-09-16,13903.39,-0.912,0.0387,0.000154,-1.8239,-2.7359,-1.8358,-2.7555,307.26267,581.316197,671.403272,349.962481,273.338058
2014-09-17,13999.46,0.691,0.0386,0.000153,1.382,2.0729,1.3701,2.0533,309.385801,589.349784,685.321111,354.757336,278.950442
2014-09-18,14063.2,0.4553,0.0385,0.000153,0.9106,1.3659,0.8987,1.3462,310.794445,594.716442,694.681979,357.945708,282.705782
2014-09-19,14068.41,0.037,0.0385,0.000153,0.0741,0.1111,0.0622,0.0915,310.909585,595.157092,695.454057,358.168476,282.964375
2014-09-22,13907.34,-1.1449,0.0382,0.000152,-2.2898,-3.4347,-2.3017,-3.4544,307.349964,581.529119,671.567181,349.924623,273.189696
2014-09-23,13831.59,-0.5447,0.0381,0.000151,-1.0894,-1.634,-1.1012,-1.6537,305.675901,575.194215,660.593577,346.071216,268.671966
2014-09-24,13852.97,0.1546,0.0381,0.000151,0.3091,0.4637,0.2973,0.4441,306.148396,576.972413,663.656889,347.100051,269.865015
2014-09-25,13720.67,-0.955,0.038,0.000151,-1.9101,-2.8651,-1.9219,-2.8848,303.224587,565.951895,644.642525,340.429077,262.080068
2014-09-26,13687.59,-0.2411,0.0379,0.00015,-0.4822,-0.7233,-0.494,-0.743,302.493525,563.22292,639.979901,338.747191,260.132933
2014-09-29,13643.44,-0.3226,0.0376,0.000149,-0.6451,-0.9677,-0.657,-0.9873,301.517817,559.589513,633.78704,336.521739,257.564566
2014-09-30,13652.82,0.0688,0.0376,0.000149,0.1375,0.2063,0.1256,0.1866,301.725113,560.358959,635.094245,336.944567,258.045155
2014-10-01,13688.43,0.2608,0.0375,0.000149,0.5217,0.7825,0.5098,0.7628,302.512089,563.282074,640.063703,338.662295,260.013557
2014-10-02,13665.49,-0.1676,0.0374,0.000148,-0.3352,-0.5028,-0.347,-0.5224,302.005118,561.394102,636.845716,337.48704,258.655189
2014-10-03,13865.1,1.4607,0.0373,0.000148,2.9214,4.3821,2.9095,4.3624,306.416467,577.79452,664.752679,347.30629,269.93876
2014-10-06,13848.15,-0.1222,0.0371,0.000147,-0.2445,-0.3667,-0.2564,-0.3864,306.041875,576.38182,662.314711,346.415963,268.895697
2014-10-07,13765.43,-0.5973,0.037,0.000147,-1.1947,-1.792,-1.2065,-1.8117,304.213776,569.495946,650.445976,342.236366,264.024202
2014-10-08,13635.06,-0.9471,0.0369,0.000146,-1.8942,-2.8412,-1.906,-2.8609,301.33262,558.708752,631.965193,335.713279,256.470718
2014-10-09,13652.2,0.1257,0.0368,0.000146,0.2514,0.3771,0.2396,0.3575,301.711411,560.113405,634.348435,336.517508,257.387495
2014-10-13,13263.86,-2.8445,0.0365,0.000145,-5.689,-8.5336,-5.7009,-8.5532,293.12916,528.248293,580.21587,317.332989,235.372565
2014-10-14,13351.45,0.6604,0.0364,0.000144,1.3207,1.9811,1.3089,1.9614,295.064885,535.225036,591.710512,321.4865,239.989265
2014-10-15,13179.56,-1.2874,0.0363,0.000144,-2.5749,-3.8623,-2.5867,-3.8819,291.266144,521.443786,568.857012,313.170603,230.673048
2014-10-16,13146.35,-0.252,0.0362,0.000144,-0.504,-0.7559,-0.5158,-0.7756,290.532208,518.815907,564.556776,311.55523,228.883957
2014-10-17,12962.43,-1.399,0.0362,0.000144,-2.798,-4.1971,-2.8099,-4.2167,286.467606,504.299235,540.861997,302.800874,219.232583
2014-10-20,13191.22,1.765,0.0359,0.000143,3.53,5.2951,3.5182,5.2754,291.523828,522.10124,569.50103,313.454012,230.798027
2014-10-21,13178.29,-0.098,0.0358,0.000142,-0.196,-0.2941,-0.2079,-0.3137,291.238077,521.077716,567.826359,312.802379,230.073993
2014-10-22,13321.71,1.0883,0.0358,0.000142,2.1766,3.2649,2.1648,3.2453,294.407636,532.419546,586.365409,319.573805,237.540507
2014-10-23,13294.67,-0.203,0.0357,0.000142,-0.406,-0.6089,-0.4178,-0.6286,293.810056,530.258169,582.794849,318.23862,236.047378
2014-10-24,13165.15,-0.9742,0.0356,0.000141,-1.9485,-2.9227,-1.9603,-2.9423,290.947685,519.926353,565.761649,312.000196,229.102102
2014-10-27,13137.39,-0.2109,0.0353,0.00014,-0.4217,-0.6326,-0.4336,-0.6522,290.334194,517.733723,562.182759,310.647469,227.607842
2014-10-28,13359.35,1.6895,0.0353,0.00014,3.3791,5.0686,3.3672,5.0489,295.239474,535.228244,590.677479,321.107627,239.099629
2014-10-29,13557.61,1.4841,0.0352,0.00014,2.9681,4.4522,2.9563,4.4325,299.620988,551.114399,616.975402,330.600411,249.697764
2014-10-30,13533.83,-0.1754,0.0351,0.000139,-0.3508,-0.5262,-0.3626,-0.5458,299.095454,549.181094,613.728884,329.401506,248.334807
2014-10-31,13666.06,0.977,0.035,0.000139,1.9541,2.9311,1.9422,2.9115,302.017715,559.912456,631.717887,335.79921,255.564967
2014-11-03,13711.89,0.3354,0.0348,0.000138,0.6707,1.0061,0.6589,0.9864,303.030551,563.66786,638.073405,338.011685,258.085932
2014-11-04,13688.01,-0.1742,0.0347,0.000138,-0.3483,-0.5225,-0.3602,-0.5421,302.502807,561.704544,634.739687,336.79432,256.686831
2014-11-05,13647.54,-0.2957,0.0346,0.000137,-0.5913,-0.887,-0.6032,-0.9066,301.608426,558.38307,629.109669,334.762898,254.359656
2014-11-06,13538.54,-0.7987,0.0345,0.000137,-1.5974,-2.396,-1.6092,-2.4157,299.199544,549.463696,614.035973,329.37589,248.215152
2014-11-07,13571.43,0.2429,0.0344,0.000137,0.4859,0.7288,0.474,0.7092,299.926408,552.133387,618.511118,330.937228,249.975419
2014-11-10,13780.59,1.5412,0.0342,0.000136,3.0824,4.6235,3.0705,4.6039,304.54881,569.152113,647.108204,341.098707,261.484037
2014-11-11,13756.52,-0.1747,0.0341,0.000135,-0.3493,-0.524,-0.3612,-0.5436,304.016867,567.163883,643.717371,339.866749,260.062522
2014-11-12,13581.11,-1.2751,0.034,0.000135,-2.5502,-3.8253,-2.5621,-3.8449,300.140334,552.700019,619.093164,331.159191,250.063252
2014-11-13,13675.1,0.6921,0.0339,0.000135,1.3841,2.0762,1.3723,2.0566,302.217498,560.350097,631.946731,335.703647,255.205948
2014-11-14,13678.46,0.0246,0.0339,0.000134,0.0491,0.0737,0.0373,0.0541,302.291753,560.625455,632.412543,335.828864,255.343955
2014-11-17,13528.49,-1.0964,0.0336,0.000133,-2.1928,-3.2892,-2.2046,-3.3088,298.97744,548.332112,611.611317,328.425078,246.895089
2014-11-18,13489.93,-0.285,0.0335,0.000133,-0.5701,-0.8551,-0.5819,-0.8747,298.125271,545.206311,606.381525,326.513987,244.735459
2014-11-19,13648.55,1.1758,0.0335,0.000133,2.3517,3.5275,2.3398,3.5079,301.630747,558.027819,627.771755,334.153895,253.320509
2014-11-20,13824.62,1.29,0.0334,0.000132,2.5801,3.8701,2.5682,3.8505,305.521866,572.42524,652.067034,342.735687,263.074492
2014-11-21,13843.91,0.1395,0.0333,0.000132,0.2791,0.4186,0.2672,0.399,305.948171,574.022692,654.796593,343.651576,264.124085
2014-11-24,13890.8,0.3387,0.033,0.000131,0.6774,1.0161,0.6656,0.9965,306.984433,577.911177,661.450077,345.938826,266.756048
2014-11-25,13881.53,-0.0667,0.033,0.000131,-0.1335,-0.2002,-0.1453,-0.2198,306.779567,577.139842,660.125825,345.436153,266.169635
2014-11-26,13890.9,0.0675,0.0329,0.00013,0.135,0.2025,0.1232,0.1829,306.986643,577.918978,661.462575,345.861602,266.656388
2014-11-27,13956.24,0.4704,0.0328,0.00013,0.9408,1.4111,0.9289,1.3915,308.430646,583.355807,670.796735,349.074391,270.36695
2014-11-28,13989.51,0.2384,0.0327,0.00013,0.4768,0.7152,0.4649,0.6955,309.165908,586.137107,675.594032,350.697377,272.247459
2014-12-01,13883.77,-0.7559,0.0325,0.000129,-1.5117,-2.2676,-1.5235,-2.2872,306.829071,577.276448,660.274558,345.354364,266.020672
2014-12-02,13757.5,-0.9095,0.0324,0.000129,-1.819,-2.7284,-1.8308,-2.7481,304.038524,566.77603,642.259378,339.03164,258.710265
2014-12-03,13971.4,1.5548,0.0323,0.000128,3.1096,4.6644,3.0977,4.6447,308.76568,584.400365,672.216699,349.533966,270.726693
2014-12-04,14047.32,0.5434,0.0322,0.000128,1.0868,1.6302,1.075,1.6106,310.4435,590.751579,683.175091,353.291307,275.086927
2014-12-05,14019.08,-0.201,0.0321,0.000128,-0.4021,-0.6031,-0.4139,-0.6227,309.8194,588.376346,679.054832,351.829022,273.373893
2014-12-08,13989.72,-0.2094,0.0319,0.000127,-0.4189,-0.6283,-0.4307,-0.6479,309.170549,585.911887,674.788422,350.313727,271.602691
2014-12-09,13900.81,-0.6355,0.0318,0.000126,-1.2711,-1.9066,-1.2829,-1.9262,307.205652,578.4645,661.922809,345.819522,266.370993
2014-12-10,13753.49,-1.0598,0.0317,0.000126,-2.1196,-3.1794,-2.1314,-3.199,303.949904,566.203432,640.877748,338.448652,257.849785
2014-12-11,13724.43,-0.2113,0.0316,0.000126,-0.4226,-0.6339,-0.4344,-0.6535,303.307683,563.810749,636.815381,336.978378,256.164758
2014-12-12,13746.14,0.1582,0.0316,0.000125,0.3164,0.4746,0.3045,0.4549,303.78747,565.594478,639.837422,338.004607,257.330154
2014-12-15,13682.65,-0.4619,0.0313,0.000124,-0.9238,-1.3856,-0.9356,-1.4052,302.384352,560.369797,630.971672,334.842301,253.71405
2014-12-16,13629.79,-0.3863,0.0312,0.000124,-0.7727,-1.159,-0.7845,-1.1786,301.216154,556.040059,623.658799,332.215505,250.723779
2014-12-17,13443.16,-1.3693,0.0312,0.000124,-2.7386,-4.1078,-2.7504,-4.1275,297.091661,540.812567,598.039891,323.078282,240.375274
2014-12-18,13519.71,0.5694,0.0311,0.000123,1.1389,1.7083,1.127,1.6887,298.783404,546.971715,608.256229,326.719502,244.434472
2014-12-19,13703.79,1.3616,0.031,0.000123,2.7231,4.0847,2.7113,4.0651,302.851542,561.866495,633.10169,335.577868,254.370958
2014-12-22,13849.19,1.061,0.0307,0.000122,2.122,3.1831,2.1102,3.1635,306.064859,573.78953,653.253703,342.659273,262.417861
2014-12-23,13853.31,0.0297,0.0307,0.000122,0.0595,0.0892,0.0477,0.0696,306.15591,574.130924,653.836713,342.822619,262.600606
2014-12-24,13988.02,0.9724,0.0306,0.000121,1.9448,2.9172,1.933,2.8976,309.132979,585.296657,672.910496,349.449306,270.209724
2014-12-25,13946.19,-0.299,0.0305,0.000121,-0.5981,-0.8971,-0.6099,-0.9167,308.208543,581.796096,666.873649,347.317978,267.732625
2014-12-26,14030.5,0.6045,0.0304,0.000121,1.2091,1.8136,1.1972,1.794,310.07178,588.830451,678.96816,351.476238,272.535768
2014-12-27,14037.24,0.048,0.0303,0.00012,0.0961,0.1441,0.0842,0.1245,310.220733,589.396178,679.946652,351.772355,272.875099
2014-12-29,14140.45,0.7353,0.0302,0.00012,1.4705,2.2058,1.4587,2.1862,312.501657,598.063349,694.944749,356.903627,278.840615
2014-12-30,14113.28,-0.1921,0.0301,0.000119,-0.3843,-0.5764,-0.3961,-0.596,311.901205,595.765066,690.938869,355.489884,277.178627
2014-12-31,14172.4,0.4189,0.03,0.000119,0.8378,1.2567,0.826,1.2371,313.207747,600.756341,699.62182,358.426113,280.607563
2015-01-05,14121.92,-0.3562,0.0303,0.00012,-0.7124,-1.0686,-0.7242,-1.0882,312.092147,596.47673,692.14597,355.830402,277.554101
2015-01-06,13778.14,-2.4344,0.0303,0.00012,-4.8687,-7.3031,-4.8806,-7.3227,304.494665,567.43581,641.597757,338.463851,257.22959
2015-01-07,13826.48,0.3508,0.0304,0.000121,0.7017,1.0525,0.6899,1.0329,305.562971,571.417458,648.35081,340.798792,259.886593
2015-01-08,14066.99,1.7395,0.0304,0.000121,3.479,5.2185,3.4671,5.1989,310.878203,591.296937,682.184769,352.614796,273.397729
2015-01-09,14032.8,-0.2431,0.0305,0.000121,-0.4861,-0.7292,-0.4979,-0.7488,310.12261,588.422627,677.210592,350.859021,271.350634
2015-01-12,13976.03,-0.4046,0.0307,0.000122,-0.8091,-1.2137,-0.8209,-1.2333,308.868002,583.661674,668.991582,347.978706,268.004161
2015-01-13,14057.49,0.5829,0.0307,0.000122,1.1657,1.7486,1.1539,1.729,310.668255,590.465477,680.689336,351.993969,272.637836
2015-01-14,13978.97,-0.5586,0.0308,0.000122,-1.1171,-1.6757,-1.129,-1.6953,308.932976,583.869229,669.28309,348.020115,268.015808
2015-01-15,13955.91,-0.165,0.0308,0.000122,-0.3299,-0.4949,-0.3418,-0.5145,308.423353,581.942903,665.9709,346.830746,266.636878
2015-01-16,13915.11,-0.2923,0.0309,0.000123,-0.5847,-0.877,-0.5965,-0.8967,307.52168,578.540292,660.130017,344.761806,264.246057
2015-01-19,13969.58,0.3914,0.031,0.000123,0.7829,1.1743,0.7711,1.1547,308.725458,583.069626,667.882155,347.420128,267.297368
2015-01-20,14087.79,0.8462,0.0311,0.000123,1.6924,2.5386,1.6806,2.519,311.33788,592.937447,684.836927,353.258738,274.030524
2015-01-21,14191.36,0.7352,0.0312,0.000124,1.4704,2.2055,1.4585,2.1859,313.62676,601.65571,699.94119,358.411092,280.020597
2015-01-22,14267.19,0.5343,0.0312,0.000124,1.0687,1.603,1.0568,1.5834,315.302591,608.085475,711.16137,362.198953,284.454457
2015-01-23,14421.64,1.0826,0.0313,0.000124,2.1651,3.2477,2.1533,3.228,318.715911,621.251179,734.257483,369.9981,293.636783
2015-01-26,14431.89,0.0711,0.0314,0.000125,0.1421,0.2132,0.1303,0.1936,318.942434,622.134272,735.823076,370.480268,294.205284
2015-01-27,14498.77,0.4634,0.0315,0.000125,0.9268,1.3903,0.915,1.3706,320.420472,627.900439,746.052889,373.870182,298.237778
2015-01-28,14482.51,-0.1121,0.0315,0.000125,-0.2243,-0.3364,-0.2361,-0.3561,320.061128,626.49209,743.542851,372.987376,297.17588
2015-01-29,14354.58,-0.8833,0.0316,0.000125,-1.7667,-2.65,-1.7785,-2.6696,317.233896,615.423963,723.838787,366.353741,289.242354
2015-01-30,14255.62,-0.6894,0.0316,0.000126,-1.3788,-2.0682,-1.3906,-2.0878,315.046896,606.938538,708.868425,361.259133,283.203534
2015-02-02,14293.82,0.268,0.0318,0.000126,0.5359,0.8039,0.5241,0.7843,315.89111,610.191297,714.566972,363.15248,285.424631
2015-02-03,14387.81,0.6576,0.0319,0.000126,1.3151,1.9727,1.3033,1.9531,317.968273,618.216007,728.663025,367.885377,290.999125
2015-02-04,14487.09,0.69,0.0319,0.000127,1.3801,2.0701,1.3682,2.0505,320.162345,626.747741,743.746974,372.918873,296.965967
2015-02-05,14484.24,-0.0197,0.032,0.000127,-0.0393,-0.059,-0.0512,-0.0786,320.099361,626.501145,743.308029,372.728019,296.732442
2015-02-06,14399.17,-0.5873,0.032,0.000127,-1.1747,-1.762,-1.1865,-1.7816,318.219328,619.141912,730.21106,368.30564,291.445847
2015-02-09,14346.36,-0.3668,0.0322,0.000128,-0.7335,-1.1003,-0.7453,-1.1199,317.052235,614.600416,722.176754,365.560479,288.181967
2015-02-10,14304.03,-0.2951,0.0322,0.000128,-0.5901,-0.8852,-0.6019,-0.9048,316.116749,610.973568,715.784246,363.359991,285.574516
2015-02-11,14408.36,0.7294,0.0323,0.000128,1.4587,2.1881,1.4469,2.1685,318.422425,619.886143,731.446497,368.617502,291.767208
2015-02-12,14460.27,0.3603,0.0324,0.000128,0.7206,1.0808,0.7087,1.0612,319.569628,624.352757,739.352197,371.229965,294.863468
2015-02-13,14510.83,0.3496,0.0324,0.000129,0.6993,1.0489,0.6875,1.0293,320.686996,628.718827,747.10758,373.782024,297.898559
2015-02-24,14662.89,1.0479,0.033,0.000131,2.0958,3.1437,2.084,3.1241,324.047497,641.895604,770.594558,381.571554,307.20519
2015-02-25,14769.74,0.7287,0.0331,0.000131,1.4574,2.1861,1.4456,2.1665,326.408865,651.250723,787.440765,387.087488,313.860801
2015-02-26,14651.82,-0.7984,0.0331,0.000131,-1.5968,-2.3952,-1.6086,-2.4148,323.802852,640.851693,768.58024,380.860736,306.281705
2015-03-02,14620.23,-0.2156,0.0333,0.000132,-0.4312,-0.6468,-0.443,-0.6664,323.104718,638.088281,763.608957,379.173341,304.24051
2015-03-03,14626.95,0.046,0.0334,0.000133,0.0919,0.1379,0.0801,0.1183,323.253229,638.67486,764.661906,379.477015,304.600308
2015-03-04,14651.25,0.1661,0.0335,0.000133,0.3323,0.4984,0.3204,0.4788,323.790255,640.796942,768.472943,380.692952,306.058626
2015-03-05,14610.68,-0.2769,0.0335,0.000133,-0.5538,-0.8307,-0.5656,-0.8503,322.893664,637.248149,762.08913,378.539567,303.456072
2015-03-06,14687.87,0.5283,0.0336,0.000133,1.0566,1.5849,1.0448,1.5653,324.599551,643.981468,774.167759,382.494491,308.206085
2015-03-09,14561.8,-0.8583,0.0337,0.000134,-1.7167,-2.575,-1.7285,-2.5946,321.813424,632.92653,754.233079,375.883093,300.209325
2015-03-10,14521.51,-0.2767,0.0338,0.000134,-0.5534,-0.83,-0.5652,-0.8497,320.923022,629.424132,747.972579,373.758579,297.658501
2015-03-11,14501.2,-0.1399,0.0338,0.000134,-0.2797,-0.4196,-0.2916,-0.4392,320.474174,627.663488,744.834202,372.668836,296.351131
2015-03-12,14612.07,0.7646,0.0339,0.000134,1.5291,2.2937,1.5173,2.274,322.924383,637.261183,761.918257,378.323243,303.090269
2015-03-13,14586.72,-0.1735,0.0339,0.000135,-0.347,-0.5205,-0.3588,-0.5401,322.364152,635.050057,757.952776,376.965764,301.453295
2015-03-16,14485.55,-0.6936,0.0341,0.000135,-1.3872,-2.0807,-1.399,-2.1004,320.128312,626.240946,742.181839,371.692036,295.121678
2015-03-17,14525.95,0.2789,0.0342,0.000136,0.5578,0.8367,0.546,0.8171,321.021145,629.734101,748.391644,373.721309,297.532998
2015-03-18,14699.53,1.195,0.0342,0.000136,2.3899,3.5849,2.3781,3.5653,324.857235,644.784303,775.220696,382.608729,308.140817
2015-03-19,14826.37,0.8629,0.0343,0.000136,1.7258,2.5887,1.7139,2.569,327.660379,655.911794,795.288479,389.166364,316.057008
2015-03-20,14846.1,0.1331,0.0343,0.000136,0.2661,0.3992,0.2543,0.3796,328.096408,657.657486,798.463438,390.156033,317.256708
2015-03-23,14858.89,0.0862,0.0345,0.000137,0.1723,0.2585,0.1605,0.2388,328.379065,658.790638,800.527081,390.782069,318.014358
2015-03-24,14818.64,-0.2709,0.0345,0.000137,-0.5418,-0.8126,-0.5536,-0.8323,327.489547,655.221552,794.021639,388.618673,315.367575
2015-03-25,14721.45,-0.6559,0.0346,0.000137,-1.3117,-1.9676,-1.3236,-1.9872,325.341663,646.626839,778.398553,383.475033,309.100499
2015-03-26,14647.28,-0.5038,0.0347,0.000138,-1.0076,-1.5115,-1.0195,-1.5311,323.702518,640.111134,766.633308,379.565547,304.367836
2015-03-27,14471.56,-1.1997,0.0347,0.000138,-2.3994,-3.599,-2.4112,-3.6187,319.819135,624.752606,739.041945,370.413472,293.353767
2015-03-30,14499.19,0.1909,0.0349,0.000138,0.3819,0.5728,0.37,0.5531,320.429753,627.138239,743.27502,371.78403,294.976414
2015-03-31,14597.52,0.6782,0.0349,0.000139,1.3564,2.0345,1.3445,2.0149,322.602831,635.644439,758.397154,376.782691,300.91985
2015-04-01,14477.55,-0.8219,0.035,0.000139,-1.6437,-2.4656,-1.6555,-2.4852,319.951513,625.196326,739.698449,370.544869,293.441394
2015-04-02,14618.65,0.9746,0.035,0.000139,1.9492,2.9238,1.9374,2.9042,323.0698,637.382808,761.326028,377.723729,301.963502
2015-04-07,14681.97,0.4331,0.0353,0.00014,0.8663,1.2994,0.8544,1.2798,324.469162,642.904396,771.218972,380.951168,305.828002
2015-04-08,14575.48,-0.7253,0.0354,0.00014,-1.4506,-2.1759,-1.4625,-2.1956,322.11575,633.578279,754.437755,375.379873,299.113304
2015-04-09,14569.5,-0.041,0.0354,0.000141,-0.0821,-0.1231,-0.0939,-0.1427,321.983593,633.058392,753.509167,375.027382,298.686381
2015-04-10,14645.11,0.519,0.0355,0.000141,1.0379,1.5569,1.0261,1.5372,323.654562,639.629042,765.24042,378.875442,303.277895
2015-04-13,14719.46,0.5077,0.0356,0.000141,1.0154,1.523,1.0035,1.5034,325.297685,646.123554,776.895291,382.677488,307.837332
2015-04-14,14682.46,-0.2514,0.0357,0.000142,-0.5027,-0.7541,-0.5146,-0.7738,324.479991,642.87526,771.036695,380.708292,305.455434
2015-04-15,14526.9,-1.0595,0.0358,0.000142,-2.119,-3.1785,-2.1308,-3.1981,321.04214,629.252791,746.529398,372.59601,295.686556
2015-04-16,14704.76,1.2243,0.0358,0.000142,2.4487,3.673,2.4369,3.6534,324.972817,644.661295,773.949781,381.675617,306.489165
2015-04-17,14573.9,-0.8899,0.0359,0.000142,-1.7798,-2.6697,-1.7917,-2.6894,322.080832,633.187408,753.287274,374.837209,298.246453
2015-04-20,14546.37,-0.1889,0.036,0.000143,-0.3778,-0.5667,-0.3896,-0.5863,321.472424,630.795235,749.01841,373.376664,296.497688
2015-04-21,14517.63,-0.1976,0.0361,0.000143,-0.3952,-0.5927,-0.407,-0.6124,320.837274,628.302647,744.578789,371.857022,294.682006
2015-04-22,14637.96,0.8289,0.0361,0.000143,1.6577,2.4866,1.6459,2.4669,323.496548,638.718074,763.093209,377.977264,301.951548
2015-04-23,14918.89,1.9192,0.0362,0.000144,3.8384,5.7576,3.8265,5.7379,329.705056,663.234477,807.028793,392.440663,319.277263
2015-04-24,15095.2,1.1818,0.0362,0.000144,2.3636,3.5454,2.3517,3.5257,333.601478,678.910559,835.640958,401.66981,330.53408
2015-04-27,15186.32,0.6036,0.0364,0.000144,1.2073,1.8109,1.1954,1.7913,335.615215,687.106851,850.773637,406.471453,336.454781
2015-04-28,15161.52,-0.1633,0.0365,0.000145,-0.3266,-0.4899,-0.3385,-0.5096,335.067139,684.862693,846.605572,405.095706,334.740311
2015-04-29,15004.68,-1.0345,0.0365,0.000145,-2.0689,-3.1034,-2.0808,-3.123,331.601001,670.693419,820.332161,396.666584,324.286245
2015-04-30,14953.23,-0.3429,0.0366,0.000145,-0.6858,-1.0287,-0.6976,-1.0483,330.463964,666.093897,811.893576,393.899289,320.886641
2015-05-04,14991.62,0.2567,0.0368,0.000146,0.5135,0.7702,0.5016,0.7505,331.312377,669.514074,818.146792,395.875148,323.295037
2015-05-05,14953.69,-0.253,0.0368,0.000146,-0.506,-0.759,-0.5179,-0.7787,330.47413,666.126225,811.936861,393.825035,320.777599
2015-05-06,14950.75,-0.0197,0.0369,0.000146,-0.0393,-0.059,-0.0512,-0.0786,330.409156,665.864295,811.457964,393.623498,320.525339
2015-05-07,14777.02,-1.162,0.037,0.000147,-2.324,-3.486,-2.3359,-3.5057,326.569752,650.389405,783.170167,384.428911,309.288668
2015-05-08,14758.59,-0.1247,0.037,0.000147,-0.2494,-0.3742,-0.2613,-0.3938,326.162451,648.767065,780.239842,383.424419,308.070625
2015-05-11,14715.52,-0.2918,0.0372,0.000148,-0.5837,-0.8755,-0.5955,-0.8952,325.210611,644.980471,773.408919,381.141073,305.31293
2015-05-12,14741.41,0.1759,0.0372,0.000148,0.3519,0.5278,0.34,0.5081,325.782776,647.249985,777.491049,382.437027,306.864376
2015-05-13,14807.48,0.4482,0.0373,0.000148,0.8964,1.3446,0.8845,1.3249,327.242913,653.051847,787.945036,385.819805,310.930079
2015-05-14,14635.25,-1.1631,0.0373,0.000148,-2.3263,-3.4894,-2.3381,-3.509,323.436657,637.860184,760.450599,376.798909,300.019398
2015-05-15,14587.52,-0.3261,0.0374,0.000148,-0.6523,-0.9784,-0.6641,-0.9981,322.381832,633.699672,753.010417,374.296528,297.025045
2015-05-18,14628.05,0.2778,0.0376,0.000149,0.5557,0.8335,0.5438,0.8139,323.277539,637.221017,759.286915,376.332047,299.442406
2015-05-19,14796.58,1.1521,0.0376,0.000149,2.3042,3.4563,2.2923,3.4366,327.002024,651.903885,785.530185,384.958885,309.733167
2015-05-20,14748.68,-0.3237,0.0377,0.000149,-0.6474,-0.9712,-0.6593,-0.9908,325.943442,647.683153,777.901349,382.420841,306.664224
2015-05-21,14586.12,-1.1022,0.0377,0.00015,-2.2044,-3.3066,-2.2163,-3.3263,322.350892,633.405621,752.179255,373.945413,296.463758
2015-05-22,14677.84,0.6288,0.0378,0.00015,1.2576,1.8865,1.2458,1.8668,324.37789,641.371546,766.368748,378.603942,301.998102
2015-05-25,14687.55,0.0662,0.0379,0.000151,0.1323,0.1985,0.1205,0.1788,324.592479,642.220133,767.889702,379.059976,302.538063
2015-05-26,14724.46,0.2513,0.038,0.000151,0.5026,0.7539,0.4907,0.7342,325.408184,645.447948,773.678852,380.920195,304.75941
2015-05-27,14761.36,0.2506,0.0381,0.000151,0.5012,0.7518,0.4893,0.7321,326.223668,648.682977,779.495449,382.784226,306.990685
2015-05-28,14790.76,0.1992,0.0381,0.000151,0.3983,0.5975,0.3865,0.5778,326.873403,651.266923,784.15298,384.263609,308.764595
2015-05-29,14772.83,-0.1212,0.0382,0.000151,-0.2424,-0.3637,-0.2543,-0.3833,326.477153,649.687935,781.301228,383.286402,307.580974
2015-06-01,14658.67,-0.7728,0.0383,0.000152,-1.5455,-2.3183,-1.5574,-2.338,323.954236,639.646748,763.188243,377.317106,300.389795
2015-06-02,14641.27,-0.1187,0.0384,0.000152,-0.2374,-0.3561,-0.2493,-0.3758,323.569698,638.128213,760.470505,376.376602,299.261011
2015-06-03,14553.47,-0.5997,0.0384,0.000153,-1.1993,-1.799,-1.2112,-1.8187,321.629333,630.474826,746.789456,371.817897,293.818368
2015-06-04,14236.88,-2.1754,0.0385,0.000153,-4.3507,-6.5261,-4.3626,-6.5457,314.632745,603.044663,698.053435,355.597066,274.585772
2015-06-05,14223.93,-0.091,0.0385,0.000153,-0.1819,-0.2729,-0.1938,-0.2926,314.346552,601.947593,696.148567,354.907985,273.782461
2015-06-08,14267.25,0.3046,0.0387,0.000154,0.6091,0.9137,0.5973,0.894,315.303917,605.614142,702.509078,357.027689,276.230074
2015-06-09,13999.29,-1.8781,0.0388,0.000154,-3.7563,-5.6344,-3.7682,-5.6541,309.382044,582.865488,662.926608,343.574331,260.611707
2015-06-10,14161.7,1.1601,0.0388,0.000154,2.3203,3.4804,2.3084,3.4607,312.971279,596.389486,685.999045,351.505402,269.630742
2015-06-11,14167.97,0.0443,0.0389,0.000154,0.0885,0.1328,0.0767,0.1131,313.109845,596.917581,686.910209,351.774964,269.935828
2015-06-12,14167.12,-0.006,0.0389,0.000154,-0.012,-0.018,-0.0239,-0.0377,313.09106,596.845958,686.786577,351.691032,269.834137
2015-06-15,14103.6,-0.4484,0.0391,0.000155,-0.8967,-1.3451,-0.9086,-1.3648,311.687278,591.493895,677.548704,348.495617,266.151544
2015-06-16,14032.87,-0.5015,0.0392,0.000155,-1.003,-1.5045,-1.0149,-1.5242,310.124157,585.561174,667.35492,344.958847,262.094901
2015-06-17,13998.95,-0.2417,0.0392,0.000156,-0.4834,-0.7252,-0.4953,-0.7448,309.37453,582.730358,662.515565,343.250271,260.142737
2015-06-18,14042.92,0.3141,0.0393,0.000156,0.6282,0.9423,0.6163,0.9226,310.34626,586.391012,668.75835,345.365818,262.542836
2015-06-22,14232.05,1.3468,0.0395,0.000157,2.6936,4.0404,2.6817,4.0207,314.526003,602.186036,695.778855,354.627619,273.09895
2015-06-23,14309.65,0.5452,0.0395,0.000157,1.0905,1.6357,1.0786,1.6161,316.24095,608.752854,707.160021,358.45275,277.512409
2015-06-24,14319.17,0.0665,0.0396,0.000157,0.1331,0.1996,0.1212,0.1799,316.451341,609.562842,708.57141,358.887172,278.011671
2015-06-25,14440.35,0.8463,0.0396,0.000157,1.6926,2.5388,1.6807,2.5192,319.129399,619.880036,726.560864,364.918962,285.015215
2015-06-26,14428.68,-0.0808,0.0397,0.000158,-0.1616,-0.2424,-0.1735,-0.2621,318.871494,618.878121,724.799349,364.285848,284.268116
2015-06-29,14144.9,-1.9668,0.0399,0.000158,-3.9336,-5.9003,-3.9454,-5.92,312.600002,594.534213,682.033782,349.913245,267.439406
2015-06-30,14307.35,1.1485,0.0399,0.000158,2.2969,3.4454,2.2851,3.4257,316.19012,608.190312,705.532652,357.909029,276.601157
2015-07-01,14401.91,0.6609,0.04,0.000159,1.3218,1.9828,1.31,1.9631,318.279881,616.229603,719.521651,362.597541,282.031044
2015-07-02,14416.53,0.1015,0.04,0.000159,0.203,0.3045,0.1912,0.2849,318.602981,617.480726,721.712903,363.290695,282.834439
2015-07-03,14391.89,-0.1709,0.0401,0.000159,-0.3418,-0.5127,-0.3537,-0.5324,318.058441,615.369993,718.012358,362.005753,281.328549
2015-07-06,14239.1,-1.0616,0.0402,0.00016,-2.1233,-3.1849,-2.1351,-3.2046,314.681807,602.30397,695.144248,354.276405,272.313085
2015-07-07,14237.53,-0.011,0.0403,0.00016,-0.0221,-0.0331,-0.0339,-0.0528,314.64711,602.17115,694.914309,354.15624,272.169405
2015-07-08,13817.85,-2.9477,0.0404,0.00016,-5.8954,-8.8431,-5.9073,-8.8628,305.37225,566.670724,633.462294,333.235271,248.047596
2015-07-09,13743.06,-0.5413,0.0404,0.00016,-1.0825,-1.6238,-1.0944,-1.6435,303.719403,560.536441,623.176328,329.588413,243.971045
2015-07-13,13936.67,1.4088,0.0406,0.000161,2.8176,4.2264,2.8057,4.2067,307.998152,576.329934,649.513949,338.835675,254.234087
2015-07-14,13962.85,0.1878,0.0407,0.000161,0.3757,0.5635,0.3638,0.5439,308.576726,578.495203,653.17428,340.068466,255.616768
2015-07-15,14016.79,0.3863,0.0407,0.000162,0.7726,1.1589,0.7608,1.1392,309.768791,582.964782,660.744129,342.655549,258.528866
2015-07-16,14033.93,0.1223,0.0408,0.000162,0.2446,0.3668,0.2327,0.3472,310.147583,584.390503,663.16804,343.452894,259.426367
2015-07-17,14041.88,0.0566,0.0408,0.000162,0.1133,0.1699,0.1014,0.1503,310.323276,585.052599,664.295063,343.801252,259.816171
2015-07-20,13937.12,-0.7461,0.041,0.000163,-1.4921,-2.2382,-1.504,-2.2579,308.008097,576.322983,649.427064,338.630561,253.949905
2015-07-21,13991.22,0.3882,0.0411,0.000163,0.7763,1.1645,0.7645,1.1448,309.203699,580.797232,656.989747,341.219306,256.857187
2015-07-22,13862.71,-0.9185,0.0411,0.000163,-1.837,-2.7555,-1.8489,-2.7752,306.363648,570.127933,638.886304,334.910575,249.728873
2015-07-23,13685.18,-1.2806,0.0412,0.000163,-2.5613,-3.8419,-2.5731,-3.8616,302.440264,555.525476,614.340998,326.292892,240.085389
2015-07-24,13658.28,-0.1966,0.0412,0.000164,-0.3931,-0.5897,-0.405,-0.6094,301.845778,553.341561,610.718297,324.971419,238.622354
2015-07-27,13330.86,-2.3972,0.0414,0.000164,-4.7945,-7.1917,-4.8063,-7.2114,294.609849,526.811853,566.797382,309.352236,221.414401
2015-07-28,13378.88,0.3602,0.0415,0.000164,0.7204,1.0807,0.7086,1.061,295.671084,530.607183,572.92248,311.544191,223.763511
2015-07-29,13362.86,-0.1197,0.0415,0.000165,-0.2395,-0.3592,-0.2514,-0.3789,295.317044,529.336474,570.864411,310.761116,222.915632
2015-07-30,13511.41,1.1117,0.0416,0.000165,2.2233,3.335,2.2115,3.3153,298.599975,541.105352,589.902681,317.633458,230.305942
2015-07-31,13538.36,0.1995,0.0416,0.000165,0.3989,0.5984,0.3871,0.5787,299.195566,543.263941,593.432559,318.862861,231.638695
2015-08-03,13319.24,-1.6185,0.0418,0.000166,-3.237,-4.8555,-3.2489,-4.8752,294.353049,525.678355,564.618225,308.503337,220.345768
2015-08-04,13309.81,-0.0708,0.0418,0.000166,-0.1416,-0.2124,-0.1535,-0.2321,294.144648,524.933996,563.418978,308.02987,219.834353
2015-08-05,13359.35,0.3722,0.0419,0.000166,0.7444,1.1166,0.7325,1.0969,295.239474,528.841675,569.710227,310.286315,222.245766
2015-08-06,13235.14,-0.9298,0.0419,0.000166,-1.8595,-2.7893,-1.8714,-2.809,292.494453,519.00775,553.8194,304.479634,216.002926
2015-08-07,13224.89,-0.0774,0.042,0.000167,-0.1549,-0.2323,-0.1668,-0.252,292.26793,518.203855,552.532678,303.971872,215.458524
2015-08-10,13281.67,0.4293,0.0422,0.000167,0.8587,1.288,0.8468,1.2683,293.522758,522.653588,559.649442,306.545937,218.191241
2015-08-11,13175.1,-0.8024,0.0422,0.000168,-1.6048,-2.4072,-1.6166,-2.4269,291.167579,514.26621,546.177828,301.590187,212.896062
2015-08-12,13003.75,-1.3006,0.0423,0.000168,-2.6011,-3.9017,-2.613,-3.9214,287.380771,500.889535,524.867727,293.709657,204.547601
2015-08-13,13070.77,0.5154,0.0423,0.000168,1.0308,1.5462,1.0189,1.5265,288.861903,506.052602,532.983071,296.70228,207.669955
2015-08-14,13061.76,-0.0689,0.0424,0.000168,-0.1379,-0.2068,-0.1497,-0.2265,288.662783,505.354934,531.880877,296.258,207.199585
2015-08-17,12921.88,-1.0709,0.0425,0.000169,-2.1418,-3.2127,-2.1537,-3.2324,285.571458,494.531117,514.792943,289.877492,200.501983
2015-08-18,12866.52,-0.4284,0.0426,0.000169,-0.8568,-1.2853,-0.8687,-1.305,284.348011,490.29377,508.176505,287.359277,197.885502
2015-08-19,12623.03,-1.8924,0.0427,0.000169,-3.7849,-5.6773,-3.7967,-5.697,278.966921,471.736829,479.325838,276.449,186.611973
2015-08-20,12639.66,0.1317,0.0427,0.000169,0.2635,0.3952,0.2516,0.3755,279.334441,472.979792,481.220277,277.144576,187.312749
2015-08-21,12257.34,-3.0248,0.0428,0.00017,-6.0495,-9.0743,-6.0614,-9.094,270.885231,444.366739,437.552931,260.345718,170.278529
2015-08-24,11666.06,-4.8239,0.0429,0.00017,-9.6478,-14.4717,-9.6596,-14.4914,257.818039,401.495257,374.231779,235.197241,145.602852
2015-08-25,12088.44,3.6206,0.043,0.000171,7.2412,10.8618,7.2293,10.8421,267.152568,430.568237,414.879955,252.200354,161.389199
2015-08-26,12153.54,0.5385,0.043,0.000171,1.0771,1.6156,1.0652,1.5959,268.591268,435.205724,421.582726,254.886754,163.964787
2015-08-27,12337.12,1.5105,0.0431,0.000171,3.021,4.5315,3.0091,4.5118,272.648356,448.353345,440.686829,262.556642,171.36257
2015-08-28,12645.42,2.499,0.0432,0.000171,4.9979,7.4969,4.986,7.4772,279.461736,470.761709,473.724624,275.647841,184.175658
2015-08-31,12894.35,1.9685,0.0433,0.000172,3.9371,5.9056,3.9252,5.8859,284.963049,489.295962,501.700983,286.467568,195.016067
2015-09-01,12651.38,-1.8843,0.0434,0.000172,-3.7686,-5.6529,-3.7805,-5.6727,279.593451,470.856221,473.340123,275.637645,183.953488
2015-09-02,12681.59,0.2388,0.0434,0.000172,0.4776,0.7164,0.4657,0.6967,280.261087,473.104919,476.730963,276.921283,185.235008
2015-09-03,12808.8,1.0031,0.0435,0.000173,2.0062,3.0093,1.9943,2.9896,283.072408,482.596422,491.077338,282.444025,190.772818
2015-09-04,12657.98,-1.1775,0.0435,0.000173,-2.3549,-3.5324,-2.3668,-3.5521,279.73931,471.231549,473.730447,275.759076,183.996327
2015-09-07,12636.28,-0.1714,0.0437,0.000173,-0.3429,-0.5143,-0.3547,-0.534,279.259744,469.615853,471.294051,274.780831,183.013765
2015-09-08,12660.12,0.1887,0.0438,0.000174,0.3773,0.566,0.3654,0.5463,279.786604,471.387837,473.961525,275.785007,184.013527
2015-09-09,13111.99,3.5692,0.0438,0.000174,7.1385,10.7077,7.1266,10.688,289.772858,505.037759,524.711991,295.439098,203.680903
2015-09-10,13083.26,-0.2191,0.0439,0.000174,-0.4382,-0.6573,-0.4501,-0.6771,289.13793,502.824557,521.262863,294.109311,202.301881
2015-09-11,13142.05,0.4494,0.0439,0.000174,0.8987,1.3481,0.8868,1.3283,290.437179,507.34347,528.289792,296.717546,204.989147
2015-09-14,13145.15,0.0236,0.0441,0.000175,0.0472,0.0708,0.0353,0.0511,290.505688,507.582819,528.663637,296.822274,205.093795
2015-09-15,13070.62,-0.567,0.0441,0.000175,-1.134,-1.7009,-1.1458,-1.7206,288.858588,501.827061,519.671431,293.421178,201.564855
2015-09-16,13186.61,0.8874,0.0442,0.000175,1.7748,2.6622,1.7629,2.6425,291.421948,510.733589,533.506281,298.594013,206.891235
2015-09-17,13364.37,1.348,0.0442,0.000176,2.6961,4.0441,2.6842,4.0244,295.350415,524.503315,555.081821,306.608832,215.217337
2015-09-18,13390.69,0.1969,0.0443,0.000176,0.3939,0.5908,0.382,0.5711,295.932083,526.569245,558.361381,307.780081,216.446461
2015-09-21,13147.31,-1.8175,0.0445,0.000176,-3.6351,-5.4526,-3.6469,-5.4723,290.553424,507.428122,527.9162,296.555508,204.601835
2015-09-22,13240.85,0.7115,0.0445,0.000177,1.423,2.1344,1.4111,2.1147,292.620643,514.648584,539.184197,300.740113,208.928571
2015-09-23,12967.82,-2.062,0.0446,0.000177,-4.1241,-6.1861,-4.1359,-6.2058,286.586724,493.424191,505.829814,288.301687,195.962878
2015-09-24,12856.92,-0.8552,0.0446,0.000177,-1.7104,-2.5656,-1.7223,-2.5853,284.135852,484.984724,492.852337,283.33635,190.896648
2015-09-25,12871.55,0.1138,0.0447,0.000177,0.2276,0.3414,0.2157,0.3217,284.459173,486.088461,494.5348,283.947501,191.510672
2015-09-30,12948.92,0.6011,0.045,0.000178,1.2022,1.8033,1.1903,1.7836,286.169037,491.932149,503.452644,287.327332,194.926375
2015-10-01,13130.68,1.4037,0.045,0.000179,2.8073,4.211,2.7955,4.1913,290.185904,505.742349,524.653073,295.359434,203.096296
2015-10-02,13145.07,0.1096,0.0451,0.000179,0.2192,0.3288,0.2073,0.309,290.503921,506.850842,526.377985,295.971702,203.723963
2015-10-05,13219.98,0.5699,0.0452,0.000179,1.1397,1.7096,1.1279,1.6899,292.159419,512.627639,535.377019,299.30984,207.166674
2015-10-06,13286.04,0.4997,0.0453,0.00018,0.9994,1.4991,0.9875,1.4794,293.619335,517.750821,543.402826,302.265556,210.231436
2015-10-07,13446.11,1.2048,0.0453,0.00018,2.4096,3.6144,2.3977,3.5947,297.156856,530.226528,563.043552,309.513009,217.788563
2015-10-08,13368.45,-0.5776,0.0454,0.00018,-1.1551,-1.7327,-1.167,-1.7524,295.440582,524.101724,553.287728,305.900942,213.971993
2015-10-12,13570.69,1.5128,0.0456,0.000181,3.0256,4.5384,3.0137,4.5187,299.910054,539.95911,578.398397,315.120013,223.640788
2015-10-13,13561.51,-0.0676,0.0457,0.000181,-0.1353,-0.2029,-0.1472,-0.2227,299.707177,539.228591,577.224611,314.656222,223.142818
2015-10-14,13489.63,-0.53,0.0457,0.000181,-1.0601,-1.5901,-1.0719,-1.6098,298.118641,533.51245,568.046229,311.283275,219.550629
2015-10-15,13615.03,0.9296,0.0458,0.000182,1.8592,2.7888,1.8473,2.7691,300.88996,543.431545,583.887953,317.033666,225.630162
2015-10-16,13620.47,0.04,0.0458,0.000182,0.0799,0.1199,0.068,0.1001,301.010184,543.86581,584.587845,317.249324,225.856105
2015-10-19,13662.48,0.3084,0.046,0.000183,0.6169,0.9253,0.605,0.9056,301.938598,547.220732,589.997027,319.168608,227.901387
2015-10-20,13697.47,0.2561,0.0461,0.000183,0.5122,0.7683,0.5003,0.7486,302.711871,550.023627,594.530025,320.765462,229.607406
2015-10-21,13627.23,-0.5128,0.0461,0.000183,-1.0256,-1.5384,-1.0375,-1.5581,301.159579,544.382635,585.383857,317.437584,226.029853
2015-10-22,13626.3,-0.0068,0.0462,0.000183,-0.0136,-0.0205,-0.0255,-0.0402,301.139026,544.308332,585.264007,317.356514,225.938978
2015-10-23,13729.75,0.7592,0.0462,0.000183,1.5184,2.2776,1.5065,2.2578,303.425254,552.57304,598.593868,322.137482,231.040339
2015-10-26,13843.0,0.8249,0.0464,0.000184,1.6497,2.4746,1.6378,2.4548,305.928061,561.68885,613.406393,327.413488,236.711964
2015-10-27,13773.29,-0.5036,0.0464,0.000184,-1.0072,-1.5107,-1.019,-1.5305,304.387481,556.031792,604.139494,324.077006,233.089179
2015-10-28,13717.37,-0.406,0.0465,0.000184,-0.812,-1.218,-0.8239,-1.2377,303.151658,551.516778,596.781017,321.406945,230.204132
2015-10-29,13567.14,-1.0952,0.0465,0.000185,-2.1904,-3.2855,-2.2023,-3.3053,299.831599,539.436566,577.173524,314.328752,222.595249
2015-10-30,13540.6,-0.1956,0.0466,0.000185,-0.3912,-0.5869,-0.4031,-0.6066,299.24507,537.326078,573.786328,313.061596,221.244999
2015-11-02,13636.3,0.7068,0.0468,0.000186,1.4135,2.1203,1.4016,2.1006,301.360024,544.921325,585.952263,317.449576,225.892369
2015-11-03,13792.14,1.1428,0.0468,0.000186,2.2857,3.4285,2.2738,3.4088,304.804063,557.376396,606.041613,324.667655,233.592496
2015-11-04,14019.85,1.651,0.0469,0.000186,3.302,4.953,3.2901,4.9333,309.836417,575.781108,636.059087,335.349654,245.116318
2015-11-05,14009.04,-0.0771,0.0469,0.000186,-0.1542,-0.2313,-0.1661,-0.2511,309.597518,574.893196,634.587788,334.79263,244.500948
2015-11-06,13761.14,-1.7696,0.047,0.000186,-3.5391,-5.3087,-3.551,-5.3285,304.118968,554.546902,600.899331,322.904023,231.47283
2015-11-09,13680.33,-0.5872,0.0472,0.000187,-1.1745,-1.7617,-1.1864,-1.7814,302.33308,548.033933,590.313288,319.073218,227.349282
2015-11-10,13513.2,-1.2217,0.0472,0.000187,-2.4434,-3.665,-2.4553,-3.6848,298.639534,534.64348,568.678051,311.239155,218.971955
2015-11-11,13320.26,-1.4278,0.0473,0.000188,-2.8556,-4.2834,-2.8675,-4.3031,294.375591,519.376317,544.319481,302.314459,209.549356
2015-11-12,13340.97,0.1555,0.0473,0.000188,0.311,0.4664,0.2991,0.4467,294.833279,520.991343,546.858363,303.218563,210.485396
2015-11-13,13184.9,-1.1699,0.0474,0.000188,-2.3397,-3.5096,-2.3516,-3.5293,291.384157,508.801657,527.666014,296.088062,203.056722
2015-11-16,13130.94,-0.4093,0.0475,0.000189,-0.8185,-1.2278,-0.8304,-1.2475,290.19165,504.637054,521.187499,293.629326,200.523568
2015-11-17,13327.25,1.495,0.0476,0.000189,2.99,4.4851,2.9781,4.4653,294.530069,519.72589,544.563049,302.374024,209.477573
2015-11-18,13202.28,-0.9377,0.0476,0.000189,-1.8754,-2.8131,-1.8873,-2.8329,291.768252,509.978921,529.2439,296.667316,203.543384
2015-11-19,13418.72,1.6394,0.0477,0.000189,3.2788,4.9182,3.2669,4.8985,296.551541,526.700251,555.273393,306.359235,213.513952
2015-11-20,13400.13,-0.1385,0.0478,0.000189,-0.2771,-0.4156,-0.289,-0.4354,296.140705,525.240893,552.965602,305.473945,212.584404
2015-11-23,13432.22,0.2395,0.0479,0.00019,0.479,0.7184,0.4671,0.6987,296.849889,527.756537,556.93825,306.900673,214.069689
2015-11-24,13296.85,-1.0078,0.048,0.00019,-2.0156,-3.0234,-2.0275,-3.0431,293.858234,517.11907,540.099768,300.678268,207.555232
2015-11-25,13274.68,-0.1667,0.048,0.000191,-0.3335,-0.5002,-0.3454,-0.5199,293.368281,515.394672,537.398223,299.639848,206.47607
2015-11-26,13431.02,1.1777,0.0481,0.000191,2.3555,3.5332,2.3436,3.5134,296.823369,527.534596,556.385537,306.662101,213.730495
2015-11-27,13294.11,-1.0194,0.0481,0.000191,-2.0387,-3.0581,-2.0506,-3.0778,293.79768,516.779677,539.370877,300.373655,207.152261
2015-11-30,13170.98,-0.9262,0.0483,0.000192,-1.8524,-2.7786,-1.8643,-2.7983,291.076527,507.206854,524.383924,294.773797,201.355421
2015-12-01,13396.84,1.7148,0.0484,0.000192,3.4297,5.1445,3.4178,5.1247,296.067997,524.602331,551.360812,304.848467,211.674369
2015-12-02,13387.49,-0.0698,0.0484,0.000192,-0.1396,-0.2094,-0.1515,-0.2291,295.861363,523.870064,550.206386,304.386671,211.189366
2015-12-03,13385.38,-0.0158,0.0485,0.000192,-0.0315,-0.0473,-0.0434,-0.067,295.814733,523.70493,549.946232,304.254505,211.0478
2015-12-04,13294.42,-0.6795,0.0485,0.000193,-1.3591,-2.0386,-1.371,-2.0584,293.804531,516.587284,538.734796,300.083195,206.703608
2015-12-07,13382.54,0.6628,0.0487,0.000193,1.3257,1.9885,1.3138,1.9688,295.751969,523.435521,549.447556,304.025596,210.77309
2015-12-08,13207.77,-1.306,0.0487,0.000193,-2.6119,-3.9179,-2.6238,-3.9376,291.88958,509.763853,527.920937,296.04854,202.47365
2015-12-09,13026.93,-1.3692,0.0488,0.000194,-2.7384,-4.1076,-2.7503,-4.1273,287.893046,495.80454,506.23615,287.906353,194.116886
2015-12-10,13005.65,-0.1634,0.0488,0.000194,-0.3267,-0.4901,-0.3386,-0.5098,287.422761,494.184708,503.755281,286.931479,193.12725
2015-12-11,12846.91,-1.2205,0.0489,0.000194,-2.4411,-3.6616,-2.453,-3.6814,283.914633,482.1212,485.309579,279.893069,186.017477
2015-12-14,12727.03,-0.9331,0.0491,0.000195,-1.8663,-2.7994,-1.8782,-2.8192,281.265304,473.123442,471.723687,274.636155,180.773305
2015-12-15,12779.57,0.4128,0.0491,0.000195,0.8256,1.2385,0.8137,1.2187,282.42643,477.029759,477.565826,276.870988,182.97641
2015-12-16,12955.77,1.3788,0.0492,0.000195,2.7575,4.1363,2.7456,4.1165,286.320421,490.18398,497.319331,284.472826,190.508696
2015-12-17,13169.48,1.6495,0.0492,0.000195,3.2991,4.9486,3.2872,4.9289,291.043378,506.355496,521.929705,293.823928,199.898584
2015-12-18,13070.79,-0.7494,0.0493,0.000196,-1.4988,-2.2482,-1.5107,-2.2679,288.862345,498.7664,510.195929,289.385217,195.365067
2015-12-21,13110.11,0.3008,0.0495,0.000196,0.6016,0.9025,0.5897,0.8827,289.73131,501.767212,514.800296,291.09185,197.089579
2015-12-22,13126.86,0.1278,0.0495,0.000196,0.2555,0.3833,0.2436,0.3635,290.101482,503.049368,516.773484,291.801023,197.806067
2015-12-23,13163.19,0.2768,0.0496,0.000197,0.5535,0.8303,0.5416,0.8105,290.90437,505.833855,521.064163,293.381472,199.409332
2015-12-24,13176.9,0.1042,0.0496,0.000197,0.2083,0.3125,0.1964,0.2927,291.207358,506.887548,522.692292,293.957687,199.99301
2015-12-25,13238.52,0.4676,0.0497,0.000197,0.9353,1.4029,0.9234,1.3832,292.56915,511.628331,530.025192,296.672003,202.759214
2015-12-28,13230.93,-0.0573,0.0498,0.000198,-0.1147,-0.172,-0.1266,-0.1918,292.401413,511.04167,529.113559,296.296507,202.370406
2015-12-29,13128.71,-0.7726,0.0499,0.000198,-1.5452,-2.3178,-1.5571,-2.3375,290.142367,503.145222,516.850025,291.682958,197.639973
2015-12-30,13106.66,-0.168,0.0499,0.000198,-0.3359,-0.5039,-0.3478,-0.5236,289.655066,501.455131,514.245837,290.668457,196.605093
2015-12-31,13198.59,0.7014,0.05,0.000198,1.4028,2.1042,1.3909,2.0844,291.686704,508.489535,525.066584,294.711346,200.703199
2016-01-04,12844.34,-2.684,0.053,0.00021,-5.368,-8.052,-5.3799,-8.0718,283.857836,481.193829,482.788242,278.856128,184.502875
2016-01-05,12782.35,-0.4826,0.0537,0.000213,-0.9653,-1.4479,-0.9772,-1.4677,282.487867,476.549105,475.798071,276.131232,181.794988
2016-01-06,12648.25,-1.0491,0.0544,0.000216,-2.0982,-3.1473,-2.1101,-3.1671,279.524279,466.550125,460.823237,270.304509,176.037349
2016-01-07,12429.29,-1.7311,0.0552,0.000219,-3.4623,-5.1934,-3.4742,-5.2132,274.685298,450.396773,436.890633,260.913529,166.860085
2016-01-08,12495.63,0.5337,0.0559,0.000222,1.0675,1.6012,1.0556,1.5814,276.151402,455.204662,443.886203,263.667603,169.498825
2016-01-11,12328.55,-1.3371,0.0581,0.000231,-2.6742,-4.0113,-2.6862,-4.0311,272.458961,443.031511,426.080497,256.585091,162.666075
2016-01-12,12296.93,-0.2565,0.0589,0.000234,-0.513,-0.7694,-0.5249,-0.7893,271.760164,440.758955,422.80209,255.238287,161.382208
2016-01-13,12385.83,0.7229,0.0596,0.000236,1.4459,2.1688,1.4339,2.149,273.724839,447.131842,431.971966,258.898267,164.850305
2016-01-14,12256.45,-1.0446,0.0603,0.000239,-2.0892,-3.1337,-2.1011,-3.1536,270.865562,437.790536,418.435077,253.458537,159.651608
2016-01-15,12286.75,0.2472,0.0611,0.000242,0.4944,0.7417,0.4825,0.7218,271.535187,439.955119,421.538402,254.681436,160.803975
2016-01-18,12364.57,0.6334,0.0633,0.000251,1.2667,1.9001,1.2548,1.8802,273.254997,445.528164,429.548035,257.87711,163.827457
2016-01-19,12433.75,0.5595,0.064,0.000254,1.119,1.6785,1.107,1.6586,274.783864,450.513641,436.758023,260.731921,166.544752
2016-01-20,12187.2,-1.9829,0.0648,0.000257,-3.9658,-5.9487,-3.9778,-5.9686,269.335148,432.647086,410.776475,250.360573,156.60435
2016-01-21,12131.61,-0.4561,0.0655,0.00026,-0.9123,-1.3684,-0.9242,-1.3883,268.106618,428.700182,405.155398,248.046654,154.430231
2016-01-22,12277.51,1.2026,0.0662,0.000263,2.4053,3.6079,2.3933,3.588,271.330985,439.011651,419.773121,253.983198,159.971248
2016-01-25,12495.91,1.7789,0.0684,0.000272,3.5577,5.3366,3.5457,5.3167,276.15759,454.630477,442.174679,262.988799,168.476405
2016-01-26,12392.26,-0.8295,0.0692,0.000275,-1.6589,-2.4884,-1.6709,-2.5083,273.866941,447.088417,431.171541,258.594456,164.250464
2016-01-27,12425.75,0.2702,0.0699,0.000277,0.5405,0.8107,0.5285,0.7908,274.607065,449.504924,434.667256,259.961167,165.549403
2016-01-28,12513.24,0.7041,0.0707,0.00028,1.4082,2.1123,1.3962,2.0924,276.54058,455.834874,443.848763,263.590791,169.013327
2016-01-29,12791.05,2.2201,0.0714,0.000283,4.4403,6.6604,4.4283,6.6405,282.680136,476.075113,473.410801,275.263296,180.236579
2016-01-30,12893.32,0.7995,0.0721,0.000286,1.5991,2.3986,1.5871,2.3787,284.940286,483.687968,484.766176,279.631984,184.523853
2016-02-01,12911.93,0.1443,0.0736,0.000292,0.2887,0.433,0.2767,0.4131,285.351564,485.084262,486.865286,280.405664,185.286058
2016-02-02,12871.2,-0.3154,0.0743,0.000295,-0.6309,-0.9463,-0.6429,-0.9663,284.451438,482.023916,482.257914,278.602962,183.495659
2016-02-03,12763.19,-0.8392,0.0751,0.000298,-1.6783,-2.5175,-1.6903,-2.5374,282.064434,473.93401,470.117163,273.893667,178.839563
2016-02-15,12768.75,0.0436,0.0839,0.000333,0.0871,0.1307,0.0751,0.1107,282.187309,474.346927,470.731551,274.099323,179.037462
2016-02-16,12999.16,1.8045,0.0847,0.000336,3.609,5.4135,3.5969,5.3934,287.279333,491.465952,496.214372,283.95847,188.693693
2016-02-17,13002.6,0.0265,0.0854,0.000339,0.0529,0.0794,0.0409,0.0593,287.355357,491.726068,496.608315,284.074556,188.805677
2016-02-18,13161.56,1.2225,0.0861,0.000342,2.445,3.6676,2.433,3.6475,290.868347,503.749014,514.821794,290.986093,195.692412
2016-02-19,13177.98,0.1248,0.0869,0.000345,0.2495,0.3743,0.2375,0.3542,291.231226,505.00594,516.748626,291.677078,196.385588
2016-02-22,13180.58,0.0197,0.0891,0.000354,0.0395,0.0592,0.0274,0.0391,291.288686,505.205215,517.054488,291.756998,196.462409
2016-02-23,13193.18,0.0956,0.0898,0.000356,0.1912,0.2868,0.1791,0.2667,291.567144,506.171118,518.537325,292.279615,196.986389
2016-02-24,13111.21,-0.6213,0.0906,0.000359,-1.2426,-1.8639,-1.2547,-1.884,289.75562,499.881377,508.872217,288.612448,193.275162
2016-02-25,13242.6,1.0021,0.0913,0.000362,2.0042,3.0064,1.9922,2.9863,292.659318,509.900195,524.170741,294.3621,199.046878
2016-02-26,13314.3,0.5414,0.092,0.000365,1.0829,1.6243,1.0708,1.6042,294.243876,515.421746,532.684864,297.514121,202.240004
2016-03-01,13432.27,0.886,0.095,0.000377,1.7721,2.6581,1.76,2.638,296.850994,524.555429,546.844264,302.750359,207.575096
2016-03-02,13524.65,0.6877,0.0957,0.00038,1.3755,2.0632,1.3634,2.0431,298.892577,531.770655,558.126975,306.878079,211.816094
2016-03-03,13631.89,0.7929,0.0965,0.000383,1.5858,2.3788,1.5738,2.3586,301.262564,540.203714,571.403519,311.707591,216.812067
2016-03-04,13682.17,0.3688,0.0972,0.000386,0.7377,1.1065,0.7256,1.0864,302.373744,544.1887,577.726231,313.96931,219.167484
2016-03-07,13707.48,0.185,0.0994,0.000395,0.37,0.555,0.3579,0.5348,302.933091,546.202038,580.932356,315.092911,220.339595
2016-03-08,13715.02,0.055,0.1002,0.000397,0.11,0.165,0.0979,0.1449,303.099723,546.80293,581.891007,315.401415,220.658778
2016-03-09,13667.22,-0.3485,0.1009,0.0004,-0.697,-1.0456,-0.7092,-1.0657,302.043351,542.991462,575.806935,313.164738,218.30714
2016-03-10,13709.32,0.308,0.1016,0.000403,0.6161,0.9241,0.604,0.9039,302.973754,546.336684,581.128018,315.056137,220.280499
2016-03-11,13781.24,0.5246,0.1024,0.000406,1.0492,1.5738,1.0371,1.5536,304.563175,552.068921,590.273926,318.323586,223.70287
2016-03-14,13847.34,0.4796,0.1046,0.000415,0.9593,1.4389,0.9472,1.4187,306.023974,557.364781,598.767452,321.338599,226.876582
2016-03-15,13630.92,-1.5629,0.1053,0.000418,-3.1258,-4.6887,-3.1379,-4.7089,301.241127,539.942678,570.693053,311.255241,216.193192
2016-03-16,13770.16,1.0215,0.1061,0.000421,2.043,3.0645,2.0309,3.0443,304.318308,550.973719,588.18196,317.576446,222.774754
2016-03-17,13826.18,0.4068,0.1068,0.000424,0.8136,1.2205,0.8015,1.2003,305.556341,555.456681,595.360516,320.121863,225.448613
2016-03-18,13946.77,0.8722,0.1075,0.000427,1.7444,2.6166,1.7322,2.5963,308.221361,565.145911,610.938469,325.667138,231.302024
2016-03-21,13949.92,0.0226,0.1098,0.000436,0.0452,0.0678,0.033,0.0475,308.290975,565.401197,611.352426,325.774706,231.411942
2016-03-22,13907.14,-0.3067,0.1105,0.000438,-0.6133,-0.92,-0.6255,-0.9402,307.345544,561.933383,605.727951,323.737044,229.236098
2016-03-23,13876.13,-0.223,0.1112,0.000441,-0.446,-0.6689,-0.4581,-0.6892,306.660228,559.427397,601.676013,322.253987,227.656237
2016-03-24,13840.19,-0.259,0.112,0.000444,-0.518,-0.777,-0.5302,-0.7973,305.86596,556.529496,597.000884,320.545517,225.841199
2016-03-25,13779.38,-0.4394,0.1127,0.000447,-0.8787,-1.3181,-0.8909,-1.3384,304.522069,551.63902,589.131709,317.689781,222.818592
2016-03-28,13756.4,-0.1668,0.1149,0.000456,-0.3335,-0.5003,-0.3457,-0.5206,304.014215,549.799073,586.184208,316.591514,221.658621
2016-03-29,13640.69,-0.8411,0.1157,0.000459,-1.6823,-2.5234,-1.6944,-2.5437,301.457042,540.54996,571.392393,311.22707,216.020312
2016-03-30,13830.15,1.3889,0.1164,0.000462,2.7779,4.1668,2.7657,4.1465,305.644078,555.56571,595.20116,319.834669,224.977614
2016-03-31,13842.48,0.0892,0.1171,0.000465,0.1783,0.2675,0.1661,0.2472,305.916569,556.556318,596.793079,320.366026,225.533679
2016-04-01,13704.33,-0.998,0.1179,0.000468,-1.996,-2.994,-2.0082,-3.0143,302.863476,545.447289,578.92483,313.932423,218.735315
2016-04-06,13475.98,-1.6663,0.1216,0.000482,-3.3325,-4.9988,-3.3447,-5.0191,297.816978,527.27013,549.985622,303.432288,207.756739
2016-04-07,13439.5,-0.2707,0.1223,0.000485,-0.5414,-0.8121,-0.5536,-0.8324,297.010776,524.415449,545.519125,301.752488,206.027273
2016-04-08,13520.62,0.6036,0.123,0.000488,1.2072,1.8108,1.195,1.7904,298.803515,530.746128,555.397285,305.35841,209.716068
2016-04-11,13554.0,0.2469,0.1252,0.000497,0.4938,0.7406,0.4816,0.7203,299.541207,533.366763,559.510815,306.828897,211.226627
2016-04-12,13504.28,-0.3668,0.126,0.0005,-0.7337,-1.1005,-0.7459,-1.1209,298.442403,529.453676,553.353472,304.54037,208.859089
2016-04-13,13695.67,1.4173,0.1267,0.000503,2.8345,4.2518,2.8223,4.2314,302.672091,544.461086,576.880751,313.135411,217.696737
2016-04-14,13720.4,0.1806,0.1275,0.000506,0.3611,0.5417,0.3489,0.5213,303.21862,546.427332,580.005737,314.228016,218.831649
2016-04-15,13772.14,0.3771,0.1282,0.000509,0.7542,1.1313,0.742,1.1109,304.362066,550.548516,586.567389,316.559557,221.262706
2016-04-18,13717.71,-0.3952,0.1304,0.000517,-0.7904,-1.1857,-0.8027,-1.2061,303.159172,546.196781,579.612727,314.01866,218.594157
2016-04-19,13666.6,-0.3726,0.1311,0.00052,-0.7452,-1.1178,-0.7574,-1.1382,302.029649,542.126696,573.134093,311.640298,216.10621
2016-04-20,13477.84,-1.3812,0.1319,0.000523,-2.7624,-4.1435,-2.7746,-4.1639,297.858084,527.151233,549.386096,302.993575,207.107668
2016-04-21,13563.59,0.6362,0.1326,0.000526,1.2725,1.9087,1.2602,1.8883,299.753145,533.859017,559.872166,306.81198,211.018422
2016-04-22,13511.51,-0.384,0.1334,0.000529,-0.7679,-1.1519,-0.7802,-1.1723,298.602185,529.759309,553.422957,304.418313,208.544588
2016-04-25,13550.35,0.2875,0.1356,0.000538,0.5749,0.8624,0.5627,0.8419,299.460543,532.804986,558.195543,306.131192,210.300397
2016-04-26,13584.04,0.2486,0.1363,0.000541,0.4973,0.7459,0.485,0.7254,300.205086,535.454394,562.359038,307.615957,211.825996
2016-04-27,13554.74,-0.2157,0.137,0.000544,-0.4314,-0.6471,-0.4436,-0.6675,299.557561,533.144505,558.720109,306.251253,210.411982
2016-04-28,13413.57,-1.0415,0.1378,0.000547,-2.083,-3.1244,-2.0952,-3.1449,296.437727,522.039311,541.263223,299.834633,203.794734
2016-04-29,13261.65,-1.1326,0.1385,0.00055,-2.2652,-3.3978,-2.2774,-3.4182,293.08032,510.214239,522.872435,293.006124,196.828587
2016-05-03,13129.04,-1.0,0.1415,0.000561,-1.9999,-2.9999,-2.0122,-3.0203,290.14966,500.010454,507.187031,287.110344,190.883692
2016-05-04,12957.15,-1.3092,0.1422,0.000564,-2.6185,-3.9277,-2.6307,-3.9482,286.350919,486.91783,487.266219,279.557214,183.347224
2016-05-05,12929.43,-0.2139,0.143,0.000567,-0.4279,-0.6418,-0.4401,-0.6623,285.738311,484.834445,484.138906,278.326756,182.132902
2016-05-06,12895.87,-0.2596,0.1437,0.00057,-0.5191,-0.7787,-0.5314,-0.7992,284.996641,482.317545,480.368971,276.847721,180.677307
2016-05-09,12872.76,-0.1792,0.1459,0.000579,-0.3584,-0.5376,-0.3707,-0.5581,284.485914,480.588874,477.786441,275.821462,179.66888
2016-05-10,12911.48,0.3008,0.1466,0.000582,0.6016,0.9024,0.5893,0.8818,285.341619,483.480002,482.097845,277.446856,181.253275
2016-05-11,12878.78,-0.2533,0.1474,0.000585,-0.5065,-0.7598,-0.5188,-0.7803,284.618955,481.03105,478.434919,276.007414,179.838912
2016-05-12,12835.23,-0.3382,0.1481,0.000588,-0.6763,-1.0145,-0.6886,-1.035,283.656507,477.777807,473.581391,274.106826,177.97758
2016-05-13,12749.18,-0.6704,0.1489,0.000591,-1.3408,-2.0113,-1.3531,-2.0318,281.754816,471.371567,464.056432,270.397783,174.361418
2016-05-16,12771.19,0.1726,0.1511,0.000599,0.3453,0.5179,0.333,0.4974,282.241233,472.999106,466.459853,271.29813,175.228607
2016-05-17,12886.55,0.9033,0.1518,0.000602,1.8066,2.7098,1.7943,2.6893,284.79067,481.544147,479.100212,276.165916,179.940994
2016-05-18,12916.95,0.2359,0.1525,0.000605,0.4718,0.7077,0.4595,0.6871,285.462505,483.81612,482.490874,277.434894,181.177438
2016-05-19,12816.12,-0.7806,0.1533,0.000608,-1.5612,-2.3418,-1.5735,-2.3624,283.234179,476.262761,471.19187,273.069403,176.897324
2016-05-20,12871.97,0.4358,0.154,0.000611,0.8716,1.3073,0.8592,1.2868,284.468455,480.41367,477.351941,275.415727,179.173551
2016-05-23,13209.44,2.6217,0.1562,0.00062,5.2435,7.8652,5.2312,7.8446,291.926487,505.604096,514.896767,289.823165,193.229044
2016-05-24,13140.13,-0.5247,0.157,0.000623,-1.0494,-1.5741,-1.0617,-1.5947,290.394747,500.298281,506.791769,286.746025,190.147596
2016-05-25,13291.38,1.1511,0.1577,0.000626,2.3021,3.4532,2.2898,3.4325,293.737348,511.815688,524.292111,293.311866,196.674499
2016-05-26,13288.09,-0.0248,0.1584,0.000629,-0.0495,-0.0743,-0.0618,-0.0949,293.664639,511.56231,523.902778,293.13048,196.487892
2016-05-27,13398.19,0.8286,0.1592,0.000632,1.6571,2.4857,1.6448,2.4651,296.097832,520.039527,536.925349,297.951846,201.331428
2016-05-30,13512.57,0.8537,0.1614,0.00064,1.7074,2.5611,1.695,2.5404,298.625611,528.918655,550.676502,303.002273,206.446145
2016-05-31,13512.13,-0.0033,0.1621,0.000643,-0.0065,-0.0098,-0.0189,-0.0304,298.615887,528.884209,550.622708,302.94512,206.383343
2016-06-01,13609.6,0.7214,0.1629,0.000646,1.4427,2.1641,1.4304,2.1434,300.769958,536.514441,562.53849,307.278298,210.806959
2016-06-02,13544.71,-0.4768,0.1636,0.000649,-0.9536,-1.4304,-0.9659,-1.4511,299.3359,531.398285,554.49201,304.310152,207.748043
2016-06-03,13598.38,0.3962,0.1643,0.000652,0.7925,1.1887,0.7801,1.1681,300.521998,535.609544,561.083422,306.684161,210.174666
2016-06-04,13605.05,0.049,0.1651,0.000655,0.0981,0.1471,0.0857,0.1265,300.669404,536.134977,561.909055,306.947107,210.440483
2016-06-06,13613.81,0.0644,0.1666,0.000661,0.1288,0.1932,0.1164,0.1725,300.862999,536.825389,562.994459,307.30442,210.803444
2016-06-07,13744.93,0.9631,0.1673,0.000664,1.9263,2.8894,1.9139,2.8687,303.760729,547.166145,579.261727,313.185947,216.850817
2016-06-08,13801.32,0.4103,0.168,0.000667,0.8205,1.2308,0.8081,1.2101,305.006939,551.655756,586.391171,315.716951,219.474891
2016-06-13,13517.66,-2.0553,0.1717,0.000681,-4.1106,-6.1659,-4.123,-6.1867,298.738099,528.979277,550.23469,302.699913,205.896726
2016-06-14,13581.06,0.469,0.1725,0.000684,0.938,1.407,0.9256,1.3863,300.139229,533.941273,557.976758,305.501829,208.751102
2016-06-15,13629.59,0.3573,0.1732,0.000687,0.7147,1.072,0.7023,1.0513,301.211734,537.757201,563.958311,307.647301,210.945635
2016-06-16,13452.09,-1.3023,0.1739,0.00069,-2.6046,-3.9069,-2.617,-3.9277,297.289013,523.750631,541.924795,299.596099,202.660353
2016-06-17,13569.18,0.8704,0.1747,0.000693,1.7408,2.6113,1.7284,2.5905,299.876683,532.868316,556.075898,304.774453,207.910301
2016-06-20,13661.23,0.6784,0.1769,0.000702,1.3568,2.0351,1.3443,2.0144,301.910973,540.098013,567.392747,308.871667,212.098358
2016-06-21,13756.79,0.6995,0.1776,0.000705,1.399,2.0985,1.3866,2.0777,304.022834,547.65396,579.299446,313.154433,216.505165
2016-06-22,13807.06,0.3654,0.1784,0.000708,0.7308,1.0963,0.7184,1.0755,305.133792,551.656429,585.650067,315.404212,218.833631
2016-06-23,13751.3,-0.4039,0.1791,0.000711,-0.8077,-1.2116,-0.8201,-1.2323,303.901505,547.200685,578.554599,312.81752,216.136855
2016-06-24,13436.89,-2.2864,0.1798,0.000714,-4.5728,-6.8592,-4.5852,-6.88,296.953095,522.17827,538.870347,298.474136,201.266643
2016-06-27,13520.95,0.6256,0.182,0.000722,1.2512,1.8768,1.2388,1.856,298.810808,528.711673,548.983723,302.171495,205.002079
2016-06-28,13596.83,0.5612,0.1828,0.000725,1.1224,1.6836,1.11,1.6628,300.487743,534.645966,558.226466,305.525522,208.41084
2016-06-29,13728.77,0.9704,0.1835,0.000728,1.9407,2.9111,1.9283,2.8903,303.403596,545.022089,574.477106,311.417007,214.434535
2016-06-30,13869.89,1.0279,0.1843,0.000731,2.0558,3.0837,2.0434,3.0629,306.522325,556.22681,592.192505,317.780475,221.002484
2016-07-01,13986.37,0.8398,0.185,0.000734,1.6796,2.5194,1.6672,2.4986,309.096514,565.569248,607.112288,323.078413,226.52441
2016-07-04,14044.9,0.4185,0.1872,0.000743,0.837,1.2554,0.8245,1.2346,310.390018,570.302824,614.734197,325.742221,229.321048
2016-07-05,13977.7,-0.4785,0.188,0.000746,-0.9569,-1.4354,-0.9694,-1.4563,308.904909,564.845419,605.910324,322.584531,225.981553
2016-07-06,13766.24,-1.5128,0.1887,0.000749,-3.0257,-4.5385,-3.0381,-4.5594,304.231677,547.755024,578.410994,312.783988,215.6782
2016-07-07,13888.96,0.8915,0.1894,0.000752,1.7829,2.6744,1.7705,2.6535,306.943769,557.521016,593.879836,318.321686,221.401222
2016-07-11,14128.03,1.7213,0.1924,0.000763,3.4426,5.1639,3.4301,5.143,312.227177,576.714181,624.547111,329.240504,232.787873
2016-07-12,14234.16,0.7512,0.1931,0.000766,1.5024,2.2536,1.4899,2.2327,314.572633,585.378754,638.621936,334.145959,237.985344
2016-07-13,14282.59,0.3402,0.1939,0.000769,0.6805,1.0207,0.668,0.9998,315.642928,589.362114,645.140437,336.378054,240.364746
2016-07-14,14308.93,0.1844,0.1946,0.000772,0.3688,0.5533,0.3564,0.5324,316.225038,591.535921,648.709747,337.576778,241.644331
2016-07-15,14457.21,1.0363,0.1953,0.000775,2.0726,3.1088,2.0601,3.0879,319.502002,603.79581,668.877016,344.531098,249.106097
2016-07-18,14558.82,0.7028,0.1975,0.000784,1.4057,2.1085,1.3932,2.0876,321.747567,612.283159,682.980276,349.331019,254.306349
2016-07-19,14619.8,0.4189,0.1983,0.000787,0.8377,1.2566,0.8252,1.2356,323.095215,617.412287,691.562318,352.213741,257.448607
2016-07-20,14580.73,-0.2672,0.199,0.00079,-0.5345,-0.8017,-0.547,-0.8227,322.231774,614.112338,686.017918,350.287214,255.330666
2016-07-21,14700.09,0.8186,0.1998,0.000793,1.6372,2.4558,1.6247,2.4349,324.869611,624.166766,702.865449,355.978437,261.547696
2016-07-22,14630.38,-0.4742,0.2005,0.000796,-0.9484,-1.4226,-0.9609,-1.4436,323.329031,618.246984,692.866173,352.557728,257.771992
2016-07-25,14603.09,-0.1865,0.2027,0.000804,-0.3731,-0.5596,-0.3856,-0.5806,322.725927,615.940556,688.98897,351.198371,256.275464
2016-07-26,14670.69,0.4629,0.2034,0.000807,0.9258,1.3887,0.9133,1.3678,324.219876,621.643127,698.557285,354.405928,259.780716
2016-07-27,14735.18,0.4396,0.2042,0.00081,0.8792,1.3188,0.8667,1.2978,325.645094,627.108414,707.769522,357.477392,263.152063
2016-07-28,14762.78,0.1873,0.2049,0.000813,0.3746,0.5619,0.3621,0.5409,326.25505,629.457648,711.746624,358.771796,264.575529
2016-07-29,14622.84,-0.9479,0.2057,0.000816,-1.8958,-2.8438,-1.9084,-2.8648,323.162398,617.524082,691.506164,351.925098,256.996047
2016-08-01,14792.04,1.1571,0.2079,0.000825,2.3142,3.4713,2.3017,3.4503,326.901691,631.81475,715.510292,360.025206,265.863097
2016-08-02,14784.5,-0.051,0.2086,0.000828,-0.1019,-0.1529,-0.1145,-0.1739,326.735058,631.170635,714.416133,359.613046,265.400653
2016-08-03,14680.28,-0.7049,0.2093,0.000831,-1.4099,-2.1148,-1.4224,-2.1358,324.431813,622.272045,699.307787,354.497939,259.732202
2016-08-04,14729.33,0.3341,0.2101,0.000834,0.6682,1.0024,0.6557,0.9813,325.51581,626.430337,706.317404,356.822394,262.281039
2016-08-05,14852.69,0.8375,0.2108,0.000837,1.675,2.5125,1.6625,2.4915,328.242046,636.923203,724.063896,362.754503,268.81577
2016-08-08,14948.55,0.6454,0.213,0.000845,1.2908,1.9362,1.2783,1.9152,330.360537,645.144672,738.08333,367.391442,273.96402
2016-08-09,14961.36,0.0857,0.2138,0.000848,0.1714,0.2571,0.1588,0.236,330.643636,646.250371,739.980807,367.974982,274.61063
2016-08-10,15040.79,0.5309,0.2145,0.000851,1.0618,1.5927,1.0492,1.5716,332.399026,653.11227,751.766502,371.835938,278.926507
2016-08-11,14934.16,-0.7089,0.2152,0.000854,-1.4179,-2.1268,-1.4304,-2.1479,330.04252,643.851937,735.777809,366.517055,272.935473
2016-08-12,14966.08,0.2137,0.216,0.000857,0.4275,0.6412,0.4149,0.6201,330.747947,646.604251,740.495723,368.037782,274.628042
2016-08-15,14983.13,0.1139,0.2182,0.000866,0.2278,0.3418,0.2153,0.3207,331.124749,648.07753,743.026536,368.83008,275.508709
2016-08-16,14922.77,-0.4029,0.2189,0.000869,-0.8057,-1.2086,-0.8183,-1.2297,329.790803,642.855929,734.04662,365.812013,272.120883
2016-08-17,14936.23,0.0902,0.2197,0.000872,0.1804,0.2706,0.1678,0.2495,330.088267,644.015612,736.032901,366.425909,272.799783
2016-08-18,14955.63,0.1299,0.2204,0.000875,0.2598,0.3897,0.2472,0.3685,330.517004,645.688578,738.900901,367.331677,273.805165
2016-08-19,14812.62,-0.9562,0.2211,0.000878,-1.9125,-2.8687,-1.925,-2.8898,327.356506,633.340062,717.704157,360.260392,265.892728
2016-08-22,14728.54,-0.5676,0.2234,0.000886,-1.1352,-1.7029,-1.1478,-1.724,325.498351,626.15008,705.482572,356.125176,261.30871
2016-08-23,14809.36,0.5487,0.2241,0.000889,1.0975,1.6462,1.0849,1.625,327.28446,633.021834,717.096168,359.988655,265.555103
2016-08-24,14795.69,-0.0923,0.2248,0.000892,-0.1846,-0.2769,-0.1972,-0.2981,326.982355,631.853193,715.110389,359.278716,264.763565
2016-08-25,14961.95,1.1237,0.2256,0.000895,2.2474,3.3711,2.2348,3.35,330.656675,646.053533,739.217596,367.307912,273.633043
2016-08-26,14990.27,0.1893,0.2263,0.000898,0.3786,0.5678,0.366,0.5467,331.282542,648.499235,743.415172,368.652097,275.128938
2016-08-29,14957.62,-0.2178,0.2285,0.000907,-0.4356,-0.6534,-0.4482,-0.6746,330.560982,645.674269,738.55752,366.999691,273.272911
2016-08-30,14962.15,0.0303,0.2293,0.00091,0.0606,0.0909,0.048,0.0697,330.661095,646.065362,739.228549,367.175685,273.463306
2016-08-31,14899.62,-0.4179,0.23,0.000913,-0.8358,-1.2538,-0.8485,-1.275,329.279192,640.665273,729.96037,364.060341,269.976774
2016-09-01,14790.74,-0.7308,0.2307,0.000916,-1.4615,-2.1923,-1.4741,-2.2135,326.872961,631.301862,713.957663,358.693597,264.000927
2016-09-02,14806.99,0.1099,0.2315,0.000919,0.2197,0.3296,0.2071,0.3084,327.232084,632.689035,716.310854,359.436478,264.815095
2016-09-05,14976.43,1.1443,0.2337,0.000927,2.2886,3.433,2.276,3.4118,330.97668,647.169065,740.901614,367.617306,273.849933
2016-09-06,15127.54,1.009,0.2344,0.00093,2.018,3.027,2.0053,3.0057,334.316187,660.228748,763.328382,374.989262,282.081125
2016-09-07,15255.14,0.8435,0.2352,0.000933,1.687,2.5305,1.6743,2.5093,337.136126,671.366737,782.644286,381.267894,289.159253
2016-09-08,15267.19,0.079,0.2359,0.000936,0.158,0.237,0.1453,0.2157,337.402429,672.427359,784.498913,381.822018,289.783062
2016-09-09,15105.64,-1.0582,0.2366,0.000939,-2.1163,-3.1745,-2.1289,-3.1957,333.8322,658.196759,759.595351,373.693224,280.522472
2016-09-10,14922.56,-1.212,0.2374,0.000942,-2.424,-3.636,-2.4366,-3.6572,329.786162,642.2421,731.976518,364.587652,270.263086
2016-09-12,14746.96,-1.1767,0.2389,0.000948,-2.3535,-3.5302,-2.3661,-3.5515,325.90543,627.127038,706.136098,355.961006,260.66473
2016-09-13,14736.69,-0.0696,0.2396,0.000951,-0.1393,-0.2089,-0.1519,-0.2302,325.678465,626.253557,704.660807,355.420159,260.064703
2016-09-14,14673.19,-0.4309,0.2403,0.000954,-0.8618,-1.2927,-0.8745,-1.314,324.275125,620.856538,695.551714,352.312171,256.647546
2016-09-19,15086.19,2.8147,0.244,0.000968,5.6293,8.444,5.6166,8.4227,333.402358,655.806504,754.283903,372.100276,278.264122
2016-09-20,15101.1,0.0988,0.2448,0.000971,0.1977,0.2965,0.185,0.2752,333.731867,657.102799,756.520327,372.788612,279.029873
2016-09-21,15211.41,0.7305,0.2455,0.000974,1.461,2.1914,1.4483,2.1701,336.1697,666.702763,773.098939,378.187607,285.085146
2016-09-22,15222.78,0.0747,0.2462,0.000977,0.1495,0.2242,0.1368,0.2029,336.420975,667.699438,774.832532,378.705004,285.663642
2016-09-23,15304.14,0.5345,0.247,0.00098,1.0689,1.6034,1.0562,1.5821,338.219018,674.836639,787.256093,382.70503,290.183016
2016-09-26,15156.06,-0.9676,0.2492,0.000989,-1.9352,-2.9027,-1.9479,-2.9241,334.946474,661.777453,764.404064,375.25048,281.697813
2016-09-29,15281.96,0.8307,0.2514,0.000998,1.6614,2.4921,1.6487,2.4707,337.728844,672.772102,783.453567,381.437151,288.657755
2016-09-30,15110.44,-1.1224,0.2521,0.001001,-2.2447,-3.3671,-2.2574,-3.3885,333.93828,657.670129,757.073844,372.826417,278.876664
2016-10-03,15221.46,0.7347,0.2543,0.001009,1.4694,2.2042,1.4567,2.1828,336.391804,667.334247,773.76105,378.257499,284.963949
2016-10-04,15309.76,0.5801,0.2551,0.001012,1.1602,1.7403,1.1475,1.7189,338.343219,675.076687,787.226861,382.597949,289.862242
2016-10-05,15284.23,-0.1668,0.2558,0.001015,-0.3335,-0.5003,-0.3462,-0.5217,337.77901,672.82522,783.288608,381.273264,288.350133
2016-10-06,15304.15,0.1303,0.2566,0.001018,0.2607,0.391,0.2479,0.3696,338.219239,674.579012,786.351198,382.218579,289.415847
2016-10-07,15273.65,-0.1993,0.2573,0.001021,-0.3986,-0.5979,-0.4113,-0.6193,337.545194,671.890243,781.649784,380.646468,287.62354
2016-10-11,15198.21,-0.4939,0.2602,0.001033,-0.9878,-1.4818,-1.0006,-1.5032,335.877982,665.253008,770.067551,376.837779,283.299988
2016-10-12,15252.23,0.3554,0.261,0.001036,0.7109,1.0663,0.6981,1.0449,337.071816,669.982113,778.278857,379.468601,286.260115
2016-10-13,15197.13,-0.3613,0.2617,0.001039,-0.7225,-1.0838,-0.7353,-1.1052,335.854115,665.141377,769.844058,376.678512,283.096316
2016-10-14,15108.11,-0.5858,0.2625,0.001042,-1.1715,-1.7573,-1.1843,-1.7788,333.886787,657.348999,756.315546,372.217566,278.06073
2016-10-17,15126.32,0.1205,0.2647,0.00105,0.2411,0.3616,0.2283,0.3401,334.289225,658.933622,759.050336,373.067361,279.006493
2016-10-18,15203.14,0.5079,0.2654,0.001053,1.0157,1.5236,1.003,1.5021,335.986935,665.626496,770.614996,376.809052,283.197444
2016-10-19,15304.5,0.6667,0.2661,0.001056,1.3334,2.0001,1.3206,1.9786,338.226974,674.502018,786.028168,381.785367,288.80089
2016-10-20,15359.37,0.3585,0.2669,0.001059,0.717,1.0756,0.7043,1.0541,339.439592,679.338495,794.482419,384.4742,291.84509
2016-10-21,15341.77,-0.1146,0.2676,0.001062,-0.2292,-0.3438,-0.2419,-0.3653,339.050635,677.781613,791.751274,383.543986,290.779117
2016-10-24,15368.04,0.1712,0.2698,0.001071,0.3425,0.5137,0.3297,0.4922,339.631198,680.10277,795.818466,384.808479,292.2103
2016-10-25,15472.36,0.6788,0.2706,0.001074,1.3576,2.0364,1.3448,2.0149,341.936653,689.335999,812.024784,389.983548,298.098108
2016-10-26,15433.79,-0.2493,0.2713,0.001077,-0.4986,-0.7478,-0.5113,-0.7694,341.084262,685.899201,805.952059,387.989369,295.804636
2016-10-27,15330.43,-0.6697,0.272,0.00108,-1.3394,-2.0091,-1.3522,-2.0306,338.800023,676.712275,789.75969,382.743036,289.797961
2016-10-28,15342.58,0.0793,0.2728,0.001082,0.1585,0.2378,0.1457,0.2162,339.068536,677.78492,791.637442,383.300767,290.424598
2016-10-31,15314.95,-0.1801,0.275,0.001091,-0.3602,-0.5403,-0.373,-0.5618,338.457917,675.343715,787.360532,381.871163,288.792967
2016-11-01,15286.23,-0.1875,0.2757,0.001094,-0.3751,-0.5626,-0.3879,-0.5841,337.82321,672.810782,782.93094,380.390042,287.106009
2016-11-02,15065.93,-1.4412,0.2765,0.001097,-2.8823,-4.3235,-2.8951,-4.3451,332.954616,653.418137,749.080929,369.377233,274.631086
2016-11-03,14947.94,-0.7832,0.2772,0.0011,-1.5663,-2.3495,-1.5791,-2.371,330.347056,643.183547,731.481473,363.544316,268.119477
2016-11-04,14949.46,0.0102,0.278,0.001103,0.0203,0.0305,0.0075,0.0089,330.380648,643.314353,731.704617,363.571683,268.143433
2016-11-07,15150.06,1.3419,0.2802,0.001112,2.6837,4.0256,2.6709,4.004,334.813875,660.579038,761.159851,373.282286,278.879829
2016-11-08,15195.55,0.3003,0.2809,0.001115,0.6005,0.9008,0.5877,0.8792,335.819197,664.545985,768.016292,375.476083,281.331723
2016-11-09,14743.45,-2.9752,0.2816,0.001118,-5.9504,-8.9256,-5.9633,-8.9472,325.82786,625.002666,699.465927,353.085505,256.1603
2016-11-10,15087.99,2.3369,0.2824,0.001121,4.6738,7.0107,4.661,6.9891,333.442138,654.214067,748.50343,369.54274,274.0636
2016-11-11,14767.47,-2.1243,0.2831,0.001123,-4.2487,-6.373,-4.2615,-6.3946,326.358698,626.418623,700.801187,353.79465,256.538253
2016-11-14,14738.84,-0.1939,0.2853,0.001132,-0.3877,-0.5816,-0.4006,-0.6032,325.72598,623.989721,696.725214,352.37741,254.990696
2016-11-15,14723.39,-0.1048,0.2861,0.001135,-0.2097,-0.3145,-0.2225,-0.3361,325.384537,622.681526,694.534186,351.5934,254.133645
2016-11-16,14774.83,0.3494,0.2868,0.001138,0.6988,1.0481,0.6859,1.0265,326.521353,627.032526,701.813794,354.005006,256.742294
2016-11-17,14829.29,0.3686,0.2875,0.001141,0.7372,1.1058,0.7244,1.0842,327.72491,631.655008,709.574448,356.569249,259.525772
2016-11-18,14851.59,0.1504,0.2883,0.001144,0.3008,0.4511,0.2879,0.4295,328.217736,633.554749,712.775581,357.595833,260.640386
2016-11-21,14904.87,0.3587,0.2905,0.001153,0.7175,1.0762,0.7046,1.0546,329.395216,638.100498,720.446817,360.115595,263.389042
2016-11-22,15057.0,1.0207,0.2912,0.001156,2.0413,3.062,2.0285,3.0403,332.757264,651.126338,742.507037,367.420483,271.396972
2016-11-23,15130.93,0.491,0.292,0.001159,0.982,1.473,0.9691,1.4513,334.391105,657.52041,753.444185,370.98129,275.335811
2016-11-24,15088.05,-0.2834,0.2927,0.001162,-0.5668,-0.8502,-0.5797,-0.8719,333.443464,653.793676,747.038561,368.830883,272.935248
2016-11-25,15100.53,0.0827,0.2934,0.001164,0.1654,0.2481,0.1526,0.2264,333.71927,654.87524,748.892287,369.393564,273.553309
2016-11-28,15204.69,0.6898,0.2957,0.001173,1.3796,2.0693,1.3667,2.0476,336.021189,663.909599,764.38935,374.441972,279.15464
2016-11-29,15155.46,-0.3238,0.2964,0.001176,-0.6476,-0.9713,-0.6604,-0.9931,334.933214,659.610364,756.964492,371.968986,276.382461
2016-11-30,15235.13,0.5257,0.2971,0.001179,1.0514,1.5771,1.0385,1.5553,336.693908,666.545311,768.902242,375.831827,280.681126
2016-12-01,15272.76,0.247,0.2979,0.001182,0.494,0.741,0.4811,0.7193,337.525525,669.837978,774.599691,377.63996,282.699941
2016-12-02,15150.68,-0.7993,0.2986,0.001185,-1.5987,-2.398,-1.6116,-2.4197,334.827577,659.129524,756.02483,371.554086,275.859366
2016-12-05,15103.16,-0.3136,0.3008,0.001194,-0.6273,-0.9409,-0.6402,-0.9627,333.777393,654.994814,748.91103,369.175402,273.203667
2016-12-06,15251.72,0.9836,0.3016,0.001197,1.9673,2.9509,1.9544,2.9291,337.060545,667.880333,771.010688,376.390446,281.206204
2016-12-07,15273.34,0.1418,0.3023,0.0012,0.2835,0.4253,0.2706,0.4035,337.538343,669.773834,774.289515,377.40897,282.340869
2016-12-08,15457.96,1.2088,0.303,0.001203,2.4175,3.6263,2.4046,3.6045,341.618415,685.965924,802.367722,386.484285,292.517984
2016-12-09,15485.68,0.1793,0.3038,0.001205,0.3587,0.538,0.3457,0.5162,342.231023,688.426142,806.684261,387.82051,294.027959
2016-12-12,15415.22,-0.455,0.306,0.001214,-0.91,-1.365,-0.9229,-1.3868,340.673868,682.16145,795.672997,384.241227,289.95039
2016-12-13,15468.31,0.3444,0.3067,0.001217,0.6888,1.0332,0.6759,1.0114,341.847149,686.860176,803.893887,386.838222,292.882949
2016-12-14,15445.86,-0.1451,0.3075,0.00122,-0.2903,-0.4354,-0.3032,-0.4572,341.351007,684.866421,800.393683,385.665339,291.543854
2016-12-15,15432.38,-0.0873,0.3082,0.001223,-0.1745,-0.2618,-0.1875,-0.2836,341.053101,683.67102,798.29811,384.942315,290.716952
2016-12-16,15377.04,-0.3586,0.3089,0.001226,-0.7172,-1.0758,-0.7301,-1.0976,339.830096,678.767777,789.710099,382.131752,287.526022
2016-12-19,15232.84,-0.9378,0.3111,0.001235,-1.8755,-2.8133,-1.8885,-2.8351,336.6433,666.037328,767.493301,374.91533,279.374315
2016-12-20,15237.93,0.0334,0.3119,0.001238,0.0668,0.1002,0.0539,0.0784,336.755788,666.482436,768.262667,375.117354,279.593355
2016-12-21,15175.03,-0.4128,0.3126,0.001241,-0.8256,-1.2384,-0.8385,-1.2602,335.365708,660.980147,758.748831,371.971926,276.06991
2016-12-22,15034.05,-0.929,0.3134,0.001243,-1.8581,-2.7871,-1.871,-2.8089,332.250073,648.69879,737.601905,365.012323,268.315298
2016-12-23,14967.93,-0.4398,0.3141,0.001246,-0.8796,-1.3194,-0.8926,-1.3413,330.788832,642.992814,727.869949,361.754384,264.716484
2016-12-26,15020.52,0.3514,0.3163,0.001255,0.7027,1.0541,0.6897,1.0322,331.951062,647.51114,735.542088,364.249551,267.44883
2016-12-27,15018.43,-0.0139,0.317,0.001258,-0.0278,-0.0417,-0.0408,-0.0636,331.904873,647.330947,735.235052,364.100963,267.278667
2016-12-28,15170.32,1.0114,0.3178,0.001261,2.0227,3.0341,2.0097,3.0122,335.261618,660.424605,757.542614,371.418472,275.329595
2016-12-29,15090.68,-0.525,0.3185,0.001264,-1.0499,-1.5749,-1.0629,-1.5968,333.501587,653.490511,745.611944,367.470609,270.933104
2016-12-30,15256.22,1.097,0.3193,0.001267,2.1939,3.2909,2.181,3.269,337.159994,667.827681,770.149327,375.485009,279.789924
2017-01-03,15288.17,0.2094,0.325,0.00129,0.4188,0.6283,0.4058,0.6063,337.866084,670.624847,774.987932,377.008913,281.486357
2017-01-04,15311.39,0.1519,0.3267,0.001296,0.3038,0.4556,0.2908,0.4337,338.379242,672.661966,778.519136,378.10511,282.707131
2017-01-05,15428.73,0.7664,0.3284,0.001303,1.5327,2.2991,1.5197,2.2771,340.972437,682.971958,796.417858,383.851195,289.14466
2017-01-06,15451.94,0.1504,0.33,0.00131,0.3009,0.4513,0.2879,0.4293,341.485374,685.026797,800.012099,384.956116,290.386006
2017-01-09,15402.82,-0.3179,0.335,0.00133,-0.6358,-0.9537,-0.6488,-0.9757,340.39983,680.671549,792.38265,382.458468,287.552737
2017-01-10,15414.73,0.0773,0.3367,0.001336,0.1546,0.232,0.1416,0.2099,340.663039,681.724187,794.220744,383.000047,288.156405
2017-01-11,15408.29,-0.0418,0.3384,0.001343,-0.0836,-0.1253,-0.0966,-0.1474,340.520716,681.154563,793.22531,382.630047,287.731705
2017-01-12,15514.53,0.6895,0.3401,0.001349,1.379,2.0685,1.3659,2.0464,342.868603,690.54767,809.633151,387.856552,293.619941
2017-01-13,15462.84,-0.3332,0.3417,0.001356,-0.6663,-0.9995,-0.6794,-1.0216,341.726263,685.946253,801.540749,385.221434,290.620344
2017-01-16,15320.24,-0.9222,0.3467,0.001376,-1.8444,-2.7666,-1.8575,-2.7887,338.574826,673.294511,779.36506,378.065929,282.51567
2017-01-17,15422.78,0.6693,0.3484,0.001383,1.3386,2.0079,1.3255,1.9858,340.840943,682.307375,795.014181,383.077316,288.125871
2017-01-18,15402.08,-0.1342,0.3501,0.001389,-0.2684,-0.4027,-0.2815,-0.4248,340.383476,680.475829,791.813047,381.99884,286.901928
2017-01-19,15362.77,-0.2552,0.3518,0.001396,-0.5105,-0.7657,-0.5236,-0.7878,339.514732,677.002336,785.750326,379.998874,284.641621
2017-01-20,15384.75,0.1431,0.3534,0.001402,0.2861,0.4292,0.273,0.407,340.000486,678.939554,789.122919,381.036414,285.800253
2017-01-23,15537.4,0.9922,0.3584,0.001422,1.9844,2.9766,1.9713,2.9544,343.374027,692.412652,812.612339,388.547799,294.244047
2017-01-24,15576.81,0.2536,0.3601,0.001429,0.5073,0.7609,0.4942,0.7387,344.244981,695.925206,818.795816,390.467834,296.417672
2017-02-02,15545.51,-0.2009,0.3752,0.001489,-0.4019,-0.6028,-0.4151,-0.6252,343.553256,693.128426,813.859957,388.847102,294.564583
2017-02-03,15589.35,0.282,0.3768,0.001495,0.564,0.846,0.5508,0.8237,344.522113,697.037818,820.745474,390.988948,296.990842
2017-02-06,15725.29,0.872,0.3818,0.001515,1.744,2.616,1.7308,2.5936,347.526365,709.194236,842.216312,397.756144,304.693659
2017-02-07,15752.58,0.1735,0.3835,0.001522,0.3471,0.5206,0.3339,0.4982,348.12947,711.655737,846.601112,399.084077,306.211696
2017-02-08,15733.92,-0.1185,0.3852,0.001528,-0.2369,-0.3554,-0.2501,-0.3778,347.717087,709.969728,843.592543,398.085775,305.054852
2017-02-09,15811.31,0.4919,0.3868,0.001535,0.9837,1.4756,0.9705,1.4532,349.427393,716.953945,856.040609,401.949169,309.487806
2017-02-10,15935.63,0.7863,0.3885,0.001542,1.5725,2.3588,1.5593,2.3364,352.174845,728.22837,876.233048,408.216751,316.718584
2017-02-13,16009.37,0.4627,0.3935,0.001562,0.9255,1.3882,0.9122,1.3657,353.804487,734.967929,888.397002,411.940526,321.044078
2017-02-14,16023.32,0.0871,0.3952,0.001568,0.1743,0.2614,0.161,0.2389,354.11278,736.248779,890.719355,412.603743,321.811078
2017-02-15,16156.83,0.8332,0.3969,0.001575,1.6664,2.4997,1.6532,2.4772,357.063329,748.517969,912.984393,419.424764,329.782835
2017-02-16,16109.84,-0.2908,0.3985,0.001582,-0.5817,-0.8725,-0.595,-0.895,356.024858,744.164038,905.01851,416.929348,326.831152
2017-02-17,16090.88,-0.1177,0.4002,0.001588,-0.2354,-0.3531,-0.2487,-0.3756,355.605845,742.412394,901.823106,415.892534,325.603516
2017-02-18,16124.12,0.2066,0.4019,0.001595,0.4132,0.6197,0.3999,0.5972,356.340444,745.479696,907.411974,417.555489,327.54794
2017-02-20,16080.08,-0.2731,0.4052,0.001608,-0.5463,-0.8194,-0.5596,-0.842,355.367167,741.407421,899.976699,415.218946,324.790069
2017-02-21,16097.77,0.11,0.4069,0.001615,0.22,0.33,0.2067,0.3074,355.758113,743.038693,902.946943,416.077215,325.788608
2017-02-22,16122.25,0.1521,0.4086,0.001621,0.3041,0.4562,0.2908,0.4336,356.299117,745.298582,907.066297,417.287225,327.201242
2017-02-23,16106.63,-0.0969,0.4102,0.001628,-0.1938,-0.2907,-0.2071,-0.3133,355.953917,743.854421,904.429871,416.423007,326.176201
2017-02-24,16075.57,-0.1928,0.4119,0.001635,-0.3857,-0.5785,-0.399,-0.6012,355.267496,740.985526,899.197568,414.761393,324.215381
2017-03-01,15950.78,-0.7763,0.4203,0.001668,-1.5525,-2.3288,-1.5659,-2.3515,352.509658,729.481413,878.256936,408.266577,316.591411
2017-03-02,15978.84,0.1759,0.4219,0.001674,0.3518,0.5277,0.3385,0.505,353.129779,732.047964,882.891923,409.648362,318.190307
2017-03-03,15906.98,-0.4497,0.4236,0.001681,-0.8994,-1.3492,-0.9128,-1.3719,351.541685,725.463636,870.980305,405.908982,313.825098
2017-03-06,15963.72,0.3567,0.4286,0.001701,0.7134,1.0701,0.7,1.0473,352.79563,730.639075,880.300633,408.750305,317.11188
2017-03-07,16055.13,0.5726,0.4303,0.001708,1.1452,1.7178,1.1318,1.6951,354.815776,739.006513,895.422725,413.376573,322.487093
2017-03-08,16080.49,0.158,0.432,0.001714,0.3159,0.4739,0.3025,0.4511,355.376228,741.34112,899.66584,414.627,323.941748
2017-03-09,15924.12,-0.9724,0.4336,0.001721,-1.9448,-2.9173,-1.9583,-2.9401,351.920476,726.923212,873.420232,406.50749,314.417639
2017-03-10,15873.47,-0.3181,0.4353,0.001727,-0.6361,-0.9542,-0.6496,-0.977,350.801119,722.298949,865.085943,403.866917,311.345675
2017-03-13,15987.97,0.7213,0.4403,0.001747,1.4427,2.164,1.4292,2.1411,353.331551,732.719258,883.8063,409.639003,318.011986
2017-03-14,16065.26,0.4834,0.442,0.001754,0.9669,1.4503,0.9534,1.4274,355.039647,739.803568,896.623948,413.544467,322.551304
2017-03-15,16058.82,-0.0401,0.4437,0.001761,-0.0802,-0.1203,-0.0936,-0.1431,354.897324,739.210445,895.545672,413.157224,322.089586
2017-03-16,16219.61,1.0013,0.4453,0.001767,2.0025,3.0038,1.989,2.9809,358.450757,754.013233,922.445804,421.375085,331.690659
2017-03-17,16336.44,0.7203,0.447,0.001774,1.4406,2.1609,1.4271,2.138,361.032681,764.875561,942.378961,427.38862,338.782172
2017-03-20,16343.49,0.0432,0.452,0.001794,0.0863,0.1295,0.0728,0.1065,361.188485,765.535726,943.599013,427.699802,339.143017
2017-03-21,16441.62,0.6004,0.4537,0.0018,1.2008,1.8013,1.1873,1.7783,363.357142,774.728624,960.595757,432.778046,345.174004
2017-03-22,16359.46,-0.4997,0.4554,0.001807,-0.9994,-1.4991,-1.0129,-1.5221,361.54142,766.985871,946.195251,428.394315,339.920105
2017-03-23,16372.78,0.0814,0.457,0.001814,0.1628,0.2443,0.1493,0.2213,361.835789,768.234843,948.50645,429.034,340.672246
2017-03-24,16327.02,-0.2795,0.4587,0.00182,-0.559,-0.8385,-0.5725,-0.8615,360.824501,763.94059,940.553557,426.577766,337.737455
2017-03-27,16283.8,-0.2647,0.4637,0.00184,-0.5294,-0.7941,-0.543,-0.8172,359.869346,759.896066,933.08421,424.261553,334.977501
2017-03-28,16283.28,-0.0032,0.4654,0.001847,-0.0064,-0.0096,-0.0199,-0.0326,359.857854,759.847534,932.99482,424.176956,334.868169
2017-03-29,16249.97,-0.2046,0.4671,0.001853,-0.4091,-0.6137,-0.4227,-0.6368,359.121708,756.73876,927.269059,422.383997,332.735832
2017-03-30,16236.62,-0.0822,0.4687,0.00186,-0.1643,-0.2465,-0.1779,-0.2695,358.826675,755.495377,924.983693,421.632684,331.838952
2017-03-31,16176.23,-0.3719,0.4704,0.001867,-0.7439,-1.1158,-0.7574,-1.1389,357.492066,749.875443,914.662623,418.43904,328.059607
2017-04-05,16403.68,1.4061,0.4788,0.0019,2.8122,4.2182,2.7985,4.1951,362.518674,770.963072,953.245163,430.149243,341.821909
2017-04-06,16318.47,-0.5195,0.4804,0.001907,-1.0389,-1.5584,-1.0525,-1.5815,360.635547,762.953435,938.390078,425.62181,336.415832
2017-04-07,16278.2,-0.2468,0.4821,0.001913,-0.4936,-0.7403,-0.5072,-0.7635,359.745587,759.18787,931.442925,423.463181,333.847236
2017-04-10,16293.32,0.0929,0.4871,0.001933,0.1858,0.2787,0.1721,0.2554,360.079736,760.598212,934.038436,424.192091,334.699961
2017-04-11,16210.69,-0.5071,0.4888,0.00194,-1.0143,-1.5214,-1.0279,-1.5447,358.253627,752.883611,919.827779,419.831707,329.529966
2017-04-12,16186.38,-0.15,0.4905,0.001946,-0.2999,-0.4499,-0.3136,-0.4731,357.71638,750.625521,915.689581,418.515206,327.970809
2017-04-13,16217.7,0.1935,0.4921,0.001953,0.387,0.5805,0.3733,0.5572,358.408546,753.530382,921.00505,420.077661,329.798318
2017-04-14,16046.66,-1.0547,0.4938,0.00196,-2.1093,-3.164,-2.123,-3.1872,354.62859,737.636163,891.864906,411.159554,319.286872
2017-04-17,16019.4,-0.1699,0.4988,0.001979,-0.3398,-0.5096,-0.3534,-0.533,354.026149,735.129977,887.319617,409.706331,317.585192
2017-04-18,16069.13,0.3104,0.5005,0.001986,0.6209,0.9313,0.6072,0.908,355.125173,739.694194,895.583298,412.193985,320.468773
2017-04-19,15893.35,-1.0939,0.5022,0.001993,-2.1878,-3.2817,-2.2015,-3.305,351.240464,723.511184,866.192976,403.119549,309.877131
2017-04-20,15881.39,-0.0753,0.5038,0.001999,-0.1505,-0.2258,-0.1642,-0.2491,350.97615,722.422277,864.237504,402.457591,309.10517
2017-04-21,16021.06,0.8795,0.5055,0.002006,1.7589,2.6384,1.7452,2.615,354.062834,735.129064,887.039296,409.481288,317.188251
2017-04-24,16021.95,0.0056,0.5105,0.002026,0.0111,0.0167,-0.0026,-0.0068,354.082503,735.210739,887.187126,409.470552,317.166837
2017-04-25,16225.99,1.2735,0.5122,0.002033,2.547,3.8205,2.5333,3.7971,358.591754,753.9366,921.082188,419.843534,329.209911
2017-04-26,16250.31,0.1499,0.5139,0.002039,0.2998,0.4496,0.286,0.4262,359.129222,756.196645,925.223825,421.044373,330.613023
2017-04-27,16257.17,0.0422,0.5155,0.002046,0.0844,0.1266,0.0707,0.1032,359.280827,756.835096,926.395563,421.341954,330.954173
2017-04-28,16275.94,0.1155,0.5172,0.002052,0.2309,0.3464,0.2172,0.3229,359.695641,758.58273,929.604322,422.256918,332.022825
2017-05-02,16390.15,0.7017,0.5239,0.002079,1.4034,2.1051,1.3896,2.0816,362.219664,769.228841,949.173718,428.124752,338.934242
2017-05-03,16413.33,0.1414,0.5256,0.002086,0.2829,0.4243,0.2691,0.4007,362.731938,771.404627,953.200865,429.276669,340.292497
2017-05-04,16433.62,0.1236,0.5272,0.002092,0.2472,0.3709,0.2334,0.3473,363.180344,773.311833,956.735878,430.27877,341.474359
2017-05-05,16322.01,-0.6792,0.5289,0.002099,-1.3583,-2.0375,-1.3721,-2.061,360.713781,762.807837,937.242676,424.374837,334.436462
2017-05-08,16383.52,0.3769,0.5339,0.002119,0.7537,1.1306,0.7399,1.107,362.073142,768.557167,947.83876,427.514706,338.138529
2017-05-09,16347.63,-0.2191,0.5356,0.002125,-0.4381,-0.6572,-0.452,-0.6808,361.279978,765.18994,941.609708,425.582533,335.83648
2017-05-10,16434.92,0.534,0.5373,0.002132,1.0679,1.6019,1.0541,1.5783,363.209073,773.361575,956.6932,430.06853,341.136835
2017-05-11,16489.59,0.3326,0.5389,0.002139,0.6653,0.9979,0.6514,0.9743,364.417271,778.506678,966.240386,432.870193,344.46051
2017-05-12,16465.43,-0.1465,0.5406,0.002145,-0.293,-0.4396,-0.3069,-0.4632,363.883339,776.225393,961.993276,431.54178,342.864949
2017-05-15,16547.87,0.5007,0.5456,0.002165,1.0014,1.5021,0.9875,1.4784,365.70525,783.998287,976.442955,435.803252,347.93373
2017-05-16,16539.59,-0.05,0.5473,0.002172,-0.1001,-0.1501,-0.114,-0.1738,365.522263,783.213714,974.977217,435.306648,347.328956
2017-05-17,16510.22,-0.1776,0.549,0.002178,-0.3551,-0.5327,-0.369,-0.5564,364.873191,780.432148,969.783301,433.700224,345.396266
2017-05-18,16437.31,-0.4416,0.5506,0.002185,-0.8832,-1.3248,-0.8971,-1.3486,363.261892,773.539289,956.935459,429.809491,340.738422
2017-05-19,16401.31,-0.219,0.5523,0.002192,-0.438,-0.657,-0.4519,-0.6808,362.466298,770.150971,950.647993,427.867071,338.418708
2017-05-22,16483.15,0.499,0.5573,0.002212,0.998,1.497,0.9841,1.4732,364.274949,777.83684,964.878752,432.077502,343.404175
2017-05-23,16500.61,0.1059,0.559,0.002218,0.2119,0.3178,0.1979,0.294,364.660812,779.484708,967.944935,432.932705,344.413706
2017-05-24,16560.91,0.3654,0.5607,0.002225,0.7309,1.0963,0.717,1.0725,365.993432,785.181822,978.556739,436.03662,348.107572
2017-05-25,16666.55,0.6379,0.5623,0.002231,1.2758,1.9137,1.2618,1.8898,368.328059,795.198978,997.283017,441.538693,354.686231
2017-05-26,16655.76,-0.0647,0.564,0.002238,-0.1295,-0.1942,-0.1434,-0.2181,368.089602,794.169347,995.34608,440.905415,353.912793
2017-05-31,16554.82,-0.606,0.5724,0.002271,-1.2121,-1.8181,-1.2261,-1.842,365.858844,784.543433,977.249596,435.49969,347.393658
2017-06-01,16631.87,0.4654,0.574,0.002278,0.9308,1.3963,0.9169,1.3723,367.561636,791.84633,990.89464,439.492624,352.161112
2017-06-02,16739.82,0.6491,0.5757,0.002285,1.2981,1.9472,1.2841,1.9232,369.947314,802.125368,1010.188996,445.136233,358.933984
2017-06-03,16749.09,0.0554,0.5774,0.002291,0.1108,0.1661,0.0968,0.1422,370.152179,803.013753,1011.867231,445.566931,359.444329
2017-06-05,16863.28,0.6818,0.5807,0.002304,1.3635,2.0453,1.3495,2.0213,372.67576,813.963141,1032.563004,451.579973,366.709889
2017-06-06,16830.16,-0.1964,0.5824,0.002311,-0.3928,-0.5892,-0.4068,-0.6132,371.943813,810.765843,1026.479047,449.742839,364.461238
2017-06-07,16836.46,0.0374,0.5841,0.002318,0.0749,0.1123,0.0608,0.0883,372.083042,811.372828,1027.631767,450.01647,364.783049
2017-06-08,16862.48,0.1545,0.5857,0.002324,0.3091,0.4636,0.2951,0.4396,372.65808,813.880709,1032.396245,451.34429,366.386719
2017-06-09,16819.41,-0.2554,0.5874,0.002331,-0.5108,-0.7663,-0.5249,-0.7903,371.70624,809.723095,1024.485432,448.975294,363.491222
2017-06-12,16671.51,-0.8793,0.5924,0.002351,-1.7587,-2.638,-1.7727,-2.6621,368.437674,795.482638,997.459265,441.016132,353.814758
2017-06-13,16702.37,0.1851,0.5941,0.002357,0.3702,0.5553,0.3561,0.5312,369.119675,798.427613,1002.998342,442.586804,355.694358
2017-06-14,16611.94,-0.5414,0.5958,0.002364,-1.0828,-1.6243,-1.0969,-1.6484,367.121187,789.781917,986.707036,437.732022,349.831257
2017-06-15,16638.78,0.1616,0.5974,0.002371,0.3231,0.4847,0.3091,0.4606,367.714346,792.334027,991.489719,439.084894,351.442597
2017-06-16,16751.66,0.6784,0.5991,0.002377,1.3568,2.0352,1.3427,2.0111,370.208976,803.084655,1011.668968,444.980691,358.510549
2017-06-19,16906.48,0.9242,0.6041,0.002397,1.8484,2.7726,1.8343,2.7485,373.630473,817.928982,1039.718712,453.143018,368.364072
2017-06-20,17031.37,0.7387,0.6058,0.002404,1.4774,2.2161,1.4633,2.192,376.390522,830.013242,1062.760256,459.773911,376.438464
2017-06-21,17073.07,0.2448,0.6075,0.002411,0.4897,0.7345,0.4756,0.7103,377.312085,834.07769,1070.566516,461.960448,379.11246
2017-06-22,17158.41,0.4999,0.6091,0.002417,0.9997,1.4996,0.9856,1.4754,379.198085,842.41599,1086.620245,466.513435,384.705716
2017-06-23,17124.43,-0.198,0.6108,0.002424,-0.3961,-0.5941,-0.4102,-0.6183,378.447133,839.079399,1080.164515,464.599778,382.326989
2017-06-26,17454.88,1.9297,0.6158,0.002444,3.8594,5.7891,3.8452,5.7648,385.750024,871.462817,1142.696295,482.464794,404.367549
2017-06-27,17452.0,-0.0165,0.6175,0.00245,-0.033,-0.0495,-0.0472,-0.0738,385.686377,871.17524,1142.130671,482.237283,404.069268
2017-06-28,17283.64,-0.9647,0.6192,0.002457,-1.9294,-2.8941,-1.9436,-2.9184,381.965648,854.366729,1109.076158,472.864665,392.276957
2017-06-29,17338.95,0.32,0.6208,0.002464,0.64,0.96,0.6259,0.9357,383.18799,859.834909,1119.723742,475.824123,395.947683
2017-06-30,17298.15,-0.2353,0.6225,0.00247,-0.4706,-0.7059,-0.4848,-0.7302,382.286317,855.788382,1111.819331,473.51736,393.056352
2017-07-03,17367.39,0.4003,0.6275,0.00249,0.8005,1.2008,0.7864,1.1765,383.816509,862.639379,1125.170303,477.240871,397.680568
2017-07-04,17263.54,-0.598,0.6292,0.002497,-1.1959,-1.7939,-1.2101,-1.8182,381.521441,852.322907,1104.986107,471.465671,390.44979
2017-07-05,17366.05,0.5938,0.6308,0.002503,1.1876,1.7814,1.1734,1.757,383.786896,862.445005,1124.670156,476.997755,397.310042
2017-07-06,17340.92,-0.1447,0.6325,0.00251,-0.2894,-0.4341,-0.3036,-0.4585,383.231527,859.948957,1119.787706,475.549439,395.488344
2017-07-07,17226.18,-0.6617,0.6342,0.002517,-1.3233,-1.985,-1.3376,-2.0094,380.695791,848.568875,1097.559743,469.188647,387.541345
2017-07-10,17217.58,-0.0499,0.6392,0.002537,-0.0998,-0.1498,-0.1141,-0.1742,380.505733,847.721596,1095.915905,468.653345,386.866209
2017-07-11,17448.2,1.3394,0.6409,0.002543,2.6789,4.0183,2.6646,3.9939,385.602397,870.431124,1139.953475,481.141271,402.317194
2017-07-12,17484.98,0.2108,0.6425,0.00255,0.4216,0.6324,0.4073,0.6079,386.415229,874.100781,1147.162383,483.101126,404.762966
2017-07-13,17608.71,0.7076,0.6442,0.002556,1.4153,2.1229,1.401,2.0984,389.149642,886.471683,1171.515582,489.869417,413.256633
2017-07-14,17587.16,-0.1224,0.6459,0.002563,-0.2448,-0.3671,-0.259,-0.3916,388.673391,884.301909,1167.214388,488.600486,411.638159
2017-07-17,17625.14,0.216,0.6509,0.002583,0.4319,0.6479,0.4176,0.6233,389.512743,888.121262,1174.776292,490.640963,414.204015
2017-07-18,17693.8,0.3896,0.6526,0.00259,0.7791,1.1687,0.7648,1.1441,391.030118,895.040742,1188.505568,494.393475,418.943036
2017-07-19,17740.87,0.266,0.6542,0.002596,0.5321,0.7981,0.5177,0.7735,392.070357,899.802813,1197.990748,496.953189,422.183639
2017-07-20,17739.83,-0.0059,0.6559,0.002603,-0.0117,-0.0176,-0.026,-0.0422,392.047373,899.697317,1197.780063,496.823814,422.005657
2017-07-21,17657.97,-0.4614,0.6576,0.002609,-0.9229,-1.3843,-0.9372,-1.4089,390.23828,891.394056,1181.198685,492.167528,416.059908
2017-07-24,17703.44,0.2575,0.6626,0.002629,0.515,0.7725,0.5007,0.7479,391.24316,895.984809,1190.323591,494.631675,419.171572
2017-07-25,17719.59,0.0912,0.6643,0.002636,0.1825,0.2737,0.1681,0.249,391.600072,897.619537,1193.581216,495.463191,420.215471
2017-07-26,17658.57,-0.3444,0.6659,0.002643,-0.6887,-1.0331,-0.7031,-1.0577,390.25154,891.437369,1181.250402,491.979697,415.770666
2017-07-27,17824.51,0.9397,0.6676,0.002649,1.8794,2.8191,1.8651,2.7945,393.918788,908.191287,1214.551517,501.155471,427.389283
2017-07-28,17681.59,-0.8018,0.6693,0.002656,-1.6036,-2.4055,-1.618,-2.4301,390.760279,893.627217,1185.336066,493.046792,417.003174
2017-07-31,17697.54,0.0902,0.6743,0.002676,0.1804,0.2706,0.166,0.2459,391.112771,895.239443,1188.543827,493.865405,418.0286
2017-08-01,17728.87,0.177,0.676,0.002682,0.3541,0.5311,0.3397,0.5064,391.805159,898.409132,1194.856074,495.542926,420.145333
2017-08-02,17879.09,0.8473,0.6776,0.002689,1.6946,2.542,1.6802,2.5172,395.124997,913.633906,1225.228785,503.869245,430.721284
2017-08-03,17808.61,-0.3942,0.6793,0.002696,-0.7884,-1.1826,-0.8028,-1.2074,393.5674,906.430752,1210.7391,499.824137,425.520897
2017-08-04,17880.21,0.4021,0.681,0.002702,0.8041,1.2062,0.7897,1.1814,395.149749,913.719411,1225.342528,503.771232,430.547952
2017-08-07,18004.62,0.6958,0.686,0.002722,1.3916,2.0874,1.3772,2.0626,397.899189,926.434679,1250.920225,510.708997,439.428357
2017-08-08,17997.7,-0.0384,0.6877,0.002729,-0.0769,-0.1153,-0.0913,-0.1401,397.746258,925.722537,1249.477867,510.242697,438.812601
2017-08-09,17843.32,-0.8578,0.6893,0.002735,-1.7156,-2.5733,-1.73,-2.5982,394.334485,909.84128,1217.324693,501.415527,427.411526
2017-08-10,17621.56,-1.2428,0.691,0.002742,-2.4856,-3.7285,-2.5001,-3.7533,389.433625,887.225937,1171.937301,488.879715,411.369475
2017-08-11,17624.02,0.014,0.6927,0.002749,0.0279,0.0419,0.0135,0.017,389.487991,887.473654,1172.428114,488.945544,411.439481
2017-08-14,17447.74,-1.0002,0.6977,0.002769,-2.0005,-3.0007,-2.0149,-3.0256,385.592231,869.720172,1137.247328,479.09365,398.991051
2017-08-15,17595.91,0.8492,0.6994,0.002775,1.6984,2.5477,1.684,2.5227,388.866764,884.491878,1166.220582,487.161404,409.056596
2017-08-16,17571.29,-0.1399,0.701,0.002782,-0.2798,-0.4198,-0.2943,-0.4447,388.322666,882.016735,1161.325294,485.727561,407.237581
2017-08-17,17718.01,0.835,0.7027,0.002789,1.67,2.505,1.6555,2.4801,391.565155,896.746388,1190.416438,493.768791,417.337289
2017-08-18,17636.62,-0.4594,0.7044,0.002795,-0.9187,-1.3781,-0.9332,-1.403,389.766449,888.507744,1174.011437,489.160804,411.48186
2017-08-21,17647.76,0.0632,0.7094,0.002815,0.1263,0.1895,0.1118,0.1645,390.012641,889.630178,1176.236096,489.707718,412.158735
2017-08-22,17763.22,0.6542,0.7111,0.002822,1.3085,1.9627,1.294,1.9377,392.564288,901.270942,1199.322576,496.044373,420.145273
2017-08-23,17792.79,0.1665,0.7127,0.002828,0.3329,0.4994,0.3184,0.4744,393.217781,904.271589,1205.312025,497.62378,422.138362
2017-08-24,17938.65,0.8198,0.7144,0.002835,1.6395,2.4593,1.625,2.4343,396.441263,919.097488,1234.954393,505.710162,432.414374
2017-08-25,17986.53,0.2669,0.7161,0.002842,0.5338,0.8007,0.5193,0.7757,397.499403,924.003809,1244.843033,508.336171,435.76853
2017-08-28,18007.85,0.1185,0.7211,0.002861,0.2371,0.3556,0.2225,0.3305,397.970572,926.194311,1249.269688,509.467211,437.208794
2017-08-29,17962.06,-0.2543,0.7228,0.002868,-0.5086,-0.7628,-0.5231,-0.7879,396.95862,921.484094,1239.739834,506.802033,433.763872
2017-08-30,18090.01,0.7123,0.7244,0.002875,1.4247,2.137,1.4101,2.1119,399.786295,934.612198,1266.233128,513.94839,442.924487
2017-08-31,18119.11,0.1609,0.7261,0.002881,0.3217,0.4826,0.3071,0.4575,400.4294,937.619074,1272.343802,515.526915,444.950684
2017-09-01,18134.59,0.0854,0.7278,0.002888,0.1709,0.2563,0.1563,0.2312,400.771505,939.221178,1275.60487,516.332554,445.979245
2017-09-04,18091.93,-0.2352,0.7328,0.002908,-0.4705,-0.7057,-0.4851,-0.7309,399.828726,934.80231,1266.602631,513.827844,442.719565
2017-09-05,18174.45,0.4561,0.7345,0.002915,0.9122,1.3683,0.8976,1.3432,401.652405,943.329857,1283.934124,518.440009,448.665956
2017-09-06,18054.98,-0.6574,0.7361,0.002921,-1.3147,-1.9721,-1.3293,-1.9973,399.012137,930.927873,1258.614247,511.548229,439.704923
2017-09-07,18040.62,-0.0795,0.7378,0.002928,-0.1591,-0.2386,-0.1737,-0.2638,398.694784,929.447049,1255.611136,510.65965,438.54487
2017-09-08,18162.91,0.6779,0.7395,0.002934,1.3557,2.0336,1.3411,2.0083,401.397373,942.047733,1281.144963,517.507992,447.352358
2017-09-11,18102.33,-0.3335,0.7445,0.002954,-0.6671,-1.0006,-0.6817,-1.0259,400.058565,935.76358,1268.325691,513.979962,442.76304
2017-09-12,18167.72,0.3612,0.7462,0.002961,0.7224,1.0837,0.7078,1.0584,401.503673,942.52399,1282.070189,517.617815,447.449181
2017-09-13,18035.11,-0.7299,0.7478,0.002968,-1.4598,-2.1898,-1.4745,-2.2151,398.573013,928.764629,1253.995891,509.985458,437.537898
2017-09-14,18076.66,0.2304,0.7495,0.002974,0.4608,0.6912,0.4461,0.6658,399.491262,933.044078,1262.662908,512.260438,440.451193
2017-09-15,18122.64,0.2544,0.7512,0.002981,0.5087,0.7631,0.494,0.7378,400.507412,937.790682,1272.298079,514.791185,443.700651
2017-09-18,18212.52,0.496,0.7562,0.003001,0.9919,1.4879,0.9772,1.4625,402.493746,947.092707,1291.228128,519.821731,450.189756
2017-09-19,18117.56,-0.5214,0.7579,0.003007,-1.0428,-1.5642,-1.0575,-1.5896,400.395145,937.216432,1271.030754,514.324549,443.033636
2017-09-20,18019.98,-0.5386,0.7595,0.003014,-1.0772,-1.6158,-1.0919,-1.6412,398.238643,927.120859,1250.493687,508.708602,435.762685
2017-09-21,18121.68,0.5644,0.7612,0.003021,1.1287,1.6931,1.114,1.6677,400.486196,937.585708,1271.666054,514.375718,443.029961
2017-09-22,17901.33,-1.2159,0.7629,0.003027,-2.4319,-3.6478,-2.4466,-3.6733,395.616497,914.78462,1225.277703,501.790861,426.756318
2017-09-25,17706.39,-1.089,0.7679,0.003047,-2.1779,-3.2669,-2.1927,-3.2924,391.308355,894.861172,1185.249007,490.788131,412.705931
2017-09-26,17571.28,-0.7631,0.7696,0.003054,-1.5261,-2.2892,-1.5409,-2.3146,388.322445,881.204555,1158.1166,483.225695,403.153249
2017-09-27,17690.97,0.6812,0.7712,0.00306,1.3623,2.0435,1.3476,2.018,390.967575,893.209528,1181.782771,489.737499,411.288959
2017-09-28,17639.43,-0.2913,0.7729,0.003067,-0.5827,-0.874,-0.5974,-0.8995,389.828549,888.005063,1171.453928,486.811594,407.589396
2017-09-29,17696.83,0.3254,0.7746,0.003074,0.6508,0.9762,0.636,0.9507,391.09708,893.78433,1182.889919,489.907884,411.464387
2017-09-30,17789.34,0.5227,0.7762,0.00308,1.0455,1.5682,1.0307,1.5427,393.141536,903.128827,1201.440555,494.95742,417.812136
2017-10-02,17928.48,0.7822,0.7796,0.003094,1.5643,2.3465,1.5495,2.3209,396.216508,917.25654,1229.631894,502.626823,427.509176
2017-10-03,17935.65,0.04,0.7813,0.0031,0.08,0.12,0.0652,0.0944,396.374964,917.990203,1231.107166,502.954425,427.912792
2017-10-05,18019.46,0.4673,0.7846,0.003114,0.9346,1.4018,0.9197,1.3763,398.227151,926.569402,1248.365379,507.580315,433.801954
2017-10-06,18044.49,0.1389,0.7863,0.00312,0.2778,0.4167,0.263,0.3911,398.78031,929.143512,1253.567519,508.915172,435.4986
2017-10-11,18230.16,1.029,0.7946,0.003153,2.0579,3.0869,2.0431,3.0612,402.883587,948.264482,1292.263523,519.312583,448.830077
2017-10-12,18351.55,0.6659,0.7963,0.00316,1.3317,1.9976,1.3169,1.9719,405.566286,960.892986,1318.078085,526.151321,457.680732
2017-10-13,18373.21,0.118,0.798,0.003167,0.2361,0.3541,0.2212,0.3284,406.044969,963.161235,1322.745196,527.315081,459.183693
2017-10-16,18459.08,0.4674,0.803,0.003186,0.9347,1.4021,0.9198,1.3764,407.942682,972.164197,1341.29135,532.165524,465.503703
2017-10-17,18371.6,-0.4739,0.8047,0.003193,-0.9478,-1.4217,-0.9627,-1.4475,406.009388,962.94977,1322.221684,527.04223,458.765581
2017-10-18,18366.68,-0.0268,0.8063,0.0032,-0.0536,-0.0803,-0.0685,-0.1061,405.900657,962.434005,1321.159392,526.68138,458.278803
2017-10-19,18435.26,0.3734,0.808,0.003206,0.7468,1.1202,0.7319,1.0944,407.416264,969.621338,1335.958764,530.536026,463.29422
2017-10-20,18381.43,-0.292,0.8097,0.003213,-0.584,-0.876,-0.5989,-0.9018,406.226629,963.95885,1324.255974,527.358599,459.116347
2017-10-23,18392.28,0.059,0.8147,0.003233,0.1181,0.1771,0.1031,0.1513,406.466413,965.096842,1326.600978,527.902383,459.81076
2017-10-24,18406.96,0.0798,0.8164,0.00324,0.1596,0.2394,0.1447,0.2136,406.790838,966.637447,1329.777502,528.666185,460.792935
2017-10-25,18418.61,0.0633,0.818,0.003246,0.1266,0.1899,0.1116,0.164,407.048301,967.861041,1332.302401,529.256336,461.548712
2017-10-26,18391.51,-0.1471,0.8197,0.003253,-0.2943,-0.4414,-0.3092,-0.4673,406.449396,965.01294,1326.4216,527.619734,459.392024
2017-10-27,18347.57,-0.2389,0.8214,0.003259,-0.4778,-0.7167,-0.4928,-0.7426,405.478329,960.401827,1316.914556,525.019651,455.980452
2017-10-30,18429.39,0.4459,0.8264,0.003279,0.8919,1.3378,0.8769,1.3119,407.286538,968.967547,1334.532685,529.623567,461.962505
2017-10-31,18492.76,0.3439,0.8281,0.003286,0.6877,1.0316,0.6727,1.0056,408.687004,975.631194,1348.299174,533.186416,466.608101
2017-11-01,18514.29,0.1164,0.8297,0.003293,0.2328,0.3493,0.2178,0.3233,409.162814,977.902931,1353.008403,534.347958,468.116746
2017-11-02,18483.74,-0.165,0.8314,0.003299,-0.33,-0.495,-0.345,-0.521,408.487664,974.675701,1346.3107,532.504345,465.677921
2017-11-03,18504.74,0.1136,0.8331,0.003306,0.2272,0.3408,0.2122,0.3149,408.95176,976.890425,1350.899467,533.634397,467.14417
2017-11-06,18479.77,-0.1349,0.8381,0.003326,-0.2699,-0.4048,-0.2849,-0.4308,408.399928,974.254024,1345.430821,532.114025,465.131565
2017-11-07,18572.65,0.5026,0.8398,0.003332,1.0052,1.5078,0.9902,1.4818,410.45256,984.047297,1365.717374,537.382851,472.023797
2017-11-08,18536.07,-0.197,0.8414,0.003339,-0.3939,-0.5909,-0.409,-0.6169,409.644148,980.171011,1357.647776,535.185182,469.111826
2017-11-09,18406.34,-0.6999,0.8431,0.003346,-1.3998,-2.0996,-1.4148,-2.1257,406.777136,966.450995,1329.142114,527.613332,459.139952
2017-11-10,18388.19,-0.0986,0.8448,0.003352,-0.1972,-0.2958,-0.2123,-0.3219,406.376024,964.545012,1325.21022,526.49335,457.662019
2017-11-13,18304.66,-0.4543,0.8498,0.003372,-0.9085,-1.3628,-0.9236,-1.3889,404.530025,955.781948,1307.150561,521.630677,451.305615
2017-11-14,18310.24,0.0305,0.8515,0.003379,0.061,0.0915,0.0459,0.0653,404.653342,956.36467,1308.345978,521.870016,451.60045
2017-11-15,18213.39,-0.5289,0.8531,0.003385,-1.0579,-1.5868,-1.073,-1.613,402.512973,946.247498,1287.584922,516.270509,444.316348
2017-11-16,18203.77,-0.0528,0.8548,0.003392,-0.1056,-0.1585,-0.1207,-0.1846,402.300372,945.247915,1285.544681,515.64719,443.496122
2017-11-17,18335.01,0.7209,0.8565,0.003399,1.4419,2.1628,1.4268,2.1367,405.200755,958.877436,1313.349068,523.004413,452.972243
2017-11-20,18271.46,-0.3466,0.8615,0.003419,-0.6932,-1.0398,-0.7083,-1.066,403.79631,952.230409,1299.69268,519.299794,448.143485
2017-11-21,18467.96,1.0754,0.8632,0.003425,2.1509,3.2263,2.1358,3.2001,408.138928,972.711889,1341.625226,530.390811,462.484649
2017-11-22,18542.24,0.4022,0.8648,0.003432,0.8044,1.2066,0.7893,1.1804,409.780504,980.53658,1357.813682,534.577091,467.943825
2017-11-23,18597.16,0.2962,0.8665,0.003438,0.5924,0.8886,0.5772,0.8623,410.994228,986.345055,1369.87875,537.662843,471.979016
2017-11-24,18596.34,-0.0044,0.8682,0.003445,-0.0088,-0.0132,-0.024,-0.0395,410.976106,986.258074,1369.697545,537.533965,471.792664
2017-11-27,18419.6,-0.9504,0.8732,0.003465,-1.9008,-2.8512,-1.916,-2.8775,407.07018,967.511239,1330.644644,527.234946,458.216824
2017-11-28,18344.46,-0.4079,0.8748,0.003472,-0.8159,-1.2238,-0.831,-1.2501,405.409598,959.617605,1314.360147,522.85337,452.488594
2017-11-29,18355.54,0.0604,0.8765,0.003478,0.1208,0.1812,0.1056,0.1549,405.654465,960.776817,1316.741756,523.405581,453.189397
2017-11-30,18093.23,-1.4291,0.8782,0.003485,-2.8581,-4.2872,-2.8733,-4.3135,399.857456,933.316839,1260.291028,508.366605,433.641129
2017-12-01,18161.64,0.3781,0.8799,0.003492,0.7562,1.1343,0.741,1.1079,401.369306,940.374529,1274.586404,512.133585,438.445628
2017-12-04,18248.57,0.4786,0.8849,0.003511,0.9573,1.4359,0.9421,1.4096,403.290445,949.376663,1292.888683,516.958265,444.625742
2017-12-05,18104.22,-0.791,0.8865,0.003518,-1.582,-2.3731,-1.5973,-2.3995,400.100333,934.357127,1262.207624,508.701066,433.957108
2017-12-06,17807.92,-1.6366,0.8882,0.003525,-3.2733,-4.9099,-3.2885,-4.9363,393.552151,903.773096,1200.234429,491.972426,412.535599
2017-12-07,17742.55,-0.3671,0.8899,0.003531,-0.7342,-1.1013,-0.7494,-1.1277,392.107485,897.137886,1187.016828,488.285558,407.88352
2017-12-08,17815.99,0.4139,0.8916,0.003538,0.8278,1.2418,0.8126,1.2153,393.730497,904.564756,1201.756736,492.253348,412.840609
2017-12-11,17943.57,0.7161,0.8966,0.003558,1.4322,2.1483,1.4169,2.1218,396.549994,917.519901,1227.574014,499.228245,421.600319
2017-12-12,17892.5,-0.2846,0.8982,0.003564,-0.5692,-0.8538,-0.5845,-0.8803,395.421356,912.297112,1217.092454,496.310257,417.888814
2017-12-13,17939.47,0.2625,0.8999,0.003571,0.525,0.7875,0.5097,0.761,396.459385,917.086895,1226.677503,498.840183,421.06907
2017-12-14,18055.1,0.6446,0.9016,0.003578,1.2891,1.9337,1.2738,1.9071,399.014789,928.909179,1250.397388,505.194553,429.099483
2017-12-15,17975.3,-0.442,0.9033,0.003584,-0.884,-1.3259,-0.8993,-1.3525,397.251222,920.697987,1233.817855,500.651583,423.29602
2017-12-18,18001.14,0.1438,0.9083,0.003604,0.2875,0.4313,0.2722,0.4047,397.822282,923.345045,1239.138798,502.014332,425.009035
2017-12-19,17934.02,-0.3729,0.9099,0.003611,-0.7457,-1.1186,-0.761,-1.1452,396.338941,916.459379,1225.277843,498.193763,420.141905
2017-12-20,17997.71,0.3551,0.9116,0.003618,0.7103,1.0654,0.6949,1.0388,397.746479,922.968717,1238.332019,501.655942,424.506361
2017-12-21,17971.08,-0.148,0.9133,0.003624,-0.2959,-0.4439,-0.3113,-0.4705,397.157961,920.237408,1232.835189,500.094503,422.509045
2017-12-22,18053.82,0.4604,0.915,0.003631,0.9208,1.3812,0.9055,1.3546,398.986501,928.711071,1249.863345,504.622737,428.232321
2017-12-25,18028.5,-0.1402,0.92,0.003651,-0.2805,-0.4207,-0.2959,-0.4474,398.426934,926.106086,1244.604645,503.129802,426.316373
2017-12-26,17856.19,-0.9558,0.9216,0.003657,-1.9115,-2.8673,-1.9269,-2.894,394.61891,908.4033,1208.918178,493.435031,413.978892
2017-12-27,17967.13,0.6213,0.9233,0.003664,1.2426,1.8639,1.2272,1.8372,397.070666,919.691068,1231.4511,499.490584,421.584506
2017-12-28,18105.87,0.7722,0.925,0.003671,1.5444,2.3166,1.529,2.2899,400.136798,933.894554,1259.978449,507.127789,431.23819
2017-12-29,18234.75,0.7118,0.9267,0.003677,1.4236,2.1354,1.4082,2.1087,402.985025,947.189726,1286.884533,514.269381,440.331798
2018-01-02,18351.03,0.6377,0.9355,0.003712,1.2754,1.9131,1.2599,1.8863,405.554794,959.269872,1311.503286,520.74891,448.637604
2018-01-03,18506.67,0.8481,0.9383,0.003723,1.6963,2.5444,1.6808,2.5176,408.994413,975.541521,1344.872917,529.501781,459.932362
2018-01-04,18587.3,0.4357,0.9411,0.003734,0.8714,1.307,0.8559,1.2802,410.776323,984.042015,1362.450975,534.033897,465.820455
2018-01-05,18640.7,0.2873,0.9438,0.003745,0.5746,0.8619,0.5591,0.835,411.956454,989.696181,1374.193651,537.019863,469.710163
2018-01-08,18702.3,0.3305,0.9521,0.003778,0.6609,0.9914,0.6454,0.9645,413.317805,996.237275,1387.81712,540.485975,474.240317
2018-01-09,18700.83,-0.0079,0.9549,0.003789,-0.0157,-0.0236,-0.0312,-0.0505,413.285318,996.080667,1387.489872,540.317259,474.000714
2018-01-10,18557.24,-0.7678,0.9577,0.0038,-1.5357,-2.3035,-1.5512,-2.3304,410.112002,980.784316,1355.529312,531.936072,462.954381
2018-01-11,18521.21,-0.1942,0.9604,0.003811,-0.3883,-0.5825,-0.4038,-0.6095,409.315745,976.975813,1347.633786,529.787956,460.13288
2018-01-12,18647.82,0.6836,0.9632,0.003822,1.3672,2.0508,1.3517,2.0238,412.113805,990.332921,1375.270843,536.948892,469.444931
2018-01-15,18771.78,0.6647,0.9715,0.003855,1.3295,1.9942,1.3139,1.9672,414.853301,1003.499251,1402.696876,544.00399,478.679628
2018-01-16,18822.84,0.272,0.9743,0.003866,0.544,0.816,0.5284,0.7889,415.981719,1008.958368,1414.143053,546.878701,482.456002
2018-01-17,18854.87,0.1702,0.977,0.003877,0.3403,0.5105,0.3247,0.4834,416.689577,1012.392168,1421.362208,548.654677,484.788085
2018-01-18,18969.26,0.6067,0.9798,0.003888,1.2134,1.8201,1.1978,1.7929,419.217577,1024.676266,1447.231857,555.226348,493.479943
2018-01-19,19105.09,0.7161,0.9826,0.003899,1.4321,2.1482,1.4165,2.121,422.219398,1039.350722,1478.320709,563.091134,503.946634
2018-01-22,19243.21,0.7229,0.9909,0.003932,1.4459,2.1688,1.4303,2.1416,425.271828,1054.378667,1510.38321,571.144796,514.739241
2018-01-23,19280.3,0.1927,0.9936,0.003943,0.3855,0.5782,0.3698,0.551,426.091511,1058.443155,1519.116698,573.257102,517.575345
2018-01-24,19107.34,-0.8971,0.9964,0.003954,-1.7942,-2.6912,-1.8098,-2.7185,422.269123,1039.45296,1478.233554,562.882162,503.504968
2018-01-25,19130.97,0.1237,0.9992,0.003965,0.2473,0.371,0.2317,0.3437,422.791342,1042.023938,1483.717937,564.18618,505.235586
2018-01-26,19098.67,-0.1688,1.0019,0.003976,-0.3377,-0.5065,-0.3534,-0.5338,422.077517,1038.505311,1476.202779,562.192602,502.53851
2018-01-29,19226.67,0.6702,1.0102,0.004009,1.3404,2.0106,1.3247,1.9832,424.906297,1052.425514,1505.883478,569.639924,512.504996
2018-01-30,18978.19,-1.2924,1.013,0.00402,-2.5847,-3.8771,-2.6005,-3.9045,419.414929,1025.22302,1447.498652,554.826613,492.494139
2018-01-31,19024.46,0.2438,1.0158,0.004031,0.4876,0.7314,0.4719,0.704,420.437488,1030.222134,1458.085925,557.444702,495.961257
2018-02-01,19121.21,0.5086,1.0185,0.004042,1.0171,1.5257,1.0014,1.4982,422.575648,1040.700643,1480.331468,563.026749,503.391841
2018-02-02,19062.91,-0.3049,1.0213,0.004053,-0.6098,-0.9147,-0.6256,-0.9422,421.287227,1034.354513,1466.791008,559.504717,498.649075
2018-02-05,18754.55,-1.6176,1.0296,0.004086,-3.2352,-4.8528,-3.251,-4.8803,414.472521,1000.891253,1395.610951,541.315359,474.31345
2018-02-06,17825.49,-4.9538,1.0324,0.004097,-9.9076,-14.8614,-9.9234,-14.8889,393.940445,901.72726,1188.204272,487.598621,403.693337
2018-02-07,18078.29,1.4182,1.0352,0.004108,2.8364,4.2546,2.8206,4.227,399.527284,927.303741,1238.757391,501.351699,420.757458
2018-02-08,18038.84,-0.2182,1.0379,0.004119,-0.4364,-0.6547,-0.4523,-0.6823,398.655446,923.256662,1230.647833,499.084285,417.886818
2018-02-09,17770.24,-1.489,1.0407,0.00413,-2.978,-4.467,-2.9939,-4.4947,392.719429,895.761907,1175.674452,484.142427,399.104259
2018-02-12,17854.78,0.4757,1.049,0.004163,0.9515,1.4272,0.9356,1.3995,394.58775,904.284889,1192.453886,488.672109,404.689832
2018-02-21,18357.38,2.8149,1.0739,0.004261,5.6299,8.4448,5.6139,8.4169,405.695128,955.194907,1293.154201,516.105658,438.752208
2018-02-22,18268.19,-0.4859,1.0767,0.004272,-0.9717,-1.4576,-0.9877,-1.4855,403.724044,945.913208,1274.30569,511.008155,432.234672
2018-02-23,18494.63,1.2395,1.0794,0.004283,2.4791,3.7186,2.4631,3.6907,408.728331,969.362996,1321.691958,523.594661,448.186997
2018-02-26,18566.86,0.3905,1.0877,0.004316,0.7811,1.1716,0.7651,1.1436,410.324602,976.934609,1337.177395,527.600521,453.312641
2018-02-27,18530.49,-0.1959,1.0905,0.004327,-0.3918,-0.5877,-0.4078,-0.6157,409.520831,973.10724,1329.319339,525.448929,450.521687
2018-03-01,18479.63,-0.2745,1.096,0.004349,-0.5489,-0.8234,-0.565,-0.8515,408.396834,967.765532,1318.373727,522.480202,446.68566
2018-03-02,18329.51,-0.8124,1.0988,0.00436,-1.6247,-2.4371,-1.6408,-2.4651,405.079206,952.042169,1286.244145,513.90748,435.6742
2018-03-05,18234.8,-0.5167,1.1071,0.004393,-1.0334,-1.5501,-1.0495,-1.5783,402.98613,942.203617,1266.305775,508.513943,428.798063
2018-03-06,18477.15,1.3291,1.1099,0.004404,2.6581,3.9872,2.642,3.959,408.342026,967.248372,1316.795367,521.94885,445.774105
2018-03-07,18410.3,-0.3618,1.1126,0.004415,-0.7236,-1.0854,-0.7397,-1.1136,406.864652,960.249397,1302.502941,518.0879,440.810009
2018-03-08,18543.8,0.7251,1.1154,0.004426,1.4503,2.1754,1.4341,2.1472,409.81498,974.175655,1330.837755,525.518019,450.27506
2018-03-09,18615.03,0.3841,1.1182,0.004437,0.7682,1.1524,0.7521,1.1241,411.389152,981.659616,1346.173701,529.470397,455.336663
2018-03-12,18850.23,1.2635,1.1265,0.00447,2.527,3.7905,2.5108,3.7622,416.587034,1006.466059,1397.200219,542.764413,472.467248
2018-03-13,19010.49,0.8502,1.1292,0.004481,1.7004,2.5505,1.6842,2.5222,420.128754,1023.579511,1432.836173,551.905451,484.383811
2018-03-14,18913.13,-0.5121,1.132,0.004492,-1.0243,-1.5364,-1.0405,-1.5648,417.977113,1013.095225,1410.821864,546.163013,476.804347
2018-03-15,18878.25,-0.1844,1.1348,0.004503,-0.3688,-0.5533,-0.3851,-0.5816,417.206271,1009.358481,1403.01626,544.059992,474.031073
2018-03-16,18894.1,0.084,1.1375,0.004514,0.1679,0.2519,0.1517,0.2235,417.556553,1011.053377,1406.550138,544.885319,475.090457
2018-03-19,18927.0,0.1741,1.1458,0.004547,0.3483,0.5224,0.332,0.4939,418.283638,1014.57444,1413.897749,546.694357,477.437054
2018-03-20,18865.21,-0.3265,1.1486,0.004558,-0.6529,-0.9794,-0.6692,-1.0079,416.918089,1007.949982,1400.050112,543.035911,472.625083
2018-03-21,18865.6,0.0021,1.1514,0.004569,0.0041,0.0062,-0.0121,-0.0223,416.926708,1007.991657,1400.136942,542.969983,472.519682
2018-03-22,18856.65,-0.0474,1.1541,0.00458,-0.0949,-0.1423,-0.1112,-0.1708,416.728915,1007.035257,1398.144231,542.366375,471.712395
2018-03-23,18543.95,-1.6583,1.1569,0.004591,-3.3166,-4.9749,-3.3329,-5.0034,409.818295,973.635908,1328.587915,524.289851,448.110503
2018-03-26,18572.59,0.1544,1.1652,0.004624,0.3089,0.4633,0.2926,0.4347,410.451234,976.64335,1334.743685,525.823701,450.058524
2018-03-27,18824.0,1.3537,1.168,0.004635,2.7073,4.061,2.691,4.0323,416.007355,1003.08424,1388.947419,539.973521,468.206458
2018-03-28,18616.48,-1.1024,1.1707,0.004646,-2.2048,-3.3073,-2.2212,-3.3359,411.421196,980.967789,1343.011215,527.979645,452.587447
2018-03-29,18582.66,-0.1817,1.1735,0.004657,-0.3633,-0.545,-0.3797,-0.5737,410.67378,977.403599,1335.69179,525.974922,449.991045
2018-03-30,18685.97,0.5559,1.1763,0.004668,1.1119,1.6678,1.0955,1.6391,412.956914,988.271318,1357.969061,531.737096,457.367049
2018-03-31,18708.7,0.1216,1.179,0.004679,0.2433,0.3649,0.2269,0.3362,413.459243,990.675626,1362.924646,532.943603,458.904733
2018-04-02,18655.21,-0.2859,1.1846,0.004701,-0.5718,-0.8577,-0.5882,-0.8865,412.277123,985.010749,1351.234442,529.808687,454.836562
2018-04-03,18540.87,-0.6129,1.1873,0.004712,-1.2258,-1.8387,-1.2422,-1.8675,409.750228,972.936253,1326.388813,523.227182,446.34238
2018-04-09,18664.23,0.6653,1.2039,0.004778,1.3307,1.996,1.3142,1.9671,412.476464,985.88294,1352.863836,530.103423,455.122393
2018-04-10,18721.88,0.3089,1.2067,0.004789,0.6178,0.9266,0.6013,0.8977,413.750519,991.973322,1365.399998,533.290746,459.208011
2018-04-11,18802.14,0.4287,1.2095,0.0048,0.8574,1.2861,0.8409,1.2571,415.524252,1000.478427,1382.960254,537.775116,464.980828
2018-04-12,18770.03,-0.1708,1.2122,0.004811,-0.3416,-0.5123,-0.3581,-0.5413,414.814627,997.061225,1375.874861,535.849485,462.463788
2018-04-13,18787.35,0.0923,1.215,0.004821,0.1845,0.2768,0.168,0.2478,415.197396,998.901296,1379.683616,536.749828,463.609848
2018-04-16,18768.77,-0.0989,1.2233,0.004854,-0.1978,-0.2967,-0.2144,-0.3258,414.786781,996.925543,1375.590247,535.599287,462.099579
2018-04-17,18521.88,-1.3154,1.2261,0.004865,-2.6309,-3.9463,-2.6474,-3.9754,409.330552,970.697831,1321.305473,521.419663,443.72934
2018-04-18,18586.02,0.3463,1.2288,0.004876,0.6926,1.0389,0.676,1.0098,410.748035,977.420751,1335.032244,524.944478,448.209948
2018-04-19,18797.34,1.137,1.2316,0.004887,2.274,3.411,2.2574,3.3818,415.418173,999.646978,1380.569537,536.794436,463.367561
2018-04-20,18468.64,-1.7487,1.2344,0.004898,-3.4973,-5.246,-3.5139,-5.2751,408.153956,964.686291,1308.14548,517.931973,438.924381
2018-04-23,18327.73,-0.763,1.2427,0.004931,-1.5259,-2.2889,-1.5426,-2.3181,405.039868,949.965776,1278.203246,509.94248,428.749523
2018-04-24,18126.19,-1.0996,1.2455,0.004942,-2.1993,-3.2989,-2.2159,-3.3282,400.585867,929.07327,1236.036145,498.642466,414.479945
2018-04-25,18092.73,-0.1846,1.2482,0.004953,-0.3692,-0.5538,-0.3858,-0.5831,399.846406,925.643229,1229.191171,496.718458,412.063295
2018-04-26,17970.41,-0.6761,1.251,0.004964,-1.3521,-2.0282,-1.3688,-2.0575,397.143154,913.127187,1204.260494,489.919297,403.585045
2018-04-27,18081.52,0.6183,1.2538,0.004975,1.2366,1.8549,1.2199,1.8256,399.598667,924.418812,1226.598112,495.895856,410.952761
2018-04-30,18260.48,0.9897,1.2621,0.005008,1.9795,2.9692,1.9628,2.9398,403.553654,942.717494,1263.018501,505.629127,423.034107
2018-05-02,18193.54,-0.3666,1.2676,0.00503,-0.7332,-1.0998,-0.7499,-1.1292,402.074291,935.805791,1249.12843,501.837391,418.257301
2018-05-03,18014.28,-0.9853,1.2704,0.005041,-1.9706,-2.9559,-1.9873,-2.9853,398.112674,917.364899,1212.205638,491.864191,405.770934
2018-05-04,18040.3,0.1444,1.2731,0.005052,0.2889,0.4333,0.2721,0.4039,398.687712,920.015001,1217.458403,493.202669,407.409655
2018-05-07,18169.72,0.7174,1.2814,0.005085,1.4348,2.1522,1.418,2.1226,401.547873,933.215263,1243.660317,500.196265,416.057521
2018-05-08,18317.87,0.8154,1.2842,0.005096,1.6307,2.4461,1.6139,2.4165,404.821964,948.433531,1274.081525,508.269096,426.111741
2018-05-09,18338.52,0.1127,1.287,0.005107,0.2255,0.3382,0.2086,0.3086,405.278325,950.571897,1278.390397,509.329597,427.426787
2018-05-10,18435.94,0.5312,1.2897,0.005118,1.0625,1.5937,1.0456,1.5641,407.431292,960.671372,1298.764035,514.655345,434.112142
2018-05-11,18605.16,0.9179,1.2925,0.005129,1.8358,2.7536,1.8189,2.724,411.171026,978.307013,1334.527362,524.016549,445.937444
2018-05-14,18765.2,0.8602,1.3008,0.005162,1.7204,2.5806,1.7035,2.5509,414.707884,995.13764,1368.965834,532.943248,457.312798
2018-05-15,18632.15,-0.709,1.3036,0.005173,-1.4181,-2.1271,-1.4349,-2.1568,411.767501,981.026087,1339.846895,525.295887,447.449537
2018-05-16,18671.28,0.21,1.3063,0.005184,0.42,0.63,0.4031,0.6003,412.632268,985.146658,1348.288467,527.413547,450.135609
2018-05-17,18562.03,-0.5851,1.3091,0.005195,-1.1702,-1.7554,-1.1871,-1.7851,410.21786,973.618014,1324.621019,521.152369,442.100128
2018-05-18,18556.95,-0.0274,1.3119,0.005206,-0.0547,-0.0821,-0.0716,-0.1119,410.105593,973.0851,1323.533464,520.778976,441.605508
2018-05-21,18789.19,1.2515,1.3202,0.005239,2.503,3.7545,2.4861,3.7247,415.238059,997.441396,1373.225479,533.725815,458.053784
2018-05-22,18742.14,-0.2504,1.3229,0.00525,-0.5008,-0.7512,-0.5178,-0.7811,414.198262,992.446011,1362.909399,530.962311,454.475951
2018-05-23,18652.1,-0.4804,1.3257,0.005261,-0.9608,-1.4412,-0.9778,-1.4711,412.208393,982.910298,1343.266547,525.77058,447.790016
2018-05-24,18739.05,0.4662,1.3285,0.005272,0.9323,1.3985,0.9154,1.3686,414.129974,992.074311,1362.052157,530.583256,453.918442
2018-05-25,18748.25,0.0491,1.3312,0.005283,0.0982,0.1473,0.0812,0.1174,414.333292,993.048436,1364.05827,531.014098,454.45114
2018-05-28,18826.15,0.4155,1.3395,0.005316,0.831,1.2465,0.814,1.2165,416.054869,1001.300777,1381.061479,535.336494,459.97963
2018-05-29,18785.63,-0.2152,1.3423,0.005327,-0.4305,-0.6457,-0.4475,-0.6757,415.159384,996.990526,1372.143998,532.940874,456.871474
2018-05-30,18540.71,-1.3038,1.3451,0.005338,-2.6075,-3.9113,-2.6246,-3.9413,409.746692,970.993749,1318.475501,518.953473,438.864672
2018-05-31,18632.87,0.4971,1.3478,0.005349,0.9941,1.4912,0.9771,1.4611,411.783413,980.646754,1338.136674,524.024073,445.277112
2018-06-01,18760.39,0.6844,1.3506,0.00536,1.3688,2.0531,1.3517,2.0231,414.601584,994.069493,1365.610572,531.107296,454.285343
2018-06-04,19035.91,1.4686,1.3589,0.005392,2.9373,4.4059,2.9202,4.3757,420.690532,1023.267823,1425.777715,546.616445,474.163636
2018-06-05,19020.82,-0.0793,1.3617,0.005403,-0.1585,-0.2378,-0.1757,-0.268,420.357045,1021.645509,1422.387021,545.656301,472.892945
2018-06-06,19195.12,0.9164,1.3644,0.005414,1.8327,2.7491,1.8156,2.7189,424.209047,1040.369498,1461.48976,555.563279,485.750426
2018-06-07,19281.07,0.4478,1.3672,0.005425,0.8955,1.3433,0.8784,1.3131,426.108528,1049.686424,1481.122101,560.443393,492.128787
2018-06-08,19117.71,-0.8473,1.37,0.005436,-1.6945,-2.5418,-1.7117,-2.572,422.498298,1031.899364,1443.475419,550.850539,479.471208
2018-06-11,19105.39,-0.0644,1.3783,0.005469,-0.1289,-0.1933,-0.1461,-0.2236,422.226028,1030.569393,1440.684768,550.045958,478.398955
2018-06-12,19098.15,-0.0379,1.381,0.00548,-0.0758,-0.1137,-0.093,-0.144,422.066025,1029.788323,1439.046923,549.534543,477.710008
2018-06-13,19146.88,0.2552,1.3838,0.005491,0.5103,0.7655,0.4931,0.7351,423.142951,1035.043448,1450.062349,552.244373,481.221746
2018-06-14,18874.83,-1.4209,1.3866,0.005502,-2.8417,-4.2626,-2.8589,-4.2929,417.13069,1005.630451,1388.252363,536.456121,460.563166
2018-06-15,19003.56,0.682,1.3893,0.005513,1.364,2.0461,1.3468,2.0157,419.975602,1019.34764,1416.656814,543.681215,469.846583
2018-06-19,18690.5,-1.6474,1.4004,0.005557,-3.2948,-4.9421,-3.312,-4.9726,413.057026,985.762672,1346.64384,525.674413,446.482964
2018-06-20,18730.93,0.2163,1.4032,0.005568,0.4326,0.6489,0.4154,0.6184,413.950523,990.02734,1355.382741,527.857811,449.244183
2018-06-21,18758.61,0.1478,1.4059,0.005579,0.2956,0.4433,0.2783,0.4128,414.562246,992.953405,1361.391572,529.326673,451.098697
2018-06-22,18687.13,-0.3811,1.4087,0.00559,-0.7621,-1.1432,-0.7794,-1.1737,412.98255,985.386073,1345.828755,525.201101,445.80415
2018-06-25,18612.93,-0.3971,1.417,0.005623,-0.7941,-1.1912,-0.8115,-1.2218,411.342742,977.560832,1329.797322,520.93931,440.357291
2018-06-26,18569.28,-0.2345,1.4198,0.005634,-0.469,-0.7035,-0.4864,-0.7342,410.378084,972.975791,1320.441623,518.405622,437.124292
2018-06-27,18499.01,-0.3784,1.4225,0.005645,-0.7568,-1.1353,-0.7742,-1.1659,408.825128,965.611907,1305.45115,514.392163,432.027784
2018-06-28,18427.69,-0.3855,1.4253,0.005656,-0.7711,-1.1566,-0.7884,-1.1873,407.248968,958.16638,1290.35227,510.336538,426.898407
2018-06-29,18744.53,1.7194,1.4281,0.005667,3.4387,5.1581,3.4214,5.1274,414.251081,991.115212,1356.910023,527.797012,448.78723
2018-07-02,18654.33,-0.4812,1.4364,0.0057,-0.9624,-1.4436,-0.9798,-1.4744,412.257675,981.57658,1337.321383,522.625549,442.170374
2018-07-03,18556.03,-0.527,1.4392,0.005711,-1.0539,-1.5809,-1.0713,-1.6117,410.085261,971.231638,1316.180121,517.026515,435.044121
2018-07-04,18612.95,0.3067,1.4419,0.005722,0.6135,0.9202,0.5961,0.8894,411.343184,977.190079,1328.292136,520.10833,438.913539
2018-07-05,18453.79,-0.8551,1.4447,0.005733,-1.7102,-2.5653,-1.7276,-2.5961,407.825774,960.478105,1294.217316,511.122697,427.518722
2018-07-06,18453.63,-0.0009,1.4475,0.005744,-0.0017,-0.0026,-0.0192,-0.0335,407.822238,960.461449,1294.183652,511.024642,427.3757
2018-07-09,18681.78,1.2363,1.4558,0.005777,2.4727,3.709,2.4552,3.6781,412.864316,984.210628,1342.185265,523.571324,443.095039
2018-07-10,18788.69,0.5723,1.4585,0.005788,1.1445,1.7168,1.127,1.6859,415.22701,995.475289,1365.227988,529.472201,450.565026
2018-07-11,18685.73,-0.548,1.4613,0.005799,-1.096,-1.644,-1.1135,-1.6749,412.95161,984.565094,1342.78408,523.576615,443.018376
2018-07-12,18823.22,0.7358,1.4641,0.00581,1.4716,2.2074,1.4541,2.1764,415.990117,999.053996,1372.424782,531.18988,452.660325
2018-07-13,19055.59,1.2345,1.4668,0.005821,2.469,3.7035,2.4514,3.6725,421.125456,1023.720358,1423.251954,544.211707,469.284055
2018-07-16,18978.76,-0.4032,1.4751,0.005854,-0.8064,-1.2096,-0.8239,-1.2406,419.427526,1015.465307,1406.036777,539.727742,463.461935
2018-07-17,18922.8,-0.2949,1.4779,0.005865,-0.5897,-0.8846,-0.6073,-0.9157,418.190819,1009.476987,1393.599429,536.450068,459.218189
2018-07-18,19043.68,0.6388,1.4807,0.005876,1.2776,1.9164,1.26,1.8853,420.862247,1022.374188,1420.306623,543.209501,467.875839
2018-07-19,19038.74,-0.0259,1.4834,0.005887,-0.0519,-0.0778,-0.0695,-0.109,420.753074,1021.843773,1419.201325,542.832113,467.366044
2018-07-20,19211.06,0.9051,1.4862,0.005898,1.8102,2.7153,1.7926,2.6841,424.561318,1040.341228,1457.73698,552.562921,479.910829
2018-07-23,19266.21,0.2871,1.4945,0.005931,0.5741,0.8612,0.5565,0.83,425.780124,1046.314331,1470.291341,555.637998,483.894072
2018-07-24,19354.95,0.4606,1.4973,0.005942,0.9212,1.3818,0.9036,1.3505,427.741264,1055.952961,1490.607789,560.658467,490.4293
2018-07-25,19335.32,-0.1014,1.5,0.005952,-0.2028,-0.3043,-0.2205,-0.3355,427.307444,1053.811043,1486.072418,559.42221,488.783746
2018-07-26,19436.93,0.5255,1.5028,0.005963,1.051,1.5765,1.0334,1.5453,429.553009,1064.886913,1509.501017,565.203056,496.336691
2018-07-27,19554.47,0.6047,1.5056,0.005974,1.2095,1.8142,1.1918,1.7829,432.150624,1077.76619,1536.886012,571.938973,505.185687
2018-07-30,19497.77,-0.29,1.5139,0.006007,-0.5799,-0.8699,-0.5976,-0.9013,430.897563,1071.516024,1523.516982,568.520881,500.632662
2018-07-31,19552.69,0.2817,1.5166,0.006018,0.5633,0.845,0.5456,0.8136,432.111286,1077.552372,1536.391001,571.622855,504.705899
2018-08-01,19645.48,0.4746,1.5194,0.006029,0.9491,1.4237,0.9314,1.3923,434.16193,1087.77972,1558.26447,576.946904,511.732756
2018-08-02,19370.81,-1.3981,1.5222,0.00604,-2.7963,-4.1944,-2.814,-4.2258,428.091767,1057.362499,1492.904626,560.711542,490.10772
2018-08-03,19520.38,0.7721,1.5249,0.006051,1.5443,2.3164,1.5265,2.285,431.39724,1073.691161,1527.48662,569.270942,501.306465
2018-08-06,19542.06,0.1111,1.5332,0.006084,0.2221,0.3332,0.2043,0.3017,431.876365,1076.076117,1532.576056,570.434169,502.818689
2018-08-07,19470.59,-0.3657,1.536,0.006095,-0.7314,-1.0972,-0.7492,-1.1287,430.296889,1068.20518,1515.761062,566.160193,497.143236
2018-08-08,19636.72,0.8532,1.5388,0.006106,1.7065,2.5597,1.6887,2.5281,433.968335,1086.433793,1554.560099,575.720706,509.711659
2018-08-09,19569.52,-0.3422,1.5415,0.006117,-0.6844,-1.0266,-0.7023,-1.0582,432.483226,1078.997893,1538.600239,571.677675,504.317648
2018-08-10,19510.42,-0.302,1.5443,0.006128,-0.604,-0.906,-0.6218,-0.9376,431.177126,1072.48074,1524.660509,568.122783,499.589054
2018-08-13,19093.8,-2.1354,1.5526,0.006161,-4.2707,-6.4061,-4.2886,-6.4378,421.969891,1026.677838,1426.988999,543.758207,467.426497
2018-08-14,19232.48,0.7263,1.5554,0.006172,1.4526,2.1789,1.4347,2.1472,425.034697,1041.591547,1458.08205,551.559722,477.463162
2018-08-15,19045.41,-0.9727,1.5581,0.006183,-1.9454,-2.918,-1.9632,-2.9498,420.90048,1021.328894,1415.534743,540.731256,463.379127
2018-08-16,18997.39,-0.2521,1.5609,0.006194,-0.5043,-0.7564,-0.5222,-0.7882,419.839246,1016.178654,1404.8276,537.907726,459.726977
2018-08-17,19011.58,0.0747,1.5637,0.006205,0.1494,0.2241,0.1315,0.1923,420.152842,1017.696713,1407.975585,538.614954,460.61107
2018-08-20,19026.21,0.077,1.572,0.006238,0.1539,0.2309,0.136,0.199,420.476163,1019.263011,1411.226028,539.347265,461.52777
2018-08-21,19203.1,0.9297,1.5747,0.006249,1.8594,2.7892,1.8415,2.7573,424.385403,1038.215544,1450.587273,549.279235,474.253427
2018-08-22,19233.18,0.1566,1.5775,0.00626,0.3133,0.4699,0.2953,0.438,425.050167,1041.468094,1457.403933,550.901347,476.330842
2018-08-23,19341.04,0.5608,1.5803,0.006271,1.1216,1.6824,1.1036,1.6505,427.433855,1053.149236,1481.923371,556.981238,484.192674
2018-08-24,19249.4,-0.4738,1.583,0.006282,-0.9476,-1.4214,-0.9656,-1.4534,425.408626,1043.169359,1460.858817,551.602969,477.1556
2018-08-27,19417.98,0.8758,1.5913,0.006315,1.7515,2.6273,1.7335,2.5953,429.134217,1061.440837,1499.24,561.165083,489.539257
2018-08-28,19575.62,0.8118,1.5941,0.006326,1.6236,2.4355,1.6056,2.4035,432.618035,1078.674919,1535.753611,570.175248,501.305128
2018-08-29,19773.5,1.0108,1.5969,0.006337,2.0217,3.0325,2.0037,3.0005,436.991151,1100.482473,1582.326071,581.599595,516.346833
2018-08-30,19769.4,-0.0207,1.5996,0.006348,-0.0415,-0.0622,-0.0595,-0.0943,436.900542,1100.026107,1581.341794,581.253405,515.860098
2018-08-31,19716.61,-0.267,1.6024,0.006359,-0.5341,-0.8011,-0.5521,-0.8332,435.733891,1094.151333,1568.673878,578.044172,511.562111
2018-09-03,19539.04,-0.9006,1.6107,0.006392,-1.8012,-2.7018,-1.8193,-2.734,431.809623,1074.443233,1526.290919,567.527696,497.576094
2018-09-04,19643.45,0.5344,1.6135,0.006403,1.0687,1.6031,1.0506,1.5709,434.117067,1085.926154,1550.758862,573.490273,505.392655
2018-09-05,19598.41,-0.2293,1.6162,0.006414,-0.4586,-0.6879,-0.4767,-0.7201,433.121691,1080.946365,1540.091767,570.756472,501.753548
2018-09-06,19476.35,-0.6228,1.619,0.006425,-1.2456,-1.8684,-1.2637,-1.9006,430.424184,1067.481976,1511.316433,563.543581,492.217063
2018-09-07,19340.95,-0.6952,1.6218,0.006436,-1.3904,-2.0856,-1.4085,-2.1178,427.431866,1052.639661,1479.796321,555.605809,481.79268
2018-09-10,19124.87,-1.1172,1.6301,0.006469,-2.2344,-3.3516,-2.2526,-3.3839,422.656533,1029.119164,1430.1988,543.090205,465.48907
2018-09-11,19172.67,0.2499,1.6328,0.00648,0.4999,0.7498,0.4817,0.7175,423.712905,1034.263449,1440.922559,545.706199,468.828883
2018-09-12,19120.02,-0.2746,1.6356,0.006491,-0.5492,-0.8238,-0.5674,-0.8562,422.549349,1028.583075,1429.051823,542.609774,464.814887
2018-09-13,19128.42,0.0439,1.6384,0.006502,0.0879,0.1318,0.0697,0.0994,422.734988,1029.48685,1430.935299,542.987745,465.277056
2018-09-14,19379.69,1.3136,1.6412,0.006513,2.6272,3.9408,2.609,3.9084,428.288014,1056.533429,1487.32539,557.154141,483.461924
2018-09-17,19309.26,-0.3634,1.6495,0.006545,-0.7268,-1.0903,-0.7451,-1.1227,426.731522,1048.854085,1471.1096,553.002812,478.033995
2018-09-18,19192.93,-0.6025,1.6522,0.006556,-1.2049,-1.8074,-1.2232,-1.8398,424.160648,1036.216294,1444.521189,546.238609,469.23889
2018-09-19,19366.08,0.9022,1.655,0.006567,1.8043,2.7065,1.786,2.674,427.987235,1054.912851,1483.616654,555.99463,481.786176
2018-09-20,19322.28,-0.2262,1.6578,0.006578,-0.4523,-0.6785,-0.4706,-0.711,427.019262,1050.141087,1473.550227,553.377997,478.360543
2018-09-21,19573.87,1.3021,1.6605,0.006589,2.6041,3.9062,2.5858,3.8737,432.579361,1077.488273,1531.110283,567.687513,496.890662
2018-09-25,19585.36,0.0587,1.6716,0.006633,0.1174,0.1761,0.0991,0.1435,432.833288,1078.75326,1533.8066,568.249874,497.603554
2018-09-26,19577.05,-0.0424,1.6744,0.006644,-0.0849,-0.1273,-0.1032,-0.1599,432.649638,1077.837837,1531.854234,567.663384,496.807674
2018-09-27,19684.36,0.5481,1.6771,0.006655,1.0963,1.6444,1.0779,1.6117,435.021172,1089.653997,1557.044436,573.782353,504.814971
2018-09-28,19634.67,-0.2524,1.6799,0.006666,-0.5049,-0.7573,-0.5232,-0.79,433.923031,1084.152685,1545.252911,570.780091,500.826936
2018-10-01,19715.77,0.413,1.6882,0.006699,0.8261,1.2391,0.8077,1.2064,435.715328,1093.108759,1564.400675,575.390192,506.868768
2018-10-02,19479.99,-1.1959,1.691,0.00671,-2.3918,-3.5877,-2.4102,-3.6205,430.504628,1066.963883,1508.274885,561.522095,488.517727
2018-10-03,19380.64,-0.51,1.6937,0.006721,-1.02,-1.53,-1.0384,-1.5628,428.309009,1056.080627,1485.197803,555.690977,480.882982
2018-10-04,19121.92,-1.3349,1.6965,0.006732,-2.6699,-4.0048,-2.6883,-4.0377,422.591339,1027.884532,1425.718285,540.752229,461.466608
2018-10-05,18761.93,-1.8826,1.6993,0.006743,-3.7652,-5.6478,-3.7837,-5.6807,414.635618,989.182545,1345.196403,520.292019,435.252246
2018-10-08,18652.78,-0.5818,1.7076,0.006776,-1.1635,-1.7453,-1.182,-1.7782,412.223421,977.673145,1321.718831,514.142122,427.512561
2018-10-09,18672.22,0.1042,1.7103,0.006787,0.2084,0.3127,0.1899,0.2797,412.653041,979.711015,1325.851333,515.118721,428.708408
2018-10-11,17493.53,-6.3125,1.7159,0.006809,-12.6251,-18.9376,-12.6436,-18.9706,386.604183,856.021858,1074.766935,449.98927,347.379931
2018-10-12,17921.15,2.4444,1.7186,0.00682,4.8889,7.3333,4.8704,7.3003,396.054516,897.871852,1153.583246,471.905398,372.739829
2018-10-15,17663.03,-1.4403,1.7269,0.006853,-2.8806,-4.3209,-2.8992,-4.354,390.350106,872.007588,1103.737744,458.224021,356.510741
2018-10-16,17805.89,0.8088,1.7297,0.006864,1.6176,2.4264,1.599,2.3933,393.507289,886.113322,1130.519101,465.551233,365.043224
2018-10-17,17802.39,-0.0197,1.7325,0.006875,-0.0393,-0.059,-0.0579,-0.0921,393.429939,885.764966,1129.852443,465.281706,364.707077
2018-10-18,17757.08,-0.2545,1.7352,0.006886,-0.509,-0.7635,-0.5276,-0.7967,392.428595,881.256132,1121.225464,462.826764,361.801507
2018-10-19,17695.59,-0.3463,1.738,0.006897,-0.6926,-1.0389,-0.7112,-1.072,391.069676,875.152826,1109.577577,459.535269,357.922952
2018-10-22,17793.76,0.5548,1.7463,0.00693,1.1095,1.6643,1.0909,1.6311,393.239217,884.863014,1128.04442,464.548367,363.760991
2018-10-23,17438.61,-1.9959,1.7491,0.006941,-3.9918,-5.9878,-4.0105,-6.021,385.39046,849.54062,1060.499678,445.917673,341.85887
2018-10-24,17410.4,-0.1618,1.7518,0.006952,-0.3235,-0.4853,-0.3422,-0.5186,384.767024,846.79206,1055.353048,444.391774,340.086089
2018-10-25,16984.75,-2.4448,1.7546,0.006963,-4.8896,-7.3344,-4.9083,-7.3677,375.360227,805.387262,977.949135,422.579802,315.029567
2018-10-26,16928.54,-0.3309,1.7574,0.006974,-0.6619,-0.9928,-0.6806,-1.0261,374.117995,800.056502,968.239745,419.70386,311.796909
2018-10-29,16976.96,0.286,1.7657,0.007007,0.5721,0.8581,0.5533,0.8247,375.18807,804.633239,976.547993,422.026244,314.368296
2018-10-30,16994.43,0.1029,1.7684,0.007018,0.2058,0.3087,0.1871,0.2753,375.574154,806.289241,979.562719,422.815789,315.23379
2018-10-31,17486.87,2.8977,1.7712,0.007029,5.7953,8.693,5.7766,8.6595,386.456998,853.016207,1064.715772,447.240063,342.531597
2018-11-01,17562.88,0.4347,1.774,0.00704,0.8693,1.304,0.8506,1.2706,388.136807,860.4318,1078.599739,451.044251,346.883676
2018-11-02,17673.23,0.6283,1.7767,0.007051,1.2566,1.8849,1.2379,1.8515,390.575524,871.244224,1098.930713,456.627596,353.306141
2018-11-05,17643.29,-0.1694,1.785,0.007083,-0.3388,-0.5082,-0.3576,-0.5418,389.913855,868.292296,1093.345658,454.994662,351.392076
2018-11-06,17527.59,-0.6558,1.7878,0.007094,-1.3115,-1.9673,-1.3303,-2.0009,387.356904,856.904236,1071.836049,448.941651,344.361163
2018-11-07,17676.68,0.8506,1.7906,0.007105,1.7012,2.5518,1.6824,2.5182,390.651768,871.481922,1099.187219,456.494609,353.032967
2018-11-08,17742.62,0.373,1.7933,0.007116,0.7461,1.1191,0.7272,1.0855,392.109032,877.983768,1111.488241,459.814443,356.865152
2018-11-09,17536.92,-1.1594,1.7961,0.007127,-2.3187,-3.4781,-2.3375,-3.5117,387.563095,857.625865,1072.829948,449.066077,344.33317
2018-11-12,17539.06,0.0122,1.8044,0.00716,0.0244,0.0366,0.0055,0.0029,387.610389,857.835175,1073.222695,449.09095,344.343234
2018-11-13,17440.29,-0.5631,1.8072,0.007171,-1.1263,-1.6894,-1.1452,-1.7231,385.427588,848.173496,1055.091357,443.948123,338.409728
2018-11-14,17468.89,0.164,1.8099,0.007182,0.328,0.492,0.3091,0.4582,386.059643,850.955303,1060.28203,445.320311,339.960438
2018-11-15,17530.59,0.3532,1.8127,0.007193,0.7064,1.0596,0.6875,1.0258,387.423203,856.96644,1071.516757,448.381884,343.44791
2018-11-16,17478.2,-0.2988,1.8155,0.007204,-0.5977,-0.8965,-0.6166,-0.9303,386.265393,851.844368,1061.910104,445.617122,340.252743
2018-11-19,17534.57,0.3225,1.8238,0.007237,0.645,0.9675,0.6261,0.9337,387.51116,857.339037,1072.184596,448.40708,343.429712
2018-11-20,17383.64,-0.8608,1.8265,0.007248,-1.7215,-2.5823,-1.7405,-2.6161,384.175632,842.57983,1044.497891,440.602698,334.445138
2018-11-21,17379.23,-0.0254,1.8293,0.007259,-0.0507,-0.0761,-0.0697,-0.11,384.078172,842.152327,1043.702965,440.295585,334.077283
2018-11-22,17331.4,-0.2752,1.8321,0.00727,-0.5504,-0.8256,-0.5694,-0.8595,383.021136,837.516892,1035.085728,437.788526,331.205735
2018-11-23,17246.81,-0.4881,1.8348,0.007281,-0.9761,-1.4642,-0.9951,-1.4981,381.151711,829.341493,1019.929786,433.431939,326.243782
2018-11-26,17421.79,1.0146,1.8432,0.007314,2.0291,3.0437,2.0101,3.0097,385.018741,846.169901,1050.97332,442.144391,336.062741
2018-11-27,17445.68,0.1371,1.8459,0.007325,0.2743,0.4114,0.2552,0.3774,385.546706,848.490558,1055.296829,443.272845,337.330928
2018-11-28,17634.48,1.0822,1.8487,0.007336,2.1644,3.2466,2.1454,3.2126,389.719155,866.855565,1089.558613,452.782777,348.168061
2018-11-29,17636.36,0.0107,1.8515,0.007347,0.0213,0.032,0.0023,-0.0021,389.760703,867.040394,1089.907084,452.793049,348.160832
2018-11-30,17641.12,0.027,1.8542,0.007358,0.054,0.081,0.0349,0.0469,389.865898,867.508417,1090.789572,452.951142,348.324078
2018-12-03,18086.85,2.5267,1.8625,0.007391,5.0533,7.58,5.0342,7.5458,399.716459,911.346283,1173.470995,475.753653,374.607964
2018-12-04,17989.93,-0.5359,1.8653,0.007402,-1.0717,-1.6076,-1.0908,-1.6417,397.574543,901.579223,1154.606548,470.564008,368.457854
2018-12-05,17692.34,-1.6542,1.8681,0.007413,-3.3084,-4.9626,-3.3275,-4.9968,390.997852,871.751318,1097.307932,454.90587,350.04675
2018-12-06,17278.4,-2.3397,1.8708,0.007424,-4.6793,-7.019,-4.6984,-7.0532,381.849845,830.959343,1020.28822,433.532375,325.357313
2018-12-07,17414.27,0.7864,1.8736,0.007435,1.5727,2.3591,1.5536,2.3248,384.85255,844.027966,1044.35756,440.26762,332.921343
2018-12-10,17212.06,-1.1612,1.8819,0.007468,-2.3223,-3.4835,-2.3415,-3.5178,380.383742,824.426697,1007.97713,429.958655,321.209759
2018-12-11,17318.22,0.6168,1.8847,0.007479,1.2336,1.8503,1.2144,1.816,382.72986,834.596443,1026.628038,435.179938,327.042953
2018-12-12,17513.41,1.1271,1.8874,0.00749,2.2542,3.3812,2.235,3.3469,387.043528,853.409563,1061.340762,444.906042,337.988728
2018-12-13,17588.89,0.431,1.8902,0.007501,0.862,1.293,0.8428,1.2586,388.711624,860.765681,1075.063389,448.655537,342.242605
2018-12-14,17437.96,-0.8581,1.893,0.007512,-1.7162,-2.5743,-1.7354,-2.6087,385.376095,845.993247,1047.388081,440.869501,333.314577
2018-12-17,17461.81,0.1368,1.9013,0.007545,0.2735,0.4103,0.2543,0.3759,385.903176,848.307386,1051.685638,441.990588,334.567364
2018-12-18,17339.23,-0.702,1.904,0.007556,-1.404,-2.106,-1.4232,-2.1404,383.194178,836.397336,1029.537482,435.700001,327.406138
2018-12-19,17454.11,0.6625,1.9068,0.007567,1.3251,1.9876,1.3058,1.9531,385.733007,847.480334,1050.000894,441.389435,333.800816
2018-12-20,17260.2,-1.111,1.9096,0.007578,-2.2219,-3.3329,-2.2412,-3.3674,381.447628,828.649822,1015.005296,431.496906,322.560302
2018-12-21,17264.04,0.0222,1.9123,0.007589,0.0445,0.0667,0.0252,0.0322,381.532491,829.018534,1015.682742,431.605645,322.664169
2018-12-22,17209.6,-0.3153,1.9151,0.0076,-0.6307,-0.946,-0.65,-0.9806,380.329376,823.79012,1006.074255,428.80029,319.500199
2018-12-24,17198.08,-0.0669,1.9206,0.007622,-0.1339,-0.2008,-0.1532,-0.2354,380.074786,822.68724,1004.053875,428.14334,318.748011
2018-12-25,16997.17,-1.1682,1.9234,0.007633,-2.3364,-3.5046,-2.3558,-3.5393,375.634707,803.465781,968.865448,418.057299,307.466672
2018-12-26,16911.35,-0.5049,1.9262,0.007644,-1.0098,-1.5147,-1.0292,-1.5494,373.738099,795.352262,954.189823,413.7548,302.702861
2018-12-27,17201.4,1.7151,1.9289,0.007654,3.4302,5.1454,3.4109,5.1107,380.148157,822.634758,1003.286333,427.867479,318.173057
2018-12-28,17354.55,0.8903,1.9317,0.007665,1.7807,2.671,1.7613,2.6363,383.532748,837.283161,1030.084146,435.403497,326.561077
2019-01-02,17045.43,-1.7812,1.9407,0.007701,-3.5624,-5.3436,-3.5818,-5.3784,376.701246,807.455713,975.040435,419.808144,308.997381
2019-01-03,16935.32,-0.646,1.941,0.007702,-1.292,-1.9379,-1.3114,-1.9727,374.267832,797.023714,956.144749,414.302915,302.901763
2019-01-04,16739.23,-1.1579,1.9413,0.007704,-2.3158,-3.4736,-2.3352,-3.5084,369.934275,778.566622,922.931838,404.628271,292.274757
2019-01-07,17109.94,2.2146,1.9423,0.007708,4.4292,6.6439,4.4098,6.6091,378.126906,813.051175,984.250082,422.471658,311.591411
2019-01-08,17062.3,-0.2784,1.9426,0.007709,-0.5569,-0.8353,-0.5763,-0.8701,377.07407,808.523543,976.028602,420.03702,308.880296
2019-01-09,17374.0,1.8268,1.943,0.00771,3.6537,5.4805,3.6343,5.4457,383.962589,838.064319,1029.519887,435.302226,325.701047
2019-01-10,17342.57,-0.1809,1.9433,0.007711,-0.3618,-0.5427,-0.3812,-0.5775,383.267991,835.03216,1023.932605,433.642755,323.820138
2019-01-11,17411.63,0.3982,1.9436,0.007713,0.7964,1.1946,0.777,1.1598,384.794206,841.682538,1036.164838,437.012171,327.57594
2019-01-14,17320.31,-0.5245,1.9446,0.007717,-1.049,-1.5734,-1.0684,-1.6082,382.776049,832.853675,1019.861498,432.343233,322.307767
2019-01-15,17494.85,1.0077,1.9449,0.007718,2.0154,3.0232,1.996,2.9884,386.633355,849.639319,1050.693503,440.97286,331.939467
2019-01-16,17419.5,-0.4307,1.9453,0.007719,-0.8614,-1.2921,-0.8808,-1.3269,384.968132,842.320557,1037.11755,437.088674,327.534969
2019-01-17,17464.7,0.2595,1.9456,0.007721,0.519,0.7784,0.4995,0.7436,385.967045,846.691852,1045.190866,439.272071,329.970622
2019-01-18,17548.39,0.4792,1.9459,0.007722,0.9584,1.4376,0.939,1.4028,387.81658,854.806465,1060.216379,443.396669,334.599373
2019-01-21,17643.56,0.5423,1.9469,0.007726,1.0847,1.627,1.0652,1.5922,389.919822,864.078191,1077.46596,448.119844,339.926765
2019-01-22,17652.95,0.0532,1.9472,0.007727,0.1064,0.1597,0.087,0.1248,390.127339,864.997925,1079.18626,448.509743,340.351137
2019-01-23,17566.84,-0.4878,1.9476,0.007728,-0.9756,-1.4634,-0.995,-1.4982,388.224322,856.559112,1063.393648,444.04697,335.251985
2019-01-24,17621.65,0.312,1.9479,0.00773,0.624,0.936,0.6046,0.9012,389.435614,861.904184,1073.347278,446.731592,338.273277
2019-01-25,17786.66,0.9364,1.9482,0.007731,1.8728,2.8092,1.8534,2.7744,393.082309,878.04601,1103.499909,455.011192,347.658289
2019-01-28,17864.67,0.4386,1.9492,0.007735,0.8772,1.3158,0.8577,1.2809,394.806317,885.748004,1118.019334,458.913973,352.111536
2019-01-29,17718.82,-0.8164,1.9495,0.007736,-1.6328,-2.4492,-1.6523,-2.4841,391.583056,871.285229,1090.636272,451.331456,343.364786
2019-01-30,17720.03,0.0068,1.9499,0.007738,0.0137,0.0205,-0.0058,-0.0144,391.609796,871.404227,1090.859708,451.305341,343.315501
2019-02-11,17848.46,0.7248,1.9538,0.007753,1.4495,2.1743,1.4301,2.1394,394.448079,884.035633,1114.578479,457.759398,350.660556
2019-02-12,18015.26,0.9345,1.9541,0.007755,1.8691,2.8036,1.8496,2.7687,398.134332,900.558868,1145.826837,466.226152,360.369397
2019-02-13,18002.48,-0.0709,1.9545,0.007756,-0.1419,-0.2128,-0.1613,-0.2477,397.851896,899.281157,1143.388293,465.473934,359.476775
2019-02-14,17999.69,-0.0155,1.9548,0.007757,-0.031,-0.0465,-0.0505,-0.0814,397.790237,899.002419,1142.856691,465.23906,359.184259
2019-02-15,17956.45,-0.2402,1.9551,0.007758,-0.4805,-0.7207,-0.4999,-0.7556,396.83464,894.683137,1134.620362,462.913248,356.470402
2019-02-18,18100.07,0.7998,1.9561,0.007762,1.5996,2.3995,1.5802,2.3646,400.008619,908.994918,1161.84526,470.228108,364.899438
2019-02-19,18112.53,0.0688,1.9564,0.007764,0.1377,0.2065,0.1182,0.1716,400.283983,910.246414,1164.244686,470.78396,365.525701
2019-02-20,18326.97,1.1839,1.9568,0.007765,2.3679,3.5518,2.3484,3.5169,405.023072,931.799807,1205.596275,481.839814,378.380876
2019-02-21,18410.95,0.4582,1.9571,0.007766,0.9165,1.3747,0.897,1.3398,406.879017,940.339412,1222.169551,486.161874,383.450415
2019-02-22,18417.0,0.0329,1.9574,0.007768,0.0657,0.0986,0.0462,0.0637,407.012721,940.95742,1223.374398,486.386713,383.694605
2019-02-25,18538.33,0.6588,1.9584,0.007771,1.3176,1.9764,1.2981,1.9415,409.694094,953.355353,1247.552931,492.700544,391.14393
2019-02-26,18539.45,0.006,1.9587,0.007773,0.0121,0.0181,-0.0074,-0.0168,409.718846,953.470547,1247.779045,492.664103,391.078273
2019-02-27,18535.19,-0.023,1.9591,0.007774,-0.046,-0.0689,-0.0654,-0.1038,409.624701,953.03237,1246.9189,492.341721,390.672149
2019-03-04,18465.1,-0.3781,1.9607,0.007781,-0.7563,-1.1344,-0.7758,-1.1694,408.075723,945.824671,1232.773394,488.522242,386.103773
2019-03-05,18385.48,-0.4312,1.961,0.007782,-0.8624,-1.2936,-0.8819,-1.3285,406.316134,937.668033,1216.82654,484.214102,380.974368
2019-03-06,18478.07,0.5036,1.9614,0.007783,1.0072,1.5108,0.9877,1.4759,408.362358,947.1123,1235.210499,488.996773,386.597093
2019-03-07,18396.95,-0.439,1.9617,0.007785,-0.878,-1.317,-0.8975,-1.352,406.569619,938.796523,1218.942522,484.608004,381.370475
2019-03-08,18272.19,-0.6782,1.962,0.007786,-1.3563,-2.0345,-1.3758,-2.0694,403.812443,926.063515,1194.14353,477.940748,373.478378
2019-03-11,18287.4,0.0832,1.963,0.00779,0.1665,0.2497,0.147,0.2148,404.148582,927.605249,1197.12559,478.643256,374.280532
2019-03-12,18453.41,0.9078,1.9633,0.007791,1.8156,2.7234,1.7961,2.6884,407.817376,944.446544,1229.727516,487.240022,384.342702
2019-03-13,18506.92,0.29,1.9637,0.007792,0.5799,0.8699,0.5604,0.835,408.999938,949.923833,1240.425168,489.970751,387.551851
2019-03-14,18462.9,-0.2379,1.964,0.007794,-0.4757,-0.7136,-0.4952,-0.7485,408.027103,945.404913,1231.573855,487.544347,384.650935
2019-03-15,18624.52,0.8754,1.9643,0.007795,1.7508,2.6261,1.7313,2.5912,411.598879,961.95663,1263.916601,495.984973,394.617919
2019-03-18,18755.58,0.7037,1.9653,0.007799,1.4074,2.1111,1.3879,2.0761,414.495284,975.49513,1290.598993,502.868683,402.810681
2019-03-19,18754.9,-0.0036,1.9656,0.0078,-0.0073,-0.0109,-0.0268,-0.0458,414.480256,975.424395,1290.458617,502.734126,402.626024
2019-03-20,18824.92,0.3733,1.966,0.007801,0.7467,1.12,0.7272,1.0851,416.027687,982.707741,1304.912106,506.389894,406.994755
2019-03-21,18928.38,0.5496,1.9663,0.007803,1.0992,1.6488,1.0797,1.6138,418.314136,993.509481,1326.427131,511.857244,413.562842
2019-03-22,18981.04,0.2782,1.9666,0.007804,0.5564,0.8346,0.5369,0.7996,419.477913,999.037499,1337.497754,514.60542,416.869882
2019-03-25,18696.31,-1.5001,1.9676,0.007808,-3.0002,-4.5002,-3.0197,-4.5352,413.185426,969.064858,1277.307311,499.066055,397.963963
2019-03-26,18838.55,0.7608,1.9679,0.007809,1.5216,2.2824,1.5021,2.2474,416.328907,983.809991,1306.46026,506.562366,406.907773
2019-03-27,18809.1,-0.1563,1.9683,0.007811,-0.3127,-0.469,-0.3322,-0.504,415.678067,980.734042,1300.333155,504.879699,404.857074
2019-03-28,18797.62,-0.061,1.9686,0.007812,-0.1221,-0.1831,-0.1416,-0.2181,415.424361,979.536874,1297.952208,504.164856,403.974114
2019-03-29,18984.56,0.9945,1.9689,0.007813,1.989,2.9835,1.9695,2.9485,419.555705,999.01962,1336.67613,514.094159,415.885175
2019-04-01,18987.39,0.0149,1.9699,0.007817,0.0298,0.0447,0.0103,0.0097,419.618247,999.317464,1337.273898,514.14706,415.925604
2019-04-02,19072.43,0.4479,1.9702,0.007818,0.8958,1.3436,0.8762,1.3086,421.497618,1008.268874,1355.241893,518.652159,421.368517
2019-04-03,19097.57,0.1318,1.9706,0.00782,0.2636,0.3954,0.2441,0.3604,422.053208,1010.926939,1360.60106,519.918192,422.887278
2019-04-08,19269.18,0.8986,1.9722,0.007826,1.7972,2.6958,1.7777,2.6608,425.845761,1029.095237,1397.27998,529.160566,434.139337
2019-04-09,19360.21,0.4724,1.9725,0.007828,0.9448,1.4172,0.9253,1.3822,427.857509,1038.818385,1417.082753,534.056841,440.140085
2019-04-10,19389.72,0.1524,1.9729,0.007829,0.3049,0.4573,0.2853,0.4223,428.509675,1041.985244,1423.562762,535.580595,441.9986
2019-04-11,19283.8,-0.5463,1.9732,0.00783,-1.0925,-1.6388,-1.1121,-1.6738,426.16886,1030.601163,1400.233322,529.624541,434.600286
2019-04-12,19277.6,-0.0322,1.9735,0.007831,-0.0643,-0.0965,-0.0838,-0.1315,426.031841,1029.938459,1398.882741,529.180501,434.028865
2019-04-15,19403.03,0.6507,1.9745,0.007835,1.3013,1.952,1.2818,1.9169,428.803824,1043.341079,1426.188297,535.963332,442.348845
2019-04-16,19496.24,0.4804,1.9748,0.007837,0.9608,1.4412,0.9412,1.4061,430.86375,1053.365268,1446.742047,541.008005,448.568837
2019-04-17,19620.09,0.6353,1.9752,0.007838,1.2705,1.9058,1.251,1.8707,433.600815,1066.748289,1474.313364,547.775783,456.960264
2019-04-18,19557.2,-0.3205,1.9755,0.007839,-0.6411,-0.9616,-0.6606,-0.9967,432.210956,1059.909605,1460.136125,544.157049,452.405923
2019-04-19,19568.77,0.0592,1.9758,0.007841,0.1183,0.1775,0.0988,0.1424,432.466651,1061.163685,1462.727566,544.694527,453.050299
2019-04-22,19603.05,0.1752,1.9768,0.007845,0.3504,0.5255,0.3308,0.4905,433.224234,1064.881517,1470.414656,546.496394,455.272407
2019-04-23,19670.79,0.3456,1.9772,0.007846,0.6911,1.0367,0.6716,1.0016,434.721277,1072.241093,1485.658083,550.166471,459.8325
2019-04-24,19674.28,0.0177,1.9775,0.007847,0.0355,0.0532,0.0159,0.0182,434.798405,1072.621568,1486.448842,550.254116,459.916037
2019-04-25,19696.08,0.1108,1.9778,0.007848,0.2216,0.3324,0.2021,0.2974,435.280182,1074.998595,1491.390001,551.365928,461.283605
2019-04-26,19540.17,-0.7916,1.9781,0.00785,-1.5832,-2.3747,-1.6027,-2.4098,431.834596,1057.979673,1455.973418,542.529111,450.167588
2019-04-29,19516.25,-0.1224,1.9791,0.007854,-0.2448,-0.3672,-0.2644,-0.4023,431.305968,1055.389432,1450.626451,541.094724,448.356492
2019-04-30,19567.4,0.2621,1.9795,0.007855,0.5242,0.7863,0.5046,0.7512,432.436375,1060.921557,1462.03226,543.825181,451.724514
2019-05-02,19632.97,0.3351,1.9801,0.007858,0.6702,1.0053,0.6506,0.9702,433.885461,1068.031815,1476.729991,547.363484,456.10721
2019-05-03,19796.78,0.8344,1.9804,0.007859,1.6687,2.5031,1.6492,2.468,437.505635,1085.854313,1513.693803,556.390374,467.363947
2019-05-06,19441.43,-1.795,1.9814,0.007863,-3.59,-5.385,-3.6095,-5.4201,429.652458,1046.872385,1432.181897,536.307203,442.032553
2019-05-07,19602.03,0.8261,1.9818,0.007864,1.6521,2.4782,1.6326,2.4431,433.201692,1064.168202,1467.674411,545.062801,452.831937
2019-05-08,19488.95,-0.5769,1.9821,0.007865,-1.1538,-1.7306,-1.1733,-1.7657,430.702642,1051.890275,1442.274294,538.667416,444.836134
2019-05-09,19149.9,-1.7397,1.9824,0.007867,-3.4794,-5.2191,-3.499,-5.2542,423.209692,1015.290725,1367.000392,519.819548,421.46351
2019-05-10,19113.0,-0.1927,1.9827,0.007868,-0.3854,-0.5781,-0.405,-0.6132,422.394208,1011.377992,1359.098161,517.714513,418.879214
2019-05-13,18837.01,-1.444,1.9837,0.007872,-2.888,-4.332,-2.9076,-4.3671,416.294874,982.169578,1300.222395,502.661651,400.586415
2019-05-14,18767.35,-0.3698,1.9841,0.007873,-0.7396,-1.1094,-0.7592,-1.1445,414.755399,974.905375,1285.797576,498.845507,396.00161
2019-05-15,18841.31,0.3941,1.9844,0.007875,0.7882,1.1823,0.7686,1.1472,416.389903,982.589358,1300.999123,502.679616,400.54435
2019-05-16,18687.72,-0.8152,1.9847,0.007876,-1.6304,-2.4455,-1.6499,-2.4806,412.995589,966.569676,1269.182792,494.385725,390.608257
2019-05-17,18526.25,-0.864,1.985,0.007877,-1.7281,-2.5921,-1.7477,-2.6272,409.427128,949.866514,1236.283924,485.745493,380.346004
2019-05-20,18551.76,0.1377,1.986,0.007881,0.2754,0.4131,0.2558,0.378,409.990895,952.48238,1241.390883,486.988057,381.783569
2019-05-21,18669.67,0.6356,1.9864,0.007882,1.2711,1.9067,1.2516,1.8716,412.596687,964.589824,1265.060723,493.082993,388.92899
2019-05-22,18656.68,-0.0696,1.9867,0.007884,-0.1392,-0.2087,-0.1587,-0.2439,412.30961,963.247537,1262.420108,492.300242,387.980522
2019-05-23,18391.65,-1.4206,1.987,0.007885,-2.8411,-4.2617,-2.8607,-4.2968,406.45249,935.88045,1208.619668,478.216918,371.309675
2019-05-24,18427.17,0.1931,1.9873,0.007886,0.3863,0.5794,0.3667,0.5443,407.237476,939.495403,1215.62233,479.970394,373.330549
2019-05-27,18437.61,0.0567,1.9883,0.00789,0.1133,0.17,0.0937,0.1348,407.468198,940.559954,1217.688479,480.420196,373.833877
2019-05-28,18398.68,-0.2111,1.9887,0.007891,-0.4223,-0.6334,-0.4419,-0.6686,406.607852,936.588073,1209.975233,478.297282,371.334493
2019-05-29,18379.89,-0.1021,1.989,0.007893,-0.2043,-0.3064,-0.2239,-0.3415,406.192596,934.675056,1206.268102,477.2266,370.066269
2019-05-30,18524.78,0.7883,1.9893,0.007894,1.5766,2.3649,1.557,2.3298,409.394641,949.411278,1234.795398,484.657084,378.687956
2019-05-31,18730.94,1.1129,1.9896,0.007895,2.2258,3.3387,2.2062,3.3035,413.950744,970.543041,1276.021057,495.349461,391.19794
2019-06-03,18734.92,0.0212,1.9906,0.007899,0.0425,0.0637,0.0229,0.0286,414.038701,970.955488,1276.834454,495.462851,391.309748
2019-06-04,18608.32,-0.6757,1.991,0.007901,-1.3515,-2.0272,-1.3711,-2.0624,411.240862,957.833151,1250.950077,488.66959,383.239389
2019-06-05,18666.31,0.3116,1.9913,0.007902,0.6233,0.9349,0.6037,0.8997,412.522431,963.803034,1262.645264,491.619499,386.687529
2019-06-06,18572.78,-0.5011,1.9916,0.007903,-1.0021,-1.5032,-1.0217,-1.5384,410.455433,954.144511,1243.665314,486.596446,380.738879
2019-06-10,18853.39,1.5109,1.9929,0.007908,3.0217,4.5326,3.0021,4.4974,416.656869,982.976219,1300.0357,501.204652,397.862302
2019-06-11,18927.06,0.3908,1.9933,0.00791,0.7815,1.1723,0.7619,1.1371,418.284964,990.658218,1315.275446,505.023269,402.38628
2019-06-12,18941.41,0.0758,1.9936,0.007911,0.1516,0.2275,0.132,0.1923,418.602097,992.1604,1318.267068,505.689987,403.159928
2019-06-13,18844.64,-0.5109,1.9939,0.007912,-1.0218,-1.5327,-1.0414,-1.5679,416.463495,982.022679,1298.062336,500.423726,396.83893
2019-06-14,18780.55,-0.3401,1.9942,0.007914,-0.6802,-1.0203,-0.6998,-1.0555,415.047117,975.343026,1284.818335,496.921694,392.650365
2019-06-17,18791.94,0.0606,1.9952,0.007918,0.1213,0.1819,0.1017,0.1467,415.298834,976.526075,1287.155979,497.426923,393.226553
2019-06-18,18859.26,0.3582,1.9956,0.007919,0.7165,1.0747,0.6969,1.0395,416.786595,983.522663,1300.989251,500.893253,397.314195
2019-06-19,19233.88,1.9864,1.9959,0.00792,3.9728,5.9592,3.9532,5.924,425.065637,1022.596016,1378.517732,520.694414,420.851044
2019-06-20,19278.58,0.2324,1.9962,0.007922,0.4648,0.6972,0.4452,0.662,426.053499,1027.349092,1388.128857,523.012425,423.637075
2019-06-21,19312.11,0.1739,1.9965,0.007923,0.3478,0.5218,0.3282,0.4866,426.794507,1030.922697,1395.371708,524.729046,425.698324
2019-06-24,19394.94,0.4289,1.9975,0.007927,0.8578,1.2867,0.8382,1.2515,428.625036,1039.76599,1413.326034,529.127171,431.025883
2019-06-25,19265.78,-0.6659,1.9979,0.007928,-1.3319,-1.9978,-1.3515,-2.0331,425.770621,1025.917412,1385.090031,521.975869,422.26286
2019-06-26,19191.67,-0.3847,1.9982,0.007929,-0.7693,-1.154,-0.789,-1.1892,424.132802,1018.024584,1369.105884,517.857588,417.241147
2019-06-27,19414.25,1.1598,1.9985,0.007931,2.3195,3.4793,2.2999,3.4441,429.051784,1041.638153,1416.741487,529.767852,431.611331
2019-06-28,19337.63,-0.3947,1.9988,0.007932,-0.7893,-1.184,-0.809,-1.2192,427.358495,1033.416325,1399.967612,525.482266,426.349106
2019-07-01,19650.99,1.6205,1.9998,0.007936,3.2409,4.8614,3.2213,4.8262,434.2837,1066.908675,1468.02567,542.409588,446.925419
2019-07-02,19637.41,-0.0691,2.0002,0.007937,-0.1382,-0.2073,-0.1579,-0.2426,433.983584,1065.434081,1464.982192,541.553366,445.841369
2019-07-03,19448.42,-0.9624,2.0005,0.007938,-1.9248,-2.8872,-1.9444,-2.9224,429.806936,1044.926653,1422.685323,531.023183,432.811944
2019-07-04,19544.38,0.4934,2.0008,0.00794,0.9868,1.4802,0.9672,1.445,431.927636,1055.238149,1443.744239,536.159076,439.065983
2019-07-05,19566.46,0.113,2.0012,0.007941,0.2259,0.3389,0.2063,0.3037,432.415601,1057.622432,1448.637391,537.265172,440.399311
2019-07-08,19532.87,-0.1717,2.0021,0.007945,-0.3433,-0.515,-0.363,-0.5503,431.673267,1053.991163,1441.176706,535.314932,437.97593
2019-07-09,19465.86,-0.3431,2.0025,0.007946,-0.6861,-1.0292,-0.7058,-1.0644,430.192357,1046.759461,1426.344285,531.536796,433.313913
2019-07-10,19645.53,0.923,2.0028,0.007948,1.846,2.769,1.8263,2.7337,434.163035,1066.082653,1465.839783,541.244503,445.159595
2019-07-11,19757.53,0.5701,2.0031,0.007949,1.1402,1.7103,1.1206,1.675,436.638217,1078.238217,1490.910228,547.309436,452.61624
2019-07-12,19728.58,-0.1465,2.0035,0.00795,-0.2931,-0.4396,-0.3127,-0.4748,435.998426,1075.07841,1484.356496,545.597948,450.467016
2019-07-15,19844.62,0.5882,2.0044,0.007954,1.1764,1.7645,1.1567,1.7293,438.562892,1087.72525,1510.548659,551.908901,458.256822
2019-07-16,19886.65,0.2118,2.0048,0.007955,0.4236,0.6354,0.4039,0.6001,439.491748,1092.332755,1520.146478,554.138222,461.006869
2019-07-17,19785.38,-0.5092,2.0051,0.007957,-1.0185,-1.5277,-1.0381,-1.563,437.253697,1081.20765,1496.923075,548.385518,453.801392
2019-07-18,19740.32,-0.2277,2.0054,0.007958,-0.4555,-0.6832,-0.4752,-0.7185,436.257879,1076.28288,1486.695621,545.779852,450.540771
2019-07-19,19883.45,0.7251,2.0058,0.007959,1.4501,2.1752,1.4305,2.1399,439.421028,1091.890365,1519.034115,553.587029,460.181933
2019-07-22,20027.2,0.723,2.0067,0.007963,1.4459,2.1689,1.4263,2.1336,442.59788,1107.678293,1551.980282,561.4826,470.000364
2019-07-23,20037.9,0.0534,2.0071,0.007965,0.1069,0.1603,0.0872,0.125,442.834348,1108.861899,1554.467828,561.972122,470.587807
2019-07-24,20028.94,-0.0447,2.0074,0.007966,-0.0894,-0.1341,-0.1091,-0.1694,442.636334,1107.870238,1552.382574,561.358995,469.790431
2019-07-25,20120.61,0.4577,2.0077,0.007967,0.9154,1.3731,0.8957,1.3378,444.662226,1118.01141,1573.697768,566.387098,476.075117
2019-07-26,20032.69,-0.437,2.0081,0.007968,-0.8739,-1.3109,-0.8936,-1.3462,442.719208,1108.240775,1553.068248,561.325837,469.666209
2019-07-29,20033.05,0.0018,2.009,0.007972,0.0036,0.0054,-0.0161,-0.0299,442.727164,1108.280607,1553.151977,561.23555,469.525691
2019-07-30,19933.84,-0.4952,2.0094,0.007974,-0.9905,-1.4857,-1.0101,-1.521,440.534639,1097.303495,1530.076877,555.566267,462.384171
2019-07-31,19938.27,0.0222,2.0097,0.007975,0.0444,0.0667,0.0248,0.0314,440.632542,1097.791214,1531.096988,555.703857,462.529154
2019-08-01,19784.89,-0.7693,2.01,0.007976,-1.5385,-2.3078,-1.5582,-2.3431,437.242868,1080.901161,1495.761978,547.044705,451.691445
2019-08-02,19450.09,-1.6922,2.0104,0.007978,-3.3844,-5.0766,-3.4041,-5.1119,429.843843,1044.319132,1419.828105,528.422839,428.601332
2019-08-05,19219.3,-1.1866,2.0113,0.007982,-2.3732,-3.5597,-2.3928,-3.5951,424.743421,1019.535862,1369.286108,515.778532,413.19288
2019-08-06,19176.89,-0.2207,2.0117,0.007983,-0.4413,-0.662,-0.461,-0.6973,423.806167,1015.036373,1360.22156,513.400708,410.311597
2019-08-07,19164.33,-0.0655,2.012,0.007984,-0.131,-0.1965,-0.1507,-0.2318,423.528593,1013.706767,1357.548908,512.627109,409.360414
2019-08-08,19372.55,1.0865,2.0123,0.007985,2.173,3.2595,2.1533,3.2242,428.130221,1035.734568,1401.79812,523.665527,422.558836
2019-08-12,19360.92,-0.06,2.0136,0.007991,-0.1201,-0.1801,-0.1398,-0.2154,427.8732,1034.490995,1399.273479,522.933632,421.648448
2019-08-13,19176.5,-0.9525,2.014,0.007992,-1.9051,-2.8576,-1.9248,-2.893,423.797548,1014.783168,1359.28767,512.868346,409.450322
2019-08-14,19306.45,0.6777,2.0143,0.007993,1.3553,2.033,1.3356,1.9976,426.669422,1028.536571,1386.921404,519.718242,417.629524
2019-08-15,19125.64,-0.9365,2.0146,0.007995,-1.8731,-2.8096,-1.8928,-2.8449,422.67355,1009.271538,1347.954749,509.881255,405.748242
2019-08-16,19299.26,0.9078,2.015,0.007996,1.8156,2.7234,1.7959,2.688,426.510524,1027.595602,1384.664407,519.038065,416.654767
2019-08-19,19426.65,0.6601,2.0159,0.008,1.3202,1.9802,1.3004,1.9449,429.325822,1041.161449,1412.083966,525.787886,424.758147
2019-08-20,19493.72,0.3452,2.0163,0.008001,0.6905,1.0357,0.6708,1.0004,430.808058,1048.350614,1426.709515,529.314804,429.007321
2019-08-21,19503.83,0.0519,2.0166,0.008002,0.1037,0.1556,0.084,0.1202,431.031488,1049.438024,1428.929312,529.759518,429.523068
2019-08-22,19512.96,0.0468,2.0169,0.008004,0.0936,0.1404,0.0739,0.1051,431.233259,1050.420535,1430.936014,530.151077,429.974331
2019-08-23,19532.52,0.1002,2.0173,0.008005,0.2005,0.3007,0.1808,0.2653,431.665532,1052.526441,1435.23917,531.109436,431.11526
2019-08-26,19208.29,-1.6599,2.0182,0.008009,-3.3199,-4.9798,-3.3396,-5.0152,424.500102,1017.583623,1363.766427,513.372428,409.49383
2019-08-27,19274.58,0.3451,2.0186,0.00801,0.6902,1.0353,0.6705,0.9999,425.9651,1024.607217,1377.885968,516.814622,413.588558
2019-08-28,19365.75,0.473,2.0189,0.008012,0.946,1.419,0.9263,1.3836,427.979942,1034.300133,1397.438435,521.60185,419.311098
2019-08-29,19424.64,0.3041,2.0192,0.008013,0.6082,0.9123,0.5885,0.8769,429.281402,1040.590613,1410.186996,524.671309,422.987995
2019-08-30,19714.34,1.4914,2.0196,0.008014,2.9828,4.4742,2.9631,4.4388,435.683725,1071.629448,1473.281783,540.217787,441.763675
2019-09-02,19747.08,0.1661,2.0205,0.008018,0.3321,0.4982,0.3124,0.4628,436.407273,1075.188801,1480.621909,541.905533,443.808222
2019-09-03,19605.96,-0.7146,2.0209,0.008019,-1.4293,-2.1439,-1.449,-2.1793,433.288544,1059.821401,1448.878679,534.053321,434.13624
2019-09-04,19790.44,0.9409,2.0212,0.008021,1.8819,2.8228,1.8621,2.7874,437.365522,1079.765933,1489.777845,543.998193,446.237392
2019-09-05,19979.16,0.9536,2.0215,0.008022,1.9072,2.8608,1.8875,2.8254,441.536204,1100.359051,1532.39704,554.265915,458.845232
2019-09-06,20023.69,0.2229,2.0219,0.008023,0.4458,0.6686,0.426,0.6332,442.52031,1105.26406,1542.643363,556.627281,461.750801
2019-09-09,20062.05,0.1916,2.0228,0.008027,0.3831,0.5747,0.3634,0.5393,443.36806,1109.498837,1551.509231,558.650135,464.241022
2019-09-10,19973.71,-0.4403,2.0232,0.008028,-0.8807,-1.321,-0.9004,-1.3564,441.41576,1099.727839,1531.01377,553.620035,457.943947
2019-09-11,20042.62,0.345,2.0235,0.00803,0.69,1.035,0.6703,0.9996,442.93866,1107.316038,1546.859923,557.330789,462.52149
2019-09-12,20111.71,0.3447,2.0238,0.008031,0.6894,1.0341,0.6697,0.9987,444.465538,1114.950216,1562.856717,561.063196,467.14078
2019-09-16,20248.6,0.6806,2.0252,0.008036,1.3613,2.0419,1.3416,2.0065,447.490784,1130.127994,1594.769387,568.590161,476.513993
2019-09-17,20204.79,-0.2164,2.0255,0.008038,-0.4327,-0.6491,-0.4525,-0.6845,446.52259,1125.23769,1584.418028,566.017488,473.252148
2019-09-18,20306.99,0.5058,2.0258,0.008039,1.0116,1.5175,0.9919,1.482,448.781194,1136.621059,1608.460968,571.631793,480.265835
2019-09-19,20274.61,-0.1595,2.0261,0.00804,-0.3189,-0.4784,-0.3387,-0.5138,448.065601,1132.996318,1600.766775,569.695953,477.798215
2019-09-20,20339.81,0.3216,2.0265,0.008042,0.6432,0.9648,0.6234,0.9293,449.506511,1140.283399,1616.210228,573.247558,482.238419
2019-09-23,20319.98,-0.0975,2.0275,0.008045,-0.195,-0.2925,-0.2147,-0.3279,449.068271,1138.059994,1611.483127,572.016572,480.656983
2019-09-24,20318.25,-0.0085,2.0278,0.008047,-0.017,-0.0255,-0.0368,-0.061,449.030038,1137.86621,1611.071532,571.806181,480.363783
2019-09-25,20235.92,-0.4052,2.0281,0.008048,-0.8104,-1.2156,-0.8302,-1.2511,447.210558,1128.644891,1591.487239,567.059281,474.354106
2019-09-26,20233.0,-0.0144,2.0284,0.008049,-0.0289,-0.0433,-0.0486,-0.0788,447.146027,1128.319169,1590.798294,566.783604,473.980537
2019-09-27,20154.27,-0.3891,2.0288,0.008051,-0.7782,-1.1674,-0.798,-1.2028,445.406107,1119.538211,1572.228105,562.260724,468.27942
2019-10-01,20411.12,1.2744,2.0301,0.008056,2.5488,3.8233,2.5291,3.7878,451.08245,1148.073443,1632.338462,576.480732,486.016825
2019-10-02,20377.6,-0.1642,2.0304,0.008057,-0.3284,-0.4927,-0.3482,-0.5282,450.341663,1144.302614,1624.296377,574.473357,483.449917
2019-10-03,20243.63,-0.6574,2.0307,0.008058,-1.3149,-1.9723,-1.3346,-2.0078,447.380948,1129.256463,1592.260173,566.806206,473.743235
2019-10-04,20278.19,0.1707,2.0311,0.00806,0.3414,0.5122,0.3217,0.4767,448.144719,1133.112205,1600.41511,568.629478,476.001457
2019-10-07,20353.73,0.3725,2.0321,0.008064,0.745,1.1176,0.7253,1.0821,449.81414,1141.554309,1618.300635,572.753559,481.152092
2019-10-08,20506.82,0.7521,2.0324,0.008065,1.5043,2.2564,1.4845,2.2209,453.197405,1158.726645,1654.816641,581.256217,491.838222
2019-10-09,20269.96,-1.155,2.0327,0.008066,-2.3101,-3.4651,-2.3298,-3.5006,447.962837,1131.959356,1597.475737,567.713915,474.620988
2019-10-14,20599.41,1.6253,2.0344,0.008073,3.2506,4.8759,3.2308,4.8404,455.243629,1168.755088,1675.367609,586.055866,497.594656
2019-10-15,20682.89,0.4053,2.0347,0.008074,0.8105,1.2158,0.7907,1.1802,457.088523,1178.227949,1695.736108,590.689974,503.467515
2019-10-16,20777.88,0.4593,2.035,0.008075,0.9185,1.3778,0.8988,1.3423,459.187787,1189.050409,1719.100054,595.998831,510.225507
2019-10-17,20822.69,0.2157,2.0353,0.008077,0.4313,0.647,0.4115,0.6115,460.17808,1194.17907,1730.222393,598.451611,513.34537
2019-10-18,20810.3,-0.0595,2.0357,0.008078,-0.119,-0.1785,-0.1388,-0.214,459.904264,1192.75794,1727.133821,597.621025,512.246665
2019-10-21,20817.62,0.0352,2.0367,0.008082,0.0703,0.1055,0.0506,0.07,460.066034,1193.597042,1728.956374,597.92319,512.605215
2019-10-22,20979.74,0.7788,2.037,0.008083,1.5575,2.3363,1.5377,2.3008,463.64886,1212.187635,1769.349811,607.117677,524.399023
2019-10-23,20920.95,-0.2802,2.0373,0.008085,-0.5604,-0.8407,-0.5802,-0.8762,462.349611,1205.393985,1754.47545,603.59496,519.804226
2019-10-24,21070.74,0.716,2.0376,0.008086,1.432,2.1479,1.4122,2.1124,465.659945,1222.654765,1792.160576,612.118744,530.784601
2019-10-25,21026.13,-0.2117,2.038,0.008087,-0.4234,-0.6351,-0.4432,-0.6707,464.674072,1217.477669,1780.777736,609.405684,527.224705
2019-10-28,21061.65,0.1689,2.039,0.008091,0.3379,0.5068,0.3181,0.4713,465.459058,1221.591104,1789.802682,611.344008,529.709255
2019-10-29,21096.75,0.1667,2.0393,0.008092,0.3333,0.5,0.3135,0.4644,466.234762,1225.662755,1798.750994,613.260623,532.169282
2019-10-30,21183.15,0.4095,2.0396,0.008094,0.8191,1.2286,0.7993,1.1931,468.144188,1235.701956,1820.850903,618.162314,538.518449
2019-10-31,21142.99,-0.1896,2.0399,0.008095,-0.3792,-0.5688,-0.399,-0.6043,467.256659,1231.016554,1810.494742,615.696027,535.264133
2019-11-01,21218.98,0.3594,2.0403,0.008096,0.7188,1.0782,0.699,1.0427,468.936025,1239.865345,1830.016034,619.999848,540.845182
2019-11-04,21513.38,1.3874,2.0413,0.0081,2.7749,4.1623,2.7551,4.1267,475.442218,1274.270048,1906.186998,637.081263,563.164488
2019-11-05,21675.66,0.7543,2.0416,0.008102,1.5086,2.263,1.4888,2.2274,479.02858,1293.494228,1949.32332,646.56635,575.708389
2019-11-06,21692.48,0.0776,2.0419,0.008103,0.1552,0.2328,0.1354,0.1972,479.400299,1295.501694,1953.86126,647.441722,576.843829
2019-11-07,21605.9,-0.3991,2.0422,0.008104,-0.7982,-1.1974,-0.8181,-1.2329,477.486895,1285.160365,1930.466244,642.145264,569.731652
2019-11-08,21555.61,-0.2328,2.0426,0.008105,-0.4655,-0.6983,-0.4853,-0.7339,476.375494,1279.177674,1916.986155,639.028722,565.550633
2019-11-11,21272.17,-1.3149,2.0436,0.008109,-2.6298,-3.9448,-2.6497,-3.9804,470.111516,1245.537232,1841.365393,622.096604,543.039697
2019-11-12,21445.46,0.8146,2.0439,0.008111,1.6293,2.4439,1.6094,2.4083,473.941197,1265.830333,1886.366473,632.108924,556.117781
2019-11-13,21347.65,-0.4561,2.0442,0.008112,-0.9122,-1.3683,-0.932,-1.4039,471.779612,1254.283753,1860.556044,626.217715,548.310718
2019-11-14,21315.25,-0.1518,2.0445,0.008113,-0.3035,-0.4553,-0.3234,-0.4909,471.063577,1250.476421,1852.084571,624.19274,545.619
2019-11-15,21455.19,0.6565,2.0449,0.008115,1.3131,1.9696,1.2932,1.934,474.156228,1266.895808,1888.56278,632.264985,556.171171
2019-11-18,21593.28,0.6436,2.0459,0.008119,1.2872,1.9309,1.2674,1.8953,477.207995,1283.20381,1925.028311,640.278414,566.712057
2019-11-19,21698.68,0.4881,2.0462,0.00812,0.9762,1.4643,0.9564,1.4287,479.537318,1295.730826,1953.217357,646.402059,574.808897
2019-11-20,21651.77,-0.2162,2.0465,0.008121,-0.4324,-0.6486,-0.4522,-0.6842,478.500614,1290.12839,1940.549476,643.479003,570.876215
2019-11-21,21516.02,-0.627,2.0468,0.008122,-1.2539,-1.8809,-1.2738,-1.9165,475.500561,1273.950966,1904.049515,635.282574,559.935267
2019-11-22,21531.88,0.0737,2.0472,0.008124,0.1474,0.2211,0.1276,0.1855,475.851065,1275.829089,1908.260083,636.093163,560.974087
2019-11-25,21522.17,-0.0451,2.0482,0.008128,-0.0902,-0.1353,-0.11,-0.1709,475.636475,1274.678395,1905.678441,635.393296,560.015337
2019-11-26,21550.55,0.1319,2.0485,0.008129,0.2637,0.3956,0.2439,0.36,476.263669,1278.040079,1913.217154,636.942974,562.031219
2019-11-27,21682.19,0.6108,2.0488,0.00813,1.2217,1.8325,1.2018,1.7969,479.172891,1293.653713,1948.277406,644.598068,572.130375
2019-11-28,21625.8,-0.2601,2.0492,0.008132,-0.5202,-0.7802,-0.54,-0.8159,477.926682,1286.924768,1933.076447,641.117314,567.462628
2019-11-29,21388.44,-1.0976,2.0495,0.008133,-2.1952,-3.2927,-2.215,-3.3284,472.681064,1258.674765,1869.425387,626.916598,548.575403
2019-12-02,21413.13,0.1154,2.0505,0.008137,0.2309,0.3463,0.211,0.3107,473.226709,1261.580697,1875.899368,628.239575,550.279662
2019-12-03,21466.65,0.2499,2.0508,0.008138,0.4999,0.7498,0.48,0.7142,474.409492,1267.887089,1889.965242,631.25535,554.209645
2019-12-04,21427.33,-0.1832,2.0511,0.008139,-0.3663,-0.5495,-0.3862,-0.5851,473.540527,1263.242366,1879.579817,628.817559,550.966702
2019-12-05,21584.04,0.7314,2.0515,0.008141,1.4627,2.1941,1.4429,2.1584,477.003792,1281.719956,1920.819059,637.890544,562.858881
2019-12-06,21611.96,0.1294,2.0518,0.008142,0.2587,0.3881,0.2389,0.3524,477.62082,1285.03589,1928.273076,639.414218,564.842482
2019-12-09,21707.13,0.4404,2.0528,0.008146,0.8807,1.3211,0.8609,1.2854,479.724061,1296.353407,1953.746992,644.918703,572.103065
2019-12-10,21645.83,-0.2824,2.0531,0.008147,-0.5648,-0.8472,-0.5846,-0.8828,478.369341,1289.031715,1937.1951,641.148218,567.052272
2019-12-11,21781.6,0.6272,2.0534,0.008149,1.2545,1.8817,1.2346,1.846,481.369836,1305.202205,1973.647337,649.063918,577.520283
2019-12-12,22034.28,1.1601,2.0538,0.00815,2.3201,3.4802,2.3003,3.4445,486.954023,1335.484507,2042.333918,663.994123,597.413087
2019-12-13,22204.27,0.7715,2.0541,0.008151,1.543,2.3144,1.5231,2.2788,490.710775,1356.090491,2089.602494,674.10743,611.026768
2019-12-16,22226.67,0.1009,2.0551,0.008155,0.2018,0.3026,0.1819,0.267,491.205811,1358.826579,2095.926561,675.333643,612.658022
2019-12-17,22519.39,1.317,2.0554,0.008156,2.634,3.9509,2.6141,3.9153,497.674876,1394.61743,2178.735135,692.987473,636.645125
2019-12-18,22566.75,0.2103,2.0557,0.008158,0.4206,0.6309,0.4008,0.5952,498.721524,1400.483405,2192.481276,695.764629,640.434708
2019-12-19,22413.94,-0.6771,2.0561,0.008159,-1.3543,-2.0314,-1.3742,-2.0671,495.344448,1381.516751,2147.942333,686.203719,627.196134
2019-12-20,22302.39,-0.4977,2.0564,0.00816,-0.9954,-1.493,-1.0152,-1.5287,492.879211,1367.765648,2115.872607,679.237178,617.608001
2019-12-23,22420.16,0.5281,2.0574,0.008164,1.0561,1.5842,1.0362,1.5485,495.481909,1382.210895,2149.391838,686.27577,627.171578
2019-12-24,22334.66,-0.3814,2.0577,0.008165,-0.7627,-1.1441,-0.7826,-1.1798,493.592373,1371.668683,2124.801513,680.905125,619.772486
2019-12-25,22393.86,0.2651,2.058,0.008167,0.5301,0.7952,0.5102,0.7595,494.900683,1378.940143,2141.697439,684.379407,624.479522
2019-12-26,22380.58,-0.0593,2.0584,0.008168,-0.1186,-0.1779,-0.1385,-0.2136,494.607197,1377.304665,2137.887232,683.431689,623.145589
2019-12-27,22549.52,0.7549,2.0587,0.008169,1.5097,2.2646,1.4898,2.2288,498.340744,1398.097858,2186.300813,693.613632,637.034561
2019-12-30,22478.22,-0.3162,2.0597,0.008173,-0.6324,-0.9486,-0.6523,-0.9843,496.765026,1389.256483,2165.562023,689.089429,630.76429
2019-12-31,22373.36,-0.4665,2.06,0.008175,-0.933,-1.3995,-0.9529,-1.4352,494.447637,1376.294831,2135.255242,682.523282,621.711546
2020-01-02,22566.08,0.8614,2.0507,0.008138,1.7228,2.5841,1.7029,2.5485,498.706717,1400.005131,2190.433327,694.146102,637.555893
2020-01-03,22584.65,0.0823,2.046,0.008119,0.1646,0.2469,0.1448,0.2113,499.117111,1402.309305,2195.840959,695.150934,638.90287
2020-01-06,22291.72,-1.297,2.032,0.008063,-2.5941,-3.8911,-2.6138,-3.9266,492.643406,1365.932522,2110.398719,676.980853,613.815799
2020-01-07,22155.51,-0.611,2.0273,0.008045,-1.2221,-1.8331,-1.2418,-1.8686,489.633187,1349.239896,2071.712955,668.573975,602.346302
2020-01-08,22037.6,-0.5322,2.0226,0.008026,-1.0644,-1.5966,-1.0841,-1.632,487.027395,1334.878784,2038.636441,661.325844,592.516037
2020-01-09,22323.92,1.2992,2.018,0.008008,2.5985,3.8977,2.5788,3.8623,493.355021,1369.565183,2118.096417,678.37981,615.400911
2020-01-10,22424.68,0.4514,2.0133,0.007989,0.9027,1.3541,0.883,1.3187,495.5818,1381.928369,2146.776782,684.369994,623.516325
2020-01-13,22590.21,0.7382,1.9993,0.007934,1.4763,2.2145,1.4567,2.1792,499.239987,1402.330052,2194.31672,694.339075,637.104289
2020-01-14,22714.03,0.5481,1.9946,0.007915,1.0962,1.6443,1.0766,1.6091,501.976389,1417.702774,2230.398761,701.814369,647.356223
2020-01-15,22550.04,-0.722,1.9899,0.007897,-1.444,-2.1659,-1.4636,-2.2011,498.352236,1397.231807,2182.089884,691.542921,633.107342
2020-01-16,22503.52,-0.2063,1.9852,0.007878,-0.4126,-0.6189,-0.4322,-0.654,497.324152,1391.466919,2168.585142,688.554226,628.966749
2020-01-17,22547.09,0.1936,1.9806,0.007859,0.3872,0.5808,0.3677,0.5458,498.287042,1396.855073,2181.181206,691.085782,632.399389
2020-01-20,22600.08,0.235,1.9666,0.007804,0.47,0.7051,0.4505,0.6701,499.458112,1403.42083,2196.559792,694.199319,636.637003
2020-01-30,21300.31,-5.7512,1.9198,0.007618,-11.5023,-17.2535,-11.5217,-17.2881,470.733405,1241.994473,1817.575843,614.215941,526.574403
2020-01-31,21437.11,0.6422,1.9152,0.0076,1.2845,1.9267,1.2652,1.8922,473.756663,1257.947747,1852.595668,621.986891,536.538074
2020-02-03,21175.7,-1.2194,1.9011,0.007544,-2.4389,-3.6583,-2.4581,-3.6927,467.979544,1227.268227,1784.822489,606.697797,516.72514
2020-02-04,21550.55,1.7702,1.8965,0.007526,3.5404,5.3106,3.5211,5.2762,476.263669,1270.718172,1879.606705,628.060517,543.988343
2020-02-05,21583.55,0.1531,1.8918,0.007507,0.3063,0.4594,0.287,0.425,476.992963,1274.609831,1888.241337,629.863322,546.300324
2020-02-06,21911.88,1.5212,1.8871,0.007489,3.0424,4.5636,3.0232,4.5293,484.249003,1313.388683,1974.413391,648.905442,571.043752
2020-02-07,21656.63,-1.1649,1.8825,0.00747,-2.3298,-3.4947,-2.349,-3.529,478.60802,1282.789532,1905.413969,633.662895,550.891704
2020-02-10,21584.38,-0.3336,1.8684,0.007414,-0.6672,-1.0008,-0.6864,-1.035,477.011306,1274.230348,1886.343667,629.313731,545.189743
2020-02-11,21752.18,0.7774,1.8638,0.007396,1.5548,2.3322,1.5357,2.2981,480.719659,1294.042439,1930.337768,638.978264,557.718667
2020-02-12,21957.59,0.9443,1.8591,0.007377,1.8886,2.833,1.8696,2.7988,485.259187,1318.48222,1985.023416,650.924312,573.328307
2020-02-13,21990.39,0.1494,1.8544,0.007359,0.2988,0.4481,0.2797,0.4141,485.984062,1322.421288,1993.919032,652.744898,575.702195
2020-02-14,22035.0,0.2029,1.8498,0.00734,0.4057,0.6086,0.3867,0.5745,486.969935,1327.786651,2006.053705,655.268906,579.009825
2020-02-17,21937.67,-0.4417,1.8357,0.007285,-0.8834,-1.3251,-0.9024,-1.3591,484.818958,1316.056814,1979.471104,649.355735,571.140772
2020-02-18,21724.09,-0.9736,1.8311,0.007266,-1.9472,-2.9207,-1.9661,-2.9546,480.098875,1290.431174,1921.656107,636.588587,554.265693
2020-02-19,21928.96,0.9431,1.8264,0.007248,1.8861,2.8292,1.8672,2.7953,484.626469,1314.770112,1976.022898,648.474682,569.759099
2020-02-20,21866.74,-0.2837,1.8217,0.007229,-0.5675,-0.8512,-0.5864,-0.885,483.251417,1307.309202,1959.202929,644.671999,564.716581
2020-02-21,21794.5,-0.3304,1.817,0.007211,-0.6607,-0.9911,-0.6796,-1.0249,481.654924,1298.671425,1939.785381,640.29051,558.928912
2020-02-24,21512.0,-1.2962,1.803,0.007155,-2.5924,-3.8886,-2.6113,-3.9223,475.41172,1265.004703,1864.35497,623.57087,537.006207
2020-02-25,21521.99,0.0464,1.7984,0.007136,0.0929,0.1393,0.074,0.1057,475.632497,1266.179619,1866.952344,624.032535,537.573715
2020-02-26,21323.17,-0.9238,1.7937,0.007118,-1.8476,-2.7714,-1.8664,-2.805,471.238608,1242.785702,1815.211664,612.385449,522.494779
2020-02-27,21059.37,-1.2372,1.789,0.007099,-2.4743,-3.7115,-2.4931,-3.745,465.40867,1212.035408,1747.840888,597.11801,502.927249
2020-03-02,20832.38,-1.0779,1.7703,0.007025,-2.1557,-3.2336,-2.1744,-3.267,460.392228,1185.907379,1691.323185,584.133999,486.496677
2020-03-03,21125.66,1.4078,1.7657,0.007007,2.8156,4.2234,2.7969,4.19,466.873668,1219.297987,1762.754956,600.471665,506.881116
2020-03-04,21246.2,0.5706,1.761,0.006988,1.1412,1.7118,1.1225,1.6784,469.537583,1233.212267,1792.929041,607.211822,515.38869
2020-03-05,21474.61,1.0751,1.7563,0.006969,2.1501,3.2252,2.1314,3.1919,474.585407,1259.727881,1850.754382,620.154237,531.839302
2020-03-06,21114.65,-1.6762,1.7516,0.006951,-3.3524,-5.0286,-3.3711,-5.0619,466.630349,1217.49646,1757.686678,599.248333,504.918111
2020-03-09,20472.79,-3.0399,1.7376,0.006895,-6.0798,-9.1196,-6.0984,-9.1528,452.445347,1143.4756,1597.391986,562.704004,458.70399
2020-03-10,20521.09,0.2359,1.733,0.006877,0.4718,0.7078,0.4533,0.6747,453.512769,1148.871041,1608.697827,565.254531,461.798636
2020-03-11,20316.33,-0.9978,1.7283,0.006858,-1.9956,-2.9934,-2.0142,-3.0265,448.987606,1125.944108,1560.542933,553.869343,447.822348
2020-03-12,19437.49,-4.3258,1.7236,0.00684,-8.6516,-12.9773,-8.6701,-13.0104,429.565385,1028.532349,1358.025911,505.84827,389.558921
2020-03-13,18890.22,-2.8155,1.7189,0.006821,-5.6311,-8.4466,-5.6496,-8.4796,417.470806,970.614902,1243.318687,477.269844,356.525794
2020-03-16,18123.61,-4.0582,1.7049,0.006766,-8.1165,-12.1747,-8.1349,-12.2076,400.528849,891.835185,1091.94821,438.444195,313.00252
2020-03-17,17604.87,-2.8622,1.7002,0.006747,-5.7245,-8.5867,-5.7429,-8.6196,389.064779,840.782378,998.185894,413.264696,286.023083
2020-03-18,17192.79,-2.3407,1.6956,0.006728,-4.6814,-7.0221,-4.6999,-7.055,379.957878,801.421723,928.091805,393.841806,265.844241
2020-03-19,16228.6,-5.6081,1.6909,0.00671,-11.2162,-16.8243,-11.2346,-16.8571,358.649435,711.532553,771.94667,349.595138,221.030598
2020-03-20,17262.09,6.3683,1.6862,0.006691,12.7367,19.105,12.7183,19.0722,381.489396,802.157965,919.42689,394.05753,263.186057
2020-03-23,16618.9,-3.726,1.6722,0.006636,-7.4521,-11.1781,-7.4704,-11.2107,367.275002,742.380733,816.652629,364.619878,233.681017
2020-03-24,17358.42,4.4499,1.6675,0.006617,8.8997,13.3496,8.8814,13.317,383.618274,808.450738,925.672651,397.003312,264.800366
2020-03-25,18029.76,3.8675,1.6629,0.006599,7.735,11.6026,7.7167,11.57,398.454779,870.984691,1033.074318,427.638988,295.437745
2020-03-26,18201.16,0.9507,1.6582,0.00658,1.9013,2.852,1.883,2.8194,402.242692,887.544732,1062.537096,435.691492,303.767394
2020-03-27,18132.19,-0.3789,1.6535,0.006562,-0.7579,-1.1368,-0.7761,-1.1693,400.718466,880.818352,1050.45822,432.309952,300.215491
2020-03-30,18002.36,-0.716,1.6395,0.006506,-1.432,-2.1481,-1.4503,-2.1804,397.849244,868.204691,1027.893766,426.040372,293.669486
2020-03-31,18149.52,0.8174,1.6348,0.006487,1.6349,2.4523,1.6167,2.42,401.101456,882.398941,1053.101268,432.92818,300.776303
2020-04-01,18066.47,-0.4576,1.6302,0.006469,-0.9152,-1.3728,-0.9334,-1.4051,399.266064,874.32344,1038.644678,428.88744,296.550196
2020-04-06,18356.45,1.6051,1.6068,0.006376,3.2101,4.8152,3.1921,4.7831,405.674575,902.390496,1088.657688,442.577798,310.734491
2020-04-07,18688.58,1.8093,1.6021,0.006358,3.6187,5.428,3.6006,5.3959,413.014595,935.045062,1147.75014,458.513296,327.501507
2020-04-08,18952.66,1.4131,1.5975,0.006339,2.8261,4.2392,2.8081,4.2071,418.85072,961.470473,1196.405178,471.38865,341.279898
2020-04-09,18922.57,-0.1588,1.5928,0.006321,-0.3175,-0.4763,-0.3356,-0.5083,418.185736,958.417535,1190.706796,469.806882,339.545178
2020-04-10,18993.95,0.3772,1.5881,0.006302,0.7544,1.1317,0.7364,1.0997,419.763222,965.648249,1204.181601,473.266702,343.279141
2020-04-13,18884.77,-0.5748,1.5741,0.006246,-1.1496,-1.7244,-1.1676,-1.7563,417.350362,954.546874,1183.416166,467.740925,337.250123
2020-04-14,19321.8,2.3142,1.5694,0.006228,4.6284,6.9426,4.6105,6.9108,427.008654,998.726986,1265.575764,489.305894,360.556662
2020-04-15,19535.48,1.1059,1.5648,0.006209,2.2118,3.3177,2.1939,3.2859,431.730948,1020.816851,1307.563813,500.04071,372.404264
2020-04-16,19401.34,-0.6866,1.5601,0.006191,-1.3733,-2.0599,-1.3912,-2.0917,428.766475,1006.798013,1280.628727,493.084177,364.614718
2020-04-17,19815.66,2.1355,1.5554,0.006172,4.271,6.4066,4.2532,6.3749,437.92288,1049.798811,1362.673074,514.055868,387.858389
2020-04-20,19796.34,-0.0975,1.5414,0.006117,-0.195,-0.2925,-0.2128,-0.3241,437.495912,1047.751731,1358.687311,512.961853,386.601362
2020-04-21,19238.56,-2.8176,1.5367,0.006098,-5.6352,-8.4528,-5.653,-8.4843,425.169064,988.709003,1243.840535,483.964184,353.800804
2020-04-22,19274.78,0.1883,1.532,0.00608,0.3765,0.5648,0.3587,0.5333,425.96952,992.431843,1250.865786,485.700403,355.687549
2020-04-23,19385.51,0.5745,1.5274,0.006061,1.149,1.7234,1.1312,1.692,428.416635,1003.834513,1272.423755,491.194623,361.705628
2020-04-24,19349.7,-0.1847,1.5227,0.006042,-0.3695,-0.5542,-0.3872,-0.5856,427.62524,1000.125835,1265.372278,489.292717,359.587383
2020-04-27,19760.92,2.1252,1.5087,0.005987,4.2504,6.3756,4.2327,6.3443,436.713135,1042.635201,1346.047387,510.003052,382.400556
2020-04-28,19852.16,0.4617,1.504,0.005968,0.9234,1.3852,0.9058,1.3539,438.729524,1052.263299,1364.692272,514.622476,387.57771
2020-04-29,20144.18,1.471,1.4993,0.00595,2.9419,4.4129,2.9243,4.3817,445.183119,1083.220326,1424.915055,529.671534,404.560031
2020-04-30,20555.45,2.0416,1.4947,0.005931,4.0833,6.1249,4.0656,6.0937,454.27212,1127.451069,1512.189615,551.205998,429.212577
2020-05-04,20047.43,-2.4715,1.476,0.005857,-4.9429,-7.4144,-4.9605,-7.4455,443.04496,1071.722035,1400.07007,523.863501,397.255712
2020-05-05,20148.65,0.5049,1.4713,0.005839,1.0098,1.5147,0.9923,1.4837,445.281906,1082.54434,1421.277041,529.061591,403.149659
2020-05-06,20149.35,0.0035,1.4666,0.00582,0.0069,0.0104,-0.0106,-0.0206,445.297375,1082.619559,1421.425174,529.005627,403.06668
2020-05-07,20276.39,0.6305,1.462,0.005801,1.261,1.8915,1.2435,1.8605,448.104939,1096.271214,1448.311082,535.583684,410.565766
2020-05-08,20385.8,0.5396,1.4573,0.005783,1.0792,1.6188,1.0617,1.5878,450.522882,1108.102022,1471.756042,541.269959,417.084928
2020-05-11,20594.93,1.0259,1.4433,0.005727,2.0517,3.0776,2.0343,3.0468,455.144621,1130.837198,1517.050561,552.280953,429.79252
2020-05-12,20344.75,-1.2148,1.4386,0.005709,-2.4295,-3.6443,-2.4469,-3.6751,449.615684,1103.363169,1461.764764,538.766941,413.997311
2020-05-13,20454.71,0.5405,1.4339,0.00569,1.081,1.6215,1.0636,1.5907,452.045782,1115.290159,1485.466552,544.497106,420.582786
2020-05-14,20160.38,-1.4389,1.4293,0.005672,-2.8779,-4.3168,-2.8952,-4.3475,445.541137,1083.193556,1421.341854,528.732563,402.297892
2020-05-15,20224.04,0.3158,1.4246,0.005653,0.6315,0.9473,0.6142,0.9166,446.948012,1090.03431,1434.806276,531.979913,405.985484
2020-05-18,20084.97,-0.6876,1.4106,0.005598,-1.3753,-2.0629,-1.3926,-2.0935,443.874588,1075.043134,1405.20707,524.571572,397.486174
2020-05-19,20309.17,1.1163,1.4059,0.005579,2.2325,3.3488,2.2152,3.3182,448.829372,1099.043635,1452.264261,536.192038,410.675758
2020-05-20,20397.73,0.4361,1.4012,0.00556,0.8721,1.3082,0.8549,1.2777,450.786533,1108.628596,1471.262456,540.775684,415.922927
2020-05-21,20585.68,0.9214,1.3966,0.005542,1.8429,2.7643,1.8256,2.7338,454.940198,1129.058982,1511.932243,550.648106,427.29355
2020-05-22,20216.98,-1.7911,1.3919,0.005523,-3.5821,-5.3732,-3.5993,-5.4036,446.791987,1088.614941,1430.693817,530.828456,404.204468
2020-05-25,20329.25,0.5553,1.3779,0.005468,1.1107,1.666,1.0935,1.6357,449.273136,1100.705648,1454.52883,536.63294,410.815941
2020-05-26,20564.92,1.1593,1.3732,0.005449,2.3185,3.4778,2.3014,3.4475,454.481405,1126.225852,1505.114386,548.98288,424.978957
2020-05-27,20597.56,0.1587,1.3685,0.005431,0.3174,0.4762,0.3003,0.4459,455.202744,1129.800873,1512.280998,550.631458,426.874041
2020-05-28,20466.81,-0.6348,1.3639,0.005412,-1.2696,-1.9044,-1.2867,-1.9345,452.31319,1115.457284,1483.481848,543.546558,418.615988
2020-05-29,20463.0,-0.0186,1.3592,0.005394,-0.0372,-0.0558,-0.0543,-0.086,452.22899,1115.041988,1482.653375,543.251244,418.255983
2020-06-01,20719.37,1.2528,1.3452,0.005338,2.5057,3.7585,2.4886,3.7285,457.894725,1142.98152,1538.379493,556.77086,433.850652
2020-06-02,20811.58,0.445,1.3405,0.005319,0.8901,1.3351,0.8731,1.3051,459.932551,1153.155027,1558.91882,561.6318,439.51294
2020-06-03,21171.1,1.7275,1.3358,0.005301,3.455,5.1825,3.438,5.1525,467.877885,1192.996528,1639.709778,580.940658,462.158987
2020-06-04,21307.75,0.6455,1.3311,0.005282,1.2909,1.9364,1.2739,1.9064,470.897828,1208.397048,1671.460562,588.341389,470.969754
2020-06-05,21468.9,0.7563,1.3265,0.005264,1.5126,2.2689,1.4956,2.239,474.459217,1226.675203,1709.38421,597.14077,481.514767
2020-06-08,21714.0,1.1417,1.3125,0.005208,2.2833,3.425,2.2664,3.3952,479.875887,1254.683913,1767.929836,610.674299,497.863025
2020-06-09,21764.92,0.2345,1.3078,0.00519,0.469,0.7035,0.4521,0.6738,481.001211,1260.568458,1780.367387,613.43522,501.217452
2020-06-10,21921.72,0.7204,1.3031,0.005171,1.4409,2.1613,1.424,2.1316,484.466466,1278.731367,1818.84604,622.170373,511.901247
2020-06-11,21583.83,-1.5413,1.2984,0.005153,-3.0827,-4.624,-3.0996,-4.6537,476.999151,1239.311966,1734.741797,602.88586,488.078825
2020-06-12,21387.58,-0.9092,1.2938,0.005134,-1.8185,-2.7277,-1.8353,-2.7574,472.662058,1216.77519,1687.422613,591.820907,474.620688
2020-06-15,21158.29,-1.0721,1.2798,0.005078,-2.1441,-3.2162,-2.1609,-3.2457,467.594786,1190.685807,1633.151517,579.032093,459.215762
2020-06-16,21545.48,1.83,1.2751,0.00506,3.6599,5.4899,3.6432,5.4604,476.151623,1234.264152,1722.809983,600.127219,484.290872
2020-06-17,21607.63,0.2885,1.2704,0.005041,0.5769,0.8654,0.5602,0.8359,477.525128,1241.384858,1737.718814,603.488961,488.339209
2020-06-18,21674.97,0.3116,1.2657,0.005023,0.6233,0.9349,0.6066,0.9055,479.013331,1249.12239,1753.965573,607.149539,492.761301
2020-06-19,21678.39,0.0158,1.2611,0.005004,0.0316,0.0473,0.0148,0.018,479.088912,1249.516577,1754.795825,607.23968,492.849812
2020-06-22,21726.25,0.2208,1.247,0.004949,0.4415,0.6623,0.4249,0.6331,480.14661,1255.033764,1766.418163,609.819785,495.969828
2020-06-23,21811.11,0.3906,1.2424,0.00493,0.7812,1.1718,0.7645,1.1425,482.022003,1264.837772,1787.116385,614.482092,501.636467
2020-06-24,21909.4,0.4506,1.2377,0.004912,0.9013,1.3519,0.8847,1.3227,484.194196,1276.23755,1811.27687,619.918205,508.271801
2020-06-29,21695.37,-0.9769,1.2143,0.004819,-1.9538,-2.9307,-1.9703,-2.9597,479.464167,1251.302762,1758.194505,607.703967,493.228671
2020-06-30,21851.5,0.7196,1.2097,0.0048,1.4393,2.1589,1.4228,2.13,482.914615,1269.312678,1796.152868,616.350297,503.734315
2020-07-01,22054.55,0.9292,1.205,0.004782,1.8585,2.7877,1.842,2.7588,487.401987,1292.902266,1846.223871,627.703258,517.631095
2020-07-02,22301.84,1.1213,1.2003,0.004763,2.2425,3.3638,2.2261,3.3349,492.867056,1321.895993,1908.32707,641.676314,534.893596
2020-07-03,22502.26,0.8987,1.1957,0.004745,1.7973,2.696,1.7809,2.6672,497.296306,1345.654965,1959.775772,653.10386,549.160044
2020-07-06,22916.04,1.8388,1.1816,0.004689,3.6777,5.5165,3.6613,5.4878,506.440777,1395.143782,2067.887049,677.015819,579.296681
2020-07-07,22893.68,-0.0976,1.177,0.004671,-0.1951,-0.2927,-0.2115,-0.3214,505.946624,1392.421198,2061.833915,675.583768,577.434666
2020-07-08,23052.12,0.6921,1.1723,0.004652,1.3841,2.0762,1.3678,2.0475,509.448123,1411.694222,2104.641838,684.824262,589.257855
2020-07-09,23105.57,0.2319,1.1676,0.004633,0.4637,0.6956,0.4474,0.667,510.629359,1418.240696,2119.281677,687.888111,593.188003
2020-07-10,22883.01,-0.9632,1.163,0.004615,-1.9265,-2.8897,-1.9428,-2.9183,505.710819,1390.918829,2058.040946,674.523937,575.877071
2020-07-13,23170.84,1.2578,1.1489,0.004559,2.5157,3.7735,2.4994,3.745,512.071816,1425.909695,2135.701087,691.382988,597.443752
2020-07-14,23182.75,0.0514,1.1443,0.004541,0.1028,0.1542,0.0866,0.1258,512.335025,1427.375554,2138.99439,691.981411,598.195073
2020-07-15,23189.68,0.0299,1.1396,0.004522,0.0598,0.0897,0.0436,0.0613,512.488177,1428.228922,2140.912613,692.282819,598.561583
2020-07-16,23124.32,-0.2818,1.1349,0.004504,-0.5637,-0.8455,-0.5799,-0.8739,511.043731,1420.17801,2122.810158,688.268209,593.330628
2020-07-17,23184.28,0.2593,1.1302,0.004485,0.5186,0.7779,0.5024,0.7495,512.368837,1427.542885,2139.323123,691.726046,597.77792
2020-07-20,23172.59,-0.0504,1.1162,0.004429,-0.1008,-0.1513,-0.117,-0.1795,512.11049,1426.103291,2136.087048,690.916865,596.704966
2020-07-21,23599.11,1.8406,1.1116,0.004411,3.6812,5.5219,3.6651,5.4937,521.536513,1478.601659,2254.038971,716.239856,629.486038
2020-07-22,23746.09,0.6228,1.1069,0.004392,1.2456,1.8685,1.2295,1.8403,524.784748,1497.019716,2296.154794,725.046322,641.070535
2020-07-23,23689.48,-0.2384,1.1022,0.004374,-0.4768,-0.7152,-0.4929,-0.7433,523.533676,1489.882011,2279.732892,721.472753,636.305431
2020-07-24,23489.96,-0.8422,1.0975,0.004355,-1.6845,-2.5267,-1.7005,-2.5548,519.124316,1464.785533,2222.131082,709.203947,620.049311
2020-07-27,24040.46,2.3436,1.0835,0.0043,4.6871,7.0307,4.6711,7.0027,531.290277,1533.441626,2378.361637,742.331593,663.469496
2020-07-28,24046.28,0.0242,1.0789,0.004281,0.0484,0.0726,0.0324,0.0447,531.418898,1534.184093,2380.088983,742.572338,663.766068
2020-07-29,23962.29,-0.3493,1.0742,0.004263,-0.6986,-1.0479,-0.7145,-1.0757,529.562733,1523.46675,2355.149116,737.266372,656.62564
2020-07-30,24319.37,1.4902,1.0695,0.004244,2.9803,4.4705,2.9644,4.4427,537.454143,1568.871384,2460.43663,759.12189,685.797357
2020-07-31,24215.43,-0.4274,1.0648,0.004226,-0.8548,-1.2822,-0.8707,-1.31,535.157086,1555.460799,2428.889211,752.512035,676.813385
2020-08-03,23936.23,-1.153,1.0508,0.00417,-2.306,-3.459,-2.3218,-3.4867,528.986811,1519.592375,2344.87511,735.039879,653.215227
2020-08-04,24316.14,1.5872,1.0461,0.004151,3.1744,4.7615,3.1585,4.7339,537.38276,1567.829573,2456.526966,758.256066,684.137514
2020-08-05,24503.19,0.7692,1.0415,0.004133,1.5385,2.3077,1.5226,2.2801,541.516535,1591.950385,2513.216889,769.801615,699.736504
2020-08-06,24727.43,0.9151,1.0368,0.004114,1.8303,2.7454,1.8145,2.7178,546.472203,1621.087731,2582.215712,783.769447,718.754256
2020-08-07,24573.63,-0.622,1.0321,0.004096,-1.244,-1.8659,-1.2598,-1.8935,543.073248,1600.922004,2534.033012,773.895795,705.14464
2020-08-10,24698.5,0.5081,1.0181,0.00404,1.0163,1.5244,1.0005,1.497,545.832855,1617.192057,2572.6628,781.63898,715.70061
2020-08-11,24495.14,-0.8234,1.0134,0.004022,-1.6467,-2.4701,-1.6625,-2.4975,541.338631,1590.561114,2509.115211,768.644485,697.82586
2020-08-12,24306.81,-0.7688,1.0088,0.004003,-1.5377,-2.3065,-1.5534,-2.3339,537.176569,1566.103171,2451.241486,756.704345,681.53923
2020-08-13,24511.76,0.8432,1.0041,0.003985,1.6864,2.5295,1.6707,2.5022,541.705931,1592.513287,2513.246571,769.346361,698.592731
2020-08-14,24574.0,0.2539,0.9994,0.003966,0.5078,0.7618,0.4922,0.7345,543.081425,1600.600673,2532.391398,773.132819,703.723614
2020-08-17,24882.56,1.2556,0.9854,0.00391,2.5113,3.7669,2.4957,3.7397,549.900551,1640.796111,2627.784255,792.427549,730.040923
2020-08-18,24724.04,-0.6371,0.9807,0.003892,-1.2741,-1.9112,-1.2897,-1.9384,546.397284,1619.889982,2577.561565,782.207266,715.890052
2020-08-19,24544.98,-0.7242,0.9761,0.003873,-1.4485,-2.1727,-1.464,-2.1998,542.440087,1596.426381,2521.558804,770.755373,700.141797
2020-08-20,23747.14,-3.2505,0.9714,0.003855,-6.501,-9.7516,-6.5166,-9.7786,524.807952,1492.641997,2275.667325,720.528287,631.677445
2020-08-21,24220.29,1.9925,0.9667,0.003836,3.9849,5.9774,3.9694,5.9503,535.264491,1552.122301,2411.691957,749.128637,669.264236
2020-08-24,24299.76,0.3281,0.9527,0.003781,0.6562,0.9843,0.6407,0.9574,537.020765,1562.307742,2435.431205,753.928602,675.671864
2020-08-25,24516.25,0.8909,0.948,0.003762,1.7818,2.6727,1.7664,2.6459,541.805159,1590.145383,2500.524009,767.245695,693.54915
2020-08-26,24662.81,0.5978,0.9434,0.003743,1.1956,1.7934,1.1802,1.7666,545.044111,1609.157402,2545.368975,776.300462,705.801186
2020-08-27,24598.19,-0.262,0.9387,0.003725,-0.524,-0.786,-0.5395,-0.8129,543.61602,1600.724969,2525.36131,772.112638,700.064033
2020-08-28,24470.55,-0.5189,0.934,0.003706,-1.0378,-1.5567,-1.0532,-1.5835,540.795196,1584.112646,2486.049013,763.98065,688.978674
2020-08-31,24206.96,-1.0772,0.92,0.003651,-2.1543,-3.2315,-2.1697,-3.2582,534.9699,1549.985399,2405.711915,747.404548,666.530483
2020-09-01,24423.75,0.8956,0.9153,0.003632,1.7911,2.6867,1.7758,2.6601,539.760924,1577.747773,2470.346337,760.676951,684.260707
2020-09-02,24417.13,-0.0271,0.9107,0.003614,-0.0542,-0.0813,-0.0695,-0.1079,539.614623,1576.892483,2468.337592,760.148056,683.522343
2020-09-03,24536.35,0.4883,0.906,0.003595,0.9765,1.4648,0.9612,1.4382,542.249366,1592.291273,2504.493587,767.454797,693.353007
2020-09-04,24305.53,-0.9407,0.9013,0.003577,-1.8815,-2.8222,-1.8967,-2.8487,537.148281,1562.333054,2433.812266,752.898202,673.60147
2020-09-07,24236.75,-0.283,0.8873,0.003521,-0.566,-0.8489,-0.5812,-0.8753,535.628254,1553.490846,2413.150597,748.52244,667.705102
2020-09-08,24363.05,0.5211,0.8826,0.003502,1.0422,1.5633,1.027,1.537,538.419464,1569.681622,2450.876066,756.209841,677.967452
2020-09-09,24257.5,-0.4332,0.878,0.003484,-0.8665,-1.2997,-0.8817,-1.326,536.086826,1556.080707,2419.021683,749.542593,668.977284
2020-09-10,24417.82,0.6609,0.8733,0.003465,1.3218,1.9827,1.3066,1.9564,539.629872,1576.649261,2466.984279,759.336463,682.065364
2020-09-11,24387.76,-0.1231,0.8686,0.003447,-0.2462,-0.3693,-0.2614,-0.3956,538.965551,1572.767336,2457.873202,757.35181,679.367255
2020-09-14,24603.01,0.8826,0.8546,0.003391,1.7652,2.6478,1.7501,2.6217,543.722541,1600.530293,2522.953866,770.606467,697.178207
2020-09-15,24714.31,0.4524,0.8499,0.003373,0.9048,1.3572,0.8897,1.331,546.182253,1615.011369,2557.19416,777.462463,706.457931
2020-09-16,24968.41,1.0281,0.8452,0.003354,2.0563,3.0844,2.0412,3.0584,551.797822,1648.220824,2636.06948,793.332323,728.06406
2020-09-17,24809.79,-0.6353,0.8406,0.003336,-1.2706,-1.9058,-1.2856,-1.9319,548.292346,1627.279099,2585.829997,783.133183,713.998703
2020-09-18,24815.36,0.0225,0.8359,0.003317,0.0449,0.0674,0.0299,0.0414,548.415442,1628.009774,2587.571616,783.36717,714.293965
2020-09-21,24660.21,-0.6252,0.8219,0.003261,-1.2504,-1.8757,-1.2654,-1.9015,544.986652,1607.652567,2539.037756,773.454418,700.711374
2020-09-22,24371.86,-1.1693,0.8172,0.003243,-2.3386,-3.5079,-2.3535,-3.5337,538.614163,1570.056243,2449.971418,755.250902,675.950136
2020-09-23,24253.82,-0.4843,0.8125,0.003224,-0.9687,-1.453,-0.9836,-1.4788,536.005498,1554.847766,2414.373647,747.822339,665.954178
2020-09-24,23639.22,-2.534,0.8079,0.003206,-5.0681,-7.6021,-5.083,-7.6279,522.422938,1476.047029,2230.830514,709.81068,615.156005
2020-09-25,23578.57,-0.2566,0.8032,0.003187,-0.5131,-0.7697,-0.528,-0.7954,521.082583,1468.472985,2213.659913,706.06271,610.262838
2020-09-28,24021.6,1.879,0.7892,0.003132,3.7579,5.6369,3.7431,5.6112,530.873474,1523.656788,2338.440731,732.491102,644.506074
2020-09-29,24031.3,0.0404,0.7845,0.003113,0.0808,0.1211,0.0659,0.0955,531.087842,1524.887304,2341.273541,732.974115,645.121897
2020-09-30,24123.59,0.384,0.7798,0.003095,0.7681,1.1521,0.7533,1.1266,533.127437,1536.599683,2368.247878,738.495468,652.389635
2020-10-05,24186.55,0.261,0.7565,0.003002,0.522,0.783,0.5073,0.7576,534.518842,1544.620406,2386.790502,742.241637,657.332134
2020-10-06,24487.21,1.2431,0.7518,0.002983,2.4862,3.7293,2.4715,3.7039,541.16338,1583.022375,2475.800192,760.586032,681.679262
2020-10-07,24568.43,0.3317,0.7471,0.002965,0.6634,0.9951,0.6487,0.9698,542.958329,1593.523618,2500.435643,765.519919,688.289884
2020-10-08,24839.86,1.1048,0.7425,0.002946,2.2096,3.3144,2.1949,3.2891,548.956888,1628.733855,2583.309467,782.322553,710.928549
2020-10-12,24972.31,0.5332,0.7238,0.002872,1.0664,1.5996,1.0519,1.5745,551.884011,1646.10318,2624.633292,790.551434,722.122385
2020-10-13,24955.39,-0.0678,0.7191,0.002854,-0.1355,-0.2033,-0.1501,-0.2283,551.510082,1643.872544,2619.298327,789.365053,720.473509
2020-10-14,24901.9,-0.2143,0.7144,0.002835,-0.4287,-0.643,-0.4432,-0.6681,550.327962,1636.82551,2602.455521,785.86638,715.660296
2020-10-15,24725.56,-0.7081,0.7098,0.002816,-1.4163,-2.1244,-1.4308,-2.1494,546.430876,1613.643519,2547.168534,774.622201,700.277791
2020-10-16,24576.27,-0.6038,0.7051,0.002798,-1.2076,-1.8114,-1.2221,-1.8363,543.131591,1594.157542,2501.030029,765.155694,687.418412
2020-10-19,24880.77,1.239,0.6911,0.002742,2.478,3.717,2.4636,3.6922,549.860992,1633.660768,2593.99332,784.005698,712.798934
2020-10-20,24792.15,-0.3562,0.6864,0.002724,-0.7124,-1.0685,-0.7268,-1.0933,547.902504,1622.023265,2566.275565,778.307642,705.005556
2020-10-21,24821.34,0.1177,0.6817,0.002705,0.2355,0.3532,0.2211,0.3284,548.547599,1625.842769,2575.340078,780.028217,707.321084
2020-10-22,24898.0,0.3088,0.677,0.002687,0.6177,0.9265,0.6033,0.9018,550.241772,1635.885507,2599.201671,784.734137,713.699727
2020-10-23,24862.9,-0.141,0.6724,0.002668,-0.282,-0.4229,-0.2963,-0.4476,549.466068,1631.273122,2588.208983,782.408775,710.505014
2020-10-26,24882.59,0.0792,0.6584,0.002613,0.1584,0.2376,0.1441,0.213,549.901214,1633.856873,2594.358125,783.535989,712.018339
2020-10-27,24817.02,-0.2635,0.6537,0.002594,-0.527,-0.7906,-0.5413,-0.8151,548.452127,1625.245872,2573.848356,779.29443,706.214636
2020-10-28,24660.38,-0.6312,0.649,0.002575,-1.2624,-1.8935,-1.2766,-1.9181,544.990409,1604.729427,2525.111528,769.345636,692.669049
2020-10-29,24408.3,-1.0222,0.6443,0.002557,-2.0444,-3.0666,-2.0587,-3.0911,539.419481,1571.922131,2447.675968,753.5073,671.257968
2020-10-30,24183.76,-0.9199,0.6397,0.002538,-1.8399,-2.7598,-1.8541,-2.7842,534.457184,1543.000871,2380.125033,739.536441,652.56853
2020-11-02,24270.44,0.3584,0.6257,0.002483,0.7168,1.0753,0.7027,1.0509,536.372798,1554.061791,2405.717733,744.732835,659.42661
2020-11-03,24549.37,1.1493,0.621,0.002464,2.2985,3.4478,2.2843,3.4235,542.537106,1589.782153,2488.661452,761.745107,682.001954
2020-11-04,24803.58,1.0355,0.6163,0.002446,2.071,3.1065,2.0569,3.0823,548.155106,1622.706707,2565.972107,777.413125,703.023021
2020-11-05,24901.7,0.3956,0.6116,0.002427,0.7912,1.1868,0.777,1.1625,550.323542,1635.545175,2596.424144,783.453956,711.195979
2020-11-06,25007.2,0.4237,0.607,0.002409,0.8473,1.271,0.8332,1.2468,552.655075,1649.403667,2629.424632,789.981826,720.063279
2020-11-09,25303.93,1.1866,0.593,0.002353,2.3732,3.5597,2.3591,3.5357,559.21276,1688.546598,2723.025176,808.618265,745.522295
2020-11-10,25215.74,-0.3485,0.5883,0.002334,-0.697,-1.0456,-0.7111,-1.0696,557.263775,1676.776654,2694.554074,802.868288,737.548168
2020-11-11,25563.6,1.3795,0.5836,0.002316,2.7591,4.1386,2.745,4.1146,564.951425,1723.040101,2806.071036,824.907409,767.895388
2020-11-12,25485.71,-0.3047,0.5789,0.002297,-0.6094,-0.9141,-0.6234,-0.938,563.230068,1712.540203,2780.421495,819.765053,760.692277
2020-11-13,25585.09,0.3899,0.5743,0.002279,0.7799,1.1698,0.7659,1.1459,565.42635,1725.896099,2812.947756,826.043657,769.409121
2020-11-16,26122.1,2.0989,0.5602,0.002223,4.1978,6.2968,4.1839,6.2729,577.294184,1798.346379,2990.072137,860.604547,817.673707
2020-11-17,26201.49,0.3039,0.5556,0.002205,0.6078,0.9118,0.5939,0.888,579.04869,1809.277408,3017.334321,865.715908,824.934505
2020-11-18,26548.99,1.3263,0.5509,0.002186,2.6525,3.9788,2.6386,3.955,586.728384,1857.26887,3137.387456,888.558935,857.561028
2020-11-19,26451.27,-0.3681,0.5462,0.002168,-0.7361,-1.1042,-0.75,-1.1279,584.568788,1843.596612,3102.743708,881.894543,847.8884
2020-11-20,26439.72,-0.0437,0.5416,0.002149,-0.0873,-0.131,-0.1012,-0.1547,584.313535,1841.986592,3098.679251,881.002191,846.577066
2020-11-23,26751.16,1.1779,0.5275,0.002093,2.3558,3.5338,2.342,3.5102,591.196308,1885.381023,3208.179578,901.6357,876.293803
2020-11-24,26614.53,-0.5107,0.5229,0.002075,-1.0215,-1.5322,-1.0353,-1.5557,588.176808,1866.122074,3159.022804,892.30134,862.660884
2020-11-25,26482.87,-0.4947,0.5182,0.002056,-0.9894,-1.4841,-1.0031,-1.5076,585.267143,1847.658954,3112.140487,883.350245,849.655803
2020-11-26,26688.81,0.7776,0.5135,0.002038,1.5553,2.3329,1.5415,2.3095,589.818384,1876.39503,3184.743745,896.967313,869.278294
2020-11-27,26730.12,0.1548,0.5089,0.002019,0.3096,0.4644,0.2958,0.4409,590.731328,1882.203748,3199.532164,899.620922,873.111362
2020-11-30,26452.16,-1.0399,0.4948,0.001964,-2.0798,-3.1196,-2.0934,-3.1429,584.588457,1843.058592,3099.718699,880.788067,845.670178
2020-12-01,26765.95,1.1863,0.4902,0.001945,2.3725,3.5588,2.3589,3.5355,591.523165,1886.785332,3210.030379,901.564607,875.568922
2020-12-02,26965.4,0.7452,0.4855,0.001927,1.4903,2.2355,1.4767,2.2123,595.930978,1914.90459,3281.79027,914.877952,894.938882
2020-12-03,26942.18,-0.0861,0.4808,0.001908,-0.1722,-0.2583,-0.1858,-0.2815,595.41782,1911.606728,3273.312387,913.177788,892.419521
2020-12-04,27241.63,1.1115,0.4761,0.001889,2.2229,3.3344,2.2093,3.3112,602.035616,1954.099996,3382.456494,933.35274,921.969482
2020-12-07,27480.95,0.8785,0.4621,0.001834,1.757,2.6355,1.7435,2.6125,607.324549,1988.43386,3471.601985,949.625526,946.055864
2020-12-08,27681.03,0.7281,0.4575,0.001815,1.4561,2.1842,1.4426,2.1612,611.746285,2017.388161,3547.428853,963.32496,966.502102
2020-12-09,27738.37,0.2071,0.4528,0.001797,0.4143,0.6214,0.4008,0.5985,613.01349,2025.746017,3569.473868,967.185849,972.286402
2020-12-10,27467.25,-0.9774,0.4481,0.001778,-1.9548,-2.9323,-1.9683,-2.9552,607.021782,1986.145979,3464.807758,948.148519,943.553613
2020-12-11,27490.76,0.0856,0.4434,0.00176,0.1712,0.2568,0.1577,0.2339,607.541349,1989.545976,3473.704641,949.643935,945.760529
2020-12-14,27393.15,-0.3551,0.4294,0.001704,-0.7101,-1.0652,-0.7235,-1.088,605.384184,1975.417623,3436.702938,942.772882,935.470962
2020-12-15,27118.44,-1.0028,0.4248,0.001686,-2.0057,-3.0085,-2.0191,-3.0313,599.313137,1935.79699,3333.308842,923.737583,907.114386
2020-12-16,27573.25,1.6771,0.4201,0.001667,3.3542,5.0314,3.3409,5.0087,609.364364,2000.728441,3501.020059,954.598507,952.548793
2020-12-17,27526.93,-0.168,0.4154,0.001648,-0.336,-0.504,-0.3493,-0.5266,608.3407,1994.006437,3483.376083,951.263783,947.532398
2020-12-18,27509.63,-0.0628,0.4107,0.00163,-0.1257,-0.1885,-0.139,-0.2112,607.958373,1991.500069,3476.808434,949.941228,945.531517
2020-12-21,27770.36,0.9478,0.3967,0.001574,1.8956,2.8433,1.8823,2.8208,613.720464,2029.250036,3575.665627,967.821723,972.203239
2020-12-22,27369.78,-1.4425,0.392,0.001556,-2.8849,-4.3274,-2.8982,-4.3499,604.86771,1970.707261,3420.931572,939.772231,929.913408
2020-12-23,27457.87,0.3219,0.3874,0.001537,0.6437,0.9656,0.6305,0.9431,606.814485,1983.392755,3453.962513,945.697111,938.683556
2020-12-24,27568.27,0.4021,0.3827,0.001519,0.8041,1.2062,0.7909,1.1838,609.254307,1999.34203,3495.624608,953.176781,949.795777
2020-12-25,27667.0,0.3581,0.378,0.0015,0.7163,1.0744,0.7031,1.052,611.436224,2013.662482,3533.181155,959.878107,959.787838
2020-12-28,27959.77,1.0582,0.364,0.001445,2.1164,3.1746,2.1032,3.1523,617.906394,2056.279316,3645.344684,980.066582,990.043442
2020-12-29,27938.5,-0.0761,0.3593,0.001426,-0.1521,-0.2282,-0.1653,-0.2504,617.43633,2053.150745,3637.02525,978.446733,987.563999
2020-12-30,28354.81,1.4901,0.3547,0.001407,2.9802,4.4703,2.9671,4.4481,626.636714,2114.33851,3799.61057,1007.47798,1031.491863
2020-12-31,28441.36,0.3052,0.35,0.001389,0.6105,0.9157,0.5974,0.8936,628.549455,2127.24609,3834.404275,1013.496484,1040.709014
2021-01-04,28768.57,1.1505,0.3467,0.001376,2.3009,3.4514,2.2879,3.4293,635.780743,2176.192849,3966.745564,1036.683892,1076.398053
2021-01-05,28957.76,0.6576,0.3459,0.001373,1.3153,1.9729,1.3022,1.9508,639.961811,2204.81533,4045.004782,1050.183339,1097.396125
2021-01-06,28925.14,-0.1126,0.3451,0.001369,-0.2253,-0.3379,-0.2384,-0.36,639.240915,2199.848021,4031.335072,1047.680024,1093.445014
2021-01-07,29370.83,1.5408,0.3442,0.001366,3.0817,4.6225,3.0686,4.6004,649.090592,2267.640278,4217.684289,1079.829204,1143.748093
2021-01-08,29853.37,1.6429,0.3434,0.001363,3.2858,4.9288,3.2728,4.9067,659.754648,2342.151427,4425.564153,1115.169595,1199.868119
2021-01-11,30033.59,0.6037,0.341,0.001353,1.2074,1.8111,1.1943,1.789,663.73748,2370.429811,4505.713413,1128.488161,1221.333528
2021-01-12,29924.31,-0.3639,0.3401,0.00135,-0.7277,-1.0916,-0.7408,-1.1136,661.32241,2353.179754,4456.530046,1120.128607,1207.73224
2021-01-13,30444.28,1.7376,0.3393,0.001346,3.4752,5.2129,3.4622,5.1908,672.813663,2434.958272,4688.842362,1158.909496,1270.423132
2021-01-14,30323.05,-0.3982,0.3385,0.001343,-0.7964,-1.1946,-0.8095,-1.2167,670.1345,2415.566125,4632.829046,1149.528641,1254.9664
2021-01-15,30147.77,-0.578,0.3377,0.00134,-1.1561,-1.7341,-1.1691,-1.7562,666.26084,2387.640145,4552.489937,1136.089151,1232.92704
2021-01-18,30139.29,-0.0281,0.3352,0.00133,-0.0563,-0.0844,-0.0693,-0.1064,666.073433,2386.296949,4548.648348,1135.301923,1231.615085
2021-01-19,30651.59,1.6998,0.3344,0.001327,3.3995,5.0993,3.3865,5.0773,677.39518,2467.420288,4780.598658,1173.749104,1294.147938
2021-01-20,30514.16,-0.4484,0.3336,0.001324,-0.8967,-1.3451,-0.9098,-1.3671,674.358,2445.294352,4716.295533,1163.070881,1276.455673
2021-01-21,31185.18,2.199,0.3327,0.00132,4.3981,6.5971,4.3851,6.5751,689.187433,2552.84058,5027.435865,1214.072266,1360.384268
2021-01-22,30925.07,-0.8341,0.3319,0.001317,-1.6682,-2.5022,-1.6812,-2.5242,683.439044,2510.255009,4901.637039,1193.661433,1326.044827
2021-01-25,30785.12,-0.4525,0.3295,0.001307,-0.9051,-1.3576,-0.9181,-1.3796,680.346172,2487.534918,4835.090632,1182.702372,1307.750499
2021-01-26,30229.73,-1.8041,0.3286,0.001304,-3.6082,-5.4123,-3.6212,-5.4342,668.072143,2397.780386,4573.403071,1139.874565,1236.684318
2021-01-27,30311.98,0.2721,0.3278,0.001301,0.5442,0.8162,0.5312,0.7943,669.889854,2410.828299,4610.733448,1145.929112,1246.507087
2021-01-28,29760.67,-1.8188,0.327,0.001298,-3.6376,-5.4564,-3.6506,-5.4783,657.705993,2323.132692,4359.155346,1104.096104,1178.219468
2021-01-29,29224.82,-1.8005,0.3262,0.001294,-3.6011,-5.4016,-3.6141,-5.4235,645.863794,2239.475257,4123.691556,1064.193386,1114.318196
2021-02-01,29749.49,1.7953,0.3237,0.001285,3.5906,5.3859,3.5776,5.3639,657.458916,2319.885366,4345.788107,1102.265833,1174.089479
2021-02-02,30425.11,2.271,0.3229,0.001281,4.5421,6.8131,4.5291,6.7912,672.390009,2425.255976,4641.870631,1152.188262,1253.823821
2021-02-03,30446.86,0.0715,0.3221,0.001278,0.143,0.2145,0.13,0.1925,672.870681,2428.723462,4651.825634,1153.685988,1256.237932
2021-02-04,30321.18,-0.4128,0.3212,0.001275,-0.8256,-1.2384,-0.8386,-1.2603,670.093173,2408.672661,4594.219551,1144.011747,1240.405957
2021-02-05,30506.87,0.6124,0.3204,0.001271,1.2248,1.8372,1.2118,1.8153,674.196892,2438.174575,4678.625959,1157.875368,1262.923326
2021-02-17,31587.75,3.5431,0.3105,0.001232,7.0861,10.6292,7.0732,10.6074,698.084165,2610.947077,5175.927048,1239.774242,1396.886436
2021-02-18,31707.86,0.3802,0.3097,0.001229,0.7605,1.1407,0.7475,1.1189,700.738577,2630.80293,5234.970247,1249.042165,1412.516251
2021-02-19,31547.37,-0.5062,0.3089,0.001226,-1.0123,-1.5185,-1.0252,-1.5403,697.191774,2604.171201,5155.479511,1236.236531,1390.759645
2021-02-22,31680.15,0.4209,0.3064,0.001216,0.8418,1.2627,0.8289,1.2409,700.12619,2626.092639,5220.576339,1246.483193,1408.01724
2021-02-23,31744.32,0.2026,0.3056,0.001213,0.4051,0.6077,0.3922,0.5859,701.544337,2636.731248,5252.300088,1251.371808,1416.266489
2021-02-24,31298.62,-1.404,0.3048,0.00121,-2.8081,-4.2121,-2.821,-4.2339,691.694439,2562.690215,5031.068371,1216.070894,1356.303519
2021-02-25,31761.28,1.4782,0.304,0.001206,2.9564,4.4346,2.9435,4.4129,701.91915,2638.454211,5254.177961,1251.866083,1416.155279
2021-02-26,30799.13,-3.0293,0.3032,0.001203,-6.0586,-9.088,-6.0715,-9.1097,680.655791,2478.599903,4776.68077,1175.85848,1287.14745
2021-03-02,30785.79,-0.0433,0.2999,0.00119,-0.0866,-0.1299,-0.0995,-0.1517,680.360979,2476.452795,4770.474011,1174.688241,1285.195058
2021-03-03,31297.08,1.6608,0.299,0.001187,3.3216,4.9824,3.3087,4.9607,691.660405,2558.710587,5008.157922,1213.555202,1348.949185
2021-03-04,30707.89,-1.8826,0.2982,0.001183,-3.7651,-5.6477,-3.778,-5.6694,678.639401,2462.371459,4725.311417,1167.706682,1272.471222
2021-03-05,30609.1,-0.3217,0.2974,0.00118,-0.6434,-0.9651,-0.6563,-0.9869,676.456158,2446.528125,4679.706182,1160.042974,1259.913815
2021-03-08,30541.29,-0.2215,0.2949,0.00117,-0.4431,-0.6646,-0.4559,-0.6863,674.957568,2435.688272,4648.604561,1154.753786,1251.266875
2021-03-09,30604.96,0.2085,0.2941,0.001167,0.4169,0.6254,0.4041,0.6037,676.364665,2445.843722,4677.67766,1159.419803,1258.820977
2021-03-10,30718.05,0.3695,0.2933,0.001164,0.739,1.1085,0.7262,1.0869,678.863936,2463.919254,4729.53186,1167.83905,1272.502511
2021-03-11,31235.22,1.6836,0.2925,0.001161,3.3672,5.0508,3.3543,5.0291,690.293309,2546.88449,4968.411475,1207.012331,1336.498223
2021-03-12,31381.23,0.4675,0.2916,0.001157,0.9349,1.4024,0.922,1.3807,693.520106,2570.69547,5038.086454,1218.141497,1354.950981
2021-03-15,31369.93,-0.036,0.2892,0.001148,-0.072,-0.108,-0.0849,-0.1297,693.270378,2568.844117,5032.643992,1217.107643,1353.193792
2021-03-16,31493.15,0.3928,0.2884,0.001144,0.7856,1.1784,0.7727,1.1567,695.99352,2589.024779,5091.948147,1226.512751,1368.846672
2021-03-17,31346.38,-0.466,0.2875,0.001141,-0.9321,-1.3981,-0.9449,-1.4198,692.749927,2564.893108,5020.75693,1214.923149,1349.412326
2021-03-18,31485.6,0.4441,0.2867,0.001138,0.8883,1.3324,0.8754,1.3108,695.826667,2587.676244,5087.653628,1225.558882,1367.099911
2021-03-19,31064.96,-1.336,0.2859,0.001134,-2.672,-4.0079,-2.6848,-4.0296,686.530591,2518.534787,4883.744163,1192.655169,1312.011779
2021-03-22,31295.16,0.741,0.2834,0.001125,1.4821,2.2231,1.4692,2.2015,691.617973,2555.860874,4992.313873,1210.177953,1340.895312
2021-03-23,31272.68,-0.0718,0.2826,0.001121,-0.1437,-0.2155,-0.1565,-0.2371,691.121169,2552.189012,4981.555608,1208.284119,1337.715989
2021-03-24,30991.46,-0.8993,0.2818,0.001118,-1.7985,-2.6978,-1.8113,-2.7194,684.906252,2506.287824,4847.165488,1186.398139,1301.338735
2021-03-25,31046.61,0.178,0.281,0.001115,0.3559,0.5339,0.3431,0.5123,686.125059,2515.207815,4873.042408,1190.468472,1308.004997
2021-03-26,31521.77,1.5305,0.2801,0.001112,3.0609,4.5914,3.0481,4.5698,696.626018,2592.19697,5096.784211,1226.755477,1367.778612
2021-03-29,31850.6,1.0432,0.2777,0.001102,2.0864,3.1296,2.0736,3.108,703.893108,2646.279728,5256.290693,1252.19298,1410.288933
2021-03-30,32003.18,0.479,0.2768,0.001099,0.9581,1.4371,0.9453,1.4156,707.265101,2671.633685,5331.831327,1264.029875,1430.25277
2021-03-31,31765.32,-0.7432,0.276,0.001095,-1.4865,-2.2297,-1.4993,-2.2513,702.008433,2631.920457,5212.946635,1245.07854,1398.053894
2021-04-01,32036.26,0.8529,0.2752,0.001092,1.7059,2.5588,1.6931,2.5373,707.996163,2676.818007,5346.336989,1266.158805,1433.526423
2021-04-06,32362.18,1.0173,0.2711,0.001076,2.0347,3.052,2.0219,3.0305,715.198943,2731.283074,5509.509421,1291.759425,1476.9698
2021-04-07,32509.39,0.4549,0.2703,0.001073,0.9098,1.3646,0.897,1.3431,718.45226,2756.13135,5584.694858,1303.346337,1496.807548
2021-04-08,32726.7,0.6685,0.2695,0.001069,1.3369,2.0054,1.3241,1.9839,723.254776,2792.978237,5696.688043,1320.604342,1526.502046
2021-04-09,32589.73,-0.4185,0.2686,0.001066,-0.8371,-1.2556,-0.8498,-1.2771,720.227761,2769.599513,5625.16155,1309.381505,1507.007434
2021-04-12,32600.56,0.0332,0.2662,0.001056,0.0665,0.0997,0.0537,0.0782,720.467102,2771.440263,5630.769497,1310.084644,1508.186162
2021-04-13,32533.29,-0.2063,0.2653,0.001053,-0.4127,-0.619,-0.4255,-0.6405,718.980446,2760.002742,5595.912869,1304.510868,1498.526088
2021-04-14,32612.69,0.2441,0.2645,0.00105,0.4881,0.7322,0.4754,0.7107,720.735173,2773.474741,5636.884638,1310.711983,1509.176243
2021-04-15,33021.1,1.2523,0.2637,0.001046,2.5046,3.7569,2.4919,3.7355,729.760968,2842.939407,5848.657423,1343.373026,1565.550825
2021-04-16,33181.65,0.4862,0.2629,0.001043,0.9724,1.4586,0.9597,1.4372,733.309097,2870.584393,5933.96669,1356.264827,1588.050318
2021-04-19,33383.67,0.6088,0.2604,0.001033,1.2177,1.8265,1.2049,1.8051,737.773706,2905.538379,6042.350084,1372.60675,1616.715573
2021-04-20,33500.84,0.351,0.2596,0.00103,0.702,1.0529,0.6892,1.0315,740.363145,2925.934095,6105.972402,1382.067078,1633.392231
2021-04-21,33265.38,-0.7028,0.2588,0.001027,-1.4057,-2.1085,-1.4184,-2.13,735.159517,2884.804354,5977.225279,1362.463434,1598.601581
2021-04-22,33064.53,-0.6038,0.2579,0.001024,-1.2076,-1.8113,-1.2203,-1.8328,730.720764,2849.968561,5868.957251,1345.837406,1569.303133
2021-04-23,33462.25,1.2029,0.2571,0.00102,2.4057,3.6086,2.393,3.5872,739.510312,2918.530823,6080.743265,1378.043205,1625.59677
2021-04-26,33988.57,1.5729,0.2547,0.001011,3.1458,4.7186,3.133,4.6972,751.141899,3010.340617,6367.671084,1421.217807,1701.955026
2021-04-27,34034.23,0.1343,0.2538,0.001007,0.2687,0.403,0.256,0.3816,752.150977,3018.428757,6393.333934,1424.855626,1708.450336
2021-04-28,33979.54,-0.1607,0.253,0.001004,-0.3214,-0.4821,-0.3341,-0.5034,750.942337,3008.728061,6362.513366,1420.095287,1699.849201
2021-04-29,33977.86,-0.0049,0.2522,0.001001,-0.0099,-0.0148,-0.0226,-0.0362,750.905209,3008.430548,6361.569649,1419.774411,1699.233871
2021-05-03,33311.88,-1.96,0.2489,0.000988,-3.9201,-5.8801,-3.9328,-5.9015,736.187159,2890.497602,5987.501522,1363.937862,1598.954203
2021-05-04,32753.72,-1.6756,0.2481,0.000984,-3.3511,-5.0267,-3.3638,-5.048,723.851913,2793.633652,5686.52927,1318.057616,1518.238848
2021-05-05,32579.0,-0.5334,0.2473,0.000981,-1.0669,-1.6003,-1.0796,-1.6216,719.99063,2763.829179,5595.527356,1303.82841,1493.618567
2021-05-06,32870.9,0.896,0.2464,0.000978,1.792,2.6879,1.7793,2.6666,726.441572,2813.355668,5745.931092,1327.027007,1533.447502
2021-05-07,33433.07,1.7102,0.2456,0.000975,3.4205,5.1307,3.4078,5.1094,738.865439,2909.585717,6040.738057,1372.249316,1611.797376
2021-05-10,33337.53,-0.2858,0.2432,0.000965,-0.5715,-0.8573,-0.5842,-0.8786,736.75402,2892.956564,5988.951118,1364.23262,1597.636289
2021-05-11,32075.5,-3.7856,0.2423,0.000962,-7.5712,-11.3568,-7.5839,-11.3781,708.863361,2673.924262,5308.795511,1260.770654,1415.855179
2021-05-12,30759.05,-4.1042,0.2415,0.000958,-8.2084,-12.3127,-8.2211,-12.334,679.770029,2454.43664,4655.141116,1157.121306,1241.224305
2021-05-13,30309.78,-1.4606,0.2407,0.000955,-2.9212,-4.3818,-2.9339,-4.4031,669.841235,2382.737108,4451.160637,1123.172721,1186.571863
2021-05-14,30613.44,1.0019,0.2399,0.000952,2.0037,3.0056,1.9911,2.9843,676.552072,2430.480243,4584.943143,1145.535668,1221.982677
2021-05-17,29698.31,-2.9893,0.2374,0.000942,-5.9786,-8.9679,-5.9913,-8.9892,656.327847,2285.171164,4173.768932,1076.903598,1112.136539
2021-05-18,31230.42,5.1589,0.2366,0.000939,10.3178,15.4767,10.3052,15.4555,690.18723,2520.951152,4819.732266,1187.880464,1284.022764
2021-05-19,31204.65,-0.0825,0.2358,0.000936,-0.165,-0.2475,-0.1777,-0.2688,689.617717,2516.790791,4807.801158,1185.769918,1280.571526
2021-05-20,31029.99,-0.5597,0.2349,0.000932,-1.1194,-1.6792,-1.1321,-1.7004,685.757759,2488.616613,4727.069868,1172.345969,1258.796656
2021-05-21,31532.31,1.6188,0.2341,0.000929,3.2376,4.8565,3.225,4.8352,696.85895,2569.189111,4956.63827,1210.154204,1319.662495
2021-05-24,31602.39,0.2222,0.2316,0.000919,0.4445,0.6667,0.4319,0.6455,698.407707,2580.609065,4989.686392,1215.380508,1328.18146
2021-05-25,32100.23,1.5753,0.2308,0.000916,3.1506,4.726,3.138,4.7048,709.40989,2661.914967,5225.497558,1253.519458,1390.669405
2021-05-26,32193.12,0.2894,0.23,0.000913,0.5787,0.8681,0.5661,0.8469,711.462744,2677.320794,5270.861388,1260.616016,1402.447459
2021-05-27,32111.73,-0.2528,0.2292,0.000909,-0.5056,-0.7585,-0.5183,-0.7796,709.664038,2663.783296,5230.88433,1254.082852,1391.513447
2021-05-28,32633.48,1.6248,0.2284,0.000906,3.2496,4.8744,3.237,4.8532,721.194629,2750.345368,5485.857877,1294.677248,1459.046511
2021-05-31,33015.96,1.172,0.2259,0.000896,2.3441,3.5161,2.3315,3.495,729.647375,2814.816095,5678.748515,1324.862557,1510.039977
2021-06-01,33198.07,0.5516,0.2251,0.000893,1.1032,1.6547,1.0906,1.6336,733.671977,2845.868117,5772.717331,1339.31103,1534.707897
2021-06-02,33203.21,0.0155,0.2242,0.00089,0.031,0.0464,0.0184,0.0253,733.78557,2846.749359,5775.398671,1339.557054,1535.096235
2021-06-03,33362.92,0.481,0.2234,0.000887,0.962,1.443,0.9494,1.4219,737.315135,2874.135527,5858.739009,1352.27511,1556.923535
2021-06-04,33171.89,-0.5726,0.2226,0.000883,-1.1452,-1.7177,-1.1578,-1.7389,733.093403,2841.221974,5758.100794,1336.619101,1529.850548
2021-06-07,33049.51,-0.3689,0.2201,0.000874,-0.7379,-1.1068,-0.7504,-1.1279,730.388825,2820.257914,5694.371259,1326.588663,1512.595476
2021-06-08,33038.11,-0.0345,0.2193,0.00087,-0.069,-0.1035,-0.0816,-0.1246,730.136886,2818.312291,5688.47866,1325.506643,1510.710982
2021-06-09,32829.82,-0.6305,0.2185,0.000867,-1.2609,-1.8914,-1.2735,-1.9125,725.533711,2782.775981,5580.888981,1308.62657,1481.819233
2021-06-10,33205.34,1.1438,0.2177,0.000864,2.2877,3.4315,2.2751,3.4104,733.832642,2846.436887,5772.39799,1338.399213,1532.355519
2021-06-11,33310.56,0.3169,0.2168,0.000861,0.6338,0.9506,0.6212,0.9295,736.157987,2864.47628,5827.27215,1346.71317,1546.59944
2021-06-15,33615.86,0.9165,0.2136,0.000847,1.8331,2.7496,1.8205,2.7285,742.905068,2916.983629,5987.497573,1371.230063,1588.798691
2021-06-16,33494.31,-0.3616,0.2127,0.000844,-0.7232,-1.0848,-0.7357,-1.1058,740.218833,2895.888862,5922.547844,1361.141634,1571.229608
2021-06-17,33698.45,0.6095,0.2119,0.000841,1.219,1.8284,1.2064,1.8074,744.730294,2931.188396,6030.837483,1377.562529,1599.627744
2021-06-18,33562.82,-0.4025,0.2111,0.000838,-0.805,-1.2074,-0.8175,-1.2285,741.732893,2907.593418,5958.018482,1366.300861,1579.976562
2021-06-21,33067.56,-1.4756,0.2086,0.000828,-2.9512,-4.4269,-2.9638,-4.4479,730.787727,2821.783304,5694.265177,1325.806762,1509.701042
2021-06-22,33092.88,0.0766,0.2078,0.000825,0.1531,0.2297,0.1406,0.2087,731.347295,2826.104611,5707.345561,1327.670979,1512.851746
2021-06-23,33600.58,1.5342,0.207,0.000821,3.0683,4.6025,3.0558,4.5815,742.567382,2912.818933,5970.026175,1368.242029,1582.162939
2021-06-24,33741.52,0.4195,0.2062,0.000818,0.8389,1.2584,0.8264,1.2374,745.682134,2937.254981,6045.151261,1379.549039,1601.740146
2021-06-25,33927.54,0.5513,0.2053,0.000815,1.1026,1.6539,1.0901,1.6329,749.793146,2969.641677,6145.13363,1394.587456,1627.895472
2021-06-28,34099.69,0.5074,0.2029,0.000805,1.0148,1.5222,1.0023,1.5012,753.597633,2999.777891,6238.675758,1408.565384,1652.334081
2021-06-29,34120.48,0.061,0.2021,0.000802,0.1219,0.1829,0.1094,0.1619,754.057088,3003.435718,6250.086601,1410.106755,1655.009808
2021-06-30,34439.42,0.9347,0.2012,0.000799,1.8695,2.8042,1.857,2.7833,761.105611,3059.58474,6425.354002,1436.29227,1701.073322
2021-07-01,34360.8,-0.2283,0.2004,0.000795,-0.4566,-0.6849,-0.4691,-0.7058,759.368121,3045.615599,6381.349661,1429.555033,1689.06697
2021-07-02,34353.52,-0.0212,0.1996,0.000792,-0.0424,-0.0636,-0.0549,-0.0845,759.207235,3044.325054,6377.293624,1428.770604,1687.639541
2021-07-05,34762.44,1.1903,0.1971,0.000782,2.3807,3.571,2.3682,3.5501,768.2443,3116.800038,6605.025999,1462.60632,1747.551727
2021-07-06,34788.38,0.0746,0.1963,0.000779,0.1492,0.2239,0.1368,0.2029,768.81757,3121.451598,6619.812163,1464.606525,1751.098196
2021-07-07,34667.52,-0.3474,0.1955,0.000776,-0.6948,-1.0422,-0.7073,-1.0632,766.146584,3099.762825,6550.81753,1454.247191,1732.481202
2021-07-08,34706.73,0.1131,0.1947,0.000772,0.2262,0.3393,0.2137,0.3184,767.013118,3106.774674,6573.045041,1457.355312,1737.997404
2021-07-09,34324.65,-1.1009,0.1938,0.000769,-2.2018,-3.3026,-2.2142,-3.3235,758.569212,3038.370853,6355.960713,1425.085987,1680.234223
2021-07-12,34622.78,0.8686,0.1914,0.000759,1.7371,2.6057,1.7247,2.5848,765.157837,3091.150969,6521.57661,1449.663778,1723.664825
2021-07-13,34690.33,0.1951,0.1905,0.000756,0.3902,0.5853,0.3777,0.5644,766.650681,3103.212811,6559.747939,1455.139781,1733.393722
2021-07-14,34688.05,-0.0066,0.1897,0.000753,-0.0131,-0.0197,-0.0256,-0.0406,766.600293,3102.804898,6558.454533,1454.767206,1732.69017
2021-07-15,35061.04,1.0753,0.1889,0.00075,2.1505,3.2258,2.1381,3.2049,774.843312,3169.531923,6770.017704,1485.871335,1788.221919
2021-07-16,34791.63,-0.7684,0.1881,0.000746,-1.5368,-2.3052,-1.5493,-2.3261,768.889395,3120.822381,6613.954695,1462.851351,1746.626696
2021-07-19,34591.67,-0.5747,0.1856,0.000737,-1.1495,-1.7242,-1.1619,-1.745,764.470311,3084.949406,6499.916372,1445.854265,1716.147256
2021-07-20,34097.15,-1.4296,0.1848,0.000733,-2.8592,-4.2888,-2.8716,-4.3096,753.541499,2996.744981,6221.149376,1404.33475,1642.188004
2021-07-21,33966.93,-0.3819,0.184,0.00073,-0.7638,-1.1457,-0.7763,-1.1666,750.663658,2973.855318,6149.872034,1393.433547,1623.031036
2021-07-22,34247.81,0.8269,0.1832,0.000727,1.6538,2.4808,1.6414,2.4599,756.871061,3023.038243,6302.435959,1416.305515,1662.956743
2021-07-23,34266.71,0.0552,0.1823,0.000724,0.1104,0.1656,0.0979,0.1447,757.288748,3026.374831,6312.870148,1417.692675,1665.363804
2021-07-26,33994.52,-0.7943,0.1799,0.000714,-1.5887,-2.383,-1.6011,-2.4038,751.273393,2978.296159,6162.435503,1394.994343,1625.33219
2021-07-27,33751.15,-0.7159,0.179,0.00071,-1.4318,-2.1477,-1.4442,-2.1685,745.894955,2935.652348,6030.083118,1374.847335,1590.086625
2021-07-28,33507.11,-0.7231,0.1782,0.000707,-1.4461,-2.1692,-1.4585,-2.19,740.501711,2893.199478,5899.280332,1354.794811,1555.264522
2021-07-29,34037.87,1.584,0.1774,0.000704,3.168,4.7521,3.1556,4.7313,752.231421,2984.857311,6179.61803,1397.547173,1628.848645
2021-07-30,33754.87,-0.8314,0.1766,0.000701,-1.6629,-2.4943,-1.6753,-2.515,745.977166,2935.223499,6025.481014,1374.134613,1587.882334
2021-08-02,34278.96,1.5526,0.1741,0.000691,3.1053,4.6579,3.0929,4.6372,757.559471,3026.370127,6306.142235,1416.634854,1661.514959
2021-08-03,34386.99,0.3151,0.1733,0.000688,0.6303,0.9454,0.6179,0.9247,759.946916,3045.445313,6365.763578,1425.388314,1676.879126
2021-08-04,34527.7,0.4092,0.1725,0.000684,0.8184,1.2276,0.806,1.2069,763.056584,3070.36896,6443.908824,1436.876947,1697.116584
2021-08-05,34510.91,-0.0486,0.1716,0.000681,-0.0973,-0.1459,-0.1096,-0.1666,762.685528,3067.382865,6434.508265,1435.301516,1694.289015
2021-08-06,34362.26,-0.4307,0.1708,0.000678,-0.8615,-1.2922,-0.8739,-1.3129,759.400387,3040.958383,6351.361545,1422.75912,1672.044341
2021-08-09,34289.71,-0.2111,0.1684,0.000668,-0.4223,-0.6334,-0.4346,-0.6541,757.797044,3028.117462,6311.132124,1416.57524,1661.107505
2021-08-10,33988.85,-0.8774,0.1675,0.000665,-1.7548,-2.6322,-1.7672,-2.6529,751.148087,2974.979689,6145.009353,1391.541758,1617.039769
2021-08-11,33812.25,-0.5196,0.1667,0.000662,-1.0392,-1.5587,-1.0515,-1.5794,747.245255,2944.064762,6049.224237,1376.909248,1591.499682
2021-08-12,33834.38,0.0654,0.1659,0.000658,0.1309,0.1963,0.1185,0.1757,747.734325,2947.918522,6061.101825,1378.541363,1594.295427
2021-08-13,33372.09,-1.3663,0.1651,0.000655,-2.7327,-4.099,-2.745,-4.1197,737.51779,2867.361807,5812.657483,1340.700049,1528.615692
2021-08-16,33154.82,-0.6511,0.1626,0.000645,-1.3021,-1.9532,-1.3145,-1.9738,732.716159,2830.025716,5699.127036,1323.077115,1498.443652
2021-08-17,32776.77,-1.1403,0.1618,0.000642,-2.2805,-3.4208,-2.2929,-3.4414,724.361315,2765.48661,5504.173032,1292.740791,1446.875933
2021-08-18,33109.84,1.0162,0.161,0.000639,2.0324,3.0485,2.02,3.0279,731.722108,2821.691088,5671.969454,1318.85427,1490.685723
2021-08-19,32227.38,-2.6652,0.1601,0.000635,-5.3305,-7.9957,-5.3428,-8.0164,712.219885,2671.280846,5218.452962,1248.389974,1371.186602
2021-08-20,32167.66,-0.1853,0.1593,0.000632,-0.3706,-0.5559,-0.383,-0.5766,710.900082,2661.380638,5189.442287,1243.609201,1363.280967
2021-08-23,32973.96,2.5066,0.1568,0.000622,5.0131,7.5197,5.0008,7.4991,728.719182,2794.798561,5579.670919,1305.799369,1465.514146
2021-08-24,33129.78,0.4726,0.156,0.000619,0.9451,1.4177,0.9328,1.3971,732.162779,2821.212466,5658.771912,1317.979656,1485.988269
2021-08-25,33602.32,1.4263,0.1552,0.000616,2.8527,4.279,2.8403,4.2584,742.605836,2901.692067,5900.910201,1355.41473,1549.267493
2021-08-26,33663.34,0.1816,0.1544,0.000613,0.3632,0.5448,0.3509,0.5242,743.954368,2912.230699,5933.057404,1360.170477,1557.388652
2021-08-27,33948.51,0.8471,0.1536,0.000609,1.6942,2.5414,1.6819,2.5208,750.256579,2961.571069,6083.838341,1383.047604,1596.647088
2021-08-30,34324.95,1.1089,0.1511,0.0006,2.2177,3.3266,2.2054,3.306,758.575842,3027.250171,6286.221312,1413.549413,1649.432288
2021-08-31,34530.01,0.5974,0.1503,0.000596,1.1948,1.7922,1.1825,1.7717,763.107635,3063.420241,6398.88448,1430.264823,1678.654724
2021-09-01,34498.84,-0.0903,0.1495,0.000593,-0.1805,-0.2708,-0.1928,-0.2914,762.418783,3057.889584,6381.555795,1427.506729,1673.76381
2021-09-02,34197.41,-0.8737,0.1486,0.00059,-1.7475,-2.6212,-1.7598,-2.6418,755.757229,3004.453605,6214.281269,1402.38582,1629.546933
2021-09-03,34587.69,1.1413,0.1478,0.000587,2.2825,3.4238,2.2702,3.4032,764.382354,3073.03062,6427.043846,1434.223051,1685.004162
2021-09-06,34557.7,-0.0867,0.1453,0.000577,-0.1734,-0.2601,-0.1857,-0.2806,763.71958,3067.701545,6410.325727,1431.559736,1680.275365
2021-09-07,34439.09,-0.3432,0.1445,0.000573,-0.6864,-1.0297,-0.6987,-1.0502,761.098318,3046.643426,6344.320576,1421.557056,1662.629428
2021-09-08,34133.77,-0.8866,0.1437,0.00057,-1.7731,-2.6597,-1.7854,-2.6802,754.350795,2992.623348,6175.583717,1396.176889,1618.068337
2021-09-09,34211.57,0.2279,0.1429,0.000567,0.4559,0.6838,0.4436,0.6633,756.070163,3006.265327,6217.811143,1402.370053,1628.800682
2021-09-10,34549.54,0.9879,0.1421,0.000564,1.9758,2.9636,1.9635,2.9432,763.539245,3065.662046,6402.085086,1429.905509,1676.738794
2021-09-13,34494.35,-0.1597,0.1396,0.000554,-0.3195,-0.4792,-0.3317,-0.4997,762.319555,3055.867768,6371.4047,1425.16189,1668.360167
2021-09-14,34473.06,-0.0617,0.1388,0.000551,-0.1234,-0.1852,-0.1357,-0.2056,761.849049,3052.09559,6359.607358,1423.227981,1664.929565
2021-09-15,34315.08,-0.4583,0.1379,0.000547,-0.9165,-1.3748,-0.9288,-1.3953,758.357717,3024.121858,6272.17467,1410.009103,1641.69926
2021-09-16,34216.86,-0.2862,0.1371,0.000544,-0.5725,-0.8587,-0.5847,-0.8791,756.187071,3006.80998,6218.316163,1401.764636,1627.266377
2021-09-17,34214.17,-0.0079,0.1363,0.000541,-0.0157,-0.0236,-0.028,-0.044,756.127622,3006.337212,6216.849581,1401.372556,1626.549864
2021-09-22,33520.11,-2.0286,0.1322,0.000525,-4.0571,-6.0857,-4.0694,-6.1061,740.789008,2884.365619,5838.509266,1344.345376,1527.230479
2021-09-23,33822.63,0.9025,0.1314,0.000521,1.805,2.7075,1.7928,2.6871,747.474651,2936.428592,5996.587431,1368.446509,1568.26871
2021-09-24,34184.91,1.0711,0.1305,0.000518,2.1422,3.2134,2.13,3.193,755.480981,2999.333774,6189.278865,1397.594556,1618.342751
2021-09-27,34291.01,0.3104,0.1281,0.000508,0.6207,0.9311,0.6085,0.9107,757.825774,3017.95189,6246.90802,1406.099298,1633.0815
2021-09-28,34028.94,-0.7643,0.1273,0.000505,-1.5285,-2.2928,-1.5407,-2.3131,752.034069,2971.822327,6103.681513,1384.435288,1595.306145
2021-09-29,33384.01,-1.8952,0.1264,0.000502,-3.7905,-5.6857,-3.8027,-5.7061,737.78122,2859.176011,5756.643317,1331.789539,1504.276576
2021-09-30,33541.12,0.4706,0.1256,0.000498,0.9412,1.4118,0.929,1.3915,741.253326,2886.087406,5837.918116,1344.162187,1525.208306
2021-10-01,32820.68,-2.1479,0.1248,0.000495,-4.2959,-6.4438,-4.3081,-6.4641,725.331719,2762.105093,5461.734817,1286.254834,1426.616592
2021-10-04,32499.31,-0.9792,0.1223,0.000485,-1.9583,-2.9375,-1.9705,-2.9578,718.229494,2708.013727,5301.295936,1260.908794,1384.419504
2021-10-05,32603.51,0.3206,0.1215,0.000482,0.6412,0.9619,0.6291,0.9415,720.532297,2725.378713,5352.28733,1268.840614,1397.454328
2021-10-06,32469.86,-0.4099,0.1207,0.000479,-0.8199,-1.2298,-0.832,-1.2501,717.578653,2703.034685,5286.466208,1258.283408,1379.984773
2021-10-07,33106.02,1.9592,0.1199,0.000476,3.9185,5.8777,3.9063,5.8574,731.637686,2808.952145,5597.188676,1307.435515,1460.815734
2021-10-08,32960.75,-0.4388,0.119,0.000472,-0.8776,-1.3164,-0.8898,-1.3367,728.427243,2784.300648,5523.506886,1295.80217,1441.288763
2021-10-12,32609.2,-1.0666,0.1158,0.000459,-2.1331,-3.1997,-2.1453,-3.22,720.658045,2724.907528,5346.770418,1268.003211,1394.879285
2021-10-13,32381.82,-0.6973,0.1149,0.000456,-1.3946,-2.0919,-1.4067,-2.1121,715.632984,2686.906628,5234.923272,1250.165726,1365.417469
2021-10-14,32460.17,0.242,0.1141,0.000453,0.4839,0.7259,0.4718,0.7056,717.364506,2699.908932,5272.922023,1256.063437,1375.051849
2021-10-15,33240.43,2.4037,0.1133,0.00045,4.8075,7.2112,4.7953,7.191,734.608126,2829.706831,5653.164961,1316.295897,1473.931462
2021-10-18,33090.48,-0.4511,0.1108,0.00044,-0.9022,-1.3533,-0.9144,-1.3736,731.294255,2804.176804,5576.659445,1304.260205,1453.686034
2021-10-19,33477.4,1.1693,0.11,0.000437,2.3386,3.5078,2.3264,3.4876,739.845124,2869.754099,5772.279551,1334.602709,1504.384768
2021-10-20,33452.13,-0.0755,0.1092,0.000433,-0.151,-0.2265,-0.1631,-0.2467,739.286661,2865.421703,5759.20815,1332.425877,1500.673709
2021-10-21,33455.47,0.01,0.1084,0.00043,0.02,0.03,0.0078,0.0097,739.360475,2865.993894,5760.93322,1332.53024,1500.819697
2021-10-22,33453.97,-0.0045,0.1075,0.000427,-0.009,-0.0135,-0.0211,-0.0337,739.327325,2865.736896,5760.158333,1332.249073,1500.314383
2021-10-25,33464.87,0.0326,0.1051,0.000417,0.0652,0.0977,0.053,0.0775,739.568213,2867.60433,5765.788672,1332.955709,1501.477836
2021-10-26,33742.48,0.8296,0.1042,0.000414,1.6591,2.4887,1.647,2.4685,745.703349,2915.181125,5909.280094,1354.909396,1538.541471
2021-10-27,33822.23,0.2363,0.1034,0.00041,0.4727,0.709,0.4606,0.6889,747.465812,2928.961126,5951.17966,1361.149853,1549.139883
2021-10-28,33757.02,-0.1928,0.1026,0.000407,-0.3856,-0.5784,-0.3977,-0.5986,746.024681,2917.666923,5916.757646,1355.736317,1539.866949
2021-10-29,33649.62,-0.3182,0.1018,0.000404,-0.6363,-0.9545,-0.6484,-0.9746,743.651158,2899.101456,5860.284079,1346.94542,1524.858774
2021-11-01,33809.74,0.4758,0.0993,0.000394,0.9517,1.4275,0.9396,1.4074,747.189785,2926.691909,5943.941668,1359.601175,1546.319353
2021-11-02,33805.61,-0.0122,0.0985,0.000391,-0.0244,-0.0366,-0.0365,-0.0568,747.098512,2925.976894,5941.763436,1359.10454,1545.441152
2021-11-03,33916.91,0.3292,0.0977,0.000388,0.6585,0.9877,0.6464,0.9676,749.558224,2945.243591,6000.450583,1367.889474,1560.394309
2021-11-04,33831.13,-0.2529,0.0968,0.000384,-0.5058,-0.7587,-0.5179,-0.7789,747.6625,2930.345831,5954.92297,1360.804969,1548.240862
2021-11-05,34263.04,1.2767,0.096,0.000381,2.5533,3.83,2.5412,3.8099,757.207641,3005.167196,6182.996119,1395.386309,1607.226765
2021-11-08,34497.6,0.6846,0.0936,0.000371,1.3692,2.0538,1.3571,2.0337,762.391379,3046.313108,6309.97991,1414.32302,1639.912141
2021-11-09,34747.5,0.7244,0.0927,0.000368,1.4488,2.1732,1.4367,2.1531,767.914129,3090.447984,6447.108056,1434.642911,1675.220984
2021-11-10,34783.73,0.1043,0.0919,0.000365,0.2085,0.3128,0.1965,0.2927,768.714806,3096.892588,6467.274577,1437.461437,1680.124438
2021-11-11,34571.52,-0.6101,0.0911,0.000361,-1.2202,-1.8303,-1.2322,-1.8503,764.024999,3059.10529,6348.907139,1419.74852,1649.036418
2021-11-12,34701.48,0.3759,0.0903,0.000358,0.7518,1.1277,0.7398,1.1077,766.897094,3082.104645,6420.506881,1430.251367,1667.302259
2021-11-15,34931.93,0.6641,0.0878,0.000348,1.3282,1.9923,1.3161,1.9722,771.990002,3123.040709,6548.421236,1449.075344,1700.185064
2021-11-16,35048.14,0.3327,0.087,0.000345,0.6654,0.998,0.6533,0.978,774.558224,3143.819897,6613.77623,1458.542147,1716.812386
2021-11-17,35188.59,0.4007,0.0862,0.000342,0.8015,1.2022,0.7894,1.1822,777.662147,3169.016641,6693.287286,1470.056182,1737.107763
2021-11-18,35341.78,0.4353,0.0853,0.000339,0.8707,1.306,0.8586,1.286,781.047621,3196.608634,6780.702952,1482.678598,1759.446579
2021-11-19,35296.18,-0.129,0.0845,0.000335,-0.2581,-0.3871,-0.2701,-0.4071,780.039868,3188.359736,6754.456392,1478.673983,1752.283641
2021-11-22,35266.96,-0.0828,0.0821,0.000326,-0.1656,-0.2484,-0.1776,-0.2684,779.394111,3183.080759,6737.681329,1476.047824,1747.581006
2021-11-23,34994.93,-0.7713,0.0812,0.000322,-1.5427,-2.314,-1.5547,-2.334,773.382292,3133.975678,6581.768986,1453.099427,1706.791672
2021-11-24,34948.43,-0.1329,0.0804,0.000319,-0.2658,-0.3986,-0.2778,-0.4186,772.354649,3125.647051,6555.532135,1449.063034,1699.646489
2021-11-25,34971.55,0.0662,0.0796,0.000316,0.1323,0.1985,0.1203,0.1785,772.865598,3129.78257,6568.542496,1450.806069,1702.679799
2021-11-26,34407.48,-1.6129,0.0788,0.000313,-3.2259,-4.8388,-3.2379,-4.8588,760.399742,3028.819561,6250.702615,1403.830445,1619.949836
2021-11-29,34325.66,-0.2378,0.0763,0.000303,-0.4756,-0.7134,-0.4876,-0.7334,758.591533,3014.41467,6206.110641,1396.98532,1608.069739
2021-11-30,34523.13,0.5753,0.0755,0.0003,1.1506,1.7259,1.1386,1.7059,762.955588,3049.097555,6313.218909,1412.890863,1635.501601
2021-12-01,34836.57,0.9079,0.0747,0.000296,1.8158,2.7237,1.8038,2.7038,769.882561,3104.463864,6485.174523,1438.37692,1679.721992
2021-12-02,35111.77,0.79,0.0738,0.000293,1.5799,2.3699,1.5679,2.35,775.964437,3153.512806,6638.868187,1460.929944,1719.194992
2021-12-03,35056.82,-0.1565,0.073,0.00029,-0.313,-0.4695,-0.325,-0.4894,774.750051,3143.642296,6607.698655,1456.181973,1710.780474
2021-12-06,35039.12,-0.0505,0.0705,0.00028,-0.101,-0.1515,-0.113,-0.1714,774.358884,3140.46788,6597.690081,1454.536993,1707.84831
2021-12-07,35254.47,0.6146,0.0697,0.000277,1.2292,1.8438,1.2172,1.8239,779.118084,3179.070434,6719.338047,1472.241829,1738.997377
2021-12-08,35324.84,0.1996,0.0689,0.000273,0.3992,0.5988,0.3872,0.5789,780.673249,3191.761658,6759.574631,1477.94282,1749.064533
2021-12-09,35486.84,0.4586,0.0681,0.00027,0.9172,1.3758,0.9052,1.3559,784.253423,3221.036547,6852.573022,1491.321529,1772.780046
2021-12-10,35312.81,-0.4904,0.0673,0.000267,-0.9808,-1.4712,-0.9928,-1.4911,780.407388,3189.44416,6751.756498,1476.515875,1746.345762
2021-12-13,35196.71,-0.3288,0.0648,0.000257,-0.6576,-0.9863,-0.6695,-1.0062,777.841597,3168.471914,6685.162058,1466.630376,1728.77391
2021-12-14,34863.46,-0.9468,0.064,0.000254,-1.8936,-2.8405,-1.9056,-2.8603,770.476826,3108.472371,6495.272413,1438.682222,1679.325148
2021-12-15,34983.75,0.345,0.0632,0.000251,0.6901,1.0351,0.6781,1.0152,773.135216,3129.922803,6562.504666,1448.43802,1696.374142
2021-12-16,35279.33,0.8449,0.0623,0.000247,1.6898,2.5347,1.6779,2.5149,779.667486,3182.812649,6728.845764,1472.740774,1739.035576
2021-12-17,35332.58,0.1509,0.0615,0.000244,0.3019,0.4528,0.2899,0.433,780.844302,3192.420812,6759.314968,1477.010634,1746.56493
2021-12-20,35048.03,-0.8053,0.059,0.000234,-1.6107,-2.416,-1.6226,-2.4359,774.555793,3141.000659,6596.007075,1453.044137,1704.020779
2021-12-21,35286.39,0.6801,0.0582,0.000231,1.3602,2.0403,1.3483,2.0205,779.823511,3183.724254,6730.584474,1472.634851,1738.449815
2021-12-22,35360.89,0.2111,0.0574,0.000228,0.4223,0.6334,0.4103,0.6136,781.469949,3197.16782,6773.215234,1478.67744,1749.116388
2021-12-23,35598.57,0.6722,0.0566,0.000225,1.3443,2.0165,1.3324,1.9967,786.722638,3240.147668,6909.794755,1498.379031,1784.040138
2021-12-24,35628.29,0.0835,0.0558,0.000221,0.167,0.2505,0.155,0.2307,787.379445,3245.55784,6927.100992,1500.702198,1788.155061
2021-12-27,35801.46,0.486,0.0533,0.000211,0.9721,1.4581,0.9602,1.4384,791.206474,3277.10767,7028.107755,1515.111564,1813.875008
2021-12-28,36094.77,0.8193,0.0525,0.000208,1.6385,2.4578,1.6266,2.438,797.688578,3330.804277,7200.844924,1539.756702,1858.097704
2021-12-29,36196.87,0.2829,0.0516,0.000205,0.5657,0.8486,0.5538,0.8288,799.944971,3349.647733,7261.951251,1548.284207,1873.498071
2021-12-30,36138.47,-0.1613,0.0508,0.000202,-0.3227,-0.484,-0.3346,-0.5038,798.654341,3338.839095,7226.801972,1543.103837,1864.05961
2022-01-03,36240.96,0.2836,0.0662,0.000263,0.5672,0.8508,0.5552,0.8309,800.919353,3357.777231,7288.288383,1551.671738,1879.548461
2022-01-04,36748.44,1.4003,0.0716,0.000284,2.8006,4.2009,2.7886,4.1809,812.134579,3451.814739,7594.460784,1594.941619,1958.13142
2022-01-05,36696.09,-0.1425,0.077,0.000306,-0.2849,-0.4274,-0.2969,-0.4473,810.977653,3441.980172,7562.004711,1590.205888,1949.371893
2022-01-06,36434.19,-0.7137,0.0824,0.000327,-1.4274,-2.1411,-1.4394,-2.1611,805.189705,3392.849346,7400.094625,1567.315935,1907.243647
2022-01-07,36041.12,-1.0788,0.0878,0.000348,-2.1577,-3.2365,-2.1698,-3.2566,796.502922,3319.641884,7160.58702,1533.309047,1845.132167
2022-01-10,36179.21,0.3831,0.104,0.000413,0.7663,1.1494,0.7542,1.1292,799.554688,3345.080014,7242.893463,1544.872841,1865.968263
2022-01-11,36276.06,0.2677,0.1094,0.000434,0.5354,0.8031,0.5232,0.7829,801.695058,3362.989249,7301.060092,1552.956388,1880.576041
2022-01-12,36451.72,0.4842,0.1148,0.000455,0.9685,1.4527,0.9563,1.4324,805.577115,3395.558536,7407.122124,1567.80732,1907.513745
2022-01-13,36573.78,0.3349,0.1202,0.000477,0.6697,1.0046,0.6575,0.9842,808.274621,3418.298855,7481.531233,1578.116038,1926.288313
2022-01-14,36507.14,-0.1822,0.1256,0.000498,-0.3644,-0.5466,-0.3766,-0.567,806.801888,3405.842093,7440.635604,1572.172558,1915.366592
2022-01-17,36749.36,0.6635,0.1418,0.000563,1.327,1.9905,1.3147,1.97,812.154911,3451.036708,7588.738476,1592.841981,1953.098736
2022-01-18,36458.15,-0.7924,0.1472,0.000584,-1.5848,-2.3773,-1.5971,-2.3978,805.719217,3396.343162,7408.333984,1567.402157,1906.267357
2022-01-19,36158.25,-0.8226,0.1525,0.000605,-1.6452,-2.4678,-1.6575,-2.4883,799.091476,3340.467408,7225.514009,1541.42269,1858.833006
2022-01-20,36140.05,-0.0503,0.1579,0.000627,-0.1007,-0.151,-0.113,-0.1716,798.689259,3337.104607,7214.603274,1539.680856,1855.642849
2022-01-21,35507.27,-1.7509,0.1633,0.000648,-3.5018,-5.2527,-3.5142,-5.2734,784.704923,3220.245164,6835.639494,1485.573762,1757.787499
2022-01-24,35685.29,0.5014,0.1795,0.000712,1.0027,1.5041,0.9903,1.4833,788.639136,3252.535343,6938.453414,1500.28548,1783.860697
2022-01-25,35114.14,-1.6005,0.1849,0.000734,-3.201,-4.8016,-3.2135,-4.8224,776.016814,3148.420422,6605.299529,1452.07412,1697.835958
2022-01-26,35061.14,-0.1509,0.1903,0.000755,-0.3019,-0.4528,-0.3143,-0.4737,774.845522,3138.916201,6575.390136,1447.509753,1689.79357
2022-02-07,35509.26,1.2781,0.2551,0.001012,2.5562,3.8343,2.5435,3.8129,784.748902,3219.153816,6827.512328,1484.327189,1754.2244
2022-02-08,35640.7,0.3702,0.2605,0.001034,0.7403,1.1105,0.7276,1.089,787.653704,3242.98566,6903.329866,1495.126766,1773.328577
2022-02-09,36008.1,1.0308,0.2659,0.001055,2.0617,3.0925,2.0489,3.0711,795.773185,3309.845903,7116.817541,1525.760813,1827.7885
2022-02-10,36377.64,1.0263,0.2713,0.001077,2.0525,3.0788,2.0398,3.0573,803.939959,3377.781754,7335.930637,1556.8826,1883.669279
2022-02-11,36323.85,-0.1479,0.2767,0.001098,-0.2957,-0.4436,-0.3085,-0.4652,802.751209,3367.792602,7303.388692,1552.079066,1874.907247
2022-02-14,35702.41,-1.7108,0.2929,0.001162,-3.4217,-5.1325,-3.4345,-5.1542,789.017485,3252.558065,6928.54259,1498.772409,1778.271058
2022-02-15,35611.45,-0.2548,0.2983,0.001184,-0.5095,-0.7643,-0.5224,-0.7861,787.007284,3235.984803,6875.586481,1490.942292,1764.292949
2022-02-16,36166.21,1.5578,0.3037,0.001205,3.1156,4.6734,3.1027,4.6517,799.26739,3336.806024,7196.912938,1537.201993,1846.361956
2022-02-17,36239.81,0.2035,0.3091,0.001226,0.407,0.6105,0.3941,0.5887,800.893938,3350.38715,7240.851144,1543.259751,1857.231427
2022-02-18,36167.96,-0.1983,0.3145,0.001248,-0.3965,-0.5948,-0.4095,-0.6166,799.306065,3337.102019,7197.783439,1536.940419,1845.778833
2022-02-21,36146.41,-0.0596,0.3307,0.001312,-0.1192,-0.1787,-0.1322,-0.2007,798.829814,3333.125319,7184.917446,1534.908819,1842.07364
2022-02-22,35646.12,-1.3841,0.3361,0.001334,-2.7681,-4.1522,-2.7812,-4.1742,787.773485,3240.860042,6886.58555,1492.22038,1765.181272
2022-02-23,35817.6,0.4811,0.3415,0.001355,0.9621,1.4432,0.9491,1.4211,791.563166,3272.041146,6985.971824,1506.382492,1790.266467
2022-02-24,34905.41,-2.5468,0.3468,0.001376,-5.0935,-7.6403,-5.1066,-7.6624,771.403914,3105.378767,6452.223027,1429.457381,1653.088874
2022-02-25,35019.74,0.3275,0.3522,0.001398,0.6551,0.9826,0.642,0.9605,773.930589,3125.721628,6515.624316,1438.634219,1668.966236
2022-03-01,35507.91,1.394,0.3738,0.001483,2.788,4.182,2.7748,4.1596,784.719067,3212.865823,6788.104836,1478.553162,1738.38895
2022-03-02,35447.12,-0.1712,0.3792,0.001505,-0.3424,-0.5136,-0.3556,-0.536,783.375618,3201.864888,6753.240867,1473.295223,1729.071555
2022-03-03,35579.63,0.3738,0.3846,0.001526,0.7476,1.1215,0.7344,1.0991,786.304067,3225.803595,6828.976663,1484.115342,1748.075014
2022-03-04,35187.07,-1.1033,0.39,0.001548,-2.2067,-3.31,-2.2199,-3.3324,777.628555,3154.62121,6602.938639,1451.169318,1689.821386
2022-03-07,34080.4,-3.1451,0.4062,0.001612,-6.2902,-9.4353,-6.3035,-9.4579,753.171327,2956.188965,5979.930747,1359.694473,1529.999744
2022-03-08,33379.22,-2.0574,0.4116,0.001633,-4.1149,-6.1723,-4.1282,-6.1949,737.675362,2834.545992,5610.832276,1303.563599,1435.217506
2022-03-09,33756.37,1.1299,0.417,0.001655,2.2598,3.3897,2.2464,3.367,746.010316,2898.600756,5801.021747,1332.847217,1483.541409
2022-03-10,34585.32,2.4557,0.4224,0.001676,4.9114,7.3671,4.898,7.3443,764.329977,3040.961744,6228.38615,1398.129897,1592.497681
2022-03-11,34251.26,-0.9659,0.4278,0.001698,-1.9318,-2.8977,-1.9452,-2.9205,756.947305,2982.216376,6047.905992,1370.933387,1545.989363
2022-03-14,34247.9,-0.0098,0.444,0.001762,-0.0196,-0.0294,-0.0331,-0.0523,756.87305,2981.631273,6046.126119,1370.479773,1545.180525
2022-03-15,33582.8,-1.942,0.4494,0.001783,-3.884,-5.8261,-3.8975,-5.849,742.174447,2865.823708,5693.875749,1317.065002,1454.803188
2022-03-16,33658.87,0.2265,0.4548,0.001805,0.453,0.6795,0.4395,0.6566,743.855582,2878.806736,5732.568157,1322.853746,1464.354986
2022-03-17,34667.35,2.9962,0.4602,0.001826,5.9924,8.9885,5.9788,8.9655,766.142827,3051.315142,6247.842169,1401.944863,1595.64202
2022-03-18,34687.58,0.0584,0.4656,0.001848,0.1167,0.1751,0.1032,0.152,766.589907,3054.876309,6258.779883,1403.391044,1598.067454
2022-03-21,34893.92,0.5949,0.4818,0.001912,1.1897,1.7846,1.1761,1.7614,771.149987,3091.220336,6370.471443,1419.896146,1626.215323
2022-03-22,34892.65,-0.0036,0.4872,0.001933,-0.0073,-0.0109,-0.0209,-0.0342,771.12192,3090.99532,6369.775863,1419.599121,1625.659965
2022-03-23,35233.75,0.9776,0.4926,0.001955,1.9551,2.9327,1.9415,2.9094,778.660175,3151.428592,6556.582874,1447.160333,1672.957483
2022-03-24,35172.9,-0.1727,0.498,0.001976,-0.3454,-0.5181,-0.3591,-0.5414,777.3154,3140.543323,6522.612485,1441.963727,1663.899616
2022-03-25,35134.44,-0.1093,0.5034,0.001997,-0.2187,-0.328,-0.2324,-0.3514,776.46544,3133.675234,6501.215926,1438.612676,1658.052727
2022-03-28,34822.7,-0.8873,0.5196,0.002062,-1.7746,-2.6618,-1.7883,-2.6853,769.576037,3078.06644,6328.164437,1412.885631,1613.528685
2022-03-29,34879.65,0.1635,0.525,0.002083,0.3271,0.4906,0.3133,0.4671,770.834622,3088.134349,6359.212198,1417.312145,1621.065426
2022-03-30,35261.35,1.0943,0.5304,0.002105,2.1887,3.283,2.1749,3.2594,779.270131,3155.72338,6567.985334,1448.136669,1673.902901
2022-03-31,35170.14,-0.2587,0.5358,0.002126,-0.5173,-0.776,-0.5312,-0.7996,777.254404,3139.397657,6517.017409,1440.444611,1660.517996
2022-04-01,35035.36,-0.3832,0.5412,0.002147,-0.7664,-1.1497,-0.7803,-1.1733,774.275788,3115.335881,6442.093317,1429.204831,1641.034667
2022-04-06,34830.44,-0.5849,0.5681,0.002255,-1.1698,-1.7547,-1.1838,-1.7786,769.747089,3078.893005,6329.05491,1412.286612,1611.847905
2022-04-07,34153.06,-1.9448,0.5735,0.002276,-3.8896,-5.8344,-3.9036,-5.8583,754.777101,2959.136807,5959.793837,1357.157036,1517.421079
2022-04-08,34364.54,0.6192,0.5789,0.002297,1.2384,1.8576,1.2244,1.8337,759.450775,2995.783494,6070.505193,1373.774355,1545.245689
2022-04-11,33895.0,-1.3664,0.5951,0.002362,-2.7327,-4.0991,-2.7468,-4.1231,749.074017,2913.917699,5821.672093,1336.039953,1481.533058
2022-04-12,33780.76,-0.337,0.6005,0.002383,-0.6741,-1.0111,-0.6882,-1.0353,746.549331,2894.275513,5762.807852,1326.845712,1466.195432
2022-04-13,34398.91,1.8299,0.6059,0.002404,3.6598,5.4897,3.6457,5.4655,760.210346,3000.199501,6079.166602,1375.218059,1546.330188
2022-04-14,34289.39,-0.3184,0.6113,0.002426,-0.6368,-0.9551,-0.6509,-0.9794,757.789972,2981.0953,6021.101652,1366.266812,1531.185997
2022-04-15,33810.23,-1.3974,0.6167,0.002447,-2.7948,-4.1922,-2.809,-4.2165,747.200613,2897.779637,5768.684995,1327.889005,1466.62415
2022-04-18,33600.85,-0.6193,0.6329,0.002512,-1.2386,-1.8578,-1.2528,-1.8822,742.573349,2861.888896,5661.512054,1311.253505,1439.018936
2022-04-19,33788.8,0.5594,0.6383,0.002533,1.1187,1.6781,1.1045,1.6537,746.727014,2893.905468,5756.5169,1325.736069,1462.815296
2022-04-20,34097.96,0.915,0.6437,0.002554,1.83,2.7449,1.8157,2.7205,753.5594,2946.86265,5914.529445,1349.80739,1502.610592
2022-04-21,34059.54,-0.1127,0.6491,0.002576,-0.2254,-0.338,-0.2396,-0.3625,752.710324,2940.221874,5894.536793,1346.572808,1497.162987
2022-04-22,33860.66,-0.5839,0.6545,0.002597,-1.1678,-1.7518,-1.1821,-1.7763,748.315108,2905.884867,5791.278897,1330.654421,1470.568651
2022-04-25,33056.78,-2.3741,0.6707,0.002661,-4.7482,-7.1222,-4.7625,-7.1469,730.54949,2767.90866,5378.809682,1267.281568,1365.468059
2022-04-26,33104.28,0.1437,0.6761,0.002683,0.2874,0.4311,0.273,0.4063,731.599233,2775.863195,5401.996465,1270.741185,1371.016579
2022-04-27,32425.21,-2.0513,0.6815,0.002704,-4.1026,-6.1539,-4.117,-6.1787,716.591896,2661.980312,5069.562072,1218.424489,1286.305702
2022-04-28,32656.2,0.7124,0.6869,0.002726,1.4248,2.1371,1.4103,2.1123,721.696737,2699.907026,5177.905378,1235.608217,1313.476556
2022-04-29,32999.88,1.0524,0.6923,0.002747,2.1048,3.1573,2.0904,3.1324,729.29201,2756.735686,5341.385132,1261.437176,1354.619858
2022-05-03,32814.36,-0.5622,0.7139,0.002833,-1.1244,-1.6866,-1.1389,-1.7116,725.192048,2725.73984,5251.299916,1247.070581,1331.434425
2022-05-04,32947.47,0.4056,0.7193,0.002854,0.8113,1.2169,0.7967,1.1919,728.133757,2747.853526,5315.204914,1257.006374,1347.303303
2022-05-05,33206.59,0.7865,0.7247,0.002876,1.5729,2.3594,1.5583,2.3343,733.860267,2791.075285,5440.611438,1276.594884,1378.753077
2022-05-06,32633.97,-1.7244,0.7301,0.002897,-3.4488,-5.1733,-3.4634,-5.1984,721.205458,2694.815746,5159.154993,1232.380826,1307.079847
2022-05-09,31919.41,-2.1896,0.7462,0.002961,-4.3792,-6.5689,-4.3939,-6.5941,705.413797,2576.803286,4820.257293,1178.231145,1220.889064
2022-05-10,31944.81,0.0796,0.7516,0.002983,0.1592,0.2387,0.1445,0.2134,705.975133,2580.904289,4831.764511,1179.933239,1223.494389
2022-05-11,31834.54,-0.3452,0.757,0.003004,-0.6904,-1.0356,-0.7051,-1.0609,703.538184,2563.086289,4781.728339,1171.613663,1210.51384
2022-05-12,31059.72,-2.4339,0.7624,0.003026,-4.8678,-7.3017,-4.8825,-7.3271,686.414787,2438.320514,4432.581272,1114.409316,1121.818184
2022-05-13,31489.04,1.3822,0.7678,0.003047,2.7645,4.1467,2.7497,4.1213,695.90269,2505.727417,4616.388061,1145.052536,1168.051253
2022-05-16,31625.29,0.4327,0.784,0.003111,0.8654,1.2981,0.8506,1.2725,698.913793,2527.411493,4676.312041,1154.791928,1182.914508
2022-05-17,31933.66,0.9751,0.7894,0.003133,1.9501,2.9252,1.9353,2.8996,705.72872,2576.699761,4813.104558,1177.140721,1217.214201
2022-05-18,32412.52,1.4995,0.7948,0.003154,2.9991,4.4986,2.9842,4.473,716.311449,2653.97737,5029.628745,1212.269332,1271.659773
2022-05-19,31862.52,-1.6969,0.8002,0.003175,-3.3938,-5.0906,-3.4086,-5.1163,704.156538,2563.908004,4773.589183,1170.94753,1206.597316
2022-05-20,32110.18,0.7773,0.8056,0.003197,1.5546,2.3318,1.5397,2.3061,709.629784,2603.765332,4884.901197,1188.97603,1234.422316
2022-05-23,32133.18,0.0716,0.8218,0.003261,0.1433,0.2149,0.1283,0.189,710.13808,2607.495402,4895.398123,1190.501358,1236.755346
2022-05-24,31751.26,-1.1886,0.8272,0.003283,-2.3771,-3.5657,-2.3921,-3.5916,701.69771,2545.512452,4720.844862,1162.023427,1192.33616
2022-05-25,32030.51,0.8795,0.8326,0.003304,1.759,2.6385,1.744,2.6125,707.869089,2590.287642,4845.403314,1182.288825,1223.486001
2022-05-26,31762.0,-0.8383,0.838,0.003325,-1.6766,-2.5149,-1.6916,-2.5409,701.935062,2546.859165,4723.547067,1162.288982,1192.398454
2022-05-27,32353.78,1.8632,0.8434,0.003347,3.7263,5.5895,3.7113,5.5635,715.013304,2641.763788,4987.570178,1205.424856,1258.736955
2022-05-30,33038.79,2.1172,0.8596,0.003411,4.2345,6.3517,4.2194,6.3256,730.151914,2753.629209,5304.367979,1256.286312,1338.359104
2022-05-31,33432.03,1.1902,0.865,0.003432,2.3805,3.5707,2.3653,3.5445,738.842455,2819.178653,5493.771676,1286.001701,1385.796999
2022-06-01,33169.15,-0.7863,0.8704,0.003454,-1.5726,-2.3589,-1.5878,-2.3852,733.032849,2774.843583,5364.17715,1265.582774,1352.742854
2022-06-02,32926.8,-0.7306,0.8758,0.003475,-1.4613,-2.1919,-1.4765,-2.2183,727.676953,2734.29486,5246.59726,1246.896706,1322.735471
2022-06-06,33033.84,0.3251,0.8974,0.003561,0.6502,0.9753,0.6349,0.9488,730.04252,2752.07241,5297.76492,1254.81328,1335.28515
2022-06-07,32848.69,-0.5605,0.9028,0.003582,-1.121,-1.6815,-1.1363,-1.708,725.950735,2721.222457,5208.685252,1240.555333,1312.478647
2022-06-08,33166.38,0.9671,0.9082,0.003604,1.9343,2.9014,1.919,2.8748,732.971633,2773.858052,5359.809745,1264.361002,1350.210066
2022-06-09,33076.13,-0.2721,0.9136,0.003625,-0.5442,-0.8163,-0.5596,-0.843,730.977122,2758.762,5316.055544,1257.286176,1338.828412
2022-06-10,32757.15,-0.9644,0.919,0.003647,-1.9288,-2.8931,-1.9441,-2.9198,723.927716,2705.552033,5162.254413,1232.84308,1299.737271
2022-06-13,31982.73,-2.3641,0.9352,0.003711,-4.7283,-7.0924,-4.7437,-7.1192,706.813159,2577.626764,4796.127958,1174.361105,1207.206867
2022-06-14,31936.87,-0.1434,0.9405,0.003732,-0.2868,-0.4302,-0.3022,-0.457,705.799661,2570.234652,4775.496471,1170.811969,1201.689939
2022-06-15,31844.32,-0.2898,0.9459,0.003754,-0.5796,-0.8694,-0.595,-0.8962,703.754321,2555.338063,4733.979673,1163.845158,1190.919866
2022-06-16,31584.23,-0.8168,0.9513,0.003775,-1.6335,-2.4503,-1.649,-2.4772,698.006374,2513.596372,4617.98466,1144.653455,1161.41864
2022-06-17,31194.99,-1.2324,0.9567,0.003797,-2.4648,-3.6972,-2.4803,-3.7241,689.404233,2451.641894,4447.250307,1116.262875,1118.166019
2022-06-20,30656.95,-1.7248,0.9729,0.003861,-3.4495,-5.1743,-3.4651,-5.2014,677.513636,2367.071813,4217.136572,1077.583301,1060.005965
2022-06-21,31405.9,2.443,0.9783,0.003882,4.886,7.329,4.8704,7.3019,694.065309,2482.727052,4526.210805,1130.066091,1137.4063
2022-06-22,30677.99,-2.3177,0.9837,0.003904,-4.6355,-6.9532,-4.6511,-6.9804,677.978616,2367.640278,4211.492159,1077.505492,1058.010563
2022-06-23,30418.72,-0.8451,0.9891,0.003925,-1.6903,-2.5354,-1.7059,-2.5626,672.248791,2327.620832,4104.713954,1059.12434,1030.897814
2022-06-24,30677.22,0.8498,0.9945,0.003947,1.6996,2.5494,1.684,2.5222,677.961599,2367.181338,4209.360227,1076.959554,1056.898695
2022-06-27,31220.3,1.7703,1.0107,0.004011,3.5406,5.3109,3.5249,5.2835,689.963579,2450.993942,4432.915623,1114.921199,1112.7402
2022-06-28,31044.99,-0.5615,1.0161,0.004032,-1.1231,-1.6846,-1.1388,-1.712,686.089257,2423.468021,4358.239745,1102.22459,1093.690016
2022-06-29,30742.89,-0.9731,1.0215,0.004054,-1.9462,-2.9193,-1.962,-2.9468,679.412896,2376.302299,4231.009145,1080.599299,1061.461335
2022-06-30,29955.51,-2.5612,1.0269,0.004075,-5.1224,-7.6835,-5.1381,-7.711,662.011925,2254.579657,3905.918175,1025.076632,979.611544
2022-07-01,28984.28,-3.2422,1.0323,0.004096,-6.4845,-9.7267,-6.5003,-9.7543,640.547899,2108.381818,3526.000266,958.44372,884.057465
2022-07-04,28828.92,-0.536,1.0485,0.004161,-1.072,-1.608,-1.0879,-1.6357,637.114468,2085.779346,3469.300627,948.016845,869.596667
2022-07-05,29142.05,1.0862,1.0539,0.004182,2.1723,3.2585,2.1564,3.2308,644.034591,2131.089408,3582.347745,968.460298,897.69133
2022-07-06,28467.18,-2.3158,1.0593,0.004204,-4.6316,-6.9474,-4.6475,-6.9752,629.120073,2032.386105,3333.468305,923.451116,835.075962
2022-07-07,29198.38,2.5686,1.0647,0.004225,5.1371,7.7057,5.1212,7.6779,645.279475,2136.792703,3590.335901,970.743011,899.192267
2022-07-08,29479.35,0.9623,1.0701,0.004246,1.9246,2.8868,1.9086,2.859,651.488866,2177.916536,3693.983091,989.270672,924.899998
2022-07-11,29239.1,-0.815,1.0863,0.004311,-1.63,-2.4449,-1.646,-2.4729,646.17938,2142.417487,3603.667724,972.987558,902.027979
2022-07-12,28472.79,-2.6208,1.0917,0.004332,-5.2417,-7.8625,-5.2577,-7.8905,629.244053,2030.118822,3320.328639,921.830615,830.85302
2022-07-13,29243.18,2.7057,1.0971,0.004353,5.4114,8.1171,5.3954,8.089,646.269547,2139.976917,3589.843637,971.566624,898.061105
2022-07-14,29527.24,0.9714,1.1025,0.004375,1.9427,2.9141,1.9267,2.886,652.547227,2181.551181,3694.455822,990.285432,923.979153
2022-07-15,29765.04,0.8054,1.1079,0.004396,1.6107,2.4161,1.5946,2.3879,657.802569,2216.689777,3783.716612,1006.076657,946.043003
2022-07-18,30113.26,1.1699,1.1241,0.004461,2.3398,3.5097,2.3236,3.4814,665.498175,2268.555705,3916.513255,1029.454106,978.978561
2022-07-19,30071.97,-0.1371,1.1295,0.004482,-0.2742,-0.4113,-0.2904,-0.4397,664.585672,2262.334614,3900.402794,1026.464369,974.674227
2022-07-20,30175.46,0.3441,1.1348,0.004503,0.6883,1.0324,0.6721,1.0041,666.872784,2277.905859,3940.671458,1033.362953,984.460457
2022-07-21,30609.71,1.4391,1.1402,0.004525,2.8782,4.3172,2.8619,4.2888,676.469639,2343.467784,4110.800091,1062.937133,1026.682344
2022-07-22,30634.92,0.0824,1.1456,0.004546,0.1647,0.2471,0.1485,0.2186,677.026776,2347.32792,4120.956992,1064.515238,1028.926887
2022-07-25,30615.98,-0.0618,1.1618,0.00461,-0.1236,-0.1855,-0.14,-0.2141,676.608205,2344.425455,4113.313663,1063.025273,1026.724359
2022-07-26,30390.4,-0.7368,1.1672,0.004632,-1.4736,-2.2104,-1.4899,-2.239,671.622924,2309.877778,4022.39239,1047.186751,1003.735558
2022-07-27,30656.81,0.8766,1.1726,0.004653,1.7533,2.6299,1.7369,2.6012,677.510542,2350.375734,4128.176344,1065.375248,1029.844776
2022-07-28,30630.82,-0.0848,1.178,0.004675,-0.1696,-0.2543,-0.1859,-0.283,676.936167,2346.390566,4117.677081,1063.394336,1026.929839
2022-07-29,30879.57,0.8121,1.1834,0.004696,1.6242,2.4363,1.6078,2.4075,682.433502,2384.500199,4217.994882,1080.491364,1051.653323
2022-08-01,30862.41,-0.0556,1.1996,0.00476,-0.1111,-0.1667,-0.1276,-0.1956,682.054268,2381.850031,4210.962972,1079.112568,1049.59631
2022-08-02,30382.48,-1.5551,1.205,0.004782,-3.1101,-4.6652,-3.1266,-4.6941,671.447893,2307.771482,4014.513557,1045.372876,1000.327016
2022-08-03,30453.48,0.2337,1.2104,0.004803,0.4674,0.7011,0.4509,0.6721,673.016982,2318.55742,4042.657783,1050.086097,1007.050118
2022-08-04,30332.58,-0.397,1.2158,0.004825,-0.794,-1.191,-0.8105,-1.22,670.345111,2300.148122,3994.509855,1041.574846,994.763993
2022-08-05,31021.45,2.2711,1.2212,0.004846,4.5421,6.8132,4.5256,6.7841,685.569027,2404.623444,4266.66257,1088.711945,1062.249896
2022-08-08,30990.22,-0.1007,1.2374,0.00491,-0.2013,-0.302,-0.218,-0.3312,684.878849,2399.781866,4253.776531,1086.338975,1058.731698
2022-08-09,31058.17,0.2193,1.2428,0.004932,0.4385,0.6578,0.4219,0.6286,686.380533,2410.30552,4281.75737,1090.922102,1065.386458
2022-08-10,30845.08,-0.6861,1.2482,0.004953,-1.3722,-2.0583,-1.3889,-2.0876,681.671278,2377.231324,4193.626001,1075.770734,1043.145766
2022-08-11,31406.04,1.8186,1.2536,0.004975,3.6373,5.4559,3.6206,5.4266,694.068403,2463.697735,4422.426488,1114.720012,1099.753077
2022-08-12,31597.15,0.6085,1.259,0.004996,1.217,1.8255,1.2003,1.7962,698.291904,2493.681603,4503.159677,1128.100272,1119.506661
2022-08-15,31862.57,0.84,1.2752,0.00506,1.68,2.52,1.6633,2.4906,704.157643,2535.576075,4616.640986,1146.863494,1147.388555
2022-08-16,31871.72,0.0287,1.2806,0.005082,0.0574,0.0862,0.0406,0.0566,704.359856,2537.032362,4620.618279,1147.32965,1148.038239
2022-08-17,31971.14,0.3119,1.286,0.005103,0.6239,0.9358,0.6071,0.9062,706.557022,2552.860297,4663.858669,1154.294705,1158.442252
2022-08-18,31833.17,-0.4315,1.2914,0.005124,-0.8631,-1.2946,-0.8799,-1.3243,703.507907,2530.826792,4603.47866,1144.137815,1143.101576
2022-08-19,31861.63,0.0894,1.2968,0.005146,0.1788,0.2682,0.162,0.2386,704.136869,2535.352093,4615.825687,1145.990803,1145.82849
2022-08-22,31524.04,-1.0596,1.313,0.00521,-2.1191,-3.1787,-2.136,-3.2084,696.676184,2481.625431,4469.1047,1121.512243,1109.065312
2022-08-23,31217.56,-0.9722,1.3184,0.005232,-1.9444,-2.9166,-1.9614,-2.9465,689.903026,2433.372189,4338.757396,1099.515364,1076.387153
2022-08-24,31170.55,-0.1506,1.3238,0.005253,-0.3012,-0.4518,-0.3181,-0.4816,688.864113,2426.04344,4319.15641,1096.01741,1071.202884
2022-08-25,31453.34,0.9072,1.3292,0.005274,1.8145,2.7217,1.7975,2.6918,695.113726,2470.063249,4436.711048,1115.718195,1100.037414
2022-08-26,31619.42,0.528,1.3345,0.005296,1.056,1.5841,1.039,1.5541,698.784067,2496.148117,4506.991245,1127.310935,1117.133139
2022-08-29,30892.09,-2.3003,1.3507,0.00536,-4.6005,-6.9008,-4.6176,-6.9309,682.710192,2381.312145,4195.973211,1075.256298,1039.706027
2022-08-30,30952.11,0.1943,1.3561,0.005381,0.3886,0.5829,0.3715,0.5527,684.036624,2390.565411,4220.430182,1079.250774,1045.452894
2022-08-31,31245.85,0.949,1.3615,0.005403,1.898,2.847,1.8809,2.8169,690.52823,2435.939033,4340.58766,1099.550614,1074.901968
2022-09-01,30639.3,-1.9412,1.3669,0.005424,-3.8824,-5.8237,-3.8996,-5.8539,677.123573,2341.36527,4087.80688,1056.672909,1011.978636
2022-09-02,30372.86,-0.8696,1.3723,0.005446,-1.7392,-2.6088,-1.7564,-2.6391,671.235293,2300.644146,3981.163915,1038.113967,985.271883
2022-09-05,30353.92,-0.0624,1.3885,0.00551,-0.1247,-0.1871,-0.1419,-0.2175,670.816722,2297.774861,3973.716157,1036.640541,983.12931
2022-09-06,30389.34,0.1167,1.3939,0.005531,0.2334,0.3501,0.2161,0.3196,671.599498,2303.137409,3987.626949,1038.88116,986.271807
2022-09-07,29838.1,-1.8139,1.3993,0.005553,-3.6279,-5.4418,-3.6451,-5.4722,659.417183,2219.583014,3770.629198,1001.012796,932.300573
2022-09-08,30197.78,1.2054,1.4047,0.005574,2.4109,3.6163,2.3936,3.5858,667.366053,2273.094438,3906.987067,1024.973006,965.73103
2022-09-12,30672.46,1.5719,1.4263,0.00566,3.1438,4.7157,3.1264,4.685,677.856404,2344.556146,4091.229281,1057.018182,1010.97578
2022-09-13,30852.69,0.5876,1.4317,0.005681,1.1752,1.7628,1.1578,1.7321,681.839458,2372.10916,4163.348921,1069.256374,1028.486475
2022-09-14,30363.77,-1.5847,1.4371,0.005703,-3.1694,-4.7541,-3.1868,-4.7848,671.034405,2296.927929,3965.420194,1035.181393,979.274986
2022-09-15,30436.31,0.2389,1.4425,0.005724,0.4778,0.7167,0.4604,0.6859,672.637527,2307.902795,3993.840734,1039.947117,985.991793
2022-09-16,30212.2,-0.7363,1.4479,0.005746,-1.4726,-2.209,-1.4901,-2.2398,667.684733,2273.915488,3905.617853,1024.450856,963.907256
2022-09-19,29930.43,-0.9326,1.4641,0.00581,-1.8653,-2.7979,-1.8828,-2.8289,661.457661,2231.500757,3796.342202,1005.162606,936.63934
2022-09-20,30187.51,0.8589,1.4695,0.005831,1.7179,2.5768,1.7003,2.5457,667.139088,2269.834601,3894.165419,1022.253514,960.483816
2022-09-21,29928.95,-0.8565,1.4749,0.005853,-1.713,-2.5695,-1.7306,-2.6006,661.424953,2230.951736,3794.1033,1004.562544,935.505378
2022-09-22,29639.23,-0.968,1.4803,0.005874,-1.9361,-2.9041,-1.9536,-2.9352,655.022188,2187.759353,3683.919587,984.937086,908.046507
2022-09-23,29294.27,-1.1639,1.4857,0.005896,-2.3277,-3.4916,-2.3453,-3.5227,647.398628,2136.834315,3555.292268,961.837084,876.058346
2022-09-26,28592.98,-2.3939,1.5019,0.00596,-4.7879,-7.1818,-4.8056,-7.2131,631.900232,2034.52485,3299.956575,915.615378,812.867094
2022-09-27,28693.45,0.3514,1.5073,0.005981,0.7028,1.0541,0.6851,1.0228,634.120603,2048.822675,3334.742732,921.888006,821.1812
2022-09-28,27945.29,-2.6074,1.5127,0.006003,-5.2148,-7.8223,-5.2326,-7.8536,617.586388,1941.979673,3073.890051,873.649685,756.688557
2022-09-29,28087.05,0.5073,1.5181,0.006024,1.0146,1.5218,0.9968,1.4904,620.719261,1961.682101,3120.669453,882.35843,767.966376
2022-09-30,27859.42,-0.8104,1.5235,0.006045,-1.6209,-2.4313,-1.6386,-2.4628,615.688675,1929.885405,3044.795555,867.899741,749.052977
2022-10-03,27601.9,-0.9244,1.5396,0.00611,-1.8487,-2.7731,-1.8665,-2.8047,609.997525,1894.207413,2960.361376,851.700163,728.044662
2022-10-04,28174.81,2.0756,1.545,0.006131,4.1512,6.2269,4.1334,6.1952,622.658743,1972.840432,3144.698756,886.904325,773.148679
2022-10-05,28641.56,1.6566,1.5504,0.006153,3.3132,4.9699,3.2954,4.9382,632.973843,2038.205435,3300.986036,916.131232,811.328267
2022-10-06,28829.62,0.6566,1.5558,0.006174,1.3132,1.9698,1.2953,1.9381,637.129938,2064.97108,3366.008692,927.998029,827.052474
2022-10-07,28435.8,-1.366,1.5612,0.006195,-2.7321,-4.0981,-2.75,-4.1298,628.42658,2008.555012,3228.067067,902.478519,792.89659
2022-10-11,27198.43,-4.3515,1.5828,0.006281,-8.7029,-13.0544,-8.7209,-13.0863,601.080903,1833.752424,2806.663764,823.77436,689.135913
2022-10-12,27146.98,-0.1892,1.5882,0.006302,-0.3783,-0.5675,-0.3963,-0.5995,599.943866,1826.814776,2790.73606,820.509417,685.004777
2022-10-13,26585.61,-2.0679,1.5936,0.006324,-4.1358,-6.2037,-4.1538,-6.2357,587.53768,1751.261693,2617.607907,786.426994,642.290028
2022-10-14,27244.35,2.4778,1.599,0.006345,4.9556,7.4334,4.9376,7.4014,602.095728,1838.047449,2812.185692,825.257311,689.828252
2022-10-17,26908.03,-1.2345,1.6152,0.00641,-2.4689,-3.7034,-2.487,-3.7356,594.66311,1792.667609,2708.039956,804.732902,664.059321
2022-10-18,27238.3,1.2274,1.6206,0.006431,2.4548,3.6822,2.4367,3.65,601.962024,1836.674126,2807.755657,824.341578,688.297369
2022-10-19,26931.3,-1.1271,1.626,0.006452,-2.2542,-3.3813,-2.2723,-3.4135,595.177373,1795.272206,2712.817905,805.609755,664.802076
2022-10-20,26867.69,-0.2362,1.6314,0.006474,-0.4724,-0.7086,-0.4906,-0.7409,593.771603,1786.791571,2693.5954,801.657697,659.876601
2022-10-21,26604.35,-0.9801,1.6368,0.006495,-1.9603,-2.9404,-1.9785,-2.9728,587.951831,1751.765583,2614.392676,785.797105,640.260023
2022-10-24,26682.76,0.2947,1.653,0.006559,0.5895,0.8842,0.5712,0.8517,589.68468,1762.091409,2637.50858,790.285474,645.713084
2022-10-25,26286.65,-1.4845,1.6584,0.006581,-2.969,-4.4535,-2.9873,-4.4861,580.930713,1709.77433,2520.045822,766.677114,616.7459
2022-10-26,26417.25,0.4968,1.6638,0.006602,0.9937,1.4905,0.9754,1.4579,583.816951,1726.763678,2557.606864,774.154912,625.737566
2022-10-27,26826.77,1.5502,1.6692,0.006624,3.1004,4.6506,3.0821,4.618,592.867277,1780.300232,2676.550868,798.014895,654.634034
2022-10-28,26540.47,-1.0672,1.6746,0.006645,-2.1344,-3.2017,-2.1528,-3.2343,586.540094,1742.300879,2590.857005,780.835338,633.461153
2022-10-31,26875.28,1.2615,1.6908,0.006709,2.523,3.7845,2.5046,3.7517,593.93934,1786.259388,2688.908566,800.392133,657.226958
2022-11-01,27056.79,0.6754,1.6962,0.006731,1.3508,2.0261,1.3323,1.9933,597.950682,1810.38743,2743.389538,811.055924,670.327531
2022-11-02,27187.46,0.4829,1.7016,0.006752,0.9659,1.4488,0.9474,1.416,600.838468,1827.87386,2783.136904,818.740158,679.819181
2022-11-03,26951.77,-0.8669,1.707,0.006774,-1.7338,-2.6007,-1.7523,-2.6336,595.629757,1796.181926,2710.755276,804.393423,661.915235
2022-11-04,27035.01,0.3088,1.7124,0.006795,0.6177,0.9265,0.5992,0.8936,597.469348,1807.27687,2735.871616,809.213304,667.830036
2022-11-07,27443.89,1.5124,1.7285,0.006859,3.0248,4.5372,3.0063,4.5041,606.505529,1861.943716,2860.004344,833.540303,697.910063
2022-11-08,27701.59,0.939,1.7339,0.006881,1.878,2.817,1.8594,2.7839,612.200658,1896.911273,2940.571252,849.039373,717.339139
2022-11-09,28305.61,2.1805,1.7393,0.006902,4.3609,6.5414,4.3423,6.5082,625.549402,1979.63377,3132.924527,885.907179,764.024918
2022-11-10,28025.33,-0.9902,1.7447,0.006924,-1.9804,-2.9706,-1.999,-3.0038,619.355259,1940.429404,3039.858585,868.197764,741.075219
2022-11-11,29070.92,3.7309,1.7501,0.006945,7.4617,11.1926,7.4431,11.1594,642.462629,2085.21939,3380.098546,932.818578,823.774541
2022-11-14,29418.21,1.1946,1.7663,0.007009,2.3893,3.5839,2.3705,3.5505,650.137682,2135.040713,3501.237584,954.931461,853.022715
2022-11-15,30189.11,2.6205,1.7717,0.007031,5.241,7.8615,5.2222,7.828,667.174447,2246.937588,3776.48588,1004.800221,919.797597
2022-11-16,30170.51,-0.0616,1.7771,0.007052,-0.1232,-0.1848,-0.142,-0.2183,666.76339,2244.168839,3769.505617,1003.373589,917.789641
2022-11-17,30166.4,-0.0136,1.7825,0.007073,-0.0272,-0.0409,-0.046,-0.0744,666.67256,2243.557412,3767.965106,1002.911787,917.106991
2022-11-18,30103.62,-0.2081,1.7879,0.007095,-0.4162,-0.6243,-0.435,-0.6579,665.285132,2234.219172,3744.440305,998.54886,911.073418
2022-11-21,29988.31,-0.383,1.8041,0.007159,-0.7661,-1.1491,-0.785,-1.1828,662.7368,2217.103104,3701.411785,990.710723,900.297111
2022-11-22,30181.01,0.6426,1.8095,0.007181,1.2852,1.9278,1.2663,1.894,666.995439,2245.596591,3772.765794,1003.2559,917.348963
2022-11-23,30318.69,0.4562,1.8149,0.007202,0.9124,1.3685,0.8935,1.3348,670.038144,2266.084556,3824.397704,1012.219524,929.593495
2022-11-24,30682.84,1.2011,1.8203,0.007223,2.4021,3.6032,2.3832,3.5694,678.0858,2320.519275,3962.19928,1036.342931,962.774508
2022-11-25,30671.45,-0.0371,1.8257,0.007245,-0.0742,-0.1114,-0.0932,-0.1452,677.834083,2318.796442,3957.78677,1035.377115,961.376367
2022-11-28,30211.62,-1.4992,1.8419,0.007309,-2.9984,-4.4976,-3.0174,-4.5316,667.671915,2249.269102,3779.77995,1004.135242,917.810456
2022-11-29,30528.67,1.0494,1.8473,0.007331,2.0989,3.1483,2.0798,3.1143,674.678668,2296.47814,3898.778458,1025.019492,946.393514
2022-11-30,30881.32,1.1551,1.8527,0.007352,2.3103,3.4654,2.2912,3.4314,682.472176,2349.533384,4033.887936,1048.505036,978.867702
2022-12-01,31157.86,0.8955,1.8581,0.007373,1.791,2.6865,1.7719,2.6524,688.583666,2391.613189,4142.257465,1067.083559,1004.830863
2022-12-02,31070.56,-0.2802,1.8635,0.007395,-0.5604,-0.8406,-0.5795,-0.8747,686.65435,2378.211253,4107.439373,1060.900094,996.041477
2022-12-05,31091.43,0.0672,1.8797,0.007459,0.1343,0.2015,0.1152,0.1672,687.115573,2381.406127,4115.716237,1062.121976,997.707117
2022-12-06,30568.76,-1.6811,1.8851,0.00748,-3.3621,-5.0432,-3.3813,-5.0775,675.564651,2301.33972,3908.151508,1026.208072,947.048055
2022-12-07,30363.66,-0.6709,1.8905,0.007502,-1.3419,-2.0128,-1.3611,-2.0472,671.031974,2270.458208,3829.486701,1012.240344,927.660011
2022-12-08,30203.92,-0.5261,1.8959,0.007523,-1.0522,-1.5783,-1.0714,-1.6127,667.501746,2246.568927,3769.047129,1001.395115,912.699825
2022-12-09,30520.19,1.0471,1.9013,0.007545,2.0942,3.1413,2.075,3.1069,674.491262,2293.617281,3887.445986,1022.173868,941.05643
2022-12-12,30327.49,-0.6314,1.9175,0.007609,-1.2628,-1.8942,-1.2821,-1.9287,670.232623,2264.654155,3813.811696,1009.068721,922.905908
2022-12-13,30141.47,-0.6134,1.9228,0.00763,-1.2267,-1.8401,-1.2461,-1.8747,666.121611,2236.872696,3743.633262,996.494932,905.603836
2022-12-14,30590.6,1.4901,1.9282,0.007652,2.9801,4.4702,2.9608,4.4356,676.047311,2303.534782,3910.981902,1025.999039,945.772358
2022-12-15,30627.96,0.1221,1.9336,0.007673,0.2443,0.3664,0.2249,0.3317,676.872961,2309.161351,3925.311234,1028.306291,948.909254
2022-12-16,30200.61,-1.3953,1.939,0.007695,-2.7906,-4.1859,-2.81,-4.2206,667.428595,2244.722184,3761.002371,999.411003,908.859254
2022-12-19,30003.02,-0.6543,1.9552,0.007759,-1.3085,-1.9628,-1.328,-1.9977,663.061888,2215.349622,3687.18236,986.139007,890.703357
2022-12-20,29455.72,-1.8241,1.9606,0.00778,-3.6483,-5.4724,-3.6678,-5.5074,650.966647,2134.527035,3485.403182,949.969538,841.648985
2022-12-21,29589.52,0.4542,1.966,0.007802,0.9085,1.3627,0.889,1.3278,653.923605,2153.918835,3532.899588,958.414523,852.824022
2022-12-22,30023.13,1.4654,1.9714,0.007823,2.9308,4.3963,2.9113,4.3612,663.506316,2217.046641,3688.214773,986.316897,890.017734
2022-12-23,29667.01,-1.1862,1.9768,0.007845,-2.3723,-3.5585,-2.3919,-3.5935,655.636122,2164.451549,3556.971257,962.725626,858.034852
2022-12-26,29695.27,0.0953,1.993,0.007909,0.1905,0.2858,0.1709,0.2506,656.260663,2168.575146,3567.136084,964.370919,860.184996
2022-12-27,29785.27,0.3031,1.9984,0.00793,0.6062,0.9092,0.5865,0.874,658.249649,2181.720119,3599.569759,970.027153,867.703101
2022-12-28,29462.4,-1.084,2.0038,0.007952,-2.168,-3.252,-2.1876,-3.2872,651.114274,2134.420768,3482.512594,948.806428,839.179575
2022-12-29,29279.32,-0.6214,2.0092,0.007973,-1.2428,-1.8642,-1.2625,-1.8995,647.068235,2107.894093,3417.591365,936.827901,823.23921
2022-12-30,29388.8,0.3739,2.0146,0.007994,0.7478,1.1217,0.7281,1.0864,649.487726,2123.65759,3455.928106,943.649233,832.182827
2023-01-03,29568.47,0.6114,2.0451,0.008115,1.2227,1.8341,1.2029,1.7985,653.458404,2149.623779,3519.31211,955.000286,847.149387
2023-01-04,29516.99,-0.1741,2.0534,0.008149,-0.3482,-0.5223,-0.3681,-0.558,652.320704,2142.138601,3500.930281,951.485278,842.422504
2023-01-05,29728.86,0.7178,2.0618,0.008182,1.4356,2.1534,1.4157,2.1176,657.002997,2172.890714,3576.318262,964.955378,860.261993
2023-01-06,29879.13,0.5055,2.0701,0.008215,1.0109,1.5164,0.991,1.4806,660.323939,2194.857267,3630.549741,974.518237,872.999122
2023-01-09,30666.73,2.636,2.0952,0.008314,5.2719,7.9079,5.2519,7.8719,677.729772,2310.568104,3917.64856,1025.698829,941.720453
2023-01-10,30772.22,0.344,2.1036,0.008347,0.688,1.032,0.6679,0.9959,680.061084,2326.464278,3958.077332,1032.549708,951.099096
2023-01-11,30665.12,-0.348,2.1119,0.008381,-0.6961,-1.0441,-0.7162,-1.0802,677.694191,2310.27017,3916.750114,1025.154903,940.824849
2023-01-12,30623.96,-0.1342,2.1203,0.008414,-0.2684,-0.4027,-0.2886,-0.4389,676.784562,2304.068289,3900.978439,1022.19663,936.695897
2023-01-13,30816.23,0.6278,2.1286,0.008447,1.2557,1.8835,1.2355,1.8473,681.033698,2333.000093,3974.45435,1034.826177,953.999164
2023-01-16,31030.1,0.694,2.1537,0.008546,1.388,2.0821,1.3678,2.0456,685.76019,2365.382946,4057.204565,1048.980344,973.514116
2023-01-17,31042.4,0.0396,2.1621,0.00858,0.0793,0.1189,0.059,0.0824,686.032018,2367.258171,4062.029263,1049.599158,974.316219
2023-01-30,32208.37,3.7561,2.2707,0.009011,7.5121,11.2682,7.4914,11.2308,711.799767,2545.089268,4519.745573,1128.228781,1083.739553
2023-01-31,31733.12,-1.4755,2.279,0.009044,-2.9511,-4.4266,-2.9718,-4.4641,701.296819,2469.981234,4319.672509,1094.699555,1035.360367
2023-02-01,32055.19,1.0149,2.2874,0.009077,2.0299,3.0448,2.0091,3.0073,708.414513,2520.118557,4451.197893,1116.69298,1066.496561
2023-02-02,32419.15,1.1354,2.2958,0.00911,2.2708,3.4063,2.25,3.3687,716.457971,2577.346254,4602.816833,1141.818763,1102.423257
2023-02-03,32434.73,0.0481,2.3041,0.009143,0.0961,0.1442,0.0753,0.1065,716.802286,2579.823497,4609.452901,1142.678168,1103.597584
2023-02-06,31998.52,-1.3449,2.3292,0.009243,-2.6898,-4.0347,-2.7107,-4.0725,707.162116,2510.43215,4423.477301,1111.70336,1058.653492
2023-02-07,32015.35,0.0526,2.3375,0.009276,0.1052,0.1578,0.0842,0.1199,707.534056,2513.072933,4430.457042,1112.639526,1059.922517
2023-02-08,32466.98,1.4107,2.3459,0.009309,2.8213,4.232,2.8003,4.194,717.515006,2583.975118,4617.954038,1143.796979,1104.375858
2023-02-09,32426.53,-0.1246,2.3542,0.009342,-0.2492,-0.3738,-0.2702,-0.4118,716.621067,2577.536465,4600.693771,1140.706156,1099.827884
2023-02-10,32401.45,-0.0773,2.3626,0.009375,-0.1547,-0.232,-0.1758,-0.2701,716.066803,2573.549322,4590.018679,1138.701137,1096.85672
2023-02-13,32313.37,-0.2718,2.3877,0.009475,-0.5437,-0.8155,-0.5649,-0.8538,714.12025,2559.557465,4552.586202,1132.269063,1087.491385
2023-02-14,32542.47,0.709,2.396,0.009508,1.418,2.127,1.3968,2.0886,719.183323,2595.851706,4649.418953,1148.084309,1110.204754
2023-02-15,32081.82,-1.4155,2.4044,0.009541,-2.8311,-4.2466,-2.8523,-4.2851,709.003032,2522.361335,4451.976517,1115.337302,1062.631903
2023-02-16,32326.3,0.7621,2.4127,0.009574,1.5241,2.2862,1.5028,2.2476,714.406001,2560.804722,4553.755583,1132.098841,1086.516051
2023-02-17,32179.12,-0.4553,2.4211,0.009608,-0.9106,-1.3659,-0.9319,-1.4045,711.153346,2537.486294,4491.55653,1121.54877,1071.256315
2023-02-20,32327.83,0.4621,2.4462,0.009707,0.9243,1.3864,0.9029,1.3476,714.439813,2560.939365,4553.827286,1131.674679,1085.692745
2023-02-21,32352.28,0.0756,2.4545,0.00974,0.1513,0.2269,0.1298,0.188,714.980154,2564.813115,4564.15966,1133.143778,1087.734378
2023-02-22,32052.47,-0.9267,2.4629,0.009773,-1.8534,-2.7801,-1.8749,-2.819,708.354402,2517.276643,4437.270855,1111.898596,1057.070875
2023-02-23,32461.25,1.2753,2.4712,0.009806,2.5507,3.826,2.5292,3.7871,717.388374,2581.484634,4607.042569,1140.020511,1097.102793
2023-02-24,32229.2,-0.7149,2.4796,0.00984,-1.4297,-2.1446,-1.4513,-2.1836,712.260106,2544.577028,4508.241916,1123.475956,1073.146442
2023-03-01,32426.08,0.6109,2.5214,0.010005,1.2217,1.8326,1.2,1.7932,716.611122,2575.665378,4590.861032,1136.958088,1092.390618
2023-03-02,32426.54,0.0014,2.5297,0.010039,0.0028,0.0043,-0.0189,-0.0352,716.621288,2575.738456,4591.056411,1136.743115,1092.006245
2023-03-03,32446.71,0.0622,2.5381,0.010072,0.1244,0.1866,0.1026,0.1471,717.067042,2578.942784,4599.623616,1137.909711,1093.612562
2023-03-06,32769.12,0.9937,2.5632,0.010171,1.9873,2.981,1.9654,2.9413,724.192251,2630.194633,4736.737485,1160.274673,1125.778689
2023-03-07,32965.31,0.5987,2.5715,0.010204,1.1974,1.7961,1.1755,1.7563,728.528018,2661.688789,4821.814582,1173.913668,1145.551166
2023-03-08,32882.8,-0.2503,2.5799,0.010238,-0.5006,-0.7509,-0.5225,-0.7907,726.704561,2648.364726,4785.608529,1167.779608,1136.493059
2023-03-09,32783.98,-0.3005,2.5882,0.010271,-0.601,-0.9016,-0.623,-0.9415,724.520655,2632.446896,4742.46313,1160.504098,1125.793295
2023-03-10,32275.79,-1.5501,2.5966,0.010304,-3.1002,-4.6504,-3.1222,-4.6903,713.289738,2550.83489,4521.921969,1124.27033,1072.989949
2023-03-13,32348.0,0.2237,2.6216,0.010403,0.4475,0.6712,0.4253,0.631,714.885567,2562.248757,4552.272395,1129.052373,1079.760648
2023-03-14,31932.08,-1.2858,2.63,0.010437,-2.5715,-3.8573,-2.5937,-3.8975,705.693802,2496.359645,4376.677508,1099.768397,1037.676546
2023-03-15,31988.75,0.1775,2.6384,0.01047,0.3549,0.5324,0.3328,0.4921,706.9462,2505.220245,4399.979433,1103.42804,1042.783024
2023-03-16,31700.05,-0.9025,2.6467,0.010503,-1.805,-2.7075,-1.8272,-2.7479,700.565977,2460.00078,4280.849358,1083.265995,1014.128544
2023-03-17,32183.27,1.5244,2.6551,0.010536,3.0487,4.5731,3.0265,4.5326,711.245061,2534.998868,4476.614856,1116.050602,1060.095094
2023-03-20,32114.54,-0.2136,2.6801,0.010635,-0.4271,-0.6407,-0.4495,-0.6813,709.726139,2524.171474,4447.934327,1111.034422,1052.872554
2023-03-21,32309.24,0.6063,2.6885,0.010669,1.2125,1.8188,1.1902,1.7781,714.028977,2554.777934,4528.83346,1124.257508,1071.593681
2023-03-22,32823.67,1.5922,2.6968,0.010702,3.1844,4.7766,3.162,4.7359,725.397797,2636.132643,4745.158678,1159.806598,1122.342778
2023-03-23,33039.48,0.6575,2.7052,0.010735,1.315,1.9724,1.2925,1.9316,730.167163,2670.796883,4838.754491,1174.797381,1144.022103
2023-03-24,33148.03,0.3285,2.7136,0.010768,0.6571,0.9856,0.6346,0.9447,732.566101,2688.346494,4886.447143,1182.252859,1154.830112
2023-03-27,32972.26,-0.5303,2.7386,0.010868,-1.0605,-1.5908,-1.0831,-1.6319,728.681612,2659.836162,4808.714848,1169.448003,1135.984745
2023-03-28,32704.51,-0.812,2.747,0.010901,-1.6241,-2.4361,-1.6467,-2.4773,722.76438,2616.637962,4691.567882,1150.190708,1107.842935
2023-03-29,32851.87,0.4506,2.7553,0.010934,0.9012,1.3517,0.8785,1.3105,726.021013,2640.21806,4754.98569,1160.295362,1122.361297
2023-03-30,33026.44,0.5314,2.7637,0.010967,1.0628,1.5942,1.0401,1.5529,729.878981,2668.27752,4830.787572,1172.363561,1139.789959
2023-03-31,33065.28,0.1176,2.7721,0.011,0.2352,0.3528,0.2125,0.3114,730.737339,2674.553455,4847.830988,1174.854821,1143.339752
2023-04-06,32945.9,-0.361,2.8222,0.011199,-0.7221,-1.0831,-0.745,-1.1249,728.09906,2655.24086,4795.322671,1166.102243,1130.478397
2023-04-07,32999.84,0.1637,2.8305,0.011232,0.3274,0.4912,0.3045,0.4493,729.291126,2663.935337,4818.875803,1169.653109,1135.558079
2023-04-10,33082.51,0.2505,2.8556,0.011332,0.501,0.7515,0.478,0.7095,731.118119,2677.282525,4855.09202,1175.243987,1143.615095
2023-04-11,33161.09,0.2375,2.864,0.011365,0.4751,0.7126,0.452,0.6705,732.854725,2690.00108,4889.688531,1180.555894,1151.282885
2023-04-12,33200.86,0.1199,2.8723,0.011398,0.2399,0.3598,0.2168,0.3176,733.733635,2696.453301,4907.281099,1183.114807,1154.939679
2023-04-13,32938.39,-0.7906,2.8807,0.011431,-1.5811,-2.3717,-1.6042,-2.4139,727.933091,2653.81958,4790.8973,1164.134791,1127.060786
2023-04-14,33214.59,0.8385,2.889,0.011464,1.6771,2.5156,1.6539,2.4733,734.037066,2698.326004,4911.417383,1183.388412,1154.936511
2023-04-17,33285.73,0.2142,2.9141,0.011564,0.4284,0.6425,0.4051,0.6001,735.609248,2709.884714,4942.975644,1188.182268,1161.866778
2023-04-18,33089.5,-0.5895,2.9225,0.011597,-1.1791,-1.7686,-1.2024,-1.8112,731.272597,2677.933444,4855.554388,1173.895953,1140.823569
2023-04-19,32883.14,-0.6236,2.9308,0.01163,-1.2473,-1.8709,-1.2706,-1.9136,726.712074,2644.532012,4764.710567,1158.980191,1118.993324
2023-04-20,32756.06,-0.3865,2.9392,0.011663,-0.7729,-1.1594,-0.7963,-1.2021,723.903627,2624.091924,4709.469545,1149.751363,1105.542239
2023-04-21,32538.08,-0.6655,2.9475,0.011697,-1.3309,-1.9964,-1.3543,-2.0392,719.086304,2589.167116,4615.44998,1134.17991,1082.99855
2023-04-24,32587.89,0.1531,2.9726,0.011796,0.3062,0.4592,0.2827,0.4163,720.187097,2597.094223,4636.646273,1137.385805,1087.506958
2023-04-25,32053.74,-1.6391,2.981,0.011829,-3.2782,-4.9173,-3.3017,-4.9603,708.382469,2511.955978,4408.647657,1099.832202,1033.562905
2023-04-26,32061.93,0.0256,2.9893,0.011862,0.0511,0.0767,0.0275,0.0336,708.563466,2513.23963,4412.026997,1100.135018,1033.909797
2023-04-27,32139.82,0.2429,2.9977,0.011896,0.4859,0.7288,0.4623,0.6857,710.284823,2525.450762,4444.182215,1105.220616,1040.998822
2023-04-28,32489.54,1.0881,3.006,0.011929,2.1762,3.2644,2.1526,3.2211,718.013578,2580.410662,4589.256401,1129.011663,1074.530844
2023-05-02,32609.04,0.3678,3.0395,0.012061,0.7356,1.1034,0.7119,1.0599,720.654509,2599.392714,4639.895727,1137.048574,1085.920273
2023-05-03,32435.79,-0.5313,3.0478,0.012094,-1.0626,-1.5939,-1.0864,-1.6374,716.825712,2571.771859,4565.94121,1124.695796,1068.139011
2023-05-04,32551.79,0.3576,3.0562,0.012128,0.7153,1.0729,0.6914,1.0293,719.389293,2590.166696,4614.928688,1132.472228,1079.13303
2023-05-05,32587.31,0.1091,3.0645,0.012161,0.2182,0.3274,0.1944,0.2837,720.174279,2595.819394,4630.0359,1134.673411,1082.194192
2023-05-08,32740.59,0.4704,3.0896,0.01226,0.9407,1.4111,0.9168,1.3672,723.561743,2620.239157,4695.370403,1145.07573,1096.990122
2023-05-09,32799.25,0.1792,3.0979,0.012293,0.3583,0.5375,0.3343,0.4935,724.858119,2629.628311,4720.607923,1148.904086,1102.404273
2023-05-10,32620.03,-0.5464,3.1063,0.012327,-1.0928,-1.6392,-1.1169,-1.6833,720.897386,2600.890948,4643.225603,1136.072404,1083.847909
2023-05-11,32354.94,-0.8127,3.1147,0.01236,-1.6253,-2.438,-1.6494,-2.4821,715.03894,2558.618137,4530.024664,1117.334179,1056.946097
2023-05-12,32329.33,-0.0792,3.123,0.012393,-0.1583,-0.2375,-0.1824,-0.2816,714.472963,2554.567676,4519.267673,1115.296096,1053.969623
2023-05-15,32272.37,-0.1762,3.1481,0.012492,-0.3524,-0.5286,-0.3766,-0.5729,713.214156,2545.566056,4495.380619,1111.0962,1047.931324
2023-05-16,32687.07,1.285,3.1564,0.012526,2.57,3.855,2.5458,3.8106,722.378959,2610.987111,4668.677561,1139.382136,1087.86363
2023-05-17,33211.32,1.6038,3.1648,0.012559,3.2077,4.8115,3.1834,4.7671,733.964799,2694.739493,4893.312642,1175.653516,1139.722667
2023-05-18,33579.59,1.1089,3.1732,0.012592,2.2177,3.3266,2.1934,3.2821,742.103507,2754.501749,5056.093909,1201.440765,1177.129024
2023-05-19,33731.9,0.4536,3.1815,0.012625,0.9072,1.3607,0.8828,1.3161,745.469533,2779.489438,5124.894064,1212.047407,1192.62148
2023-05-22,33744.36,0.0369,3.2066,0.012725,0.0739,0.1108,0.0494,0.066,745.744897,2781.542831,5130.573214,1212.646713,1193.408621
2023-05-23,33759.26,0.0442,3.2149,0.012758,0.0883,0.1325,0.0638,0.0876,746.074185,2783.999241,5137.369509,1213.420952,1194.453882
2023-05-24,33699.37,-0.1774,3.2233,0.012791,-0.3548,-0.5322,-0.3793,-0.5772,744.750625,2774.121435,5110.027939,1208.818404,1187.560017
2023-05-25,33977.47,0.8252,3.2316,0.012824,1.6505,2.4757,1.6259,2.4307,750.89659,2819.907642,5236.537613,1228.473134,1216.426049
2023-05-26,34421.85,1.3079,3.24,0.012857,2.6157,3.9236,2.5912,3.8785,760.717317,2893.668906,5441.998401,1260.304959,1263.605383
2023-05-29,34696.02,0.7965,3.2651,0.012957,1.593,2.3895,1.5683,2.3442,766.776429,2939.765046,5572.034936,1280.070785,1293.227091
2023-05-30,34671.86,-0.0696,3.2734,0.01299,-0.1393,-0.2089,-0.164,-0.2542,766.242497,2935.670932,5560.394952,1277.971945,1289.93913
2023-05-31,34581.01,-0.262,3.2818,0.013023,-0.5241,-0.7861,-0.5488,-0.8315,764.234727,2920.286369,5516.685568,1270.958622,1279.213349
2023-06-01,34447.18,-0.387,3.2901,0.013056,-0.774,-1.161,-0.7988,-1.2065,761.277105,2897.683101,5452.636135,1260.806572,1263.779765
2023-06-02,34853.76,1.1803,3.2985,0.013089,2.3606,3.5409,2.3358,3.4954,770.262458,2966.085797,5645.708497,1290.256543,1307.953365
2023-06-05,34875.44,0.0622,3.3236,0.013189,0.1244,0.1866,0.0995,0.1409,770.741582,2969.775771,5656.243856,1291.540482,1309.795823
2023-06-06,34979.1,0.2972,3.3319,0.013222,0.5945,0.8917,0.5695,0.8459,773.032451,2987.429854,5706.679885,1298.896195,1320.875108
2023-06-07,35320.33,0.9755,3.3403,0.013255,1.9511,2.9266,1.9261,2.8807,780.573579,3045.716128,5873.690218,1323.914097,1358.92557
2023-06-08,34928.14,-1.1104,3.3486,0.013288,-2.2208,-3.3311,-2.2458,-3.3771,771.906244,2978.078061,5678.029314,1294.182227,1313.033532
2023-06-09,35246.92,0.9127,3.357,0.013321,1.8253,2.738,1.8003,2.692,778.95123,3032.438341,5833.49498,1317.481648,1348.380575
2023-06-12,35391.81,0.4111,3.3821,0.013421,0.8221,1.2332,0.797,1.187,782.153276,3057.369313,5905.434465,1327.982182,1364.385951
2023-06-13,35944.73,1.5623,3.3904,0.013454,3.1246,4.6868,3.0994,4.6406,794.372718,3152.898795,6182.213146,1369.141719,1427.70129
2023-06-14,36000.39,0.1548,3.3988,0.013487,0.3097,0.4645,0.2845,0.4182,795.602795,3162.66325,6210.932403,1373.036984,1433.672039
2023-06-15,36269.21,0.7467,3.4071,0.01352,1.4934,2.2401,1.4682,2.1937,801.543674,3209.895357,6350.066133,1393.195935,1465.123028
2023-06-16,36178.33,-0.2506,3.4155,0.013553,-0.5011,-0.7517,-0.5264,-0.7982,799.53524,3193.809245,6302.331925,1385.862135,1453.428649
2023-06-19,36149.02,-0.081,3.4405,0.013653,-0.162,-0.243,-0.1874,-0.2897,798.887494,3188.634293,6287.014356,1383.265168,1449.217819
2023-06-20,36055.44,-0.2589,3.4489,0.013686,-0.5177,-0.7766,-0.5431,-0.8234,796.819391,3172.125276,6238.188236,1375.752127,1437.285598
2023-06-21,36095.11,0.11,3.4573,0.013719,0.2201,0.3301,0.1946,0.2833,797.696092,3179.105538,6258.778937,1378.429676,1441.357017
2023-06-26,35797.92,-0.8234,3.499,0.013885,-1.6467,-2.4701,-1.6723,-2.5172,791.128241,3126.755047,6104.183493,1355.378245,1405.075281
2023-06-27,35493.22,-0.8512,3.5074,0.013918,-1.7023,-2.5535,-1.728,-2.6007,784.39442,3073.527247,5948.313148,1331.957876,1368.533462
2023-06-28,35608.78,0.3256,3.5158,0.013951,0.6512,0.9767,0.6255,0.9295,786.948278,3093.54103,6006.413293,1340.289391,1381.253735
2023-06-29,35686.11,0.2172,3.5241,0.013985,0.4343,0.6515,0.4086,0.6042,788.657258,3106.97724,6045.544873,1345.766352,1389.598751
2023-06-30,35784.54,0.2758,3.5325,0.014018,0.5516,0.8275,0.5259,0.7801,790.832545,3124.116669,6095.569629,1352.843994,1400.438514
2023-07-03,36153.24,1.0303,3.5575,0.014117,2.0607,3.091,2.0348,3.0434,798.980755,3188.494292,6283.983663,1380.372244,1443.059462
2023-07-04,36401.02,0.6854,3.5659,0.01415,1.3707,2.0561,1.3449,2.0084,804.456653,3232.199649,6413.187475,1398.936375,1472.042092
2023-07-05,36239.97,-0.4424,3.5742,0.014184,-0.8849,-1.3273,-0.9108,-1.375,800.897474,3203.599035,6328.065368,1386.19549,1451.80107
2023-07-06,35636.71,-1.6646,3.5826,0.014217,-3.3293,-4.9939,-3.3552,-5.0417,787.565526,3096.943143,6012.049484,1339.686202,1378.605953
2023-07-07,35432.95,-0.5718,3.591,0.01425,-1.1435,-1.7153,-1.1695,-1.7632,783.062463,3061.528363,5908.924207,1324.018624,1354.298723
2023-07-10,35416.05,-0.0477,3.616,0.014349,-0.0954,-0.1431,-0.1214,-0.1912,782.688976,3058.607927,5900.469295,1322.410642,1351.709969
2023-07-11,35967.64,1.5575,3.6244,0.014382,3.1149,4.6724,3.0888,4.6242,794.879025,3153.880977,6176.161236,1363.257614,1414.216324
2023-07-12,36113.95,0.4068,3.6327,0.014416,0.8136,1.2203,0.7874,1.1722,798.112453,3179.539837,6251.531832,1373.992485,1430.79307
2023-07-13,36359.21,0.6791,3.6411,0.014449,1.3583,2.0374,1.3321,1.9891,803.532659,3222.726137,6378.899569,1392.295455,1459.253286
2023-07-14,36840.81,1.3246,3.6495,0.014482,2.6491,3.9737,2.6229,3.9254,814.175941,3308.100099,6632.376862,1428.814448,1516.534154
2023-07-17,36958.91,0.3206,3.6745,0.014581,0.6411,0.9617,0.6148,0.9132,816.785932,3329.309547,6696.160777,1437.5995,1530.382799
2023-07-18,36741.47,-0.5883,3.6829,0.014615,-1.1767,-1.765,-1.203,-1.8136,811.980543,3290.134957,6577.974402,1420.30548,1502.628062
2023-07-19,36511.33,-0.6264,3.6912,0.014648,-1.2528,-1.8791,-1.2791,-1.9278,806.894487,3248.917681,6454.365709,1402.138247,1473.660539
2023-07-20,36641.17,0.3556,3.6996,0.014681,0.7112,1.0668,0.6848,1.0181,809.76393,3272.025,6523.223911,1411.740707,1488.664172
2023-07-21,36358.14,-0.7724,3.7079,0.014714,-1.5449,-2.3173,-1.5713,-2.3661,803.509012,3221.476328,6372.060501,1389.5581,1453.440821
2023-07-24,36365.21,0.0194,3.733,0.014814,0.0389,0.0583,0.0124,0.0093,803.665258,3222.729189,6375.777727,1389.730002,1453.576633
2023-07-25,36728.74,0.9997,3.7414,0.014847,1.9993,2.999,1.9728,2.9499,811.699212,3287.162131,6566.986837,1417.146254,1496.456187
2023-07-26,36671.3,-0.1564,3.7497,0.01488,-0.3128,-0.4692,-0.3394,-0.5183,810.429798,3276.880559,6536.176546,1412.336944,1488.700142
2023-07-27,36852.39,0.4938,3.7581,0.014913,0.9876,1.4815,0.961,1.4323,814.431857,3309.244304,6633.007272,1425.909777,1510.022304
2023-07-28,36966.99,0.311,3.7664,0.014946,0.6219,0.9329,0.5953,0.8837,816.964499,3329.82584,6694.887327,1434.398049,1523.36567
2023-07-31,36654.26,-0.846,3.7915,0.015046,-1.6919,-2.5379,-1.7187,-2.5874,810.053216,3273.487121,6524.976919,1409.745137,1483.950575
2023-08-01,36810.67,0.4267,3.7999,0.015079,0.8534,1.2802,0.8266,1.2306,813.509852,3301.42418,6608.506499,1421.398782,1502.212495
2023-08-02,36133.38,-1.8399,3.8082,0.015112,-3.6799,-5.5198,-3.7067,-5.5694,798.541853,3179.936493,6243.73112,1368.712144,1418.548656
2023-08-04,36072.73,-0.1679,3.8249,0.015178,-0.3357,-0.5036,-0.3626,-0.5533,797.201497,3169.261425,6212.290748,1363.749395,1410.700214
2023-08-07,36399.79,0.9067,3.85,0.015278,1.8133,2.72,1.7864,2.6701,804.429471,3226.730801,6381.265357,1388.110766,1448.367097
2023-08-08,36145.48,-0.6987,3.8584,0.015311,-1.3973,-2.096,-1.4243,-2.146,798.809261,3181.643183,6247.515718,1368.339445,1417.28571
2023-08-09,36142.32,-0.0087,3.8667,0.015344,-0.0175,-0.0262,-0.0445,-0.0763,798.739425,3181.086876,6245.87716,1367.730051,1416.204596
2023-08-10,35659.69,-1.3354,3.8751,0.015377,-2.6707,-4.0061,-2.6978,-4.0562,788.07338,3096.128967,5995.662368,1330.831386,1358.760521
2023-08-11,35596.18,-0.1781,3.8834,0.01541,-0.3562,-0.5343,-0.3833,-0.5845,786.66982,3085.10054,5963.627498,1325.73008,1350.818746
2023-08-14,35151.09,-1.2504,3.9085,0.01551,-2.5008,-3.7512,-2.528,-3.8015,776.833403,3007.949149,5739.922233,1292.215753,1299.466753
2023-08-15,35282.85,0.3748,3.9168,0.015543,0.7497,1.1245,0.7224,1.0741,779.745277,3030.499083,5804.468637,1301.55109,1313.423882
2023-08-16,35269.75,-0.0371,3.9252,0.015576,-0.0743,-0.1114,-0.1015,-0.1619,779.455769,3028.248724,5798.003297,1300.2295,1311.297408
2023-08-17,35428.05,0.4488,3.9336,0.015609,0.8977,1.3465,0.8703,1.2959,782.954174,3055.431892,5876.07223,1311.545883,1328.290457
2023-08-18,35141.0,-0.8102,3.9419,0.015643,-1.6205,-2.4307,-1.6478,-2.4814,776.610415,3005.919615,5733.242478,1289.934017,1295.330905
2023-08-21,35141.56,0.0016,3.967,0.015742,0.0032,0.0048,-0.0243,-0.0461,776.622791,3006.015418,5733.51657,1289.621063,1294.734167
2023-08-22,35262.22,0.3434,3.9753,0.015775,0.6867,1.0301,0.6592,0.9791,779.289358,3026.657975,5792.575369,1298.12259,1307.411518
2023-08-23,35563.32,0.8539,3.9837,0.015808,1.7078,2.5617,1.6803,2.5107,785.943619,3078.346536,5940.961753,1319.934452,1340.236482
2023-08-24,35984.99,1.1857,3.9921,0.015841,2.3714,3.5571,2.3438,3.506,795.262458,3151.345704,6152.285556,1350.871446,1387.225385
2023-08-25,35370.65,-1.7072,4.0004,0.015875,-3.4144,-5.1216,-3.442,-5.1727,781.685643,3043.745412,5837.187919,1304.374388,1315.467686
2023-08-28,35435.95,0.1846,4.0255,0.015974,0.3692,0.5538,0.3416,0.5025,783.128762,3054.983915,5869.517127,1308.829508,1322.078381
2023-08-29,35686.65,0.7075,4.0338,0.016007,1.4149,2.1224,1.3872,2.071,788.669192,3098.210326,5994.092984,1326.986031,1349.459169
2023-08-30,35893.63,0.58,4.0422,0.01604,1.16,1.74,1.1322,1.6885,793.243416,3134.149119,6098.388907,1342.010682,1372.245225
2023-08-31,35715.18,-0.4972,4.0505,0.016074,-0.9943,-1.4915,-1.0221,-1.543,789.2997,3102.985433,6007.432029,1328.293899,1351.071446
2023-09-01,35737.71,0.0631,4.0589,0.016107,0.1262,0.1892,0.0984,0.1377,789.79761,3106.90031,6018.80093,1329.600299,1352.931448
2023-09-04,36049.5,0.8724,4.084,0.016206,1.7449,2.6173,1.717,2.5655,796.688118,3161.111979,6176.332171,1352.429097,1387.64147
2023-09-05,36054.19,0.013,4.0923,0.016239,0.026,0.039,-0.0019,-0.0128,796.791766,3161.934493,6178.742773,1352.40305,1387.463654
2023-09-06,35940.09,-0.3165,4.1007,0.016273,-0.6329,-0.9494,-0.6609,-1.0013,794.270175,3141.921467,6120.081529,1343.464815,1373.570781
2023-09-07,35685.61,-0.7081,4.109,0.016306,-1.4161,-2.1242,-1.4441,-2.1762,788.646208,3097.427634,5990.078654,1324.063214,1343.679433
2023-09-08,35593.17,-0.259,4.1174,0.016339,-0.5181,-0.7771,-0.5461,-0.8292,786.603299,3081.380482,5943.528556,1316.832171,1332.538143
2023-09-11,35295.47,-0.8364,4.1425,0.016438,-1.6728,-2.5092,-1.7009,-2.5614,780.024177,3029.83537,5794.394176,1294.433678,1298.406097
2023-09-12,35595.96,0.8514,4.1508,0.016472,1.7027,2.5541,1.6745,2.5018,786.664958,3081.424723,5942.386893,1316.109405,1330.889089
2023-09-13,35615.46,0.0548,4.1592,0.016505,0.1096,0.1643,0.0814,0.112,787.095904,3084.800824,5952.152879,1317.180086,1332.379286
2023-09-14,36157.07,1.5207,4.1675,0.016538,3.0414,4.5621,3.0132,4.5097,799.065398,3178.622943,6223.698903,1356.869196,1392.465691
2023-09-15,36400.92,0.6744,4.1759,0.016571,1.3488,2.0233,1.3206,1.9707,804.454443,3221.497391,6349.62025,1374.787465,1419.907691
2023-09-18,35921.89,-1.316,4.201,0.01667,-2.632,-3.9479,-2.6603,-4.0007,793.867958,3136.708661,6098.940438,1338.213399,1363.102073
2023-09-19,35788.88,-0.3703,4.2093,0.016704,-0.7406,-1.1108,-0.769,-1.1636,790.928458,3113.479726,6031.19177,1327.923057,1347.241028
2023-09-20,35573.23,-0.6026,4.2177,0.016737,-1.2051,-1.8077,-1.2336,-1.8605,786.162628,3075.958468,5922.166857,1311.542249,1322.175298
2023-09-21,35104.04,-1.3189,4.226,0.01677,-2.6379,-3.9568,-2.6664,-4.0097,775.793605,2994.818299,5687.837155,1276.571827,1269.159656
2023-09-22,35163.86,0.1704,4.2344,0.016803,0.3408,0.5112,0.3123,0.4583,777.115618,3005.025103,5716.914698,1280.558638,1274.975604
2023-09-25,35395.68,0.6593,4.2595,0.016903,1.3185,1.9778,1.2899,1.9246,782.238802,3044.646744,5829.982078,1297.076613,1299.513772
2023-09-26,35019.7,-1.0622,4.2678,0.016936,-2.1244,-3.1867,-2.1531,-3.2399,773.929705,2979.965049,5644.200367,1269.149488,1257.410869
2023-09-27,35093.53,0.2108,4.2762,0.016969,0.4216,0.6325,0.393,0.5792,775.561336,2992.530024,5679.898387,1274.136905,1264.693411
2023-09-28,35186.86,0.2659,4.2845,0.017002,0.5319,0.7978,0.5032,0.7445,777.623914,3008.447079,5725.214852,1280.548164,1274.108676
2023-10-02,35624.87,1.2448,4.3179,0.017135,2.4896,3.7344,2.4608,3.6808,787.303864,3083.346056,5939.019212,1312.059657,1321.00606
2023-10-03,35403.55,-0.6213,4.3263,0.017168,-1.2425,-1.8638,-1.2714,-1.9175,782.412728,3045.035395,5828.330494,1295.378432,1295.676364
2023-10-04,35014.29,-1.0995,4.3347,0.017201,-2.199,-3.2985,-2.2279,-3.3522,773.810145,2978.075416,5636.084016,1266.518749,1252.242054
2023-10-05,35401.95,1.1071,4.343,0.017234,2.2143,3.3214,2.1854,3.2676,782.377368,3044.018819,5823.283385,1294.196685,1293.160446
2023-10-06,35546.64,0.4087,4.3514,0.017267,0.8174,1.2261,0.7884,1.1722,785.574994,3068.901013,5894.683763,1304.400635,1308.319121
2023-10-11,35872.53,0.9168,4.3932,0.017433,1.8336,2.7504,1.8045,2.6962,792.77711,3125.172106,6056.810352,1327.937913,1343.593434
2023-10-12,36203.68,0.9231,4.4015,0.017466,1.8463,2.7694,1.8171,2.7151,800.095471,3182.870894,6224.547008,1352.067698,1380.073227
2023-10-13,36110.42,-0.2576,4.4099,0.017499,-0.5152,-0.7728,-0.5444,-0.8272,798.03444,3166.472862,6176.44406,1344.707014,1368.657836
2023-10-16,35830.0,-0.7766,4.4349,0.017599,-1.5531,-2.3297,-1.5824,-2.3843,791.837204,3117.293577,6032.552204,1323.427961,1336.025603
2023-10-17,35809.14,-0.0582,4.4433,0.017632,-0.1164,-0.1747,-0.1458,-0.2293,791.376201,3113.66384,6022.015863,1321.498705,1332.962265
2023-10-18,35375.35,-1.2114,4.4516,0.017665,-2.4228,-3.6342,-2.4522,-3.6889,781.789512,3038.226327,5803.164732,1289.093431,1283.790893
2023-10-19,35400.88,0.0722,4.46,0.017698,0.1443,0.2165,0.1149,0.1617,782.353721,3042.611636,5815.728972,1290.575025,1285.867358
2023-10-20,35375.04,-0.073,4.4684,0.017732,-0.146,-0.219,-0.1754,-0.2738,781.782661,3038.169877,5802.993828,1288.31106,1282.346578
2023-10-23,34967.59,-1.1518,4.4934,0.017831,-2.3036,-3.4554,-2.3331,-3.5104,772.778082,2968.182546,5602.477037,1258.252972,1237.330704
2023-10-24,35093.27,0.3594,4.5018,0.017864,0.7188,1.0783,0.6893,1.0232,775.55559,2989.518942,5662.886059,1266.925688,1249.990603
2023-10-25,35198.98,0.3012,4.5101,0.017897,0.6025,0.9037,0.5728,0.8485,777.891764,3007.52935,5714.060289,1274.183246,1260.596995
2023-10-26,34585.52,-1.7428,4.5185,0.017931,-3.4857,-5.2285,-3.5153,-5.2837,764.334397,2902.696826,5415.300431,1229.391805,1193.990454
2023-10-27,34716.5,0.3787,4.5268,0.017964,0.7574,1.1361,0.7278,1.0808,767.229034,2924.68263,5476.825837,1238.338788,1206.895673
2023-10-30,34748.92,0.0934,4.5519,0.018063,0.1868,0.2802,0.157,0.2247,767.945511,2930.145059,5492.169436,1240.282985,1209.607128
2023-10-31,34430.12,-0.9174,4.5603,0.018096,-1.8349,-2.7523,-1.8647,-2.8079,760.900082,2876.380496,5341.007592,1217.155678,1175.64289
2023-11-01,34510.66,0.2339,4.5686,0.018129,0.4678,0.7018,0.438,0.6461,762.680003,2889.837532,5378.489141,1222.486946,1183.239251
2023-11-02,35281.8,2.2345,4.577,0.018163,4.469,6.7035,4.4391,6.6478,779.722072,3018.984255,5739.035835,1276.754694,1261.898672
2023-11-03,35520.0,0.6751,4.5853,0.018196,1.3503,2.0254,1.3204,1.9697,784.986254,3059.748731,5855.274661,1293.612568,1286.753661
2023-11-06,35824.94,0.8585,4.6104,0.018295,1.717,2.5755,1.687,2.5196,791.725379,3112.284755,6006.077655,1315.435849,1319.174077
2023-11-07,35901.51,0.2137,4.6188,0.018328,0.4275,0.6412,0.3974,0.5852,793.417563,3125.588763,6044.588706,1320.663823,1326.893612
2023-11-08,36021.75,0.3349,4.6271,0.018362,0.6698,1.0047,0.6398,0.9487,796.074848,3146.524974,6105.32164,1329.112962,1339.481328
2023-11-09,36032.13,0.0288,4.6355,0.018395,0.0576,0.0864,0.0275,0.0303,796.304244,3148.338374,6110.599555,1329.478877,1339.8871
2023-11-10,35896.6,-0.3761,4.6438,0.018428,-0.7523,-1.1284,-0.7824,-1.1846,793.309053,3124.654273,6041.646965,1319.076937,1324.014389
2023-11-13,36233.61,0.9388,4.6689,0.018527,1.8777,2.8165,1.8474,2.7601,800.756919,3183.324996,6211.810332,1343.446054,1360.55833
2023-11-14,36398.05,0.4538,4.6773,0.018561,0.9077,1.3615,0.8774,1.305,804.391017,3212.218941,6296.384027,1355.233432,1378.313782
2023-11-15,36856.51,1.2596,4.6856,0.018594,2.5191,3.7787,2.4888,3.7222,814.522909,3293.139424,6534.306681,1388.963103,1429.616914
2023-11-16,36947.74,0.2475,4.694,0.018627,0.4951,0.7426,0.4647,0.686,816.539077,3309.442276,6582.829301,1395.417917,1439.423567
2023-11-17,37029.06,0.2201,4.7023,0.01866,0.4402,0.6603,0.4098,0.6036,818.336236,3324.010087,6626.294666,1401.13666,1448.111911
2023-11-20,37032.36,0.0089,4.7274,0.01876,0.0178,0.0267,-0.0126,-0.0301,818.409165,3324.602553,6628.066256,1400.959528,1447.675329
2023-11-21,37476.12,1.1983,4.7358,0.018793,2.3966,3.5949,2.3661,3.538,828.216189,3404.280199,6866.339271,1434.107738,1498.893496
2023-11-22,37247.09,-0.6111,4.7441,0.018826,-1.2223,-1.8334,-1.2528,-1.8904,823.154664,3362.670646,6740.451291,1416.141181,1470.55805
2023-11-23,37213.6,-0.0899,4.7525,0.018859,-0.1798,-0.2697,-0.2104,-0.3268,822.41454,3356.623686,6722.269652,1413.16174,1465.751939
2023-11-24,37198.24,-0.0413,4.7608,0.018892,-0.0826,-0.1238,-0.1131,-0.181,822.075086,3353.852777,6713.945754,1411.562763,1463.099293
2023-11-27,36875.5,-0.8676,4.7859,0.018992,-1.7352,-2.6029,-1.7659,-2.6602,814.942585,3295.655269,6539.190805,1386.635392,1424.17773
2023-11-28,37314.34,1.1901,4.7942,0.019025,2.3801,3.5702,2.3494,3.5128,824.640878,3374.095716,6772.651381,1419.212806,1474.205685
2023-11-29,37377.44,0.1691,4.8026,0.019058,0.3382,0.5073,0.3074,0.4498,826.035377,3385.50717,6807.009832,1423.576083,1480.837114
2023-11-30,37513.62,0.3643,4.811,0.019091,0.7287,1.093,0.6979,1.0355,829.044933,3410.176509,6881.411283,1433.510899,1496.170664
2023-12-01,37523.31,0.0258,4.8193,0.019124,0.0517,0.0775,0.0208,0.0199,829.259081,3411.938248,6886.743817,1433.809508,1496.468076
2023-12-04,37487.01,-0.0967,4.8444,0.019224,-0.1935,-0.2902,-0.2244,-0.348,828.456857,3405.336839,6866.757136,1430.591899,1491.259886
2023-12-05,37285.88,-0.5365,4.8527,0.019257,-1.0731,-1.6096,-1.104,-1.6675,824.011916,3368.79536,6756.229981,1414.797759,1466.393479
2023-12-06,37356.41,0.1892,4.8611,0.01929,0.3783,0.5675,0.3473,0.5095,825.570618,3381.540192,6794.57025,1419.711688,1473.865267
2023-12-07,37182.51,-0.4655,4.8695,0.019323,-0.931,-1.3965,-0.9621,-1.4546,821.727456,3350.056983,6699.680851,1406.053192,1452.427027
2023-12-08,37408.99,0.6091,4.8778,0.019356,1.2182,1.8273,1.1871,1.7692,826.732627,3390.867617,6822.104839,1422.745074,1478.123844
2023-12-11,37482.9,0.1976,4.9029,0.019456,0.3951,0.5927,0.364,0.5344,828.366026,3404.266483,6862.540716,1427.923631,1486.023554
2023-12-12,37552.4,0.1854,4.9112,0.019489,0.3708,0.5563,0.3396,0.4979,829.901965,3416.890721,6900.713849,1432.773436,1493.422622
2023-12-13,37591.78,0.1049,4.9196,0.019522,0.2097,0.3146,0.1785,0.2562,830.772257,3424.057088,6922.423523,1435.33101,1497.248636
2023-12-14,38042.17,1.1981,4.9279,0.019555,2.3962,3.5943,2.365,3.5358,840.725803,3506.10487,7171.237784,1469.275923,1550.189061
2023-12-15,38086.91,0.1176,4.9363,0.019588,0.2352,0.3528,0.2039,0.2943,841.71455,3514.351672,7196.539273,1472.272038,1554.750909
2023-12-18,38039.93,-0.1233,4.9614,0.019688,-0.2467,-0.37,-0.2781,-0.4288,840.676299,3505.681804,7169.908595,1468.177749,1548.084302
2023-12-19,37877.27,-0.4276,4.9697,0.019721,-0.8552,-1.2828,-0.8866,-1.3416,837.08154,3475.700981,7077.932295,1455.160384,1527.314935
2023-12-20,38003.67,0.3337,4.9781,0.019754,0.6674,1.0011,0.636,0.9423,839.874959,3498.898461,7148.791466,1464.414595,1541.706128
2023-12-21,37806.92,-0.5177,4.9864,0.019787,-1.0354,-1.5531,-1.0669,-1.6121,835.526816,3462.669946,7037.760764,1448.790461,1516.8526
2023-12-22,37920.89,0.3015,4.9948,0.019821,0.6029,0.9044,0.5714,0.8454,838.045535,3483.546573,7101.407334,1457.068538,1529.675343
2023-12-25,37938.58,0.0466,5.0199,0.01992,0.0933,0.1399,0.0617,0.0807,838.436481,3486.796705,7111.3457,1457.967157,1530.910464
2023-12-26,38255.28,0.8348,5.0282,0.019953,1.6695,2.5043,1.6379,2.445,845.435499,3545.010192,7289.435906,1481.846924,1568.341827
2023-12-27,38556.5,0.7874,5.0366,0.019986,1.5748,2.3622,1.5431,2.3028,852.092413,3600.836628,7461.625775,1504.713251,1604.458321
2023-12-28,38597.16,0.1055,5.0449,0.02002,0.2109,0.3164,0.1792,0.257,852.990992,3608.431198,7485.231889,1507.409476,1608.58118
2023-12-29,38641.2,0.1141,5.0533,0.020053,0.2282,0.3423,0.1964,0.2828,853.964269,3616.665757,7510.85421,1510.370696,1613.130802
2024-01-02,38475.17,-0.4297,5.0695,0.020117,-0.8593,-1.289,-0.8912,-1.3486,850.295033,3585.586235,7414.038341,1496.910799,1591.375933
2024-01-03,37840.62,-1.6492,5.0692,0.020116,-3.2985,-4.9477,-3.3303,-5.0073,836.27158,3467.315998,7047.211265,1447.058983,1511.690439
2024-01-04,37846.73,0.0161,5.0689,0.020115,0.0323,0.0484,0.0005,-0.0112,836.406611,3468.43571,7050.624935,1447.065817,1511.521818
2024-01-05,37780.93,-0.1739,5.0686,0.020114,-0.3477,-0.5216,-0.3795,-0.5812,834.952441,3456.375325,7013.850467,1441.573649,1502.73731
2024-01-08,37896.36,0.3055,5.0678,0.02011,0.611,0.9166,0.5792,0.857,837.503425,3477.495472,7078.137563,1449.923709,1515.615584
2024-01-09,37816.2,-0.2115,5.0675,0.020109,-0.423,-0.6346,-0.4549,-0.6942,835.731902,3462.783978,7033.221626,1443.328525,1505.09484
2024-01-10,37665.54,-0.3984,5.0673,0.020108,-0.7968,-1.1952,-0.8286,-1.2548,832.402341,3435.192468,6949.160417,1431.368875,1486.209158
2024-01-11,37837.4,0.4563,5.067,0.020107,0.9126,1.3688,0.8807,1.3093,836.200419,3466.540601,7044.283124,1443.975582,1505.667471
2024-01-12,37767.32,-0.1852,5.0667,0.020106,-0.3704,-0.5556,-0.4022,-0.6152,834.651662,3453.699594,7005.142218,1438.167342,1496.404336
2024-01-15,37840.64,0.1941,5.0659,0.020103,0.3883,0.5824,0.3565,0.5228,836.272022,3467.109349,7045.940747,1443.293877,1504.228101
2024-01-16,37409.42,-1.1396,5.0656,0.020102,-2.2791,-3.4187,-2.3109,-3.4783,826.74213,3388.089179,6805.060791,1409.940149,1451.906928
2024-01-17,37010.29,-1.0669,5.0654,0.020101,-2.1338,-3.2008,-2.1657,-3.2603,817.921422,3315.79252,6587.246354,1379.405717,1404.569859
2024-01-18,37152.63,0.3846,5.0651,0.0201,0.7692,1.1538,0.7374,1.0942,821.067113,3341.297314,6663.249161,1389.577256,1419.938987
2024-01-19,38131.13,2.6337,5.0648,0.020098,5.2675,7.9012,5.2357,7.8416,842.691804,3517.298821,7189.725158,1462.330733,1531.285325
2024-01-22,38419.19,0.7554,5.064,0.020095,1.5109,2.2663,1.4791,2.2068,849.057884,3570.441389,7352.668577,1483.95992,1565.07745
2024-01-23,38547.48,0.3339,5.0637,0.020094,0.6678,1.0018,0.636,0.9422,851.893072,3594.286344,7426.325038,1493.398541,1579.823793
2024-01-24,38550.16,0.007,5.0634,0.020093,0.0139,0.0209,-0.0179,-0.0387,851.9523,3594.786127,7427.873976,1493.131305,1579.2125
2024-01-25,38823.59,0.7093,5.0632,0.020092,1.4186,2.1279,1.3868,2.0683,857.995058,3645.780591,7585.928073,1513.837589,1611.875386
2024-01-26,38807.22,-0.0422,5.0629,0.020091,-0.0843,-0.1265,-0.1161,-0.186,857.633284,3642.706098,7576.332234,1512.079609,1608.87662
2024-01-29,39075.93,0.6924,5.0621,0.020088,1.3848,2.0773,1.3531,2.0177,863.571732,3693.151946,7733.712966,1532.538824,1641.339371
2024-01-30,38892.62,-0.4691,5.0618,0.020087,-0.9382,-1.4073,-0.97,-1.4669,859.52061,3658.501884,7624.873566,1517.672929,1617.262973
2024-01-31,38579.77,-0.8044,5.0615,0.020085,-1.6088,-2.4132,-1.6406,-2.4727,852.606676,3599.644327,7440.871432,1492.774286,1577.272609
2024-02-01,38749.16,0.4391,5.0613,0.020084,0.8781,1.3172,0.8463,1.2577,856.350168,3631.253834,7538.882064,1505.408201,1597.109322
2024-02-02,38947.18,0.511,5.061,0.020083,1.0221,1.5331,0.9903,1.4736,860.726377,3668.367458,7654.460009,1520.315826,1620.643681
2024-02-05,39025.11,0.2001,5.0602,0.02008,0.4002,0.6003,0.3684,0.5407,862.448618,3683.047642,7700.407782,1525.916618,1629.407302
2024-02-15,40207.99,3.0311,5.0574,0.020069,6.0621,9.0932,6.0304,9.0337,888.590075,3906.319447,8400.622979,1617.935077,1776.603377
2024-02-16,40127.51,-0.2002,5.0572,0.020068,-0.4003,-0.6005,-0.4321,-0.66,886.81148,3890.68173,8350.179114,1610.944095,1764.878169
2024-02-19,40189.07,0.1534,5.0563,0.020065,0.3068,0.4602,0.2751,0.4007,888.171946,3902.619195,8388.609385,1615.375008,1771.950709
2024-02-20,40442.16,0.6297,5.0561,0.020064,1.2595,1.8892,1.2277,1.8298,893.765194,3951.772554,8547.090769,1635.207397,1804.37302
2024-02-21,40276.45,-0.4097,5.0558,0.020063,-0.8195,-1.2292,-0.8513,-1.2887,890.103029,3919.38812,8442.026766,1621.287524,1781.11957
2024-02-22,40657.0,0.9448,5.0555,0.020062,1.8897,2.8345,1.8579,2.775,898.513123,3993.452401,8681.318954,1651.409781,1830.546468
2024-02-23,40735.52,0.1931,5.0552,0.02006,0.3863,0.5794,0.3545,0.5199,900.248402,4008.87734,8731.617095,1657.263845,1840.063434
2024-02-26,40862.45,0.3116,5.0544,0.020057,0.6232,0.9348,0.5914,0.8753,903.053535,4033.860294,8813.239042,1667.065354,1856.16963
2024-02-27,40660.52,-0.4942,5.0542,0.020056,-0.9883,-1.4825,-1.0201,-1.542,898.590914,3993.992033,8682.581872,1650.059576,1827.547724
2024-02-29,40902.82,0.5959,5.0536,0.020054,1.1918,1.7877,1.1601,1.7283,903.945705,4041.593208,8837.802926,1669.201243,1859.13243
2024-03-01,40836.31,-0.1626,5.0533,0.020053,-0.3252,-0.4878,-0.357,-0.5473,902.475845,4028.449549,8794.690817,1663.24271,1848.957665
2024-03-04,41632.9,1.9507,5.0525,0.02005,3.9014,5.8521,3.8696,5.7926,920.080355,4185.61471,9309.362399,1727.603964,1956.060515
2024-03-05,41808.91,0.4228,5.0522,0.020049,0.8455,1.2683,0.8138,1.2088,923.970148,4221.005473,9427.433027,1741.66283,1979.70611
2024-03-06,42051.58,0.5804,5.052,0.020047,1.1609,1.7413,1.1291,1.6818,929.333115,4270.005143,9591.59099,1761.327931,2013.001194
2024-03-07,42470.1,0.9953,5.0517,0.020046,1.9905,2.9858,1.9588,2.9263,938.58234,4354.999931,9877.973047,1795.828032,2071.907726
2024-03-08,42668.07,0.4661,5.0514,0.020045,0.9323,1.3984,0.9005,1.339,942.957445,4395.600698,10016.108511,1811.999962,2099.649812
2024-03-11,42540.32,-0.2994,5.0506,0.020042,-0.5988,-0.8982,-0.6306,-0.9577,940.13419,4369.279471,9926.142558,1800.574272,2079.542266
2024-03-12,42946.76,0.9554,5.0503,0.020041,1.9108,2.8663,1.8791,2.8068,949.116448,4452.769673,10210.652504,1834.408839,2137.911315
2024-03-13,42976.87,0.0701,5.0501,0.02004,0.1402,0.2103,0.1085,0.1509,949.781875,4459.013352,10232.128589,1836.398693,2141.137109
2024-03-14,42998.03,0.0492,5.0498,0.020039,0.0985,0.1477,0.0667,0.0883,950.249507,4463.404212,10247.242196,1837.624056,2143.026976
2024-03-15,42447.2,-1.2811,5.0495,0.020038,-2.5621,-3.8432,-2.5939,-3.9026,938.076253,4349.046557,9853.422636,1789.958634,2059.39285
2024-03-18,42935.74,1.1509,5.0487,0.020034,2.3019,3.4528,2.2701,3.3934,948.872908,4449.156021,10193.642327,1830.593034,2129.275735
2024-03-19,42887.08,-0.1133,5.0484,0.020033,-0.2267,-0.34,-0.2584,-0.3994,947.79753,4439.071372,10158.984303,1825.862707,2120.770804
2024-03-20,42729.97,-0.3663,5.0481,0.020032,-0.7327,-1.099,-0.7644,-1.1584,944.325425,4406.547707,10047.336831,1811.905687,2096.203116
2024-03-21,43630.49,2.1075,5.0479,0.020031,4.2149,6.3224,4.1832,6.263,964.226771,4592.280781,10682.569743,1887.70126,2227.487759
2024-03-22,43697.33,0.1532,5.0476,0.02003,0.3064,0.4596,0.2747,0.4002,965.703924,4606.351127,10731.66543,1892.885921,2236.401307
2024-03-25,43619.26,-0.1787,5.0468,0.020027,-0.3573,-0.536,-0.3891,-0.5954,963.97859,4589.891639,10674.145592,1885.521557,2223.085746
2024-03-26,43477.8,-0.3243,5.0465,0.020026,-0.6486,-0.9729,-0.6803,-1.0323,960.852347,4560.121026,10570.294818,1872.69351,2200.136042
2024-03-27,43641.03,0.3754,5.0462,0.020025,0.7509,1.1263,0.7191,1.0669,964.459703,4594.361422,10689.347936,1886.160703,2223.60895
2024-03-28,43534.18,-0.2448,5.046,0.020024,-0.4897,-0.7345,-0.5214,-0.7939,962.098335,4571.8639,10610.833051,1876.326133,2205.955106
2024-03-29,43858.44,0.7448,5.0457,0.020023,1.4897,2.2345,1.458,2.1751,969.264429,4639.970045,10847.934247,1903.682051,2253.937054
2024-04-01,43702.62,-0.3553,5.0449,0.020019,-0.7106,-1.0658,-0.7423,-1.1252,965.820832,4607.00033,10732.312822,1889.551316,2228.574811
2024-04-02,44230.9,1.2088,5.0446,0.020018,2.4176,3.6264,2.3859,3.567,977.495735,4718.379746,11121.511425,1934.633893,2308.068459
2024-04-03,43952.45,-0.6295,5.0443,0.020017,-1.2591,-1.8886,-1.2908,-1.948,971.342035,4658.971828,10911.469247,1909.661677,2263.107028
2024-04-08,44125.6,0.3939,5.043,0.020012,0.7879,1.1818,0.7562,1.1225,975.168622,4695.679723,11040.425942,1924.102135,2288.509428
2024-04-09,44943.61,1.8538,5.0427,0.020011,3.7076,5.5615,3.6759,5.5021,993.24651,4869.778794,11654.435417,1994.830718,2414.425028
2024-04-10,44872.99,-0.1571,5.0424,0.02001,-0.3143,-0.4714,-0.346,-0.5308,991.68582,4854.475004,11599.497492,1987.929075,2401.609867
2024-04-11,44856.39,-0.037,5.0421,0.020008,-0.074,-0.111,-0.1057,-0.1704,991.318963,4850.883343,11586.624381,1985.827806,2397.518438
2024-04-12,44844.18,-0.0272,5.0419,0.020007,-0.0544,-0.0817,-0.0862,-0.141,991.049124,4848.242502,11577.162673,1984.116934,2394.136968
2024-04-15,44223.94,-1.3831,5.041,0.020004,-2.7662,-4.1493,-2.7979,-4.2087,977.34192,4714.130387,11096.791349,1928.603105,2293.375541
2024-04-16,43039.29,-2.6788,5.0408,0.020003,-5.3575,-8.0363,-5.3892,-8.0956,951.161346,4461.570594,10205.024545,1824.66654,2107.712358
2024-04-17,43712.64,1.5645,5.0405,0.020002,3.129,4.6935,3.0973,4.6341,966.042273,4601.173201,10683.997592,1881.181812,2205.386555
2024-04-18,43903.96,0.4377,5.0402,0.020001,0.8754,1.313,0.8436,1.2537,970.270414,4641.449719,10824.281666,1897.052327,2233.03467
2024-04-19,42230.39,-3.8119,5.0399,0.02,-7.6238,-11.4357,-7.6555,-11.495,933.284787,4287.595943,9586.453024,1751.823806,1976.346662
2024-04-22,41979.74,-0.5935,5.0391,0.019997,-1.1871,-1.7806,-1.2188,-1.8399,927.745463,4236.699614,9415.757623,1730.473231,1939.982913
2024-04-23,42386.44,0.9688,5.0389,0.019995,1.9376,2.9064,1.9059,2.847,936.733467,4318.789962,9689.41739,1763.454312,1995.21512
2024-04-24,43537.96,2.7167,5.0386,0.019994,5.4334,8.1502,5.4017,8.0908,962.181873,4553.448641,10479.119798,1858.711442,2156.643982
2024-04-25,42946.11,-1.3594,5.0383,0.019993,-2.7188,-4.0782,-2.7505,-4.1375,949.102084,4429.650531,10051.763965,1807.58802,2067.412471
2024-04-26,43515.12,1.3249,5.038,0.019992,2.6499,3.9748,2.6182,3.9155,961.677113,4547.030916,10451.303357,1854.913939,2148.36137
2024-04-29,44326.15,1.8638,5.0372,0.019989,3.7276,5.5914,3.6959,5.532,979.600744,4716.525036,11035.674069,1923.46938,2267.209234
2024-04-30,44112.21,-0.4826,5.0369,0.019988,-0.9653,-1.4479,-0.997,-1.5073,974.872705,4670.996454,10875.883148,1904.292516,2233.035823
2024-05-02,43735.55,-0.8539,5.0364,0.019986,-1.7077,-2.5616,-1.7394,-2.6209,966.54858,4591.228176,10597.286124,1871.168722,2174.509291
2024-05-03,43968.87,0.5335,5.0361,0.019985,1.067,1.6004,1.0353,1.5411,971.704914,4640.214657,10766.88903,1890.540318,2208.020716
2024-05-06,44386.24,0.9492,5.0353,0.019981,1.8985,2.8477,1.8668,2.7884,980.928724,4728.308183,11073.499808,1925.83277,2269.588979
2024-05-07,44667.87,0.6345,5.035,0.01998,1.269,1.9035,1.2373,1.8442,987.152701,4788.310266,11284.283358,1949.661296,2311.444051
2024-05-08,44769.5,0.2275,5.0348,0.019979,0.455,0.6826,0.4234,0.6232,989.398708,4810.09935,11361.306623,1957.91542,2325.850073
2024-05-09,44467.27,-0.6751,5.0345,0.019978,-1.3502,-2.0252,-1.3818,-2.0846,982.719473,4745.155299,11131.212851,1930.860069,2277.366294
2024-05-10,44787.5,0.7201,5.0342,0.019977,1.4403,2.1604,1.4086,2.1011,989.796505,4813.499548,11371.696354,1958.058394,2325.21658
2024-05-13,45109.46,0.7189,5.0334,0.019974,1.4377,2.1566,1.406,2.0973,996.911769,4882.704318,11616.936524,1985.589527,2373.98268
2024-05-14,45386.61,0.6144,5.0331,0.019973,1.2288,1.8432,1.1971,1.7839,1003.036739,4942.702443,11831.057949,2009.359214,2416.331511
2024-05-15,45735.57,0.7689,5.0328,0.019972,1.5377,2.3066,1.506,2.2473,1010.748698,5018.707478,12103.951165,2039.621054,2470.633127
2024-05-16,46075.24,0.7427,5.0326,0.019971,1.4854,2.228,1.4537,2.1687,1018.25535,5093.253586,12373.632887,2069.270776,2524.214759
2024-05-17,45976.31,-0.2147,5.0323,0.019969,-0.4294,-0.6441,-0.4611,-0.7034,1016.069013,5071.381727,12293.929113,2059.72929,2506.458271
2024-05-20,46004.77,0.0619,5.0315,0.019966,0.1238,0.1857,0.0921,0.1264,1016.697975,5077.660244,12316.759472,2061.626926,2509.626608
2024-05-21,45929.33,-0.164,5.0312,0.019965,-0.328,-0.4919,-0.3596,-0.5512,1015.030763,5061.007245,12256.167298,2054.212544,2495.792435
2024-05-22,46610.76,1.4836,5.0309,0.019964,2.9673,4.4509,2.9356,4.3917,1030.090256,5211.182402,12801.682773,2114.516571,2605.398994
2024-05-23,46731.01,0.258,5.0307,0.019963,0.516,0.774,0.4843,0.7147,1032.747761,5238.070815,12900.763051,2124.757302,2624.019051
2024-05-24,46639.97,-0.1948,5.0304,0.019962,-0.3896,-0.5845,-0.4213,-0.6437,1030.735792,5217.661499,12825.364372,2115.805649,2607.12719
2024-05-27,47155.74,1.1059,5.0296,0.019959,2.2117,3.3176,2.18,3.2583,1042.134226,5333.060942,13250.853809,2161.931126,2692.074691
2024-05-28,47273.9,0.2506,5.0293,0.019957,0.5011,0.7517,0.4695,0.6924,1044.745542,5359.787465,13350.463372,2172.081047,2710.715741
2024-05-29,46850.42,-0.8958,5.029,0.019956,-1.7916,-2.6874,-1.8233,-2.7467,1035.386703,5263.761421,12991.682677,2132.478265,2636.261041
2024-05-30,46207.63,-1.372,5.0287,0.019955,-2.744,-4.116,-2.7757,-4.1753,1021.181148,5119.323305,12456.943157,2073.28768,2526.189496
2024-05-31,45797.29,-0.888,5.0285,0.019954,-1.7761,-2.6641,-1.8077,-2.7234,1012.1127,5028.400523,12125.077052,2035.808217,2457.39178
2024-06-03,46583.96,1.7177,5.0277,0.019951,3.4354,5.1532,3.4038,5.0939,1029.49798,5201.14838,12749.9023,2105.102775,2582.568814
2024-06-04,46196.03,-0.8328,5.0274,0.01995,-1.6655,-2.4983,-1.6972,-2.5575,1020.92479,5114.522791,12431.376164,2069.375704,2516.518887
2024-06-05,46477.92,0.6102,5.0271,0.019949,1.2204,1.8306,1.1888,1.7713,1027.154513,5176.940831,12658.946409,2093.975464,2561.095222
2024-06-06,47384.11,1.9497,5.0268,0.019948,3.8994,5.8492,3.8678,5.7899,1047.181166,5378.812688,13399.38901,2174.966015,2709.380175
2024-06-07,47289.2,-0.2003,5.0266,0.019947,-0.4006,-0.6009,-0.4323,-0.6602,1045.08367,5357.265249,13318.872397,2165.564693,2691.494039
2024-06-11,47151.88,-0.2904,5.0255,0.019942,-0.5808,-0.8712,-0.6124,-0.9304,1042.04892,5326.152028,13202.845002,2152.302439,2666.452378
2024-06-12,47711.37,1.1866,5.0252,0.019941,2.3731,3.5597,2.3415,3.5005,1054.413559,5452.549058,13672.827943,2202.698431,2759.790532
2024-06-13,48348.58,1.3356,5.0249,0.01994,2.6711,4.0067,2.6395,3.9474,1068.495797,5598.192278,14220.65099,2260.837706,2868.730769
2024-06-14,48767.02,0.8655,5.0246,0.019939,1.7309,2.5964,1.6993,2.5372,1077.743253,5695.093059,14589.875228,2299.255769,2941.514816
2024-06-17,48750.2,-0.0345,5.0238,0.019936,-0.069,-0.1035,-0.1006,-0.1627,1077.371534,5691.164524,14574.778856,2296.942184,2936.728728
2024-06-18,49339.22,1.2082,5.0236,0.019935,2.4165,3.6247,2.3848,3.5655,1090.38878,5828.690513,15103.074303,2351.72061,3041.43747
2024-06-19,50321.38,1.9906,5.0233,0.019934,3.9813,5.9719,3.9496,5.9126,1112.094357,6060.745526,16005.012079,2444.604512,3221.267011
2024-06-20,50772.22,0.8959,5.023,0.019933,1.7918,2.6878,1.7602,2.6285,1122.057849,6169.344556,16435.189053,2487.634535,3305.939107
2024-06-21,50445.25,-0.644,5.0227,0.019931,-1.288,-1.932,-1.3196,-1.9912,1114.831864,6089.88415,16117.664207,2454.807072,3240.110926
2024-06-24,49505.93,-1.8621,5.0219,0.019928,-3.7241,-5.5862,-3.7558,-5.6454,1094.073044,5863.089755,15217.303261,2362.610623,3057.193813
2024-06-25,49650.53,0.2921,5.0216,0.019927,0.5842,0.8763,0.5525,0.817,1097.268681,5897.34031,15350.646199,2375.664967,3082.172288
2024-06-26,49896.81,0.496,5.0214,0.019926,0.9921,1.4881,0.9604,1.4289,1102.711429,5955.845102,15579.076217,2398.481363,3126.212326
2024-06-27,49769.18,-0.2558,5.0211,0.019925,-0.5116,-0.7674,-0.5432,-0.8266,1099.890827,5925.37644,15459.528043,2385.452642,3100.37172
2024-06-28,50048.9,0.562,5.0208,0.019924,1.1241,1.6861,1.0924,1.6269,1106.072594,5991.981769,15720.191722,2411.512255,3150.811385
2024-07-01,50159.02,0.22,5.02,0.019921,0.44,0.6601,0.4084,0.6009,1108.506228,6018.349463,15823.956691,2421.361417,3169.743605
2024-07-02,49852.62,-0.6109,5.0197,0.01992,-1.2217,-1.8326,-1.2533,-1.8918,1101.734837,5944.822417,15533.97134,2391.013517,3109.77916
2024-07-03,50501.99,1.3026,5.0195,0.019918,2.6052,3.9077,2.5735,3.8485,1116.085809,6099.694491,16140.998311,2452.547067,3229.460145
2024-07-04,51339.0,1.6574,5.0192,0.019917,3.3148,4.9721,3.2831,4.9129,1134.583595,6301.884753,16943.551458,2533.06754,3388.121612
2024-07-05,51415.47,0.149,5.0189,0.019916,0.2979,0.4469,0.2663,0.3877,1136.273569,6320.658205,17019.264271,2539.812581,3401.255855
2024-07-08,52135.78,1.401,5.0181,0.019913,2.8019,4.2029,2.7703,4.1437,1152.192304,6497.75795,17734.563358,2610.173008,3542.19328
2024-07-09,52209.5,0.1414,5.0178,0.019912,0.2828,0.4242,0.2512,0.365,1153.821504,6516.133611,17809.793383,2616.729285,3555.122676
2024-07-10,52479.11,0.5164,5.0175,0.019911,1.0328,1.5492,1.0012,1.49,1159.779841,6583.432275,18085.702848,2642.927542,3608.094501
2024-07-11,53330.65,1.6226,5.0173,0.01991,3.2453,4.8679,3.2136,4.8087,1178.598738,6797.081322,18966.093125,2727.861641,3781.596767
2024-07-12,52302.48,-1.9279,5.017,0.019909,-3.8558,-5.7837,-3.8874,-5.8429,1155.876347,6534.997319,17869.142237,2621.817478,3560.640724
2024-07-15,52248.36,-0.1035,5.0162,0.019905,-0.207,-0.3104,-0.2386,-0.3696,1154.680304,6521.47314,17813.671943,2615.562822,3547.480559
2024-07-16,52529.47,0.538,5.0159,0.019904,1.0761,1.6141,1.0444,1.5549,1160.892789,6591.647642,18101.198747,2642.880863,3602.640531
2024-07-17,52045.59,-0.9212,5.0156,0.019903,-1.8423,-2.7635,-1.8739,-2.8226,1150.19912,6470.208516,17600.976221,2593.355183,3500.950635
2024-07-18,51266.41,-1.4971,5.0154,0.019902,-2.9942,-4.4913,-3.0258,-4.5505,1132.979368,6276.476172,16810.458024,2514.884674,3341.63984
2024-07-19,50130.36,-2.216,5.0151,0.019901,-4.4319,-6.6479,-4.4636,-6.7071,1107.872846,5998.306089,15692.912198,2402.631433,3117.513133
2024-07-22,48792.77,-2.6682,5.0143,0.019898,-5.3364,-8.0047,-5.3681,-8.0638,1078.312324,5678.209675,14436.746328,2273.656951,2866.122141
2024-07-23,50151.75,2.7852,5.014,0.019897,5.5704,8.3556,5.5388,8.2965,1108.345562,5994.509544,15643.026451,2399.590543,3103.908949
2024-07-26,48539.19,-3.2154,5.0132,0.019894,-6.4307,-9.6461,-6.4623,-9.7052,1072.708247,5609.019255,14134.086958,2244.52126,2802.667251
2024-07-29,48644.25,0.2164,5.0123,0.01989,0.4329,0.6493,0.4013,0.5902,1075.030056,5633.299988,14225.863964,2253.528315,2819.208183
2024-07-30,48777.14,0.2732,5.0121,0.019889,0.5464,0.8196,0.5148,0.7604,1077.966903,5664.078928,14342.453801,2265.129015,2840.645977
2024-07-31,48730.19,-0.0963,5.0118,0.019888,-0.1925,-0.2888,-0.2241,-0.3479,1076.929316,5653.175111,14301.038199,2260.0528,2830.763267
2024-08-01,49729.5,2.0507,5.0115,0.019887,4.1014,6.1521,4.0698,6.093,1099.013905,5885.034434,15180.852365,2352.032578,3003.240564
2024-08-02,47524.87,-4.4332,5.0113,0.019886,-8.8665,-13.2997,-8.8981,-13.3589,1050.291939,5363.23858,13161.839754,2142.746838,2602.041606
2024-08-05,43565.81,-8.3305,5.0104,0.019883,-16.661,-24.9915,-16.6926,-25.0506,962.797353,4469.669241,9872.497986,1785.066851,1950.213663
2024-08-06,45043.44,3.3917,5.0102,0.019882,6.7834,10.1752,6.7519,10.116,995.452737,4772.866512,10877.040254,1905.5919,2147.497857
2024-08-07,46789.33,3.876,5.0099,0.019881,7.752,11.628,7.7204,11.5689,1034.036624,5142.860452,12141.827034,2052.711997,2395.940072
2024-08-08,45880.56,-1.9423,5.0096,0.019879,-3.8845,-5.8268,-3.9161,-5.8859,1013.952954,4943.085106,11434.349828,1972.325663,2254.917408
2024-08-09,47197.17,2.8696,5.0093,0.019878,5.7393,8.6089,5.7077,8.5498,1043.049822,5226.783269,12418.726174,2084.900268,2447.708753
2024-08-12,47867.63,1.4206,5.0085,0.019875,2.8411,4.2617,2.8095,4.2025,1057.866879,5375.281542,12947.969292,2143.475981,2550.574657
2024-08-13,47931.29,0.133,5.0083,0.019874,0.266,0.399,0.2344,0.3399,1059.273755,5389.578904,12999.628486,2148.500356,2559.243095
2024-08-14,48445.96,1.0738,5.008,0.019873,2.1475,3.2213,2.116,3.1622,1070.647879,5505.321859,13418.385344,2193.961617,2640.171166
2024-08-15,48167.04,-0.5757,5.0077,0.019872,-1.1515,-1.7272,-1.183,-1.7863,1064.483792,5441.929808,13186.62261,2168.006026,2593.009482
2024-08-16,49168.48,2.0791,5.0074,0.019871,4.1582,6.2373,4.1266,6.1782,1086.615454,5668.215924,14009.11106,2257.471375,2753.210473
2024-08-19,49305.49,0.2787,5.0066,0.019868,0.5573,0.836,0.5257,0.7769,1089.643353,5699.805359,14126.221959,2269.339679,2774.599127
2024-08-20,49349.07,0.0884,5.0063,0.019866,0.1768,0.2652,0.1452,0.2061,1090.606464,5709.881216,14163.679497,2272.63482,2780.316611
2024-08-21,48929.24,-0.8507,5.0061,0.019865,-1.7015,-2.5522,-1.733,-2.6113,1081.328289,5612.729256,13802.193198,2233.249094,2707.71415
2024-08-22,48743.9,-0.3788,5.0058,0.019864,-0.7576,-1.1364,-0.7892,-1.1955,1077.232305,5570.208128,13645.348426,2215.62531,2675.344259
2024-08-23,48766.18,0.0457,5.0055,0.019863,0.0914,0.1371,0.0598,0.078,1077.724689,5575.300221,13664.05959,2216.951297,2677.431922
2024-08-26,48951.57,0.3802,5.0047,0.01986,0.7603,1.1405,0.7288,1.0814,1081.821778,5617.690456,13819.895869,2233.107457,2706.38562
2024-08-27,48839.28,-0.2294,5.0044,0.019859,-0.4588,-0.6882,-0.4903,-0.7473,1079.340187,5591.917617,13724.791497,2222.157522,2686.16208
2024-08-28,49252.17,0.8454,5.0042,0.019858,1.6908,2.5362,1.6592,2.4771,1088.464989,5686.466384,14072.881958,2259.028606,2752.701972
2024-08-29,48885.27,-0.7449,5.0039,0.019857,-1.4899,-2.2348,-1.5214,-2.2939,1080.356559,5601.744655,13758.377619,2224.658692,2689.557637
2024-08-30,49032.31,0.3008,5.0036,0.019856,0.6016,0.9024,0.57,0.8433,1083.606119,5635.443171,13882.527399,2237.339466,2712.238178
2024-09-02,48960.74,-0.146,5.0028,0.019852,-0.2919,-0.4379,-0.3235,-0.497,1082.024434,5618.991624,13821.736515,2230.101927,2698.759313
2024-09-03,48647.56,-0.6397,5.0025,0.019851,-1.2793,-1.919,-1.3109,-1.978,1075.103206,5547.107262,13556.502078,2200.868227,2645.376945
2024-09-04,46447.84,-4.5217,5.0022,0.01985,-9.0435,-13.5652,-9.0751,-13.6243,1026.48975,5045.454855,11717.529553,2001.138286,2284.962617
2024-09-05,46663.02,0.4633,5.002,0.019849,0.9265,1.3898,0.895,1.3308,1031.245193,5092.203249,11880.381776,2019.048259,2315.369844
2024-09-06,47208.33,1.1686,5.0017,0.019848,2.3372,3.5058,2.3057,3.4468,1043.296456,5211.219522,12296.888744,2065.600873,2395.175483
2024-09-09,46568.93,-1.3544,5.0009,0.019845,-2.7088,-4.0633,-2.7404,-4.1223,1029.16582,5070.055716,11797.23345,2008.995249,2296.438673
2024-09-10,46391.97,-0.38,5.0006,0.019844,-0.76,-1.14,-0.7915,-1.199,1025.255032,5031.523714,11662.746459,1993.093213,2268.903456
2024-09-11,46319.12,-0.157,5.0003,0.019843,-0.3141,-0.4711,-0.3456,-0.5301,1023.645059,5015.721561,11607.803907,1986.204846,2256.874986
2024-09-12,47767.18,3.1263,5.0001,0.019841,6.2525,9.3788,6.221,9.3198,1055.646951,5329.331394,12696.477214,2109.76643,2467.210252
2024-09-13,48002.35,0.4923,4.9998,0.01984,0.9847,1.477,0.9531,1.4179,1060.84417,5381.806708,12884.001193,2129.874702,2502.19358
2024-09-16,48201.91,0.4157,4.999,0.019837,0.8315,1.2472,0.7999,1.1881,1065.254413,5426.55424,13044.689031,2146.911906,2531.923382
2024-09-18,47824.16,-0.7837,4.9984,0.019835,-1.5674,-2.351,-1.5989,-2.4101,1056.906199,5341.500313,12738.002141,2112.58479,2470.901928
2024-09-19,48627.23,1.6792,4.9981,0.019834,3.3584,5.0376,3.3269,4.9786,1074.653917,5520.890757,13379.697095,2182.868116,2593.918478
2024-09-20,48884.73,0.5295,4.9979,0.019833,1.0591,1.5886,1.0275,1.5296,1080.344625,5579.361263,13592.249116,2205.29792,2633.594676
2024-09-23,49162.92,0.5691,4.997,0.01983,1.1381,1.7072,1.1066,1.6482,1086.492579,5642.862586,13824.298742,2229.701987,2677.001479
2024-09-24,49486.36,0.6579,4.9968,0.019828,1.3158,1.9737,1.2843,1.9147,1093.640551,5717.110717,14097.146522,2258.337015,2728.256971
2024-09-25,50214.86,1.4721,4.9965,0.019827,2.9442,4.4164,2.9127,4.3573,1109.740283,5885.436501,14719.728456,2324.115866,2847.136638
2024-09-26,50433.97,0.4363,4.9962,0.019826,0.8727,1.309,0.8412,1.25,1114.582578,5936.798109,14912.414826,2343.665335,2882.726334
2024-09-27,50354.5,-0.1576,4.996,0.019825,-0.3151,-0.4727,-0.3467,-0.5317,1112.826304,5918.088603,14841.921291,2335.540402,2867.397937
2024-09-30,49034.57,-2.6213,4.9951,0.019822,-5.2426,-7.8638,-5.2741,-7.9228,1083.656065,5607.82983,13674.778504,2212.362165,2640.218744
2024-10-01,49400.47,0.7462,4.9949,0.019821,1.4924,2.2386,1.4609,2.1796,1091.742395,5691.522006,13980.905474,2244.682325,2697.765424
2024-10-04,49207.14,-0.3914,4.994,0.019818,-0.7827,-1.1741,-0.8142,-1.2331,1087.469834,5646.974173,13816.761583,2226.405469,2664.500411
2024-10-07,50089.32,1.7928,4.9932,0.019814,3.5856,5.3784,3.5541,5.3194,1106.965869,5849.450792,14559.877566,2305.533177,2806.235099
2024-10-08,49888.19,-0.4015,4.993,0.019813,-0.8031,-1.2046,-0.8346,-1.2636,1102.520929,5802.474709,14384.485196,2286.291082,2770.774959
2024-10-09,49993.41,0.2109,4.9927,0.019812,0.4218,0.6327,0.3903,0.5737,1104.846274,5826.950898,14475.500857,2295.214584,2786.672153
2024-10-11,50528.56,1.0704,4.9921,0.01981,2.1409,3.2113,2.1094,3.1523,1116.673002,5951.699051,14940.355982,2343.629054,2874.517481
2024-10-14,50691.06,0.3216,4.9913,0.019807,0.6432,0.9648,0.6117,0.9058,1120.264226,5989.980414,15084.500671,2357.964739,2900.5555
2024-10-15,51389.92,1.3787,4.991,0.019806,2.7573,4.136,2.7258,4.077,1135.708919,6155.143965,15708.394952,2422.238574,3018.811701
2024-10-16,50769.8,-1.2067,4.9908,0.019805,-2.4134,-3.6201,-2.4449,-3.6791,1122.004367,6006.596239,15139.737331,2363.017202,2907.747756
2024-10-17,50864.37,0.1863,4.9905,0.019804,0.3725,0.5588,0.341,0.4998,1124.094349,6028.973471,15224.340675,2371.075904,2922.281968
2024-10-18,51820.95,1.8806,4.9902,0.019802,3.7613,5.6419,3.7298,5.583,1145.234612,6255.741067,16083.289669,2459.512012,3085.432252
2024-10-21,51942.88,0.2353,4.9894,0.019799,0.4706,0.7059,0.4391,0.6469,1147.929245,6285.17945,16196.817239,2470.311147,3105.392201
2024-10-22,51927.27,-0.0301,4.9891,0.019798,-0.0601,-0.0902,-0.0916,-0.1491,1147.584267,6281.401776,16182.214719,2468.048121,3100.761501
2024-10-23,51484.62,-0.8524,4.9889,0.019797,-1.7049,-2.5573,-1.7364,-2.6163,1137.801773,6174.311128,15768.382602,2425.193231,3019.636714
2024-10-24,51170.78,-0.6096,4.9886,0.019796,-1.2192,-1.8287,-1.2507,-1.8877,1130.86596,6099.036383,15480.019833,2394.862249,2962.635113
2024-10-25,51514.82,0.6723,4.9883,0.019795,1.3447,2.017,1.3132,1.9581,1138.469188,6181.048519,15792.253457,2426.31092,3020.645158
2024-10-28,51183.03,-0.6441,4.9875,0.019792,-1.2881,-1.9322,-1.3196,-1.9911,1131.136683,6101.428321,15487.115337,2394.292541,2960.499595
2024-10-29,50584.04,-1.1703,4.9872,0.019791,-2.3406,-3.5109,-2.3721,-3.5698,1117.899101,5958.619482,14943.382744,2337.498071,2854.815183
2024-10-30,50349.83,-0.463,4.9869,0.019789,-0.926,-1.389,-0.9575,-1.448,1112.723098,5903.441277,14735.813933,2315.11608,2813.47806
2024-11-01,50261.53,-0.1754,4.9864,0.019787,-0.3507,-0.5261,-0.3822,-0.5851,1110.771682,5882.735194,14658.286023,2306.26679,2797.017565
2024-11-04,50670.37,0.8134,4.9856,0.019784,1.6269,2.4403,1.5954,2.3813,1119.80698,5978.438507,15015.988643,2343.060053,2863.624141
2024-11-05,50982.36,0.6157,4.9853,0.019783,1.2314,1.8472,1.2,1.7882,1126.701909,6052.059956,15293.36011,2371.17584,2914.832706
2024-11-06,51226.38,0.4786,4.985,0.019782,0.9573,1.4359,0.9258,1.377,1132.094711,6109.994648,15512.958756,2393.127809,2954.969359
2024-11-07,51648.76,0.8245,4.9848,0.019781,1.6491,2.4736,1.6176,2.4147,1141.429241,6210.752872,15896.688595,2431.838687,3026.322463
2024-11-08,51968.85,0.6197,4.9845,0.01978,1.2395,1.8592,1.208,1.8003,1148.503178,6287.734387,16192.244832,2461.215338,3080.805559
2024-11-11,51915.34,-0.103,4.9837,0.019776,-0.2059,-0.3089,-0.2374,-0.3678,1147.320616,6274.785989,16142.227542,2455.372072,3069.473909
2024-11-12,50706.53,-2.3284,4.9834,0.019775,-4.6569,-6.9853,-4.6883,-7.0442,1120.60611,5982.578559,15014.648329,2340.256062,2853.254267
2024-11-13,50438.36,-0.5289,4.9831,0.019774,-1.0577,-1.5866,-1.0892,-1.6455,1114.679597,5919.298816,14776.42586,2314.76566,2806.303569
2024-11-14,50118.77,-0.6336,4.9828,0.019773,-1.2672,-1.9009,-1.2987,-1.9598,1107.616709,5844.286515,14495.544527,2284.703121,2751.306022
2024-11-15,50179.21,0.1206,4.9826,0.019772,0.2412,0.3618,0.2097,0.3029,1108.952423,5858.38218,14547.986599,2289.49434,2759.63894
2024-11-18,49746.25,-0.8628,4.9817,0.019769,-1.7257,-2.5885,-1.7571,-2.6474,1099.384078,5757.28672,14171.414532,2249.264946,2686.580669
2024-11-19,50413.13,1.3406,4.9815,0.019768,2.6811,4.0217,2.6497,3.9628,1114.122018,5911.646872,14741.344904,2308.862654,2793.044205
2024-11-20,50059.15,-0.7022,4.9812,0.019767,-1.4043,-2.1065,-1.4358,-2.1654,1106.299117,5828.628629,14430.822153,2275.712241,2732.564367
2024-11-21,49766.37,-0.5849,4.9809,0.019766,-1.1697,-1.7546,-1.2012,-1.8135,1099.828726,5760.449049,14177.618326,2248.3762,2683.009296
2024-11-22,50535.64,1.5458,4.9807,0.019765,3.0915,4.6373,3.0601,4.5784,1116.829469,5938.534798,14835.075347,2317.17774,2805.848036
2024-11-25,50633.11,0.1929,4.9798,0.019761,0.3857,0.5786,0.3543,0.5197,1118.98354,5961.442552,14920.914259,2325.387036,2820.430975
2024-11-26,50038.25,-1.1748,4.9796,0.01976,-2.3497,-3.5245,-2.3812,-3.5834,1105.83723,5821.367264,14395.02191,2270.015983,2719.36317
2024-11-27,49279.3,-1.5167,4.9793,0.019759,-3.0335,-4.5502,-3.0649,-4.6091,1089.064558,5644.777288,13740.016876,2200.441245,2594.024938
2024-11-28,49200.65,-0.1596,4.979,0.019758,-0.3192,-0.4788,-0.3507,-0.5377,1087.326406,5626.759105,13674.229477,2192.725061,2580.077319
2024-11-29,49120.33,-0.1632,4.9787,0.019757,-0.3265,-0.4897,-0.358,-0.5486,1085.551347,5608.38775,13607.259989,2184.875916,2565.922279
2024-12-02,50167.12,2.1311,4.9779,0.019754,4.2621,6.3932,4.2307,6.3343,1108.685236,5847.425404,14477.201845,2277.311148,2728.456675
2024-12-03,50808.14,1.2778,4.9777,0.019753,2.5555,3.8333,2.5241,3.7744,1122.851675,5996.858604,15032.157517,2334.79229,2831.440562
2024-12-04,51310.92,0.9896,4.9774,0.019751,1.9791,2.9687,1.9477,2.9098,1133.963031,6115.544333,15478.416807,2380.266429,2913.830654
2024-12-05,51338.84,0.0544,4.9771,0.01975,0.1088,0.1632,0.0774,0.1044,1134.580059,6122.19968,15503.683791,2382.10804,2916.871941
2024-12-06,51174.1,-0.3209,4.9768,0.019749,-0.6418,-0.9627,-0.6732,-1.0215,1130.939332,6082.908914,15354.435568,2366.070951,2887.075315
2024-12-09,51350.59,0.3449,4.976,0.019746,0.6898,1.0346,0.6583,0.9758,1134.839732,6124.866568,15513.299388,2381.647046,2915.247028
2024-12-10,51027.33,-0.6295,4.9757,0.019745,-1.259,-1.8885,-1.2905,-1.9474,1127.695738,6047.752581,15220.323446,2350.912304,2858.475449
2024-12-11,50538.67,-0.9576,4.9755,0.019744,-1.9153,-2.8729,-1.9467,-2.9318,1116.896431,5931.920741,14783.05405,2305.14621,2774.671125
2024-12-12,50926.92,0.7682,4.9752,0.019743,1.5364,2.3047,1.505,2.2458,1125.476694,6023.061573,15123.754789,2339.838616,2836.985248
2024-12-13,50868.77,-0.1142,4.9749,0.019742,-0.2284,-0.3425,-0.2598,-0.4014,1124.191588,6009.306921,15071.948416,2333.759375,2825.597639
2024-12-16,50911.67,0.0843,4.9741,0.019738,0.1687,0.253,0.1372,0.1942,1125.139671,6019.442777,15110.081041,2336.961864,2831.083874
2024-12-17,50863.3,-0.095,4.9738,0.019737,-0.19,-0.285,-0.2215,-0.3439,1124.070702,6008.004911,15067.013826,2331.786449,2821.348825
2024-12-18,51197.77,0.6576,4.9736,0.019736,1.3152,1.9728,1.2837,1.9139,1131.462435,6087.020523,15364.2496,2361.720281,2875.347203
2024-12-19,50675.89,-1.0193,4.9733,0.019735,-2.0387,-3.058,-2.0701,-3.1169,1119.928971,5962.925498,14894.407188,2312.82974,2785.726674
2024-12-20,49743.34,-1.8402,4.973,0.019734,-3.6804,-5.5207,-3.7119,-5.5795,1099.319767,5743.4631,14072.135724,2226.980068,2630.296887
2024-12-23,51056.61,2.6401,4.9722,0.019731,5.2802,7.9203,5.2487,7.8614,1128.342822,6046.728534,15186.687763,2343.868618,2837.076348
2024-12-24,51091.32,0.068,4.9719,0.01973,0.136,0.204,0.1045,0.1451,1129.109907,6054.950072,15217.661026,2346.318677,2841.193666
2024-12-25,51312.04,0.432,4.9716,0.019729,0.864,1.296,0.8326,1.2372,1133.987783,6107.266144,15414.886825,2365.853808,2876.345191
2024-12-26,51371.36,0.1156,4.9714,0.019728,0.2312,0.3468,0.1998,0.288,1135.298746,6121.386925,15468.348611,2370.580282,2884.629031
2024-12-27,51434.88,0.1236,4.9711,0.019727,0.2473,0.3709,0.2159,0.3121,1136.702527,6136.524951,15525.727829,2375.697522,2893.63276
2024-12-30,51245.97,-0.3673,4.9703,0.019723,-0.7346,-1.1018,-0.766,-1.1607,1132.527647,6091.4485,15354.659175,2357.499927,2860.047767
2024-12-31,50903.23,-0.6688,4.97,0.019722,-1.3376,-2.0064,-1.3691,-2.0653,1124.953148,6009.967632,15046.577043,2325.22444,2800.980624
2025-01-02,50486.46,-0.8187,4.9651,0.019703,-1.6375,-2.4562,-1.6689,-2.515,1115.742599,5911.554458,14676.995668,2286.418578,2730.535422
2025-01-03,50655.05,0.3339,4.9626,0.019693,0.6679,1.0018,0.6365,0.943,1119.46841,5951.035498,14824.028835,2300.970786,2756.285533
2025-01-06,52068.92,2.7912,4.9552,0.019664,5.5823,8.3735,5.551,8.3148,1150.714709,6283.242871,16065.321637,2428.697118,2985.465891
2025-01-07,52297.92,0.4398,4.9527,0.019654,0.8796,1.3194,0.8482,1.2607,1155.775572,6338.51049,16277.288314,2449.29838,3023.104632
2025-01-08,51758.5,-1.0314,4.9503,0.019644,-2.0629,-3.0943,-2.0942,-3.153,1143.854477,6207.755029,15773.618482,2398.004587,2927.787249
2025-01-09,51037.21,-1.3936,4.9478,0.019634,-2.7871,-4.1807,-2.8185,-4.2393,1127.914085,6034.736428,15114.170086,2330.417382,2803.668451
2025-01-10,50884.04,-0.3001,4.9453,0.019624,-0.6002,-0.9003,-0.6316,-0.959,1124.529052,5998.514206,14978.090698,2315.69941,2776.782479
2025-01-13,49726.4,-2.2751,4.9379,0.019595,-4.5501,-6.8252,-4.5814,-6.8837,1098.945396,5725.575187,13955.811202,2209.607685,2585.636527
2025-01-14,50410.09,1.3749,4.9355,0.019585,2.7498,4.1247,2.7185,4.0662,1114.054834,5883.017451,14531.448001,2269.676209,2690.77303
2025-01-15,49784.43,-1.2411,4.933,0.019575,-2.4823,-3.7234,-2.5136,-3.7819,1100.227849,5736.984436,13990.380979,2212.626476,2589.009683
2025-01-16,50913.3,2.2675,4.9305,0.019566,4.535,6.8025,4.5038,6.7441,1125.175694,5997.158536,14942.083431,2312.277869,2763.613845
2025-01-17,51185.24,0.5341,4.9281,0.019556,1.0682,1.6024,1.037,1.5439,1131.185524,6061.223025,15181.511056,2336.255848,2806.28112
2025-01-20,51447.8,0.513,4.9207,0.019527,1.0259,1.5389,0.9947,1.4805,1136.988057,6123.40637,15415.136465,2359.494301,2847.827074
2025-01-21,51521.48,0.1432,4.9182,0.019517,0.2864,0.4296,0.2552,0.3712,1138.616373,6140.945413,15481.365959,2365.515805,2858.399369
2025-01-22,52019.89,0.9674,4.9158,0.019507,1.9348,2.9021,1.9036,2.8438,1149.631154,6259.758328,15930.658232,2410.544641,2939.685667
2025-02-03,50183.03,-3.5311,4.8862,0.01939,-7.0621,-10.5932,-7.0932,-10.6514,1109.036845,5817.685125,14243.088984,2239.558906,2626.56912
2025-02-04,50402.49,0.4373,4.8837,0.01938,0.8746,1.312,0.8436,1.2538,1113.886875,5868.568828,14429.952251,2258.450754,2659.501907
2025-02-05,51215.38,1.6128,4.8812,0.01937,3.2256,4.8384,3.1945,4.7803,1131.851613,6057.865067,15128.129893,2330.597377,2786.633728
2025-02-06,51558.16,0.6693,4.8788,0.01936,1.3386,2.0079,1.3075,1.9498,1139.426995,6138.954575,15431.883592,2361.070304,2840.967177
2025-02-07,51915.65,0.6934,4.8763,0.01935,1.3867,2.0801,1.3557,2.0221,1147.327467,6224.086197,15752.884811,2393.079047,2898.412982
2025-02-10,51415.63,-0.9631,4.8689,0.019321,-1.9263,-2.8894,-1.9573,-2.9474,1136.277105,6104.192963,15297.718163,2346.23917,2812.984436
2025-02-11,51707.3,0.5673,4.8664,0.019311,1.1346,1.7018,1.1035,1.6438,1142.722965,6173.448555,15558.060326,2372.130861,2859.225652
2025-02-12,51498.78,-0.4033,4.864,0.019301,-0.8065,-1.2098,-0.8375,-1.2678,1138.114707,6123.65723,15369.837383,2352.263133,2822.977022
2025-02-13,51741.27,0.4709,4.8615,0.019292,0.9417,1.4126,0.9107,1.3546,1143.473697,6181.325612,15586.951178,2373.685969,2861.218426
2025-02-14,51195.54,-1.0547,4.859,0.019282,-2.1095,-3.1642,-2.1404,-3.2221,1131.413152,6050.933187,15093.751058,2322.878513,2769.026682
2025-02-17,51975.47,1.5234,4.8516,0.019253,3.0469,4.5703,3.0159,4.5124,1148.649479,6235.297072,15783.580832,2392.934394,2893.977081
2025-02-18,52331.01,0.6841,4.8492,0.019243,1.3681,2.0522,1.3372,1.9943,1156.506855,6320.602602,16107.485223,2424.931703,2951.691948
2025-02-19,52193.85,-0.2621,4.8467,0.019233,-0.5242,-0.7863,-0.5551,-0.8441,1153.475642,6287.469901,15980.831677,2411.469914,2926.775728
2025-02-20,51935.96,-0.4941,4.8442,0.019223,-0.9882,-1.4823,-1.0191,-1.5401,1147.776314,6225.337079,15743.947637,2386.893894,2881.700088
2025-02-21,52472.84,1.0337,4.8418,0.019213,2.0675,3.1012,2.0365,3.0434,1159.641275,6354.044008,16232.19955,2435.504169,2969.402092
2025-02-24,52108.12,-0.6951,4.8344,0.019184,-1.3901,-2.0852,-1.421,-2.1429,1151.581022,6265.71462,15893.726857,2400.89519,2905.769996
2025-02-25,51489.87,-1.1865,4.8319,0.019174,-2.373,-3.5594,-2.4038,-3.6171,1137.917797,6117.032301,15328.001402,2343.181719,2800.664236
2025-02-26,51748.22,0.5017,4.8295,0.019164,1.0035,1.5052,0.9726,1.4476,1143.627291,6178.416619,15558.725766,2365.972149,2841.205349
2025-02-27,50975.67,-1.4929,4.827,0.019155,-2.9858,-4.4787,-3.0167,-4.5364,1126.554061,5993.941259,14861.896372,2294.598714,2712.317498
2025-03-03,50319.09,-1.288,4.8171,0.019116,-2.5761,-3.8641,-2.6069,-3.9217,1112.043749,5839.534188,14287.621002,2234.781408,2605.949224
2025-03-04,49966.71,-0.7003,4.8147,0.019106,-1.4006,-2.1009,-1.4314,-2.1584,1104.256208,5757.746737,13987.45628,2202.792883,2549.701131
2025-03-05,50574.84,1.2171,4.8122,0.019096,2.4341,3.6512,2.4033,3.5937,1117.695782,5897.898391,14498.167819,2255.733448,2641.328565
2025-03-06,50228.85,-0.6841,4.8097,0.019086,-1.3682,-2.0523,-1.399,-2.1099,1110.049459,5817.201591,14200.615454,2224.175234,2585.599646
2025-03-07,49920.68,-0.6135,4.8073,0.019076,-1.2271,-1.8406,-1.2578,-1.8981,1103.238952,5745.820821,13939.239551,2196.198523,2536.522029
2025-03-10,49662.16,-0.5179,4.7999,0.019047,-1.0357,-1.5536,-1.0665,-1.611,1097.525702,5686.310029,13722.681671,2172.776582,2495.657548
2025-03-11,48804.06,-1.7279,4.7974,0.019037,-3.4557,-5.1836,-3.4865,-5.2411,1078.561831,5489.805381,13011.349353,2097.022869,2364.858529
2025-03-12,49262.37,0.9391,4.7949,0.019028,1.8782,2.8172,1.8474,2.7598,1088.690408,5592.912897,13377.910958,2135.76389,2430.124487
2025-03-13,48563.54,-1.4186,4.7925,0.019018,-2.8372,-4.2558,-2.8679,-4.3132,1073.246378,5434.23213,12808.578696,2074.512321,2325.30923
2025-03-14,48577.62,0.029,4.79,0.019008,0.058,0.087,0.0273,0.0296,1073.557544,5437.383218,12819.719448,2075.078074,2325.997472
2025-03-17,48910.7,0.6857,4.7826,0.018979,1.3713,2.057,1.3406,1.9997,1080.918558,5511.947744,13083.420643,2102.897528,2372.509847
2025-03-18,49330.94,0.8592,4.7801,0.018969,1.7184,2.5776,1.6877,2.5203,1090.205794,5606.664888,13420.658304,2138.38859,2432.304043
2025-03-19,48642.44,-1.3957,4.7777,0.018959,-2.7914,-4.187,-2.822,-4.2443,1074.990055,5450.163156,12858.731657,2078.0429,2329.069505
2025-03-20,49577.9,1.9231,4.7752,0.018949,3.8463,5.7694,3.8156,5.7121,1095.66357,5659.791194,13600.604132,2157.333023,2462.109281
2025-03-21,49206.44,-0.7492,4.7727,0.018939,-1.4985,-2.2477,-1.5291,-2.305,1087.454364,5574.979775,13294.898541,2124.344466,2405.35817
2025-03-24,48979.66,-0.4609,4.7653,0.01891,-0.9217,-1.3826,-0.9524,-1.4398,1082.442563,5523.592439,13111.080096,2104.112938,2370.725603
2025-03-25,49349.28,0.7546,4.7629,0.0189,1.5093,2.2639,1.4787,2.2068,1090.611105,5606.958892,13407.904375,2135.225886,2423.041677
2025-03-26,49321.23,-0.0568,4.7604,0.018891,-0.1137,-0.1705,-0.1443,-0.2277,1089.991204,5600.58493,13385.041323,2132.14526,2417.525251
2025-03-27,48649.66,-1.3616,4.7579,0.018881,-2.7232,-4.0849,-2.7538,-4.142,1075.149616,5448.067046,12838.279277,2073.42947,2317.391347
2025-03-28,47876.79,-1.5886,4.7555,0.018871,-3.1773,-4.7659,-3.2079,-4.823,1058.069314,5274.966244,12226.415542,2006.916638,2205.622645
2025-03-31,45866.82,-4.1982,4.7481,0.018842,-8.3964,-12.5946,-8.427,-12.6517,1013.649302,4832.057524,10686.542352,1837.794264,1926.574114
2025-04-01,47166.3,2.8332,4.7456,0.018832,5.6663,8.4995,5.6358,8.4424,1042.3676,5105.857282,11594.842604,1941.368307,2089.224145
2025-04-02,47206.32,0.0848,4.7432,0.018822,0.1697,0.2545,0.1392,0.1975,1043.252035,5114.521791,11624.356829,1944.070091,2093.351136
2025-04-07,42627.45,-9.6997,4.7308,0.018773,-19.3994,-29.0991,-19.4299,-29.156,942.059749,4122.335558,8241.774661,1566.339733,1483.013632
2025-04-08,40915.49,-4.0161,4.7284,0.018763,-8.0322,-12.0483,-8.0627,-12.1052,904.22571,3791.221519,7248.781516,1440.051009,1303.492095
2025-04-09,38547.9,-5.7865,4.7259,0.018754,-11.5731,-17.3596,-11.6035,-17.4165,851.902354,3352.460641,5990.421225,1272.9542,1076.469611
2025-04-10,42114.04,9.2512,4.7234,0.018744,18.5024,27.7536,18.4719,27.6967,930.713471,3972.74574,7652.97722,1508.093443,1374.616401
2025-04-11,43286.58,2.7842,4.721,0.018734,5.5684,8.3526,5.538,8.2958,956.626415,4193.964283,8292.200285,1591.611114,1488.651463
2025-04-14,43251.81,-0.0803,4.7136,0.018705,-0.1607,-0.241,-0.1911,-0.2977,955.858004,4187.226669,8272.218124,1588.570163,1484.219008
2025-04-15,44015.61,1.7659,4.7111,0.018695,3.5319,5.2978,3.5015,5.2411,972.737861,4335.114294,8710.464769,1644.193536,1562.007791
2025-04-16,43151.88,-1.9623,4.7086,0.018685,-3.9247,-5.887,-3.955,-5.9437,953.649567,4164.976097,8197.681481,1579.16495,1469.166502
2025-04-17,42868.63,-0.6564,4.7062,0.018675,-1.3128,-1.9692,-1.3432,-2.0259,947.389788,4110.298086,8036.252133,1557.95382,1439.402321
2025-04-18,42993.52,0.2913,4.7037,0.018665,0.5827,0.874,0.5523,0.8173,950.149837,4134.247306,8106.488635,1566.558274,1451.166552
2025-04-21,42353.26,-1.4892,4.6963,0.018636,-2.9784,-4.4676,-3.0087,-4.5242,936.000194,4011.112788,7744.322866,1519.424534,1385.512283
2025-04-22,41659.94,-1.637,4.6938,0.018626,-3.274,-4.911,-3.3043,-4.9676,920.677935,3879.789499,7364.000742,1469.217898,1316.68561
2025-04-23,43534.64,4.5,4.6914,0.018617,9.0,13.5,8.9697,13.4434,962.108501,4228.971056,8358.142274,1601.00219,1493.693203
2025-04-24,43181.51,-0.8111,4.6889,0.018607,-1.6223,-2.4334,-1.6526,-2.49,954.304385,4160.364698,8154.751771,1574.543908,1456.499942
2025-04-25,44054.94,2.0227,4.6864,0.018597,4.0454,6.0681,4.0151,6.0115,973.607047,4328.667629,8649.588901,1637.763193,1544.05779
2025-04-28,44413.35,0.8136,4.679,0.018568,1.6271,2.4407,1.5968,2.3842,981.52785,4399.099583,8860.695703,1663.915499,1580.870547
2025-04-29,44852.79,0.9894,4.6766,0.018558,1.9789,2.9683,1.9486,2.9118,991.239403,4486.151802,9123.707441,1696.338561,1626.902588
2025-04-30,44858.1,0.0118,4.6741,0.018548,0.0237,0.0355,-0.0066,-0.0209,991.356753,4487.214008,9126.947833,1696.226994,1626.561833
2025-05-02,46083.15,2.7309,4.6692,0.018528,5.4619,8.1928,5.4317,8.1364,1018.43016,4732.300694,9874.703586,1788.360192,1758.905617
2025-05-05,45518.63,-1.225,4.6618,0.018499,-2.45,-3.675,-2.4802,-3.7314,1005.954359,4616.359037,9511.807321,1744.005075,1693.274296
2025-05-06,45495.58,-0.0506,4.6593,0.018489,-0.1013,-0.1519,-0.1315,-0.2083,1005.444958,4611.683717,9497.357381,1741.712181,1689.747889
2025-05-07,45548.57,0.1165,4.6568,0.01848,0.2329,0.3494,0.2028,0.2931,1006.616029,4622.426436,9530.542911,1745.243673,1694.700445
2025-05-08,45541.7,-0.0151,4.6544,0.01847,-0.0302,-0.0452,-0.0603,-0.1016,1006.464203,4621.032053,9526.230492,1744.190563,1692.979425
2025-05-09,46365.58,1.8091,4.6519,0.01846,3.6181,5.4272,3.588,5.3709,1024.671817,4788.227212,10043.238253,1806.771566,1783.907942
2025-05-12,46841.1,1.0256,4.6445,0.018431,2.0512,3.0768,2.021,3.0205,1035.180732,4886.442216,10352.245106,1843.287138,1837.791573
2025-05-13,47285.85,0.9495,4.6421,0.018421,1.899,2.8485,1.8688,2.7923,1045.009636,4979.234451,10647.124667,1877.735338,1889.107368
2025-05-14,48289.47,2.1225,4.6396,0.018411,4.2449,6.3674,4.2148,6.3112,1067.189475,5190.598285,11325.065357,1956.877918,2008.332186
2025-05-15,48172.83,-0.2415,4.6371,0.018401,-0.4831,-0.7246,-0.5132,-0.7808,1064.61175,5165.523196,11243.000533,1946.835331,1992.651175
2025-05-16,48424.31,0.522,4.6347,0.018391,1.0441,1.5661,1.014,1.51,1070.169417,5219.455081,11419.078404,1966.575778,2022.739469
2025-05-19,47715.23,-1.4643,4.6273,0.018362,-2.9286,-4.3929,-2.9587,-4.449,1054.498864,5066.59751,10917.447707,1908.39109,1932.747651
2025-05-20,47720.09,0.0102,4.6248,0.018352,0.0204,0.0306,-0.0097,-0.0255,1054.606269,5067.629619,10920.783673,1908.206208,1932.254539
2025-05-21,48336.11,1.2909,4.6223,0.018343,2.5818,3.8727,2.5518,3.8167,1068.220212,5198.465969,11343.713795,1956.898989,2006.002093
2025-05-22,48046.91,-0.5983,4.6199,0.018333,-1.1966,-1.7949,-1.2267,-1.851,1061.828938,5136.260038,11140.101918,1932.894491,1968.871756
2025-05-23,48005.4,-0.0864,4.6174,0.018323,-0.1728,-0.2592,-0.2028,-0.3152,1060.911574,5127.385122,11111.228534,1928.974217,1962.665964
2025-05-26,47748.95,-0.5342,4.61,0.018294,-1.0684,-1.6026,-1.0984,-1.6586,1055.244071,5072.603038,10933.156407,1907.78595,1930.113489
2025-05-27,47306.54,-0.9265,4.6075,0.018284,-1.8531,-2.7796,-1.8831,-2.8355,1045.466881,4978.604309,10629.258349,1871.861251,1875.384481
2025-05-28,47355.66,0.1038,4.6051,0.018274,0.2077,0.3115,0.1777,0.2556,1046.552425,4988.94322,10662.368518,1875.187294,1880.17772
2025-05-29,47332.56,-0.0488,4.6026,0.018264,-0.0976,-0.1463,-0.1275,-0.2022,1046.041919,4984.076026,10646.765269,1872.795862,1876.375378
2025-06-02,46569.74,-1.6116,4.5927,0.018225,-3.2232,-4.8349,-3.2532,-4.8907,1029.18372,4823.427505,10132.009751,1811.87068,1784.608069
2025-06-03,46856.93,0.6167,4.5903,0.018215,1.2334,1.8501,1.2035,1.7943,1035.530573,4882.918503,10319.458417,1833.675716,1816.628724
2025-06-04,47947.73,2.3279,4.5878,0.018206,4.6559,6.9838,4.626,6.928,1059.637076,5110.261075,11040.150014,1918.500874,1942.485415
2025-06-05,48072.81,0.2609,4.5853,0.018196,0.5217,0.7826,0.4918,0.7268,1062.401324,5136.923086,11126.550473,1927.936688,1956.604283
2025-06-06,48042.29,-0.0635,4.5829,0.018186,-0.127,-0.1905,-0.1569,-0.2462,1061.726837,5130.400526,11105.358724,1924.912402,1951.787159
2025-06-09,48329.93,0.5987,4.5755,0.018157,1.1974,1.7962,1.1676,1.7405,1068.083635,5191.834251,11304.829568,1947.387333,1985.757801
2025-06-10,49336.29,2.0823,4.573,0.018147,4.1645,6.2468,4.1347,6.1912,1090.324028,5408.050344,12011.021049,2027.905729,2108.699114
2025-06-11,49845.86,1.0329,4.5705,0.018137,2.0657,3.0986,2.0359,3.0429,1101.585442,5519.764468,12383.188636,2069.190991,2172.864962
2025-06-12,49534.6,-0.6244,4.5681,0.018127,-1.2489,-1.8733,-1.2787,-1.929,1094.706647,5450.828677,12151.210014,2042.731754,2130.951378
2025-06-13,49070.32,-0.9373,4.5656,0.018118,-1.8746,-2.8119,-1.9044,-2.8675,1084.446134,5348.649161,11809.535885,2003.830127,2069.847352
2025-06-16,49027.83,-0.0866,4.5582,0.018088,-0.1732,-0.2598,-0.203,-0.3153,1083.507112,5339.386368,11778.858246,1999.762862,2063.320886
2025-06-17,49419.49,0.7989,4.5558,0.018078,1.5977,2.3966,1.5679,2.341,1092.162734,5424.694001,12061.145324,2031.117545,2111.623957
2025-06-18,49746.91,0.6625,4.5533,0.018069,1.3251,1.9876,1.2953,1.9321,1099.398663,5496.574683,12300.872213,2057.426393,2152.42252
2025-06-19,49022.06,-1.4571,4.5508,0.018059,-2.9142,-4.3712,-2.9439,-4.4267,1083.379596,5336.396205,11763.173255,1996.857488,2057.141038
2025-06-20,49127.61,0.2153,4.5484,0.018049,0.4306,0.6459,0.4009,0.5905,1085.712234,5359.375925,11839.155554,2004.862233,2069.28785
2025-06-23,48437.09,-1.4056,4.541,0.01802,-2.8111,-4.2167,-2.8409,-4.2721,1070.451853,5208.717008,11339.934829,1947.907023,1980.885878
2025-06-24,49509.89,2.2148,4.5385,0.01801,4.4297,6.6445,4.3999,6.5891,1094.16056,5439.445634,12093.416226,2033.613901,2111.408629
2025-06-25,50058.43,1.1079,4.536,0.018,2.2159,3.3238,2.1862,3.2685,1106.283205,5559.977249,12495.379705,2078.07224,2180.41908
2025-06-26,50224.51,0.3318,4.5336,0.01799,0.6635,0.9953,0.6338,0.94,1109.953546,5596.870177,12619.748327,2091.244058,2200.91439
2025-06-27,50427.06,0.4033,4.5311,0.017981,0.8066,1.2099,0.7769,1.1545,1114.429868,5642.013318,12772.430555,2107.490753,2226.324855
2025-06-30,49791.93,-1.2595,4.5237,0.017951,-2.519,-3.7785,-2.5487,-3.8338,1100.393598,5499.890738,12289.82337,2053.777933,2140.972581
2025-07-01,50527.22,1.4767,4.5212,0.017941,2.9535,4.4302,2.9238,4.3749,1116.643388,5662.327288,12834.284143,2113.826348,2234.638587
2025-07-02,50672.94,0.2884,4.5188,0.017932,0.5768,0.8652,0.5472,0.81,1119.863777,5694.987479,12945.325986,2125.392361,2252.738461
2025-07-03,51049.21,0.7425,4.5163,0.017922,1.4851,2.2276,1.4555,2.1724,1128.179283,5779.563308,13233.701072,2156.326688,2301.677625
2025-07-04,50678.19,-0.7268,4.5138,0.017912,-1.4536,-2.1804,-1.4832,-2.2356,1119.979801,5695.552857,12945.157855,2124.344131,2250.222334
2025-07-07,50415.15,-0.519,4.5064,0.017883,-1.0381,-1.5571,-1.0677,-1.6123,1114.166659,5636.428479,12743.586272,2101.663173,2213.943125
2025-07-08,50278.7,-0.2707,4.504,0.017873,-0.5413,-0.812,-0.5709,-0.8671,1111.151136,5605.918179,12640.113664,2089.665098,2194.746706
2025-07-09,50715.81,0.8694,4.5015,0.017863,1.7387,2.6081,1.7092,2.553,1120.811197,5703.390982,12969.783291,2125.38121,2250.779269
2025-07-10,51118.84,0.7947,4.499,0.017853,1.5894,2.384,1.5598,2.329,1129.718094,5794.038757,13278.989341,2158.533046,2303.199417
2025-07-11,51254.2,0.2648,4.4966,0.017844,0.5296,0.7944,0.5,0.7393,1132.709529,5824.723377,13384.475537,2169.326566,2320.227708
2025-07-14,50982.13,-0.5308,4.4892,0.017814,-1.0616,-1.5925,-1.0912,-1.6475,1126.696826,5762.885225,13171.331194,2145.655523,2282.002703
2025-07-15,51498.65,1.0131,4.4867,0.017804,2.0263,3.0394,1.9968,2.9844,1138.111834,5879.657336,13571.662996,2188.499282,2350.107796
2025-07-16,51974.2,0.9234,4.4842,0.017795,1.8468,2.7703,1.8173,2.7153,1148.621412,5988.245466,13947.634269,2228.271833,2413.920566
2025-07-17,52160.94,0.3593,4.4818,0.017785,0.7186,1.0779,0.6891,1.0229,1152.748336,6031.276238,14097.973162,2243.626767,2438.613674
2025-07-18,52773.96,1.1752,4.4793,0.017775,2.3505,3.5257,2.321,3.4708,1166.295979,6173.041051,14595.031277,2295.701637,2523.253723
2025-07-21,52680.96,-0.1762,4.4719,0.017746,-0.3524,-0.5287,-0.3819,-0.5835,1164.240694,6151.284381,14517.871751,2286.934385,2508.529874
2025-07-22,51905.67,-1.4717,4.4695,0.017736,-2.9433,-4.415,-2.9728,-4.4698,1147.10691,5970.23114,13876.906166,2218.948795,2396.402412
2025-07-23,52657.75,1.4489,4.467,0.017726,2.8979,4.3468,2.8684,4.292,1163.727757,6143.240811,14480.108682,2282.598004,2499.255788
2025-07-24,52799.26,0.2687,4.4645,0.017716,0.5375,0.8062,0.508,0.7514,1166.855105,6176.258933,14596.848204,2294.194698,2518.035404
2025-07-25,52783.23,-0.0304,4.4621,0.017707,-0.0607,-0.0911,-0.0901,-0.1459,1166.500844,6172.508674,14583.553275,2292.126861,2514.362622
2025-07-28,52894.49,0.2108,4.4547,0.017677,0.4216,0.6324,0.3922,0.5776,1168.959672,6198.530322,14675.773823,2301.116347,2528.886597
2025-07-29,52418.25,-0.9004,4.4522,0.017667,-1.8007,-2.7011,-1.8301,-2.7558,1158.434845,6086.912342,14279.370122,2259.003833,2459.196166
2025-07-30,53024.7,1.1569,4.4497,0.017658,2.3139,3.4708,2.2845,3.4162,1171.837292,6227.756723,14774.983235,2310.611335,2543.206065
2025-07-31,53241.87,0.4096,4.4473,0.017648,0.8191,1.2287,0.7898,1.174,1176.636714,6278.770003,14956.522203,2328.859931,2573.064086
2025-08-01,52997.73,-0.4585,4.4448,0.017638,-0.9171,-1.3756,-0.9464,-1.4303,1171.24126,6221.187543,14750.773307,2306.818618,2536.261862
2025-08-04,52873.7,-0.234,4.4374,0.017609,-0.4681,-0.7021,-0.4974,-0.7567,1168.500217,6192.068791,14647.210093,2295.345128,2517.07075
2025-08-05,53516.83,1.2164,4.4349,0.017599,2.4327,3.6491,2.4034,3.5945,1182.713286,6342.703424,15181.694736,2350.511397,2607.546639
2025-08-06,53036.14,-0.8982,4.4325,0.017589,-1.7964,-2.6946,-1.8257,-2.7492,1172.090114,6228.762665,14772.60723,2307.598055,2535.861176
2025-08-07,54325.17,2.4305,4.43,0.017579,4.8609,7.2914,4.8317,7.2369,1200.577469,6531.539675,15849.740703,2419.093435,2719.378926
2025-08-08,54367.25,0.0775,4.4275,0.01757,0.1549,0.2324,0.1256,0.1779,1201.50743,6541.65827,15886.572088,2422.132858,2724.216
2025-08-11,54627.86,0.4794,4.4201,0.01754,0.9587,1.4381,0.9295,1.3836,1207.266869,6604.373289,16115.029453,2444.645507,2761.908463
2025-08-12,54696.4,0.1255,4.4177,0.01753,0.2509,0.3764,0.2217,0.322,1208.781592,6620.945922,16175.686641,2450.065224,2770.801128
2025-08-13,55197.85,0.9168,4.4152,0.017521,1.8336,2.7504,1.8043,2.696,1219.863556,6742.34599,16620.576875,2494.272948,2845.500747
2025-08-14,54902.49,-0.5351,4.4127,0.017511,-1.0702,-1.6053,-1.0994,-1.6597,1213.336147,6670.190306,16353.770092,2466.850816,2798.274917
2025-08-15,55122.88,0.4014,4.4103,0.017501,0.8028,1.2043,0.7736,1.1499,1218.206731,6723.741365,16550.712384,2485.935215,2830.452143
2025-08-18,55458.79,0.6094,4.4029,0.017472,1.2188,1.8282,1.1896,1.7738,1225.630287,6805.68817,16853.284553,2515.507649,2880.659931
2025-08-19,55173.11,-0.5151,4.4004,0.017462,-1.0302,-1.5454,-1.0594,-1.5997,1219.316806,6735.573081,16592.840014,2488.85809,2834.579378
2025-08-20,53523.93,-2.9891,4.3979,0.017452,-5.9782,-8.9673,-6.0074,-9.0216,1182.870194,6332.906912,15104.909758,2339.343411,2578.855744
2025-08-21,54300.41,1.4507,4.3955,0.017442,2.9014,4.3521,2.8723,4.2979,1200.030277,6516.651849,15762.297603,2406.535961,2689.692307
2025-08-22,53853.13,-0.8237,4.393,0.017433,-1.6474,-2.4711,-1.6766,-2.5254,1190.145461,6409.294721,15372.788916,2366.188782,2621.767575
2025-08-25,55019.08,2.1651,4.3856,0.017403,4.3301,6.4952,4.301,6.441,1215.912768,6686.82426,16371.27702,2467.958581,2790.635469
2025-08-26,55085.2,0.1202,4.3832,0.017393,0.2404,0.3605,0.2113,0.3064,1217.374009,6702.896242,16430.300299,2473.172222,2799.185348
2025-08-27,55573.36,0.8862,4.3807,0.017384,1.7724,2.6586,1.7433,2.6044,1228.162266,6821.697147,16867.111751,2516.286828,2872.088454
2025-08-28,54944.81,-1.131,4.3782,0.017374,-2.2621,-3.3931,-2.2911,-3.4472,1214.271413,6667.386602,16294.79672,2458.635292,2773.081952
2025-08-29,54937.67,-0.013,4.3758,0.017364,-0.026,-0.039,-0.0551,-0.0931,1214.11362,6665.653767,16288.444263,2457.281563,2770.500827
2025-09-01,54572.57,-0.6646,4.3684,0.017335,-1.3291,-1.9937,-1.3582,-2.0477,1206.044969,6577.05772,15963.699274,2423.907165,2713.767937
2025-09-02,54454.98,-0.2155,4.3659,0.017325,-0.4309,-0.6464,-0.46,-0.7004,1203.446249,6548.713949,15860.506147,2412.757667,2694.759657
2025-09-03,54644.67,0.3483,4.3634,0.017315,0.6967,1.045,0.6677,0.991,1207.638367,6594.337896,16026.252938,2428.866782,2721.465613
2025-09-04,54829.75,0.3387,4.361,0.017305,0.6774,1.0161,0.6484,0.9621,1211.728605,6639.007579,16189.094377,2444.615136,2747.649267
2025-09-05,55543.47,1.3017,4.3585,0.017296,2.6034,3.9051,2.5744,3.8511,1227.501702,6811.84778,16821.295715,2507.549363,2853.465361
2025-09-08,55664.43,0.2178,4.3511,0.017266,0.4356,0.6533,0.4066,0.5994,1230.174898,6841.516834,16931.193635,2517.74451,2870.569847
2025-09-09,56362.76,1.2545,4.3486,0.017256,2.5091,3.7636,2.4801,3.7097,1245.607878,7013.17534,17568.417107,2580.187295,2977.060188
2025-09-10,57137.59,1.3747,4.3462,0.017247,2.7494,4.1242,2.7205,4.0703,1262.731496,7205.998355,18292.966612,2650.380942,3098.235494
2025-09-11,57190.09,0.0919,4.3437,0.017237,0.1838,0.2757,0.1548,0.2218,1263.891737,7219.240597,18343.391249,2654.484359,3105.107738
2025-09-12,57777.38,1.0269,4.3412,0.017227,2.0538,3.0807,2.0249,3.0269,1276.870751,7367.510614,18908.500882,2708.234586,3199.096453
2025-09-15,57511.37,-0.4604,4.3338,0.017198,-0.9208,-1.3812,-0.9497,-1.435,1270.991973,7299.669826,18647.333778,2682.514095,3153.190191
2025-09-16,58222.31,1.2362,4.3314,0.017188,2.4723,3.7085,2.4435,3.6548,1286.703632,7480.142914,19338.873668,2748.060028,3268.432286
2025-09-17,57787.89,-0.7461,4.3289,0.017178,-1.4923,-2.2384,-1.5212,-2.2921,1277.103021,7368.518223,18905.988396,2706.257508,3193.515185
2025-09-18,58542.19,1.3053,4.3264,0.017168,2.6106,3.9159,2.5817,3.8622,1293.772929,7560.879401,19646.322766,2776.125142,3316.854185
2025-09-19,58108.3,-0.7412,4.324,0.017159,-1.4823,-2.2235,-1.5112,-2.2772,1284.18403,7448.803308,19209.492012,2734.172879,3241.324252
2025-09-22,58794.92,1.1816,4.3166,0.017129,2.3632,3.5449,2.3344,3.4912,1299.358221,7624.836588,19890.442311,2797.999597,3354.486661
2025-09-23,59630.95,1.4219,4.3141,0.017119,2.8439,4.2658,2.8151,4.2122,1317.834348,7841.678184,20738.934314,2876.764945,3495.785143
2025-09-24,59515.92,-0.1929,4.3116,0.01711,-0.3858,-0.5787,-0.4146,-0.6323,1315.292204,7811.42449,20618.916121,2864.837233,3473.681503
2025-09-25,59128.11,-0.6516,4.3092,0.0171,-1.3032,-1.9548,-1.332,-2.0084,1306.721666,7709.624887,20215.853116,2826.677011,3403.916555
2025-09-26,58120.39,-1.7043,4.3067,0.01709,-3.4086,-5.1129,-3.4374,-5.1664,1284.451217,7446.834712,19182.237151,2729.512951,3228.055133
2025-09-30,58666.67,0.9399,4.2968,0.017051,1.8798,2.8197,1.8511,2.7663,1296.523916,7586.821965,19723.125082,2780.038007,3317.351733
2025-10-01,59035.59,0.6288,4.2944,0.017041,1.2577,1.8865,1.2289,1.8331,1304.676989,7682.24004,20095.206298,2814.202844,3378.161282
2025-10-02,59934.34,1.5224,4.2919,0.017031,3.0448,4.5672,3.016,4.5137,1324.539218,7916.146848,21012.986572,2899.080208,3530.64244
2025-10-03,60804.03,1.4511,4.2895,0.017022,2.9021,4.3532,2.8734,4.2998,1343.759227,8145.884717,21927.726818,2982.382801,3682.453199
2025-10-07,61828.55,1.685,4.2796,0.016982,3.3699,5.0549,3.3412,5.0015,1366.400953,8420.393555,23036.143218,3082.030753,3866.632283
2025-10-08,61491.72,-0.5448,4.2771,0.016973,-1.0896,-1.6343,-1.1182,-1.6877,1358.957064,8328.648199,22659.653839,3047.566239,3801.376964
2025-10-09,62033.02,0.8803,4.2747,0.016963,1.7606,2.6408,1.7319,2.5876,1370.919707,8475.279234,23258.059801,3100.346824,3899.739586
2025-10-13,61173.03,-1.3863,4.2648,0.016924,-2.7727,-4.159,-2.8013,-4.2122,1351.914067,8240.286471,22290.750834,3013.496351,3735.473211
2025-10-14,60877.04,-0.4839,4.2623,0.016914,-0.9677,-1.4516,-0.9963,-1.5048,1345.372736,8160.544061,21967.184746,2983.471851,3679.26315
2025-10-15,61973.47,1.8011,4.2599,0.016904,3.6021,5.4032,3.5735,5.35,1369.603662,8454.496111,23154.109095,3090.086301,3876.103601
2025-10-16,62819.33,1.3649,4.2574,0.016894,2.7297,4.0946,2.7011,4.0415,1388.297031,8685.282609,24102.182588,3173.554103,4032.755132
2025-10-17,62034.31,-1.2496,4.2549,0.016885,-2.4993,-3.7489,-2.5279,-3.8021,1370.948216,8468.211827,23198.605837,3093.330292,3879.426717
2025-10-20,62911.94,1.4147,4.2475,0.016855,2.8295,4.2442,2.8009,4.1912,1390.343697,8707.819771,24183.212215,3179.972527,4042.020179
2025-10-21,63056.93,0.2305,4.2451,0.016846,0.4609,0.6914,0.4324,0.6383,1393.547952,8747.956724,24350.413732,3193.722033,4067.821966
2025-10-22,62821.76,-0.3729,4.2426,0.016836,-0.7459,-1.1188,-0.7744,-1.1719,1388.350733,8682.705943,24077.970079,3168.988589,4020.151867
2025-10-23,62556.91,-0.4216,4.2401,0.016826,-0.8432,-1.2648,-0.8717,-1.3178,1382.497591,8609.495174,23773.439433,3141.364152,3967.174879
2025-10-27,63605.41,1.6761,4.2303,0.016787,3.3521,5.0282,3.3237,4.9753,1405.669272,8898.098166,24968.820627,3245.772243,4164.553049
2025-10-28,63504.33,-0.1589,4.2278,0.016777,-0.3178,-0.4768,-0.3463,-0.5297,1403.43542,8869.816931,24849.7813,3234.531551,4142.494619
2025-10-29,64289.65,1.2366,4.2253,0.016767,2.4733,3.7099,2.4448,3.657,1420.790865,9089.192354,25771.688369,3313.609591,4293.986505
2025-10-30,64273.28,-0.0255,4.2229,0.016757,-0.0509,-0.0764,-0.0794,-0.1293,1420.42909,9084.563613,25752.001723,3310.978931,4288.435728
2025-10-31,64150.19,-0.1915,4.2204,0.016748,-0.383,-0.5745,-0.4115,-0.6274,1417.708821,9049.767849,25604.048457,3297.355088,4261.530445
2025-11-03,64380.22,0.3586,4.213,0.016718,0.7172,1.0757,0.6887,1.0229,1422.792447,9114.669234,25879.481746,3320.065164,4305.123322
2025-11-04,63884.88,-0.7694,4.2105,0.016709,-1.5388,-2.3082,-1.5672,-2.361,1411.845513,8974.413104,25282.133252,3268.032754,4203.480413
2025-11-05,62977.17,-1.4209,4.2081,0.016699,-2.8417,-4.2626,-2.8701,-4.3153,1391.785269,8719.386734,24204.467683,3174.236608,4022.086763
2025-11-06,63391.57,0.658,4.2056,0.016689,1.316,1.974,1.2876,1.9213,1400.943442,8834.136694,24682.275661,3215.109258,4099.363345
2025-11-07,62827.98,-0.8891,4.2032,0.016679,-1.7781,-2.6672,-1.8065,-2.7199,1388.488194,8677.05489,24023.95388,3157.02804,3987.864445
2025-11-10,63323.54,0.7888,4.1958,0.01665,1.5775,2.3663,1.5492,2.3136,1399.43999,8813.936621,24592.425631,3205.935378,4080.127911
2025-11-11,63131.41,-0.3034,4.1933,0.01664,-0.6068,-0.9102,-0.6352,-0.9629,1395.193948,8760.451877,24368.57794,3185.572349,4040.841364
2025-11-12,63499.81,0.5835,4.1908,0.01663,1.1671,1.7506,1.1388,1.698,1403.335529,8862.694183,24795.182578,3221.848144,4109.455196
2025-11-13,63400.91,-0.1557,4.1884,0.01662,-0.3115,-0.4672,-0.3398,-0.5199,1401.149855,8835.087157,24679.328205,3210.899537,4088.092132
2025-11-14,62251.08,-1.8136,4.1859,0.016611,-3.6272,-5.4408,-3.6555,-5.4933,1375.738798,8514.623357,23336.585714,3093.52546,3863.519156
2025-11-17,62364.25,0.1818,4.1785,0.016581,0.3636,0.5454,0.3353,0.4929,1378.239836,8545.581854,23463.860682,3103.898187,3882.560912
2025-11-18,60793.77,-2.5182,4.176,0.016572,-5.0365,-7.5547,-5.0648,-7.6072,1343.532482,8115.185741,21691.233387,2946.693407,3587.205923
2025-11-19,60393.87,-0.6578,4.1736,0.016562,-1.3156,-1.9734,-1.3439,-2.0259,1334.694757,8008.422736,21263.180106,2907.093872,3514.533379
2025-11-20,62316.65,3.1837,4.1711,0.016552,6.3675,9.5512,6.3392,9.4987,1377.187884,8518.356445,23294.069207,3091.380632,3848.36949
2025-11-21,60063.99,-3.6149,4.1686,0.016542,-7.2297,-10.8446,-7.258,-10.897,1327.404462,7902.503031,20767.924849,2867.009164,3429.01147
2025-11-24,60221.51,0.2623,4.1612,0.016513,0.5245,0.7868,0.4963,0.7344,1330.885629,7943.952235,20931.318765,2881.237789,3454.193107
2025-11-25,61148.37,1.5391,4.1588,0.016503,3.0782,4.6173,3.05,4.5649,1351.369085,8188.48053,21897.770891,2969.114385,3611.872971
2025-11-26,62278.47,1.8481,4.1563,0.016493,3.6963,5.5444,3.6681,5.492,1376.344112,8491.147693,23111.867238,3078.023161,3810.238179
2025-11-27,62607.98,0.5291,4.1538,0.016483,1.0582,1.5873,1.03,1.5349,1383.62623,8580.99955,23478.715912,3109.72658,3868.723126
2025-11-28,62771.46,0.2611,4.1514,0.016474,0.5222,0.7834,0.4941,0.731,1387.239111,8625.812425,23662.636579,3125.0903,3897.004968
2025-12-01,62126.28,-1.0278,4.144,0.016444,-2.0556,-3.0835,-2.0838,-3.1357,1372.980738,8448.49612,22933.005953,3059.969722,3774.805605
2025-12-02,62630.12,0.811,4.1415,0.016435,1.622,2.433,1.5938,2.3807,1384.11552,8585.529604,23490.961414,3108.740921,3864.674133
2025-12-03,63149.99,0.8301,4.139,0.016425,1.6601,2.4902,1.632,2.438,1395.604563,8728.060363,24075.931366,3159.475468,3958.894
2025-12-04,63156.05,0.0096,4.1366,0.016415,0.0192,0.0288,-0.0089,-0.0234,1395.738488,8729.735488,24082.862491,3159.193361,3957.967364
2025-12-05,63576.81,0.6662,4.1341,0.016405,1.3324,1.9987,1.3043,1.9465,1405.037216,8846.054463,24564.199048,3200.399795,4035.008918
2025-12-08,64310.47,1.154,4.1267,0.016376,2.3079,3.4619,2.2799,3.4098,1421.250983,9050.216839,25414.592624,3273.36463,4172.59489
2025-12-09,64035.66,-0.4273,4.1242,0.016366,-0.8546,-1.282,-0.8827,-1.3341,1415.177727,8972.870489,25088.789491,3244.470387,4116.93038
2025-12-10,64531.31,0.774,4.1218,0.016356,1.548,2.3221,1.52,2.27,1426.131512,9111.774445,25671.367629,3293.785723,4210.384202
2025-12-11,63767.6,-1.1835,4.1193,0.016346,-2.3669,-3.5504,-2.395,-3.6025,1409.253644,8896.103842,24759.927267,3214.899658,4058.706201
2025-12-12,64161.86,0.6183,4.1168,0.016337,1.2366,1.8548,1.2085,1.8028,1417.966726,9006.108857,25219.181603,3253.752031,4131.876175
2025-12-15,63408.51,-1.1741,4.1095,0.016307,-2.3483,-3.5224,-2.3763,-3.5744,1401.317813,8794.620222,24330.85618,3176.433333,3984.186415
2025-12-16,62657.0,-1.1852,4.107,0.016298,-2.3704,-3.5556,-2.3984,-3.6075,1384.709564,8586.154669,23465.757076,3100.250399,3840.455935
2025-12-17,62630.84,-0.0418,4.1045,0.016288,-0.0835,-0.1253,-0.1115,-0.1772,1384.131432,8578.985037,23436.365426,3096.793733,3833.650877
2025-12-18,62502.32,-0.2052,4.1021,0.016278,-0.4104,-0.6156,-0.4384,-0.6675,1381.291161,8543.776467,23292.089459,3083.217724,3808.060171
2025-12-19,63020.79,0.8295,4.0996,0.016268,1.659,2.4886,1.6311,2.4367,1392.749264,8685.521343,23871.727924,3133.507097,3900.849731
2025-12-22,64052.29,1.6368,4.0922,0.016239,3.2735,4.9103,3.2456,4.8584,1415.545247,8969.843874,25043.897649,3235.207505,4090.370236
2025-12-23,64419.6,0.5735,4.0897,0.016229,1.1469,1.7204,1.119,1.6685,1423.662739,9072.719614,25474.742856,3271.408547,4158.61957
2025-12-24,64559.75,0.2176,4.0873,0.016219,0.4351,0.6527,0.4072,0.6009,1426.760031,9112.19647,25641.009887,3284.729408,4183.607483
2025-12-26,64978.52,0.6487,4.0823,0.0162,1.2973,1.946,1.2694,1.8942,1436.01478,9230.409893,26139.97491,3326.425888,4262.853387
2025-12-29,65558.49,0.8926,4.0749,0.01617,1.7851,2.6777,1.7572,2.626,1448.832024,9395.183139,26839.917041,3384.87905,4374.794369
2025-12-30,65322.39,-0.3601,4.0725,0.016161,-0.7203,-1.0804,-0.7481,-1.1321,1443.614252,9327.512186,26549.93609,3359.555424,4325.267518
2025-12-31,65905.98,0.8934,4.07,0.016151,1.7868,2.6802,1.7589,2.6285,1456.511496,9494.176108,27261.527194,3418.64806,4438.958571
2026-01-02,66784.78,1.3334,4.0645,0.016129,2.6668,4.0002,2.639,3.9486,1475.932834,9747.36958,28352.054795,3508.865979,4614.236224
2026-01-05,68503.29,2.5732,4.0562,0.016096,5.1464,7.7196,5.1186,7.6681,1513.911627,10249.009388,30540.725164,3688.471132,4968.058666
2026-01-06,69608.78,1.6138,4.0535,0.016085,3.2276,4.8413,3.1998,4.7898,1538.342777,10579.801599,32019.302307,3806.493411,5206.018448
2026-01-07,69288.18,-0.4606,4.0507,0.016074,-0.9211,-1.3817,-0.9489,-1.4332,1531.257569,10482.345951,31576.884483,3770.372501,5131.403929
2026-01-08,69118.22,-0.2453,4.0479,0.016063,-0.4906,-0.7359,-0.5184,-0.7874,1527.501481,10430.920743,31344.51553,3750.82846,5091.00055
2026-01-09,68955.23,-0.2358,4.0452,0.016052,-0.4716,-0.7074,-0.4994,-0.7589,1523.899428,10381.725733,31122.77186,3732.097369,5052.364444
2026-01-12,69588.87,0.9189,4.0369,0.01602,1.8378,2.7567,1.8101,2.7053,1537.90277,10572.524217,31980.747382,3799.652222,5189.048134
2026-01-13,69907.42,0.4578,4.0342,0.016009,0.9155,1.3733,0.8878,1.3219,1544.942673,10669.317788,32419.932574,3833.385725,5257.64204
2026-01-14,70441.42,0.7639,4.0314,0.015998,1.5277,2.2916,1.5,2.2402,1556.743987,10832.316671,33162.868474,3890.887693,5375.425937
2026-01-15,70142.74,-0.424,4.0287,0.015987,-0.848,-1.272,-0.8757,-1.3234,1550.143207,10740.456049,32741.024953,3856.814533,5304.288937
2026-01-16,71504.42,1.9413,4.0259,0.015976,3.8826,5.8239,3.8549,5.7726,1580.236115,11157.464685,34647.828088,4005.491454,5610.483207
2026-01-19,72029.36,0.7341,4.0176,0.015943,1.4683,2.2024,1.4406,2.1512,1591.837204,11321.286712,35410.915078,4063.195508,5731.173582
2026-01-20,72304.15,0.3815,4.0149,0.015932,0.763,1.1445,0.7354,1.0933,1597.910018,11407.667499,35816.190039,4093.074461,5793.830353
2026-01-21,71134.86,-1.6172,4.0121,0.015921,-3.2344,-4.8515,-3.262,-4.9028,1572.068898,11038.701913,34078.550657,3959.558689,5509.773074
2026-01-22,72272.56,1.5994,4.0094,0.01591,3.1987,4.7981,3.1711,4.7469,1597.211884,11391.798304,35713.663192,4085.120115,5771.315615
2026-01-23,72762.98,0.6786,4.0066,0.015899,1.3571,2.0357,1.3295,1.9845,1608.050087,11546.400983,36440.689937,4139.433203,5885.850078
2026-01-26,72997.5,0.3223,3.9983,0.015866,0.6446,0.9669,0.617,0.9158,1613.232941,11620.830644,36793.042354,4164.975193,5939.75401
2026-01-27,73574.39,0.7903,3.9956,0.015855,1.5806,2.3709,1.553,2.3198,1625.982117,11804.506551,37665.354619,4229.657794,6077.543593
2026-01-28,74680.58,1.5035,3.9928,0.015845,3.007,4.5105,2.9794,4.4594,1650.428737,12159.467757,39364.248975,4355.678187,6348.568123
2026-01-29,74071.48,-0.8156,3.9901,0.015834,-1.6312,-2.4468,-1.6588,-2.4979,1636.967725,11961.120829,38401.076325,4283.428208,6189.990217
2026-01-30,72995.76,-1.4523,3.9873,0.015823,-2.9045,-4.3568,-2.9321,-4.4078,1613.194487,11613.704606,36728.011098,4157.834892,5917.146036
2026-02-02,71994.7,-1.3714,3.979,0.01579,-2.7428,-4.1142,-2.7703,-4.1651,1591.071223,11295.165142,35216.953081,4042.65099,5670.689276
2026-02-03,73295.38,1.8066,3.9763,0.015779,3.6133,5.4199,3.5858,5.369,1619.816041,11703.289501,37125.676356,4187.61159,5975.147227
2026-02-04,73510.4,0.2934,3.9735,0.015768,0.5867,0.8801,0.5592,0.8292,1624.567948,11771.955256,37452.413032,4211.030704,6024.692058
2026-02-05,72398.2,-1.513,3.9708,0.015757,-3.026,-4.5389,-3.0534,-4.5898,1599.988508,11415.739846,35752.466884,4082.449839,5748.169012
2026-02-06,72356.43,-0.0577,3.968,0.015746,-0.1154,-0.1731,-0.1428,-0.2239,1599.065398,11402.567269,35690.584936,4076.618385,5735.296467
2026-02-09,73771.78,1.9561,3.9597,0.015713,3.9122,5.8682,3.8847,5.8174,1630.344404,11848.654053,37784.994627,4234.984464,6068.94446
2026-02-10,75293.33,2.0625,3.957,0.015702,4.125,6.1875,4.0976,6.1368,1663.970413,12337.413293,40122.951983,4408.517628,6441.380948
2026-02-11,76506.14,1.6108,3.9542,0.015691,3.2216,4.8323,3.1942,4.7816,1690.773318,12734.870497,42061.829599,4549.332846,6749.381539
2026-02-23,76887.59,0.4986,3.9212,0.01556,0.9972,1.4958,0.9699,1.4453,1699.203301,12861.859425,42690.974589,4593.457206,6846.928795
2026-02-24,78999.25,2.7464,3.9184,0.015549,5.4929,8.2393,5.4656,8.1888,1745.870645,13568.342073,46208.401396,4844.516949,7407.610891
2026-02-25,80620.75,2.0526,3.9156,0.015538,4.1051,6.1577,4.0779,6.1072,1781.705533,14125.33639,49053.754594,5042.069455,7860.009377
2026-02-26,80623.98,0.004,3.9129,0.015527,0.008,0.012,-0.0192,-0.0384,1781.776915,14126.468229,49059.650481,5041.100326,7856.991096
2026-03-02,79896.85,-0.9019,3.9019,0.015484,-1.8038,-2.7056,-1.8309,-2.756,1765.70746,13871.661189,47732.275785,4948.800498,7640.455058
2026-03-03,78140.6,-2.1981,3.8991,0.015473,-4.3963,-6.5944,-4.4235,-6.6448,1726.894619,13261.822254,44584.599399,4729.891672,7132.765879
2026-03-04,74737.64,-4.3549,3.8963,0.015462,-8.7098,-13.0648,-8.737,-13.115,1651.689754,12106.738964,38759.729548,4316.640731,6197.300346
2026-03-05,76659.21,2.5711,3.8936,0.015451,5.1422,7.7133,5.115,7.663,1694.15614,12729.288629,41749.369046,4537.437663,6672.199189
2026-03-06,76492.11,-0.218,3.8908,0.01544,-0.436,-0.6539,-0.4631,-0.7042,1690.463257,12673.794603,41476.356074,4516.424716,6625.215038
2026-03-09,73102.0,-4.432,3.8826,0.015407,-8.8639,-13.2959,-8.8911,-13.3461,1615.542374,11550.396181,35961.692817,4114.866674,5741.007253
2026-03-10,74607.85,2.0599,3.8798,0.015396,4.1199,6.1798,4.0928,6.1296,1648.821416,12026.256324,38184.049872,4283.278189,6092.90991
2026-03-11,77663.74,4.0959,3.8771,0.015385,8.1919,12.2878,8.1648,12.2377,1716.35609,13011.431917,42876.032934,4632.998477,6838.540333
2026-03-12,76452.48,-1.5596,3.8743,0.015374,-3.1192,-4.6789,-3.1463,-4.729,1689.58744,12605.573867,40869.92209,4487.229402,6515.147371
2026-03-13,76039.19,-0.5406,3.8715,0.015363,-1.0812,-1.6218,-1.1082,-1.6718,1680.453798,12469.286395,40207.11311,4437.500224,6406.224266
2026-03-16,75907.87,-0.1727,3.8633,0.01533,-0.3454,-0.5181,-0.3724,-0.5681,1677.551647,12426.217375,39998.799551,4420.973303,6369.828763
2026-03-17,77143.47,1.6278,3.8605,0.015319,3.2555,4.8833,3.2285,4.8333,1704.858207,12830.75604,41952.056179,4563.704407,6677.700681
2026-03-18,78311.56,1.5142,3.8578,0.015309,3.0284,4.5425,3.0013,4.4926,1730.672807,13219.317193,43857.74349,4700.676808,6977.699986
2026-03-19,76819.8,-1.9049,3.855,0.015298,-3.8098,-5.7147,-3.8368,-5.7647,1697.705153,12715.686602,41351.399825,4520.320682,6575.458457
2026-03-20,76490.31,-0.4289,3.8522,0.015287,-0.8578,-1.2867,-0.8848,-1.3367,1690.423477,12606.608173,40819.315412,4480.324038,6487.565815
2026-03-23,74617.31,-2.4487,3.844,0.015254,-4.8974,-7.346,-4.9243,-7.3959,1649.03048,11989.21815,37820.716854,4259.698878,6007.751848
2026-03-24,74366.25,-0.3365,3.8412,0.015243,-0.6729,-1.0094,-0.6999,-1.0592,1643.482095,11908.539468,37438.95815,4229.886257,5944.115254
2026-03-25,76258.51,2.5445,3.8385,0.015232,5.089,7.6335,5.0621,7.5837,1685.300735,12514.568491,40296.877285,4444.006933,6394.899977
2026-03-26,76035.18,-0.2929,3.8357,0.015221,-0.5857,-0.8786,-0.6126,-0.9284,1680.365178,12441.268381,39942.838046,4416.780918,6335.530714
2026-03-27,75529.53,-0.665,3.8329,0.01521,-1.33,-1.9951,-1.357,-2.0448,1669.190395,12275.794258,39145.953128,4356.847026,6205.9787
2026-03-30,74173.91,-1.7948,3.8247,0.015177,-3.5896,-5.3845,-3.6165,-5.4342,1639.231412,11835.137148,37038.153557,4199.28052,5868.734448
2026-03-31,72360.16,-2.4453,3.8219,0.015166,-4.8905,-7.3358,-4.9174,-7.3855,1599.14783,11256.335787,34321.108534,3992.784834,5435.29917
2026-04-01,75674.58,4.5804,3.8192,0.015155,9.1609,13.7413,9.134,13.6917,1672.395976,12287.517157,39037.290831,4357.487223,6179.482403
2026-04-02,74300.61,-1.8156,3.8164,0.015144,-3.6313,-5.4469,-3.6581,-5.4965,1642.031461,11841.325584,36910.973124,4198.085554,5839.824523
2026-04-07,75800.17,2.0182,3.8026,0.01509,4.0365,6.0547,4.0097,6.0052,1675.171495,12319.296847,39145.822294,4366.414989,6190.515133
2026-04-08,79293.86,4.6091,3.7999,0.015079,9.2182,13.8272,9.1914,13.7777,1752.381479,13454.909187,44558.608356,4767.748501,7043.426685
2026-04-09,79523.06,0.2891,3.7971,0.015068,0.5781,0.8672,0.5513,0.8177,1757.446761,13532.692389,44945.000179,4794.034458,7101.017491
2026-04-10,80793.42,1.5975,3.7944,0.015057,3.1949,4.7924,3.1682,4.7429,1785.521512,13965.054803,47098.953903,4945.918297,7437.814645
2026-04-13,80883.44,0.1114,3.7861,0.015024,0.2228,0.3343,0.1961,0.2848,1787.510939,13996.174522,47256.386817,4955.617709,7459.000998
2026-04-14,82796.95,2.3658,3.7833,0.015013,4.7315,7.0973,4.7048,7.0479,1829.799201,14658.406986,50610.308289,5188.769868,7984.703603
2026-04-15,83768.84,1.1738,3.7806,0.015002,2.3476,3.5215,2.3209,3.4721,1851.277813,15002.534618,52392.535262,5309.198011,8261.940548
2026-04-16,84707.06,1.12,3.7778,0.014991,2.24,3.36,2.2133,3.3107,1872.012323,15338.594615,54152.941319,5426.707753,8535.467327
2026-04-17,83959.54,-0.8825,3.7751,0.01498,-1.765,-2.6474,-1.7916,-2.6968,1855.492252,15067.875592,52719.280181,5329.480686,8305.286619
2026-04-20,84311.91,0.4197,3.7668,0.014948,0.8394,1.2591,0.8127,1.2098,1863.279572,15194.3524,53383.053211,5372.79479,8405.764846
2026-04-21,85786.3,1.7487,3.764,0.014937,3.4975,5.2462,3.4708,5.197,1895.863352,15725.76964,56183.634048,5559.274962,8842.609075
2026-04-22,86409.88,0.7269,3.7613,0.014926,1.4538,2.1807,1.4272,2.1315,1909.644369,15954.390653,57408.829347,5638.615072,9031.087636
2026-04-23,86036.19,-0.4325,3.7585,0.014915,-0.8649,-1.2974,-0.8915,-1.3466,1901.385881,15816.397261,56664.015024,5588.34426,8909.476725
2026-04-24,88816.62,3.2317,3.7558,0.014904,6.4634,9.6951,6.4368,9.6459,1962.832934,16838.673711,62157.644878,5948.054032,9768.877884
2026-04-27,90377.55,1.7575,3.7475,0.014871,3.515,5.2724,3.4884,5.2233,1997.329235,17430.544713,65434.860312,6155.544335,10279.137463
2026-04-28,90161.06,-0.2395,3.7447,0.01486,-0.4791,-0.7186,-0.5056,-0.7677,1992.544841,17347.038607,64964.633151,6124.419096,10200.224114
2026-04-29,89663.32,-0.5521,3.742,0.014849,-1.1041,-1.6562,-1.1307,-1.7052,1981.544867,17155.507696,63888.708694,6055.172217,10026.286535
2026-04-30,88803.55,-0.9589,3.7392,0.014838,-1.9178,-2.8767,-1.9443,-2.9257,1962.544089,16826.503799,62050.846955,5937.440369,9732.94719
2026-05-04,92860.88,4.5689,3.7282,0.014794,9.1378,13.7066,9.1113,13.6577,2052.210426,18364.070229,70555.938121,6478.416266,11062.243333
2026-05-05,93007.22,0.1576,3.7254,0.014784,0.3152,0.4728,0.2887,0.4238,2055.444516,18421.950318,70889.506659,6497.118889,11109.129502
2026-05-06,93850.32,0.9065,3.7227,0.014773,1.813,2.7195,1.7865,2.6706,2074.07689,18755.936138,72817.322899,6613.189826,11405.80503
2026-05-07,95663.79,1.9323,3.7199,0.014762,3.8646,5.7969,3.8381,5.748,2114.154283,19480.778153,77038.470911,6867.012819,12061.412126
2026-05-08,94911.32,-0.7866,3.7172,0.014751,-1.5732,-2.3597,-1.5996,-2.4086,2097.524818,19174.315255,75220.568708,6757.167232,11770.901016
2026-05-11,95335.91,0.4474,3.7089,0.014718,0.8947,1.3421,0.8683,1.2933,2106.908188,19345.869555,76230.07636,6815.838676,11923.129657
2026-05-12,95582.88,0.2591,3.7062,0.014707,0.5181,0.7772,0.4917,0.7284,2112.366185,19446.101449,76822.503976,6849.35158,12009.975148
2026-05-13,94387.91,-1.2502,3.7034,0.014696,-2.5004,-3.7506,-2.5268,-3.7993,2085.957542,18959.874044,73941.21642,6676.283029,11553.676003
2026-05-14,95248.52,0.9118,3.7006,0.014685,1.8236,2.7353,1.7972,2.6866,2104.976884,19305.618689,75963.759887,6796.267077,11864.07758
2026-05-15,93926.76,-1.3877,3.6979,0.014674,-2.7754,-4.1631,-2.8018,-4.2118,2075.766201,18769.812052,72801.321481,6605.851121,11364.386162
2026-05-18,93286.77,-0.6814,3.6896,0.014641,-1.3627,-2.0441,-1.3891,-2.0928,2061.622526,18514.027822,71313.179516,6514.089883,11126.556642
2026-05-19,91652.74,-1.7516,3.6869,0.01463,-3.5032,-5.2549,-3.5296,-5.3035,2025.510727,17865.436883,67565.77113,6284.170043,10536.461183
2026-05-20,91299.74,-0.3851,3.6841,0.014619,-0.7703,-1.1554,-0.7966,-1.2041,2017.709484,17727.819628,66785.083595,6234.108795,10409.596684
2026-05-21,94373.55,3.3667,3.6813,0.014609,6.7334,10.1002,6.7071,10.0516,2085.640188,18921.513044,73530.491341,6652.238737,11455.926564
2026-05-22,96426.34,2.1752,3.6786,0.014598,4.3504,6.5255,4.324,6.477,2131.006515,19744.66514,78328.742249,6939.884623,12197.922939
2026-05-25,99566.5,3.2565,3.6703,0.014565,6.5131,9.7696,6.4868,9.7211,2200.403543,21030.650021,85981.157033,7390.06134,13383.697438
2026-05-26,99294.98,-0.2727,3.6676,0.014554,-0.5454,-0.8181,-0.5717,-0.8666,2194.402995,20915.947946,85277.739606,7347.814983,13267.717097
2026-05-27,100966.0,1.6829,3.6648,0.014543,3.3658,5.0487,3.3395,5.0002,2231.332267,21619.930511,89583.117635,7593.196742,13931.129907
2026-05-28,99551.45,-1.401,3.6621,0.014532,-2.802,-4.203,-2.8283,-4.2515,2200.07094,21014.13306,85817.895708,7378.440585,13338.85105
2026-05-29,102052.99,2.5128,3.6593,0.014521,5.0256,7.5384,4.9994,7.49,2255.35457,22070.224044,92287.22083,7747.31798,14337.934534
2026-06-01,103434.65,1.3539,3.651,0.014488,2.7077,4.0616,2.6815,4.0133,2285.889032,22667.826246,96035.554756,7955.065102,14913.352318
2026-06-02,103939.58,0.4882,3.6483,0.014477,0.9763,1.4645,0.9501,1.4162,2297.047904,22889.138263,97441.985753,8030.649596,15124.550784
2026-06-03,105997.21,1.9796,3.6455,0.014466,3.9593,5.9389,3.9331,5.8906,2342.521194,23795.383556,103228.988736,8346.503741,16015.48116
2026-06-04,104213.94,-1.6824,3.6428,0.014455,-3.3647,-5.0471,-3.3909,-5.0954,2303.111215,22994.72864,98018.894279,8063.481254,15199.428453
2026-06-05,102830.59,-1.3274,3.62,0.014365,-2.6548,-3.9822,-2.6809,-4.0303,2272.539404,22384.258335,94115.545915,7847.307498,14586.840416
2026-06-01,103434.65,0.5874,3.6504,0.014486,1.1749,1.7623,1.1487,1.714,2285.889032,22647.243019,95774.140989,7937.447359,14836.853078
2026-06-02,103939.58,0.4882,3.6476,0.014475,0.9763,1.4645,0.9501,1.4162,2297.047904,22868.354076,97176.743608,8012.864667,15046.968964
2026-06-03,105997.21,1.9796,3.6448,0.014464,3.9593,5.9389,3.9331,5.8906,2342.521194,23773.776465,102947.994068,8328.019523,15933.330082
2026-06-04,104213.94,-1.6824,3.6421,0.014453,-3.3647,-5.0471,-3.3909,-5.0954,2303.111215,22973.848573,97752.081759,8045.624042,15121.464148
2026-06-05,102830.59,-1.3274,3.6393,0.014442,-2.6548,-3.9822,-2.681,-4.0305,2272.539404,22363.932598,93859.358512,7829.922849,14511.995142
2026-06-08,99265.25,-3.4672,3.631,0.014409,-6.9344,-10.4016,-6.9605,-10.4498,2193.745967,20813.12902,84096.489546,7284.920213,12995.524096
2026-06-09,102010.65,2.7657,3.6283,0.014398,5.5314,8.2972,5.5053,8.249,2254.418863,21964.395237,91074.112704,7685.979692,14067.525196
2026-06-10,98639.28,-3.3049,3.6255,0.014387,-6.6098,-9.9148,-6.6359,-9.9629,2179.912131,20512.584016,82044.334009,7175.94326,12665.992015
2026-06-11,98585.81,-0.0542,3.6228,0.014376,-0.1084,-0.1626,-0.1345,-0.2107,2178.730453,20490.345251,81910.911182,7166.291787,12639.299705
2026-06-01,103434.65,4.9184,3.658,0.014516,9.8368,14.7552,9.8106,14.7068,2285.889033,22505.937671,93997.018784,7869.345779,14498.134961
2026-06-02,103939.58,0.4882,3.6552,0.014505,0.9763,1.4645,0.9501,1.4161,2297.047904,22725.669126,95373.595629,7944.113639,14703.44522
2026-06-03,105997.21,1.9796,3.6525,0.014494,3.9593,5.9389,3.9331,5.8906,2342.521194,23625.442217,101037.758546,8256.562019,15569.561663
2026-06-04,104213.94,-1.6824,3.6498,0.014483,-3.3647,-5.0471,-3.3909,-5.0955,2303.111216,22830.5054,95938.258182,7976.587062,14776.221607
2026-06-05,102830.59,-1.3274,3.6471,0.014473,-2.6548,-3.9822,-2.681,-4.0306,2272.539404,22224.394939,92117.765757,7762.734271,14180.658437
2026-06-08,99265.25,-3.4672,3.639,0.01444,-6.9344,-10.4016,-6.9605,-10.4498,2193.745967,20683.267454,82536.05019,7222.405859,12698.802408
2026-06-09,102010.65,2.7657,3.6363,0.01443,5.5314,8.2972,5.5053,8.2489,2254.418863,21827.350453,89384.201145,7620.021424,13746.318883
2026-06-10,98639.28,-3.3049,3.6336,0.014419,-6.6098,-9.9148,-6.636,-9.963,2179.912131,20384.597672,80521.973107,7114.359508,12376.778396
2026-06-11,98585.81,-0.0542,3.6308,0.014408,-0.1084,-0.1626,-0.1345,-0.2108,2178.730453,20362.497664,80391.025986,7104.788583,12350.687635
2026-06-12,100933.47,2.3813,3.6281,0.014397,4.7627,7.144,4.7366,7.0959,2230.613359,21332.296893,86134.16882,7441.311835,13227.073915
2026-06-01,103434.65,2.478,3.658,0.014516,4.9561,7.4341,4.9299,7.3857,2285.889032,22389.546076,92537.507387,7808.159154,14203.992269
2026-06-02,103939.58,0.4882,3.6552,0.014505,0.9763,1.4645,0.9501,1.4161,2297.047904,22608.14117,93892.709834,7882.345671,14405.137129
2026-06-03,105997.21,1.9796,3.6525,0.014494,3.9593,5.9389,3.9331,5.8906,2342.521194,23503.260998,99468.924108,8192.364667,15253.681531
2026-06-04,104213.94,-1.6824,3.6498,0.014483,-3.3647,-5.0471,-3.3909,-5.0955,2303.111215,22712.435273,94448.604753,7914.566603,14476.437006
2026-06-05,102830.59,-1.3274,3.6471,0.014473,-2.6548,-3.9822,-2.681,-4.0306,2272.539404,22109.459369,90687.433914,7702.376584,13892.956808
2026-06-08,99265.25,-3.4672,3.639,0.01444,-6.9344,-10.4016,-6.9605,-10.4498,2193.745967,20576.301972,81254.495652,7166.249394,12441.165137
2026-06-09,102010.65,2.7657,3.6363,0.01443,5.5314,8.2972,5.5053,8.2489,2254.418863,21714.468237,87996.313933,7560.773374,13467.42927
2026-06-10,98639.28,-3.3049,3.6336,0.014419,-6.6098,-9.9148,-6.636,-9.963,2179.912131,20279.176789,79271.691566,7059.043138,12125.674449
2026-06-11,98585.81,-0.0542,3.6308,0.014408,-0.1084,-0.1626,-0.1345,-0.2108,2178.730453,20257.191073,79142.777688,7049.54663,12100.113025
2026-06-12,100933.47,2.3813,3.6281,0.014397,4.7627,7.144,4.7366,7.0959,2230.613359,21221.974893,84796.74554,7383.453309,12958.718906
2026-06-01,103434.65,2.478,3.658,0.014516,4.9561,7.4341,4.9299,7.3857,2285.889032,22273.756411,91100.658127,7747.448276,13915.817235
2026-06-02,103939.58,0.4882,3.6552,0.014505,0.9763,1.4645,0.9501,1.4161,2297.047904,22491.22102,92434.818063,7821.057969,14112.881206
2026-06-03,105997.21,1.9796,3.6525,0.014494,3.9593,5.9389,3.9331,5.8906,2342.521194,23381.711651,97924.449289,8128.666471,14944.210073
2026-06-04,104213.94,-1.6824,3.6498,0.014483,-3.3647,-5.0471,-3.3909,-5.0955,2303.111215,22594.975756,92982.081485,7853.028374,14182.734528
2026-06-05,102830.59,-1.3274,3.6471,0.014473,-2.6548,-3.9822,-2.681,-4.0306,2272.539404,21995.118199,89279.311133,7642.488198,13611.092158
2026-06-08,99265.25,-3.4672,3.639,0.01444,-6.9344,-10.4016,-6.9605,-10.4498,2193.745967,20469.889671,79992.84008,7110.529565,12188.754891
2026-06-09,102010.65,2.7657,3.6363,0.01443,5.5314,8.2972,5.5053,8.2489,2254.418863,21602.169801,86629.976736,7501.985997,13194.197857
2026-06-10,98639.28,-3.3049,3.6336,0.014419,-6.6098,-9.9148,-6.636,-9.963,2179.912131,20174.301099,78040.823407,7004.156871,11879.664976
2026-06-11,98585.81,-0.0542,3.6308,0.014408,-0.1084,-0.1626,-0.1345,-0.2108,2178.730453,20152.429085,77913.911203,6994.734201,11854.622151
2026-06-12,100933.47,2.3813,3.6281,0.014397,4.7627,7.144,4.7366,7.0959,2230.613359,21112.223434,83480.088712,7326.044651,12695.808367
2026-06-01,103434.65,2.478,3.6653,0.014545,4.9561,7.4341,4.9298,7.3857,2285.889032,22158.565564,89686.119128,7687.207317,13633.481416
2026-06-02,103939.58,0.4882,3.6626,0.014534,0.9763,1.4645,0.9501,1.4161,2297.047904,22374.905534,90999.563283,7760.242406,13826.53922
2026-06-03,105997.21,1.9796,3.6599,0.014524,3.9593,5.9389,3.9331,5.8905,2342.521194,23260.790908,96403.955856,8065.4567,14640.992787
2026-06-04,104213.94,-1.6824,3.6573,0.014513,-3.3647,-5.0471,-3.391,-5.0955,2303.111215,22478.123693,91538.329231,7791.95962,13894.958875
2026-06-05,102830.59,-1.3274,3.6546,0.014502,-2.6548,-3.9822,-2.681,-4.0306,2272.539404,21881.368356,87893.05257,7583.05438,13334.907172
2026-06-08,99265.25,-3.4672,3.6466,0.014471,-6.9344,-10.4016,-6.9606,-10.4499,2193.745967,20364.027692,78750.774498,7055.230361,11941.422695
2026-06-09,102010.65,2.7657,3.644,0.01446,5.5314,8.2972,5.5053,8.2489,2254.418863,21490.452128,85284.854943,7443.640247,12926.456081
2026-06-10,98639.28,-3.3049,3.6413,0.01445,-6.6098,-9.9148,-6.636,-9.963,2179.912131,20069.967785,76829.067197,6949.680635,11638.590263
2026-06-11,98585.81,-0.0542,3.6386,0.014439,-0.1084,-0.1626,-0.1346,-0.2109,2178.730453,20048.208884,76704.125585,6940.329102,11614.048432
2026-06-12,100933.47,2.3813,3.636,0.014428,4.7627,7.144,4.7365,7.0958,2230.613359,21003.039565,82183.87589,7269.060457,12438.156668
2026-06-15,103758.38,2.7988,3.628,0.014397,5.5976,8.3964,5.5715,8.3482,2293.043413,22178.699066,89084.323863,7674.053634,13476.518109
2026-06-16,104708.91,0.9161,3.6253,0.014386,1.8322,2.7483,1.8061,2.7002,2314.049972,22585.056969,91532.626999,7812.655211,13840.405794
2026-06-17,104936.56,0.2174,3.6227,0.014376,0.4348,0.6522,0.4087,0.6041,2319.081,22683.262331,92129.636438,7844.588854,13924.018507
2026-06-18,106284.87,1.2849,3.618,0.014357,2.5698,3.8546,2.5437,3.8066,2348.878433,23266.168221,95680.905226,8044.131555,14454.045163
2026-06-01,103434.65,-2.6817,3.6676,0.014554,-5.3634,-8.045,-5.3896,-8.0935,2285.889032,22018.319906,87983.338403,7610.583407,13284.205124
2026-06-02,103939.58,0.4882,3.665,0.014544,0.9763,1.4645,0.9501,1.416,2297.047903,22233.290619,89271.845506,7682.889779,13472.314452
2026-06-03,105997.21,1.9796,3.6624,0.014533,3.9593,5.9389,3.933,5.8905,2342.521194,23113.569062,94573.630277,7985.061019,14265.899797
2026-06-04,104213.94,-1.6824,3.6597,0.014523,-3.3647,-5.0471,-3.391,-5.0955,2303.111215,22335.855492,89800.382444,7714.289362,13538.976054
2026-06-05,102830.59,-1.3274,3.6571,0.014512,-2.6548,-3.9822,-2.681,-4.0306,2272.539404,21742.87713,86224.315008,7507.465742,12993.270008
2026-06-08,99265.25,-3.4672,3.6491,0.014481,-6.9344,-10.4016,-6.9606,-10.4499,2193.745967,20235.139996,77255.612234,6984.902383,11635.483704
2026-06-09,102010.65,2.7657,3.6465,0.01447,5.5314,8.2972,5.5053,8.2489,2254.418862,21354.435083,83665.636623,7369.439825,12595.278243
2026-06-10,98639.28,-3.3049,3.6438,0.01446,-6.6098,-9.9148,-6.636,-9.963,2179.912131,19942.941248,75370.39047,6880.403413,11340.405228
2026-06-11,98585.81,-0.0542,3.6412,0.014449,-0.1084,-0.1626,-0.1346,-0.2109,2178.730452,19921.320063,75247.820999,6871.144406,11316.489885
2026-06-12,100933.47,2.3813,3.6385,0.014439,4.7627,7.144,4.7365,7.0958,2230.613359,20870.107444,80623.53276,7196.598105,12119.481705
2026-06-15,103758.38,2.7988,3.6306,0.014407,5.5976,8.3964,5.5715,8.3482,2293.043413,22038.325979,87392.968824,7597.553325,13131.23704
2026-06-16,104708.91,0.9161,3.6279,0.014397,1.8322,2.7483,1.8061,2.7001,2314.049972,22442.111967,89794.788474,7734.772436,13485.798855
2026-06-17,104936.56,0.2174,3.6253,0.014386,0.4348,0.6522,0.4087,0.6041,2319.081,22539.695769,90380.463091,7766.386932,13567.266499
2026-06-18,106284.87,1.2849,3.6226,0.014376,2.5698,3.8546,2.5437,3.8065,2348.878433,23118.91234,93864.307488,7963.93898,14083.708158
2026-06-01,103434.65,-2.6817,3.6746,0.014582,-5.3634,-8.045,-5.3896,-8.0936,2285.889032,21878.961887,86312.886675,7534.710702,12943.833594
2026-06-02,103939.58,0.4882,3.672,0.014572,0.9763,1.4645,0.95,1.416,2297.047903,22092.572012,87576.93018,7606.294125,13127.115919
2026-06-03,105997.21,1.9796,3.6694,0.014561,3.9593,5.9389,3.933,5.8904,2342.521194,22967.279009,92778.055262,7905.450693,13900.360014
2026-06-04,104213.94,-1.6824,3.6668,0.014551,-3.3647,-5.0471,-3.391,-5.0956,2303.111215,22194.487732,88095.432316,7637.376373,13192.054625
2026-06-05,102830.59,-1.3274,3.6642,0.014541,-2.6548,-3.9822,-2.6811,-4.0307,2272.539404,21605.26244,84587.260099,7432.612655,12660.324201
2026-06-08,99265.25,-3.4672,3.6564,0.01451,-6.9344,-10.4016,-6.9606,-10.45,2193.745967,20107.068053,75788.837122,6915.257354,11337.323134
2026-06-09,102010.65,2.7657,3.6538,0.014499,5.5314,8.2972,5.5052,8.2488,2254.418862,21219.278915,82077.160784,7295.958637,12272.516221
2026-06-10,98639.28,-3.3049,3.6512,0.014489,-6.6098,-9.9148,-6.636,-9.9631,2179.912131,19816.718685,73939.40818,6811.7963,11049.792929
2026-06-11,98585.81,-0.0542,3.6486,0.014479,-0.1084,-0.1626,-0.1346,-0.2109,2178.730452,19795.234344,73819.165813,6802.627609,11026.483925
2026-06-12,100933.47,2.3813,3.646,0.014468,4.7627,7.144,4.7365,7.0957,2230.613359,20738.016675,79092.814307,7124.83397,11808.891048
2026-06-15,103758.38,2.7988,3.6382,0.014437,5.5976,8.3964,5.5714,8.3481,2293.043413,21898.841339,85733.725852,7521.78873,12794.710596
2026-06-16,104708.91,0.9161,3.6356,0.014427,1.8322,2.7483,1.8061,2.7001,2314.049972,22300.07169,88089.944553,7657.637171,13140.17794
2026-06-17,104936.56,0.2174,3.633,0.014417,0.4348,0.6522,0.4087,0.604,2319.081,22397.037867,88664.499551,7688.934047,13219.549648
2026-06-18,106284.87,1.2849,3.6304,0.014406,2.5698,3.8546,2.5436,3.8065,2348.878433,22972.588469,92082.199676,7884.513574,13722.747232
2026-06-22,109231.58,2.7725,3.658,0.014516,5.5449,8.3174,5.5187,8.269,2414.000247,24246.402063,99741.037814,8319.636716,14857.480632
2026-06-01,103434.65,-5.307,3.7118,0.01473,-10.614,-15.921,-10.6405,-15.9699,2285.889032,21672.884487,83861.239655,7434.389576,12484.763006
2026-06-02,103939.58,0.4882,3.7095,0.01472,0.9763,1.4645,0.9499,1.4157,2297.047903,21884.482623,85089.379038,7505.008848,12661.507858
2026-06-03,105997.21,1.9796,3.7071,0.014711,3.9593,5.9389,3.9329,5.8901,2342.521193,22750.950776,90142.770411,7800.170624,13407.287728
2026-06-04,104213.94,-1.6824,3.7048,0.014701,-3.3647,-5.0471,-3.3912,-5.0959,2303.111215,21985.438401,85593.153544,7535.654611,12724.066902
2026-06-05,102830.59,-1.3274,3.7024,0.014692,-2.6548,-3.9822,-2.6812,-4.031,2272.539404,21401.763008,82184.628092,7333.606707,12211.161028
2026-06-08,99265.25,-3.4672,3.6953,0.014664,-6.9344,-10.4016,-6.9608,-10.4503,2193.745966,19917.680076,73636.117131,6823.131497,10935.059685
2026-06-09,102010.65,2.7657,3.693,0.014655,5.5314,8.2972,5.5051,8.2485,2254.418862,21019.415052,79745.826097,7198.750427,11837.036869
2026-06-10,98639.28,-3.3049,3.6906,0.014645,-6.6098,-9.9148,-6.6362,-9.9634,2179.912131,19630.065502,71839.219706,6721.0276,10657.663797
2026-06-11,98585.81,-0.0542,3.6883,0.014636,-0.1084,-0.1626,-0.1348,-0.2113,2178.730452,19608.783522,71722.392726,6711.970505,10635.148421
2026-06-12,100933.47,2.3813,3.6859,0.014627,4.7627,7.144,4.7363,7.0954,2230.613358,20542.685809,76846.247544,7029.872265,11389.753834
2026-06-15,103758.38,2.7988,3.6789,0.014599,5.5976,8.3964,5.5713,8.3478,2293.043412,21692.576694,83298.529422,7421.524966,12340.546596
2026-06-16,104708.91,0.9161,3.6765,0.014589,1.8322,2.7483,1.8059,2.6998,2314.049972,22090.027867,85587.821656,7555.550537,12673.711107
2026-06-17,104936.56,0.2174,3.6741,0.01458,0.4348,0.6522,0.4085,0.6037,2319.081,22186.080721,86146.056889,7586.41785,12750.223803
2026-06-18,106284.87,1.2849,3.6718,0.014571,2.5698,3.8546,2.5435,3.8061,2348.878433,22756.210226,89466.680034,7779.377269,13235.514791
2026-06-22,109231.58,2.7725,3.6624,0.014533,5.5449,8.3174,5.5187,8.269,2414.000247,24018.025802,96907.975133,8208.696902,14329.954385
2026-06-01,103434.65,-5.307,3.7159,0.014746,-10.614,-15.921,-10.6405,-15.9699,2285.889032,21468.748124,81479.229665,7335.252936,12041.477289
2026-06-02,103939.58,0.4882,3.7136,0.014736,0.9763,1.4645,0.9499,1.4157,2297.047903,21678.353222,82672.484752,7404.929317,12211.942699
2026-06-03,105997.21,1.9796,3.7113,0.014727,3.9593,5.9389,3.9328,5.8901,2342.521193,22536.660134,87582.338673,7696.153889,12931.23858
2026-06-04,104213.94,-1.6824,3.7089,0.014718,-3.3647,-5.0471,-3.3912,-5.0959,2303.111215,21778.358101,83161.949955,7435.163979,12272.272442
2026-06-05,102830.59,-1.3274,3.7066,0.014709,-2.6548,-3.9822,-2.6812,-4.031,2272.539404,21200.180331,79850.240884,7235.809223,11777.574289
2026-06-08,99265.25,-3.4672,3.6996,0.014681,-6.9344,-10.4016,-6.9608,-10.4503,2193.745966,19730.07594,71544.543392,6732.140245,10546.780024
2026-06-09,102010.65,2.7657,3.6973,0.014672,5.5314,8.2972,5.5051,8.2485,2254.418862,20821.433701,77480.711067,7102.748888,11416.726418
2026-06-10,98639.28,-3.3049,3.6949,0.014662,-6.6098,-9.9148,-6.6362,-9.9634,2179.912131,19445.170401,69798.68537,6631.395692,10279.226712
2026-06-11,98585.81,-0.0542,3.6926,0.014653,-0.1084,-0.1626,-0.1348,-0.2113,2178.730452,19424.088875,69685.176765,6622.458241,10257.507284
2026-06-12,100933.47,2.3813,3.6903,0.014644,4.7627,7.144,4.7363,7.0954,2230.613358,20349.19476,74663.492673,6936.119248,10985.314027
2026-06-15,103758.38,2.7988,3.6833,0.014616,5.5976,8.3964,5.5712,8.3478,2293.043412,21488.254851,80932.502757,7322.547499,11902.341126
2026-06-16,104708.91,0.9161,3.681,0.014607,1.8322,2.7483,1.8059,2.6997,2314.049972,21881.962441,83156.769515,7454.784333,12223.670939
2026-06-17,104936.56,0.2174,3.6786,0.014598,0.4348,0.6522,0.4085,0.6037,2319.081,21977.110576,83699.148533,7485.238647,12297.462325
2026-06-18,106284.87,1.2849,3.6763,0.014589,2.5698,3.8546,2.5435,3.8061,2348.878433,22541.870045,86925.452091,7675.623243,12765.516175
2026-06-22,109231.58,2.7725,3.667,0.014552,5.5449,8.3174,5.5187,8.2689,2414.000247,23791.800612,94155.383282,8099.215604,13821.087072
2026-06-23,107784.88,-1.3244,3.6647,0.014542,-2.6489,-3.9733,-2.6751,-4.0218,2382.028411,23161.587299,90414.306032,7882.552166,13265.237341
2026-06-24,105376.96,-2.234,3.6623,0.014533,-4.468,-6.702,-4.4943,-6.7504,2328.813769,22126.725094,84354.724694,7528.290555,12369.774488
2026-06-01,103434.65,-1.8432,3.7179,0.014754,-3.6864,-5.5296,-3.7129,-5.5785,2285.889032,21311.044713,79690.241339,7248.775402,11679.729385
2026-06-02,103939.58,0.4882,3.7156,0.014744,0.9763,1.4645,0.9499,1.4156,2297.047904,21519.110111,80857.296872,7317.629767,11845.071837
2026-06-03,105997.21,1.9796,3.7133,0.014735,3.9593,5.9389,3.9328,5.8901,2342.521194,22371.112141,85659.348211,7605.420393,12542.756744
2026-06-04,104213.94,-1.6824,3.711,0.014726,-3.3647,-5.0471,-3.3912,-5.0959,2303.111215,21618.380382,81336.015195,7347.506797,11903.585316
2026-06-05,102830.59,-1.3274,3.7086,0.014717,-2.6548,-3.9822,-2.6813,-4.031,2272.539404,21044.449745,78097.019242,7150.501744,11423.747087
2026-06-08,99265.25,-3.4672,3.7017,0.014689,-6.9344,-10.4016,-6.9608,-10.4503,2193.745967,19585.144329,69973.684739,6652.77024,10229.927002
2026-06-09,102010.65,2.7657,3.6994,0.01468,5.5314,8.2972,5.5051,8.2484,2254.418863,20668.485281,75779.515704,7019.008958,11073.736207
2026-06-10,98639.28,-3.3049,3.6971,0.014671,-6.6098,-9.9148,-6.6362,-9.9635,2179.912131,19302.331625,68266.159426,6553.212327,9970.408294
2026-06-11,98585.81,-0.0542,3.6947,0.014662,-0.1084,-0.1626,-0.1348,-0.2113,2178.730453,19281.404958,68155.143058,6544.379694,9949.339694
2026-06-12,100933.47,2.3813,3.6924,0.014652,4.7627,7.144,4.7363,7.0953,2230.613359,20199.715274,73024.153207,6854.342092,10655.279153
2026-06-15,103758.38,2.7988,3.6855,0.014625,5.5976,8.3964,5.5712,8.3477,2293.043413,21330.408149,79155.51857,7236.213742,11544.753902
2026-06-16,104708.91,0.9161,3.6832,0.014616,1.8322,2.7483,1.8059,2.6997,2314.049972,21721.223674,81330.948499,7366.890856,11856.42785
2026-06-17,104936.56,0.2174,3.6808,0.014607,0.4348,0.6522,0.4085,0.6037,2319.081,21815.672877,81861.418841,7396.985461,11928.000196
2026-06-18,106284.87,1.2849,3.6785,0.014597,2.5698,3.8546,2.5435,3.8061,2348.878433,22376.283782,85016.884475,7585.124713,12381.989838
2026-06-22,109231.58,2.7725,3.6693,0.014561,5.5449,8.3174,5.5187,8.2689,2414.000247,23617.032708,92088.072604,8003.722072,13405.844994
2026-06-23,107784.88,-1.3244,3.6669,0.014551,-2.6489,-3.9733,-2.6751,-4.0218,2382.028411,22991.448766,88429.135839,7789.61247,12866.69283
2026-06-24,105376.96,-2.234,3.6646,0.014542,-4.468,-6.702,-4.4943,-6.7505,2328.813769,21964.188369,82502.600927,7439.52709,11998.131162
2026-06-25,105874.47,0.4721,3.6623,0.014533,0.9442,1.4164,0.918,1.3679,2339.80866,22171.584812,83671.144857,7507.822604,12162.258536
2026-06-01,103434.65,-2.3044,3.7199,0.014761,-4.6089,-6.9133,-4.6354,-6.9622,2285.889033,21149.720409,77886.675778,7159.808011,11315.494607
2026-06-02,103939.58,0.4882,3.7176,0.014752,0.9763,1.4645,0.9499,1.4156,2297.047904,21356.210755,79027.318277,7227.816731,11475.679032
2026-06-03,105997.21,1.9796,3.7153,0.014743,3.9593,5.9389,3.9328,5.8901,2342.521194,22201.763141,83720.688624,7512.074579,12151.60456
2026-06-04,104213.94,-1.6824,3.713,0.014734,-3.3647,-5.0471,-3.3912,-5.096,2303.111216,21454.729551,79495.20215,7257.325908,11532.36407
2026-06-05,102830.59,-1.3274,3.7107,0.014725,-2.6548,-3.9822,-2.6813,-4.0311,2272.539404,20885.14356,76329.511805,7062.738246,11067.488058
2026-06-08,99265.25,-3.4672,3.7038,0.014697,-6.9344,-10.4016,-6.9608,-10.4504,2193.745967,19436.885065,68390.026241,6571.115196,9910.896425
2026-06-09,102010.65,2.7657,3.7015,0.014688,5.5314,8.2972,5.505,8.2484,2254.418863,20512.025142,74064.458473,6932.858215,10728.388952
2026-06-10,98639.28,-3.3049,3.6992,0.014679,-6.6098,-9.9148,-6.6362,-9.9635,2179.912131,19156.21325,66721.145984,6472.778158,9659.46781
2026-06-11,98585.81,-0.0542,3.6969,0.01467,-0.1084,-0.1626,-0.1348,-0.2113,2178.730453,19135.444998,66612.642161,6464.053395,9639.054647
2026-06-12,100933.47,2.3813,3.6946,0.014661,4.7627,7.144,4.7363,7.0953,2230.613359,20046.803718,71371.455894,6770.210742,10322.976705
2026-06-15,103758.38,2.7988,3.6876,0.014633,5.5976,8.3964,5.5712,8.3477,2293.043413,21168.937263,77364.054963,7147.394655,11184.709947
2026-06-16,104708.91,0.9161,3.6853,0.014624,1.8322,2.7483,1.8059,2.6997,2314.049973,21556.79432,79490.250124,7276.467189,11486.661852
2026-06-17,104936.56,0.2174,3.683,0.014615,0.4348,0.6522,0.4085,0.6036,2319.081001,21650.528544,80008.714755,7306.191772,11556.000081
2026-06-18,106284.87,1.2849,3.6807,0.014606,2.5698,3.8546,2.5434,3.8061,2348.878434,22206.895632,83092.765257,7492.021087,11995.829071
2026-06-22,109231.58,2.7725,3.6715,0.01457,5.5449,8.3174,5.5187,8.2689,2414.000248,23438.252107,90003.916834,7905.479703,12987.750812
2026-06-23,107784.88,-1.3244,3.6692,0.01456,-2.6489,-3.9733,-2.6751,-4.0218,2382.028412,22817.403826,86427.789862,7693.997497,12465.411097
2026-06-24,105376.96,-2.234,3.6669,0.014551,-4.468,-6.702,-4.4943,-6.7505,2328.813769,21797.919776,80635.385479,7348.208606,11623.935561
2026-06-25,105874.47,0.4721,3.6646,0.014542,0.9442,1.4164,0.918,1.3679,2339.80866,22003.746231,81777.482688,7415.66514,11782.942046
2026-06-26,102023.27,-3.6375,3.6623,0.014533,-7.275,-10.9125,-7.3013,-10.961,2254.697763,20402.966978,72853.477458,6874.22742,10491.416508
2026-06-01,103434.65,1.3834,3.7218,0.014769,2.7668,4.1502,2.7403,4.1013,2285.889033,20967.472302,75877.021234,7062.602217,10921.697544
2026-06-02,103939.58,0.4882,3.7196,0.01476,0.9763,1.4645,0.9499,1.4156,2297.047904,21172.183311,76988.232545,7129.687059,11076.305592
2026-06-03,105997.21,1.9796,3.7173,0.014751,3.9593,5.9389,3.9328,5.8901,2342.521194,22010.449533,81560.503193,7410.085072,11728.706004
2026-06-04,104213.94,-1.6824,3.715,0.014742,-3.3647,-5.0471,-3.3912,-5.096,2303.111216,21269.853166,77444.043943,7158.794471,11131.014383
2026-06-05,102830.59,-1.3274,3.7127,0.014733,-2.6548,-3.9822,-2.6813,-4.0311,2272.539404,20705.175324,74360.035656,6966.848121,10682.315227
2026-06-08,99265.25,-3.4672,3.7058,0.014706,-6.9344,-10.4016,-6.9608,-10.4504,2193.745967,19269.396539,66625.406996,6481.899225,9565.973782
2026-06-09,102010.65,2.7657,3.7035,0.014697,5.5314,8.2972,5.505,8.2484,2254.418863,20335.272085,72153.425885,6838.730333,10355.014072
2026-06-10,98639.28,-3.3049,3.7012,0.014687,-6.6098,-9.9148,-6.6362,-9.9635,2179.912131,18991.143285,64999.587671,6384.896251,9323.292368
2026-06-11,98585.81,-0.0542,3.6989,0.014678,-0.1084,-0.1626,-0.1348,-0.2113,2178.730453,18970.553994,64893.883494,6376.289417,9303.588095
2026-06-12,100933.47,2.3813,3.6966,0.014669,4.7627,7.144,4.7363,7.0953,2230.613359,19874.059494,69529.908938,6678.289464,9963.706169
2026-06-15,103758.38,2.7988,3.6898,0.014642,5.5976,8.3964,5.5712,8.3477,2293.043413,20986.523564,75367.885233,7050.351666,10795.446823
2026-06-16,104708.91,0.9161,3.6875,0.014633,1.8322,2.7483,1.8059,2.6997,2314.049973,21371.038439,77439.219691,7177.67113,11086.888009
2026-06-17,104936.56,0.2174,3.6852,0.014624,0.4348,0.6522,0.4085,0.6036,2319.081001,21463.964951,77944.306747,7206.991512,11153.811136
2026-06-18,106284.87,1.2849,3.6829,0.014615,2.5698,3.8546,2.5434,3.806,2348.878434,22015.537798,80948.781686,7390.297096,11578.330625
2026-06-22,109231.58,2.7725,3.6737,0.014578,5.5449,8.3174,5.5186,8.2689,2414.000248,23236.283618,87681.60973,7798.141266,12535.727838
2026-06-23,107784.88,-1.3244,3.6715,0.014569,-2.6489,-3.9733,-2.6751,-4.0218,2382.028412,22620.785215,84197.755021,7589.529815,12031.565298
2026-06-24,105376.96,-2.234,3.6692,0.01456,-4.468,-6.702,-4.4943,-6.7505,2328.813769,21610.086105,78554.807932,7248.435304,11219.374302
2026-06-25,105874.47,0.4721,3.6669,0.014551,0.9442,1.4164,0.918,1.3679,2339.80866,21814.138945,79667.436418,7314.975268,11372.844684
2026-06-26,102023.27,-3.6375,3.6646,0.014542,-7.275,-10.9125,-7.3013,-10.961,2254.697763,20227.15368,70973.690954,6780.888525,10126.267766
2026-06-01,103434.65,1.3834,3.7238,0.014777,2.7668,4.1502,2.7403,4.1013,2285.889033,20786.794636,73919.220379,6966.705031,10541.571522
2026-06-02,103939.58,0.4882,3.7215,0.014768,0.9763,1.4645,0.9499,1.4156,2297.047904,20989.741641,75001.759894,7032.878445,10690.79686
2026-06-03,105997.21,1.9796,3.7192,0.014759,3.9593,5.9389,3.9328,5.89,2342.521194,21820.784485,79456.055492,7309.4686,11320.488935
2026-06-04,104213.94,-1.6824,3.7169,0.01475,-3.3647,-5.0471,-3.3912,-5.096,2303.111216,21086.56987,75445.810314,7061.58953,10743.598171
2026-06-05,102830.59,-1.3274,3.7147,0.014741,-2.6548,-3.9822,-2.6813,-4.0311,2272.539404,20526.757883,72441.376501,6872.248947,10310.514347
2026-06-08,99265.25,-3.4672,3.7078,0.014714,-6.9344,-10.4016,-6.9608,-10.4504,2193.745967,19103.351269,64906.318968,6393.884366,9233.025814
2026-06-09,102010.65,2.7657,3.7056,0.014705,5.5314,8.2972,5.505,8.2484,2254.418863,20160.042117,70291.702315,6745.869704,9994.601714
2026-06-10,98639.28,-3.3049,3.7033,0.014696,-6.6098,-9.9148,-6.6362,-9.9635,2179.912131,18827.495737,63322.449503,6298.197522,8998.788066
2026-06-11,98585.81,-0.0542,3.701,0.014687,-0.1084,-0.1626,-0.1348,-0.2114,2178.730453,18807.083864,63219.472737,6289.707043,8979.768143
2026-06-12,100933.47,2.3813,3.6987,0.014677,4.7627,7.144,4.7363,7.0953,2230.613359,19702.803816,67735.878111,6587.605772,9616.908721
2026-06-15,103758.38,2.7988,3.6919,0.01465,5.5976,8.3964,5.5712,8.3477,2293.043413,20805.681732,73423.221252,6954.615234,10419.698139
2026-06-16,104708.91,0.9161,3.6896,0.014641,1.8322,2.7483,1.8059,2.6997,2314.049973,21186.883225,75441.110539,7080.205247,10700.993603
2026-06-17,104936.56,0.2174,3.6873,0.014632,0.4348,0.6522,0.4085,0.6036,2319.081001,21279.008985,75933.165193,7109.126885,10765.585563
2026-06-18,106284.87,1.2849,3.6851,0.014623,2.5698,3.8546,2.5434,3.806,2348.878434,21825.828904,78860.1178,7289.942734,11175.327159
2026-06-22,109231.58,2.7725,3.6759,0.014587,5.5449,8.3174,5.5186,8.2689,2414.000248,23036.055501,85419.223467,7692.248066,12099.398583
2026-06-23,107784.88,-1.3244,3.6737,0.014578,-2.6489,-3.9733,-2.6752,-4.0218,2382.028412,22425.860876,82025.260185,7486.468734,11612.78223
2026-06-24,105376.96,-2.234,3.6714,0.014569,-4.468,-6.702,-4.4943,-6.7505,2328.813769,21423.871007,76527.91405,7150.005412,10828.859138
2026-06-25,105874.47,0.4721,3.6691,0.01456,0.9442,1.4164,0.918,1.3679,2339.80866,21626.165513,77611.834174,7215.641163,10976.985719
2026-06-26,102023.27,-3.6375,3.6668,0.014551,-7.275,-10.9125,-7.3013,-10.961,2254.697763,20052.855373,69142.407245,6688.806436,9773.79692
2026-06-29,103010.12,0.9673,3.663,0.014536,1.9346,2.9018,1.9083,2.8534,2276.506988,20440.789622,71148.80788,6816.450039,10052.682585
2026-06-01,103434.65,0.4121,3.7257,0.014784,0.8242,1.2364,0.7978,1.1874,2285.889032,20609.272649,72028.473006,6870.828833,10172.052121
2026-06-02,103939.58,0.4882,3.7234,0.014775,0.9763,1.4645,0.9498,1.4156,2297.047904,20810.48646,73083.322717,6936.09104,10316.045028
2026-06-03,105997.21,1.9796,3.7212,0.014767,3.9593,5.9389,3.9328,5.89,2342.521194,21634.432088,77423.683838,7208.874191,10923.662488
2026-06-04,104213.94,-1.6824,3.7189,0.014758,-3.3647,-5.0471,-3.3912,-5.096,2303.111215,20906.487763,73516.014966,6964.405926,10366.992262
2026-06-05,102830.59,-1.3274,3.7166,0.014749,-2.6548,-3.9822,-2.6813,-4.0311,2272.539404,20351.456645,70588.43025,6777.670559,9949.088136
2026-06-08,99265.25,-3.4672,3.7098,0.014722,-6.9344,-10.4016,-6.9608,-10.4504,2193.745967,18940.206112,63246.108654,6305.888867,8909.368456
2026-06-09,102010.65,2.7657,3.7076,0.014713,5.5314,8.2972,5.505,8.2484,2254.418863,19987.87268,68493.741638,6653.029522,9644.246414
2026-06-10,98639.28,-3.3049,3.7053,0.014704,-6.6098,-9.9148,-6.6362,-9.9635,2179.912131,18666.706423,61702.752293,6211.517903,8683.338918
2026-06-11,98585.81,-0.0542,3.703,0.014695,-0.1084,-0.1626,-0.1348,-0.2114,2178.730453,18646.46887,61602.409524,6203.143772,8664.984326
2026-06-12,100933.47,2.3813,3.7008,0.014686,4.7627,7.144,4.7363,7.0953,2230.613359,19534.539255,66003.291743,6496.94211,9279.78867
2026-06-15,103758.38,2.7988,3.694,0.014659,5.5976,8.3964,5.5712,8.3477,2293.043413,20627.998447,71545.160824,6858.899969,10054.434823
2026-06-16,104708.91,0.9161,3.6917,0.01465,1.8322,2.7483,1.8058,2.6996,2314.049972,21005.944429,73511.435405,6982.760934,10325.867776
2026-06-17,104936.56,0.2174,3.6894,0.014641,0.4348,0.6522,0.4085,0.6036,2319.081,21097.283423,73990.904008,7011.283941,10388.193717
2026-06-18,106284.87,1.2849,3.6872,0.014632,2.5698,3.8546,2.5434,3.806,2348.878433,21639.433427,76842.989376,7189.610628,10783.569907
2026-06-22,109231.58,2.7725,3.6781,0.014596,5.5449,8.3174,5.5186,8.2688,2414.000248,22839.324528,83234.322551,7586.378377,11675.245635
2026-06-23,107784.88,-1.3244,3.6759,0.014587,-2.6489,-3.9733,-2.6752,-4.0218,2382.028412,22234.341046,79927.17197,7383.430561,11205.685931
2026-06-24,105376.96,-2.234,3.6736,0.014578,-4.468,-6.702,-4.4943,-6.7505,2328.813769,21240.908303,74570.440044,7051.597424,10449.241995
2026-06-25,105874.47,0.4721,3.6713,0.014569,0.9442,1.4164,0.918,1.3679,2339.80866,21441.475188,75626.63505,7116.329188,10592.174004
2026-06-26,102023.27,-3.6375,3.6691,0.01456,-7.275,-10.9125,-7.3013,-10.961,2254.697763,19881.601325,67373.843884,6596.744885,9431.162594
2026-06-29,103010.12,0.9673,3.6623,0.014533,1.9346,2.9018,1.9083,2.8534,2276.506988,20266.222564,69328.923676,6722.631854,9700.272076
2026-06-01,103434.65,0.4121,3.7276,0.014792,0.8242,1.2364,0.7978,1.1874,2285.889032,20433.266724,70186.088233,6776.261701,9815.455493
2026-06-02,103939.58,0.4882,3.7253,0.014783,0.9763,1.4645,0.9498,1.4156,2297.047904,20632.762142,71213.956405,6840.625155,9954.399028
2026-06-03,105997.21,1.9796,3.7231,0.014774,3.9593,5.9389,3.9328,5.89,2342.521194,21449.671164,75443.297329,7109.653295,10540.71394
2026-06-04,104213.94,-1.6824,3.7208,0.014765,-3.3647,-5.0471,-3.3912,-5.096,2303.111215,20727.943581,71635.581009,6868.549278,10003.557172
2026-06-05,102830.59,-1.3274,3.7186,0.014756,-2.6548,-3.9822,-2.6813,-4.0311,2272.539404,20177.652502,68782.8797,6684.383569,9600.301947
2026-06-08,99265.25,-3.4672,3.7118,0.014729,-6.9344,-10.4016,-6.9608,-10.4504,2193.745967,18778.454237,61628.364133,6219.094895,8597.030317
2026-06-09,102010.65,2.7657,3.7096,0.01472,5.5314,8.2972,5.505,8.2484,2254.418863,19817.173593,66741.770211,6561.45703,9306.144101
2026-06-10,98639.28,-3.3049,3.7073,0.014712,-6.6098,-9.9148,-6.6363,-9.9635,2179.912131,18507.290271,60124.484609,6126.021868,8378.922054
2026-06-11,98585.81,-0.0542,3.7051,0.014703,-0.1084,-0.1626,-0.1348,-0.2114,2178.730453,18487.22555,60026.708464,6117.76251,8361.20959
2026-06-12,100933.47,2.3813,3.7028,0.014694,4.7627,7.144,4.7363,7.0953,2230.613359,19367.711696,64315.022443,6407.516458,8954.458938
2026-06-15,103758.38,2.7988,3.696,0.014667,5.5976,8.3964,5.5712,8.3477,2293.043413,20451.832601,69715.138481,6764.491707,9701.946171
2026-06-16,104708.91,0.9161,3.6938,0.014658,1.8322,2.7483,1.8058,2.6996,2314.049972,20826.550873,71631.118586,6886.647249,9963.861618
2026-06-17,104936.56,0.2174,3.6915,0.014649,0.4348,0.6522,0.4085,0.6036,2319.081,20917.10982,72098.323071,6914.777081,10024.000872
2026-06-18,106284.87,1.2849,3.6893,0.01464,2.5698,3.8546,2.5434,3.806,2348.878433,21454.629791,74877.456196,7090.648613,10405.514155
2026-06-22,109231.58,2.7725,3.6803,0.014604,5.5449,8.3174,5.5186,8.2688,2414.000248,22644.273663,81105.308259,7481.954412,11265.927294
2026-06-23,107784.88,-1.3244,3.678,0.014595,-2.6489,-3.9733,-2.6752,-4.0219,2382.028412,22044.456821,77882.749834,7281.799462,10812.827783
2026-06-24,105376.96,-2.234,3.6758,0.014586,-4.468,-6.702,-4.4943,-6.7506,2328.813769,21059.508126,72663.035409,6954.533296,10082.902011
2026-06-25,105874.47,0.4721,3.6735,0.014577,0.9442,1.4164,0.918,1.3679,2339.80866,21258.362142,73692.214465,7018.373433,10220.821214
2026-06-26,102023.27,-3.6375,3.6713,0.014569,-7.275,-10.9125,-7.3013,-10.961,2254.697763,19711.80981,65650.517831,6505.940557,9100.512109
2026-06-29,103010.12,0.9673,3.6645,0.014542,1.9346,2.9018,1.9083,2.8534,2276.506988,20093.146332,67555.589493,6630.094111,9360.185168
2026-06-30,105644.15,2.5571,3.6623,0.014533,5.1141,7.6712,5.0879,7.6227,2334.718625,21120.733723,72737.899233,6967.425329,10073.688472
2026-07-01,107781.17,2.0228,3.6622,0.014533,4.0457,6.0685,4.0195,6.0201,2381.946421,21975.214172,77152.029464,7247.477915,10680.135789
2026-07-01,107781.17,0.0,3.6743,0.014581,0.0,0.0,-0.0263,-0.0485,2381.946421,21975.214172,77152.029464,7245.572764,10674.953085
2026-07-02,107239.33,-0.5027,3.6722,0.014572,-1.0054,-1.5082,-1.0317,-1.5567,2369.971845,21754.265558,75988.448043,7170.818515,10508.778623
2026-07-01,107781.17,0.5053,3.6765,0.014589,1.0105,1.5158,0.9842,1.4672,2381.946421,21974.097801,77140.271185,7241.395804,10662.968007
2026-07-02,107239.33,-0.5027,3.6743,0.014581,-1.0054,-1.5082,-1.0317,-1.5567,2369.971845,21753.160412,75976.867099,7166.684032,10496.978293
2026-07-03,107344.35,0.0979,3.6722,0.014572,0.1959,0.2938,0.1696,0.2453,2372.29277,21795.766365,76200.080651,7178.837478,10522.725517
2026-07-01,107781.17,0.4069,3.6786,0.014598,0.8139,1.2208,0.7876,1.1722,2381.946421,21973.154866,77130.33136,7235.375331,10646.077097
2026-07-02,107239.33,-0.5027,3.6765,0.014589,-1.0054,-1.5082,-1.0317,-1.5567,2369.971845,21752.226957,75967.077183,7160.725064,10480.348525
2026-07-03,107344.35,0.0979,3.6743,0.014581,0.1959,0.2938,0.1696,0.2453,2372.29277,21794.831082,76190.261973,7172.867797,10506.05318
2026-07-01,107781.17,0.4069,3.6807,0.014606,0.8139,1.2208,0.7876,1.1722,2381.946421,21972.211971,77120.392816,7229.35804,10629.207575
2026-07-02,107239.33,-0.5027,3.6786,0.014597,-1.0054,-1.5082,-1.0317,-1.5567,2369.971845,21751.293543,75957.288528,7154.769251,10463.739837
2026-07-03,107344.35,0.0979,3.6764,0.014589,0.1959,0.2938,0.1696,0.2452,2372.29277,21793.895839,76180.44456,7166.901284,10489.402
2026-07-01,107781.17,0.4069,3.6828,0.014614,0.8139,1.2208,0.7875,1.1722,2381.946421,21971.269116,77110.455552,7223.343948,10612.359482
2026-07-02,107239.33,-0.5027,3.6806,0.014606,-1.0054,-1.5082,-1.0318,-1.5567,2369.971845,21750.360168,75947.501135,7148.816613,10447.15227
2026-07-03,107344.35,0.0979,3.6785,0.014597,0.1959,0.2938,0.1696,0.2452,2372.29277,21792.960636,76170.628412,7160.937958,10472.772015
2026-07-06,106844.47,-0.4657,3.6721,0.014572,-0.9314,-1.397,-0.9576,-1.4455,2361.245503,21589.990193,75106.496753,7092.362231,10321.383312
2026-07-01,107781.17,0.8767,3.733,0.014813,1.7534,2.6301,1.7269,2.5811,2381.946421,21968.546871,77081.861192,7214.838112,10587.787801
2026-07-02,107239.33,-0.5027,3.7311,0.014806,-1.0054,-1.5082,-1.032,-1.5571,2369.971845,21747.665293,75919.338026,7140.384085,10422.920695
2026-07-03,107344.35,0.0979,3.7293,0.014799,0.1959,0.2938,0.1694,0.2448,2372.29277,21790.260483,76142.382562,7152.476753,10448.439037
2026-07-06,106844.47,-0.4657,3.7237,0.014777,-0.9314,-1.397,-0.9578,-1.446,2361.245503,21587.315188,75078.645508,7083.967414,10297.359309
2026-07-07,104408.51,-2.2799,3.7219,0.014769,-4.5598,-6.8397,-4.5863,-6.8886,2307.411181,20602.971566,69943.464137,6759.075431,9588.011308
2026-07-01,107781.17,3.2303,3.7347,0.01482,6.4605,9.6908,6.434,9.6418,2381.946421,21934.028164,76721.518639,7193.953069,10512.463959
2026-07-02,107239.33,-0.5027,3.7329,0.014813,-1.0054,-1.5082,-1.032,-1.5572,2369.971845,21713.493653,75564.43004,7119.714058,10348.768265
2026-07-03,107344.35,0.0979,3.7311,0.014806,0.1959,0.2938,0.1693,0.2448,2372.29277,21756.021914,75786.431887,7131.771213,10374.103587
2026-07-06,106844.47,-0.4657,3.7255,0.014784,-0.9314,-1.397,-0.9578,-1.446,2361.245503,21553.395502,74727.667595,7063.459685,10224.097215
2026-07-07,104408.51,-2.2799,3.7237,0.014777,-4.5598,-6.8397,-4.5863,-6.8887,2307.411181,20570.598558,69616.492188,6739.507734,9519.79449
2026-07-08,105056.55,0.6207,3.7218,0.014769,1.2414,1.862,1.2149,1.8131,2321.73276,20825.952661,70912.773639,6821.38461,9692.400608
2026-07-01,107781.17,2.5935,3.6984,0.014676,5.187,7.7804,5.1606,7.7317,2381.946421,21906.186252,76430.098203,7173.407373,10441.789979
2026-07-02,107239.33,-0.5027,3.6963,0.014668,-1.0054,-1.5082,-1.0318,-1.5569,2369.971845,21685.931676,75277.404711,7099.390794,10279.225088
2026-07-03,107344.35,0.0979,3.6943,0.01466,0.1959,0.2938,0.1695,0.2451,2372.29277,21728.405954,75498.563302,7111.423887,10304.420147
2026-07-06,106844.47,-0.4657,3.6882,0.014636,-0.9314,-1.397,-0.9577,-1.4457,2361.245503,21526.036745,74443.82064,7043.317798,10155.451929
2026-07-07,104408.51,-2.2799,3.6861,0.014627,-4.5598,-6.8397,-4.5862,-6.8884,2307.411181,20544.487312,69352.059616,6720.300113,9455.908211
2026-07-08,105056.55,0.6207,3.6841,0.014619,1.2414,1.862,1.215,1.8134,2321.73276,20799.517282,70643.417247,6801.95371,9627.384326
2026-07-09,104241.44,-0.7759,3.682,0.014611,-1.5518,-2.3276,-1.5781,-2.3762,2303.718961,20476.759785,68999.098378,6694.613958,9398.616518
2026-07-01,107781.17,3.3957,3.7041,0.014699,6.7914,10.1871,6.765,10.1383,2381.946421,21867.419793,76028.112324,7147.50468,10351.48087
2026-07-02,107239.33,-0.5027,3.7021,0.014691,-1.0054,-1.5082,-1.0318,-1.5569,2369.971845,21647.554993,74881.48145,7073.753731,10190.317226
2026-07-03,107344.35,0.0979,3.7001,0.014683,0.1959,0.2938,0.1695,0.2451,2372.29277,21689.954105,75101.476852,7085.74174,10215.289667
2026-07-06,106844.47,-0.4657,3.6941,0.014659,-0.9314,-1.397,-0.9577,-1.4457,2361.245503,21487.943021,74052.281634,7017.879948,10067.605197
2026-07-07,104408.51,-2.2799,3.6921,0.014651,-4.5598,-6.8397,-4.5862,-6.8884,2307.411181,20508.130595,68987.300845,6696.02723,9374.107933
2026-07-08,105056.55,0.6207,3.6901,0.014643,1.2414,1.862,1.215,1.8134,2321.73276,20762.709249,70271.866551,6777.384319,9544.096218
2026-07-09,104241.44,-0.7759,3.688,0.014635,-1.5518,-2.3276,-1.5781,-2.3763,2303.718961,20440.522923,68636.196015,6670.430676,9317.302974
2026-07-01,107781.17,3.3957,3.7527,0.014892,6.7914,10.1871,6.7648,10.138,2381.946421,21828.721939,75628.240699,7121.672549,10261.887581
2026-07-02,107239.33,-0.5027,3.7509,0.014885,-1.0054,-1.5082,-1.032,-1.5573,2369.971845,21609.246223,74487.640556,7048.174353,10102.079075
2026-07-03,107344.35,0.0979,3.7492,0.014878,0.1959,0.2938,0.1693,0.2447,2372.29277,21651.570304,74706.478888,7060.105286,10126.795932
2026-07-06,106844.47,-0.4657,3.7439,0.014857,-0.9314,-1.397,-0.9579,-1.4461,2361.245503,21449.916711,73662.801936,6992.475047,9980.350747
2026-07-07,104408.51,-2.2799,3.7422,0.01485,-4.5598,-6.8397,-4.5864,-6.8888,2307.411181,20471.838218,68624.460532,6671.77353,9292.824203
2026-07-08,105056.55,0.6207,3.7405,0.014843,1.2414,1.862,1.2148,1.813,2321.73276,20725.966354,69902.270034,6752.822589,9461.301326
2026-07-09,104241.44,-0.7759,3.7387,0.014836,-1.5518,-2.3276,-1.5783,-2.3767,2303.718961,20404.350188,68275.202346,6646.242974,9236.437457
2026-07-13,104360.55,0.1143,3.7317,0.014809,0.2285,0.3428,0.202,0.2938,2306.351273,20450.979669,68509.243415,6659.669202,9263.574909
2026-07-01,107781.17,3.2777,3.7543,0.014898,6.5554,9.8331,6.5288,9.7839,2381.946422,21791.620938,75245.81451,7094.464664,10169.915897
2026-07-02,107239.33,-0.5027,3.7526,0.014891,-1.0054,-1.5082,-1.032,-1.5573,2369.971845,21572.518252,74110.981994,7021.246805,10011.538353
2026-07-03,107344.35,0.0979,3.7508,0.014884,0.1959,0.2938,0.1693,0.2447,2372.29277,21614.770397,74328.713734,7033.1317,10036.032383
2026-07-06,106844.47,-0.4657,3.7456,0.014864,-0.9314,-1.397,-0.9579,-1.4461,2361.245503,21413.459543,73290.314301,6965.759382,9890.898419
2026-07-07,104408.51,-2.2799,3.7439,0.014857,-4.5598,-6.8397,-4.5864,-6.8888,2307.411181,20437.043432,68277.450068,6646.282685,9209.532755
2026-07-08,105056.55,0.6207,3.7421,0.01485,1.2414,1.862,1.2148,1.813,2321.73276,20690.739642,69548.798124,6727.021636,9376.498591
2026-07-09,104241.44,-0.7759,3.7404,0.014843,-1.5518,-2.3276,-1.5783,-2.3767,2303.718961,20369.670108,67929.957962,6620.848785,9153.648945
2026-07-13,104360.55,0.1143,3.7335,0.014815,0.2285,0.3428,0.202,0.2938,2306.351273,20416.220336,68162.815565,6634.223261,9180.541904
2026-07-14,102902.72,-1.3969,3.7317,0.014808,-2.7938,-4.1908,-2.8203,-4.2397,2274.133466,19845.825134,65306.282208,6447.115057,8791.311507
2026-07-01,107781.17,4.7408,3.7189,0.014758,9.4817,14.2225,9.4552,14.1736,2381.946422,21727.54149,74594.474953,7056.703295,10037.359465
2026-07-02,107239.33,-0.5027,3.717,0.01475,-1.0054,-1.5082,-1.0319,-1.557,2369.971845,21509.083088,73469.465724,6983.885102,9881.074558
2026-07-03,107344.35,0.0979,3.7151,0.014742,0.1959,0.2938,0.1694,0.2449,2372.292771,21551.210988,73685.312745,6995.71666,9905.277425
2026-07-06,106844.47,-0.4657,3.7093,0.014719,-0.9314,-1.397,-0.9578,-1.4458,2361.245503,21350.492099,72655.901859,6928.712835,9762.062901
2026-07-07,104408.51,-2.2799,3.7074,0.014712,-4.5598,-6.8397,-4.5862,-6.8885,2307.411181,20376.947193,67686.429765,6610.945276,9089.60077
2026-07-08,105056.55,0.6207,3.7054,0.014704,1.2414,1.862,1.2149,1.8133,2321.732761,20629.897395,68946.772833,6691.26458,9254.418761
2026-07-09,104241.44,-0.7759,3.7035,0.014696,-1.5518,-2.3276,-1.5782,-2.3764,2303.718961,20309.771983,67341.945604,6585.665884,9034.497672
2026-07-13,104360.55,0.1143,3.6958,0.014666,0.2285,0.3428,0.2022,0.2941,2306.351273,20356.185328,67572.787555,6598.979136,9061.067589
2026-07-14,102902.72,-1.3969,3.6939,0.014658,-2.7938,-4.1908,-2.8202,-4.2394,2274.133466,19787.467404,64740.980799,6412.874858,8676.929822
2026-07-15,104970.69,2.0096,3.6919,0.014651,4.0193,6.0289,3.9929,5.9802,2319.835268,20582.7795,68644.154769,6668.935495,9195.831188
2026-07-01,107781.17,2.6774,3.7408,0.014844,5.3548,8.0322,5.3282,7.9831,2381.946421,21684.944116,74157.780261,7024.272342,9929.946473
2026-07-02,107239.33,-0.5027,3.7389,0.014837,-1.0054,-1.5082,-1.032,-1.5572,2369.971845,21466.914007,73039.357117,6951.782689,9775.316731
2026-07-03,107344.35,0.0979,3.7371,0.01483,0.1959,0.2938,0.1693,0.2448,2372.29277,21508.959315,73253.940516,6963.553776,9799.243439
2026-07-06,106844.47,-0.4657,3.7317,0.014808,-0.9314,-1.397,-0.9579,-1.446,2361.245503,21308.63394,72230.556058,6896.851807,9657.544561
2026-07-07,104408.51,-2.2799,3.7299,0.014801,-4.5598,-6.8397,-4.5863,-6.8887,2307.411181,20336.997693,67290.176495,6580.539304,8992.264926
2026-07-08,105056.55,0.6207,3.7281,0.014794,1.2414,1.862,1.2149,1.8131,2321.73276,20589.45198,68543.1412,6660.483274,9155.301796
2026-07-09,104241.44,-0.7759,3.7263,0.014787,-1.5518,-2.3276,-1.5782,-2.3766,2303.718961,20269.954182,66947.709031,6555.364335,8937.719561
2026-07-13,104360.55,0.1143,3.719,0.014758,0.2285,0.3428,0.2021,0.2939,2306.351273,20316.276532,67177.199576,6568.610281,8963.988362
2026-07-14,102902.72,-1.3969,3.7172,0.014751,-2.7938,-4.1908,-2.8203,-4.2396,2274.133466,19748.673594,64361.970923,6383.356371,8583.94957
2026-07-15,104970.69,2.0096,3.7154,0.014744,4.0193,6.0289,3.9928,5.9801,2319.835268,20542.426461,68242.294738,6638.232408,9097.274483
2026-07-16,105017.85,0.0449,3.7136,0.014737,0.0899,0.1348,0.0634,0.0859,2320.877496,20560.884582,68334.272031,6642.44176,9105.092885
2026-07-17,98228.75,-6.4647,3.7118,0.014729,-12.9294,-19.3941,-12.9559,-19.443,2170.839485,17902.481243,55081.433406,5781.856517,7334.793732
2026-07-01,107781.17,9.7247,3.7424,0.014851,19.4493,29.174,19.4228,29.1249,2381.946422,21384.395039,71150.893297,6904.853744,9471.047851
2026-07-02,107239.33,-0.5027,3.7406,0.014844,-1.0054,-1.5082,-1.032,-1.5572,2369.971845,21169.386784,70077.819029,6833.596023,9323.562861
2026-07-03,107344.35,0.0979,3.7388,0.014837,0.1959,0.2938,0.1693,0.2448,2372.29277,21210.849352,70283.701682,6845.166539,9346.382596
2026-07-06,106844.47,-0.4657,3.7334,0.014815,-0.9314,-1.397,-0.9579,-1.446,2361.245503,21013.300448,69301.812552,6779.598109,9211.230915
2026-07-07,104408.51,-2.2799,3.7316,0.014808,-4.5598,-6.8397,-4.5863,-6.8887,2307.411181,20055.130888,64561.751322,6468.662792,8576.695262
2026-07-08,105056.55,0.6207,3.7298,0.014801,1.2414,1.862,1.2148,1.8131,2321.73276,20304.086209,65763.911873,6547.247187,8732.196362
2026-07-09,104241.44,-0.7759,3.728,0.014794,-1.5518,-2.3276,-1.5783,-2.3766,2303.718961,19989.016587,64233.169938,6443.914948,8524.668336
2026-07-13,104360.55,0.1143,3.7208,0.014765,0.2285,0.3428,0.2021,0.2939,2306.351273,20034.696919,64453.355295,6456.935247,8549.721953
2026-07-14,102902.72,-1.3969,3.719,0.014758,-2.7938,-4.1908,-2.8203,-4.2396,2274.133466,19474.960846,61752.276153,6274.830446,8187.245274
2026-07-15,104970.69,2.0096,3.7172,0.014751,4.0193,6.0289,3.9928,5.98,2319.835268,20257.712454,65475.263879,6525.372795,8676.8459
2026-07-16,105017.85,0.0449,3.7154,0.014744,0.0899,0.1348,0.0634,0.0859,2320.877497,20275.914749,65563.511754,6529.51012,8684.301749
2026-07-17,98228.75,-6.4647,3.7136,0.014737,-12.9294,-19.3941,-12.9559,-19.443,2170.839485,17654.35636,52848.038023,5683.555675,6995.815594
2026-07-01,107781.17,9.7247,3.744,0.014857,19.4493,29.174,19.4228,29.1249,2381.946422,21088.011512,68265.927043,6787.459778,9033.341636
2026-07-02,107239.33,-0.5027,3.7422,0.01485,-1.0054,-1.5082,-1.032,-1.5572,2369.971845,20875.98323,67236.362884,6717.413116,8892.671517
2026-07-03,107344.35,0.0979,3.7404,0.014843,0.1959,0.2938,0.1693,0.2447,2372.29277,20916.871135,67433.89758,6728.786474,8914.435468
2026-07-06,106844.47,-0.4657,3.7351,0.014822,-0.9314,-1.397,-0.9579,-1.446,2361.245503,20722.06022,66491.821261,6664.332378,8785.528696
2026-07-07,104408.51,-2.2799,3.7333,0.014815,-4.5598,-6.8397,-4.5863,-6.8887,2307.411181,19777.170703,61943.956025,6358.683092,8180.317291
2026-07-08,105056.55,0.6207,3.7315,0.014808,1.2414,1.862,1.2148,1.8131,2321.73276,20022.675551,63097.372387,6435.930974,8328.6307
2026-07-09,104241.44,-0.7759,3.7297,0.0148,-1.5518,-2.3276,-1.5783,-2.3766,2303.718961,19711.972733,61628.697682,6334.355153,8130.692629
2026-07-13,104360.55,0.1143,3.7225,0.014772,0.2285,0.3428,0.202,0.2939,2306.351273,19757.019944,61839.955148,6347.153644,8154.587247
2026-07-14,102902.72,-1.3969,3.7207,0.014765,-2.7938,-4.1908,-2.8203,-4.2396,2274.133466,19205.041704,59248.397079,6168.144571,7808.861692
2026-07-15,104970.69,2.0096,3.719,0.014758,4.0193,6.0289,3.9928,5.98,2319.835268,19976.944528,62820.428247,6414.426722,8275.833737
2026-07-16,105017.85,0.0449,3.7172,0.014751,0.0899,0.1348,0.0634,0.0859,2320.877497,19994.894542,62905.097922,6418.493253,8282.943845
2026-07-17,98228.75,-6.4647,3.7154,0.014744,-12.9294,-19.3941,-12.9559,-19.443,2170.839485,17409.670439,50705.200468,5586.921551,6672.49242
2026-07-01,107781.17,9.7247,3.7456,0.014864,19.4493,29.174,19.4228,29.1249,2381.946422,20795.735804,65497.937963,6672.05627,8615.849975
2026-07-02,107239.33,-0.5027,3.7439,0.014857,-1.0054,-1.5082,-1.032,-1.5572,2369.971845,20586.646192,64510.1197,6603.200144,8481.680063
2026-07-03,107344.35,0.0979,3.7421,0.01485,0.1959,0.2938,0.1693,0.2447,2372.29277,20626.967399,64699.644926,6614.379699,8502.437053
2026-07-06,106844.47,-0.4657,3.7367,0.014828,-0.9314,-1.397,-0.9579,-1.4461,2361.245503,20434.856524,63795.767121,6551.021053,8379.486846
2026-07-07,104408.51,-2.2799,3.735,0.014821,-4.5598,-6.8397,-4.5864,-6.8887,2307.411181,19503.062991,59432.304879,6250.568182,7802.245462
2026-07-08,105056.55,0.6207,3.7332,0.014814,1.2414,1.862,1.2148,1.813,2321.73276,19745.16519,60538.953489,6326.502225,7943.703194
2026-07-09,104241.44,-0.7759,3.7314,0.014807,-1.5518,-2.3276,-1.5783,-2.3766,2303.718961,19438.768652,59129.829364,6226.653053,7754.91224
2026-07-13,104360.55,0.1143,3.7243,0.014779,0.2285,0.3428,0.202,0.2939,2306.351273,19483.191518,59332.520942,6239.233508,7777.70145
2026-07-14,102902.72,-1.3969,3.7225,0.014772,-2.7938,-4.1908,-2.8203,-4.2397,2274.133466,18938.863588,56846.043178,6063.267684,7447.953448
2026-07-15,104970.69,2.0096,3.7207,0.014765,4.0193,6.0289,3.9928,5.98,2319.835268,19700.06799,60273.238647,6305.361884,7893.342055
2026-07-16,105017.85,0.0449,3.7189,0.014758,0.0899,0.1348,0.0634,0.0859,2320.877497,19717.769221,60354.475207,6309.358835,7900.122454
2026-07-17,98228.75,-6.4647,3.7171,0.014751,-12.9294,-19.3941,-12.9559,-19.443,2170.839485,17168.375817,48649.248878,5491.926008,6364.10183
2026-07-20,97721.96,-0.5159,3.7118,0.014729,-1.0319,-1.5478,-1.0583,-1.5966,2159.639508,16991.22277,47896.263031,5433.805372,6262.492019
2026-07-01,107781.17,10.2937,3.7652,0.014941,20.5874,30.8811,20.5608,30.8319,2381.946422,20489.275367,62687.162683,6551.037157,8193.335212
2026-07-02,107239.33,-0.5027,3.7635,0.014935,-1.0054,-1.5082,-1.0321,-1.5574,2369.971845,20283.267046,61741.735604,6483.424852,8065.732122
2026-07-03,107344.35,0.0979,3.7618,0.014928,0.1959,0.2938,0.1692,0.2446,2372.29277,20322.994051,61923.127554,6494.396542,8085.458536
2026-07-06,106844.47,-0.4657,3.7568,0.014908,-0.9314,-1.397,-0.958,-1.4462,2361.245503,20133.714256,61058.038716,6432.182035,7968.525206
2026-07-07,104408.51,-2.2799,3.7551,0.014901,-4.5598,-6.8397,-4.5864,-6.8889,2307.411181,19215.652281,56881.829878,6137.174391,7419.581158
2026-07-08,105056.55,0.6207,3.7534,0.014895,1.2414,1.862,1.2148,1.8129,2321.732761,19454.186694,57940.987825,6211.725948,7554.089096
2026-07-09,104241.44,-0.7759,3.7518,0.014888,-1.5518,-2.3276,-1.5783,-2.3768,2303.718961,19152.305429,56592.334783,6113.683228,7374.545533
2026-07-13,104360.55,0.1143,3.7451,0.014861,0.2285,0.3428,0.202,0.2937,2306.351273,19196.073648,56786.328064,6126.030387,7396.204783
2026-07-14,102902.72,-1.3969,3.7434,0.014855,-2.7938,-4.1908,-2.8204,-4.2398,2274.133466,18659.767313,54406.554884,5953.252156,7082.618656
2026-07-15,104970.69,2.0096,3.7417,0.014848,4.0193,6.0289,3.9927,5.9798,2319.835268,19409.754077,57686.675856,6190.948687,7506.148372
2026-07-16,105017.85,0.0449,3.74,0.014841,0.0899,0.1348,0.0633,0.0857,2320.877497,19427.19445,57764.426234,6194.867919,7512.583578
2026-07-17,98228.75,-6.4647,3.7384,0.014835,-12.9294,-19.3941,-12.956,-19.4432,2170.839485,16915.370682,46561.51741,5392.263172,6051.899461
2026-07-20,97721.96,-0.5159,3.7333,0.014815,-1.0319,-1.5478,-1.0584,-1.5968,2159.639508,16740.828286,45840.845161,5335.192645,5955.263941
2026-07-21,101867.7,4.2424,3.7317,0.014808,8.4848,12.7271,8.4583,12.6782,2251.259691,18161.248455,51675.078083,5786.456673,6710.282309
2026-07-01,107781.17,5.805,3.7667,0.014947,11.6101,17.4151,11.5834,17.3659,2381.946421,20269.787234,60674.369045,6456.727685,7875.582422
2026-07-02,107239.33,-0.5027,3.765,0.01494,-1.0054,-1.5082,-1.0321,-1.5574,2369.971845,20065.985744,59759.298256,6390.08835,7752.927077
2026-07-03,107344.35,0.0979,3.7633,0.014934,0.1959,0.2938,0.1692,0.2446,2372.29277,20105.28718,59934.865974,6400.901706,7771.887532
2026-07-06,106844.47,-0.4657,3.7583,0.014914,-0.9314,-1.397,-0.958,-1.4462,2361.245503,19918.035015,59097.553881,6339.582464,7659.488174
2026-07-07,104408.51,-2.2799,3.7567,0.014907,-4.5598,-6.8397,-4.5864,-6.8889,2307.411181,19009.807635,55055.437035,6048.821447,7131.832453
2026-07-08,105056.55,0.6207,3.755,0.014901,1.2414,1.862,1.2147,1.8129,2321.73276,19245.786785,56080.586961,6122.299361,7261.12298
2026-07-09,104241.44,-0.7759,3.7533,0.014894,-1.5518,-2.3276,-1.5784,-2.3768,2303.718961,18947.139375,54775.237206,6025.667726,7088.541658
2026-07-13,104360.55,0.1143,3.7467,0.014868,0.2285,0.3428,0.202,0.2937,2306.351273,18990.438734,54963.001646,6037.836748,7109.360011
2026-07-14,102902.72,-1.3969,3.745,0.014861,-2.7938,-4.1908,-2.8204,-4.2398,2274.133466,18459.877496,52659.639522,5867.545543,6807.934696
2026-07-15,104970.69,2.0096,3.7433,0.014854,4.0193,6.0289,3.9927,5.9798,2319.835268,19201.830146,55834.440579,6101.819676,7215.037864
2026-07-16,105017.85,0.0449,3.7417,0.014848,0.0899,0.1348,0.0633,0.0857,2320.877496,19219.083692,55909.694506,6105.682092,7221.222568
2026-07-17,98228.75,-6.4647,3.74,0.014841,-12.9294,-19.3941,-12.956,-19.4432,2170.839485,16734.16744,45066.494794,5314.631834,5817.187324
2026-07-20,97721.96,-0.5159,3.735,0.014821,-1.0319,-1.5478,-1.0584,-1.5968,2159.639508,16561.494801,44368.962282,5258.382592,5724.29888
2026-07-21,101867.7,4.2424,3.7333,0.014815,8.4848,12.7271,8.4582,12.6782,2251.259691,17966.698943,50015.866469,5703.149486,6450.034355
2026-07-22,103240.18,1.3473,3.7317,0.014808,2.6946,4.0419,2.6681,3.993,2281.591277,18450.835425,52037.482047,5855.316232,6707.582102
2026-07-01,107781.17,4.3985,3.8303,0.0152,8.7969,13.1954,8.77,13.1457,2381.946421,20073.944938,58904.043659,6368.829649,7589.337408
2026-07-02,107239.33,-0.5027,3.829,0.015194,-1.0054,-1.5082,-1.0323,-1.5579,2369.971845,19872.112534,58015.672332,6303.081332,7471.101546
2026-07-03,107344.35,0.0979,3.8277,0.015189,0.1959,0.2938,0.169,0.244,2372.29277,19911.034248,58186.117426,6313.731366,7489.334631
2026-07-06,106844.47,-0.4657,3.8237,0.015173,-0.9314,-1.397,-0.9582,-1.4467,2361.245503,19725.591273,57373.235992,6253.230817,7380.98278
2026-07-07,104408.51,-2.2799,3.8224,0.015168,-4.5598,-6.8397,-4.5867,-6.8894,2307.411181,18826.138989,53449.057943,5966.413956,6872.474561
2026-07-08,105056.55,0.6207,3.8211,0.015163,1.2414,1.862,1.2145,1.8123,2321.73276,19059.83816,54444.296574,6038.875184,6997.02724
2026-07-09,104241.44,-0.7759,3.8198,0.015158,-1.5518,-2.3276,-1.5786,-2.3773,2303.718961,18764.076216,53177.03364,5943.544361,6830.686022
2026-07-13,104360.55,0.1143,3.8145,0.015137,0.2285,0.3428,0.2017,0.2932,2306.351273,18806.957227,53359.319586,5955.531536,6850.71031
2026-07-14,102902.72,-1.3969,3.8132,0.015132,-2.7938,-4.1908,-2.8207,-4.2404,2274.133466,18281.522156,51123.163772,5787.545557,6560.214258
2026-07-15,104970.69,2.0096,3.8119,0.015126,4.0193,6.0289,3.9924,5.9793,2319.835268,19016.30622,54205.332124,6018.609786,6952.46848
2026-07-16,105017.85,0.0449,3.8105,0.015121,0.0899,0.1348,0.063,0.0852,2320.877496,19033.393066,54278.390331,6022.403082,6958.390109
2026-07-17,98228.75,-6.4647,3.8092,0.015116,-12.9294,-19.3941,-12.9562,-19.4437,2170.839485,16572.485537,43751.567897,5242.125884,5605.419625
2026-07-20,97721.96,-0.5159,3.8053,0.0151,-1.0319,-1.5478,-1.0587,-1.5974,2159.639508,16401.481224,43074.387628,5186.629417,5515.881412
2026-07-21,101867.7,4.2424,3.804,0.015095,8.4848,12.7271,8.458,12.6776,2251.259691,17793.108588,48556.529363,5625.312716,6215.162484
2026-07-22,103240.18,1.3473,3.8026,0.01509,2.6946,4.0419,2.6678,3.9924,2281.591277,18272.567448,50519.159287,5775.386844,6463.296868
2026-07-23,103326.54,0.0836,3.8013,0.015085,0.1673,0.2509,0.1405,0.2014,2283.499819,18303.137308,50645.936514,5783.50174,6476.314888
2026-07-01,107781.17,4.3112,3.8315,0.015204,8.6224,12.9336,8.5955,12.8839,2381.946421,19881.312761,57196.303192,6280.623837,7310.715112
2026-07-02,107239.33,-0.5027,3.8301,0.015199,-1.0054,-1.5082,-1.0323,-1.5579,2369.971845,19681.417167,56333.687442,6215.785818,7196.819286
2026-07-03,107344.35,0.0979,3.8288,0.015194,0.1959,0.2938,0.169,0.244,2372.29277,19719.965383,56499.191008,6226.288062,7214.382318
2026-07-06,106844.47,-0.4657,3.8249,0.015178,-0.9314,-1.397,-0.9582,-1.4468,2361.245503,19536.301943,55709.876556,6166.625132,7110.007651
2026-07-07,104408.51,-2.2799,3.8236,0.015173,-4.5598,-6.8397,-4.5867,-6.8894,2307.411181,18645.480919,51899.467906,5883.780319,6620.167418
2026-07-08,105056.55,0.6207,3.8223,0.015168,1.2414,1.862,1.2145,1.8123,2321.73276,18876.937483,52865.852673,5955.237691,6740.146796
2026-07-09,104241.44,-0.7759,3.821,0.015163,-1.5518,-2.3276,-1.5786,-2.3773,2303.718961,18584.013709,51635.330106,5861.226899,6579.911779
2026-07-13,104360.55,0.1143,3.8157,0.015142,0.2285,0.3428,0.2017,0.2931,2306.351273,18626.483228,51812.331235,5873.047764,6599.20027
2026-07-14,102902.72,-1.3969,3.8144,0.015137,-2.7938,-4.1908,-2.8207,-4.2404,2274.133466,18106.090301,49641.005839,5707.388091,6319.368543
2026-07-15,104970.69,2.0096,3.8131,0.015131,4.0193,6.0289,3.9924,5.9793,2319.835268,18833.823281,52633.816258,5935.251797,6697.221273
2026-07-16,105017.85,0.0449,3.8118,0.015126,0.0899,0.1348,0.063,0.0852,2320.877496,18850.746159,52704.756368,5938.99226,6702.924831
2026-07-17,98228.75,-6.4647,3.8105,0.015121,-12.9294,-19.3941,-12.9562,-19.4437,2170.839485,16413.453818,42483.126575,5169.521672,5399.625649
2026-07-20,97721.96,-0.5159,3.8066,0.015105,-1.0319,-1.5478,-1.0587,-1.5974,2159.639508,16244.090485,41825.579053,5114.793575,5313.374136
2026-07-21,101867.7,4.2424,3.8052,0.0151,8.4848,12.7271,8.458,12.6776,2251.259691,17622.363612,47148.783052,5547.400763,5986.981613
2026-07-22,103240.18,1.3473,3.8039,0.015095,2.6946,4.0419,2.6678,3.9924,2281.591277,18097.221523,49054.512594,5695.396042,6226.005478
2026-07-23,103326.54,0.0836,3.8026,0.01509,0.1673,0.2509,0.1405,0.2014,2283.499819,18127.49803,49177.614309,5703.398249,6238.544914
2026-07-24,100574.58,-2.6634,3.8013,0.015085,-5.3267,-7.9901,-5.3535,-8.0396,2222.681948,17161.896173,45248.28035,5398.065951,5736.989561
2026-07-01,107781.17,7.1654,3.8326,0.015209,14.3308,21.4963,14.3039,21.4465,2381.946421,19621.339689,54974.966895,6170.201135,6967.371547
2026-07-02,107239.33,-0.5027,3.8313,0.015204,-1.0054,-1.5082,-1.0324,-1.5579,2369.971845,19424.05798,54145.852606,6106.502781,6858.824133
2026-07-03,107344.35,0.0979,3.83,0.015198,0.1959,0.2938,0.169,0.244,2372.29277,19462.10213,54304.9285,6116.820097,6875.561691
2026-07-06,106844.47,-0.4657,3.8261,0.015183,-0.9314,-1.397,-0.9582,-1.4468,2361.245503,19280.84032,53546.268701,6058.205848,6776.088294
2026-07-07,104408.51,-2.2799,3.8248,0.015178,-4.5598,-6.8397,-4.5867,-6.8895,2307.411181,18401.667897,49883.845123,5780.333621,6309.252618
2026-07-08,105056.55,0.6207,3.8235,0.015173,1.2414,1.862,1.2145,1.8123,2321.73276,18630.097876,50812.698346,5850.534378,6423.59659
2026-07-09,104241.44,-0.7759,3.8222,0.015167,-1.5518,-2.3276,-1.5786,-2.3773,2303.718961,18341.004448,49629.965659,5758.176177,6270.886379
2026-07-13,104360.55,0.1143,3.817,0.015147,0.2285,0.3428,0.2017,0.2931,2306.351273,18382.918624,49800.092584,5769.78893,6289.268375
2026-07-14,102902.72,-1.3969,3.8157,0.015141,-2.7938,-4.1908,-2.8207,-4.2404,2274.133465,17869.330486,47713.095084,5607.041572,6022.578348
2026-07-15,104970.69,2.0096,3.8143,0.015136,4.0193,6.0289,3.9924,5.9793,2319.835268,18587.547446,50589.673543,5830.898734,6382.684569
2026-07-16,105017.85,0.0449,3.813,0.015131,0.0899,0.1348,0.063,0.0852,2320.877496,18604.249037,50657.858548,5834.573143,6388.119626
2026-07-17,98228.75,-6.4647,3.8117,0.015126,-12.9294,-19.3941,-12.9563,-19.4437,2170.839484,16198.827346,40833.206811,5078.631065,5146.029709
2026-07-20,97721.96,-0.5159,3.8078,0.01511,-1.0319,-1.5478,-1.0587,-1.5974,2159.639507,16031.678651,40201.196502,5024.864942,5063.828519
2026-07-21,101867.7,4.2424,3.8065,0.015105,8.4848,12.7271,8.458,12.6776,2251.259691,17391.92913,45317.662905,5449.865747,5705.799127
2026-07-22,103240.18,1.3473,3.8052,0.0151,2.6946,4.0419,2.6678,3.9924,2281.591277,17860.577679,47149.379513,5595.258679,5933.596499
2026-07-23,103326.54,0.0836,3.8039,0.015095,0.1673,0.2509,0.1405,0.2014,2283.499819,17890.458283,47267.700319,5603.119903,5945.546402
2026-07-24,100574.58,-2.6634,3.8026,0.01509,-5.3267,-7.9901,-5.3535,-8.0396,2222.681948,16937.48288,43490.970142,5303.155733,5467.546406
2026-07-01,107781.17,7.1654,3.8337,0.015213,14.3308,21.4963,14.3039,21.4465,2381.946421,19364.766091,52839.900772,6061.714793,6640.14184
2026-07-02,107239.33,-0.5027,3.8325,0.015208,-1.0054,-1.5082,-1.0324,-1.5579,2369.971845,19170.064088,52042.986844,5999.136126,6536.691861
2026-07-03,107344.35,0.0979,3.8312,0.015203,0.1959,0.2938,0.169,0.244,2372.29277,19207.610763,52195.884698,6009.271765,6552.642723
2026-07-06,106844.47,-0.4657,3.8273,0.015188,-0.9314,-1.397,-0.9583,-1.4468,2361.245503,19028.719177,51466.689016,5951.687815,6457.840603
2026-07-07,104408.51,-2.2799,3.826,0.015182,-4.5598,-6.8397,-4.5867,-6.8895,2307.411181,18161.043035,47946.503205,5678.700981,6012.92986
2026-07-08,105056.55,0.6207,3.8247,0.015177,1.2414,1.862,1.2145,1.8123,2321.73276,18386.486006,48839.282498,5747.667167,6121.902944
2026-07-09,104241.44,-0.7759,3.8234,0.015172,-1.5518,-2.3276,-1.5786,-2.3773,2303.718961,18101.172837,47702.483673,5656.932586,5976.364413
2026-07-13,104360.55,0.1143,3.8182,0.015151,0.2285,0.3428,0.2017,0.2931,2306.351273,18142.538933,47866.003368,5668.340884,5993.882493
2026-07-14,102902.72,-1.3969,3.8169,0.015146,-2.7938,-4.1908,-2.8207,-4.2404,2274.133465,17635.666603,45860.058717,5508.454776,5739.717422
2026-07-15,104970.69,2.0096,3.8156,0.015141,4.0193,6.0289,3.9924,5.9793,2319.835268,18344.491977,48624.919324,5728.375661,6082.910064
2026-07-16,105017.85,0.0449,3.8143,0.015136,0.0899,0.1348,0.063,0.0851,2320.877496,18360.975173,48690.456223,5731.985184,6088.089258
2026-07-17,98228.75,-6.4647,3.813,0.015131,-12.9294,-19.3941,-12.9563,-19.4438,2170.839484,15987.007385,39247.365082,4989.334379,4904.335891
2026-07-20,97721.96,-0.5159,3.8091,0.015115,-1.0319,-1.5478,-1.0587,-1.5974,2159.639507,15822.044368,38639.900195,4936.513367,4825.994958
2026-07-21,101867.7,4.2424,3.8078,0.01511,8.4848,12.7271,8.4579,12.6776,2251.259691,17164.507868,43557.658082,5354.041187,5437.813554
2026-07-22,103240.18,1.3473,3.8065,0.015105,2.6946,4.0419,2.6678,3.9924,2281.591277,17627.02825,45318.236202,5496.877416,5654.911366
2026-07-23,103326.54,0.0836,3.8052,0.0151,0.1673,0.2509,0.1405,0.2014,2283.499819,17656.518128,45431.961775,5504.600138,5666.299441
2026-07-24,100574.58,-2.6634,3.8039,0.015095,-5.3267,-7.9901,-5.3535,-8.0396,2222.681948,16716.004072,41801.908697,5209.909963,5210.749291
