# ASSET=NVDA,NAME=NVDA,LEV2=2x NVDA,LEV3=3x NVDA
Date,Asset_Close,NDX_DailyReturn,RF_Annual_Pct,RF_Daily_Pct,NDX2L_DailyReturn,NDX3L_DailyReturn,NDX2L_Adj_DailyReturn,NDX3L_Adj_DailyReturn,NDX_Indexed,NDX2L,NDX3L,NDX2L_adj,NDX3L_adj
1999-01-25,0.0415,10.4764,4.7704,0.01893,20.9528,31.4292,20.9222,31.372,110.476397,120.952793,131.42919,120.922157,131.371964
1999-01-26,0.0383,-7.7593,4.77,0.018929,-15.5187,-23.278,-15.5493,-23.3353,101.90415,102.182501,100.835051,102.119574,100.715972
1999-01-27,0.0382,-0.3111,4.7696,0.018927,-0.6221,-0.9332,-0.6528,-0.9904,101.587165,101.546799,99.894073,101.452981,99.718477
1999-01-28,0.038,-0.3144,4.7693,0.018926,-0.6287,-0.9431,-0.6593,-1.0003,101.26782,100.908362,98.952004,100.784057,98.721008
1999-01-29,0.0362,-4.702,4.7689,0.018924,-9.4039,-14.1059,-9.4346,-14.1631,96.506244,91.419014,84.993944,91.275528,84.739051
1999-02-01,0.037,1.9756,4.7677,0.01892,3.9511,5.9267,3.9205,5.8695,98.412775,95.031074,90.031242,94.853964,89.712767
1999-02-02,0.0341,-7.7418,4.7673,0.018918,-15.4836,-23.2253,-15.5142,-23.2825,90.793873,80.316878,69.121176,80.138143,68.825352
1999-02-03,0.0348,2.0972,4.767,0.018917,4.1944,6.2916,4.1638,6.2344,92.697994,83.685674,73.469984,83.474901,73.116181
1999-02-04,0.0367,5.4785,4.7666,0.018915,10.957,16.4356,10.9264,16.3784,97.776475,92.855152,85.545194,92.595724,85.091423
1999-02-05,0.0378,2.9224,4.7662,0.018913,5.8448,8.7672,5.8142,8.71,100.6339,98.282361,93.045128,97.979417,92.502908
1999-02-08,0.0365,-3.4694,4.765,0.018909,-6.9387,-10.4081,-6.9693,-10.4653,97.142545,91.462817,83.360908,91.150897,82.822227
1999-02-09,0.0351,-3.9227,4.7647,0.018907,-7.8455,-11.7682,-7.8761,-11.8254,93.331894,84.287117,73.550809,83.971764,73.028163
1999-02-10,0.0347,-1.0188,4.7643,0.018906,-2.0377,-3.0565,-2.0683,-3.1137,92.380999,82.56963,71.302732,82.234997,70.754306
1999-02-11,0.0377,8.5904,4.7639,0.018904,17.1809,25.7713,17.1503,25.7142,100.316935,96.755822,89.678392,96.338523,88.948176
1999-02-12,0.0398,5.6968,4.7635,0.018903,11.3936,17.0903,11.3629,17.0332,106.031766,107.779746,105.004723,107.285414,104.098859
1999-02-16,0.0401,0.5979,4.762,0.018897,1.1958,1.7937,1.1652,1.7365,106.665726,109.068568,106.88818,108.535492,105.906566
1999-02-17,0.0379,-5.3578,4.7616,0.018895,-10.7156,-16.0733,-10.7462,-16.1305,100.950815,97.381269,89.707693,96.872102,88.823326
1999-02-18,0.0385,1.5723,4.7612,0.018894,3.1445,4.7168,3.1139,4.6596,102.53803,100.443454,93.939023,99.888633,92.962177
1999-02-19,0.0398,3.4073,4.7608,0.018892,6.8145,10.2218,6.7839,10.1646,106.031766,107.28819,103.541259,106.664996,102.411435
1999-02-22,0.0401,0.5979,4.7597,0.018888,1.1958,1.7937,1.1652,1.7365,106.665726,108.571133,105.398466,107.907854,104.189858
1999-02-23,0.042,4.7611,4.7593,0.018886,9.5222,14.2832,9.4916,14.2261,111.744167,118.909452,120.452784,118.150003,119.012017
1999-02-24,0.0453,7.955,4.7589,0.018885,15.9099,23.8649,15.8793,23.8077,120.633368,137.827846,149.198689,136.911426,147.346088
1999-02-25,0.0439,-3.1569,4.7585,0.018883,-6.3138,-9.4707,-6.3444,-9.5278,116.825108,129.125704,135.068581,128.225264,133.307253
1999-02-26,0.0419,-4.6205,4.7581,0.018881,-9.2409,-13.8614,-9.2715,-13.9185,111.427242,117.193281,116.346182,116.33683,114.752843
1999-03-01,0.0421,0.5711,4.757,0.018877,1.1422,1.7132,1.1116,1.6561,112.063582,118.531819,118.339475,117.630006,116.653293
1999-03-02,0.0417,-0.8507,4.7566,0.018875,-1.7014,-2.5521,-1.732,-2.6092,111.110257,116.515119,115.319334,115.592675,113.609557
1999-03-03,0.0389,-6.8571,4.7562,0.018874,-13.7142,-20.5713,-13.7448,-20.6284,103.491306,100.535982,91.596617,99.704696,90.173678
1999-03-04,0.038,-2.1485,4.7558,0.018872,-4.297,-6.4454,-4.3275,-6.5025,101.26782,96.215999,85.692823,95.389945,84.310101
1999-03-05,0.0402,5.6433,4.7555,0.018871,11.2866,16.9299,11.256,16.8728,106.982661,107.075503,100.200517,106.127047,98.535555
1999-03-08,0.0408,1.4836,4.7543,0.018866,2.9671,4.4507,2.9365,4.3936,108.569806,110.252549,104.660104,109.243506,102.864778
1999-03-09,0.0421,3.218,4.7539,0.018865,6.436,9.654,6.4054,9.5969,112.063582,117.348401,114.763987,116.241019,112.736611
1999-03-10,0.0414,-1.7014,4.7535,0.018863,-3.4027,-5.1041,-3.4333,-5.1612,110.156982,113.355373,108.906357,112.250138,106.918096
1999-03-11,0.0396,-4.3225,4.7532,0.018862,-8.645,-12.9675,-8.6756,-13.0246,105.395446,103.555801,94.783924,102.5118,92.992453
1999-03-12,0.0389,-1.8067,4.7528,0.01886,-3.6133,-5.42,-3.6439,-5.4771,103.491306,99.813993,89.646646,98.776381,87.899188
1999-03-15,0.0405,4.2946,4.7516,0.018856,8.5893,12.8839,8.5587,12.8268,107.935877,108.38728,101.196628,107.230358,99.173858
1999-03-16,0.0392,-3.2346,4.7512,0.018854,-6.4692,-9.7038,-6.4997,-9.7608,104.444601,101.375526,91.37676,100.260677,89.493673
1999-03-17,0.0395,0.6069,4.7508,0.018853,1.2138,1.8207,1.1832,1.7636,105.078471,102.606015,93.040446,101.446995,91.072
1999-03-18,0.0399,1.2089,4.7505,0.018851,2.4177,3.6266,2.3872,3.5695,106.348721,105.086738,96.414628,103.868697,94.322823
1999-03-19,0.0401,0.2981,4.7501,0.01885,0.5962,0.8942,0.5656,0.8372,106.665726,105.713224,97.276807,104.456183,95.112472
1999-03-22,0.0389,-2.976,4.7489,0.018845,-5.9521,-8.9281,-5.9826,-8.9852,103.491306,99.421077,88.591802,98.206944,86.566435
1999-03-23,0.0365,-6.1346,4.7485,0.018843,-12.2692,-18.4038,-12.2997,-18.4608,97.142545,87.222939,72.287588,86.127768,70.585576
1999-03-24,0.0362,-0.655,4.7482,0.018842,-1.31,-1.9651,-1.3406,-2.0221,96.506244,86.080288,70.867099,84.973154,69.158265
1999-03-25,0.0367,1.3162,4.7478,0.01884,2.6324,3.9486,2.6019,3.8916,97.776475,88.346293,73.665391,87.184057,71.849628
1999-03-26,0.0399,8.7672,4.7474,0.018839,17.5344,26.3016,17.5038,26.2445,106.348721,103.837262,93.040538,102.444605,90.706217
1999-03-29,0.0411,2.9849,4.7462,0.018834,5.9698,8.9546,5.9392,8.8976,109.523102,110.036095,101.37198,108.529012,98.776896
1999-03-30,0.0377,-8.4057,4.7459,0.018833,-16.8114,-25.2171,-16.8419,-25.2741,100.316935,91.537521,75.808954,90.250656,73.81194
1999-03-31,0.0403,6.9606,4.7455,0.018831,13.9212,20.8817,13.8906,20.8247,107.299576,104.280607,91.639183,102.787034,89.183066
1999-04-01,0.0391,-2.9584,4.7451,0.01883,-5.9168,-8.8752,-5.9474,-8.9323,104.125216,98.110513,83.505997,96.673925,81.217009
1999-04-05,0.0379,-3.0486,4.7436,0.018824,-6.0973,-9.1459,-6.1278,-9.2029,100.950815,92.128445,75.868612,90.749936,73.742669
1999-04-06,0.037,-2.5141,4.7432,0.018822,-5.0283,-7.5424,-5.0588,-7.5994,98.412775,87.495977,70.146293,86.159078,68.138657
1999-04-07,0.0401,8.3861,4.7428,0.018821,16.7721,25.1582,16.7416,25.1012,106.665726,102.170901,87.793816,100.583474,85.242252
1999-04-08,0.0408,1.7851,4.7424,0.018819,3.5702,5.3553,3.5397,5.2983,108.569806,105.818589,92.495415,104.143784,89.758617
1999-04-09,0.0401,-1.7538,4.742,0.018818,-3.5076,-5.2614,-3.5381,-5.3184,106.665726,102.106928,87.628904,100.45908,84.984936
1999-04-12,0.0384,-4.1669,4.7409,0.018813,-8.3338,-12.5007,-8.3643,-12.5577,102.221085,93.597567,76.674711,92.056388,74.312823
1999-04-13,0.0368,-4.038,4.7405,0.018811,-8.076,-12.1139,-8.1065,-12.1709,98.09342,86.038668,67.386386,84.59386,65.268266
1999-04-14,0.0358,-2.9105,4.7401,0.01881,-5.8209,-8.7314,-5.8514,-8.7884,95.238444,81.030416,61.502613,79.643894,59.532241
1999-04-15,0.0367,2.6649,4.7397,0.018808,5.3298,7.9948,5.2993,7.9378,97.776475,85.349211,66.419603,83.864486,64.257782
1999-04-16,0.0379,3.2465,4.7393,0.018807,6.4931,9.7396,6.4625,9.6826,100.950815,90.890983,72.888596,89.284265,70.47961
1999-04-19,0.0362,-4.4027,4.7382,0.018802,-8.8054,-13.2081,-8.8359,-13.2651,96.506244,82.887651,63.261377,81.395172,61.13042
1999-04-20,0.0355,-1.9731,4.7378,0.018801,-3.9462,-5.9193,-3.9767,-5.9762,94.602094,79.616764,59.516775,78.158349,57.477131
1999-04-21,0.0361,1.6777,4.7374,0.018799,3.3554,5.0331,3.3249,4.9762,96.18924,82.288235,62.512326,80.757042,60.337283
1999-04-22,0.0346,-4.2911,4.737,0.018798,-8.5823,-12.8734,-8.6128,-12.9304,92.061624,75.226027,54.464849,73.80161,52.535441
1999-04-23,0.0329,-4.8252,4.7367,0.018796,-9.6505,-14.4757,-9.681,-14.5326,87.619443,67.966377,46.580695,66.656911,44.900658
1999-04-26,0.0312,-5.0726,4.7355,0.018792,-10.1452,-15.2178,-10.1757,-15.2747,83.174872,61.071072,39.492158,59.874125,38.042215
1999-04-27,0.0346,10.6844,4.7351,0.01879,21.3688,32.0533,21.3383,31.9963,92.061624,74.12125,52.150681,72.65027,50.21432
1999-04-28,0.0343,-0.6886,4.7347,0.018789,-1.3771,-2.0657,-1.4076,-2.1226,91.427724,73.10051,51.073414,71.627633,49.148459
1999-04-29,0.0343,0.0,4.7344,0.018787,0.0,0.0,-0.0305,-0.0569,91.427724,73.10051,51.073414,71.605791,49.120474
1999-04-30,0.0348,1.3894,4.734,0.018786,2.7787,4.1681,2.7482,4.1112,92.697994,75.131784,53.202211,73.573696,51.139903
1999-05-03,0.0351,0.6838,4.7328,0.018781,1.3677,2.0515,1.3372,1.9946,93.331894,76.159337,54.293654,74.557509,52.159926
1999-05-04,0.0331,-5.4413,4.7324,0.01878,-10.8827,-16.324,-10.9132,-16.381,88.253383,67.871152,45.430739,66.420916,43.615629
1999-05-05,0.0339,2.1575,4.7321,0.018778,4.3151,6.4726,4.2846,6.4157,90.157474,70.799829,48.37128,69.266767,46.41386
1999-05-06,0.0332,-1.9362,4.7317,0.018776,-3.8725,-5.8087,-3.9029,-5.8656,88.411821,68.058139,45.561548,66.56333,43.69141
1999-05-07,0.0334,0.5377,4.7313,0.018775,1.0755,1.6132,1.045,1.5563,88.887253,68.790101,46.296566,67.258926,44.371392
1999-05-10,0.0334,0.0,4.7301,0.01877,0.0,0.0,-0.0305,-0.0569,88.887253,68.790101,46.296566,67.238427,44.346142
1999-05-11,0.0352,5.3568,4.7298,0.018769,10.7137,16.0705,10.6832,16.0136,93.648799,76.160049,53.736662,74.421643,51.44756
1999-05-12,0.0362,3.0512,4.7294,0.018767,6.1025,9.1537,6.072,9.0968,96.506244,80.807694,58.655558,78.940523,56.127645
1999-05-13,0.0362,0.0,4.729,0.018766,0.0,0.0,-0.0305,-0.0569,96.506244,80.807694,58.655558,78.916468,56.09571
1999-05-14,0.0343,-5.2624,4.7286,0.018764,-10.5248,-15.7871,-10.5552,-15.844,91.427724,72.302886,49.395531,70.586661,47.207895
1999-05-17,0.036,4.8613,4.7275,0.01876,9.7226,14.5839,9.6922,14.5271,95.872315,79.332629,56.59935,77.428037,54.065816
1999-05-18,0.0377,4.636,4.7271,0.018758,9.272,13.9079,9.2415,13.8511,100.316935,86.688318,64.471152,84.583544,61.554503
1999-05-19,0.036,-4.4306,4.7267,0.018757,-8.8612,-13.2917,-8.8916,-13.3486,95.872315,79.00673,55.901817,77.062697,53.33783
1999-05-20,0.0331,-7.947,4.7263,0.018755,-15.8939,-23.8409,-15.9244,-23.8977,88.253383,66.449468,42.574337,64.790944,40.591291
1999-05-21,0.0324,-2.1576,4.7259,0.018754,-4.3152,-6.4729,-4.3457,-6.5297,86.349213,63.582018,39.818564,61.975328,37.940792
1999-05-24,0.0323,-0.3698,4.7248,0.018749,-0.7397,-1.1095,-0.7701,-1.1664,86.029858,63.111713,39.376767,61.498032,37.498255
1999-05-25,0.0326,0.7396,4.7244,0.018748,1.4792,2.2188,1.4488,2.162,86.666148,64.045281,40.250478,62.389002,38.308962
1999-05-26,0.0324,-0.3657,4.724,0.018746,-0.7314,-1.0971,-0.7618,-1.1539,86.349213,63.576858,39.808894,61.913694,37.866897
1999-05-27,0.0322,-0.7369,4.7236,0.018745,-1.4738,-2.2107,-1.5043,-2.2676,85.712893,62.639844,38.928821,60.982338,37.008228
1999-05-28,0.0326,1.1121,4.7232,0.018743,2.2243,3.3364,2.1938,3.2796,86.666148,64.033141,40.227661,62.320199,38.221949
1999-06-01,0.0327,0.3657,4.7217,0.018737,0.7314,1.0971,0.7009,1.0403,86.983083,64.501475,40.668994,62.757032,38.619553
1999-06-02,0.0315,-3.6494,4.7213,0.018735,-7.2987,-10.9481,-7.3292,-11.0049,83.808763,59.7937,36.216527,58.157475,34.36951
1999-06-03,0.0323,2.6502,4.7209,0.018734,5.3004,7.9506,5.2699,7.8938,86.029858,62.962999,39.095952,61.222344,37.082554
1999-06-04,0.0326,0.7396,4.7205,0.018732,1.4792,2.2188,1.4488,2.162,86.666148,63.894368,39.963432,62.109329,37.884285
1999-06-07,0.0329,1.1,4.7194,0.018728,2.1999,3.2999,2.1695,3.2431,87.619443,65.299996,41.28218,63.456785,39.112898
1999-06-08,0.0337,2.5349,4.719,0.018726,5.0698,7.6048,5.0394,7.548,89.840529,68.610605,44.421594,66.654635,42.06512
1999-06-09,0.0343,1.7667,4.7186,0.018725,3.5334,5.3,3.5029,5.2432,91.427724,71.034865,46.775957,68.9895,44.27069
1999-06-10,0.0345,0.3467,4.7182,0.018723,0.6933,1.04,0.6629,0.9831,91.744659,71.527352,47.262405,69.446813,44.705933
1999-06-11,0.0337,-2.0755,4.7179,0.018722,-4.1509,-6.2264,-4.1814,-6.2832,89.840529,68.558298,44.319658,66.54299,41.896966
1999-06-14,0.0324,-3.8861,4.7167,0.018717,-7.7723,-11.6584,-7.8027,-11.7152,86.349213,63.229775,39.152706,61.350857,36.988663
1999-06-15,0.0324,0.0,4.7163,0.018716,0.0,0.0,-0.0304,-0.0568,86.349213,63.229775,39.152706,61.332193,36.967654
1999-06-16,0.0334,2.9393,4.7159,0.018714,5.8785,8.8178,5.8481,8.761,88.887253,66.946769,42.605122,64.918978,40.206402
1999-06-17,0.0324,-2.8553,4.7156,0.018713,-5.7107,-8.566,-5.7411,-8.6228,86.349213,63.123642,38.955549,61.191905,36.739471
1999-06-18,0.0312,-3.6762,4.7152,0.018711,-7.3523,-11.0285,-7.3828,-11.0853,83.174872,58.482582,34.659336,56.67426,32.666795
1999-06-21,0.0329,5.3436,4.714,0.018706,10.6873,16.0309,10.6569,15.9742,87.619443,64.732787,40.215553,62.713968,37.885041
1999-06-22,0.0323,-1.8142,4.7136,0.018705,-3.6284,-5.4426,-3.6588,-5.4994,86.029858,62.384032,38.026791,60.419391,35.801609
1999-06-23,0.0329,1.8477,4.7133,0.018703,3.6954,5.5431,3.665,5.4864,87.619443,64.689388,40.134669,62.633772,37.765818
1999-06-24,0.0322,-2.1759,4.7129,0.018702,-4.3519,-6.5278,-4.3823,-6.5846,85.712893,61.874178,37.514745,59.888974,35.279089
1999-06-25,0.0327,1.4819,4.7125,0.0187,2.9638,4.4457,2.9334,4.389,86.983083,63.708021,39.182553,61.645769,36.827479
1999-06-28,0.0331,1.4604,4.7113,0.018696,2.9208,4.3812,2.8904,4.3244,88.253383,65.568803,40.899217,63.427575,38.420061
1999-06-29,0.0335,1.0802,4.711,0.018694,2.1603,3.2405,2.1299,3.1837,89.206658,66.985295,42.224544,64.778528,39.643247
1999-06-30,0.0365,8.8961,4.7106,0.018693,17.7921,26.6882,17.7617,26.6315,97.142545,78.903412,53.493519,76.284322,50.200822
1999-07-01,0.0346,-5.2304,4.7102,0.018691,-10.4608,-15.6911,-10.4912,-15.7479,92.061624,70.649521,45.099782,68.281219,42.295258
1999-07-02,0.0371,7.2431,4.7098,0.01869,14.4862,21.7294,14.4558,21.6726,98.72976,80.883983,54.899679,78.151848,51.461749
1999-07-06,0.0372,0.321,4.7083,0.018684,0.642,0.963,0.6116,0.9063,99.046685,81.403263,55.428367,78.629837,51.928135
1999-07-07,0.0365,-1.9225,4.7079,0.018682,-3.8449,-5.7674,-3.8753,-5.8241,97.142545,78.273361,52.23159,75.582676,48.903772
1999-07-08,0.0373,2.2864,4.7075,0.018681,4.5729,6.8593,4.5425,6.8026,99.36364,81.85269,55.814305,79.015998,52.230481
1999-07-09,0.0405,8.4677,4.7071,0.018679,16.9353,25.403,16.9049,25.3462,107.777409,95.714695,69.992791,92.37359,65.468942
1999-07-12,0.0423,4.5651,4.706,0.018674,9.1301,13.6952,9.0997,13.6384,112.697502,104.453542,79.578409,100.779328,74.397882
1999-07-13,0.0424,0.2812,4.7056,0.018673,0.5624,0.8436,0.532,0.7869,113.014397,105.040971,80.249711,101.315477,74.983292
1999-07-14,0.0408,-3.9328,4.7052,0.018671,-7.8655,-11.7983,-7.8959,-11.855,108.569806,96.778942,70.781613,93.3157,66.09402
1999-07-15,0.041,0.5861,4.7048,0.01867,1.1722,1.7584,1.1419,1.7017,109.206156,97.913424,72.02621,94.381239,67.218713
1999-07-16,0.0419,2.0338,4.7044,0.018668,4.0677,6.1015,4.0373,6.0448,111.427242,101.896241,76.420917,98.19171,71.281975
1999-07-19,0.0408,-2.5644,4.7033,0.018664,-5.1288,-7.6932,-5.1592,-7.7499,108.569806,96.670196,70.541713,93.125841,65.757708
1999-07-20,0.0401,-1.7538,4.7029,0.018662,-3.5076,-5.2614,-3.5379,-5.318,106.665726,93.279421,66.830264,89.831106,62.260684
1999-07-21,0.0389,-2.976,4.7025,0.018661,-5.9521,-8.9281,-5.9825,-8.9848,103.491306,87.727346,60.863567,84.456999,56.666672
1999-07-22,0.0371,-4.6009,4.7021,0.018659,-9.2018,-13.8027,-9.2322,-13.8594,98.72976,79.654827,52.462727,76.659765,48.812997
1999-07-23,0.0371,0.0,4.7018,0.018658,0.0,0.0,-0.0304,-0.0567,98.72976,79.654827,52.462727,76.636488,48.78533
1999-07-26,0.0372,0.321,4.7006,0.018653,0.642,0.963,0.6116,0.9063,99.046685,80.166215,52.967947,77.105232,49.227489
1999-07-27,0.0373,0.32,4.7002,0.018652,0.64,0.96,0.6097,0.9033,99.36364,80.679288,53.476448,77.575307,49.672185
1999-07-28,0.0379,1.5973,4.6998,0.01865,3.1947,4.792,3.1643,4.7354,100.950815,83.256733,56.039051,80.030041,52.024339
1999-07-29,0.0383,0.9444,4.6995,0.018649,1.8887,2.8331,1.8584,2.7764,101.90415,84.829213,57.626674,81.517284,53.468745
1999-07-30,0.0384,0.311,4.6991,0.018647,0.622,0.933,0.5917,0.8764,102.221085,85.356873,58.164354,81.9996,53.937335
1999-08-02,0.0388,0.9326,4.6979,0.018643,1.8651,2.7977,1.8348,2.741,103.174351,86.948868,59.791593,83.504092,55.415761
1999-08-03,0.0378,-2.4623,4.6975,0.018641,-4.9246,-7.3869,-4.9549,-7.4435,100.6339,82.667003,55.374868,79.366527,51.290881
1999-08-04,0.0378,0.0,4.6972,0.018639,0.0,0.0,-0.0303,-0.0566,100.6339,82.667003,55.374868,79.342443,51.261828
1999-08-05,0.0384,1.5772,4.6968,0.018638,3.1544,4.7316,3.124,4.6749,102.221085,85.274631,57.994964,81.821125,53.658278
1999-08-06,0.0384,0.0,4.6964,0.018636,0.0,0.0,-0.0303,-0.0566,102.221085,85.274631,57.994964,81.796298,53.627887
1999-08-09,0.0384,0.0,4.6952,0.018632,0.0,0.0,-0.0303,-0.0566,102.221085,85.274631,57.994964,81.771482,53.597518
1999-08-10,0.0391,1.8628,4.6948,0.01863,3.7255,5.5883,3.6952,5.5316,104.125216,88.451549,61.23588,84.793084,56.562343
1999-08-11,0.0417,6.7083,4.6945,0.018629,13.4166,20.1249,13.3863,20.0683,111.110257,100.318755,73.559556,96.143726,67.913446
1999-08-12,0.0438,4.856,4.6941,0.018627,9.7119,14.5679,9.6816,14.5113,116.505733,110.061643,84.275636,105.451974,77.768554
1999-08-13,0.0433,-1.0882,4.6937,0.018626,-2.1764,-3.2645,-2.2067,-3.3212,115.237942,107.666309,81.524428,103.124977,75.185742
1999-08-16,0.0416,-3.8569,4.6925,0.018621,-7.7138,-11.5707,-7.7441,-11.6273,110.793322,99.36113,72.091464,95.138832,66.443648
1999-08-17,0.0417,0.2861,4.6922,0.01862,0.5721,0.8582,0.5418,0.8016,111.110257,99.929594,72.710138,95.654288,66.976244
1999-08-18,0.0427,2.2865,4.6918,0.018618,4.573,6.8595,4.5426,6.8029,113.650777,104.499346,77.697658,99.999524,71.532541
1999-08-19,0.0517,21.227,4.6914,0.018617,42.4541,63.6811,42.4238,63.6245,137.775481,148.863596,127.176413,142.423094,117.044793
1999-08-20,0.0513,-0.9202,4.691,0.018615,-1.8404,-2.7605,-1.8707,-2.8171,136.507701,146.123975,123.665663,139.758816,113.747488
1999-08-23,0.0482,-6.0475,4.6899,0.018611,-12.095,-18.1425,-12.1253,-18.1991,128.252379,128.450242,101.229571,122.81258,93.04644
1999-08-24,0.0479,-0.4943,4.6895,0.018609,-0.9886,-1.4828,-1.0189,-1.5394,127.618459,127.180446,99.728513,121.561284,91.614074
1999-08-25,0.0477,-0.4986,4.6891,0.018608,-0.9973,-1.4959,-1.0276,-1.5525,126.982119,125.912134,98.236693,120.312159,90.191801
1999-08-26,0.047,-1.4995,4.6887,0.018606,-2.9991,-4.4986,-3.0294,-4.5552,125.077989,122.135963,93.817438,116.667465,86.083424
1999-08-27,0.0496,5.5846,4.6883,0.018604,11.1692,16.7538,11.1389,16.6972,132.06308,135.777544,109.535391,129.662897,100.456938
1999-08-30,0.0494,-0.3619,4.6872,0.0186,-0.7237,-1.0856,-0.754,-1.1422,131.585188,134.794877,108.346275,128.685188,99.309554
1999-08-31,0.0537,8.5657,4.6868,0.018598,17.1314,25.6972,17.1011,25.6406,142.856412,157.887191,136.188204,150.691826,124.77313
1999-09-01,0.0512,-4.6677,4.6864,0.018597,-9.3355,-14.0032,-9.3658,-14.0598,136.188256,143.147686,117.117499,136.578378,107.23033
1999-09-02,0.0506,-1.1654,4.686,0.018595,-2.3308,-3.4962,-2.3611,-3.5528,134.60111,139.811184,113.022817,133.353608,103.42068
1999-09-03,0.0509,0.7083,4.6856,0.018594,1.4165,2.1248,1.3862,2.0682,135.554425,141.791615,115.424276,135.20216,105.55963
1999-09-07,0.0507,-0.4676,4.6841,0.018588,-0.9353,-1.4029,-0.9656,-1.4595,134.920505,140.465438,113.804932,133.896657,104.018998
1999-09-08,0.0506,-0.2367,4.6837,0.018586,-0.4735,-0.7102,-0.5037,-0.7667,134.60111,139.800396,112.996707,133.222154,103.221461
1999-09-09,0.0498,-1.4147,4.6833,0.018585,-2.8294,-4.244,-2.8596,-4.3006,132.69694,135.84495,108.201094,129.412475,98.782357
1999-09-10,0.0506,1.435,4.683,0.018583,2.87,4.3049,2.8397,4.2484,134.60111,139.743636,112.859075,133.087354,102.979025
1999-09-13,0.0489,-3.3021,4.6818,0.018579,-6.6041,-9.9062,-6.6344,-9.9627,130.15649,130.514775,101.679024,124.257778,92.719505
1999-09-14,0.0475,-2.9259,4.6814,0.018577,-5.8518,-8.7777,-5.8821,-8.8342,126.348239,122.877308,92.753939,116.948828,84.528457
1999-09-15,0.0478,0.7545,4.681,0.018576,1.5089,2.2634,1.4787,2.2069,127.301504,124.731464,94.853354,118.678112,86.393921
1999-09-16,0.0466,-2.4955,4.6807,0.018574,-4.991,-7.4865,-5.0213,-7.543,124.124694,118.506114,87.752154,112.718949,79.877214
1999-09-17,0.0465,-0.2553,4.6803,0.018573,-0.5107,-0.766,-0.541,-0.8225,123.807759,117.900936,87.079966,112.109194,79.220209
1999-09-20,0.0448,-3.5899,4.6791,0.018568,-7.1798,-10.7697,-7.2101,-10.8262,119.363168,109.435854,77.701681,104.026009,70.643639
1999-09-21,0.0405,-9.5735,4.6787,0.018566,-19.1471,-28.7206,-19.1774,-28.7771,107.935877,88.482064,55.385255,84.076555,50.314417
1999-09-22,0.0415,2.3537,4.6784,0.018565,4.7075,7.0612,4.6772,7.0047,110.476397,92.647323,59.296115,88.008976,53.838789
1999-09-23,0.038,-8.3353,4.678,0.018563,-16.6707,-25.006,-16.7009,-25.0625,101.26782,77.202395,44.468527,73.310652,40.345446
1999-09-24,0.0346,-9.0909,4.6776,0.018562,-18.1819,-27.2728,-18.2121,-27.3293,92.061624,63.16555,32.340707,59.959208,29.319315
1999-09-27,0.0367,6.2076,4.6764,0.018557,12.4153,18.6229,12.385,18.5664,97.776475,71.007725,38.363487,67.385162,34.762865
1999-09-28,0.0401,9.0914,4.6761,0.018556,18.1828,27.2742,18.1525,27.2177,106.665726,83.918918,48.826822,79.617279,44.224527
1999-09-29,0.0368,-8.0366,4.6757,0.018554,-16.0732,-24.1098,-16.1035,-24.1663,98.09342,70.43045,37.054761,66.79613,33.537096
1999-09-30,0.0367,-0.3231,4.6753,0.018553,-0.6462,-0.9693,-0.6765,-1.0258,97.776475,69.975321,36.695584,66.344274,33.193077
1999-10-01,0.0365,-0.6483,4.6749,0.018551,-1.2967,-1.945,-1.3269,-2.0015,97.142545,69.067956,35.981841,65.463919,32.528716
1999-10-04,0.0372,1.9602,4.6738,0.018547,3.9203,5.8805,3.89,5.824,99.046685,71.775628,38.097736,68.010497,34.423186
1999-10-05,0.0408,9.6148,4.6734,0.018545,19.2296,28.8443,19.1993,28.7879,108.569806,85.577766,49.086777,81.068043,44.332894
1999-10-06,0.0457,11.9894,4.673,0.018544,23.9788,35.9683,23.9486,35.9118,121.586693,106.098317,66.742431,100.482692,60.253634
1999-10-07,0.0427,-6.527,4.6726,0.018542,-13.0539,-19.5809,-13.0842,-19.6373,113.650777,92.248325,53.673674,87.335365,48.421427
1999-10-08,0.0448,5.0263,4.6722,0.018541,10.0525,15.0788,10.0223,15.0224,119.363168,101.521618,61.767019,96.088365,55.695465
1999-10-11,0.0436,-2.6594,4.6711,0.018536,-5.3189,-7.9783,-5.3491,-8.0348,116.188768,96.121791,56.839036,90.948467,51.220458
1999-10-12,0.043,-1.366,4.6707,0.018534,-2.7321,-4.0981,-2.7623,-4.1545,114.601592,93.495683,54.509718,88.436194,49.092489
1999-10-13,0.0419,-2.7699,4.6703,0.018533,-5.5398,-8.3097,-5.57,-8.3661,111.427242,88.316207,49.980123,83.510261,44.985346
1999-10-14,0.041,-1.9933,4.6699,0.018531,-3.9866,-5.9799,-4.0168,-6.0363,109.206156,84.795384,46.991353,80.15578,42.269875
1999-10-15,0.0408,-0.5827,4.6695,0.01853,-1.1654,-1.7481,-1.1956,-1.8045,108.569806,83.807169,46.16989,79.197401,41.507098
1999-10-18,0.0386,-5.2615,4.6684,0.018525,-10.523,-15.7845,-10.5532,-15.8409,102.857406,74.98814,38.882203,70.839515,34.931993
1999-10-19,0.0371,-4.013,4.668,0.018524,-8.026,-12.0389,-8.0562,-12.0953,98.72976,68.969624,34.201199,65.13255,30.706847
1999-10-20,0.0384,3.5362,4.6676,0.018522,7.0725,10.6087,7.0423,10.5523,102.221085,73.847493,37.829513,69.719354,33.947133
1999-10-21,0.0402,4.6581,4.6672,0.018521,9.3162,13.9743,9.286,13.9179,106.982661,80.727295,43.11594,76.193495,38.671874
1999-10-22,0.0411,2.3746,4.6668,0.018519,4.7493,7.1239,4.719,7.0675,109.523102,84.561241,46.18747,79.78909,41.405001
1999-10-25,0.0391,-4.9285,4.6657,0.018515,-9.8571,-14.7856,-9.8873,-14.842,104.125216,76.225978,39.358371,71.900108,35.259669
1999-10-26,0.0429,9.7569,4.6653,0.018513,19.5138,29.2708,19.4836,29.2144,114.284628,91.100591,50.878863,85.908849,45.560557
1999-10-27,0.041,-4.4437,4.6649,0.018512,-8.8874,-13.3311,-8.9176,-13.3875,109.206156,83.004109,44.096144,78.247819,39.461137
1999-10-28,0.0391,-4.6526,4.6645,0.01851,-9.3052,-13.9578,-9.3354,-14.0142,104.125216,75.280387,37.941274,70.943037,33.930963
1999-10-29,0.0422,7.9282,4.6642,0.018509,15.8564,23.7846,15.8262,23.7282,112.380477,87.217156,46.965461,82.170622,41.982182
1999-11-01,0.0448,6.2134,4.663,0.018504,12.4269,18.6403,12.3967,18.5839,119.363168,98.055523,55.71997,92.357039,49.784126
1999-11-02,0.0477,6.383,4.6626,0.018503,12.766,19.149,12.7358,19.0926,126.982119,110.573291,66.389788,104.119439,59.289225
1999-11-03,0.0523,9.7498,4.6622,0.018501,19.4997,29.2495,19.4695,29.1931,139.362666,132.134717,85.808471,124.390933,76.59761
1999-11-04,0.0557,6.3785,4.6619,0.018499,12.757,19.1354,12.7268,19.0791,148.251887,148.991093,102.228303,140.221864,91.211728
1999-11-05,0.0539,-3.2118,4.6615,0.018498,-6.4236,-9.6355,-6.4538,-9.6918,143.490302,139.420438,92.378132,131.17216,82.371648
1999-11-08,0.0554,2.8766,4.6603,0.018493,5.7533,8.6299,5.7231,8.5736,147.618007,147.441698,100.350302,138.679259,89.433847
1999-11-09,0.0546,-1.5063,4.6599,0.018492,-3.0126,-4.5189,-3.0428,-4.5752,145.394452,142.999899,95.815603,134.459557,85.342054
1999-11-10,0.0541,-0.872,4.6596,0.01849,-1.7439,-2.6159,-1.7741,-2.6722,144.126662,140.506078,93.309164,132.074071,83.061506
1999-11-11,0.0579,7.0473,4.6592,0.018489,14.0946,21.1419,14.0644,21.0856,154.283713,160.309873,113.036519,150.649527,100.57551
1999-11-12,0.061,5.3507,4.6588,0.018487,10.7014,16.0521,10.6712,15.9958,162.538995,177.465321,131.181305,166.725694,116.663372
1999-11-15,0.0599,-1.953,4.6576,0.018483,-3.906,-5.859,-3.9362,-5.9154,159.364584,170.533474,123.495335,160.163007,109.762297
1999-11-16,0.0656,9.5617,4.6573,0.018481,19.1235,28.6852,19.0933,28.6289,174.602596,203.145376,158.920208,190.743368,141.185995
1999-11-17,0.0681,3.8176,4.6569,0.01848,7.6352,11.4528,7.605,11.3965,181.268252,218.655996,177.121097,205.249488,157.27629
1999-11-18,0.0683,0.3497,4.6565,0.018478,0.6994,1.0491,0.6692,0.9927,181.902123,220.185217,178.979202,206.622993,158.837631
1999-11-19,0.0818,19.7215,4.6561,0.018477,39.4431,59.1646,39.4129,59.1083,217.776022,307.033047,284.871565,288.0591,252.723856
1999-11-22,0.0817,-0.1456,4.655,0.018472,-0.2912,-0.4368,-0.3214,-0.4931,217.458968,306.139045,283.627355,287.133413,251.477747
1999-11-23,0.0758,-7.153,4.6546,0.018471,-14.306,-21.459,-14.3362,-21.5153,201.90413,262.342799,222.763769,245.969465,197.371547
1999-11-24,0.0734,-3.1456,4.6542,0.018469,-6.2913,-9.4369,-6.3215,-9.4932,195.552949,245.838069,201.741718,230.420605,178.634615
1999-11-26,0.073,-0.6483,4.6534,0.018466,-1.2967,-1.945,-1.3269,-2.0013,194.28509,242.650306,197.817765,227.363237,175.059538
1999-11-29,0.0703,-3.5952,4.6523,0.018461,-7.1905,-10.7857,-7.2206,-10.842,187.300078,225.202594,176.481706,210.946147,156.079579
1999-11-30,0.0661,-6.1024,4.6519,0.01846,-12.2047,-18.3071,-12.2349,-18.3634,175.870337,197.717209,144.173013,185.137089,127.418076
1999-12-01,0.0694,5.0545,4.6515,0.018458,10.1089,15.1634,10.0787,15.1071,184.759618,217.704249,166.034478,203.796572,146.667217
1999-12-02,0.0745,7.3884,4.6511,0.018457,14.7767,22.1651,14.7466,22.1088,198.410325,249.873801,202.836158,233.849553,179.093585
1999-12-03,0.0727,-2.3999,4.6507,0.018455,-4.7997,-7.1996,-4.8299,-7.2558,193.64876,237.880569,188.23282,222.554907,166.098825
1999-12-06,0.0748,2.7875,4.6496,0.018451,5.575,8.3625,5.5449,8.3063,199.046735,251.14245,203.973836,234.895263,179.895422
1999-12-07,0.0723,-3.3501,4.6492,0.018449,-6.7002,-10.0503,-6.7303,-10.1065,192.37848,234.315428,183.473883,219.086,161.714203
1999-12-08,0.0755,4.4559,4.6488,0.018448,8.9118,13.3678,8.8817,13.3115,200.950706,255.197233,208.000218,238.54452,183.240777
1999-12-09,0.0732,-3.0016,4.6484,0.018446,-6.0032,-9.0048,-6.0333,-9.061,194.919,239.877309,189.270307,224.152359,166.637306
1999-12-10,0.0724,-1.1407,4.6481,0.018445,-2.2815,-3.4222,-2.3116,-3.4785,192.695494,234.404589,182.7931,218.970815,160.840905
1999-12-13,0.0721,-0.3289,4.6469,0.01844,-0.6579,-0.9868,-0.688,-1.0431,192.061624,232.862445,180.989211,217.464197,159.163185
1999-12-14,0.0709,-1.6528,4.6465,0.018439,-3.3057,-4.9585,-3.3358,-5.0147,188.887174,225.16481,172.014885,210.210021,151.181583
1999-12-15,0.0687,-3.1933,4.6461,0.018437,-6.3866,-9.5799,-6.4167,-9.6361,182.855448,210.784453,155.536052,196.7214,136.613534
1999-12-16,0.0682,-0.6947,4.6458,0.018436,-1.3893,-2.084,-1.4195,-2.1402,181.585227,207.85599,152.294721,193.929022,133.689716
1999-12-17,0.0718,5.2444,4.6454,0.018434,10.4888,15.7333,10.4587,15.677,191.108319,229.657671,176.255644,214.211475,154.648288
1999-12-20,0.0777,8.3064,4.6442,0.018429,16.6129,24.9193,16.5827,24.8631,206.982611,267.810411,220.177337,249.733604,193.098627
1999-12-21,0.0811,4.2946,4.6438,0.018428,8.5893,12.8839,8.5591,12.8277,215.871753,290.813356,248.544758,271.108628,217.868693
1999-12-22,0.083,2.3526,4.6435,0.018426,4.7052,7.0578,4.6751,7.0016,220.950353,304.496709,266.086553,283.783142,233.122952
1999-12-23,0.0885,6.6097,4.6431,0.018425,13.2193,19.829,13.1892,19.7727,235.554405,344.749062,318.848749,321.211798,279.217759
1999-12-27,0.0851,-3.7737,4.6415,0.018419,-7.5475,-11.3212,-7.5776,-11.3774,226.665184,318.729165,282.751138,296.871608,247.449937
1999-12-28,0.0849,-0.2808,4.6412,0.018417,-0.5615,-0.8423,-0.5916,-0.8985,226.028795,316.939424,280.369565,295.115174,245.226635
1999-12-29,0.0878,3.3708,4.6408,0.018416,6.7416,10.1125,6.7115,10.0563,233.647815,338.306331,308.721814,314.921874,269.887262
1999-12-30,0.0885,0.816,4.6404,0.018414,1.632,2.448,1.6019,2.3918,235.554405,343.827559,316.279419,319.966607,276.342526
1999-12-31,0.0895,1.212,4.64,0.018413,2.424,3.636,2.3939,3.5799,238.409361,352.162045,327.779485,327.626326,286.23519
2000-01-03,0.0893,-0.2659,4.6497,0.018451,-0.5318,-0.7976,-0.5619,-0.8539,237.775471,350.289367,325.164954,325.785316,283.79098
2000-01-04,0.0869,-2.6701,4.6529,0.018464,-5.3402,-8.0103,-5.3704,-8.0666,231.426651,331.58328,299.118358,308.2895,260.898798
2000-01-05,0.0841,-3.2921,4.6561,0.018477,-6.5843,-9.8764,-6.6145,-9.9328,223.807749,309.750873,269.576125,287.897772,234.984361
2000-01-06,0.0786,-6.5253,4.6593,0.018489,-13.0505,-19.5758,-13.0807,-19.6321,209.203697,269.326733,216.804443,250.238645,188.851893
2000-01-07,0.0799,1.67,4.6626,0.018502,3.34,5.0101,3.3098,4.9537,212.697442,278.322359,227.666482,258.521127,198.207037
2000-01-10,0.0825,3.2829,4.6722,0.018541,6.5658,9.8486,6.5355,9.7922,219.680034,296.59631,250.088501,275.416784,217.615825
2000-01-11,0.0792,-4.0464,4.6755,0.018553,-8.0928,-12.1392,-8.1231,-12.1957,210.790892,272.593339,219.729726,253.044491,191.076086
2000-01-12,0.0771,-2.5596,4.6787,0.018566,-5.1193,-7.6789,-5.1496,-7.7354,205.395396,258.638503,202.856833,240.013814,176.295533
2000-01-13,0.0804,4.1724,4.6819,0.018579,8.3448,12.5172,8.3145,12.4607,213.965322,280.221389,228.248852,259.969816,198.26317
2000-01-14,0.0838,4.3026,4.6851,0.018592,8.6051,12.9077,8.5749,12.8512,223.171339,304.334858,257.710584,282.261841,223.742317
2000-01-18,0.0874,4.2683,4.698,0.018643,8.5366,12.8049,8.5062,12.7482,232.69695,330.314676,290.710127,306.271712,252.26551
2000-01-19,0.0866,-0.9555,4.7013,0.018656,-1.9111,-2.8666,-1.9414,-2.9233,230.473445,324.002119,282.376598,300.325642,244.891064
2000-01-20,0.0863,-0.2751,4.7045,0.018669,-0.5501,-0.8252,-0.5805,-0.8819,229.839495,322.219692,280.046448,298.582242,242.731383
2000-01-21,0.0854,-1.1053,4.7077,0.018681,-2.2106,-3.316,-2.241,-3.3727,227.299035,315.096578,270.760225,291.890935,234.544816
2000-01-24,0.0816,-4.4686,4.7174,0.01872,-8.9371,-13.4057,-8.9675,-13.4625,217.142053,286.936052,234.463019,265.715512,202.969293
2000-01-25,0.0808,-0.878,4.7206,0.018733,-1.756,-2.6341,-1.7865,-2.6909,215.235502,281.897341,228.287123,260.968561,197.507613
2000-01-26,0.0775,-4.13,4.7238,0.018745,-8.26,-12.39,-8.2905,-12.4469,206.346242,258.61253,200.002238,239.333004,172.92403
2000-01-27,0.0734,-5.2307,4.727,0.018758,-10.4613,-15.692,-10.4918,-15.7489,195.552949,231.558191,168.617863,214.222651,145.690409
2000-01-28,0.0713,-2.9212,4.7303,0.018771,-5.8424,-8.7635,-5.8728,-8.8204,189.840499,218.029735,153.840978,201.64171,132.839871
2000-01-31,0.0707,-0.8361,4.7399,0.018809,-1.6721,-2.5082,-1.7027,-2.5652,188.253304,214.383982,149.982333,198.208455,129.43228
2000-02-01,0.0724,2.3597,4.7432,0.018822,4.7194,7.0791,4.6888,7.0221,192.695494,224.501568,160.599678,207.502147,138.521085
2000-02-02,0.0744,2.8012,4.7464,0.018835,5.6025,8.4037,5.572,8.3467,198.09337,237.079253,174.096057,219.064067,150.083032
2000-02-03,0.0756,1.6025,4.7496,0.018848,3.205,4.8075,3.1744,4.7504,201.2678,244.677605,182.465682,226.018101,157.212598
2000-02-04,0.0774,2.3658,4.7528,0.01886,4.7315,7.0973,4.701,7.0402,206.029326,256.254606,195.415818,236.643135,168.2807
2000-02-07,0.0726,-6.1629,4.7625,0.018899,-12.3259,-18.4888,-12.3565,-18.546,193.331864,224.668975,159.285744,207.402365,137.071395
2000-02-08,0.0761,4.7619,4.7657,0.018912,9.5237,14.2856,9.4931,14.2284,202.53804,246.065781,182.040596,227.091248,156.574414
2000-02-09,0.078,2.5074,4.769,0.018924,5.0148,7.5222,4.9842,7.465,207.616501,258.405542,195.734113,238.40991,168.262724
2000-02-10,0.094,20.4894,4.7722,0.018937,40.9789,61.4683,40.9483,61.4111,250.155978,364.297283,316.048636,336.034605,271.594725
2000-02-11,0.0954,1.5233,4.7754,0.01895,3.0467,4.57,3.016,4.5128,253.966718,375.396297,330.492175,346.169526,283.851176
2000-02-14,0.1106,15.9993,4.7851,0.018988,31.9986,47.9979,31.9679,47.9406,294.599644,495.517942,489.121592,456.832751,419.931111
2000-02-15,0.1064,-3.8789,4.7883,0.019001,-7.7579,-11.6368,-7.7886,-11.6941,283.172343,457.076397,432.203603,421.252063,370.823759
2000-02-16,0.1112,4.5959,4.7915,0.019014,9.1918,13.7877,9.1611,13.7303,296.186701,499.090074,491.794722,459.843419,421.739156
2000-02-17,0.1152,3.5371,4.7948,0.019027,7.0742,10.6114,7.0435,10.5539,306.663177,534.396893,543.980814,492.232512,466.249246
2000-02-18,0.1285,11.5948,4.798,0.01904,23.1896,34.7844,23.1588,34.7269,342.220121,658.321264,733.201078,606.227801,628.163245
2000-02-22,0.125,-2.7835,4.8109,0.019091,-5.567,-8.3505,-5.5978,-8.408,332.694451,621.672622,671.975293,572.292493,575.347133
2000-02-23,0.1257,0.5731,4.8141,0.019104,1.1462,1.7193,1.1154,1.6617,334.60114,628.798299,683.52867,578.675846,584.907926
2000-02-24,0.1245,-0.9487,4.8173,0.019116,-1.8973,-2.846,-1.9282,-2.9036,331.426869,616.867817,664.07531,567.517998,567.924438
2000-02-25,0.1167,-6.2264,4.8205,0.019129,-12.4529,-18.6793,-12.4837,-18.7369,310.790812,540.050152,540.030791,496.670798,461.512957
2000-02-28,0.1159,-0.7146,4.8302,0.019168,-1.4293,-2.1439,-1.4602,-2.2016,308.569767,532.331288,528.452909,489.418608,451.352149
2000-02-29,0.1221,5.3491,4.8334,0.01918,10.6982,16.0473,10.6673,15.9896,325.075509,589.281282,613.255524,541.626542,523.5216
2000-03-01,0.1185,-2.9295,4.8367,0.019193,-5.8591,-8.7886,-5.89,-8.8463,315.552319,554.754916,559.358975,509.724937,477.209062
2000-03-02,0.1105,-6.7404,4.8399,0.019206,-13.4809,-20.2213,-13.5118,-20.2791,294.282729,479.96916,446.249341,440.852044,380.435488
2000-03-03,0.1123,1.618,4.8431,0.019219,3.236,4.854,3.2051,4.7962,299.044215,495.500935,467.910247,454.981658,398.681894
2000-03-06,0.1116,-0.6368,4.8528,0.019257,-1.2735,-1.9103,-1.3045,-1.9682,297.140026,489.190645,458.97187,449.04651,390.835215
2000-03-07,0.1589,42.4148,4.856,0.01927,84.8296,127.2445,84.7987,127.1866,423.171439,904.169328,1042.988175,829.831968,887.925086
2000-03-08,0.1603,0.8251,4.8592,0.019283,1.6501,2.4752,1.6192,2.4173,426.662903,919.089404,1068.804351,843.268215,909.388741
2000-03-09,0.1913,19.4011,4.8625,0.019295,38.8022,58.2034,38.7712,58.1454,509.440292,1275.716712,1690.88445,1170.213773,1438.156546
2000-03-10,0.2251,17.6504,4.8657,0.019308,35.3008,52.9513,35.2698,52.8933,599.358631,1726.055367,2586.228952,1582.946072,2198.844589
2000-03-13,0.2847,26.4834,4.8754,0.019347,52.9668,79.4502,52.9357,79.3921,758.089097,2640.291213,4640.992021,2420.889989,3944.553545
2000-03-14,0.2101,-26.2145,4.8786,0.019359,-52.4291,-78.6436,-52.4601,-78.7017,559.359615,1256.01143,991.149499,1150.88813,840.124058
2000-03-15,0.2015,-4.0863,4.8818,0.019372,-8.1725,-12.2588,-8.2036,-12.3169,536.502712,1153.363576,869.64658,1056.473824,736.646836
2000-03-16,0.1797,-10.8434,4.885,0.019385,-21.6867,-32.5301,-21.7178,-32.5882,478.327839,903.237053,586.750086,827.031021,496.586978
2000-03-17,0.1905,6.0563,4.8883,0.019398,12.1127,18.169,12.0816,18.1109,507.296988,1012.643222,693.356782,926.94936,586.52311
2000-03-20,0.1904,-0.0624,4.8979,0.019436,-0.1248,-0.1873,-0.156,-0.2455,506.98031,1011.378948,692.05831,925.503398,585.083132
2000-03-21,0.181,-4.9471,4.9011,0.019449,-9.8942,-14.8413,-9.9253,-14.8995,481.899564,911.311398,589.348174,833.644177,497.908567
2000-03-22,0.1823,0.725,4.9044,0.019462,1.45,2.1751,1.4189,2.1168,485.393448,924.525839,602.16691,845.472576,508.448203
2000-03-23,0.1855,1.7655,4.9076,0.019475,3.5311,5.2966,3.4999,5.2383,493.963255,957.171552,634.061369,875.063231,535.082246
2000-03-24,0.1778,-4.1771,4.9108,0.019487,-8.3543,-12.5314,-8.3855,-12.5897,473.329757,877.206912,554.604627,801.685173,467.716804
2000-03-27,0.1661,-6.573,4.9205,0.019526,-13.1461,-19.7191,-13.1773,-19.7775,442.217582,761.888512,445.241402,696.044545,375.21388
2000-03-28,0.1537,-7.4655,4.9237,0.019539,-14.9311,-22.3966,-14.9623,-22.4551,409.203637,648.130279,345.522333,591.900053,290.959333
2000-03-29,0.1436,-6.5944,4.9269,0.019551,-13.1888,-19.7832,-13.2201,-19.8417,382.219098,562.649626,277.166921,513.650481,233.228117
2000-03-30,0.1427,-0.5817,4.9302,0.019564,-1.1635,-1.7452,-1.1947,-1.8037,379.995612,556.103415,272.329827,507.513736,229.021416
2000-03-31,0.1612,12.9283,4.9334,0.019577,25.8567,38.785,25.8254,38.7265,429.122726,699.893265,377.952981,638.581143,317.713378
2000-04-03,0.1486,-7.8229,4.9431,0.019615,-15.6458,-23.4687,-15.6771,-23.5273,395.55283,590.389188,289.252187,538.46984,242.963892
2000-04-04,0.1431,-3.692,4.9463,0.019628,-7.384,-11.0761,-7.4154,-11.1347,380.948937,546.794603,257.214433,498.540274,215.91063
2000-04-05,0.1749,22.2502,4.9495,0.019641,44.5005,66.7507,44.4691,66.692,465.710935,790.120669,428.906808,720.236667,359.905811
2000-04-06,0.183,4.6351,4.9527,0.019654,9.2703,13.9054,9.2389,13.8467,487.297281,863.367041,488.54808,786.778732,409.741043
2000-04-07,0.1957,6.9055,4.956,0.019666,13.8111,20.7166,13.7797,20.6579,520.947834,982.60751,589.758862,895.19468,494.385139
2000-04-10,0.1784,-8.836,4.9656,0.019705,-17.672,-26.5079,-17.7034,-26.5667,474.916992,808.961522,433.425953,736.715059,363.043262
2000-04-11,0.1678,-5.9494,4.9689,0.019718,-11.8988,-17.8482,-11.9303,-17.907,446.662213,712.704576,356.067035,648.823091,298.032948
2000-04-12,0.1504,-10.3765,4.9721,0.01973,-20.753,-31.1295,-20.7844,-31.1883,400.314337,564.797086,245.225216,513.968948,205.081517
2000-04-13,0.1439,-4.2827,4.9753,0.019743,-8.5654,-12.8482,-8.5969,-12.907,383.170002,516.419753,213.718302,469.783626,178.611634
2000-04-14,0.1312,-8.8025,4.9785,0.019756,-17.6049,-26.4074,-17.6364,-26.4662,349.441649,425.504557,157.280953,386.930869,131.339866
2000-04-17,0.138,5.11,4.9882,0.019794,10.22,15.3299,10.1885,15.271,367.298051,468.990961,181.392033,426.353171,151.396762
2000-04-18,0.1624,17.7184,4.9914,0.019807,35.4368,53.1552,35.4053,53.0962,432.377337,635.186218,277.811255,577.304613,231.782657
2000-04-19,0.1546,-4.7726,4.9946,0.01982,-9.5452,-14.3177,-9.5767,-14.3767,411.741777,574.55666,238.03495,522.017944,198.459845
2000-04-20,0.1538,-0.5395,4.9979,0.019833,-1.0789,-1.6184,-1.1105,-1.6774,409.520592,568.357646,234.182636,516.221142,195.130855
2000-04-24,0.1462,-4.9616,5.0108,0.019884,-9.9233,-14.8849,-9.9548,-14.944,389.201709,511.958077,199.324831,464.832134,165.970474
2000-04-25,0.1622,10.9299,5.014,0.019897,21.8598,32.7897,21.8282,32.7306,431.741126,623.871245,264.682937,566.296749,220.293585
2000-04-26,0.1605,-1.0294,5.0172,0.01991,-2.0589,-3.0883,-2.0905,-3.1475,427.296654,611.026612,256.508762,554.458454,213.359903
2000-04-27,0.1736,8.1724,5.0204,0.019922,16.3448,24.5172,16.3132,24.458,462.21709,710.897816,319.397607,644.908326,265.543513
2000-04-28,0.17,-2.0603,5.0237,0.019935,-4.1206,-6.1809,-4.1523,-6.2402,452.693959,681.604337,299.65581,618.129972,248.973113
2000-05-01,0.1755,3.2261,5.0333,0.019974,6.4521,9.6782,6.4204,9.6189,467.29813,725.582244,328.657024,657.816616,272.921495
2000-05-02,0.1687,-3.8724,5.0366,0.019986,-7.7448,-11.6172,-7.7765,-11.6765,449.202534,669.387527,290.4764,606.661715,241.053814
2000-05-03,0.166,-1.6255,5.0398,0.019999,-3.251,-4.8765,-3.2827,-4.9359,441.900706,647.625618,276.31124,586.746689,229.155662
2000-05-04,0.168,1.2215,5.043,0.020012,2.443,3.6645,2.4113,3.6052,447.298582,663.447284,286.436776,600.89496,237.417069
2000-05-05,0.1758,4.6129,5.0462,0.020025,9.2258,13.8386,9.194,13.7792,467.931921,724.655314,326.075714,656.141395,270.131289
2000-05-08,0.1693,-3.6633,5.0559,0.020063,-7.3267,-10.99,-7.3584,-11.0495,450.790007,671.56221,290.239976,607.859627,240.283142
2000-05-09,0.1669,-1.4084,5.0591,0.020076,-2.8168,-4.2252,-2.8486,-4.2848,444.441028,652.645489,277.976655,590.544104,229.987606
2000-05-10,0.1505,-9.8572,5.0623,0.020089,-19.7145,-29.5717,-19.7463,-29.6313,400.631411,523.979828,195.77418,473.933644,161.839377
2000-05-11,0.1569,4.2787,5.0656,0.020101,8.5575,12.8362,8.5257,12.7767,417.773404,568.819342,220.904209,514.339713,182.517051
2000-05-12,0.1521,-3.0393,5.0688,0.020114,-6.0786,-9.1179,-6.1104,-9.1774,405.076081,534.243263,200.762485,482.911551,165.766644
2000-05-15,0.1626,6.8963,5.0785,0.020153,13.7927,20.689,13.7608,20.6293,433.011446,607.929571,242.298188,549.364004,199.963152
2000-05-16,0.1793,10.2639,5.0817,0.020165,20.5277,30.7916,20.4958,30.7319,477.455092,732.723533,316.905558,661.96071,261.415538
2000-05-17,0.2108,17.5532,5.0849,0.020178,35.1064,52.6596,35.0745,52.5998,561.263686,989.956224,483.786652,894.140073,398.919706
2000-05-18,0.1965,-6.7873,5.0881,0.020191,-13.5746,-20.362,-13.6065,-20.4217,523.168939,855.573285,385.278247,772.478619,317.453525
2000-05-19,0.1948,-0.8496,5.0914,0.020204,-1.6991,-2.5487,-1.731,-2.6085,518.724269,841.035951,375.458658,759.106675,309.172834
2000-05-22,0.2075,6.4876,5.101,0.020242,12.9752,19.4628,12.9432,19.4029,552.376964,950.161851,448.533294,857.359583,369.161378
2000-05-23,0.2058,-0.8046,5.1043,0.020255,-1.6092,-2.4138,-1.6412,-2.4737,547.932492,934.871686,437.706484,843.288784,360.029431
2000-05-24,0.2032,-1.2748,5.1075,0.020268,-2.5496,-3.8244,-2.5816,-3.8843,540.947382,911.035968,420.966676,821.518452,346.044673
2000-05-25,0.2003,-1.4085,5.1107,0.020281,-2.8169,-4.2254,-2.8489,-4.2853,533.328361,885.372836,403.17925,798.114176,331.215611
2000-05-26,0.2013,0.5061,5.1139,0.020293,1.0122,1.5183,0.9802,1.4583,536.027537,894.334584,409.300723,805.937296,336.04589
2000-05-30,0.2096,4.1158,5.1268,0.020345,8.2317,12.3475,8.1996,12.2874,558.089494,967.953082,459.839031,872.020929,377.337266
2000-05-31,0.2177,3.868,5.1301,0.020357,7.7359,11.6039,7.7039,11.5438,579.676158,1042.833107,513.198164,939.200122,420.896296
2000-06-01,0.2238,2.7931,5.1333,0.02037,5.5863,8.3794,5.5542,8.3193,595.867365,1101.088832,556.201303,991.365341,455.912073
2000-06-02,0.251,12.1473,5.1365,0.020383,24.2945,36.4418,24.2624,36.3816,668.248916,1368.59305,758.890936,1231.894644,621.780386
2000-06-05,0.2564,2.1493,5.1462,0.020421,4.2985,6.4478,4.2664,6.3876,682.611354,1427.422425,807.822661,1284.452219,661.497145
2000-06-06,0.2436,-4.9875,5.1494,0.020434,-9.975,-14.9625,-10.0071,-15.0227,648.566125,1285.037089,686.952239,1155.915327,562.122228
2000-06-07,0.2327,-4.4542,5.1526,0.020447,-8.9084,-13.3627,-8.9406,-13.4229,619.677554,1170.560297,595.15712,1052.569608,486.668995
2000-06-08,0.2345,0.7684,5.1558,0.02046,1.5368,2.3052,1.5046,2.2449,624.43906,1188.549104,608.876404,1068.406601,497.594076
2000-06-09,0.2412,2.8467,5.1591,0.020473,5.6933,8.54,5.6612,8.4797,642.214805,1256.217342,660.874584,1128.890907,539.788621
2000-06-12,0.2348,-2.6691,5.1687,0.020511,-5.3383,-8.0074,-5.3705,-8.0678,625.073169,1189.156849,607.955506,1068.263767,496.239457
2000-06-13,0.2422,3.1488,5.172,0.020524,6.2977,9.4465,6.2654,9.3861,644.755722,1264.046138,665.386142,1135.195296,542.817024
2000-06-14,0.2419,-0.0983,5.1752,0.020536,-0.1967,-0.295,-0.2289,-0.3554,644.121732,1261.560261,663.423316,1132.596798,540.887697
2000-06-15,0.2482,2.6121,5.1784,0.020549,5.2242,7.8362,5.1919,7.7758,660.946691,1327.466125,715.41071,1191.400085,582.945875
2000-06-16,0.2857,15.0815,5.1816,0.020562,30.163,45.2445,30.1308,45.184,760.627435,1727.870008,1039.094932,1550.377894,846.344384
2000-06-19,0.3036,6.2604,5.1913,0.0206,12.5208,18.7811,12.4885,18.7206,808.245591,1944.212411,1234.248757,1743.996064,1004.784871
2000-06-20,0.2995,-1.3354,5.1945,0.020613,-2.6709,-4.0063,-2.7032,-4.0669,797.452061,1892.285335,1184.801282,1696.852822,963.92155
2000-06-21,0.3299,10.1512,5.1978,0.020626,20.3024,30.4536,20.2701,30.393,878.40314,2276.465269,1545.616485,2040.806571,1256.886517
2000-06-22,0.3119,-5.457,5.201,0.020639,-10.914,-16.3711,-10.9464,-16.4317,830.468466,2028.010734,1292.582475,1817.41184,1050.358491
2000-06-23,0.2825,-9.4418,5.2042,0.020652,-18.8835,-28.3253,-18.9159,-28.3859,752.057708,1645.051321,926.455251,1473.632792,752.204583
2000-06-26,0.3166,12.0723,5.2139,0.02069,24.1447,36.217,24.1123,36.1563,842.848715,2042.243888,1261.989895,1828.95948,1024.17387
2000-06-27,0.2719,-14.1242,5.2171,0.020703,-28.2485,-42.3727,-28.2809,-42.4335,723.80273,1465.340985,727.250408,1311.713436,589.581112
2000-06-28,0.2614,-3.8595,5.2203,0.020716,-7.7191,-11.5786,-7.7515,-11.6394,695.867286,1352.23019,643.044882,1210.035986,520.957341
2000-06-29,0.2237,-14.4161,5.2236,0.020728,-28.8322,-43.2482,-28.8646,-43.3091,595.55049,962.352973,364.939256,860.763962,295.335578
2000-06-30,0.2425,8.4222,5.2268,0.020741,16.8444,25.2666,16.812,25.2058,645.708967,1124.455635,457.147042,1005.47526,369.777169
2000-07-03,0.2332,-3.8347,5.2364,0.02078,-7.6694,-11.5042,-7.7019,-11.5651,620.947834,1038.216177,404.55611,928.034293,327.012124
2000-07-05,0.2082,-10.7363,5.2429,0.020805,-21.4725,-32.2088,-21.505,-32.2698,554.281233,815.284911,274.253471,728.460147,221.486069
2000-07-06,0.2208,6.0709,5.2461,0.020818,12.1419,18.2128,12.1094,18.1518,587.93135,914.275931,324.202814,816.67207,261.689862
2000-07-07,0.222,0.5399,5.2493,0.020831,1.0799,1.6198,1.0473,1.5588,591.10578,924.148869,329.454239,825.225298,265.769005
2000-07-10,0.2335,5.1557,5.259,0.020869,10.3115,15.4672,10.2789,15.4061,621.581625,1019.442195,380.411597,910.049329,306.713644
2000-07-11,0.2523,8.0695,5.2622,0.020882,16.1389,24.2084,16.1063,24.1473,671.739904,1183.96915,472.50308,1056.624889,380.776556
2000-07-12,0.2595,2.8354,5.2655,0.020895,5.6708,8.5062,5.6382,8.4451,690.786484,1251.109908,512.695278,1116.199712,412.933423
2000-07-13,0.2838,9.3751,5.2687,0.020907,18.7503,28.1254,18.7177,28.0642,755.548696,1485.696564,656.893005,1325.126288,528.820072
2000-07-14,0.2816,-0.7563,5.2719,0.02092,-1.5126,-2.2689,-1.5452,-2.3301,749.834461,1463.223835,641.988705,1304.650009,516.497961
2000-07-17,0.2785,-1.1006,5.2816,0.020959,-2.2013,-3.3019,-2.2339,-3.3632,741.58149,1431.01421,620.790771,1275.504872,499.127105
2000-07-18,0.273,-1.9693,5.2848,0.020971,-3.9387,-5.908,-3.9713,-5.9693,726.977279,1374.651333,584.114453,1224.850181,469.332672
2000-07-19,0.2556,-6.3754,5.288,0.020984,-12.7508,-19.1263,-12.7835,-19.1876,680.629403,1199.371661,472.395153,1068.271012,379.278985
2000-07-20,0.2626,2.7052,5.2913,0.020997,5.4103,8.1155,5.3776,8.0542,699.041597,1264.261786,510.732453,1125.718781,409.826706
2000-07-21,0.2659,1.2717,5.2945,0.02101,2.5433,3.815,2.5106,3.7536,707.931017,1296.415962,530.216766,1153.981078,425.209919
2000-07-24,0.2432,-8.5203,5.3042,0.021048,-17.0406,-25.561,-17.0734,-25.6224,647.612998,1075.498274,394.688202,956.957237,316.260786
2000-07-25,0.2342,-3.7256,5.3074,0.021061,-7.4511,-11.1767,-7.4839,-11.2382,623.485815,995.361698,350.575215,885.339716,280.718911
2000-07-26,0.2168,-7.4336,5.3106,0.021074,-14.8673,-22.3009,-14.9001,-22.3624,577.138097,847.378403,272.393672,753.42349,217.943298
2000-07-27,0.2013,-7.1507,5.3138,0.021087,-14.3013,-21.452,-14.3341,-21.5135,535.86896,726.192241,213.959901,645.427036,171.056078
2000-07-28,0.206,2.3695,5.317,0.021099,4.739,7.1084,4.7061,7.0469,548.566244,760.606135,229.169083,675.801769,183.110165
2000-07-31,0.2289,11.1111,5.3267,0.021138,22.2223,33.3334,22.1894,33.2718,609.518172,929.630062,305.558932,825.758283,244.03414
2000-08-01,0.2244,-1.9792,5.3299,0.021151,-3.9584,-5.9376,-3.9913,-5.9993,597.45456,892.831501,287.416023,792.800073,229.393849
2000-08-02,0.2289,2.0192,5.3332,0.021163,4.0383,6.0575,4.0055,5.9958,609.518172,928.887038,304.826261,824.555413,243.147873
2000-08-03,0.2389,4.3752,5.3364,0.021176,8.7504,13.1256,8.7175,13.0638,636.185717,1010.168082,344.836395,896.43592,274.912313
2000-08-04,0.2432,1.7962,5.3396,0.021189,3.5924,5.3887,3.5595,5.3269,647.612998,1046.457721,363.418433,928.344919,289.556646
2000-08-07,0.2623,7.843,5.3493,0.021227,15.6861,23.5291,15.6531,23.4673,698.405545,1210.605915,448.927592,1073.660107,357.507773
2000-08-08,0.2566,-2.1819,5.3525,0.02124,-4.3638,-6.5457,-4.3967,-6.6075,683.167106,1157.777744,419.542278,1026.454216,333.885396
2000-08-09,0.249,-2.9738,5.3557,0.021253,-5.9476,-8.9214,-5.9805,-8.9833,662.851119,1088.917879,382.113301,965.066623,303.89162
2000-08-10,0.2518,1.1494,5.359,0.021266,2.2989,3.4483,2.2659,3.3864,670.4701,1113.950483,395.289626,986.933868,314.182547
2000-08-11,0.2459,-2.3673,5.3622,0.021279,-4.7346,-7.1019,-4.7676,-7.1638,654.598069,1061.209409,367.216566,939.880981,291.675079
2000-08-14,0.2482,0.9699,5.3719,0.021317,1.9397,2.9096,1.9067,2.8476,660.946691,1081.793696,377.90092,957.80148,299.980679
2000-08-15,0.2717,9.4381,5.3751,0.02133,18.8762,28.3142,18.8431,28.2522,723.327357,1285.994767,484.900673,1138.281167,384.731851
2000-08-16,0.2785,2.5236,5.3783,0.021342,5.0473,7.5709,5.0142,7.5089,741.58149,1350.902361,521.612023,1195.357072,413.620793
2000-08-17,0.2838,1.8834,5.3815,0.021355,3.7669,5.6503,3.7338,5.5882,755.548696,1401.789101,551.084696,1239.989418,436.734873
2000-08-18,0.2938,3.5293,5.3848,0.021368,7.0586,10.5879,7.0255,10.5258,782.214178,1500.735421,609.432777,1327.104869,482.704536
2000-08-21,0.2983,1.5422,5.3944,0.021406,3.0845,4.6267,3.0514,4.5645,794.27775,1547.025121,637.629413,1367.599548,504.737699
2000-08-22,0.2702,-9.4324,5.3977,0.021419,-18.8648,-28.2972,-18.8979,-28.3594,719.358219,1255.181626,457.197957,1109.151339,361.596951
2000-08-23,0.2859,5.8255,5.4009,0.021432,11.651,17.4764,11.6178,17.4142,761.264281,1401.422312,537.099871,1238.010542,424.566197
2000-08-24,0.2936,2.6687,5.4041,0.021445,5.3374,8.0061,5.3042,7.9438,781.580109,1476.22171,580.100557,1303.677599,458.293026
2000-08-25,0.2862,-2.5183,5.4073,0.021458,-5.0365,-7.5548,-5.0697,-7.6171,761.897874,1401.871447,536.2752,1237.58521,423.38454
2000-08-28,0.2976,4.0,5.417,0.021496,7.9999,11.9999,7.9667,11.9375,792.373481,1514.020029,600.627574,1336.180119,473.926162
2000-08-29,0.2969,-0.2403,5.4202,0.021509,-0.4806,-0.7209,-0.5138,-0.7833,790.46945,1506.743811,596.297746,1329.314766,470.214056
2000-08-30,0.2995,0.8833,5.4234,0.021522,1.7667,2.65,1.7335,2.5876,797.452061,1533.363452,612.099933,1352.358064,482.38151
2000-08-31,0.3029,1.1147,5.4267,0.021534,2.2294,3.3441,2.1961,3.2816,806.341163,1567.547888,632.568946,1382.057675,498.211487
2000-09-01,0.3033,0.1576,5.4299,0.021547,0.3152,0.4727,0.2819,0.4103,807.61176,1572.488035,635.55927,1385.953665,500.255487
2000-09-05,0.3038,0.1573,5.4428,0.021598,0.3145,0.4718,0.2812,0.4092,808.881882,1577.4341,638.557879,1389.851421,502.302755
2000-09-06,0.2828,-6.9075,5.446,0.021611,-13.815,-20.7225,-13.8483,-20.7851,753.008454,1359.511924,506.232932,1197.380688,397.898853
2000-09-07,0.2981,5.3964,5.4492,0.021624,10.7927,16.1891,10.7594,16.1265,793.643602,1506.240604,588.187589,1326.211863,462.06604
2000-09-08,0.2804,-5.92,5.4525,0.021637,-11.84,-17.76,-11.8733,-17.8226,746.659912,1327.901757,483.725498,1168.746214,379.713699
2000-09-11,0.269,-4.0816,5.4621,0.021675,-8.1633,-12.2449,-8.1966,-12.3076,716.183987,1219.501579,424.493785,1072.948185,332.97999
2000-09-12,0.2673,-0.6206,5.4654,0.021688,-1.2412,-1.8618,-1.2746,-1.9246,711.739238,1204.364745,416.590361,1059.272114,326.571498
2000-09-13,0.2672,-0.0445,5.4686,0.021701,-0.089,-0.1335,-0.1224,-0.1963,711.422402,1203.292482,416.034016,1057.975157,325.930394
2000-09-14,0.2647,-0.937,5.4718,0.021714,-1.8739,-2.8109,-1.9073,-2.8737,704.756626,1180.743635,404.339743,1037.79588,316.564179
2000-09-15,0.2705,2.1846,5.475,0.021726,4.3692,6.5539,4.3358,6.491,720.152887,1232.333182,430.839616,1082.792731,337.112503
2000-09-18,0.2547,-5.841,5.4847,0.021765,-11.682,-17.523,-11.7155,-17.5859,678.088764,1088.372043,355.343602,955.938482,277.828264
2000-09-19,0.2626,3.09,5.4879,0.021777,6.18,9.27,6.1465,9.207,699.041597,1155.633082,388.283781,1014.695086,303.407999
2000-09-20,0.254,-3.2698,5.4911,0.02179,-6.5395,-9.8093,-6.573,-9.8722,676.184654,1080.060355,350.196003,947.999123,273.454928
2000-09-21,0.2649,4.2957,5.4944,0.021803,8.5915,12.8872,8.558,12.8243,705.231841,1172.853691,395.326614,1029.128756,308.523532
2000-09-22,0.2695,1.7331,5.4976,0.021816,3.4661,5.1992,3.4326,5.1362,717.454029,1213.506532,415.88052,1064.454891,324.369993
2000-09-25,0.2888,7.1682,5.5073,0.021854,14.3364,21.5046,14.3029,21.4416,768.882627,1387.479881,505.314065,1216.70234,393.919951
2000-09-26,0.2957,2.3947,5.5105,0.021867,4.7894,7.1841,4.7558,7.121,787.295139,1453.932128,541.616488,1274.566843,421.971116
2000-09-27,0.3119,5.4838,5.5137,0.02188,10.9675,16.4513,10.9339,16.3881,830.468466,1613.392244,630.719232,1413.92698,491.124319
2000-09-28,0.3215,3.0582,5.5169,0.021893,6.1164,9.1747,6.0828,9.1115,855.866048,1712.074528,688.585645,1499.934012,535.873211
2000-09-29,0.3124,-2.8191,5.5202,0.021905,-5.6381,-8.4572,-5.6718,-8.5204,831.738587,1615.545376,630.350515,1414.861484,490.214749
2000-10-02,0.305,-2.3664,5.5298,0.021944,-4.7329,-7.0993,-4.7665,-7.1626,812.055955,1539.083406,585.599829,1347.421557,455.102695
2000-10-03,0.2885,-5.3949,5.5331,0.021957,-10.7898,-16.1846,-10.8234,-16.2479,768.246496,1373.019945,490.822574,1201.584375,381.157956
2000-10-04,0.2852,-1.1571,5.5363,0.021969,-2.3142,-3.4713,-2.3478,-3.5346,759.357235,1341.245944,473.784878,1173.37304,367.68571
2000-10-05,0.2785,-2.3409,5.5395,0.021982,-4.6818,-7.0227,-4.7155,-7.086,741.58149,1278.451663,440.512479,1118.04292,341.631463
2000-10-06,0.2611,-6.2502,5.5427,0.021995,-12.5004,-18.7507,-12.5341,-18.814,695.230995,1118.639511,357.913446,977.90578,277.356841
2000-10-09,0.2668,2.1918,5.5524,0.022033,4.3835,6.5753,4.3498,6.5119,710.468799,1167.675326,381.447271,1020.442557,295.417908
2000-10-10,0.2466,-7.5959,5.5556,0.022046,-15.1918,-22.7877,-15.2255,-22.8511,656.502378,990.284685,294.524338,865.074766,227.911595
2000-10-11,0.2487,0.8705,5.5589,0.022059,1.741,2.6115,1.7072,2.548,662.21717,1007.525354,302.215758,879.84346,233.718757
2000-10-12,0.2389,-3.931,5.5621,0.022072,-7.8619,-11.7929,-7.8957,-11.8564,636.185717,928.314637,266.57587,810.373781,206.008195
2000-10-13,0.2485,3.9918,5.5653,0.022085,7.9836,11.9754,7.9498,11.9119,661.580998,1002.427622,298.499421,874.797,230.547634
2000-10-16,0.2428,-2.3033,5.575,0.022123,-4.6067,-6.91,-4.6405,-6.9736,646.342599,956.249174,277.873134,834.202126,214.470157
2000-10-17,0.2251,-7.2692,5.5782,0.022136,-14.5384,-21.8076,-14.5723,-21.8713,599.358631,817.22575,217.275632,712.640091,167.56285
2000-10-18,0.2215,-1.5889,5.5814,0.022148,-3.1777,-4.7666,-3.2116,-4.8303,589.835579,791.256379,206.918925,689.752925,159.469089
2000-10-19,0.243,9.6881,5.5846,0.022161,19.3761,29.0642,19.3423,29.0005,646.979207,944.571173,267.058217,823.166684,205.715913
2000-10-20,0.2657,9.3226,5.5879,0.022174,18.6452,27.9678,18.6113,27.9041,707.294567,1120.688581,341.74862,976.36906,263.119133
2000-10-23,0.2597,-2.244,5.5975,0.022212,-4.4879,-6.7319,-4.5219,-6.7957,691.423092,1070.392757,318.742414,932.219037,245.238348
2000-10-24,0.2513,-3.2141,5.6008,0.022225,-6.4283,-9.6424,-6.4622,-9.7062,669.199821,1001.585021,288.00798,871.977164,221.434974
2000-10-25,0.2294,-8.7285,5.604,0.022238,-17.4571,-26.1856,-17.491,-26.2495,610.788412,826.73742,212.59126,719.459336,163.309452
2000-10-26,0.2392,4.2619,5.6072,0.022251,8.5239,12.7858,8.4899,12.7219,636.819786,897.207357,239.772731,780.540731,184.085554
2000-10-27,0.2337,-2.2933,5.6104,0.022264,-4.5866,-6.8799,-4.6206,-6.9438,622.215614,856.056092,223.276626,744.475342,171.30305
2000-10-30,0.2172,-7.0405,5.6201,0.022302,-14.081,-21.1216,-14.1151,-21.1855,578.408377,735.51443,176.117096,639.392234,135.011574
2000-10-31,0.2371,9.138,5.6233,0.022315,18.2761,27.4141,18.2421,27.3501,631.263611,869.937749,224.398088,756.03064,171.93744
2000-11-01,0.237,-0.0252,5.6266,0.022328,-0.0504,-0.0756,-0.0844,-0.1396,631.104637,869.49959,224.228555,755.392545,171.697466
2000-11-02,0.2552,7.6461,5.6298,0.02234,15.2922,22.9383,15.2582,22.8742,679.35952,1002.465181,275.662765,870.651476,210.971974
2000-11-03,0.2719,6.5419,5.633,0.022353,13.0839,19.6258,13.0498,19.5617,723.80273,1133.626281,329.763743,984.26972,252.241704
2000-11-06,0.2928,7.7194,5.6427,0.022392,15.4388,23.1582,15.4047,23.0941,779.675999,1308.644703,406.131146,1135.893649,310.494577
2000-11-07,0.273,-6.7591,5.6459,0.022404,-13.5181,-20.2772,-13.5522,-20.3413,726.977279,1131.740705,323.779278,981.954863,247.335835
2000-11-08,0.2649,-2.9694,5.6491,0.022417,-5.9388,-8.9082,-5.9729,-8.9724,705.390457,1064.529016,294.936428,923.303561,225.143918
2000-11-09,0.2373,-10.4409,5.6523,0.02243,-20.8819,-31.3228,-20.916,-31.387,631.741086,842.235416,202.554051,730.1853,154.477918
2000-11-10,0.2244,-5.4273,5.6556,0.022443,-10.8546,-16.2819,-10.8888,-16.3462,597.45456,750.814019,169.574363,650.677158,129.226694
2000-11-13,0.2254,0.4252,5.6652,0.022481,0.8504,1.2756,0.8162,1.2113,599.995001,757.199102,171.737508,655.988205,130.792023
2000-11-14,0.2666,18.3069,5.6685,0.022494,36.6138,54.9206,36.5796,54.8563,709.835365,1034.438162,266.056845,895.945801,202.53967
2000-11-15,0.2631,-1.3193,5.6717,0.022507,-2.6386,-3.958,-2.6729,-4.0224,700.470334,1007.142973,255.526387,871.998408,194.392812
2000-11-16,0.2466,-6.2769,5.6749,0.02252,-12.5538,-18.8308,-12.5881,-18.8952,656.502378,880.707874,207.408833,762.23069,157.661977
2000-11-17,0.2418,-1.9341,5.6781,0.022532,-3.8682,-5.8023,-3.9025,-5.8668,643.804896,846.640146,195.374285,732.484944,148.412325
2000-11-20,0.2232,-7.6925,5.6878,0.022571,-15.385,-23.0776,-15.4193,-23.1421,594.280051,716.384155,150.286645,619.540712,114.066629
2000-11-21,0.2189,-1.9229,5.691,0.022583,-3.8458,-5.7686,-3.88,-5.8332,582.85277,688.833766,141.617157,595.502246,107.412932
2000-11-22,0.2075,-5.2287,5.6943,0.022596,-10.4575,-15.6862,-10.4918,-15.7508,552.376964,616.799232,119.402815,533.023548,90.494588
2000-11-24,0.2194,5.7467,5.7007,0.022622,11.4935,17.2402,11.4592,17.1756,584.120629,687.690922,139.988121,594.10352,106.037585
2000-11-27,0.212,-3.3696,5.7104,0.02266,-6.7392,-10.1088,-6.7735,-10.1734,564.438195,641.346279,125.83707,553.861715,95.249918
2000-11-28,0.1962,-7.452,5.7136,0.022673,-14.9039,-22.3559,-14.9383,-22.4206,522.376452,545.760464,97.705063,471.124126,73.894306
2000-11-29,0.1841,-6.1682,5.7168,0.022686,-12.3364,-18.5046,-12.3708,-18.5694,490.155193,478.433196,79.625112,412.842275,60.172609
2000-11-30,0.1545,-16.0624,5.7201,0.022699,-32.1247,-48.1871,-32.1591,-48.2518,411.424703,324.737875,41.256096,280.075815,31.138217
2000-12-01,0.1698,9.8767,5.7233,0.022711,19.7534,29.6301,19.719,29.5653,452.05993,388.884715,53.480332,335.303974,40.344338
2000-12-04,0.1724,1.5447,5.733,0.02275,3.0893,4.634,3.0549,4.5692,459.042779,400.898712,55.958621,345.547144,42.187733
2000-12-05,0.1836,6.5009,5.7362,0.022763,13.0018,19.5028,12.9674,19.4379,488.884794,453.02294,66.872101,390.35554,50.388133
2000-12-06,0.1574,-14.2858,5.7394,0.022775,-28.5716,-42.8574,-28.6061,-42.9223,419.043723,323.5871,38.212471,278.690169,28.76039
2000-12-07,0.1545,-1.8182,5.7426,0.022788,-3.6364,-5.4546,-3.6709,-5.5195,411.424703,311.820228,36.128142,268.45979,27.172955
2000-12-08,0.1898,22.8397,5.7458,0.022801,45.6794,68.5192,45.6449,68.4542,505.392956,454.257968,60.882843,390.998085,45.773982
2000-12-11,0.1898,0.0,5.7555,0.022839,0.0,0.0,-0.0345,-0.065,505.392956,454.257968,60.882843,390.863012,45.744209
2000-12-12,0.1846,-2.7637,5.7587,0.022852,-5.5274,-8.2911,-5.562,-8.3562,491.425433,429.149351,55.834993,369.123406,41.921751
2000-12-13,0.1703,-7.752,5.762,0.022865,-15.5039,-23.2559,-15.5385,-23.321,453.330368,362.614447,42.850087,311.767256,32.1452
2000-12-14,0.1586,-6.8631,5.7652,0.022878,-13.7261,-20.5892,-13.7607,-20.6543,422.218034,312.841555,34.027606,268.865888,25.505834
2000-12-15,0.1428,-9.9245,5.7684,0.022891,-19.849,-29.7735,-19.8836,-29.8387,380.314948,250.745548,23.896383,215.405605,17.895228
2000-12-18,0.1476,3.297,5.7781,0.022929,6.594,9.891,6.5593,9.8257,392.853892,267.279659,26.259967,229.5348,19.653568
2000-12-19,0.1364,-7.5558,5.7813,0.022942,-15.1117,-22.6675,-15.1463,-22.7328,363.170455,226.889176,20.307478,194.768676,15.185764
2000-12-20,0.1216,-10.8386,5.7845,0.022955,-21.6773,-32.5159,-21.712,-32.5812,323.807689,177.70574,13.70431,152.480587,10.238057
2000-12-21,0.1064,-12.5492,5.7878,0.022967,-25.0984,-37.6477,-25.1331,-37.713,283.172343,133.104364,8.544957,114.157461,6.376982
2000-12-22,0.1338,25.7848,5.791,0.02298,51.5695,77.3543,51.5349,77.289,356.187685,201.745676,15.15485,172.988345,11.305687
2000-12-26,0.1283,-4.1001,5.8039,0.023031,-8.2002,-12.3004,-8.235,-12.3658,341.583553,185.202036,13.290748,158.742785,9.907649
2000-12-27,0.1369,6.6915,5.8071,0.023044,13.383,20.0745,13.3482,20.009,364.440576,209.987581,15.958795,179.93213,11.890072
2000-12-28,0.1376,0.5225,5.8103,0.023057,1.045,1.5675,1.0102,1.502,366.344726,212.181891,16.208942,181.749819,12.068658
2000-12-29,0.125,-9.1421,5.8136,0.02307,-18.2843,-27.4264,-18.3191,-27.4919,332.852948,173.385925,11.763405,148.454938,8.750749
2001-01-02,0.1142,-8.6308,5.8067,0.023043,-17.2615,-25.8923,-17.2963,-25.9577,304.125236,143.456907,8.717594,122.777796,6.479255
2001-01-03,0.1493,30.6886,5.8001,0.023016,61.3772,92.0658,61.3425,92.0004,397.456981,231.506709,16.743515,198.092712,12.440194
2001-01-04,0.1665,11.5016,5.7935,0.02299,23.0032,34.5048,22.9685,34.4395,443.170907,284.760677,22.520833,243.591659,16.72453
2001-01-05,0.1415,-14.9716,5.7868,0.022964,-29.9432,-44.9148,-29.9779,-44.9801,376.821142,199.494232,12.405647,170.56808,9.201822
2001-01-08,0.155,9.5201,5.767,0.022885,19.0402,28.5604,19.0057,28.4952,412.694982,237.478429,15.948746,202.985664,11.823903
2001-01-09,0.1581,1.9997,5.7603,0.022858,3.9994,5.9992,3.9649,5.9341,420.947715,246.976222,16.905536,211.033781,12.525542
2001-01-10,0.1691,6.9381,5.7537,0.022832,13.8762,20.8143,13.8417,20.7493,450.153518,281.247172,20.424308,240.244392,15.124503
2001-01-11,0.1831,8.3219,5.7471,0.022806,16.6437,24.9656,16.6092,24.9006,487.614633,328.057125,25.523351,280.14705,18.890593
2001-01-12,0.1793,-2.0835,5.7404,0.02278,-4.167,-6.2506,-4.2015,-6.3155,477.455092,314.386864,23.928,268.376608,17.697561
2001-01-16,0.1653,-7.8455,5.7139,0.022674,-15.6909,-23.5364,-15.7253,-23.6011,439.996477,265.056585,18.296205,226.173504,13.520736
2001-01-17,0.1712,3.6073,5.7073,0.022648,7.2145,10.8218,7.1802,10.7572,455.868349,284.179212,20.276187,242.413193,14.975182
2001-01-18,0.2041,19.1856,5.7007,0.022622,38.3711,57.5567,38.3368,57.4921,543.329285,393.222008,31.946492,335.346678,23.584729
2001-01-19,0.1986,-2.6587,5.694,0.022595,-5.3174,-7.9761,-5.3517,-8.0406,528.88381,372.31285,29.398412,317.399949,21.688365
2001-01-22,0.1908,-3.9617,5.6741,0.022516,-7.9234,-11.8851,-7.9576,-11.9495,507.930977,342.812953,25.904374,292.142407,19.096709
2001-01-23,0.2098,9.9691,5.6675,0.02249,19.9382,29.9073,19.904,29.843,558.567208,411.163799,33.651685,350.290538,24.79574
2001-01-24,0.2089,-0.4264,5.6609,0.022464,-0.8528,-1.2793,-0.887,-1.3436,556.185344,407.657198,33.221189,347.183399,24.462594
2001-01-25,0.1879,-10.0458,5.6542,0.022437,-20.0916,-30.1375,-20.1258,-30.2017,500.311956,325.752168,23.209165,277.310007,17.074473
2001-01-26,0.1939,3.1729,5.6476,0.022411,6.3458,9.5188,6.3117,9.4546,516.186447,346.423869,25.418388,294.813037,18.688791
2001-01-29,0.1948,0.4916,5.6277,0.022332,0.9833,1.4749,0.9493,1.4109,518.724269,349.830244,25.793296,297.611573,18.952474
2001-01-30,0.1991,2.2034,5.6211,0.022306,4.4068,6.6102,4.3728,6.5463,530.153891,365.246633,27.498292,310.625555,20.193151
2001-01-31,0.197,-1.078,5.6145,0.02228,-2.1559,-3.2339,-2.1899,-3.2978,524.438981,357.37212,26.60902,303.823073,19.527213
2001-02-01,0.198,0.5147,5.6078,0.022253,1.0293,1.544,0.9954,1.4801,527.138038,361.050595,27.019855,306.847183,19.816235
2001-02-02,0.1789,-9.6656,5.6012,0.022227,-19.3311,-28.9967,-19.3651,-29.0605,476.187193,291.255468,19.184994,247.42606,14.057538
2001-02-05,0.1786,-0.1336,5.5813,0.022148,-0.2672,-0.4008,-0.3011,-0.4645,475.550942,290.477155,19.108093,246.681106,13.99224
2001-02-06,0.1796,0.5342,5.5747,0.022122,1.0684,1.6026,1.0346,1.539,478.091343,293.580622,19.41432,249.233208,14.20758
2001-02-07,0.1712,-4.6483,5.5681,0.022095,-9.2965,-13.9448,-9.3303,-14.0084,455.868349,266.287761,16.707028,225.97888,12.217329
2001-02-08,0.1703,-0.5567,5.5614,0.022069,-1.1135,-1.6702,-1.1472,-1.7337,453.330368,263.322724,16.427986,223.386345,12.005516
2001-02-09,0.1691,-0.7008,5.5548,0.022043,-1.4016,-2.1023,-1.4353,-2.1658,450.153518,259.632096,16.082614,220.180059,11.745501
2001-02-12,0.1645,-2.6793,5.5349,0.021964,-5.3587,-8.038,-5.3923,-8.1013,438.092406,245.719279,14.789893,208.307209,10.793964
2001-02-13,0.1696,3.0431,5.5283,0.021938,6.0861,9.1292,6.0525,9.066,451.423838,260.674068,16.140091,220.914969,11.772539
2001-02-14,0.182,7.3138,5.5216,0.021911,14.6277,21.9415,14.5941,21.8783,484.440243,298.804622,19.681471,253.155425,14.348174
2001-02-15,0.2153,18.3484,5.515,0.021885,36.6968,55.0452,36.6632,54.9821,573.327298,408.456384,30.515178,345.97035,22.237098
2001-02-16,0.227,5.4266,5.5084,0.021859,10.8532,16.2799,10.8197,16.2168,604.439592,452.787136,35.483007,383.403218,25.843239
2001-02-20,0.2044,-9.9791,5.4819,0.021753,-19.9583,-29.9374,-19.9917,-30.0003,544.121693,362.418572,24.860305,306.754211,18.090188
2001-02-21,0.2137,4.5506,5.4752,0.021727,9.1013,13.6519,9.0679,13.5891,568.882746,395.403347,28.254219,334.570251,20.548486
2001-02-22,0.2227,4.2412,5.4686,0.021701,8.4823,12.7235,8.4489,12.6607,593.00993,428.942663,31.849133,362.837748,23.150066
2001-02-23,0.2073,-6.9058,5.462,0.021674,-13.8117,-20.7175,-13.8451,-20.7802,552.057629,369.698498,25.250785,312.60266,18.33943
2001-02-26,0.2027,-2.2426,5.4421,0.021596,-4.4852,-6.7278,-4.5185,-6.7904,539.677102,353.11667,23.551951,298.47761,17.094109
2001-02-27,0.1905,-5.9999,5.4355,0.021569,-11.9998,-17.9997,-12.0331,-18.0622,507.296988,310.74334,19.312667,262.561542,14.006534
2001-02-28,0.1705,-10.5131,5.4288,0.021543,-21.0262,-31.5393,-21.0595,-31.6018,453.964278,245.405738,13.221579,207.267455,9.580218
2001-03-01,0.184,7.9018,5.4222,0.021517,15.8036,23.7053,15.7703,23.6429,489.83554,284.188585,16.355799,239.954234,11.845263
2001-03-02,0.1663,-9.6237,5.4156,0.02149,-19.2473,-28.871,-19.2805,-28.9333,442.695455,229.489924,11.633722,193.689839,8.418036
2001-03-05,0.1679,0.9676,5.3957,0.021411,1.9353,2.9029,1.9022,2.8407,446.979128,233.93117,11.971438,197.374113,8.657169
2001-03-06,0.1841,9.6595,5.389,0.021385,19.3191,28.9786,19.286,28.9164,490.155193,279.124454,15.44059,235.439606,11.160514
2001-03-07,0.1989,8.0311,5.3824,0.021359,16.0623,24.0934,16.0292,24.0313,529.520219,323.958179,19.160754,273.178704,13.842533
2001-03-08,0.2056,3.357,5.3758,0.021332,6.714,10.071,6.681,10.009,547.296202,345.708718,21.090433,291.429656,15.228027
2001-03-09,0.191,-7.0764,5.3692,0.021306,-14.1528,-21.2292,-14.1858,-21.2911,508.567386,296.781321,16.613109,250.088047,11.985805
2001-03-12,0.1841,-3.6204,5.3493,0.021227,-7.2408,-10.8612,-7.2737,-10.923,490.155193,275.291956,14.808724,231.897289,10.676592
2001-03-13,0.206,11.9168,5.3426,0.021201,23.8337,35.7505,23.8008,35.6888,548.566244,340.904206,20.102923,287.090675,14.486937
2001-03-14,0.2177,5.6711,5.336,0.021175,11.3423,17.0134,11.3094,16.9517,579.676158,379.570459,23.523113,319.558857,16.942717
2001-03-15,0.2285,4.9289,5.3294,0.021148,9.8579,14.7868,9.825,14.7251,608.247972,416.987959,27.001424,350.955512,19.437552
2001-03-16,0.2275,-0.4173,5.3227,0.021122,-0.8346,-1.2519,-0.8674,-1.3135,605.709792,413.507832,26.663398,347.91127,19.182242
2001-03-19,0.2406,5.7648,5.3028,0.021043,11.5296,17.2944,11.4969,17.233,640.627848,461.183764,31.274686,387.910221,22.487917
2001-03-20,0.2182,-9.3161,5.2962,0.021017,-18.6322,-27.9483,-18.6649,-28.0097,580.946239,375.254971,22.533931,315.506982,16.189111
2001-03-21,0.2344,7.432,5.2896,0.02099,14.864,22.296,14.8313,22.2347,624.122185,431.032897,27.558099,362.300803,19.788706
2001-03-22,0.258,10.0711,5.283,0.020964,20.1423,30.2134,20.1096,30.1521,686.978342,517.852665,35.884335,435.158008,25.755415
2001-03-23,0.2556,-0.9242,5.2763,0.020938,-1.8484,-2.7725,-1.881,-2.8338,680.629403,508.280849,34.889424,426.972639,25.025561
2001-03-26,0.2695,5.4104,5.2564,0.020859,10.8208,16.2311,10.7882,16.1701,717.454029,563.280683,40.552374,473.035265,29.072207
2001-03-27,0.2597,-3.6282,5.2498,0.020833,-7.2565,-10.8847,-7.289,-10.9457,691.423092,522.40636,36.138364,438.555657,25.890038
2001-03-28,0.2599,0.0687,5.2432,0.020806,0.1374,0.2061,0.1049,0.1451,691.897989,523.123979,36.212828,439.015506,25.927598
2001-03-29,0.2637,1.4912,5.2365,0.02078,2.9825,4.4737,2.95,4.4128,702.215908,538.726137,37.832898,451.966512,27.071736
2001-03-30,0.2477,-6.0804,5.2299,0.020754,-12.1609,-18.2413,-12.1933,-18.3022,659.518152,473.212392,30.931688,396.856777,22.117022
2001-04-02,0.2373,-4.2117,5.21,0.020675,-8.4234,-12.6352,-8.4558,-12.6959,631.741086,433.351619,27.023419,363.299269,19.309072
2001-04-03,0.2451,3.3163,5.2034,0.020648,6.6326,9.9489,6.6002,9.8882,652.691459,462.09402,29.711944,387.277846,21.218394
2001-04-04,0.2199,-10.3112,5.1968,0.020622,-20.6224,-30.9336,-20.6547,-30.9942,585.391108,366.7991,20.520966,307.286623,14.641917
2001-04-05,0.2401,9.2193,5.1901,0.020596,18.4387,27.658,18.4064,27.5974,639.360226,434.431915,26.196651,363.846878,18.682709
2001-04-06,0.2392,-0.3973,5.1835,0.020569,-0.7947,-1.192,-0.827,-1.2525,636.819786,430.979563,25.884381,360.838018,18.448703
2001-04-09,0.2276,-4.8615,5.1636,0.020491,-9.7229,-14.5844,-9.7551,-14.6447,605.861069,389.075795,22.109307,325.637873,15.746943
2001-04-10,0.249,9.4398,5.157,0.020464,18.8796,28.3195,18.8475,28.2592,663.053258,462.531897,28.370543,387.012366,20.196898
2001-04-11,0.2641,6.0367,5.1504,0.020438,12.0733,18.11,12.0412,18.0497,703.07953,518.374855,33.508443,433.613206,23.842385
2001-04-12,0.268,1.5025,5.1437,0.020412,3.005,4.5076,2.9729,4.4474,713.643427,533.952208,35.018854,446.504172,24.902743
2001-04-16,0.2615,-2.4342,5.1172,0.020306,-4.8684,-7.3025,-4.9004,-7.3625,696.272039,507.957458,32.461585,424.623776,23.069272
2001-04-17,0.2743,4.9022,5.1106,0.02028,9.8044,14.7066,9.7724,14.6467,730.40471,557.759672,37.235583,466.119795,26.448156
2001-04-18,0.2948,7.4551,5.1039,0.020254,14.9102,22.3653,14.8782,22.3054,784.857096,640.922732,45.563431,535.470197,32.347528
2001-04-19,0.3201,8.5941,5.0973,0.020227,17.1883,25.7824,17.1563,25.7226,852.308725,751.086181,57.310771,627.337196,40.668142
2001-04-20,0.3318,3.6472,5.0907,0.020201,7.2944,10.9415,7.2625,10.8818,883.393962,805.873116,63.581452,672.897267,45.093558
2001-04-23,0.3143,-5.2783,5.0708,0.020122,-10.5566,-15.8349,-10.5884,-15.8945,836.765829,720.800408,53.513404,601.648098,37.926166
2001-04-24,0.292,-7.0776,5.0642,0.020096,-14.1553,-21.2329,-14.1871,-21.2925,777.542573,618.769121,42.150949,516.291812,29.850748
2001-04-25,0.3055,4.5987,5.0575,0.02007,9.1974,13.7961,9.1656,13.7366,813.299494,675.679905,47.966147,563.613273,33.951233
2001-04-26,0.2814,-7.8814,5.0509,0.020043,-15.7627,-23.6441,-15.7945,-23.7036,749.200312,569.174173,36.624972,474.593379,25.903576
2001-04-27,0.3014,7.1186,5.0443,0.020017,14.2373,21.3559,14.2055,21.2965,802.533101,650.208965,44.446559,542.011903,31.420128
2001-04-30,0.3178,5.4428,5.0244,0.019938,10.8856,16.3284,10.8539,16.2691,846.213302,720.987998,51.703959,600.841539,36.531911
2001-05-01,0.3475,9.3399,5.0178,0.019912,18.6797,28.0196,18.6481,27.9604,925.248527,855.666686,66.191208,712.887206,46.746387
2001-05-02,0.3395,-2.2946,5.0111,0.019885,-4.5893,-6.8839,-4.6209,-6.943,904.017501,816.397925,61.634679,679.945751,43.500774
2001-05-03,0.3381,-0.4382,5.0045,0.019859,-0.8764,-1.3146,-0.908,-1.3737,900.05598,809.242803,60.824405,673.771903,42.903194
2001-05-04,0.3427,1.3769,4.9979,0.019833,2.7537,4.1306,2.7222,4.0715,912.448449,831.527008,63.336797,692.11313,44.650013
2001-05-07,0.3581,4.4868,4.978,0.019754,8.9737,13.4605,8.9422,13.4017,953.38861,906.145689,71.862272,754.003497,50.633859
2001-05-08,0.3322,-7.235,4.9713,0.019728,-14.47,-21.7051,-14.5015,-21.7639,884.410725,775.025992,56.264516,644.661833,39.613962
2001-05-09,0.3166,-4.6864,4.9647,0.019701,-9.3728,-14.0591,-9.4042,-14.1179,842.963849,702.384615,48.354204,584.036711,34.021296
2001-05-10,0.306,-3.3623,4.9581,0.019675,-6.7245,-10.0868,-6.7559,-10.1455,814.621112,655.152454,43.476804,544.579628,30.569655
2001-05-11,0.2981,-2.5565,4.9515,0.019649,-5.1131,-7.6696,-5.1445,-7.7283,793.794918,621.653857,40.142286,516.563978,28.207136
2001-05-14,0.3007,0.8575,4.9316,0.01957,1.7151,2.5726,1.6838,2.5141,800.601933,632.31557,41.17498,525.261779,28.916286
2001-05-15,0.3115,3.5911,4.9249,0.019543,7.1821,10.7732,7.1509,10.7147,829.351962,677.729128,45.610825,562.822481,32.014581
2001-05-16,0.3262,4.7156,4.9183,0.019517,9.4312,14.1468,9.4,14.0884,868.461013,741.647329,52.063318,615.727838,36.524938
2001-05-17,0.3319,1.7664,4.9117,0.019491,3.5328,5.2992,3.5016,5.2408,883.801413,767.848084,54.82224,637.288047,38.439145
2001-05-18,0.3293,-0.8047,4.905,0.019464,-1.6094,-2.4142,-1.6406,-2.4724,876.689306,755.490064,53.498747,626.832659,37.488757
2001-05-21,0.3442,4.5191,4.8852,0.019386,9.0383,13.5574,9.0072,13.4993,916.308166,823.773446,60.751805,683.292718,42.549476
2001-05-22,0.3545,2.9933,4.8785,0.019359,5.9867,8.98,5.9556,8.9219,943.736419,873.090187,66.207336,723.987048,46.345718
2001-05-23,0.3514,-0.8502,4.8719,0.019333,-1.7004,-2.5507,-1.7315,-2.6087,935.712605,858.243853,64.518617,711.451396,45.136705
2001-05-24,0.3566,1.4764,4.8653,0.019307,2.9527,4.4291,2.9217,4.3711,949.527146,883.585491,67.376209,732.238004,47.109684
2001-05-25,0.3499,-1.8937,4.8586,0.01928,-3.7873,-5.681,-3.8183,-5.7389,931.546208,850.121053,63.548554,704.278723,44.406086
2001-05-29,0.3355,-4.1002,4.8321,0.019175,-8.2004,-12.3006,-8.2313,-12.3583,893.351086,780.407974,55.731728,646.307765,38.918261
2001-05-30,0.3293,-1.8651,4.8255,0.019149,-3.7302,-5.5953,-3.761,-5.6529,876.689306,751.297389,52.613392,621.999934,36.718241
2001-05-31,0.3266,-0.7995,4.8188,0.019122,-1.599,-2.3985,-1.6299,-2.4562,869.680034,739.283902,51.351434,611.8622,35.816383
2001-06-01,0.3447,5.5367,4.8122,0.019096,11.0735,16.6102,11.0427,16.5527,917.831963,821.148368,59.881022,679.428179,41.744949
2001-06-04,0.3394,-1.5494,4.7923,0.019017,-3.0988,-4.6482,-3.1295,-4.7056,903.611002,795.702493,57.097618,658.165207,39.780589
2001-06-05,0.3572,5.25,4.7857,0.018991,10.5,15.7501,10.4693,15.6927,951.050784,879.251615,66.090531,727.070813,46.023245
2001-06-06,0.3587,0.4273,4.7791,0.018965,0.8547,1.282,0.824,1.2247,955.114902,886.766213,66.937804,733.061786,46.586889
2001-06-07,0.379,5.6477,4.7724,0.018938,11.2955,16.9432,11.2648,16.886,1009.05732,986.930735,78.279226,815.640008,54.453543
2001-06-08,0.3691,-2.5974,4.7658,0.018912,-5.1947,-7.7921,-5.2254,-7.8493,982.848326,935.662168,72.179613,773.019828,50.179315
2001-06-11,0.3584,-2.9252,4.7459,0.018833,-5.8504,-8.7756,-5.8809,-8.8326,954.098138,880.922362,65.845439,727.559144,45.747175
2001-06-12,0.3703,3.3327,4.7393,0.018807,6.6654,9.9982,6.6349,9.9412,985.895601,939.639794,72.42878,775.832229,50.294991
2001-06-13,0.3579,-3.359,4.7327,0.01878,-6.718,-10.077,-6.7485,-10.1339,952.779298,876.514659,65.130116,723.475183,45.198123
2001-06-14,0.3571,-0.2134,4.726,0.018754,-0.4268,-0.6402,-0.4573,-0.6971,950.745929,872.773442,64.713125,720.166809,44.883039
2001-06-15,0.3627,1.5602,4.7194,0.018728,3.1203,4.6805,3.0899,4.6237,965.579218,900.007005,67.742037,742.419339,46.958297
2001-06-18,0.3483,-3.9559,4.6995,0.018649,-7.9118,-11.8677,-7.9422,-11.9244,927.381715,828.799964,59.702583,683.455006,41.358797
2001-06-19,0.3293,-5.4662,4.6929,0.018623,-10.9324,-16.3986,-10.9627,-16.4552,876.689306,738.192469,49.91222,608.529878,34.553137
2001-06-20,0.3434,4.2991,4.6862,0.018596,8.5983,12.8974,8.568,12.8409,914.379458,801.664411,56.349617,660.668653,38.990064
2001-06-21,0.3499,1.8886,4.6796,0.01857,3.7772,5.6658,3.7469,5.6093,931.648487,831.944983,59.542285,685.423488,41.177139
2001-06-22,0.3484,-0.447,4.673,0.018544,-0.8939,-1.3409,-0.9242,-1.3974,927.484312,824.507918,58.743879,679.088894,40.601747
2001-06-25,0.3477,-0.1972,4.6531,0.018465,-0.3944,-0.5915,-0.4245,-0.6478,925.655503,821.256396,58.396386,676.205957,40.338716
2001-06-26,0.3577,2.8862,4.6465,0.018438,5.7724,8.6586,5.7423,8.6024,952.371767,868.662592,63.452695,715.035422,43.808796
2001-06-27,0.3466,-3.0932,4.6398,0.018412,-6.1864,-9.2797,-6.2166,-9.3358,922.912844,814.923359,57.564507,670.584874,39.718877
2001-06-28,0.3507,1.1777,4.6332,0.018386,2.3553,3.533,2.3252,3.4769,933.781675,834.11751,59.59826,686.177582,41.099848
2001-06-29,0.3539,0.9029,4.6266,0.018359,1.8058,2.7087,1.7757,2.6526,942.212702,849.179848,61.212581,698.362143,42.190057
2001-07-02,0.3382,-4.4313,4.6067,0.01828,-8.8625,-13.2938,-8.8925,-13.3497,900.460733,773.92098,53.075101,636.260132,36.557799
2001-07-03,0.3425,1.275,4.6001,0.018254,2.55,3.825,2.52,3.7691,911.941654,793.656044,55.105231,652.294203,37.935714
2001-07-05,0.3177,-7.2519,4.5868,0.018202,-14.5037,-21.7556,-14.5336,-21.8114,845.808866,678.546297,43.116759,557.492111,29.661416
2001-07-06,0.3079,-3.0748,4.5802,0.018175,-6.1496,-9.2244,-6.1795,-9.2802,819.801813,636.818217,39.139478,523.041828,26.90879
2001-07-09,0.2978,-3.2714,4.5603,0.018096,-6.5428,-9.8142,-6.5726,-9.8697,792.982872,595.152562,35.298259,488.664438,24.252963
2001-07-10,0.3003,0.82,4.5536,0.01807,1.64,2.4599,1.6102,2.4044,799.485191,604.912853,36.166577,496.532855,24.836111
2001-07-11,0.2997,-0.1906,4.547,0.018044,-0.3812,-0.5717,-0.4109,-0.6272,797.961554,602.607199,35.959802,494.492578,24.680343
2001-07-12,0.3154,5.2449,4.5404,0.018017,10.4898,15.7347,10.4601,15.6793,839.813898,665.819578,41.617976,546.216951,28.550053
2001-07-13,0.3089,-2.0685,4.5338,0.017991,-4.1371,-6.2056,-4.1668,-6.2609,822.442113,638.27425,39.035338,523.457438,26.762554
2001-07-16,0.2841,-8.041,4.5139,0.017912,-16.082,-24.123,-16.1116,-24.1782,756.309563,535.627017,29.618846,439.119999,20.291855
2001-07-17,0.2999,5.5878,4.5072,0.017886,11.1757,16.7635,11.1461,16.7084,798.570866,595.486886,34.584,488.064624,23.682291
2001-07-18,0.2896,-3.4603,4.5006,0.01786,-6.9206,-10.3808,-6.9501,-10.4359,770.938054,554.275823,30.993887,454.143489,21.210823
2001-07-19,0.2942,1.6078,4.494,0.017833,3.2156,4.8234,3.186,4.7683,783.333142,572.099038,32.48884,468.612711,22.222229
2001-07-20,0.2857,-2.879,4.4873,0.017807,-5.7581,-8.6371,-5.7876,-8.6921,760.780735,539.157217,29.682748,441.491395,20.290656
2001-07-23,0.2587,-9.4673,4.4675,0.017728,-18.9346,-28.402,-18.9641,-28.4568,688.755179,437.069726,21.252265,357.766627,14.516588
2001-07-24,0.2762,6.77,4.4608,0.017702,13.5399,20.3099,13.5105,20.2551,735.383629,496.248617,25.568574,406.10273,17.456939
2001-07-25,0.2735,-0.9671,4.4542,0.017675,-1.9342,-2.9013,-1.9636,-2.956,728.27176,486.650211,24.826756,398.1286,16.940911
2001-07-26,0.3014,10.1969,4.4476,0.017649,20.3939,30.5908,20.3645,30.5361,802.533101,585.896946,32.421454,479.205494,22.114008
2001-07-27,0.3091,2.5315,4.4409,0.017623,5.063,7.5946,5.0337,7.54,822.849405,615.56117,34.883724,503.327336,23.781394
2001-07-30,0.3017,-2.3828,4.421,0.017544,-4.7656,-7.1484,-4.7949,-7.2029,803.24255,586.225987,32.390095,479.193545,22.068455
2001-07-31,0.3087,2.3144,4.4144,0.017518,4.6288,6.9432,4.5996,6.8888,821.832801,613.361223,34.639005,501.234422,23.588707
2001-08-01,0.3275,6.1065,4.4078,0.017491,12.213,18.3195,12.1838,18.2652,872.018098,688.271144,40.984707,562.303928,27.897227
2001-08-02,0.3353,2.3765,4.4012,0.017465,4.7531,7.1296,4.7239,7.0753,892.741853,720.985059,43.906747,588.86652,29.871037
2001-08-03,0.3327,-0.7851,4.3945,0.017439,-1.5703,-2.3554,-1.5994,-2.4097,885.732581,709.663577,42.872559,579.448043,29.151246
2001-08-06,0.3427,3.0278,4.3746,0.01736,6.0556,9.0834,6.0265,9.0293,912.550807,752.637989,46.766847,614.368697,31.783406
2001-08-07,0.3377,-1.4806,4.368,0.017333,-2.9613,-4.4419,-2.9903,-4.496,899.039137,730.350142,44.689489,595.997004,30.354431
2001-08-08,0.3291,-2.5423,4.3614,0.017307,-5.0847,-7.627,-5.1137,-7.681,876.182432,693.214055,41.281002,565.519447,28.0229
2001-08-09,0.3233,-1.7508,4.3547,0.017281,-3.5016,-5.2525,-3.5306,-5.3064,860.842032,668.940158,39.11273,545.553034,26.535894
2001-08-10,0.3229,-0.1178,4.3481,0.017254,-0.2356,-0.3535,-0.2646,-0.4073,859.827807,667.363898,38.974485,544.109522,26.427806
2001-08-13,0.3365,4.194,4.3282,0.017175,8.388,12.582,8.3591,12.5283,895.889027,723.342447,43.878261,589.592333,29.738761
2001-08-14,0.3276,-2.6533,4.3216,0.017149,-5.3066,-7.9599,-5.3355,-8.0136,872.118393,684.95754,40.385593,558.134882,27.355625
2001-08-15,0.3279,0.1166,4.315,0.017123,0.2331,0.3497,0.2043,0.2961,873.134919,686.554288,40.526812,559.27508,27.436616
2001-08-16,0.3418,4.2116,4.3083,0.017097,8.4233,12.6349,8.3945,12.5814,909.908286,744.384784,45.647351,606.223386,30.888522
2001-08-17,0.3196,-6.4752,4.3017,0.01707,-12.9504,-19.4256,-12.9792,-19.4791,850.989884,647.983944,36.780076,527.540555,24.871712
2001-08-20,0.3174,-0.6925,4.2818,0.016991,-1.3849,-2.0774,-1.4136,-2.1307,845.097195,639.01,36.016024,520.083242,24.34177
2001-08-21,0.3107,-2.1038,4.2752,0.016965,-4.2075,-6.3113,-4.2362,-6.3646,827.318435,612.123612,33.742959,498.051591,22.792525
2001-08-22,0.3235,4.1136,4.2685,0.016939,8.2273,12.3409,8.1986,12.2877,861.351365,662.484777,37.907154,538.885056,25.593199
2001-08-23,0.3163,-2.2174,4.2619,0.016912,-4.4348,-6.6522,-4.4634,-6.7054,842.251781,633.104934,35.385497,514.832386,23.877077
2001-08-24,0.3254,2.8585,4.2553,0.016886,5.717,8.5755,5.6884,8.5224,866.327587,669.299601,38.419986,544.118198,25.911972
2001-08-27,0.3366,3.4593,4.2354,0.016807,6.9185,10.3778,6.89,10.3248,896.296161,715.605306,42.407134,581.608041,28.587336
2001-08-28,0.3323,-1.3035,4.2288,0.016781,-2.607,-3.9104,-2.6354,-3.9634,884.613142,696.949797,40.748831,566.280096,27.454317
2001-08-29,0.3216,-3.2153,4.2221,0.016755,-6.4305,-9.6458,-6.459,-9.6987,856.170506,652.132264,36.818286,529.704143,24.791615
2001-08-30,0.3205,-0.3204,4.2155,0.016728,-0.6407,-0.9611,-0.6692,-1.0139,853.427689,647.953938,36.464434,526.159617,24.540254
2001-08-31,0.3232,0.8331,4.2089,0.016702,1.6662,2.4992,1.6377,2.4465,860.537415,658.749874,37.375766,534.776794,25.140623
2001-09-04,0.3007,-6.953,4.1824,0.016597,-13.906,-20.859,-13.9343,-20.9115,800.704292,567.144182,29.579561,460.259429,19.883331
2001-09-05,0.3071,2.1315,4.1757,0.01657,4.263,6.3944,4.2347,6.3419,817.771143,591.321311,31.471008,479.749957,21.144319
2001-09-06,0.2946,-4.0871,4.1691,0.016544,-8.1743,-12.2614,-8.2025,-12.3139,784.347683,542.98504,27.612215,440.398312,18.540633
2001-09-07,0.2977,1.0491,4.1625,0.016518,2.0981,3.1472,2.0699,3.0948,792.575897,554.377429,28.481214,449.514027,19.114421
2001-09-10,0.2891,-2.8965,4.1426,0.016439,-5.793,-8.6895,-5.8212,-8.7418,769.618817,522.262178,26.006326,423.347028,17.443478
2001-09-17,0.2594,-10.2693,4.0962,0.016255,-20.5386,-30.8079,-20.5666,-30.8598,690.584385,414.996883,17.994326,336.27914,12.060463
2001-09-18,0.2437,-6.0311,4.0895,0.016228,-12.0622,-18.0933,-12.0901,-18.1451,648.934577,364.939161,14.738561,295.622564,9.872078
2001-09-19,0.2408,-1.2211,4.0829,0.016202,-2.4422,-3.6633,-2.4701,-3.715,641.010543,356.026736,14.198651,288.320464,9.505329
2001-09-20,0.2204,-8.4627,4.0763,0.016176,-16.9254,-25.3882,-16.9533,-25.4399,586.763627,295.767658,10.593875,239.440578,7.087185
2001-09-21,0.2058,-6.6137,4.0696,0.016149,-13.2274,-19.8411,-13.2553,-19.8928,547.956773,256.645218,8.49193,207.702061,5.677346
2001-09-24,0.2289,11.2347,4.0498,0.01607,22.4694,33.7042,22.4417,33.6526,609.518172,314.311952,11.354063,254.31385,7.587923
2001-09-25,0.22,-3.9,4.0431,0.016044,-7.8,-11.7,-7.8277,-11.7514,585.746983,289.795639,10.025639,234.406813,6.696233
2001-09-26,0.2121,-3.6075,4.0365,0.016018,-7.215,-10.8225,-7.2427,-10.8739,564.616173,268.886896,8.940615,217.429384,5.968091
2001-09-27,0.2003,-5.5414,4.0299,0.015992,-11.0829,-16.6243,-11.1106,-16.6756,533.328361,239.086536,7.454301,193.271765,4.972874
2001-09-28,0.2096,4.6478,4.0232,0.015965,9.2955,13.9433,9.2679,13.892,558.116234,261.310919,8.493677,211.183936,5.663706
2001-10-01,0.1918,-8.4821,4.0033,0.015886,-16.9642,-25.4463,-16.9918,-25.4975,510.776232,216.981589,6.33235,175.299981,4.219606
2001-10-02,0.1822,-5.0119,3.9967,0.01586,-10.0239,-15.0358,-10.0515,-15.0869,485.176392,195.231579,5.380227,157.679769,3.582997
2001-10-03,0.2181,19.6819,3.9901,0.015834,39.3638,59.0458,39.3363,58.9947,580.668442,272.082242,8.557024,219.705169,5.696776
2001-10-04,0.2464,12.9808,3.9835,0.015807,25.9617,38.9425,25.9342,38.8916,656.044105,342.719383,11.889346,276.683889,7.912341
2001-10-05,0.2511,1.8894,3.9768,0.015781,3.7787,5.6681,3.7512,5.6172,668.439192,355.669844,12.563246,287.062989,8.356791
2001-10-08,0.2567,2.249,3.9569,0.015702,4.498,6.747,4.4706,6.6962,683.472278,371.667755,13.410882,299.896308,8.916377
2001-10-09,0.2456,-4.3399,3.9503,0.015676,-8.6798,-13.0197,-8.7072,-13.0704,653.810304,339.40778,11.664828,273.783824,7.750971
2001-10-10,0.2614,6.4326,3.9437,0.015649,12.8652,19.2978,12.8378,19.2471,695.867286,383.073249,13.915882,308.931749,9.24281
2001-10-11,0.2897,10.8319,3.937,0.015623,21.6638,32.4957,21.6365,32.4451,771.242988,466.061531,18.437949,375.773723,12.24165
2001-10-12,0.3085,6.507,3.9304,0.015597,13.014,19.521,12.9867,19.4705,821.427888,526.714922,22.037229,424.574433,14.625159
2001-10-15,0.3071,-0.4452,3.9105,0.015518,-0.8903,-1.3355,-0.9176,-1.3859,817.771143,522.025374,21.74292,420.678694,14.422467
2001-10-16,0.3381,10.0621,3.9039,0.015492,20.1242,30.1863,20.097,30.1359,900.05598,627.078661,28.306294,505.222384,18.768809
2001-10-17,0.3182,-5.8692,3.8973,0.015465,-11.7383,-17.6075,-11.7655,-17.6578,847.230145,553.470008,23.322259,445.780363,15.454648
2001-10-18,0.3316,4.2207,3.8906,0.015439,8.4415,12.6622,8.4143,12.6119,882.989446,600.190964,26.275368,483.289731,17.40378
2001-10-19,0.3385,2.0709,3.884,0.015413,4.1417,6.2126,4.1146,6.1624,901.274922,625.049193,27.907746,503.175175,18.476269
2001-10-22,0.3465,2.367,3.8641,0.015334,4.734,7.1009,4.7069,7.0509,922.60791,654.63876,29.889458,526.859217,19.779013
2001-10-23,0.3404,-1.7618,3.8575,0.015307,-3.5236,-5.2854,-3.5506,-5.3353,906.353502,631.572047,28.30969,508.152593,18.723734
2001-10-24,0.3555,4.4161,3.8508,0.015281,8.8323,13.2484,8.8053,13.1985,946.379338,687.354253,32.060276,552.896911,21.194984
2001-10-25,0.3763,5.8609,3.8442,0.015255,11.7218,17.5827,11.6948,17.5328,1001.845631,767.924467,37.697333,617.557251,24.91106
2001-10-26,0.3494,-7.1387,3.8376,0.015229,-14.2773,-21.416,-14.3043,-21.4658,930.327266,658.285416,29.624078,529.220274,19.563701
2001-10-29,0.321,-8.1241,3.8177,0.01515,-16.2482,-24.3723,-16.275,-24.4219,854.746688,551.326082,22.404022,443.089536,14.785869
2001-10-30,0.3205,-0.1662,3.8111,0.015123,-0.3325,-0.4987,-0.3593,-0.5483,853.325806,549.493096,22.292293,441.497524,14.704796
2001-10-31,0.3271,2.0477,3.8044,0.015097,4.0954,6.1431,4.0686,6.0936,870.799394,571.997082,23.661733,459.460314,15.600841
2001-11-01,0.355,8.5394,3.7978,0.015071,17.0788,25.6182,17.052,25.5687,945.160316,669.687161,29.723434,537.807465,19.589766
2001-11-02,0.36,1.397,3.7912,0.015044,2.7941,4.1911,2.7673,4.1417,958.364593,688.398769,30.969179,552.690379,20.401109
2001-11-05,0.3613,0.3605,3.7713,0.014965,0.721,1.0815,0.6944,1.0322,961.819637,693.362324,31.304125,556.528024,20.611699
2001-11-06,0.3861,6.8651,3.7647,0.014939,13.7303,20.5954,13.7036,20.5462,1027.849828,788.562806,37.751333,632.792506,24.84661
2001-11-07,0.3864,0.0792,3.758,0.014913,0.1584,0.2377,0.1318,0.1885,1028.664096,789.812213,37.841054,633.626665,24.893439
2001-11-08,0.3796,-1.7382,3.7514,0.014886,-3.4765,-5.2147,-3.5031,-5.2639,1010.783374,762.35444,35.867741,611.430173,23.583078
2001-11-09,0.406,6.9347,3.7448,0.01486,13.8694,20.804,13.8428,20.7549,1080.877921,868.088053,43.329675,696.069134,28.477732
2001-11-12,0.4169,2.6881,3.7249,0.014781,5.3761,8.0642,5.3496,8.0153,1109.932566,914.757506,46.823858,733.306272,30.760294
2001-11-13,0.4134,-0.8238,3.7182,0.014755,-1.6475,-2.4713,-1.674,-2.5201,1100.789471,899.686835,45.66672,721.030976,29.985094
2001-11-14,0.4019,-2.7869,3.7116,0.014729,-5.5739,-8.3608,-5.6003,-8.4097,1070.111051,849.539243,41.848598,680.650868,27.463449
2001-11-15,0.4041,0.5316,3.705,0.014702,1.0632,1.5947,1.0367,1.546,1075.799499,858.571127,42.515969,687.707463,27.888022
2001-11-16,0.4006,-0.8687,3.6984,0.014676,-1.7373,-2.606,-1.7637,-2.6547,1066.454464,843.655007,41.408012,675.578356,27.14768
2001-11-19,0.3918,-2.1911,3.6785,0.014597,-4.3821,-6.5732,-4.4084,-6.6217,1043.08779,806.685006,38.686187,645.795981,25.35003
2001-11-20,0.3808,-2.8048,3.6718,0.014571,-5.6096,-8.4145,-5.6359,-8.463,1013.831045,761.432866,35.430952,609.399442,23.204665
2001-11-21,0.3759,-1.2825,3.6652,0.014544,-2.565,-3.8474,-2.5912,-3.8959,1000.828868,741.902421,34.067768,593.608621,22.300636
2001-11-23,0.3812,1.4007,3.6519,0.014492,2.8014,4.2021,2.7752,4.1538,1014.847571,762.686214,35.499339,610.082569,23.226955
2001-11-26,0.4084,7.1471,3.6321,0.014413,14.2943,21.4414,14.2682,21.3933,1087.380239,871.706855,43.110911,697.130241,28.195957
2001-11-27,0.4128,1.0651,3.6254,0.014387,2.1301,3.1952,2.104,3.1471,1098.961535,890.275327,44.488387,711.798106,29.083299
2001-11-28,0.3919,-5.0472,3.6188,0.01436,-10.0944,-15.1416,-10.1204,-15.1896,1043.494924,800.407659,37.752155,639.761043,24.665651
2001-11-29,0.4091,4.3808,3.6122,0.014334,8.7617,13.1425,8.7356,13.0945,1089.208811,870.536884,42.713744,695.648316,27.895495
2001-11-30,0.417,1.9212,3.6055,0.014308,3.8425,5.7637,3.8164,5.7157,1110.134983,903.98686,45.175628,722.197314,29.489917
2001-12-03,0.4106,-1.5189,3.5856,0.014229,-3.0378,-4.5567,-3.0637,-4.6045,1093.273166,876.525587,43.117113,700.071133,28.132049
2001-12-04,0.4437,8.0468,3.579,0.014202,16.0935,24.1403,16.0676,24.0925,1181.246293,1017.589501,53.525712,812.555916,34.909771
2001-12-05,0.4795,8.0666,3.5724,0.014176,16.1333,24.1999,16.1074,24.1522,1276.533229,1181.76015,66.478898,943.437596,43.341254
2001-12-06,0.4719,-1.5757,3.5658,0.01415,-3.1514,-4.727,-3.1772,-4.7747,1256.419182,1144.518693,63.336419,913.462592,41.27184
2001-12-07,0.4575,-3.0563,3.5591,0.014124,-6.1126,-9.1688,-6.1384,-9.2165,1218.019501,1074.559315,57.529205,857.390708,37.468041
2001-12-10,0.4621,1.0008,3.5392,0.014045,2.0017,3.0025,1.9759,2.9551,1230.209871,1096.068454,59.256523,874.33206,38.575241
2001-12-11,0.4786,3.584,3.5326,0.014018,7.1679,10.7519,7.1422,10.7045,1274.300063,1174.633696,65.627708,936.77851,42.704516
2001-12-12,0.4935,3.1091,3.526,0.013992,6.2182,9.3272,6.1925,9.2799,1313.919082,1247.674319,71.748963,994.788176,46.66745
2001-12-13,0.4793,-2.8762,3.5193,0.013966,-5.7523,-8.6285,-5.778,-8.6758,1276.128555,1175.903886,65.5581,937.309225,42.618674
2001-12-14,0.5009,4.5056,3.5127,0.013939,9.0111,13.5167,8.9855,13.4695,1333.625439,1281.866267,74.419401,1021.531121,48.359184
2001-12-17,0.5189,3.5955,3.4928,0.01386,7.1909,10.7864,7.1653,10.7393,1381.575349,1374.04413,82.44655,1094.727342,53.552613
2001-12-18,0.5056,-2.5737,3.4862,0.013834,-5.1473,-7.721,-5.1729,-7.768,1346.018305,1303.317698,76.08087,1038.098638,49.39264
2001-12-19,0.4917,-2.732,3.4796,0.013808,-5.464,-8.196,-5.4895,-8.243,1309.245096,1232.104442,69.845284,981.112085,45.321215
2001-12-20,0.4724,-3.9417,3.4729,0.013781,-7.8835,-11.8252,-7.9089,-11.8721,1257.638203,1134.972006,61.585949,903.516462,39.940629
2001-12-21,0.4928,4.3298,3.4663,0.013755,8.6595,12.9893,8.6341,12.9424,1312.090907,1233.255113,69.585518,981.526585,45.109905
2001-12-24,0.5051,2.4929,3.4464,0.013676,4.9858,7.4787,4.9604,7.432,1344.799998,1294.742702,74.789607,1030.214365,48.462463
2001-12-26,0.5175,2.4475,3.4332,0.013624,4.8949,7.3424,4.8696,7.2957,1377.71333,1358.119109,80.280925,1080.381412,51.99816
2001-12-27,0.5294,2.3154,3.4265,0.013597,4.6308,6.9463,4.6055,6.8997,1409.613231,1421.011533,85.857456,1130.138851,55.585883
2001-12-28,0.5167,-2.4071,3.4199,0.013571,-4.8142,-7.2213,-4.8394,-7.2678,1375.682659,1352.601657,79.657473,1075.446404,51.546035
2001-12-31,0.5105,-1.1963,3.4,0.013492,-2.3926,-3.5889,-2.4178,-3.6353,1359.225279,1320.239136,76.798631,1049.44414,49.672198
2002-01-02,0.5136,0.5978,3.3902,0.013453,1.1957,1.7935,1.1705,1.7472,1367.351134,1336.024704,78.176007,1061.727887,50.54008
2002-01-03,0.5472,6.5528,3.3853,0.013434,13.1055,19.6583,13.0804,19.612,1456.950257,1511.117464,93.544045,1200.605749,60.452012
2002-01-04,0.5313,-2.9144,3.3804,0.013414,-5.8288,-8.7432,-5.8539,-8.7894,1414.488998,1423.037654,85.365321,1130.323406,55.138659
2002-01-07,0.517,-2.6861,3.3657,0.013356,-5.3722,-8.0583,-5.3973,-8.1044,1376.494229,1346.588864,78.486295,1069.316601,50.669993
2002-01-08,0.5231,1.1809,3.3608,0.013336,2.3618,3.5427,2.3367,3.4966,1392.749114,1378.392333,81.266806,1094.303723,52.441737
2002-01-09,0.5159,-1.3712,3.3559,0.013317,-2.7425,-4.1137,-2.7675,-4.1597,1373.651354,1340.590543,77.923747,1064.019104,50.260327
2002-01-10,0.5036,-2.3961,3.351,0.013297,-4.7922,-7.1882,-4.8172,-7.2342,1340.737546,1276.347255,72.322397,1012.763526,46.624392
2002-01-11,0.4813,-4.4251,3.3461,0.013278,-8.8501,-13.2752,-8.8751,-13.3211,1281.409075,1163.388934,62.721464,922.879661,40.413507
2002-01-14,0.456,-5.2481,3.3313,0.01322,-10.4961,-15.7442,-10.521,-15.79,1214.159942,1041.278207,52.846481,825.783045,34.032219
2002-01-15,0.4986,9.3373,3.3264,0.0132,18.6747,28.012,18.6498,27.9663,1327.530254,1235.7337,67.649858,979.789808,43.549762
2002-01-16,0.4791,-3.9027,3.3215,0.013181,-7.8053,-11.708,-7.8302,-11.7537,1275.721341,1139.280878,59.729438,903.070354,38.431058
2002-01-17,0.4959,3.5037,3.3166,0.013161,7.0074,10.5112,6.9826,10.4655,1320.41902,1219.115257,66.007691,966.12786,42.453048
2002-01-18,0.4869,-1.831,3.3117,0.013142,-3.662,-5.493,-3.6868,-5.5386,1296.242205,1174.471361,62.381897,930.508276,40.101728
2002-01-22,0.4746,-2.5079,3.2921,0.013064,-5.0158,-7.5238,-5.0406,-7.5693,1263.733467,1115.561721,57.68843,883.604952,37.066325
2002-01-23,0.4836,1.881,3.2872,0.013044,3.7621,5.6431,3.7373,5.5977,1287.504895,1157.530214,60.943871,916.628311,39.141183
2002-01-24,0.5009,3.5822,3.2823,0.013025,7.1643,10.7465,7.1396,10.7011,1333.625439,1240.459489,67.4932,982.071886,43.329711
2002-01-25,0.4996,-0.2591,3.2774,0.013006,-0.5181,-0.7772,-0.5428,-0.8225,1330.170634,1234.032577,66.968669,976.741011,42.973308
2002-01-28,0.5188,3.8491,3.2627,0.012947,7.6982,11.5473,7.6736,11.5021,1381.370314,1329.031025,74.701755,1051.691808,47.916124
2002-01-29,0.4934,-4.8978,3.2578,0.012928,-9.7955,-14.6933,-9.8201,-14.7385,1313.714206,1198.845708,63.725632,948.414196,40.854016
2002-01-30,0.4994,1.2063,3.2529,0.012908,2.4126,3.6188,2.3879,3.5737,1329.561242,1227.768515,66.031755,971.061758,42.313995
2002-01-31,0.5017,0.4585,3.248,0.012889,0.9169,1.3754,0.8923,1.3302,1335.656744,1239.026163,66.939942,979.726778,42.876871
2002-02-01,0.4894,-2.4489,3.2431,0.012869,-4.8979,-7.3468,-4.9225,-7.3919,1302.947257,1178.340046,62.021977,931.500081,39.70744
2002-02-04,0.4663,-4.7092,3.2284,0.012811,-9.4185,-14.1277,-9.443,-14.1727,1241.588354,1067.358342,53.259687,843.538568,34.079822
2002-02-05,0.4618,-0.9818,3.2235,0.012791,-1.9637,-2.9455,-1.9882,-2.9904,1229.398063,1046.399048,51.690928,826.767685,33.060686
2002-02-06,0.4733,2.4954,3.2185,0.012772,4.9908,7.4862,4.9663,7.4413,1260.076404,1098.622632,55.560607,867.827549,35.520823
2002-02-07,0.4579,-3.2409,3.2136,0.012753,-6.4818,-9.7227,-6.5063,-9.7676,1219.238602,1027.412134,50.158618,811.364461,32.051303
2002-02-08,0.4405,-3.816,3.2087,0.012733,-7.6319,-11.4479,-7.6564,-11.4927,1172.712987,949.000933,44.416524,749.243537,28.367743
2002-02-11,0.4648,5.5266,3.194,0.012675,11.0532,16.5798,11.0288,16.5351,1237.524315,1053.896184,51.780715,831.876471,33.058386
2002-02-12,0.4746,2.1179,3.1891,0.012655,4.2357,6.3536,4.2114,6.3089,1263.733467,1098.536479,55.070659,866.909932,35.144017
2002-02-13,0.4685,-1.2861,3.1842,0.012636,-2.5721,-3.8582,-2.5964,-3.9028,1247.481202,1070.280985,52.945948,844.401087,33.772419
2002-02-14,0.4743,1.2377,3.1793,0.012616,2.4754,3.7131,2.4511,3.6685,1262.921342,1096.774833,54.911892,865.0981,35.011367
2002-02-15,0.4376,-7.738,3.1744,0.012597,-15.476,-23.214,-15.5003,-23.2586,1165.196364,927.037744,42.164629,731.005101,26.868217
2002-02-19,0.4086,-6.6261,3.1548,0.012519,-13.2521,-19.8782,-13.2764,-19.9226,1087.98971,804.18552,33.783064,633.954284,21.515371
2002-02-20,0.43,5.2287,3.1499,0.0125,10.4574,15.6861,10.4332,15.6417,1144.877441,888.282436,39.08231,700.09598,24.880749
2002-02-21,0.4006,-6.8322,3.145,0.01248,-13.6645,-20.4967,-13.6887,-20.541,1066.656722,766.903345,31.071724,604.262244,19.769987
2002-02-22,0.3809,-4.9143,3.1401,0.012461,-9.8286,-14.7428,-9.8527,-14.7871,1014.238259,691.52784,26.490872,544.725974,16.846576
2002-02-25,0.4108,7.8324,3.1254,0.012402,15.6649,23.4973,15.6408,23.4532,1093.67792,799.854926,32.715522,629.925381,20.797632
2002-02-26,0.4197,2.1735,3.1205,0.012383,4.347,6.5205,4.3229,6.4764,1117.449109,834.624765,34.848747,657.156608,22.144569
2002-02-27,0.4056,-3.3635,3.1156,0.012363,-6.727,-10.0905,-6.7511,-10.1346,1079.863617,778.47942,31.332325,612.7914,19.900302
2002-02-28,0.3893,-4.0265,3.1107,0.012344,-8.053,-12.0794,-8.077,-12.1235,1036.383134,715.788798,27.547557,563.296187,17.487691
2002-03-01,0.4269,9.6649,3.1058,0.012324,19.3299,28.9948,19.3058,28.9508,1136.548852,854.14979,35.534914,672.045202,22.550513
2002-03-04,0.4507,5.5774,3.091,0.012266,11.1548,16.7323,11.1309,16.6884,1199.938981,949.428872,41.480711,746.849695,26.313826
2002-03-05,0.4495,-0.254,3.0861,0.012247,-0.508,-0.7619,-0.5319,-0.8058,1196.891389,944.606173,41.164654,742.87712,26.101791
2002-03-06,0.4354,-3.1404,3.0812,0.012227,-6.2809,-9.4213,-6.3048,-9.4652,1159.303675,885.276501,37.286394,696.040031,23.631216
2002-03-07,0.4319,-0.8061,3.0763,0.012208,-1.6122,-2.4184,-1.6361,-2.4621,1149.958323,871.003759,36.384677,684.651776,23.049384
2002-03-08,0.4448,2.9858,3.0714,0.012188,5.9716,8.9574,5.9477,8.9136,1184.293647,923.016421,39.643786,725.372692,25.10392
2002-03-11,0.4396,-1.1667,3.0567,0.01213,-2.3333,-3.5,-2.3571,-3.5436,1170.477043,901.479613,38.256269,708.274618,24.214341
2002-03-12,0.4166,-5.242,3.0518,0.01211,-10.4839,-15.7259,-10.5077,-15.7695,1109.121076,806.969167,32.240131,633.850951,20.395867
2002-03-13,0.409,-1.8136,3.0469,0.012091,-3.6271,-5.4407,-3.6509,-5.4842,1089.006553,777.699505,30.486054,610.709638,19.277314
2002-03-14,0.3864,-5.5411,3.042,0.012071,-11.0821,-16.6232,-11.1059,-16.6667,1028.664096,691.513982,25.418306,542.884905,16.064427
2002-03-15,0.4027,4.2267,3.0371,0.012052,8.4534,12.6801,8.4296,12.6366,1072.142515,749.970256,28.641363,588.648025,18.094423
2002-03-18,0.4027,0.0,3.0224,0.011994,0.0,0.0,-0.0237,-0.0434,1072.142515,749.970256,28.641363,588.508515,18.086579
2002-03-19,0.3941,-2.1224,3.0175,0.011974,-4.2447,-6.3671,-4.2684,-6.4104,1049.387692,718.135981,26.817737,563.388507,16.927153
2002-03-20,0.355,-9.9322,3.0126,0.011955,-19.8644,-29.7966,-19.8881,-29.8399,945.160316,575.482452,18.826956,451.341358,11.876108
2002-03-21,0.3738,5.3094,3.0077,0.011935,10.6189,15.9283,10.5952,15.8851,995.342995,636.592192,21.825772,499.162012,13.762636
2002-03-22,0.3706,-0.8573,3.0028,0.011916,-1.7146,-2.572,-1.7383,-2.6152,986.809689,625.676887,21.264419,490.485236,13.40272
2002-03-25,0.3515,-5.1679,2.9881,0.011857,-10.3357,-15.5036,-10.3593,-15.5467,935.812663,561.008571,17.967668,439.674397,11.319041
2002-03-26,0.3587,2.041,2.9832,0.011838,4.082,6.123,4.0584,6.0799,954.912565,583.9089,19.067826,457.518355,12.007233
2002-03-27,0.3472,-3.1915,2.9782,0.011818,-6.383,-9.5745,-6.4065,-9.6175,924.436481,546.637935,17.242174,428.207282,10.852435
2002-03-28,0.3385,-2.5055,2.9733,0.011799,-5.011,-7.5164,-5.0345,-7.5594,901.274922,519.24614,15.946177,406.649345,10.032056
2002-04-01,0.3329,-1.6458,2.9537,0.011721,-3.2916,-4.9374,-3.3151,-4.9802,886.441634,502.154513,15.158845,393.168712,9.532436
2002-04-02,0.3242,-2.6129,2.9488,0.011702,-5.2257,-7.8386,-5.2491,-7.8813,863.280153,475.913322,13.970607,372.530782,8.781151
2002-04-03,0.3303,1.8829,2.9439,0.011682,3.7658,5.6486,3.7424,5.6059,879.534641,493.83503,14.759754,386.472231,9.273413
2002-04-04,0.3287,-0.4851,2.939,0.011663,-0.9702,-1.4552,-0.9935,-1.4979,875.268186,489.04403,14.544964,382.63251,9.134504
2002-04-05,0.3213,-2.2749,2.9341,0.011643,-4.5499,-6.8248,-4.5732,-6.8675,855.356397,466.793155,13.552298,365.133879,8.507196
2002-04-08,0.332,3.3492,2.9194,0.011585,6.6983,10.0475,6.6751,10.005,884.00375,498.060562,14.913967,389.506755,9.358339
2002-04-09,0.311,-6.3202,2.9145,0.011565,-12.6404,-18.9607,-12.6637,-19.0032,828.132782,435.103532,12.086181,340.180754,7.579959
2002-04-10,0.2939,-5.5201,2.9096,0.011546,-11.0403,-16.5604,-11.0635,-16.6028,782.418816,387.067013,10.084664,302.544848,6.321471
2002-04-11,0.281,-4.3887,2.9047,0.011527,-8.7773,-13.166,-8.8006,-13.2084,748.081032,353.09282,8.756916,275.919164,5.486504
2002-04-12,0.2799,-0.38,2.8998,0.011507,-0.7599,-1.1399,-0.7832,-1.1823,745.238553,350.409532,8.657095,273.758298,5.421638
2002-04-15,0.2912,4.0348,2.8851,0.011449,8.0696,12.1044,8.0464,12.0621,775.307344,378.68609,9.704981,295.786039,6.075602
2002-04-16,0.3039,4.3499,2.8802,0.011429,8.6999,13.0498,8.6767,13.0076,809.032722,411.6313,10.971463,321.450617,6.865891
2002-04-17,0.3075,1.1804,2.8753,0.01141,2.3609,3.5413,2.3378,3.4991,818.582871,421.349424,11.359998,328.965377,7.106138
2002-04-18,0.3023,-1.6629,2.8704,0.01139,-3.3257,-4.9886,-3.3488,-5.0307,804.971064,407.336605,10.793299,317.948993,6.748649
2002-04-19,0.2817,-6.8147,2.8655,0.011371,-13.6295,-20.4442,-13.6525,-20.4863,750.114479,351.818845,8.586697,274.540905,5.366101
2002-04-22,0.2831,0.4875,2.8507,0.011312,0.9751,1.4626,0.9521,1.4206,753.771622,355.249393,8.712289,277.154727,5.442335
2002-04-23,0.2717,-4.0431,2.8458,0.011293,-8.0863,-12.1294,-8.1093,-12.1714,723.295618,326.522968,7.65554,254.679504,4.779929
2002-04-24,0.2479,-8.764,2.8409,0.011274,-17.5281,-26.2921,-17.5511,-26.3341,659.905647,269.289713,5.642735,209.980514,3.52118
2002-04-25,0.2575,3.8793,2.836,0.011254,7.7587,11.638,7.7357,11.5962,685.505646,290.183052,6.299438,226.224028,3.929501
2002-04-26,0.2318,-9.9884,2.8311,0.011235,-19.9768,-29.9651,-19.9997,-30.007,617.034715,232.213862,4.411802,180.979884,2.750376
2002-04-29,0.2704,16.6614,2.8164,0.011176,33.3227,49.9841,33.2999,49.9424,719.84113,309.593866,6.617001,241.245914,4.12398
2002-04-30,0.2656,-1.7501,2.8115,0.011157,-3.5002,-5.2503,-3.5231,-5.292,707.243229,298.757495,6.26959,232.746695,3.90574
2002-05-01,0.2704,1.8098,2.8066,0.011137,3.6196,5.4294,3.5968,5.3878,720.042911,309.571317,6.609991,241.118022,4.116172
2002-05-02,0.2595,-4.0347,2.8017,0.011118,-8.0695,-12.1042,-8.0923,-12.1458,690.991122,284.590581,5.809905,221.606065,3.61623
2002-05-03,0.2499,-3.7048,2.7968,0.011098,-7.4096,-11.1144,-7.4324,-11.1559,665.391361,263.503622,5.164171,205.135456,3.212806
2002-05-06,0.2404,-3.8169,2.7821,0.01104,-7.6338,-11.4507,-7.6565,-11.4921,639.994136,243.38836,4.572839,189.429225,2.843587
2002-05-07,0.2464,2.5078,2.7772,0.011021,5.0157,7.5235,4.9929,7.4821,656.044105,255.595895,4.916876,198.887302,3.056347
2002-05-08,0.2747,11.4897,2.7723,0.011001,22.9795,34.4692,22.9567,34.4278,731.421791,314.330444,6.611684,244.545361,4.108581
2002-05-09,0.263,-4.2777,2.7674,0.010982,-8.5553,-12.833,-8.578,-12.8743,700.134058,287.438473,5.763208,223.568244,3.579629
2002-05-10,0.2433,-7.4869,2.7625,0.010962,-14.9738,-22.4608,-14.9965,-22.502,647.715595,244.397907,4.468748,190.040822,2.77414
2002-05-13,0.258,6.0538,2.7478,0.010904,12.1076,18.1614,12.085,18.1202,686.926925,273.98857,5.280333,213.007191,3.276819
2002-05-14,0.2836,9.9379,2.7428,0.010884,19.8758,29.8137,19.8532,29.7726,755.193059,328.446009,6.854597,255.295969,4.252413
2002-05-15,0.2892,1.9638,2.7379,0.010865,3.9277,5.8915,3.9051,5.8504,770.023808,341.346287,7.258436,265.265531,4.501196
2002-05-16,0.2897,0.1849,2.733,0.010845,0.3698,0.5547,0.3472,0.5136,771.447547,342.608554,7.298697,266.186636,4.524316
2002-05-17,0.2989,3.1604,2.7281,0.010826,6.3208,9.4812,6.2982,9.4401,795.828286,364.264077,7.990699,282.951722,4.951418
2002-05-20,0.3021,1.0723,2.7134,0.010768,2.1446,3.2169,2.1221,3.176,804.36191,372.076045,8.24775,288.956284,5.108674
2002-05-21,0.2791,-7.6283,2.7085,0.010748,-15.2567,-22.885,-15.2791,-22.9259,743.002451,315.309596,6.360251,244.806267,3.937466
2002-05-22,0.2904,4.047,2.7036,0.010729,8.0939,12.1409,8.0715,12.1001,773.071559,340.830584,7.132444,264.565831,4.413903
2002-05-23,0.2727,-6.0972,2.6987,0.010709,-12.1944,-18.2915,-12.2168,-18.3323,725.935997,299.268478,5.82781,232.244419,3.604732
2002-05-24,0.2673,-1.959,2.6938,0.01069,-3.9181,-5.8771,-3.9405,-5.9179,711.71456,287.54285,5.485301,223.092844,3.391408
2002-05-28,0.2567,-3.9682,2.6742,0.010612,-7.9364,-11.9046,-7.9587,-11.9452,683.472278,264.722278,4.832298,205.337498,2.986297
2002-05-29,0.2664,3.7755,2.6693,0.010592,7.5509,11.3264,7.5286,11.2859,709.276598,284.711321,5.379624,220.796639,3.323327
2002-05-30,0.2625,-1.4608,2.6644,0.010573,-2.9217,-4.3825,-2.9439,-4.423,698.915275,276.393027,5.143863,214.296521,3.176336
2002-05-31,0.2553,-2.7328,2.6595,0.010553,-5.4657,-8.1985,-5.488,-8.239,679.814977,261.286219,4.722141,202.536019,2.914637
2002-06-03,0.2403,-5.8874,2.6448,0.010495,-11.7747,-17.6621,-11.7969,-17.7024,639.791839,230.520512,3.888113,178.643014,2.398676
2002-06-04,0.2524,5.0492,2.6399,0.010476,10.0985,15.1477,10.0763,15.1074,672.096414,253.799543,4.477072,196.643589,2.761053
2002-06-05,0.2488,-1.451,2.635,0.010456,-2.902,-4.3531,-2.9242,-4.3933,662.344166,246.434183,4.282183,190.893335,2.639751
2002-06-06,0.2488,0.0305,2.6301,0.010437,0.061,0.0914,0.0388,0.0512,662.546027,246.584393,4.286098,190.967421,2.641102
2002-06-07,0.2465,-0.9505,2.6252,0.010417,-1.901,-2.8515,-1.9231,-2.8917,656.248584,241.896866,4.163881,187.294915,2.56473
2002-06-10,0.2444,-0.8359,2.6104,0.010359,-1.6718,-2.5077,-1.6939,-2.5478,650.762949,237.852796,4.059462,184.122361,2.499385
2002-06-11,0.2334,-4.4958,2.6055,0.010339,-8.9916,-13.4873,-9.0136,-13.5274,621.506086,216.466124,3.511949,167.526301,2.161284
2002-06-12,0.2133,-8.6303,2.6006,0.01032,-17.2605,-25.8908,-17.2826,-25.9308,567.868443,179.102909,2.602677,138.573463,1.600846
2002-06-13,0.2111,-1.0377,2.5957,0.010301,-2.0754,-3.1131,-2.0974,-3.153,561.975754,175.385859,2.521654,135.667053,1.550371
2002-06-14,0.215,1.8798,2.5908,0.010281,3.7597,5.6395,3.7377,5.5996,572.539969,181.979787,2.663863,140.737856,1.637185
2002-06-17,0.2169,0.8874,2.5761,0.010223,1.7749,2.6623,1.753,2.6225,577.620969,185.209743,2.734784,143.204947,1.680121
2002-06-18,0.2158,-0.5276,2.5712,0.010203,-1.0552,-1.5829,-1.0772,-1.6226,574.573297,183.255317,2.691496,141.662402,1.652858
2002-06-19,0.182,-15.6649,2.5663,0.010184,-31.3299,-46.9948,-31.3517,-47.0345,484.566802,125.84169,1.426633,97.248765,0.875444
2002-06-20,0.1803,-0.9222,2.5614,0.010164,-1.8445,-2.7667,-1.8663,-2.8064,480.097971,123.520584,1.387163,95.433777,0.850876
2002-06-21,0.1729,-4.1053,2.5565,0.010145,-8.2106,-12.3159,-8.2324,-12.3555,460.388559,113.378829,1.216322,87.577257,0.745746
2002-06-24,0.1761,1.8535,2.5418,0.010086,3.707,5.5605,3.6852,5.5209,468.921786,117.581745,1.283955,90.804632,0.786918
2002-06-25,0.1615,-8.2752,2.5369,0.010067,-16.5505,-24.8257,-16.5722,-24.8652,430.117391,98.121406,0.965204,75.756262,0.591249
2002-06-26,0.1532,-5.1962,2.532,0.010048,-10.3924,-15.5886,-10.4142,-15.6281,407.767639,87.924241,0.814742,67.866891,0.498848
2002-06-27,0.1303,-14.8981,2.5271,0.010028,-29.7962,-44.6942,-29.8179,-44.7337,347.018088,61.726192,0.450599,47.630412,0.275695
2002-06-28,0.1311,0.586,2.5222,0.010009,1.172,1.758,1.1503,1.7186,349.051615,62.449624,0.458521,48.178298,0.280433
2002-07-01,0.1308,-0.2333,2.5075,0.00995,-0.4667,-0.7,-0.4883,-0.7392,348.237188,62.158202,0.455311,47.94304,0.27836
2002-07-02,0.1226,-6.3011,2.5025,0.009931,-12.6021,-18.9032,-12.6238,-18.9424,326.294531,54.324942,0.369243,41.890821,0.225632
2002-07-03,0.1332,8.6556,2.4976,0.009911,17.3112,25.9668,17.2896,25.9276,354.537249,63.729231,0.465123,49.133561,0.284133
2002-07-05,0.1449,8.825,2.4878,0.009872,17.65,26.4749,17.6284,26.4358,385.825101,74.977419,0.588264,57.795015,0.359246
2002-07-08,0.1493,3.0016,2.4731,0.009814,6.0031,9.0047,5.9816,8.9657,397.405841,79.478391,0.641236,61.252072,0.391455
2002-07-09,0.1419,-4.908,2.4682,0.009795,-9.816,-14.724,-9.8375,-14.7629,377.901225,71.676817,0.54682,55.226418,0.333665
2002-07-10,0.138,-2.742,2.4633,0.009775,-5.4839,-8.2259,-5.5054,-8.2648,367.539348,67.746127,0.50184,52.185989,0.306088
2002-07-11,0.1521,10.1712,2.4584,0.009756,20.3424,30.5136,20.3209,30.4747,404.922503,81.527312,0.654969,62.790669,0.399367
2002-07-12,0.1519,-0.1,2.4535,0.009736,-0.2,-0.3,-0.2214,-0.3388,404.517591,81.364262,0.653004,62.651627,0.398014
2002-07-15,0.167,9.9448,2.4388,0.009678,19.8895,29.8343,19.8681,29.7956,444.745922,97.547234,0.847823,75.099346,0.516605
2002-07-16,0.1625,-2.6955,2.4339,0.009658,-5.3909,-8.0864,-5.4123,-8.1251,432.757969,92.288539,0.779265,71.034754,0.47463
2002-07-17,0.1487,-8.4975,2.429,0.009639,-16.995,-25.4925,-17.0163,-25.5311,395.984403,76.60412,0.580611,58.947249,0.353452
2002-07-18,0.1449,-2.5656,2.4241,0.009619,-5.1312,-7.6967,-5.1525,-7.7353,385.825101,72.673437,0.535923,55.909999,0.326111
2002-07-19,0.1383,-4.5289,2.4192,0.0096,-9.0579,-13.5868,-9.0792,-13.6254,368.351354,66.09078,0.463108,50.833838,0.281677
2002-07-22,0.1319,-4.6332,2.4045,0.009542,-9.2663,-13.8995,-9.2876,-13.938,351.285019,59.966587,0.398739,46.112603,0.242417
2002-07-23,0.1221,-7.461,2.3996,0.009522,-14.9221,-22.3831,-14.9433,-22.4215,325.075509,51.018327,0.309488,39.221856,0.188064
2002-07-24,0.1299,6.375,2.3947,0.009503,12.75,19.125,12.7288,19.0867,345.799106,57.523174,0.368678,44.214332,0.223959
2002-07-25,0.1149,-11.5156,2.3898,0.009483,-23.0313,-34.5469,-23.0524,-34.5852,305.978167,44.274864,0.241311,34.021847,0.146502
2002-07-26,0.1123,-2.3243,2.3848,0.009464,-4.6486,-6.973,-4.6698,-7.0112,298.866258,42.216686,0.224485,32.433092,0.136231
2002-07-29,0.1154,2.7875,2.3701,0.009405,5.575,8.3625,5.5539,8.3243,307.197148,44.570264,0.243257,34.234388,0.147571
2002-07-30,0.1238,7.2753,2.3652,0.009386,14.5507,21.826,14.5296,21.7879,329.546761,51.055534,0.296351,39.208499,0.179723
2002-07-31,0.0845,-31.751,2.3603,0.009366,-63.5021,-95.2531,-63.5232,-95.2912,224.912212,18.6342,0.014067,14.302018,0.008463
2002-08-01,0.0764,-9.5751,2.3554,0.009347,-19.1501,-28.7252,-19.1712,-28.7632,203.376727,15.065728,0.010026,11.560153,0.006029
2002-08-02,0.0713,-6.5934,2.3505,0.009327,-13.1868,-19.7802,-13.2078,-19.8182,189.967277,13.079039,0.008043,10.033306,0.004834
2002-08-05,0.0656,-8.0213,2.3358,0.009269,-16.0426,-24.0639,-16.0636,-24.1018,174.729434,10.980821,0.006108,8.421598,0.003669
2002-08-06,0.0691,5.2325,2.3309,0.00925,10.4649,15.6974,10.444,15.6595,183.872072,12.129954,0.007066,9.301146,0.004243
2002-08-07,0.0675,-2.3204,2.326,0.00923,-4.6409,-6.9613,-4.6618,-6.9991,179.605439,11.567019,0.006575,8.867545,0.003946
2002-08-08,0.0719,6.5607,2.3211,0.009211,13.1214,19.6821,13.1005,19.6443,191.388833,13.084776,0.007869,10.029238,0.004722
2002-08-09,0.0702,-2.3351,2.3162,0.009191,-4.6703,-7.0054,-4.6912,-7.0432,186.919625,12.473679,0.007317,9.558747,0.004389
2002-08-12,0.0702,0.0,2.3015,0.009133,0.0,0.0,-0.0208,-0.0376,186.919625,12.473679,0.007317,9.556755,0.004387
2002-08-13,0.0688,-2.066,2.2966,0.009113,-4.1321,-6.1981,-4.1529,-6.2357,183.057805,11.958258,0.006864,9.159874,0.004114
2002-08-14,0.0734,6.7712,2.2917,0.009094,13.5424,20.3136,13.5216,20.276,195.452991,13.57769,0.008258,10.398434,0.004948
2002-08-15,0.0785,6.9642,2.2868,0.009074,13.9284,20.8926,13.9076,20.8551,209.064739,15.468847,0.009983,11.844609,0.00598
2002-08-16,0.0816,3.8868,2.2819,0.009055,7.7737,11.6605,7.7529,11.623,217.190753,16.671346,0.011148,12.762912,0.006675
2002-08-19,0.0965,18.3357,2.2672,0.008997,36.6714,55.0072,36.6507,54.9698,257.014251,22.78497,0.017279,17.440615,0.010344
2002-08-20,0.0923,-4.4272,2.2622,0.008977,-8.8544,-13.2816,-8.8751,-13.3189,245.635749,20.767503,0.014984,15.89275,0.008966
2002-08-21,0.0971,5.2933,2.2573,0.008958,10.5866,15.8799,10.5659,15.8426,258.637986,22.966076,0.017364,17.571968,0.010387
2002-08-22,0.0939,-3.3775,2.2524,0.008938,-6.755,-10.1326,-6.7757,-10.1698,249.902442,21.414709,0.015605,16.381348,0.00933
2002-08-23,0.0877,-6.5854,2.2475,0.008919,-13.1708,-19.7561,-13.1914,-19.7933,233.445419,18.59423,0.012522,14.220421,0.007484
2002-08-26,0.0884,0.7833,2.2328,0.00886,1.5666,2.35,1.5461,2.3129,235.27405,18.885535,0.012816,14.44028,0.007657
2002-08-27,0.0833,-5.6995,2.2279,0.008841,-11.399,-17.0985,-11.4196,-17.1356,221.864599,16.732772,0.010625,12.791265,0.006345
2002-08-28,0.0781,-6.2275,2.223,0.008821,-12.455,-18.6824,-12.4755,-18.7194,208.048035,14.648713,0.00864,11.195493,0.005157
2002-08-29,0.0791,1.2703,2.2181,0.008802,2.5406,3.811,2.5201,3.774,210.690914,15.020885,0.008969,11.477635,0.005352
2002-08-30,0.0771,-2.6036,2.2132,0.008783,-5.2072,-7.8108,-5.2277,-7.8478,205.205338,14.238714,0.008268,10.877617,0.004932
2002-09-03,0.0723,-6.139,2.1936,0.008705,-12.278,-18.417,-12.2984,-18.4538,192.607775,12.490483,0.006746,9.539842,0.004022
2002-09-04,0.0719,-0.6329,2.1887,0.008685,-1.2657,-1.8986,-1.2861,-1.9353,191.388833,12.332388,0.006618,9.417149,0.003944
2002-09-05,0.0691,-3.8217,2.1838,0.008666,-7.6435,-11.4652,-7.6638,-11.5019,184.074469,11.389767,0.005859,8.695434,0.00349
2002-09-06,0.0707,2.208,2.1789,0.008646,4.4159,6.6239,4.3956,6.5872,188.138745,11.892728,0.006247,9.077646,0.00372
2002-09-09,0.0706,-0.1089,2.1642,0.008588,-0.2178,-0.3267,-0.2381,-0.3632,187.933869,11.866827,0.006226,9.056034,0.003706
2002-09-10,0.0807,14.2704,2.1593,0.008568,28.5408,42.8111,28.5205,42.7746,214.75275,15.25371,0.008892,11.638859,0.005292
2002-09-11,0.0846,4.9203,2.1544,0.008549,9.8407,14.761,9.8204,14.7246,225.319326,16.75478,0.010205,12.781845,0.006071
2002-09-12,0.082,-3.1564,2.1495,0.00853,-6.3127,-9.4691,-6.333,-9.5055,218.207437,15.697098,0.009238,11.972377,0.005494
2002-09-13,0.0807,-1.5832,2.1445,0.00851,-3.1664,-4.7496,-3.1866,-4.786,214.75275,15.200061,0.0088,11.59086,0.005231
2002-09-16,0.0755,-6.3383,2.1298,0.008452,-12.6767,-19.015,-12.6968,-19.0513,201.140982,13.273197,0.007126,10.119186,0.004235
2002-09-17,0.0744,-1.5152,2.1249,0.008432,-3.0303,-4.5455,-3.0505,-4.5817,198.09337,12.870976,0.006802,9.810504,0.004041
2002-09-18,0.0723,-2.7692,2.12,0.008413,-5.5384,-8.3076,-5.5585,-8.3438,192.607775,12.158131,0.006237,9.265186,0.003703
2002-09-19,0.0699,-3.376,2.1151,0.008393,-6.7519,-10.1279,-6.772,-10.164,186.105417,11.337224,0.005606,8.637746,0.003327
2002-09-20,0.0703,0.5463,2.1102,0.008374,1.0926,1.6389,1.0725,1.6028,187.122121,11.461095,0.005697,8.730389,0.00338
2002-09-23,0.0672,-4.3427,2.0955,0.008316,-8.6853,-13.028,-8.7054,-13.064,178.996027,10.465661,0.004955,7.970377,0.002939
2002-09-24,0.0678,0.7941,2.0906,0.008296,1.5881,2.3822,1.5681,2.3462,180.417346,10.631866,0.005073,8.09536,0.003008
2002-09-25,0.0715,5.5175,2.0857,0.008277,11.0351,16.5526,11.0151,16.5167,190.371951,11.805102,0.005913,8.987073,0.003504
2002-09-26,0.0677,-5.3353,2.0808,0.008257,-10.6706,-16.0059,-10.6906,-16.0418,180.215009,10.545423,0.004967,8.026301,0.002942
2002-09-27,0.0653,-3.4958,2.0759,0.008238,-6.9916,-10.4873,-7.0115,-10.5232,173.915087,9.808133,0.004446,7.463537,0.002633
2002-09-30,0.0653,0.0,2.0612,0.008179,0.0,0.0,-0.0199,-0.0357,173.915087,9.808133,0.004446,7.462053,0.002632
2002-10-01,0.0688,5.3748,2.0563,0.00816,10.7495,16.1243,10.7297,16.0886,183.262621,10.862462,0.005163,8.262706,0.003055
2002-10-02,0.0688,-0.1118,2.0514,0.00814,-0.2235,-0.3353,-0.2434,-0.3709,183.057805,10.838182,0.005145,8.242598,0.003044
2002-10-03,0.0654,-4.8826,2.0465,0.008121,-9.7652,-14.6478,-9.785,-14.6834,174.119844,9.779814,0.004392,7.436059,0.002597
2002-10-04,0.0621,-5.0185,2.0416,0.008101,-10.0369,-15.0554,-10.0567,-15.0909,165.381711,8.798222,0.00373,6.688235,0.002205
2002-10-07,0.0591,-4.9135,2.0268,0.008043,-9.8271,-14.7406,-9.8468,-14.776,157.255637,7.933616,0.003181,6.029658,0.001879
2002-10-08,0.0573,-2.9721,2.0219,0.008024,-5.9441,-8.9162,-5.9639,-8.9516,152.58189,7.462031,0.002897,5.670057,0.001711
2002-10-09,0.0562,-1.8631,2.017,0.008004,-3.7262,-5.5893,-3.7459,-5.6247,149.739114,7.183979,0.002735,5.45766,0.001615
2002-10-10,0.0591,5.1549,2.0121,0.007985,10.3098,15.4647,10.2901,15.4294,157.458014,7.924632,0.003158,6.019259,0.001864
2002-10-11,0.0672,13.6786,2.0072,0.007965,27.3572,41.0357,27.3375,41.0004,178.996027,10.092586,0.004454,7.664772,0.002628
2002-10-14,0.0652,-2.9517,1.9925,0.007907,-5.9033,-8.855,-5.9229,-8.8902,173.71267,9.496788,0.004059,7.210793,0.002394
2002-10-15,0.072,10.4098,1.9876,0.007887,20.8197,31.2295,20.8001,31.1944,191.795868,11.473988,0.005327,8.710643,0.003141
2002-10-16,0.066,-8.3695,1.9827,0.007868,-16.739,-25.1085,-16.7586,-25.1436,175.743519,9.553358,0.00399,7.250864,0.002351
2002-10-17,0.071,7.6301,1.9778,0.007848,15.2603,22.8904,15.2407,22.8554,189.153009,11.011228,0.004903,8.355949,0.002889
2002-10-18,0.0717,0.9667,1.9729,0.007829,1.9333,2.9,1.9138,2.8649,190.981462,11.224109,0.005045,8.515863,0.002972
2002-10-21,0.0782,9.0435,1.9582,0.007771,18.0871,27.1306,18.0676,27.0957,208.252931,13.25422,0.006414,10.054474,0.003777
2002-10-22,0.0808,3.3166,1.9533,0.007751,6.6332,9.9498,6.6138,9.915,215.159864,14.133402,0.007052,10.719452,0.004151
2002-10-23,0.0841,4.0601,1.9484,0.007732,8.1202,12.1802,8.1007,12.1454,223.895527,15.281056,0.007911,11.587806,0.004655
2002-10-24,0.0798,-5.0809,1.9435,0.007712,-10.1619,-15.2428,-10.1813,-15.2776,212.519525,13.728213,0.006705,10.408016,0.003944
2002-10-25,0.0847,6.1181,1.9386,0.007693,12.2362,18.3543,12.2168,18.3195,225.521663,15.408022,0.007936,11.679541,0.004667
2002-10-28,0.0852,0.5406,1.9239,0.007634,1.0812,1.6217,1.0618,1.5871,226.740783,15.574607,0.008065,11.803556,0.004741
2002-10-29,0.0814,-4.3903,1.919,0.007615,-8.7807,-13.171,-8.8,-13.2056,216.786098,14.207052,0.007002,10.764843,0.004115
2002-10-30,0.0858,5.3421,1.9141,0.007595,10.6842,16.0262,10.6649,15.9917,228.366977,15.724955,0.008125,11.912898,0.004773
2002-10-31,0.0908,5.8719,1.9092,0.007576,11.7438,17.6157,11.7245,17.5811,241.776428,17.571658,0.009556,13.309625,0.005612
2002-11-01,0.1076,18.487,1.9042,0.007557,36.974,55.4609,36.9547,55.4265,286.473591,24.068596,0.014855,18.228156,0.008722
2002-11-04,0.1193,10.9217,1.8895,0.007498,21.8434,32.765,21.8242,32.7307,317.761323,29.325986,0.019723,22.206298,0.011577
2002-11-05,0.1146,-3.9637,1.8846,0.007479,-7.9274,-11.8911,-7.9466,-11.9254,305.16622,27.001199,0.017378,20.441656,0.010197
2002-11-06,0.1235,7.7225,1.8797,0.007459,15.445,23.1675,15.4258,23.1332,328.732632,31.171525,0.021403,23.594945,0.012556
2002-11-07,0.111,-10.074,1.8748,0.00744,-20.1479,-30.2219,-20.167,-30.2561,295.616269,24.891117,0.014935,18.836542,0.008757
2002-11-08,0.0867,-21.9241,1.8699,0.00742,-43.8482,-65.7723,-43.8673,-65.8065,230.80504,13.976806,0.005112,10.573451,0.002994
2002-11-11,0.08,-7.7472,1.8552,0.007362,-15.4943,-23.2415,-15.5134,-23.2756,212.924179,11.811192,0.003924,8.933149,0.002297
2002-11-12,0.0871,8.8741,1.8503,0.007342,17.7481,26.6222,17.7291,26.5881,231.819204,13.907457,0.004968,10.516913,0.002908
2002-11-13,0.0898,3.1552,1.8454,0.007323,6.3103,9.4655,6.2913,9.4315,239.13347,14.785062,0.005439,11.178563,0.003182
2002-11-14,0.0958,6.627,1.8405,0.007304,13.2541,19.8811,13.2351,19.8472,254.980962,16.744689,0.00652,12.658055,0.003814
2002-11-15,0.1028,7.331,1.8356,0.007284,14.662,21.993,14.643,21.9591,273.673631,19.199797,0.007954,14.511577,0.004652
2002-11-18,0.1066,3.7122,1.8209,0.007226,7.4245,11.1367,7.4055,11.1029,283.833013,20.625277,0.00884,15.586235,0.005168
2002-11-19,0.1081,1.4311,1.816,0.007206,2.8621,4.2932,2.8432,4.2594,287.89487,21.215602,0.009219,16.029388,0.005388
2002-11-20,0.1135,5.0109,1.8111,0.007187,10.0218,15.0326,10.0029,14.9989,302.320945,23.34178,0.010605,17.632787,0.006196
2002-11-21,0.1232,8.4678,1.8062,0.007167,16.9355,25.4033,16.9167,25.3696,327.920785,27.294836,0.013299,20.615666,0.007768
2002-11-22,0.12,-2.6022,1.8013,0.007148,-5.2045,-7.8067,-5.2233,-7.8404,319.387478,25.874279,0.012261,19.538839,0.007159
2002-11-25,0.1243,3.626,1.7865,0.007089,7.2519,10.8779,7.2331,10.8444,330.968357,27.750663,0.013595,20.952109,0.007936
2002-11-26,0.121,-2.7013,1.7816,0.00707,-5.4026,-8.1039,-5.4214,-8.1375,322.027857,26.251397,0.012493,19.81621,0.00729
2002-11-27,0.1303,7.7603,1.7767,0.007051,15.5205,23.2808,15.5018,23.2473,347.018088,30.325756,0.015401,22.888076,0.008984
2002-11-29,0.1307,0.293,1.7669,0.007012,0.586,0.879,0.5673,0.8456,348.034891,30.503472,0.015537,23.017921,0.00906
2002-12-02,0.1297,-0.7587,1.7522,0.006953,-1.5174,-2.2761,-1.536,-2.3093,345.394393,30.040619,0.015183,22.664358,0.008851
2002-12-03,0.1212,-6.5887,1.7473,0.006934,-13.1774,-19.7661,-13.1961,-19.7994,322.637348,26.082039,0.012182,19.673554,0.007099
2002-12-04,0.1067,-11.9645,1.7424,0.006914,-23.929,-35.8935,-23.9476,-35.9267,284.03543,19.840872,0.007809,14.962209,0.004548
2002-12-05,0.1077,0.9296,1.7375,0.006895,1.8592,2.7888,1.8406,2.7557,286.675868,20.20976,0.008027,15.237608,0.004674
2002-12-06,0.1078,0.142,1.7326,0.006875,0.284,0.426,0.2654,0.3929,287.082963,20.267158,0.008061,15.278053,0.004692
2002-12-09,0.0992,-7.9974,1.7179,0.006817,-15.9948,-23.9923,-16.0134,-24.0253,264.12374,17.02546,0.006127,12.831524,0.003565
2002-12-10,0.1075,8.3852,1.713,0.006798,16.7705,25.1557,16.752,25.1228,286.271174,19.880714,0.007669,14.98106,0.00446
2002-12-11,0.1069,-0.5681,1.7081,0.006778,-1.1361,-1.7042,-1.1546,-1.7371,284.64494,19.654839,0.007538,14.808084,0.004383
2002-12-12,0.1052,-1.6419,1.7032,0.006759,-3.2839,-4.9258,-3.3024,-4.9587,279.971213,19.009394,0.007167,14.319067,0.004166
2002-12-13,0.101,-3.9187,1.6983,0.006739,-7.8374,-11.7562,-7.8559,-11.789,268.999923,17.519544,0.006324,13.194177,0.003674
2002-12-16,0.107,5.8912,1.6836,0.006681,11.7825,17.6737,11.7641,17.641,284.847317,19.583776,0.007442,14.746349,0.004323
2002-12-17,0.1068,-0.1421,1.6787,0.006661,-0.2842,-0.4263,-0.3025,-0.459,284.442583,19.528124,0.00741,14.701734,0.004303
2002-12-18,0.0987,-7.6431,1.6738,0.006642,-15.2862,-22.9294,-15.3046,-22.962,262.702302,16.543009,0.005711,12.451695,0.003315
2002-12-19,0.0965,-2.1652,1.6688,0.006622,-4.3304,-6.4956,-4.3487,-6.5282,257.014251,15.826628,0.00534,11.910203,0.003098
2002-12-20,0.0978,1.3433,1.6639,0.006603,2.6865,4.0298,2.6682,3.9972,260.466617,16.251813,0.005555,12.227992,0.003222
2002-12-23,0.0985,0.7021,1.6492,0.006545,1.4041,2.1062,1.3859,2.0737,262.295228,16.480005,0.005672,12.397454,0.003289
2002-12-24,0.0965,-2.0134,1.6443,0.006525,-4.0267,-6.0401,-4.045,-6.0725,257.014251,15.816398,0.00533,11.89598,0.003089
2002-12-26,0.0948,-1.8185,1.6345,0.006486,-3.637,-5.4554,-3.6551,-5.4878,252.340504,15.241162,0.005039,11.461164,0.00292
2002-12-27,0.0912,-3.7845,1.6296,0.006467,-7.5691,-11.3536,-7.5872,-11.3859,242.790593,14.087548,0.004467,10.591578,0.002587
2002-12-30,0.088,-3.5147,1.6149,0.006408,-7.0293,-10.544,-7.0475,-10.5762,234.257306,13.097287,0.003996,9.845142,0.002314
2002-12-31,0.0878,-0.1728,1.61,0.006389,-0.3455,-0.5183,-0.3636,-0.5504,233.852592,13.052032,0.003975,9.809342,0.002301
2003-01-02,0.0939,6.9497,1.6067,0.006376,13.8995,20.8492,13.8814,20.8171,250.104759,14.866199,0.004804,11.171018,0.00278
2003-01-03,0.0939,0.0,1.6051,0.006369,0.0,0.0,-0.0181,-0.0321,250.104759,14.866199,0.004804,11.168999,0.002779
2003-01-06,0.1016,8.1242,1.6001,0.00635,16.2484,24.3725,16.2303,24.3405,270.423722,17.281712,0.005975,12.981761,0.003456
2003-01-07,0.1013,-0.3011,1.5985,0.006343,-0.6023,-0.9034,-0.6203,-0.9355,269.609355,17.177627,0.005921,12.90123,0.003423
2003-01-08,0.0912,-9.9473,1.5968,0.006337,-19.8945,-29.8418,-19.9126,-29.8738,242.790593,13.760218,0.004154,10.332263,0.002401
2003-01-09,0.0928,1.7574,1.5952,0.00633,3.5147,5.2721,3.4967,5.24,247.057286,14.24385,0.004373,10.693548,0.002526
2003-01-10,0.0944,1.727,1.5936,0.006324,3.4539,5.1809,3.4359,5.1489,251.323879,14.735822,0.004599,11.060968,0.002656
2003-01-13,0.0936,-0.8081,1.5886,0.006304,-1.6162,-2.4243,-1.6342,-2.4562,249.292951,14.497664,0.004488,10.88021,0.002591
2003-01-14,0.0943,0.7335,1.587,0.006298,1.4669,2.2004,1.4489,2.1684,251.121423,14.710334,0.004587,11.037856,0.002647
2003-01-15,0.0914,-3.0747,1.5853,0.006291,-6.1495,-9.2242,-6.1675,-9.2561,243.400123,13.805729,0.004164,10.357102,0.002402
2003-01-16,0.0852,-6.7613,1.5837,0.006285,-13.5226,-20.2839,-13.5406,-20.3158,226.9431,11.938834,0.003319,8.954688,0.001914
2003-01-17,0.082,-3.76,1.5821,0.006278,-7.5201,-11.2801,-7.5381,-11.3121,218.409932,11.041023,0.002945,8.279676,0.001698
2003-01-21,0.08,-2.5117,1.5755,0.006252,-5.0234,-7.535,-5.0413,-7.5669,212.924179,10.486393,0.002723,7.862272,0.001569
2003-01-22,0.08,0.0962,1.5738,0.006245,0.1923,0.2885,0.1744,0.2566,213.128936,10.506561,0.002731,7.875982,0.001573
2003-01-23,0.0823,2.7638,1.5722,0.006239,5.5276,8.2914,5.5097,8.2596,219.019403,11.087323,0.002957,8.309922,0.001703
2003-01-24,0.0776,-5.6583,1.5705,0.006232,-11.3166,-16.9749,-11.3345,-17.0067,206.626657,9.832618,0.002455,7.368033,0.001414
2003-01-27,0.0765,-1.4749,1.5656,0.006213,-2.9499,-4.4248,-2.9678,-4.4566,203.579025,9.542566,0.002346,7.149364,0.001351
2003-01-28,0.0792,3.5928,1.564,0.006206,7.1856,10.7785,7.1677,10.7467,210.893251,10.22826,0.002599,7.66181,0.001496
2003-01-29,0.0808,2.0231,1.5623,0.0062,4.0462,6.0693,4.0283,6.0376,215.159864,10.642119,0.002757,7.970453,0.001586
2003-01-30,0.0775,-4.06,1.5607,0.006193,-8.1201,-12.1801,-8.138,-12.2119,206.4243,9.777972,0.002421,7.32182,0.001392
2003-01-31,0.0788,1.5744,1.559,0.006187,3.1488,4.7232,3.1309,4.6915,209.674269,10.085863,0.002536,7.551061,0.001458
2003-02-03,0.0803,1.9383,1.5541,0.006167,3.8767,5.815,3.8588,5.7833,213.738446,10.476858,0.002683,7.84244,0.001542
2003-02-04,0.0767,-4.468,1.5525,0.006161,-8.936,-13.4041,-8.9539,-13.4357,204.188575,9.540642,0.002323,7.140236,0.001335
2003-02-05,0.0774,0.8955,1.5508,0.006154,1.791,2.6866,1.7732,2.6549,206.017126,9.711519,0.002386,7.266845,0.00137
2003-02-06,0.078,0.7893,1.5492,0.006148,1.5787,2.368,1.5608,2.3363,207.643281,9.864831,0.002442,7.380267,0.001402
2003-02-07,0.0745,-4.5017,1.5475,0.006141,-9.0035,-13.5052,-9.0213,-13.5369,198.295727,8.976653,0.002113,6.714469,0.001212
2003-02-10,0.0754,1.2296,1.5426,0.006121,2.4591,3.6887,2.4413,3.6571,200.733888,9.197399,0.00219,6.878389,0.001257
2003-02-11,0.074,-1.8219,1.541,0.006115,-3.6438,-5.4657,-3.6616,-5.4973,197.076726,8.862265,0.002071,6.626529,0.001188
2003-02-12,0.0744,0.5159,1.5393,0.006108,1.0317,1.5476,1.0139,1.516,198.09337,8.9537,0.002103,6.693716,0.001206
2003-02-13,0.0753,1.2308,1.5377,0.006102,2.4615,3.6923,2.4437,3.6607,200.531432,9.174097,0.00218,6.857291,0.00125
2003-02-14,0.0919,21.9854,1.536,0.006095,43.9709,65.9563,43.9531,65.9247,244.619124,13.208026,0.003619,9.87128,0.002074
2003-02-18,0.0971,5.7309,1.5295,0.006069,11.4618,17.1927,11.444,17.1612,258.637986,14.721902,0.004241,11.000951,0.00243
2003-02-19,0.0981,0.9427,1.5278,0.006063,1.8854,2.828,1.8676,2.7965,261.076108,14.999462,0.004361,11.206403,0.002498
2003-02-20,0.0981,0.0,1.5262,0.006056,0.0,0.0,-0.0178,-0.0315,261.076108,14.999462,0.004361,11.204412,0.002497
2003-02-21,0.0981,0.0784,1.5245,0.00605,0.1569,0.2353,0.1391,0.2039,261.280905,15.022994,0.004371,11.220001,0.002502
2003-02-24,0.0994,1.2439,1.5196,0.00603,2.4877,3.7316,2.47,3.7001,264.530854,15.396722,0.004534,11.497132,0.002594
2003-02-25,0.0987,-0.6148,1.5179,0.006024,-1.2295,-1.8443,-1.2473,-1.8757,262.90462,15.207416,0.00445,11.353733,0.002546
2003-02-26,0.0939,-4.8686,1.5163,0.006017,-9.7373,-14.6059,-9.755,-14.6373,250.104759,13.72663,0.0038,10.246178,0.002173
2003-02-27,0.0959,2.1125,1.5147,0.006011,4.2249,6.3374,4.2072,6.306,255.388116,14.306568,0.004041,10.677255,0.00231
2003-02-28,0.0963,0.3981,1.513,0.006004,0.7962,1.1943,0.7785,1.1629,256.40482,14.420477,0.004089,10.760377,0.002337
2003-03-03,0.0947,-1.664,1.5081,0.005984,-3.3281,-4.9921,-3.3458,-5.0234,252.138167,13.940555,0.003885,10.400361,0.00222
2003-03-04,0.0939,-0.8065,1.5064,0.005978,-1.6129,-2.4194,-1.6306,-2.4507,250.104759,13.715704,0.003791,10.230771,0.002165
2003-03-05,0.0955,1.6251,1.5048,0.005971,3.2501,4.8752,3.2325,4.8439,254.169135,14.161483,0.003976,10.561477,0.00227
2003-03-06,0.0939,-1.6787,1.5032,0.005965,-3.3574,-5.036,-3.375,-5.0673,249.902442,13.68603,0.003776,10.205023,0.002155
2003-03-07,0.0953,1.5444,1.5015,0.005958,3.0888,4.6332,3.0711,4.6019,253.761941,14.108765,0.003951,10.518434,0.002254
2003-03-10,0.0926,-2.8016,1.4966,0.005939,-5.6032,-8.4049,-5.6209,-8.4361,246.652492,13.318217,0.003619,9.927204,0.002064
2003-03-11,0.0933,0.7413,1.4949,0.005932,1.4826,2.224,1.465,2.1927,248.480984,13.515679,0.003699,10.072639,0.002109
2003-03-12,0.0959,2.7797,1.4933,0.005926,5.5595,8.3392,5.5419,8.308,255.388116,14.267081,0.004008,10.63085,0.002285
2003-03-13,0.1055,9.9446,1.4916,0.005919,19.8892,29.8338,19.8716,29.8026,280.78546,17.104691,0.005203,12.743368,0.002966
2003-03-14,0.1024,-2.8949,1.49,0.005913,-5.7898,-8.6847,-5.8074,-8.7159,272.656987,16.114362,0.004752,12.003306,0.002707
2003-03-17,0.1084,5.8122,1.4851,0.005893,11.6244,17.4367,11.6068,17.4055,288.50442,17.987567,0.00558,13.396511,0.003178
2003-03-18,0.1075,-0.7741,1.4834,0.005887,-1.5482,-2.3222,-1.5657,-2.3534,286.271174,17.709092,0.00545,13.186756,0.003103
2003-03-19,0.1081,0.4965,1.4818,0.00588,0.9931,1.4896,0.9755,1.4585,287.692592,17.884953,0.005532,13.315389,0.003149
2003-03-20,0.109,0.9178,1.4801,0.005874,1.8356,2.7534,1.818,2.7223,290.333031,18.213249,0.005684,13.557465,0.003234
2003-03-21,0.1081,-0.9095,1.4785,0.005867,-1.8189,-2.7284,-1.8365,-2.7595,287.692592,17.881968,0.005529,13.308485,0.003145
2003-03-24,0.104,-3.7432,1.4736,0.005847,-7.4864,-11.2297,-7.504,-11.2607,276.92362,16.543244,0.004908,12.309817,0.002791
2003-03-25,0.107,2.8613,1.4719,0.005841,5.7227,8.584,5.7051,8.5529,284.847317,17.489958,0.005329,13.012106,0.00303
2003-03-26,0.11,2.7818,1.4703,0.005834,5.5635,8.3453,5.546,8.3143,292.771093,18.463016,0.005774,13.733755,0.003282
2003-03-27,0.1068,-2.8447,1.4686,0.005828,-5.6894,-8.5342,-5.707,-8.5652,284.442583,17.412575,0.005281,12.949974,0.003001
2003-03-28,0.1025,-4.0714,1.467,0.005821,-8.1428,-12.2142,-8.1603,-12.2452,272.861803,15.994705,0.004636,11.893215,0.002633
2003-03-31,0.0983,-4.0959,1.4621,0.005802,-8.1918,-12.2877,-8.2093,-12.3187,261.685618,14.684447,0.004067,10.916861,0.002309
2003-04-01,0.1012,2.9506,1.4604,0.005795,5.9013,8.8519,5.8838,8.821,269.407037,15.551019,0.004427,11.559186,0.002512
2003-04-02,0.1049,3.695,1.4588,0.005789,7.39,11.0851,7.3725,11.0541,279.361682,16.700246,0.004917,12.411393,0.00279
2003-04-03,0.1063,1.3091,1.4571,0.005782,2.6182,3.9273,2.6007,3.8963,283.018765,17.137487,0.00511,12.734174,0.002899
2003-04-04,0.1022,-3.8765,1.4555,0.005776,-7.7531,-11.6296,-7.7706,-11.6606,272.047417,15.808802,0.004516,11.744656,0.002561
2003-04-07,0.1032,1.0459,1.4505,0.005756,2.0917,3.1376,2.0743,3.1067,274.892692,16.139483,0.004658,11.988273,0.00264
2003-04-08,0.1023,-0.9605,1.4489,0.00575,-1.9211,-2.8816,-1.9385,-2.9124,272.252273,15.829434,0.004523,11.75588,0.002563
2003-04-09,0.1017,-0.523,1.4473,0.005743,-1.046,-1.569,-1.0634,-1.5998,270.828396,15.663859,0.004453,11.630862,0.002522
2003-04-10,0.1023,0.5257,1.4456,0.005737,1.0515,1.5772,1.0341,1.5464,272.252273,15.828564,0.004523,11.751131,0.002561
2003-04-11,0.1011,-1.1194,1.444,0.00573,-2.2388,-3.3582,-2.2562,-3.389,269.204681,15.474194,0.004371,11.485998,0.002475
2003-04-14,0.1029,1.7352,1.439,0.00571,3.4705,5.2057,3.4531,5.1749,273.876028,16.011223,0.004598,11.882617,0.002603
2003-04-15,0.1023,-0.519,1.4374,0.005704,-1.038,-1.557,-1.0554,-1.5877,272.45465,15.845031,0.004527,11.75721,0.002561
2003-04-16,0.1023,0.0,1.4358,0.005697,0.0,0.0,-0.0174,-0.0308,272.45465,15.845031,0.004527,11.755164,0.002561
2003-04-17,0.1042,1.7897,1.4341,0.005691,3.5794,5.369,3.562,5.3383,277.330714,16.412181,0.00477,12.173878,0.002697
2003-04-21,0.1068,2.5644,1.4275,0.005665,5.1288,7.6932,5.1114,7.6625,284.442583,17.253929,0.005137,12.796137,0.002904
2003-04-22,0.1082,1.2857,1.4259,0.005658,2.5715,3.8572,2.5541,3.8265,288.099766,17.697609,0.005335,13.122964,0.003015
2003-04-23,0.1106,2.2561,1.4242,0.005652,4.5122,6.7684,4.4949,6.7377,294.599644,18.496168,0.005696,13.712826,0.003218
2003-04-24,0.1074,-2.9653,1.4226,0.005645,-5.9305,-8.8958,-5.9479,-8.9265,285.863981,17.399247,0.005189,12.897203,0.002931
2003-04-25,0.1034,-3.6955,1.421,0.005639,-7.391,-11.0865,-7.4084,-11.1172,275.299846,16.113265,0.004614,11.941731,0.002605
2003-04-28,0.1065,3.0252,1.416,0.005619,6.0505,9.0757,6.0331,9.0451,283.628296,17.088191,0.005033,12.662191,0.002841
2003-04-29,0.1098,3.0808,1.4144,0.005613,6.1616,9.2424,6.1443,9.2118,292.36632,18.141097,0.005498,13.440192,0.003102
2003-04-30,0.1094,-0.4169,1.4127,0.005606,-0.8339,-1.2508,-0.8512,-1.2814,291.147318,17.989821,0.005429,13.32579,0.003063
2003-05-01,0.11,0.6281,1.4111,0.0056,1.2561,1.8842,1.2388,1.8536,292.97589,18.215794,0.005531,13.490871,0.003119
2003-05-02,0.1213,10.2632,1.4095,0.005593,20.5264,30.7896,20.5091,30.7591,323.044601,21.954842,0.007235,16.257728,0.004079
2003-05-05,0.1243,2.4528,1.4045,0.005573,4.9057,7.3585,4.8884,7.328,330.968357,23.031875,0.007767,17.052469,0.004378
2003-05-06,0.1245,0.123,1.4029,0.005567,0.2461,0.3691,0.2288,0.3386,331.37557,23.08855,0.007796,17.091486,0.004393
2003-05-07,0.1225,-1.5944,1.4012,0.00556,-3.1888,-4.7831,-3.206,-4.8136,326.092174,22.35231,0.007423,16.543527,0.004181
2003-05-08,0.1226,0.0621,1.3996,0.005554,0.1241,0.1862,0.1068,0.1557,326.294531,22.380052,0.007437,16.561204,0.004188
2003-05-09,0.1631,33.0636,1.3979,0.005547,66.1273,99.1909,66.11,99.1605,434.179406,37.179375,0.014813,27.509822,0.00834
2003-05-12,0.1585,-2.8077,1.393,0.005528,-5.6155,-8.4232,-5.6327,-8.4537,421.988759,35.091571,0.013565,25.96027,0.007635
2003-05-13,0.1555,-1.8777,1.3914,0.005521,-3.7553,-5.633,-3.7725,-5.6634,414.065241,33.77377,0.012801,24.980906,0.007203
2003-05-14,0.1554,-0.0978,1.3897,0.005515,-0.1955,-0.2933,-0.2127,-0.3237,413.660448,33.707735,0.012763,24.927761,0.00718
2003-05-15,0.1607,3.4379,1.3881,0.005508,6.8758,10.3137,6.8586,10.2833,427.881686,36.025412,0.01408,26.637454,0.007918
2003-05-16,0.1622,0.9499,1.3864,0.005502,1.8997,2.8496,1.8825,2.8192,431.946002,36.709801,0.014481,27.138912,0.008141
2003-05-19,0.1531,-5.6444,1.3815,0.005482,-11.2888,-16.9332,-11.306,-16.9635,407.565302,32.565715,0.012029,24.070597,0.00676
2003-05-20,0.1541,0.6975,1.3799,0.005476,1.395,2.0925,1.3778,2.0622,410.408098,33.020011,0.012281,24.402249,0.0069
2003-05-21,0.1596,3.515,1.3782,0.005469,7.0301,10.5451,7.0129,10.5148,424.834094,35.341342,0.013576,26.113554,0.007625
2003-05-22,0.1601,0.3346,1.3766,0.005463,0.6692,1.0038,0.652,0.9735,426.255531,35.577837,0.013712,26.283816,0.007699
2003-05-23,0.1593,-0.5239,1.3749,0.005456,-1.0479,-1.5718,-1.0651,-1.6021,424.022167,35.205017,0.013496,26.003877,0.007576
2003-05-27,0.1734,8.864,1.3684,0.00543,17.728,26.592,17.7109,26.5618,461.60754,41.446171,0.017085,30.609394,0.009588
2003-05-28,0.1729,-0.2641,1.3667,0.005423,-0.5281,-0.7922,-0.5453,-0.8224,460.388559,41.227274,0.01695,30.442488,0.009509
2003-05-29,0.1847,6.8404,1.3651,0.005417,13.6809,20.5213,13.6638,20.4911,491.881167,46.867529,0.020428,34.602077,0.011458
2003-05-30,0.1997,8.0957,1.3634,0.00541,16.1913,24.287,16.1742,24.2568,531.702206,54.456003,0.02539,40.198688,0.014237
2003-06-02,0.1886,-5.5406,1.3585,0.005391,-11.0811,-16.6217,-11.0982,-16.6519,502.242846,48.421652,0.02117,35.737339,0.011866
2003-06-03,0.1925,2.0632,1.3568,0.005384,4.1263,6.1895,4.1092,6.1593,512.604883,50.419677,0.02248,37.205863,0.012597
2003-06-04,0.1971,2.3781,1.3552,0.005378,4.7562,7.1343,4.7391,7.1042,524.795134,52.817736,0.024084,38.969091,0.013492
2003-06-05,0.2028,2.865,1.3536,0.005371,5.73,8.595,5.713,8.5649,539.8306,55.84421,0.026154,41.195377,0.014648
2003-06-06,0.1966,-3.0485,1.3519,0.005365,-6.097,-9.1455,-6.1141,-9.1756,523.373776,52.43937,0.023762,38.676649,0.013304
2003-06-09,0.1942,-1.2037,1.347,0.005345,-2.4075,-3.6112,-2.4245,-3.6413,517.073715,51.176902,0.022904,37.738921,0.012819
2003-06-10,0.197,1.4542,1.3453,0.005339,2.9083,4.3625,2.8913,4.3325,524.592836,52.665299,0.023903,38.830064,0.013375
2003-06-11,0.1972,0.0771,1.3437,0.005332,0.1543,0.2314,0.1372,0.2014,524.997471,52.746543,0.023958,38.883349,0.013402
2003-06-12,0.1942,-1.5093,1.3421,0.005326,-3.0186,-4.5279,-3.0356,-4.5579,517.073715,51.154342,0.022873,37.702998,0.012791
2003-06-13,0.1791,-7.78,1.3404,0.005319,-15.5599,-23.3399,-15.577,-23.3699,476.845542,43.194759,0.017535,31.830016,0.009802
2003-06-16,0.1829,2.1306,1.3355,0.0053,4.2611,6.3917,4.2441,6.3617,487.005003,45.035336,0.018656,33.180916,0.010425
2003-06-17,0.1873,2.378,1.3338,0.005293,4.756,7.134,4.739,7.104,498.585902,47.177202,0.019986,34.753349,0.011166
2003-06-18,0.1944,3.8303,1.3322,0.005286,7.6606,11.4909,7.6436,11.461,517.683265,50.791264,0.022283,37.409762,0.012446
2003-06-19,0.1826,-6.0829,1.3305,0.00528,-12.1658,-18.2487,-12.1828,-18.2786,486.193076,44.612093,0.018217,32.852206,0.010171
2003-06-20,0.1807,-1.045,1.3289,0.005273,-2.09,-3.135,-2.107,-3.1649,481.112314,43.679693,0.017646,32.160011,0.009849
2003-06-23,0.1743,-3.5474,1.324,0.005254,-7.0947,-10.6421,-7.1117,-10.6719,464.045542,40.580743,0.015768,29.872895,0.008798
2003-06-24,0.1739,-0.2185,1.3223,0.005247,-0.4371,-0.6556,-0.454,-0.6854,463.031477,40.403383,0.015664,29.73727,0.008737
2003-06-25,0.1751,0.6582,1.3207,0.005241,1.3163,1.9745,1.2994,1.9446,466.07899,40.935226,0.015974,30.123671,0.008907
2003-06-26,0.1753,0.1308,1.319,0.005234,0.2616,0.3924,0.2447,0.3626,466.688659,41.042319,0.016036,30.197377,0.00894
2003-06-27,0.1722,-1.7851,1.3174,0.005228,-3.5703,-5.3554,-3.5872,-5.3853,458.357571,39.576986,0.015177,29.114127,0.008458
2003-06-30,0.1748,1.5516,1.3125,0.005208,3.1032,4.6548,3.0863,4.625,465.469479,40.805144,0.015884,30.012676,0.008849
2003-07-01,0.182,4.1028,1.3108,0.005202,8.2056,12.3084,8.1887,12.2787,484.566802,44.153458,0.017839,32.470327,0.009936
2003-07-02,0.1815,-0.2933,1.3092,0.005195,-0.5867,-0.88,-0.6036,-0.9098,483.145365,43.894417,0.017682,32.27434,0.009846
2003-07-03,0.1794,-1.1354,1.3075,0.005189,-2.2708,-3.4061,-2.2876,-3.4359,477.659849,42.897684,0.01708,31.536018,0.009507
2003-07-07,0.1912,6.5502,1.301,0.005163,13.1005,19.6507,13.0836,19.621,508.947661,48.517477,0.020436,35.66206,0.011373
2003-07-08,0.189,-1.1176,1.2993,0.005156,-2.2352,-3.3529,-2.2521,-3.3825,503.25957,47.432997,0.019751,34.858916,0.010988
2003-07-09,0.1934,2.3012,1.2977,0.005149,4.6024,6.9035,4.5855,6.8739,514.840469,49.616032,0.021114,36.457371,0.011743
2003-07-10,0.1854,-4.1043,1.296,0.005143,-8.2087,-12.313,-8.2255,-12.3427,493.709699,45.543217,0.018515,33.458564,0.010294
2003-07-11,0.1864,0.5348,1.2944,0.005136,1.0696,1.6044,1.0528,1.5748,496.350118,46.030358,0.018812,33.81081,0.010456
2003-07-14,0.185,-0.7776,1.2895,0.005117,-1.5552,-2.3328,-1.572,-2.3624,492.490559,45.314505,0.018373,33.279304,0.010209
2003-07-15,0.1789,-3.2589,1.2878,0.00511,-6.5178,-9.7767,-6.5346,-9.8063,476.440709,42.360983,0.016577,31.104619,0.009208
2003-07-16,0.1767,-1.2368,1.2862,0.005104,-2.4736,-3.7104,-2.4904,-3.74,470.548099,41.313143,0.015961,30.329988,0.008863
2003-07-17,0.1679,-5.0088,1.2845,0.005097,-10.0177,-15.0265,-10.0345,-15.0561,446.979128,37.17453,0.013563,27.286534,0.007529
2003-07-18,0.1622,-3.3633,1.2829,0.005091,-6.7265,-10.0898,-6.7433,-10.1194,431.946002,34.673968,0.012195,25.446509,0.006767
2003-07-21,0.1598,-1.5054,1.2779,0.005071,-3.0108,-4.5161,-3.0275,-4.5457,425.443564,33.630017,0.011644,24.676106,0.006459
2003-07-22,0.1625,1.6716,1.2763,0.005065,3.3433,5.0149,3.3265,4.9854,432.555433,34.75436,0.012228,25.496957,0.006782
2003-07-23,0.1646,1.315,1.2747,0.005058,2.63,3.945,2.6132,3.9155,438.243524,35.668398,0.01271,26.163251,0.007047
2003-07-24,0.1582,-3.8943,1.273,0.005052,-7.7886,-11.6829,-7.8053,-11.7123,421.17707,32.890339,0.011225,24.121123,0.006222
2003-07-25,0.1607,1.5919,1.2714,0.005045,3.1838,4.7756,3.167,4.7462,427.881686,33.937486,0.011761,24.885039,0.006517
2003-07-28,0.1557,-3.0866,1.2664,0.005026,-6.1732,-9.2598,-6.1899,-9.2892,414.674751,31.842467,0.010672,23.344679,0.005912
2003-07-29,0.1455,-6.5651,1.2648,0.005019,-13.1301,-19.6952,-13.1468,-19.7246,387.451137,27.661517,0.00857,20.275594,0.004746
2003-07-30,0.1439,-1.1012,1.2632,0.005013,-2.2023,-3.3035,-2.2191,-3.3329,383.184642,27.052317,0.008287,19.825667,0.004587
2003-07-31,0.1457,1.219,1.2615,0.005006,2.4381,3.6571,2.4214,3.6278,387.85585,27.711879,0.00859,20.305722,0.004754
2003-08-01,0.1505,3.3002,1.2599,0.004999,6.6003,9.9005,6.5836,9.8712,400.65577,29.54096,0.009441,21.642579,0.005223
2003-08-04,0.1561,3.7528,1.2549,0.00498,7.5055,11.2583,7.4888,11.229,415.691435,31.758164,0.010504,23.263357,0.00581
2003-08-05,0.1557,-0.2933,1.2533,0.004973,-0.5866,-0.8798,-0.6032,-0.9092,414.472295,31.571884,0.010411,23.123023,0.005757
2003-08-06,0.1493,-4.0688,1.2516,0.004967,-8.1376,-12.2064,-8.1543,-12.2357,397.608257,29.002692,0.00914,21.23751,0.005052
2003-08-07,0.1473,-1.3797,1.25,0.00496,-2.7594,-4.1391,-2.7761,-4.1684,392.122424,28.202387,0.008762,20.647939,0.004842
2003-08-08,0.1183,-19.6887,1.2484,0.004954,-39.3775,-59.0662,-39.3941,-59.0955,314.918508,17.097005,0.003587,12.513866,0.001981
2003-08-11,0.1247,5.4193,1.2434,0.004934,10.8387,16.258,10.822,16.2288,331.985022,18.950095,0.00417,13.868122,0.002302
2003-08-12,0.1272,2.0196,1.2418,0.004928,4.0392,6.0588,4.0225,6.0295,338.689737,19.715521,0.004422,14.425972,0.002441
2003-08-13,0.128,0.6594,1.2401,0.004921,1.3187,1.9781,1.3021,1.9489,340.922943,19.975516,0.00451,14.613814,0.002488
2003-08-14,0.1236,-3.4563,1.2385,0.004915,-6.9126,-10.3689,-6.9292,-10.3981,329.139627,18.594689,0.004042,13.60119,0.00223
2003-08-15,0.1232,-0.3089,1.2368,0.004908,-0.6177,-0.9266,-0.6343,-0.9558,328.123042,18.479826,0.004005,13.514913,0.002208
2003-08-18,0.1269,2.9722,1.2319,0.004889,5.9444,8.9166,5.9278,8.8874,337.875469,19.578335,0.004362,14.316047,0.002404
2003-08-19,0.1366,7.6373,1.2303,0.004882,15.2745,22.9118,15.2579,22.8827,363.679908,22.568833,0.005361,16.500381,0.002955
2003-08-20,0.1347,-1.3971,1.2286,0.004876,-2.7942,-4.1913,-2.8108,-4.2204,358.598987,21.938221,0.005137,16.036595,0.00283
2003-08-21,0.1383,2.7196,1.227,0.004869,5.4391,8.1587,5.4226,8.1296,368.351354,23.131474,0.005556,16.906192,0.00306
2003-08-22,0.1393,0.7174,1.2253,0.004862,1.4349,2.1523,1.4183,2.1232,370.994074,23.463385,0.005675,17.145976,0.003125
2003-08-25,0.1386,-0.5481,1.2204,0.004843,-1.0961,-1.6442,-1.1127,-1.6732,368.960825,23.206201,0.005582,16.9552,0.003073
2003-08-26,0.1364,-1.5965,1.2188,0.004836,-3.193,-4.7895,-3.2095,-4.8185,363.070397,22.465231,0.005315,16.411018,0.002925
2003-08-27,0.1405,3.0218,1.2171,0.00483,6.0437,9.0655,6.0272,9.0365,374.041825,23.82296,0.005796,17.400136,0.003189
2003-08-28,0.1368,-2.6073,1.2155,0.004823,-5.2146,-7.8219,-5.2312,-7.851,364.289378,22.580681,0.005343,16.489907,0.002939
2003-08-29,0.1387,1.3385,1.2138,0.004817,2.677,4.0156,2.6605,3.9866,369.165463,23.185175,0.005558,16.928624,0.003056
2003-09-02,0.1374,-0.881,1.2073,0.004791,-1.762,-2.6429,-1.7785,-2.6719,365.913193,22.776662,0.005411,16.627556,0.002974
2003-09-03,0.1348,-1.943,1.2056,0.004784,-3.8859,-5.8289,-3.9024,-5.8578,358.803664,21.891581,0.005095,15.978682,0.0028
2003-09-04,0.1361,0.9622,1.204,0.004778,1.9245,2.8867,1.908,2.8578,362.256248,22.312884,0.005242,16.283558,0.00288
2003-09-05,0.1425,4.7677,1.2023,0.004771,9.5354,14.3031,9.5189,14.2742,379.527579,24.440512,0.005992,17.83358,0.003291
2003-09-08,0.1491,4.6033,1.1974,0.004752,9.2067,13.81,9.1902,13.7811,396.998469,26.690665,0.00682,19.472521,0.003745
2003-09-09,0.1583,6.1413,1.1958,0.004745,12.2827,18.424,12.2662,18.3952,421.379486,29.968992,0.008076,21.861064,0.004433
2003-09-10,0.1474,-6.8465,1.1941,0.004739,-13.693,-20.5395,-13.7095,-20.5684,392.529677,25.865329,0.006417,18.864027,0.003521
2003-09-11,0.1455,-1.2938,1.1925,0.004732,-2.5876,-3.8814,-2.604,-3.9102,387.451137,25.196039,0.006168,18.372801,0.003384
2003-09-12,0.1477,1.4681,1.1908,0.004725,2.9362,4.4043,2.9197,4.3755,393.139267,25.93584,0.00644,18.909241,0.003532
2003-09-15,0.1452,-1.654,1.1859,0.004706,-3.308,-4.9619,-3.3244,-4.9907,386.636829,25.077894,0.00612,18.280628,0.003356
2003-09-16,0.1497,3.1006,1.1842,0.004699,6.2011,9.3017,6.1847,9.273,398.624783,26.63301,0.00669,19.411237,0.003667
2003-09-17,0.1515,1.1725,1.1826,0.004693,2.345,3.5175,2.3286,3.4887,403.298609,27.257548,0.006925,19.863242,0.003795
2003-09-18,0.1526,0.7557,1.181,0.004686,1.5114,2.2671,1.495,2.2383,406.346281,27.669511,0.007082,20.160194,0.00388
2003-09-19,0.1514,-0.8004,1.1793,0.00468,-1.6008,-2.4011,-1.6171,-2.4299,403.093971,27.226589,0.006912,19.834174,0.003785
2003-09-22,0.1454,-3.9315,1.1744,0.00466,-7.863,-11.7944,-7.8793,-11.8231,387.246419,25.085774,0.006097,18.271376,0.003338
2003-09-23,0.1468,0.9444,1.1727,0.004654,1.8888,2.8332,1.8724,2.8045,390.903522,25.559587,0.006269,18.613491,0.003431
2003-09-24,0.1357,-7.588,1.1711,0.004647,-15.176,-22.764,-15.1923,-22.7926,361.241826,21.680673,0.004842,15.78567,0.002649
2003-09-25,0.1338,-1.4065,1.1695,0.004641,-2.813,-4.2195,-2.8294,-4.2482,356.160944,21.070793,0.004638,15.339037,0.002537
2003-09-26,0.1287,-3.8218,1.1678,0.004634,-7.6436,-11.4655,-7.66,-11.4941,342.549097,19.460216,0.004106,14.164068,0.002245
2003-09-29,0.1217,-5.3971,1.1629,0.004615,-10.7943,-16.1914,-10.8106,-16.22,324.061226,17.359624,0.003441,12.632846,0.001881
2003-09-30,0.1219,0.1249,1.1612,0.004608,0.2498,0.3748,0.2335,0.3462,324.466058,17.402997,0.003454,12.662348,0.001888
2003-10-01,0.1229,0.8145,1.1596,0.004602,1.629,2.4435,1.6127,2.415,327.108858,17.686494,0.003539,12.866555,0.001933
2003-10-02,0.1248,1.5526,1.1579,0.004595,3.1051,4.6577,3.0888,4.6291,332.187398,18.235679,0.003703,13.263978,0.002023
2003-10-03,0.128,2.6297,1.1563,0.004588,5.2594,7.8891,5.2431,7.8606,340.922943,19.194767,0.003996,13.959423,0.002182
2003-10-06,0.1271,-0.7745,1.1514,0.004569,-1.549,-2.3235,-1.5653,-2.352,338.282524,18.897444,0.003903,13.740922,0.00213
2003-10-07,0.1282,0.9009,1.1497,0.004562,1.8019,2.7028,1.7856,2.6744,341.330275,19.237956,0.004008,13.986284,0.002187
2003-10-08,0.1237,-3.5121,1.1481,0.004556,-7.0243,-10.5364,-7.0405,-10.5649,329.342321,17.886633,0.003586,13.001577,0.001956
2003-10-09,0.1255,1.4191,1.1464,0.004549,2.8381,4.2572,2.8219,4.2287,334.01591,18.39428,0.003739,13.368466,0.002039
2003-10-10,0.1277,1.7642,1.1448,0.004543,3.5284,5.2927,3.5122,5.2642,339.908679,19.04331,0.003936,13.837991,0.002146
2003-10-13,0.129,1.0157,1.1399,0.004523,2.0313,3.047,2.0151,3.0186,343.360985,19.430139,0.004056,14.116838,0.002211
2003-10-14,0.1313,1.8349,1.1382,0.004517,3.6698,5.5046,3.6535,5.4762,349.661244,20.143179,0.00428,14.632602,0.002332
2003-10-15,0.1297,-1.2789,1.1366,0.00451,-2.5577,-3.8366,-2.5739,-3.865,345.189556,19.627971,0.004116,14.255967,0.002242
2003-10-16,0.1313,1.2361,1.1349,0.004504,2.4722,3.7082,2.4559,3.6799,349.456368,20.113205,0.004268,14.606086,0.002324
2003-10-17,0.1271,-3.1396,1.1333,0.004497,-6.2792,-9.4188,-6.2954,-9.4471,338.484861,18.85026,0.003866,13.686576,0.002105
2003-10-20,0.13,2.2214,1.1284,0.004478,4.4428,6.6642,4.4266,6.6359,346.003943,19.687737,0.004124,14.292427,0.002245
2003-10-21,0.1339,3.0532,1.1267,0.004471,6.1064,9.1596,6.0902,9.1313,356.568118,20.889947,0.004501,15.162866,0.002449
2003-10-22,0.1316,-1.7094,1.1251,0.004465,-3.4189,-5.1283,-3.435,-5.1566,350.472814,20.175746,0.004271,14.642015,0.002323
2003-10-23,0.131,-0.464,1.1234,0.004458,-0.9279,-1.3919,-0.9441,-1.4202,348.846738,19.988529,0.004211,14.50378,0.00229
2003-10-24,0.1306,-0.3494,1.1218,0.004452,-0.6988,-1.0483,-0.715,-1.0765,347.627797,19.848841,0.004167,14.400078,0.002266
2003-10-27,0.1313,0.526,1.1168,0.004432,1.052,1.578,1.0359,1.5498,349.456368,20.057656,0.004233,14.549247,0.002301
2003-10-28,0.1395,6.279,1.1152,0.004425,12.5581,18.8371,12.5419,18.8089,371.398827,22.576508,0.00503,16.374002,0.002733
2003-10-29,0.1395,0.0,1.1136,0.004419,0.0,0.0,-0.0161,-0.0282,371.398827,22.576508,0.00503,16.371362,0.002733
2003-10-30,0.1369,-1.8597,1.1119,0.004412,-3.7194,-5.5791,-3.7355,-5.6073,364.491874,21.736791,0.00475,15.759802,0.002579
2003-10-31,0.1349,-1.4495,1.1103,0.004406,-2.8991,-4.3486,-2.9152,-4.3768,359.208458,21.106629,0.004543,15.300377,0.002466
2003-11-03,0.1374,1.8665,1.1053,0.004386,3.7331,5.5996,3.717,5.5715,365.913193,21.894552,0.004797,15.869087,0.002604
2003-11-04,0.1379,0.3331,1.1037,0.00438,0.6662,0.9994,0.6502,0.9712,367.132134,22.040424,0.004845,15.972262,0.002629
2003-11-05,0.1384,0.3879,1.1021,0.004373,0.7758,1.1637,0.7597,1.1356,368.55623,22.211412,0.004902,16.093606,0.002659
2003-11-06,0.1387,0.1653,1.1004,0.004367,0.3306,0.4959,0.3145,0.4678,369.165463,22.284844,0.004926,16.144225,0.002671
2003-11-07,0.166,19.7026,1.0988,0.00436,39.4052,59.1078,39.3892,59.0798,441.900706,31.066238,0.007838,22.5033,0.00425
2003-11-10,0.1655,-0.2759,1.0938,0.004341,-0.5518,-0.8277,-0.5679,-0.8558,440.681487,30.894812,0.007773,22.375514,0.004213
2003-11-11,0.1614,-2.4896,1.0922,0.004334,-4.9792,-7.4688,-4.9952,-7.4968,429.710297,29.3565,0.007192,21.257805,0.003898
2003-11-12,0.1635,1.3237,1.0905,0.004328,2.6474,3.9711,2.6314,3.9431,435.398388,30.133686,0.007478,21.817177,0.004051
2003-11-13,0.1636,0.047,1.0889,0.004321,0.094,0.1411,0.078,0.113,435.603105,30.162023,0.007488,21.834197,0.004056
2003-11-14,0.1539,-5.9239,1.0873,0.004315,-11.8478,-17.7717,-11.8638,-17.7997,409.798468,26.588494,0.006158,19.243832,0.003334
2003-11-17,0.1523,-1.0411,1.0823,0.004295,-2.0822,-3.1233,-2.0982,-3.1513,405.532013,26.034863,0.005965,18.840054,0.003229
2003-11-18,0.1501,-1.4525,1.0807,0.004288,-2.9051,-4.3576,-2.9211,-4.3855,399.641546,25.278535,0.005705,18.289726,0.003087
2003-11-19,0.1543,2.796,1.079,0.004282,5.5919,8.3879,5.5759,8.3599,410.815351,26.692089,0.006184,19.309548,0.003345
2003-11-20,0.1502,-2.6707,1.0774,0.004275,-5.3414,-8.0121,-5.3574,-8.04,399.843724,25.26636,0.005688,18.275063,0.003076
2003-11-21,0.1508,0.4068,1.0758,0.004269,0.8136,1.2204,0.7976,1.1925,401.470236,25.471921,0.005758,18.420825,0.003113
2003-11-24,0.1599,6.0218,1.0708,0.004249,12.0436,18.0654,12.0276,18.0375,425.645981,28.539659,0.006798,20.636417,0.003675
2003-11-25,0.1626,1.7184,1.0692,0.004243,3.4367,5.1551,3.4208,5.1273,432.960147,29.520491,0.007148,21.342345,0.003863
2003-11-26,0.1628,0.0941,1.0675,0.004236,0.1882,0.2823,0.1722,0.2544,433.367519,29.576043,0.007169,21.379105,0.003873
2003-11-28,0.162,-0.4687,1.0642,0.004223,-0.9373,-1.406,-0.9533,-1.4338,431.336492,29.29882,0.007068,21.175308,0.003817
2003-12-01,0.1643,1.4131,1.0593,0.004204,2.8263,4.2394,2.8104,4.2116,437.431875,30.126886,0.007367,21.770412,0.003978
2003-12-02,0.1636,-0.4181,1.0577,0.004197,-0.8361,-1.2542,-0.852,-1.282,435.603105,29.874983,0.007275,21.584918,0.003927
2003-12-03,0.1619,-1.0265,1.056,0.004191,-2.053,-3.0795,-2.0689,-3.1073,431.131615,29.261647,0.007051,21.138346,0.003805
2003-12-04,0.1611,-0.518,1.0544,0.004184,-1.036,-1.554,-1.0519,-1.5818,428.898291,28.958487,0.006941,20.915988,0.003745
2003-12-05,0.1559,-3.2214,1.0527,0.004178,-6.4428,-9.6642,-6.4587,-9.6919,415.081806,27.092756,0.006271,19.565095,0.003382
2003-12-08,0.157,0.7342,1.0478,0.004158,1.4685,2.2027,1.4526,2.175,418.129477,27.490604,0.006409,19.849298,0.003455
2003-12-09,0.1489,-5.1994,1.0462,0.004151,-10.3989,-15.5983,-10.4147,-15.626,396.389077,24.631888,0.005409,17.782045,0.002915
2003-12-10,0.1522,2.2044,1.0445,0.004145,4.4088,6.6132,4.393,6.5856,405.127101,25.717862,0.005767,18.563203,0.003107
2003-12-11,0.1599,5.0648,1.0429,0.004138,10.1296,15.1944,10.1138,15.1668,425.645981,28.322979,0.006643,20.44064,0.003579
2003-12-12,0.159,-0.5247,1.0412,0.004132,-1.0493,-1.574,-1.0652,-1.6016,423.412775,28.025778,0.006538,20.222914,0.003521
2003-12-15,0.1558,-2.0153,1.0363,0.004112,-4.0307,-6.046,-4.0465,-6.0736,414.879548,26.896146,0.006143,19.404592,0.003308
2003-12-16,0.158,1.371,1.0347,0.004106,2.742,4.113,2.7262,4.0854,420.567559,27.63364,0.006396,19.933599,0.003443
2003-12-17,0.1549,-1.9322,1.033,0.004099,-3.8644,-5.7966,-3.8802,-5.8242,412.441307,26.56576,0.006025,19.16013,0.003242
2003-12-18,0.1584,2.2658,1.0314,0.004093,4.5316,6.7975,4.5158,6.7699,421.786501,27.769627,0.006435,20.025372,0.003462
2003-12-19,0.1608,1.4931,1.0297,0.004086,2.9862,4.4793,2.9704,4.4517,428.084142,28.598876,0.006723,20.620203,0.003616
2003-12-22,0.161,0.1424,1.0248,0.004067,0.2848,0.4271,0.269,0.3996,428.693653,28.680315,0.006752,20.675669,0.00363
2003-12-23,0.1676,4.076,1.0232,0.00406,8.152,12.2281,8.1363,12.2006,446.16728,31.018344,0.007577,22.357896,0.004073
2003-12-24,0.1664,-0.7284,1.0215,0.004054,-1.4568,-2.1852,-1.4726,-2.2127,442.917391,30.566468,0.007412,22.028662,0.003983
2003-12-26,0.1735,4.3117,1.0182,0.004041,8.6235,12.9352,8.6077,12.9078,462.014872,33.202366,0.00837,23.924834,0.004497
2003-12-29,0.1809,4.2216,1.0133,0.004021,8.4433,12.6649,8.4275,12.6375,481.519408,36.005725,0.00943,25.941105,0.005065
2003-12-30,0.1812,0.2111,1.0116,0.004014,0.4222,0.6333,0.4065,0.606,482.535973,36.157753,0.00949,26.046559,0.005096
2003-12-31,0.177,-2.3161,1.01,0.004008,-4.6322,-6.9484,-4.648,-6.9757,471.359868,34.48284,0.008831,24.835927,0.004741
2004-01-02,0.1761,-0.5172,1.012,0.004016,-1.0345,-1.5517,-1.0502,-1.5791,468.921786,34.126119,0.008694,24.575098,0.004666
2004-01-05,0.1818,3.2496,1.0149,0.004027,6.4991,9.7487,6.4834,9.7213,484.159748,36.344026,0.009541,26.168403,0.005119
2004-01-06,0.1892,4.0708,1.0159,0.004031,8.1417,12.2125,8.1259,12.1851,503.869081,39.303035,0.010706,28.294829,0.005743
2004-01-07,0.1909,0.887,1.0169,0.004035,1.7739,2.6609,1.7582,2.6335,508.338269,40.00025,0.010991,28.79231,0.005894
2004-01-08,0.1916,0.3597,1.0179,0.004039,0.7194,1.0791,0.7037,1.0517,510.166841,40.288025,0.01111,28.994918,0.005956
2004-01-09,0.1944,1.4337,1.0189,0.004043,2.8673,4.301,2.8516,4.2736,517.480967,41.443222,0.011588,29.821736,0.006211
2004-01-12,0.1966,1.1387,1.0218,0.004055,2.2775,3.4162,2.2617,3.3888,523.373776,42.38709,0.011984,30.496225,0.006421
2004-01-13,0.1864,-5.1634,1.0228,0.004059,-10.3267,-15.4901,-10.3425,-15.5176,496.350118,38.009897,0.010127,27.342159,0.005425
2004-01-14,0.1851,-0.7368,1.0238,0.004063,-1.4736,-2.2104,-1.4894,-2.2379,492.693015,37.449783,0.009904,26.934934,0.005304
2004-01-15,0.1854,0.1653,1.0248,0.004066,0.3306,0.4959,0.3148,0.4684,493.507362,37.573581,0.009953,27.019724,0.005328
2004-01-16,0.1882,1.5231,1.0257,0.00407,3.0461,4.5692,3.0304,4.5417,501.023825,38.718125,0.010407,27.83852,0.00557
2004-01-20,0.1934,2.7981,1.0297,0.004086,5.5961,8.3942,5.5804,8.3667,515.042846,40.884849,0.011281,29.392009,0.006036
2004-01-21,0.1845,-4.6154,1.0307,0.00409,-9.2308,-13.8462,-9.2466,-13.8738,491.271498,37.110841,0.009719,26.674242,0.005199
2004-01-22,0.1802,-2.3161,1.0316,0.004094,-4.6322,-6.9484,-4.648,-6.9759,479.893055,35.391777,0.009044,25.434412,0.004836
2004-01-23,0.1762,-2.2435,1.0326,0.004098,-4.487,-6.7306,-4.5029,-6.7581,469.126543,33.803731,0.008435,24.289138,0.004509
2004-01-26,0.1831,3.941,1.0356,0.004109,7.8819,11.8229,7.8661,11.7953,487.614633,36.468115,0.009432,26.199747,0.005041
2004-01-27,0.1727,-5.7085,1.0366,0.004113,-11.417,-17.1255,-11.4328,-17.1531,459.779127,32.304546,0.007817,23.204375,0.004177
2004-01-28,0.1722,-0.2652,1.0375,0.004117,-0.5303,-0.7955,-0.5461,-0.8231,458.559987,32.13323,0.007755,23.077647,0.004142
2004-01-29,0.1672,-2.9242,1.0385,0.004121,-5.8485,-8.7727,-5.8643,-8.8003,445.150596,30.253925,0.007074,21.724303,0.003778
2004-01-30,0.1698,1.5521,1.0395,0.004125,3.1043,4.6564,3.0884,4.6288,452.05993,31.193088,0.007404,22.395244,0.003953
2004-02-02,0.1725,1.618,1.0425,0.004137,3.236,4.854,3.2202,4.8264,459.374334,32.202507,0.007763,23.116414,0.004143
2004-02-03,0.1719,-0.354,1.0434,0.004141,-0.708,-1.062,-0.7239,-1.0897,457.7481,31.974506,0.007681,22.949081,0.004098
2004-02-04,0.1673,-2.7073,1.0444,0.004145,-5.4146,-8.1219,-5.4305,-8.1496,445.355433,30.243207,0.007057,21.702837,0.003764
2004-02-05,0.1698,1.5054,1.0454,0.004148,3.0109,4.5163,2.995,4.4886,452.05993,31.153785,0.007376,22.352837,0.003933
2004-02-06,0.1737,2.2921,1.0464,0.004152,4.5843,6.8764,4.5684,6.8487,462.421768,32.581961,0.007883,23.374008,0.004203
2004-02-09,0.1725,-0.7033,1.0493,0.004164,-1.4066,-2.1099,-1.4225,-2.1376,459.169537,32.123661,0.007717,23.041517,0.004113
2004-02-10,0.1788,3.6727,1.0503,0.004168,7.3455,11.0182,7.3296,10.9905,476.033655,34.4833,0.008567,24.730371,0.004565
2004-02-11,0.1851,3.4996,1.0513,0.004172,6.9992,10.4989,6.9834,10.4711,492.693015,36.896867,0.009466,26.457382,0.005043
2004-02-12,0.1795,-3.0101,1.0523,0.004176,-6.0203,-9.0304,-6.0362,-9.0582,477.862226,34.675567,0.008611,24.860367,0.004586
2004-02-13,0.1778,-0.9352,1.0533,0.00418,-1.8704,-2.8056,-1.8863,-2.8333,473.393315,34.027003,0.00837,24.391435,0.004456
2004-02-17,0.1798,1.1155,1.0572,0.004195,2.231,3.3465,2.2151,3.3188,478.674074,34.786154,0.00865,24.931735,0.004604
2004-02-18,0.1798,0.0,1.0582,0.004199,0.0,0.0,-0.0159,-0.0278,478.674074,34.786154,0.00865,24.92777,0.004603
2004-02-19,0.1797,-0.0423,1.0592,0.004203,-0.0845,-0.1268,-0.1005,-0.1546,478.471736,34.756745,0.008639,24.90273,0.004595
2004-02-20,0.1842,2.5055,1.0602,0.004207,5.011,7.5164,4.995,7.4886,490.45973,36.498389,0.009288,26.146631,0.00494
2004-02-23,0.1778,-3.4797,1.0631,0.004219,-6.9594,-10.439,-6.9753,-10.4668,473.393315,33.958337,0.008319,24.32283,0.004423
2004-02-24,0.1707,-3.9914,1.0641,0.004223,-7.9828,-11.9743,-7.9988,-12.0021,454.49821,31.247498,0.007323,22.377304,0.003892
2004-02-25,0.1717,0.5809,1.0651,0.004227,1.1619,1.7428,1.1459,1.715,457.13851,31.610548,0.00745,22.63373,0.003959
2004-02-26,0.1728,0.6667,1.0661,0.00423,1.3334,2.0002,1.3175,1.9723,460.186341,32.032056,0.007599,22.93193,0.004037
2004-02-27,0.1698,-1.7659,1.067,0.004234,-3.5318,-5.2977,-3.5477,-5.3255,452.05993,30.90075,0.007197,22.118367,0.003822
2004-03-01,0.1723,1.4832,1.07,0.004246,2.9664,4.4495,2.9504,4.4217,458.764784,31.817377,0.007517,22.770948,0.003991
2004-03-02,0.1691,-1.86,1.071,0.00425,-3.72,-5.58,-3.736,-5.6079,450.231716,30.633764,0.007097,21.920231,0.003767
2004-03-03,0.1669,-1.3089,1.072,0.004254,-2.6178,-3.9267,-2.6337,-3.9545,444.338669,29.831838,0.006819,21.342908,0.003618
2004-03-04,0.1706,2.1948,1.073,0.004258,4.3896,6.5844,4.3736,6.5565,454.090957,31.141329,0.007268,22.276364,0.003855
2004-03-05,0.1693,-0.7157,1.0739,0.004262,-1.4314,-2.1471,-1.4474,-2.175,450.840988,30.695567,0.007112,21.953939,0.003771
2004-03-08,0.1635,-3.4702,1.0769,0.004273,-6.9404,-10.4105,-6.9563,-10.4384,435.196011,28.565186,0.006371,20.42675,0.003378
2004-03-09,0.1623,-0.7003,1.0779,0.004277,-1.4006,-2.1009,-1.4166,-2.1288,432.148379,28.165108,0.006237,20.137392,0.003306
2004-03-10,0.1599,-1.4573,1.0789,0.004281,-2.9146,-4.3719,-2.9306,-4.3998,425.850698,27.34421,0.005965,19.54725,0.00316
2004-03-11,0.1587,-0.7637,1.0798,0.004285,-1.5274,-2.2911,-1.5434,-2.319,422.598468,26.926554,0.005828,19.245558,0.003087
2004-03-12,0.1621,2.1156,1.0808,0.004289,4.2312,6.3467,4.2152,6.3188,431.538868,28.065858,0.006198,20.05679,0.003282
2004-03-15,0.1584,-2.2599,1.0838,0.004301,-4.5198,-6.7797,-4.5358,-6.8077,421.786501,26.797335,0.005778,19.14705,0.003059
2004-03-16,0.1652,4.2873,1.0848,0.004305,8.5747,12.862,8.5586,12.834,439.869877,29.095115,0.006521,20.785779,0.003451
2004-03-17,0.1693,2.4476,1.0857,0.004308,4.8952,7.3429,4.8792,7.3149,450.636231,30.519392,0.007,21.799965,0.003704
2004-03-18,0.1712,1.1275,1.0867,0.004312,2.255,3.3826,2.239,3.3546,455.717231,31.207615,0.007236,22.28807,0.003828
2004-03-19,0.1692,-1.1593,1.0877,0.004316,-2.3187,-3.478,-2.3347,-3.506,450.433894,30.484006,0.006985,21.767707,0.003694
2004-03-22,0.1679,-0.767,1.0907,0.004328,-1.534,-2.301,-1.55,-2.329,446.979128,30.01639,0.006824,21.430306,0.003608
2004-03-23,0.1686,0.4091,1.0916,0.004332,0.8182,1.2273,0.8022,1.1993,448.807699,30.261982,0.006908,21.60221,0.003651
2004-03-24,0.1761,4.4817,1.0926,0.004336,8.9633,13.445,8.9473,13.417,468.921786,32.974467,0.007837,23.535024,0.004141
2004-03-25,0.1863,5.8061,1.0936,0.00434,11.6122,17.4183,11.5961,17.3902,496.147781,36.803517,0.009202,26.264175,0.004861
2004-03-26,0.1858,-0.2865,1.0946,0.004344,-0.5731,-0.8596,-0.5891,-0.8877,494.726145,36.592608,0.009122,26.109447,0.004818
2004-03-29,0.1938,4.3122,1.0975,0.004355,8.6244,12.9365,8.6083,12.9085,516.059609,39.748483,0.010303,28.357025,0.005439
2004-03-30,0.1996,2.9919,1.0985,0.004359,5.9839,8.9758,5.9678,8.9478,531.499829,42.126989,0.011227,30.049322,0.005926
2004-03-31,0.2015,0.9174,1.0995,0.004363,1.8348,2.7522,1.8188,2.7241,536.375874,42.899945,0.011536,30.595846,0.006088
2004-04-01,0.1979,-1.7804,1.1005,0.004367,-3.5609,-5.3413,-3.577,-5.3694,526.826002,41.372326,0.01092,29.501444,0.005761
2004-04-02,0.2007,1.4272,1.1015,0.004371,2.8544,4.2817,2.8384,4.2536,534.344966,42.553274,0.011388,30.338802,0.006006
2004-04-05,0.2079,3.574,1.1044,0.004383,7.148,10.722,7.1319,10.6939,553.442447,45.594981,0.012609,32.502537,0.006648
2004-04-06,0.1995,-4.0384,1.1054,0.004387,-8.0767,-12.1151,-8.0928,-12.1432,531.092497,41.91241,0.011081,29.872174,0.005841
2004-04-07,0.1984,-0.5352,1.1064,0.00439,-1.0705,-1.6057,-1.0866,-1.6339,528.2499,41.463749,0.010903,29.547592,0.005745
2004-04-08,0.2041,2.8458,1.1074,0.004394,5.6917,8.5375,5.6756,8.5094,543.283065,43.823736,0.011834,31.224591,0.006234
2004-04-12,0.2002,-1.8696,1.1113,0.00441,-3.7391,-5.6087,-3.7553,-5.6369,533.126024,42.185108,0.01117,30.052029,0.005883
2004-04-13,0.1956,-2.325,1.1123,0.004414,-4.65,-6.975,-4.6661,-7.0032,520.730778,40.22349,0.010391,28.649758,0.005471
2004-04-14,0.1966,0.5076,1.1133,0.004418,1.0151,1.5227,0.999,1.4945,523.373776,40.631803,0.010549,28.935966,0.005553
2004-04-15,0.1863,-5.2407,1.1143,0.004422,-10.4814,-15.7221,-10.4975,-15.7503,495.945325,36.373021,0.008891,25.898404,0.004678
2004-04-16,0.1802,-3.2775,1.1152,0.004426,-6.5551,-9.8326,-6.5712,-9.8608,479.690559,33.988746,0.008017,24.19657,0.004217
2004-04-19,0.1799,-0.127,1.1182,0.004437,-0.254,-0.381,-0.2701,-0.4092,479.081366,33.902417,0.007986,24.131205,0.004199
2004-04-20,0.1723,-4.2407,1.1192,0.004441,-8.4815,-12.7222,-8.4976,-12.7505,458.764784,31.026992,0.00697,22.080627,0.003664
2004-04-21,0.1725,0.1329,1.1202,0.004445,0.2657,0.3986,0.2496,0.3703,459.374334,31.109442,0.006998,22.135737,0.003678
2004-04-22,0.1735,0.5748,1.1211,0.004449,1.1496,1.7244,1.1335,1.6962,462.014872,31.467083,0.007119,22.386638,0.00374
2004-04-23,0.1773,2.1989,1.1221,0.004453,4.3978,6.5968,4.3817,6.5685,472.174215,32.850956,0.007588,23.36755,0.003986
2004-04-26,0.1704,-3.916,1.1251,0.004465,-7.832,-11.7481,-7.8482,-11.7764,453.683784,30.278057,0.006697,21.533616,0.003516
2004-04-27,0.1689,-0.8507,1.1261,0.004469,-1.7013,-2.552,-1.7175,-2.5803,449.824423,29.762923,0.006526,21.163772,0.003426
2004-04-28,0.1683,-0.4065,1.127,0.004472,-0.8131,-1.2196,-0.8292,-1.2479,447.995772,29.520935,0.006446,20.988275,0.003383
2004-04-29,0.1636,-2.7662,1.128,0.004476,-5.5325,-8.2987,-5.5487,-8.3271,435.603105,27.887692,0.005911,19.823704,0.003101
2004-04-30,0.1566,-4.2912,1.129,0.00448,-8.5824,-12.8736,-8.5986,-12.902,416.910456,25.494252,0.00515,18.119141,0.002701
2004-05-03,0.1546,-1.2673,1.132,0.004492,-2.5345,-3.8018,-2.5507,-3.8301,411.627119,24.848095,0.004954,17.656973,0.002598
2004-05-04,0.1644,6.3672,1.133,0.004496,12.7344,19.1016,12.7182,19.0733,437.836271,28.012355,0.005901,19.902625,0.003093
2004-05-05,0.1658,0.8353,1.1339,0.0045,1.6706,2.5059,1.6544,2.4776,441.493573,28.480336,0.006049,20.231897,0.00317
2004-05-06,0.1672,0.8283,1.1349,0.004504,1.6567,2.485,1.6404,2.4566,445.150596,28.952159,0.006199,20.563792,0.003247
2004-05-07,0.1685,0.7761,1.1359,0.004508,1.5521,2.3282,1.5359,2.2998,448.605243,29.401533,0.006343,20.879633,0.003322
2004-05-10,0.1619,-3.8951,1.1389,0.004519,-7.7902,-11.6853,-7.8064,-11.7137,431.131615,27.111094,0.005602,19.24968,0.002933
2004-05-11,0.1659,2.4509,1.1398,0.004523,4.9018,7.3527,4.8855,7.3243,441.698171,28.440019,0.006014,20.190132,0.003148
2004-05-12,0.1636,-1.3799,1.1408,0.004527,-2.7598,-4.1397,-2.7761,-4.1682,435.603105,27.655122,0.005765,19.62964,0.003017
2004-05-13,0.1641,0.3263,1.1418,0.004531,0.6526,0.9789,0.6363,0.9504,437.024424,27.835592,0.005821,19.754551,0.003045
2004-05-14,0.1641,0.0,1.1428,0.004535,0.0,0.0,-0.0162,-0.0284,437.024424,27.835592,0.005821,19.751343,0.003044
2004-05-17,0.1615,-1.5805,1.1457,0.004547,-3.1609,-4.7414,-3.1772,-4.7699,430.117391,26.955727,0.005545,19.123805,0.002899
2004-05-18,0.1641,1.6058,1.1467,0.00455,3.2117,4.8175,3.1954,4.7891,437.024424,27.821463,0.005813,19.734895,0.003038
2004-05-19,0.1638,-0.2326,1.1477,0.004554,-0.4653,-0.6979,-0.4815,-0.7264,436.007779,27.692022,0.005772,19.639868,0.003016
2004-05-20,0.1614,-1.4444,1.1487,0.004558,-2.8887,-4.3331,-2.905,-4.3615,429.710297,26.892082,0.005522,19.069336,0.002884
2004-05-21,0.1618,0.2366,1.1497,0.004562,0.4732,0.7097,0.4569,0.6812,430.726902,27.019324,0.005561,19.156462,0.002904
2004-05-24,0.1612,-0.3306,1.1526,0.004574,-0.6611,-0.9917,-0.6774,-1.0202,429.303123,26.840698,0.005506,19.026699,0.002874
2004-05-25,0.1683,4.3542,1.1536,0.004578,8.7084,13.0626,8.6921,13.034,447.995772,29.178085,0.006225,20.680516,0.003249
2004-05-26,0.1717,2.0408,1.1546,0.004582,4.0816,6.1224,4.0653,6.0939,457.13851,30.369023,0.006606,21.521247,0.003447
2004-05-27,0.1722,0.311,1.1556,0.004586,0.6219,0.9329,0.6056,0.9043,458.559987,30.557888,0.006668,21.651582,0.003478
2004-05-28,0.1789,3.8993,1.1566,0.00459,7.7986,11.698,7.7823,11.6694,476.440709,32.940988,0.007448,23.336583,0.003884
2004-06-01,0.1788,-0.0854,1.1605,0.004605,-0.1709,-0.2563,-0.1872,-0.2849,476.033655,32.884701,0.007429,23.2929,0.003873
2004-06-02,0.1774,-0.7683,1.1615,0.004609,-1.5365,-2.3048,-1.5528,-2.3334,472.376472,32.37942,0.007258,22.931199,0.003783
2004-06-03,0.1689,-4.817,1.1625,0.004613,-9.634,-14.4509,-9.6503,-14.4795,449.622205,29.260001,0.006209,20.718276,0.003235
2004-06-04,0.1672,-0.9945,1.1634,0.004617,-1.9891,-2.9836,-2.0054,-3.0122,445.150596,28.678005,0.006024,20.302796,0.003138
2004-06-07,0.1712,2.4192,1.1664,0.004629,4.8384,7.2577,4.8221,7.229,455.919767,30.065573,0.006461,21.281818,0.003364
2004-06-08,0.1682,-1.7824,1.1674,0.004632,-3.5648,-5.3472,-3.5811,-5.3758,447.793435,28.993793,0.006115,20.519685,0.003184
2004-06-09,0.1603,-4.6737,1.1684,0.004636,-9.3474,-14.0211,-9.3638,-14.0498,426.864883,26.283623,0.005258,18.598272,0.002736
2004-06-10,0.1587,-0.9995,1.1693,0.00464,-1.999,-2.9984,-2.0153,-3.0271,422.598468,25.758226,0.0051,18.223461,0.002653
2004-06-14,0.1538,-3.1246,1.1733,0.004656,-6.2493,-9.3739,-6.2656,-9.4026,409.393834,24.148528,0.004622,17.081648,0.002404
2004-06-15,0.1561,1.4888,1.1743,0.00466,2.9776,4.4664,2.9613,4.4378,415.48894,24.86758,0.004829,17.58748,0.002511
2004-06-16,0.1536,-1.565,1.1752,0.004664,-3.1299,-4.6949,-3.1463,-4.7236,408.9867,24.089244,0.004602,17.034127,0.002392
2004-06-17,0.1506,-1.9869,1.1762,0.004668,-3.9737,-5.9606,-3.9901,-5.9893,400.860647,23.131998,0.004328,16.354444,0.002249
2004-06-18,0.1508,0.1521,1.1772,0.004671,0.3041,0.4562,0.2878,0.4275,401.470236,23.202352,0.004347,16.401506,0.002258
2004-06-21,0.1481,-1.7715,1.1802,0.004683,-3.543,-5.3145,-3.5594,-5.3432,394.358169,22.38029,0.004116,15.817711,0.002138
2004-06-22,0.1523,2.8334,1.1811,0.004687,5.6669,8.5003,5.6505,8.4715,405.532013,23.648548,0.004466,16.711484,0.002319
2004-06-23,0.1549,1.7038,1.1821,0.004691,3.4075,5.1113,3.3911,5.0825,412.441307,24.454377,0.004694,17.278191,0.002437
2004-06-24,0.1535,-0.8867,1.1831,0.004695,-1.7733,-2.66,-1.7897,-2.6887,408.784363,24.020723,0.00457,16.96896,0.002371
2004-06-25,0.1545,0.6459,1.1841,0.004699,1.2918,1.9377,1.2754,1.9089,411.424703,24.331023,0.004658,17.185381,0.002416
2004-06-28,0.1532,-0.8397,1.187,0.004711,-1.6794,-2.519,-1.6958,-2.5478,407.970056,23.922418,0.004541,16.893956,0.002355
2004-06-29,0.1585,3.4362,1.188,0.004714,6.8724,10.3086,6.856,10.2798,421.988759,25.566467,0.005009,18.052205,0.002597
2004-06-30,0.1562,-1.4444,1.189,0.004718,-2.8888,-4.3331,-2.9052,-4.3619,415.893653,24.827915,0.004792,17.527756,0.002484
2004-07-01,0.149,-4.5919,1.19,0.004722,-9.1838,-13.7757,-9.2002,-13.8045,396.796251,22.547771,0.004132,15.915164,0.002141
2004-07-02,0.147,-1.3825,1.191,0.004726,-2.765,-4.1474,-2.7814,-4.1763,391.310616,21.924333,0.00396,15.472501,0.002051
2004-07-06,0.1383,-5.8673,1.1949,0.004742,-11.7345,-17.6018,-11.751,-17.6307,368.351354,19.351612,0.003263,13.654328,0.00169
2004-07-07,0.139,0.4964,1.1959,0.004746,0.9928,1.4892,0.9763,1.4603,370.179806,19.543731,0.003312,13.787638,0.001714
2004-07-08,0.1348,-3.0731,1.1969,0.00475,-6.1463,-9.2194,-6.1627,-9.2483,358.803664,18.342518,0.003007,12.937943,0.001556
2004-07-09,0.129,-4.3039,1.1979,0.004753,-8.6079,-12.9118,-8.6243,-12.9407,343.360985,16.763618,0.002618,11.822132,0.001355
2004-07-12,0.126,-2.3076,1.2008,0.004765,-4.6153,-6.9229,-4.6318,-6.9518,335.437427,15.989928,0.002437,11.274558,0.00126
2004-07-13,0.1258,-0.1817,1.2018,0.004769,-0.3635,-0.5452,-0.38,-0.5741,334.827797,15.931807,0.002424,11.23172,0.001253
2004-07-14,0.1202,-4.4294,1.2028,0.004773,-8.8587,-13.2881,-8.8752,-13.317,319.997068,14.520453,0.002102,10.234882,0.001086
2004-07-15,0.1193,-0.6987,1.2038,0.004777,-1.3974,-2.096,-1.4138,-2.1249,317.761323,14.317551,0.002058,10.090178,0.001063
2004-07-16,0.1158,-2.9409,1.2048,0.004781,-5.8818,-8.8228,-5.8983,-8.8517,308.416209,13.475415,0.001876,9.495025,0.000969
2004-07-19,0.1171,1.1201,1.2077,0.004792,2.2403,3.3604,2.2238,3.3314,311.870876,13.777299,0.001939,9.706172,0.001001
2004-07-20,0.1195,2.0193,1.2087,0.004796,4.0385,6.0578,4.022,6.0289,318.168398,14.333702,0.002057,10.096559,0.001062
2004-07-21,0.1123,-6.0666,1.2097,0.0048,-12.1333,-18.1999,-12.1498,-18.2289,298.866258,12.594553,0.001682,8.869848,0.000868
2004-07-22,0.1146,2.108,1.2107,0.004804,4.2159,6.3239,4.1994,6.2949,305.16622,13.125527,0.001789,9.242328,0.000923
2004-07-23,0.1116,-2.6637,1.2116,0.004808,-5.3273,-7.991,-5.3438,-8.02,297.037607,12.426287,0.001646,8.748432,0.000849
2004-07-26,0.1084,-2.8038,1.2146,0.00482,-5.6076,-8.4114,-5.6241,-8.4404,288.709276,11.729471,0.001507,8.25641,0.000777
2004-07-27,0.112,3.3069,1.2156,0.004824,6.6139,9.9208,6.5974,9.8918,298.256747,12.505247,0.001657,8.801116,0.000854
2004-07-28,0.1092,-2.5202,1.2166,0.004828,-5.0403,-7.5605,-5.0569,-7.5895,290.740165,11.874939,0.001532,8.356054,0.000789
2004-07-29,0.1164,6.5686,1.2175,0.004832,13.1371,19.7057,13.1206,19.6767,309.837607,13.434964,0.001833,9.452417,0.000945
2004-07-30,0.1177,1.115,1.2185,0.004835,2.23,3.345,2.2135,3.316,313.292333,13.734567,0.001895,9.661644,0.000976
2004-08-02,0.1192,1.2973,1.2215,0.004847,2.5946,3.892,2.5781,3.8629,317.356748,14.090931,0.001968,9.910731,0.001014
2004-08-03,0.113,-5.1857,1.2225,0.004851,-10.3714,-15.557,-10.3879,-15.5861,300.899646,12.62951,0.001662,8.881212,0.000856
2004-08-04,0.1142,1.0801,1.2234,0.004855,2.1601,3.2402,2.1436,3.2111,304.149536,12.902322,0.001716,9.071586,0.000883
2004-08-05,0.1111,-2.7391,1.2244,0.004859,-5.4782,-8.2173,-5.4947,-8.2464,295.818606,12.195509,0.001575,8.573125,0.00081
2004-08-06,0.072,-35.2336,1.2254,0.004863,-70.4672,-105.7008,-70.4838,-105.7299,191.591071,3.601676,-9e-05,2.530464,-4.6e-05
2004-08-09,0.0752,4.4539,1.2284,0.004874,8.9078,13.3616,8.8912,13.3325,200.124298,3.922504,-0.000102,2.755452,-5.3e-05
2004-08-10,0.0811,7.9188,1.2293,0.004878,15.8377,23.7565,15.8211,23.7274,215.971811,4.543738,-0.000126,3.191394,-6.5e-05
2004-08-11,0.0788,-2.9159,1.2303,0.004882,-5.8318,-8.7477,-5.8484,-8.7769,209.674269,4.278755,-0.000115,3.004749,-5.9e-05
2004-08-12,0.0769,-2.3256,1.2313,0.004886,-4.6512,-6.9768,-4.6678,-7.0059,204.798085,4.079742,-0.000107,2.864493,-5.5e-05
2004-08-13,0.0801,4.1667,1.2323,0.00489,8.3334,12.5002,8.3168,12.471,213.331451,4.419725,-0.00012,3.102729,-6.2e-05
2004-08-16,0.0794,-0.952,1.2352,0.004902,-1.9041,-2.8561,-1.9207,-2.8853,211.300464,4.33557,-0.000117,3.043135,-6e-05
2004-08-17,0.0837,5.4808,1.2362,0.004906,10.9615,16.4423,10.9449,16.4131,222.881363,4.810816,-0.000136,3.376204,-7e-05
2004-08-18,0.0893,6.6541,1.2372,0.00491,13.3081,19.9622,13.2915,19.933,237.712052,5.451046,-0.000163,3.824954,-8.4e-05
2004-08-19,0.089,-0.3416,1.2382,0.004913,-0.6831,-1.0247,-0.6998,-1.0539,236.900105,5.413808,-0.000162,3.798188,-8.3e-05
2004-08-20,0.0942,5.9177,1.2392,0.004917,11.8354,17.7531,11.8187,17.7239,250.919106,6.054552,-0.00019,4.247087,-9.8e-05
2004-08-23,0.0963,2.1862,1.2421,0.004929,4.3725,6.5587,4.3559,6.5295,256.40482,6.319287,-0.000203,4.432084,-0.000105
2004-08-24,0.0927,-3.7246,1.2431,0.004933,-7.4491,-11.1737,-7.4658,-11.2029,246.854849,5.848555,-0.00018,4.101194,-9.3e-05
2004-08-25,0.0967,4.2795,1.2441,0.004937,8.559,12.8386,8.5424,12.8093,257.419044,6.349135,-0.000203,4.451534,-0.000105
2004-08-26,0.0969,0.2368,1.2451,0.004941,0.4735,0.7103,0.4569,0.681,258.028515,6.3792,-0.000205,4.471872,-0.000105
2004-08-27,0.0987,1.8898,1.2461,0.004945,3.7795,5.6693,3.7629,5.64,262.90462,6.620302,-0.000216,4.640143,-0.000111
2004-08-30,0.0955,-3.3227,1.249,0.004956,-6.6454,-9.968,-6.662,-9.9973,254.169135,6.180359,-0.000195,4.331015,-0.0001
2004-08-31,0.0951,-0.4,1.25,0.00496,-0.8001,-1.2001,-0.8168,-1.2294,253.152351,6.130911,-0.000192,4.295641,-9.9e-05
2004-09-01,0.0969,1.9262,1.251,0.004964,3.8524,5.7785,3.8357,5.7492,258.028515,6.367095,-0.000203,4.460409,-0.000105
2004-09-02,0.1009,4.0951,1.252,0.004968,8.1903,12.2854,8.1736,12.2561,268.59513,6.888578,-0.000228,4.824984,-0.000117
2004-09-03,0.0978,-3.0263,1.253,0.004972,-6.0526,-9.0789,-6.0693,-9.1082,260.466617,6.471638,-0.000208,4.532142,-0.000107
2004-09-07,0.096,-1.8721,1.2569,0.004988,-3.7442,-5.6162,-3.7609,-5.6456,255.590473,6.22933,-0.000196,4.361695,-0.000101
2004-09-08,0.094,-2.0662,1.2579,0.004992,-4.1323,-6.1985,-4.149,-6.2278,250.309576,5.971915,-0.000184,4.180728,-9.4e-05
2004-09-09,0.1034,9.9837,1.2589,0.004995,19.9675,29.9512,19.9508,29.9219,275.299846,7.164356,-0.000239,5.014816,-0.000123
2004-09-10,0.1074,3.8373,1.2598,0.004999,7.6746,11.512,7.6579,11.4826,285.863981,7.714195,-0.000266,5.398847,-0.000137
2004-09-13,0.1094,1.919,1.2628,0.005011,3.838,5.757,3.8213,5.7276,291.349675,8.010263,-0.000282,5.605151,-0.000145
2004-09-14,0.1099,0.4184,1.2638,0.005015,0.8368,1.2552,0.8201,1.2258,292.568696,8.077294,-0.000285,5.651118,-0.000146
2004-09-15,0.1038,-5.5558,1.2648,0.005019,-11.1117,-16.6675,-11.1284,-16.6969,276.31407,7.179772,-0.000238,5.02224,-0.000122
2004-09-16,0.1077,3.75,1.2657,0.005023,7.5,11.25,7.4833,11.2206,286.675868,7.718256,-0.000265,5.398068,-0.000136
2004-09-17,0.1121,4.1112,1.2667,0.005027,8.2223,12.3335,8.2056,12.304,298.461544,8.352875,-0.000297,5.84101,-0.000152
2004-09-20,0.1119,-0.1364,1.2697,0.005038,-0.2729,-0.4093,-0.2896,-0.4387,298.054351,8.330083,-0.000296,5.824094,-0.000152
2004-09-21,0.1149,2.6585,1.2707,0.005042,5.317,7.9755,5.3003,7.9461,305.978167,8.772996,-0.00032,6.132788,-0.000164
2004-09-22,0.1096,-4.6478,1.2716,0.005046,-9.2956,-13.9435,-9.3124,-13.9729,291.756849,7.957489,-0.000275,5.561678,-0.000141
2004-09-23,0.1106,0.905,1.2726,0.00505,1.81,2.715,1.7932,2.6855,294.397248,8.10152,-0.000282,5.661413,-0.000145
2004-09-24,0.1072,-3.0369,1.2736,0.005054,-6.0737,-9.1106,-6.0905,-9.1401,285.456808,7.609456,-0.000257,5.316605,-0.000131
2004-09-27,0.1053,-1.7791,1.2766,0.005066,-3.5582,-5.3372,-3.5749,-5.3667,280.378307,7.338699,-0.000243,5.12654,-0.000124
2004-09-28,0.1068,1.4496,1.2775,0.00507,2.8991,4.3487,2.8824,4.3192,284.442583,7.551458,-0.000254,5.274306,-0.00013
2004-09-29,0.1094,2.4283,1.2785,0.005074,4.8566,7.2849,4.8398,7.2554,291.349675,7.918201,-0.000272,5.529572,-0.000139
2004-09-30,0.1108,1.2552,1.2795,0.005077,2.5105,3.7657,2.4937,3.7362,295.006778,8.116984,-0.000282,5.667461,-0.000144
2004-10-01,0.1154,4.1322,1.2805,0.005081,8.2645,12.3967,8.2477,12.3672,307.197148,8.787809,-0.000317,6.134895,-0.000162
2004-10-04,0.1187,2.8436,1.2834,0.005093,5.6873,8.5309,5.6705,8.5014,315.932752,9.287598,-0.000344,6.482774,-0.000176
2004-10-05,0.116,-2.2503,1.2844,0.005097,-4.5006,-6.751,-4.5174,-6.7805,308.823244,8.869596,-0.000321,6.189918,-0.000164
2004-10-06,0.1164,0.3948,1.2854,0.005101,0.7895,1.1843,0.7727,1.1547,310.042344,8.939623,-0.000325,6.237748,-0.000166
2004-10-07,0.1171,0.5898,1.2864,0.005105,1.1795,1.7693,1.1627,1.7397,311.870876,9.045069,-0.000331,6.310276,-0.000169
2004-10-08,0.1107,-5.4723,1.2874,0.005109,-10.9446,-16.4169,-10.9614,-16.4464,294.804402,8.055124,-0.000276,5.618582,-0.000141
2004-10-11,0.1109,0.1373,1.2903,0.00512,0.2746,0.4119,0.2578,0.3823,295.209175,8.077244,-0.000278,5.633065,-0.000142
2004-10-12,0.1093,-1.4453,1.2913,0.005124,-2.8906,-4.3359,-2.9074,-4.3655,290.942502,7.843763,-0.000266,5.469287,-0.000135
2004-10-13,0.1086,-0.6285,1.2923,0.005128,-1.257,-1.8855,-1.2739,-1.9152,289.113891,7.745164,-0.000261,5.399616,-0.000133
2004-10-14,0.1053,-3.0215,1.2933,0.005132,-6.043,-9.0645,-6.0598,-9.0941,280.378307,7.277124,-0.000237,5.072408,-0.000121
2004-10-15,0.1024,-2.7539,1.2943,0.005136,-5.5078,-8.2617,-5.5246,-8.2913,272.656987,6.876315,-0.000217,4.792176,-0.000111
2004-10-18,0.1042,1.7884,1.2972,0.005148,3.5768,5.3651,3.5599,5.3355,277.533131,7.122265,-0.000229,4.962773,-0.000117
2004-10-19,0.1036,-0.6589,1.2982,0.005152,-1.3177,-1.9766,-1.3346,-2.0063,275.70454,7.028411,-0.000224,4.89654,-0.000114
2004-10-20,0.1048,1.1797,1.2992,0.005155,2.3593,3.539,2.3425,3.5093,278.956949,7.194236,-0.000232,5.01124,-0.000118
2004-10-21,0.1071,2.2575,1.3002,0.005159,4.515,6.7725,4.4981,6.7428,285.254411,7.519056,-0.000248,5.236653,-0.000126
2004-10-22,0.1013,-5.4128,1.3011,0.005163,-10.8256,-16.2384,-10.8425,-16.2681,269.814171,6.705073,-0.000208,4.668871,-0.000106
2004-10-25,0.1018,0.4518,1.3041,0.005175,0.9036,1.3554,0.8867,1.3256,271.033153,6.765659,-0.000211,4.710269,-0.000107
2004-10-26,0.1106,8.6204,1.3051,0.005179,17.2408,25.8611,17.2239,25.8314,294.397248,7.93211,-0.000265,5.52156,-0.000135
2004-10-27,0.1136,2.7602,1.3061,0.005183,5.5204,8.2806,5.5035,8.2509,302.523222,8.369995,-0.000287,5.825441,-0.000146
2004-10-28,0.1124,-1.0742,1.307,0.005187,-2.1485,-3.2227,-2.1654,-3.2524,299.273412,8.190168,-0.000278,5.699299,-0.000141
2004-10-29,0.1104,-1.7654,1.308,0.005191,-3.5308,-5.2962,-3.5477,-5.326,293.990035,7.90099,-0.000263,5.497105,-0.000134
2004-11-01,0.1128,2.143,1.311,0.005202,4.2859,6.4289,4.269,6.3991,300.290096,8.239618,-0.00028,5.731776,-0.000142
2004-11-02,0.1144,1.4208,1.312,0.005206,2.8416,4.2625,2.8247,4.2327,304.556689,8.473759,-0.000292,5.893683,-0.000148
2004-11-03,0.1155,0.9334,1.313,0.00521,1.8669,2.8003,1.85,2.7705,307.399525,8.631953,-0.0003,6.002714,-0.000152
2004-11-04,0.1176,1.8511,1.3139,0.005214,3.7022,5.5534,3.6853,5.5236,313.089857,8.951529,-0.000317,6.223933,-0.000161
2004-11-05,0.1346,14.4708,1.3149,0.005218,28.9417,43.4125,28.9248,43.3827,358.39661,11.542253,-0.000454,8.024191,-0.000231
2004-11-08,0.1361,1.0769,1.3179,0.00523,2.1538,3.2308,2.1369,3.2009,362.256248,11.790854,-0.000469,8.19566,-0.000238
2004-11-09,0.1352,-0.6166,1.3189,0.005234,-1.2331,-1.8497,-1.2501,-1.8795,360.022725,11.645459,-0.00046,8.093209,-0.000234
2004-11-10,0.1352,0.0,1.3198,0.005237,0.0,0.0,-0.0169,-0.0298,360.022725,11.645459,-0.00046,8.091838,-0.000233
2004-11-11,0.1379,1.9747,1.3208,0.005241,3.9494,5.9241,3.9325,5.8943,367.132134,12.105387,-0.000488,8.410047,-0.000247
2004-11-12,0.1381,0.166,1.3218,0.005245,0.332,0.498,0.3151,0.4682,367.741605,12.145579,-0.00049,8.436545,-0.000248
2004-11-15,0.1402,1.4918,1.3248,0.005257,2.9835,4.4753,2.9666,4.4454,373.227438,12.507946,-0.000512,8.68682,-0.000259
2004-11-16,0.1397,-0.3266,1.3257,0.005261,-0.6532,-0.9798,-0.6702,-1.0097,372.008417,12.42624,-0.000507,8.628601,-0.000257
2004-11-17,0.1421,1.6935,1.3267,0.005265,3.387,5.0805,3.37,5.0506,378.308399,12.847118,-0.000533,8.919388,-0.00027
2004-11-18,0.1439,1.289,1.3277,0.005269,2.5779,3.8669,2.5609,3.837,383.184642,13.178306,-0.000553,9.147809,-0.00028
2004-11-19,0.1447,0.53,1.3287,0.005273,1.06,1.59,1.043,1.5601,385.21555,13.317998,-0.000562,9.243224,-0.000284
2004-11-22,0.1488,2.8481,1.3316,0.005284,5.6961,8.5442,5.6791,8.5143,396.18674,14.076609,-0.00061,9.768159,-0.000309
2004-11-23,0.1494,0.4105,1.3326,0.005288,0.821,1.2314,0.804,1.2015,397.813014,14.192172,-0.000618,9.846692,-0.000312
2004-11-24,0.15,0.4082,1.3336,0.005292,0.8164,1.2246,0.7994,1.1946,399.436829,14.308033,-0.000625,9.925404,-0.000316
2004-11-26,0.1516,1.0175,1.3356,0.0053,2.035,3.0525,2.018,3.0225,403.501065,14.599199,-0.000644,10.125696,-0.000326
2004-11-29,0.1486,-1.9638,1.3385,0.005312,-3.9276,-5.8913,-3.9446,-5.9213,395.57719,14.025807,-0.000606,9.72628,-0.000306
2004-11-30,0.146,-1.746,1.3395,0.005316,-3.4921,-5.2381,-3.5091,-5.2681,388.670277,13.536016,-0.000575,9.384976,-0.00029
2004-12-01,0.1496,2.5091,1.3405,0.005319,5.0183,7.5274,5.0012,7.4974,398.422525,14.215289,-0.000618,9.854341,-0.000312
2004-12-02,0.1516,1.3254,1.3415,0.005323,2.6509,3.9763,2.6338,3.9463,403.703323,14.592115,-0.000642,10.113887,-0.000324
2004-12-03,0.1582,4.3284,1.3425,0.005327,8.6567,12.9851,8.6397,12.9551,421.17707,15.855315,-0.000726,10.987696,-0.000366
2004-12-06,0.1657,4.7757,1.3454,0.005339,9.5513,14.327,9.5343,14.297,441.291117,17.369711,-0.00083,12.035296,-0.000419
2004-12-07,0.1741,5.0182,1.3464,0.005343,10.0365,15.0547,10.0194,15.0246,463.436111,19.113015,-0.000955,13.241162,-0.000482
2004-12-08,0.1761,1.1837,1.3474,0.005347,2.3674,3.5511,2.3503,3.521,468.921786,19.565495,-0.000989,13.552374,-0.000499
2004-12-09,0.1745,-0.9099,1.3484,0.005351,-1.8198,-2.7296,-1.8368,-2.7597,464.655172,19.209451,-0.000962,13.303442,-0.000485
2004-12-10,0.1779,1.9241,1.3493,0.005355,3.8482,5.7724,3.8312,5.7423,473.595692,19.948676,-0.001017,13.813121,-0.000513
2004-12-13,0.173,-2.7455,1.3523,0.005366,-5.4909,-8.2364,-5.508,-8.2664,460.593355,18.853314,-0.000933,13.052298,-0.00047
2004-12-14,0.1765,2.0289,1.3533,0.00537,4.0578,6.0868,4.0408,6.0567,469.93843,19.618352,-0.00099,13.57971,-0.000499
2004-12-15,0.1781,0.9079,1.3543,0.005374,1.8158,2.7237,1.7987,2.6936,474.205044,19.974585,-0.001017,13.823974,-0.000512
2004-12-16,0.1805,1.328,1.3552,0.005378,2.6561,3.9841,2.639,3.954,480.502605,20.50512,-0.001058,14.188784,-0.000533
2004-12-17,0.176,-2.4943,1.3562,0.005382,-4.9887,-7.483,-5.0058,-7.5132,468.517191,19.482182,-0.000979,13.478523,-0.000493
2004-12-20,0.1741,-1.0845,1.3592,0.005394,-2.169,-3.2535,-2.1861,-3.2837,463.436111,19.059612,-0.000947,13.183869,-0.000476
2004-12-21,0.1754,0.7455,1.3602,0.005397,1.4909,2.2364,1.4738,2.2062,466.890838,19.343775,-0.000968,13.378175,-0.000487
2004-12-22,0.1756,0.1306,1.3611,0.005401,0.2611,0.3917,0.244,0.3615,467.500388,19.394284,-0.000972,13.410818,-0.000489
2004-12-23,0.176,0.2607,1.3621,0.005405,0.5215,0.7822,0.5043,0.752,468.71929,19.495416,-0.000979,13.478454,-0.000492
2004-12-27,0.1745,-0.8671,1.3661,0.005421,-1.7341,-2.6012,-1.7513,-2.6314,464.655172,19.157339,-0.000954,13.242411,-0.000479
2004-12-28,0.1736,-0.5247,1.367,0.005425,-1.0494,-1.5741,-1.0665,-1.6043,462.21709,18.956299,-0.000939,13.101174,-0.000472
2004-12-29,0.1751,0.8793,1.368,0.005429,1.7587,2.638,1.7415,2.6078,466.281525,19.289678,-0.000964,13.329336,-0.000484
2004-12-30,0.1744,-0.3922,1.369,0.005433,-0.7843,-1.1765,-0.8015,-1.2067,464.452914,19.138382,-0.000952,13.222504,-0.000478
2004-12-31,0.1798,3.0619,1.37,0.005437,6.1238,9.1857,6.1067,9.1555,478.674074,20.310384,-0.00104,14.029962,-0.000522
2005-01-03,0.1799,0.0851,1.3846,0.005495,0.1702,0.2553,0.153,0.2249,479.081366,20.344947,-0.001042,14.051424,-0.000523
2005-01-04,0.1715,-4.7074,1.3895,0.005514,-9.4148,-14.1222,-9.432,-14.1526,456.529039,18.429507,-0.000895,12.726088,-0.000449
2005-01-05,0.1731,0.9346,1.3944,0.005533,1.8692,2.8037,1.8519,2.7733,460.795653,18.773983,-0.00092,12.961764,-0.000461
2005-01-06,0.1714,-0.9698,1.3993,0.005553,-1.9397,-2.9095,-1.9569,-2.94,456.326662,18.409827,-0.000894,12.708109,-0.000448
2005-01-07,0.1681,-1.9148,1.4041,0.005572,-3.8297,-5.7445,-3.847,-5.775,447.588718,17.704788,-0.000842,12.219233,-0.000422
2005-01-10,0.1685,0.2271,1.4188,0.00563,0.4542,0.6813,0.4369,0.6507,448.605243,17.785207,-0.000848,12.272617,-0.000425
2005-01-11,0.1633,-3.0799,1.4236,0.005649,-6.1598,-9.2396,-6.1771,-9.2703,434.788758,16.689682,-0.00077,11.514524,-0.000385
2005-01-12,0.1619,-0.8411,1.4285,0.005669,-1.6823,-2.5234,-1.6996,-2.5541,431.131615,16.408918,-0.00075,11.318819,-0.000376
2005-01-13,0.1636,1.0372,1.4334,0.005688,2.0743,3.1115,2.0569,3.0807,435.603105,16.749289,-0.000774,11.551637,-0.000387
2005-01-14,0.1641,0.3263,1.4383,0.005707,0.6526,0.9789,0.6352,0.9481,437.024424,16.85859,-0.000781,11.625008,-0.000391
2005-01-18,0.1667,1.5805,1.4578,0.005785,3.161,4.7415,3.1435,4.7105,443.931535,17.391486,-0.000818,11.990438,-0.000409
2005-01-19,0.1629,-2.288,1.4627,0.005804,-4.576,-6.864,-4.5935,-6.8949,433.774455,16.595657,-0.000762,11.43966,-0.000381
2005-01-20,0.1633,0.2338,1.4675,0.005824,0.4677,0.7015,0.4501,0.6705,434.788758,16.673269,-0.000767,11.491154,-0.000384
2005-01-21,0.1636,0.1873,1.4724,0.005843,0.3746,0.5619,0.357,0.5308,435.603105,16.735726,-0.000772,11.532183,-0.000386
2005-01-24,0.157,-4.0114,1.487,0.005901,-8.0227,-12.0341,-8.0403,-12.0653,418.129477,15.393064,-0.000679,10.604956,-0.000339
2005-01-25,0.1598,1.7492,1.4919,0.00592,3.4985,5.2477,3.4809,5.2165,425.443564,15.931588,-0.000714,10.974099,-0.000357
2005-01-26,0.1619,1.2895,1.4968,0.00594,2.5789,3.8684,2.5613,3.8372,430.929516,16.342453,-0.000742,11.255178,-0.00037
2005-01-27,0.1748,8.0152,1.5017,0.005959,16.0304,24.0457,16.0128,24.0144,465.469479,18.962221,-0.00092,13.057445,-0.000459
2005-01-28,0.1746,-0.1309,1.5065,0.005978,-0.2619,-0.3928,-0.2796,-0.4242,464.859969,18.91256,-0.000917,13.020939,-0.000457
2005-01-31,0.1749,0.1746,1.5212,0.006036,0.3492,0.5239,0.3315,0.4924,465.671697,18.97861,-0.000922,13.064103,-0.00046
2005-02-01,0.1782,1.876,1.5261,0.006056,3.7519,5.6279,3.7342,5.5964,474.407539,19.690674,-0.000974,13.551938,-0.000485
2005-02-02,0.1881,5.5678,1.5309,0.006075,11.1356,16.7034,11.1178,16.6719,500.821607,21.883349,-0.001136,15.058619,-0.000566
2005-02-03,0.1861,-1.0549,1.5358,0.006094,-2.1099,-3.1648,-2.1277,-3.1964,495.53827,21.42164,-0.0011,14.738221,-0.000548
2005-02-04,0.1968,5.7402,1.5407,0.006114,11.4804,17.2206,11.4626,17.189,523.983167,23.88093,-0.00129,16.427602,-0.000642
2005-02-07,0.1944,-1.2023,1.5553,0.006172,-2.4046,-3.6069,-2.4225,-3.6386,517.683265,23.306685,-0.001243,16.029644,-0.000619
2005-02-08,0.1963,0.9815,1.5602,0.006191,1.9629,2.9444,1.945,2.9126,522.764146,23.764179,-0.00128,16.341425,-0.000637
2005-02-09,0.1895,-3.4978,1.5651,0.006211,-6.9957,-10.4935,-7.0136,-10.5253,504.47871,22.101714,-0.001145,15.195305,-0.00057
2005-02-10,0.1939,2.3357,1.5699,0.00623,4.6714,7.0071,4.6535,6.9753,516.261827,23.134175,-0.001226,15.902413,-0.00061
2005-02-11,0.1996,2.9124,1.5748,0.006249,5.8247,8.7371,5.8068,8.7052,531.297254,24.481678,-0.001333,16.82583,-0.000663
2005-02-14,0.1954,-2.1035,1.5895,0.006307,-4.207,-6.3105,-4.225,-6.3425,520.121347,23.451727,-0.001249,16.114932,-0.000621
2005-02-15,0.1971,0.8986,1.5943,0.006327,1.7972,2.6958,1.7792,2.6638,524.795134,23.873199,-0.001282,16.401642,-0.000637
2005-02-16,0.1964,-0.3484,1.5992,0.006346,-0.6968,-1.0452,-0.7149,-1.0773,522.966721,23.706848,-0.001269,16.284393,-0.000631
2005-02-17,0.1947,-0.8938,1.6041,0.006365,-1.7875,-2.6813,-1.8056,-2.7134,518.292656,23.283084,-0.001235,15.990364,-0.000613
2005-02-18,0.2157,10.8193,1.609,0.006385,21.6386,32.458,21.6206,32.4258,574.368421,28.321229,-0.001636,19.44757,-0.000812
2005-02-22,0.2185,1.2734,1.6285,0.006462,2.5469,3.8203,2.5287,3.788,581.682627,29.042534,-0.001698,19.93934,-0.000843
2005-02-23,0.2114,-3.2484,1.6333,0.006482,-6.4967,-9.7451,-6.5149,-9.7774,562.787522,27.155726,-0.001533,18.640314,-0.000761
2005-02-24,0.2169,2.6357,1.6382,0.006501,5.2714,7.9071,5.2532,7.8748,577.620969,28.587218,-0.001654,19.619529,-0.000821
2005-02-25,0.2201,1.4418,1.6431,0.00652,2.8837,4.3255,2.8654,4.2931,585.94932,29.41158,-0.001725,20.181716,-0.000856
2005-02-28,0.2212,0.5201,1.6577,0.006578,1.0402,1.5603,1.0219,1.5278,588.996873,29.717522,-0.001752,20.387958,-0.000869
2005-03-01,0.2207,-0.2413,1.6626,0.006598,-0.4826,-0.7239,-0.5009,-0.7565,587.575554,29.574098,-0.00174,20.285829,-0.000862
2005-03-02,0.2142,-2.939,1.6675,0.006617,-5.878,-8.8171,-5.8964,-8.8497,570.306604,27.835722,-0.001586,19.089704,-0.000786
2005-03-03,0.2113,-1.3539,1.6724,0.006636,-2.7078,-4.0617,-2.7262,-4.0944,562.585145,27.081979,-0.001522,18.569286,-0.000754
2005-03-04,0.2104,-0.4334,1.6772,0.006656,-0.8667,-1.3001,-0.8851,-1.3327,560.147182,26.84726,-0.001502,18.404937,-0.000744
2005-03-07,0.2125,1.0155,1.6919,0.006714,2.0309,3.0464,2.0125,3.0136,565.835233,27.392504,-0.001548,18.775335,-0.000766
2005-03-08,0.2018,-5.0629,1.6967,0.006733,-10.1257,-15.1886,-10.1442,-15.2214,537.187801,24.618817,-0.001313,16.870736,-0.00065
2005-03-09,0.1965,-2.6097,1.7016,0.006752,-5.2194,-7.829,-5.2378,-7.8619,523.168939,23.333874,-0.00121,15.987078,-0.000599
2005-03-10,0.1964,-0.0387,1.7065,0.006772,-0.0773,-0.116,-0.0958,-0.1489,522.966721,23.315836,-0.001209,15.971765,-0.000598
2005-03-11,0.192,-2.2532,1.7114,0.006791,-4.5064,-6.7595,-4.5249,-6.7925,511.183326,22.265139,-0.001127,15.249065,-0.000557
2005-03-14,0.1974,2.8216,1.726,0.006849,5.6432,8.4649,5.6247,8.4318,525.606981,23.521615,-0.001222,16.106777,-0.000604
2005-03-15,0.1934,-2.0099,1.7309,0.006869,-4.0198,-6.0297,-4.0384,-6.0628,515.042846,22.576097,-0.001149,15.456327,-0.000567
2005-03-16,0.1902,-1.6961,1.7358,0.006888,-3.3922,-5.0883,-3.4108,-5.1215,506.307163,21.810267,-0.00109,14.929141,-0.000538
2005-03-17,0.1883,-1.0035,1.7406,0.006907,-2.007,-3.0105,-2.0256,-3.0437,501.226321,21.37253,-0.001057,14.626732,-0.000522
2005-03-18,0.1844,-2.0264,1.7455,0.006927,-4.0529,-6.0793,-4.0715,-6.1125,491.069319,20.506331,-0.000993,14.031205,-0.00049
2005-03-21,0.1908,3.4337,1.7601,0.006985,6.8673,10.301,6.8486,10.2676,507.930977,21.914567,-0.001095,14.992151,-0.00054
2005-03-22,0.1873,-1.8,1.765,0.007004,-3.6,-5.4,-3.6187,-5.4334,498.788239,21.125645,-0.001036,14.44963,-0.000511
2005-03-23,0.1914,2.159,1.7699,0.007023,4.318,6.477,4.2993,6.4436,509.557132,22.037855,-0.001103,15.070861,-0.000544
2005-03-24,0.1918,0.1995,1.7748,0.007043,0.399,0.5985,0.3803,0.5651,510.573776,22.125792,-0.00111,15.128173,-0.000547
2005-03-28,0.1896,-1.1145,1.7943,0.00712,-2.229,-3.3435,-2.2478,-3.3771,504.883424,21.632608,-0.001073,14.788118,-0.000529
2005-03-29,0.1854,-2.2131,1.7992,0.007139,-4.4263,-6.6394,-4.4451,-6.673,493.709699,20.675093,-0.001002,14.13077,-0.000493
2005-03-30,0.1854,0.0,1.804,0.007159,0.0,0.0,-0.0189,-0.0337,493.709699,20.675093,-0.001002,14.128104,-0.000493
2005-03-31,0.1813,-2.2222,1.8089,0.007178,-4.4445,-6.6667,-4.4634,-6.7004,482.738271,19.756191,-0.000935,13.497515,-0.00046
2005-04-01,0.1796,-0.9682,1.8138,0.007198,-1.9363,-2.9045,-1.9552,-2.9383,478.064563,19.373646,-0.000908,13.233606,-0.000447
2005-04-04,0.1785,-0.5946,1.8284,0.007256,-1.1892,-1.7839,-1.2082,-1.8177,475.221886,19.143246,-0.000891,13.073717,-0.000438
2005-04-05,0.1754,-1.7531,1.8333,0.007275,-3.5062,-5.2593,-3.5252,-5.2932,466.890838,18.472051,-0.000845,12.612849,-0.000415
2005-04-06,0.178,1.5233,1.8382,0.007294,3.0465,4.5698,3.0275,4.5358,474.002826,19.034807,-0.000883,12.994707,-0.000434
2005-04-07,0.1813,1.8429,1.843,0.007314,3.6858,5.5287,3.6668,5.4947,482.738271,19.736396,-0.000932,13.471196,-0.000458
2005-04-08,0.1789,-1.3045,1.8479,0.007333,-2.6091,-3.9136,-2.6281,-3.9477,476.440709,19.221454,-0.000896,13.117155,-0.00044
2005-04-11,0.1754,-1.962,1.8625,0.007391,-3.9239,-5.8859,-3.943,-5.92,467.093135,18.46722,-0.000843,12.599943,-0.000414
2005-04-12,0.1776,1.2183,1.8674,0.00741,2.4366,3.6549,2.4175,3.6207,472.783685,18.917188,-0.000874,12.904542,-0.000429
2005-04-13,0.1702,-4.1688,1.8723,0.00743,-8.3376,-12.5063,-8.3567,-12.5406,453.074392,17.339958,-0.000764,11.82615,-0.000375
2005-04-14,0.1688,-0.8072,1.8772,0.007449,-1.6144,-2.4216,-1.6336,-2.4559,449.41713,17.060018,-0.000746,11.632961,-0.000366
2005-04-15,0.1629,-3.4807,1.8821,0.007468,-6.9613,-10.442,-6.9805,-10.4763,433.774455,15.872416,-0.000668,10.820923,-0.000327
2005-04-18,0.1618,-0.7026,1.8967,0.007527,-1.4051,-2.1077,-1.4244,-2.1421,430.726902,15.649388,-0.000654,10.666793,-0.00032
2005-04-19,0.1674,3.4902,1.9016,0.007546,6.9804,10.4706,6.9612,10.4362,445.760186,16.741781,-0.000722,11.409327,-0.000354
2005-04-20,0.1623,-3.0536,1.9064,0.007565,-6.1072,-9.1608,-6.1265,-9.1953,432.148379,15.719322,-0.000656,10.710334,-0.000321
2005-04-21,0.1713,5.5475,1.9113,0.007585,11.0951,16.6426,11.0758,16.6081,456.122024,17.463396,-0.000765,11.89659,-0.000375
2005-04-22,0.1697,-0.9354,1.9162,0.007604,-1.8708,-2.8062,-1.8901,-2.8408,451.855411,17.136687,-0.000744,11.671729,-0.000364
2005-04-25,0.1724,1.5739,1.9308,0.007662,3.1478,4.7217,3.1284,4.687,458.967121,17.676113,-0.000779,12.036869,-0.000381
2005-04-26,0.1716,-0.4425,1.9357,0.007681,-0.885,-1.3276,-0.9044,-1.3623,456.936094,17.519671,-0.000769,11.928004,-0.000376
2005-04-27,0.1651,-3.8241,1.9406,0.007701,-7.6481,-11.4722,-7.6675,-11.507,439.462545,16.179743,-0.000681,11.013419,-0.000333
2005-04-28,0.1656,0.3234,1.9455,0.00772,0.6469,0.9703,0.6274,0.9355,440.883903,16.284404,-0.000687,11.082521,-0.000336
2005-04-29,0.1673,1.0601,1.9503,0.007739,2.1202,3.1804,2.1008,3.1455,445.557809,16.629673,-0.000709,11.315343,-0.000346
2005-05-02,0.1667,-0.365,1.965,0.007797,-0.73,-1.095,-0.7495,-1.13,443.931535,16.508277,-0.000701,11.230534,-0.000342
2005-05-03,0.1658,-0.5492,1.9698,0.007817,-1.0984,-1.6475,-1.1179,-1.6825,441.493573,16.326958,-0.00069,11.104991,-0.000337
2005-05-04,0.1711,3.1753,1.9747,0.007836,6.3506,9.526,6.3311,9.4909,455.512395,17.363824,-0.000755,11.808058,-0.000369
2005-05-05,0.1744,1.9627,1.9796,0.007856,3.9255,5.8882,3.9059,5.8531,464.452914,18.045437,-0.0008,12.269271,-0.00039
2005-05-06,0.1768,1.3559,1.9845,0.007875,2.7118,4.0677,2.6922,4.0326,470.750476,18.534796,-0.000832,12.599589,-0.000406
2005-05-09,0.1801,1.8562,1.9991,0.007933,3.7124,5.5686,3.6928,5.5334,479.48854,19.222882,-0.000879,13.064861,-0.000428
2005-05-10,0.1731,-3.8985,2.004,0.007952,-7.797,-11.6955,-7.8167,-11.7308,460.795653,17.724071,-0.000776,12.043624,-0.000378
2005-05-11,0.1702,-1.6756,2.0088,0.007972,-3.3513,-5.0269,-3.371,-5.0622,453.074392,17.130089,-0.000737,11.63764,-0.000359
2005-05-12,0.1739,2.1977,2.0137,0.007991,4.3953,6.593,4.3756,6.5577,463.031477,17.883015,-0.000786,12.146861,-0.000383
2005-05-13,0.1933,11.1449,2.0186,0.00801,22.2897,33.4346,22.27,33.3992,514.635672,21.869088,-0.001048,14.851967,-0.00051
2005-05-16,0.194,0.3553,2.0332,0.008068,0.7106,1.0659,0.6908,1.0304,516.464164,22.024489,-0.001059,14.954568,-0.000516
2005-05-17,0.1961,1.1018,2.0381,0.008088,2.2037,3.3055,2.1839,3.2699,522.154715,22.509834,-0.001094,15.281155,-0.000532
2005-05-18,0.1976,0.7391,2.043,0.008107,1.4783,2.2174,1.4585,2.1819,526.014195,22.842594,-0.001119,15.504027,-0.000544
2005-05-19,0.1972,-0.1933,2.0479,0.008126,-0.3866,-0.5799,-0.4064,-0.6155,524.997471,22.75429,-0.001112,15.441017,-0.000541
2005-05-20,0.2007,1.7805,2.0527,0.008146,3.561,5.3415,3.5411,5.3058,534.344966,23.564563,-0.001172,15.987802,-0.000569
2005-05-23,0.2053,2.3193,2.0674,0.008204,4.6385,6.9578,4.6186,6.922,546.737831,24.657611,-0.001253,16.726217,-0.000609
2005-05-24,0.2082,1.4122,2.0722,0.008223,2.8245,4.2367,2.8046,4.2009,554.459131,25.354065,-0.001306,17.195315,-0.000634
2005-05-25,0.2056,-1.2827,2.0771,0.008243,-2.5653,-3.848,-2.5853,-3.8839,547.347262,24.703648,-0.001256,16.750767,-0.00061
2005-05-26,0.2114,2.8209,2.082,0.008262,5.6419,8.4628,5.6219,8.4269,562.787522,26.097391,-0.001362,17.692476,-0.000661
2005-05-27,0.21,-0.6498,2.0869,0.008281,-1.2997,-1.9495,-1.3196,-1.9854,559.130379,25.758216,-0.001336,17.458999,-0.000648
2005-05-31,0.2068,-1.5261,2.1064,0.008359,-3.0523,-4.5784,-3.0724,-4.6145,550.597231,24.972,-0.001274,16.922596,-0.000618
2005-06-01,0.2087,0.9228,2.1113,0.008378,1.8456,2.7684,1.8255,2.7322,555.678073,25.432877,-0.00131,17.231516,-0.000635
2005-06-02,0.2165,3.7294,2.1161,0.008397,7.4589,11.1883,7.4388,11.1522,576.401749,27.329884,-0.001456,18.51333,-0.000706
2005-06-03,0.216,-0.247,2.121,0.008417,-0.494,-0.7411,-0.5142,-0.7773,574.977931,27.194864,-0.001445,18.418142,-0.0007
2005-06-06,0.2139,-0.9541,2.1356,0.008475,-1.9081,-2.8622,-1.9283,-2.8985,569.492297,26.675954,-0.001404,18.062984,-0.00068
2005-06-07,0.2087,-2.4257,2.1405,0.008494,-4.8514,-7.2771,-4.8716,-7.3135,555.678073,25.381792,-0.001302,17.183025,-0.00063
2005-06-08,0.2073,-0.695,2.1454,0.008513,-1.3899,-2.0849,-1.4101,-2.1213,551.816332,25.029005,-0.001275,16.94072,-0.000617
2005-06-09,0.216,4.1973,2.1503,0.008533,8.3947,12.592,8.3744,12.5556,574.977931,27.130109,-0.001435,18.35941,-0.000694
2005-06-10,0.2135,-1.1305,2.1552,0.008552,-2.2609,-3.3914,-2.2812,-3.4278,568.478072,26.516723,-0.001387,17.940602,-0.000671
2005-06-13,0.2182,2.2156,2.1698,0.00861,4.4311,6.6467,4.4108,6.6101,581.073037,27.69171,-0.001479,18.731926,-0.000715
2005-06-14,0.2053,-5.9089,2.1747,0.00863,-11.8179,-17.7268,-11.8382,-17.7634,546.737831,24.419142,-0.001217,16.514403,-0.000588
2005-06-15,0.2047,-0.2975,2.1795,0.008649,-0.5949,-0.8924,-0.6153,-0.929,545.111517,24.273868,-0.001206,16.412795,-0.000582
2005-06-16,0.2058,0.522,2.1844,0.008668,1.0439,1.5659,1.0235,1.5292,547.956773,24.527267,-0.001225,16.580787,-0.000591
2005-06-17,0.2053,-0.2225,2.1893,0.008688,-0.4449,-0.6674,-0.4653,-0.7041,546.737831,24.418145,-0.001216,16.503637,-0.000587
2005-06-20,0.2085,1.5238,2.2039,0.008746,3.0475,4.5713,3.0271,4.5344,555.06884,25.162296,-0.001272,17.003215,-0.000614
2005-06-21,0.2105,0.9513,2.2088,0.008765,1.9027,2.854,1.8822,2.8171,560.34944,25.641054,-0.001308,17.323252,-0.000631
2005-06-22,0.2102,-0.1088,2.2137,0.008784,-0.2175,-0.3263,-0.238,-0.3632,559.740009,25.58528,-0.001304,17.282021,-0.000629
2005-06-23,0.2135,1.5611,2.2185,0.008804,3.1222,4.6833,3.1017,4.6463,568.478072,26.384101,-0.001365,17.818053,-0.000658
2005-06-24,0.2067,-3.181,2.2234,0.008823,-6.362,-9.543,-6.3825,-9.58,550.394736,24.70554,-0.001235,16.680808,-0.000595
2005-06-27,0.205,-0.8119,2.2381,0.008881,-1.6239,-2.4358,-1.6445,-2.4729,545.925865,24.304352,-0.001205,16.406497,-0.00058
2005-06-28,0.2063,0.6324,2.2429,0.008901,1.2648,1.8973,1.2442,1.8601,549.378409,24.611763,-0.001228,16.610632,-0.000591
2005-06-29,0.2044,-0.9245,2.2478,0.00892,-1.8489,-2.7734,-1.8696,-2.8106,544.299591,24.156708,-0.001194,16.300087,-0.000574
2005-06-30,0.2039,-0.2611,2.2527,0.008939,-0.5223,-0.7834,-0.5429,-0.8206,542.878232,24.030544,-0.001184,16.211591,-0.00057
2005-07-01,0.2048,0.4491,2.2576,0.008959,0.8982,1.3473,0.8776,1.31,545.316354,24.246392,-0.0012,16.353857,-0.000577
2005-07-05,0.208,1.5648,2.2771,0.009036,3.1296,4.6945,3.1089,4.657,553.849581,25.005217,-0.001257,16.862282,-0.000604
2005-07-06,0.2136,2.6778,2.2819,0.009055,5.3556,8.0334,5.3348,7.9959,568.680489,26.34439,-0.001358,17.761853,-0.000652
2005-07-07,0.2121,-0.7147,2.2868,0.009075,-1.4294,-2.1441,-1.4502,-2.1816,564.616173,25.967827,-0.001328,17.504276,-0.000638
2005-07-08,0.2147,1.2596,2.2917,0.009094,2.5192,3.7787,2.4984,3.7412,571.727962,26.621998,-0.001379,17.941596,-0.000662
2005-07-11,0.2179,1.4925,2.3063,0.009152,2.9851,4.4776,2.9642,4.44,580.261269,27.416689,-0.00144,18.473427,-0.000691
2005-07-12,0.2167,-0.5601,2.3112,0.009171,-1.1202,-1.6802,-1.141,-1.7179,577.011339,27.109578,-0.001416,18.262638,-0.00068
2005-07-13,0.217,0.1407,2.3161,0.009191,0.2815,0.4222,0.2606,0.3844,577.823345,27.185879,-0.001422,18.310222,-0.000682
2005-07-14,0.2074,-4.4304,2.321,0.00921,-8.8608,-13.2912,-8.8817,-13.3289,552.223545,24.777001,-0.001233,16.683966,-0.000591
2005-07-15,0.2052,-1.0671,2.3258,0.00923,-2.1343,-3.2014,-2.1552,-3.2392,546.330618,24.248196,-0.001194,16.324395,-0.000572
2005-07-18,0.2001,-2.4915,2.3405,0.009288,-4.983,-7.4744,-5.004,-7.5124,532.71889,23.039918,-0.001104,15.507529,-0.000529
2005-07-19,0.2028,1.373,2.3453,0.009307,2.7459,4.1189,2.7249,4.0809,540.032977,23.672581,-0.00115,15.930099,-0.000551
2005-07-20,0.2059,1.5048,2.3502,0.009326,3.0095,4.5143,2.9885,4.4763,548.159229,24.385017,-0.001202,16.406171,-0.000575
2005-07-21,0.2024,-1.7048,2.3551,0.009346,-3.4096,-5.1145,-3.4307,-5.1525,538.814075,23.553573,-0.00114,15.843324,-0.000546
2005-07-22,0.1971,-2.6018,2.36,0.009365,-5.2036,-7.8054,-5.2247,-7.8435,524.795134,22.327933,-0.001051,15.015558,-0.000503
2005-07-25,0.1983,0.5807,2.3746,0.009423,1.1615,1.7422,1.1403,1.704,527.842806,22.587265,-0.00107,15.186786,-0.000511
2005-07-26,0.2024,2.0785,2.3795,0.009442,4.157,6.2355,4.1359,6.1973,538.814075,23.526223,-0.001136,15.814893,-0.000543
2005-07-27,0.2065,2.0362,2.3844,0.009462,4.0724,6.1086,4.0512,6.0703,549.785384,24.484303,-0.001206,16.455589,-0.000576
2005-07-28,0.2081,0.7761,2.3892,0.009481,1.5521,2.3282,1.5309,2.2898,554.052037,24.864327,-0.001234,16.707512,-0.000589
2005-07-29,0.2065,-0.7701,2.3941,0.0095,-1.5402,-2.3102,-1.5614,-2.3486,549.785384,24.481376,-0.001205,16.446646,-0.000576
2005-08-01,0.2096,1.5153,2.4087,0.009558,3.0306,4.5459,3.0093,4.5074,558.116234,25.223305,-0.00126,16.941578,-0.000601
2005-08-02,0.2124,1.3468,2.4136,0.009578,2.6936,4.0403,2.6723,4.0018,565.632817,25.902708,-0.001311,17.394303,-0.000626
2005-08-03,0.2124,0.0,2.4185,0.009597,0.0,0.0,-0.0213,-0.0386,565.632817,25.902708,-0.001311,17.390597,-0.000625
2005-08-04,0.2102,-1.0418,2.4234,0.009617,-2.0836,-3.1254,-2.1049,-3.164,559.740009,25.362995,-0.00127,17.024536,-0.000605
2005-08-05,0.2156,2.5411,2.4282,0.009636,5.0822,7.6234,5.0609,7.5847,573.963667,26.652003,-0.001367,17.88613,-0.000651
2005-08-08,0.2163,0.3539,2.4429,0.009694,0.7077,1.0616,0.6863,1.0228,575.994734,26.840628,-0.001381,18.008888,-0.000658
2005-08-09,0.2158,-0.2468,2.4478,0.009713,-0.4936,-0.7403,-0.515,-0.7791,574.573297,26.708154,-0.001371,17.916146,-0.000653
2005-08-10,0.2126,-1.4852,2.4526,0.009733,-2.9703,-4.4555,-2.9918,-4.4943,566.039951,25.914835,-0.00131,17.380138,-0.000624
2005-08-11,0.2156,1.3999,2.4575,0.009752,2.7997,4.1996,2.7782,4.1607,573.963667,26.640373,-0.001365,17.863,-0.00065
2005-08-12,0.2285,6.0174,2.4624,0.009771,12.0348,18.0523,12.0134,18.0134,608.501488,29.846501,-0.001612,20.008948,-0.000767
2005-08-15,0.2343,2.5378,2.477,0.009829,5.0757,7.6135,5.0541,7.5745,623.944287,31.361414,-0.001734,21.02023,-0.000825
2005-08-16,0.2304,-1.6935,2.4819,0.009849,-3.3871,-5.0806,-3.4086,-5.1197,613.377572,30.299181,-0.001646,20.303729,-0.000782
2005-08-17,0.2304,0.0,2.4868,0.009868,0.0,0.0,-0.0216,-0.0391,613.377572,30.299181,-0.001646,20.299348,-0.000782
2005-08-18,0.2244,-2.5836,2.4916,0.009887,-5.1673,-7.7509,-5.1889,-7.79,597.530139,28.733541,-0.001519,19.246043,-0.000721
2005-08-19,0.2228,-0.714,2.4965,0.009907,-1.4281,-2.1421,-1.4497,-2.1813,593.263565,28.323206,-0.001486,18.967036,-0.000705
2005-08-22,0.221,-0.8219,2.5112,0.009965,-1.6439,-2.4658,-1.6656,-2.5051,588.387283,27.857605,-0.001449,18.65113,-0.000688
2005-08-23,0.2224,0.6564,2.516,0.009984,1.3127,1.9691,1.291,1.9297,592.249182,28.223294,-0.001478,18.891919,-0.000701
2005-08-24,0.2226,0.0684,2.5209,0.010004,0.1367,0.2051,0.115,0.1657,592.654015,28.261878,-0.001481,18.913645,-0.000702
2005-08-25,0.2241,0.6858,2.5258,0.010023,1.3715,2.0573,1.3498,2.0179,596.718173,28.649493,-0.001511,19.168938,-0.000716
2005-08-26,0.2207,-1.5322,2.5307,0.010042,-3.0643,-4.5965,-3.086,-4.6359,587.575554,27.771586,-0.001442,18.577375,-0.000683
2005-08-29,0.2211,0.173,2.5453,0.0101,0.346,0.519,0.3242,0.4794,588.59204,27.867674,-0.001449,18.6376,-0.000686
2005-08-30,0.229,3.5896,2.5502,0.01012,7.1793,10.7689,7.1575,10.7293,609.72039,29.868374,-0.001606,19.971579,-0.00076
2005-08-31,0.2341,2.2329,2.555,0.010139,4.4657,6.6986,4.4439,6.6589,623.334617,31.202214,-0.001713,20.859092,-0.000811
2005-09-01,0.2342,0.0325,2.5599,0.010158,0.0649,0.0974,0.0431,0.0577,623.536994,31.222475,-0.001715,20.868076,-0.000811
2005-09-02,0.2304,-1.6293,2.5648,0.010178,-3.2586,-4.888,-3.2805,-4.9277,613.377572,30.205046,-0.001631,20.183493,-0.000771
2005-09-06,0.2323,0.8284,2.5843,0.010255,1.6567,2.4851,1.6348,2.4452,618.458533,30.705458,-0.001671,20.513444,-0.00079
2005-09-07,0.2397,3.1865,2.5892,0.010275,6.373,9.5594,6.351,9.5195,638.165605,32.662306,-0.001831,21.816249,-0.000865
2005-09-08,0.2425,1.1778,2.5941,0.010294,2.3557,3.5335,2.3337,3.4935,645.682108,33.431718,-0.001896,22.325366,-0.000895
2005-09-09,0.2456,1.2902,2.5989,0.010313,2.5805,3.8707,2.5584,3.8307,654.012919,34.294413,-0.001969,22.896549,-0.00093
2005-09-12,0.2448,-0.3418,2.6136,0.010371,-0.6837,-1.0255,-0.7057,-1.0656,651.777293,34.059954,-0.001949,22.734959,-0.00092
2005-09-13,0.2522,3.024,2.6184,0.010391,6.048,9.072,6.0259,9.0318,671.486943,36.119891,-0.002126,24.104939,-0.001003
2005-09-14,0.2492,-1.2106,2.6233,0.01041,-2.4212,-3.6317,-2.4433,-3.6719,663.358073,35.245372,-0.002049,23.51599,-0.000966
2005-09-15,0.2536,1.7766,2.6282,0.010429,3.5533,5.3299,3.5312,5.2897,675.14361,36.497744,-0.002158,24.346377,-0.001017
2005-09-16,0.2537,0.06,2.6331,0.010449,0.1199,0.1799,0.0977,0.1396,675.548363,36.541506,-0.002162,24.370174,-0.001019
2005-09-19,0.2501,-1.4133,2.6477,0.010507,-2.8266,-4.2399,-2.8488,-4.2803,666.000753,35.508614,-0.00207,23.675908,-0.000975
2005-09-20,0.255,1.9523,2.6526,0.010526,3.9046,5.857,3.8824,5.8166,679.003248,36.895101,-0.002191,24.595105,-0.001032
2005-09-21,0.2528,-0.8678,2.6575,0.010545,-1.7357,-2.6035,-1.7579,-2.644,673.110638,36.254726,-0.002134,24.162743,-0.001004
2005-09-22,0.246,-2.6862,2.6623,0.010565,-5.3724,-8.0586,-5.3947,-8.0991,655.029603,34.306983,-0.001962,22.859247,-0.000923
2005-09-23,0.2496,1.4576,2.6672,0.010584,2.9152,4.3728,2.8929,4.3323,664.577292,35.307098,-0.002048,23.520543,-0.000963
2005-09-26,0.2517,0.8253,2.6818,0.010642,1.6507,2.476,1.6283,2.4354,670.062332,35.889907,-0.002099,23.903537,-0.000987
2005-09-27,0.2525,0.3338,2.6867,0.010662,0.6675,1.0013,0.6452,0.9606,672.29883,36.12949,-0.00212,24.057758,-0.000996
2005-09-28,0.254,0.6045,2.6916,0.010681,1.209,1.8135,1.1866,1.7728,676.362869,36.566295,-0.002158,24.34323,-0.001014
2005-09-29,0.2593,2.0727,2.6965,0.0107,4.1454,6.2181,4.123,6.1773,690.381731,38.082102,-0.002293,25.346892,-0.001076
2005-09-30,0.2616,0.8829,2.7013,0.01072,1.7658,2.6486,1.7433,2.6078,696.476995,38.754543,-0.002353,25.788774,-0.001104
2005-10-03,0.2688,2.742,2.716,0.010778,5.484,8.226,5.4615,8.1851,715.574437,40.879847,-0.002547,27.197235,-0.001195
2005-10-04,0.2653,-1.3059,2.7208,0.010797,-2.6119,-3.9178,-2.6344,-3.9588,706.229481,39.812116,-0.002447,26.480757,-0.001148
2005-10-05,0.2565,-3.3087,2.7257,0.010816,-6.6173,-9.926,-6.6399,-9.967,682.862648,37.17761,-0.002204,24.722469,-0.001033
2005-10-06,0.2556,-0.357,2.7306,0.010836,-0.714,-1.0711,-0.7366,-1.1121,680.424686,36.912146,-0.002181,24.540367,-0.001022
2005-10-07,0.2523,-1.2839,2.7355,0.010855,-2.5677,-3.8516,-2.5903,-3.8926,671.689042,35.964352,-0.002097,23.904707,-0.000982
2005-10-10,0.2459,-2.5408,2.7501,0.010913,-5.0817,-7.6225,-5.1043,-7.6637,654.622548,34.136764,-0.001937,22.684543,-0.000907
2005-10-11,0.2428,-1.2414,2.755,0.010932,-2.4828,-3.7241,-2.5054,-3.7654,646.496177,33.289228,-0.001865,22.116203,-0.000872
2005-10-12,0.2457,1.194,2.7599,0.010952,2.388,3.5821,2.3654,3.5408,654.215494,34.08419,-0.001931,22.639337,-0.000903
2005-10-13,0.2444,-0.5277,2.7647,0.010971,-1.0555,-1.5832,-1.0782,-1.6245,650.762949,33.72444,-0.001901,22.395251,-0.000889
2005-10-14,0.2444,0.0,2.7696,0.010991,0.0,0.0,-0.0227,-0.0413,650.762949,33.72444,-0.001901,22.390167,-0.000888
2005-10-17,0.2468,0.9677,2.7842,0.011049,1.9354,2.9032,1.9127,2.8617,657.060511,34.377156,-0.001956,22.818421,-0.000914
2005-10-18,0.2427,-1.639,2.7891,0.011068,-3.278,-4.917,-3.3007,-4.9585,646.29138,33.250282,-0.00186,22.065243,-0.000868
2005-10-19,0.2407,-0.8488,2.794,0.011087,-1.6975,-2.5463,-1.7203,-2.5878,640.805865,32.685847,-0.001813,21.685648,-0.000846
2005-10-20,0.2424,0.6978,2.7989,0.011107,1.3956,2.0934,1.3728,2.0518,645.277354,33.142005,-0.00185,21.983342,-0.000863
2005-10-21,0.2437,0.5668,2.8038,0.011126,1.1335,1.7003,1.1107,1.6587,648.934577,33.517681,-0.001882,22.227511,-0.000878
2005-10-24,0.2504,2.7238,2.8184,0.011184,5.4476,8.1715,5.4247,8.1297,666.610383,35.343603,-0.002036,23.433298,-0.000949
2005-10-25,0.252,0.6401,2.8233,0.011203,1.2801,1.9202,1.2572,1.8784,670.877155,35.796051,-0.002075,23.727908,-0.000967
2005-10-26,0.2451,-2.7256,2.8281,0.011223,-5.4512,-8.1769,-5.4742,-8.2187,652.59156,33.844719,-0.001905,22.429,-0.000887
2005-10-27,0.24,-2.0862,2.833,0.011242,-4.1724,-6.2585,-4.1953,-6.3004,638.977333,32.432596,-0.001786,21.488035,-0.000831
2005-10-28,0.2474,3.0846,2.8379,0.011261,6.1691,9.2537,6.1461,9.2118,658.686944,34.433399,-0.001951,22.80872,-0.000908
2005-10-31,0.256,3.4852,2.8525,0.01132,6.9704,10.4557,6.9474,10.4137,681.643627,36.833558,-0.002155,24.393336,-0.001003
2005-11-01,0.2529,-1.2218,2.8574,0.011339,-2.4437,-3.6655,-2.4667,-3.7075,673.315118,35.933473,-0.002076,23.791626,-0.000965
2005-11-02,0.2675,5.7936,2.8623,0.011358,11.5872,17.3808,11.5641,17.3387,712.324269,40.097153,-0.002437,26.542919,-0.001133
2005-11-03,0.2644,-1.1695,2.8672,0.011378,-2.3391,-3.5086,-2.3622,-3.5508,703.9933,39.159242,-0.002352,25.915928,-0.001093
2005-11-04,0.2599,-1.7028,2.872,0.011397,-3.4057,-5.1085,-3.4288,-5.1506,692.005505,37.825613,-0.002231,25.027333,-0.001036
2005-11-07,0.2588,-0.4404,2.8867,0.011455,-0.8808,-1.3212,-0.904,-1.3635,688.957833,37.492436,-0.002202,24.80109,-0.001022
2005-11-08,0.254,-1.8579,2.8915,0.011474,-3.7157,-5.5736,-3.7389,-5.6159,676.157993,36.099326,-0.002079,23.873804,-0.000965
2005-11-09,0.2654,4.5072,2.8964,0.011494,9.0145,13.5217,8.9913,13.4793,706.633997,39.353486,-0.00236,26.02036,-0.001095
2005-11-10,0.2556,-3.709,2.9013,0.011513,-7.4181,-11.1271,-7.4413,-11.1695,680.424686,36.434216,-0.002098,24.08411,-0.000973
2005-11-11,0.2598,1.6425,2.9062,0.011532,3.285,4.9275,3.2618,4.8851,691.600672,37.631081,-0.002201,24.869676,-0.00102
2005-11-14,0.2653,2.1152,2.9208,0.01159,4.2304,6.3456,4.2071,6.3031,706.229481,39.223034,-0.002341,25.915975,-0.001084
2005-11-15,0.2659,0.2299,2.9257,0.01161,0.4598,0.6896,0.4364,0.647,707.852938,39.403363,-0.002357,26.029082,-0.001091
2005-11-16,0.2649,-0.3444,2.9305,0.011629,-0.6889,-1.0333,-0.7122,-1.0759,705.414817,39.131922,-0.002333,25.843699,-0.00108
2005-11-17,0.2767,4.4357,2.9354,0.011649,8.8715,13.3072,8.8481,13.2646,736.705168,42.603501,-0.002643,28.130381,-0.001223
2005-11-18,0.2762,-0.1933,2.9403,0.011668,-0.3866,-0.5799,-0.41,-0.6226,735.281191,42.438805,-0.002628,28.015059,-0.001215
2005-11-21,0.281,1.7687,2.9549,0.011726,3.5374,5.3061,3.514,5.2633,748.286066,43.94003,-0.002767,28.999496,-0.001279
2005-11-22,0.2885,2.6606,2.9598,0.011745,5.3212,7.9818,5.2978,7.939,768.195078,46.27818,-0.002988,30.535825,-0.001381
2005-11-23,0.2877,-0.2907,2.9647,0.011765,-0.5814,-0.8721,-0.6049,-0.915,765.961833,46.009106,-0.002962,30.351114,-0.001368
2005-11-25,0.2905,0.9813,2.9744,0.011803,1.9626,2.944,1.9391,2.901,773.478376,46.9121,-0.003049,30.939663,-0.001408
2005-11-28,0.2891,-0.499,2.9891,0.011861,-0.998,-1.497,-1.0215,-1.54,769.618817,46.443929,-0.003003,30.623601,-0.001386
2005-11-29,0.2707,-6.3358,2.9939,0.011881,-12.6715,-19.0073,-12.6951,-19.0504,720.857655,40.558782,-0.002432,26.735905,-0.001122
2005-11-30,0.2759,1.8883,2.9988,0.0119,3.7765,5.6648,3.7529,5.6216,734.469383,42.0905,-0.00257,27.739285,-0.001185
2005-12-01,0.2791,1.1893,3.0037,0.011919,2.3787,3.568,2.3551,3.5248,743.204709,43.091697,-0.002662,28.392559,-0.001227
2005-12-02,0.2792,0.0276,3.0086,0.011939,0.0552,0.0827,0.0315,0.0395,743.409665,43.115464,-0.002664,28.401506,-0.001227
2005-12-05,0.274,-1.8585,3.0232,0.011997,-3.717,-5.5755,-3.7407,-5.6188,729.593457,41.512869,-0.002516,27.339094,-0.001158
2005-12-06,0.2752,0.4176,3.0281,0.012016,0.8353,1.2529,0.8116,1.2095,732.640574,41.859623,-0.002547,27.56097,-0.001172
2005-12-07,0.2756,0.1664,3.033,0.012036,0.3328,0.4993,0.3091,0.4558,733.859833,41.998948,-0.00256,27.64616,-0.001178
2005-12-08,0.2734,-0.803,3.0378,0.012055,-1.606,-2.4089,-1.6297,-2.4524,727.967064,41.324459,-0.002498,27.195603,-0.001149
2005-12-09,0.2773,1.4234,3.0427,0.012074,2.8467,4.2701,2.8229,4.2266,738.328625,42.500847,-0.002605,27.963316,-0.001197
2005-12-12,0.2814,1.4586,3.0573,0.012132,2.9172,4.3758,2.8934,4.3322,749.097874,43.740681,-0.002719,28.772395,-0.001249
2005-12-13,0.285,1.3018,3.0622,0.012152,2.6036,3.9054,2.5798,3.8618,758.849726,44.879524,-0.002825,29.514656,-0.001298
2005-12-14,0.2823,-0.9372,3.0671,0.012171,-1.8743,-2.8115,-1.8982,-2.8552,751.738095,44.038339,-0.002746,28.95441,-0.001261
2005-12-15,0.2788,-1.27,3.072,0.01219,-2.5401,-3.8101,-2.564,-3.8538,742.190802,42.919739,-0.002641,28.212032,-0.001212
2005-12-16,0.2812,0.8757,3.0768,0.01221,1.7515,2.6272,1.7276,2.5835,748.690502,43.671475,-0.00271,28.699416,-0.001243
2005-12-19,0.2765,-1.6552,3.0915,0.012268,-3.3105,-4.9657,-3.3345,-5.0096,736.297875,42.225739,-0.002576,27.742447,-0.001181
2005-12-20,0.2764,-0.0553,3.0964,0.012287,-0.1106,-0.1659,-0.1346,-0.2098,735.890821,42.179051,-0.002572,27.705116,-0.001179
2005-12-21,0.2759,-0.1932,3.1012,0.012306,-0.3863,-0.5795,-0.4103,-0.6235,734.469383,42.016106,-0.002557,27.591434,-0.001171
2005-12-22,0.2843,3.043,3.1061,0.012326,6.086,9.1289,6.0619,9.0849,756.819135,44.573188,-0.00279,29.264006,-0.001278
2005-12-23,0.2865,0.7783,3.111,0.012345,1.5566,2.335,1.5326,2.2909,762.709602,45.267032,-0.002855,29.712502,-0.001307
2005-12-27,0.2882,0.6127,3.1305,0.012423,1.2255,1.8382,1.2014,1.794,767.383032,45.821771,-0.002908,30.069454,-0.00133
2005-12-28,0.2909,0.9268,3.1354,0.012442,1.8536,2.7804,1.8295,2.7362,774.495219,46.671132,-0.002989,30.619566,-0.001367
2005-12-29,0.2844,-2.23,3.1402,0.012461,-4.46,-6.69,-4.4842,-6.7343,757.223968,44.589599,-0.002789,29.246533,-0.001275
2005-12-30,0.279,-1.9048,3.1451,0.012481,-3.8097,-5.7145,-3.8339,-5.7589,742.800035,42.890875,-0.002629,28.125258,-0.001201
2006-01-03,0.2917,4.5404,3.163,0.012552,9.0808,13.6212,9.0565,13.5767,776.526127,46.785709,-0.002987,30.672434,-0.001364
2006-01-04,0.2998,2.7997,3.1673,0.012569,5.5993,8.399,5.5751,8.3545,798.266329,49.405404,-0.003238,32.382444,-0.001478
2006-01-05,0.3066,2.265,3.1716,0.012586,4.53,6.795,4.5057,6.7505,816.347087,51.643472,-0.003458,33.841505,-0.001578
2006-01-06,0.3116,1.6427,3.176,0.012603,3.2853,4.928,3.261,4.8834,829.756874,53.340123,-0.003629,34.945078,-0.001655
2006-01-09,0.3203,2.7914,3.189,0.012655,5.5827,8.3741,5.5584,8.3294,852.918355,56.31795,-0.003933,36.887449,-0.001793
2006-01-10,0.3204,0.024,3.1933,0.012672,0.048,0.072,0.0236,0.0272,853.122913,56.344964,-0.003935,36.89615,-0.001794
2006-01-11,0.332,3.6197,3.1976,0.012689,7.2395,10.8592,7.2151,10.8145,884.00375,60.424047,-0.004363,39.558239,-0.001987
2006-01-12,0.3273,-1.4248,3.2019,0.012706,-2.8496,-4.2744,-2.874,-4.3192,871.408389,58.702193,-0.004176,38.421324,-0.001902
2006-01-13,0.3244,-0.8861,3.2063,0.012723,-1.7721,-2.6582,-1.7965,-2.703,863.687208,57.661922,-0.004065,37.731068,-0.00185
2006-01-17,0.3242,-0.0706,3.2236,0.012792,-0.1411,-0.2117,-0.1656,-0.2566,863.077737,57.580543,-0.004057,37.668573,-0.001845
2006-01-18,0.3258,0.5178,3.2279,0.012809,1.0356,1.5533,1.0111,1.5084,867.546608,58.176827,-0.00412,38.049422,-0.001873
2006-01-19,0.3439,5.5503,3.2322,0.012826,11.1007,16.651,11.0762,16.606,915.698458,64.634859,-0.004806,42.263837,-0.002184
2006-01-20,0.3343,-2.7956,3.2366,0.012844,-5.5913,-8.3869,-5.6158,-8.4319,890.098935,61.020959,-0.004403,39.890382,-0.002
2006-01-23,0.3362,0.5708,3.2496,0.012895,1.1417,1.7125,1.1171,1.6674,895.179975,61.717623,-0.004478,40.335989,-0.002034
2006-01-24,0.3379,0.4992,3.2539,0.012912,0.9984,1.4976,0.9738,1.4525,899.648846,62.33383,-0.004545,40.728785,-0.002063
2006-01-25,0.3349,-0.8808,3.2582,0.012929,-1.7615,-2.6423,-1.7861,-2.6875,891.725169,61.235817,-0.004425,40.001312,-0.002008
2006-01-26,0.3464,3.4176,3.2625,0.012947,6.8352,10.2528,6.8106,10.2076,922.200856,65.421419,-0.004879,42.725628,-0.002213
2006-01-27,0.3529,1.8948,3.2669,0.012964,3.7896,5.6844,3.7649,5.6391,939.674682,67.900624,-0.005156,44.334215,-0.002337
2006-01-30,0.349,-1.1245,3.2799,0.013015,-2.249,-3.3735,-2.2737,-3.4189,929.108007,66.373534,-0.004982,43.326175,-0.002257
2006-01-31,0.3431,-1.6836,3.2842,0.013033,-3.3672,-5.0509,-3.392,-5.0963,913.465371,64.13858,-0.00473,41.856561,-0.002142
2006-02-01,0.3433,0.0667,3.2885,0.01305,0.1334,0.2001,0.1086,0.1546,914.074604,64.224134,-0.00474,41.902032,-0.002146
2006-02-02,0.3329,-3.0452,3.2928,0.013067,-6.0904,-9.1355,-6.1151,-9.181,886.239376,60.312652,-0.004307,39.339666,-0.001949
2006-02-03,0.3359,0.9169,3.2972,0.013084,1.8339,2.7508,1.8091,2.7052,894.365548,61.418698,-0.004425,40.051345,-0.002001
2006-02-06,0.3454,2.8171,3.3102,0.013136,5.6342,8.4513,5.6094,8.4057,919.560714,64.87915,-0.004799,42.297968,-0.00217
2006-02-07,0.3331,-3.5573,3.3145,0.013153,-7.1147,-10.672,-7.1395,-10.7177,886.848926,60.263222,-0.004287,39.278099,-0.001937
2006-02-08,0.3427,2.8866,3.3188,0.01317,5.7731,8.6597,5.7483,8.614,912.448449,63.742303,-0.004658,41.535908,-0.002104
2006-02-09,0.3369,-1.6922,3.3232,0.013187,-3.3843,-5.0765,-3.4092,-5.1223,897.008229,61.585041,-0.004422,40.119848,-0.001996
2006-02-10,0.335,-0.5664,3.3275,0.013204,-1.1328,-1.6992,-1.1577,-1.745,891.927506,60.887396,-0.004347,39.65537,-0.001961
2006-02-13,0.3361,0.3417,3.3405,0.013256,0.6834,1.025,0.6584,0.9792,894.975019,61.303473,-0.004391,39.916458,-0.001981
2006-02-14,0.3368,0.1817,3.3448,0.013273,0.3634,0.5451,0.3385,0.4992,896.601333,61.526269,-0.004415,40.051557,-0.00199
2006-02-15,0.3432,1.926,3.3491,0.01329,3.852,5.778,3.827,5.732,913.869727,63.896241,-0.00467,41.584318,-0.002105
2006-02-16,0.3602,4.9356,3.3535,0.013307,9.8712,14.8068,9.8462,14.7608,958.974619,70.203558,-0.005362,45.678782,-0.002415
2006-02-17,0.3622,0.572,3.3578,0.013325,1.144,1.716,1.119,1.67,964.460016,71.006696,-0.005454,46.189919,-0.002456
2006-02-21,0.3545,-2.1275,3.3751,0.013393,-4.255,-6.3825,-4.2801,-6.4287,943.941057,67.98535,-0.005106,44.212938,-0.002298
2006-02-22,0.3539,-0.1723,3.3794,0.01341,-0.3445,-0.5168,-0.3697,-0.563,942.314902,67.75111,-0.005079,44.049499,-0.002285
2006-02-23,0.3485,-1.5309,3.3838,0.013428,-3.0618,-4.5928,-3.087,-4.639,927.888827,65.676681,-0.004846,42.689704,-0.002179
2006-02-24,0.3484,-0.0218,3.3881,0.013445,-0.0436,-0.0654,-0.0687,-0.1116,927.68657,65.648049,-0.004843,42.660356,-0.002176
2006-02-27,0.3625,4.0518,3.4011,0.013496,8.1035,12.1553,8.0783,12.1089,965.274125,70.967841,-0.005432,46.106588,-0.00244
2006-02-28,0.3596,-0.7999,3.4054,0.013513,-1.5998,-2.3997,-1.625,-2.4461,957.552785,69.832481,-0.005301,45.357336,-0.00238
2006-03-01,0.3733,3.7981,3.4097,0.013531,7.5962,11.3943,7.571,11.3479,993.921637,75.137101,-0.005905,48.791327,-0.00265
2006-03-02,0.3738,0.143,3.4141,0.013548,0.286,0.429,0.2608,0.3826,995.342995,75.352001,-0.005931,48.918553,-0.00266
2006-03-03,0.3751,0.3471,3.4184,0.013565,0.6942,1.0414,0.669,0.9949,998.798039,75.875126,-0.005993,49.245804,-0.002687
2006-03-06,0.3744,-0.2036,3.4314,0.013617,-0.4072,-0.6109,-0.4326,-0.6575,996.764274,75.56613,-0.005956,49.032783,-0.002669
2006-03-07,0.368,-1.7121,3.4357,0.013634,-3.4243,-5.1364,-3.4496,-5.1831,979.698216,72.978526,-0.00565,47.341333,-0.002531
2006-03-08,0.3661,-0.4977,3.44,0.013651,-0.9954,-1.4932,-1.0208,-1.5398,974.822053,72.252067,-0.005566,46.858073,-0.002492
2006-03-09,0.368,0.5212,3.4444,0.013668,1.0425,1.5637,1.0171,1.517,979.903092,73.005262,-0.005653,47.334657,-0.00253
2006-03-10,0.3616,-1.7417,3.4487,0.013685,-3.4834,-5.2251,-3.5088,-5.2719,962.836003,70.462179,-0.005357,45.673772,-0.002396
2006-03-13,0.366,1.2028,3.4617,0.013737,2.4057,3.6085,2.3803,3.5617,974.417458,72.157285,-0.005551,46.760923,-0.002482
2006-03-14,0.3761,2.773,3.466,0.013754,5.546,8.3191,5.5206,8.2722,1001.438259,76.159159,-0.006012,49.342398,-0.002687
2006-03-15,0.3822,1.6027,3.4703,0.013771,3.2054,4.8081,3.1799,4.7612,1017.488188,78.600346,-0.006301,50.911436,-0.002815
2006-03-16,0.3692,-3.3944,3.4747,0.013788,-6.7888,-10.1832,-6.8143,-10.2302,982.950447,73.264307,-0.00566,47.442168,-0.002527
2006-03-17,0.3722,0.8061,3.479,0.013806,1.6123,2.4184,1.5867,2.3714,990.874282,74.445514,-0.005797,48.194954,-0.002587
2006-03-20,0.3693,-0.7589,3.492,0.013857,-1.5177,-2.2766,-1.5433,-2.3237,983.354962,73.315644,-0.005665,47.451172,-0.002527
2006-03-21,0.3876,4.9381,3.4963,0.013874,9.8762,14.8143,9.8506,14.7672,1031.914104,80.556457,-0.006504,52.125415,-0.0029
2006-03-22,0.3764,-2.8747,3.5006,0.013891,-5.7493,-8.624,-5.7749,-8.6711,1002.250067,75.925007,-0.005943,49.115214,-0.002648
2006-03-23,0.3835,1.8651,3.505,0.013909,3.7302,5.5953,3.7046,5.5481,1020.942994,78.757155,-0.006276,50.934725,-0.002795
2006-03-24,0.3964,3.3832,3.5093,0.013926,6.7663,10.1495,6.7407,10.1023,1055.483195,84.086126,-0.006912,54.368082,-0.003078
2006-03-27,0.4071,2.6947,3.5223,0.013977,5.3894,8.0841,5.3637,8.0368,1083.925354,88.617873,-0.007471,57.284237,-0.003325
2006-03-28,0.4134,1.5372,3.5266,0.013994,3.0744,4.6116,3.0487,4.5643,1100.587531,91.342353,-0.007816,59.03067,-0.003477
2006-03-29,0.4356,5.372,3.5309,0.014012,10.7439,16.1159,10.7182,16.0685,1159.710809,101.156128,-0.009075,65.357713,-0.004036
2006-03-30,0.4386,0.6833,3.5353,0.014029,1.3665,2.0498,1.3408,2.0024,1167.634724,102.53846,-0.009261,66.234027,-0.004116
2006-03-31,0.437,-0.3654,3.5396,0.014046,-0.7309,-1.0963,-0.7566,-1.1438,1163.367634,101.789012,-0.00916,65.73287,-0.004069
2006-04-03,0.4418,1.1177,3.5526,0.014098,2.2353,3.353,2.2095,3.3054,1176.37005,104.064308,-0.009467,67.185239,-0.004204
2006-04-04,0.4625,4.6804,3.5569,0.014115,9.3609,14.0413,9.335,13.9937,1231.429289,113.805634,-0.010796,73.457014,-0.004792
2006-04-05,0.4663,0.8086,3.5612,0.014132,1.6172,2.4257,1.5913,2.3781,1241.386413,115.646059,-0.011058,74.625956,-0.004906
2006-04-06,0.4672,0.1964,3.5656,0.014149,0.3927,0.5891,0.3669,0.5415,1243.824138,116.10025,-0.011123,74.899749,-0.004933
2006-04-07,0.4659,-0.2615,3.5699,0.014166,-0.523,-0.7845,-0.5489,-0.8322,1240.571511,115.493041,-0.011036,74.488641,-0.004892
2006-04-10,0.4579,-1.7359,3.5829,0.014218,-3.4718,-5.2077,-3.4977,-5.2555,1219.036344,111.483337,-0.010461,71.883224,-0.004635
2006-04-11,0.4467,-2.4334,3.5872,0.014235,-4.8668,-7.3001,-4.8927,-7.348,1189.372545,106.057708,-0.009698,68.366191,-0.004294
2006-04-12,0.4647,4.0315,3.5915,0.014252,8.063,12.0944,8.037,12.0466,1237.321819,114.609092,-0.010871,73.860778,-0.004811
2006-04-13,0.4518,-2.7915,3.5959,0.014269,-5.5831,-8.3746,-5.6091,-8.4225,1202.78138,108.210355,-0.00996,69.717873,-0.004406
2006-04-17,0.453,0.2704,3.6132,0.014338,0.5409,0.8113,0.5148,0.7632,1206.034008,108.795611,-0.010041,70.076785,-0.00444
2006-04-18,0.4423,-2.3586,3.6175,0.014355,-4.7171,-7.0757,-4.7432,-7.1238,1177.588992,103.663595,-0.00933,66.752918,-0.004123
2006-04-19,0.445,0.6211,3.6218,0.014372,1.2422,1.8633,1.2161,1.8152,1184.90288,104.951284,-0.009504,67.564702,-0.004198
2006-04-20,0.4444,-0.1372,3.6262,0.01439,-0.2745,-0.4117,-0.3005,-0.4598,1183.276884,104.663243,-0.009465,67.361637,-0.004179
2006-04-21,0.4284,-3.6058,3.6305,0.014407,-7.2115,-10.8173,-7.2376,-10.8655,1140.610669,97.115416,-0.008441,62.486239,-0.003725
2006-04-24,0.4415,3.0639,3.6435,0.014458,6.1279,9.1918,6.1017,9.1435,1175.558321,103.066537,-0.009217,66.298974,-0.004065
2006-04-25,0.4412,-0.0693,3.6478,0.014475,-0.1386,-0.2079,-0.1648,-0.2562,1174.743736,102.9237,-0.009198,66.189734,-0.004055
2006-04-26,0.4382,-0.6917,3.6521,0.014493,-1.3834,-2.0751,-1.4096,-2.1235,1166.617881,101.499827,-0.009007,65.256707,-0.003969
2006-04-27,0.4452,1.6023,3.6565,0.01451,3.2046,4.8069,3.1784,4.7585,1185.31049,104.752471,-0.00944,67.330804,-0.004158
2006-04-28,0.446,0.1713,3.6608,0.014527,0.3427,0.514,0.3164,0.4656,1187.341399,105.111437,-0.009489,67.543869,-0.004177
2006-05-01,0.4716,5.7495,3.6738,0.014578,11.499,17.2484,11.4727,17.1999,1255.607374,117.198162,-0.011125,75.29296,-0.004896
2006-05-02,0.471,-0.1295,3.6781,0.014596,-0.259,-0.3885,-0.2853,-0.437,1253.981457,116.894637,-0.011082,75.078159,-0.004874
2006-05-03,0.474,0.6482,3.6824,0.014613,1.2964,1.9446,1.2701,1.896,1262.109931,118.41009,-0.011298,76.031732,-0.004967
2006-05-04,0.471,-0.644,3.6868,0.01463,-1.2881,-1.9321,-1.3144,-1.9807,1253.981457,116.884876,-0.011079,75.032361,-0.004868
2006-05-05,0.4774,1.361,3.6911,0.014647,2.7219,4.0829,2.6956,4.0342,1271.047753,120.06641,-0.011532,77.054921,-0.005065
2006-05-08,0.4753,-0.4475,3.7041,0.014699,-0.8951,-1.3426,-0.9215,-1.3913,1265.359464,118.991749,-0.011377,76.344891,-0.004994
2006-05-09,0.4608,-3.0507,3.7084,0.014716,-6.1013,-9.152,-6.1277,-9.2008,1226.757605,111.731673,-0.010336,71.666668,-0.004535
2006-05-10,0.4505,-2.2193,3.7127,0.014733,-4.4387,-6.658,-4.4651,-6.7069,1199.53161,106.772249,-0.009648,68.466657,-0.004231
2006-05-11,0.4345,-3.5569,3.7171,0.01475,-7.1139,-10.6708,-7.1403,-10.7196,1156.865157,99.176629,-0.008618,63.577926,-0.003777
2006-05-12,0.4018,-7.5167,3.7214,0.014767,-15.0335,-22.5502,-15.0599,-22.5991,1069.906731,84.266951,-0.006675,54.003133,-0.002923
2006-05-15,0.4076,1.4434,3.7344,0.014819,2.8867,4.3301,2.8602,4.2811,1085.34941,86.699513,-0.006964,55.547735,-0.003049
2006-05-16,0.397,-2.6208,3.7387,0.014836,-5.2416,-7.8624,-5.2682,-7.9115,1056.904394,82.155043,-0.006416,52.621383,-0.002807
2006-05-17,0.3809,-4.0369,3.743,0.014853,-8.0738,-12.1107,-8.1004,-12.1598,1014.238259,75.522015,-0.005639,48.358865,-0.002466
2006-05-18,0.3637,-4.5272,3.7474,0.014871,-9.0543,-13.5815,-9.0809,-13.6306,968.321956,68.683993,-0.004873,43.967436,-0.00213
2006-05-19,0.3713,2.0981,3.7517,0.014888,4.1962,6.2943,4.1696,6.2451,988.638181,71.566091,-0.00518,45.800692,-0.002263
2006-05-22,0.3663,-1.3563,3.7647,0.014939,-2.7126,-4.0689,-2.7392,-4.1181,975.229266,69.624787,-0.004969,44.546097,-0.00217
2006-05-23,0.3623,-1.0833,3.769,0.014956,-2.1665,-3.2498,-2.1932,-3.2991,964.664972,68.116349,-0.004808,43.569118,-0.002098
2006-05-24,0.367,1.3056,3.7733,0.014974,2.6113,3.9169,2.5846,3.8676,977.259936,69.895045,-0.004996,44.695197,-0.002179
2006-05-25,0.3651,-0.5404,3.7777,0.014991,-1.0807,-1.6211,-1.1074,-1.6705,971.979098,69.139659,-0.004915,44.200224,-0.002143
2006-05-26,0.3658,0.2089,3.782,0.015008,0.4179,0.6268,0.3912,0.5775,974.010007,69.428587,-0.004946,44.373125,-0.002155
2006-05-30,0.3506,-4.172,3.7993,0.015077,-8.3439,-12.5159,-8.3707,-12.5654,933.3747,63.635522,-0.004327,40.658783,-0.001884
2006-05-31,0.3507,0.0436,3.8036,0.015094,0.0872,0.1308,0.0604,0.0813,933.781675,63.691015,-0.004333,40.683343,-0.001886
2006-06-01,0.369,5.2219,3.808,0.015111,10.4438,15.6658,10.417,15.6162,982.542996,70.342801,-0.005011,44.921335,-0.002181
2006-06-02,0.3637,-1.4474,3.8123,0.015128,-2.8947,-4.3421,-2.9216,-4.3917,968.321956,68.306559,-0.004794,43.608924,-0.002085
2006-06-05,0.3484,-4.1965,3.8253,0.01518,-8.3929,-12.5894,-8.4198,-12.6391,927.68657,62.573624,-0.00419,39.937124,-0.001821
2006-06-06,0.3391,-2.672,3.8296,0.015197,-5.3441,-8.0161,-5.371,-8.0658,902.898537,59.229656,-0.003854,37.792119,-0.001674
2006-06-07,0.333,-1.8,3.8339,0.015214,-3.5999,-5.3999,-3.6269,-5.4497,886.646668,57.097429,-0.003646,36.421454,-0.001583
2006-06-08,0.3269,-1.8333,3.8383,0.015231,-3.6665,-5.4998,-3.6935,-5.5496,870.392022,55.003926,-0.003446,35.076234,-0.001495
2006-06-09,0.3258,-0.3269,3.8426,0.015248,-0.6538,-0.9807,-0.6808,-1.0306,867.546608,54.644297,-0.003412,34.837443,-0.00148
2006-06-12,0.3078,-5.5267,3.8556,0.0153,-11.0535,-16.5802,-11.0805,-16.6302,819.599476,48.60419,-0.002846,30.977278,-0.001234
2006-06-13,0.3031,-1.537,3.8599,0.015317,-3.074,-4.611,-3.101,-4.661,807.002131,47.110085,-0.002715,30.016658,-0.001176
2006-06-14,0.312,2.9205,3.8642,0.015334,5.841,8.7615,5.814,8.7115,830.570745,49.861799,-0.002953,31.761823,-0.001279
2006-06-15,0.3393,8.7572,3.8686,0.015351,17.5145,26.2717,17.4874,26.2217,903.30583,58.594835,-0.003728,37.316147,-0.001614
2006-06-16,0.3306,-2.5641,3.8729,0.015369,-5.1281,-7.6922,-5.1552,-7.7423,880.144429,55.590009,-0.003442,35.392419,-0.001489
2006-06-19,0.3207,-3.0009,3.8859,0.01542,-6.0018,-9.0026,-6.0289,-9.0528,853.732384,52.253634,-0.003132,33.258653,-0.001354
2006-06-20,0.3156,-1.5707,3.8902,0.015437,-3.1413,-4.712,-3.1684,-4.7622,840.323231,50.61219,-0.002984,32.204871,-0.00129
2006-06-21,0.3191,1.1121,3.8945,0.015455,2.2241,3.3362,2.197,3.2859,849.668187,51.737873,-0.003084,32.912403,-0.001332
2006-06-22,0.3098,-2.9174,3.8989,0.015472,-5.8347,-8.7521,-5.8619,-8.8024,824.880234,48.719104,-0.002814,30.983106,-0.001215
2006-06-23,0.31,0.0494,3.9032,0.015489,0.0987,0.1481,0.0715,0.0978,825.287448,48.767206,-0.002818,31.005271,-0.001216
2006-06-26,0.3071,-0.9356,3.9162,0.01554,-1.8712,-2.8068,-1.8985,-2.8573,817.566028,47.85467,-0.002739,30.41665,-0.001181
2006-06-27,0.2973,-3.1807,3.9205,0.015558,-6.3613,-9.542,-6.3886,-9.5925,791.561911,44.810467,-0.002478,28.473448,-0.001068
2006-06-28,0.3138,5.5441,3.9248,0.015575,11.0882,16.6324,11.061,16.5819,835.447068,49.779161,-0.00289,31.622885,-0.001245
2006-06-29,0.328,4.5233,3.9292,0.015592,9.0467,13.57,9.0194,13.5195,873.237198,54.282525,-0.003282,34.475075,-0.001413
2006-06-30,0.3249,-0.9309,3.9335,0.015609,-1.8617,-2.7926,-1.8891,-2.8432,865.108486,53.271924,-0.00319,33.823821,-0.001373
2006-07-03,0.3297,1.4562,3.9465,0.015661,2.9124,4.3686,2.885,4.3179,877.706069,54.8234,-0.00333,34.799639,-0.001433
2006-07-05,0.3149,-4.4908,3.9552,0.015695,-8.9816,-13.4725,-9.009,-13.5232,838.289863,49.899359,-0.002881,31.664525,-0.001239
2006-07-06,0.3051,-3.1021,3.9595,0.015712,-6.2042,-9.3063,-6.2316,-9.3571,812.285349,46.803512,-0.002613,29.691318,-0.001123
2006-07-07,0.2956,-3.1018,3.9638,0.015729,-6.2035,-9.3053,-6.2309,-9.3561,787.090263,43.900053,-0.00237,27.841269,-0.001018
2006-07-10,0.2828,-4.3366,3.9768,0.015781,-8.6732,-13.0099,-8.7007,-13.0608,752.957116,40.092492,-0.002061,25.418874,-0.000885
2006-07-11,0.2923,3.3462,3.9811,0.015798,6.6923,10.0385,6.6648,9.9876,778.152361,42.775621,-0.002268,27.113002,-0.000973
2006-07-12,0.2782,-4.8044,3.9855,0.015815,-9.6087,-14.4131,-9.6362,-14.4641,740.767143,38.665433,-0.001941,24.500329,-0.000832
2006-07-13,0.2711,-2.5781,3.9898,0.015832,-5.1562,-7.7343,-5.1838,-7.7853,721.669384,36.671762,-0.001791,23.230293,-0.000768
2006-07-14,0.2697,-0.5068,3.9941,0.01585,-1.0135,-1.5203,-1.0411,-1.5713,718.012241,36.300085,-0.001764,22.988447,-0.000756
2006-07-17,0.2718,0.7922,4.0071,0.015901,1.5844,2.3766,1.5568,2.3255,723.700451,36.875236,-0.001806,23.346337,-0.000773
2006-07-18,0.2866,5.4465,4.0114,0.015918,10.8929,16.3394,10.8653,16.2882,763.116577,40.892033,-0.002101,25.88299,-0.000899
2006-07-19,0.2991,4.3664,4.0158,0.015936,8.7329,13.0993,8.7053,13.0481,796.437678,44.463093,-0.002376,28.136171,-0.001016
2006-07-20,0.2932,-1.9898,4.0201,0.015953,-3.9796,-5.9693,-4.0072,-6.0206,780.590324,42.693658,-0.002234,27.008694,-0.000955
2006-07-21,0.2712,-7.4961,4.0244,0.01597,-14.9922,-22.4884,-15.0199,-22.5397,722.076359,36.292924,-0.001732,22.952012,-0.00074
2006-07-24,0.2985,10.0731,4.0374,0.016021,20.1462,30.2192,20.1184,30.1678,794.811682,43.604554,-0.002255,27.569597,-0.000963
2006-07-25,0.3091,3.5276,4.0417,0.016039,7.0552,10.5828,7.0274,10.5313,822.849405,46.680937,-0.002494,29.507034,-0.001065
2006-07-26,0.3091,0.0,4.0461,0.016056,0.0,0.0,-0.0278,-0.0515,822.849405,46.680937,-0.002494,29.498842,-0.001064
2006-07-27,0.3135,1.432,4.0504,0.016073,2.864,4.296,2.8362,4.2445,834.632562,48.017874,-0.002601,30.335491,-0.001109
2006-07-28,0.346,10.37,4.0547,0.01609,20.7401,31.1101,20.7123,31.0586,921.184251,57.976815,-0.00341,36.618661,-0.001454
2006-07-31,0.3379,-2.3378,4.0677,0.016142,-4.6756,-7.0134,-4.7034,-7.065,899.648846,55.266056,-0.003171,34.896324,-0.001351
2006-08-01,0.3243,-4.0198,4.072,0.016159,-8.0396,-12.0594,-8.0675,-12.1111,863.484633,50.82287,-0.002789,32.081066,-0.001187
2006-08-02,0.3492,7.6704,4.0764,0.016176,15.3408,23.0113,15.313,22.9596,929.717557,58.619528,-0.003431,36.993628,-0.00146
2006-08-03,0.3712,6.2937,4.0807,0.016193,12.5875,18.8812,12.5596,18.8295,988.231602,65.998255,-0.004078,41.639875,-0.001735
2006-08-04,0.3661,-1.3569,4.085,0.01621,-2.7138,-4.0708,-2.7418,-4.1226,974.822053,64.207163,-0.003912,40.498208,-0.001663
2006-08-07,0.3619,-1.167,4.098,0.016262,-2.334,-3.501,-2.362,-3.5529,963.445871,62.708566,-0.003775,39.541652,-0.001604
2006-08-08,0.3715,2.6571,4.1023,0.016279,5.3142,7.9713,5.2862,7.9194,989.045632,66.04103,-0.004076,41.631912,-0.001731
2006-08-09,0.3713,-0.0412,4.1067,0.016296,-0.0824,-0.1236,-0.1104,-0.1755,988.638181,65.986617,-0.004071,41.585952,-0.001728
2006-08-10,0.3687,-0.6986,4.111,0.016313,-1.3973,-2.0959,-1.4253,-2.1479,981.731267,65.064614,-0.003986,40.993237,-0.001691
2006-08-11,0.3571,-3.1458,4.1153,0.016331,-6.2916,-9.4373,-6.3196,-9.4894,950.848209,60.971041,-0.00361,38.402634,-0.001531
2006-08-14,0.3553,-0.5128,4.1283,0.016382,-1.0256,-1.5384,-1.0537,-1.5905,945.972283,60.345725,-0.003554,37.997992,-0.001506
2006-08-15,0.3895,9.6219,4.1326,0.016399,19.2438,28.8657,19.2157,28.8136,1036.992843,71.958542,-0.00458,45.299574,-0.00194
2006-08-16,0.4174,7.1708,4.137,0.016417,14.3417,21.5125,14.3136,21.4603,1111.354004,82.278615,-0.005565,51.78356,-0.002357
2006-08-17,0.4109,-1.5721,4.1413,0.016434,-3.1441,-4.7162,-3.1723,-4.7684,1093.882875,79.69168,-0.005303,50.140853,-0.002244
2006-08-18,0.4176,1.6344,4.1456,0.016451,3.2688,4.9031,3.2406,4.8509,1111.761058,82.296607,-0.005563,51.765717,-0.002353
2006-08-21,0.4022,-3.6914,4.1586,0.016502,-7.3829,-11.0743,-7.4111,-11.1267,1070.721157,76.220761,-0.004947,47.929322,-0.002091
2006-08-22,0.4015,-0.1519,4.1629,0.01652,-0.3037,-0.4556,-0.332,-0.508,1069.095002,75.989241,-0.004924,47.770208,-0.002081
2006-08-23,0.4012,-0.076,4.1673,0.016537,-0.1519,-0.2279,-0.1802,-0.2803,1068.282956,75.873803,-0.004913,47.684147,-0.002075
2006-08-24,0.4054,1.027,4.1716,0.016554,2.054,3.081,2.0257,3.0285,1079.254146,77.43224,-0.005064,48.650097,-0.002138
2006-08-25,0.4041,-0.3013,4.1759,0.016571,-0.6026,-0.9039,-0.6309,-0.9564,1076.002312,76.965628,-0.005019,48.343171,-0.002117
2006-08-28,0.418,3.4366,4.1889,0.016623,6.8732,10.3098,6.8449,10.2572,1112.980238,82.255634,-0.005536,51.652202,-0.002335
2006-08-29,0.437,4.5272,4.1932,0.01664,9.0545,13.5817,9.0262,13.5291,1163.367634,89.70347,-0.006288,56.314409,-0.00265
2006-08-30,0.446,2.0607,4.1976,0.016657,4.1214,6.1822,4.0931,6.1295,1187.341399,93.400547,-0.006677,58.619402,-0.002813
2006-08-31,0.4443,-0.3764,4.2019,0.016674,-0.7528,-1.1292,-0.7812,-1.1819,1182.872369,92.697447,-0.006601,58.161491,-0.00278
2006-09-01,0.4257,-4.1911,4.2062,0.016691,-8.3823,-12.5734,-8.4107,-12.6262,1133.296463,84.927276,-0.005771,53.269709,-0.002429
2006-09-05,0.435,2.1872,4.2235,0.01676,4.3745,6.5617,4.346,6.5088,1158.084257,88.642385,-0.00615,55.584806,-0.002587
2006-09-06,0.4131,-5.0175,4.2279,0.016777,-10.0349,-15.0524,-10.0634,-15.1053,1099.977743,79.747178,-0.005224,49.991073,-0.002196
2006-09-07,0.4214,1.9948,4.2322,0.016794,3.9896,5.9844,3.9611,5.9315,1121.920282,82.928797,-0.005537,51.971286,-0.002326
2006-09-08,0.4228,0.326,4.2365,0.016812,0.652,0.978,0.6235,0.925,1125.577583,83.46947,-0.005591,52.295303,-0.002348
2006-09-11,0.4293,1.5522,4.2495,0.016863,3.1044,4.6566,3.0758,4.6035,1143.04887,86.060707,-0.005851,53.903824,-0.002456
2006-09-12,0.4406,2.6308,4.2538,0.01688,5.2616,7.8924,5.233,7.8392,1173.120041,90.588853,-0.006313,56.724604,-0.002648
2006-09-13,0.4441,0.7966,4.2582,0.016897,1.5932,2.3898,1.5646,2.3366,1182.465076,92.032108,-0.006464,57.612111,-0.00271
2006-09-14,0.4424,-0.3779,4.2625,0.016915,-0.7559,-1.1338,-0.7845,-1.187,1177.996205,91.336477,-0.006391,57.160157,-0.002678
2006-09-15,0.4511,1.9662,4.2668,0.016932,3.9324,5.8986,3.9038,5.8454,1201.157923,94.928186,-0.006768,59.391549,-0.002835
2006-09-18,0.4682,3.7887,4.2798,0.016983,7.5775,11.3662,7.5488,11.3129,1246.666775,102.121367,-0.007537,63.874902,-0.003155
2006-09-19,0.456,-2.6075,4.2841,0.017001,-5.215,-7.8225,-5.2437,-7.8759,1214.159942,96.795738,-0.006947,60.52549,-0.002907
2006-09-20,0.4727,3.648,4.2885,0.017018,7.296,10.944,7.2673,10.8906,1258.45255,103.857964,-0.007708,64.92405,-0.003223
2006-09-21,0.4688,-0.8073,4.2928,0.017035,-1.6146,-2.4219,-1.6433,-2.4753,1248.293247,102.181103,-0.007521,63.857145,-0.003144
2006-09-22,0.455,-2.9623,4.2971,0.017052,-5.9246,-8.8869,-5.9534,-8.9404,1211.315084,96.127286,-0.006853,60.055503,-0.002863
2006-09-25,0.4713,3.5895,4.3101,0.017104,7.179,10.7686,7.1502,10.715,1254.795487,103.028303,-0.007591,64.34961,-0.003169
2006-09-26,0.4614,-2.1051,4.3144,0.017121,-4.2101,-6.3152,-4.2389,-6.3688,1228.3813,98.69069,-0.007111,61.621865,-0.002967
2006-09-27,0.46,-0.2977,4.3188,0.017138,-0.5954,-0.8931,-0.6243,-0.9468,1224.724316,98.103071,-0.007048,61.237185,-0.002939
2006-09-28,0.4513,-1.8912,4.3231,0.017155,-3.7824,-5.6736,-3.8113,-5.7273,1201.562201,94.3924,-0.006648,58.903263,-0.002771
2006-09-29,0.4516,0.0678,4.3274,0.017172,0.1356,0.2033,0.1067,0.1496,1202.376627,94.520359,-0.006661,58.966102,-0.002775
2006-10-02,0.4402,-2.5346,4.3404,0.017224,-5.0692,-7.6038,-5.0981,-7.6576,1171.901099,89.728919,-0.006155,55.959925,-0.002563
2006-10-03,0.4319,-1.8724,4.3447,0.017241,-3.7448,-5.6172,-3.7738,-5.6711,1149.958323,86.368735,-0.005809,53.848129,-0.002417
2006-10-04,0.4743,9.8232,4.3491,0.017258,19.6465,29.4697,19.6175,29.4158,1262.921342,103.337129,-0.007521,64.411781,-0.003128
2006-10-05,0.4609,-2.8315,4.3534,0.017275,-5.663,-8.4944,-5.6919,-8.5484,1227.161961,97.485186,-0.006882,60.745498,-0.002861
2006-10-06,0.4721,2.4173,4.3577,0.017293,4.8347,7.252,4.8057,7.1981,1256.826633,102.198282,-0.007381,63.664732,-0.003067
2006-10-09,0.5024,6.434,4.3707,0.017344,12.8679,19.3019,12.8389,19.2478,1337.690271,115.349062,-0.008806,71.838556,-0.003657
2006-10-10,0.491,-2.2783,4.375,0.017361,-4.5567,-6.835,-4.5857,-6.8891,1307.213236,110.092991,-0.008204,68.544231,-0.003405
2006-10-11,0.4937,0.5596,4.3794,0.017378,1.1192,1.6787,1.0901,1.6246,1314.528156,111.32511,-0.008342,69.291417,-0.003461
2006-10-12,0.4957,0.4017,4.3837,0.017396,0.8034,1.2052,0.7743,1.151,1319.808914,112.219547,-0.008442,69.82797,-0.0035
2006-10-13,0.5154,3.9717,4.388,0.017413,7.9434,11.9151,7.9143,11.8609,1372.227854,121.133609,-0.009448,75.354361,-0.003916
2006-10-16,0.5145,-0.1777,4.401,0.017464,-0.3554,-0.5331,-0.3846,-0.5874,1369.789335,120.703088,-0.009398,75.064563,-0.003893
2006-10-17,0.4948,-3.8267,4.4053,0.017482,-7.6535,-11.4802,-7.6826,-11.5345,1317.37119,111.465125,-0.008319,69.297616,-0.003444
2006-10-18,0.4817,-2.6526,4.4097,0.017499,-5.3053,-7.9579,-5.3345,-8.0123,1282.425997,105.551575,-0.007657,65.600937,-0.003168
2006-10-19,0.4908,1.9011,4.414,0.017516,3.8022,5.7033,3.773,5.6489,1306.80634,109.56488,-0.008094,68.07606,-0.003347
2006-10-20,0.4852,-1.1505,4.4183,0.017533,-2.301,-3.4515,-2.3302,-3.5059,1291.771508,107.043788,-0.007814,66.489723,-0.003229
2006-10-23,0.482,-0.6606,4.4313,0.017585,-1.3212,-1.9818,-1.3505,-2.0363,1283.238123,105.629535,-0.00766,65.591791,-0.003164
2006-10-24,0.496,2.9133,4.4356,0.017602,5.8266,8.7399,5.7973,8.6854,1320.622785,111.78416,-0.008329,69.394347,-0.003438
2006-10-25,0.5006,0.9231,4.44,0.017619,1.8462,2.7693,1.8169,2.7147,1332.813552,113.847935,-0.00856,70.655166,-0.003532
2006-10-26,0.5165,3.1707,4.4443,0.017636,6.3414,9.5121,6.3121,9.4575,1375.073109,121.067495,-0.009374,75.114965,-0.003866
2006-10-27,0.4942,-4.3143,4.4486,0.017653,-8.6287,-12.943,-8.6581,-12.9977,1315.747653,110.620946,-0.008161,68.611467,-0.003363
2006-10-30,0.5001,1.2044,4.4616,0.017705,2.4088,3.6133,2.3794,3.5585,1331.594769,113.285625,-0.008455,70.244027,-0.003483
2006-10-31,0.5322,6.4083,4.4659,0.017722,12.8166,19.2249,12.7872,19.1701,1416.927357,127.804991,-0.010081,79.226251,-0.004151
2006-11-01,0.4911,-7.7145,4.4703,0.017739,-15.4291,-23.1436,-15.4585,-23.1984,1307.618069,108.085882,-0.007748,66.979057,-0.003188
2006-11-02,0.4878,-0.6835,4.4746,0.017756,-1.367,-2.0505,-1.3965,-2.1054,1298.680564,106.608358,-0.007589,66.043726,-0.003121
2006-11-03,0.4975,2.0024,4.4789,0.017774,4.0049,6.0073,3.9754,5.9524,1324.685713,110.877871,-0.008045,68.669213,-0.003306
2006-11-06,0.5126,3.0368,4.4919,0.017825,6.0735,9.1103,6.044,9.0553,1364.91341,117.612089,-0.008778,72.81959,-0.003606
2006-11-07,0.5204,1.5184,4.4962,0.017842,3.0367,4.5551,3.0072,4.5001,1385.6378,121.183654,-0.009178,75.00941,-0.003768
2006-11-08,0.5281,1.4664,4.5006,0.017859,2.9327,4.3991,2.9032,4.344,1405.956247,124.737633,-0.009581,77.187049,-0.003932
2006-11-09,0.5386,1.9942,4.5049,0.017877,3.9884,5.9826,3.9588,5.9274,1433.993653,129.712638,-0.010155,80.242724,-0.004165
2006-11-10,0.5256,-2.4087,4.5092,0.017894,-4.8173,-7.226,-4.8469,-7.2811,1399.45369,123.463978,-0.009421,76.353431,-0.003861
2006-11-13,0.5494,4.5296,4.5222,0.017945,9.0592,13.5889,9.0296,13.5336,1462.843581,134.648868,-0.010701,83.247827,-0.004384
2006-11-14,0.5549,1.0,4.5265,0.017962,2.0,3.0,1.9703,2.9447,1477.471993,137.341841,-0.011022,84.888082,-0.004513
2006-11-15,0.5458,-1.6502,4.5309,0.01798,-3.3003,-4.9505,-3.33,-5.0058,1453.091254,132.809104,-0.010476,82.061294,-0.004287
2006-11-16,0.5528,1.2864,4.5352,0.017997,2.5728,3.8592,2.5431,3.8039,1471.784021,136.226054,-0.010881,84.148215,-0.00445
2006-11-17,0.5543,0.276,4.5395,0.018014,0.5519,0.8279,0.5222,0.7725,1475.84568,136.977936,-0.010971,84.587651,-0.004485
2006-11-20,0.5595,0.9362,4.5525,0.018066,1.8724,2.8087,1.8427,2.7532,1489.662839,139.542765,-0.011279,86.14632,-0.004608
2006-11-21,0.5508,-1.5549,4.5568,0.018083,-3.1099,-4.6648,-3.1397,-4.7203,1466.499613,135.203178,-0.010753,83.441626,-0.004391
2006-11-22,0.5603,1.7179,4.5612,0.0181,3.4359,5.1538,3.4061,5.0983,1491.693192,139.848596,-0.011307,86.283709,-0.004615
2006-11-24,0.5644,0.7355,4.5698,0.018134,1.471,2.2065,1.4412,2.1509,1502.664779,141.905803,-0.011557,87.527216,-0.004714
2006-11-27,0.5389,-4.5159,4.5828,0.018186,-9.0318,-13.5477,-9.0617,-13.6035,1434.805699,129.089109,-0.009991,79.595741,-0.004073
2006-11-28,0.549,1.8692,4.5872,0.018203,3.7383,5.6075,3.7084,5.5517,1461.624639,133.914896,-0.010551,82.547492,-0.004299
2006-11-29,0.5571,1.4734,4.5915,0.01822,2.9469,4.4203,2.917,4.3645,1483.160917,137.861229,-0.011017,84.955377,-0.004486
2006-11-30,0.5645,1.3425,4.5958,0.018237,2.685,4.0274,2.655,3.9716,1503.071992,141.562736,-0.011461,87.210949,-0.004664
2006-12-01,0.5424,-3.9201,4.6001,0.018255,-7.8402,-11.7603,-7.8701,-11.8162,1444.150179,130.463955,-0.010113,80.34732,-0.004113
2006-12-04,0.5644,4.0518,4.6131,0.018306,8.1037,12.1555,8.0737,12.0995,1502.664779,141.036327,-0.011343,86.83429,-0.004611
2006-12-05,0.5586,-1.0275,4.6175,0.018323,-2.055,-3.0826,-2.0851,-3.1386,1487.224638,138.137981,-0.010993,85.023739,-0.004466
2006-12-06,0.5578,-0.1366,4.6218,0.01834,-0.2732,-0.4098,-0.3032,-0.4658,1485.193174,137.760604,-0.010948,84.765917,-0.004445
2006-12-07,0.5444,-2.4077,4.6261,0.018358,-4.8154,-7.2231,-4.8455,-7.2792,1449.433952,131.126838,-0.010157,80.658589,-0.004122
2006-12-08,0.5426,-0.3365,4.6304,0.018375,-0.6729,-1.0094,-0.703,-1.0655,1444.557233,130.244468,-0.010055,80.091563,-0.004078
2006-12-11,0.5519,1.716,4.6434,0.018426,3.432,5.148,3.4019,5.0918,1469.345821,134.714455,-0.010572,82.816171,-0.004286
2006-12-12,0.5462,-1.0233,4.6478,0.018443,-2.0465,-3.0698,-2.0767,-3.126,1454.310513,131.957482,-0.010248,81.096343,-0.004152
2006-12-13,0.5526,1.1735,4.6521,0.018461,2.347,3.5205,2.3168,3.4642,1471.376967,135.054546,-0.010609,82.975224,-0.004295
2006-12-14,0.5624,1.7675,4.6564,0.018478,3.535,5.3024,3.5048,5.2461,1497.383227,139.828664,-0.011171,85.883315,-0.004521
2006-12-15,0.5723,1.7639,4.6607,0.018495,3.5278,5.2917,3.4976,5.2354,1523.795748,144.761573,-0.011762,88.887189,-0.004757
2006-12-18,0.5822,1.7332,4.6737,0.018547,3.4665,5.1997,3.4362,5.1433,1550.20684,149.779715,-0.012374,91.941561,-0.005002
2006-12-19,0.5906,1.4418,4.6781,0.018564,2.8835,4.3253,2.8532,4.2688,1572.557068,154.098636,-0.012909,94.56488,-0.005216
2006-12-20,0.5839,-1.1369,4.6824,0.018581,-2.2738,-3.4107,-2.3041,-3.4672,1554.678726,150.594753,-0.012469,92.38603,-0.005035
2006-12-21,0.5789,-0.8625,4.6867,0.018598,-1.7251,-2.5876,-1.7554,-2.6442,1541.268939,147.996861,-0.012146,90.764293,-0.004902
2006-12-22,0.5652,-2.3728,4.691,0.018615,-4.7456,-7.1183,-4.7759,-7.1749,1504.697988,140.973575,-0.011281,86.429494,-0.00455
2006-12-26,0.565,-0.0271,4.7084,0.018684,-0.0541,-0.0812,-0.0845,-0.1379,1504.290775,140.897273,-0.011272,86.356447,-0.004544
2006-12-27,0.5725,1.3237,4.7127,0.018701,2.6473,3.971,2.6169,3.9142,1524.202485,144.627277,-0.01172,88.616322,-0.004722
2006-12-28,0.5684,-0.7198,4.717,0.018718,-1.4396,-2.1594,-1.47,-2.2162,1513.231374,142.545242,-0.011467,87.313651,-0.004617
2006-12-29,0.5648,-0.6178,4.7213,0.018735,-1.2356,-1.8534,-1.266,-1.9102,1503.882768,140.783978,-0.011254,86.20824,-0.004529
2007-01-03,0.5507,-2.5127,4.727,0.018758,-5.0255,-7.5382,-5.0559,-7.5951,1466.094145,133.708915,-0.010406,81.849604,-0.004185
2007-01-04,0.5481,-0.4711,4.7259,0.018754,-0.9423,-1.4134,-0.9727,-1.4703,1459.186915,132.449026,-0.010259,81.053434,-0.004123
2007-01-05,0.5137,-6.2657,4.7249,0.01875,-12.5313,-18.797,-12.5618,-18.8539,1367.759141,115.8514,-0.00833,70.871674,-0.003346
2007-01-08,0.5175,0.7427,4.7219,0.018738,1.4855,2.2282,1.455,2.1714,1377.918047,117.572351,-0.008516,71.902884,-0.003418
2007-01-09,0.5075,-1.9464,4.7209,0.018734,-3.8927,-5.8391,-3.9232,-5.8959,1351.098789,112.995587,-0.008019,69.082017,-0.003217
2007-01-10,0.5325,4.9323,4.7199,0.01873,9.8647,14.797,9.8342,14.7402,1417.739403,124.142211,-0.009205,75.875694,-0.003691
2007-01-11,0.5305,-0.3726,4.7188,0.018726,-0.7453,-1.1179,-0.7757,-1.1748,1412.456264,123.216991,-0.009102,75.287109,-0.003648
2007-01-12,0.5377,1.3522,4.7178,0.018722,2.7044,4.0566,2.674,3.9998,1431.555611,126.549291,-0.009472,77.300277,-0.003794
2007-01-16,0.5386,0.1703,4.7138,0.018705,0.3406,0.5109,0.3102,0.4541,1433.993653,126.980336,-0.00952,77.540065,-0.003811
2007-01-17,0.5273,-2.097,4.7128,0.018701,-4.194,-6.2911,-4.2244,-6.3478,1403.922561,121.654737,-0.008921,74.26443,-0.003569
2007-01-18,0.4837,-8.2778,4.7118,0.018697,-16.5555,-24.8333,-16.5859,-24.89,1287.709295,101.514176,-0.006706,61.946996,-0.002681
2007-01-19,0.4866,0.5995,4.7107,0.018693,1.1989,1.7984,1.1685,1.7416,1295.428651,102.731258,-0.006826,62.670864,-0.002727
2007-01-22,0.4866,0.0,4.7077,0.018681,0.0,0.0,-0.0304,-0.0567,1295.428651,102.731258,-0.006826,62.65182,-0.002726
2007-01-23,0.4867,0.0314,4.7067,0.018677,0.0629,0.0943,0.0325,0.0376,1295.835864,102.795844,-0.006833,62.672173,-0.002727
2007-01-24,0.5018,3.1044,4.7057,0.018673,6.2088,9.3132,6.1784,9.2565,1336.06364,109.178208,-0.007469,66.544308,-0.002979
2007-01-25,0.4843,-3.4976,4.7047,0.018669,-6.9952,-10.4929,-7.0256,-10.5496,1289.333149,101.54092,-0.006685,61.869155,-0.002665
2007-01-26,0.4803,-0.8193,4.7036,0.018665,-1.6387,-2.458,-1.669,-2.5147,1278.769172,99.876997,-0.006521,60.836531,-0.002598
2007-01-29,0.4606,-4.0992,4.7006,0.018653,-8.1983,-12.2975,-8.2287,-12.3541,1226.350471,91.688776,-0.005719,55.830497,-0.002277
2007-01-30,0.4695,1.9219,4.6996,0.018649,3.8438,5.7657,3.8134,5.709,1249.919561,95.213088,-0.006049,57.959549,-0.002407
2007-01-31,0.4678,-0.3578,4.6986,0.018645,-0.7155,-1.0733,-0.7459,-1.1299,1245.447913,94.531829,-0.005984,57.527251,-0.00238
2007-02-01,0.4737,1.2724,4.6976,0.018641,2.5449,3.8173,2.5145,3.7607,1261.295425,96.937541,-0.006212,58.973787,-0.002469
2007-02-02,0.4861,2.6095,4.6965,0.018637,5.2191,7.8286,5.1887,7.772,1294.209313,101.99677,-0.006699,62.03377,-0.002661
2007-02-05,0.494,1.6327,4.6935,0.018625,3.2654,4.8981,3.2351,4.8415,1315.339964,105.327387,-0.007027,64.040614,-0.00279
2007-02-06,0.5116,3.5528,4.6925,0.018621,7.1055,10.6583,7.0752,10.6017,1362.071011,112.811474,-0.007776,68.571628,-0.003086
2007-02-07,0.5316,3.908,4.6915,0.018617,7.8161,11.7241,7.7857,11.6675,1415.301202,121.628895,-0.008687,73.910439,-0.003446
2007-02-08,0.5247,-1.292,4.6905,0.018613,-2.584,-3.876,-2.6143,-3.9326,1397.01533,118.485973,-0.008351,71.978165,-0.00331
2007-02-09,0.4983,-5.0319,4.6895,0.018609,-10.0638,-15.0957,-10.0941,-15.1523,1326.718684,106.561742,-0.00709,64.712582,-0.002809
2007-02-12,0.5093,2.2052,4.6864,0.018597,4.4104,6.6156,4.3801,6.559,1355.975508,111.261545,-0.007559,67.547058,-0.002993
2007-02-13,0.5189,1.8879,4.6854,0.018593,3.7759,5.6638,3.7456,5.6072,1381.575349,115.462621,-0.007987,70.077072,-0.003161
2007-02-14,0.512,-1.3235,4.6844,0.018589,-2.6471,-3.9706,-2.6774,-4.0272,1363.289635,112.406231,-0.00767,68.200844,-0.003033
2007-02-15,0.5151,0.5961,4.6834,0.018585,1.1922,1.7882,1.1619,1.7317,1371.415966,113.746299,-0.007807,68.993252,-0.003086
2007-02-16,0.4994,-3.0519,4.6824,0.018581,-6.1039,-9.1558,-6.1342,-9.2123,1329.561242,106.803372,-0.007093,64.761098,-0.002802
2007-02-20,0.5038,0.8864,4.6783,0.018565,1.7729,2.6593,1.7426,2.6028,1341.347096,108.696883,-0.007281,65.889639,-0.002875
2007-02-21,0.4963,-1.4845,4.6773,0.018561,-2.969,-4.4535,-2.9993,-4.51,1321.434911,105.46969,-0.006957,63.913444,-0.002745
2007-02-22,0.4995,0.6458,4.6763,0.018557,1.2915,1.9373,1.2613,1.8808,1329.968376,106.831879,-0.007092,64.719573,-0.002797
2007-02-23,0.4983,-0.2443,4.6753,0.018553,-0.4887,-0.733,-0.5189,-0.7895,1326.718684,106.309806,-0.00704,64.383713,-0.002775
2007-02-26,0.4907,-1.5315,4.6722,0.018541,-3.063,-4.5944,-3.0932,-4.6509,1306.400317,103.053589,-0.006716,62.392198,-0.002646
2007-02-27,0.4759,-3.017,4.6712,0.018537,-6.0341,-9.0511,-6.0643,-9.1075,1266.985857,96.835278,-0.006108,58.608549,-0.002405
2007-02-28,0.4731,-0.5773,4.6702,0.018533,-1.1546,-1.7319,-1.1849,-1.7884,1259.671413,95.717198,-0.006003,57.91412,-0.002362
2007-03-01,0.4673,-1.2259,4.6692,0.018528,-2.4518,-3.6777,-2.482,-3.7341,1244.22905,93.370396,-0.005782,56.476667,-0.002273
2007-03-02,0.4543,-2.7758,4.6682,0.018524,-5.5517,-8.3275,-5.5819,-8.384,1209.69115,88.186756,-0.0053,53.324181,-0.002083
2007-03-05,0.4389,-3.3928,4.6651,0.018512,-6.7856,-10.1785,-6.8159,-10.2349,1168.648472,82.202715,-0.004761,49.689677,-0.00187
2007-03-06,0.4649,5.9111,4.6641,0.018508,11.8222,17.7334,11.792,17.677,1237.728715,91.920922,-0.005605,55.549099,-0.0022
2007-03-07,0.4518,-2.8235,4.6631,0.018504,-5.647,-8.4705,-5.6772,-8.5269,1202.78138,86.730138,-0.00513,52.395454,-0.002013
2007-03-08,0.4704,4.1218,4.6621,0.0185,8.2435,12.3653,8.2133,12.309,1252.357286,93.879775,-0.005765,56.698869,-0.00226
2007-03-09,0.4656,-1.0059,4.6611,0.018496,-2.0119,-3.0178,-2.0421,-3.0741,1239.759465,91.991048,-0.005591,55.541044,-0.002191
2007-03-12,0.4629,-0.5899,4.658,0.018484,-1.1799,-1.7698,-1.2101,-1.8262,1232.445576,90.905656,-0.005492,54.868954,-0.002151
2007-03-13,0.4434,-4.2202,4.657,0.01848,-8.4403,-12.6605,-8.4705,-12.7168,1180.434326,83.232917,-0.004796,50.221269,-0.001877
2007-03-14,0.4412,-0.4821,4.656,0.018476,-0.9642,-1.4462,-0.9943,-1.5025,1174.743736,82.430425,-0.004727,49.721901,-0.001849
2007-03-15,0.4368,-1.003,4.655,0.018472,-2.0061,-3.0091,-2.0362,-3.0654,1162.960659,80.776815,-0.004585,48.709441,-0.001792
2007-03-16,0.4327,-0.9434,4.654,0.018468,-1.8868,-2.8302,-1.9169,-2.8865,1151.989469,79.252743,-0.004455,47.775709,-0.001741
2007-03-19,0.4348,0.4938,4.6509,0.018456,0.9875,1.4813,0.9573,1.425,1157.677441,80.035367,-0.004521,48.233085,-0.001765
2007-03-20,0.4327,-0.4913,4.6499,0.018452,-0.9827,-1.474,-1.0128,-1.5302,1151.989469,79.248898,-0.004454,47.744575,-0.001738
2007-03-21,0.4574,5.7143,4.6489,0.018448,11.4285,17.1428,11.3984,17.0865,1217.817244,88.305888,-0.005218,53.186685,-0.002035
2007-03-22,0.4675,2.2022,4.6479,0.018444,4.4044,6.6066,4.3743,6.5504,1244.636184,92.195257,-0.005563,55.513218,-0.002169
2007-03-23,0.4623,-1.1101,4.6469,0.01844,-2.2202,-3.3304,-2.2504,-3.3866,1230.819263,90.148306,-0.005378,54.263959,-0.002095
2007-03-26,0.4632,0.1981,4.6438,0.018428,0.3962,0.5943,0.3661,0.5381,1233.257464,90.505466,-0.00541,54.462597,-0.002107
2007-03-27,0.4545,-1.8781,4.6428,0.018424,-3.7562,-5.6344,-3.7864,-5.6906,1210.095428,87.105866,-0.005105,52.400443,-0.001987
2007-03-28,0.4458,-1.914,4.6418,0.01842,-3.8281,-5.7421,-3.8582,-5.7983,1186.933868,83.771406,-0.004812,50.378739,-0.001872
2007-03-29,0.438,-1.746,4.6408,0.018416,-3.4919,-5.2379,-3.5221,-5.2941,1166.21043,80.846168,-0.00456,48.604374,-0.001772
2007-03-30,0.4392,0.2789,4.6398,0.018412,0.5578,0.8367,0.5277,0.7805,1169.463057,81.297138,-0.004598,48.860856,-0.001786
2007-04-02,0.4388,-0.1043,4.6367,0.0184,-0.2085,-0.3128,-0.2386,-0.3689,1168.243798,81.12762,-0.004583,48.744263,-0.00178
2007-04-03,0.4371,-0.3827,4.6357,0.018396,-0.7655,-1.1482,-0.7956,-1.2043,1163.772626,80.506627,-0.004531,48.356476,-0.001758
2007-04-04,0.4362,-0.2095,4.6347,0.018392,-0.419,-0.6285,-0.4491,-0.6847,1161.334425,80.169291,-0.004502,48.1393,-0.001746
2007-04-05,0.4716,8.1176,4.6337,0.018388,16.2353,24.3529,16.2052,24.2968,1255.607374,93.185,-0.005599,55.940364,-0.00217
2007-04-09,0.463,-1.8122,4.6296,0.018372,-3.6244,-5.4367,-3.6545,-5.4928,1232.853028,89.807569,-0.005294,53.896015,-0.002051
2007-04-10,0.4583,-1.0218,4.6286,0.018368,-2.0437,-3.0655,-2.0737,-3.1216,1220.255286,87.972196,-0.005132,52.778348,-0.001987
2007-04-11,0.4501,-1.7982,4.6276,0.018364,-3.5964,-5.3946,-3.6265,-5.4507,1198.312588,84.808354,-0.004855,50.864351,-0.001879
2007-04-12,0.4629,2.8484,4.6266,0.01836,5.6968,8.5453,5.6668,8.4892,1232.445576,89.639752,-0.00527,53.74672,-0.002038
2007-04-13,0.4667,0.8243,4.6256,0.018356,1.6486,2.4729,1.6186,2.4169,1242.6048,91.117578,-0.0054,54.616647,-0.002088
2007-04-16,0.4643,-0.5232,4.6225,0.018343,-1.0465,-1.5697,-1.0765,-1.6258,1236.102957,90.164046,-0.005316,54.028679,-0.002054
2007-04-17,0.4687,0.9533,4.6215,0.018339,1.9065,2.8598,1.8765,2.8037,1247.886114,91.883024,-0.005468,55.042503,-0.002111
2007-04-18,0.4745,1.2375,4.6205,0.018335,2.475,3.7125,2.445,3.6565,1263.328873,94.157154,-0.005671,56.388284,-0.002189
2007-04-19,0.4811,1.3829,4.6195,0.018331,2.7659,4.1488,2.7358,4.0928,1280.799842,96.761411,-0.005906,57.930968,-0.002278
2007-04-20,0.4867,1.174,4.6185,0.018327,2.3479,3.5219,2.3179,3.4658,1295.835864,99.033283,-0.006114,59.273737,-0.002357
2007-04-23,0.4788,-1.6307,4.6155,0.018315,-3.2614,-4.8921,-3.2914,-4.9481,1274.704816,95.803434,-0.005815,57.322802,-0.00224
2007-04-24,0.4968,3.7617,4.6144,0.018311,7.5233,11.285,7.4933,11.229,1322.654805,103.011022,-0.006471,61.618167,-0.002492
2007-04-25,0.5053,1.7203,4.6134,0.018307,3.4406,5.1609,3.4106,5.1049,1345.408437,106.55522,-0.006805,63.719708,-0.002619
2007-04-26,0.5116,1.2385,4.6124,0.018303,2.477,3.7154,2.4469,3.6595,1362.071011,109.194543,-0.007058,65.278893,-0.002715
2007-04-27,0.5047,-1.3425,4.6114,0.018299,-2.685,-4.0275,-2.715,-4.0834,1343.785297,106.262684,-0.006773,63.506576,-0.002604
2007-04-30,0.502,-0.5443,4.6084,0.018287,-1.0886,-1.6329,-1.1186,-1.6889,1336.471012,105.105899,-0.006663,62.79619,-0.00256
2007-05-01,0.5073,1.0641,4.6073,0.018283,2.1281,3.1922,2.0982,3.1363,1350.692052,107.342708,-0.006876,64.113754,-0.002641
2007-05-02,0.5014,-1.1732,4.6063,0.018279,-2.3464,-3.5197,-2.3764,-3.5756,1334.845492,104.82398,-0.006634,62.590141,-0.002546
2007-05-03,0.5108,1.8873,4.6053,0.018275,3.7745,5.6618,3.7446,5.6059,1360.037643,108.780605,-0.007009,64.933867,-0.002689
2007-05-04,0.5145,0.717,4.6043,0.018271,1.434,2.151,1.4041,2.0951,1369.789335,110.340555,-0.00716,65.845574,-0.002745
2007-05-07,0.5043,-1.9874,4.6013,0.018259,-3.9748,-5.9622,-4.0048,-6.0181,1342.566197,105.954747,-0.006733,63.208619,-0.00258
2007-05-08,0.5081,0.7565,4.6002,0.018255,1.5131,2.2696,1.4831,2.2138,1352.723357,107.557945,-0.006886,64.146088,-0.002637
2007-05-09,0.5104,0.4505,4.5992,0.018251,0.9011,1.3516,0.8711,1.2958,1358.817907,108.527126,-0.006979,64.704878,-0.002671
2007-05-10,0.5009,-1.854,4.5982,0.018247,-3.708,-5.562,-3.738,-5.6179,1333.625439,104.502943,-0.006591,62.286241,-0.002521
2007-05-11,0.5363,7.0689,4.5972,0.018243,14.1379,21.2068,14.1079,21.1509,1427.898468,119.27742,-0.007988,71.073527,-0.003054
2007-05-14,0.531,-0.9961,4.5942,0.018231,-1.9923,-2.9884,-2.0222,-3.0442,1413.67473,116.901101,-0.00775,69.636279,-0.002961
2007-05-15,0.5262,-0.8909,4.5932,0.018227,-1.7819,-2.6728,-1.8118,-2.7286,1401.079686,114.818055,-0.007543,68.374595,-0.002881
2007-05-16,0.5329,1.276,4.5921,0.018223,2.5521,3.8281,2.5221,3.7723,1418.957869,117.748279,-0.007831,70.09909,-0.002989
2007-05-17,0.5241,-1.661,4.5911,0.018219,-3.3219,-4.9829,-3.3519,-5.0387,1395.389334,113.83674,-0.007441,67.749456,-0.002839
2007-05-18,0.5345,1.9803,4.5901,0.018215,3.9607,5.941,3.9307,5.8852,1423.022701,118.345435,-0.007883,70.412515,-0.003006
2007-05-21,0.5362,0.314,4.5871,0.018203,0.6281,0.9421,0.5982,0.8863,1427.491414,119.088714,-0.007957,70.833688,-0.003032
2007-05-22,0.5391,0.5409,4.5861,0.018199,1.0817,1.6226,1.0518,1.5668,1435.212119,120.376916,-0.008087,71.578725,-0.00308
2007-05-23,0.5247,-2.6614,4.585,0.018195,-5.3228,-7.9842,-5.3527,-8.04,1397.01533,113.969485,-0.007441,67.747325,-0.002832
2007-05-24,0.5058,-3.6068,4.584,0.018191,-7.2136,-10.8205,-7.2435,-10.8762,1346.627538,105.748142,-0.006636,62.840026,-0.002524
2007-05-25,0.5137,1.5692,4.583,0.018187,3.1384,4.7077,3.1086,4.6519,1367.759141,109.066993,-0.006948,64.793442,-0.002642
2007-05-29,0.5192,1.0695,4.579,0.01817,2.139,3.2085,2.1091,3.1528,1382.387236,111.399922,-0.007171,66.160008,-0.002725
2007-05-30,0.5204,0.2351,4.5779,0.018166,0.4703,0.7054,0.4404,0.6497,1385.6378,111.923816,-0.007222,66.451383,-0.002743
2007-05-31,0.5287,1.5835,4.5769,0.018162,3.167,4.7505,3.1372,4.6948,1407.579545,115.468471,-0.007565,68.536066,-0.002871
2007-06-01,0.5323,0.6928,4.5759,0.018158,1.3857,2.0785,1.3558,2.0228,1417.331873,117.068504,-0.007722,69.465294,-0.002929
2007-06-04,0.5352,0.5448,4.5729,0.018146,1.0895,1.6343,1.0597,1.5786,1425.053054,118.344009,-0.007848,70.201407,-0.002976
2007-06-05,0.5511,2.9655,4.5719,0.018142,5.9309,8.8964,5.9011,8.8408,1467.312611,125.362927,-0.008546,74.34406,-0.003239
2007-06-06,0.5552,0.7477,4.5708,0.018138,1.4954,2.2431,1.4656,2.1875,1478.283722,127.237607,-0.008738,75.433615,-0.00331
2007-06-07,0.5493,-1.072,4.5698,0.018134,-2.144,-3.216,-2.1739,-3.2717,1462.436368,124.509606,-0.008457,73.793792,-0.003201
2007-06-08,0.5578,1.5561,4.5688,0.01813,3.1122,4.6683,3.0823,4.6126,1485.193174,128.384566,-0.008852,76.068369,-0.003349
2007-06-11,0.5598,0.3556,4.5658,0.018118,0.7112,1.0668,0.6814,1.0112,1490.474726,129.297672,-0.008946,76.586701,-0.003383
2007-06-12,0.554,-1.036,4.5648,0.018114,-2.072,-3.108,-2.1018,-3.1635,1475.033634,126.618664,-0.008668,74.977009,-0.003276
2007-06-13,0.5673,2.3967,4.5638,0.01811,4.7934,7.1902,4.7636,7.1346,1510.386119,132.688063,-0.009292,78.548637,-0.00351
2007-06-14,0.5774,1.7756,4.5627,0.018106,3.5512,5.3268,3.5214,5.2712,1537.204424,137.400063,-0.009786,81.314628,-0.003695
2007-06-15,0.6036,4.5467,4.5617,0.018102,9.0934,13.6401,9.0636,13.5846,1607.096714,149.894438,-0.011121,88.684676,-0.004197
2007-06-18,0.6039,0.0505,4.5587,0.01809,0.101,0.1515,0.0712,0.096,1607.908442,150.045859,-0.011138,88.747839,-0.004201
2007-06-19,0.6077,0.6318,4.5577,0.018086,1.2637,1.8955,1.2339,1.84,1618.067983,151.941983,-0.011349,89.842902,-0.004278
2007-06-20,0.6083,0.1004,4.5567,0.018082,0.2007,0.3011,0.171,0.2456,1619.692075,152.246998,-0.011384,89.996494,-0.004288
2007-06-21,0.656,7.8274,4.5556,0.018078,15.6548,23.4822,15.625,23.4267,1746.471698,176.080932,-0.014057,104.058444,-0.005293
2007-06-22,0.6657,1.4891,4.5546,0.018074,2.9782,4.4674,2.9485,4.4118,1772.478752,181.325044,-0.014685,107.126564,-0.005526
2007-06-25,0.6482,-2.6364,4.5516,0.018062,-5.2729,-7.9093,-5.3026,-7.9648,1725.748578,171.764026,-0.013523,101.446039,-0.005086
2007-06-26,0.6181,-4.6386,4.5506,0.018058,-9.2771,-13.9157,-9.3069,-13.9711,1645.698811,155.829294,-0.011641,92.004588,-0.004376
2007-06-27,0.6347,2.6914,4.5496,0.018054,5.3828,8.0742,5.3531,8.0188,1689.991419,164.217324,-0.012581,96.92966,-0.004727
2007-06-28,0.6408,0.9616,4.5485,0.01805,1.9233,2.8849,1.8935,2.8295,1706.243129,167.375698,-0.012944,98.765055,-0.00486
2007-06-29,0.6305,-1.6194,4.5475,0.018046,-3.2388,-4.8582,-3.2685,-4.9136,1678.61246,161.95478,-0.012315,95.536895,-0.004621
2007-07-02,0.6567,4.1637,4.5445,0.018034,8.3274,12.4911,8.2977,12.4357,1748.505067,175.441445,-0.013854,103.464246,-0.005196
2007-07-03,0.6578,0.1626,4.5435,0.01803,0.3252,0.4877,0.2954,0.4323,1751.347783,176.011909,-0.013921,103.769904,-0.005219
2007-07-05,0.6648,1.0673,4.5415,0.018022,2.1347,3.202,2.105,3.1466,1770.040709,179.769219,-0.014367,105.954222,-0.005383
2007-07-06,0.668,0.4821,4.5404,0.018018,0.9642,1.4462,0.9344,1.3908,1778.573778,181.502493,-0.014575,106.944303,-0.005458
2007-07-09,0.6874,2.9016,4.5374,0.018006,5.8032,8.7048,5.7735,8.6494,1830.18083,192.035436,-0.015843,113.118714,-0.00593
2007-07-10,0.6941,0.9769,4.5364,0.018002,1.9538,2.9306,1.9241,2.8753,1848.059489,195.787346,-0.016308,115.295176,-0.0061
2007-07-11,0.6911,-0.4397,4.5354,0.017997,-0.8795,-1.3192,-0.9092,-1.3746,1839.932681,194.065403,-0.016093,114.246912,-0.006016
2007-07-12,0.7043,1.9214,4.5344,0.017993,3.8428,5.7642,3.8131,5.7089,1875.285325,201.522986,-0.01702,118.603283,-0.00636
2007-07-13,0.7001,-0.6068,4.5333,0.017989,-1.2135,-1.8203,-1.2432,-1.8756,1863.906684,199.07743,-0.01671,117.128768,-0.006241
2007-07-16,0.7127,1.8094,4.5303,0.017977,3.6188,5.4282,3.5891,5.3729,1897.63222,206.281646,-0.017618,121.332657,-0.006576
2007-07-17,0.7097,-0.4282,4.5293,0.017973,-0.8565,-1.2847,-0.8862,-1.34,1889.505889,204.514904,-0.017391,120.257467,-0.006488
2007-07-18,0.6967,-1.828,4.5283,0.017969,-3.656,-5.4839,-3.6856,-5.5392,1854.966085,197.037918,-0.016437,115.825213,-0.006128
2007-07-19,0.6959,-0.1095,4.5273,0.017965,-0.219,-0.3284,-0.2486,-0.3837,1852.935256,196.606481,-0.016384,115.537233,-0.006105
2007-07-20,0.6883,-1.0965,4.5262,0.017961,-2.1929,-3.2894,-2.2226,-3.3446,1832.618713,192.29509,-0.015845,112.969336,-0.005901
2007-07-23,0.6952,0.9978,4.5232,0.017949,1.9956,2.9934,1.9659,2.9381,1850.904427,196.132498,-0.016319,115.190231,-0.006074
2007-07-24,0.6769,-2.6345,4.5222,0.017945,-5.2689,-7.9034,-5.2986,-7.9586,1802.143106,185.798437,-0.015029,109.086796,-0.005591
2007-07-25,0.6737,-0.4735,4.5212,0.017941,-0.947,-1.4205,-0.9767,-1.4758,1793.609879,184.03891,-0.014816,108.021393,-0.005508
2007-07-26,0.677,0.4983,4.5202,0.017937,0.9966,1.4949,0.9669,1.4396,1802.547304,185.873014,-0.015037,109.065897,-0.005587
2007-07-27,0.6753,-0.2479,4.5192,0.017933,-0.4959,-0.7438,-0.5255,-0.799,1798.078274,184.95135,-0.014925,108.492759,-0.005543
2007-07-30,0.6943,2.8023,4.5161,0.017921,5.6046,8.4069,5.575,8.3517,1848.466067,195.317183,-0.01618,114.54123,-0.006006
2007-07-31,0.6984,0.5935,4.5151,0.017917,1.1871,1.7806,1.1575,1.7254,1859.437495,197.635764,-0.016468,115.867001,-0.006109
2007-08-01,0.6932,-0.743,4.5141,0.017913,-1.4861,-2.2291,-1.5157,-2.2843,1845.62097,194.698704,-0.016101,114.110785,-0.00597
2007-08-02,0.6901,-0.4403,4.5131,0.017909,-0.8806,-1.3209,-0.9102,-1.3761,1837.494798,192.984207,-0.015888,113.072143,-0.005888
2007-08-03,0.6492,-5.9266,4.5121,0.017905,-11.8532,-17.7799,-11.8828,-17.835,1728.593516,170.109337,-0.013063,99.635955,-0.004838
2007-08-06,0.6547,0.8463,4.509,0.017893,1.6925,2.5388,1.6629,2.4837,1743.222086,172.988506,-0.013395,101.292842,-0.004958
2007-08-07,0.6651,1.585,4.508,0.017889,3.17,4.755,3.1404,4.6999,1770.852438,178.472298,-0.014032,104.47388,-0.005191
2007-08-08,0.6958,4.6123,4.507,0.017885,9.2245,13.8368,9.1949,13.7816,1852.528677,194.935495,-0.015974,114.08017,-0.005906
2007-08-09,0.704,1.1844,4.506,0.017881,2.3689,3.5533,2.3393,3.4982,1874.470581,199.553243,-0.016541,116.748816,-0.006113
2007-08-10,0.6714,-4.639,4.505,0.017877,-9.2779,-13.9169,-9.3075,-13.972,1787.514377,181.038797,-0.014239,105.882383,-0.005259
2007-08-13,0.664,-1.0912,4.5019,0.017865,-2.1823,-3.2735,-2.2119,-3.3286,1768.009722,177.087948,-0.013773,103.540379,-0.005084
2007-08-14,0.6898,3.8841,4.5009,0.017861,7.7681,11.6522,7.7385,11.5971,1836.680213,190.844339,-0.015378,111.552898,-0.005673
2007-08-15,0.6607,-4.2256,4.4999,0.017857,-8.4512,-12.6768,-8.4808,-12.7319,1759.069281,174.715666,-0.013428,102.09234,-0.004951
2007-08-16,0.6497,-1.6632,4.4989,0.017853,-3.3264,-4.9895,-3.3559,-5.0446,1729.812775,168.903991,-0.012758,98.666202,-0.004701
2007-08-17,0.688,5.8961,4.4979,0.017849,11.7922,17.6883,11.7627,17.6333,1831.804446,188.821522,-0.015015,110.271977,-0.00553
2007-08-20,0.6853,-0.3993,4.4948,0.017837,-0.7986,-1.1979,-0.8281,-1.2529,1824.490002,187.313584,-0.014835,109.358762,-0.005461
2007-08-21,0.7223,5.412,4.4938,0.017833,10.8241,16.2361,10.7946,16.1811,1923.232219,207.588574,-0.017244,121.163549,-0.006344
2007-08-22,0.7388,2.2818,4.4928,0.017829,4.5636,6.8454,4.5341,6.7904,1967.11682,217.062148,-0.018424,126.657219,-0.006775
2007-08-23,0.7326,-0.8468,4.4918,0.017825,-1.6937,-2.5405,-1.7232,-2.5955,1950.458531,213.38582,-0.017956,124.474654,-0.006599
2007-08-24,0.7364,0.5209,4.4908,0.017821,1.0418,1.5626,1.0122,1.5076,1960.618072,215.608786,-0.018237,125.734627,-0.006699
2007-08-27,0.753,2.259,4.4877,0.017808,4.5179,6.7769,4.4884,6.7219,2004.907665,225.349822,-0.019473,131.378108,-0.007149
2007-08-28,0.7071,-6.1005,4.4867,0.017804,-12.2009,-18.3014,-12.2304,-18.3564,1882.598976,197.855048,-0.015909,115.309986,-0.005837
2007-08-29,0.7472,5.6766,4.4857,0.0178,11.3533,17.0299,11.3238,16.975,1989.467366,220.318091,-0.018618,128.367431,-0.006828
2007-08-30,0.743,-0.572,4.4847,0.017796,-1.1439,-1.7159,-1.1734,-1.7708,1978.088566,217.797863,-0.018299,126.861159,-0.006707
2007-08-31,0.7808,5.0946,4.4837,0.017792,10.1892,15.2838,10.1597,15.2288,2078.864151,239.989697,-0.021096,139.749859,-0.007728
2007-09-04,0.8049,3.0883,4.4796,0.017776,6.1766,9.2648,6.1471,9.2099,2143.065295,254.812805,-0.02305,148.34039,-0.00844
2007-09-05,0.7988,-0.7584,4.4786,0.017772,-1.5169,-2.2753,-1.5464,-2.3302,2126.811363,250.947584,-0.022526,146.046507,-0.008243
2007-09-06,0.8023,0.4395,4.4776,0.017768,0.879,1.3186,0.8496,1.2637,2136.159175,253.153526,-0.022823,147.287274,-0.008347
2007-09-07,0.773,-3.6523,4.4766,0.017764,-7.3046,-10.957,-7.3341,-11.0119,2058.139761,234.661561,-0.020322,136.485056,-0.007428
2007-09-10,0.7752,0.2764,4.4735,0.017752,0.5528,0.8292,0.5233,0.7743,2063.828209,235.958713,-0.020491,137.199306,-0.007486
2007-09-11,0.7916,2.1264,4.4725,0.017748,4.2528,6.3792,4.2233,6.3243,2107.713445,245.993564,-0.021798,142.993706,-0.007959
2007-09-12,0.7605,-3.9329,4.4715,0.017744,-7.8658,-11.7986,-7.8952,-11.8535,2024.819692,226.644321,-0.019226,131.704064,-0.007016
2007-09-13,0.7607,0.0301,4.4705,0.01774,0.0601,0.0902,0.0307,0.0353,2025.428449,226.780601,-0.019243,131.744475,-0.007018
2007-09-14,0.7383,-2.9491,4.4695,0.017736,-5.8982,-8.8473,-5.9276,-8.9021,1965.696652,213.404653,-0.017541,123.935148,-0.006393
2007-09-17,0.7367,-0.2171,4.4664,0.017724,-0.4342,-0.6513,-0.4636,-0.7061,1961.429325,212.478093,-0.017426,123.360573,-0.006348
2007-09-18,0.8013,8.7632,4.4654,0.01772,17.5264,26.2896,17.497,26.2348,2133.313443,249.717885,-0.022008,144.944958,-0.008014
2007-09-19,0.7866,-1.8286,4.4644,0.017716,-3.6572,-5.4858,-3.6866,-5.5406,2094.303974,240.585273,-0.020801,139.601426,-0.00757
2007-09-20,0.782,-0.5821,4.4634,0.017712,-1.1641,-1.7462,-1.1935,-1.801,2082.113922,237.784584,-0.020437,137.935236,-0.007433
2007-09-21,0.7896,0.966,4.4624,0.017708,1.9321,2.8981,1.9027,2.8434,2102.228127,242.378807,-0.02103,140.559703,-0.007645
2007-09-24,0.8097,2.5514,4.4593,0.017696,5.1029,7.6543,5.0735,7.5995,2155.865056,254.74707,-0.022639,147.690947,-0.008226
2007-09-25,0.82,1.2723,4.4583,0.017692,2.5446,3.8169,2.5152,3.7622,2183.294182,261.229377,-0.023503,151.40568,-0.008535
2007-09-26,0.8395,2.373,4.4573,0.017688,4.7459,7.1189,4.7165,7.0641,2235.102936,273.627127,-0.025177,158.546776,-0.009138
2007-09-27,0.842,0.3,4.4563,0.017684,0.6,0.9,0.5706,0.8452,2241.807989,275.268827,-0.025403,159.451423,-0.009215
2007-09-28,0.8296,-1.4682,4.4553,0.01768,-2.9364,-4.4045,-2.9657,-4.4593,2208.894181,267.185936,-0.024284,154.722494,-0.008804
2007-10-01,0.8647,4.2218,4.4522,0.017668,8.4437,12.6655,8.4143,12.6108,2302.150287,289.746293,-0.02736,167.741336,-0.009915
2007-10-02,0.8564,-0.9531,4.4512,0.017664,-1.9063,-2.8594,-1.9357,-2.9141,2280.207431,284.222882,-0.026578,164.494431,-0.009626
2007-10-03,0.82,-4.2502,4.4502,0.01766,-8.5004,-12.7506,-8.5298,-12.8053,2183.294182,260.062831,-0.023189,150.463459,-0.008393
2007-10-04,0.8237,0.4467,4.4492,0.017656,0.8933,1.34,0.8639,1.2853,2193.045875,262.385975,-0.0235,151.763371,-0.008501
2007-10-05,0.8454,2.6404,4.4482,0.017652,5.2808,7.9211,5.2514,7.8665,2250.950607,276.241946,-0.025361,159.733075,-0.00917
2007-10-08,0.8592,1.6247,4.4452,0.017639,3.2494,4.874,3.22,4.8194,2287.521399,285.218052,-0.026597,164.876509,-0.009612
2007-10-09,0.8441,-1.7586,4.4441,0.017635,-3.5172,-5.2758,-3.5466,-5.3305,2247.292671,275.186269,-0.025194,159.02904,-0.009099
2007-10-10,0.845,0.1085,4.4431,0.017631,0.217,0.3256,0.1877,0.2709,2249.731507,275.783552,-0.025276,159.327552,-0.009124
2007-10-11,0.8074,-4.4432,4.4421,0.017627,-8.8865,-13.3297,-8.9158,-13.3843,2149.770665,251.276133,-0.021907,145.122222,-0.007903
2007-10-12,0.8271,2.4383,4.4411,0.017623,4.8766,7.3149,4.8473,7.2603,2202.188493,263.529858,-0.023509,152.156684,-0.008477
2007-10-15,0.8331,0.7197,4.4381,0.017611,1.4393,2.159,1.41,2.1044,2218.036958,267.322942,-0.024017,154.302124,-0.008655
2007-10-16,0.8406,0.9068,4.437,0.017607,1.8137,2.7205,1.7843,2.6659,2238.150687,272.171249,-0.02467,157.055395,-0.008886
2007-10-17,0.9052,7.6797,4.436,0.017603,15.3594,23.0391,15.3301,22.9846,2410.034171,313.975174,-0.030354,181.132161,-0.010928
2007-10-18,0.9045,-0.0759,4.435,0.017599,-0.1517,-0.2276,-0.181,-0.2822,2408.205838,313.49879,-0.030285,180.804253,-0.010897
2007-10-19,0.856,-5.3657,4.434,0.017595,-10.7314,-16.0972,-10.7607,-16.1517,2278.988331,279.855875,-0.02541,161.348386,-0.009137
2007-10-22,0.8965,4.7339,4.431,0.017583,9.4677,14.2016,9.4385,14.1471,2386.872691,306.351905,-0.029018,176.577176,-0.01043
2007-10-23,0.9008,0.4852,4.4299,0.017579,0.9704,1.4556,0.9411,1.4011,2398.453986,309.324793,-0.029441,178.238997,-0.010576
2007-10-24,0.8704,-3.3799,4.4289,0.017575,-6.7599,-10.1398,-6.7892,-10.1943,2317.387773,288.414832,-0.026456,166.138077,-0.009498
2007-10-25,0.7944,-8.7322,4.4279,0.017571,-17.4645,-26.1967,-17.4937,-26.2512,2115.028047,238.044715,-0.019525,137.074305,-0.007004
2007-10-26,0.7875,-0.8646,4.4269,0.017567,-1.7292,-2.5938,-1.7585,-2.6483,2096.741699,233.928487,-0.019019,134.663913,-0.006819
2007-10-29,0.769,-2.3546,4.4239,0.017555,-4.7093,-7.0639,-4.7385,-7.1184,2047.371146,222.912177,-0.017675,128.282829,-0.006334
2007-10-30,0.7971,3.6618,4.4228,0.017551,7.3236,10.9855,7.2944,10.931,2122.342174,239.237458,-0.019617,137.640268,-0.007026
2007-10-31,0.81,1.6083,4.4218,0.017547,3.2165,4.8248,3.1872,4.7703,2156.474765,246.932536,-0.020563,142.027205,-0.007361
2007-11-01,0.81,0.0,4.4208,0.017543,0.0,0.0,-0.0292,-0.0545,2156.474765,246.932536,-0.020563,141.985664,-0.007357
2007-11-02,0.8411,3.844,4.4198,0.017539,7.688,11.532,7.6588,11.4776,2239.369946,265.916776,-0.022935,152.860036,-0.008201
2007-11-05,0.8411,0.0,4.4168,0.017527,0.0,0.0,-0.0292,-0.0544,2239.369946,265.916776,-0.022935,152.81535,-0.008197
2007-11-06,0.8676,3.1573,4.4158,0.017523,6.3146,9.472,6.2854,9.4175,2310.073964,282.70845,-0.025107,162.420414,-0.008969
2007-11-07,0.8264,-4.7494,4.4147,0.017519,-9.4987,-14.2481,-9.5279,-14.3025,2200.360319,255.854786,-0.02153,146.945098,-0.007686
2007-11-08,0.7747,-6.2604,4.4137,0.017515,-12.5208,-18.7812,-12.55,-18.8356,2062.609108,223.819754,-0.017486,128.503477,-0.006238
2007-11-09,0.7637,-1.4184,4.4127,0.017511,-2.8368,-4.2552,-2.866,-4.3096,2033.353078,217.470439,-0.016742,124.820547,-0.00597
2007-11-12,0.6875,-9.982,4.4097,0.017499,-19.964,-29.9461,-19.9932,-30.0004,1830.383326,174.054545,-0.011729,99.864864,-0.004179
2007-11-13,0.7481,8.8245,4.4087,0.017495,17.6489,26.4734,17.6197,26.419,1991.904773,204.773293,-0.014834,117.460773,-0.005283
2007-11-14,0.7365,-1.5606,4.4076,0.017491,-3.1211,-4.6817,-3.1503,-4.736,1960.819933,198.382079,-0.014139,113.76039,-0.005032
2007-11-15,0.7266,-1.3366,4.4066,0.017487,-2.6733,-4.0099,-2.7025,-4.0643,1934.61086,193.078777,-0.013572,110.68605,-0.004828
2007-11-16,0.7429,2.2369,4.4056,0.017483,4.4738,6.7106,4.4446,6.6563,1977.885753,201.716651,-0.014483,115.605566,-0.005149
2007-11-19,0.6927,-6.7488,4.4026,0.017471,-13.4976,-20.2465,-13.5268,-20.3008,1844.401711,174.489645,-0.011551,99.967802,-0.004104
2007-11-20,0.6875,-0.7601,4.4016,0.017467,-1.5201,-2.2802,-1.5493,-2.3344,1830.383326,171.837226,-0.011287,98.419027,-0.004008
2007-11-21,0.6801,-1.0656,4.4005,0.017462,-2.1312,-3.1968,-2.1604,-3.2511,1810.878829,168.175044,-0.010926,96.29282,-0.003878
2007-11-23,0.6918,1.7165,4.3985,0.017454,3.4331,5.1496,3.4039,5.0953,1841.963193,173.94861,-0.011489,99.57054,-0.004075
2007-11-26,0.6758,-2.3163,4.3955,0.017442,-4.6326,-6.9489,-4.6618,-7.0032,1799.297692,165.890246,-0.010691,94.9288,-0.00379
2007-11-27,0.7049,4.3022,4.3945,0.017438,8.6043,12.9065,8.5752,12.8522,1876.706286,180.163961,-0.01207,103.069104,-0.004277
2007-11-28,0.752,6.6905,4.3935,0.017434,13.381,20.0715,13.3519,20.0173,2002.267286,204.271694,-0.014493,116.830741,-0.005133
2007-11-29,0.7582,0.8219,4.3924,0.01743,1.6438,2.4657,1.6147,2.4115,2018.724031,207.629535,-0.014851,118.717177,-0.005257
2007-11-30,0.722,-4.7705,4.3914,0.017426,-9.5411,-14.3116,-9.5702,-14.3658,1922.420014,187.819439,-0.012725,107.355694,-0.004502
2007-12-03,0.7326,1.4585,4.3884,0.017414,2.917,4.3755,2.8879,4.3213,1950.458531,193.298136,-0.013282,110.455999,-0.004696
2007-12-04,0.7319,-0.0938,4.3874,0.01741,-0.1875,-0.2813,-0.2166,-0.3355,1948.629722,192.935652,-0.013245,110.216704,-0.004681
2007-12-05,0.7699,5.1923,4.3864,0.017406,10.3847,15.577,10.3556,15.5229,2049.809347,212.97143,-0.015308,121.630286,-0.005407
2007-12-06,0.7855,2.022,4.3853,0.017402,4.0441,6.0661,4.0149,6.0119,2091.257017,221.584104,-0.016236,126.513672,-0.005732
2007-12-07,0.7756,-1.2533,4.3843,0.017398,-2.5066,-3.7599,-2.5357,-3.8141,2065.047309,216.02988,-0.015626,123.305661,-0.005514
2007-12-10,0.7841,1.0921,4.3813,0.017386,2.1842,3.2763,2.1551,3.2221,2087.599557,220.748377,-0.016138,125.963015,-0.005691
2007-12-11,0.785,0.1168,4.3803,0.017382,0.2336,0.3504,0.2045,0.2963,2090.038075,221.264088,-0.016194,126.220648,-0.005708
2007-12-12,0.812,3.4412,4.3793,0.017378,6.8824,10.3237,6.8534,10.2695,2161.960876,236.492454,-0.017866,134.870997,-0.006294
2007-12-13,0.7898,-2.7347,4.3782,0.017374,-5.4694,-8.2041,-5.4985,-8.2582,2102.837836,223.557759,-0.0164,127.455155,-0.005775
2007-12-14,0.8029,1.6522,4.3772,0.01737,3.3043,4.9565,3.2752,4.9024,2137.579978,230.9448,-0.017213,131.629609,-0.006058
2007-12-17,0.7619,-5.1041,4.3742,0.017358,-10.2081,-15.3122,-10.2372,-15.3663,2028.476517,207.369657,-0.014578,118.154432,-0.005127
2007-12-18,0.7813,2.5541,4.3732,0.017354,5.1082,7.6622,5.0791,7.6082,2080.28543,217.962431,-0.015695,124.155613,-0.005517
2007-12-19,0.7887,0.9376,4.3722,0.01735,1.8752,2.8128,1.8461,2.7587,2099.789927,222.049608,-0.016136,126.447673,-0.005669
2007-12-20,0.8051,2.09,4.3712,0.017346,4.1799,6.2699,4.1509,6.2158,2143.674845,231.331136,-0.017148,131.696367,-0.006021
2007-12-21,0.8049,-0.0284,4.3701,0.017342,-0.0569,-0.0853,-0.0859,-0.1394,2143.065295,231.199579,-0.017133,131.583216,-0.006013
2007-12-24,0.8191,1.7634,4.3671,0.01733,3.5268,5.2902,3.4977,5.2361,2180.855822,239.353464,-0.018039,136.185651,-0.006328
2007-12-26,0.8301,1.3415,4.3651,0.017322,2.683,4.0245,2.654,3.9705,2210.112011,245.775319,-0.018765,139.799982,-0.006579
2007-12-27,0.8045,-3.0888,4.3641,0.017318,-6.1775,-9.2663,-6.2066,-9.3203,2141.846829,230.592471,-0.017027,131.123218,-0.005966
2007-12-28,0.7964,-0.996,4.363,0.017314,-1.992,-2.988,-2.021,-3.042,2120.514,225.999062,-0.016518,128.473187,-0.005784
2007-12-31,0.7788,-2.2133,4.36,0.017302,-4.4266,-6.6399,-4.4556,-6.6938,2073.580854,215.995028,-0.015421,122.748949,-0.005397
2008-01-02,0.7557,-2.9689,4.3437,0.017237,-5.9377,-8.9066,-5.9666,-8.9604,2012.019296,203.16988,-0.014048,115.424951,-0.004914
2008-01-03,0.7497,-0.7876,4.3355,0.017204,-1.5753,-2.3629,-1.6042,-2.4167,1996.171783,199.969377,-0.013716,113.57331,-0.004795
2008-01-04,0.6868,-8.397,4.3273,0.017172,-16.7939,-25.1909,-16.8228,-25.2446,1828.55404,166.38668,-0.010261,94.467101,-0.003584
2008-01-07,0.6158,-10.3333,4.3028,0.017075,-20.6666,-31.0,-20.6954,-31.0535,1639.603626,132.00013,-0.00708,74.916729,-0.002471
2008-01-08,0.6289,2.119,4.2946,0.017042,4.2379,6.3569,4.2092,6.3035,1674.346402,137.594228,-0.00753,78.070124,-0.002627
2008-01-09,0.6614,5.1693,4.2865,0.01701,10.3386,15.5078,10.3098,15.4545,1760.898091,151.819495,-0.008698,86.119035,-0.003033
2008-01-10,0.6476,-2.0769,4.2783,0.016977,-4.1538,-6.2307,-4.1825,-6.284,1724.326188,145.51325,-0.008156,82.517139,-0.002843
2008-01-11,0.6193,-4.3831,4.2701,0.016945,-8.7663,-13.1494,-8.7949,-13.2026,1648.74672,132.757178,-0.007083,75.259829,-0.002467
2008-01-14,0.6605,6.6543,4.2456,0.016848,13.3086,19.9629,13.28,19.9098,1758.459255,150.425297,-0.008497,85.254367,-0.002958
2008-01-15,0.6119,-7.3483,4.2375,0.016815,-14.6966,-22.0449,-14.7251,-22.0979,1629.242224,128.317864,-0.006624,72.700541,-0.002305
2008-01-16,0.5428,-11.2982,4.2293,0.016783,-22.5963,-33.8945,-22.6248,-33.9474,1445.167735,99.322734,-0.004379,56.252174,-0.001522
2008-01-17,0.5334,-1.7293,4.2211,0.01675,-3.4585,-5.1878,-3.487,-5.2406,1420.177128,95.887651,-0.004152,54.290682,-0.001443
2008-01-18,0.5687,6.6094,4.213,0.016718,13.2189,19.8283,13.1905,19.7755,1514.042944,108.562933,-0.004975,61.451874,-0.001728
2008-01-22,0.5403,-4.9919,4.1803,0.016588,-9.9839,-14.9758,-10.0122,-15.0283,1438.463,97.724164,-0.00423,55.299219,-0.001468
2008-01-23,0.5501,1.822,4.1721,0.016556,3.6441,5.4661,3.6158,5.4136,1464.672391,101.285314,-0.004461,57.29874,-0.001548
2008-01-24,0.5922,7.6571,4.1639,0.016524,15.3142,22.9713,15.2859,22.9188,1576.823602,116.796319,-0.005486,66.057391,-0.001902
2008-01-25,0.5712,-3.5562,4.1558,0.016491,-7.1125,-10.6687,-7.1407,-10.7211,1520.747996,108.489208,-0.004901,61.340448,-0.001698
2008-01-28,0.5643,-1.2024,4.1313,0.016394,-2.4048,-3.6072,-2.4329,-3.6594,1502.462442,105.880248,-0.004724,59.848089,-0.001636
2008-01-29,0.5817,3.0831,4.1231,0.016361,6.1663,9.2494,6.1382,9.1973,1548.785403,112.409112,-0.005161,63.521687,-0.001787
2008-01-30,0.5767,-0.8657,4.1149,0.016329,-1.7315,-2.5972,-1.7595,-2.6493,1535.376884,110.462762,-0.005027,62.404008,-0.001739
2008-01-31,0.5629,-2.382,4.1067,0.016297,-4.764,-7.1459,-4.792,-7.1979,1498.804506,105.200359,-0.004667,59.413631,-0.001614
2008-02-01,0.6149,9.2314,4.0986,0.016264,18.4629,27.6943,18.4349,27.6424,1637.165742,124.623374,-0.00596,70.36648,-0.00206
2008-02-04,0.5957,-3.1274,4.0741,0.016167,-6.2547,-9.3821,-6.2826,-9.4338,1585.965745,116.828542,-0.005401,65.945646,-0.001866
2008-02-05,0.5584,-6.2644,4.0659,0.016135,-12.5288,-18.7932,-12.5566,-18.8448,1486.614453,102.19132,-0.004386,57.665083,-0.001514
2008-02-06,0.5565,-0.328,4.0577,0.016102,-0.6559,-0.9839,-0.6837,-1.0355,1481.738845,101.521011,-0.004343,57.270802,-0.001499
2008-02-07,0.562,0.9872,4.0496,0.01607,1.9744,2.9616,1.9466,2.9101,1496.366622,103.525449,-0.004471,58.385654,-0.001542
2008-02-08,0.5721,1.7923,4.0414,0.016037,3.5846,5.3769,3.5568,5.3254,1523.18588,107.236406,-0.004712,60.462338,-0.001624
2008-02-11,0.5739,0.3201,4.0169,0.01594,0.6402,0.9604,0.6126,0.9091,1528.061964,107.922985,-0.004757,60.832731,-0.001639
2008-02-12,0.5952,3.7096,4.0087,0.015908,7.4192,11.1288,7.3916,11.0776,1584.746962,115.930009,-0.005286,65.329236,-0.001821
2008-02-13,0.6186,3.9231,4.0005,0.015875,7.8462,11.7694,7.8187,11.7183,1646.918546,125.026164,-0.005909,70.437111,-0.002034
2008-02-14,0.5176,-16.3213,3.9924,0.015843,-32.6426,-48.9639,-32.6701,-49.0149,1378.120225,84.214403,-0.003016,47.425218,-0.001037
2008-02-15,0.5098,-1.5037,3.9842,0.01581,-3.0074,-4.5112,-3.035,-4.5622,1357.397105,81.681699,-0.00288,45.98588,-0.00099
2008-02-19,0.5023,-1.4818,3.9515,0.015681,-2.9636,-4.4454,-2.991,-4.4961,1337.283217,79.260983,-0.002752,44.61045,-0.000945
2008-02-20,0.4986,-0.7293,3.9434,0.015648,-1.4586,-2.1879,-1.486,-2.2386,1327.530254,78.104864,-0.002691,43.947548,-0.000924
2008-02-21,0.4874,-2.2498,3.9352,0.015616,-4.4995,-6.7493,-4.5268,-6.7999,1297.664118,74.590533,-0.00251,41.958119,-0.000861
2008-02-22,0.511,4.838,3.927,0.015583,9.6759,14.5139,9.6486,14.4634,1360.444697,81.807865,-0.002874,46.00651,-0.000986
2008-02-25,0.5107,-0.0448,3.9025,0.015486,-0.0896,-0.1345,-0.1168,-0.1848,1359.834988,81.734538,-0.00287,45.952762,-0.000984
2008-02-26,0.5151,0.8516,3.8943,0.015454,1.7033,2.5549,1.6761,2.5047,1371.415966,83.126715,-0.002943,46.722991,-0.001009
2008-02-27,0.5231,1.5556,3.8862,0.015421,3.1111,4.6667,3.084,4.6165,1392.749114,85.712881,-0.003081,48.163921,-0.001055
2008-02-28,0.5034,-3.7637,3.878,0.015389,-7.5274,-11.2911,-7.5545,-11.3413,1340.330016,79.260905,-0.002733,44.525366,-0.000936
2008-02-29,0.4897,-2.7285,3.8698,0.015356,-5.4569,-8.1854,-5.484,-8.2355,1303.75962,74.935698,-0.002509,42.083601,-0.000859
2008-03-03,0.484,-1.1688,3.8453,0.015259,-2.3376,-3.5063,-2.3645,-3.5562,1288.521579,73.184036,-0.002421,41.088526,-0.000828
2008-03-04,0.4791,-0.9934,3.8372,0.015227,-1.9868,-2.9802,-2.0137,-3.03,1275.721341,71.730008,-0.002349,40.261109,-0.000803
2008-03-05,0.4846,1.1467,3.829,0.015194,2.2933,3.44,2.2664,3.3902,1290.349515,73.375005,-0.00243,41.173593,-0.00083
2008-03-06,0.4542,-6.2825,3.8208,0.015162,-12.5649,-18.8474,-12.5918,-18.8971,1209.283778,64.155489,-0.001972,35.989099,-0.000673
2008-03-07,0.4476,-1.4617,3.8127,0.01513,-2.9233,-4.385,-2.9502,-4.4346,1191.608012,62.280003,-0.001885,34.927355,-0.000643
2008-03-10,0.4219,-5.7289,3.7881,0.015032,-11.4578,-17.1867,-11.4845,-17.2361,1123.342036,55.144091,-0.001561,30.916113,-0.000533
2008-03-11,0.4359,3.3098,3.78,0.015,6.6196,9.9294,6.5929,9.8801,1160.522537,58.794421,-0.001716,32.954386,-0.000585
2008-03-12,0.424,-2.7311,3.7718,0.014967,-5.4622,-8.1933,-5.4889,-8.2426,1128.827512,55.582953,-0.001576,31.145562,-0.000537
2008-03-13,0.451,6.3715,3.7636,0.014935,12.743,19.1145,12.7164,19.0653,1200.750789,62.665892,-0.001877,35.106145,-0.000639
2008-03-14,0.4194,-7.0051,3.7555,0.014903,-14.0101,-21.0152,-14.0368,-21.0644,1116.637301,53.886307,-0.001483,30.178381,-0.000505
2008-03-17,0.4089,-2.5109,3.731,0.014805,-5.0219,-7.5328,-5.0484,-7.5818,1088.599181,51.180199,-0.001371,28.654856,-0.000466
2008-03-18,0.4343,6.215,3.7228,0.014773,12.4301,18.6451,12.4036,18.5962,1156.255924,57.541926,-0.001626,32.209083,-0.000553
2008-03-19,0.4043,-6.9056,3.7146,0.014741,-13.8113,-20.7169,-13.8377,-20.7657,1076.409129,49.594657,-0.00129,27.752083,-0.000438
2008-03-20,0.424,4.8697,3.7064,0.014708,9.7395,14.6092,9.7131,14.5605,1128.827512,54.424924,-0.001478,30.447663,-0.000502
2008-03-24,0.4585,8.1533,3.6738,0.014578,16.3067,24.46,16.2804,24.4115,1220.864677,63.299824,-0.001839,35.404664,-0.000625
2008-03-25,0.4652,1.4479,3.6656,0.014546,2.8957,4.3436,2.8695,4.2951,1238.541079,65.132809,-0.001919,36.420589,-0.000651
2008-03-26,0.4503,-3.1988,3.6574,0.014514,-6.3977,-9.5965,-6.4239,-9.6449,1198.922218,60.965829,-0.001735,34.080972,-0.000589
2008-03-27,0.4439,-1.4235,3.6493,0.014481,-2.847,-4.2704,-2.8732,-4.3188,1181.855764,59.230153,-0.001661,33.101773,-0.000563
2008-03-28,0.4505,1.4956,3.6411,0.014449,2.9912,4.4868,2.965,4.4385,1199.53161,61.001846,-0.001736,34.083257,-0.000588
2008-03-31,0.4531,0.559,3.6166,0.014352,1.1179,1.6769,1.0919,1.6288,1206.236662,61.683814,-0.001765,34.455407,-0.000598
2008-04-01,0.4808,6.1142,3.6084,0.014319,12.2284,18.3426,12.2024,18.2946,1279.988272,69.226746,-0.002088,38.659779,-0.000707
2008-04-02,0.4661,-3.0476,3.6002,0.014287,-6.0953,-9.1429,-6.1213,-9.1909,1240.978724,65.007169,-0.001897,36.293301,-0.000642
2008-04-03,0.4574,-1.8664,3.5921,0.014254,-3.7328,-5.5992,-3.7587,-5.647,1217.817244,62.580597,-0.001791,34.929131,-0.000606
2008-04-04,0.4299,-6.006,3.5839,0.014222,-12.012,-18.018,-12.0379,-18.0658,1144.675025,55.063404,-0.001468,30.724381,-0.000496
2008-04-07,0.4402,2.3962,3.5594,0.014125,4.7923,7.1885,4.7665,7.1408,1172.103198,57.702211,-0.001574,32.188852,-0.000532
2008-04-08,0.4377,-0.572,3.5512,0.014092,-1.144,-1.716,-1.1698,-1.7636,1165.398701,57.042092,-0.001547,31.812303,-0.000522
2008-04-09,0.4464,1.9874,3.5431,0.01406,3.9748,5.9623,3.9491,5.9148,1188.560102,59.309427,-0.001639,33.068596,-0.000553
2008-04-10,0.4551,1.9487,3.5349,0.014027,3.8975,5.8462,3.8718,5.7988,1211.722138,61.621009,-0.001735,34.348934,-0.000585
2008-04-11,0.4242,-6.7907,3.5267,0.013995,-13.5815,-20.3722,-13.6072,-20.4196,1129.437221,53.251962,-0.001382,29.675011,-0.000466
2008-04-14,0.41,-3.3459,3.5022,0.013898,-6.6919,-10.0378,-6.7175,-10.0849,1091.647091,49.68842,-0.001243,27.681605,-0.000419
2008-04-15,0.4148,1.1725,3.494,0.013865,2.3451,3.5176,2.3195,3.4705,1104.44709,50.853653,-0.001287,28.323682,-0.000433
2008-04-16,0.4313,3.9735,3.4859,0.013833,7.9469,11.9204,7.9214,11.8733,1148.33185,54.894952,-0.00144,30.567309,-0.000485
2008-04-17,0.4254,-1.38,3.4777,0.0138,-2.76,-4.1401,-2.7855,-4.187,1132.484655,53.379831,-0.00138,29.715843,-0.000465
2008-04-18,0.4354,2.3682,3.4695,0.013768,4.7363,7.1045,4.7108,7.0576,1159.303675,55.908068,-0.001478,31.115709,-0.000497
2008-04-21,0.4549,4.469,3.445,0.013671,8.9379,13.4069,8.9125,13.3602,1211.112509,60.905088,-0.001677,33.888911,-0.000564
2008-04-22,0.4464,-1.8621,3.4369,0.013638,-3.7242,-5.5864,-3.7496,-5.633,1188.560102,58.636832,-0.001583,32.618215,-0.000532
2008-04-23,0.4679,4.8205,3.4287,0.013606,9.6411,14.4616,9.6158,14.415,1245.855126,64.290057,-0.001812,35.754708,-0.000609
2008-04-24,0.4567,-2.3972,3.4205,0.013573,-4.7945,-7.1917,-4.8198,-7.2383,1215.98891,61.207675,-0.001682,34.031412,-0.000565
2008-04-25,0.4613,1.0025,3.4123,0.013541,2.005,3.0075,1.9797,2.961,1228.179042,62.434873,-0.001732,34.705141,-0.000581
2008-04-28,0.4531,-1.7866,3.3878,0.013444,-3.5732,-5.3597,-3.5983,-5.406,1206.236662,60.203977,-0.001639,33.456344,-0.00055
2008-04-29,0.4624,2.0717,3.3797,0.013411,4.1435,6.2152,4.1184,6.169,1231.226714,62.698513,-0.001741,34.834195,-0.000584
2008-04-30,0.4704,1.7327,3.3715,0.013379,3.4654,5.198,3.4403,5.1519,1252.55994,64.871243,-0.001832,36.032588,-0.000614
2008-05-01,0.4922,4.6229,3.3633,0.013347,9.2457,13.8686,9.2207,13.8225,1310.464118,70.869066,-0.002086,39.355037,-0.000699
2008-05-02,0.5155,4.7442,3.3552,0.013314,9.4884,14.2326,9.4634,14.1866,1372.635067,77.593396,-0.002383,43.079349,-0.000798
2008-05-05,0.5027,-2.4867,3.3307,0.013217,-4.9734,-7.46,-4.9983,-7.5058,1338.502,73.734395,-0.002205,40.926119,-0.000738
2008-05-06,0.5158,2.5956,3.3225,0.013184,5.1913,7.7869,5.1664,7.7412,1373.244617,77.562145,-0.002377,43.040517,-0.000795
2008-05-07,0.5039,-2.3081,3.3143,0.013152,-4.6161,-6.9242,-4.641,-6.9699,1341.549116,73.981762,-0.002212,41.043004,-0.00074
2008-05-08,0.5025,-0.2726,3.3061,0.01312,-0.5452,-0.8177,-0.57,-0.8634,1337.892291,73.578439,-0.002194,40.809063,-0.000733
2008-05-09,0.5158,2.6424,3.298,0.013087,5.2848,7.9272,5.26,7.8816,1373.244617,77.466897,-0.002368,42.955613,-0.000791
2008-05-12,0.5011,-2.8406,3.2735,0.01299,-5.6813,-8.5219,-5.706,-8.5672,1334.235783,73.065797,-0.002166,40.504583,-0.000723
2008-05-13,0.4908,-2.0558,3.2653,0.012958,-4.1116,-6.1675,-4.1363,-6.2127,1306.80634,70.0616,-0.002032,38.829193,-0.000679
2008-05-14,0.5052,2.9385,3.2571,0.012925,5.8769,8.8154,5.8523,8.7702,1345.206417,74.179074,-0.002212,41.101595,-0.000738
2008-05-15,0.5444,7.7481,3.249,0.012893,15.4961,23.2442,15.4715,23.1991,1449.433952,85.673967,-0.002726,47.460645,-0.000909
2008-05-16,0.5588,2.6493,3.2408,0.01286,5.2986,7.9479,5.274,7.9028,1487.833712,90.213477,-0.002942,49.963729,-0.000981
2008-05-19,0.5471,-2.0893,3.2163,0.012763,-4.1786,-6.2679,-4.203,-6.3128,1456.748555,86.443835,-0.002758,47.863729,-0.000919
2008-05-20,0.5329,-2.5942,3.2081,0.012731,-5.1884,-7.7825,-5.2128,-7.8274,1418.957869,81.958817,-0.002543,45.36869,-0.000847
2008-05-21,0.5286,-0.8162,3.1999,0.012698,-1.6323,-2.4485,-1.6567,-2.4932,1407.376891,80.620986,-0.002481,44.617055,-0.000826
2008-05-22,0.5414,2.4253,3.1918,0.012666,4.8506,7.276,4.8263,7.2313,1441.510275,84.531618,-0.002662,46.770393,-0.000886
2008-05-23,0.5291,-2.2833,3.1836,0.012633,-4.5666,-6.8499,-4.5909,-6.8945,1408.596309,80.671402,-0.002479,44.623195,-0.000825
2008-05-27,0.5348,1.0818,3.1509,0.012504,2.1637,3.2455,2.1394,3.2011,1423.834906,82.416854,-0.00256,45.577884,-0.000851
2008-05-28,0.5398,0.9418,3.1428,0.012471,1.8835,2.8253,1.8594,2.781,1437.244217,83.969216,-0.002632,46.425346,-0.000875
2008-05-29,0.5384,-0.2545,3.1346,0.012439,-0.509,-0.7635,-0.5331,-0.8077,1433.58644,83.541814,-0.002612,46.177832,-0.000868
2008-05-30,0.5655,5.017,3.1264,0.012406,10.034,15.051,10.0099,15.0068,1505.509558,91.924409,-0.003005,50.800187,-0.000998
2008-06-02,0.5677,0.4049,3.1019,0.012309,0.8097,1.2146,0.7857,1.1706,1511.604902,92.668756,-0.003041,51.199335,-0.00101
2008-06-03,0.5485,-3.3871,3.0937,0.012277,-6.7742,-10.1613,-6.7982,-10.2052,1460.40538,86.391195,-0.002732,47.718714,-0.000907
2008-06-04,0.5549,1.1686,3.0856,0.012244,2.3372,3.5059,2.3133,3.462,1477.471993,88.410368,-0.002828,48.822588,-0.000938
2008-06-05,0.5689,2.5165,3.0774,0.012212,5.033,7.5495,5.0091,7.5057,1514.652494,92.860052,-0.003042,51.268145,-0.001008
2008-06-06,0.5508,-3.1791,3.0692,0.01218,-6.3583,-9.5374,-6.3822,-9.5811,1466.499613,86.955755,-0.002752,47.99613,-0.000912
2008-06-09,0.5423,-1.5378,3.0447,0.012082,-3.0755,-4.6133,-3.0993,-4.6568,1443.948318,84.281407,-0.002625,46.508579,-0.000869
2008-06-10,0.5103,-5.9096,3.0366,0.01205,-11.8192,-17.7288,-11.843,-17.7723,1358.616523,74.319993,-0.002159,41.000574,-0.000715
2008-06-11,0.4865,-4.6658,3.0284,0.012017,-9.3316,-13.9974,-9.3554,-14.0408,1295.225997,67.384727,-0.001857,37.164825,-0.000614
2008-06-12,0.4895,0.6117,3.0202,0.011985,1.2235,1.8352,1.1998,1.7919,1303.149435,68.209168,-0.001891,37.610726,-0.000626
2008-06-13,0.4878,-0.3274,3.012,0.011953,-0.6547,-0.9821,-0.6784,-1.0254,1298.883298,67.762574,-0.001873,37.355574,-0.000619
2008-06-16,0.4812,-1.3609,2.9875,0.011855,-2.7218,-4.0827,-2.7454,-4.1258,1281.206817,65.918214,-0.001796,36.33003,-0.000594
2008-06-17,0.4695,-2.4262,2.9794,0.011823,-4.8525,-7.2787,-4.876,-7.3217,1250.12166,62.719545,-0.001665,34.558574,-0.00055
2008-06-18,0.4558,-2.9254,2.9712,0.01179,-5.8508,-8.7762,-5.8743,-8.8191,1213.550709,59.049961,-0.001519,32.528507,-0.000502
2008-06-19,0.4547,-0.2511,2.963,0.011758,-0.5023,-0.7534,-0.5258,-0.7963,1210.502958,58.753361,-0.001508,32.357488,-0.000498
2008-06-20,0.4524,-0.5035,2.9549,0.011726,-1.007,-1.5105,-1.0304,-1.5533,1204.408091,58.161716,-0.001485,32.024067,-0.00049
2008-06-23,0.443,-2.0749,2.9304,0.011628,-4.1499,-6.2248,-4.1732,-6.2674,1179.417484,55.748088,-0.001393,30.687641,-0.000459
2008-06-24,0.4576,3.3075,2.9222,0.011596,6.615,9.9225,6.5917,9.8799,1218.426556,59.435809,-0.001531,32.710469,-0.000505
2008-06-25,0.4601,0.5503,2.914,0.011564,1.1006,1.6509,1.0774,1.6084,1225.131688,60.089972,-0.001556,33.062876,-0.000513
2008-06-26,0.4366,-5.1244,2.9058,0.011531,-10.2488,-15.3732,-10.272,-15.4156,1162.351029,53.93147,-0.001317,29.666644,-0.000434
2008-06-27,0.4414,1.1012,2.8977,0.011499,2.2024,3.3037,2.1792,3.2613,1175.151108,55.119282,-0.00136,30.313152,-0.000448
2008-06-30,0.4286,-2.9046,2.8732,0.011401,-5.8092,-8.7138,-5.8323,-8.756,1141.017644,51.91729,-0.001242,28.545194,-0.000409
2008-07-01,0.4292,0.1603,2.865,0.011369,0.3206,0.4808,0.2975,0.4387,1142.846454,52.083715,-0.001248,28.630111,-0.00041
2008-07-02,0.4128,-3.84,2.8568,0.011337,-7.6799,-11.5199,-7.703,-11.5619,1098.961535,48.083721,-0.001104,26.424741,-0.000363
2008-07-03,0.2859,-30.7266,2.8487,0.011304,-61.4531,-92.1797,-61.4762,-92.2217,761.288324,18.534762,-8.6e-05,10.179826,-2.8e-05
2008-07-07,0.277,-3.1225,2.816,0.011175,-6.2451,-9.3676,-6.268,-9.4093,737.516817,17.377253,-7.8e-05,9.541759,-2.6e-05
2008-07-08,0.2754,-0.5786,2.8078,0.011142,-1.1571,-1.7357,-1.18,-1.7773,733.249806,17.176176,-7.7e-05,9.429169,-2.5e-05
2008-07-09,0.2706,-1.7455,2.7996,0.01111,-3.4911,-5.2366,-3.5139,-5.2782,720.45068,16.576543,-7.3e-05,9.097839,-2.4e-05
2008-07-10,0.2699,-0.2538,2.7915,0.011077,-0.5076,-0.7614,-0.5304,-0.8029,718.622109,16.492398,-7.2e-05,9.049583,-2.4e-05
2008-07-11,0.2672,-1.0179,2.7833,0.011045,-2.0357,-3.0536,-2.0585,-3.095,711.307506,16.156657,-7e-05,8.863299,-2.3e-05
2008-07-14,0.255,-4.5415,2.7588,0.010948,-9.0831,-13.6246,-9.1057,-13.6659,679.003248,14.689138,-6.1e-05,8.056232,-2e-05
2008-07-15,0.2578,1.0772,2.7506,0.010915,2.1544,3.2316,2.1318,3.1904,686.317533,15.005603,-6.3e-05,8.227975,-2e-05
2008-07-16,0.2591,0.5328,2.7425,0.010883,1.0656,1.5984,1.043,1.5573,689.9742,15.165501,-6.4e-05,8.313793,-2.1e-05
2008-07-17,0.2601,0.3534,2.7343,0.01085,0.7068,1.0603,0.6843,1.0192,692.412718,15.272698,-6.4e-05,8.370683,-2.1e-05
2008-07-18,0.2646,1.7605,2.7261,0.010818,3.521,5.2816,3.4985,5.2406,704.602771,15.810455,-6.8e-05,8.663532,-2.2e-05
2008-07-21,0.2662,0.6056,2.7016,0.010721,1.2112,1.8167,1.1887,1.7759,708.869702,16.001945,-6.9e-05,8.766519,-2.2e-05
2008-07-22,0.2605,-2.1496,2.6934,0.010688,-4.2993,-6.4489,-4.3217,-6.4897,693.631501,15.313974,-6.4e-05,8.387657,-2.1e-05
2008-07-23,0.2683,2.9877,2.6853,0.010656,5.9754,8.9632,5.9531,8.9225,714.355257,16.229051,-7e-05,8.88698,-2.3e-05
2008-07-24,0.2525,-5.8873,2.6771,0.010623,-11.7747,-17.662,-11.797,-17.7026,672.29883,14.318136,-5.8e-05,7.838585,-1.9e-05
2008-07-25,0.2646,4.805,2.6689,0.010591,9.61,14.415,9.5877,14.3744,704.602771,15.694108,-6.6e-05,8.590124,-2.1e-05
2008-07-28,0.264,-0.2595,2.6444,0.010494,-0.519,-0.7785,-0.5412,-0.8188,702.774358,15.612657,-6.6e-05,8.543636,-2.1e-05
2008-07-29,0.2667,1.0408,2.6363,0.010461,2.0815,3.1223,2.0594,3.082,710.088564,15.937639,-6.8e-05,8.719579,-2.2e-05
2008-07-30,0.2628,-1.4592,2.6281,0.010429,-2.9184,-4.3776,-2.9406,-4.4179,699.726845,15.47251,-6.5e-05,8.463174,-2.1e-05
2008-07-31,0.2619,-0.3485,2.6199,0.010397,-0.6969,-1.0454,-0.719,-1.0855,697.288565,15.364678,-6.4e-05,8.402322,-2.1e-05
2008-08-01,0.2482,-5.2448,2.6117,0.010364,-10.4895,-15.7343,-10.5116,-15.7744,660.717455,13.752997,-5.4e-05,7.519104,-1.7e-05
2008-08-04,0.2422,-2.3985,2.5872,0.010267,-4.7971,-7.1956,-4.819,-7.2355,644.869903,13.093256,-5e-05,7.156755,-1.6e-05
2008-08-05,0.2562,5.7656,2.5791,0.010234,11.5313,17.2969,11.5093,17.2571,682.050761,14.603075,-5.9e-05,7.98045,-1.9e-05
2008-08-06,0.263,2.6809,2.5709,0.010202,5.3619,8.0428,5.34,8.003,700.336078,15.386072,-6.3e-05,8.406602,-2.1e-05
2008-08-07,0.2589,-1.5665,2.5627,0.01017,-3.1331,-4.6996,-3.155,-4.7394,689.364967,14.904011,-6e-05,8.141376,-2e-05
2008-08-08,0.2518,-2.7409,2.5546,0.010137,-5.4818,-8.2227,-5.5037,-8.2624,670.4701,14.087,-5.5e-05,7.693302,-1.8e-05
2008-08-11,0.2571,2.0909,2.5301,0.01004,4.1818,6.2726,4.16,6.2332,684.488803,14.676084,-5.9e-05,8.013344,-1.9e-05
2008-08-12,0.2534,-1.4248,2.5219,0.010007,-2.8495,-4.2743,-2.8712,-4.3137,674.736476,14.257886,-5.6e-05,7.783262,-1.8e-05
2008-08-13,0.2807,10.7498,2.5137,0.009975,21.4995,32.2493,21.4778,32.2099,747.268986,17.323261,-7.5e-05,9.454938,-2.4e-05
2008-08-14,0.2976,6.0359,2.5055,0.009943,12.0718,18.1077,12.0502,18.0685,792.373481,19.414495,-8.8e-05,10.594275,-2.8e-05
2008-08-15,0.2967,-0.3077,2.4974,0.00991,-0.6154,-0.9231,-0.637,-0.9623,789.935359,19.295018,-8.7e-05,10.526788,-2.8e-05
2008-08-18,0.3026,2.0062,2.4729,0.009813,4.0124,6.0185,3.9908,5.9795,805.782872,20.069203,-9.3e-05,10.946895,-3e-05
2008-08-19,0.3072,1.5129,2.4647,0.009781,3.0258,4.5386,3.0043,4.4997,817.9734,20.676449,-9.7e-05,11.275769,-3.1e-05
2008-08-20,0.3223,4.918,2.4565,0.009748,9.8361,14.7541,9.8146,14.7152,858.201573,22.710197,-0.000111,12.382441,-3.6e-05
2008-08-21,0.3118,-3.2671,2.4484,0.009716,-6.5341,-9.8012,-6.5555,-9.84,830.163611,21.226285,-0.0001,11.570705,-3.2e-05
2008-08-22,0.3116,-0.0734,2.4402,0.009683,-0.1468,-0.2202,-0.1682,-0.2589,829.554378,21.195131,-0.0001,11.551247,-3.2e-05
2008-08-25,0.307,-1.4695,2.4157,0.009586,-2.9391,-4.4086,-2.9604,-4.4471,817.363771,20.57219,-9.6e-05,11.209288,-3.1e-05
2008-08-26,0.2997,-2.3862,2.4075,0.009554,-4.7725,-7.1587,-4.7938,-7.1972,797.859433,19.590383,-8.9e-05,10.671942,-2.9e-05
2008-08-27,0.302,0.7639,2.3993,0.009521,1.5278,2.2917,1.5066,2.2533,803.954221,19.889682,-9.1e-05,10.832721,-2.9e-05
2008-08-28,0.3008,-0.3791,2.3912,0.009489,-0.7581,-1.1372,-0.7793,-1.1755,800.906708,19.738892,-9e-05,10.748299,-2.9e-05
2008-08-29,0.2894,-3.8051,2.383,0.009456,-7.6103,-11.4154,-7.6314,-11.4537,770.431101,18.236708,-7.9e-05,9.928049,-2.6e-05
2008-09-02,0.282,-2.5316,2.3503,0.009327,-5.0633,-7.5949,-5.0843,-7.633,750.926525,17.31333,-7.3e-05,9.423275,-2.4e-05
2008-09-03,0.2669,-5.3572,2.3422,0.009294,-10.7144,-16.0715,-10.7354,-16.1095,710.698035,15.458318,-6.2e-05,8.411652,-2e-05
2008-09-04,0.2633,-1.3722,2.334,0.009262,-2.7445,-4.1167,-2.7654,-4.1546,700.945628,15.03407,-5.9e-05,8.179034,-1.9e-05
2008-09-05,0.2672,1.4783,2.3258,0.009229,2.9565,4.4348,2.9356,4.397,711.307506,15.478559,-6.2e-05,8.419138,-2e-05
2008-09-08,0.2562,-4.1131,2.3013,0.009132,-8.2262,-12.3393,-8.247,-12.3769,682.050761,14.205264,-5.4e-05,7.72481,-1.7e-05
2008-09-09,0.2475,-3.3959,2.2931,0.0091,-6.7917,-10.1876,-6.8125,-10.2251,658.889281,13.240482,-4.9e-05,7.198555,-1.6e-05
2008-09-10,0.2477,0.0925,2.285,0.009067,0.185,0.2775,0.1642,0.24,659.498712,13.264976,-4.9e-05,7.210376,-1.6e-05
2008-09-11,0.2358,-4.8059,2.2768,0.009035,-9.6119,-14.4178,-9.6326,-14.4552,627.803687,11.989966,-4.2e-05,6.51583,-1.3e-05
2008-09-12,0.2333,-1.068,2.2686,0.009003,-2.1359,-3.2039,-2.1566,-3.2413,621.098952,11.733868,-4e-05,6.375307,-1.3e-05
2008-09-15,0.2129,-8.734,2.2441,0.008905,-17.4681,-26.2021,-17.4887,-26.2393,566.851917,9.684186,-3e-05,5.260349,-1e-05
2008-09-16,0.2195,3.1183,2.236,0.008873,6.2365,9.3548,6.2159,9.3177,584.527843,10.288143,-3.3e-05,5.587329,-1e-05
2008-09-17,0.2289,4.2753,2.2278,0.00884,8.5506,12.8259,8.5301,12.7889,609.518172,11.167841,-3.7e-05,6.063932,-1.2e-05
2008-09-18,0.2493,8.9,2.2196,0.008808,17.7999,26.6999,17.7794,26.6629,663.765127,13.155711,-4.7e-05,7.142064,-1.5e-05
2008-09-19,0.2612,4.775,2.2114,0.008776,9.5501,14.3251,9.5296,14.2882,695.460231,14.412094,-5.3e-05,7.822676,-1.7e-05
2008-09-22,0.2557,-2.1034,2.1869,0.008678,-4.2069,-6.3103,-4.2273,-6.3471,680.831581,13.805792,-5e-05,7.491989,-1.6e-05
2008-09-23,0.2484,-2.8648,2.1788,0.008646,-5.7295,-8.5943,-5.7499,-8.6309,661.327402,13.014787,-4.6e-05,7.061209,-1.5e-05
2008-09-24,0.2575,3.6866,2.1706,0.008613,7.3732,11.0598,7.3529,11.0232,685.707983,13.974396,-5.1e-05,7.580414,-1.6e-05
2008-09-25,0.2626,1.9555,2.1624,0.008581,3.9111,5.8666,3.8908,5.8301,699.117215,14.520944,-5.4e-05,7.87535,-1.7e-05
2008-09-26,0.2676,1.918,2.1543,0.008549,3.8361,5.7541,3.8158,5.7176,712.526527,15.077977,-5.7e-05,8.175859,-1.8e-05
2008-09-29,0.2312,-13.6013,2.1298,0.008451,-27.2027,-40.804,-27.2228,-40.8403,615.613357,10.976363,-3.4e-05,5.950158,-1.1e-05
2008-09-30,0.2452,6.0396,2.1216,0.008419,12.0792,18.1188,12.0591,18.0826,652.794017,12.302222,-4e-05,6.667693,-1.3e-05
2008-10-01,0.2383,-2.8011,2.1134,0.008387,-5.6022,-8.4034,-5.6223,-8.4395,634.508462,11.613022,-3.6e-05,6.292813,-1.2e-05
2008-10-02,0.2136,-10.3746,2.1052,0.008354,-20.7493,-31.1239,-20.7693,-31.16,568.680489,9.203403,-2.5e-05,4.985837,-8e-06
2008-10-03,0.2067,-3.2155,2.0971,0.008322,-6.4309,-9.6464,-6.451,-9.6824,550.394736,8.611538,-2.3e-05,4.664202,-7e-06
2008-10-06,0.1797,-13.0675,2.0726,0.008224,-26.1351,-39.2026,-26.155,-39.2384,478.471736,6.360907,-1.4e-05,3.444281,-4e-06
2008-10-07,0.1657,-7.7707,2.0644,0.008192,-15.5414,-23.3121,-15.5613,-23.3479,441.291117,5.372333,-1.1e-05,2.908306,-3e-06
2008-10-08,0.1692,2.0718,2.0562,0.00816,4.1436,6.2155,4.1238,6.1798,450.433894,5.594943,-1.1e-05,3.028238,-4e-06
2008-10-09,0.1584,-6.36,2.0481,0.008127,-12.7199,-19.0799,-12.7397,-19.1155,421.786501,4.883272,-9e-06,2.642448,-3e-06
2008-10-10,0.1559,-1.5896,2.0399,0.008095,-3.1792,-4.7688,-3.199,-4.8043,415.081806,4.728023,-9e-06,2.557916,-3e-06
2008-10-13,0.1843,18.2085,2.0154,0.007998,36.417,54.6255,36.3973,54.5901,490.661987,6.449828,-1.3e-05,3.488929,-4e-06
2008-10-14,0.1802,-2.236,2.0072,0.007965,-4.4721,-6.7081,-4.4918,-6.7434,479.690559,6.161385,-1.2e-05,3.332215,-4e-06
2008-10-15,0.1607,-10.8005,1.999,0.007933,-21.601,-32.4014,-21.6206,-32.4367,427.881686,4.830467,-8e-06,2.61177,-3e-06
2008-10-16,0.1763,9.6866,1.9909,0.0079,19.3732,29.0599,19.3536,29.0247,469.328959,5.766285,-1.1e-05,3.117242,-3e-06
2008-10-17,0.1751,-0.6493,1.9827,0.007868,-1.2986,-1.948,-1.3182,-1.9831,466.281525,5.691402,-1.1e-05,3.076151,-3e-06
2008-10-20,0.1786,1.9607,1.9582,0.007771,3.9215,5.8822,3.902,5.8473,475.424104,5.91459,-1.1e-05,3.196182,-4e-06
2008-10-21,0.1648,-7.6923,1.95,0.007738,-15.3846,-23.0769,-15.4041,-23.1118,438.853035,5.004653,-9e-06,2.703841,-3e-06
2008-10-22,0.1586,-3.75,1.9419,0.007706,-7.4999,-11.2499,-7.5194,-11.2847,422.39617,4.629307,-8e-06,2.500529,-2e-06
2008-10-23,0.1497,-5.6277,1.9337,0.007673,-11.2555,-16.8832,-11.2749,-16.918,398.624783,4.108256,-6e-06,2.218598,-2e-06
2008-10-24,0.1513,1.0703,1.9255,0.007641,2.1407,3.211,2.1213,3.1764,402.891436,4.196201,-7e-06,2.265662,-2e-06
2008-10-27,0.1596,5.4463,1.901,0.007544,10.8926,16.3389,10.8733,16.3044,424.834094,4.653276,-8e-06,2.512015,-2e-06
2008-10-28,0.1836,15.0646,1.8928,0.007511,30.1291,45.1937,30.1099,45.1593,488.833495,6.055267,-1.1e-05,3.26838,-4e-06
2008-10-29,0.1896,3.2419,1.8847,0.007479,6.4838,9.7257,6.4646,9.6914,504.681008,6.447879,-1.2e-05,3.479669,-4e-06
2008-10-30,0.1976,4.2271,1.8765,0.007446,8.4541,12.6812,8.435,12.6469,526.014195,6.992991,-1.4e-05,3.773178,-4e-06
2008-10-31,0.2005,1.5063,1.8683,0.007414,3.0127,4.519,2.9936,4.4848,533.937792,7.203668,-1.4e-05,3.886131,-5e-06
2008-11-03,0.1932,-3.6529,1.8438,0.007317,-7.3059,-10.9588,-7.3249,-10.9928,514.433335,6.677376,-1.3e-05,3.601475,-4e-06
2008-11-04,0.2056,6.3981,1.8357,0.007284,12.7962,19.1943,12.7772,19.1603,547.347262,7.531825,-1.5e-05,4.061642,-5e-06
2008-11-05,0.1948,-5.2338,1.8275,0.007252,-10.4677,-15.7015,-10.4867,-15.7354,518.699949,6.743417,-1.3e-05,3.635712,-4e-06
2008-11-06,0.1744,-10.4583,1.8193,0.00722,-20.9165,-31.3748,-20.9355,-31.4086,464.452914,5.332928,-9e-06,2.874559,-3e-06
2008-11-07,0.1996,14.4357,1.8111,0.007187,28.8714,43.307,28.8525,43.2733,531.499829,6.872616,-1.3e-05,3.70394,-4e-06
2008-11-10,0.1868,-6.422,1.7866,0.00709,-12.844,-19.266,-12.8628,-19.2996,497.366841,5.989895,-1e-05,3.227509,-3e-06
2008-11-11,0.1786,-4.4118,1.7785,0.007057,-8.8236,-13.2353,-8.8423,-13.2688,475.424104,5.461373,-9e-06,2.942122,-3e-06
2008-11-12,0.168,-5.8974,1.7703,0.007025,-11.7948,-17.6922,-11.8135,-17.7256,447.38642,4.817215,-7e-06,2.594553,-2e-06
2008-11-13,0.1818,8.1744,1.7621,0.006993,16.3487,24.5231,16.33,24.4898,483.957451,5.604769,-9e-06,3.018245,-3e-06
2008-11-14,0.1641,-9.6978,1.754,0.00696,-19.3955,-29.0933,-19.4142,-29.1266,437.024424,4.517695,-6e-06,2.432277,-2e-06
2008-11-17,0.1607,-2.092,1.7295,0.006863,-4.1841,-6.2761,-4.2027,-6.3092,427.881686,4.328671,-6e-06,2.330057,-2e-06
2008-11-18,0.1554,-3.2763,1.7213,0.00683,-6.5526,-9.829,-6.5712,-9.862,413.862904,4.045028,-5e-06,2.176945,-2e-06
2008-11-19,0.1426,-8.2474,1.7131,0.006798,-16.4949,-24.7423,-16.5134,-24.7753,379.729836,3.377806,-4e-06,1.817458,-1e-06
2008-11-20,0.1351,-5.2969,1.7049,0.006766,-10.5939,-15.8908,-10.6124,-15.9237,359.61575,3.019965,-3e-06,1.624582,-1e-06
2008-11-21,0.1461,8.1356,1.6968,0.006733,16.2712,24.4067,16.2527,24.3739,388.872574,3.511348,-4e-06,1.888621,-1e-06
2008-11-24,0.1557,6.5831,1.6723,0.006636,13.1661,19.7492,13.1478,19.7165,414.472295,3.973657,-5e-06,2.136933,-2e-06
2008-11-25,0.16,2.7941,1.6641,0.006604,5.5882,8.3823,5.5699,8.3497,426.053075,4.195713,-6e-06,2.255958,-2e-06
2008-11-26,0.1742,8.8698,1.6559,0.006571,17.7397,26.6095,17.7214,26.577,463.843285,4.940018,-7e-06,2.655745,-2e-06
2008-11-28,0.171,-1.8397,1.6396,0.006506,-3.6794,-5.5191,-3.6976,-5.5514,455.310018,4.758257,-7e-06,2.557547,-2e-06
2008-12-01,0.1564,-8.5676,1.6151,0.006409,-17.1352,-25.7027,-17.1533,-25.7349,416.300985,3.942922,-5e-06,2.118844,-2e-06
2008-12-02,0.1651,5.5637,1.6069,0.006377,11.1273,16.691,11.1092,16.6589,439.462545,4.381664,-6e-06,2.354231,-2e-06
2008-12-03,0.1735,5.1318,1.5987,0.006344,10.2636,15.3954,10.2455,15.3633,462.014872,4.83138,-7e-06,2.595435,-2e-06
2008-12-04,0.1621,-6.5963,1.5906,0.006312,-13.1927,-19.789,-13.2107,-19.821,431.538868,4.193993,-5e-06,2.252561,-2e-06
2008-12-05,0.1685,3.9548,1.5824,0.006279,7.9095,11.8643,7.8916,11.8324,448.605243,4.525718,-6e-06,2.430323,-2e-06
2008-12-08,0.163,-3.2609,1.5579,0.006182,-6.5217,-9.7826,-6.5396,-9.8143,433.976871,4.230564,-5e-06,2.271389,-2e-06
2008-12-09,0.1788,9.691,1.5497,0.00615,19.382,29.0731,19.3642,29.0414,476.033655,5.050533,-7e-06,2.711225,-2e-06
2008-12-10,0.1957,9.4751,1.5416,0.006117,18.9501,28.4252,18.9323,28.3936,521.13811,6.007615,-9e-06,3.224522,-3e-06
2008-12-11,0.1875,-4.2105,1.5334,0.006085,-8.4211,-12.6316,-8.4389,-12.6632,499.195333,5.501708,-8e-06,2.952408,-2e-06
2008-12-12,0.1969,5.0061,1.5252,0.006052,10.0121,15.0182,9.9944,14.9868,524.185425,6.052547,-9e-06,3.247484,-3e-06
2008-12-15,0.1905,-3.2558,1.5007,0.005955,-6.5115,-9.7673,-6.5292,-9.7986,507.119129,5.658433,-8e-06,3.035449,-3e-06
2008-12-16,0.2033,6.7308,1.4925,0.005923,13.4616,20.1924,13.4439,20.1611,541.252236,6.420147,-1e-05,3.443533,-3e-06
2008-12-17,0.2134,4.9549,1.4844,0.00589,9.9098,14.8648,9.8922,14.8336,568.070859,7.056373,-1.1e-05,3.784175,-4e-06
2008-12-18,0.1937,-9.2275,1.4762,0.005858,-18.4549,-27.6824,-18.4725,-27.7135,515.652277,5.754123,-8e-06,3.085143,-3e-06
2008-12-19,0.195,0.7092,1.468,0.005826,1.4185,2.1277,1.4009,2.0967,519.30942,5.835743,-8e-06,3.128364,-3e-06
2008-12-22,0.1836,-5.8685,1.4435,0.005728,-11.7371,-17.6056,-11.7545,-17.6365,488.833495,5.150796,-7e-06,2.760639,-2e-06
2008-12-23,0.1811,-1.3715,1.4354,0.005696,-2.7431,-4.1146,-2.7605,-4.1454,482.128919,5.009505,-7e-06,2.684432,-2e-06
2008-12-24,0.1767,-2.402,1.4272,0.005663,-4.804,-7.2061,-4.8214,-7.2367,470.548099,4.768847,-6e-06,2.555005,-2e-06
2008-12-26,0.1719,-2.7202,1.4108,0.005599,-5.4405,-8.1607,-5.4578,-8.1913,457.7481,4.509399,-6e-06,2.415558,-2e-06
2008-12-29,0.1774,3.1957,1.3863,0.005501,6.3915,9.5872,6.3742,9.5568,472.376472,4.797615,-6e-06,2.569532,-2e-06
2008-12-30,0.1836,3.4839,1.3782,0.005469,6.9678,10.4516,6.9506,10.4213,488.833495,5.131902,-7e-06,2.748129,-2e-06
2008-12-31,0.1847,0.6235,1.37,0.005437,1.2469,1.8704,1.2298,1.8401,491.881167,5.195892,-7e-06,2.781925,-2e-06
2009-01-02,0.1994,7.9306,1.3633,0.00541,15.8612,23.7918,15.8441,23.7616,530.890239,6.020022,-8e-06,3.222695,-3e-06
2009-01-05,0.2031,1.837,1.3533,0.00537,3.674,5.511,3.6569,5.4808,540.642607,6.241195,-9e-06,3.340545,-3e-06
2009-01-06,0.2099,3.3822,1.3499,0.005357,6.7644,10.1465,6.7473,10.1165,558.928122,6.663373,-1e-05,3.565942,-3e-06
2009-01-07,0.1973,-5.9978,1.3466,0.005344,-11.9956,-17.9935,-12.0127,-18.0235,525.404605,5.864058,-8e-06,3.137576,-3e-06
2009-01-08,0.1923,-2.5522,1.3433,0.00533,-5.1044,-7.6566,-5.1214,-7.6866,511.995214,5.564733,-7e-06,2.976887,-2e-06
2009-01-09,0.1815,-5.5952,1.3399,0.005317,-11.1905,-16.7857,-11.2075,-16.8157,483.3479,4.942013,-6e-06,2.643253,-2e-06
2009-01-12,0.1742,-4.0353,1.3299,0.005277,-8.0706,-12.1059,-8.0876,-12.1359,463.843285,4.543162,-5e-06,2.429477,-2e-06
2009-01-13,0.1751,0.5257,1.3265,0.005264,1.0513,1.577,1.0344,1.5471,466.281525,4.590925,-6e-06,2.454606,-2e-06
2009-01-14,0.1673,-4.4445,1.3232,0.005251,-8.8889,-13.3334,-8.9059,-13.3633,445.557809,4.182841,-5e-06,2.236002,-1e-06
2009-01-15,0.1733,3.5568,1.3199,0.005238,7.1135,10.6703,7.0966,10.6404,461.405243,4.480388,-5e-06,2.394681,-2e-06
2009-01-16,0.1829,5.5482,1.3165,0.005224,11.0964,16.6446,11.0795,16.6148,487.005003,4.977552,-6e-06,2.66,-2e-06
2009-01-20,0.1651,-9.7622,1.3032,0.005171,-19.5244,-29.2866,-19.5413,-29.3163,439.462545,4.005713,-4e-06,2.140202,-1e-06
2009-01-21,0.1731,4.8544,1.2998,0.005158,9.7087,14.5631,9.6919,14.5334,460.795653,4.394617,-5e-06,2.347627,-2e-06
2009-01-22,0.1699,-1.8518,1.2965,0.005145,-3.7037,-5.5555,-3.7205,-5.5852,452.262426,4.231854,-5e-06,2.260282,-1e-06
2009-01-23,0.1765,3.9084,1.2931,0.005131,7.8167,11.7251,7.7999,11.6954,469.93843,4.562645,-5e-06,2.436581,-2e-06
2009-01-26,0.1825,3.3722,1.2831,0.005092,6.7445,10.1167,6.7277,10.0872,485.785903,4.870373,-6e-06,2.600507,-2e-06
2009-01-27,0.1932,5.8971,1.2798,0.005078,11.7943,17.6914,11.7775,17.6619,514.433335,5.444797,-7e-06,2.906781,-2e-06
2009-01-28,0.2012,4.1469,1.2764,0.005065,8.2938,12.4407,8.277,12.4112,535.766324,5.896377,-8e-06,3.147376,-2e-06
2009-01-29,0.1896,-5.802,1.2731,0.005052,-11.6041,-17.4061,-11.6208,-17.4356,504.681008,5.212158,-6e-06,2.781625,-2e-06
2009-01-30,0.182,-3.9855,1.2697,0.005039,-7.9711,-11.9566,-7.9878,-11.986,484.566802,4.796694,-6e-06,2.559434,-2e-06
2009-02-02,0.1918,5.4088,1.2597,0.004999,10.8177,16.2265,10.801,16.1971,510.776232,5.315584,-7e-06,2.835878,-2e-06
2009-02-03,0.1941,1.1933,1.2564,0.004986,2.3867,3.58,2.37,3.5506,516.871457,5.442449,-7e-06,2.903087,-2e-06
2009-02-04,0.1996,2.8302,1.253,0.004972,5.6604,8.4905,5.6437,8.4612,531.499829,5.750511,-7e-06,3.066928,-2e-06
2009-02-05,0.2143,7.3394,1.2497,0.004959,14.6788,22.0183,14.6622,21.989,570.508822,6.594619,-9e-06,3.516606,-3e-06
2009-02-06,0.226,5.4487,1.2463,0.004946,10.8975,16.3462,10.8808,16.317,601.594416,7.313267,-1e-05,3.899243,-3e-06
2009-02-09,0.223,-1.3171,1.2363,0.004906,-2.6342,-3.9514,-2.6509,-3.9805,593.670699,7.120618,-1e-05,3.79588,-3e-06
2009-02-10,0.2134,-4.3121,1.233,0.004893,-8.6243,-12.9364,-8.6409,-12.9655,568.070859,6.506518,-9e-06,3.467883,-3e-06
2009-02-11,0.1866,-12.5536,1.2296,0.004879,-25.1073,-37.6609,-25.1239,-37.69,496.757291,4.872908,-5e-06,2.596617,-2e-06
2009-02-12,0.1905,2.0859,1.2263,0.004866,4.1718,6.2577,4.1552,6.2286,507.119129,5.076196,-6e-06,2.704512,-2e-06
2009-02-13,0.1902,-0.1202,1.2229,0.004853,-0.2404,-0.3607,-0.257,-0.3897,506.50946,5.06399,-6e-06,2.697561,-2e-06
2009-02-17,0.1793,-5.7761,1.2096,0.0048,-11.5523,-17.3284,-11.5688,-17.3573,477.252834,4.478985,-5e-06,2.385487,-1e-06
2009-02-18,0.1841,2.6819,1.2062,0.004787,5.3639,8.0458,5.3474,8.0169,490.052516,4.719234,-5e-06,2.513049,-2e-06
2009-02-19,0.1699,-7.7114,1.2029,0.004773,-15.4229,-23.1343,-15.4394,-23.1632,452.262426,3.991392,-4e-06,2.12505,-1e-06
2009-02-20,0.1742,2.5607,1.1995,0.00476,5.1213,7.682,5.1048,7.6531,463.843285,4.195803,-4e-06,2.23353,-1e-06
2009-02-23,0.1662,-4.5992,1.1895,0.00472,-9.1984,-13.7976,-9.2148,-13.8264,442.510177,3.809856,-4e-06,2.027714,-1e-06
2009-02-24,0.1811,8.9532,1.1862,0.004707,17.9064,26.8595,17.89,26.8308,482.128919,4.492063,-5e-06,2.390471,-1e-06
2009-02-25,0.1831,1.1378,1.1828,0.004694,2.2756,3.4134,2.2592,3.3847,487.614633,4.594285,-5e-06,2.444477,-1e-06
2009-02-26,0.1891,3.25,1.1795,0.00468,6.5,9.7499,6.4836,9.7212,503.461987,4.892911,-5e-06,2.602967,-2e-06
2009-02-27,0.1896,0.2421,1.1761,0.004667,0.4843,0.7264,0.4679,0.6977,504.681008,4.916606,-5e-06,2.615145,-2e-06
2009-03-02,0.1735,-8.4541,1.1661,0.004627,-16.9082,-25.3622,-16.9245,-25.3909,462.014872,4.085298,-4e-06,2.172545,-1e-06
2009-03-03,0.1804,3.9578,1.1628,0.004614,7.9155,11.8733,7.8992,11.8447,480.300348,4.408671,-4e-06,2.344159,-1e-06
2009-03-04,0.1937,7.3604,1.1594,0.004601,14.7208,22.0811,14.7045,22.0526,515.652277,5.057661,-5e-06,2.688855,-2e-06
2009-03-05,0.1891,-2.3641,1.1561,0.004588,-4.7281,-7.0922,-4.7444,-7.1207,503.461987,4.81853,-5e-06,2.561285,-2e-06
2009-03-06,0.1921,1.5739,1.1527,0.004574,3.1477,4.7216,3.1314,4.693,511.385743,4.970203,-5e-06,2.64149,-2e-06
2009-03-09,0.19,-1.0727,1.1427,0.004535,-2.1454,-3.2181,-2.1616,-3.2465,505.900188,4.863574,-5e-06,2.584391,-2e-06
2009-03-10,0.2072,9.0361,1.1394,0.004521,18.0722,27.1083,18.056,27.0799,551.613797,5.742528,-6e-06,3.051028,-2e-06
2009-03-11,0.2129,2.7625,1.136,0.004508,5.5249,8.2874,5.5087,8.259,566.851917,6.059798,-7e-06,3.2191,-2e-06
2009-03-12,0.2255,5.914,1.1327,0.004495,11.8279,17.7419,11.8117,17.7136,600.375395,6.776548,-8e-06,3.599332,-3e-06
2009-03-13,0.2244,-0.5076,1.1293,0.004482,-1.0152,-1.5229,-1.0314,-1.5512,597.327763,6.70775,-8e-06,3.562207,-3e-06
2009-03-16,0.2157,-3.8776,1.1193,0.004442,-7.7552,-11.6327,-7.7713,-11.661,574.165925,6.187553,-7e-06,3.285378,-2e-06
2009-03-17,0.2264,4.9894,1.116,0.004428,9.9788,14.9682,9.9627,14.94,602.813358,6.804997,-8e-06,3.612689,-3e-06
2009-03-18,0.2335,3.1345,1.1126,0.004415,6.2689,9.4034,6.2528,9.3752,621.708383,7.231599,-9e-06,3.838584,-3e-06
2009-03-19,0.2308,-1.1764,1.1093,0.004402,-2.3529,-3.5293,-2.369,-3.5575,614.394296,7.061446,-9e-06,3.747647,-3e-06
2009-03-20,0.2182,-5.4564,1.1059,0.004389,-10.9127,-16.3691,-10.9288,-16.3973,580.87066,6.290849,-7e-06,3.338073,-2e-06
2009-03-23,0.234,7.2403,1.0959,0.004349,14.4806,21.721,14.4646,21.6929,622.927563,7.201804,-9e-06,3.820912,-3e-06
2009-03-24,0.2239,-4.3053,1.0926,0.004336,-8.6106,-12.9159,-8.6266,-12.9439,596.108702,6.581687,-8e-06,3.491296,-2e-06
2009-03-25,0.2276,1.636,1.0892,0.004322,3.272,4.908,3.256,4.88,605.861069,6.79704,-8e-06,3.604972,-2e-06
2009-03-26,0.2417,6.2374,1.0859,0.004309,12.4748,18.7122,12.4588,18.6842,643.651041,7.644957,-1e-05,4.054107,-3e-06
2009-03-27,0.2395,-0.9469,1.0825,0.004296,-1.8938,-2.8408,-1.9098,-2.8687,637.556173,7.500174,-9e-06,3.97668,-3e-06
2009-03-30,0.2241,-6.4054,1.0725,0.004256,-12.8108,-19.2162,-12.8268,-19.2441,596.718173,6.539342,-8e-06,3.466601,-2e-06
2009-03-31,0.2257,0.715,1.0692,0.004243,1.4301,2.1451,1.4141,2.1172,600.984866,6.632858,-8e-06,3.515622,-2e-06
2009-04-01,0.2314,2.5355,1.0658,0.00423,5.071,7.6065,5.055,7.5787,616.222788,6.969209,-8e-06,3.693339,-3e-06
2009-04-02,0.2422,4.6488,1.0625,0.004216,9.2976,13.9465,9.2817,13.9187,644.869903,7.617182,-9e-06,4.036144,-3e-06
2009-04-03,0.2591,6.9943,1.0592,0.004203,13.9886,20.983,13.9727,20.9552,689.9742,8.682722,-1.1e-05,4.600104,-4e-06
2009-04-06,0.2598,0.265,1.0491,0.004163,0.53,0.7951,0.5142,0.7674,691.802771,8.728744,-1.2e-05,4.623757,-4e-06
2009-04-07,0.2509,-3.4361,1.0458,0.00415,-6.8722,-10.3083,-6.888,-10.3359,668.03182,8.12889,-1e-05,4.305271,-3e-06
2009-04-08,0.2612,4.1059,1.0424,0.004137,8.2117,12.3176,8.1959,12.2899,695.460231,8.79641,-1.2e-05,4.658125,-4e-06
2009-04-09,0.2756,5.5215,1.0391,0.004123,11.0429,16.5644,11.0271,16.5368,733.859833,9.767792,-1.4e-05,5.171781,-4e-06
2009-04-13,0.2667,-3.2392,1.0257,0.00407,-6.4784,-9.7176,-6.4942,-9.7451,710.088564,9.134993,-1.2e-05,4.835916,-4e-06
2009-04-14,0.2683,0.6009,1.0224,0.004057,1.2017,1.8026,1.186,1.7751,714.355257,9.244772,-1.2e-05,4.893268,-4e-06
2009-04-15,0.2608,-2.8157,1.019,0.004044,-5.6313,-8.447,-5.6471,-8.4745,694.241369,8.724167,-1.1e-05,4.616941,-3e-06
2009-04-16,0.2674,2.5461,1.0157,0.004031,5.0922,7.6383,5.0765,7.6109,711.917453,9.168419,-1.2e-05,4.851318,-4e-06
2009-04-17,0.2692,0.6849,1.0124,0.004017,1.3698,2.0546,1.354,2.0272,716.79322,9.294004,-1.3e-05,4.917007,-4e-06
2009-04-20,0.253,-6.0374,1.0023,0.003977,-12.0748,-18.1122,-12.0905,-18.1396,673.517455,8.17177,-1e-05,4.322516,-3e-06
2009-04-21,0.2523,-0.2715,0.999,0.003964,-0.5429,-0.8144,-0.5586,-0.8417,671.689042,8.127401,-1e-05,4.298369,-3e-06
2009-04-22,0.2598,2.9945,0.9956,0.003951,5.989,8.9835,5.9733,8.9562,691.802771,8.614151,-1.1e-05,4.555126,-3e-06
2009-04-23,0.2557,-1.5859,0.9923,0.003938,-3.1718,-4.7577,-3.1874,-4.7849,680.831581,8.340931,-1.1e-05,4.409935,-3e-06
2009-04-24,0.2617,2.3277,0.989,0.003924,4.6553,6.983,4.6397,6.9558,696.679094,8.729229,-1.1e-05,4.614543,-3e-06
2009-04-27,0.2523,-3.587,0.9789,0.003885,-7.174,-10.7611,-7.1896,-10.7882,671.689042,8.10299,-1e-05,4.282774,-3e-06
2009-04-28,0.253,0.2722,0.9756,0.003871,0.5444,0.8166,0.5288,0.7895,673.517455,8.147104,-1e-05,4.305423,-3e-06
2009-04-29,0.2491,-1.5384,0.9722,0.003858,-3.0769,-4.6153,-3.0924,-4.6424,663.155815,7.896428,-1e-05,4.172281,-3e-06
2009-04-30,0.2628,5.5147,0.9689,0.003845,11.0294,16.5441,11.0138,16.517,699.726845,8.767356,-1.1e-05,4.631809,-3e-06
2009-05-01,0.2672,1.655,0.9656,0.003832,3.3101,4.9651,3.2945,4.938,711.307506,9.057561,-1.2e-05,4.784405,-4e-06
2009-05-04,0.2816,5.3985,0.9555,0.003792,10.797,16.1955,10.7815,16.1685,749.707345,10.035503,-1.4e-05,5.300234,-4e-06
2009-05-05,0.2701,-4.065,0.9522,0.003779,-8.1301,-12.1951,-8.1455,-12.222,719.2315,9.21961,-1.2e-05,4.868501,-4e-06
2009-05-06,0.2646,-2.0339,0.9488,0.003765,-4.0679,-6.1018,-4.0833,-6.1287,704.602771,8.844568,-1.1e-05,4.669703,-3e-06
2009-05-07,0.2456,-7.1799,0.9455,0.003752,-14.3598,-21.5397,-14.3753,-21.5666,654.012919,7.574503,-9e-06,3.99842,-3e-06
2009-05-08,0.2118,-13.7931,0.9422,0.003739,-27.5862,-41.3793,-27.6017,-41.4062,563.804246,5.484985,-5e-06,2.89479,-2e-06
2009-05-11,0.2159,1.9459,0.9321,0.003699,3.8919,5.8378,3.8765,5.811,574.775515,5.698454,-6e-06,3.007006,-2e-06
2009-05-12,0.2056,-4.772,0.9288,0.003686,-9.544,-14.316,-9.5594,-14.3427,547.347262,5.154594,-5e-06,2.719555,-1e-06
2009-05-13,0.1923,-6.4588,0.9255,0.003672,-12.9176,-19.3764,-12.933,-19.4031,511.995214,4.488745,-4e-06,2.367835,-1e-06
2009-05-14,0.195,1.4286,0.9221,0.003659,2.8571,4.2857,2.8418,4.259,519.30942,4.616994,-4e-06,2.435124,-1e-06
2009-05-15,0.2001,2.5822,0.9188,0.003646,5.1643,7.7465,5.149,7.7199,532.71889,4.855432,-4e-06,2.560508,-1e-06
2009-05-18,0.2122,6.0641,0.9087,0.003606,12.1282,18.1922,12.1128,18.1657,565.023386,5.444306,-5e-06,2.870659,-2e-06
2009-05-19,0.2163,1.9418,0.9054,0.003593,3.8835,5.8253,3.8682,5.7987,575.994734,5.655736,-5e-06,2.981702,-2e-06
2009-05-20,0.2227,2.9629,0.9021,0.00358,5.9259,8.8888,5.9106,8.8623,593.061149,5.990889,-6e-06,3.157938,-2e-06
2009-05-21,0.2214,-0.6166,0.8987,0.003566,-1.2333,-1.8499,-1.2485,-1.8764,589.404125,5.917005,-6e-06,3.11851,-2e-06
2009-05-22,0.2248,1.5512,0.8954,0.003553,3.1024,4.6535,3.0871,4.6271,598.546823,6.100572,-6e-06,3.214781,-2e-06
2009-05-26,0.2369,5.3971,0.882,0.0035,10.7942,16.1914,10.779,16.165,630.851121,6.759082,-7e-06,3.561304,-2e-06
2009-05-27,0.2374,0.1933,0.8787,0.003487,0.3865,0.5798,0.3713,0.5534,632.070301,6.785207,-7e-06,3.574528,-2e-06
2009-05-28,0.2406,1.35,0.8753,0.003473,2.7001,4.0501,2.6849,4.0238,640.603409,6.968411,-7e-06,3.670499,-2e-06
2009-05-29,0.2388,-0.7611,0.872,0.00346,-1.5223,-2.2834,-1.5375,-2.3097,635.727483,6.862332,-7e-06,3.614067,-2e-06
2009-06-01,0.2504,4.8897,0.8619,0.00342,9.7794,14.6691,9.7643,14.6429,666.81272,7.533428,-8e-06,3.966955,-2e-06
2009-06-02,0.2484,-0.8226,0.8586,0.003407,-1.6452,-2.4679,-1.6603,-2.494,661.327402,7.409485,-8e-06,3.90109,-2e-06
2009-06-03,0.2406,-3.1337,0.8553,0.003394,-6.2674,-9.4011,-6.2825,-9.4272,640.603409,6.945104,-7e-06,3.656004,-2e-06
2009-06-04,0.2493,3.6156,0.8519,0.003381,7.2312,10.8468,7.2161,10.8207,663.765127,7.44732,-8e-06,3.919826,-2e-06
2009-06-05,0.2479,-0.551,0.8486,0.003367,-1.1019,-1.6529,-1.117,-1.679,660.108024,7.365256,-8e-06,3.876042,-2e-06
2009-06-08,0.2466,-0.554,0.8385,0.003328,-1.108,-1.662,-1.123,-1.688,656.451001,7.283648,-8e-06,3.832512,-2e-06
2009-06-09,0.2601,5.4782,0.8352,0.003314,10.9564,16.4346,10.9414,16.4086,692.412718,8.081674,-9e-06,4.251842,-3e-06
2009-06-10,0.2683,3.169,0.8319,0.003301,6.338,9.507,6.323,9.481,714.355257,8.59389,-1e-05,4.520686,-3e-06
2009-06-11,0.2649,-1.2799,0.8285,0.003288,-2.5598,-3.8397,-2.5748,-3.8656,705.212321,8.373906,-1e-05,4.404288,-3e-06
2009-06-12,0.2635,-0.5186,0.8252,0.003275,-1.0372,-1.5558,-1.0522,-1.5817,701.555178,8.287054,-9e-06,4.357948,-3e-06
2009-06-15,0.2591,-1.6508,0.8152,0.003235,-3.3015,-4.9523,-3.3165,-4.9781,689.9742,8.013455,-9e-06,4.213419,-3e-06
2009-06-16,0.2521,-2.7385,0.8118,0.003221,-5.477,-8.2154,-5.4919,-8.2412,671.079413,7.574562,-8e-06,3.982023,-2e-06
2009-06-17,0.2582,2.4523,0.8085,0.003208,4.9047,7.357,4.8898,7.3312,687.536555,7.94607,-9e-06,4.176734,-3e-06
2009-06-18,0.2532,-1.9504,0.8051,0.003195,-3.9008,-5.8511,-3.9157,-5.8769,674.127005,7.636113,-8e-06,4.013188,-2e-06
2009-06-19,0.2559,1.085,0.8018,0.003182,2.1701,3.2551,2.1552,3.2294,681.441528,7.801823,-9e-06,4.09968,-3e-06
2009-06-22,0.2415,-5.6351,0.7918,0.003142,-11.2702,-16.9053,-11.2851,-16.931,643.04161,6.922541,-7e-06,3.637029,-2e-06
2009-06-23,0.2404,-0.4739,0.7884,0.003129,-0.9478,-1.4217,-0.9627,-1.4474,639.994136,6.856928,-7e-06,3.602016,-2e-06
2009-06-24,0.2484,3.3334,0.7851,0.003115,6.6667,10.0001,6.6519,9.9745,661.327402,7.314059,-8e-06,3.841618,-2e-06
2009-06-25,0.2614,5.2534,0.7817,0.003102,10.5069,15.7603,10.4921,15.7347,696.069782,8.082537,-9e-06,4.244683,-3e-06
2009-06-26,0.2649,1.3135,0.7784,0.003089,2.6269,3.9404,2.6121,3.9148,705.212321,8.294857,-9e-06,4.355559,-3e-06
2009-06-29,0.2649,0.0,0.7684,0.003049,0.0,0.0,-0.0148,-0.0255,705.212321,8.294857,-9e-06,4.354916,-3e-06
2009-06-30,0.2585,-2.4201,0.765,0.003036,-4.8401,-7.2602,-4.8549,-7.2856,688.145787,7.893377,-9e-06,4.143491,-3e-06
2009-07-01,0.2596,0.4429,0.7617,0.003023,0.8858,1.3287,0.8711,1.3033,691.193618,7.963297,-9e-06,4.179584,-3e-06
2009-07-02,0.2495,-3.8801,0.7583,0.003009,-7.7601,-11.6402,-7.7749,-11.6656,664.374796,7.345334,-8e-06,3.854627,-2e-06
2009-07-06,0.2415,-3.211,0.745,0.002956,-6.422,-9.6331,-6.4367,-9.6583,643.04161,6.873614,-7e-06,3.606517,-2e-06
2009-07-07,0.231,-4.3602,0.7416,0.002943,-8.7204,-13.0806,-8.735,-13.1058,615.003807,6.274209,-6e-06,3.291487,-2e-06
2009-07-08,0.2314,0.1982,0.7383,0.00293,0.3964,0.5946,0.3818,0.5694,616.222788,6.299081,-6e-06,3.304053,-2e-06
2009-07-09,0.2365,2.1761,0.7349,0.002916,4.3521,6.5282,4.3375,6.503,629.632139,6.573224,-6e-06,3.447366,-2e-06
2009-07-10,0.2374,0.3872,0.7316,0.002903,0.7745,1.1617,0.7599,1.1365,632.070301,6.624132,-7e-06,3.473561,-2e-06
2009-07-13,0.2401,1.1572,0.7216,0.002863,2.3144,3.4716,2.2998,3.4465,639.384586,6.77744,-7e-06,3.553447,-2e-06
2009-07-14,0.2452,2.0972,0.7182,0.00285,4.1945,6.2917,4.1799,6.2667,652.794017,7.061718,-7e-06,3.701978,-2e-06
2009-07-15,0.2553,4.1083,0.7149,0.002837,8.2166,12.3248,8.202,12.2998,679.61264,7.641949,-8e-06,4.005615,-2e-06
2009-07-16,0.2685,5.2018,0.7115,0.002824,10.4036,15.6054,10.3891,15.5804,714.964728,8.436987,-9e-06,4.421761,-3e-06
2009-07-17,0.2763,2.8986,0.7082,0.00281,5.7971,8.6957,5.7826,8.6707,735.688483,8.926091,-1e-05,4.677455,-3e-06
2009-07-20,0.2798,1.2428,0.6982,0.00277,2.4855,3.7283,2.4711,3.7034,744.83142,9.147953,-1.1e-05,4.793038,-3e-06
2009-07-21,0.274,-2.0458,0.6948,0.002757,-4.0917,-6.1375,-4.1061,-6.1624,729.593457,8.77365,-1e-05,4.596231,-3e-06
2009-07-22,0.2809,2.5062,0.6915,0.002744,5.0124,7.5186,4.998,7.4938,747.878615,9.213423,-1.1e-05,4.825949,-3e-06
2009-07-23,0.2976,5.9495,0.6881,0.002731,11.899,17.8484,11.8845,17.8236,792.373481,10.309724,-1.3e-05,5.39949,-4e-06
2009-07-24,0.2967,-0.3077,0.6848,0.002717,-0.6154,-0.9231,-0.6298,-0.9479,789.935359,10.246278,-1.2e-05,5.365482,-4e-06
2009-07-27,0.2981,0.463,0.6748,0.002678,0.9259,1.3889,0.9116,1.3642,793.592502,10.341152,-1.3e-05,5.414392,-4e-06
2009-07-28,0.2985,0.1536,0.6714,0.002664,0.3073,0.4609,0.2929,0.4362,794.811682,10.372926,-1.3e-05,5.43025,-4e-06
2009-07-29,0.2926,-1.9939,0.6681,0.002651,-3.9878,-5.9817,-4.0021,-6.0063,778.964011,9.959276,-1.2e-05,5.212923,-4e-06
2009-07-30,0.2949,0.7825,0.6647,0.002638,1.565,2.3475,1.5506,2.3228,785.059354,10.115138,-1.2e-05,5.293757,-4e-06
2009-07-31,0.296,0.3882,0.6614,0.002625,0.7765,1.1647,0.7621,1.1401,788.107185,10.193678,-1.2e-05,5.334102,-4e-06
2009-08-03,0.304,2.7068,0.6514,0.002585,5.4137,8.1205,5.3994,8.096,809.439935,10.745529,-1.3e-05,5.622111,-4e-06
2009-08-04,0.3061,0.6777,0.648,0.002572,1.3554,2.0332,1.3412,2.0086,814.925649,10.891178,-1.4e-05,5.697512,-4e-06
2009-08-05,0.3068,0.2244,0.6447,0.002558,0.4488,0.6732,0.4345,0.6487,816.7543,10.940056,-1.4e-05,5.722269,-4e-06
2009-08-06,0.3004,-2.0896,0.6413,0.002545,-4.1792,-6.2688,-4.1934,-6.2932,799.687449,10.482851,-1.3e-05,5.482309,-4e-06
2009-08-07,0.3139,4.497,0.638,0.002532,8.994,13.4909,8.9797,13.4665,835.649246,11.425675,-1.5e-05,5.974606,-4e-06
2009-08-10,0.3036,-3.2823,0.628,0.002492,-6.5646,-9.8468,-6.5788,-9.8712,808.220914,10.67563,-1.3e-05,5.581551,-4e-06
2009-08-11,0.2965,-2.3379,0.6246,0.002479,-4.6757,-7.0136,-4.6899,-7.0379,789.325809,10.176466,-1.2e-05,5.319781,-4e-06
2009-08-12,0.3075,3.7066,0.6213,0.002465,7.4132,11.1198,7.399,11.0955,818.582871,10.930866,-1.4e-05,5.713392,-4e-06
2009-08-13,0.3166,2.9784,0.6179,0.002452,5.9569,8.9353,5.9427,8.911,842.963849,11.582004,-1.5e-05,6.052923,-4e-06
2009-08-14,0.3072,-2.9646,0.6146,0.002439,-5.9292,-8.8938,-5.9433,-8.918,817.9734,10.895285,-1.3e-05,5.693177,-4e-06
2009-08-17,0.2944,-4.1729,0.6046,0.002399,-8.3458,-12.5187,-8.3599,-12.5429,783.840174,9.985986,-1.2e-05,5.217233,-4e-06
2009-08-18,0.3052,3.6548,0.6012,0.002386,7.3095,10.9643,7.2954,10.9401,812.487607,10.715913,-1.3e-05,5.597852,-4e-06
2009-08-19,0.3017,-1.1253,0.5979,0.002373,-2.2506,-3.3759,-2.2647,-3.4,803.34475,10.474742,-1.3e-05,5.471079,-4e-06
2009-08-20,0.3136,3.9454,0.5945,0.002359,7.8907,11.8361,7.8767,11.812,835.039696,11.301277,-1.4e-05,5.902019,-4e-06
2009-08-21,0.3189,1.6789,0.5912,0.002346,3.3577,5.0366,3.3437,5.0126,849.058954,11.680746,-1.5e-05,6.099364,-4e-06
2009-08-24,0.31,-2.7997,0.5812,0.002306,-5.5995,-8.3992,-5.6135,-8.4232,825.287448,11.026683,-1.4e-05,5.756976,-4e-06
2009-08-25,0.3127,0.8863,0.5778,0.002293,1.7726,2.6589,1.7586,2.6349,832.601971,11.222142,-1.4e-05,5.858218,-4e-06
2009-08-26,0.3164,1.1713,0.5745,0.00228,2.3426,3.5139,2.3286,3.4899,842.35414,11.485029,-1.4e-05,5.994632,-4e-06
2009-08-27,0.3207,1.3748,0.5712,0.002266,2.7497,4.1245,2.7357,4.1006,853.935039,11.800827,-1.5e-05,6.158626,-4e-06
2009-08-28,0.3372,5.1391,0.5678,0.002253,10.2783,15.4174,10.2643,15.3935,897.819878,13.013747,-1.7e-05,6.790766,-5e-06
2009-08-31,0.3324,-1.4256,0.5578,0.002213,-2.8512,-4.2769,-2.8652,-4.3007,885.020355,12.642694,-1.7e-05,6.596199,-5e-06
2009-09-01,0.3212,-3.3746,0.5544,0.0022,-6.7493,-10.1239,-6.7632,-10.1477,855.154139,11.789404,-1.5e-05,6.150086,-4e-06
2009-09-02,0.3258,1.4255,0.5511,0.002187,2.851,4.2764,2.8371,4.2527,867.344192,12.125515,-1.6e-05,6.324569,-5e-06
2009-09-03,0.3336,2.3893,0.5478,0.002174,4.7787,7.168,4.7648,7.1443,888.067947,12.704953,-1.7e-05,6.625921,-5e-06
2009-09-04,0.3459,3.7062,0.5444,0.00216,7.4124,11.1186,7.3986,11.0949,920.981596,13.646697,-1.9e-05,7.116143,-6e-06
2009-09-08,0.3555,2.7796,0.531,0.002107,5.5593,8.3389,5.5455,8.3153,946.581595,14.405356,-2e-05,7.510767,-6e-06
2009-09-09,0.3654,2.7688,0.5277,0.002094,5.5377,8.3065,5.5239,8.283,972.790906,15.203078,-2.2e-05,7.925652,-6e-06
2009-09-10,0.377,3.1955,0.5244,0.002081,6.391,9.5865,6.3772,9.563,1003.876381,16.174705,-2.4e-05,8.431087,-7e-06
2009-09-11,0.3736,-0.9107,0.521,0.002068,-1.8215,-2.7322,-1.8353,-2.7557,994.733683,15.880086,-2.3e-05,8.276355,-7e-06
2009-09-14,0.3674,-1.6544,0.511,0.002028,-3.3089,-4.9633,-3.3226,-4.9867,978.276541,15.354637,-2.2e-05,8.001366,-7e-06
2009-09-15,0.375,2.0561,0.5076,0.002014,4.1122,6.1682,4.0984,6.1448,998.390667,15.986044,-2.3e-05,8.329297,-7e-06
2009-09-16,0.3649,-2.6862,0.5043,0.002001,-5.3724,-8.0586,-5.3861,-8.082,971.571806,15.127207,-2.2e-05,7.88067,-6e-06
2009-09-17,0.3489,-4.3914,0.501,0.001988,-8.7829,-13.1743,-8.7966,-13.1977,928.905829,13.798603,-1.9e-05,7.187442,-6e-06
2009-09-18,0.3484,-0.1313,0.4976,0.001975,-0.2625,-0.3938,-0.2762,-0.4171,927.68657,13.762379,-1.9e-05,7.16759,-6e-06
2009-09-21,0.3468,-0.4599,0.4876,0.001935,-0.9198,-1.3797,-0.9335,-1.403,923.420035,13.63579,-1.8e-05,7.100683,-5e-06
2009-09-22,0.3475,0.198,0.4842,0.001922,0.396,0.594,0.3824,0.5708,925.248527,13.689791,-1.8e-05,7.127836,-5e-06
2009-09-23,0.342,-1.581,0.4809,0.001908,-3.1621,-4.7431,-3.1757,-4.7663,910.620036,13.256911,-1.8e-05,6.901479,-5e-06
2009-09-24,0.3374,-1.3387,0.4776,0.001895,-2.6774,-4.0161,-2.691,-4.0392,898.429666,12.901973,-1.7e-05,6.715761,-5e-06
2009-09-25,0.3319,-1.6282,0.4742,0.001882,-3.2564,-4.8846,-3.27,-4.9077,883.801413,12.481833,-1.6e-05,6.496156,-5e-06
2009-09-28,0.3395,2.2758,0.4642,0.001842,4.5516,6.8275,4.5381,6.8044,903.915142,13.049961,-1.7e-05,6.790958,-5e-06
2009-09-29,0.3333,-1.8206,0.4608,0.001829,-3.6412,-5.4618,-3.6547,-5.4848,887.458397,12.574784,-1.6e-05,6.542765,-5e-06
2009-09-30,0.3441,3.2281,0.4575,0.001816,6.4561,9.6842,6.4426,9.6612,916.106147,13.386629,-1.8e-05,6.96429,-5e-06
2009-10-01,0.3196,-7.1192,0.4542,0.001802,-14.2383,-21.3575,-14.2518,-21.3804,850.887129,11.480599,-1.4e-05,5.971752,-4e-06
2009-10-02,0.3171,-0.7879,0.4508,0.001789,-1.5758,-2.3638,-1.5893,-2.3867,844.18279,11.299682,-1.4e-05,5.876841,-4e-06
2009-10-05,0.3155,-0.5054,0.4408,0.001749,-1.0108,-1.5163,-1.0243,-1.5391,839.916098,11.18546,-1.3e-05,5.816644,-4e-06
2009-10-06,0.3207,1.6691,0.4375,0.001736,3.3382,5.0073,3.3247,4.9844,853.935039,11.55885,-1.4e-05,6.010032,-4e-06
2009-10-07,0.3182,-0.7852,0.4341,0.001723,-1.5704,-2.3555,-1.5838,-2.3783,847.230145,11.377336,-1.4e-05,5.914846,-4e-06
2009-10-08,0.3203,0.6475,0.4308,0.001709,1.295,1.9425,1.2816,1.9197,852.715859,11.524669,-1.4e-05,5.990649,-4e-06
2009-10-09,0.3244,1.2866,0.4274,0.001696,2.5733,3.8599,2.5599,3.8372,863.687208,11.82123,-1.5e-05,6.144002,-4e-06
2009-10-12,0.3207,-1.1291,0.4174,0.001656,-2.2583,-3.3874,-2.2716,-3.4101,853.935039,11.554276,-1.4e-05,6.004433,-4e-06
2009-10-13,0.3196,-0.3569,0.4141,0.001643,-0.7139,-1.0708,-0.7272,-1.0934,850.887129,11.471796,-1.4e-05,5.960769,-4e-06
2009-10-14,0.3191,-0.1433,0.4107,0.00163,-0.2865,-0.4298,-0.2998,-0.4524,849.668187,11.438928,-1.4e-05,5.942895,-4e-06
2009-10-15,0.3097,-2.9412,0.4074,0.001617,-5.8824,-8.8236,-5.8957,-8.8462,824.677818,10.766046,-1.3e-05,5.59252,-4e-06
2009-10-16,0.3026,-2.2912,0.404,0.001603,-4.5824,-6.8736,-4.5957,-6.8961,805.782872,10.272705,-1.2e-05,5.335505,-3e-06
2009-10-19,0.3136,3.6309,0.394,0.001563,7.2617,10.8926,7.2484,10.8701,835.039696,11.018679,-1.3e-05,5.722246,-4e-06
2009-10-20,0.3139,0.073,0.3907,0.00155,0.146,0.219,0.1327,0.1965,835.649246,11.034766,-1.3e-05,5.729841,-4e-06
2009-10-21,0.3063,-2.407,0.3873,0.001537,-4.814,-7.221,-4.8272,-7.2434,815.535279,10.503555,-1.2e-05,5.453249,-4e-06
2009-10-22,0.3084,0.6726,0.384,0.001524,1.3452,2.0179,1.332,1.9955,821.020755,10.644854,-1.2e-05,5.525888,-4e-06
2009-10-23,0.301,-2.3756,0.3806,0.00151,-4.7512,-7.1268,-4.7644,-7.1492,801.516496,10.139093,-1.2e-05,5.26261,-3e-06
2009-10-26,0.2972,-1.2928,0.3706,0.001471,-2.5856,-3.8784,-2.5988,-3.9007,791.15438,9.876934,-1.1e-05,5.125845,-3e-06
2009-10-27,0.2871,-3.3898,0.3673,0.001457,-6.7796,-10.1694,-6.7928,-10.1917,764.335837,9.207317,-1e-05,4.777659,-3e-06
2009-10-28,0.2752,-4.1468,0.3639,0.001444,-8.2935,-12.4403,-8.3067,-12.4626,732.640574,8.443704,-9e-06,4.380793,-3e-06
2009-10-29,0.2873,4.4093,0.3606,0.001431,8.8187,13.228,8.8056,13.2058,764.945228,9.188329,-1e-05,4.766546,-3e-06
2009-10-30,0.2738,-4.7012,0.3572,0.001418,-9.4024,-14.1036,-9.4155,-14.1258,728.983748,8.324408,-8e-06,4.317753,-3e-06
2009-11-02,0.2763,0.9197,0.3472,0.001378,1.8395,2.7592,1.8264,2.7371,735.688483,8.477534,-9e-06,4.396612,-3e-06
2009-11-03,0.2749,-0.4971,0.3439,0.001365,-0.9943,-1.4914,-1.0073,-1.5135,732.031182,8.393246,-9e-06,4.352323,-3e-06
2009-11-04,0.2743,-0.2498,0.3405,0.001351,-0.4996,-0.7494,-0.5126,-0.7714,730.20269,8.351316,-9e-06,4.330012,-3e-06
2009-11-05,0.2809,2.4207,0.3372,0.001338,4.8414,7.2621,4.8283,7.24,747.878615,8.755634,-9e-06,4.53908,-3e-06
2009-11-06,0.3013,7.2535,0.3338,0.001325,14.5069,21.7604,14.4939,21.7384,802.125729,10.025808,-1.1e-05,5.196969,-3e-06
2009-11-09,0.3081,2.2797,0.3238,0.001285,4.5593,6.839,4.5463,6.817,820.411442,10.482916,-1.2e-05,5.43324,-4e-06
2009-11-10,0.3006,-2.4517,0.3205,0.001272,-4.9034,-7.3551,-4.9164,-7.377,800.297475,9.968898,-1.1e-05,5.166122,-3e-06
2009-11-11,0.3091,2.8179,0.3171,0.001258,5.6359,8.4538,5.6229,8.4319,822.849405,10.530734,-1.2e-05,5.456609,-4e-06
2009-11-12,0.3081,-0.2963,0.3138,0.001245,-0.5926,-0.8888,-0.6055,-0.9107,820.411442,10.468332,-1.2e-05,5.423569,-3e-06
2009-11-13,0.3104,0.7429,0.3104,0.001232,1.4859,2.2288,1.4729,2.207,826.506627,10.62388,-1.2e-05,5.503455,-4e-06
2009-11-16,0.3148,1.4012,0.3004,0.001192,2.8024,4.2035,2.7895,4.1818,838.087447,10.921599,-1.3e-05,5.656971,-4e-06
2009-11-17,0.3143,-0.1454,0.2971,0.001179,-0.2909,-0.4363,-0.3038,-0.4581,836.868505,10.889829,-1.3e-05,5.639787,-4e-06
2009-11-18,0.3095,-1.5295,0.2937,0.001166,-3.059,-4.5885,-3.0719,-4.6102,824.068506,10.556707,-1.2e-05,5.466539,-4e-06
2009-11-19,0.2972,-3.9941,0.2904,0.001152,-7.9882,-11.9823,-8.0011,-12.004,791.15438,9.713416,-1.1e-05,5.029158,-3e-06
2009-11-20,0.2953,-0.6163,0.287,0.001139,-1.2326,-1.8489,-1.2454,-1.8705,786.278534,9.593689,-1e-05,4.966523,-3e-06
2009-11-23,0.2976,0.7752,0.277,0.001099,1.5503,2.3255,1.5375,2.3039,792.373481,9.742423,-1.1e-05,5.042884,-3e-06
2009-11-24,0.2958,-0.6154,0.2737,0.001086,-1.2308,-1.8462,-1.2436,-1.8677,787.497317,9.622515,-1e-05,4.980173,-3e-06
2009-11-25,0.2992,1.161,0.2703,0.001073,2.322,3.4831,2.3093,3.4616,796.640332,9.845955,-1.1e-05,5.095178,-3e-06
2009-11-27,0.2928,-2.1424,0.2636,0.001046,-4.2847,-6.4271,-4.2975,-6.4485,779.573481,9.424084,-1e-05,4.876215,-3e-06
2009-11-30,0.299,2.1111,0.2536,0.001006,4.2222,6.3333,4.2095,6.3119,796.030941,9.821985,-1.1e-05,5.081477,-3e-06
2009-12-01,0.3049,1.9908,0.2503,0.000993,3.9816,5.9724,3.9689,5.951,811.878295,10.213057,-1.1e-05,5.283155,-3e-06
2009-12-02,0.3141,3.003,0.2469,0.00098,6.006,9.009,5.9933,8.9877,836.258955,10.826452,-1.2e-05,5.599791,-4e-06
2009-12-03,0.3166,0.8018,0.2436,0.000967,1.6035,2.4053,1.5909,2.384,842.963849,11.000059,-1.3e-05,5.688876,-4e-06
2009-12-04,0.3265,3.1091,0.2402,0.000953,6.2182,9.3273,6.2055,9.306,869.172366,11.684062,-1.4e-05,6.041901,-4e-06
2009-12-07,0.3683,12.8332,0.2302,0.000914,25.6663,38.4995,25.6537,38.4783,980.714662,14.682932,-1.9e-05,7.591872,-6e-06
2009-12-08,0.3505,-4.8477,0.2269,0.0009,-9.6954,-14.5432,-9.708,-14.5643,933.172363,13.259357,-1.6e-05,6.85485,-5e-06
2009-12-09,0.3592,2.482,0.2235,0.000887,4.964,7.446,4.9514,7.4249,956.333843,13.917555,-1.8e-05,7.194263,-5e-06
2009-12-10,0.3528,-1.7846,0.2202,0.000874,-3.5691,-5.3537,-3.5817,-5.3748,939.267389,13.420818,-1.7e-05,6.936585,-5e-06
2009-12-11,0.3482,-1.2978,0.2168,0.000861,-2.5957,-3.8935,-2.6083,-3.9146,927.077178,13.072456,-1.6e-05,6.755661,-5e-06
2009-12-14,0.3587,3.0243,0.2068,0.000821,6.0486,9.0729,6.0361,9.0519,955.114902,13.86316,-1.7e-05,7.16344,-5e-06
2009-12-15,0.3583,-0.1276,0.2035,0.000807,-0.2552,-0.3828,-0.2677,-0.4038,953.896039,13.827777,-1.7e-05,7.14426,-5e-06
2009-12-16,0.3871,8.0511,0.2001,0.000794,16.1022,24.1533,16.0897,24.1323,1030.695163,16.054354,-2.2e-05,8.29375,-6e-06
2009-12-17,0.3853,-0.4731,0.1968,0.000781,-0.9461,-1.4192,-0.9586,-1.4401,1025.819237,15.902457,-2.1e-05,8.214244,-6e-06
2009-12-18,0.3851,-0.0594,0.1935,0.000768,-0.1188,-0.1782,-0.1313,-0.1991,1025.209766,15.88356,-2.1e-05,8.203458,-6e-06
2009-12-21,0.3988,3.5671,0.1834,0.000728,7.1343,10.7014,7.1219,10.6806,1061.780479,17.016739,-2.4e-05,8.787697,-7e-06
2009-12-22,0.4093,2.6407,0.1801,0.000715,5.2813,7.922,5.2689,7.9012,1089.818599,17.915451,-2.5e-05,9.250714,-7e-06
2009-12-23,0.415,1.3982,0.1767,0.000701,2.7963,4.1945,2.7839,4.1737,1105.056006,18.416425,-2.6e-05,9.508245,-8e-06
2009-12-24,0.4141,-0.2206,0.1734,0.000688,-0.4412,-0.6617,-0.4535,-0.6825,1102.618519,18.33518,-2.6e-05,9.465121,-8e-06
2009-12-28,0.4075,-1.6031,0.16,0.000635,-3.2063,-4.8094,-3.2186,-4.83,1084.942118,17.747307,-2.5e-05,9.160477,-7e-06
2009-12-29,0.4125,1.2359,0.1567,0.000622,2.4719,3.7078,2.4596,3.6872,1098.351429,18.186002,-2.6e-05,9.385785,-8e-06
2009-12-30,0.4274,3.6071,0.1533,0.000609,7.2142,10.8213,7.2019,10.8008,1137.97021,19.497981,-2.9e-05,10.061741,-8e-06
2009-12-31,0.4276,0.0536,0.15,0.000595,0.1071,0.1607,0.0948,0.1401,1138.579761,19.518869,-2.9e-05,10.071282,-8e-06
2010-01-04,0.4233,-1.0171,0.1499,0.000595,-2.0342,-3.0514,-2.0465,-3.0719,1126.99902,19.121808,-2.8e-05,9.865169,-8e-06
2010-01-05,0.4295,1.4602,0.1499,0.000595,2.9205,4.3807,2.9082,4.3602,1143.455924,19.680257,-2.9e-05,10.152066,-9e-06
2010-01-06,0.4322,0.6397,0.1498,0.000595,1.2794,1.919,1.2671,1.8985,1150.770368,19.932038,-3e-05,10.280698,-9e-06
2010-01-07,0.4237,-1.9598,0.1498,0.000594,-3.9195,-5.8793,-3.9318,-5.8999,1128.217962,19.150795,-2.8e-05,9.876478,-8e-06
2010-01-08,0.4247,0.2161,0.1498,0.000594,0.4323,0.6484,0.42,0.6278,1130.656401,19.233577,-2.8e-05,9.917956,-8e-06
2010-01-11,0.4187,-1.4016,0.1497,0.000594,-2.8033,-4.2049,-2.8156,-4.2255,1114.808571,18.694403,-2.7e-05,9.638706,-8e-06
2010-01-12,0.4045,-3.3898,0.1497,0.000594,-6.7796,-10.1694,-6.7919,-10.19,1077.018679,17.426993,-2.4e-05,8.984053,-7e-06
2010-01-13,0.41,1.3582,0.1496,0.000594,2.7165,4.0747,2.7042,4.0541,1091.647091,17.900391,-2.5e-05,9.226996,-7e-06
2010-01-14,0.4036,-1.5634,0.1496,0.000594,-3.1268,-4.6902,-3.1391,-4.7107,1074.580399,17.340686,-2.4e-05,8.937354,-7e-06
2010-01-15,0.3917,-2.9495,0.1496,0.000594,-5.8991,-8.8486,-5.9114,-8.8691,1042.885374,16.31775,-2.2e-05,8.409035,-6e-06
2010-01-19,0.399,1.8703,0.1495,0.000593,3.7406,5.6108,3.7283,5.5903,1062.390267,16.928125,-2.3e-05,8.722546,-7e-06
2010-01-20,0.3974,-0.4016,0.1495,0.000593,-0.8033,-1.2049,-0.8156,-1.2254,1058.123415,16.792149,-2.3e-05,8.651409,-7e-06
2010-01-21,0.3903,-1.7857,0.1494,0.000593,-3.5714,-5.3571,-3.5837,-5.3777,1039.228469,16.192433,-2.2e-05,8.341368,-6e-06
2010-01-22,0.3768,-3.4604,0.1494,0.000593,-6.9209,-10.3813,-6.9332,-10.4019,1003.266513,15.071772,-1.9e-05,7.763045,-6e-06
2010-01-25,0.3832,1.7012,0.1493,0.000593,3.4023,5.1035,3.39,5.0829,1020.333682,15.584562,-2e-05,8.026214,-6e-06
2010-01-26,0.3711,-3.1661,0.1493,0.000592,-6.3322,-9.4983,-6.3445,-9.5188,988.028948,14.597718,-1.8e-05,7.516991,-5e-06
2010-01-27,0.3812,2.7144,0.1493,0.000592,5.4287,8.1431,5.4164,8.1225,1014.847571,15.390186,-2e-05,7.924143,-6e-06
2010-01-28,0.3683,-3.3634,0.1492,0.000592,-6.7267,-10.0901,-6.739,-10.1106,980.714662,14.354933,-1.8e-05,7.390134,-5e-06
2010-01-29,0.3523,-4.3505,0.1492,0.000592,-8.701,-13.0515,-8.7133,-13.0721,938.048606,13.105909,-1.6e-05,6.746209,-5e-06
2010-02-01,0.3793,7.6673,0.1491,0.000592,15.3347,23.002,15.3224,22.9814,1009.971883,15.115655,-1.9e-05,7.779887,-6e-06
2010-02-02,0.3832,1.0259,0.1491,0.000592,2.0519,3.0778,2.0396,3.0573,1020.333682,15.425813,-2e-05,7.938566,-6e-06
2010-02-03,0.3864,0.8363,0.1491,0.000592,1.6726,2.5089,1.6603,2.4883,1028.866671,15.683823,-2e-05,8.070369,-6e-06
2010-02-04,0.364,-5.8057,0.149,0.000591,-11.6114,-17.4171,-11.6237,-17.4377,969.133605,13.862707,-1.7e-05,7.132292,-5e-06
2010-02-05,0.3713,2.0126,0.149,0.000591,4.0252,6.0377,4.0129,6.0172,988.638181,14.420703,-1.8e-05,7.4185,-5e-06
2010-02-08,0.3706,-0.185,0.1489,0.000591,-0.3699,-0.5549,-0.3822,-0.5754,986.809689,14.367361,-1.8e-05,7.390147,-5e-06
2010-02-09,0.3677,-0.803,0.1489,0.000591,-1.6059,-2.4089,-1.6182,-2.4294,978.885932,14.13663,-1.7e-05,7.270557,-5e-06
2010-02-10,0.3748,1.9303,0.1489,0.000591,3.8606,5.7909,3.8483,5.7703,997.781355,14.682389,-1.8e-05,7.55035,-5e-06
2010-02-11,0.3919,4.5815,0.1488,0.000591,9.163,13.7446,9.1507,13.724,1043.494924,16.027742,-2.1e-05,8.241264,-6e-06
2010-02-12,0.3972,1.3435,0.1488,0.000591,2.687,4.0304,2.6747,4.0099,1057.514024,16.4584,-2.2e-05,8.461689,-6e-06
2010-02-16,0.4045,1.8444,0.1487,0.00059,3.6888,5.5332,3.6765,5.5126,1077.018679,17.065513,-2.3e-05,8.772781,-7e-06
2010-02-17,0.4084,0.9621,0.1487,0.00059,1.9241,2.8862,1.9118,2.8656,1087.380239,17.393874,-2.3e-05,8.940501,-7e-06
2010-02-18,0.3816,-6.5583,0.1487,0.00059,-13.1166,-19.6749,-13.1289,-19.6954,1016.066592,15.112389,-1.9e-05,7.766712,-5e-06
2010-02-19,0.3796,-0.5399,0.1486,0.00059,-1.0798,-1.6197,-1.0921,-1.6402,1010.580878,14.949207,-1.8e-05,7.681893,-5e-06
2010-02-22,0.3803,0.181,0.1485,0.000589,0.362,0.5429,0.3497,0.5224,1012.409846,15.003317,-1.9e-05,7.708754,-5e-06
2010-02-23,0.3711,-2.4082,0.1485,0.000589,-4.8164,-7.2246,-4.8287,-7.2452,988.028948,14.280696,-1.7e-05,7.336521,-5e-06
2010-02-24,0.3789,2.0975,0.1485,0.000589,4.1949,6.2924,4.1826,6.2718,1008.752386,14.879758,-1.8e-05,7.643379,-5e-06
2010-02-25,0.3754,-0.9063,0.1485,0.000589,-1.8127,-2.719,-1.825,-2.7395,999.609767,14.610039,-1.8e-05,7.503891,-5e-06
2010-02-26,0.3709,-1.2195,0.1484,0.000589,-2.439,-3.6585,-2.4513,-3.6791,987.419397,14.253696,-1.7e-05,7.319946,-5e-06
2010-03-01,0.3857,4.0123,0.1484,0.000589,8.0247,12.037,8.0124,12.0165,1027.03802,15.39751,-1.9e-05,7.906448,-6e-06
2010-03-02,0.3855,-0.0593,0.1483,0.000589,-0.1187,-0.178,-0.131,-0.1986,1026.428549,15.379235,-1.9e-05,7.896093,-6e-06
2010-03-03,0.3807,-1.247,0.1483,0.000588,-2.4941,-3.7411,-2.5064,-3.7617,1013.62855,14.995664,-1.8e-05,7.698186,-5e-06
2010-03-04,0.3814,0.1804,0.1483,0.000588,0.3608,0.5412,0.3485,0.5207,1015.457121,15.049768,-1.9e-05,7.725015,-5e-06
2010-03-05,0.3931,3.0612,0.1482,0.000588,6.1225,9.1837,6.1102,9.1632,1046.542754,15.971188,-2e-05,8.197028,-6e-06
2010-03-08,0.3873,-1.4561,0.1482,0.000588,-2.9121,-4.3682,-2.9244,-4.3887,1031.304554,15.506091,-1.9e-05,7.957315,-6e-06
2010-03-09,0.4018,3.7234,0.1481,0.000588,7.4469,11.1703,7.4346,11.1498,1069.704473,16.660808,-2.2e-05,8.548907,-6e-06
2010-03-10,0.4027,0.2279,0.1481,0.000588,0.4558,0.6838,0.4435,0.6632,1072.142515,16.736754,-2.2e-05,8.586825,-6e-06
2010-03-11,0.3935,-2.274,0.1481,0.000588,-4.548,-6.8221,-4.5603,-6.8426,1047.761776,15.97556,-2e-05,8.195237,-6e-06
2010-03-12,0.3949,0.349,0.1481,0.000588,0.6981,1.0471,0.6858,1.0266,1051.418918,16.087083,-2e-05,8.251439,-6e-06
2010-03-15,0.3928,-0.5217,0.148,0.000587,-1.0434,-1.5652,-1.0557,-1.5857,1045.933442,15.919224,-2e-05,8.164326,-6e-06
2010-03-16,0.4066,3.4965,0.1479,0.000587,6.993,10.4895,6.9807,10.469,1082.504472,17.032454,-2.2e-05,8.734253,-6e-06
2010-03-17,0.4144,1.9144,0.1479,0.000587,3.8287,5.7431,3.8164,5.7226,1103.227593,17.684582,-2.4e-05,9.06759,-7e-06
2010-03-18,0.3997,-3.5359,0.1479,0.000587,-7.0718,-10.6076,-7.0841,-10.6282,1064.218759,16.433969,-2.1e-05,8.425237,-6e-06
2010-03-19,0.3949,-1.2027,0.1479,0.000587,-2.4055,-3.6082,-2.4178,-3.6288,1051.418918,16.038652,-2e-05,8.221533,-6e-06
2010-03-22,0.4013,1.6232,0.1478,0.000586,3.2464,4.8695,3.2341,4.849,1068.485293,16.559323,-2.1e-05,8.487422,-6e-06
2010-03-23,0.4096,2.0536,0.1478,0.000586,4.1072,6.1609,4.0949,6.1403,1090.427911,17.239454,-2.3e-05,8.834978,-7e-06
2010-03-24,0.3958,-3.3538,0.1477,0.000586,-6.7077,-10.0615,-6.72,-10.0821,1053.856722,16.083087,-2e-05,8.24127,-6e-06
2010-03-25,0.397,0.2892,0.1477,0.000586,0.5784,0.8676,0.5661,0.847,1056.904394,16.176109,-2e-05,8.287923,-6e-06
2010-03-26,0.397,0.0,0.1477,0.000586,0.0,0.0,-0.0123,-0.0205,1056.904394,16.176109,-2e-05,8.286904,-6e-06
2010-03-29,0.402,1.2687,0.1476,0.000586,2.5375,3.8062,2.5252,3.7857,1070.313864,16.586578,-2.1e-05,8.496166,-6e-06
2010-03-30,0.4036,0.3986,0.1476,0.000586,0.7972,1.1959,0.785,1.1753,1074.580399,16.718814,-2.1e-05,8.562857,-6e-06
2010-03-31,0.3983,-1.3046,0.1475,0.000585,-2.6092,-3.9138,-2.6215,-3.9343,1060.561537,16.28259,-2.1e-05,8.338384,-6e-06
2010-04-01,0.3942,-1.0345,0.1475,0.000585,-2.069,-3.1034,-2.0812,-3.124,1049.590268,15.945711,-2e-05,8.164842,-6e-06
2010-04-05,0.4002,1.5099,0.1474,0.000585,3.0198,4.5296,3.0075,4.5091,1065.43778,16.427232,-2.1e-05,8.410396,-6e-06
2010-04-06,0.3903,-2.46,0.1474,0.000585,-4.9199,-7.3799,-4.9322,-7.4004,1039.228469,15.619026,-1.9e-05,7.995578,-6e-06
2010-04-07,0.3928,0.6452,0.1473,0.000585,1.2904,1.9356,1.2781,1.915,1045.933442,15.82057,-2e-05,8.097768,-6e-06
2010-04-08,0.3864,-1.6317,0.1473,0.000585,-3.2635,-4.8952,-3.2757,-4.9157,1028.866671,15.304273,-1.9e-05,7.832506,-5e-06
2010-04-09,0.389,0.6517,0.1473,0.000584,1.3033,1.955,1.291,1.9345,1035.571406,15.503738,-1.9e-05,7.933627,-6e-06
2010-04-12,0.396,1.8246,0.1472,0.000584,3.6491,5.4737,3.6368,5.4532,1054.466114,16.06949,-2e-05,8.22216,-6e-06
2010-04-13,0.4043,2.081,0.1472,0.000584,4.1619,6.2429,4.1496,6.2223,1076.409129,16.738289,-2.1e-05,8.56335,-6e-06
2010-04-14,0.4093,1.2458,0.1472,0.000584,2.4915,3.7373,2.4792,3.7167,1089.818599,17.155327,-2.2e-05,8.775655,-6e-06
2010-04-15,0.4123,0.7271,0.1471,0.000584,1.4542,2.1812,1.4419,2.1607,1097.742434,17.404792,-2.3e-05,8.902188,-7e-06
2010-04-16,0.3906,-5.2749,0.1471,0.000584,-10.5498,-15.8247,-10.5621,-15.8452,1039.837781,15.568627,-1.9e-05,7.961933,-6e-06
2010-04-19,0.3887,-0.4689,0.147,0.000583,-0.9378,-1.4067,-0.9501,-1.4272,1034.961935,15.422623,-1.9e-05,7.886287,-5e-06
2010-04-20,0.3901,0.3533,0.147,0.000583,0.7067,1.06,0.6944,1.0395,1038.618839,15.53161,-1.9e-05,7.941048,-5e-06
2010-04-21,0.38,-2.5821,0.147,0.000583,-5.1643,-7.7464,-5.1765,-7.7669,1011.800375,14.729518,-1.8e-05,7.529976,-5e-06
2010-04-22,0.3816,0.4216,0.1469,0.000583,0.8433,1.2649,0.831,1.2444,1016.066592,14.853731,-1.8e-05,7.592551,-5e-06
2010-04-23,0.3764,-1.3797,0.1469,0.000583,-2.7595,-4.1392,-2.7717,-4.1597,1002.047651,14.44385,-1.7e-05,7.382105,-5e-06
2010-04-26,0.38,0.9733,0.1468,0.000583,1.9466,2.9198,1.9343,2.8993,1011.800375,14.725008,-1.8e-05,7.524895,-5e-06
2010-04-27,0.3693,-2.8314,0.1468,0.000583,-5.6627,-8.4941,-5.675,-8.5146,983.152625,13.891171,-1.6e-05,7.097856,-5e-06
2010-04-28,0.3699,0.186,0.1468,0.000582,0.372,0.5579,0.3597,0.5374,984.981117,13.942841,-1.6e-05,7.123385,-5e-06
2010-04-29,0.3812,3.0322,0.1467,0.000582,6.0644,9.0966,6.0521,9.076,1014.847571,14.788386,-1.8e-05,7.554498,-5e-06
2010-04-30,0.3596,-5.6457,0.1467,0.000582,-11.2913,-16.937,-11.3036,-16.9575,957.552785,13.118584,-1.5e-05,6.700568,-4e-06
2010-05-03,0.3558,-1.0821,0.1466,0.000582,-2.1641,-3.2462,-2.1764,-3.2667,947.191383,12.834679,-1.4e-05,6.554735,-4e-06
2010-05-04,0.3377,-5.0837,0.1466,0.000582,-10.1674,-15.2511,-10.1797,-15.2716,899.039137,11.529729,-1.2e-05,5.887485,-3e-06
2010-05-05,0.3319,-1.6949,0.1466,0.000582,-3.3898,-5.0847,-3.4021,-5.1052,883.801413,11.138897,-1.1e-05,5.687189,-3e-06
2010-05-06,0.3251,-2.069,0.1465,0.000582,-4.1379,-6.2069,-4.1502,-6.2274,865.515938,10.677979,-1.1e-05,5.451159,-3e-06
2010-05-07,0.3196,-1.6902,0.1465,0.000581,-3.3804,-5.0706,-3.3927,-5.0911,850.887129,10.317024,-1e-05,5.26622,-3e-06
2010-05-10,0.3333,4.298,0.1464,0.000581,8.596,12.894,8.5837,12.8735,887.458397,11.203879,-1.1e-05,5.718259,-3e-06
2010-05-11,0.3297,-1.0989,0.1464,0.000581,-2.1978,-3.2967,-2.2101,-3.3172,877.706069,10.957639,-1.1e-05,5.59188,-3e-06
2010-05-12,0.3361,1.9445,0.1464,0.000581,3.8889,5.8334,3.8767,5.8129,894.772841,11.383776,-1.2e-05,5.808658,-3e-06
2010-05-13,0.3354,-0.2044,0.1464,0.000581,-0.4088,-0.6132,-0.4211,-0.6337,892.943952,11.337239,-1.2e-05,5.784199,-3e-06
2010-05-14,0.2967,-11.5358,0.1463,0.000581,-23.0717,-34.6075,-23.084,-34.628,789.935359,8.721548,-8e-06,4.448976,-2e-06
2010-05-17,0.2974,0.2315,0.1462,0.00058,0.4631,0.6946,0.4508,0.6741,791.764327,8.761934,-8e-06,4.469031,-2e-06
2010-05-18,0.2875,-3.3102,0.1462,0.00058,-6.6204,-9.9306,-6.6327,-9.9511,765.555334,8.181859,-7e-06,4.172614,-2e-06
2010-05-19,0.2921,1.5923,0.1462,0.00058,3.1846,4.7769,3.1723,4.7563,777.745148,8.442416,-7e-06,4.304981,-2e-06
2010-05-20,0.2852,-2.3511,0.1462,0.00058,-4.7022,-7.0533,-4.7145,-7.0738,759.459673,8.045439,-7e-06,4.102025,-2e-06
2010-05-21,0.2914,2.1669,0.1461,0.00058,4.3339,6.5008,4.3216,6.4803,775.916656,8.394117,-7e-06,4.279297,-2e-06
2010-05-24,0.283,-2.9065,0.1461,0.00058,-5.8131,-8.7196,-5.8253,-8.7401,753.364409,7.906162,-7e-06,4.030013,-2e-06
2010-05-25,0.2905,2.6699,0.146,0.000579,5.3398,8.0097,5.3275,7.9891,773.478376,8.328333,-7e-06,4.244711,-2e-06
2010-05-26,0.2919,0.4728,0.146,0.000579,0.9456,1.4184,0.9333,1.3979,777.135439,8.407087,-7e-06,4.284329,-2e-06
2010-05-27,0.3091,5.8824,0.146,0.000579,11.7647,17.6471,11.7525,17.6266,822.849405,9.396159,-8e-06,4.787842,-2e-06
2010-05-28,0.3008,-2.6667,0.1459,0.000579,-5.3333,-8.0,-5.3456,-8.0205,800.906708,8.895029,-8e-06,4.531902,-2e-06
2010-06-01,0.288,-4.2618,0.1458,0.000579,-8.5235,-12.7853,-8.5358,-12.8058,766.773958,8.136859,-7e-06,4.145067,-2e-06
2010-06-02,0.2912,1.1129,0.1458,0.000579,2.2258,3.3387,2.2135,3.3182,775.307344,8.317968,-7e-06,4.236818,-2e-06
2010-06-03,0.2907,-0.1573,0.1458,0.000578,-0.3145,-0.4718,-0.3268,-0.4923,774.088164,8.291808,-7e-06,4.222973,-2e-06
2010-06-04,0.277,-4.7244,0.1458,0.000578,-9.4489,-14.1733,-9.4612,-14.1938,737.516817,7.508325,-6e-06,3.82343,-2e-06
2010-06-07,0.2633,-4.9587,0.1457,0.000578,-9.9174,-14.8761,-9.9297,-14.8966,700.945628,6.763695,-5e-06,3.443776,-1e-06
2010-06-08,0.2559,-2.7825,0.1456,0.000578,-5.5651,-8.3476,-5.5774,-8.3681,681.441528,6.38729,-5e-06,3.251704,-1e-06
2010-06-09,0.2498,-2.4151,0.1456,0.000578,-4.8302,-7.2452,-4.8424,-7.2658,664.984188,6.078774,-4e-06,3.094243,-1e-06
2010-06-10,0.2598,4.033,0.1456,0.000578,8.0659,12.0989,8.0536,12.0784,691.802771,6.569084,-5e-06,3.343442,-1e-06
2010-06-11,0.2658,2.2908,0.1456,0.000578,4.5816,6.8724,4.5693,6.8519,707.650601,6.870053,-5e-06,3.496215,-1e-06
2010-06-14,0.2601,-2.1533,0.1455,0.000577,-4.3066,-6.4599,-4.3189,-6.4804,692.412718,6.574187,-5e-06,3.345217,-1e-06
2010-06-15,0.2729,4.9296,0.1455,0.000577,9.8591,14.7887,9.8468,14.7682,726.545627,7.222344,-6e-06,3.674615,-2e-06
2010-06-16,0.2694,-1.2584,0.1454,0.000577,-2.5168,-3.7752,-2.5291,-3.7957,717.402849,7.040573,-5e-06,3.581681,-2e-06
2010-06-17,0.2798,3.8233,0.1454,0.000577,7.6466,11.4699,7.6343,11.4494,744.83142,7.57894,-6e-06,3.855119,-2e-06
2010-06-18,0.2816,0.6546,0.1454,0.000577,1.3093,1.9639,1.297,1.9434,749.707345,7.678169,-6e-06,3.90512,-2e-06
2010-06-21,0.2749,-2.3577,0.1453,0.000577,-4.7155,-7.0732,-4.7278,-7.0937,732.031182,7.316106,-6e-06,3.720495,-2e-06
2010-06-22,0.2646,-3.7469,0.1453,0.000576,-7.4938,-11.2407,-7.5061,-11.2612,704.602771,6.767853,-5e-06,3.441232,-1e-06
2010-06-23,0.2676,1.1246,0.1452,0.000576,2.2491,3.3737,2.2369,3.3532,712.526527,6.920071,-5e-06,3.518208,-1e-06
2010-06-24,0.2543,-4.9615,0.1452,0.000576,-9.923,-14.8845,-9.9353,-14.905,677.174518,6.233393,-4e-06,3.168664,-1e-06
2010-06-25,0.2537,-0.27,0.1452,0.000576,-0.54,-0.8101,-0.5523,-0.8306,675.346026,6.19973,-4e-06,3.151163,-1e-06
2010-06-28,0.2541,0.1805,0.1451,0.000576,0.361,0.5415,0.3487,0.521,676.565047,6.222111,-4e-06,3.162151,-1e-06
2010-06-29,0.2399,-5.5856,0.1451,0.000576,-11.1712,-16.7567,-11.1834,-16.7773,638.774956,5.527029,-4e-06,2.808514,-1e-06
2010-06-30,0.2337,-2.5763,0.145,0.000576,-5.1526,-7.7289,-5.1649,-7.7495,622.318092,5.242242,-3e-06,2.663457,-1e-06
2010-07-01,0.2376,1.665,0.145,0.000575,3.33,4.995,3.3177,4.9745,632.679732,5.416809,-4e-06,2.751823,-1e-06
2010-07-02,0.2347,-1.2524,0.145,0.000575,-2.5048,-3.7572,-2.5171,-3.7777,624.756095,5.28113,-3e-06,2.682558,-1e-06
2010-07-06,0.2321,-1.0732,0.1449,0.000575,-2.1463,-3.2195,-2.1586,-3.24,618.051479,5.16778,-3e-06,2.624652,-1e-06
2010-07-07,0.2434,4.8324,0.1448,0.000575,9.6647,14.4971,9.6524,14.4766,647.917932,5.667231,-4e-06,2.877995,-1e-06
2010-07-08,0.236,-3.0104,0.1448,0.000575,-6.0207,-9.0311,-6.033,-9.0516,628.413317,5.326024,-3e-06,2.704366,-1e-06
2010-07-09,0.2369,0.3879,0.1448,0.000575,0.7759,1.1638,0.7636,1.1433,630.851121,5.367346,-3e-06,2.725016,-1e-06
2010-07-12,0.2413,1.8358,0.1447,0.000574,3.6716,5.5074,3.6593,5.4869,642.432218,5.564413,-4e-06,2.824732,-1e-06
2010-07-13,0.25,3.6053,0.1447,0.000574,7.2106,10.8159,7.1983,10.7954,665.593818,5.96564,-4e-06,3.028065,-1e-06
2010-07-14,0.2525,1.0074,0.1447,0.000574,2.0147,3.0221,2.0025,3.0016,672.29883,6.085832,-4e-06,3.088701,-1e-06
2010-07-15,0.2454,-2.8106,0.1446,0.000574,-5.6212,-8.4318,-5.6335,-8.4523,653.40317,5.743735,-4e-06,2.9147,-1e-06
2010-07-16,0.2301,-6.2499,0.1446,0.000574,-12.4999,-18.7498,-12.5122,-18.7703,612.565844,5.025775,-3e-06,2.550008,-1e-06
2010-07-19,0.2395,4.0796,0.1445,0.000573,8.1592,12.2388,8.147,12.2183,637.556173,5.435839,-4e-06,2.757756,-1e-06
2010-07-20,0.2454,2.4856,0.1445,0.000573,4.9712,7.4568,4.9589,7.4362,653.40317,5.706064,-4e-06,2.89451,-1e-06
2010-07-21,0.2374,-3.2649,0.1445,0.000573,-6.5298,-9.7947,-6.5421,-9.8152,632.070301,5.333471,-3e-06,2.705149,-1e-06
2010-07-22,0.2413,1.6394,0.1444,0.000573,3.2787,4.9181,3.2664,4.8976,642.432218,5.508341,-4e-06,2.793511,-1e-06
2010-07-23,0.2372,-1.7078,0.1444,0.000573,-3.4156,-5.1234,-3.4279,-5.144,631.460671,5.320196,-3e-06,2.697752,-1e-06
2010-07-26,0.2415,1.834,0.1443,0.000573,3.668,5.502,3.6557,5.4815,643.04161,5.51534,-4e-06,2.796374,-1e-06
2010-07-27,0.2395,-0.853,0.1443,0.000573,-1.7061,-2.5591,-1.7184,-2.5796,637.556173,5.421244,-3e-06,2.748322,-1e-06
2010-07-28,0.2319,-3.1549,0.1443,0.000573,-6.3099,-9.4648,-6.3221,-9.4853,617.44173,5.079171,-3e-06,2.57457,-1e-06
2010-07-29,0.209,-9.8716,0.1442,0.000572,-19.7433,-29.6149,-19.7556,-29.6354,556.490119,4.076376,-2e-06,2.065949,-1e-06
2010-07-30,0.2104,0.6572,0.1442,0.000572,1.3143,1.9715,1.3021,1.951,560.147182,4.129953,-2e-06,2.092849,-1e-06
2010-08-02,0.2102,-0.1088,0.1441,0.000572,-0.2176,-0.3264,-0.2299,-0.3469,559.537672,4.120965,-2e-06,2.088037,-1e-06
2010-08-03,0.2047,-2.6144,0.1441,0.000572,-5.2287,-7.8431,-5.241,-7.8636,544.909299,3.905491,-2e-06,1.978603,-1e-06
2010-08-04,0.2134,4.2505,0.1441,0.000572,8.5011,12.7516,8.4888,12.7311,568.070859,4.2375,-2e-06,2.146562,-1e-06
2010-08-05,0.2161,1.2876,0.1441,0.000572,2.5751,3.8627,2.5629,3.8422,575.385184,4.346621,-2e-06,2.201576,-1e-06
2010-08-06,0.2186,1.1653,0.144,0.000572,2.3305,3.4958,2.3182,3.4753,582.089919,4.44792,-3e-06,2.252614,-1e-06
2010-08-09,0.2207,0.9424,0.1439,0.000571,1.8848,2.8272,1.8725,2.8067,587.575554,4.531755,-3e-06,2.294795,-1e-06
2010-08-10,0.2115,-4.1494,0.1439,0.000571,-8.2988,-12.4482,-8.3111,-12.4687,563.194695,4.155674,-2e-06,2.104073,-1e-06
2010-08-11,0.2033,-3.8961,0.1439,0.000571,-7.7921,-11.6882,-7.8044,-11.7087,541.252236,3.831858,-2e-06,1.939862,-1e-06
2010-08-12,0.2051,0.9009,0.1439,0.000571,1.8017,2.7026,1.7895,2.6821,546.128241,3.900898,-2e-06,1.974575,-1e-06
2010-08-13,0.215,4.7991,0.1438,0.000571,9.5982,14.3973,9.5859,14.3768,572.337512,4.275315,-2e-06,2.163857,-1e-06
2010-08-16,0.2095,-2.5559,0.1438,0.00057,-5.1118,-7.6677,-5.1241,-7.6882,557.7091,4.056769,-2e-06,2.052979,-1e-06
2010-08-17,0.2122,1.3115,0.1437,0.00057,2.623,3.9345,2.6107,3.914,565.023386,4.163177,-2e-06,2.106576,-1e-06
2010-08-18,0.2134,0.5394,0.1437,0.00057,1.0787,1.6181,1.0664,1.5976,568.070859,4.208085,-2e-06,2.129041,-1e-06
2010-08-19,0.2262,6.0086,0.1437,0.00057,12.0172,18.0258,12.005,18.0053,602.204045,4.71378,-3e-06,2.384631,-1e-06
2010-08-20,0.2282,0.9109,0.1436,0.00057,1.8218,2.7327,1.8095,2.7122,607.689561,4.799657,-3e-06,2.427782,-1e-06
2010-08-23,0.2248,-1.5045,0.1436,0.00057,-3.009,-4.5135,-3.0213,-4.534,598.546823,4.655234,-3e-06,2.354432,-1e-06
2010-08-24,0.2225,-1.0184,0.1435,0.00057,-2.0367,-3.0551,-2.049,-3.0756,592.45144,4.56042,-3e-06,2.306189,-1e-06
2010-08-25,0.2271,2.0576,0.1435,0.000569,4.1153,6.1729,4.103,6.1524,604.641889,4.748093,-3e-06,2.400812,-1e-06
2010-08-26,0.2244,-1.2097,0.1435,0.000569,-2.4193,-3.629,-2.4316,-3.6495,597.327763,4.633221,-3e-06,2.342434,-1e-06
2010-08-27,0.2317,3.2653,0.1435,0.000569,6.5306,9.796,6.5184,9.7755,616.832418,4.9358,-3e-06,2.495122,-1e-06
2010-08-30,0.2207,-4.7431,0.1434,0.000569,-9.4862,-14.2292,-9.4984,-14.2497,587.575554,4.467582,-2e-06,2.258124,-1e-06
2010-08-31,0.2136,-3.2158,0.1433,0.000569,-6.4315,-9.6473,-6.4438,-9.6678,568.680489,4.180248,-2e-06,2.112615,-1e-06
2010-09-01,0.2152,0.7503,0.1433,0.000569,1.5006,2.2508,1.4883,2.2303,572.947182,4.242975,-2e-06,2.144057,-1e-06
2010-09-02,0.2191,1.8085,0.1433,0.000569,3.617,5.4255,3.6047,5.405,583.30894,4.396443,-2e-06,2.221344,-1e-06
2010-09-03,0.2266,3.4483,0.1433,0.000568,6.8965,10.3448,6.8843,10.3243,603.422987,4.699646,-3e-06,2.374267,-1e-06
2010-09-07,0.2287,0.9091,0.1432,0.000568,1.8182,2.7273,1.8059,2.7068,608.908622,4.785093,-3e-06,2.417144,-1e-06
2010-09-08,0.2363,3.3033,0.1431,0.000568,6.6066,9.9098,6.5943,9.8893,629.022549,5.101223,-3e-06,2.576537,-1e-06
2010-09-09,0.2331,-1.3566,0.1431,0.000568,-2.7132,-4.0697,-2.7254,-4.0902,620.489362,4.962819,-3e-06,2.506316,-1e-06
2010-09-10,0.2305,-1.0805,0.1431,0.000568,-2.1611,-3.2416,-2.1733,-3.2621,613.784786,4.855569,-3e-06,2.451845,-1e-06
2010-09-13,0.2436,5.6604,0.143,0.000567,11.3207,16.9811,11.3085,16.9606,648.527284,5.405255,-3e-06,2.729111,-1e-06
2010-09-14,0.2413,-0.9398,0.143,0.000567,-1.8797,-2.8195,-1.8919,-2.84,642.432218,5.303655,-3e-06,2.677478,-1e-06
2010-09-15,0.2417,0.1897,0.1429,0.000567,0.3794,0.5692,0.3672,0.5487,643.651041,5.323779,-3e-06,2.687309,-1e-06
2010-09-16,0.242,0.0947,0.1429,0.000567,0.1895,0.2842,0.1772,0.2637,644.260789,5.333866,-3e-06,2.692071,-1e-06
2010-09-17,0.2415,-0.1892,0.1429,0.000567,-0.3785,-0.5677,-0.3907,-0.5882,643.04161,5.313678,-3e-06,2.681551,-1e-06
2010-09-20,0.2452,1.5166,0.1428,0.000567,3.0332,4.5498,3.0209,4.5293,652.794017,5.474854,-3e-06,2.762559,-1e-06
2010-09-21,0.2585,5.4155,0.1428,0.000567,10.8309,16.2464,10.8186,16.2259,688.145787,6.06783,-4e-06,3.061431,-1e-06
2010-09-22,0.2608,0.8858,0.1427,0.000566,1.7716,2.6574,1.7593,2.6369,694.241369,6.175328,-4e-06,3.115291,-1e-06
2010-09-23,0.266,2.0193,0.1427,0.000566,4.0385,6.0578,4.0263,6.0373,708.259993,6.424721,-4e-06,3.240721,-1e-06
2010-09-24,0.2807,5.5077,0.1427,0.000566,11.0154,16.5232,11.0032,16.5027,747.268986,7.132432,-5e-06,3.597303,-1e-06
2010-09-27,0.2747,-2.1207,0.1426,0.000566,-4.2414,-6.362,-4.2536,-6.3825,731.421791,6.82992,-5e-06,3.444287,-1e-06
2010-09-28,0.274,-0.25,0.1426,0.000566,-0.4999,-0.7499,-0.5122,-0.7704,729.593457,6.795775,-5e-06,3.426645,-1e-06
2010-09-29,0.272,-0.7519,0.1425,0.000566,-1.5038,-2.2557,-1.5161,-2.2762,724.107585,6.693579,-4e-06,3.374694,-1e-06
2010-09-30,0.2674,-1.6835,0.1425,0.000566,-3.3669,-5.0504,-3.3792,-5.0709,711.917453,6.46821,-4e-06,3.260656,-1e-06
2010-10-01,0.2598,-2.8254,0.1425,0.000565,-5.6508,-8.4763,-5.6631,-8.4968,691.802771,6.102701,-4e-06,3.076001,-1e-06
2010-10-04,0.2573,-0.9691,0.1424,0.000565,-1.9383,-2.9074,-1.9506,-2.9279,685.098195,5.984413,-4e-06,3.016002,-1e-06
2010-10-05,0.2591,0.7117,0.1424,0.000565,1.4234,2.1352,1.4112,2.1147,689.9742,6.069598,-4e-06,3.058563,-1e-06
2010-10-06,0.2468,-4.7703,0.1424,0.000565,-9.5406,-14.3108,-9.5528,-14.3313,657.060511,5.490525,-3e-06,2.766384,-1e-06
2010-10-07,0.245,-0.7421,0.1423,0.000565,-1.4842,-2.2264,-1.4965,-2.2468,652.184347,5.409032,-3e-06,2.724985,-1e-06
2010-10-08,0.2486,1.4953,0.1423,0.000565,2.9907,4.486,2.9784,4.4655,661.936715,5.570799,-3e-06,2.806146,-1e-06
2010-10-11,0.2475,-0.4604,0.1422,0.000564,-0.9208,-1.3811,-0.933,-1.4016,658.889281,5.519505,-3e-06,2.779964,-1e-06
2010-10-12,0.2523,1.9426,0.1422,0.000564,3.8853,5.8279,3.873,5.8074,671.689042,5.733952,-4e-06,2.887631,-1e-06
2010-10-13,0.2596,2.9038,0.1422,0.000564,5.8076,8.7114,5.7954,8.6909,691.193618,6.066958,-4e-06,3.054979,-1e-06
2010-10-14,0.2555,-1.5873,0.1421,0.000564,-3.1746,-4.7619,-3.1869,-4.7824,680.222349,5.874357,-4e-06,2.957622,-1e-06
2010-10-15,0.2585,1.1648,0.1421,0.000564,2.3297,3.4945,2.3174,3.474,688.145787,6.01121,-4e-06,3.026161,-1e-06
2010-10-18,0.2601,0.6201,0.142,0.000564,1.2401,1.8602,1.2279,1.8397,692.412718,6.085757,-4e-06,3.063318,-1e-06
2010-10-19,0.2585,-0.6162,0.142,0.000563,-1.2325,-1.8487,-1.2448,-1.8692,688.145787,6.010751,-4e-06,3.025187,-1e-06
2010-10-20,0.2585,0.0,0.142,0.000563,0.0,0.0,-0.0123,-0.0205,688.145787,6.010751,-4e-06,3.024816,-1e-06
2010-10-21,0.2539,-1.7714,0.1419,0.000563,-3.5429,-5.3143,-3.5551,-5.3348,675.955735,5.797798,-4e-06,2.91728,-1e-06
2010-10-22,0.2701,6.4022,0.1419,0.000563,12.8043,19.2065,12.792,19.186,719.2315,6.540166,-4e-06,3.29046,-1e-06
2010-10-25,0.2727,0.9322,0.1418,0.000563,1.8644,2.7965,1.8521,2.776,725.935997,6.662098,-4e-06,3.351402,-1e-06
2010-10-26,0.2717,-0.3359,0.1418,0.000563,-0.6717,-1.0076,-0.684,-1.0281,723.497876,6.617347,-4e-06,3.328479,-1e-06
2010-10-27,0.2756,1.4322,0.1418,0.000563,2.8644,4.2966,2.8521,4.2761,733.859833,6.806895,-5e-06,3.423411,-1e-06
2010-10-28,0.2759,0.0831,0.1418,0.000563,0.1661,0.2492,0.1539,0.2287,734.469383,6.818203,-5e-06,3.428678,-1e-06
2010-10-29,0.2752,-0.249,0.1417,0.000562,-0.498,-0.747,-0.5103,-0.7675,732.640574,6.784248,-4e-06,3.411183,-1e-06
2010-11-01,0.2756,0.1664,0.1416,0.000562,0.3328,0.4993,0.3206,0.4788,733.859833,6.806829,-5e-06,3.422118,-1e-06
2010-11-02,0.2814,2.0764,0.1416,0.000562,4.1528,6.2293,4.1406,6.2088,749.097874,7.089506,-5e-06,3.563814,-1e-06
2010-11-03,0.2834,0.7323,0.1416,0.000562,1.4646,2.1969,1.4523,2.1764,754.58343,7.193338,-5e-06,3.615571,-1e-06
2010-11-04,0.2839,0.1615,0.1416,0.000562,0.3231,0.4846,0.3108,0.4642,755.802451,7.216579,-5e-06,3.62681,-1e-06
2010-11-05,0.2887,1.6935,0.1415,0.000562,3.3871,5.0806,3.3748,5.0601,768.602212,7.461009,-5e-06,3.749207,-1e-06
2010-11-08,0.2898,0.3966,0.1415,0.000561,0.7931,1.1897,0.7809,1.1692,771.650201,7.520184,-5e-06,3.778483,-1e-06
2010-11-09,0.2882,-0.553,0.1414,0.000561,-1.106,-1.659,-1.1183,-1.6795,767.383032,7.437012,-5e-06,3.73623,-1e-06
2010-11-10,0.2917,1.1915,0.1414,0.000561,2.3829,3.5744,2.3707,3.5539,776.526127,7.614231,-5e-06,3.824803,-1e-06
2010-11-11,0.2887,-1.0204,0.1414,0.000561,-2.0409,-3.0613,-2.0531,-3.0818,768.602212,7.458835,-5e-06,3.746275,-1e-06
2010-11-12,0.3036,5.1546,0.1413,0.000561,10.3093,15.4639,10.297,15.4434,808.220914,8.227788,-6e-06,4.13203,-2e-06
2010-11-15,0.2999,-1.2066,0.1413,0.000561,-2.4132,-3.6198,-2.4255,-3.6403,798.468904,8.029234,-6e-06,4.031809,-2e-06
2010-11-16,0.291,-2.9771,0.1412,0.00056,-5.9543,-8.9314,-5.9665,-8.9519,774.697476,7.551154,-5e-06,3.79125,-1e-06
2010-11-17,0.2958,1.6522,0.1412,0.00056,3.3045,4.9567,3.2922,4.9362,787.497317,7.800679,-5e-06,3.916066,-2e-06
2010-11-18,0.3049,3.096,0.1412,0.00056,6.192,9.288,6.1797,9.2675,811.878295,8.283699,-6e-06,4.158069,-2e-06
2010-11-19,0.3148,3.2282,0.1412,0.00056,6.4564,9.6846,6.4442,9.6642,838.087447,8.818529,-7e-06,4.426022,-2e-06
2010-11-22,0.315,0.0727,0.1411,0.00056,0.1455,0.2182,0.1332,0.1977,838.697076,8.831359,-7e-06,4.431918,-2e-06
2010-11-23,0.3077,-2.3256,0.141,0.00056,-4.6512,-6.9768,-4.6635,-6.9973,819.192342,8.420595,-6e-06,4.225237,-2e-06
2010-11-24,0.3152,2.4553,0.141,0.00056,4.9107,7.366,4.8984,7.3455,839.30623,8.834102,-7e-06,4.432206,-2e-06
2010-11-26,0.3113,-1.2345,0.141,0.000559,-2.4691,-3.7036,-2.4814,-3.7241,828.94459,8.615979,-6e-06,4.322227,-2e-06
2010-11-29,0.3148,1.103,0.1409,0.000559,2.2059,3.3089,2.1936,3.2884,838.087447,8.806039,-7e-06,4.417041,-2e-06
2010-11-30,0.3116,-1.0182,0.1408,0.000559,-2.0363,-3.0545,-2.0486,-3.075,829.554378,8.62672,-6e-06,4.326554,-2e-06
2010-12-01,0.3253,4.4085,0.1408,0.000559,8.817,13.2255,8.8048,13.2051,866.125408,9.387341,-7e-06,4.707497,-2e-06
2010-12-02,0.3292,1.1963,0.1408,0.000559,2.3926,3.589,2.3804,3.5685,876.487048,9.611946,-7e-06,4.819553,-2e-06
2010-12-03,0.3386,2.8512,0.1408,0.000559,5.7024,8.5535,5.6901,8.5331,901.477259,10.160054,-8e-06,5.09379,-2e-06
2010-12-06,0.3322,-1.8932,0.1407,0.000558,-3.7863,-5.6795,-3.7986,-5.7,884.410725,9.775359,-8e-06,4.900296,-2e-06
2010-12-07,0.3429,3.2391,0.1407,0.000558,6.4783,9.7174,6.466,9.697,913.058078,10.408635,-8e-06,5.217151,-2e-06
2010-12-08,0.3459,0.8678,0.1406,0.000558,1.7356,2.6034,1.7233,2.5829,920.981596,10.589287,-9e-06,5.30706,-2e-06
2010-12-09,0.3402,-1.6545,0.1406,0.000558,-3.309,-4.9635,-3.3212,-4.984,905.744031,10.23889,-8e-06,5.130799,-2e-06
2010-12-10,0.3422,0.6057,0.1406,0.000558,1.2113,1.817,1.1991,1.7965,911.229745,10.362915,-8e-06,5.19232,-2e-06
2010-12-13,0.3336,-2.5418,0.1405,0.000558,-5.0836,-7.6255,-5.0959,-7.6459,888.067947,9.836102,-8e-06,4.927725,-2e-06
2010-12-14,0.334,0.1373,0.1405,0.000557,0.2745,0.4118,0.2623,0.3913,889.286889,9.863104,-8e-06,4.940648,-2e-06
2010-12-15,0.3267,-2.1932,0.1404,0.000557,-4.3865,-6.5797,-4.3988,-6.6002,869.782631,9.430459,-7e-06,4.723321,-2e-06
2010-12-16,0.3271,0.1401,0.1404,0.000557,0.2803,0.4204,0.268,0.3999,871.001414,9.456888,-7e-06,4.735979,-2e-06
2010-12-17,0.329,0.5599,0.1404,0.000557,1.1197,1.6796,1.1074,1.6591,875.877736,9.562777,-7e-06,4.788427,-2e-06
2010-12-20,0.3276,-0.4176,0.1403,0.000557,-0.8351,-1.2527,-0.8474,-1.2732,872.220355,9.482915,-7e-06,4.74785,-2e-06
2010-12-21,0.3404,3.9134,0.1403,0.000557,7.8267,11.7401,7.8145,11.7196,906.353502,10.225117,-8e-06,5.118869,-2e-06
2010-12-22,0.3441,1.076,0.1402,0.000557,2.1521,3.2281,2.1398,3.2076,916.106147,10.445168,-8e-06,5.228402,-2e-06
2010-12-23,0.3416,-0.7319,0.1402,0.000556,-1.4639,-2.1958,-1.4761,-2.2163,909.400936,10.292266,-8e-06,5.151225,-2e-06
2010-12-27,0.3434,0.5362,0.1401,0.000556,1.0724,1.6086,1.0601,1.5881,914.27702,10.402638,-8e-06,5.205834,-2e-06
2010-12-28,0.342,-0.4,0.1401,0.000556,-0.8,-1.2,-0.8122,-1.2204,910.620036,10.319419,-8e-06,5.16355,-2e-06
2010-12-29,0.342,0.0,0.1401,0.000556,0.0,0.0,-0.0123,-0.0205,910.620036,10.319419,-8e-06,5.162917,-2e-06
2010-12-30,0.3432,0.3347,0.14,0.000556,0.6694,1.004,0.6571,0.9836,913.667708,10.388494,-8e-06,5.196843,-2e-06
2010-12-31,0.3526,2.7352,0.14,0.000556,5.4703,8.2055,5.458,8.185,938.657918,10.956776,-9e-06,5.480489,-2e-06
2011-01-03,0.3622,2.7273,0.1393,0.000553,5.4546,8.1819,5.4423,8.1614,964.257838,11.554422,-1e-05,5.778754,-3e-06
2011-01-04,0.361,-0.3161,0.139,0.000552,-0.6322,-0.9482,-0.6444,-0.9687,961.210007,11.48138,-1e-05,5.741515,-3e-06
2011-01-05,0.3887,7.6728,0.1388,0.000551,15.3456,23.0185,15.3334,22.998,1034.961935,13.243271,-1.2e-05,6.621883,-3e-06
2011-01-06,0.4425,13.8398,0.1385,0.00055,27.6796,41.5194,27.6673,41.4989,1178.198462,16.908952,-1.7e-05,8.453981,-5e-06
2011-01-07,0.4549,2.7936,0.1383,0.000549,5.5872,8.3808,5.5749,8.3603,1211.112509,17.853686,-1.8e-05,8.925284,-5e-06
2011-01-10,0.4723,3.8249,0.1375,0.000546,7.6497,11.4746,7.6375,11.4541,1257.435945,19.219445,-2e-05,9.606951,-6e-06
2011-01-11,0.465,-1.5511,0.1373,0.000545,-3.1023,-4.6534,-3.1145,-4.6739,1237.931449,18.623207,-1.9e-05,9.307741,-5e-06
2011-01-12,0.5346,14.968,0.137,0.000544,29.9359,44.9039,29.9237,44.8834,1423.224562,24.198237,-2.8e-05,12.092959,-8e-06
2011-01-13,0.5355,0.1713,0.1368,0.000543,0.3426,0.5139,0.3304,0.4935,1425.662604,24.281142,-2.8e-05,12.13291,-8e-06
2011-01-14,0.54,0.8551,0.1365,0.000542,1.7102,2.5652,1.6979,2.5448,1437.853133,24.696387,-2.9e-05,12.338915,-8e-06
2011-01-18,0.5275,-2.3315,0.1356,0.000538,-4.663,-6.9945,-4.6752,-7.0149,1404.329616,23.544796,-2.7e-05,11.762041,-7e-06
2011-01-19,0.513,-2.7344,0.1353,0.000537,-5.4687,-8.2031,-5.481,-8.2235,1365.930173,22.257196,-2.5e-05,11.117368,-7e-06
2011-01-20,0.5135,0.0892,0.1351,0.000536,0.1784,0.2676,0.1662,0.2472,1367.148797,22.29691,-2.5e-05,11.135844,-7e-06
2011-01-21,0.5087,-0.9362,0.1348,0.000535,-1.8725,-2.8087,-1.8847,-2.8291,1354.349036,21.879406,-2.4e-05,10.925965,-7e-06
2011-01-24,0.5661,11.2962,0.1341,0.000532,22.5923,33.8885,22.5801,33.8681,1507.338526,26.822473,-3.2e-05,13.393057,-9e-06
2011-01-25,0.5487,-3.0732,0.1338,0.000531,-6.1463,-9.2195,-6.1586,-9.2399,1461.015407,25.173871,-2.9e-05,12.568235,-8e-06
2011-01-26,0.5618,2.3779,0.1336,0.00053,4.7558,7.1338,4.7436,7.1133,1495.75723,26.371102,-3.1e-05,13.164423,-9e-06
2011-01-27,0.5602,-0.2852,0.1333,0.000529,-0.5704,-0.8557,-0.5827,-0.8761,1491.491014,26.22067,-3.1e-05,13.087716,-9e-06
2011-01-28,0.5439,-2.9015,0.1331,0.000528,-5.803,-8.7045,-5.8153,-8.725,1448.215169,24.699076,-2.8e-05,12.326631,-8e-06
2011-01-31,0.5476,0.6734,0.1324,0.000525,1.3468,2.0202,1.3346,1.9998,1457.967497,25.031725,-2.9e-05,12.491139,-8e-06
2011-02-01,0.5602,2.2993,0.1321,0.000524,4.5987,6.898,4.5864,6.8776,1491.491014,26.18285,-3.1e-05,13.064037,-9e-06
2011-02-02,0.5856,4.5361,0.1319,0.000523,9.0723,13.6084,9.06,13.588,1559.146963,28.558225,-3.5e-05,14.247642,-1e-05
2011-02-03,0.5746,-1.8764,0.1316,0.000522,-3.7529,-5.6293,-3.7651,-5.6497,1529.890456,27.486468,-3.3e-05,13.711202,-9e-06
2011-02-04,0.5877,2.2709,0.1314,0.000521,4.5417,6.8126,4.5295,6.7922,1564.63228,28.734832,-3.5e-05,14.332253,-1e-05
2011-02-07,0.5632,-4.1682,0.1306,0.000518,-8.3365,-12.5047,-8.3487,-12.5251,1499.414691,26.33936,-3.1e-05,13.135696,-9e-06
2011-02-08,0.5465,-2.9675,0.1304,0.000517,-5.935,-8.9025,-5.9472,-8.9229,1454.919428,24.776114,-2.8e-05,12.354484,-8e-06
2011-02-09,0.5332,-2.4298,0.1301,0.000516,-4.8596,-7.2894,-4.8718,-7.3098,1419.567737,23.572092,-2.6e-05,11.752595,-7e-06
2011-02-10,0.5224,-2.018,0.1299,0.000515,-4.0361,-6.0541,-4.0483,-6.0745,1390.920463,22.620709,-2.5e-05,11.276817,-7e-06
2011-02-11,0.5373,2.8484,0.1296,0.000514,5.6968,8.5451,5.6845,8.5247,1430.539165,23.909357,-2.7e-05,11.917852,-7e-06
2011-02-14,0.5291,-1.5339,0.1289,0.000512,-3.0678,-4.6017,-3.08,-4.622,1408.596309,23.175872,-2.5e-05,11.550783,-7e-06
2011-02-15,0.5162,-2.4232,0.1287,0.000511,-4.8464,-7.2696,-4.8586,-7.2899,1374.4634,22.052683,-2.4e-05,10.989578,-7e-06
2011-02-16,0.5352,3.6807,0.1284,0.00051,7.3614,11.0421,7.3492,11.0217,1425.053054,23.676062,-2.6e-05,11.797219,-7e-06
2011-02-17,0.5879,9.8375,0.1282,0.000509,19.675,29.5125,19.6628,29.4921,1565.242465,28.334321,-3.4e-05,14.116878,-9e-06
2011-02-18,0.5867,-0.1947,0.1279,0.000508,-0.3894,-0.5841,-0.4016,-0.6045,1562.194714,28.223979,-3.4e-05,14.060179,-9e-06
2011-02-22,0.5313,-9.442,0.1269,0.000504,-18.8841,-28.3261,-18.8963,-28.3465,1414.691811,22.894145,-2.4e-05,11.403329,-7e-06
2011-02-23,0.5062,-4.7393,0.1267,0.000503,-9.4787,-14.218,-9.4909,-14.2384,1347.644618,20.724078,-2.1e-05,10.32105,-6e-06
2011-02-24,0.5185,2.4423,0.1264,0.000502,4.8847,7.327,4.8725,7.3067,1380.558744,21.736385,-2.2e-05,10.823941,-6e-06
2011-02-25,0.5293,2.075,0.1262,0.000501,4.15,6.225,4.1378,6.2047,1409.205541,22.638451,-2.4e-05,11.271816,-7e-06
2011-02-28,0.5188,-1.9895,0.1255,0.000498,-3.9791,-5.9686,-3.9913,-5.989,1381.16877,21.737647,-2.2e-05,10.821925,-6e-06
2011-03-01,0.4956,-4.4573,0.1252,0.000497,-8.9146,-13.3718,-8.9268,-13.3922,1319.60626,19.799833,-1.9e-05,9.855878,-5e-06
2011-03-02,0.475,-4.157,0.125,0.000496,-8.314,-12.4709,-8.3262,-12.4913,1264.750469,18.153682,-1.7e-05,9.035261,-5e-06
2011-03-03,0.4778,0.5783,0.1247,0.000495,1.1566,1.7349,1.1444,1.7145,1272.064437,18.363645,-1.7e-05,9.13866,-5e-06
2011-03-04,0.4753,-0.5271,0.1245,0.000494,-1.0542,-1.5813,-1.0664,-1.6016,1265.359464,18.170058,-1.7e-05,9.041206,-5e-06
2011-03-07,0.4686,-1.3969,0.1237,0.000491,-2.7938,-4.1907,-2.806,-4.2111,1247.683618,17.662422,-1.6e-05,8.787509,-4e-06
2011-03-08,0.4476,-4.4944,0.1235,0.00049,-8.9888,-13.4831,-9.001,-13.5035,1191.608012,16.07479,-1.4e-05,7.99655,-4e-06
2011-03-09,0.4382,-2.0972,0.1232,0.000489,-4.1944,-6.2915,-4.2065,-6.3119,1166.617881,15.400557,-1.3e-05,7.660171,-4e-06
2011-03-10,0.4102,-6.3741,0.123,0.000488,-12.7482,-19.1223,-12.7604,-19.1426,1092.256482,13.437263,-1.1e-05,6.682703,-3e-06
2011-03-11,0.4132,0.7254,0.1227,0.000487,1.4509,2.1763,1.4387,2.156,1100.180159,13.632221,-1.1e-05,6.778846,-3e-06
2011-03-14,0.4167,0.831,0.122,0.000484,1.662,2.4931,1.6498,2.4727,1109.322857,13.858794,-1.1e-05,6.890687,-3e-06
2011-03-15,0.4043,-2.967,0.1218,0.000483,-5.934,-8.901,-5.9462,-8.9214,1076.409129,13.03641,-1e-05,6.480952,-3e-06
2011-03-16,0.4013,-0.7361,0.1215,0.000482,-1.4723,-2.2084,-1.4845,-2.2287,1068.485293,12.844479,-1e-05,6.384745,-3e-06
2011-03-17,0.4089,1.8825,0.1213,0.000481,3.7649,5.6474,3.7527,5.6271,1088.599181,13.328065,-1e-05,6.624348,-3e-06
2011-03-18,0.4034,-1.3438,0.121,0.00048,-2.6876,-4.0313,-2.6997,-4.0517,1073.970848,12.969866,-1e-05,6.445508,-3e-06
2011-03-21,0.4066,0.7946,0.1203,0.000477,1.5892,2.3838,1.577,2.3634,1082.504472,13.17598,-1e-05,6.547153,-3e-06
2011-03-22,0.3995,-1.7455,0.12,0.000476,-3.4911,-5.2366,-3.5033,-5.2569,1063.608891,12.715995,-1e-05,6.317789,-3e-06
2011-03-23,0.4077,2.0631,0.1198,0.000475,4.1261,6.1892,4.114,6.1689,1085.551906,13.240675,-1e-05,6.5777,-3e-06
2011-03-24,0.4402,7.973,0.1195,0.000474,15.946,23.9191,15.9339,23.8988,1172.103198,15.352039,-1.3e-05,7.625782,-4e-06
2011-03-25,0.4265,-3.1201,0.1193,0.000473,-6.2402,-9.3603,-6.2524,-9.3806,1135.532406,14.394041,-1.2e-05,7.148989,-3e-06
2011-03-28,0.4423,3.7037,0.1185,0.00047,7.4074,11.1111,7.3952,11.0908,1177.588992,15.460262,-1.3e-05,7.677671,-4e-06
2011-03-29,0.4389,-0.7764,0.1183,0.000469,-1.5528,-2.3292,-1.565,-2.3495,1168.446294,15.220198,-1.3e-05,7.557519,-3e-06
2011-03-30,0.4224,-3.7559,0.1181,0.000468,-7.5117,-11.2676,-7.5239,-11.2879,1124.561137,14.076901,-1.1e-05,6.9889,-3e-06
2011-03-31,0.4226,0.0542,0.1178,0.000467,0.1083,0.1625,0.0962,0.1422,1125.17029,14.092151,-1.1e-05,6.99562,-3e-06
2011-04-01,0.4167,-1.4084,0.1176,0.000467,-2.8169,-4.2253,-2.8291,-4.2456,1109.322857,13.69519,-1.1e-05,6.79771,-3e-06
2011-04-04,0.4018,-3.5714,0.1168,0.000464,-7.1428,-10.7142,-7.155,-10.7345,1069.704473,12.716969,-1e-05,6.311335,-3e-06
2011-04-05,0.4025,0.1709,0.1166,0.000463,0.3418,0.5127,0.3296,0.4924,1071.532647,12.760437,-1e-05,6.33214,-3e-06
2011-04-06,0.3997,-0.6826,0.1163,0.000462,-1.3651,-2.0477,-1.3773,-2.068,1064.218759,12.586241,-9e-06,6.244928,-3e-06
2011-04-07,0.4144,3.6655,0.1161,0.000461,7.331,10.9965,7.3188,10.9762,1103.227593,13.508936,-1e-05,6.701982,-3e-06
2011-04-08,0.4018,-3.0386,0.1158,0.00046,-6.0773,-9.1159,-6.0894,-9.1362,1069.704473,12.68796,-9e-06,6.293869,-3e-06
2011-04-11,0.3965,-1.3105,0.1151,0.000457,-2.6211,-3.9316,-2.6332,-3.9519,1055.685611,12.355399,-9e-06,6.128136,-2e-06
2011-04-12,0.3977,0.2887,0.1148,0.000456,0.5773,0.866,0.5651,0.8457,1058.732886,12.426728,-9e-06,6.162769,-3e-06
2011-04-13,0.4066,2.2453,0.1146,0.000455,4.4906,6.7359,4.4784,6.7156,1082.504472,12.984759,-1e-05,6.438763,-3e-06
2011-04-14,0.4237,4.2229,0.1144,0.000454,8.4459,12.6688,8.4337,12.6485,1128.217962,14.081436,-1.1e-05,6.98179,-3e-06
2011-04-15,0.4283,1.0805,0.1141,0.000453,2.161,3.2415,2.1489,3.2213,1140.408491,14.385739,-1.1e-05,7.131819,-3e-06
2011-04-18,0.4141,-3.3137,0.1134,0.00045,-6.6274,-9.9412,-6.6396,-9.9614,1102.618519,13.432332,-1e-05,6.658295,-3e-06
2011-04-19,0.4125,-0.387,0.1131,0.000449,-0.774,-1.161,-0.7861,-1.1813,1098.351429,13.328367,-1e-05,6.605951,-3e-06
2011-04-20,0.4251,3.0522,0.1129,0.000448,6.1044,9.1565,6.0922,9.1363,1131.875105,14.141978,-1.1e-05,7.008399,-3e-06
2011-04-21,0.424,-0.2693,0.1126,0.000447,-0.5385,-0.8078,-0.5507,-0.828,1128.827512,14.065823,-1.1e-05,6.969807,-3e-06
2011-04-25,0.4306,1.5659,0.1116,0.000443,3.1318,4.6976,3.1196,4.6774,1146.503596,14.506331,-1.2e-05,7.187238,-3e-06
2011-04-26,0.4418,2.605,0.1114,0.000442,5.21,7.815,5.1979,7.7948,1176.37005,15.262112,-1.2e-05,7.56082,-3e-06
2011-04-27,0.4418,0.0,0.1112,0.000441,0.0,0.0,-0.0121,-0.0202,1176.37005,15.262112,-1.2e-05,7.559902,-3e-06
2011-04-28,0.4466,1.0881,0.1109,0.00044,2.1762,3.2642,2.164,3.244,1189.169891,15.59424,-1.3e-05,7.723499,-4e-06
2011-04-29,0.4579,2.5115,0.1107,0.000439,5.0231,7.5346,5.0109,7.5144,1219.036344,16.37755,-1.4e-05,8.110518,-4e-06
2011-05-02,0.4517,-1.35,0.1099,0.000436,-2.7,-4.0499,-2.7121,-4.0702,1202.579599,15.935363,-1.3e-05,7.890553,-4e-06
2011-05-03,0.4302,-4.7644,0.1097,0.000435,-9.5287,-14.2931,-9.5409,-14.3133,1145.284416,14.416928,-1.1e-05,7.137727,-3e-06
2011-05-04,0.427,-0.7451,0.1094,0.000434,-1.4901,-2.2352,-1.5023,-2.2555,1136.751189,14.202094,-1.1e-05,7.030497,-3e-06
2011-05-05,0.4272,0.0536,0.1092,0.000433,0.1073,0.1609,0.0951,0.1407,1137.360978,14.217331,-1.1e-05,7.037186,-3e-06
2011-05-06,0.4423,3.537,0.1089,0.000432,7.0739,10.6109,7.0618,10.5907,1177.588992,15.223054,-1.2e-05,7.534137,-3e-06
2011-05-09,0.4521,2.2257,0.1082,0.000429,4.4514,6.6771,4.4392,6.6568,1203.798461,15.90069,-1.3e-05,7.868596,-4e-06
2011-05-10,0.4528,0.1519,0.1079,0.000428,0.3037,0.4556,0.2916,0.4354,1205.626715,15.948988,-1.3e-05,7.891542,-4e-06
2011-05-11,0.4549,0.455,0.1077,0.000427,0.91,1.365,0.8979,1.3448,1211.112509,16.094128,-1.3e-05,7.9624,-4e-06
2011-05-12,0.4693,3.1706,0.1075,0.000426,6.3412,9.5118,6.3291,9.4916,1249.512189,17.114693,-1.5e-05,8.466347,-4e-06
2011-05-13,0.418,-10.9268,0.1072,0.000425,-21.8536,-32.7805,-21.8658,-32.8007,1112.980238,13.37451,-1e-05,6.615115,-3e-06
2011-05-16,0.4052,-3.0668,0.1065,0.000422,-6.1336,-9.2005,-6.1458,-9.2207,1078.847092,12.554164,-9e-06,6.208565,-2e-06
2011-05-17,0.4036,-0.3955,0.1062,0.000422,-0.791,-1.1865,-0.8031,-1.2067,1074.580399,12.454864,-9e-06,6.158704,-2e-06
2011-05-18,0.413,2.3256,0.106,0.000421,4.6512,6.9768,4.6391,6.9566,1099.570768,13.034163,-9e-06,6.44441,-3e-06
2011-05-19,0.407,-1.4413,0.1057,0.00042,-2.8825,-4.3238,-2.8947,-4.344,1083.723017,12.658449,-9e-06,6.257866,-2e-06
2011-05-20,0.4141,1.7436,0.1055,0.000419,3.4871,5.2307,3.475,5.2105,1102.618519,13.099868,-9e-06,6.475328,-3e-06
2011-05-23,0.4137,-0.1106,0.1047,0.000416,-0.2211,-0.3317,-0.2333,-0.3519,1101.399339,13.070898,-9e-06,6.460224,-3e-06
2011-05-24,0.4153,0.3874,0.1045,0.000415,0.7748,1.1622,0.7627,1.142,1105.666111,13.17217,-1e-05,6.509494,-3e-06
2011-05-25,0.4203,1.2128,0.1042,0.000414,2.4255,3.6383,2.4134,3.6181,1119.075344,13.491668,-1e-05,6.666596,-3e-06
2011-05-26,0.4308,2.5054,0.104,0.000413,5.0109,7.5163,4.9988,7.4961,1147.113067,14.167718,-1.1e-05,6.999843,-3e-06
2011-05-27,0.4464,3.6132,0.1038,0.000412,7.2263,10.8395,7.2142,10.8193,1188.560102,15.191523,-1.2e-05,7.504825,-3e-06
2011-05-31,0.4588,2.7693,0.1028,0.000408,5.5385,8.3078,5.5264,8.2876,1221.474545,16.032912,-1.3e-05,7.919574,-3e-06
2011-06-01,0.4382,-4.491,0.1025,0.000407,-8.982,-13.4731,-8.9942,-13.4932,1166.617881,14.592829,-1.1e-05,7.207275,-3e-06
2011-06-02,0.4361,-0.4702,0.1023,0.000406,-0.9405,-1.4107,-0.9526,-1.4309,1161.131929,14.455585,-1.1e-05,7.138619,-3e-06
2011-06-03,0.4226,-3.0971,0.102,0.000405,-6.1942,-9.2914,-6.2063,-9.3115,1125.17029,13.560172,-1e-05,6.695571,-3e-06
2011-06-06,0.4137,-2.1127,0.1013,0.000402,-4.2253,-6.338,-4.2374,-6.3581,1101.399339,12.987213,-9e-06,6.411852,-3e-06
2011-06-07,0.4134,-0.0554,0.101,0.000401,-0.1107,-0.1661,-0.1229,-0.1863,1100.789471,12.97283,-9e-06,6.403975,-3e-06
2011-06-08,0.4022,-2.7131,0.1008,0.0004,-5.4263,-8.1394,-5.4384,-8.1596,1070.923415,12.268886,-9e-06,6.055701,-2e-06
2011-06-09,0.3977,-1.1383,0.1005,0.000399,-2.2766,-3.415,-2.2887,-3.4351,1058.732886,11.989568,-8e-06,5.917101,-2e-06
2011-06-10,0.3919,-1.4393,0.1003,0.000398,-2.8785,-4.3178,-2.8906,-4.338,1043.494924,11.644445,-8e-06,5.74606,-2e-06
2011-06-13,0.3892,-0.7009,0.0996,0.000395,-1.4019,-2.1028,-1.414,-2.123,1036.180718,11.481205,-8e-06,5.664812,-2e-06
2011-06-14,0.3924,0.8235,0.0993,0.000394,1.6471,2.4706,1.635,2.4505,1044.714183,11.670312,-8e-06,5.757432,-2e-06
2011-06-15,0.3839,-2.1587,0.0991,0.000393,-4.3174,-6.4762,-4.3295,-6.4963,1022.161697,11.166453,-7e-06,5.508161,-2e-06
2011-06-16,0.3706,-3.4586,0.0988,0.000392,-6.9171,-10.3757,-6.9292,-10.3958,986.809689,10.394057,-7e-06,5.12649,-2e-06
2011-06-17,0.3619,-2.3471,0.0986,0.000391,-4.6942,-7.0413,-4.7063,-7.0614,963.648287,9.906139,-6e-06,4.885222,-2e-06
2011-06-20,0.3576,-1.2018,0.0978,0.000388,-2.4036,-3.6054,-2.4157,-3.6255,952.067309,9.668038,-6e-06,4.767211,-2e-06
2011-06-21,0.3654,2.1767,0.0976,0.000387,4.3534,6.5301,4.3413,6.5099,972.790906,10.088926,-6e-06,4.97417,-2e-06
2011-06-22,0.3603,-1.3785,0.0973,0.000386,-2.757,-4.1355,-2.7691,-4.1556,959.381118,9.810777,-6e-06,4.836432,-2e-06
2011-06-23,0.3711,2.9861,0.0971,0.000385,5.9721,8.9582,5.9601,8.9381,988.028948,10.396691,-7e-06,5.124686,-2e-06
2011-06-24,0.3603,-2.8995,0.0968,0.000384,-5.799,-8.6985,-5.8111,-8.7186,959.381118,9.793788,-6e-06,4.826887,-2e-06
2011-06-27,0.3528,-2.0965,0.0961,0.000381,-4.1931,-6.2896,-4.2052,-6.3097,939.267389,9.383129,-6e-06,4.623909,-2e-06
2011-06-28,0.3548,0.584,0.0959,0.00038,1.168,1.7521,1.156,1.7319,944.752944,9.492728,-6e-06,4.677359,-2e-06
2011-06-29,0.3603,1.5484,0.0956,0.000379,3.0967,4.6451,3.0846,4.625,959.381118,9.786691,-6e-06,4.821639,-2e-06
2011-06-30,0.3649,1.2707,0.0954,0.000378,2.5414,3.812,2.5293,3.7919,971.571806,10.035407,-6e-06,4.943592,-2e-06
2011-07-01,0.3697,1.3175,0.0951,0.000377,2.6349,3.9524,2.6229,3.9323,984.371964,10.299834,-6e-06,5.073255,-2e-06
2011-07-05,0.3635,-1.6718,0.0941,0.000374,-3.3437,-5.0155,-3.3557,-5.0356,967.914901,9.955442,-6e-06,4.903009,-2e-06
2011-07-06,0.3587,-1.3224,0.0939,0.000373,-2.6449,-3.9673,-2.6569,-3.9874,955.114902,9.692134,-6e-06,4.772739,-2e-06
2011-07-07,0.3601,0.3829,0.0936,0.000372,0.7658,1.1487,0.7537,1.1286,958.772124,9.766358,-6e-06,4.808713,-2e-06
2011-07-08,0.3532,-1.9072,0.0934,0.000371,-3.8143,-5.7215,-3.8264,-5.7416,940.486728,9.393836,-6e-06,4.624712,-2e-06
2011-07-11,0.3409,-3.4997,0.0927,0.000368,-6.9994,-10.4991,-7.0115,-10.5192,907.572602,8.736326,-5e-06,4.300452,-1e-06
2011-07-12,0.3363,-1.3432,0.0924,0.000367,-2.6864,-4.0295,-2.6984,-4.0496,895.382312,8.501638,-5e-06,4.184408,-1e-06
2011-07-13,0.3356,-0.2042,0.0922,0.000366,-0.4085,-0.6127,-0.4206,-0.6328,893.553502,8.466909,-5e-06,4.16681,-1e-06
2011-07-14,0.3223,-3.9563,0.0919,0.000365,-7.9127,-11.869,-7.9247,-11.8891,858.201573,7.796951,-4e-06,3.836601,-1e-06
2011-07-15,0.3228,0.142,0.0917,0.000364,0.2841,0.4261,0.272,0.406,859.420594,7.819101,-4e-06,3.847037,-1e-06
2011-07-18,0.3159,-2.1277,0.0909,0.000361,-4.2553,-6.383,-4.2674,-6.403,841.135119,7.486375,-4e-06,3.68287,-1e-06
2011-07-19,0.3255,3.0435,0.0907,0.00036,6.087,9.1305,6.0749,9.1104,866.735038,7.94207,-4e-06,3.906602,-1e-06
2011-07-20,0.3214,-1.2659,0.0904,0.000359,-2.5317,-3.7976,-2.5438,-3.8177,855.763372,7.740998,-4e-06,3.807226,-1e-06
2011-07-21,0.3365,4.7009,0.0902,0.000358,9.4017,14.1026,9.3896,14.0825,895.991545,8.468784,-5e-06,4.164711,-1e-06
2011-07-22,0.3434,2.0408,0.0899,0.000357,4.0816,6.1224,4.0696,6.1023,914.27702,8.814448,-5e-06,4.334196,-1e-06
2011-07-25,0.3379,-1.6,0.0892,0.000354,-3.1999,-4.7999,-3.212,-4.82,899.648846,8.53239,-5e-06,4.194981,-1e-06
2011-07-26,0.3297,-2.439,0.089,0.000353,-4.8781,-7.3171,-4.8901,-7.3372,877.706069,8.116174,-4e-06,3.989841,-1e-06
2011-07-27,0.3173,-3.75,0.0887,0.000352,-7.4999,-11.2499,-7.512,-11.27,844.792341,7.507465,-4e-06,3.690124,-1e-06
2011-07-28,0.3166,-0.2164,0.0885,0.000351,-0.4329,-0.6493,-0.4449,-0.6694,842.963849,7.474967,-4e-06,3.673705,-1e-06
2011-07-29,0.3166,0.0,0.0882,0.00035,0.0,0.0,-0.0121,-0.0201,842.963849,7.474967,-4e-06,3.673262,-1e-06
2011-08-01,0.3336,5.3507,0.0875,0.000347,10.7013,16.052,10.6893,16.0319,888.067947,8.274886,-5e-06,4.065907,-1e-06
2011-08-02,0.3301,-1.0295,0.0872,0.000346,-2.059,-3.0886,-2.0711,-3.1086,878.92509,8.104503,-4e-06,3.981698,-1e-06
2011-08-03,0.339,2.7046,0.087,0.000345,5.4091,8.1137,5.3971,8.0936,902.6962,8.542886,-5e-06,4.196593,-1e-06
2011-08-04,0.3068,-9.5206,0.0867,0.000344,-19.0412,-28.5617,-19.0532,-28.5818,816.7543,6.916222,-3e-06,3.397008,-1e-06
2011-08-05,0.2965,-3.3582,0.0865,0.000343,-6.7165,-10.0747,-6.7285,-10.0947,789.325809,6.451696,-3e-06,3.16844,-1e-06
2011-08-08,0.2731,-7.8764,0.0858,0.00034,-15.7528,-23.6292,-15.7649,-23.6493,727.155256,5.435372,-2e-06,2.668939,-1e-06
2011-08-09,0.296,8.3822,0.0855,0.000339,16.7645,25.1467,16.7524,25.1267,788.107185,6.346584,-3e-06,3.116052,-1e-06
2011-08-10,0.2825,-4.5631,0.0853,0.000338,-9.1261,-13.6892,-9.1382,-13.7092,752.145387,5.767387,-3e-06,2.831302,-1e-06
2011-08-11,0.307,8.671,0.085,0.000337,17.342,26.0129,17.3299,25.9929,817.363771,6.767566,-3e-06,3.321964,-1e-06
2011-08-12,0.2949,-3.9523,0.0848,0.000336,-7.9045,-11.8568,-7.9166,-11.8768,785.059354,6.232621,-3e-06,3.058978,-1e-06
2011-08-15,0.3061,3.8043,0.084,0.000333,7.6087,11.413,7.5966,11.393,814.925649,6.70684,-3e-06,3.291358,-1e-06
2011-08-16,0.2974,-2.8421,0.0838,0.000332,-5.6843,-8.5264,-5.6963,-8.5464,791.764327,6.325605,-3e-06,3.103871,-1e-06
2011-08-17,0.2933,-1.3857,0.0835,0.000331,-2.7714,-4.1571,-2.7834,-4.1771,780.79282,6.150297,-3e-06,3.017477,-1e-06
2011-08-18,0.2733,-6.7916,0.0833,0.000331,-13.5832,-20.3747,-13.5952,-20.3948,727.764648,5.314892,-2e-06,2.607245,-1e-06
2011-08-19,0.2685,-1.7588,0.083,0.00033,-3.5176,-5.2764,-3.5296,-5.2964,714.964728,5.127935,-2e-06,2.515219,-1e-06
2011-08-22,0.2733,1.7903,0.0823,0.000327,3.5806,5.3709,3.5685,5.3508,727.764648,5.311545,-2e-06,2.604975,-1e-06
2011-08-23,0.3029,10.804,0.0821,0.000326,21.6081,32.4121,21.596,32.3921,806.392581,6.459267,-3e-06,3.167547,-1e-06
2011-08-24,0.2985,-1.4361,0.0818,0.000325,-2.8723,-4.3084,-2.8843,-4.3284,794.811682,6.273739,-3e-06,3.076185,-1e-06
2011-08-25,0.2857,-4.2945,0.0816,0.000324,-8.589,-12.8835,-8.601,-12.9035,760.678615,5.73489,-2e-06,2.811602,-1e-06
2011-08-26,0.2978,4.2468,0.0813,0.000323,8.4935,12.7403,8.4815,12.7203,792.982872,6.221985,-3e-06,3.050069,-1e-06
2011-08-29,0.3058,2.6903,0.0806,0.00032,5.3805,8.0708,5.3685,8.0507,814.316099,6.556759,-3e-06,3.213811,-1e-06
2011-08-30,0.3132,2.3952,0.0803,0.000319,4.7905,7.1857,4.7785,7.1657,833.820913,6.870859,-3e-06,3.367381,-1e-06
2011-08-31,0.3047,-2.7047,0.0801,0.000318,-5.4094,-8.1141,-5.4214,-8.1341,811.268665,6.499188,-3e-06,3.184822,-1e-06
2011-09-01,0.304,-0.2254,0.0798,0.000317,-0.4508,-0.6762,-0.4629,-0.6962,809.439935,6.469888,-3e-06,3.170081,-1e-06
2011-09-02,0.2958,-2.7108,0.0796,0.000316,-5.4217,-8.1325,-5.4337,-8.1525,787.497317,6.119111,-3e-06,2.997828,-1e-06
2011-09-06,0.3017,2.0124,0.0786,0.000312,4.0248,6.0371,4.0127,6.0171,803.34475,6.365391,-3e-06,3.118123,-1e-06
2011-09-07,0.3262,8.1184,0.0784,0.000311,16.2367,24.3551,16.2247,24.3351,868.563213,7.398922,-3e-06,3.62403,-1e-06
2011-09-08,0.3246,-0.4912,0.0781,0.00031,-0.9824,-1.4736,-0.9944,-1.4936,864.296758,7.326234,-3e-06,3.587991,-1e-06
2011-09-09,0.3178,-2.1157,0.0779,0.000309,-4.2314,-6.3471,-4.2434,-6.3671,846.010886,7.016232,-3e-06,3.435738,-1e-06
2011-09-12,0.3253,2.3776,0.0771,0.000306,4.7551,7.1327,4.7431,7.1127,866.125408,7.349864,-3e-06,3.5987,-1e-06
2011-09-13,0.3326,2.2519,0.0769,0.000305,4.5038,6.7557,4.4918,6.7357,885.629746,7.680889,-4e-06,3.760346,-1e-06
2011-09-14,0.3498,5.1617,0.0766,0.000304,10.3234,15.4851,10.3114,15.4652,931.343395,8.473819,-4e-06,4.148091,-1e-06
2011-09-15,0.3548,1.4398,0.0764,0.000303,2.8796,4.3194,2.8676,4.2995,944.752944,8.717832,-4e-06,4.267042,-1e-06
2011-09-16,0.3539,-0.2581,0.0761,0.000302,-0.5161,-0.7742,-0.5281,-0.7942,942.314902,8.672838,-4e-06,4.244507,-1e-06
2011-09-19,0.3466,-2.0698,0.0754,0.000299,-4.1397,-6.2095,-4.1517,-6.2295,922.810485,8.31381,-4e-06,4.068288,-1e-06
2011-09-20,0.3377,-2.576,0.0752,0.000298,-5.1519,-7.7279,-5.164,-7.7479,899.039137,7.885487,-4e-06,3.858204,-1e-06
2011-09-21,0.3313,-1.8983,0.0749,0.000297,-3.7966,-5.6949,-3.8086,-5.7148,881.972762,7.586108,-4e-06,3.711261,-1e-06
2011-09-22,0.3093,-6.6344,0.0747,0.000296,-13.2688,-19.9032,-13.2808,-19.9231,823.459273,6.579524,-3e-06,3.218376,-1e-06
2011-09-23,0.3157,2.0725,0.0744,0.000295,4.145,6.2175,4.133,6.1976,840.525489,6.852246,-3e-06,3.351392,-1e-06
2011-09-26,0.3164,0.2176,0.0737,0.000292,0.4351,0.6527,0.4231,0.6327,842.35414,6.882062,-3e-06,3.365572,-1e-06
2011-09-27,0.3168,0.1447,0.0734,0.000291,0.2894,0.4341,0.2774,0.4141,843.573002,6.901978,-3e-06,3.374908,-1e-06
2011-09-28,0.3072,-3.0347,0.0732,0.00029,-6.0693,-9.104,-6.0813,-9.1239,817.9734,6.483074,-3e-06,3.169669,-1e-06
2011-09-29,0.2997,-2.459,0.0729,0.000289,-4.918,-7.377,-4.93,-7.3969,797.859433,6.164237,-3e-06,3.013405,-1e-06
2011-09-30,0.2864,-4.4309,0.0727,0.000288,-8.8618,-13.2927,-8.8738,-13.3126,762.507186,5.617976,-2e-06,2.746002,-1e-06
2011-10-03,0.2704,-5.5955,0.0719,0.000285,-11.191,-16.7865,-11.203,-16.8064,719.84113,4.989269,-2e-06,2.438368,-1e-06
2011-10-04,0.2953,9.2295,0.0717,0.000285,18.4589,27.6884,18.4469,27.6684,786.278534,5.910233,-2e-06,2.888172,-1e-06
2011-10-05,0.3058,3.5659,0.0715,0.000284,7.1317,10.6976,7.1197,10.6776,814.316099,6.331734,-3e-06,3.093802,-1e-06
2011-10-06,0.318,3.9671,0.0712,0.000283,7.9342,11.9013,7.9222,11.8813,846.620753,6.834105,-3e-06,3.338899,-1e-06
2011-10-07,0.3239,1.8718,0.071,0.000282,3.7437,5.6155,3.7317,5.5956,862.468028,7.089951,-3e-06,3.463495,-1e-06
2011-10-10,0.3384,4.4523,0.0702,0.000279,8.9046,13.3569,8.8926,13.337,900.867788,7.721284,-4e-06,3.771491,-1e-06
2011-10-11,0.3347,-1.0825,0.07,0.000278,-2.1651,-3.2476,-2.177,-3.2675,891.115619,7.554114,-3e-06,3.689384,-1e-06
2011-10-12,0.3345,-0.0684,0.0697,0.000277,-0.1368,-0.2052,-0.1488,-0.2252,890.505989,7.543778,-3e-06,3.683894,-1e-06
2011-10-13,0.3539,5.8179,0.0695,0.000276,11.6358,17.4538,11.6239,17.4338,942.314902,8.421559,-4e-06,4.112104,-1e-06
2011-10-14,0.3599,1.6818,0.0692,0.000275,3.3636,5.0454,3.3516,5.0255,958.162732,8.704827,-4e-06,4.249926,-1e-06
2011-10-17,0.342,-4.9619,0.0685,0.000272,-9.9237,-14.8856,-9.9357,-14.9055,910.620036,7.840984,-4e-06,3.827666,-1e-06
2011-10-18,0.3544,3.6145,0.0682,0.000271,7.2289,10.8434,7.2169,10.8235,943.534003,8.407802,-4e-06,4.103907,-1e-06
2011-10-19,0.3473,-2.0026,0.068,0.00027,-4.0052,-6.0078,-4.0172,-6.0277,924.638818,8.071053,-4e-06,3.939046,-1e-06
2011-10-20,0.3299,-5.0099,0.0678,0.000269,-10.0198,-15.0297,-10.0317,-15.0496,878.315461,7.262352,-3e-06,3.543891,-1e-06
2011-10-21,0.3315,0.4858,0.0675,0.000268,0.9716,1.4574,0.9596,1.4375,882.582233,7.332911,-3e-06,3.577898,-1e-06
2011-10-24,0.3439,3.7293,0.0668,0.000265,7.4586,11.1878,7.4466,11.1679,915.4962,7.879841,-4e-06,3.844329,-1e-06
2011-10-25,0.3308,-3.7949,0.0665,0.000264,-7.5899,-11.3848,-7.6019,-11.4047,880.753582,7.281769,-3e-06,3.552089,-1e-06
2011-10-26,0.3347,1.1765,0.0663,0.000263,2.353,3.5295,2.341,3.5096,891.115619,7.453109,-3e-06,3.635244,-1e-06
2011-10-27,0.3491,4.3091,0.066,0.000262,8.6182,12.9274,8.6063,12.9075,929.514903,8.095436,-4e-06,3.948103,-1e-06
2011-10-28,0.3571,2.2951,0.0658,0.000261,4.5902,6.8853,4.5782,6.8654,950.848209,8.467033,-4e-06,4.128856,-1e-06
2011-10-31,0.3388,-5.1282,0.065,0.000258,-10.2564,-15.3847,-10.2684,-15.4045,902.08665,7.598617,-3e-06,3.704889,-1e-06
2011-11-01,0.3219,-5.0,0.0648,0.000257,-10.0,-15.0,-10.012,-15.0199,856.982314,6.838756,-3e-06,3.333957,-1e-06
2011-11-02,0.3164,-1.7069,0.0645,0.000256,-3.4139,-5.1208,-3.4258,-5.1407,842.35414,6.605289,-3e-06,3.219741,-1e-06
2011-11-03,0.3354,6.0058,0.0643,0.000255,12.0115,18.0173,11.9996,17.9974,892.943952,7.398685,-3e-06,3.606096,-1e-06
2011-11-04,0.3393,1.1604,0.0641,0.000254,2.3208,3.4813,2.3089,3.4614,903.30583,7.570396,-3e-06,3.689356,-1e-06
2011-11-07,0.3374,-0.5398,0.0633,0.000251,-1.0796,-1.6194,-1.0916,-1.6393,898.429666,7.488664,-3e-06,3.649084,-1e-06
2011-11-08,0.3452,2.3066,0.0631,0.00025,4.6132,6.9199,4.6013,6.9,919.153025,7.834134,-3e-06,3.816988,-1e-06
2011-11-09,0.3278,-5.0398,0.0628,0.000249,-10.0796,-15.1193,-10.0915,-15.1392,872.829747,7.044488,-3e-06,3.431796,-1e-06
2011-11-10,0.3313,1.0475,0.0626,0.000248,2.095,3.1425,2.0831,3.1227,881.972762,7.192072,-3e-06,3.503283,-1e-06
2011-11-11,0.3429,3.5245,0.0623,0.000247,7.049,10.5736,7.0371,10.5537,913.058078,7.699044,-3e-06,3.749812,-1e-06
2011-11-14,0.3363,-1.9359,0.0616,0.000244,-3.8718,-5.8077,-3.8837,-5.8275,895.382312,7.400955,-3e-06,3.60418,-1e-06
2011-11-15,0.3406,1.2934,0.0613,0.000243,2.5868,3.8802,2.5748,3.8603,906.963131,7.592402,-3e-06,3.696982,-1e-06
2011-11-16,0.3338,-2.0162,0.0611,0.000242,-4.0323,-6.0485,-4.0443,-6.0683,888.677339,7.286253,-3e-06,3.547466,-1e-06
2011-11-17,0.3219,-3.5665,0.0608,0.000241,-7.1331,-10.6996,-7.145,-10.7195,856.982314,6.766518,-3e-06,3.293999,-1e-06
2011-11-18,0.3189,-0.9246,0.0606,0.00024,-1.8491,-2.7737,-1.8611,-2.7935,849.058954,6.641397,-3e-06,3.232695,-1e-06
2011-11-21,0.3349,5.0251,0.0599,0.000238,10.0502,15.0754,10.0383,15.0555,891.725169,7.308873,-3e-06,3.557202,-1e-06
2011-11-22,0.3452,3.0758,0.0596,0.000237,6.1516,9.2275,6.1397,9.2076,919.153025,7.758488,-3e-06,3.775604,-1e-06
2011-11-23,0.3306,-4.244,0.0594,0.000236,-8.4879,-12.7319,-8.4999,-12.7518,880.144429,7.099952,-3e-06,3.454682,-1e-06
2011-11-25,0.3214,-2.7701,0.0589,0.000234,-5.5402,-8.3104,-5.5522,-8.3302,855.763372,6.706598,-3e-06,3.262872,-1e-06
2011-11-28,0.3395,5.6268,0.0581,0.000231,11.2535,16.8803,11.2416,16.8605,903.915142,7.461326,-3e-06,3.62967,-1e-06
2011-11-29,0.3413,0.5394,0.0579,0.00023,1.0789,1.6183,1.0669,1.5985,908.791227,7.541825,-3e-06,3.668397,-1e-06
2011-11-30,0.3578,4.829,0.0576,0.000229,9.658,14.487,9.6461,14.4672,952.676859,8.270216,-4e-06,4.022254,-1e-06
2011-12-01,0.3622,1.2156,0.0574,0.000228,2.4313,3.6469,2.4193,3.6271,964.257838,8.471286,-4e-06,4.119565,-1e-06
2011-12-02,0.3599,-0.6321,0.0572,0.000227,-1.2642,-1.8963,-1.2761,-1.9161,958.162732,8.364191,-4e-06,4.066993,-1e-06
2011-12-05,0.3544,-1.5267,0.0564,0.000224,-3.0535,-4.5802,-3.0654,-4.6001,943.534003,8.108791,-4e-06,3.942323,-1e-06
2011-12-06,0.3493,-1.4212,0.0562,0.000223,-2.8424,-4.2635,-2.8543,-4.2833,930.124691,7.87831,-3e-06,3.829797,-1e-06
2011-12-07,0.3473,-0.5898,0.0559,0.000222,-1.1796,-1.7694,-1.1915,-1.7892,924.638818,7.785378,-3e-06,3.784164,-1e-06
2011-12-08,0.3363,-3.1641,0.0557,0.000221,-6.3282,-9.4923,-6.3401,-9.5121,895.382312,7.292703,-3e-06,3.544243,-1e-06
2011-12-09,0.3411,1.4295,0.0554,0.00022,2.859,4.2885,2.8471,4.2687,908.181914,7.501204,-3e-06,3.645151,-1e-06
2011-12-12,0.3326,-2.4832,0.0547,0.000217,-4.9664,-7.4497,-4.9784,-7.4695,885.629746,7.128661,-3e-06,3.463682,-1e-06
2011-12-13,0.3235,-2.7529,0.0544,0.000216,-5.5059,-8.2588,-5.5178,-8.2786,861.249007,6.736167,-3e-06,3.272564,-1e-06
2011-12-14,0.3109,-3.8924,0.0542,0.000215,-7.7848,-11.6772,-7.7967,-11.697,827.725807,6.211771,-2e-06,3.017412,-1e-06
2011-12-15,0.3081,-0.8837,0.0539,0.000214,-1.7673,-2.651,-1.7793,-2.6708,820.411442,6.101988,-2e-06,2.963724,-1e-06
2011-12-16,0.3093,0.3715,0.0537,0.000213,0.743,1.1145,0.7311,1.0947,823.459273,6.147325,-2e-06,2.985391,-1e-06
2011-12-19,0.3013,-2.5907,0.053,0.00021,-5.1814,-7.7722,-5.1934,-7.792,802.125729,5.828805,-2e-06,2.830349,-1e-06
2011-12-20,0.3182,5.6231,0.0527,0.000209,11.2462,16.8693,11.2343,16.8495,847.230145,6.484325,-3e-06,3.148319,-1e-06
2011-12-21,0.3141,-1.2949,0.0525,0.000208,-2.5899,-3.8848,-2.6018,-3.9046,836.258955,6.316388,-2e-06,3.066406,-1e-06
2011-12-22,0.3276,4.3003,0.0522,0.000207,8.6005,12.9008,8.5886,12.881,872.220355,6.859632,-3e-06,3.329768,-1e-06
2011-12-23,0.3244,-0.9783,0.052,0.000206,-1.9566,-2.935,-1.9686,-2.9548,863.687208,6.725413,-3e-06,3.26422,-1e-06
2011-12-27,0.3219,-0.7763,0.051,0.000202,-1.5526,-2.3289,-1.5645,-2.3487,856.982314,6.620993,-3e-06,3.21315,-1e-06
2011-12-28,0.3139,-2.4893,0.0507,0.000201,-4.9786,-7.468,-4.9906,-7.4877,835.649246,6.291357,-2e-06,3.052796,-1e-06
2011-12-29,0.3198,1.8965,0.0505,0.0002,3.793,5.6894,3.7811,5.6697,851.497155,6.529985,-3e-06,3.168224,-1e-06
2011-12-30,0.3173,-0.7874,0.0502,0.000199,-1.5748,-2.3622,-1.5867,-2.382,844.792341,6.427149,-2e-06,3.117952,-1e-06
2012-01-03,0.3214,1.2987,0.0503,0.0002,2.5973,3.896,2.5854,3.8762,855.763372,6.594083,-3e-06,3.198565,-1e-06
2012-01-04,0.3251,1.1396,0.0504,0.0002,2.2793,3.4189,2.2674,3.3991,865.515938,6.74438,-3e-06,3.271088,-1e-06
2012-01-05,0.3368,3.5915,0.0505,0.000201,7.1831,10.7746,7.1712,10.7549,896.601333,7.228835,-3e-06,3.505664,-1e-06
2012-01-06,0.3329,-1.1557,0.0507,0.000201,-2.3114,-3.4671,-2.3233,-3.4868,886.239376,7.061749,-3e-06,3.424217,-1e-06
2012-01-09,0.3329,0.0,0.051,0.000202,0.0,0.0,-0.0119,-0.0198,886.239376,7.061749,-3e-06,3.423809,-1e-06
2012-01-10,0.3315,-0.4127,0.0511,0.000203,-0.8253,-1.238,-0.8372,-1.2577,882.582233,7.003467,-3e-06,3.395144,-1e-06
2012-01-11,0.3249,-2.0027,0.0512,0.000203,-4.0055,-6.0082,-4.0174,-6.028,864.906387,6.722944,-3e-06,3.258748,-1e-06
2012-01-12,0.3228,-0.6343,0.0513,0.000204,-1.2685,-1.9028,-1.2804,-1.9226,859.420594,6.637662,-3e-06,3.217021,-1e-06
2012-01-13,0.3143,-2.6241,0.0514,0.000204,-5.2482,-7.8723,-5.2601,-7.8921,836.868505,6.289304,-2e-06,3.047802,-1e-06
2012-01-17,0.3095,-1.5295,0.0519,0.000206,-3.059,-4.5885,-3.0709,-4.6083,824.068506,6.096912,-2e-06,2.954206,-1e-06
2012-01-18,0.32,3.4023,0.052,0.000206,6.8047,10.207,6.7928,10.1873,852.10615,6.511788,-3e-06,3.154879,-1e-06
2012-01-19,0.3285,2.6467,0.0521,0.000207,5.2933,7.94,5.2814,7.9202,874.658477,6.856478,-3e-06,3.321501,-1e-06
2012-01-20,0.3255,-0.9059,0.0522,0.000207,-1.8118,-2.7177,-1.8237,-2.7374,866.735038,6.732253,-3e-06,3.260927,-1e-06
2012-01-23,0.3345,2.7426,0.0525,0.000208,5.4852,8.2278,5.4733,8.208,890.505989,7.101529,-3e-06,3.439405,-1e-06
2012-01-24,0.342,2.2587,0.0526,0.000209,4.5174,6.7762,4.5055,6.7564,910.620036,7.422336,-3e-06,3.594369,-1e-06
2012-01-25,0.34,-0.6024,0.0527,0.000209,-1.2048,-1.8072,-1.2167,-1.827,905.13456,7.332914,-3e-06,3.550636,-1e-06
2012-01-26,0.3368,-0.9428,0.0528,0.00021,-1.8855,-2.8283,-1.8974,-2.8481,896.601333,7.19465,-3e-06,3.483265,-1e-06
2012-01-27,0.3413,1.3596,0.053,0.00021,2.7191,4.0787,2.7072,4.0589,908.791227,7.390283,-3e-06,3.577565,-1e-06
2012-01-30,0.3388,-0.7377,0.0533,0.000211,-1.4755,-2.2132,-1.4874,-2.233,902.08665,7.281239,-3e-06,3.524352,-1e-06
2012-01-31,0.3381,-0.2027,0.0534,0.000212,-0.4053,-0.608,-0.4173,-0.6278,900.258396,7.251726,-3e-06,3.509646,-1e-06
2012-02-01,0.3418,1.0833,0.0535,0.000212,2.1666,3.2499,2.1547,3.2301,910.010803,7.40884,-3e-06,3.585267,-1e-06
2012-02-02,0.3546,3.7508,0.0536,0.000213,7.5016,11.2524,7.4897,11.2326,944.143553,7.964623,-3e-06,3.853793,-1e-06
2012-02-03,0.3622,2.1304,0.0537,0.000213,4.2609,6.3913,4.2489,6.3715,964.257838,8.303984,-4e-06,4.017538,-1e-06
2012-02-06,0.3594,-0.7585,0.054,0.000214,-1.5171,-2.2756,-1.529,-2.2954,956.943473,8.178004,-4e-06,3.956109,-1e-06
2012-02-07,0.3603,0.2547,0.0542,0.000215,0.5095,0.7642,0.4975,0.7444,959.381118,8.219668,-4e-06,3.975792,-1e-06
2012-02-08,0.3734,3.6214,0.0543,0.000215,7.2428,10.8641,7.2308,10.8444,994.123974,8.814999,-4e-06,4.263276,-1e-06
2012-02-09,0.3732,-0.0613,0.0544,0.000216,-0.1226,-0.1839,-0.1345,-0.2037,993.514582,8.804192,-4e-06,4.257541,-1e-06
2012-02-10,0.364,-2.454,0.0545,0.000216,-4.908,-7.362,-4.9199,-7.3818,969.133605,8.37208,-4e-06,4.048072,-1e-06
2012-02-13,0.3697,1.5724,0.0548,0.000217,3.1447,4.7171,3.1328,4.6973,984.371964,8.63536,-4e-06,4.174891,-1e-06
2012-02-14,0.3718,0.5573,0.0549,0.000218,1.1145,1.6718,1.1026,1.652,989.857598,8.731605,-4e-06,4.220924,-1e-06
2012-02-15,0.3702,-0.431,0.055,0.000218,-0.8621,-1.2931,-0.874,-1.3129,985.591064,8.656334,-4e-06,4.184034,-1e-06
2012-02-16,0.3766,1.7316,0.0551,0.000219,3.4631,5.1947,3.4512,5.1749,1002.657122,8.956113,-4e-06,4.328433,-1e-06
2012-02-17,0.3629,-3.6474,0.0552,0.000219,-7.2948,-10.9422,-7.3067,-10.962,966.086092,8.30278,-4e-06,4.012165,-1e-06
2012-02-21,0.3647,0.5047,0.0557,0.000221,1.0095,1.5142,0.9975,1.4944,970.962255,8.386594,-4e-06,4.052188,-1e-06
2012-02-22,0.3622,-0.6905,0.0558,0.000221,-1.381,-2.0715,-1.3929,-2.0913,964.257838,8.270777,-4e-06,3.995745,-1e-06
2012-02-23,0.3642,0.5688,0.0559,0.000222,1.1377,1.7065,1.1258,1.6867,969.742996,8.364873,-4e-06,4.040727,-1e-06
2012-02-24,0.3615,-0.7542,0.056,0.000222,-1.5085,-2.2627,-1.5204,-2.2825,962.42887,8.238692,-4e-06,3.979292,-1e-06
2012-02-27,0.3542,-2.0266,0.0563,0.000224,-4.0531,-6.0797,-4.065,-6.0995,942.924691,7.904768,-3e-06,3.817532,-1e-06
2012-02-28,0.3509,-0.905,0.0564,0.000224,-1.81,-2.715,-1.8219,-2.7348,934.391305,7.761693,-3e-06,3.74798,-1e-06
2012-02-29,0.3468,-1.1742,0.0566,0.000224,-2.3483,-3.5225,-2.3603,-3.5423,923.420035,7.579423,-3e-06,3.659518,-1e-06
2012-03-01,0.3491,0.66,0.0567,0.000225,1.3201,1.9801,1.3081,1.9603,929.514903,7.679477,-3e-06,3.70739,-1e-06
2012-03-02,0.3521,0.8525,0.0568,0.000225,1.7049,2.5574,1.693,2.5375,937.43858,7.810404,-3e-06,3.770155,-1e-06
2012-03-05,0.3402,-3.381,0.0571,0.000227,-6.7619,-10.1429,-6.7739,-10.1627,905.744031,7.282269,-3e-06,3.514769,-1e-06
2012-03-06,0.337,-0.9422,0.0572,0.000227,-1.8843,-2.8265,-1.8963,-2.8463,897.210486,7.145048,-3e-06,3.44812,-1e-06
2012-03-07,0.339,0.6114,0.0573,0.000227,1.2228,1.8343,1.2109,1.8144,902.6962,7.23242,-3e-06,3.489874,-1e-06
2012-03-08,0.3402,0.3376,0.0574,0.000228,0.6753,1.0129,0.6633,0.9931,905.744031,7.281259,-3e-06,3.513023,-1e-06
2012-03-09,0.3393,-0.2692,0.0575,0.000228,-0.5384,-0.8076,-0.5503,-0.8274,903.30583,7.242058,-3e-06,3.49369,-1e-06
2012-03-12,0.334,-1.552,0.0579,0.00023,-3.1039,-4.6559,-3.1159,-4.6757,889.286889,7.01727,-3e-06,3.384832,-1e-06
2012-03-13,0.3386,1.3708,0.058,0.00023,2.7416,4.1124,2.7297,4.0926,901.477259,7.209656,-3e-06,3.477227,-1e-06
2012-03-14,0.329,-2.8397,0.0581,0.000231,-5.6795,-8.5192,-5.6914,-8.539,875.877736,6.800186,-3e-06,3.279324,-1e-06
2012-03-15,0.3338,1.4613,0.0582,0.000231,2.9227,4.384,2.9108,4.3642,888.677339,6.998935,-3e-06,3.374777,-1e-06
2012-03-16,0.3342,0.1372,0.0583,0.000231,0.2744,0.4115,0.2624,0.3917,889.896439,7.018137,-3e-06,3.383633,-1e-06
2012-03-19,0.3352,0.274,0.0586,0.000233,0.548,0.8219,0.536,0.8021,892.334561,7.056594,-3e-06,3.40177,-1e-06
2012-03-20,0.3297,-1.6394,0.0587,0.000233,-3.2787,-4.9181,-3.2906,-4.9379,877.706069,6.825229,-3e-06,3.28983,-1e-06
2012-03-21,0.331,0.4166,0.0589,0.000234,0.8333,1.2499,0.8213,1.2301,881.362974,6.882103,-3e-06,3.316851,-1e-06
2012-03-22,0.3306,-0.1383,0.059,0.000234,-0.2765,-0.4148,-0.2885,-0.4346,880.144429,6.863073,-3e-06,3.307283,-1e-06
2012-03-23,0.3331,0.7617,0.0591,0.000234,1.5235,2.2852,1.5116,2.2654,886.848926,6.967632,-3e-06,3.357275,-1e-06
2012-03-26,0.337,1.1684,0.0594,0.000236,2.3367,3.5051,2.3248,3.4852,897.210486,7.130445,-3e-06,3.435324,-1e-06
2012-03-27,0.3393,0.6794,0.0595,0.000236,1.3587,2.0381,1.3468,2.0183,903.30583,7.227329,-3e-06,3.481591,-1e-06
2012-03-28,0.3471,2.2942,0.0596,0.000237,4.5885,6.8827,4.5765,6.8629,924.029744,7.558952,-3e-06,3.640926,-1e-06
2012-03-29,0.3487,0.4617,0.0597,0.000237,0.9234,1.3852,0.9115,1.3653,928.296199,7.628755,-3e-06,3.674113,-1e-06
2012-03-30,0.3526,1.1162,0.0598,0.000237,2.2324,3.3486,2.2205,3.3288,938.657918,7.79906,-3e-06,3.755696,-1e-06
2012-04-02,0.3509,-0.4545,0.0602,0.000239,-0.9091,-1.3636,-0.921,-1.3835,934.391305,7.72816,-3e-06,3.721105,-1e-06
2012-04-03,0.3452,-1.6308,0.0603,0.000239,-3.2616,-4.8925,-3.2736,-4.9123,919.153025,7.476095,-3e-06,3.599291,-1e-06
2012-04-04,0.3354,-2.8514,0.0604,0.00024,-5.7029,-8.5543,-5.7148,-8.5742,892.943952,7.049742,-3e-06,3.393598,-1e-06
2012-04-05,0.3349,-0.1365,0.0605,0.00024,-0.273,-0.4095,-0.2849,-0.4293,891.725169,7.030498,-3e-06,3.383929,-1e-06
2012-04-09,0.3306,-1.2987,0.0609,0.000242,-2.5974,-3.8961,-2.6093,-3.9159,880.144429,6.847889,-3e-06,3.295631,-1e-06
2012-04-10,0.3242,-1.9391,0.061,0.000242,-3.8782,-5.8172,-3.8901,-5.8371,863.077737,6.582317,-3e-06,3.167427,-1e-06
2012-04-11,0.3283,1.2712,0.0611,0.000243,2.5423,3.8135,2.5304,3.7936,874.048847,6.749661,-3e-06,3.247575,-1e-06
2012-04-12,0.3361,2.371,0.0613,0.000243,4.7421,7.1131,4.7301,7.0933,894.772841,7.069734,-3e-06,3.401189,-1e-06
2012-04-13,0.3242,-3.5423,0.0614,0.000244,-7.0845,-10.6268,-7.0965,-10.6466,863.077737,6.568879,-2e-06,3.159825,-1e-06
2012-04-16,0.3203,-1.2006,0.0617,0.000245,-2.4011,-3.6017,-2.4131,-3.6216,852.715859,6.411151,-2e-06,3.083576,-1e-06
2012-04-17,0.321,0.2144,0.0618,0.000245,0.4289,0.6433,0.4169,0.6235,854.54443,6.438647,-2e-06,3.096432,-1e-06
2012-04-18,0.3175,-1.0699,0.0619,0.000246,-2.1398,-3.2097,-2.1517,-3.2295,845.401732,6.300874,-2e-06,3.029805,-1e-06
2012-04-19,0.3127,-1.514,0.062,0.000246,-3.0281,-4.5421,-3.04,-4.562,832.601971,6.110078,-2e-06,2.937698,-1e-06
2012-04-20,0.3065,-1.9766,0.0621,0.000247,-3.9533,-5.9299,-3.9652,-5.9497,816.144511,5.86853,-2e-06,2.821212,-1e-06
2012-04-23,0.3029,-1.1949,0.0625,0.000248,-2.3898,-3.5846,-2.4017,-3.6045,806.392581,5.728287,-2e-06,2.753454,-1e-06
2012-04-24,0.2935,-3.0991,0.0626,0.000248,-6.1981,-9.2972,-6.2101,-9.317,781.401973,5.373241,-2e-06,2.582463,-0.0
2012-04-25,0.2994,2.0281,0.0627,0.000249,4.0562,6.0843,4.0442,6.0644,797.249565,5.59119,-2e-06,2.686904,-1e-06
2012-04-26,0.2997,0.0765,0.0628,0.000249,0.153,0.2295,0.141,0.2096,797.859433,5.599744,-2e-06,2.690693,-1e-06
2012-04-27,0.2972,-0.8404,0.0629,0.00025,-1.6808,-2.5211,-1.6927,-2.541,791.15438,5.505625,-2e-06,2.645147,-0.0
2012-04-30,0.2976,0.1541,0.0632,0.000251,0.3082,0.4623,0.2962,0.4424,792.373481,5.522593,-2e-06,2.652983,-0.0
2012-05-01,0.3029,1.7693,0.0633,0.000251,3.5385,5.3078,3.5266,5.2879,806.392581,5.71801,-2e-06,2.746542,-1e-06
2012-05-02,0.2942,-2.8723,0.0634,0.000252,-5.7445,-8.6168,-5.7565,-8.6367,783.230783,5.389536,-2e-06,2.588437,-0.0
2012-05-03,0.2891,-1.7121,0.0636,0.000252,-3.4241,-5.1362,-3.4361,-5.1561,769.821392,5.204992,-2e-06,2.499496,-0.0
2012-05-04,0.2807,-2.9296,0.0637,0.000253,-5.8591,-8.7887,-5.8711,-8.8086,747.268986,4.900025,-2e-06,2.352749,-0.0
2012-05-07,0.2855,1.713,0.064,0.000254,3.426,5.139,3.414,5.1191,760.06962,5.067899,-2e-06,2.433072,-0.0
2012-05-08,0.2852,-0.0802,0.0641,0.000254,-0.1605,-0.2407,-0.1725,-0.2606,759.459673,5.059765,-2e-06,2.428876,-0.0
2012-05-09,0.2864,0.4013,0.0642,0.000255,0.8025,1.2038,0.7906,1.1839,762.507186,5.100372,-2e-06,2.448078,-0.0
2012-05-10,0.2843,-0.7194,0.0643,0.000255,-1.4389,-2.1583,-1.4508,-2.1782,757.021472,5.026985,-2e-06,2.412561,-0.0
2012-05-11,0.3024,6.3607,0.0644,0.000256,12.7214,19.0821,12.7094,19.0622,805.173322,5.666487,-2e-06,2.719184,-1e-06
2012-05-14,0.3006,-0.6056,0.0648,0.000257,-1.2111,-1.8167,-1.2231,-1.8366,800.297475,5.597859,-2e-06,2.685926,-1e-06
2012-05-15,0.2976,-0.9901,0.0649,0.000257,-1.9803,-2.9704,-1.9922,-2.9903,792.373481,5.487006,-2e-06,2.632416,-0.0
2012-05-16,0.2917,-2.0,0.065,0.000258,-4.0,-6.0,-4.0119,-6.0198,776.526127,5.267528,-2e-06,2.526805,-0.0
2012-05-17,0.2896,-0.7064,0.0651,0.000258,-1.4129,-2.1193,-1.4248,-2.1392,771.040492,5.193105,-2e-06,2.490802,-0.0
2012-05-18,0.2765,-4.5059,0.0652,0.000259,-9.0119,-13.5178,-9.0238,-13.5377,736.297875,4.725108,-1e-06,2.266036,-0.0
2012-05-21,0.2814,1.7384,0.0655,0.00026,3.4769,5.2153,3.4649,5.1954,749.097874,4.889394,-2e-06,2.344552,-0.0
2012-05-22,0.2779,-1.2205,0.0656,0.00026,-2.441,-3.6615,-2.453,-3.6814,739.955176,4.770044,-2e-06,2.287041,-0.0
2012-05-23,0.2848,2.4711,0.0657,0.000261,4.9422,7.4134,4.9303,7.3935,758.240334,5.005791,-2e-06,2.399798,-0.0
2012-05-24,0.2772,-2.6527,0.0658,0.000261,-5.3053,-7.958,-5.3173,-7.9779,738.126764,4.740217,-1e-06,2.272194,-0.0
2012-05-25,0.2839,2.3947,0.066,0.000262,4.7893,7.184,4.7774,7.1641,755.802451,4.967242,-2e-06,2.380745,-0.0
2012-05-29,0.2912,2.5807,0.0664,0.000263,5.1614,7.7421,5.1494,7.7222,775.307344,5.22362,-2e-06,2.503339,-0.0
2012-05-30,0.2878,-1.1793,0.0665,0.000264,-2.3586,-3.5379,-2.3706,-3.5578,766.164091,5.100415,-2e-06,2.443995,-0.0
2012-05-31,0.2846,-1.1137,0.0666,0.000264,-2.2274,-3.3411,-2.2394,-3.361,757.63126,4.986807,-2e-06,2.389265,-0.0
2012-06-01,0.2743,-3.6203,0.0667,0.000265,-7.2406,-10.8609,-7.2526,-10.8808,730.20269,4.625732,-1e-06,2.215981,-0.0
2012-06-04,0.2685,-2.0868,0.067,0.000266,-4.1736,-6.2604,-4.1856,-6.2803,714.964728,4.432671,-1e-06,2.123229,-0.0
2012-06-05,0.2763,2.8986,0.0672,0.000267,5.7971,8.6957,5.7852,8.6758,735.688483,4.68964,-1e-06,2.246062,-0.0
2012-06-06,0.2836,2.6512,0.0673,0.000267,5.3024,7.9536,5.2904,7.9337,755.193059,4.938303,-2e-06,2.364888,-0.0
2012-06-07,0.2722,-4.0355,0.0674,0.000267,-8.0711,-12.1066,-8.083,-12.1265,724.716976,4.539729,-1e-06,2.173733,-0.0
2012-06-08,0.2775,1.9344,0.0675,0.000268,3.8688,5.8032,3.8569,5.7833,738.735997,4.715363,-1e-06,2.257571,-0.0
2012-06-11,0.2807,1.1551,0.0678,0.000269,2.3102,3.4652,2.2982,3.4453,747.268986,4.824296,-2e-06,2.309454,-0.0
2012-06-12,0.2864,2.0392,0.0679,0.00027,4.0784,6.1176,4.0664,6.0977,762.507186,5.021048,-2e-06,2.403365,-0.0
2012-06-13,0.2788,-2.6379,0.068,0.00027,-5.2758,-7.9137,-5.2878,-7.9336,742.39306,4.756149,-1e-06,2.276281,-0.0
2012-06-14,0.2754,-1.2316,0.0681,0.00027,-2.4632,-3.6948,-2.4752,-3.7147,733.249806,4.638996,-1e-06,2.21994,-0.0
2012-06-15,0.2814,2.1613,0.0683,0.000271,4.3227,6.484,4.3107,6.4641,749.097874,4.839525,-2e-06,2.315635,-0.0
2012-06-18,0.2839,0.895,0.0686,0.000272,1.79,2.6851,1.7781,2.6652,755.802451,4.926155,-2e-06,2.356808,-0.0
2012-06-19,0.3031,6.7742,0.0687,0.000273,13.5484,20.3226,13.5365,20.3027,807.002131,5.593571,-2e-06,2.675836,-0.0
2012-06-20,0.3079,1.5861,0.0688,0.000273,3.1722,4.7582,3.1602,4.7383,819.801813,5.771008,-2e-06,2.760398,-1e-06
2012-06-21,0.2939,-4.5353,0.0689,0.000273,-9.0706,-13.6059,-9.0826,-13.6259,782.621233,5.247542,-2e-06,2.509682,-0.0
2012-06-22,0.2976,1.2461,0.069,0.000274,2.4922,3.7383,2.4802,3.7184,792.373481,5.378321,-2e-06,2.571927,-0.0
2012-06-25,0.2882,-3.1539,0.0693,0.000275,-6.3077,-9.4616,-6.3197,-9.4815,767.383032,5.03907,-2e-06,2.409388,-0.0
2012-06-26,0.2914,1.112,0.0695,0.000276,2.2241,3.3361,2.2121,3.3162,775.916656,5.151143,-2e-06,2.462687,-0.0
2012-06-27,0.3008,3.2207,0.0696,0.000276,6.4414,9.6621,6.4294,9.6422,800.906708,5.482951,-2e-06,2.621024,-0.0
2012-06-28,0.3031,0.7611,0.0697,0.000276,1.5221,2.2832,1.5101,2.2633,807.002131,5.566408,-2e-06,2.660605,-0.0
2012-06-29,0.3164,4.3807,0.0698,0.000277,8.7613,13.142,8.7493,13.1221,842.35414,6.054099,-2e-06,2.89339,-1e-06
2012-07-02,0.3079,-2.6773,0.0701,0.000278,-5.3546,-8.0319,-5.3666,-8.0518,819.801813,5.729926,-2e-06,2.738114,-0.0
2012-07-03,0.3159,2.6023,0.0702,0.000279,5.2045,7.8068,5.1925,7.7868,841.135119,6.028141,-2e-06,2.880291,-1e-06
2012-07-05,0.3127,-1.0145,0.0704,0.00028,-2.029,-3.0434,-2.0409,-3.0634,832.601971,5.905832,-2e-06,2.821506,-1e-06
2012-07-06,0.3068,-1.9034,0.0705,0.00028,-3.8068,-5.7102,-3.8188,-5.7301,816.7543,5.68101,-2e-06,2.713759,-0.0
2012-07-09,0.3026,-1.3433,0.0709,0.000281,-2.6866,-4.0299,-2.6986,-4.0498,805.782872,5.528384,-2e-06,2.640526,-0.0
2012-07-10,0.2935,-3.0257,0.071,0.000282,-6.0515,-9.0772,-6.0635,-9.0971,781.401973,5.193835,-2e-06,2.480419,-0.0
2012-07-11,0.2887,-1.6381,0.0711,0.000282,-3.2761,-4.9142,-3.2881,-4.9341,768.602212,5.02368,-2e-06,2.39886,-0.0
2012-07-12,0.2839,-1.6653,0.0712,0.000283,-3.3307,-4.996,-3.3426,-5.0159,755.802451,4.856358,-1e-06,2.318675,-0.0
2012-07-13,0.2875,1.2904,0.0713,0.000283,2.5808,3.8712,2.5688,3.8513,765.555334,4.981691,-2e-06,2.378237,-0.0
2012-07-16,0.2885,0.3184,0.0716,0.000284,0.6368,0.9552,0.6248,0.9352,767.992741,5.013413,-2e-06,2.393096,-0.0
2012-07-17,0.2832,-1.8254,0.0717,0.000285,-3.6508,-5.4762,-3.6628,-5.4961,753.9738,4.830383,-1e-06,2.305442,-0.0
2012-07-18,0.299,5.5781,0.0719,0.000285,11.1561,16.7342,11.1441,16.7143,796.030941,5.369267,-2e-06,2.562363,-0.0
2012-07-19,0.302,0.9953,0.072,0.000286,1.9907,2.986,1.9787,2.9661,803.954221,5.476153,-2e-06,2.613065,-0.0
2012-07-20,0.2933,-2.8809,0.0721,0.000286,-5.7619,-8.6428,-5.7739,-8.6627,780.79282,5.160624,-2e-06,2.46219,-0.0
2012-07-23,0.2972,1.3271,0.0724,0.000287,2.6541,3.9812,2.6421,3.9612,791.15438,5.297593,-2e-06,2.527244,-0.0
2012-07-24,0.2939,-1.0786,0.0725,0.000288,-2.1571,-3.2357,-2.1691,-3.2556,782.621233,5.183316,-2e-06,2.472425,-0.0
2012-07-25,0.2997,1.9471,0.0726,0.000288,3.8941,5.8412,3.8821,5.8213,797.859433,5.385162,-2e-06,2.568408,-0.0
2012-07-26,0.301,0.4584,0.0727,0.000289,0.9167,1.3751,0.9047,1.3551,801.516496,5.434529,-2e-06,2.591645,-0.0
2012-07-27,0.3086,2.5095,0.0728,0.000289,5.019,7.5286,5.007,7.5086,821.630702,5.70729,-2e-06,2.72141,-0.0
2012-07-30,0.3052,-1.1128,0.0732,0.00029,-2.2256,-3.3384,-2.2376,-3.3583,812.487607,5.580269,-2e-06,2.660516,-0.0
2012-07-31,0.31,1.5754,0.0733,0.000291,3.1508,4.7262,3.1388,4.7062,825.287448,5.756091,-2e-06,2.744024,-0.0
2012-08-01,0.3065,-1.1078,0.0734,0.000291,-2.2157,-3.3235,-2.2277,-3.3435,816.144511,5.628553,-2e-06,2.682895,-0.0
2012-08-02,0.3077,0.3734,0.0735,0.000292,0.7469,1.1203,0.7349,1.1004,819.192342,5.670592,-2e-06,2.702611,-0.0
2012-08-03,0.3141,2.0833,0.0736,0.000292,4.1667,6.25,4.1547,6.2301,836.258955,5.906868,-2e-06,2.814897,-1e-06
2012-08-06,0.3207,2.1137,0.0739,0.000293,4.2274,6.3411,4.2154,6.3212,853.935039,6.156576,-2e-06,2.933556,-1e-06
2012-08-07,0.3239,0.9993,0.074,0.000294,1.9985,2.9978,1.9865,2.9778,862.468028,6.279616,-2e-06,2.991832,-1e-06
2012-08-08,0.3258,0.5654,0.0742,0.000294,1.1307,1.6961,1.1187,1.6762,867.344192,6.350622,-2e-06,3.025303,-1e-06
2012-08-09,0.3368,3.3732,0.0743,0.000295,6.7464,10.1196,6.7344,10.0996,896.601333,6.779059,-2e-06,3.229038,-1e-06
2012-08-10,0.3347,-0.6118,0.0744,0.000295,-1.2237,-1.8355,-1.2357,-1.8555,891.115619,6.696106,-2e-06,3.189138,-1e-06
2012-08-13,0.339,1.2996,0.0747,0.000296,2.5991,3.8987,2.5871,3.8787,902.6962,6.870146,-2e-06,3.271644,-1e-06
2012-08-14,0.334,-1.4855,0.0748,0.000297,-2.9709,-4.4564,-2.9829,-4.4764,889.286889,6.666037,-2e-06,3.174053,-1e-06
2012-08-15,0.3315,-0.7539,0.0749,0.000297,-1.5079,-2.2618,-1.5199,-2.2818,882.582233,6.565522,-2e-06,3.125811,-1e-06
2012-08-16,0.3384,2.0718,0.075,0.000298,4.1436,6.2155,4.1316,6.1955,900.867788,6.837574,-2e-06,3.254959,-1e-06
2012-08-17,0.3354,-0.8796,0.0751,0.000298,-1.7592,-2.6387,-1.7712,-2.6587,892.943952,6.717291,-2e-06,3.197308,-1e-06
2012-08-20,0.3354,0.0,0.0755,0.000299,0.0,0.0,-0.012,-0.02,892.943952,6.717291,-2e-06,3.196924,-1e-06
2012-08-21,0.3345,-0.273,0.0756,0.0003,-0.5461,-0.8191,-0.5581,-0.839,890.505989,6.680611,-2e-06,3.179084,-1e-06
2012-08-22,0.3352,0.2053,0.0757,0.0003,0.4107,0.616,0.3987,0.5961,892.334561,6.708047,-2e-06,3.191758,-1e-06
2012-08-23,0.3276,-2.2541,0.0758,0.000301,-4.5082,-6.7623,-4.5202,-6.7823,872.220355,6.405633,-2e-06,3.047483,-1e-06
2012-08-24,0.3342,2.0266,0.0759,0.000301,4.0531,6.0797,4.0411,6.0597,889.896439,6.665262,-2e-06,3.170635,-1e-06
2012-08-27,0.3285,-1.7123,0.0762,0.000302,-3.4247,-5.137,-3.4367,-5.157,874.658477,6.436999,-2e-06,3.061671,-1e-06
2012-08-28,0.3271,-0.4181,0.0763,0.000303,-0.8362,-1.2543,-0.8482,-1.2743,871.001414,6.383171,-2e-06,3.035701,-1e-06
2012-08-29,0.3278,0.2099,0.0764,0.000303,0.4198,0.6297,0.4078,0.6098,872.829747,6.409969,-2e-06,3.048081,-1e-06
2012-08-30,0.3216,-1.8854,0.0766,0.000304,-3.7709,-5.6563,-3.7829,-5.6763,856.373002,6.168256,-2e-06,2.932775,-1e-06
2012-08-31,0.3212,-0.1423,0.0767,0.000304,-0.2847,-0.427,-0.2967,-0.447,855.154139,6.150698,-2e-06,2.924074,-1e-06
2012-09-04,0.304,-5.3457,0.0771,0.000306,-10.6915,-16.0372,-10.7035,-16.0572,809.439935,5.493099,-2e-06,2.611097,-0.0
2012-09-05,0.3049,0.3012,0.0772,0.000306,0.6025,0.9037,0.5905,0.8837,811.878295,5.526194,-2e-06,2.626515,-0.0
2012-09-06,0.3143,3.0781,0.0773,0.000307,6.1561,9.2342,6.1441,9.2142,836.868505,5.866394,-2e-06,2.787891,-0.0
2012-09-07,0.3068,-2.4035,0.0774,0.000307,-4.807,-7.2105,-4.819,-7.2305,816.7543,5.584396,-2e-06,2.653542,-0.0
2012-09-10,0.304,-0.8955,0.0778,0.000309,-1.7911,-2.6866,-1.8031,-2.7066,809.439935,5.484375,-2e-06,2.605696,-0.0
2012-09-11,0.3077,1.2048,0.0779,0.000309,2.4097,3.6145,2.3977,3.5945,819.192342,5.61653,-2e-06,2.668172,-0.0
2012-09-12,0.3111,1.1161,0.078,0.000309,2.2321,3.3482,2.2201,3.3282,828.33504,5.741898,-2e-06,2.727408,-0.0
2012-09-13,0.3132,0.6623,0.0781,0.00031,1.3246,1.9868,1.3125,1.9668,833.820913,5.817952,-2e-06,2.763206,-0.0
2012-09-14,0.3168,1.1696,0.0782,0.00031,2.3391,3.5087,2.3271,3.4887,843.573002,5.954042,-2e-06,2.827509,-1e-06
2012-09-17,0.3081,-2.7456,0.0785,0.000312,-5.4913,-8.2369,-5.5033,-8.2569,820.411442,5.627088,-2e-06,2.671902,-0.0
2012-09-18,0.3102,0.6686,0.0786,0.000312,1.3373,2.0059,1.3253,1.9859,825.897077,5.702338,-2e-06,2.707312,-0.0
2012-09-19,0.3139,1.1808,0.0787,0.000312,2.3616,3.5424,2.3496,3.5224,835.649246,5.837004,-2e-06,2.770923,-0.0
2012-09-20,0.3116,-0.7294,0.0789,0.000313,-1.4587,-2.1881,-1.4707,-2.2081,829.554378,5.751859,-2e-06,2.73017,-0.0
2012-09-21,0.3129,0.4408,0.079,0.000313,0.8816,1.3225,0.8696,1.3025,833.211204,5.802569,-2e-06,2.753912,-0.0
2012-09-24,0.3127,-0.0731,0.0793,0.000315,-0.1462,-0.2194,-0.1583,-0.2394,832.601971,5.794084,-2e-06,2.749554,-0.0
2012-09-25,0.307,-1.8302,0.0794,0.000315,-3.6604,-5.4906,-3.6724,-5.5106,817.363771,5.581998,-2e-06,2.648579,-0.0
2012-09-26,0.3017,-1.7152,0.0795,0.000316,-3.4303,-5.1455,-3.4423,-5.1654,803.34475,5.390519,-2e-06,2.557406,-0.0
2012-09-27,0.304,0.7587,0.0796,0.000316,1.5175,2.2762,1.5054,2.2562,809.439935,5.472317,-2e-06,2.595906,-0.0
2012-09-28,0.3054,0.4518,0.0797,0.000316,0.9036,1.3554,0.8916,1.3354,813.097078,5.521767,-2e-06,2.619051,-0.0
2012-10-01,0.3004,-1.6492,0.0801,0.000318,-3.2984,-4.9476,-3.3104,-4.9676,799.687449,5.339636,-2e-06,2.532349,-0.0
2012-10-02,0.3015,0.3811,0.0802,0.000318,0.7623,1.1434,0.7503,1.1234,802.735438,5.38034,-2e-06,2.551349,-0.0
2012-10-03,0.2985,-0.9871,0.0803,0.000319,-1.9742,-2.9613,-1.9862,-2.9813,794.811682,5.274122,-2e-06,2.500674,-0.0
2012-10-04,0.3118,4.4478,0.0804,0.000319,8.8957,13.3435,8.8836,13.3235,830.163611,5.743291,-2e-06,2.722825,-0.0
2012-10-05,0.3045,-2.3495,0.0805,0.000319,-4.6989,-7.0484,-4.711,-7.0684,810.659194,5.473417,-2e-06,2.594554,-0.0
2012-10-08,0.3015,-0.9774,0.0808,0.000321,-1.9549,-2.9323,-1.9669,-2.9523,802.735438,5.366418,-2e-06,2.543521,-0.0
2012-10-09,0.2951,-2.126,0.0809,0.000321,-4.252,-6.378,-4.264,-6.398,785.669222,5.138237,-2e-06,2.435064,-0.0
2012-10-10,0.2901,-1.7068,0.081,0.000322,-3.4136,-5.1204,-3.4256,-5.1404,772.259514,4.962839,-1e-06,2.351648,-0.0
2012-10-11,0.2917,0.5525,0.0811,0.000322,1.105,1.6575,1.0929,1.6374,776.526127,5.017677,-2e-06,2.37735,-0.0
2012-10-12,0.2891,-0.8634,0.0813,0.000322,-1.7269,-2.5903,-1.7389,-2.6103,769.821392,4.931029,-1e-06,2.336011,-0.0
2012-10-15,0.2928,1.2668,0.0816,0.000324,2.5336,3.8004,2.5216,3.7804,779.573481,5.055962,-2e-06,2.394915,-0.0
2012-10-16,0.3013,2.8929,0.0817,0.000324,5.7858,8.6787,5.7738,8.6587,802.125729,5.348489,-2e-06,2.533192,-0.0
2012-10-17,0.299,-0.7598,0.0818,0.000325,-1.5197,-2.2795,-1.5317,-2.2995,796.030941,5.26721,-2e-06,2.494391,-0.0
2012-10-18,0.2944,-1.5314,0.0819,0.000325,-3.0629,-4.5943,-3.0749,-4.6143,783.840174,5.105881,-2e-06,2.417691,-0.0
2012-10-19,0.2772,-5.832,0.082,0.000325,-11.664,-17.4959,-11.676,-17.516,738.126764,4.510333,-1e-06,2.135401,-0.0
2012-10-22,0.274,-1.1561,0.0823,0.000327,-2.3122,-3.4682,-2.3242,-3.4882,729.593457,4.406048,-1e-06,2.085771,-0.0
2012-10-23,0.2823,3.0075,0.0825,0.000327,6.015,9.0225,6.003,9.0025,751.535996,4.671072,-1e-06,2.210979,-0.0
2012-10-24,0.2786,-1.2976,0.0826,0.000328,-2.5953,-3.8929,-2.6073,-3.9129,741.783748,4.549844,-1e-06,2.153332,-0.0
2012-10-25,0.2788,0.0821,0.0827,0.000328,0.1643,0.2464,0.1522,0.2264,742.39306,4.557319,-1e-06,2.15661,-0.0
2012-10-26,0.2759,-1.0673,0.0828,0.000329,-2.1346,-3.2019,-2.1467,-3.222,734.469383,4.460037,-1e-06,2.110315,-0.0
2012-10-31,0.2743,-0.5809,0.0833,0.000331,-1.1618,-1.7428,-1.1739,-1.7628,730.20269,4.408218,-1e-06,2.085542,-0.0
2012-11-01,0.2873,4.7579,0.0834,0.000331,9.5159,14.2738,9.5038,14.2538,764.945228,4.827698,-1e-06,2.283748,-0.0
2012-11-02,0.2859,-0.4781,0.0836,0.000332,-0.9561,-1.4342,-0.9682,-1.4542,761.288324,4.781539,-1e-06,2.261638,-0.0
2012-11-05,0.2981,4.2434,0.0839,0.000333,8.4867,12.7301,8.4747,12.71,793.592502,5.187335,-2e-06,2.453305,-0.0
2012-11-06,0.2978,-0.0768,0.084,0.000333,-0.1536,-0.2305,-0.1657,-0.2505,792.982872,5.179365,-2e-06,2.44924,-0.0
2012-11-07,0.2887,-3.0746,0.0841,0.000334,-6.1491,-9.2237,-6.1611,-9.2437,768.602212,4.860881,-1e-06,2.298339,-0.0
2012-11-08,0.2903,0.5551,0.0842,0.000334,1.1103,1.6654,1.0982,1.6454,772.869064,4.91485,-1e-06,2.32358,-0.0
2012-11-09,0.2791,-3.8644,0.0843,0.000335,-7.7288,-11.5931,-7.7408,-11.6132,743.002451,4.534993,-1e-06,2.143716,-0.0
2012-11-12,0.2729,-2.2149,0.0846,0.000336,-4.4298,-6.6447,-4.4419,-6.6648,726.545627,4.334101,-1e-06,2.048496,-0.0
2012-11-13,0.2708,-0.7551,0.0848,0.000336,-1.5101,-2.2652,-1.5222,-2.2852,721.059754,4.268651,-1e-06,2.017314,-0.0
2012-11-14,0.2642,-2.4513,0.0849,0.000337,-4.9027,-7.354,-4.9147,-7.3741,703.384146,4.059373,-1e-06,1.918169,-0.0
2012-11-15,0.2653,0.4333,0.085,0.000337,0.8666,1.2998,0.8545,1.2798,706.431739,4.09455,-1e-06,1.93456,-0.0
2012-11-16,0.2605,-1.812,0.0851,0.000338,-3.6239,-5.4359,-3.636,-5.4559,693.631501,3.946167,-1e-06,1.86422,-0.0
2012-11-19,0.2678,2.812,0.0854,0.000339,5.6239,8.4359,5.6119,8.4159,713.136236,4.168097,-1e-06,1.968838,-0.0
2012-11-20,0.2647,-1.1613,0.0855,0.000339,-2.3226,-3.4839,-2.3347,-3.504,704.854541,4.071288,-1e-06,1.922872,-0.0
2012-11-21,0.2723,2.8721,0.0856,0.00034,5.7441,8.6162,5.7321,8.5962,725.098481,4.305149,-1e-06,2.033093,-0.0
2012-11-23,0.2742,0.6768,0.0858,0.000341,1.3535,2.0303,1.3415,2.0102,730.005669,4.36342,-1e-06,2.060367,-0.0
2012-11-26,0.279,1.7648,0.0862,0.000342,3.5296,5.2943,3.5175,5.2743,742.888667,4.51743,-1e-06,2.132841,-0.0
2012-11-27,0.2802,0.4129,0.0863,0.000342,0.8257,1.2386,0.8137,1.2185,745.955779,4.554731,-1e-06,2.150195,-0.0
2012-11-28,0.2825,0.8224,0.0864,0.000343,1.6448,2.4672,1.6327,2.4471,752.090479,4.629647,-1e-06,2.185302,-0.0
2012-11-29,0.2774,-1.7945,0.0865,0.000343,-3.589,-5.3835,-3.6011,-5.4036,738.594202,4.463489,-1e-06,2.106608,-0.0
2012-11-30,0.2758,-0.5814,0.0866,0.000344,-1.1627,-1.7441,-1.1748,-1.7641,734.300293,4.411591,-1e-06,2.08186,-0.0
2012-12-03,0.2707,-1.8379,0.0869,0.000345,-3.6758,-5.5137,-3.6879,-5.5338,720.804492,4.249428,-1e-06,2.005084,-0.0
2012-12-04,0.2788,2.9787,0.087,0.000345,5.9575,8.9362,5.9454,8.9161,742.275308,4.502586,-1e-06,2.124294,-0.0
2012-12-05,0.2756,-1.157,0.0872,0.000346,-2.3141,-3.4711,-2.3261,-3.4912,733.686934,4.398393,-1e-06,2.074881,-0.0
2012-12-06,0.276,0.1672,0.0873,0.000346,0.3345,0.5017,0.3224,0.4816,734.91389,4.413104,-1e-06,2.08157,-0.0
2012-12-07,0.2756,-0.167,0.0874,0.000347,-0.3339,-0.5009,-0.346,-0.5209,733.686934,4.398369,-1e-06,2.074369,-0.0
2012-12-10,0.2848,3.3444,0.0877,0.000348,6.6889,10.0333,6.6768,10.0132,758.224544,4.692569,-1e-06,2.21287,-0.0
2012-12-11,0.2915,2.3463,0.0878,0.000348,4.6926,7.0389,4.6806,7.0189,776.014889,4.912774,-1e-06,2.316445,-0.0
2012-12-12,0.2885,-1.0277,0.0879,0.000349,-2.0553,-3.083,-2.0674,-3.1031,768.040033,4.8118,-1e-06,2.268555,-0.0
2012-12-13,0.2887,0.0799,0.088,0.000349,0.1598,0.2397,0.1477,0.2196,768.653709,4.81949,-1e-06,2.271907,-0.0
2012-12-14,0.2901,0.4788,0.0881,0.00035,0.9576,1.4364,0.9455,1.4163,772.333942,4.86564,-1e-06,2.293389,-0.0
2012-12-17,0.2889,-0.3971,0.0885,0.000351,-0.7942,-1.1913,-0.8063,-1.2114,769.266988,4.826997,-1e-06,2.274898,-0.0
2012-12-18,0.2894,0.1595,0.0886,0.000352,0.319,0.4785,0.307,0.4585,770.494024,4.842396,-1e-06,2.281881,-0.0
2012-12-19,0.2915,0.7165,0.0887,0.000352,1.4331,2.1496,1.421,2.1295,776.014889,4.911791,-1e-06,2.314307,-0.0
2012-12-20,0.2912,-0.0791,0.0888,0.000352,-0.1582,-0.2372,-0.1702,-0.2573,775.401213,4.904022,-1e-06,2.310367,-0.0
2012-12-21,0.2846,-2.2943,0.0889,0.000353,-4.5885,-6.8828,-4.6006,-6.9029,757.611423,4.678999,-1e-06,2.204077,-0.0
2012-12-24,0.2822,-0.8097,0.0892,0.000354,-1.6195,-2.4292,-1.6315,-2.4493,751.476802,4.603225,-1e-06,2.168116,-0.0
2012-12-26,0.282,-0.0817,0.0895,0.000355,-0.1633,-0.245,-0.1754,-0.265,750.863205,4.595707,-1e-06,2.164314,-0.0
2012-12-27,0.2802,-0.6536,0.0896,0.000355,-1.3071,-1.9607,-1.3192,-1.9808,745.955779,4.535635,-1e-06,2.135763,-0.0
2012-12-28,0.2788,-0.4934,0.0897,0.000356,-0.9868,-1.4802,-0.9988,-1.5002,742.275308,4.490878,-1e-06,2.11443,-0.0
2012-12-31,0.2825,1.3223,0.09,0.000357,2.6446,3.9669,2.6326,3.9468,752.090479,4.609645,-1e-06,2.170093,-0.0
2013-01-02,0.2931,3.752,0.0898,0.000356,7.5041,11.2561,7.492,11.236,780.309115,4.955555,-1e-06,2.332676,-0.0
2013-01-03,0.2933,0.0786,0.0898,0.000356,0.1571,0.2357,0.1451,0.2156,780.922236,4.963342,-1e-06,2.336061,-0.0
2013-01-04,0.303,3.2994,0.0897,0.000356,6.5987,9.8981,6.5866,9.878,806.687596,5.290859,-2e-06,2.489929,-0.0
2013-01-07,0.2942,-2.8898,0.0894,0.000355,-5.7795,-8.6693,-5.7916,-8.6894,783.376227,4.985072,-1e-06,2.345722,-0.0
2013-01-08,0.2878,-2.1926,0.0893,0.000355,-4.3853,-6.5779,-4.3974,-6.598,766.199559,4.766462,-1e-06,2.242573,-0.0
2013-01-09,0.2813,-2.2418,0.0893,0.000354,-4.4836,-6.7254,-4.4957,-6.7455,749.022811,4.552752,-1e-06,2.141754,-0.0
2013-01-10,0.2818,0.1638,0.0892,0.000354,0.3276,0.4914,0.3156,0.4713,750.249767,4.567667,-1e-06,2.148512,-0.0
2013-01-11,0.2813,-0.1635,0.0891,0.000354,-0.3271,-0.4906,-0.3391,-0.5107,749.022811,4.552727,-1e-06,2.141226,-0.0
2013-01-14,0.2811,-0.0819,0.0888,0.000353,-0.1637,-0.2456,-0.1758,-0.2657,748.409611,4.545273,-1e-06,2.137461,-0.0
2013-01-15,0.276,-1.8033,0.0888,0.000352,-3.6065,-5.4098,-3.6186,-5.4298,734.91389,4.381347,-1e-06,2.060116,-0.0
2013-01-16,0.2786,0.9182,0.0887,0.000352,1.8364,2.7545,1.8243,2.7345,741.661711,4.461805,-1e-06,2.097699,-0.0
2013-01-17,0.2822,1.3234,0.0886,0.000352,2.6468,3.9702,2.6347,3.9501,751.476802,4.579899,-1e-06,2.152967,-0.0
2013-01-18,0.2804,-0.653,0.0885,0.000351,-1.3061,-1.9591,-1.3182,-1.9792,746.569296,4.520081,-1e-06,2.124588,-0.0
2013-01-22,0.279,-0.493,0.0882,0.00035,-0.986,-1.479,-0.9981,-1.4991,742.888667,4.475513,-1e-06,2.103383,-0.0
2013-01-23,0.2795,0.1651,0.0881,0.00035,0.3303,0.4954,0.3182,0.4753,744.115384,4.490293,-1e-06,2.110076,-0.0
2013-01-24,0.2809,0.4946,0.088,0.000349,0.9893,1.4839,0.9772,1.4639,747.796093,4.534715,-1e-06,2.130696,-0.0
2013-01-25,0.2859,1.8048,0.0879,0.000349,3.6096,5.4143,3.5975,5.3943,761.292132,4.698398,-1e-06,2.207348,-0.0
2013-01-28,0.2905,1.6116,0.0877,0.000348,3.2232,4.8348,3.2111,4.8147,773.561056,4.849836,-1e-06,2.278229,-0.0
2013-01-29,0.2843,-2.1412,0.0876,0.000348,-4.2824,-6.4236,-4.2944,-6.4436,756.997668,4.642148,-1e-06,2.180392,-0.0
2013-01-30,0.2839,-0.1621,0.0875,0.000347,-0.3241,-0.4862,-0.3362,-0.5062,755.77095,4.627102,-1e-06,2.173062,-0.0
2013-01-31,0.2825,-0.487,0.0875,0.000347,-0.974,-1.4609,-0.986,-1.481,752.090479,4.582036,-1e-06,2.151636,-0.0
2013-02-01,0.285,0.8972,0.0874,0.000347,1.7944,2.6916,1.7824,2.6716,758.8383,4.664257,-1e-06,2.189986,-0.0
2013-02-04,0.2802,-1.6977,0.0871,0.000346,-3.3953,-5.093,-3.4074,-5.113,745.955779,4.50589,-1e-06,2.115364,-0.0
2013-02-05,0.2866,2.3026,0.087,0.000345,4.6053,6.9079,4.5932,6.8878,763.132368,4.713398,-1e-06,2.212527,-0.0
2013-02-06,0.2843,-0.8039,0.087,0.000345,-1.6078,-2.4117,-1.6198,-2.4317,756.997668,4.637617,-1e-06,2.176689,-0.0
2013-02-07,0.2832,-0.4051,0.0869,0.000345,-0.8103,-1.2154,-0.8223,-1.2355,753.930714,4.600039,-1e-06,2.158789,-0.0
2013-02-08,0.285,0.6509,0.0868,0.000344,1.3019,1.9528,1.2898,1.9327,758.8383,4.659925,-1e-06,2.186633,-0.0
2013-02-11,0.2882,1.1318,0.0865,0.000343,2.2636,3.3954,2.2515,3.3753,767.426753,4.765407,-1e-06,2.235866,-0.0
2013-02-12,0.2864,-0.6395,0.0865,0.000343,-1.2791,-1.9186,-1.2911,-1.9387,762.518771,4.704453,-1e-06,2.206998,-0.0
2013-02-13,0.285,-0.4827,0.0864,0.000343,-0.9653,-1.448,-0.9774,-1.4681,758.8383,4.659039,-1e-06,2.185427,-0.0
2013-02-14,0.2933,2.9102,0.0863,0.000342,5.8205,8.7307,5.8084,8.7106,780.922236,4.930217,-1e-06,2.312365,-0.0
2013-02-15,0.2933,0.0,0.0862,0.000342,0.0,0.0,-0.012,-0.02,780.922236,4.930217,-1e-06,2.312087,-0.0
2013-02-19,0.2894,-1.3354,0.0859,0.000341,-2.6707,-4.0061,-2.6828,-4.0262,770.494024,4.798543,-1e-06,2.250058,-0.0
2013-02-20,0.2852,-1.4332,0.0858,0.000341,-2.8663,-4.2995,-2.8784,-4.3195,759.451659,4.661002,-1e-06,2.185294,-0.0
2013-02-21,0.2832,-0.727,0.0857,0.00034,-1.4539,-2.1809,-1.466,-2.2009,753.930714,4.593235,-1e-06,2.153258,-0.0
2013-02-22,0.2885,1.8714,0.0856,0.00034,3.7429,5.6143,3.7308,5.5943,768.040033,4.765153,-1e-06,2.233592,-0.0
2013-02-25,0.2834,-1.7572,0.0854,0.000339,-3.5144,-5.2716,-3.5265,-5.2917,754.543914,4.597685,-1e-06,2.154825,-0.0
2013-02-26,0.2868,1.1861,0.0853,0.000339,2.3723,3.5584,2.3602,3.5384,763.493797,4.706755,-1e-06,2.205684,-0.0
2013-02-27,0.2921,1.8593,0.0852,0.000338,3.7187,5.578,3.7066,5.558,777.689763,4.881784,-1e-06,2.28744,-0.0
2013-02-28,0.2935,0.4761,0.0852,0.000338,0.9523,1.4284,0.9402,1.4084,781.39269,4.928273,-1e-06,2.308948,-0.0
2013-03-01,0.2946,0.395,0.0851,0.000338,0.7899,1.1849,0.7779,1.1649,784.478925,4.967203,-1e-06,2.326909,-0.0
2013-03-04,0.2935,-0.3934,0.0848,0.000337,-0.7868,-1.1802,-0.7989,-1.2003,781.39269,4.928119,-1e-06,2.30832,-0.0
2013-03-05,0.2967,1.1059,0.0847,0.000336,2.2118,3.3177,2.1997,3.2976,790.033989,5.037118,-1e-06,2.359097,-0.0
2013-03-06,0.2965,-0.0781,0.0847,0.000336,-0.1562,-0.2343,-0.1683,-0.2544,789.4169,5.029249,-1e-06,2.355127,-0.0
2013-03-07,0.2958,-0.2346,0.0846,0.000336,-0.4692,-0.7037,-0.4812,-0.7238,787.56508,5.005654,-1e-06,2.343794,-0.0
2013-03-08,0.2972,0.4702,0.0845,0.000335,0.9404,1.4106,0.9284,1.3906,791.268324,5.052728,-1e-06,2.365554,-0.0
2013-03-11,0.2944,-0.936,0.0842,0.000334,-1.8721,-2.8081,-1.8841,-2.8282,783.861678,4.958137,-1e-06,2.320984,-0.0
2013-03-12,0.2953,0.3149,0.0842,0.000334,0.6299,0.9448,0.6179,0.9248,786.330427,4.989368,-1e-06,2.335324,-0.0
2013-03-13,0.2953,0.0,0.0841,0.000334,0.0,0.0,-0.012,-0.02,786.330427,4.989368,-1e-06,2.335043,-0.0
2013-03-14,0.2956,0.0785,0.084,0.000333,0.157,0.2356,0.145,0.2155,786.947833,4.997203,-1e-06,2.338428,-0.0
2013-03-15,0.293,-0.8627,0.0839,0.000333,-1.7255,-2.5882,-1.7375,-2.6083,780.158513,4.910977,-1e-06,2.297798,-0.0
2013-03-18,0.2909,-0.712,0.0837,0.000332,-1.424,-2.1361,-1.4361,-2.1561,774.603608,4.841042,-1e-06,2.264799,-0.0
2013-03-19,0.2891,-0.6375,0.0836,0.000332,-1.2749,-1.9124,-1.2869,-1.9324,769.66587,4.779323,-1e-06,2.235653,-0.0
2013-03-20,0.2926,1.2029,0.0835,0.000331,2.4057,3.6086,2.3937,3.5885,778.923861,4.8943,-1e-06,2.289167,-0.0
2013-03-21,0.2879,-1.5848,0.0834,0.000331,-3.1695,-4.7543,-3.1816,-4.7743,766.579794,4.739175,-1e-06,2.216336,-0.0
2013-03-22,0.2893,0.4831,0.0833,0.000331,0.9662,1.4493,0.9542,1.4293,770.283117,4.784964,-1e-06,2.237483,-0.0
2013-03-25,0.2877,-0.5609,0.0831,0.00033,-1.1218,-1.6827,-1.1338,-1.7027,765.962547,4.731286,-1e-06,2.212113,-0.0
2013-03-26,0.2898,0.7253,0.083,0.000329,1.4505,2.1758,1.4385,2.1557,771.51769,4.799913,-1e-06,2.243934,-0.0
2013-03-27,0.2933,1.2,0.0829,0.000329,2.3999,3.5999,2.3879,3.5799,780.775601,4.915107,-1e-06,2.297517,-0.0
2013-03-28,0.2974,1.4229,0.0828,0.000329,2.8459,4.2688,2.8338,4.2488,791.885571,5.054986,-1e-06,2.362625,-0.0
2013-04-01,0.2877,-3.2736,0.0825,0.000327,-6.5472,-9.8207,-6.5592,-9.8408,765.962547,4.724027,-1e-06,2.207655,-0.0
2013-04-02,0.2847,-1.0475,0.0824,0.000327,-2.0951,-3.1426,-2.1071,-3.1626,757.938892,4.625057,-1e-06,2.161138,-0.0
2013-04-03,0.2812,-1.2215,0.0824,0.000327,-2.4431,-3.6646,-2.4551,-3.6846,748.680425,4.512063,-1e-06,2.10808,-0.0
2013-04-04,0.284,0.9893,0.0823,0.000326,1.9786,2.9679,1.9666,2.9479,756.087072,4.601339,-1e-06,2.149537,-0.0
2013-04-05,0.2888,1.7143,0.0822,0.000326,3.4285,5.1428,3.4165,5.1228,769.048464,4.759097,-1e-06,2.222976,-0.0
2013-04-08,0.2882,-0.2407,0.0819,0.000325,-0.4815,-0.7222,-0.4935,-0.7422,767.197041,4.736183,-1e-06,2.212005,-0.0
2013-04-09,0.2928,1.609,0.0819,0.000325,3.218,4.827,3.206,4.807,779.541266,4.888594,-1e-06,2.282921,-0.0
2013-04-10,0.2974,1.5835,0.0818,0.000325,3.1671,4.7506,3.155,4.7306,791.885571,5.043419,-1e-06,2.354949,-0.0
2013-04-11,0.296,-0.4677,0.0817,0.000324,-0.9354,-1.403,-0.9474,-1.4231,788.182089,4.996245,-1e-06,2.332638,-0.0
2013-04-12,0.3035,2.5058,0.0816,0.000324,5.0117,7.5175,4.9997,7.4975,807.932723,5.246641,-2e-06,2.449262,-0.0
2013-04-15,0.2972,-2.0626,0.0814,0.000323,-4.1252,-6.1878,-4.1372,-6.2078,791.268324,5.030207,-1e-06,2.347931,-0.0
2013-04-16,0.3004,1.092,0.0813,0.000323,2.1841,3.2761,2.1721,3.2561,799.909305,5.140071,-1e-06,2.398929,-0.0
2013-04-17,0.2965,-1.3117,0.0812,0.000322,-2.6234,-3.9351,-2.6354,-3.9551,789.4169,5.005227,-1e-06,2.335707,-0.0
2013-04-18,0.2907,-1.9547,0.0811,0.000322,-3.9093,-5.864,-3.9214,-5.884,773.98644,4.809556,-1e-06,2.244115,-0.0
2013-04-19,0.2914,0.2392,0.081,0.000322,0.4785,0.7177,0.4665,0.6977,775.838181,4.832569,-1e-06,2.254583,-0.0
2013-04-22,0.2919,0.1591,0.0808,0.000321,0.3182,0.4772,0.3061,0.4572,777.072358,4.847944,-1e-06,2.261485,-0.0
2013-04-23,0.2995,2.6211,0.0807,0.00032,5.2423,7.8634,5.2302,7.8434,797.440476,5.102087,-1e-06,2.379767,-0.0
2013-04-24,0.3097,3.4055,0.0806,0.00032,6.8111,10.2166,6.7991,10.1966,824.597677,5.449594,-2e-06,2.541568,-0.0
2013-04-25,0.3123,0.8233,0.0805,0.00032,1.6467,2.47,1.6347,2.45,831.386997,5.539333,-2e-06,2.583115,-0.0
2013-04-26,0.3109,-0.4454,0.0805,0.000319,-0.8908,-1.3362,-0.9028,-1.3562,827.683911,5.489987,-2e-06,2.559793,-0.0
2013-04-29,0.3146,1.1932,0.0802,0.000318,2.3863,3.5795,2.3743,3.5595,837.559466,5.620995,-2e-06,2.62057,-0.0
2013-04-30,0.3192,1.4739,0.0801,0.000318,2.9477,4.4216,2.9357,4.4016,849.90385,5.786686,-2e-06,2.697502,-0.0
2013-05-01,0.3164,-0.8715,0.0801,0.000318,-1.743,-2.6144,-1.755,-2.6344,842.497125,5.685826,-2e-06,2.650161,-0.0
2013-05-02,0.3201,1.1722,0.08,0.000317,2.3444,3.5166,2.3324,3.4966,852.372838,5.819124,-2e-06,2.711972,-0.0
2013-05-03,0.3215,0.4344,0.0799,0.000317,0.8688,1.3032,0.8568,1.2832,856.075685,5.869683,-2e-06,2.735209,-0.0
2013-05-06,0.3206,-0.2884,0.0796,0.000316,-0.5767,-0.8651,-0.5888,-0.8851,853.607015,5.83583,-2e-06,2.719105,-0.0
2013-05-07,0.3164,-1.3015,0.0796,0.000316,-2.603,-3.9046,-2.6151,-3.9246,842.497125,5.68392,-2e-06,2.647998,-0.0
2013-05-08,0.3222,1.8315,0.0795,0.000315,3.663,5.4945,3.651,5.4745,857.927426,5.892122,-2e-06,2.744676,-0.0
2013-05-09,0.3225,0.072,0.0794,0.000315,0.1439,0.2159,0.1319,0.1959,858.544832,5.900603,-2e-06,2.748297,-0.0
2013-05-10,0.3371,4.5291,0.0793,0.000315,9.0582,13.5873,9.0462,13.5673,897.429169,6.435091,-2e-06,2.996912,-1e-06
2013-05-13,0.3301,-2.0633,0.0791,0.000314,-4.1265,-6.1898,-4.1385,-6.2098,878.912871,6.169545,-2e-06,2.872884,-0.0
2013-05-14,0.335,1.4747,0.079,0.000313,2.9493,4.424,2.9373,4.404,891.873946,6.351506,-2e-06,2.95727,-1e-06
2013-05-15,0.3408,1.7301,0.0789,0.000313,3.4603,5.1904,3.4483,5.1704,907.304645,6.571287,-2e-06,3.059244,-1e-06
2013-05-16,0.3392,-0.4762,0.0788,0.000313,-0.9524,-1.4286,-0.9644,-1.4486,902.983995,6.508701,-2e-06,3.02974,-1e-06
2013-05-17,0.3447,1.6405,0.0787,0.000312,3.2809,4.9214,3.2689,4.9014,917.797208,6.722248,-2e-06,3.12878,-1e-06
2013-05-20,0.344,-0.2018,0.0785,0.000311,-0.4035,-0.6053,-0.4156,-0.6253,915.945388,6.695121,-2e-06,3.115778,-1e-06
2013-05-21,0.3476,1.0498,0.0784,0.000311,2.0996,3.1494,2.0876,3.1294,925.560841,6.83569,-2e-06,3.180822,-1e-06
2013-05-22,0.3355,-3.4852,0.0783,0.000311,-6.9705,-10.4557,-6.9825,-10.4757,893.302843,6.35921,-2e-06,2.958721,-1e-06
2013-05-23,0.3409,1.5972,0.0782,0.000311,3.1944,4.7917,3.1824,4.7717,907.570857,6.562351,-2e-06,3.05288,-1e-06
2013-05-24,0.3388,-0.6152,0.0782,0.00031,-1.2303,-1.8455,-1.2423,-1.8655,901.987862,6.481613,-2e-06,3.014953,-1e-06
2013-05-28,0.3385,-0.0688,0.0778,0.000309,-0.1376,-0.2064,-0.1496,-0.2263,901.367441,6.472697,-2e-06,3.010443,-1e-06
2013-05-29,0.3364,-0.6194,0.0778,0.000309,-1.2389,-1.8583,-1.2509,-1.8783,895.78405,6.392508,-2e-06,2.972786,-1e-06
2013-05-30,0.3409,1.3158,0.0777,0.000308,2.6316,3.9474,2.6196,3.9274,907.570857,6.560735,-2e-06,3.050661,-1e-06
2013-05-31,0.3371,-1.0936,0.0776,0.000308,-2.1873,-3.2809,-2.1993,-3.3009,897.645233,6.417232,-2e-06,2.983568,-1e-06
2013-06-03,0.3367,-0.1382,0.0773,0.000307,-0.2765,-0.4147,-0.2885,-0.4347,896.404392,6.399491,-2e-06,2.974961,-1e-06
2013-06-04,0.3371,0.1384,0.0773,0.000307,0.2768,0.4153,0.2648,0.3953,897.645233,6.417208,-2e-06,2.98284,-1e-06
2013-06-05,0.3299,-2.1424,0.0772,0.000306,-4.2847,-6.4271,-4.2967,-6.447,878.414487,6.142249,-2e-06,2.854675,-0.0
2013-06-06,0.332,0.6356,0.0771,0.000306,1.2712,1.9068,1.2592,1.8868,883.997561,6.220327,-2e-06,2.89062,-0.0
2013-06-07,0.3367,1.4035,0.077,0.000306,2.807,4.2105,2.795,4.1905,896.404392,6.394931,-2e-06,2.971412,-1e-06
2013-06-10,0.3364,-0.0692,0.0768,0.000305,-0.1384,-0.2076,-0.1504,-0.2276,895.78405,6.38608,-2e-06,2.966943,-1e-06
2013-06-11,0.3302,-1.8698,0.0767,0.000304,-3.7395,-5.6093,-3.7515,-5.6292,879.035067,6.147272,-2e-06,2.855637,-0.0
2013-06-12,0.3274,-0.8469,0.0766,0.000304,-1.6938,-2.5407,-1.7058,-2.5607,871.590571,6.04315,-2e-06,2.806926,-0.0
2013-06-13,0.3348,2.2776,0.0765,0.000304,4.5551,6.8327,4.5431,6.8127,891.441659,6.318424,-2e-06,2.934448,-0.0
2013-06-14,0.3344,-0.1392,0.0764,0.000303,-0.2783,-0.4175,-0.2903,-0.4374,890.201135,6.300838,-2e-06,2.925928,-0.0
2013-06-17,0.3376,0.9756,0.0762,0.000302,1.9512,2.9268,1.9392,2.9069,898.886075,6.423782,-2e-06,2.982669,-1e-06
2013-06-18,0.3355,-0.6211,0.0761,0.000302,-1.2423,-1.8634,-1.2543,-1.8834,893.302843,6.343982,-2e-06,2.945258,-0.0
2013-06-19,0.3458,3.0555,0.076,0.000302,6.1111,9.1666,6.0991,9.1467,920.598108,6.731669,-2e-06,3.124892,-1e-06
2013-06-20,0.3364,-2.6954,0.0759,0.000301,-5.3909,-8.0863,-5.4029,-8.1063,895.78405,6.368774,-2e-06,2.956058,-0.0
2013-06-21,0.336,-0.1385,0.0759,0.000301,-0.277,-0.4154,-0.289,-0.4354,894.543605,6.351136,-2e-06,2.947516,-0.0
2013-06-24,0.329,-2.0805,0.0756,0.0003,-4.161,-6.2415,-4.173,-6.2614,875.932724,6.086867,-2e-06,2.824517,-0.0
2013-06-25,0.3313,0.7083,0.0755,0.0003,1.4165,2.1248,1.4045,2.1048,882.136536,6.173087,-2e-06,2.864187,-0.0
2013-06-26,0.3295,-0.5625,0.0755,0.000299,-1.1251,-1.6876,-1.1371,-1.7076,877.174121,6.103634,-2e-06,2.831619,-0.0
2013-06-27,0.3264,-0.9194,0.0754,0.000299,-1.8389,-2.7583,-1.8509,-2.7783,869.109126,5.991397,-2e-06,2.779209,-0.0
2013-06-28,0.3271,0.2142,0.0753,0.000299,0.4283,0.6425,0.4163,0.6225,870.970389,6.017059,-2e-06,2.790779,-0.0
2013-07-01,0.3285,0.4273,0.075,0.000298,0.8547,1.282,0.8426,1.262,874.692279,6.068484,-2e-06,2.814296,-0.0
2013-07-02,0.3283,-0.0709,0.075,0.000297,-0.1418,-0.2127,-0.1538,-0.2326,874.072176,6.05988,-2e-06,2.809968,-0.0
2013-07-03,0.3292,0.2839,0.0749,0.000297,0.5678,0.8516,0.5557,0.8317,876.553462,6.094285,-2e-06,2.825584,-0.0
2013-07-05,0.3318,0.7785,0.0747,0.000296,1.557,2.3355,1.545,2.3155,883.377378,6.189172,-2e-06,2.869239,-0.0
2013-07-08,0.3302,-0.4916,0.0745,0.000295,-0.9831,-1.4747,-0.9951,-1.4946,879.035067,6.128326,-2e-06,2.840687,-0.0
2013-07-09,0.3318,0.494,0.0744,0.000295,0.988,1.482,0.976,1.462,883.377378,6.188872,-2e-06,2.868411,-0.0
2013-07-10,0.3362,1.3342,0.0743,0.000295,2.6685,4.0027,2.6565,3.9828,895.163788,6.354021,-2e-06,2.94461,-0.0
2013-07-11,0.3409,1.386,0.0742,0.000295,2.772,4.158,2.76,4.1381,907.570857,6.530156,-2e-06,3.025882,-1e-06
2013-07-12,0.3411,0.0684,0.0741,0.000294,0.1368,0.2052,0.1248,0.1852,908.191516,6.539088,-2e-06,3.029657,-1e-06
2013-07-15,0.3404,-0.205,0.0739,0.000293,-0.4099,-0.6149,-0.4219,-0.6348,906.330174,6.512284,-2e-06,3.016875,-1e-06
2013-07-16,0.3423,0.5475,0.0738,0.000293,1.0951,1.6426,1.0831,1.6227,911.292747,6.583599,-2e-06,3.049551,-1e-06
2013-07-17,0.3404,-0.5446,0.0737,0.000293,-1.0891,-1.6337,-1.1011,-1.6536,906.330174,6.511895,-2e-06,3.015971,-1e-06
2013-07-18,0.339,-0.4107,0.0736,0.000292,-0.8213,-1.232,-0.8333,-1.2519,902.608283,6.458413,-2e-06,2.990839,-1e-06
2013-07-19,0.3318,-2.1306,0.0736,0.000292,-4.2612,-6.3918,-4.2732,-6.4117,883.377378,6.183208,-2e-06,2.863035,-0.0
2013-07-22,0.3316,-0.0702,0.0733,0.000291,-0.1405,-0.2107,-0.1525,-0.2307,882.756878,6.174521,-2e-06,2.858669,-0.0
2013-07-23,0.3311,-0.1405,0.0732,0.000291,-0.2811,-0.4216,-0.2931,-0.4416,881.516274,6.157166,-2e-06,2.850291,-0.0
2013-07-24,0.3311,0.0,0.0732,0.00029,0.0,0.0,-0.012,-0.0199,881.516274,6.157166,-2e-06,2.849949,-0.0
2013-07-25,0.3323,0.3519,0.0731,0.00029,0.7037,1.0556,0.6917,1.0356,884.617982,6.200496,-2e-06,2.869663,-0.0
2013-07-26,0.3309,-0.4207,0.073,0.00029,-0.8415,-1.2622,-0.8535,-1.2822,880.896012,6.148319,-2e-06,2.845171,-0.0
2013-07-29,0.3302,-0.2113,0.0727,0.000289,-0.4225,-0.6338,-0.4345,-0.6537,879.035067,6.122342,-2e-06,2.832809,-0.0
2013-07-30,0.3357,1.6937,0.0727,0.000288,3.3874,5.0811,3.3754,5.0612,893.923263,6.32973,-2e-06,2.928427,-0.0
2013-07-31,0.3364,0.2082,0.0726,0.000288,0.4163,0.6245,0.4043,0.6045,895.78405,6.356082,-2e-06,2.940268,-0.0
2013-08-01,0.3411,1.3851,0.0725,0.000288,2.7702,4.1553,2.7582,4.1353,908.191516,6.532157,-2e-06,3.021366,-1e-06
2013-08-02,0.3439,0.8196,0.0724,0.000287,1.6393,2.4589,1.6273,2.4389,915.635297,6.639236,-2e-06,3.070532,-1e-06
2013-08-05,0.3455,0.4743,0.0722,0.000286,0.9485,1.4228,0.9366,1.4029,919.977925,6.702212,-2e-06,3.099289,-1e-06
2013-08-06,0.3404,-1.4835,0.0721,0.000286,-2.967,-4.4505,-2.979,-4.4704,906.330174,6.503359,-2e-06,3.006962,-1e-06
2013-08-07,0.3402,-0.0685,0.072,0.000286,-0.1369,-0.2054,-0.1489,-0.2253,905.709753,6.494456,-2e-06,3.002485,-1e-06
2013-08-08,0.3425,0.6849,0.0719,0.000285,1.3699,2.0548,1.3579,2.0349,911.913406,6.583423,-2e-06,3.043256,-1e-06
2013-08-09,0.3376,-1.4286,0.0718,0.000285,-2.8571,-4.2857,-2.8691,-4.3056,898.886075,6.395326,-2e-06,2.955941,-0.0
2013-08-12,0.3348,-0.8282,0.0716,0.000284,-1.6564,-2.4845,-1.6684,-2.5045,891.441659,6.289396,-2e-06,2.906625,-0.0
2013-08-13,0.336,0.348,0.0715,0.000284,0.6959,1.0439,0.6839,1.024,894.543605,6.333166,-2e-06,2.926505,-0.0
2013-08-14,0.3502,4.2302,0.0714,0.000283,8.4605,12.6907,8.4485,12.6708,932.384836,6.868981,-2e-06,3.17375,-1e-06
2013-08-15,0.3525,0.6653,0.0713,0.000283,1.3307,1.996,1.3187,1.9761,938.58833,6.960384,-2e-06,3.215601,-1e-06
2013-08-16,0.3539,0.3966,0.0713,0.000283,0.7932,1.1898,0.7812,1.1698,942.310617,7.015592,-2e-06,3.240721,-1e-06
2013-08-19,0.3483,-1.58,0.071,0.000282,-3.16,-4.74,-3.172,-4.7599,927.422103,6.793899,-2e-06,3.137925,-1e-06
2013-08-20,0.3501,0.5042,0.0709,0.000281,1.0084,1.5126,0.9964,1.4927,932.098231,6.86241,-2e-06,3.169193,-1e-06
2013-08-21,0.3484,-0.4682,0.0708,0.000281,-0.9365,-1.4047,-0.9485,-1.4247,927.733702,6.798143,-2e-06,3.139133,-1e-06
2013-08-22,0.3503,0.5377,0.0708,0.000281,1.0753,1.613,1.0633,1.5931,932.721747,6.871245,-2e-06,3.172513,-1e-06
2013-08-23,0.3503,0.0,0.0707,0.00028,0.0,0.0,-0.012,-0.0199,932.721747,6.871245,-2e-06,3.172132,-1e-06
2013-08-26,0.351,0.2005,0.0704,0.00028,0.4011,0.6016,0.3891,0.5817,934.592214,6.898804,-2e-06,3.184475,-1e-06
2013-08-27,0.3466,-1.2675,0.0704,0.000279,-2.535,-3.8025,-2.547,-3.8224,922.746213,6.723919,-2e-06,3.103367,-1e-06
2013-08-28,0.3466,0.0,0.0703,0.000279,0.0,0.0,-0.012,-0.0199,922.746213,6.723919,-2e-06,3.102995,-1e-06
2013-08-29,0.3459,-0.2027,0.0702,0.000279,-0.4054,-0.6081,-0.4174,-0.6281,920.875667,6.696658,-2e-06,3.090042,-1e-06
2013-08-30,0.3454,-0.1354,0.0701,0.000278,-0.2708,-0.4063,-0.2828,-0.4262,919.628636,6.678521,-2e-06,3.081303,-1e-06
2013-09-03,0.3456,0.0678,0.0698,0.000277,0.1356,0.2034,0.1236,0.1834,920.251993,6.687575,-2e-06,3.085111,-1e-06
2013-09-04,0.3489,0.9485,0.0697,0.000277,1.8971,2.8456,1.8851,2.8257,928.980892,6.814443,-2e-06,3.143268,-1e-06
2013-09-05,0.3499,0.2685,0.0696,0.000276,0.5369,0.8054,0.525,0.7855,931.474954,6.851033,-2e-06,3.159769,-1e-06
2013-09-06,0.3484,-0.4016,0.0695,0.000276,-0.8033,-1.2049,-0.8153,-1.2249,927.733702,6.795998,-2e-06,3.134008,-1e-06
2013-09-09,0.3543,1.6801,0.0693,0.000275,3.3602,5.0403,3.3482,5.0204,943.320557,7.024358,-2e-06,3.238941,-1e-06
2013-09-10,0.3618,2.115,0.0692,0.000275,4.23,6.345,4.218,6.3251,963.271861,7.321489,-2e-06,3.375561,-1e-06
2013-09-11,0.3679,1.6829,0.0691,0.000274,3.3657,5.0486,3.3537,5.0286,979.482311,7.567909,-3e-06,3.488768,-1e-06
2013-09-12,0.3677,-0.0637,0.069,0.000274,-0.1273,-0.191,-0.1393,-0.2109,978.858795,7.558274,-3e-06,3.483908,-1e-06
2013-09-13,0.37,0.637,0.069,0.000274,1.274,1.9109,1.262,1.891,985.09395,7.654563,-3e-06,3.527875,-1e-06
2013-09-16,0.3702,0.0633,0.0687,0.000273,0.1265,0.1898,0.1146,0.1699,985.717227,7.66425,-3e-06,3.531916,-1e-06
2013-09-17,0.3714,0.3163,0.0686,0.000272,0.6326,0.9488,0.6206,0.9289,988.834805,7.71273,-3e-06,3.553834,-1e-06
2013-09-18,0.3747,0.8827,0.0685,0.000272,1.7653,2.648,1.7534,2.6281,997.562989,7.848886,-3e-06,3.616146,-1e-06
2013-09-19,0.373,-0.4375,0.0685,0.000272,-0.875,-1.3125,-0.887,-1.3324,993.198699,7.780209,-3e-06,3.584072,-1e-06
2013-09-20,0.3698,-0.8788,0.0684,0.000271,-1.7577,-2.6365,-1.7696,-2.6564,984.470117,7.643459,-3e-06,3.520647,-1e-06
2013-09-23,0.3662,-0.95,0.0681,0.00027,-1.8999,-2.8499,-1.9119,-2.8698,975.118099,7.49824,-3e-06,3.453336,-1e-06
2013-09-24,0.3677,0.3836,0.0681,0.00027,0.7672,1.1508,0.7553,1.1309,978.858795,7.555769,-3e-06,3.479417,-1e-06
2013-09-25,0.3681,0.1274,0.068,0.00027,0.2548,0.3822,0.2428,0.3623,980.105747,7.575019,-3e-06,3.487865,-1e-06
2013-09-26,0.3669,-0.318,0.0679,0.000269,-0.6361,-0.9541,-0.6481,-0.974,976.988566,7.526835,-3e-06,3.465262,-1e-06
2013-09-27,0.3648,-0.5744,0.0678,0.000269,-1.1487,-1.7231,-1.1607,-1.743,971.377086,7.440372,-3e-06,3.42504,-1e-06
2013-09-30,0.3644,-0.1284,0.0676,0.000268,-0.2568,-0.3851,-0.2687,-0.405,970.130055,7.421269,-3e-06,3.415836,-1e-06
2013-10-01,0.3641,-0.0643,0.0675,0.000268,-0.1285,-0.1928,-0.1405,-0.2127,969.506698,7.411732,-3e-06,3.411037,-1e-06
2013-10-02,0.3639,-0.0643,0.0674,0.000267,-0.1285,-0.1928,-0.1405,-0.2127,968.883659,7.402205,-3e-06,3.406245,-1e-06
2013-10-03,0.3602,-1.0296,0.0673,0.000267,-2.0593,-3.0889,-2.0713,-3.1088,958.90765,7.249773,-2e-06,3.335693,-1e-06
2013-10-04,0.3651,1.3654,0.0672,0.000267,2.7308,4.0963,2.7189,4.0764,972.00076,7.447753,-3e-06,3.426386,-1e-06
2013-10-07,0.3651,0.0,0.067,0.000266,0.0,0.0,-0.012,-0.0199,972.00076,7.447753,-3e-06,3.425976,-1e-06
2013-10-08,0.362,-0.8339,0.0669,0.000265,-1.6677,-2.5016,-1.6797,-2.5215,963.895694,7.323546,-2e-06,3.36843,-1e-06
2013-10-09,0.3564,-1.5524,0.0668,0.000265,-3.1048,-4.6572,-3.1168,-4.6771,948.932275,7.096166,-2e-06,3.263445,-1e-06
2013-10-10,0.3604,1.1169,0.0667,0.000265,2.2339,3.3508,2.2219,3.3309,959.531324,7.254687,-2e-06,3.335956,-1e-06
2013-10-11,0.3573,-0.8447,0.0667,0.000265,-1.6894,-2.5341,-1.7014,-2.554,951.426099,7.132125,-2e-06,3.279198,-1e-06
2013-10-14,0.3627,1.5072,0.0664,0.000264,3.0144,4.5216,3.0024,4.5017,965.766002,7.347116,-2e-06,3.377654,-1e-06
2013-10-15,0.3609,-0.5165,0.0663,0.000263,-1.0329,-1.5494,-1.0449,-1.5693,960.778196,7.271226,-2e-06,3.342361,-1e-06
2013-10-16,0.3653,1.233,0.0662,0.000263,2.4659,3.6989,2.4539,3.679,972.624196,7.450528,-3e-06,3.424381,-1e-06
2013-10-17,0.366,0.1923,0.0662,0.000263,0.3846,0.5769,0.3726,0.557,974.494425,7.479181,-3e-06,3.437141,-1e-06
2013-10-18,0.3702,1.1517,0.0661,0.000262,2.3033,3.455,2.2913,3.4351,985.717227,7.65145,-3e-06,3.515897,-1e-06
2013-10-21,0.3712,0.253,0.0658,0.000261,0.506,0.759,0.494,0.7391,988.210972,7.690164,-3e-06,3.533266,-1e-06
2013-10-22,0.3693,-0.5047,0.0658,0.000261,-1.0094,-1.5142,-1.0214,-1.5341,983.223245,7.612536,-3e-06,3.497177,-1e-06
2013-10-23,0.363,-1.7121,0.0657,0.000261,-3.4242,-5.1363,-3.4362,-5.1562,966.389359,7.351866,-2e-06,3.377007,-1e-06
2013-10-24,0.3604,-0.7097,0.0656,0.00026,-1.4193,-2.129,-1.4313,-2.1489,959.531324,7.24752,-2e-06,3.328673,-1e-06
2013-10-25,0.3569,-0.9747,0.0655,0.00026,-1.9493,-2.924,-1.9613,-2.9439,950.179148,7.106243,-2e-06,3.263388,-1e-06
2013-10-28,0.3562,-0.1969,0.0653,0.000259,-0.3937,-0.5906,-0.4057,-0.6105,948.308601,7.078264,-2e-06,3.250149,-1e-06
2013-10-29,0.3566,0.1315,0.0652,0.000259,0.263,0.3945,0.251,0.3746,949.555473,7.096877,-2e-06,3.258306,-1e-06
2013-10-30,0.3564,-0.0656,0.0651,0.000258,-0.1313,-0.1969,-0.1432,-0.2168,948.932275,7.087562,-2e-06,3.25364,-1e-06
2013-10-31,0.3557,-0.1971,0.065,0.000258,-0.3942,-0.5914,-0.4062,-0.6112,947.061729,7.059619,-2e-06,3.240423,-1e-06
2013-11-01,0.3573,0.4608,0.0649,0.000258,0.9217,1.3825,0.9097,1.3626,951.426099,7.124686,-2e-06,3.269901,-1e-06
2013-11-04,0.347,-2.8834,0.0647,0.000257,-5.7667,-8.6501,-5.7787,-8.67,923.993086,6.713825,-2e-06,3.080944,-1e-06
2013-11-05,0.3466,-0.1349,0.0646,0.000256,-0.2699,-0.4048,-0.2819,-0.4247,922.746213,6.695705,-2e-06,3.072261,-1e-06
2013-11-06,0.3489,0.6757,0.0645,0.000256,1.3513,2.027,1.3394,2.0071,928.980892,6.786187,-2e-06,3.11341,-1e-06
2013-11-07,0.3407,-2.349,0.0644,0.000256,-4.698,-7.047,-4.7099,-7.0669,907.1592,6.467373,-2e-06,2.96677,-0.0
2013-11-08,0.3644,6.9415,0.0644,0.000255,13.8831,20.8246,13.8711,20.8048,970.130055,7.365244,-2e-06,3.378294,-1e-06
2013-11-11,0.3674,0.8355,0.0641,0.000254,1.671,2.5065,1.659,2.4866,978.235518,7.488317,-3e-06,3.434341,-1e-06
2013-11-12,0.3681,0.1912,0.064,0.000254,0.3824,0.5736,0.3704,0.5537,980.105747,7.51695,-3e-06,3.447063,-1e-06
2013-11-13,0.3782,2.7354,0.0639,0.000254,5.4708,8.2062,5.4588,8.1863,1006.915562,7.928188,-3e-06,3.635232,-1e-06
2013-11-14,0.3798,0.4334,0.0639,0.000253,0.8668,1.3003,0.8549,1.2804,1011.279774,7.996913,-3e-06,3.666309,-1e-06
2013-11-15,0.3787,-0.3083,0.0638,0.000253,-0.6166,-0.9248,-0.6285,-0.9447,1008.162197,7.947607,-3e-06,3.643266,-1e-06
2013-11-18,0.3695,-2.4118,0.0635,0.000252,-4.8237,-7.2355,-4.8357,-7.2554,983.84684,7.564238,-3e-06,3.46709,-1e-06
2013-11-19,0.3635,-1.6247,0.0635,0.000252,-3.2494,-4.8742,-3.2614,-4.894,967.862055,7.318442,-2e-06,3.354014,-1e-06
2013-11-20,0.3581,-1.4896,0.0634,0.000251,-2.9793,-4.4689,-2.9913,-4.4888,953.444312,7.100404,-2e-06,3.253687,-1e-06
2013-11-21,0.3609,0.789,0.0633,0.000251,1.5779,2.3669,1.566,2.347,960.966647,7.212444,-2e-06,3.304639,-1e-06
2013-11-22,0.3574,-0.9785,0.0632,0.000251,-1.957,-2.9355,-1.969,-2.9554,951.563609,7.071296,-2e-06,3.239572,-1e-06
2013-11-25,0.3652,2.1739,0.063,0.00025,4.3479,6.5218,4.3359,6.5019,972.249992,7.378747,-2e-06,3.380037,-1e-06
2013-11-26,0.3682,0.8382,0.0629,0.00025,1.6764,2.5146,1.6644,2.4947,980.399255,7.502443,-3e-06,3.436295,-1e-06
2013-11-27,0.3696,0.3836,0.0628,0.000249,0.7672,1.1509,0.7553,1.131,984.160264,7.560004,-3e-06,3.462249,-1e-06
2013-11-29,0.3673,-0.637,0.0626,0.000249,-1.2739,-1.9109,-1.2859,-1.9307,977.891624,7.463697,-3e-06,3.417729,-1e-06
2013-12-02,0.3708,0.9615,0.0624,0.000248,1.9231,2.8846,1.9111,2.8648,987.294504,7.607231,-3e-06,3.483047,-1e-06
2013-12-03,0.3706,-0.0635,0.0623,0.000247,-0.127,-0.1906,-0.139,-0.2104,986.667338,7.597566,-3e-06,3.478205,-1e-06
2013-12-04,0.3758,1.3978,0.0622,0.000247,2.7955,4.1933,2.7836,4.1734,1000.458551,7.809957,-3e-06,3.575023,-1e-06
2013-12-05,0.3696,-1.6291,0.0621,0.000247,-3.2582,-4.8872,-3.2701,-4.9071,984.160264,7.555496,-3e-06,3.458116,-1e-06
2013-12-06,0.3642,-1.465,0.0621,0.000246,-2.9299,-4.3949,-2.9419,-4.4147,969.742758,7.334127,-2e-06,3.356383,-1e-06
2013-12-09,0.3581,-1.6807,0.0618,0.000245,-3.3614,-5.0421,-3.3733,-5.0619,953.444312,7.087598,-2e-06,3.24316,-1e-06
2013-12-10,0.3663,2.3011,0.0617,0.000245,4.6022,6.9033,4.5903,6.8835,975.384073,7.413784,-2e-06,3.39203,-1e-06
2013-12-11,0.3628,-0.964,0.0616,0.000245,-1.928,-2.892,-1.9399,-2.9118,965.981511,7.270848,-2e-06,3.326227,-1e-06
2013-12-12,0.3558,-1.9468,0.0616,0.000244,-3.8937,-5.8405,-3.9056,-5.8604,947.175435,6.987745,-2e-06,3.196317,-1e-06
2013-12-13,0.3536,-0.5956,0.0615,0.000244,-1.1911,-1.7867,-1.2031,-1.8065,941.534437,6.904513,-2e-06,3.157863,-1e-06
2013-12-16,0.3541,0.1331,0.0612,0.000243,0.2662,0.3993,0.2543,0.3795,942.787657,6.922893,-2e-06,3.165892,-1e-06
2013-12-17,0.3558,0.4654,0.0612,0.000243,0.9308,1.3962,0.9189,1.3764,947.175435,6.987332,-2e-06,3.194982,-1e-06
2013-12-18,0.3607,1.3898,0.0611,0.000242,2.7796,4.1694,2.7677,4.1496,960.339403,7.181554,-2e-06,3.283409,-1e-06
2013-12-19,0.3621,0.3917,0.061,0.000242,0.7834,1.1751,0.7714,1.1552,964.100967,7.237813,-2e-06,3.308739,-1e-06
2013-12-20,0.3694,2.0156,0.0609,0.000242,4.0312,6.0468,4.0193,6.027,983.533416,7.529584,-3e-06,3.441725,-1e-06
2013-12-23,0.3715,0.5736,0.0607,0.000241,1.1472,1.7209,1.1353,1.701,989.175127,7.615966,-3e-06,3.480799,-1e-06
2013-12-24,0.3725,0.2535,0.0606,0.00024,0.507,0.7605,0.4951,0.7407,991.682678,7.654579,-3e-06,3.498031,-1e-06
2013-12-26,0.3689,-0.9482,0.0604,0.00024,-1.8964,-2.8446,-1.9083,-2.8644,982.279561,7.509418,-3e-06,3.431276,-1e-06
2013-12-27,0.3711,0.5743,0.0603,0.000239,1.1487,1.723,1.1368,1.7032,987.921273,7.595678,-3e-06,3.470281,-1e-06
2013-12-30,0.376,1.3325,0.0601,0.000238,2.665,3.9975,2.653,3.9776,1001.085241,7.798102,-3e-06,3.562349,-1e-06
2013-12-31,0.3772,0.3131,0.06,0.000238,0.6262,0.9393,0.6142,0.9194,1004.21956,7.846932,-3e-06,3.584231,-1e-06
2014-01-02,0.3734,-0.9988,0.0598,0.000237,-1.9975,-2.9963,-2.0095,-3.0161,994.189753,7.690187,-3e-06,3.512206,-1e-06
2014-01-03,0.3689,-1.198,0.0598,0.000237,-2.396,-3.5939,-2.4079,-3.6138,982.279561,7.505933,-3e-06,3.427636,-1e-06
2014-01-06,0.3739,1.3402,0.0595,0.000236,2.6803,4.0205,2.6684,4.0006,995.443608,7.707115,-3e-06,3.519097,-1e-06
2014-01-07,0.38,1.6372,0.0594,0.000236,3.2745,4.9117,3.2625,4.8919,1011.74142,7.959483,-3e-06,3.633909,-1e-06
2014-01-08,0.3852,1.3631,0.0593,0.000235,2.7263,4.0894,2.7143,4.0696,1025.532791,8.17648,-3e-06,3.732545,-1e-06
2014-01-09,0.3708,-3.7286,0.0593,0.000235,-7.4573,-11.1859,-7.4692,-11.2057,987.294504,7.566739,-3e-06,3.453754,-1e-06
2014-01-10,0.3703,-0.127,0.0592,0.000235,-0.254,-0.3809,-0.2659,-0.4008,986.040808,7.547522,-3e-06,3.444571,-1e-06
2014-01-13,0.3616,-2.3522,0.0589,0.000234,-4.7044,-7.0566,-4.7163,-7.0764,962.847271,7.192458,-2e-06,3.282114,-1e-06
2014-01-14,0.3729,3.125,0.0588,0.000234,6.25,9.375,6.2381,9.3552,992.936375,7.641989,-3e-06,3.486855,-1e-06
2014-01-15,0.3769,1.0732,0.0588,0.000233,2.1464,3.2195,2.1344,3.1997,1003.592395,7.806014,-3e-06,3.561279,-1e-06
2014-01-16,0.3781,0.3123,0.0587,0.000233,0.6246,0.9369,0.6127,0.9171,1006.726714,7.854772,-3e-06,3.583098,-1e-06
2014-01-17,0.3765,-0.4358,0.0586,0.000233,-0.8716,-1.3075,-0.8836,-1.3273,1002.339175,7.786306,-3e-06,3.551439,-1e-06
2014-01-21,0.3779,0.3752,0.0583,0.000231,0.7504,1.1256,0.7385,1.1058,1006.100025,7.844736,-3e-06,3.577665,-1e-06
2014-01-22,0.3774,-0.1246,0.0582,0.000231,-0.2492,-0.3738,-0.2611,-0.3936,1004.846567,7.825189,-3e-06,3.568324,-1e-06
2014-01-23,0.376,-0.3743,0.0581,0.000231,-0.7486,-1.123,-0.7606,-1.1428,1001.085241,7.766606,-3e-06,3.541184,-1e-06
2014-01-24,0.3663,-2.5673,0.058,0.00023,-5.1347,-7.702,-5.1466,-7.7218,975.384073,7.367818,-2e-06,3.358933,-1e-06
2014-01-27,0.364,-0.6427,0.0578,0.000229,-1.2853,-1.928,-1.2972,-1.9478,969.115751,7.273119,-2e-06,3.31536,-1e-06
2014-01-28,0.3675,0.9702,0.0577,0.000229,1.9404,2.9107,1.9285,2.8908,978.518314,7.414249,-2e-06,3.379297,-1e-06
2014-01-29,0.364,-0.9609,0.0576,0.000229,-1.9218,-2.8827,-1.9337,-2.9025,969.115751,7.271763,-2e-06,3.313951,-1e-06
2014-01-30,0.3701,1.6817,0.0575,0.000228,3.3635,5.0452,3.3516,5.0254,985.413801,7.516348,-3e-06,3.425019,-1e-06
2014-01-31,0.3696,-0.1272,0.0575,0.000228,-0.2544,-0.3816,-0.2664,-0.4014,984.160264,7.497225,-2e-06,3.415897,-1e-06
2014-02-03,0.3647,-1.3376,0.0572,0.000227,-2.6752,-4.0128,-2.6871,-4.0326,970.996216,7.29666,-2e-06,3.324108,-1e-06
2014-02-04,0.3668,0.581,0.0571,0.000227,1.162,1.743,1.1501,1.7232,976.63777,7.381448,-2e-06,3.362337,-1e-06
2014-02-05,0.3635,-0.8986,0.057,0.000226,-1.7971,-2.6957,-1.8091,-2.7155,967.862055,7.248794,-2e-06,3.301511,-1e-06
2014-02-06,0.3682,1.2953,0.057,0.000226,2.5907,3.886,2.5788,3.8662,980.399255,7.436589,-2e-06,3.386649,-1e-06
2014-02-07,0.3736,1.4706,0.0569,0.000226,2.9412,4.4118,2.9293,4.392,994.816919,7.655312,-3e-06,3.485852,-1e-06
2014-02-10,0.3748,0.315,0.0566,0.000225,0.63,0.945,0.6181,0.9252,997.950683,7.703542,-3e-06,3.507398,-1e-06
2014-02-11,0.3826,2.0729,0.0565,0.000224,4.1458,6.2187,4.1338,6.1988,1018.637066,8.022913,-3e-06,3.652388,-1e-06
2014-02-12,0.3962,3.5692,0.0565,0.000224,7.1385,10.7077,7.1266,10.6879,1054.994729,8.595629,-3e-06,3.912678,-1e-06
2014-02-13,0.4087,3.1491,0.0564,0.000224,6.2982,9.4473,6.2863,9.4275,1088.217518,9.136998,-3e-06,4.158639,-1e-06
2014-02-14,0.4217,3.1682,0.0563,0.000223,6.3365,9.5047,6.3245,9.4849,1122.694717,9.715959,-4e-06,4.421653,-1e-06
2014-02-18,0.4214,-0.0558,0.056,0.000222,-0.1117,-0.1675,-0.1236,-0.1873,1122.067948,9.705111,-4e-06,4.416189,-1e-06
2014-02-19,0.4271,1.3408,0.0559,0.000222,2.6816,4.0224,2.6697,4.0026,1137.112539,9.965362,-4e-06,4.534086,-1e-06
2014-02-20,0.4422,3.5281,0.0558,0.000221,7.0563,10.5844,7.0443,10.5646,1177.231291,10.668542,-4e-06,4.853482,-1e-06
2014-02-21,0.4389,-0.7455,0.0557,0.000221,-1.491,-2.2365,-1.5029,-2.2563,1168.455101,10.509476,-4e-06,4.780538,-1e-06
2014-02-24,0.4452,1.4485,0.0555,0.00022,2.8971,4.3456,2.8851,4.3258,1185.380475,10.813941,-4e-06,4.918462,-1e-06
2014-02-25,0.4432,-0.4516,0.0554,0.00022,-0.9031,-1.3547,-0.915,-1.3745,1180.027827,10.716279,-4e-06,4.873457,-1e-06
2014-02-26,0.4425,-0.1601,0.0553,0.00022,-0.3201,-0.4802,-0.3321,-0.5,1178.138952,10.681972,-4e-06,4.857273,-1e-06
2014-02-27,0.4375,-1.1224,0.0552,0.000219,-2.2448,-3.3672,-2.2567,-3.387,1164.915393,10.44218,-4e-06,4.747657,-1e-06
2014-02-28,0.4347,-0.6486,0.0552,0.000219,-1.2972,-1.9459,-1.3092,-1.9657,1157.359494,10.30672,-4e-06,4.685502,-1e-06
2014-03-03,0.4326,-0.4897,0.0549,0.000218,-0.9794,-1.469,-0.9913,-1.4888,1151.692153,10.20578,-4e-06,4.639056,-1e-06
2014-03-04,0.4371,1.0388,0.0548,0.000218,2.0776,3.1164,2.0657,3.0966,1163.655984,10.417816,-4e-06,4.734884,-1e-06
2014-03-05,0.4408,0.8658,0.0547,0.000217,1.7316,2.5974,1.7197,2.5776,1173.730861,10.59821,-4e-06,4.816308,-1e-06
2014-03-06,0.4347,-1.3948,0.0547,0.000217,-2.7896,-4.1844,-2.8016,-4.2042,1157.359494,10.30256,-4e-06,4.681377,-1e-06
2014-03-07,0.4342,-0.1088,0.0546,0.000217,-0.2177,-0.3265,-0.2296,-0.3463,1156.099926,10.280135,-4e-06,4.670629,-1e-06
2014-03-10,0.4278,-1.4706,0.0543,0.000216,-2.9412,-4.4118,-2.9531,-4.4316,1139.098299,9.977775,-4e-06,4.5327,-1e-06
2014-03-11,0.4321,0.9951,0.0542,0.000215,1.9901,2.9852,1.9782,2.9654,1150.432902,10.176343,-4e-06,4.622364,-1e-06
2014-03-12,0.4333,0.2737,0.0542,0.000215,0.5473,0.821,0.5354,0.8012,1153.581187,10.23204,-4e-06,4.647113,-1e-06
2014-03-13,0.4196,-3.1659,0.0541,0.000215,-6.3319,-9.4978,-6.3438,-9.5176,1117.059591,9.584161,-4e-06,4.35231,-1e-06
2014-03-14,0.4214,0.4509,0.054,0.000214,0.9019,1.3528,0.8899,1.333,1122.096751,9.670597,-4e-06,4.391043,-1e-06
2014-03-17,0.4214,0.0,0.0538,0.000213,0.0,0.0,-0.0119,-0.0198,1122.096751,9.670597,-4e-06,4.390519,-1e-06
2014-03-18,0.4314,2.3569,0.0537,0.000213,4.7138,7.0708,4.7019,7.051,1148.543709,10.126454,-4e-06,4.596958,-1e-06
2014-03-19,0.439,1.7544,0.0536,0.000213,3.5087,5.2631,3.4968,5.2433,1168.693462,10.481766,-4e-06,4.757706,-1e-06
2014-03-20,0.4392,0.0539,0.0535,0.000212,0.1077,0.1616,0.0958,0.1418,1169.323087,10.49306,-4e-06,4.762265,-1e-06
2014-03-21,0.4385,-0.1615,0.0534,0.000212,-0.3231,-0.4846,-0.335,-0.5044,1167.434132,10.459158,-4e-06,4.746312,-1e-06
2014-03-24,0.4363,-0.4854,0.0532,0.000211,-0.9709,-1.4563,-0.9828,-1.4761,1161.767108,10.357616,-4e-06,4.699666,-1e-06
2014-03-25,0.4363,0.0,0.0531,0.000211,0.0,0.0,-0.0119,-0.0198,1161.767108,10.357616,-4e-06,4.699106,-1e-06
2014-03-26,0.4264,-2.2764,0.053,0.00021,-4.5528,-6.8293,-4.5648,-6.8491,1135.320389,9.886049,-4e-06,4.484603,-1e-06
2014-03-27,0.4207,-1.3311,0.0529,0.00021,-2.6622,-3.9934,-2.6742,-4.0132,1120.207876,9.622858,-4e-06,4.364678,-1e-06
2014-03-28,0.4233,0.6183,0.0528,0.00021,1.2366,1.855,1.2247,1.8352,1127.134309,9.741858,-4e-06,4.418133,-1e-06
2014-03-31,0.4236,0.0559,0.0526,0.000209,0.1118,0.1676,0.0998,0.1479,1127.764172,9.752746,-4e-06,4.422544,-1e-06
2014-04-01,0.4411,4.1317,0.0525,0.000208,8.2635,12.3952,8.2516,12.3754,1174.360486,10.558663,-4e-06,4.787474,-1e-06
2014-04-02,0.4382,-0.6434,0.0524,0.000208,-1.2868,-1.9303,-1.2988,-1.95,1166.804428,10.42279,-4e-06,4.725296,-1e-06
2014-04-03,0.443,1.0794,0.0524,0.000208,2.1587,3.2381,2.1468,3.2183,1179.39844,10.647788,-4e-06,4.826739,-1e-06
2014-04-04,0.4293,-3.0967,0.0523,0.000207,-6.1934,-9.29,-6.2053,-9.3098,1142.876288,9.988333,-4e-06,4.527227,-1e-06
2014-04-07,0.4307,0.3306,0.052,0.000206,0.6612,0.9918,0.6493,0.972,1146.654595,10.054375,-4e-06,4.556621,-1e-06
2014-04-08,0.446,3.5695,0.0519,0.000206,7.1389,10.7084,7.127,10.6886,1187.584044,10.772151,-4e-06,4.881373,-1e-06
2014-04-09,0.4456,-0.106,0.0519,0.000206,-0.2121,-0.3181,-0.224,-0.3379,1186.324635,10.749303,-4e-06,4.870438,-1e-06
2014-04-10,0.4347,-2.4416,0.0518,0.000205,-4.8832,-7.3248,-4.8951,-7.3445,1157.359494,10.224396,-4e-06,4.632026,-1e-06
2014-04-11,0.4285,-1.4146,0.0517,0.000205,-2.8292,-4.2438,-2.8411,-4.2636,1140.987413,9.935126,-4e-06,4.500424,-1e-06
2014-04-14,0.4333,1.1038,0.0515,0.000204,2.2075,3.3113,2.1956,3.2915,1153.581187,10.154446,-4e-06,4.599236,-1e-06
2014-04-15,0.4363,0.7096,0.0514,0.000204,1.4192,2.1288,1.4073,2.1091,1161.767108,10.29856,-4e-06,4.663962,-1e-06
2014-04-16,0.4373,0.2168,0.0513,0.000204,0.4336,0.6504,0.4217,0.6306,1164.285689,10.343212,-4e-06,4.683628,-1e-06
2014-04-17,0.439,0.3786,0.0512,0.000203,0.7572,1.1357,0.7453,1.116,1168.693462,10.421527,-4e-06,4.718533,-1e-06
2014-04-21,0.4425,0.8082,0.0509,0.000202,1.6164,2.4246,1.6045,2.4049,1178.138952,10.589983,-4e-06,4.794242,-1e-06
2014-04-22,0.4463,0.8551,0.0508,0.000202,1.7102,2.5654,1.6983,2.5456,1188.213511,10.771098,-4e-06,4.875665,-1e-06
2014-04-23,0.4515,1.1659,0.0507,0.000201,2.3318,3.4977,2.3199,3.478,1202.067012,11.022261,-4e-06,4.988776,-1e-06
2014-04-24,0.4555,0.8905,0.0506,0.000201,1.781,2.6715,1.7691,2.6517,1212.771275,11.218565,-4e-06,5.077031,-1e-06
2014-04-25,0.443,-2.7518,0.0505,0.000201,-5.5036,-8.2553,-5.5155,-8.2751,1179.39844,10.601143,-4e-06,4.797009,-1e-06
2014-04-28,0.4411,-0.4272,0.0503,0.0002,-0.8543,-1.2815,-0.8662,-1.3013,1174.360486,10.510575,-4e-06,4.755456,-1e-06
2014-04-29,0.442,0.2145,0.0502,0.000199,0.429,0.6435,0.4171,0.6237,1176.879304,10.555662,-4e-06,4.775289,-1e-06
2014-04-30,0.4368,-1.1771,0.0501,0.000199,-2.3542,-3.5313,-2.3661,-3.551,1163.026438,10.307164,-4e-06,4.662302,-1e-06
2014-05-01,0.4392,0.5414,0.0501,0.000199,1.0828,1.6242,1.0709,1.6044,1169.323087,10.41877,-4e-06,4.71223,-1e-06
2014-05-02,0.4359,-0.7539,0.05,0.000198,-1.5078,-2.2616,-1.5197,-2.2814,1160.507779,10.26168,-4e-06,4.64062,-1e-06
2014-05-05,0.4406,1.0852,0.0497,0.000197,2.1703,3.2555,2.1584,3.2357,1173.101236,10.484393,-4e-06,4.740785,-1e-06
2014-05-06,0.4316,-2.0397,0.0496,0.000197,-4.0793,-6.119,-4.0912,-6.1388,1149.17381,10.056698,-4e-06,4.546828,-1e-06
2014-05-07,0.4321,0.1096,0.0496,0.000197,0.2191,0.3287,0.2072,0.3089,1150.432902,10.078736,-4e-06,4.55625,-1e-06
2014-05-08,0.4375,1.2589,0.0495,0.000196,2.5177,3.7766,2.5058,3.7569,1164.915393,10.332493,-4e-06,4.670422,-1e-06
2014-05-09,0.4269,-2.4325,0.0494,0.000196,-4.8649,-7.2974,-4.8768,-7.3171,1136.579322,9.829826,-4e-06,4.442654,-1e-06
2014-05-12,0.4394,2.9363,0.0492,0.000195,5.8726,8.8089,5.8607,8.7891,1169.952554,10.407089,-4e-06,4.703024,-1e-06
2014-05-13,0.4323,-1.6146,0.0491,0.000195,-3.2292,-4.8439,-3.2411,-4.8636,1151.062289,10.07102,-4e-06,4.550592,-1e-06
2014-05-14,0.4281,-0.9847,0.049,0.000194,-1.9693,-2.954,-1.9812,-2.9738,1139.728083,9.872687,-4e-06,4.460434,-1e-06
2014-05-15,0.4257,-0.5525,0.0489,0.000194,-1.105,-1.6575,-1.1169,-1.6772,1133.431275,9.763597,-4e-06,4.410617,-1e-06
2014-05-16,0.4248,-0.2222,0.0488,0.000194,-0.4444,-0.6666,-0.4563,-0.6864,1130.912774,9.720207,-4e-06,4.390491,-1e-06
2014-05-19,0.4385,3.2294,0.0486,0.000193,6.4587,9.6881,6.4468,9.6684,1167.434132,10.34801,-4e-06,4.673539,-1e-06
2014-05-20,0.4334,-1.165,0.0485,0.000192,-2.33,-3.495,-2.3419,-3.5147,1153.833592,10.106902,-4e-06,4.56409,-1e-06
2014-05-21,0.4334,0.0,0.0484,0.000192,0.0,0.0,-0.0119,-0.0197,1153.833592,10.106902,-4e-06,4.563547,-1e-06
2014-05-22,0.4353,0.4386,0.0483,0.000192,0.8772,1.3158,0.8653,1.2961,1158.894399,10.195562,-4e-06,4.603036,-1e-06
2014-05-23,0.4393,0.9279,0.0482,0.000191,1.8559,2.7838,1.844,2.7641,1169.648176,10.384778,-4e-06,4.687915,-1e-06
2014-05-27,0.4471,1.7848,0.0479,0.00019,3.5695,5.3543,3.5576,5.3345,1190.523644,10.755466,-4e-06,4.854693,-1e-06
2014-05-28,0.451,0.8501,0.0478,0.00019,1.7003,2.5504,1.6884,2.5307,1200.644781,10.938339,-4e-06,4.936659,-1e-06
2014-05-29,0.4502,-0.1581,0.0478,0.000189,-0.3161,-0.4742,-0.328,-0.4939,1198.747018,10.90376,-4e-06,4.920466,-1e-06
2014-05-30,0.4514,0.2639,0.0477,0.000189,0.5277,0.7916,0.5158,0.7718,1201.910062,10.961302,-4e-06,4.945847,-1e-06
2014-06-02,0.45,-0.3158,0.0474,0.000188,-0.6316,-0.9473,-0.6435,-0.9671,1198.114695,10.892076,-4e-06,4.914023,-1e-06
2014-06-03,0.4481,-0.4224,0.0473,0.000188,-0.8448,-1.2672,-0.8567,-1.287,1193.053809,10.800058,-4e-06,4.871925,-1e-06
2014-06-04,0.4486,0.106,0.0473,0.000188,0.2121,0.3181,0.2002,0.2984,1194.318852,10.822962,-4e-06,4.881677,-1e-06
2014-06-05,0.4505,0.4237,0.0472,0.000187,0.8475,1.2712,0.8356,1.2514,1199.3795,10.914681,-4e-06,4.922466,-1e-06
2014-06-06,0.4521,0.3692,0.0471,0.000187,0.7384,1.1076,0.7265,1.0879,1203.807586,10.995275,-4e-06,4.958228,-1e-06
2014-06-09,0.4526,0.1051,0.0468,0.000186,0.2102,0.3153,0.1983,0.2955,1205.072629,11.018384,-4e-06,4.96806,-1e-06
2014-06-10,0.455,0.525,0.0468,0.000186,1.0499,1.5749,1.038,1.5551,1211.398716,11.134067,-4e-06,5.019629,-1e-06
2014-06-11,0.4609,1.3055,0.0467,0.000185,2.611,3.9164,2.5991,3.8967,1227.213299,11.424774,-5e-06,5.150093,-1e-06
2014-06-12,0.4638,0.6186,0.0466,0.000185,1.2371,1.8557,1.2252,1.836,1234.804429,11.566113,-5e-06,5.213194,-1e-06
2014-06-13,0.4643,0.1024,0.0465,0.000185,0.2049,0.3073,0.193,0.2876,1236.069472,11.589812,-5e-06,5.223255,-1e-06
2014-06-16,0.4628,-0.307,0.0463,0.000184,-0.6141,-0.9211,-0.626,-0.9408,1232.274264,11.518642,-5e-06,5.19056,-1e-06
2014-06-17,0.4659,0.6673,0.0462,0.000183,1.3346,2.002,1.3228,1.9822,1240.497479,11.672374,-5e-06,5.259218,-1e-06
2014-06-18,0.4654,-0.102,0.0461,0.000183,-0.2039,-0.3059,-0.2158,-0.3256,1239.232516,11.648569,-5e-06,5.247867,-1e-06
2014-06-19,0.4548,-2.2971,0.046,0.000183,-4.5942,-6.8913,-4.6061,-6.9111,1210.765996,11.113408,-4e-06,5.006144,-1e-06
2014-06-20,0.4498,-1.0972,0.0459,0.000182,-2.1943,-3.2915,-2.2062,-3.3112,1197.481816,10.869542,-4e-06,4.895697,-1e-06
2014-06-23,0.4445,-1.1622,0.0457,0.000181,-2.3243,-3.4865,-2.3362,-3.5062,1183.565234,10.6169,-4e-06,4.781324,-1e-06
2014-06-24,0.4376,-1.55,0.0456,0.000181,-3.1,-4.65,-3.1119,-4.6697,1165.220168,10.28778,-4e-06,4.632536,-1e-06
2014-06-25,0.4422,1.0315,0.0455,0.000181,2.063,3.0945,2.0511,3.0747,1177.239226,10.500013,-4e-06,4.727553,-1e-06
2014-06-26,0.4362,-1.3434,0.0455,0.00018,-2.6867,-4.0301,-2.6986,-4.0498,1161.424564,10.217906,-4e-06,4.599974,-1e-06
2014-06-27,0.4367,0.109,0.0454,0.00018,0.2179,0.3269,0.206,0.3072,1162.690083,10.240173,-4e-06,4.609452,-1e-06
2014-06-30,0.4405,0.8705,0.0451,0.000179,1.7409,2.6114,1.7291,2.5917,1172.810981,10.418449,-4e-06,4.689152,-1e-06
2014-07-01,0.4455,1.1327,0.045,0.000179,2.2654,3.3982,2.2536,3.3784,1186.095637,10.654472,-4e-06,4.794825,-1e-06
2014-07-02,0.4438,-0.3733,0.045,0.000178,-0.7467,-1.12,-0.7586,-1.1397,1181.667471,10.574918,-4e-06,4.758453,-1e-06
2014-07-03,0.4479,0.9101,0.0449,0.000178,1.8201,2.7302,1.8082,2.7104,1192.421248,10.767392,-4e-06,4.844496,-1e-06
2014-07-07,0.4443,-0.7958,0.0445,0.000177,-1.5915,-2.3873,-1.6034,-2.407,1182.932356,10.596025,-4e-06,4.766819,-1e-06
2014-07-08,0.4407,-0.8021,0.0445,0.000176,-1.6042,-2.4064,-1.6161,-2.4261,1173.44378,10.426039,-4e-06,4.689781,-1e-06
2014-07-09,0.454,3.0189,0.0444,0.000176,6.0377,9.0566,6.0258,9.0369,1208.868392,11.055534,-4e-06,4.972379,-1e-06
2014-07-10,0.4517,-0.5233,0.0443,0.000176,-1.0465,-1.5698,-1.0584,-1.5895,1202.542861,10.939835,-4e-06,4.919751,-1e-06
2014-07-11,0.4526,0.2104,0.0442,0.000175,0.4207,0.6311,0.4089,0.6114,1205.072629,10.985863,-4e-06,4.939866,-1e-06
2014-07-14,0.4583,1.2599,0.044,0.000174,2.5197,3.7796,2.5078,3.7599,1220.254889,11.262677,-4e-06,5.06375,-1e-06
2014-07-15,0.4602,0.4147,0.0439,0.000174,0.8295,1.2442,0.8176,1.2245,1225.315775,11.356098,-5e-06,5.105151,-1e-06
2014-07-16,0.4597,-0.1033,0.0438,0.000174,-0.2065,-0.3098,-0.2184,-0.3295,1224.050414,11.332644,-4e-06,5.094001,-1e-06
2014-07-17,0.4586,-0.2584,0.0437,0.000174,-0.5168,-0.7752,-0.5287,-0.7949,1220.887609,11.274079,-4e-06,5.067071,-1e-06
2014-07-18,0.4381,-4.456,0.0436,0.000173,-8.912,-13.3679,-8.9238,-13.3876,1166.485132,10.269339,-4e-06,4.614894,-1e-06
2014-07-21,0.4407,0.5965,0.0434,0.000172,1.1931,1.7896,1.1812,1.7699,1173.44378,10.391862,-4e-06,4.669406,-1e-06
2014-07-22,0.4388,-0.4313,0.0433,0.000172,-0.8626,-1.2939,-0.8744,-1.3136,1168.382895,10.302225,-4e-06,4.628575,-1e-06
2014-07-23,0.4296,-2.1115,0.0432,0.000172,-4.223,-6.3345,-4.2349,-6.3542,1143.712535,9.867163,-4e-06,4.43256,-1e-06
2014-07-24,0.4303,0.1659,0.0432,0.000171,0.3318,0.4977,0.3199,0.478,1145.609981,9.899902,-4e-06,4.446741,-1e-06
2014-07-25,0.4227,-1.767,0.0431,0.000171,-3.534,-5.301,-3.5459,-5.3207,1125.366994,9.550039,-3e-06,4.289065,-1e-06
2014-07-28,0.421,-0.3935,0.0428,0.00017,-0.7869,-1.1804,-0.7988,-1.2001,1120.939145,9.474888,-3e-06,4.254804,-1e-06
2014-07-29,0.4224,0.3386,0.0427,0.00017,0.6772,1.0158,0.6653,0.9961,1124.73475,9.539054,-3e-06,4.283113,-1e-06
2014-07-30,0.4296,1.6873,0.0427,0.000169,3.3746,5.0619,3.3627,5.0422,1143.712535,9.860961,-4e-06,4.427144,-1e-06
2014-07-31,0.4158,-3.208,0.0426,0.000169,-6.416,-9.6239,-6.4278,-9.6436,1107.022484,9.228286,-3e-06,4.142574,-1e-06
2014-08-01,0.4203,1.0857,0.0425,0.000169,2.1713,3.257,2.1595,3.2373,1119.041145,9.428664,-3e-06,4.232032,-1e-06
2014-08-04,0.4194,-0.2261,0.0422,0.000168,-0.4522,-0.6782,-0.464,-0.6979,1116.511218,9.386031,-3e-06,4.212394,-1e-06
2014-08-05,0.4196,0.0566,0.0422,0.000167,0.1133,0.1699,0.1014,0.1502,1117.143699,9.396665,-3e-06,4.216666,-1e-06
2014-08-06,0.4191,-0.1133,0.0421,0.000167,-0.2265,-0.3398,-0.2384,-0.3595,1115.878418,9.37538,-3e-06,4.206614,-1e-06
2014-08-07,0.4148,-1.0204,0.042,0.000167,-2.0408,-3.0611,-2.0526,-3.0808,1104.492239,9.184051,-3e-06,4.120268,-1e-06
2014-08-08,0.4514,8.8201,0.0419,0.000166,17.6403,26.4604,17.6284,26.4407,1201.910062,10.804145,-4e-06,4.846606,-1e-06
2014-08-11,0.4491,-0.5263,0.0417,0.000165,-1.0526,-1.5789,-1.0645,-1.5986,1195.584212,10.690417,-4e-06,4.795014,-1e-06
2014-08-12,0.4491,0.0,0.0416,0.000165,0.0,0.0,-0.0119,-0.0197,1195.584212,10.690417,-4e-06,4.794444,-1e-06
2014-08-13,0.4517,0.582,0.0415,0.000165,1.1641,1.7461,1.1522,1.7264,1202.542861,10.81486,-4e-06,4.849685,-1e-06
2014-08-14,0.4467,-1.1047,0.0414,0.000164,-2.2094,-3.3141,-2.2213,-3.3338,1189.258284,10.575914,-4e-06,4.74196,-1e-06
2014-08-15,0.4524,1.2766,0.0413,0.000164,2.5533,3.8299,2.5414,3.8102,1204.440861,10.845948,-4e-06,4.862473,-1e-06
2014-08-18,0.4586,1.3655,0.0411,0.000163,2.731,4.0965,2.7191,4.0768,1220.887609,11.142152,-4e-06,4.994691,-1e-06
2014-08-19,0.4623,0.8067,0.041,0.000163,1.6134,2.42,1.6015,2.4003,1230.736265,11.321916,-4e-06,5.07468,-1e-06
2014-08-20,0.4594,-0.6195,0.0409,0.000162,-1.2391,-1.8586,-1.2509,-1.8783,1223.111412,11.181629,-4e-06,5.011199,-1e-06
2014-08-21,0.4551,-0.9351,0.0408,0.000162,-1.8701,-2.8052,-1.882,-2.8249,1211.674529,10.972518,-4e-06,4.916888,-1e-06
2014-08-22,0.4553,0.0524,0.0408,0.000162,0.1049,0.1573,0.093,0.1376,1212.309947,10.984026,-4e-06,4.921462,-1e-06
2014-08-25,0.456,0.1572,0.0405,0.000161,0.3144,0.4717,0.3026,0.452,1214.215962,11.018565,-4e-06,4.936353,-1e-06
2014-08-26,0.4642,1.7792,0.0404,0.00016,3.5584,5.3376,3.5465,5.3179,1235.81913,11.410646,-4e-06,5.111421,-1e-06
2014-08-27,0.4589,-1.1311,0.0404,0.00016,-2.2622,-3.3933,-2.2741,-3.413,1221.840577,11.152511,-4e-06,4.995182,-1e-06
2014-08-28,0.4627,0.832,0.0403,0.00016,1.6641,2.4961,1.6522,2.4764,1232.006703,11.338096,-4e-06,5.077713,-1e-06
2014-08-29,0.4642,0.3094,0.0402,0.000159,0.6189,0.9283,0.607,0.9087,1235.81913,11.408267,-4e-06,5.108536,-1e-06
2014-09-02,0.4654,0.2571,0.0399,0.000158,0.5142,0.7713,0.5023,0.7516,1238.996218,11.466925,-4e-06,5.134196,-1e-06
2014-09-03,0.4697,0.923,0.0398,0.000158,1.8461,2.7691,1.8342,2.7494,1250.432545,11.678612,-5e-06,5.228368,-1e-06
2014-09-04,0.478,1.7785,0.0397,0.000158,3.557,5.3355,3.5451,5.3158,1272.671289,12.094016,-5e-06,5.413719,-1e-06
2014-09-05,0.4766,-0.2995,0.0396,0.000157,-0.5991,-0.8986,-0.6109,-0.9183,1268.859101,12.021563,-5e-06,5.380644,-1e-06
2014-09-08,0.4723,-0.9014,0.0394,0.000156,-1.8027,-2.7041,-1.8146,-2.7238,1257.42198,11.804845,-5e-06,5.283006,-1e-06
2014-09-09,0.4663,-1.2633,0.0393,0.000156,-2.5265,-3.7898,-2.5384,-3.8095,1241.537492,11.506594,-5e-06,5.148904,-1e-06
2014-09-10,0.468,0.3582,0.0392,0.000156,0.7165,1.0747,0.7046,1.055,1245.985098,11.589035,-5e-06,5.185183,-1e-06
2014-09-11,0.4632,-1.0199,0.0391,0.000155,-2.0398,-3.0597,-2.0516,-3.0793,1233.277459,11.352645,-4e-06,5.078802,-1e-06
2014-09-12,0.4563,-1.4941,0.039,0.000155,-2.9881,-4.4822,-3.0,-4.5019,1214.851379,11.013411,-4e-06,4.926438,-1e-06
2014-09-15,0.4501,-1.3598,0.0388,0.000154,-2.7196,-4.0794,-2.7315,-4.0991,1198.331632,10.713887,-4e-06,4.791872,-1e-06
2014-09-16,0.4568,1.4846,0.0387,0.000154,2.9692,4.4538,2.9573,4.4341,1216.122056,11.032003,-4e-06,4.933584,-1e-06
2014-09-17,0.457,0.0523,0.0386,0.000153,0.1045,0.1568,0.0927,0.1371,1216.757553,11.043533,-4e-06,4.938155,-1e-06
2014-09-18,0.4639,1.5144,0.0385,0.000153,3.0287,4.5431,3.0169,4.5234,1235.183633,11.37801,-4e-06,5.087132,-1e-06
2014-09-19,0.4553,-1.8518,0.0385,0.000153,-3.7037,-5.5555,-3.7155,-5.5752,1212.309947,10.956604,-4e-06,4.898117,-1e-06
2014-09-22,0.4508,-0.9958,0.0382,0.000152,-1.9916,-2.9874,-2.0035,-3.0071,1200.237647,10.73839,-4e-06,4.799985,-1e-06
2014-09-23,0.4489,-0.4235,0.0381,0.000151,-0.847,-1.2705,-0.8589,-1.2902,1195.154623,10.647436,-4e-06,4.75876,-1e-06
2014-09-24,0.4515,0.5848,0.0381,0.000151,1.1696,1.7544,1.1577,1.7347,1202.1439,10.771969,-4e-06,4.813854,-1e-06
2014-09-25,0.4417,-2.167,0.038,0.000151,-4.3341,-6.5011,-4.3459,-6.5208,1176.093046,10.305104,-4e-06,4.604648,-1e-06
2014-09-26,0.4427,0.2161,0.0379,0.00015,0.4322,0.6483,0.4203,0.6286,1178.634558,10.349643,-4e-06,4.624003,-1e-06
2014-09-29,0.442,-0.1617,0.0376,0.000149,-0.3234,-0.4851,-0.3353,-0.5048,1176.728543,10.316169,-4e-06,4.608499,-1e-06
2014-09-30,0.4403,-0.378,0.0376,0.000149,-0.7559,-1.1339,-0.7678,-1.1535,1172.281017,10.238188,-4e-06,4.573117,-1e-06
2014-10-01,0.436,-0.9756,0.0375,0.000149,-1.9513,-2.9269,-1.9631,-2.9466,1160.843817,10.038413,-4e-06,4.48334,-1e-06
2014-10-02,0.4341,-0.4379,0.0374,0.000148,-0.8757,-1.3136,-0.8876,-1.3333,1155.760793,9.950502,-4e-06,4.443546,-1e-06
2014-10-03,0.435,0.2199,0.0373,0.000148,0.4398,0.6597,0.4279,0.64,1158.302146,9.994261,-4e-06,4.462561,-1e-06
2014-10-06,0.4324,-0.6034,0.0371,0.000147,-1.2067,-1.8101,-1.2186,-1.8298,1151.313267,9.873656,-4e-06,4.40818,-1e-06
2014-10-07,0.4279,-1.0486,0.037,0.000147,-2.0971,-3.1457,-2.109,-3.1654,1139.240887,9.66659,-3e-06,4.315212,-1e-06
2014-10-08,0.4358,1.8405,0.0369,0.000146,3.681,5.5215,3.6691,5.5018,1160.208558,10.022417,-4e-06,4.473543,-1e-06
2014-10-09,0.4274,-1.9167,0.0368,0.000146,-3.8335,-5.7502,-3.8453,-5.7699,1137.97029,9.638208,-3e-06,4.301519,-1e-06
2014-10-10,0.4021,-5.9185,0.0367,0.000146,-11.837,-17.7555,-11.8489,-17.7752,1070.619433,8.497332,-3e-06,3.791838,-1e-06
2014-10-13,0.4007,-0.3561,0.0365,0.000145,-0.7121,-1.0682,-0.724,-1.0879,1066.807324,8.43682,-3e-06,3.764386,-1e-06
2014-10-14,0.41,2.3228,0.0364,0.000144,4.6456,6.9684,4.6338,6.9488,1091.587183,8.828761,-3e-06,3.938818,-1e-06
2014-10-15,0.4162,1.5134,0.0363,0.000144,3.0268,4.5402,3.0149,4.5205,1108.107169,9.095989,-3e-06,4.057571,-1e-06
2014-10-16,0.4164,0.0573,0.0362,0.000144,0.1147,0.172,0.1028,0.1524,1108.742586,9.106421,-3e-06,4.061744,-1e-06
2014-10-17,0.4157,-0.1719,0.0362,0.000144,-0.3438,-0.5158,-0.3557,-0.5354,1106.836413,9.075109,-3e-06,4.047296,-1e-06
2014-10-20,0.4193,0.8611,0.0359,0.000143,1.7221,2.5832,1.7103,2.5636,1116.367043,9.231395,-3e-06,4.116517,-1e-06
2014-10-21,0.4372,4.2687,0.0358,0.000142,8.5373,12.806,8.5255,12.7863,1164.020905,10.019507,-4e-06,4.467469,-1e-06
2014-10-22,0.4269,-2.3472,0.0358,0.000142,-4.6943,-7.0415,-4.7062,-7.0611,1136.699455,9.549159,-3e-06,4.257222,-1e-06
2014-10-23,0.4365,2.2359,0.0357,0.000142,4.4717,6.7076,4.4599,6.688,1162.114573,9.976173,-4e-06,4.44709,-1e-06
2014-10-24,0.441,1.0388,0.0356,0.000141,2.0777,3.1165,2.0658,3.0968,1174.186952,10.183444,-4e-06,4.538958,-1e-06
2014-10-27,0.4413,0.0541,0.0353,0.00014,0.1082,0.1623,0.0964,0.1427,1174.822211,10.194463,-4e-06,4.543332,-1e-06
2014-10-28,0.4518,2.3796,0.0353,0.00014,4.7593,7.1389,4.7474,7.1193,1202.778841,10.679647,-4e-06,4.759024,-1e-06
2014-10-29,0.4489,-0.6339,0.0352,0.00014,-1.2678,-1.9017,-1.2796,-1.9213,1195.154623,10.544254,-4e-06,4.698127,-1e-06
2014-10-30,0.446,-0.638,0.0351,0.000139,-1.2759,-1.9139,-1.2878,-1.9335,1187.529929,10.409716,-4e-06,4.637625,-1e-06
2014-10-31,0.4663,4.5479,0.035,0.000139,9.0958,13.6437,9.0839,13.624,1241.537492,11.356561,-4e-06,5.058904,-1e-06
2014-11-03,0.4742,1.6888,0.0348,0.000138,3.3776,5.0665,3.3658,5.0468,1262.504845,11.740145,-5e-06,5.229177,-1e-06
2014-11-04,0.4804,1.3085,0.0347,0.000138,2.6171,3.9256,2.6052,3.906,1279.025307,12.047396,-5e-06,5.36541,-1e-06
2014-11-05,0.4804,0.0,0.0346,0.000137,0.0,0.0,-0.0118,-0.0196,1279.025307,12.047396,-5e-06,5.364774,-1e-06
2014-11-06,0.4825,0.4471,0.0345,0.000137,0.8942,1.3413,0.8824,1.3217,1284.743907,12.155125,-5e-06,5.412112,-1e-06
2014-11-07,0.4723,-2.1266,0.0344,0.000137,-4.2533,-6.3799,-4.2651,-6.3996,1257.42198,11.638133,-4e-06,5.181278,-1e-06
2014-11-10,0.4778,1.1622,0.0342,0.000136,2.3244,3.4866,2.3126,3.467,1272.035872,11.908652,-5e-06,5.301099,-1e-06
2014-11-11,0.472,-1.1988,0.0341,0.000135,-2.3976,-3.5964,-2.4094,-3.616,1256.786721,11.62313,-4e-06,5.173372,-1e-06
2014-11-12,0.4689,-0.6572,0.034,0.000135,-1.3145,-1.9717,-1.3263,-1.9913,1248.526689,11.470348,-4e-06,5.104757,-1e-06
2014-11-13,0.4665,-0.5089,0.0339,0.000135,-1.0178,-1.5267,-1.0296,-1.5463,1242.172989,11.353604,-4e-06,5.052197,-1e-06
2014-11-14,0.4723,1.2276,0.0339,0.000134,2.4552,3.6828,2.4434,3.6632,1257.42198,11.632359,-4e-06,5.175641,-1e-06
2014-11-17,0.4701,-0.4548,0.0336,0.000133,-0.9096,-1.3643,-0.9214,-1.384,1251.703539,11.526557,-4e-06,5.127953,-1e-06
2014-11-18,0.4813,2.3858,0.0335,0.000133,4.7716,7.1574,4.7598,7.1378,1281.566739,12.076559,-5e-06,5.372032,-1e-06
2014-11-19,0.4795,-0.3735,0.0335,0.000133,-0.7469,-1.1204,-0.7588,-1.14,1276.780635,11.986357,-5e-06,5.331272,-1e-06
2014-11-20,0.4875,1.6492,0.0334,0.000132,3.2984,4.9476,3.2866,4.928,1297.837255,12.381715,-5e-06,5.506487,-1e-06
2014-11-21,0.4901,0.5408,0.0333,0.000132,1.0816,1.6225,1.0698,1.6028,1304.856208,12.51564,-5e-06,5.565395,-1e-06
2014-11-24,0.4932,0.6357,0.033,0.000131,1.2715,1.9072,1.2596,1.8876,1313.151629,12.674772,-5e-06,5.635499,-1e-06
2014-11-25,0.493,-0.0486,0.033,0.000131,-0.0972,-0.1459,-0.1091,-0.1655,1312.513197,12.662448,-5e-06,5.629352,-1e-06
2014-11-26,0.5014,1.7015,0.0329,0.00013,3.4031,5.1046,3.3912,5.085,1334.846127,13.093361,-5e-06,5.820257,-1e-06
2014-11-28,0.5026,0.239,0.0327,0.00013,0.4779,0.7169,0.4661,0.6973,1338.03591,13.155938,-5e-06,5.847384,-1e-06
2014-12-01,0.4932,-1.8598,0.0325,0.000129,-3.7195,-5.5793,-3.7314,-5.5989,1313.151629,12.666599,-5e-06,5.629197,-1e-06
2014-12-02,0.4939,0.1458,0.0324,0.000129,0.2915,0.4373,0.2797,0.4177,1315.065658,12.703525,-5e-06,5.644941,-1e-06
2014-12-03,0.5066,2.5715,0.0323,0.000128,5.1431,7.7146,5.1312,7.695,1348.88308,13.356877,-5e-06,5.934597,-1e-06
2014-12-04,0.5021,-0.8988,0.0322,0.000128,-1.7976,-2.6964,-1.8094,-2.716,1336.759521,13.116777,-5e-06,5.827216,-1e-06
2014-12-05,0.505,0.5728,0.0321,0.000128,1.1456,1.7184,1.1337,1.6987,1344.416272,13.267039,-5e-06,5.893281,-1e-06
2014-12-08,0.4985,-1.2814,0.0319,0.000127,-2.5629,-3.8443,-2.5747,-3.8639,1327.188424,12.927022,-5e-06,5.741546,-1e-06
2014-12-09,0.4968,-0.3365,0.0318,0.000126,-0.6731,-1.0096,-0.6849,-1.0292,1322.722012,12.840015,-5e-06,5.702223,-1e-06
2014-12-10,0.4858,-2.219,0.0317,0.000126,-4.438,-6.657,-4.4498,-6.6766,1293.370764,12.270174,-5e-06,5.448483,-1e-06
2014-12-11,0.4855,-0.0493,0.0316,0.000126,-0.0986,-0.1479,-0.1104,-0.1675,1292.733125,12.258075,-5e-06,5.442466,-1e-06
2014-12-12,0.4704,-3.1096,0.0316,0.000125,-6.2192,-9.3288,-6.231,-9.3484,1252.53439,11.495723,-4e-06,5.103345,-1e-06
2014-12-15,0.469,-0.3056,0.0313,0.000124,-0.6113,-0.9169,-0.6231,-0.9365,1248.706094,11.425451,-4e-06,5.071545,-1e-06
2014-12-16,0.4637,-1.1242,0.0312,0.000124,-2.2484,-3.3726,-2.2602,-3.3922,1234.668268,11.168563,-4e-06,4.956918,-1e-06
2014-12-17,0.4827,4.0827,0.0312,0.000124,8.1653,12.248,8.1535,12.2284,1285.07574,12.080515,-5e-06,5.361081,-1e-06
2014-12-18,0.4846,0.3973,0.0311,0.000123,0.7945,1.1918,0.7827,1.1722,1290.180822,12.176497,-5e-06,5.403041,-1e-06
2014-12-19,0.4894,0.9891,0.031,0.000123,1.9781,2.9672,1.9663,2.9475,1302.941385,12.417361,-5e-06,5.50928,-1e-06
2014-12-22,0.498,1.763,0.0307,0.000122,3.5261,5.2891,3.5142,5.2695,1325.91259,12.855204,-5e-06,5.702889,-1e-06
2014-12-23,0.4949,-0.6256,0.0307,0.000122,-1.2513,-1.8769,-1.2631,-1.8965,1317.617247,12.694351,-5e-06,5.630856,-1e-06
2014-12-24,0.493,-0.3874,0.0306,0.000121,-0.7747,-1.1621,-0.7866,-1.1817,1312.513197,12.596003,-5e-06,5.586565,-1e-06
2014-12-26,0.4934,0.0972,0.0304,0.000121,0.1944,0.2916,0.1826,0.272,1313.78911,12.620493,-5e-06,5.596766,-1e-06
2014-12-29,0.4927,-0.1457,0.0302,0.00012,-0.2914,-0.4372,-0.3033,-0.4568,1311.874605,12.58371,-5e-06,5.579793,-1e-06
2014-12-30,0.4882,-0.9241,0.0301,0.000119,-1.8482,-2.7723,-1.8601,-2.792,1299.751363,12.351134,-5e-06,5.476005,-1e-06
2014-12-31,0.4805,-1.5709,0.03,0.000119,-3.1418,-4.7127,-3.1536,-4.7323,1279.333415,11.963083,-5e-06,5.303311,-1e-06
2015-01-02,0.4824,0.399,0.0301,0.000119,0.798,1.1971,0.7862,1.1774,1284.438179,12.058553,-5e-06,5.345006,-1e-06
2015-01-05,0.4743,-1.689,0.0303,0.00012,-3.3781,-5.0671,-3.3899,-5.0867,1262.743444,11.651204,-4e-06,5.163815,-1e-06
2015-01-06,0.4599,-3.0318,0.0303,0.00012,-6.0636,-9.0954,-6.0754,-9.115,1224.459453,10.944719,-4e-06,4.85009,-1e-06
2015-01-07,0.4587,-0.2606,0.0304,0.000121,-0.5212,-0.7817,-0.533,-0.8014,1221.268717,10.887679,-4e-06,4.82424,-1e-06
2015-01-08,0.476,3.7618,0.0304,0.000121,7.5235,11.2853,7.5117,11.2657,1267.210094,11.706819,-4e-06,5.186623,-1e-06
2015-01-09,0.4779,0.4028,0.0305,0.000121,0.8055,1.2083,0.7937,1.1887,1272.314065,11.801123,-5e-06,5.22779,-1e-06
2015-01-12,0.4719,-1.2537,0.0307,0.000122,-2.5074,-3.7612,-2.5193,-3.7808,1256.362845,11.505217,-4e-06,5.096088,-1e-06
2015-01-13,0.4712,-0.1524,0.0307,0.000122,-0.3048,-0.4572,-0.3166,-0.4768,1254.448261,11.470151,-4e-06,5.079954,-1e-06
2015-01-14,0.4731,0.4069,0.0308,0.000122,0.8139,1.2208,0.8021,1.2012,1259.553184,11.563506,-4e-06,5.120698,-1e-06
2015-01-15,0.4697,-0.7092,0.0308,0.000122,-1.4184,-2.1277,-1.4303,-2.1473,1250.620123,11.399484,-4e-06,5.047458,-1e-06
2015-01-16,0.4783,1.8367,0.0309,0.000123,3.6734,5.5102,3.6616,5.4906,1273.590534,11.818237,-5e-06,5.232276,-1e-06
2015-01-20,0.4798,0.3006,0.0311,0.000123,0.6012,0.9018,0.5894,0.8822,1277.419068,11.889291,-5e-06,5.263115,-1e-06
2015-01-21,0.4865,1.3986,0.0312,0.000124,2.7972,4.1958,2.7853,4.1761,1295.284873,12.221855,-5e-06,5.409711,-1e-06
2015-01-22,0.4949,1.7241,0.0312,0.000124,3.4483,5.1724,3.4364,5.1528,1317.617247,12.643295,-5e-06,5.595611,-1e-06
2015-01-23,0.4963,0.2906,0.0313,0.000124,0.5812,0.8717,0.5693,0.8521,1321.446019,12.716774,-5e-06,5.627469,-1e-06
2015-01-26,0.4942,-0.4346,0.0314,0.000125,-0.8692,-1.3038,-0.881,-1.3234,1315.703139,12.606242,-5e-06,5.57789,-1e-06
2015-01-27,0.4704,-4.8011,0.0315,0.000125,-9.6023,-14.4034,-9.6141,-14.423,1252.53439,11.395756,-4e-06,5.041626,-1e-06
2015-01-28,0.4628,-1.6302,0.0315,0.000125,-3.2604,-4.8905,-3.2722,-4.9101,1232.115886,11.024214,-4e-06,4.876655,-1e-06
2015-01-29,0.474,2.434,0.0316,0.000125,4.868,7.302,4.8562,7.2824,1262.105487,11.560871,-4e-06,5.113472,-1e-06
2015-01-30,0.4601,-2.9323,0.0316,0.000126,-5.8645,-8.7968,-5.8764,-8.8164,1225.097251,10.882881,-4e-06,4.812987,-1e-06
2015-02-02,0.4702,2.1875,0.0318,0.000126,4.375,6.5625,4.3632,6.5429,1251.896275,11.359007,-4e-06,5.022985,-1e-06
2015-02-03,0.4819,2.4975,0.0319,0.000126,4.9949,7.4924,4.9831,7.4728,1283.161949,11.926382,-5e-06,5.273286,-1e-06
2015-02-04,0.4831,0.2486,0.0319,0.000127,0.4972,0.7459,0.4854,0.7263,1286.352208,11.985686,-5e-06,5.298883,-1e-06
2015-02-05,0.4911,1.6369,0.032,0.000127,3.2738,4.9108,3.262,4.8911,1307.408749,12.378078,-5e-06,5.471733,-1e-06
2015-02-06,0.4889,-0.4392,0.032,0.000127,-0.8784,-1.3176,-0.8902,-1.3372,1301.666503,12.269347,-5e-06,5.423021,-1e-06
2015-02-09,0.4884,-0.0981,0.0322,0.000128,-0.1962,-0.2943,-0.208,-0.3139,1300.389638,12.245275,-5e-06,5.41174,-1e-06
2015-02-10,0.5021,2.7968,0.0322,0.000128,5.5937,8.3905,5.5819,8.3709,1336.759521,12.930238,-5e-06,5.713815,-1e-06
2015-02-11,0.4987,-0.6683,0.0323,0.000128,-1.3365,-2.0048,-1.3483,-2.0244,1327.826619,12.757425,-5e-06,5.636774,-1e-06
2015-02-12,0.5344,7.1601,0.0324,0.000128,14.3201,21.4802,14.3083,21.4605,1422.899712,14.584302,-6e-06,6.443299,-1e-06
2015-02-13,0.5347,0.0448,0.0324,0.000129,0.0896,0.1345,0.0778,0.1148,1423.53751,14.597377,-6e-06,6.448312,-1e-06
2015-02-17,0.5363,0.3137,0.0326,0.000129,0.6275,0.9412,0.6156,0.9216,1428.003525,14.688969,-6e-06,6.488009,-1e-06
2015-02-18,0.5301,-1.1617,0.0327,0.00013,-2.3235,-3.4852,-2.3353,-3.5049,1411.413792,14.347672,-6e-06,6.336493,-1e-06
2015-02-19,0.5316,0.2713,0.0327,0.00013,0.5425,0.8138,0.5307,0.7941,1415.242326,14.42551,-6e-06,6.37012,-1e-06
2015-02-20,0.5354,0.7214,0.0328,0.00013,1.4428,2.1641,1.4309,2.1445,1425.451539,14.633634,-6e-06,6.461271,-1e-06
2015-02-23,0.5311,-0.8057,0.033,0.000131,-1.6114,-2.4171,-1.6232,-2.4367,1413.96673,14.397829,-6e-06,6.356389,-1e-06
2015-02-24,0.5367,1.0645,0.033,0.000131,2.129,3.1936,2.1172,3.1739,1429.018701,14.704365,-6e-06,6.490967,-1e-06
2015-02-25,0.5326,-0.762,0.0331,0.000131,-1.524,-2.286,-1.5359,-2.3056,1418.129477,14.480268,-6e-06,6.391275,-1e-06
2015-02-26,0.5341,0.271,0.0331,0.000131,0.5421,0.8131,0.5302,0.7935,1421.973088,14.558761,-6e-06,6.425164,-1e-06
2015-02-27,0.5307,-0.6306,0.0332,0.000132,-1.2613,-1.8919,-1.2731,-1.9115,1413.005669,14.375137,-6e-06,6.343365,-1e-06
2015-03-02,0.5437,2.4479,0.0333,0.000132,4.8957,7.3436,4.8839,7.3239,1447.594034,15.078902,-6e-06,6.653167,-1e-06
2015-03-03,0.5336,-1.8584,0.0334,0.000133,-3.7168,-5.5752,-3.7286,-5.5948,1420.692096,14.518453,-6e-06,6.405096,-1e-06
2015-03-04,0.5396,1.1271,0.0335,0.000133,2.2542,3.3814,2.2424,3.3617,1436.704969,14.845733,-6e-06,6.548723,-1e-06
2015-03-05,0.55,1.9171,0.0335,0.000133,3.8342,5.7512,3.8223,5.7316,1464.247721,15.414941,-7e-06,6.799036,-1e-06
2015-03-06,0.5425,-1.3561,0.0336,0.000133,-2.7122,-4.0683,-2.724,-4.0879,1444.391237,14.996861,-6e-06,6.61383,-1e-06
2015-03-09,0.5439,0.2661,0.0337,0.000134,0.5321,0.7982,0.5203,0.7786,1448.234371,15.076666,-6e-06,6.648242,-1e-06
2015-03-10,0.5533,1.7249,0.0338,0.000134,3.4498,5.1746,3.4379,5.155,1473.214663,15.596775,-7e-06,6.876803,-2e-06
2015-03-11,0.5504,-0.5217,0.0338,0.000134,-1.0434,-1.5652,-1.0553,-1.5848,1465.528554,15.434031,-7e-06,6.804233,-1e-06
2015-03-12,0.5454,-0.9178,0.0339,0.000134,-1.8357,-2.7535,-1.8475,-2.7731,1452.077505,15.150715,-6e-06,6.678525,-1e-06
2015-03-13,0.5461,0.1324,0.0339,0.000135,0.2647,0.3971,0.2529,0.3775,1453.999628,15.190825,-6e-06,6.695415,-1e-06
2015-03-16,0.5526,1.1894,0.0341,0.000135,2.3787,3.5681,2.3669,3.5485,1471.293017,15.552174,-7e-06,6.853888,-2e-06
2015-03-17,0.5593,1.219,0.0342,0.000136,2.438,3.6571,2.4262,3.6374,1489.22833,15.931341,-7e-06,7.020176,-2e-06
2015-03-18,0.5502,-1.6344,0.0342,0.000136,-3.2688,-4.9031,-3.2806,-4.9228,1464.888693,15.410584,-7e-06,6.789872,-1e-06
2015-03-19,0.5586,1.5304,0.0343,0.000136,3.0607,4.5911,3.0489,4.5715,1487.306843,15.882261,-7e-06,6.996888,-2e-06
2015-03-20,0.5646,1.0766,0.0343,0.000136,2.1533,3.2299,2.1414,3.2103,1503.319875,16.224252,-7e-06,7.146723,-2e-06
2015-03-23,0.5463,-3.2381,0.0345,0.000137,-6.4763,-9.7144,-6.4881,-9.7341,1454.640124,15.173521,-6e-06,6.683033,-1e-06
2015-03-24,0.5389,-1.365,0.0345,0.000137,-2.7301,-4.0951,-2.7419,-4.1147,1434.783799,14.759274,-6e-06,6.499791,-1e-06
2015-03-25,0.5062,-6.0714,0.0346,0.000137,-12.1429,-18.2143,-12.1547,-18.234,1347.671755,12.967073,-5e-06,5.709759,-1e-06
2015-03-26,0.5045,-0.3327,0.0347,0.000138,-0.6654,-0.9982,-0.6773,-1.0178,1343.187808,12.880785,-5e-06,5.671088,-1e-06
2015-03-27,0.5144,1.9551,0.0347,0.000138,3.9102,5.8654,3.8984,5.8457,1369.448774,13.384455,-5e-06,5.89217,-1e-06
2015-03-30,0.5165,0.421,0.0349,0.000138,0.842,1.263,0.8302,1.2434,1375.21419,13.497153,-5e-06,5.941084,-1e-06
2015-03-31,0.5035,-2.5151,0.0349,0.000139,-5.0302,-7.5453,-5.0421,-7.565,1340.626142,12.818219,-5e-06,5.641532,-1e-06
2015-04-01,0.5055,0.3822,0.035,0.000139,0.7644,1.1466,0.7526,1.127,1345.750109,12.916203,-5e-06,5.683988,-1e-06
2015-04-02,0.5067,0.238,0.035,0.000139,0.476,0.714,0.4642,0.6944,1348.953065,12.977686,-5e-06,5.710371,-1e-06
2015-04-06,0.5213,2.8965,0.0353,0.00014,5.793,8.6895,5.7812,8.6699,1388.025536,13.729484,-5e-06,6.040497,-1e-06
2015-04-07,0.5259,0.8767,0.0353,0.00014,1.7534,2.6302,1.7416,2.6105,1400.19464,13.970222,-6e-06,6.145698,-1e-06
2015-04-08,0.5297,0.732,0.0354,0.00014,1.4639,2.1959,1.4521,2.1762,1410.443368,14.174732,-6e-06,6.234937,-1e-06
2015-04-09,0.542,2.3161,0.0354,0.000141,4.6321,6.9482,4.6203,6.9286,1443.110246,14.831326,-6e-06,6.523009,-1e-06
2015-04-10,0.5476,1.0209,0.0355,0.000141,2.0418,3.0626,2.0299,3.043,1457.842603,15.134145,-6e-06,6.65542,-1e-06
2015-04-13,0.5425,-0.9227,0.0356,0.000141,-1.8454,-2.7681,-1.8572,-2.7877,1444.391237,14.854862,-6e-06,6.531814,-1e-06
2015-04-14,0.5379,-0.8426,0.0357,0.000142,-1.6852,-2.5278,-1.697,-2.5474,1432.221022,14.604533,-6e-06,6.420968,-1e-06
2015-04-15,0.5444,1.2076,0.0358,0.000142,2.4151,3.6227,2.4033,3.603,1449.515998,14.957251,-6e-06,6.575281,-1e-06
2015-04-16,0.5411,-0.6186,0.0358,0.000142,-1.2373,-1.8559,-1.2491,-1.8756,1440.548579,14.772185,-6e-06,6.493146,-1e-06
2015-04-17,0.5341,-1.2895,0.0359,0.000142,-2.5789,-3.8684,-2.5908,-3.8881,1421.973088,14.391218,-6e-06,6.324922,-1e-06
2015-04-20,0.5314,-0.4955,0.036,0.000143,-0.9909,-1.4864,-1.0028,-1.506,1414.927791,14.248613,-6e-06,6.261498,-1e-06
2015-04-21,0.5307,-0.1358,0.0361,0.000143,-0.2717,-0.4075,-0.2835,-0.4272,1413.005669,14.209901,-6e-06,6.243744,-1e-06
2015-04-22,0.5367,1.1333,0.0361,0.000143,2.2665,3.3998,2.2547,3.3801,1429.018701,14.531971,-6e-06,6.38452,-1e-06
2015-04-23,0.5346,-0.4034,0.0362,0.000144,-0.8068,-1.2101,-0.8186,-1.2298,1423.254397,14.414734,-6e-06,6.332256,-1e-06
2015-04-24,0.53,-0.8551,0.0362,0.000144,-1.7102,-2.5653,-1.7221,-2.585,1411.084023,14.168211,-6e-06,6.223211,-1e-06
2015-04-27,0.5341,0.7717,0.0364,0.000144,1.5434,2.315,1.5315,2.2954,1421.973088,14.386878,-6e-06,6.31852,-1e-06
2015-04-28,0.5367,0.4955,0.0365,0.000145,0.991,1.4864,0.9791,1.4668,1429.018701,14.529446,-6e-06,6.380385,-1e-06
2015-04-29,0.5326,-0.762,0.0365,0.000145,-1.524,-2.286,-1.5359,-2.3057,1418.129477,14.308016,-6e-06,6.282391,-1e-06
2015-04-30,0.5341,0.271,0.0366,0.000145,0.5421,0.8131,0.5302,0.7934,1421.973088,14.385575,-6e-06,6.315701,-1e-06
2015-05-01,0.5473,2.4775,0.0366,0.000145,4.9549,7.4324,4.9431,7.4127,1457.20179,15.098366,-6e-06,6.62789,-1e-06
2015-05-04,0.5439,-0.6154,0.0368,0.000146,-1.2308,-1.8462,-1.2426,-1.8658,1448.234371,14.91254,-6e-06,6.54553,-1e-06
2015-05-05,0.53,-2.5652,0.0368,0.000146,-5.1304,-7.6956,-5.1423,-7.7153,1411.084023,14.147462,-6e-06,6.20894,-1e-06
2015-05-06,0.5317,0.3177,0.0369,0.000146,0.6355,0.9532,0.6236,0.9336,1415.567653,14.237367,-6e-06,6.247661,-1e-06
2015-05-07,0.5411,1.7647,0.037,0.000147,3.5295,5.2942,3.5176,5.2745,1440.548579,14.739869,-6e-06,6.467429,-1e-06
2015-05-08,0.5011,-7.3811,0.037,0.000147,-14.7622,-22.1432,-14.774,-22.1629,1334.220548,12.563946,-5e-06,5.51193,-1e-06
2015-05-11,0.4963,-0.9602,0.0372,0.000148,-1.9203,-2.8805,-1.9322,-2.9001,1321.409916,12.322678,-5e-06,5.40543,-1e-06
2015-05-12,0.5011,0.9695,0.0372,0.000148,1.9389,2.9084,1.9271,2.8887,1334.220548,12.561607,-5e-06,5.509597,-1e-06
2015-05-13,0.504,0.5761,0.0373,0.000148,1.1521,1.7282,1.1403,1.7085,1341.906499,12.706333,-5e-06,5.572422,-1e-06
2015-05-14,0.5122,1.623,0.0373,0.000148,3.246,4.869,3.2342,4.8494,1363.68574,13.118782,-5e-06,5.752643,-1e-06
2015-05-15,0.5124,0.0469,0.0374,0.000148,0.0938,0.1407,0.0819,0.121,1364.325283,13.131087,-5e-06,5.757357,-1e-06
2015-05-18,0.5117,-0.1408,0.0376,0.000149,-0.2817,-0.4225,-0.2935,-0.4422,1362.403796,13.0941,-5e-06,5.740457,-1e-06
2015-05-19,0.5085,-0.6235,0.0376,0.000149,-1.2469,-1.8704,-1.2588,-1.89,1353.909766,12.930827,-5e-06,5.668198,-1e-06
2015-05-20,0.5085,0.0,0.0377,0.000149,0.0,0.0,-0.0119,-0.0197,1353.909766,12.930827,-5e-06,5.667526,-1e-06
2015-05-21,0.5049,-0.7129,0.0377,0.00015,-1.4259,-2.1388,-1.4378,-2.1585,1344.2571,12.746447,-5e-06,5.586041,-1e-06
2015-05-22,0.5042,-0.1436,0.0378,0.00015,-0.2872,-0.4308,-0.2991,-0.4505,1342.326566,12.709836,-5e-06,5.569334,-1e-06
2015-05-26,0.501,-0.6232,0.038,0.000151,-1.2463,-1.8695,-1.2582,-1.8892,1333.961557,12.551427,-5e-06,5.49926,-1e-06
2015-05-27,0.5279,5.3546,0.0381,0.000151,10.7092,16.0637,10.6973,16.0441,1405.389544,13.895579,-5e-06,6.087532,-1e-06
2015-05-28,0.5351,1.3736,0.0381,0.000151,2.7471,4.1207,2.7353,4.1011,1424.693608,14.277311,-6e-06,6.254044,-1e-06
2015-05-29,0.5349,-0.0451,0.0382,0.000151,-0.0902,-0.1353,-0.1021,-0.155,1424.051049,14.264432,-6e-06,6.247661,-1e-06
2015-06-01,0.5409,1.1297,0.0383,0.000152,2.2593,3.389,2.2474,3.3693,1440.137875,14.586709,-6e-06,6.388074,-1e-06
2015-06-02,0.5303,-1.966,0.0384,0.000152,-3.9321,-5.8981,-3.9439,-5.9178,1411.824179,14.013148,-6e-06,6.136132,-1e-06
2015-06-03,0.5245,-1.0939,0.0384,0.000153,-2.1878,-3.2816,-2.1996,-3.3013,1396.380548,13.706575,-5e-06,6.001161,-1e-06
2015-06-04,0.5339,1.7973,0.0385,0.000153,3.5945,5.3918,3.5827,5.3721,1421.477163,14.199261,-6e-06,6.216162,-1e-06
2015-06-05,0.538,0.7696,0.0385,0.000153,1.5391,2.3087,1.5273,2.289,1432.416218,14.417803,-6e-06,6.311099,-1e-06
2015-06-08,0.5257,-2.2911,0.0387,0.000154,-4.5822,-6.8733,-4.5941,-6.893,1399.598103,13.75715,-5e-06,6.021163,-1e-06
2015-06-09,0.5283,0.5057,0.0388,0.000154,1.0114,1.5171,0.9996,1.4975,1406.676091,13.896294,-5e-06,6.081349,-1e-06
2015-06-10,0.5189,-1.7841,0.0388,0.000154,-3.5682,-5.3523,-3.58,-5.3719,1381.579792,13.400451,-5e-06,5.863635,-1e-06
2015-06-11,0.5245,1.0713,0.0389,0.000154,2.1426,3.2139,2.1307,3.1942,1396.380548,13.687567,-5e-06,5.988572,-1e-06
2015-06-12,0.5102,-2.7189,0.0389,0.000154,-5.4378,-8.1567,-5.4497,-8.1764,1358.414185,12.943261,-5e-06,5.662214,-1e-06
2015-06-15,0.5092,-0.1895,0.0391,0.000155,-0.379,-0.5685,-0.3908,-0.5881,1355.840141,12.894209,-5e-06,5.640084,-1e-06
2015-06-16,0.5155,1.234,0.0392,0.000155,2.468,3.702,2.4562,3.6824,1372.57143,13.212442,-5e-06,5.778614,-1e-06
2015-06-17,0.5216,1.1721,0.0392,0.000156,2.3441,3.5162,2.3323,3.4965,1388.65889,13.522159,-5e-06,5.913387,-1e-06
2015-06-18,0.5303,1.6682,0.0393,0.000156,3.3364,5.0045,3.3245,4.9849,1411.824179,13.973307,-5e-06,6.109977,-1e-06
2015-06-19,0.5286,-0.319,0.0393,0.000156,-0.6381,-0.9571,-0.6499,-0.9768,1407.320078,13.884149,-5e-06,6.070267,-1e-06
2015-06-22,0.5264,-0.4115,0.0395,0.000157,-0.8231,-1.2346,-0.8349,-1.2543,1401.528478,13.769873,-5e-06,6.019585,-1e-06
2015-06-23,0.5129,-2.5712,0.0395,0.000157,-5.1424,-7.7136,-5.1542,-7.7333,1365.49249,13.061774,-5e-06,5.709321,-1e-06
2015-06-24,0.5078,-0.9896,0.0396,0.000157,-1.9792,-2.9688,-1.9911,-2.9885,1351.979392,12.803251,-5e-06,5.595643,-1e-06
2015-06-25,0.5117,0.7616,0.0396,0.000157,1.5231,2.2847,1.5113,2.265,1362.27557,12.998261,-5e-06,5.680208,-1e-06
2015-06-26,0.5013,-2.0312,0.0397,0.000158,-4.0624,-6.0937,-4.0743,-6.1133,1334.60475,12.470215,-5e-06,5.448779,-1e-06
2015-06-29,0.4863,-2.9894,0.0399,0.000158,-5.9787,-8.9681,-5.9906,-8.9878,1294.708569,11.724655,-4e-06,5.122365,-1e-06
2015-06-30,0.486,-0.0497,0.0399,0.000158,-0.0994,-0.1491,-0.1113,-0.1688,1294.064899,11.712997,-4e-06,5.116664,-1e-06
2015-07-01,0.493,1.4421,0.04,0.000159,2.8842,4.3263,2.8724,4.3067,1312.726801,12.050826,-4e-06,5.263633,-1e-06
2015-07-02,0.4935,0.098,0.04,0.000159,0.196,0.2939,0.1841,0.2742,1314.01295,12.07444,-4e-06,5.273323,-1e-06
2015-07-06,0.4875,-1.2243,0.0402,0.00016,-2.4485,-3.6728,-2.4604,-3.6925,1297.926045,11.778795,-4e-06,5.143579,-1e-06
2015-07-07,0.4783,-1.884,0.0403,0.00016,-3.768,-5.652,-3.7799,-5.6717,1273.473099,11.33497,-4e-06,4.949158,-1e-06
2015-07-08,0.4749,-0.7074,0.0404,0.00016,-1.4149,-2.1223,-1.4267,-2.142,1264.464102,11.174595,-4e-06,4.878547,-1e-06
2015-07-09,0.4691,-1.2214,0.0404,0.00016,-2.4427,-3.6641,-2.4546,-3.6837,1249.02055,10.901633,-4e-06,4.758799,-1e-06
2015-07-10,0.4773,1.7517,0.0405,0.000161,3.5033,5.255,3.4915,5.2353,1270.899214,11.283553,-4e-06,4.924951,-1e-06
2015-07-13,0.4805,0.6582,0.0406,0.000161,1.3165,1.9747,1.3046,1.9551,1279.264858,11.4321,-4e-06,4.989203,-1e-06
2015-07-14,0.4807,0.0503,0.0407,0.000161,0.1005,0.1508,0.0887,0.1311,1279.907972,11.443595,-4e-06,4.993628,-1e-06
2015-07-15,0.4773,-0.7039,0.0407,0.000162,-1.4077,-2.1116,-1.4196,-2.1313,1270.899214,11.282501,-4e-06,4.922739,-1e-06
2015-07-16,0.488,2.2279,0.0408,0.000162,4.4558,6.6836,4.4439,6.6639,1299.213306,11.785222,-4e-06,5.1415,-1e-06
2015-07-17,0.4851,-0.5944,0.0408,0.000162,-1.1888,-1.7832,-1.2007,-1.8029,1291.490776,11.645119,-4e-06,5.079767,-1e-06
2015-07-20,0.4761,-1.8435,0.041,0.000163,-3.6871,-5.5306,-3.699,-5.5503,1267.681499,11.215752,-4e-06,4.891868,-1e-06
2015-07-21,0.4783,0.4569,0.0411,0.000163,0.9137,1.3706,0.9019,1.3509,1273.473099,11.318233,-4e-06,4.935986,-1e-06
2015-07-22,0.4691,-1.9201,0.0411,0.000163,-3.8403,-5.7604,-3.8522,-5.7801,1249.02055,10.88358,-4e-06,4.745844,-1e-06
2015-07-23,0.4749,1.2365,0.0412,0.000163,2.4729,3.7094,2.461,3.6897,1264.464102,11.152721,-4e-06,4.862641,-1e-06
2015-07-24,0.4694,-1.1705,0.0412,0.000164,-2.3409,-3.5114,-2.3528,-3.5311,1249.663982,10.891643,-4e-06,4.748233,-1e-06
2015-07-27,0.4667,-0.5664,0.0414,0.000164,-1.1328,-1.6992,-1.1447,-1.7189,1242.585677,10.768259,-4e-06,4.693879,-1e-06
2015-07-28,0.4769,2.175,0.0415,0.000164,4.3501,6.5251,4.3382,6.5054,1269.612271,11.236685,-4e-06,4.897509,-1e-06
2015-07-29,0.4827,1.2164,0.0415,0.000165,2.4328,3.6492,2.4209,3.6295,1285.055903,11.510052,-4e-06,5.016074,-1e-06
2015-07-30,0.4839,0.2504,0.0416,0.000165,0.5008,0.7511,0.4889,0.7315,1288.273458,11.56769,-4e-06,5.040598,-1e-06
2015-07-31,0.4822,-0.3496,0.0416,0.000165,-0.6993,-1.0489,-0.7111,-1.0686,1283.769198,11.486801,-4e-06,5.004752,-1e-06
2015-08-03,0.4904,1.7043,0.0418,0.000166,3.4085,5.1128,3.3967,5.0931,1305.648099,11.878333,-4e-06,5.174747,-1e-06
2015-08-04,0.4923,0.3943,0.0418,0.000166,0.7885,1.1828,0.7766,1.1631,1310.795633,11.971994,-4e-06,5.214935,-1e-06
2015-08-05,0.4974,1.0309,0.0419,0.000166,2.0619,3.0928,2.05,3.0731,1324.309207,12.218843,-4e-06,5.321842,-1e-06
2015-08-06,0.4943,-0.6317,0.0419,0.000166,-1.2634,-1.8951,-1.2753,-1.9148,1315.943563,12.064471,-4e-06,5.253974,-1e-06
2015-08-07,0.5554,12.3717,0.042,0.000167,24.7434,37.115,24.7315,37.0953,1478.747907,15.049626,-6e-06,6.553361,-1e-06
2015-08-10,0.5747,3.4813,0.0422,0.000167,6.9625,10.4438,6.9506,10.4241,1530.226891,16.097458,-7e-06,7.008861,-1e-06
2015-08-11,0.5718,-0.5047,0.0422,0.000168,-1.0093,-1.514,-1.0212,-1.5337,1522.504599,15.934986,-6e-06,6.937288,-1e-06
2015-08-12,0.5733,0.2536,0.0423,0.000168,0.5072,0.7608,0.4953,0.7411,1526.365666,16.015808,-7e-06,6.97165,-1e-06
2015-08-13,0.5685,-0.8431,0.0423,0.000168,-1.6863,-2.5294,-1.6981,-2.5491,1513.496396,15.74574,-6e-06,6.853262,-1e-06
2015-08-14,0.5689,0.085,0.0424,0.000168,0.1701,0.2551,0.1582,0.2354,1514.783418,15.772519,-6e-06,6.864104,-1e-06
2015-08-17,0.5653,-0.6373,0.0425,0.000169,-1.2745,-1.9118,-1.2864,-1.9315,1505.130434,15.571498,-6e-06,6.775805,-1e-06
2015-08-18,0.5602,-0.9102,0.0426,0.000169,-1.8204,-2.7305,-1.8322,-2.7502,1491.431027,15.28804,-6e-06,6.651657,-1e-06
2015-08-19,0.558,-0.3899,0.0427,0.000169,-0.7799,-1.1698,-0.7918,-1.1895,1485.615305,15.168811,-6e-06,6.598991,-1e-06
2015-08-20,0.5378,-3.6103,0.0427,0.000169,-7.2205,-10.8308,-7.2324,-10.8505,1431.980757,14.073545,-5e-06,6.121726,-1e-06
2015-08-21,0.5211,-3.1137,0.0428,0.00017,-6.2274,-9.3412,-6.2393,-9.3609,1387.392816,13.197122,-5e-06,5.739772,-1e-06
2015-08-24,0.5026,-3.5398,0.0429,0.00017,-7.0796,-10.6195,-7.0915,-10.6392,1338.281571,12.262812,-4e-06,5.332735,-1e-06
2015-08-25,0.4922,-2.0763,0.043,0.000171,-4.1526,-6.2289,-4.1645,-6.2486,1310.494984,11.75359,-4e-06,5.110656,-1e-06
2015-08-26,0.5293,7.5444,0.043,0.000171,15.0888,22.6332,15.0769,22.6135,1409.364079,13.527067,-5e-06,5.881186,-1e-06
2015-08-27,0.5492,3.7597,0.0431,0.000171,7.5195,11.2792,7.5076,11.2595,1462.352577,14.544234,-6e-06,6.322723,-1e-06
2015-08-28,0.5517,0.4419,0.0432,0.000171,0.8838,1.3256,0.8719,1.3059,1468.814349,14.672768,-6e-06,6.377849,-1e-06
2015-08-31,0.5456,-1.0999,0.0433,0.000172,-2.1997,-3.2996,-2.2116,-3.3193,1452.659284,14.350005,-5e-06,6.236795,-1e-06
2015-09-01,0.5233,-4.0925,0.0434,0.000172,-8.1851,-12.2776,-8.197,-12.2973,1393.208538,13.175444,-5e-06,5.725567,-1e-06
2015-09-02,0.5391,3.0148,0.0434,0.000172,6.0297,9.0445,6.0178,9.0248,1435.211643,13.969883,-5e-06,6.070121,-1e-06
2015-09-03,0.5405,0.2702,0.0435,0.000173,0.5404,0.8106,0.5285,0.7909,1439.089531,14.045375,-5e-06,6.102202,-1e-06
2015-09-04,0.5279,-2.335,0.0435,0.000173,-4.67,-7.0051,-4.6819,-7.0248,1405.486507,13.389451,-5e-06,5.816502,-1e-06
2015-09-08,0.5505,4.2759,0.0438,0.000174,8.5518,12.8276,8.5399,12.8079,1465.583463,14.534485,-6e-06,6.313225,-1e-06
2015-09-09,0.5395,-1.9842,0.0438,0.000174,-3.9683,-5.9525,-3.9802,-5.9722,1436.50406,13.957713,-5e-06,6.061947,-1e-06
2015-09-10,0.548,1.5744,0.0439,0.000174,3.1488,4.7233,3.137,4.7036,1459.120738,14.39722,-5e-06,6.252108,-1e-06
2015-09-11,0.5497,0.31,0.0439,0.000174,0.6201,0.9301,0.6082,0.9104,1463.644518,14.486493,-5e-06,6.290133,-1e-06
2015-09-14,0.5507,0.1766,0.0441,0.000175,0.3532,0.5298,0.3413,0.5101,1466.229513,14.537663,-6e-06,6.311604,-1e-06
2015-09-15,0.5568,1.1018,0.0441,0.000175,2.2036,3.3054,2.1917,3.2857,1482.384419,14.858015,-6e-06,6.449936,-1e-06
2015-09-16,0.5607,0.6975,0.0442,0.000175,1.395,2.0925,1.3831,2.0728,1492.723921,15.065282,-6e-06,6.539145,-1e-06
2015-09-17,0.5658,0.9091,0.0442,0.000176,1.8182,2.7272,1.8063,2.7075,1506.293991,15.339193,-6e-06,6.657261,-1e-06
2015-09-18,0.5653,-0.0858,0.0443,0.000176,-0.1716,-0.2575,-0.1835,-0.2772,1505.001256,15.312864,-6e-06,6.645043,-1e-06
2015-09-21,0.5711,1.0305,0.0445,0.000176,2.061,3.0914,2.0491,3.0717,1520.509953,15.628455,-6e-06,6.781205,-1e-06
2015-09-22,0.5556,-2.7199,0.0445,0.000177,-5.4398,-8.1597,-5.4517,-8.1794,1479.153533,14.778297,-6e-06,6.411514,-1e-06
2015-09-23,0.5582,0.4805,0.0446,0.000177,0.961,1.4415,0.9491,1.4218,1486.26072,14.920313,-6e-06,6.472366,-1e-06
2015-09-24,0.5689,1.9131,0.0446,0.000177,3.8262,5.7393,3.8143,5.7196,1514.69439,15.491195,-6e-06,6.719242,-1e-06
2015-09-25,0.573,0.7253,0.0447,0.000177,1.4506,2.1759,1.4387,2.1562,1525.680418,15.715909,-6e-06,6.815913,-1e-06
2015-09-28,0.5655,-1.313,0.0448,0.000178,-2.6261,-3.9391,-2.6379,-3.9588,1505.647782,15.3032,-6e-06,6.636113,-1e-06
2015-09-29,0.5755,1.7596,0.0449,0.000178,3.5193,5.2789,3.5074,5.2592,1532.141714,15.841761,-6e-06,6.868867,-1e-06
2015-09-30,0.5983,3.9646,0.045,0.000178,7.9292,11.8937,7.9173,11.874,1592.884719,17.097881,-7e-06,7.412694,-2e-06
2015-10-01,0.5866,-1.9473,0.045,0.000179,-3.8946,-5.8419,-3.9065,-5.8616,1561.866531,16.431988,-7e-06,7.123119,-1e-06
2015-10-02,0.6019,2.6066,0.0451,0.000179,5.2132,7.8197,5.2013,7.8,1602.577853,17.288614,-7e-06,7.493612,-2e-06
2015-10-05,0.617,2.5,0.0452,0.000179,5.0,7.4999,4.9881,7.4802,1642.642014,18.153038,-8e-06,7.8674,-2e-06
2015-10-06,0.625,1.2982,0.0453,0.00018,2.5964,3.8945,2.5845,3.8748,1663.966433,18.624356,-8e-06,8.07073,-2e-06
2015-10-07,0.6315,1.0486,0.0453,0.00018,2.0971,3.1457,2.0852,3.1259,1681.414074,19.01493,-8e-06,8.239023,-2e-06
2015-10-08,0.6352,0.5765,0.0454,0.00018,1.153,1.7295,1.1411,1.7098,1691.107367,19.234171,-8e-06,8.333039,-2e-06
2015-10-09,0.6327,-0.3821,0.0455,0.00018,-0.7642,-1.1463,-0.7761,-1.166,1684.645912,19.087189,-8e-06,8.26837,-2e-06
2015-10-12,0.6395,1.074,0.0456,0.000181,2.148,3.222,2.1361,3.2023,1702.738969,19.497181,-9e-06,8.444992,-2e-06
2015-10-13,0.6407,0.1898,0.0457,0.000181,0.3796,0.5694,0.3677,0.5497,1705.970807,19.571194,-9e-06,8.476045,-2e-06
2015-10-14,0.664,3.6363,0.0457,0.000181,7.2726,10.9089,7.2607,10.8892,1768.00512,20.99453,-9e-06,9.091468,-2e-06
2015-10-15,0.6657,0.2559,0.0458,0.000182,0.5117,0.7676,0.4998,0.7478,1772.528582,21.10196,-1e-05,9.136908,-2e-06
2015-10-16,0.6762,1.5676,0.0458,0.000182,3.1352,4.7029,3.1234,4.6831,1800.31509,21.763557,-1e-05,9.422286,-2e-06
2015-10-19,0.675,-0.1795,0.046,0.000183,-0.3589,-0.5384,-0.3708,-0.5581,1797.084204,21.685442,-1e-05,9.387347,-2e-06
2015-10-20,0.674,-0.1438,0.0461,0.000183,-0.2876,-0.4314,-0.2995,-0.4512,1794.499845,21.623071,-1e-05,9.359231,-2e-06
2015-10-21,0.6653,-1.2964,0.0461,0.000183,-2.5928,-3.8892,-2.6047,-3.9089,1771.236164,21.062433,-1e-05,9.115454,-2e-06
2015-10-22,0.6893,3.6119,0.0462,0.000183,7.2237,10.8356,7.2118,10.8158,1835.21069,22.583923,-1.1e-05,9.772845,-2e-06
2015-10-23,0.6939,0.669,0.0462,0.000183,1.338,2.007,1.3261,1.9872,1847.488025,22.886091,-1.1e-05,9.902441,-2e-06
2015-10-26,0.6907,-0.4547,0.0464,0.000184,-0.9095,-1.3642,-0.9213,-1.3839,1839.086992,22.677952,-1.1e-05,9.811206,-2e-06
2015-10-27,0.6903,-0.0703,0.0464,0.000184,-0.1405,-0.2108,-0.1524,-0.2306,1837.794574,22.646078,-1.1e-05,9.796249,-2e-06
2015-10-28,0.6958,0.8087,0.0465,0.000184,1.6174,2.4262,1.6056,2.4064,1852.657221,23.012366,-1.1e-05,9.953533,-2e-06
2015-10-29,0.6718,-3.4531,0.0465,0.000185,-6.9061,-10.3592,-6.918,-10.3789,1788.683806,21.423103,-1e-05,9.264946,-2e-06
2015-10-30,0.6886,2.4928,0.0466,0.000185,4.9855,7.4783,4.9736,7.4585,1833.271429,22.491157,-1e-05,9.725751,-2e-06
2015-11-02,0.6966,1.1632,0.0468,0.000186,2.3264,3.4895,2.3145,3.4698,1854.595689,23.014382,-1.1e-05,9.95085,-2e-06
2015-11-03,0.6917,-0.6969,0.0468,0.000186,-1.3937,-2.0906,-1.4056,-2.1103,1841.671828,22.693628,-1.1e-05,9.810981,-2e-06
2015-11-04,0.6803,-1.6491,0.0469,0.000186,-3.2982,-4.9473,-3.3101,-4.9671,1811.300642,21.945143,-1e-05,9.486226,-2e-06
2015-11-05,0.6725,-1.1417,0.0469,0.000186,-2.2833,-3.425,-2.2952,-3.4447,1790.621798,21.444066,-1e-05,9.268498,-2e-06
2015-11-06,0.7657,13.8579,0.047,0.000186,27.7157,41.5736,27.7038,41.5538,2038.763649,27.387443,-1.4e-05,11.836226,-3e-06
2015-11-09,0.7623,-0.4438,0.0472,0.000187,-0.8875,-1.3313,-0.8994,-1.351,2029.716565,27.144378,-1.4e-05,11.729771,-3e-06
2015-11-10,0.7478,-1.9102,0.0472,0.000187,-3.8204,-5.7307,-3.8323,-5.7504,1990.944505,26.107343,-1.3e-05,11.280247,-3e-06
2015-11-11,0.7405,-0.9737,0.0473,0.000188,-1.9474,-2.9211,-1.9593,-2.9408,1971.558872,25.598934,-1.2e-05,11.059236,-3e-06
2015-11-12,0.7378,-0.3606,0.0473,0.000188,-0.7211,-1.0817,-0.733,-1.1014,1964.450098,25.414331,-1.2e-05,10.978169,-3e-06
2015-11-13,0.7233,-1.9737,0.0474,0.000188,-3.9474,-5.921,-3.9592,-5.9408,1925.678196,24.411138,-1.2e-05,10.543516,-3e-06
2015-11-16,0.7378,2.0134,0.0475,0.000189,4.0268,6.0402,4.0149,6.0205,1964.450098,25.394133,-1.2e-05,10.966831,-3e-06
2015-11-17,0.7378,0.0,0.0476,0.000189,0.0,0.0,-0.0119,-0.0197,1964.450098,25.394133,-1.2e-05,10.965527,-3e-06
2015-11-18,0.756,2.46,0.0476,0.000189,4.92,7.3799,4.9081,7.3602,2012.775163,26.643514,-1.3e-05,11.503722,-3e-06
2015-11-19,0.7582,0.29,0.0477,0.000189,0.5801,0.8701,0.5682,0.8504,2018.612944,26.798065,-1.3e-05,11.569083,-3e-06
2015-11-20,0.7648,0.8676,0.0478,0.000189,1.7352,2.6029,1.7234,2.5831,2036.12692,27.263079,-1.4e-05,11.768459,-3e-06
2015-11-23,0.7533,-1.4973,0.0479,0.00019,-2.9946,-4.4919,-3.0065,-4.5117,2005.639728,26.446651,-1.3e-05,11.414638,-3e-06
2015-11-24,0.7594,0.8086,0.048,0.00019,1.6171,2.4257,1.6052,2.4059,2021.856367,26.874321,-1.3e-05,11.597867,-3e-06
2015-11-25,0.7584,-0.1284,0.048,0.000191,-0.2567,-0.3851,-0.2686,-0.4049,2019.260899,26.805324,-1.3e-05,11.56671,-3e-06
2015-11-27,0.7648,0.8353,0.0481,0.000191,1.6705,2.5058,1.6586,2.486,2036.12692,27.25311,-1.4e-05,11.758558,-3e-06
2015-11-30,0.7728,1.0512,0.0483,0.000192,2.1025,3.1537,2.0906,3.134,2057.531639,27.826105,-1.4e-05,12.004382,-3e-06
2015-12-01,0.7979,3.2472,0.0484,0.000192,6.4944,9.7416,6.4825,9.7219,2124.343803,29.633244,-1.5e-05,12.782566,-3e-06
2015-12-02,0.7918,-0.7634,0.0484,0.000192,-1.5267,-2.2901,-1.5386,-2.3098,2108.127323,29.180825,-1.5e-05,12.58589,-3e-06
2015-12-03,0.7901,-0.2154,0.0485,0.000192,-0.4308,-0.6462,-0.4427,-0.666,2103.586087,29.055105,-1.5e-05,12.530168,-3e-06
2015-12-04,0.8222,4.0703,0.0485,0.000193,8.1407,12.211,8.1288,12.1912,2189.20893,31.42038,-1.7e-05,13.548715,-4e-06
2015-12-07,0.8067,-1.8963,0.0487,0.000193,-3.7926,-5.6889,-3.8045,-5.7087,2147.694766,30.228725,-1.6e-05,13.033252,-3e-06
2015-12-08,0.8176,1.3591,0.0487,0.000193,2.7182,4.0774,2.7063,4.0576,2176.884462,31.050413,-1.6e-05,13.385975,-4e-06
2015-12-09,0.7969,-2.5328,0.0488,0.000194,-5.0655,-7.5983,-5.0774,-7.6181,2121.74897,29.477542,-1.5e-05,12.70631,-3e-06
2015-12-10,0.8035,0.8254,0.0488,0.000194,1.6509,2.4763,1.639,2.4566,2139.262787,29.964182,-1.6e-05,12.914565,-3e-06
2015-12-11,0.7915,-1.4858,0.0489,0.000194,-2.9715,-4.4573,-2.9834,-4.477,2107.478575,29.073793,-1.5e-05,12.52927,-3e-06
2015-12-14,0.7935,0.2462,0.0491,0.000195,0.4925,0.7387,0.4806,0.7189,2112.667766,29.216968,-1.5e-05,12.58948,-3e-06
2015-12-15,0.8032,1.2281,0.0491,0.000195,2.4562,3.6843,2.4443,3.6645,2138.613404,29.934595,-1.6e-05,12.897204,-3e-06
2015-12-16,0.8081,0.6066,0.0492,0.000195,1.2132,1.8198,1.2013,1.8001,2151.586461,30.297768,-1.6e-05,13.052141,-3e-06
2015-12-17,0.7959,-1.5074,0.0492,0.000195,-3.0147,-4.5221,-3.0266,-4.5418,2119.154453,29.384379,-1.5e-05,12.657104,-3e-06
2015-12-18,0.783,-1.6223,0.0493,0.000196,-3.2446,-4.8669,-3.2565,-4.8867,2084.775408,28.430973,-1.4e-05,12.244925,-3e-06
2015-12-21,0.8015,2.3647,0.0495,0.000196,4.7293,7.094,4.7174,7.0742,2134.073437,29.77557,-1.5e-05,12.822571,-3e-06
2015-12-22,0.8023,0.0912,0.0495,0.000196,0.1824,0.2736,0.1705,0.2538,2136.019523,29.829875,-1.5e-05,12.844431,-3e-06
2015-12-23,0.8054,0.3948,0.0496,0.000197,0.7895,1.1843,0.7776,1.1645,2144.451661,30.065388,-1.6e-05,12.944311,-3e-06
2015-12-24,0.8081,0.3327,0.0496,0.000197,0.6654,0.9981,0.6535,0.9784,2151.586461,30.265449,-1.6e-05,13.028905,-3e-06
2015-12-28,0.8074,-0.0904,0.0498,0.000198,-0.1809,-0.2713,-0.1928,-0.291,2149.640852,30.210712,-1.6e-05,13.00379,-3e-06
2015-12-29,0.8205,1.6294,0.0499,0.000198,3.2589,4.8883,3.247,4.8686,2184.668011,31.195245,-1.7e-05,13.426021,-4e-06
2015-12-30,0.8135,-0.861,0.0499,0.000198,-1.7221,-2.5831,-1.734,-2.6029,2165.857014,30.658034,-1.6e-05,13.193214,-3e-06
2015-12-31,0.803,-1.2878,0.05,0.000198,-2.5756,-3.8634,-2.5875,-3.8832,2137.965132,29.868406,-1.5e-05,12.851839,-3e-06
2016-01-04,0.7886,-1.79,0.053,0.00021,-3.5801,-5.3701,-3.592,-5.3899,2099.69455,28.799089,-1.5e-05,12.3902,-3e-06
2016-01-05,0.8013,1.6064,0.0537,0.000213,3.2129,4.8193,3.2009,4.7995,2133.424689,29.724364,-1.5e-05,12.786803,-3e-06
2016-01-06,0.7682,-4.135,0.0544,0.000216,-8.27,-12.405,-8.2819,-12.4248,2045.207647,27.266161,-1.3e-05,11.727811,-3e-06
2016-01-07,0.7377,-3.9645,0.0552,0.000219,-7.929,-11.8935,-7.9409,-11.9133,1964.125724,25.104236,-1.2e-05,10.796518,-3e-06
2016-01-08,0.7219,-2.1466,0.0559,0.000222,-4.2933,-6.4399,-4.3052,-6.4597,1921.963288,24.026448,-1.1e-05,10.331708,-2e-06
2016-01-11,0.7231,0.1688,0.0581,0.000231,0.3375,0.5063,0.3256,0.4865,1925.20687,24.107544,-1.1e-05,10.365348,-2e-06
2016-01-12,0.7353,1.6846,0.0589,0.000234,3.3692,5.0538,3.3573,5.034,1957.639036,24.919779,-1.2e-05,10.713341,-3e-06
2016-01-13,0.7129,-3.0484,0.0596,0.000236,-6.0968,-9.1451,-6.1087,-9.165,1897.962783,23.40048,-1.1e-05,10.058895,-2e-06
2016-01-14,0.6985,-2.0164,0.0603,0.000239,-4.0328,-6.0492,-4.0448,-6.0691,1859.692202,22.456784,-1e-05,9.652037,-2e-06
2016-01-15,0.6605,-5.4412,0.0611,0.000242,-10.8824,-16.3237,-10.8944,-16.3435,1758.502262,20.012938,-8e-06,8.600507,-2e-06
2016-01-19,0.6658,0.8115,0.064,0.000254,1.6229,2.4344,1.611,2.4145,1772.772021,20.337737,-9e-06,8.73906,-2e-06
2016-01-20,0.6695,0.5489,0.0648,0.000257,1.0977,1.6466,1.0858,1.6267,1782.50229,20.560994,-9e-06,8.833947,-2e-06
2016-01-21,0.6773,1.1645,0.0655,0.00026,2.329,3.4935,2.317,3.4736,1803.259372,21.039856,-9e-06,9.038631,-2e-06
2016-01-22,0.6931,2.3381,0.0662,0.000263,4.6763,7.0144,4.6643,6.9945,1845.421966,22.023735,-1e-05,9.460219,-2e-06
2016-01-25,0.6924,-0.1054,0.0684,0.000272,-0.2109,-0.3163,-0.2229,-0.3362,1843.476039,21.977289,-1e-05,9.439135,-2e-06
2016-01-26,0.6992,0.9852,0.0692,0.000275,1.9704,2.9556,1.9584,2.9357,1861.638129,22.410333,-1e-05,9.623995,-2e-06
2016-01-27,0.6909,-1.1847,0.0699,0.000277,-2.3693,-3.554,-2.3813,-3.5739,1839.584185,21.879364,-1e-05,9.39482,-2e-06
2016-01-28,0.6834,-1.0931,0.0707,0.00028,-2.1862,-3.2793,-2.1982,-3.2992,1819.475693,21.401037,-9e-06,9.188304,-2e-06
2016-01-29,0.7136,4.4207,0.0714,0.000283,8.8414,13.262,8.8294,13.2421,1899.908869,23.29318,-1e-05,9.999573,-2e-06
2016-02-01,0.7138,0.0342,0.0736,0.000292,0.0683,0.1025,0.0563,0.0826,1900.558093,23.309099,-1e-05,10.005208,-2e-06
2016-02-02,0.6836,-4.2321,0.0743,0.000295,-8.4642,-12.6963,-8.4762,-12.7162,1820.124759,21.336175,-9e-06,9.157148,-2e-06
2016-02-03,0.687,0.4989,0.0751,0.000298,0.9978,1.4967,0.9858,1.4768,1829.205486,21.54907,-9e-06,9.24742,-2e-06
2016-02-04,0.6873,0.0355,0.0758,0.000301,0.0709,0.1064,0.0589,0.0865,1829.854393,21.564359,-9e-06,9.252871,-2e-06
2016-02-05,0.6439,-6.3098,0.0766,0.000304,-12.6197,-18.9295,-12.6317,-18.9495,1714.393582,18.843007,-8e-06,8.084077,-2e-06
2016-02-08,0.6144,-4.5781,0.0788,0.000313,-9.1562,-13.7343,-9.1682,-13.7543,1635.906809,17.117701,-6e-06,7.34291,-1e-06
2016-02-09,0.621,1.0706,0.0795,0.000316,2.1412,3.2117,2.1291,3.1917,1653.420468,17.484218,-7e-06,7.499251,-1e-06
2016-02-10,0.6195,-0.2354,0.0802,0.000318,-0.4708,-0.7061,-0.4828,-0.7261,1649.528614,17.401909,-7e-06,7.463045,-1e-06
2016-02-11,0.6164,-0.5112,0.081,0.000321,-1.0225,-1.5337,-1.0345,-1.5537,1641.095524,17.223977,-7e-06,7.385839,-1e-06
2016-02-12,0.6269,1.6996,0.0817,0.000324,3.3993,5.0989,3.3873,5.0789,1668.988358,17.80947,-7e-06,7.636017,-1e-06
2016-02-16,0.6576,4.897,0.0847,0.000336,9.794,14.6909,9.7819,14.6709,1750.718396,19.553723,-8e-06,8.382966,-2e-06
2016-02-17,0.6739,2.4824,0.0854,0.000339,4.9648,7.4472,4.9528,7.4272,1794.178486,20.524532,-8e-06,8.798156,-2e-06
2016-02-18,0.7319,8.6045,0.0861,0.000342,17.209,25.8135,17.197,25.7935,1948.558626,24.0566,-1.1e-05,10.311171,-2e-06
2016-02-19,0.7416,1.3315,0.0869,0.000345,2.6631,3.9946,2.651,3.9746,1974.504582,24.697249,-1.1e-05,10.584525,-2e-06
2016-02-22,0.7679,3.548,0.0891,0.000354,7.0959,10.6439,7.0839,10.6238,2044.559217,26.449747,-1.2e-05,11.334318,-3e-06
2016-02-23,0.7699,0.2538,0.0898,0.000356,0.5076,0.7614,0.4956,0.7414,2049.748566,26.584012,-1.2e-05,11.390486,-3e-06
2016-02-24,0.7752,0.6962,0.0906,0.000359,1.3924,2.0886,1.3803,2.0685,2064.018644,26.954161,-1.3e-05,11.54771,-3e-06
2016-02-25,0.7769,0.22,0.0913,0.000362,0.44,0.6599,0.4279,0.6399,2068.559087,27.072749,-1.3e-05,11.597122,-3e-06
2016-02-26,0.7718,-0.6585,0.092,0.000365,-1.317,-1.9755,-1.3291,-1.9956,2054.937281,26.716192,-1.2e-05,11.442984,-3e-06
2016-02-29,0.7668,-0.6494,0.0943,0.000374,-1.2989,-1.9483,-1.311,-1.9684,2041.591607,26.369178,-1.2e-05,11.29297,-3e-06
2016-03-01,0.8008,4.4324,0.095,0.000377,8.8648,13.2972,8.8527,13.2771,2132.083234,28.706756,-1.4e-05,12.292706,-3e-06
2016-03-02,0.8054,0.5801,0.0957,0.00038,1.1602,1.7404,1.1482,1.7202,2144.451978,29.039826,-1.4e-05,12.433846,-3e-06
2016-03-03,0.7983,-0.8804,0.0965,0.000383,-1.7607,-2.6411,-1.7728,-2.6612,2125.573219,28.52852,-1.4e-05,12.21342,-3e-06
2016-03-04,0.7959,-0.3063,0.0972,0.000386,-0.6125,-0.9188,-0.6246,-0.9389,2119.063203,28.353771,-1.4e-05,12.13713,-3e-06
2016-03-07,0.7908,-0.6452,0.0994,0.000395,-1.2904,-1.9356,-1.3025,-1.9557,2105.39125,27.9879,-1.3e-05,11.979047,-3e-06
2016-03-08,0.7763,-1.8244,0.1002,0.000397,-3.6487,-5.4731,-3.6608,-5.4932,2066.981334,26.9667,-1.3e-05,11.540515,-3e-06
2016-03-09,0.7759,-0.063,0.1009,0.0004,-0.1259,-0.1889,-0.1381,-0.2091,2065.679712,26.932737,-1.3e-05,11.524583,-3e-06
2016-03-10,0.7746,-0.1576,0.1016,0.000403,-0.3152,-0.4728,-0.3273,-0.493,2062.424069,26.847842,-1.3e-05,11.486861,-3e-06
2016-03-11,0.7878,1.7045,0.1024,0.000406,3.4091,5.1136,3.397,5.0935,2097.578978,27.763108,-1.3e-05,11.877066,-3e-06
2016-03-14,0.7898,0.2483,0.1046,0.000415,0.4966,0.7449,0.4845,0.7247,2102.787212,27.900978,-1.3e-05,11.934608,-3e-06
2016-03-15,0.7859,-0.4954,0.1053,0.000418,-0.9907,-1.4861,-1.0028,-1.5063,2092.370902,27.624559,-1.3e-05,11.814923,-3e-06
2016-03-16,0.8093,2.9869,0.1061,0.000421,5.9739,8.9608,5.9618,8.9406,2154.868765,29.274817,-1.4e-05,12.519299,-3e-06
2016-03-17,0.8025,-0.8459,0.1068,0.000424,-1.6918,-2.5378,-1.704,-2.558,2136.64034,28.779535,-1.4e-05,12.305975,-3e-06
2016-03-18,0.8267,3.0164,0.1075,0.000427,6.0329,9.0493,6.0207,9.0291,2201.090795,30.515769,-1.5e-05,13.046886,-3e-06
2016-03-21,0.8292,0.2958,0.1098,0.000436,0.5915,0.8873,0.5794,0.8671,2207.600969,30.696282,-1.5e-05,13.122479,-3e-06
2016-03-22,0.8277,-0.1769,0.1105,0.000438,-0.3539,-0.5308,-0.366,-0.551,2203.69515,30.587663,-1.5e-05,13.074452,-3e-06
2016-03-23,0.8419,1.7134,0.1112,0.000441,3.4269,5.1403,3.4147,5.1201,2241.454097,31.635864,-1.6e-05,13.520909,-3e-06
2016-03-24,0.8431,0.1452,0.112,0.000444,0.2904,0.4356,0.2783,0.4154,2244.708946,31.727742,-1.6e-05,13.558533,-3e-06
2016-03-28,0.8517,1.0151,0.1149,0.000456,2.0302,3.0453,2.018,3.025,2267.494794,32.371873,-1.7e-05,13.832147,-4e-06
2016-03-29,0.8653,1.6078,0.1157,0.000459,3.2156,4.8234,3.2034,4.8031,2303.951642,33.412825,-1.7e-05,14.275252,-4e-06
2016-03-30,0.8744,1.0455,0.1164,0.000462,2.091,3.1365,2.0789,3.1162,2328.039747,34.111496,-1.8e-05,14.572014,-4e-06
2016-03-31,0.8712,-0.3636,0.1171,0.000465,-0.7272,-1.0907,-0.7393,-1.111,2319.575552,33.863453,-1.8e-05,14.46428,-4e-06
2016-04-01,0.8839,1.4595,0.1179,0.000468,2.9189,4.3784,2.9067,4.3581,2353.428839,34.851901,-1.8e-05,14.88472,-4e-06
2016-04-04,0.8754,-0.9682,0.1201,0.000477,-1.9364,-2.9046,-1.9486,-2.9249,2330.64315,34.177034,-1.8e-05,14.594681,-4e-06
2016-04-05,0.8741,-0.1397,0.1208,0.000479,-0.2793,-0.419,-0.2915,-0.4393,2327.387984,34.081566,-1.8e-05,14.552135,-4e-06
2016-04-06,0.8754,0.1399,0.1216,0.000482,0.2797,0.4196,0.2675,0.3993,2330.64315,34.176901,-1.8e-05,14.591067,-4e-06
2016-04-07,0.8663,-1.0335,0.1223,0.000485,-2.067,-3.1005,-2.0792,-3.1209,2306.555839,33.470461,-1.7e-05,14.28769,-4e-06
2016-04-08,0.8719,0.6491,0.123,0.000488,1.2983,1.9474,1.2861,1.9271,2321.528779,33.905006,-1.8e-05,14.471443,-4e-06
2016-04-11,0.8773,0.617,0.1252,0.000497,1.2339,1.8509,1.2217,1.8306,2335.852019,34.323377,-1.8e-05,14.648248,-4e-06
2016-04-12,0.8763,-0.1115,0.126,0.0005,-0.223,-0.3345,-0.2352,-0.3549,2333.247347,34.24683,-1.8e-05,14.613792,-4e-06
2016-04-13,0.8984,2.5112,0.1267,0.000503,5.0223,7.5335,5.0101,7.5131,2391.839073,35.96682,-1.9e-05,15.345961,-4e-06
2016-04-14,0.9008,0.2722,0.1275,0.000506,0.5444,0.8166,0.5322,0.7962,2398.349406,36.162615,-1.9e-05,15.427627,-4e-06
2016-04-15,0.9079,0.7872,0.1282,0.000509,1.5743,2.3615,1.5621,2.3411,2417.228165,36.731928,-2e-05,15.668621,-4e-06
2016-04-18,0.904,-0.4309,0.1304,0.000517,-0.8618,-1.2927,-0.874,-1.3131,2406.812331,36.415372,-2e-05,15.531674,-4e-06
2016-04-19,0.8878,-1.7852,0.1311,0.00052,-3.5705,-5.3557,-3.5827,-5.3761,2363.845149,35.115175,-1.9e-05,14.975222,-4e-06
2016-04-20,0.8913,0.3856,0.1319,0.000523,0.7711,1.1567,0.7589,1.1363,2372.959362,35.38596,-1.9e-05,15.08887,-4e-06
2016-04-21,0.8903,-0.1097,0.1326,0.000526,-0.2194,-0.3291,-0.2317,-0.3496,2370.355958,35.308315,-1.9e-05,15.053916,-4e-06
2016-04-22,0.8869,-0.3845,0.1334,0.000529,-0.7691,-1.1536,-0.7813,-1.174,2361.24127,35.036774,-1.9e-05,14.936301,-4e-06
2016-04-25,0.8913,0.4963,0.1356,0.000538,0.9925,1.4888,0.9803,1.4684,2372.959362,35.384527,-1.9e-05,15.08272,-4e-06
2016-04-26,0.892,0.0823,0.1363,0.000541,0.1647,0.247,0.1524,0.2265,2374.912906,35.442788,-1.9e-05,15.105706,-4e-06
2016-04-27,0.9123,2.2752,0.137,0.000544,4.5504,6.8256,4.5381,6.8051,2428.946733,37.055571,-2e-05,15.791224,-4e-06
2016-04-28,0.8851,-2.9751,0.1378,0.000547,-5.9501,-8.9252,-5.9624,-8.9456,2356.684323,34.850726,-1.8e-05,14.849695,-4e-06
2016-04-29,0.8688,-1.8508,0.1385,0.00055,-3.7017,-5.5525,-3.7139,-5.573,2313.066013,33.560668,-1.7e-05,14.298188,-4e-06
2016-05-02,0.8803,1.3228,0.1407,0.000558,2.6456,3.9685,2.6334,3.948,2343.663816,34.448566,-1.8e-05,14.674715,-4e-06
2016-05-03,0.8697,-1.1944,0.1415,0.000561,-2.3889,-3.5833,-2.4011,-3.6038,2315.670368,33.625637,-1.7e-05,14.322356,-4e-06
2016-05-04,0.8499,-2.2772,0.1422,0.000564,-4.5545,-6.8317,-4.5668,-6.8522,2262.936894,32.094161,-1.6e-05,13.668288,-3e-06
2016-05-05,0.8551,0.6042,0.143,0.000567,1.2083,1.8125,1.196,1.792,2276.60853,32.481958,-1.7e-05,13.831766,-4e-06
2016-05-06,0.8639,1.0295,0.1437,0.00057,2.059,3.0885,2.0467,3.068,2300.045982,33.150754,-1.7e-05,14.114861,-4e-06
2016-05-09,0.8627,-0.1416,0.1459,0.000579,-0.2831,-0.4247,-0.2954,-0.4452,2296.790022,33.056898,-1.7e-05,14.073165,-4e-06
2016-05-10,0.8793,1.9275,0.1466,0.000582,3.8549,5.7824,3.8426,5.7619,2341.059778,34.331216,-1.8e-05,14.613945,-4e-06
2016-05-11,0.8817,0.2781,0.1474,0.000585,0.5562,0.8343,0.5439,0.8137,2347.570111,34.522162,-1.8e-05,14.69343,-4e-06
2016-05-12,0.8697,-1.3588,0.1481,0.000588,-2.7177,-4.0765,-2.73,-4.0971,2315.670368,33.583959,-1.7e-05,14.292303,-4e-06
2016-05-13,1.002,15.2094,0.1489,0.000591,30.4188,45.6283,30.4065,45.6077,2667.870427,43.799811,-2.5e-05,18.638098,-5e-06
2016-05-16,1.0316,2.9527,0.1511,0.000599,5.9054,8.8581,5.8931,8.8375,2746.644439,46.386358,-2.7e-05,19.736456,-6e-06
2016-05-17,1.0338,0.2133,0.1518,0.000602,0.4266,0.6399,0.4143,0.6193,2752.50285,46.584236,-2.8e-05,19.81822,-6e-06
2016-05-18,1.0602,2.5544,0.1525,0.000605,5.1088,7.6632,5.0965,7.6426,2822.812985,48.964139,-3e-05,20.828256,-6e-06
2016-05-19,1.0649,0.4382,0.1533,0.000608,0.8764,1.3145,0.864,1.294,2835.182046,49.393243,-3e-05,21.008222,-6e-06
2016-05-20,1.0839,1.7911,0.154,0.000611,3.5821,5.3732,3.5698,5.3526,2885.962134,51.162578,-3.2e-05,21.758179,-7e-06
2016-05-23,1.0857,0.1579,0.1562,0.00062,0.3157,0.4736,0.3034,0.453,2890.518288,51.324121,-3.2e-05,21.824197,-7e-06
2016-05-24,1.112,2.4275,0.157,0.000623,4.855,7.2824,4.8426,7.2618,2960.684962,53.815884,-3.4e-05,22.881061,-7e-06
2016-05-25,1.1073,-0.4189,0.1577,0.000626,-0.8377,-1.2566,-0.8501,-1.2772,2948.283527,53.365046,-3.4e-05,22.686556,-7e-06
2016-05-26,1.1191,1.0627,0.1584,0.000629,2.1253,3.188,2.113,3.1674,2979.61387,54.499229,-3.5e-05,23.165921,-7e-06
2016-05-27,1.1252,0.5476,0.1592,0.000632,1.0952,1.6428,1.0829,1.6222,2995.930328,55.096108,-3.5e-05,23.416777,-8e-06
2016-05-31,1.1453,1.7865,0.1621,0.000643,3.573,5.3595,3.5607,5.3389,3049.452996,57.064705,-3.7e-05,24.250572,-8e-06
2016-06-01,1.1476,0.1926,0.1629,0.000646,0.3853,0.5779,0.3729,0.5572,3055.327276,57.284557,-3.8e-05,24.341007,-8e-06
2016-06-02,1.1556,0.705,0.1636,0.000649,1.41,2.1149,1.3976,2.0943,3076.866728,58.092247,-3.8e-05,24.681198,-8e-06
2016-06-03,1.1395,-1.4001,0.1643,0.000652,-2.8002,-4.2002,-2.8125,-4.2209,3033.788142,56.465571,-3.7e-05,23.987035,-8e-06
2016-06-06,1.1336,-0.5164,0.1666,0.000661,-1.0327,-1.5491,-1.0451,-1.5698,3018.122654,55.882432,-3.6e-05,23.736346,-8e-06
2016-06-07,1.1358,0.1947,0.1673,0.000664,0.3893,0.584,0.3769,0.5633,3023.997569,56.099987,-3.6e-05,23.825817,-8e-06
2016-06-08,1.1321,-0.3238,0.168,0.000667,-0.6475,-0.9713,-0.6599,-0.992,3014.206678,55.736714,-3.6e-05,23.668586,-8e-06
2016-06-09,1.1615,2.5985,0.1688,0.00067,5.1971,7.7956,5.1847,7.7749,3092.531899,58.63339,-3.9e-05,24.89573,-8e-06
2016-06-10,1.1326,-2.4905,0.1695,0.000673,-4.981,-7.4715,-4.9934,-7.4922,3015.512426,55.712862,-3.6e-05,23.652592,-8e-06
2016-06-13,1.1471,1.2771,0.1717,0.000681,2.5541,3.8312,2.5417,3.8104,3054.022163,57.135829,-3.7e-05,24.253775,-8e-06
2016-06-14,1.1493,0.1923,0.1725,0.000684,0.3847,0.577,0.3723,0.5563,3059.896126,57.355614,-3.8e-05,24.344067,-8e-06
2016-06-15,1.161,1.0239,0.1732,0.000687,2.0478,3.0717,2.0354,3.051,3091.226468,58.530145,-3.9e-05,24.839569,-8e-06
2016-06-16,1.1657,0.4012,0.1739,0.00069,0.8024,1.2036,0.79,1.1828,3103.62822,58.999781,-3.9e-05,25.035798,-8e-06
2016-06-17,1.1453,-1.7455,0.1747,0.000693,-3.4911,-5.2366,-3.5035,-5.2574,3049.452996,56.940046,-3.7e-05,24.158672,-8e-06
2016-06-20,1.1659,1.7979,0.1769,0.000702,3.5959,5.3938,3.5835,5.3731,3104.28046,58.987547,-3.9e-05,25.024393,-8e-06
2016-06-21,1.1588,-0.6097,0.1776,0.000705,-1.2194,-1.8292,-1.2318,-1.8499,3085.35314,58.268233,-3.8e-05,24.716131,-8e-06
2016-06-22,1.1578,-0.0847,0.1784,0.000708,-0.1693,-0.254,-0.1818,-0.2748,3082.740691,58.169558,-3.8e-05,24.671207,-8e-06
2016-06-23,1.1887,2.6678,0.1791,0.000711,5.3356,8.0034,5.3232,7.9826,3164.981887,61.273247,-4.1e-05,25.984498,-9e-06
2016-06-24,1.1211,-5.6919,0.1798,0.000714,-11.3837,-17.0756,-11.3961,-17.0964,2984.835593,54.298074,-3.4e-05,23.023269,-7e-06
2016-06-27,1.1091,-1.0715,0.182,0.000722,-2.1431,-3.2146,-2.1555,-3.2354,2952.851742,53.134417,-3.3e-05,22.526998,-7e-06
2016-06-28,1.1252,1.4589,0.1828,0.000725,2.9178,4.3766,2.9053,4.3558,2995.930328,54.684753,-3.5e-05,23.181482,-7e-06
2016-06-29,1.1436,1.634,0.1835,0.000728,3.268,4.902,3.2556,4.8812,3044.884146,56.471862,-3.6e-05,23.936175,-8e-06
2016-06-30,1.1525,0.7717,0.1843,0.000731,1.5434,2.3152,1.531,2.2943,3068.38222,57.343475,-3.7e-05,24.30264,-8e-06
2016-07-01,1.1439,-0.7445,0.185,0.000734,-1.4891,-2.2336,-1.5015,-2.2544,3045.53702,56.48959,-3.6e-05,23.937733,-8e-06
2016-07-05,1.1608,1.4788,0.188,0.000746,2.9576,4.4364,2.9451,4.4155,3090.574229,58.160319,-3.8e-05,24.642732,-8e-06
2016-07-06,1.1681,0.6336,0.1887,0.000749,1.2671,1.9007,1.2547,1.8798,3110.155058,58.897287,-3.9e-05,24.951918,-8e-06
2016-07-07,1.1985,2.6023,0.1894,0.000752,5.2046,7.8069,5.1922,7.7861,3191.09114,61.962675,-4.2e-05,26.247466,-9e-06
2016-07-08,1.2466,4.0089,0.1902,0.000755,8.0179,12.0268,8.0054,12.0059,3319.019879,66.93076,-4.7e-05,28.348682,-1e-05
2016-07-11,1.2753,2.3009,0.1924,0.000763,4.6018,6.9027,4.5894,6.8819,3395.387747,70.010802,-5e-05,29.649706,-1.1e-05
2016-07-12,1.2944,1.4995,0.1931,0.000766,2.9989,4.4984,2.9864,4.4775,3446.300188,72.110368,-5.2e-05,30.535178,-1.1e-05
2016-07-13,1.2939,-0.0379,0.1939,0.000769,-0.0758,-0.1136,-0.0882,-0.1345,3444.994757,72.055738,-5.2e-05,30.508236,-1.1e-05
2016-07-14,1.3071,1.0231,0.1946,0.000772,2.0462,3.0694,2.0338,3.0484,3480.241075,73.530167,-5.4e-05,31.128699,-1.1e-05
2016-07-15,1.2919,-1.1628,0.1953,0.000775,-2.3256,-3.4884,-2.3381,-3.5094,3439.772399,71.820131,-5.2e-05,30.400877,-1.1e-05
2016-07-18,1.2986,0.5123,0.1975,0.000784,1.0247,1.537,1.0122,1.5161,3457.395557,72.55605,-5.3e-05,30.708588,-1.1e-05
2016-07-19,1.312,1.0383,0.1983,0.000787,2.0767,3.115,2.0642,3.0941,3493.295384,74.06282,-5.4e-05,31.342476,-1.1e-05
2016-07-20,1.3292,1.3079,0.199,0.00079,2.6158,3.9237,2.6033,3.9028,3538.984197,76.000156,-5.6e-05,32.158416,-1.2e-05
2016-07-21,1.3047,-1.8443,0.1998,0.000793,-3.6887,-5.533,-3.7012,-5.5539,3473.713603,73.196766,-5.3e-05,30.968181,-1.1e-05
2016-07-22,1.3402,2.7245,0.2005,0.000796,5.4491,8.1736,5.4366,8.1527,3568.356234,77.185313,-5.8e-05,32.651789,-1.2e-05
2016-07-25,1.365,1.8475,0.2027,0.000804,3.6949,5.5424,3.6824,5.5214,3634.280019,80.037241,-6.1e-05,33.854158,-1.3e-05
2016-07-26,1.3883,1.7062,0.2034,0.000807,3.4123,5.1185,3.3998,5.0975,3696.287195,82.768392,-6.4e-05,35.005144,-1.3e-05
2016-07-27,1.3743,-1.0065,0.2042,0.00081,-2.0131,-3.0196,-2.0256,-3.0406,3659.082572,81.102197,-6.2e-05,34.296081,-1.3e-05
2016-07-28,1.3773,0.2141,0.2049,0.000813,0.4281,0.6422,0.4156,0.6212,3666.915158,81.44941,-6.2e-05,34.438615,-1.3e-05
2016-07-29,1.3998,1.6376,0.2057,0.000816,3.2752,4.9127,3.2626,4.8917,3726.963711,84.117003,-6.6e-05,35.56222,-1.4e-05
2016-08-01,1.3907,-0.648,0.2079,0.000825,-1.296,-1.944,-1.3085,-1.965,3702.813397,83.026866,-6.4e-05,35.096885,-1.3e-05
2016-08-02,1.3738,-1.2163,0.2086,0.000828,-2.4325,-3.6488,-2.4451,-3.6698,3657.777141,81.007202,-6.2e-05,34.238739,-1.3e-05
2016-08-03,1.3775,0.2677,0.2093,0.000831,0.5353,0.803,0.5228,0.782,3667.568032,81.440871,-6.2e-05,34.417743,-1.3e-05
2016-08-04,1.403,1.8509,0.2101,0.000834,3.7017,5.5526,3.6892,5.5316,3735.449805,84.455594,-6.6e-05,35.687479,-1.4e-05
2016-08-05,1.4268,1.6949,0.2108,0.000837,3.3898,5.0847,3.3773,5.0637,3798.762411,87.318491,-6.9e-05,36.892746,-1.5e-05
2016-08-08,1.44,0.9278,0.213,0.000845,1.8556,2.7835,1.8431,2.7624,3834.008094,88.938808,-7.1e-05,37.572712,-1.5e-05
2016-08-09,1.4437,0.2554,0.2138,0.000848,0.5107,0.7661,0.4982,0.745,3843.79835,89.393024,-7.2e-05,37.759881,-1.5e-05
2016-08-10,1.4344,-0.6453,0.2145,0.000851,-1.2905,-1.9358,-1.3031,-1.9569,3818.995797,88.239386,-7e-05,37.267839,-1.5e-05
2016-08-11,1.4636,2.0339,0.2152,0.000854,4.0677,6.1016,4.0552,6.0805,3896.668779,91.828715,-7.5e-05,38.779109,-1.6e-05
2016-08-12,1.5454,5.5946,0.216,0.000857,11.1893,16.7839,11.1767,16.7629,4114.673521,102.103694,-8.7e-05,43.113343,-1.8e-05
2016-08-15,1.544,-0.0952,0.2182,0.000866,-0.1904,-0.2856,-0.203,-0.3067,4110.755959,101.90927,-8.7e-05,43.025826,-1.8e-05
2016-08-16,1.5346,-0.6034,0.2189,0.000869,-1.2067,-1.8101,-1.2193,-1.8312,4085.953406,100.679515,-8.5e-05,42.501217,-1.8e-05
2016-08-17,1.4991,-2.3163,0.2197,0.000872,-4.6326,-6.9488,-4.6451,-6.9699,3991.31141,96.015482,-7.9e-05,40.526979,-1.7e-05
2016-08-18,1.5224,1.5535,0.2204,0.000875,3.107,4.6605,3.0944,4.6394,4053.316998,98.998711,-8.3e-05,41.781065,-1.7e-05
2016-08-19,1.5263,0.2577,0.2211,0.000878,0.5153,0.773,0.5027,0.7519,4063.760763,99.50887,-8.4e-05,41.991114,-1.8e-05
2016-08-22,1.5327,0.4176,0.2234,0.000886,0.8352,1.2528,0.8226,1.2317,4080.731048,100.339969,-8.5e-05,42.336536,-1.8e-05
2016-08-23,1.5451,0.8093,0.2241,0.000889,1.6185,2.4278,1.6059,2.4067,4113.75499,101.964002,-8.7e-05,43.016433,-1.8e-05
2016-08-24,1.5213,-1.5419,0.2248,0.000892,-3.0838,-4.6257,-3.0964,-4.6468,4050.325267,98.81965,-8.3e-05,41.684479,-1.7e-05
2016-08-25,1.5112,-0.662,0.2256,0.000895,-1.3239,-1.9859,-1.3365,-2.007,4023.513626,97.511351,-8.1e-05,41.127354,-1.7e-05
2016-08-26,1.5235,0.8127,0.2263,0.000898,1.6253,2.438,1.6127,2.4168,4056.211291,99.096232,-8.3e-05,41.790625,-1.7e-05
2016-08-29,1.5225,-0.0645,0.2285,0.000907,-0.1291,-0.1936,-0.1417,-0.2148,4053.593764,98.968335,-8.3e-05,41.731418,-1.7e-05
2016-08-30,1.5137,-0.5807,0.2293,0.00091,-1.1614,-1.7422,-1.1741,-1.7633,4030.053794,97.81888,-8.2e-05,41.241469,-1.7e-05
2016-08-31,1.5065,-0.4706,0.23,0.000913,-0.9411,-1.4117,-0.9537,-1.4329,4011.089974,96.898287,-8e-05,40.848133,-1.7e-05
2016-09-01,1.551,2.9508,0.2307,0.000916,5.9016,8.8524,5.889,8.8312,4129.449044,102.616828,-8.8e-05,43.253667,-1.8e-05
2016-09-02,1.5358,-0.9818,0.2315,0.000919,-1.9636,-2.9454,-1.9762,-2.9666,4088.905781,100.601828,-8.5e-05,42.39887,-1.8e-05
2016-09-06,1.5502,0.9435,0.2344,0.00093,1.8871,2.8306,1.8745,2.8094,4127.486613,102.500283,-8.7e-05,43.193621,-1.8e-05
2016-09-07,1.5274,-1.4734,0.2352,0.000933,-2.9468,-4.4201,-2.9594,-4.4414,4066.673147,99.47985,-8.4e-05,41.915351,-1.7e-05
2016-09-08,1.5385,0.7236,0.2359,0.000936,1.4472,2.1708,1.4346,2.1496,4096.099458,100.919516,-8.5e-05,42.516648,-1.8e-05
2016-09-09,1.4618,-4.9808,0.2366,0.000939,-9.9617,-14.9425,-9.9743,-14.9638,3892.078981,90.866221,-7.3e-05,38.275893,-1.5e-05
2016-09-12,1.492,2.0665,0.2389,0.000948,4.1331,6.1996,4.1204,6.1783,3972.510094,94.621783,-7.7e-05,39.853017,-1.6e-05
2016-09-13,1.4704,-1.4486,0.2396,0.000951,-2.8971,-4.3457,-2.9098,-4.367,3914.965442,91.880454,-7.4e-05,38.693374,-1.5e-05
2016-09-14,1.4834,0.8852,0.2403,0.000954,1.7705,2.6557,1.7578,2.6344,3949.621729,93.507154,-7.6e-05,39.373523,-1.6e-05
2016-09-15,1.5397,3.7914,0.2411,0.000957,7.5828,11.3742,7.5702,11.3529,4099.367955,100.597627,-8.4e-05,42.354158,-1.8e-05
2016-09-16,1.5434,0.2393,0.2418,0.00096,0.4785,0.7178,0.4659,0.6965,4109.176302,101.079016,-8.5e-05,42.551471,-1.8e-05
2016-09-19,1.5638,1.3209,0.244,0.000968,2.6417,3.9626,2.629,3.9413,4163.452457,103.749226,-8.8e-05,43.670162,-1.8e-05
2016-09-20,1.5495,-0.911,0.2448,0.000971,-1.8219,-2.7329,-1.8346,-2.7542,4125.525134,101.859001,-8.6e-05,42.868991,-1.8e-05
2016-09-21,1.593,2.8055,0.2455,0.000974,5.611,8.4165,5.5983,8.3952,4241.266995,107.574322,-9.3e-05,45.26894,-1.9e-05
2016-09-22,1.5969,0.2467,0.2462,0.000977,0.4934,0.7401,0.4807,0.7188,4251.730438,108.105106,-9.4e-05,45.48656,-2e-05
2016-09-23,1.5952,-0.1077,0.247,0.00098,-0.2154,-0.323,-0.2281,-0.3444,4247.152067,107.872285,-9.3e-05,45.382827,-1.9e-05
2016-09-26,1.5802,-0.9392,0.2492,0.000989,-1.8783,-2.8175,-1.891,-2.8388,4207.264534,105.846099,-9.1e-05,44.524632,-1.9e-05
2016-09-27,1.6342,3.4193,0.2499,0.000992,6.8387,10.258,6.826,10.2367,4351.125371,113.084583,-0.0001,47.563878,-2.1e-05
2016-09-28,1.6401,0.3607,0.2507,0.000995,0.7214,1.082,0.7087,1.0607,4366.819107,113.900335,-0.000101,47.900946,-2.1e-05
2016-09-29,1.6554,0.9284,0.2514,0.000998,1.8568,2.7852,1.8441,2.7638,4407.360466,116.015227,-0.000104,48.784281,-2.2e-05
2016-09-30,1.6829,1.6618,0.2521,0.001001,3.3235,4.9853,3.3108,4.9639,4480.600124,119.871011,-0.000109,50.399436,-2.3e-05
2016-10-03,1.6812,-0.1022,0.2543,0.001009,-0.2044,-0.3067,-0.2172,-0.3281,4476.019848,119.625936,-0.000109,50.289986,-2.3e-05
2016-10-04,1.6775,-0.2191,0.2551,0.001012,-0.4382,-0.6573,-0.4509,-0.6787,4466.213088,119.101746,-0.000108,50.063223,-2.2e-05
2016-10-05,1.6757,-0.1025,0.2558,0.001015,-0.205,-0.3075,-0.2177,-0.3289,4461.635669,118.857611,-0.000108,49.954235,-2.2e-05
2016-10-06,1.6539,-1.3044,0.2566,0.001018,-2.6088,-3.9133,-2.6216,-3.9347,4403.43719,115.756805,-0.000104,48.644652,-2.2e-05
2016-10-07,1.6419,-0.7277,0.2573,0.001021,-1.4553,-2.183,-1.468,-2.2044,4371.395574,114.072196,-0.000101,47.930535,-2.1e-05
2016-10-10,1.648,0.374,0.2595,0.00103,0.7479,1.1219,0.7352,1.1004,4387.742502,114.925347,-0.000102,48.282906,-2.1e-05
2016-10-11,1.6242,-1.4456,0.2602,0.001033,-2.8912,-4.3368,-2.9039,-4.3582,4324.31373,111.602648,-9.8e-05,46.880809,-2e-05
2016-10-12,1.6315,0.4537,0.261,0.001036,0.9073,1.361,0.8946,1.3396,4343.931694,112.615256,-9.9e-05,47.3002,-2.1e-05
2016-10-13,1.605,-1.6258,0.2617,0.001039,-3.2515,-4.8773,-3.2643,-4.8987,4273.309563,108.953537,-9.5e-05,45.756192,-2e-05
2016-10-14,1.6207,0.9793,0.2625,0.001042,1.9586,2.9379,1.9458,2.9164,4315.15794,111.087493,-9.7e-05,46.646536,-2e-05
2016-10-17,1.6114,-0.5758,0.2647,0.00105,-1.1516,-1.7274,-1.1644,-1.7489,4290.310635,109.808178,-9.6e-05,46.103391,-2e-05
2016-10-18,1.636,1.5241,0.2654,0.001053,3.0483,4.5724,3.0355,4.551,4355.701203,113.15545,-0.0001,47.502874,-2.1e-05
2016-10-19,1.6325,-0.2102,0.2661,0.001056,-0.4204,-0.6306,-0.4331,-0.652,4346.546047,112.679772,-9.9e-05,47.29712,-2.1e-05
2016-10-20,1.6635,1.8956,0.2669,0.001059,3.7912,5.6869,3.7785,5.6654,4428.939909,116.951725,-0.000105,49.084227,-2.2e-05
2016-10-21,1.6588,-0.2805,0.2676,0.001062,-0.5611,-0.8416,-0.5738,-0.8631,4416.514987,116.295534,-0.000104,48.802559,-2.2e-05
2016-10-24,1.7367,4.6935,0.2698,0.001071,9.3871,14.0806,9.3743,14.0591,4623.805547,127.212271,-0.000119,53.377451,-2.5e-05
2016-10-25,1.7651,1.6405,0.2706,0.001074,3.281,4.9215,3.2682,4.9,4699.658923,131.386097,-0.000125,55.12194,-2.6e-05
2016-10-26,1.7723,0.4035,0.2713,0.001077,0.807,1.2105,0.7942,1.189,4718.621791,132.446369,-0.000126,55.559722,-2.6e-05
2016-10-27,1.7359,-2.051,0.272,0.00108,-4.102,-6.153,-4.1148,-6.1745,4621.843116,127.013433,-0.000118,53.273564,-2.5e-05
2016-10-28,1.733,-0.1698,0.2728,0.001082,-0.3396,-0.5093,-0.3523,-0.5309,4613.996248,126.582152,-0.000118,53.085858,-2.4e-05
2016-10-31,1.7477,0.8503,0.275,0.001091,1.7007,2.551,1.6879,2.5295,4653.231223,128.734927,-0.000121,53.981892,-2.5e-05
2016-11-01,1.6959,-2.9651,0.2757,0.001094,-5.9303,-8.8954,-5.9431,-8.917,4515.256093,121.100568,-0.00011,50.773697,-2.3e-05
2016-11-02,1.6888,-0.42,0.2765,0.001097,-0.84,-1.26,-0.8528,-1.2815,4496.292273,120.083337,-0.000109,50.340703,-2.2e-05
2016-11-03,1.6691,-1.1635,0.2772,0.0011,-2.3269,-3.4904,-2.3397,-3.512,4443.979184,117.289065,-0.000105,49.162857,-2.2e-05
2016-11-04,1.6595,-0.5738,0.278,0.001103,-1.1477,-1.7215,-1.1605,-1.7431,4418.477418,115.942939,-0.000103,48.592317,-2.1e-05
2016-11-07,1.7504,5.4758,0.2802,0.001112,10.9516,16.4273,10.9387,16.4058,4660.42363,128.640506,-0.00012,53.907708,-2.5e-05
2016-11-08,1.7477,-0.1543,0.2809,0.001115,-0.3087,-0.463,-0.3215,-0.4846,4653.231223,128.243445,-0.000119,53.734405,-2.5e-05
2016-11-09,1.7182,-1.6863,0.2816,0.001118,-3.3727,-5.059,-3.3855,-5.0806,4574.761907,123.918203,-0.000113,51.915225,-2.3e-05
2016-11-10,1.6645,-3.1304,0.2824,0.001121,-6.2608,-9.3911,-6.2736,-9.4127,4431.554579,116.159988,-0.000103,48.65828,-2.1e-05
2016-11-11,2.1606,29.8067,0.2831,0.001123,59.6135,89.4202,59.6007,89.3986,5752.456748,185.40701,-0.000195,77.658936,-4e-05
2016-11-14,2.0542,-4.9222,0.2853,0.001132,-9.8443,-14.7665,-9.8572,-14.7881,5469.311225,167.154925,-0.000166,70.003961,-3.4e-05
2016-11-15,2.1169,3.0488,0.2861,0.001135,6.0975,9.1463,6.0847,9.1247,5636.057887,177.34726,-0.000181,74.26349,-3.7e-05
2016-11-16,2.2505,6.3116,0.2868,0.001138,12.6233,18.9349,12.6104,18.9133,5991.785751,199.734312,-0.000215,83.628444,-4.4e-05
2016-11-17,2.2691,0.8295,0.2875,0.001141,1.6589,2.4884,1.6461,2.4667,6041.485439,203.04776,-0.000221,85.005035,-4.6e-05
2016-11-18,2.2929,1.0499,0.2883,0.001144,2.0998,3.1497,2.087,3.1281,6104.915481,207.311389,-0.000228,86.779061,-4.7e-05
2016-11-21,2.2836,-0.407,0.2905,0.001153,-0.8141,-1.2211,-0.827,-1.2428,6080.065637,205.623682,-0.000225,86.06144,-4.6e-05
2016-11-22,2.3001,0.7206,0.2912,0.001156,1.4412,2.1617,1.4283,2.14,6123.877079,208.587028,-0.00023,87.290645,-4.7e-05
2016-11-23,2.3114,0.4919,0.292,0.001159,0.9838,1.4757,0.971,1.4541,6154.001334,210.639169,-0.000233,88.138206,-4.8e-05
2016-11-25,2.3161,0.2022,0.2934,0.001164,0.4044,0.6066,0.3916,0.5849,6166.445617,211.491055,-0.000235,88.483319,-4.8e-05
2016-11-28,2.3148,-0.0531,0.2957,0.001173,-0.1063,-0.1594,-0.1191,-0.1811,6163.169502,211.266332,-0.000234,88.377904,-4.8e-05
2016-11-29,2.2937,-0.9138,0.2964,0.001176,-1.8276,-2.7414,-1.8405,-2.7632,6106.849664,207.405174,-0.000228,86.751301,-4.7e-05
2016-11-30,2.2678,-1.126,0.2971,0.001179,-2.252,-3.378,-2.2649,-3.3997,6038.086812,202.734428,-0.00022,84.786491,-4.5e-05
2016-12-01,2.1557,-4.9458,0.2979,0.001182,-9.8916,-14.8374,-9.9045,-14.8591,5739.455761,182.680793,-0.000187,76.388841,-3.9e-05
2016-12-02,2.1756,0.9242,0.2986,0.001185,1.8485,2.7727,1.8356,2.7509,5792.50139,186.057565,-0.000193,77.791007,-4e-05
2016-12-05,2.26,3.8779,0.3008,0.001194,7.7558,11.6337,7.7429,11.612,6017.129456,200.48786,-0.000215,83.814304,-4.4e-05
2016-12-06,2.2971,1.6435,0.3016,0.001197,3.2869,4.9304,3.274,4.9086,6116.019102,207.077771,-0.000226,86.558414,-4.6e-05
2016-12-07,2.3384,1.7989,0.3023,0.0012,3.5978,5.3968,3.5849,5.375,6226.04157,214.52811,-0.000238,89.661481,-4.9e-05
2016-12-08,2.2993,-1.6725,0.303,0.001203,-3.345,-5.0174,-3.3579,-5.0392,6121.912426,207.352241,-0.000226,86.65077,-4.7e-05
2016-12-09,2.2585,-1.7758,0.3038,0.001205,-3.5516,-5.3273,-3.5645,-5.3491,6013.200785,199.988006,-0.000214,83.56213,-4.4e-05
2016-12-12,2.2037,-2.4287,0.306,0.001214,-4.8574,-7.2861,-4.8703,-7.3079,5867.158835,190.273832,-0.000198,79.492404,-4.1e-05
2016-12-13,2.2425,1.7636,0.3067,0.001217,3.5272,5.2908,3.5143,5.269,5970.631613,196.985142,-0.000209,82.285975,-4.3e-05
2016-12-14,2.3724,5.7914,0.3075,0.00122,11.5828,17.3743,11.5699,17.3525,6316.416238,219.801634,-0.000245,91.806399,-5e-05
2016-12-15,2.428,2.3432,0.3082,0.001223,4.6863,7.0295,4.6734,7.0077,6464.419668,230.102221,-0.000262,96.096862,-5.4e-05
2016-12-16,2.4698,1.7222,0.3089,0.001226,3.4445,5.1667,3.4315,5.1449,6575.751692,238.027989,-0.000276,99.394448,-5.7e-05
2016-12-19,2.4998,1.215,0.3111,0.001235,2.4301,3.6451,2.4171,3.6233,6655.649905,243.812274,-0.000286,101.796956,-5.9e-05
2016-12-20,2.5869,3.4832,0.3119,0.001238,6.9664,10.4496,6.9535,10.4278,6887.480218,260.797265,-0.000316,108.875384,-6.5e-05
2016-12-21,2.6031,0.6276,0.3126,0.001241,1.2552,1.8827,1.2422,1.8609,6930.704486,264.070674,-0.000322,110.227843,-6.6e-05
2016-12-22,2.6346,1.2094,0.3134,0.001243,2.4189,3.6283,2.4059,3.6064,7014.526291,270.458157,-0.000333,112.879819,-6.8e-05
2016-12-23,2.7003,2.4928,0.3141,0.001246,4.9856,7.4784,4.9726,7.4565,7189.383574,283.942055,-0.000358,118.492907,-7.4e-05
2016-12-27,2.8857,6.8683,0.317,0.001258,13.7366,20.6049,13.7236,20.583,7683.171629,322.94601,-0.000432,134.75443,-8.9e-05
2016-12-28,2.6872,-6.8786,0.3178,0.001261,-13.7573,-20.6359,-13.7702,-20.6578,7154.674283,278.517454,-0.000343,116.198424,-7e-05
2016-12-29,2.7409,1.9954,0.3185,0.001264,3.9908,5.9862,3.9778,5.9643,7297.43885,289.632544,-0.000363,120.820606,-7.5e-05
2016-12-30,2.6255,-4.2089,0.3193,0.001267,-8.4178,-12.6267,-8.4308,-12.6486,6990.295995,265.25178,-0.000318,110.634463,-6.5e-05
2017-01-03,2.5091,-4.4313,0.325,0.00129,-8.8626,-13.2939,-8.8756,-13.3159,6680.534662,241.74355,-0.000275,100.814984,-5.7e-05
2017-01-04,2.5677,2.3331,0.3267,0.001296,4.6662,6.9993,4.6532,6.9773,6836.397972,253.02377,-0.000295,105.506097,-6e-05
2017-01-05,2.5025,-2.5385,0.3284,0.001303,-5.0771,-7.6156,-5.0901,-7.6376,6662.852786,240.177514,-0.000272,100.135727,-5.6e-05
2017-01-06,2.536,1.3367,0.33,0.00131,2.6735,4.0102,2.6604,3.9882,6751.917262,246.598573,-0.000283,102.799786,-5.8e-05
2017-01-09,2.6388,4.0543,0.335,0.00133,8.1086,12.163,8.0956,12.1409,7025.661652,266.594368,-0.000318,111.122051,-6.5e-05
2017-01-10,2.6189,-0.755,0.3367,0.001336,-1.51,-2.265,-1.5231,-2.2871,6972.617293,262.568746,-0.00031,109.429596,-6.4e-05
2017-01-11,2.5866,-1.2304,0.3384,0.001343,-2.4608,-3.6912,-2.4739,-3.7133,6886.825756,256.10742,-0.000299,106.722458,-6.1e-05
2017-01-12,2.5443,-1.6356,0.3401,0.001349,-3.2712,-4.9068,-3.2843,-4.9289,6774.184175,247.729585,-0.000284,103.2174,-5.8e-05
2017-01-13,2.5441,-0.0097,0.3417,0.001356,-0.0194,-0.0291,-0.0324,-0.0511,6773.52781,247.681579,-0.000284,103.183915,-5.8e-05
2017-01-17,2.487,-2.243,0.3484,0.001383,-4.4861,-6.7291,-4.4992,-6.7513,6621.59444,236.570354,-0.000265,98.541483,-5.4e-05
2017-01-18,2.5323,1.8198,0.3501,0.001389,3.6395,5.4593,3.6264,5.4371,6742.091459,245.180372,-0.000279,102.115012,-5.7e-05
2017-01-19,2.5866,2.1467,0.3518,0.001396,4.2935,6.4402,4.2804,6.418,6886.825756,255.707078,-0.000297,106.485894,-6.1e-05
2017-01-20,2.5583,-1.0936,0.3534,0.001402,-2.1872,-3.2808,-2.2003,-3.303,6811.511311,250.114244,-0.000288,104.142872,-5.9e-05
2017-01-23,2.5849,1.0384,0.3584,0.001422,2.0767,3.1151,2.0636,3.0929,6882.23945,255.308426,-0.000297,106.291959,-6.1e-05
2017-01-24,2.64,2.1315,0.3601,0.001429,4.2631,6.3946,4.2499,6.3724,7028.936497,266.192381,-0.000316,110.809289,-6.5e-05
2017-01-25,2.6513,0.4285,0.3618,0.001436,0.8571,1.2856,0.844,1.2634,7059.058847,268.473904,-0.00032,111.744468,-6.5e-05
2017-01-26,2.6971,1.7256,0.3635,0.001442,3.4512,5.1768,3.438,5.1545,7180.869867,277.739468,-0.000336,115.586297,-6.9e-05
2017-01-27,2.7492,1.9334,0.3651,0.001449,3.8668,5.8002,3.8537,5.778,7319.705127,288.479123,-0.000356,120.040592,-7.3e-05
2017-01-30,2.7062,-1.5657,0.3701,0.001469,-3.1314,-4.6971,-3.1445,-4.7194,7205.101432,279.44576,-0.000339,116.265856,-6.9e-05
2017-01-31,2.6855,-0.7635,0.3718,0.001475,-1.527,-2.2905,-1.5402,-2.3128,7150.090516,275.178626,-0.000331,114.475152,-6.8e-05
2017-02-01,2.8028,4.3689,0.3735,0.001482,8.7378,13.1067,8.7246,13.0844,7462.471598,299.223244,-0.000375,124.462689,-7.7e-05
2017-02-02,2.8383,1.2637,0.3752,0.001489,2.5274,3.7911,2.5142,3.7688,7556.774938,306.785819,-0.000389,127.591939,-7.9e-05
2017-02-03,2.8134,-0.8752,0.3768,0.001495,-1.7505,-2.6257,-1.7637,-2.6481,7490.634374,301.415542,-0.000379,125.341601,-7.7e-05
2017-02-06,2.8855,2.5616,0.3818,0.001515,5.1233,7.6849,5.11,7.6625,7682.516533,316.85783,-0.000408,131.7466,-8.3e-05
2017-02-07,2.9302,1.5514,0.3835,0.001522,3.1029,4.6543,3.0896,4.6319,7801.705265,326.689474,-0.000427,135.81708,-8.7e-05
2017-02-08,2.9175,-0.4365,0.3852,0.001528,-0.873,-1.3095,-0.8862,-1.3319,7767.650435,323.837442,-0.000421,134.613408,-8.6e-05
2017-02-09,2.8626,-1.8801,0.3868,0.001535,-3.7602,-5.6403,-3.7735,-5.6628,7621.610389,311.660469,-0.000397,129.533834,-8.1e-05
2017-02-10,2.7947,-2.3715,0.3885,0.001542,-4.7431,-7.1146,-4.7563,-7.1371,7440.861051,296.87818,-0.000369,123.372787,-7.5e-05
2017-02-13,2.6658,-4.6119,0.3935,0.001562,-9.2237,-13.8356,-9.237,-13.8581,7097.699349,269.494999,-0.000318,111.97687,-6.5e-05
2017-02-14,2.6757,0.369,0.3952,0.001568,0.7381,1.1071,0.7248,1.0846,7123.893028,271.484113,-0.000322,112.788495,-6.6e-05
2017-02-15,2.6811,0.2023,0.3969,0.001575,0.4046,0.6068,0.3913,0.5843,7138.303233,272.582429,-0.000324,113.229812,-6.6e-05
2017-02-16,2.638,-1.6055,0.3985,0.001582,-3.211,-4.8166,-3.2243,-4.8391,7023.696364,263.829699,-0.000308,109.578913,-6.3e-05
2017-02-17,2.6375,-0.0187,0.4002,0.001588,-0.0373,-0.056,-0.0506,-0.0785,7022.386173,263.73127,-0.000308,109.523463,-6.3e-05
2017-02-21,2.732,3.5811,0.4069,0.001615,7.1621,10.7432,7.1488,10.7206,7273.86238,282.620046,-0.000341,117.353086,-6.9e-05
2017-02-22,2.7278,-0.1532,0.4086,0.001621,-0.3065,-0.4597,-0.3198,-0.4823,7262.716863,281.753946,-0.000339,116.977813,-6.9e-05
2017-02-23,2.4749,-9.2723,0.4102,0.001628,-18.5446,-27.8169,-18.5579,-27.8395,6589.296054,229.503811,-0.000245,95.26915,-5e-05
2017-02-24,2.4988,0.9653,0.4119,0.001635,1.9305,2.8958,1.9172,2.8732,6652.90066,233.934481,-0.000252,97.095652,-5.1e-05
2017-02-27,2.5714,2.9076,0.4169,0.001654,5.8151,8.7227,5.8017,8.7,6846.337402,247.538028,-0.000274,102.728898,-5.6e-05
2017-02-28,2.4993,-2.8063,0.4186,0.001661,-5.6125,-8.4188,-5.6259,-8.4415,6654.210852,233.644869,-0.000251,96.94947,-5.1e-05
2017-03-01,2.5315,1.2909,0.4203,0.001668,2.5818,3.8727,2.5685,3.85,6740.110936,239.677174,-0.000261,99.439571,-5.3e-05
2017-03-02,2.4382,-3.6871,0.4219,0.001674,-7.3743,-11.0614,-7.3876,-11.0841,6491.594087,222.002742,-0.000232,92.093327,-4.7e-05
2017-03-03,2.4241,-0.5757,0.4236,0.001681,-1.1515,-1.7272,-1.1649,-1.7499,6454.219342,219.446422,-0.000228,91.020561,-4.6e-05
2017-03-06,2.4054,-0.7721,0.4286,0.001701,-1.5442,-2.3164,-1.5576,-2.3391,6404.38508,216.057646,-0.000223,89.602783,-4.5e-05
2017-03-07,2.4318,1.0955,0.4303,0.001708,2.191,3.2866,2.1776,3.2638,6474.546358,220.791553,-0.00023,91.553996,-4.7e-05
2017-03-08,2.4273,-0.1823,0.432,0.001714,-0.3646,-0.5469,-0.378,-0.5697,6462.743206,219.986543,-0.000229,91.207901,-4.6e-05
2017-03-09,2.4269,-0.0203,0.4336,0.001721,-0.0406,-0.0609,-0.054,-0.0837,6461.43111,219.897218,-0.000228,91.15862,-4.6e-05
2017-03-10,2.4411,0.5886,0.4353,0.001727,1.1772,1.7658,1.1638,1.743,6499.462855,222.485832,-0.000232,92.219486,-4.7e-05
2017-03-13,2.5084,2.7542,0.4403,0.001747,5.5085,8.2627,5.495,8.2398,6678.472887,234.741366,-0.000252,97.286949,-5.1e-05
2017-03-14,2.5066,-0.0687,0.442,0.001754,-0.1374,-0.2061,-0.1509,-0.229,6673.884677,234.418825,-0.000251,97.140179,-5.1e-05
2017-03-15,2.5256,0.7565,0.4437,0.001761,1.513,2.2696,1.4996,2.2467,6724.374035,237.965681,-0.000257,98.596869,-5.2e-05
2017-03-16,2.5566,1.2287,0.4453,0.001767,2.4573,3.686,2.4438,3.6631,6806.993561,243.813248,-0.000266,101.00642,-5.4e-05
2017-03-17,2.6123,2.177,0.447,0.001774,4.3541,6.5311,4.3406,6.5082,6955.183617,254.429006,-0.000284,105.390678,-5.8e-05
2017-03-20,2.6955,3.1866,0.452,0.001794,6.3732,9.5597,6.3597,9.5368,7176.816143,270.644176,-0.000311,112.093167,-6.3e-05
2017-03-21,2.6084,-3.2343,0.4537,0.0018,-6.4687,-9.703,-6.4822,-9.726,6944.693196,253.137047,-0.000281,104.827069,-5.7e-05
2017-03-22,2.6616,2.0395,0.4554,0.001807,4.079,6.1184,4.0654,6.0954,7086.328483,263.462381,-0.000298,109.088747,-6e-05
2017-03-23,2.6374,-0.9068,0.457,0.001814,-1.8136,-2.7205,-1.8272,-2.7435,7022.068146,258.684115,-0.00029,107.095519,-5.9e-05
2017-03-24,2.6468,0.3548,0.4587,0.00182,0.7097,1.0645,0.6962,1.0415,7046.985277,260.519946,-0.000293,107.841068,-5.9e-05
2017-03-27,2.666,0.7258,0.4637,0.00184,1.4516,2.1773,1.438,2.1543,7098.131001,264.301558,-0.000299,109.391841,-6.1e-05
2017-03-28,2.6522,-0.5173,0.4654,0.001847,-1.0346,-1.5518,-1.0481,-1.5749,7061.413892,261.567207,-0.000295,108.245294,-6e-05
2017-03-29,2.6436,-0.325,0.4671,0.001853,-0.65,-0.9751,-0.6636,-0.9981,7038.462683,259.866901,-0.000292,107.526972,-5.9e-05
2017-03-30,2.6943,1.9191,0.4687,0.00186,3.8383,5.7574,3.8247,5.7343,7173.540664,269.841322,-0.000309,111.639572,-6.2e-05
2017-03-31,2.6827,-0.4296,0.4704,0.001867,-0.8592,-1.2888,-0.8728,-1.3119,7142.722592,267.522805,-0.000305,110.665195,-6.2e-05
2017-04-03,2.6692,-0.505,0.4754,0.001887,-1.0099,-1.5149,-1.0235,-1.538,7106.65423,264.821003,-0.0003,109.532508,-6.1e-05
2017-04-04,2.482,-7.0123,0.4771,0.001893,-14.0247,-21.037,-14.0383,-21.0601,6608.312243,227.680763,-0.000237,94.156052,-4.8e-05
2017-04-05,2.4636,-0.7442,0.4788,0.0019,-1.4884,-2.2325,-1.502,-2.2557,6559.134347,224.292042,-0.000232,92.741855,-4.7e-05
2017-04-06,2.4815,0.7298,0.4804,0.001907,1.4595,2.1893,1.4459,2.1661,6607.000782,227.565663,-0.000237,94.08283,-4.8e-05
2017-04-07,2.4709,-0.4268,0.4821,0.001913,-0.8535,-1.2803,-0.8672,-1.3035,6578.804363,225.623319,-0.000234,93.26699,-4.7e-05
2017-04-10,2.4079,-2.5516,0.4871,0.001933,-5.1032,-7.6547,-5.1168,-7.678,6410.941117,214.109414,-0.000216,88.494711,-4.4e-05
2017-04-11,2.4165,0.358,0.4888,0.00194,0.716,1.0739,0.7023,1.0507,6433.891056,215.642355,-0.000218,89.116223,-4.4e-05
2017-04-12,2.3966,-0.8255,0.4905,0.001946,-1.6511,-2.4766,-1.6647,-2.4998,6380.777506,212.081981,-0.000213,87.632699,-4.3e-05
2017-04-13,2.3517,-1.8703,0.4921,0.001953,-3.7406,-5.6108,-3.7542,-5.6341,6261.438965,204.148918,-0.000201,84.342771,-4.1e-05
2017-04-17,2.4438,3.9166,0.4988,0.001979,7.8333,11.7499,7.8196,11.7266,6506.676527,220.140444,-0.000224,90.938021,-4.5e-05
2017-04-18,2.4453,0.0604,0.5005,0.001986,0.1209,0.1813,0.1072,0.158,6510.609641,220.406583,-0.000225,91.035509,-4.5e-05
2017-04-19,2.4549,0.3928,0.5022,0.001993,0.7856,1.1784,0.7719,1.155,6536.183138,222.138085,-0.000227,91.738208,-4.6e-05
2017-04-20,2.4938,1.5851,0.5038,0.001999,3.1702,4.7552,3.1564,4.7319,6639.786681,229.180204,-0.000238,94.633877,-4.8e-05
2017-04-21,2.5042,0.4148,0.5055,0.002006,0.8295,1.2443,0.8158,1.2209,6667.326735,231.08136,-0.000241,95.405932,-4.9e-05
2017-04-24,2.5355,1.249,0.5105,0.002026,2.498,3.747,2.4842,3.7235,6750.600723,236.853709,-0.00025,97.776045,-5e-05
2017-04-25,2.5795,1.7387,0.5122,0.002033,3.4775,5.2162,3.4637,5.1928,6867.975245,245.090188,-0.000263,101.162729,-5.3e-05
2017-04-26,2.5618,-0.6874,0.5139,0.002039,-1.3748,-2.0622,-1.3886,-2.0857,6820.763906,241.720625,-0.000258,99.758012,-5.2e-05
2017-04-27,2.6017,1.5574,0.5155,0.002046,3.1148,4.6722,3.101,4.6487,6926.989737,249.249687,-0.00027,102.851534,-5.4e-05
2017-04-28,2.5687,-1.2684,0.5172,0.002052,-2.5369,-3.8053,-2.5506,-3.8288,6839.125634,242.926565,-0.00026,100.228181,-5.2e-05
2017-05-01,2.6263,2.2435,0.5222,0.002072,4.4869,6.7304,4.4732,6.7069,6992.559631,253.826553,-0.000277,104.711557,-5.6e-05
2017-05-02,2.5485,-2.9632,0.5239,0.002079,-5.9265,-8.8897,-5.9403,-8.9132,6785.353179,238.783564,-0.000252,98.491409,-5.1e-05
2017-05-03,2.5675,0.7442,0.5256,0.002086,1.4883,2.2325,1.4745,2.209,6835.847616,242.337466,-0.000258,99.943709,-5.2e-05
2017-05-04,2.5576,-0.3837,0.5272,0.002092,-0.7675,-1.1512,-0.7813,-1.1747,6809.616484,240.477628,-0.000255,99.162892,-5.1e-05
2017-05-05,2.5579,0.0096,0.5289,0.002099,0.0193,0.0289,0.0055,0.0054,6810.27285,240.523986,-0.000255,99.168318,-5.1e-05
2017-05-08,2.531,-1.0495,0.5339,0.002119,-2.0989,-3.1484,-2.1127,-3.172,6738.802014,235.475598,-0.000247,97.073152,-5e-05
2017-05-09,2.5352,0.1654,0.5356,0.002125,0.3307,0.4961,0.3169,0.4725,6749.946262,236.25443,-0.000248,97.380793,-5e-05
2017-05-10,2.9871,17.8259,0.5373,0.002132,35.6519,53.4778,35.6381,53.4542,7953.187939,320.483598,-0.000381,132.08541,-7.7e-05
2017-05-11,3.1155,4.2955,0.5389,0.002139,8.5909,12.8864,8.5771,12.8627,8294.814102,348.0161,-0.00043,143.41448,-8.7e-05
2017-05-12,3.1497,1.0988,0.5406,0.002145,2.1976,3.2964,2.1838,3.2728,8385.958127,355.664152,-0.000444,146.546312,-8.9e-05
2017-05-15,3.3078,5.02,0.5456,0.002165,10.0399,15.0599,10.0261,15.0362,8806.930242,391.37258,-0.000511,161.239129,-0.000103
2017-05-16,3.3694,1.8614,0.5473,0.002172,3.7227,5.5841,3.7089,5.5604,8970.859738,405.942358,-0.00054,167.219264,-0.000108
2017-05-17,3.1455,-6.6443,0.549,0.002178,-13.2885,-19.9328,-13.3024,-19.9565,8374.813245,351.998695,-0.000432,144.975109,-8.7e-05
2017-05-18,3.2773,4.1888,0.5506,0.002185,8.3777,12.5665,8.3638,12.5428,8725.620907,381.488031,-0.000487,157.100525,-9.8e-05
2017-05-19,3.353,2.3095,0.5523,0.002192,4.619,6.9285,4.6051,6.9047,8927.1378,399.108847,-0.00052,164.335117,-0.000104
2017-05-22,3.4244,2.1324,0.5573,0.002212,4.2647,6.3971,4.2508,6.3733,9117.49648,416.129719,-0.000554,171.320676,-0.000111
2017-05-23,3.3783,-1.3463,0.559,0.002218,-2.6926,-4.0389,-2.7065,-4.0627,8994.747251,404.924976,-0.000531,166.683826,-0.000107
2017-05-24,3.4163,1.1239,0.5607,0.002225,2.2477,3.3716,2.2338,3.3477,9095.83515,414.026513,-0.000549,170.407173,-0.00011
2017-05-25,3.4087,-0.2237,0.5623,0.002231,-0.4475,-0.6712,-0.4614,-0.695,9075.485282,412.173933,-0.000545,169.620927,-0.000109
2017-05-26,3.4969,2.5893,0.564,0.002238,5.1787,7.768,5.1647,7.7442,9310.479987,433.519059,-0.000588,178.381382,-0.000118
2017-05-30,3.5716,2.1362,0.5707,0.002265,4.2724,6.4087,4.2585,6.3848,9509.372053,452.040876,-0.000625,185.977688,-0.000125
2017-05-31,3.5588,-0.3589,0.5724,0.002271,-0.7179,-1.0768,-0.7319,-1.1007,9475.23851,448.795708,-0.000619,184.616572,-0.000124
2017-06-01,3.5591,0.0069,0.574,0.002278,0.0139,0.0208,-0.0001,-0.0031,9475.89551,448.857945,-0.000619,184.616357,-0.000124
2017-06-02,3.5413,-0.4988,0.5757,0.002285,-0.9975,-1.4963,-1.0115,-1.5202,9428.632753,444.380424,-0.00061,182.748912,-0.000122
2017-06-05,3.649,3.0424,0.5807,0.002304,6.0847,9.1271,6.0707,9.1031,9715.485409,471.4197,-0.000665,193.843056,-0.000133
2017-06-06,3.6325,-0.4527,0.5824,0.002311,-0.9054,-1.3581,-0.9194,-1.3821,9671.50194,467.151324,-0.000656,192.060771,-0.000131
2017-06-07,3.6764,1.2081,0.5841,0.002318,2.4162,3.6243,2.4022,3.6003,9788.344514,478.438746,-0.00068,196.674454,-0.000136
2017-06-08,3.9432,7.2559,0.5857,0.002324,14.5118,21.7677,14.4978,21.7437,10498.57765,547.868883,-0.000828,225.187889,-0.000166
2017-06-09,3.6882,-6.4649,0.5874,0.002331,-12.9299,-19.3948,-12.9439,-19.4188,9819.851326,477.030138,-0.000667,196.039773,-0.000134
2017-06-12,3.6974,0.2473,0.5924,0.002351,0.4947,0.742,0.4806,0.7179,9844.139387,479.389876,-0.000672,196.98197,-0.000135
2017-06-13,3.7326,0.9535,0.5941,0.002357,1.907,2.8605,1.893,2.8364,9938.004092,488.531922,-0.000692,200.710747,-0.000138
2017-06-14,3.7405,0.2114,0.5958,0.002364,0.4228,0.6342,0.4087,0.6101,9959.011595,490.597294,-0.000696,201.531053,-0.000139
2017-06-15,3.7565,0.4284,0.5974,0.002371,0.8568,1.2853,0.8428,1.2612,10001.67789,494.800918,-0.000705,203.229478,-0.000141
2017-06-16,3.738,-0.4922,0.5991,0.002377,-0.9845,-1.4767,-0.9986,-1.5008,9952.445402,489.929679,-0.000694,201.200093,-0.000139
2017-06-19,3.8786,3.7594,0.6041,0.002397,7.5188,11.2782,7.5047,11.2541,10326.599107,526.766657,-0.000773,216.299608,-0.000154
2017-06-20,3.8729,-0.1462,0.6058,0.002404,-0.2924,-0.4387,-0.3066,-0.4628,10311.499528,525.226178,-0.000769,215.63654,-0.000154
2017-06-21,3.9316,1.5151,0.6075,0.002411,3.0301,4.5452,3.016,4.521,10467.725299,541.141199,-0.000804,222.14016,-0.000161
2017-06-22,3.9045,-0.6898,0.6091,0.002417,-1.3796,-2.0693,-1.3937,-2.0935,10395.52129,533.675859,-0.000788,219.044241,-0.000157
2017-06-23,3.7925,-2.8667,0.6108,0.002424,-5.7334,-8.6001,-5.7475,-8.6243,10097.51296,503.078095,-0.00072,206.454611,-0.000144
2017-06-26,3.7511,-1.0921,0.6158,0.002444,-2.1843,-3.2764,-2.1984,-3.3006,9987.23531,492.089593,-0.000696,201.915905,-0.000139
2017-06-27,3.6138,-3.6608,0.6175,0.00245,-7.3217,-10.9825,-7.3358,-11.0068,9621.618799,456.060387,-0.00062,187.103692,-0.000124
2017-06-28,3.7413,3.5271,0.6192,0.002457,7.0541,10.5812,7.04,10.5569,9960.979422,488.231468,-0.000686,200.275724,-0.000137
2017-06-29,3.6163,-3.341,0.6208,0.002464,-6.6821,-10.0231,-6.6962,-10.0474,9628.18055,455.607591,-0.000617,186.864819,-0.000123
2017-06-30,3.564,-1.4453,0.6225,0.00247,-2.8906,-4.336,-2.9048,-4.3603,9489.022819,442.437643,-0.00059,181.43675,-0.000118
2017-07-03,3.435,-3.6179,0.6275,0.00249,-7.2358,-10.8537,-7.25,-10.878,9145.71956,410.423749,-0.000526,168.282596,-0.000105
2017-07-05,3.5268,2.6699,0.6308,0.002503,5.3399,8.0098,5.3257,7.9854,9389.904652,432.339873,-0.000568,177.244767,-0.000113
2017-07-06,3.5374,0.3006,0.6325,0.00251,0.6012,0.9018,0.587,0.8774,9418.129636,434.939002,-0.000573,178.285124,-0.000114
2017-07-07,3.6182,2.286,0.6342,0.002517,4.5721,6.8581,4.5578,6.8337,9633.431473,454.824726,-0.000613,186.411091,-0.000122
2017-07-10,3.7893,4.7288,0.6392,0.002537,9.4576,14.1864,9.4434,14.162,10088.978305,497.840336,-0.0007,204.0146,-0.000139
2017-07-11,3.8431,1.4184,0.6409,0.002543,2.8367,4.2551,2.8225,4.2306,10232.076133,511.962652,-0.000729,209.772843,-0.000145
2017-07-12,4.0065,4.2533,0.6425,0.00255,8.5065,12.7598,8.4923,12.7353,10667.273096,555.512874,-0.000822,227.587313,-0.000164
2017-07-13,3.9602,-1.1569,0.6442,0.002556,-2.3137,-3.4706,-2.328,-3.495,10543.868137,542.659909,-0.000794,222.289139,-0.000158
2017-07-14,4.0667,2.6894,0.6459,0.002563,5.3789,8.0683,5.3646,8.0438,10827.437695,571.848785,-0.000858,234.214025,-0.000171
2017-07-17,4.0494,-0.4244,0.6509,0.002583,-0.8488,-1.2731,-0.863,-1.2977,10781.488304,566.99517,-0.000847,232.192646,-0.000168
2017-07-18,4.0916,1.0411,0.6526,0.00259,2.0822,3.1233,2.0679,3.0988,10893.734416,578.801148,-0.000873,236.994169,-0.000174
2017-07-19,4.0704,-0.5182,0.6542,0.002596,-1.0364,-1.5546,-1.0507,-1.5792,10837.281907,572.802328,-0.00086,234.504014,-0.000171
2017-07-20,4.1296,1.4537,0.6559,0.002603,2.9073,4.361,2.893,4.3364,10994.819775,589.455591,-0.000897,241.288268,-0.000178
2017-07-21,4.1443,0.3582,0.6576,0.002609,0.7164,1.0746,0.7021,1.05,11034.202973,593.678425,-0.000907,242.982304,-0.00018
2017-07-24,4.0963,-1.16,0.6626,0.002629,-2.32,-3.48,-2.3343,-3.5046,10906.207899,579.905266,-0.000875,237.310355,-0.000174
2017-07-25,4.0765,-0.4815,0.6643,0.002636,-0.963,-1.4445,-0.9773,-1.4691,10853.696122,574.32095,-0.000863,234.991091,-0.000171
2017-07-26,4.1236,1.1551,0.6659,0.002643,2.3102,3.4653,2.2958,3.4406,10979.067004,587.588896,-0.000893,240.386129,-0.000177
2017-07-27,3.9875,-3.3002,0.6676,0.002649,-6.6005,-9.9007,-6.6148,-9.9254,10616.731686,548.805234,-0.000804,224.484993,-0.00016
2017-07-28,4.0529,1.6384,0.6693,0.002656,3.2768,4.9152,3.2624,4.8905,10790.674881,566.788346,-0.000844,231.808619,-0.000167
2017-07-31,4.0065,-1.1436,0.6743,0.002676,-2.2872,-3.4308,-2.3016,-3.4555,10667.273096,553.824802,-0.000815,226.473369,-0.000162
2017-08-01,4.0553,1.2184,0.676,0.002682,2.4368,3.6552,2.4224,3.6305,10797.244884,567.320585,-0.000845,231.959559,-0.000168
2017-08-02,4.0529,-0.0608,0.6776,0.002689,-0.1217,-0.1825,-0.1361,-0.2073,10790.674881,566.630168,-0.000843,231.643878,-0.000167
2017-08-03,4.1044,1.2714,0.6793,0.002696,2.5428,3.8141,2.5284,3.7894,10927.86542,581.038219,-0.000875,237.500667,-0.000174
2017-08-04,4.1224,0.4385,0.681,0.002702,0.877,1.3155,0.8626,1.2907,10975.783907,586.133903,-0.000887,239.549318,-0.000176
2017-08-07,4.2491,3.074,0.686,0.002722,6.148,9.222,6.1336,9.1972,11313.179877,622.169455,-0.000969,254.242263,-0.000192
2017-08-08,4.1986,-1.1894,0.6877,0.002729,-2.3789,-3.5683,-2.3933,-3.5932,11178.61607,607.368755,-0.000934,248.15743,-0.000185
2017-08-09,4.2432,1.0629,0.6893,0.002735,2.1257,3.1886,2.1113,3.1637,11297.428376,620.279635,-0.000964,253.396691,-0.000191
2017-08-10,4.0615,-4.2822,0.691,0.002742,-8.5643,-12.8465,-8.5788,-12.8714,10813.652751,567.156719,-0.00084,231.658301,-0.000166
2017-08-11,3.845,-5.3296,0.6927,0.002749,-10.6592,-15.9888,-10.6737,-16.0137,10237.327056,506.702218,-0.000706,206.931839,-0.00014
2017-08-14,4.1517,7.9764,0.6977,0.002769,15.9529,23.9293,15.9384,23.9044,11053.900284,587.535714,-0.000874,239.913432,-0.000173
2017-08-15,4.1167,-0.8432,0.6994,0.002775,-1.6864,-2.5297,-1.7009,-2.5546,10960.69131,577.627247,-0.000852,235.832681,-0.000169
2017-08-16,4.0716,-1.096,0.701,0.002782,-2.192,-3.288,-2.2065,-3.3129,10840.563735,564.965826,-0.000824,230.629129,-0.000163
2017-08-17,3.9809,-2.2283,0.7027,0.002789,-4.4566,-6.6848,-4.471,-6.7098,10599.006009,539.787826,-0.000769,220.317591,-0.000152
2017-08-18,3.9816,0.0186,0.7044,0.002795,0.0371,0.0557,0.0226,0.0308,10600.974471,539.988326,-0.00077,220.367477,-0.000152
2017-08-21,3.9237,-1.4551,0.7094,0.002815,-2.9102,-4.3652,-2.9247,-4.3902,10446.721604,524.273781,-0.000736,213.922422,-0.000146
2017-08-22,4.011,2.2263,0.7111,0.002822,4.4525,6.6788,4.438,6.6538,10679.292074,547.617104,-0.000785,223.416252,-0.000155
2017-08-23,4.0912,1.9994,0.7127,0.002828,3.9988,5.9981,3.9842,5.9731,10892.811441,569.514971,-0.000832,232.317648,-0.000164
2017-08-24,4.0762,-0.3679,0.7144,0.002835,-0.7358,-1.1037,-0.7503,-1.1287,10852.736331,565.324432,-0.000823,230.574453,-0.000163
2017-08-25,4.0421,-0.8354,0.7161,0.002842,-1.6708,-2.5063,-1.6854,-2.5313,10762.070297,555.878754,-0.000802,226.688375,-0.000159
2017-08-28,4.0708,0.7082,0.7211,0.002861,1.4164,2.1245,1.4018,2.0994,10838.284864,563.751971,-0.00082,229.866064,-0.000162
2017-08-29,4.0641,-0.1637,0.7228,0.002868,-0.3274,-0.4911,-0.3419,-0.5162,10820.543953,561.906389,-0.000816,229.080038,-0.000161
2017-08-30,4.0883,0.595,0.7244,0.002875,1.19,1.785,1.1754,1.7599,10884.927438,568.593205,-0.00083,231.772741,-0.000164
2017-08-31,4.1811,2.2695,0.7261,0.002881,4.5389,6.8084,4.5243,6.7833,11131.956992,594.401245,-0.000887,242.25893,-0.000175
2017-09-01,4.2062,0.602,0.7278,0.002888,1.2039,1.8059,1.1893,1.7807,11198.967208,601.557392,-0.000903,245.14019,-0.000178
2017-09-05,4.094,-2.6692,0.7345,0.002915,-5.3384,-8.0076,-5.353,-8.0328,10900.044157,569.443828,-0.00083,232.017775,-0.000164
2017-09-06,4.0915,-0.0603,0.7361,0.002921,-0.1207,-0.181,-0.1353,-0.2062,10893.466537,568.756568,-0.000829,231.703815,-0.000163
2017-09-07,4.1105,0.4644,0.7378,0.002928,0.9289,1.3933,0.9142,1.3681,10944.05873,574.039485,-0.00084,233.822097,-0.000166
2017-09-08,4.0392,-1.7349,0.7395,0.002934,-3.4698,-5.2047,-3.4844,-5.2299,10754.190102,554.121447,-0.000797,225.674698,-0.000157
2017-09-11,4.1702,3.2439,0.7445,0.002954,6.4878,9.7318,6.4732,9.7065,11103.047711,590.07199,-0.000874,240.283038,-0.000172
2017-09-12,4.1853,0.361,0.7462,0.002961,0.7219,1.0829,0.7073,1.0576,11143.126631,594.331982,-0.000884,241.982505,-0.000174
2017-09-13,4.204,0.4481,0.7478,0.002968,0.8961,1.3442,0.8814,1.3189,11193.053571,599.657808,-0.000896,244.115409,-0.000176
2017-09-14,4.1801,-0.5693,0.7495,0.002974,-1.1386,-1.7079,-1.1533,-1.7332,11129.33026,592.829969,-0.00088,241.300018,-0.000173
2017-09-15,4.4444,6.3223,0.7512,0.002981,12.6446,18.9669,12.6299,18.9416,11832.961655,667.791134,-0.001047,271.776076,-0.000206
2017-09-18,4.6279,4.1308,0.7562,0.003001,8.2616,12.3924,8.2469,12.367,12321.755873,722.961167,-0.001177,294.189077,-0.000232
2017-09-19,4.623,-0.1066,0.7579,0.003007,-0.2133,-0.3199,-0.228,-0.3453,12308.615868,721.419226,-0.001173,293.51834,-0.000231
2017-09-20,4.5857,-0.806,0.7595,0.003014,-1.6119,-2.4179,-1.6267,-2.4433,12209.412005,709.790368,-0.001145,288.743788,-0.000225
2017-09-21,4.4604,-2.7335,0.7612,0.003021,-5.4671,-8.2006,-5.4818,-8.226,11875.662227,670.985489,-0.001051,272.915382,-0.000207
2017-09-22,4.417,-0.9737,0.7629,0.003027,-1.9473,-2.921,-1.962,-2.9464,11760.033993,657.919292,-0.00102,267.560651,-0.000201
2017-09-25,4.2196,-4.4693,0.7679,0.003047,-8.9386,-13.408,-8.9534,-13.4334,11234.440143,599.110222,-0.000883,243.60488,-0.000174
2017-09-26,4.2432,0.5615,0.7696,0.003054,1.123,1.6845,1.1082,1.659,11297.521054,605.838179,-0.000898,246.304586,-0.000176
2017-09-27,4.3363,2.1923,0.7712,0.00306,4.3847,6.577,4.3699,6.5515,11545.200625,632.402191,-0.000957,257.06786,-0.000188
2017-09-28,4.335,-0.0285,0.7729,0.003067,-0.0569,-0.0854,-0.0717,-0.1109,11541.91372,632.042103,-0.000957,256.883509,-0.000188
2017-09-29,4.4113,1.7589,0.7746,0.003074,3.5178,5.2767,3.503,5.2512,11744.923622,654.27599,-0.001007,265.882153,-0.000198
2017-10-02,4.417,0.1287,0.7796,0.003094,0.2573,0.386,0.2425,0.3604,11760.033993,655.959501,-0.001011,266.526941,-0.000198
2017-10-03,4.4261,0.2067,0.7813,0.0031,0.4134,0.6201,0.3986,0.5946,11784.343637,658.671422,-0.001017,267.589375,-0.0002
2017-10-04,4.4631,0.8363,0.7829,0.003107,1.6725,2.5088,1.6577,2.4832,11882.891134,669.687805,-0.001043,272.02521,-0.000205
2017-10-05,4.4606,-0.0553,0.7846,0.003114,-0.1106,-0.1659,-0.1254,-0.1915,11876.321132,668.94727,-0.001041,271.684093,-0.000204
2017-10-06,4.4737,0.2932,0.7863,0.00312,0.5864,0.8795,0.5715,0.8539,11911.140241,672.869721,-0.00105,273.236864,-0.000206
2017-10-09,4.5746,2.2559,0.7913,0.00314,4.5118,6.7678,4.497,6.7421,12179.846359,703.228563,-0.001121,285.524323,-0.00022
2017-10-10,4.662,1.9095,0.793,0.003147,3.819,5.7285,3.8041,5.7028,12412.419368,730.084728,-0.001185,296.386034,-0.000232
2017-10-11,4.7116,1.0639,0.7946,0.003153,2.1277,3.1916,2.1128,3.1659,12544.469435,745.618805,-0.001223,302.648224,-0.00024
2017-10-12,4.7138,0.0472,0.7963,0.00316,0.0943,0.1415,0.0794,0.1158,12550.384341,746.321946,-0.001225,302.888638,-0.00024
2017-10-13,4.8017,1.8636,0.798,0.003167,3.7272,5.5908,3.7124,5.5651,12784.275159,774.139078,-0.001294,314.132944,-0.000253
2017-10-16,4.8841,1.7164,0.803,0.003186,3.4329,5.1493,3.418,5.1235,13003.708163,800.714173,-0.00136,324.869899,-0.000266
2017-10-17,4.8796,-0.0909,0.8047,0.003193,-0.1819,-0.2728,-0.1968,-0.2986,12991.883428,799.257937,-0.001356,324.230663,-0.000266
2017-10-18,4.8754,-0.086,0.8063,0.0032,-0.172,-0.258,-0.1869,-0.2837,12980.71125,797.883317,-0.001353,323.624699,-0.000265
2017-10-19,4.8809,0.1113,0.808,0.003206,0.2227,0.334,0.2078,0.3082,12995.163986,799.660045,-0.001357,324.297085,-0.000266
2017-10-20,4.8587,-0.455,0.8097,0.003213,-0.91,-1.365,-0.9249,-1.3908,12936.035234,792.383046,-0.001339,321.297561,-0.000262
2017-10-23,4.8517,-0.1422,0.8147,0.003233,-0.2843,-0.4265,-0.2993,-0.4523,12917.644305,790.130012,-0.001333,320.335996,-0.000261
2017-10-24,4.9026,1.0477,0.8164,0.00324,2.0954,3.1431,2.0804,3.1172,13052.981277,806.686251,-0.001375,327.000381,-0.000269
2017-10-25,4.7787,-2.5267,0.818,0.003246,-5.0534,-7.5801,-5.0683,-7.6059,12723.172232,765.921246,-0.001271,310.42688,-0.000248
2017-10-26,4.8288,1.0482,0.8197,0.003253,2.0965,3.1447,2.0815,3.1188,12856.541378,781.978604,-0.001311,316.888469,-0.000256
2017-10-27,4.981,3.153,0.8214,0.003259,6.3059,9.4589,6.291,9.433,13261.903547,831.289618,-0.001435,336.823806,-0.00028
2017-10-30,5.0299,0.9809,0.8264,0.003279,1.9617,2.9426,1.9467,2.9167,13391.984518,847.597225,-0.001477,343.380884,-0.000288
2017-10-31,5.1032,1.457,0.8281,0.003286,2.9141,4.3711,2.8991,4.3451,13587.109147,872.296641,-0.001542,353.335697,-0.000301
2017-11-01,5.1128,0.1886,0.8297,0.003293,0.3771,0.5657,0.3621,0.5398,13612.730253,875.586407,-0.00155,354.615265,-0.000303
2017-11-02,5.0817,-0.6081,0.8314,0.003299,-1.2162,-1.8242,-1.2312,-1.8502,13529.954569,864.937953,-0.001522,350.249396,-0.000297
2017-11-03,5.1496,1.3353,0.8331,0.003306,2.6706,4.0059,2.6556,3.98,13710.621385,888.037156,-0.001583,359.550645,-0.000309
2017-11-06,5.1728,0.4504,0.8381,0.003326,0.9008,1.3513,0.8858,1.3252,13772.376869,896.036964,-0.001604,362.735579,-0.000313
2017-11-07,5.232,1.1449,0.8398,0.003332,2.2898,3.4347,2.2748,3.4087,13930.056928,916.554433,-0.001659,370.986953,-0.000324
2017-11-08,5.1612,-1.3536,0.8414,0.003339,-2.7072,-4.0608,-2.7223,-4.0869,13741.498492,891.741316,-0.001592,360.887715,-0.00031
2017-11-09,5.0664,-1.8359,0.8431,0.003346,-3.6718,-5.5077,-3.6868,-5.5337,13489.220554,858.998648,-0.001504,347.582437,-0.000293
2017-11-10,5.3334,5.2698,0.8448,0.003352,10.5396,15.8094,10.5245,15.7833,14200.075777,949.533705,-0.001742,384.163909,-0.000339
2017-11-13,5.2468,-1.624,0.8498,0.003372,-3.2479,-4.8719,-3.263,-4.898,13969.471865,918.693561,-0.001657,371.628626,-0.000323
2017-11-14,5.2851,0.729,0.8515,0.003379,1.458,2.187,1.4429,2.1608,14071.307538,932.087879,-0.001694,376.990817,-0.00033
2017-11-15,5.1814,-1.961,0.8531,0.003385,-3.922,-5.8829,-3.937,-5.9091,13795.372512,895.531832,-0.001594,362.14852,-0.00031
2017-11-16,5.2216,0.7763,0.8548,0.003392,1.5525,2.3288,1.5374,2.3026,13902.460379,909.435131,-0.001631,367.716265,-0.000317
2017-11-17,5.2155,-0.1181,0.8565,0.003399,-0.2362,-0.3543,-0.2513,-0.3805,13886.039816,907.286815,-0.001625,366.792082,-0.000316
2017-11-20,5.2826,1.2869,0.8615,0.003419,2.5738,3.8607,2.5587,3.8345,14064.741344,930.638835,-0.001688,376.17721,-0.000328
2017-11-21,5.3312,0.9202,0.8632,0.003425,1.8404,2.7606,1.8253,2.7344,14194.164679,947.766258,-0.001735,383.043432,-0.000337
2017-11-22,5.3072,-0.4493,0.8648,0.003432,-0.8986,-1.3479,-0.9138,-1.3741,14130.389316,939.249499,-0.001711,379.543365,-0.000333
2017-11-24,5.3574,0.9445,0.8682,0.003445,1.8891,2.8336,1.8739,2.8073,14263.854949,956.992468,-0.00176,386.655653,-0.000342
2017-11-27,5.2877,-1.2998,0.8732,0.003465,-2.5996,-3.8994,-2.6148,-3.9257,14078.451384,932.114226,-0.001691,376.545384,-0.000329
2017-11-28,5.203,-1.6018,0.8748,0.003472,-3.2035,-4.8053,-3.2187,-4.8316,13852.947317,902.25362,-0.00161,364.425469,-0.000313
2017-11-29,4.8502,-6.7818,0.8765,0.003478,-13.5636,-20.3454,-13.5788,-20.3717,12913.467434,779.875456,-0.001282,314.940882,-0.000249
2017-11-30,4.9561,2.1841,0.8782,0.003485,4.3681,6.5522,4.3529,6.5259,13195.506531,813.941499,-0.001366,328.650094,-0.000265
2017-12-01,4.8813,-1.5096,0.8799,0.003492,-3.0193,-4.5289,-3.0345,-4.5552,12996.302787,789.366438,-0.001305,318.677325,-0.000253
2017-12-04,4.6092,-5.5746,0.8849,0.003511,-11.1493,-16.7239,-11.1645,-16.7503,12271.80608,701.35781,-0.001086,283.098621,-0.000211
2017-12-05,4.6358,0.5786,0.8865,0.003518,1.1572,1.7359,1.142,1.7095,12342.812889,709.474167,-0.001105,286.331637,-0.000214
2017-12-06,4.6734,0.8096,0.8882,0.003525,1.6191,2.4287,1.6039,2.4023,12442.736596,720.961547,-0.001132,290.924135,-0.00022
2017-12-07,4.7408,1.4425,0.8899,0.003531,2.885,4.3274,2.8697,4.301,12622.220177,741.760952,-0.001181,299.272831,-0.000229
2017-12-08,4.7284,-0.2604,0.8916,0.003538,-0.5209,-0.7813,-0.5361,-0.8078,12589.347312,737.89732,-0.001172,297.668378,-0.000227
2017-12-11,4.8067,1.6554,0.8966,0.003558,3.3109,4.9663,3.2956,4.9398,12797.756677,762.328247,-0.00123,307.478397,-0.000238
2017-12-12,4.7124,-1.9624,0.8982,0.003564,-3.9248,-5.8871,-3.94,-5.9136,12546.61627,732.408718,-0.001158,295.363664,-0.000224
2017-12-13,4.5973,-2.4418,0.8999,0.003571,-4.8837,-7.3255,-4.899,-7.352,12240.247216,696.640131,-0.001073,280.893888,-0.000208
2017-12-14,4.6045,0.1557,0.9016,0.003578,0.3115,0.4672,0.2962,0.4407,12259.311015,698.810121,-0.001078,281.725922,-0.000209
2017-12-15,4.7302,2.7297,0.9033,0.003584,5.4593,8.189,5.444,8.1624,12593.948218,736.960367,-0.001166,297.06315,-0.000226
2017-12-18,4.8867,3.3097,0.9083,0.003604,6.6193,9.929,6.604,9.9025,13010.766949,785.74235,-0.001282,316.681316,-0.000248
2017-12-19,4.8425,-0.9045,0.9099,0.003611,-1.809,-2.7134,-1.8243,-2.74,12893.087096,771.528577,-0.001247,310.904168,-0.000241
2017-12-20,4.8596,0.3518,0.9116,0.003618,0.7037,1.0555,0.6884,1.0289,12938.449948,776.957647,-0.00126,313.044287,-0.000244
2017-12-21,4.8371,-0.4624,0.9133,0.003624,-0.9248,-1.3872,-0.9401,-1.4138,12878.622934,769.772388,-0.001243,310.10128,-0.00024
2017-12-22,4.8218,-0.3165,0.915,0.003631,-0.633,-0.9495,-0.6483,-0.9761,12837.862258,764.899749,-0.001231,308.090786,-0.000238
2017-12-26,4.8754,1.1112,0.9216,0.003657,2.2225,3.3337,2.2071,3.307,12980.522085,781.899537,-0.001272,314.890726,-0.000246
2017-12-27,4.8687,-0.1367,0.9233,0.003664,-0.2735,-0.4102,-0.2889,-0.4369,12962.772287,779.76117,-0.001267,313.981152,-0.000245
2017-12-28,4.8744,0.1167,0.925,0.003671,0.2333,0.35,0.218,0.3233,12977.895354,781.580592,-0.001271,314.665486,-0.000246
2017-12-29,4.7781,-1.9757,0.9267,0.003677,-3.9513,-5.927,-3.9667,-5.9537,12721.495136,750.697706,-0.001196,302.183584,-0.000231
2018-01-02,4.9225,3.0232,0.9355,0.003712,6.0465,9.0697,6.0311,9.043,13106.097367,796.088599,-0.001304,320.408504,-0.000252
2018-01-03,5.2465,6.5814,0.9383,0.003723,13.1628,19.7442,13.1473,19.7174,13968.660612,900.875973,-0.001562,362.533725,-0.000301
2018-01-04,5.2742,0.5271,0.9411,0.003734,1.0543,1.5814,1.0388,1.5546,14042.294153,910.373618,-0.001587,366.299824,-0.000306
2018-01-05,5.3188,0.8474,0.9438,0.003745,1.6948,2.5422,1.6794,2.5154,14161.289276,925.802724,-0.001627,372.451311,-0.000314
2018-01-08,5.4818,3.0641,0.9521,0.003778,6.1282,9.1922,6.1127,9.1653,14595.202708,982.537422,-0.001776,395.218061,-0.000343
2018-01-09,5.4803,-0.027,0.9549,0.003789,-0.0541,-0.0811,-0.0696,-0.108,14591.256898,982.006164,-0.001775,394.943125,-0.000342
2018-01-10,5.5233,0.784,0.9577,0.0038,1.568,2.3521,1.5525,2.3251,14705.654923,997.404367,-0.001817,401.07473,-0.00035
2018-01-11,5.5332,0.1788,0.9604,0.003811,0.3576,0.5364,0.3421,0.5094,14731.950168,1000.971293,-0.001826,402.44682,-0.000352
2018-01-12,5.506,-0.4909,0.9632,0.003822,-0.9818,-1.4727,-0.9973,-1.4997,14659.631897,991.143876,-0.0018,398.43315,-0.000347
2018-01-16,5.4352,-1.2871,0.9743,0.003866,-2.5742,-3.8614,-2.5898,-3.8884,14470.945235,965.629507,-0.00173,388.1145,-0.000333
2018-01-17,5.549,2.0944,0.977,0.003877,4.1889,6.2833,4.1733,6.2562,14774.028653,1006.078321,-0.001839,404.31157,-0.000354
2018-01-18,5.5421,-0.1246,0.9798,0.003888,-0.2492,-0.3739,-0.2648,-0.401,14755.617412,1003.570793,-0.001832,403.240822,-0.000353
2018-01-19,5.6821,2.5263,0.9826,0.003899,5.0526,7.5788,5.037,7.5517,15128.386021,1054.276863,-0.001971,423.5519,-0.000379
2018-01-22,5.7705,1.5558,0.9909,0.003932,3.1116,4.6674,3.0959,4.6401,15363.752074,1087.08155,-0.002063,436.664827,-0.000397
2018-01-23,5.8994,2.2337,0.9936,0.003943,4.4674,6.7012,4.4518,6.6739,15706.935994,1135.646368,-0.002201,456.104272,-0.000423
2018-01-24,5.8226,-1.3017,0.9964,0.003954,-2.6035,-3.9052,-2.6192,-3.9325,15502.47117,1106.079846,-0.002115,444.158182,-0.000407
2018-01-25,5.8362,0.2333,0.9992,0.003965,0.4665,0.6998,0.4508,0.6725,15538.63221,1111.239926,-0.00213,446.160662,-0.000409
2018-01-26,6.0085,2.9532,1.0019,0.003976,5.9065,8.8597,5.8908,8.8324,15997.524347,1176.874952,-0.002318,472.443029,-0.000446
2018-01-29,6.0954,1.4466,1.0102,0.004009,2.8932,4.3398,2.8775,4.3124,16228.943321,1210.924119,-0.002419,486.037433,-0.000465
2018-01-30,5.9935,-1.6731,1.013,0.00402,-3.3462,-5.0192,-3.3619,-5.0466,15957.420036,1170.404649,-0.002298,469.697402,-0.000441
2018-01-31,6.0695,1.269,1.0158,0.004031,2.5379,3.8069,2.5222,3.7794,16159.911956,1200.108383,-0.002385,481.54395,-0.000458
2018-02-01,5.9386,-2.1562,1.0185,0.004042,-4.3124,-6.4687,-4.3282,-6.4961,15811.468225,1148.354359,-0.002231,460.701793,-0.000428
2018-02-02,5.7663,-2.9023,1.0213,0.004053,-5.8046,-8.7068,-5.8203,-8.7343,15352.574818,1081.697393,-0.002037,433.887459,-0.000391
2018-02-05,5.2769,-8.4875,1.0296,0.004086,-16.975,-25.4625,-16.9908,-25.49,14049.525599,898.079341,-0.001518,360.166575,-0.000291
2018-02-06,5.5702,5.5592,1.0324,0.004097,11.1184,16.6776,11.1026,16.6501,14830.568761,997.931642,-0.001771,400.154517,-0.00034
2018-02-07,5.6497,1.4274,1.0352,0.004108,2.8548,4.2822,2.839,4.2546,15042.259954,1026.420548,-0.001847,411.514829,-0.000354
2018-02-08,5.3712,-4.93,1.0379,0.004119,-9.8601,-14.7901,-9.8759,-14.8177,14300.669815,925.214564,-0.001574,370.873976,-0.000302
2018-02-09,5.7307,6.6936,1.0407,0.00413,13.3873,20.0809,13.3714,20.0533,15257.903304,1049.075387,-0.00189,420.465085,-0.000362
2018-02-12,5.6307,-1.7451,1.049,0.004163,-3.4902,-5.2353,-3.5061,-5.263,14991.637291,1012.460511,-0.001791,405.72327,-0.000343
2018-02-13,5.7443,2.0173,1.0518,0.004174,4.0346,6.0519,4.0187,6.0242,15294.063074,1053.309173,-0.001899,422.028125,-0.000364
2018-02-14,5.9614,3.7785,1.0545,0.004185,7.557,11.3355,7.5411,11.3078,15871.950335,1132.907897,-0.002115,453.853786,-0.000405
2018-02-15,6.0868,2.1042,1.0573,0.004196,4.2085,6.3127,4.1926,6.2849,16205.932442,1180.585839,-0.002248,472.881856,-0.00043
2018-02-16,6.0211,-1.0791,1.0601,0.004207,-2.1582,-3.2373,-2.1741,-3.265,16031.056116,1155.106711,-0.002175,462.600981,-0.000416
2018-02-20,6.1505,2.1489,1.0711,0.00425,4.2979,6.4468,4.2819,6.419,16375.554036,1204.751832,-0.002316,482.409208,-0.000443
2018-02-21,5.9636,-3.0392,1.0739,0.004261,-6.0783,-9.1175,-6.0943,-9.1454,15877.874128,1131.523069,-0.002105,453.009765,-0.000403
2018-02-22,5.9831,0.3273,1.0767,0.004272,0.6546,0.9819,0.6386,0.954,15929.84253,1138.930036,-0.002125,455.902789,-0.000406
2018-02-23,6.0765,1.561,1.0794,0.004283,3.122,4.6831,3.1061,4.6551,16178.511093,1174.487964,-0.002225,470.063389,-0.000425
2018-02-26,6.0926,0.2643,1.0877,0.004316,0.5286,0.7929,0.5126,0.7649,16221.272605,1180.696555,-0.002242,472.472926,-0.000429
2018-02-27,6.0797,-0.2109,1.0905,0.004327,-0.4218,-0.6328,-0.4379,-0.6608,16187.059079,1175.715961,-0.002228,470.404114,-0.000426
2018-02-28,5.9794,-1.65,1.0933,0.004338,-3.3,-4.9499,-3.316,-4.978,15919.975466,1136.91775,-0.002118,454.80547,-0.000405
2018-03-01,5.7375,-4.0455,1.096,0.004349,-8.091,-12.1364,-8.107,-12.1645,15275.936215,1044.930214,-0.001861,417.934329,-0.000355
2018-03-02,5.8445,1.8647,1.0988,0.00436,3.7294,5.5941,3.7134,5.5661,15560.78867,1083.900125,-0.001965,433.453737,-0.000375
2018-03-05,5.8225,-0.3763,1.1071,0.004393,-0.7525,-1.1288,-0.7686,-1.1569,15502.240109,1075.743624,-0.001943,430.122152,-0.000371
2018-03-06,5.9833,2.7626,1.1099,0.004404,5.5251,8.2877,5.509,8.2595,15930.500165,1135.179941,-0.002104,453.817698,-0.000401
2018-03-07,5.9754,-0.1322,1.1126,0.004415,-0.2643,-0.3965,-0.2805,-0.4247,15909.445688,1132.179329,-0.002095,452.544964,-0.0004
2018-03-08,5.9591,-0.2729,1.1154,0.004426,-0.5458,-0.8187,-0.5619,-0.8469,15866.03035,1126.000114,-0.002078,450.002054,-0.000396
2018-03-09,6.0617,1.7207,1.1182,0.004437,3.4414,5.1621,3.4253,5.1339,16139.037756,1164.75037,-0.002186,465.415814,-0.000417
2018-03-12,6.1711,1.8057,1.1265,0.00447,3.6115,5.4172,3.5953,5.3889,16430.467831,1206.815243,-0.002304,482.148983,-0.000439
2018-03-13,6.1205,-0.8208,1.1292,0.004481,-1.6416,-2.4624,-1.6578,-2.4908,16295.604407,1187.003849,-0.002247,474.155852,-0.000428
2018-03-14,6.1459,0.4158,1.132,0.004492,0.8316,1.2474,0.8154,1.2191,16363.363667,1196.875284,-0.002275,478.022251,-0.000433
2018-03-15,6.1608,0.2412,1.1348,0.004503,0.4825,0.7237,0.4663,0.6953,16402.837003,1202.649728,-0.002292,480.251032,-0.000436
2018-03-16,6.1889,0.4572,1.1375,0.004514,0.9144,1.3716,0.8982,1.3432,16477.828979,1213.646494,-0.002323,484.564444,-0.000442
2018-03-19,5.9547,-3.7847,1.1458,0.004547,-7.5694,-11.3542,-7.5857,-11.3826,15854.189111,1121.780224,-0.002059,447.806861,-0.000392
2018-03-20,6.1667,3.5602,1.1486,0.004558,7.1203,10.6805,7.1041,10.652,16418.624053,1201.654628,-0.002279,479.619335,-0.000434
2018-03-21,6.1415,-0.4087,1.1514,0.004569,-0.8174,-1.2261,-0.8336,-1.2546,16351.523697,1191.832678,-0.002251,475.621017,-0.000428
2018-03-22,5.9757,-2.6995,1.1541,0.00458,-5.3991,-8.0986,-5.4154,-8.1272,15910.107132,1127.484585,-0.002069,449.864359,-0.000393
2018-03-23,5.7563,-3.6717,1.1569,0.004591,-7.3434,-11.0151,-7.3597,-11.0436,15325.936791,1044.689033,-0.001841,416.755764,-0.00035
2018-03-26,6.0407,4.9405,1.1652,0.004624,9.881,14.8216,9.8647,14.793,16083.118466,1147.91527,-0.002114,457.86755,-0.000402
2018-03-27,5.5722,-7.7552,1.168,0.004635,-15.5104,-23.2656,-15.5268,-23.2943,14835.838729,969.868772,-0.001622,386.775542,-0.000308
2018-03-28,5.4692,-1.8491,1.1707,0.004646,-3.6982,-5.5472,-3.7145,-5.5759,14561.512243,934.001478,-0.001532,372.408719,-0.000291
2018-03-29,5.7222,4.6261,1.1735,0.004657,9.2523,13.8784,9.2359,13.8498,15235.148878,1020.417999,-0.001745,406.804114,-0.000331
2018-04-02,5.4618,-4.5511,1.1846,0.004701,-9.1023,-13.6534,-9.1187,-13.6822,14541.776844,927.536819,-0.001507,369.708969,-0.000286
2018-04-03,5.568,1.9452,1.1873,0.004712,3.8904,5.8357,3.874,5.8069,14824.646238,963.622062,-0.001595,384.031568,-0.000303
2018-04-04,5.59,0.395,1.1901,0.004723,0.7899,1.1849,0.7735,1.1561,14883.199877,971.234194,-0.001613,387.002133,-0.000306
2018-04-05,5.4699,-2.1481,1.1929,0.004734,-4.2963,-6.4444,-4.3127,-6.4732,14563.488957,929.507391,-0.001509,370.311869,-0.000286
2018-04-06,5.2937,-3.2207,1.1956,0.004745,-6.4414,-9.6621,-6.4579,-9.691,14094.440294,869.633798,-0.001364,346.39756,-0.000259
2018-04-09,5.3224,0.5414,1.2039,0.004778,1.0828,1.6242,1.0663,1.5953,14170.746271,879.05003,-0.001386,350.091187,-0.000263
2018-04-10,5.6313,5.8029,1.2067,0.004789,11.6058,17.4087,11.5893,17.3798,14993.061744,981.070972,-0.001627,390.664384,-0.000308
2018-04-11,5.59,-0.7328,1.2095,0.0048,-1.4655,-2.1983,-1.482,-2.2272,14883.199877,966.69335,-0.001591,384.874705,-0.000301
2018-04-12,5.7966,3.6952,1.2122,0.004811,7.3904,11.0856,7.3739,11.0566,15433.165579,1038.136076,-0.001768,413.255003,-0.000335
2018-04-13,5.72,-1.3214,1.215,0.004821,-2.6428,-3.9642,-2.6593,-3.9932,15229.231433,1010.700176,-0.001698,402.265182,-0.000321
2018-04-16,5.7197,-0.0043,1.2233,0.004854,-0.0086,-0.0129,-0.0252,-0.042,15228.575067,1010.613055,-0.001697,402.16389,-0.000321
2018-04-17,5.8692,2.6135,1.2261,0.004865,5.227,7.8404,5.2104,7.8114,15626.571216,1063.437447,-0.00183,423.11821,-0.000346
2018-04-18,5.8403,-0.4926,1.2288,0.004876,-0.9851,-1.4777,-1.0017,-1.5068,15549.599988,1052.961177,-0.001803,418.87977,-0.000341
2018-04-19,5.6592,-3.101,1.2316,0.004887,-6.2021,-9.3031,-6.2187,-9.3323,15067.401163,987.655749,-0.001636,392.83103,-0.000309
2018-04-20,5.651,-0.1441,1.2344,0.004898,-0.2881,-0.4322,-0.3048,-0.4614,15045.69286,984.809826,-0.001629,391.633862,-0.000308
2018-04-23,5.5317,-2.1119,1.2427,0.004931,-4.2237,-6.3356,-4.2403,-6.3648,14727.949766,943.214331,-0.001525,375.027231,-0.000288
2018-04-24,5.4655,-1.1971,1.2455,0.004942,-2.3941,-3.5912,-2.4108,-3.6205,14551.645179,920.632367,-0.001471,365.986081,-0.000278
2018-04-25,5.3533,-2.0524,1.2482,0.004953,-4.1049,-6.1573,-4.1215,-6.1866,14252.982388,882.84164,-0.00138,350.901869,-0.000261
2018-04-26,5.5648,3.9509,1.251,0.004964,7.9018,11.8527,7.8851,11.8234,14816.10206,952.601846,-0.001544,378.570867,-0.000291
2018-04-27,5.5922,0.4928,1.2538,0.004975,0.9857,1.4785,0.969,1.4492,14889.119862,961.99121,-0.001566,382.239116,-0.000296
2018-04-30,5.5569,-0.6318,1.2621,0.005008,-1.2637,-1.8955,-1.2804,-1.9249,14795.045044,949.834797,-0.001537,377.344979,-0.00029
2018-05-01,5.6122,0.996,1.2648,0.005019,1.9921,2.9881,1.9754,2.9587,14942.409882,968.756301,-0.001583,384.798893,-0.000299
2018-05-02,5.5917,-0.3654,1.2676,0.00503,-0.7309,-1.0963,-0.7476,-1.1257,14887.805861,961.676052,-0.001565,381.922152,-0.000295
2018-05-03,5.7568,2.9517,1.2704,0.005041,5.9034,8.8551,5.8867,8.8257,15327.250791,1018.447838,-0.001704,404.404662,-0.000321
2018-05-04,5.9068,2.6053,1.2731,0.005052,5.2105,7.8158,5.1938,7.7863,15726.567289,1071.514501,-0.001837,425.408569,-0.000346
2018-05-07,6.1444,4.0241,1.2814,0.005085,8.0482,12.0723,8.0314,12.0427,16359.419126,1157.752001,-0.002059,459.574818,-0.000388
2018-05-08,6.1869,0.6917,1.2842,0.005096,1.3833,2.075,1.3665,2.0455,16472.572977,1173.76774,-0.002102,465.855118,-0.000396
2018-05-09,6.3199,2.1485,1.287,0.005107,4.297,6.4454,4.2802,6.4159,16826.483458,1224.204148,-0.002237,485.794431,-0.000421
2018-05-10,6.4274,1.7007,1.2897,0.005118,3.4014,5.1021,3.3846,5.0725,17112.651182,1265.844187,-0.002351,502.236495,-0.000443
2018-05-11,6.289,-2.1527,1.2925,0.005129,-4.3055,-6.4582,-4.3223,-6.4879,16744.258766,1211.343293,-0.002199,480.528161,-0.000414
2018-05-14,6.3095,0.3261,1.3008,0.005162,0.6522,0.9783,0.6353,0.9486,16798.860247,1219.24345,-0.002221,483.58102,-0.000418
2018-05-15,6.0674,-3.8377,1.3036,0.005173,-7.6754,-11.5131,-7.6923,-11.5428,16154.16844,1125.661355,-0.001965,446.382506,-0.00037
2018-05-16,6.0785,0.1832,1.3063,0.005184,0.3665,0.5497,0.3496,0.52,16183.770904,1129.786897,-0.001976,447.9431,-0.000372
2018-05-17,6.1205,0.691,1.3091,0.005195,1.382,2.0731,1.3651,2.0433,16295.604407,1145.401061,-0.002017,454.058168,-0.000379
2018-05-18,6.0767,-0.7145,1.3119,0.005206,-1.4291,-2.1436,-1.446,-2.1734,16179.164919,1129.032241,-0.001974,447.492473,-0.000371
2018-05-21,6.0347,-0.6912,1.3202,0.005239,-1.3825,-2.0737,-1.3994,-2.1035,16067.330147,1113.423887,-0.001933,441.230267,-0.000363
2018-05-22,5.9967,-0.6306,1.3229,0.00525,-1.2611,-1.8917,-1.2781,-1.9215,15966.017535,1099.38249,-0.001896,435.591093,-0.000356
2018-05-23,6.1201,2.0573,1.3257,0.005261,4.1147,6.172,4.0977,6.1421,16294.493537,1144.618663,-0.002013,453.440406,-0.000378
2018-05-24,6.1238,0.0606,1.3285,0.005272,0.1211,0.1817,0.1042,0.1518,16304.36314,1146.005258,-0.002017,453.91272,-0.000379
2018-05-25,6.1631,0.642,1.3312,0.005283,1.2839,1.9259,1.2669,1.896,16409.031214,1160.719131,-0.002056,459.663513,-0.000386
2018-05-29,6.146,-0.2768,1.3423,0.005327,-0.5537,-0.8305,-0.5707,-0.8605,16363.606154,1154.292702,-0.002039,457.04025,-0.000382
2018-05-30,6.2548,1.77,1.3451,0.005338,3.54,5.31,3.523,5.28,16653.243601,1195.154892,-0.002147,473.141667,-0.000403
2018-05-31,6.235,-0.3162,1.3478,0.005349,-0.6324,-0.9486,-0.6495,-0.9787,16600.583286,1187.596336,-0.002127,470.068669,-0.000399
2018-06-01,6.3693,2.1531,1.3506,0.00536,4.3062,6.4594,4.2892,6.4293,16958.014272,1238.737157,-0.002264,490.230761,-0.000424
2018-06-04,6.548,2.8065,1.3589,0.005392,5.6129,8.4194,5.5958,8.3892,17433.935094,1308.266619,-0.002454,517.663252,-0.00046
2018-06-05,6.5535,0.0831,1.3617,0.005403,0.1661,0.2492,0.149,0.219,17448.415761,1310.439918,-0.002461,518.434625,-0.000461
2018-06-06,6.5554,0.0302,1.3644,0.005414,0.0603,0.0905,0.0432,0.0603,17453.680649,1311.230743,-0.002463,518.65873,-0.000461
2018-06-07,6.4998,-0.8486,1.3672,0.005425,-1.6971,-2.5457,-1.7143,-2.5759,17305.574385,1288.977387,-0.0024,509.767536,-0.000449
2018-06-08,6.4845,-0.2358,1.37,0.005436,-0.4716,-0.7074,-0.4888,-0.7377,17264.765466,1282.898215,-0.002383,507.275944,-0.000446
2018-06-11,6.4434,-0.6329,1.3783,0.005469,-1.2658,-1.8988,-1.283,-1.9291,17155.492677,1266.658682,-0.002338,500.767477,-0.000437
2018-06-12,6.4919,0.7521,1.381,0.00548,1.5041,2.2562,1.4869,2.2259,17284.51229,1285.710751,-0.002391,508.213556,-0.000447
2018-06-13,6.4875,-0.0686,1.3838,0.005491,-0.1371,-0.2057,-0.1543,-0.236,17272.663434,1283.947993,-0.002386,507.429376,-0.000446
2018-06-14,6.599,1.7187,1.3866,0.005502,3.4375,5.1562,3.4203,5.1259,17569.536136,1328.083527,-0.002509,524.784868,-0.000469
2018-06-15,6.5582,-0.6182,1.3893,0.005513,-1.2364,-1.8546,-1.2536,-1.885,17460.922252,1311.663252,-0.002462,518.206121,-0.00046
2018-06-18,6.554,-0.0641,1.3976,0.005546,-0.1282,-0.1922,-0.1454,-0.2227,17449.73357,1309.982266,-0.002458,517.452601,-0.000459
2018-06-19,6.4323,-1.856,1.4004,0.005557,-3.712,-5.5679,-3.7292,-5.5984,17125.8699,1261.356233,-0.002321,498.155631,-0.000433
2018-06-20,6.4852,0.8225,1.4032,0.005568,1.6451,2.4676,1.6278,2.4371,17266.737101,1282.106562,-0.002378,506.264639,-0.000444
2018-06-21,6.3567,-1.9824,1.4059,0.005579,-3.9648,-5.9472,-3.9821,-5.9777,16924.441877,1231.273686,-0.002237,486.104782,-0.000417
2018-06-22,6.2044,-2.3958,1.4087,0.00559,-4.7917,-7.1875,-4.809,-7.218,16518.960369,1172.275142,-0.002076,462.728177,-0.000387
2018-06-25,5.9119,-4.7141,1.417,0.005623,-9.4282,-14.1423,-9.4455,-14.1729,15740.239242,1061.750582,-0.001782,419.021005,-0.000332
2018-06-26,5.9828,1.2002,1.4198,0.005634,2.4005,3.6007,2.3831,3.5701,15929.159504,1087.23764,-0.001846,429.00684,-0.000344
2018-06-27,5.8278,-2.591,1.4225,0.005645,-5.182,-7.773,-5.1994,-7.8037,15516.432584,1030.896658,-0.001703,406.701138,-0.000317
2018-06-28,5.9549,2.1805,1.4253,0.005656,4.3611,6.5416,4.3437,6.511,15854.77565,1075.855025,-0.001814,424.367142,-0.000338
2018-06-29,5.857,-1.6441,1.4281,0.005667,-3.2882,-4.9323,-3.3056,-4.963,15594.107152,1040.478743,-0.001725,410.339368,-0.000321
2018-07-02,5.989,2.2541,1.4364,0.0057,4.5083,6.7624,4.4909,6.7316,15945.619423,1087.386339,-0.001841,428.767152,-0.000343
2018-07-03,5.8555,-2.2292,1.4392,0.005711,-4.4584,-6.6876,-4.4758,-6.7184,15590.158803,1038.906188,-0.001718,409.576271,-0.00032
2018-07-05,6.0011,2.4869,1.4447,0.005733,4.9738,7.4607,4.9563,7.4298,15977.868931,1090.5791,-0.001846,429.876268,-0.000344
2018-07-06,6.1149,1.8951,1.4475,0.005744,3.7903,5.6854,3.7728,5.6546,16280.671775,1131.915082,-0.001951,446.09476,-0.000363
2018-07-09,6.1623,0.7763,1.4558,0.005777,1.5525,2.3288,1.535,2.2979,16407.051961,1149.488268,-0.001997,452.942471,-0.000371
2018-07-10,6.2612,1.6048,1.4585,0.005788,3.2096,4.8145,3.1922,4.7835,16670.356077,1186.382769,-0.002093,467.401081,-0.000389
2018-07-11,6.1198,-2.2586,1.4613,0.005799,-4.5173,-6.7759,-4.5348,-6.8068,16293.834632,1132.790805,-0.001951,446.205552,-0.000363
2018-07-12,6.2113,1.4948,1.4641,0.00581,2.9895,4.4843,2.972,4.4533,16537.386845,1166.655603,-0.002039,459.466716,-0.000379
2018-07-13,6.1641,-0.7602,1.4668,0.005821,-1.5204,-2.2807,-1.538,-2.3117,16411.665563,1148.917198,-0.001992,452.400227,-0.00037
2018-07-16,6.1364,-0.4492,1.4751,0.005854,-0.8985,-1.3477,-0.916,-1.3788,16337.938075,1138.594445,-0.001965,448.256075,-0.000365
2018-07-17,6.2721,2.2119,1.4779,0.005865,4.4238,6.6357,4.4063,6.6046,16699.31868,1188.963831,-0.002096,468.00736,-0.000389
2018-07-18,6.2229,-0.7844,1.4807,0.005876,-1.5688,-2.3532,-1.5864,-2.3843,16568.32997,1170.311472,-0.002046,460.583018,-0.00038
2018-07-19,6.2311,0.1311,1.4834,0.005887,0.2622,0.3933,0.2446,0.3621,16590.04843,1173.379659,-0.002054,461.709491,-0.000381
2018-07-20,6.2029,-0.4523,1.4862,0.005898,-0.9046,-1.3569,-0.9222,-1.3881,16515.012019,1162.76532,-0.002027,457.451608,-0.000376
2018-07-23,6.1663,-0.5899,1.4945,0.005931,-1.1799,-1.7698,-1.1975,-1.801,16417.584278,1149.046214,-0.001991,451.973599,-0.000369
2018-07-24,6.149,-0.2806,1.4973,0.005942,-0.5613,-0.8419,-0.5789,-0.8732,16371.51047,1142.596917,-0.001974,449.357026,-0.000366
2018-07-25,6.2271,1.2705,1.5,0.005952,2.5411,3.8116,2.5234,3.7804,16579.517383,1171.631264,-0.002049,460.696214,-0.00038
2018-07-26,6.3005,1.1792,1.5028,0.005963,2.3584,3.5375,2.3407,3.5062,16775.019073,1199.262454,-0.002122,471.479648,-0.000393
2018-07-27,6.2308,-1.1065,1.5056,0.005974,-2.2131,-3.3196,-2.2308,-3.351,16589.395873,1172.721687,-0.002051,460.962014,-0.00038
2018-07-30,6.0358,-3.1307,1.5139,0.006007,-6.2615,-9.3922,-6.2792,-9.4236,16070.026705,1099.292191,-0.001859,432.01741,-0.000344
2018-07-31,6.0538,0.299,1.5166,0.006018,0.5981,0.8971,0.5803,0.8657,16118.081036,1105.866636,-0.001875,434.524566,-0.000347
2018-08-01,6.0936,0.6575,1.5194,0.006029,1.315,1.9725,1.2973,1.9411,16224.058032,1120.408866,-0.001912,440.161531,-0.000354
2018-08-02,6.1962,1.6838,1.5222,0.00604,3.3675,5.0513,3.3498,5.0199,16497.234291,1158.139144,-0.002009,454.906056,-0.000372
2018-08-03,6.2328,0.5906,1.5249,0.006051,1.1811,1.7717,1.1634,1.7402,16594.659493,1171.818035,-0.002044,460.198214,-0.000378
2018-08-06,6.2805,0.7656,1.5332,0.006084,1.5311,2.2967,1.5133,2.2652,16721.702392,1189.760092,-0.002091,467.162575,-0.000387
2018-08-07,6.3527,1.1495,1.536,0.006095,2.299,3.4484,2.2812,3.4169,16913.914638,1217.112147,-0.002164,477.819272,-0.0004
2018-08-08,6.3891,0.5721,1.5388,0.006106,1.1442,1.7163,1.1264,1.6847,17010.678396,1231.038236,-0.002201,483.201326,-0.000407
2018-08-09,6.3406,-0.7585,1.5415,0.006117,-1.5169,-2.2754,-1.5347,-2.307,16881.660052,1212.364494,-0.002151,475.785473,-0.000397
2018-08-10,6.2993,-0.6512,1.5443,0.006128,-1.3024,-1.9535,-1.3202,-1.9852,16771.729629,1196.575082,-0.002109,469.504155,-0.000389
2018-08-13,6.3322,0.522,1.5526,0.006161,1.044,1.5659,1.0261,1.5343,16859.27507,1209.066899,-0.002142,474.321723,-0.000395
2018-08-14,6.4635,2.0733,1.5554,0.006172,4.1465,6.2198,4.1287,6.1881,17208.813166,1259.201314,-0.002275,493.90485,-0.00042
2018-08-15,6.4054,-0.8989,1.5581,0.006183,-1.7978,-2.6968,-1.8157,-2.7285,17054.119126,1236.562804,-0.002213,484.936842,-0.000408
2018-08-16,6.3648,-0.633,1.5609,0.006194,-1.266,-1.899,-1.2839,-1.9307,16946.167955,1220.908123,-0.002171,478.710815,-0.0004
2018-08-17,6.0528,-4.9021,1.5637,0.006205,-9.8043,-14.7064,-9.8222,-14.7382,16115.445417,1101.207209,-0.001852,431.691055,-0.000341
2018-08-20,6.1275,1.2336,1.572,0.006238,2.4672,3.7007,2.4492,3.6689,16314.241631,1128.375657,-0.001921,442.264062,-0.000354
2018-08-21,6.263,2.2111,1.5747,0.006249,4.4222,6.6333,4.4042,6.6014,16674.965871,1178.274692,-0.002048,461.742456,-0.000377
2018-08-22,6.4978,3.7502,1.5775,0.00626,7.5004,11.2506,7.4824,11.2187,17300.310766,1266.650053,-0.002278,496.292047,-0.00042
2018-08-23,6.5972,1.5295,1.5803,0.006271,3.0591,4.5886,3.0411,4.5567,17564.926343,1305.39795,-0.002383,511.384822,-0.000439
2018-08-24,6.7302,2.0162,1.583,0.006282,4.0324,6.0487,4.0145,6.0167,17919.074233,1358.037389,-0.002527,531.914138,-0.000465
2018-08-27,6.8212,1.3518,1.5913,0.006315,2.7037,4.0555,2.6857,4.0235,18161.312445,1394.754525,-0.00263,546.199596,-0.000484
2018-08-28,6.7836,-0.5509,1.5941,0.006326,-1.1019,-1.6528,-1.1199,-1.6849,18061.252895,1379.385756,-0.002586,540.082543,-0.000476
2018-08-29,6.889,1.5535,1.5969,0.006337,3.1069,4.6604,3.0889,4.6283,18341.826913,1422.242119,-0.002707,556.765008,-0.000498
2018-08-30,6.8722,-0.2442,1.5996,0.006348,-0.4884,-0.7326,-0.5064,-0.7647,18297.036635,1415.29596,-0.002687,553.945277,-0.000494
2018-08-31,6.9432,1.0331,1.6024,0.006359,2.0662,3.0993,2.0481,3.0672,18486.063541,1444.53884,-0.00277,565.290837,-0.000509
2018-09-04,7.0179,1.076,1.6135,0.006403,2.1519,3.2279,2.1338,3.1957,18684.965129,1475.623994,-0.00286,577.35301,-0.000525
2018-09-05,6.8873,-1.8611,1.6162,0.006414,-3.7223,-5.5834,-3.7404,-5.6156,18337.213311,1420.697381,-0.0027,555.757793,-0.000496
2018-09-06,6.7463,-2.0473,1.619,0.006425,-4.0945,-6.1418,-4.1127,-6.174,17961.802736,1362.52662,-0.002534,532.901406,-0.000465
2018-09-07,6.725,-0.3153,1.6218,0.006436,-0.6307,-0.946,-0.6488,-0.9783,17905.161062,1353.933297,-0.00251,529.443769,-0.000461
2018-09-10,6.796,1.0557,1.6301,0.006469,2.1114,3.1671,2.0932,3.1348,18094.185429,1382.520181,-0.00259,540.526194,-0.000475
2018-09-11,6.7483,-0.7025,1.6328,0.00648,-1.405,-2.1075,-1.4232,-2.1398,17967.075242,1363.095997,-0.002535,532.833589,-0.000465
2018-09-12,6.6345,-1.6862,1.6356,0.006491,-3.3725,-5.0587,-3.3906,-5.091,17664.109894,1317.126261,-0.002407,514.767082,-0.000441
2018-09-13,6.7121,1.1707,1.6384,0.006502,2.3415,3.5122,2.3233,3.4799,17870.911989,1347.966702,-0.002491,526.726597,-0.000457
2018-09-14,6.8381,1.8759,1.6412,0.006513,3.7517,5.6276,3.7335,5.5952,18206.147158,1398.538922,-0.002632,546.392052,-0.000482
2018-09-17,6.7762,-0.9044,1.6495,0.006545,-1.8088,-2.7131,-1.827,-2.7456,18041.494644,1373.242746,-0.00256,536.409419,-0.000469
2018-09-18,6.7042,-1.0623,1.6522,0.006556,-2.1246,-3.1869,-2.1429,-3.2194,17849.839737,1344.066814,-0.002479,524.914895,-0.000454
2018-09-19,6.728,0.3542,1.655,0.006567,0.7084,1.0626,0.6901,1.0301,17913.065378,1353.58841,-0.002505,528.537559,-0.000459
2018-09-20,6.587,-2.0957,1.6578,0.006578,-4.1915,-6.2872,-4.2098,-6.3198,17537.653533,1296.852937,-0.002347,506.287338,-0.00043
2018-09-21,6.517,-1.0628,1.6605,0.006589,-2.1256,-3.1884,-2.1439,-3.2209,17351.263515,1269.287055,-0.002273,495.433074,-0.000416
2018-09-24,6.5726,0.8541,1.6688,0.006622,1.7081,2.5622,1.6898,2.5296,17499.45611,1290.968351,-0.002331,503.804996,-0.000426
2018-09-25,6.6397,1.0199,1.6716,0.006633,2.0399,3.0598,2.0215,3.0272,17677.939273,1317.30244,-0.002402,513.989572,-0.000439
2018-09-26,6.6028,-0.5551,1.6744,0.006644,-1.1103,-1.6654,-1.1286,-1.6981,17579.803114,1302.676866,-0.002362,508.188596,-0.000432
2018-09-27,6.6147,0.1798,1.6771,0.006655,0.3597,0.5395,0.3413,0.5068,17611.417839,1307.362217,-0.002375,509.923091,-0.000434
2018-09-28,6.9516,5.0935,1.6799,0.006666,10.1871,15.2806,10.1687,15.2479,18508.459949,1440.543881,-0.002738,561.775533,-0.0005
2018-10-01,7.1579,2.9677,1.6882,0.006699,5.9355,8.9032,5.9171,8.8705,19057.743894,1526.047226,-0.002981,595.016269,-0.000544
2018-10-02,7.0867,-0.9953,1.691,0.00671,-1.9906,-2.9859,-2.009,-3.0187,18868.059354,1495.669279,-0.002892,583.062118,-0.000528
2018-10-03,7.0929,0.0873,1.6937,0.006721,0.1745,0.2618,0.1561,0.229,18884.525621,1498.279838,-0.0029,583.972358,-0.000529
2018-10-04,6.9088,-2.5948,1.6965,0.006732,-5.1895,-7.7843,-5.208,-7.8171,18394.515159,1420.525934,-0.002674,553.559175,-0.000488
2018-10-05,6.6755,-3.3764,1.6993,0.006743,-6.7529,-10.1293,-6.7713,-10.1621,17773.437274,1324.599813,-0.002403,516.075973,-0.000438
2018-10-08,6.5744,-1.5156,1.7076,0.006776,-3.0312,-4.5468,-3.0497,-4.5797,17504.062094,1284.4484,-0.002294,500.337239,-0.000418
2018-10-09,6.5687,-0.0865,1.7103,0.006787,-0.173,-0.2596,-0.1915,-0.2925,17488.917445,1282.225771,-0.002288,499.378919,-0.000417
2018-10-10,6.0776,-7.4753,1.7131,0.006798,-14.9507,-22.426,-14.9692,-22.459,16181.563129,1090.524552,-0.001775,424.626066,-0.000323
2018-10-11,5.8164,-4.2981,1.7159,0.006809,-8.5962,-12.8943,-8.6147,-12.9273,15486.063303,996.780872,-0.001546,388.045736,-0.000281
2018-10-12,6.0987,4.8526,1.7186,0.00682,9.7053,14.5579,9.6867,14.5249,16237.545898,1093.521207,-0.001771,425.634755,-0.000322
2018-10-15,5.8226,-4.5267,1.7269,0.006853,-9.0533,-13.58,-9.0719,-13.6131,15502.525761,994.521012,-0.001531,387.021598,-0.000278
2018-10-16,6.0811,4.4396,1.7297,0.006864,8.8793,13.3189,8.8607,13.2858,16190.780176,1082.827071,-0.001735,421.314363,-0.000315
2018-10-17,6.0126,-1.1268,1.7325,0.006875,-2.2536,-3.3803,-2.2721,-3.4134,16008.346125,1058.42497,-0.001676,411.741528,-0.000305
2018-10-18,5.9253,-1.4523,1.7352,0.006886,-2.9046,-4.3569,-2.9232,-4.3901,15775.854368,1027.681621,-0.001603,399.705401,-0.000291
2018-10-19,5.669,-4.3252,1.738,0.006897,-8.6503,-12.9755,-8.6689,-13.0086,15093.523747,938.783914,-0.001395,365.055263,-0.000253
2018-10-22,5.7197,0.8946,1.7463,0.00693,1.7891,2.6837,1.7705,2.6505,15228.544598,955.579913,-0.001432,371.518518,-0.00026
2018-10-23,5.4684,-4.3941,1.7491,0.006941,-8.7881,-13.1822,-8.8068,-13.2154,14559.392068,871.60226,-0.001244,338.799692,-0.000226
2018-10-24,4.9328,-9.7937,1.7518,0.006952,-19.5875,-29.3812,-19.6061,-29.4145,13133.483169,700.877354,-0.000878,272.374161,-0.000159
2018-10-25,5.1413,4.2274,1.7546,0.006963,8.4549,12.6823,8.4362,12.649,13688.693446,760.13571,-0.00099,295.352227,-0.00018
2018-10-26,4.9051,-4.5948,1.7574,0.006974,-9.1897,-13.7845,-9.2084,-13.8179,13059.718863,690.281558,-0.000853,268.155086,-0.000155
2018-10-29,4.5917,-6.3896,1.7657,0.007007,-12.7793,-19.1689,-12.798,-19.2023,12225.248567,602.06841,-0.00069,233.836565,-0.000125
2018-10-30,5.0216,9.3632,1.7684,0.007018,18.7264,28.0895,18.7076,28.0561,13369.920735,714.813921,-0.000883,277.581863,-0.00016
2018-10-31,5.2153,3.8572,1.7712,0.007029,7.7144,11.5716,7.6957,11.5382,13885.624668,769.957457,-0.000986,298.943607,-0.000179
2018-11-01,5.3954,3.453,1.774,0.00704,6.906,10.359,6.8873,10.3256,14365.096465,823.13085,-0.001088,319.532663,-0.000197
2018-11-02,5.3165,-1.4626,1.7767,0.007051,-2.9251,-4.3877,-2.9439,-4.4212,14154.997308,799.05317,-0.00104,310.12597,-0.000188
2018-11-05,5.2386,-1.4656,1.785,0.007083,-2.9313,-4.3969,-2.9501,-4.4305,13947.535039,775.630575,-0.000994,300.976995,-0.00018
2018-11-06,5.221,-0.3353,1.7878,0.007094,-0.6706,-1.0059,-0.6894,-1.0394,13900.769317,770.429236,-0.000984,298.902073,-0.000178
2018-11-07,5.2885,1.2935,1.7906,0.007105,2.587,3.8805,2.5682,3.8469,14080.574098,790.360056,-0.001022,306.578369,-0.000185
2018-11-08,5.0956,-3.6484,1.7933,0.007116,-7.2969,-10.9453,-7.3157,-10.9789,13566.853227,732.688479,-0.00091,284.150025,-0.000165
2018-11-09,5.0877,-0.1554,1.7961,0.007127,-0.3107,-0.4661,-0.3296,-0.4997,13545.774627,730.411746,-0.000906,283.213551,-0.000164
2018-11-12,4.6887,-7.8426,1.8044,0.00716,-15.6853,-23.5279,-15.7041,-23.5616,12483.428716,615.844665,-0.000693,238.737297,-0.000125
2018-11-13,4.9303,5.1546,1.8072,0.007171,10.3091,15.4637,10.2902,15.43,13126.894123,679.332789,-0.0008,263.303927,-0.000145
2018-11-14,4.8779,-1.0636,1.8099,0.007182,-2.1273,-3.1909,-2.1462,-3.2247,12987.271096,664.881465,-0.000775,257.652976,-0.00014
2018-11-15,5.0065,2.637,1.8127,0.007193,5.2741,7.9111,5.2552,7.8773,13329.749138,699.947693,-0.000836,271.193045,-0.000151
2018-11-16,4.0675,-18.7559,1.8155,0.007204,-37.5118,-56.2676,-37.5307,-56.3014,10829.637852,437.385043,-0.000366,169.412496,-6.6e-05
2018-11-19,3.5795,-11.999,1.8238,0.007237,-23.998,-35.997,-24.017,-36.0309,9530.187852,332.421239,-0.000234,128.724737,-4.2e-05
2018-11-20,3.6878,3.0269,1.8265,0.007248,6.0539,9.0808,6.0349,9.047,9818.661743,352.545679,-0.000255,136.493201,-4.6e-05
2018-11-21,3.5797,-2.9313,1.8293,0.007259,-5.8627,-8.794,-5.8816,-8.8279,9530.844852,331.87716,-0.000233,128.465196,-4.2e-05
2018-11-23,3.5869,0.2004,1.8348,0.007281,0.4008,0.6012,0.3818,0.5673,9549.946103,333.207423,-0.000234,128.955731,-4.2e-05
2018-11-26,3.786,5.5517,1.8432,0.007314,11.1034,16.6551,11.0844,16.6211,10080.131337,370.204838,-0.000273,143.249697,-4.9e-05
2018-11-27,3.8028,0.4443,1.8459,0.007325,0.8886,1.3329,0.8696,1.2989,10124.91844,373.494557,-0.000277,144.495382,-5e-05
2018-11-28,3.9597,4.1241,1.8487,0.007336,8.2482,12.3723,8.2292,12.3383,10542.481771,404.301251,-0.000311,156.38618,-5.6e-05
2018-11-29,3.8965,-1.5946,1.8515,0.007347,-3.1893,-4.7839,-3.2083,-4.818,10374.367151,391.406953,-0.000296,151.36879,-5.3e-05
2018-11-30,4.0468,3.8574,1.8542,0.007358,7.7148,11.5722,7.6958,11.5381,10774.548858,421.603282,-0.00033,163.017757,-5.9e-05
2018-12-03,4.2105,4.0445,1.8625,0.007391,8.0891,12.1336,8.07,12.0995,11210.329821,455.707111,-0.000371,176.173263,-6.7e-05
2018-12-04,3.8903,-7.6041,1.8653,0.007402,-15.2082,-22.8123,-15.2273,-22.8465,10357.883745,386.402149,-0.000286,149.346774,-5.1e-05
2018-12-06,3.9195,0.7511,1.8708,0.007424,1.5022,2.2533,1.4831,2.2191,10435.681461,392.206656,-0.000292,151.56168,-5.3e-05
2018-12-07,3.6551,-6.7471,1.8736,0.007435,-13.4943,-20.2414,-13.5134,-20.2756,9731.57271,339.281289,-0.000233,131.080549,-4.2e-05
2018-12-10,3.7603,2.8792,1.8819,0.007468,5.7584,8.6377,5.7393,8.6034,10011.766494,358.818626,-0.000253,138.603621,-4.5e-05
2018-12-11,3.6695,-2.4167,1.8847,0.007479,-4.8334,-7.2501,-4.8526,-7.2845,9769.810759,341.475388,-0.000235,131.877724,-4.2e-05
2018-12-12,3.687,0.4791,1.8874,0.00749,0.9582,1.4374,0.939,1.403,9816.619646,344.747525,-0.000238,133.116108,-4.3e-05
2018-12-13,3.6868,-0.0067,1.8902,0.007501,-0.0134,-0.0201,-0.0326,-0.0545,9815.961377,344.70129,-0.000238,133.072688,-4.3e-05
2018-12-14,3.6264,-1.6388,1.893,0.007512,-3.2776,-4.9164,-3.2968,-4.9508,9655.097882,333.403394,-0.000227,128.685536,-4.1e-05
2018-12-17,3.5553,-1.9597,1.9013,0.007545,-3.9195,-5.8792,-3.9387,-5.9137,9465.883715,320.33576,-0.000213,123.616976,-3.8e-05
2018-12-18,3.6385,2.3402,1.904,0.007556,4.6803,7.0205,4.6611,6.986,9687.400711,335.32851,-0.000228,129.37884,-4.1e-05
2018-12-19,3.4298,-5.737,1.9068,0.007567,-11.474,-17.211,-11.4933,-17.2455,9131.633094,296.852817,-0.000189,114.508938,-3.4e-05
2018-12-20,3.3453,-2.4619,1.9096,0.007578,-4.9238,-7.3858,-4.9431,-7.4203,8906.81967,282.236265,-0.000175,108.848621,-3.1e-05
2018-12-21,3.2084,-4.0933,1.9123,0.007589,-8.1865,-12.2798,-8.2058,-12.3144,8542.239125,259.130857,-0.000154,99.916674,-2.7e-05
2018-12-24,3.1467,-1.9217,1.9206,0.007622,-3.8434,-5.7652,-3.8628,-5.7998,8378.081107,249.171311,-0.000145,96.057122,-2.6e-05
2018-12-26,3.2958,4.7371,1.9262,0.007644,9.4743,14.2114,9.4549,14.1767,8774.961308,272.778426,-0.000165,105.139228,-3e-05
2018-12-27,3.248,-1.45,1.9289,0.007654,-2.9,-4.35,-2.9194,-4.3847,8647.724165,264.867839,-0.000158,102.06983,-2.8e-05
2018-12-28,3.3094,1.8907,1.9317,0.007665,3.7813,5.672,3.7619,5.6373,8811.223278,274.883343,-0.000167,105.909645,-3e-05
2018-12-31,3.3057,-0.1122,1.94,0.007698,-0.2244,-0.3366,-0.2438,-0.3714,8801.336535,274.26647,-0.000166,105.651419,-3e-05
2019-01-02,3.3731,2.0374,1.9407,0.007701,4.0749,6.1123,4.0555,6.0775,8980.657611,285.442445,-0.000177,109.936062,-3.2e-05
2019-01-03,3.1693,-6.0417,1.941,0.007702,-12.0834,-18.1251,-12.1028,-18.1599,8438.071895,250.951208,-0.000145,96.630679,-2.6e-05
2019-01-04,3.3723,6.4068,1.9413,0.007704,12.8136,19.2203,12.7941,19.1856,8978.680263,283.106972,-0.000172,108.993745,-3.1e-05
2019-01-07,3.5508,5.2941,1.9423,0.007708,10.5881,15.8822,10.5687,15.8474,9454.017719,313.082725,-0.0002,120.512991,-3.6e-05
2019-01-08,3.4624,-2.4895,1.9426,0.007709,-4.9791,-7.4686,-4.9985,-7.5034,9218.656109,297.494081,-0.000185,114.489154,-3.3e-05
2019-01-09,3.5305,1.9667,1.943,0.00771,3.9334,5.9001,3.914,5.8653,9399.958342,309.195644,-0.000196,118.970214,-3.5e-05
2019-01-10,3.5962,1.8586,1.9433,0.007711,3.7172,5.5758,3.6978,5.541,9574.665182,320.689013,-0.000207,123.369453,-3.7e-05
2019-01-11,3.6853,2.4788,1.9436,0.007713,4.9577,7.4365,4.9383,7.4017,9812.00541,336.587721,-0.000222,129.461748,-4e-05
2019-01-14,3.7252,1.0818,1.9446,0.007717,2.1635,3.2453,2.1441,3.2105,9918.148719,343.86993,-0.000229,132.237559,-4.1e-05
2019-01-15,3.7111,-0.3789,1.9449,0.007718,-0.7578,-1.1367,-0.7772,-1.1715,9880.568305,341.264045,-0.000227,131.209762,-4e-05
2019-01-16,3.6855,-0.6873,1.9453,0.007719,-1.3745,-2.0618,-1.3939,-2.0966,9812.66368,336.573342,-0.000222,129.380784,-3.9e-05
2019-01-17,3.7569,1.935,1.9456,0.007721,3.8699,5.8049,3.8505,5.7701,10002.534212,349.598421,-0.000235,134.362567,-4.2e-05
2019-01-18,3.8859,3.434,1.9459,0.007722,6.8679,10.3019,6.8485,10.2671,10346.017115,373.608552,-0.000259,143.564373,-4.6e-05
2019-01-22,3.6838,-5.1998,1.9472,0.007727,-10.3995,-15.5993,-10.4189,-15.6341,9808.049443,334.755084,-0.000219,128.606479,-3.9e-05
2019-01-23,3.6967,0.3495,1.9476,0.007728,0.699,1.0486,0.6796,1.0137,9842.330891,337.09518,-0.000221,129.480504,-3.9e-05
2019-01-24,3.9084,5.7271,1.9479,0.00773,11.4542,17.1813,11.4348,17.1465,10406.012346,375.706827,-0.000259,144.286329,-4.6e-05
2019-01-25,3.9656,1.4635,1.9482,0.007731,2.927,4.3905,2.9076,4.3557,10558.305638,386.70386,-0.00027,148.48158,-4.8e-05
2019-01-28,3.4174,-13.8245,1.9492,0.007735,-27.6491,-41.4736,-27.6685,-41.5085,9098.668186,279.783781,-0.000158,107.398915,-2.8e-05
2019-01-29,3.2587,-4.6446,1.9495,0.007736,-9.2892,-13.9337,-9.3086,-13.9686,8676.073567,253.794236,-0.000136,97.401584,-2.4e-05
2019-01-30,3.402,4.3997,1.9499,0.007738,8.7994,13.199,8.7799,13.1642,9057.792614,276.12648,-0.000154,105.953352,-2.7e-05
2019-01-31,3.5595,4.6292,1.9502,0.007739,9.2583,13.8875,9.2389,13.8527,9477.093345,301.691215,-0.000176,115.742273,-3.1e-05
2019-02-01,3.5838,0.6817,1.9505,0.00774,1.3634,2.0452,1.344,2.0103,9541.700909,305.804614,-0.000179,117.29785,-3.2e-05
2019-02-04,3.694,3.0747,1.9515,0.007744,6.1494,9.2241,6.13,9.1893,9835.079766,324.609775,-0.000196,124.488153,-3.5e-05
2019-02-05,3.713,0.5162,1.9518,0.007745,1.0323,1.5485,1.0129,1.5136,9885.843985,327.960752,-0.000199,125.749041,-3.5e-05
2019-02-06,3.7886,2.034,1.9522,0.007747,4.068,6.102,4.0485,6.0671,10086.921609,341.302166,-0.000211,130.840039,-3.7e-05
2019-02-07,3.6504,-3.647,1.9525,0.007748,-7.2941,-10.9411,-7.3135,-10.976,9719.048445,316.407374,-0.000188,121.271031,-3.3e-05
2019-02-08,3.669,0.5087,1.9528,0.007749,1.0175,1.5262,0.998,1.4914,9768.49295,319.626744,-0.000191,122.481341,-3.4e-05
2019-02-11,3.6264,-1.1608,1.9538,0.007753,-2.3216,-3.4825,-2.3411,-3.5173,9655.097882,312.206132,-0.000184,119.613919,-3.3e-05
2019-02-12,3.7432,3.2229,1.9541,0.007755,6.4459,9.6688,6.4264,9.6339,9966.274781,332.330493,-0.000202,127.300784,-3.6e-05
2019-02-13,3.7856,1.1312,1.9545,0.007756,2.2624,3.3935,2.2429,3.3587,10079.01158,339.849024,-0.000209,130.156018,-3.7e-05
2019-02-14,3.8264,1.0793,1.9548,0.007757,2.1586,3.2378,2.1391,3.203,10187.792412,347.184874,-0.000215,132.940183,-3.8e-05
2019-02-15,3.896,1.8184,1.9551,0.007758,3.6368,5.4552,3.6174,5.4203,10373.048073,359.811351,-0.000227,137.749097,-4e-05
2019-02-19,3.8787,-0.4449,1.9564,0.007764,-0.8898,-1.3347,-0.9093,-1.3696,10326.89936,356.609818,-0.000224,136.496611,-4e-05
2019-02-20,3.926,1.2194,1.9568,0.007765,2.4387,3.6581,2.4193,3.6232,10452.821868,365.306562,-0.000232,139.798815,-4.1e-05
2019-02-21,3.8571,-1.7534,1.9571,0.007766,-3.5068,-5.2602,-3.5263,-5.2951,10269.542921,352.49605,-0.00022,134.86915,-3.9e-05
2019-02-22,3.9418,2.1955,1.9574,0.007768,4.3911,6.5866,4.3716,6.5517,10495.014614,367.974418,-0.000235,140.765092,-4.1e-05
2019-02-25,3.9294,-0.3141,1.9584,0.007771,-0.6282,-0.9423,-0.6477,-0.9772,10462.050341,365.662842,-0.000232,139.853403,-4.1e-05
2019-02-26,3.8901,-1.0019,1.9587,0.007773,-2.0039,-3.0058,-2.0234,-3.0408,10357.22611,358.335344,-0.000225,137.023646,-4e-05
2019-02-27,3.8482,-1.0757,1.9591,0.007774,-2.1515,-3.2272,-2.171,-3.2622,10245.80839,350.625769,-0.000218,134.048893,-3.8e-05
2019-02-28,3.8237,-0.6377,1.9594,0.007775,-1.2754,-1.913,-1.2948,-1.948,10180.472731,346.154015,-0.000214,132.313167,-3.8e-05
2019-03-01,3.878,1.4197,1.9597,0.007777,2.8394,4.2591,2.8199,4.2242,10325.003898,355.982644,-0.000223,136.044263,-3.9e-05
2019-03-04,3.8862,0.2109,1.9607,0.007781,0.4219,0.6328,0.4024,0.5979,10346.782663,357.484409,-0.000224,136.591674,-3.9e-05
2019-03-05,3.8797,-0.1658,1.961,0.007782,-0.3317,-0.4975,-0.3512,-0.5325,10329.623213,356.298681,-0.000223,136.111998,-3.9e-05
2019-03-06,3.7689,-2.8559,1.9614,0.007783,-5.7117,-8.5676,-5.7312,-8.6025,10034.62312,335.947862,-0.000204,128.311121,-3.6e-05
2019-03-07,3.6998,-1.8349,1.9617,0.007785,-3.6699,-5.5048,-3.6894,-5.5397,9850.494833,323.619047,-0.000193,123.577274,-3.4e-05
2019-03-08,3.734,0.9246,1.962,0.007786,1.8491,2.7737,1.8296,2.7387,9941.568398,329.603141,-0.000198,125.838274,-3.5e-05
2019-03-11,3.9942,6.9703,1.963,0.00779,13.9406,20.9109,13.9211,20.876,10634.526553,375.551863,-0.00024,143.356377,-4.2e-05
2019-03-12,4.0284,0.8563,1.9633,0.007791,1.7127,2.569,1.6932,2.5341,10725.594405,381.983875,-0.000246,145.783666,-4.3e-05
2019-03-13,4.1796,3.7534,1.9637,0.007792,7.5068,11.2602,7.4873,11.2252,11128.167338,410.658532,-0.000274,156.698887,-4.8e-05
2019-03-14,4.1038,-1.8147,1.964,0.007794,-3.6294,-5.4442,-3.6489,-5.4791,10926.222602,395.753952,-0.000259,150.981048,-4.5e-05
2019-03-15,4.2091,2.567,1.9643,0.007795,5.1341,7.7011,5.1146,7.6662,11206.702672,416.072245,-0.000279,158.70308,-4.9e-05
2019-03-18,4.1878,-0.5064,1.9653,0.007799,-1.0129,-1.5193,-1.0324,-1.5543,11149.948007,411.857974,-0.000274,157.064669,-4.8e-05
2019-03-19,4.3554,4.0012,1.9656,0.0078,8.0024,12.0036,7.9829,11.9686,11596.07847,444.816404,-0.000307,169.602939,-5.4e-05
2019-03-20,4.3229,-0.7456,1.966,0.007801,-1.4911,-2.2367,-1.5106,-2.2717,11509.622316,438.183625,-0.0003,167.040857,-5.3e-05
2019-03-21,4.5594,5.4702,1.9663,0.007803,10.9404,16.4105,10.9208,16.3756,12139.218987,486.122461,-0.00035,185.283129,-6.1e-05
2019-03-22,4.3997,-3.5011,1.9666,0.007804,-7.0022,-10.5034,-7.0218,-10.5383,11714.210288,452.082994,-0.000313,172.273008,-5.5e-05
2019-03-25,4.3075,-2.0958,1.9676,0.007808,-4.1916,-6.2874,-4.2111,-6.3224,11468.704214,433.13351,-0.000293,165.018404,-5.1e-05
2019-03-26,4.3841,1.7781,1.9679,0.007809,3.5562,5.3343,3.5367,5.2994,11672.630742,448.536717,-0.000309,170.854628,-5.4e-05
2019-03-27,4.375,-0.2092,1.9683,0.007811,-0.4184,-0.6276,-0.4379,-0.6625,11648.213185,446.660161,-0.000307,170.106473,-5.4e-05
2019-03-28,4.3936,0.4249,1.9686,0.007812,0.8499,1.2748,0.8303,1.2398,11697.709743,450.456132,-0.000311,171.518932,-5.4e-05
2019-03-29,4.4508,1.3032,1.9689,0.007813,2.6065,3.9097,2.5869,3.8747,11850.157922,462.1971,-0.000323,175.956028,-5.6e-05
2019-04-01,4.5182,1.5148,1.9699,0.007817,3.0296,4.5445,3.0101,4.5095,12029.666894,476.20004,-0.000338,181.252522,-5.9e-05
2019-04-02,4.5361,0.395,1.9702,0.007818,0.79,1.185,0.7705,1.15,12077.185468,479.96213,-0.000342,182.649069,-6e-05
2019-04-03,4.6754,3.071,1.9706,0.00782,6.1421,9.2131,6.1225,9.1781,12448.078929,509.44165,-0.000373,193.831805,-6.5e-05
2019-04-04,4.6665,-0.1909,1.9709,0.007821,-0.3817,-0.5726,-0.4013,-0.6076,12424.320277,507.496989,-0.000371,193.054052,-6.5e-05
2019-04-05,4.7331,1.4289,1.9712,0.007822,2.8578,4.2866,2.8382,4.2516,12601.848726,522.000021,-0.000387,198.533367,-6.8e-05
2019-04-08,4.754,0.4399,1.9722,0.007826,0.8798,1.3198,0.8603,1.2847,12657.286851,526.592792,-0.000392,200.241366,-6.8e-05
2019-04-09,4.6912,-1.3192,1.9725,0.007828,-2.6383,-3.9575,-2.6579,-3.9925,12490.31611,512.699516,-0.000377,194.919215,-6.6e-05
2019-04-10,4.7616,1.5006,1.9729,0.007829,3.0012,4.5019,2.9817,4.4668,12677.748441,528.086871,-0.000394,200.731136,-6.9e-05
2019-04-11,4.7478,-0.2916,1.9732,0.00783,-0.5831,-0.8747,-0.6027,-0.9097,12640.785036,525.007478,-0.00039,199.521411,-6.8e-05
2019-04-12,4.7098,-0.7988,1.9735,0.007831,-1.5976,-2.3963,-1.6171,-2.4314,12539.812668,516.620143,-0.000381,196.294945,-6.6e-05
2019-04-15,4.5782,-2.7946,1.9745,0.007835,-5.5891,-8.3837,-5.6087,-8.4187,12189.379528,487.745578,-0.000349,185.285408,-6.1e-05
2019-04-16,4.6652,1.9004,1.9748,0.007837,3.8007,5.7011,3.7812,5.6661,12421.023214,506.283549,-0.000369,192.291426,-6.4e-05
2019-04-17,4.6424,-0.4888,1.9752,0.007838,-0.9777,-1.4665,-0.9972,-1.5015,12360.304966,501.333771,-0.000363,190.37387,-6.3e-05
2019-04-18,4.6179,-0.5286,1.9755,0.007839,-1.0572,-1.5857,-1.0767,-1.6208,12294.970576,496.033848,-0.000358,188.324095,-6.2e-05
2019-04-22,4.6717,1.1648,1.9768,0.007845,2.3296,3.4943,2.31,3.4593,12438.180125,507.589269,-0.00037,192.674405,-6.4e-05
2019-04-23,4.7262,1.1673,1.9772,0.007846,2.3346,3.5019,2.315,3.4668,12583.370197,519.439383,-0.000383,197.134884,-6.7e-05
2019-04-24,4.7386,0.2622,1.9775,0.007847,0.5245,0.7867,0.5049,0.7517,12616.370018,522.163837,-0.000386,198.130308,-6.7e-05
2019-04-25,4.633,-2.2284,1.9778,0.007848,-4.4568,-6.6853,-4.4764,-6.7203,12335.224695,498.891862,-0.00036,189.261225,-6.3e-05
2019-04-26,4.4144,-4.7188,1.9781,0.00785,-9.4377,-14.1565,-9.4572,-14.1916,11753.145329,451.808057,-0.000309,171.362349,-5.4e-05
2019-04-29,4.4451,0.6963,1.9791,0.007854,1.3926,2.0889,1.373,2.0538,11834.982803,458.099961,-0.000316,173.715232,-5.5e-05
2019-04-30,4.4865,0.9313,1.9795,0.007855,1.8625,2.7938,1.843,2.7587,11945.198879,466.632289,-0.000325,176.916779,-5.6e-05
2019-05-01,4.4734,-0.2928,1.9798,0.007856,-0.5857,-0.8785,-0.6052,-0.9136,11910.219805,463.899415,-0.000322,175.846041,-5.6e-05
2019-05-02,4.5408,1.5071,1.9801,0.007858,3.0143,4.5214,2.9947,4.4863,12089.723699,477.882658,-0.000336,181.112136,-5.8e-05
2019-05-03,4.5363,-0.0982,1.9804,0.007859,-0.1965,-0.2947,-0.216,-0.3298,12077.846912,476.943727,-0.000335,180.720857,-5.8e-05
2019-05-06,4.458,-1.7267,1.9814,0.007863,-3.4534,-5.1801,-3.473,-5.2152,11869.299164,460.472986,-0.000318,174.44449,-5.5e-05
2019-05-07,4.2909,-3.7476,1.9818,0.007864,-7.4951,-11.2427,-7.5147,-11.2778,11424.489049,425.959905,-0.000282,161.335497,-4.9e-05
2019-05-08,4.311,0.4679,1.9821,0.007865,0.9358,1.4037,0.9162,1.3686,11477.945382,429.946124,-0.000286,162.813731,-5e-05
2019-05-09,4.2186,-2.1447,1.9824,0.007867,-4.2893,-6.434,-4.3089,-6.4691,11231.781673,411.504298,-0.000268,155.798239,-4.6e-05
2019-05-10,4.1846,-0.805,1.9827,0.007868,-1.6099,-2.4149,-1.6295,-2.45,11141.369552,404.879352,-0.000261,153.259494,-4.5e-05
2019-05-13,3.9276,-6.1426,1.9837,0.007872,-12.2853,-18.4279,-12.3049,-18.463,10456.99493,355.138761,-0.000213,134.401119,-3.7e-05
2019-05-14,4.0165,2.2657,1.9841,0.007873,4.5315,6.7972,4.5119,6.7621,10693.922549,371.231755,-0.000228,140.465146,-3.9e-05
2019-05-15,3.9556,-1.5182,1.9844,0.007875,-3.0363,-4.5545,-3.0559,-4.5896,10531.571758,359.959976,-0.000217,136.172672,-3.8e-05
2019-05-16,3.9707,0.3822,1.9847,0.007876,0.7644,1.1467,0.7449,1.1115,10571.825243,362.711634,-0.00022,137.186957,-3.8e-05
2019-05-17,3.88,-2.2848,1.985,0.007877,-4.5696,-6.8544,-4.5892,-6.8895,10330.281483,346.137253,-0.000205,130.89123,-3.5e-05
2019-05-20,3.7615,-3.0537,1.986,0.007881,-6.1074,-9.1612,-6.127,-9.1963,10014.823608,324.997127,-0.000186,122.871488,-3.2e-05
2019-05-21,3.8435,2.1812,1.9864,0.007882,4.3625,6.5437,4.3429,6.5085,10233.269524,339.17497,-0.000198,128.207629,-3.4e-05
2019-05-22,3.7726,-1.8444,1.9867,0.007884,-3.6889,-5.5333,-3.7085,-5.5685,10044.522558,326.663182,-0.000187,123.453076,-3.2e-05
2019-05-23,3.6517,-3.2063,1.987,0.007885,-6.4127,-9.619,-6.4322,-9.6541,9722.462307,305.715402,-0.000169,115.512271,-2.9e-05
2019-05-24,3.5979,-1.473,1.9873,0.007886,-2.9459,-4.4189,-2.9655,-4.454,9579.253392,296.709212,-0.000162,112.086718,-2.8e-05
2019-05-28,3.5528,-1.2539,1.9887,0.007891,-2.5078,-3.7616,-2.5274,-3.7968,9459.141052,289.268457,-0.000156,109.253885,-2.7e-05
2019-05-29,3.4787,-2.0861,1.989,0.007893,-4.1722,-6.2582,-4.1917,-6.2934,9261.816264,277.199743,-0.000146,104.674236,-2.5e-05
2019-05-30,3.4521,-0.7633,1.9893,0.007894,-1.5266,-2.29,-1.5462,-2.3251,9191.119229,272.967916,-0.000142,103.055727,-2.5e-05
2019-05-31,3.3615,-2.6238,1.9896,0.007895,-5.2477,-7.8715,-5.2673,-7.9067,8949.959513,258.643466,-0.000131,97.627503,-2.3e-05
2019-06-03,3.3198,-1.2402,1.9906,0.007899,-2.4804,-3.7206,-2.5,-3.7558,8838.962019,252.228068,-0.000126,95.186808,-2.2e-05
2019-06-04,3.5486,6.8919,1.991,0.007901,13.7838,20.6757,13.7642,20.6406,9448.135187,286.994722,-0.000153,108.28852,-2.6e-05
2019-06-05,3.5059,-1.2028,1.9913,0.007902,-2.4056,-3.6084,-2.4252,-3.6436,9334.493187,280.090788,-0.000147,105.662302,-2.5e-05
2019-06-06,3.568,1.7695,1.9916,0.007903,3.5391,5.3086,3.5195,5.2734,9499.670667,290.003418,-0.000155,109.381053,-2.7e-05
2019-06-07,3.6107,1.1963,1.9919,0.007905,2.3925,3.5888,2.3729,3.5536,9613.312031,296.941845,-0.00016,111.97658,-2.8e-05
2019-06-10,3.6834,2.0137,1.9929,0.007908,4.0275,6.0412,4.0079,6.0061,9806.899852,308.901162,-0.00017,116.464467,-2.9e-05
2019-06-11,3.741,1.563,1.9933,0.00791,3.126,4.6891,3.1064,4.6539,9960.184039,318.55756,-0.000178,120.082356,-3.1e-05
2019-06-12,3.628,-3.0182,1.9936,0.007911,-6.0365,-9.0547,-6.0561,-9.0899,9659.561675,299.32789,-0.000162,112.810049,-2.8e-05
2019-06-13,3.6792,1.409,1.9939,0.007912,2.8181,4.2271,2.7985,4.1919,9795.668639,307.763182,-0.000169,115.966992,-2.9e-05
2019-06-14,3.5893,-2.4417,1.9942,0.007914,-4.8833,-7.325,-4.9029,-7.3601,9556.492618,292.734177,-0.000156,110.281221,-2.7e-05
2019-06-17,3.599,0.2696,1.9952,0.007918,0.5392,0.8088,0.5196,0.7736,9582.258454,294.312694,-0.000158,110.854251,-2.7e-05
2019-06-18,3.7938,5.4127,1.9956,0.007919,10.8253,16.238,10.8057,16.2028,10100.914762,326.173061,-0.000183,122.832852,-3.1e-05
2019-06-19,3.7998,0.157,1.9959,0.00792,0.314,0.471,0.2944,0.4358,10116.774176,327.197307,-0.000184,123.194463,-3.2e-05
2019-06-20,3.8241,0.64,1.9962,0.007922,1.28,1.92,1.2604,1.8848,10181.522662,331.385506,-0.000188,124.747199,-3.2e-05
2019-06-21,3.766,-1.5185,1.9965,0.007923,-3.0371,-4.5556,-3.0567,-4.5908,10026.913682,321.321162,-0.000179,120.934077,-3.1e-05
2019-06-24,3.7884,0.5931,1.9975,0.007927,1.1861,1.7792,1.1665,1.744,10086.379504,325.13243,-0.000182,122.344762,-3.1e-05
2019-06-25,3.7591,-0.773,1.9979,0.007928,-1.5459,-2.3189,-1.5655,-2.3541,10008.41611,320.106161,-0.000178,120.429395,-3e-05
2019-06-26,3.9521,5.136,1.9982,0.007929,10.272,15.408,10.2524,15.3728,10522.448659,352.987485,-0.000206,132.776263,-3.5e-05
2019-06-27,4.0507,2.4928,1.9985,0.007931,4.9856,7.4783,4.9659,7.4431,10784.749818,370.585865,-0.000221,139.369821,-3.8e-05
2019-06-28,4.0755,0.6126,1.9988,0.007932,1.2252,1.8379,1.2056,1.8026,10850.819286,375.126427,-0.000225,141.050065,-3.8e-05
2019-07-01,4.1236,1.1813,1.9998,0.007936,2.3625,3.5438,2.3429,3.5086,10978.997178,383.988967,-0.000233,144.354734,-4e-05
2019-07-02,4.0258,-2.3711,2.0002,0.007937,-4.7422,-7.1132,-4.7618,-7.1485,10718.676541,365.779608,-0.000216,137.48085,-3.7e-05
2019-07-03,4.0387,0.3206,2.0005,0.007938,0.6412,0.9618,0.6215,0.9265,10753.039876,368.124936,-0.000218,138.33535,-3.7e-05
2019-07-05,3.9762,-1.5484,2.0012,0.007941,-3.0968,-4.6452,-3.1165,-4.6805,10586.539509,356.724823,-0.000208,134.024194,-3.6e-05
2019-07-08,3.9013,-1.8848,2.0021,0.007945,-3.7696,-5.6545,-3.7893,-5.6897,10387.001869,343.277552,-0.000197,128.945616,-3.4e-05
2019-07-09,3.9037,0.0636,2.0025,0.007946,0.1272,0.1908,0.1076,0.1556,10393.608689,343.714247,-0.000197,129.084311,-3.4e-05
2019-07-10,3.972,1.7481,2.0028,0.007948,3.4963,5.2444,3.4766,5.2092,10575.303853,355.731481,-0.000207,133.572098,-3.5e-05
2019-07-11,4.1263,3.886,2.0031,0.007949,7.7721,11.6581,7.7524,11.6228,10986.262902,383.379117,-0.000231,143.927137,-3.9e-05
2019-07-12,4.1593,0.7999,2.0035,0.00795,1.5997,2.3996,1.5801,2.3643,11074.138431,389.512165,-0.000237,146.201298,-4e-05
2019-07-15,4.1509,-0.2028,2.0044,0.007954,-0.4057,-0.6085,-0.4254,-0.6438,11051.674736,387.931928,-0.000235,145.579421,-4e-05
2019-07-16,4.1462,-0.1136,2.0048,0.007955,-0.2272,-0.3407,-0.2468,-0.376,11039.12254,387.050723,-0.000235,145.220107,-4e-05
2019-07-17,4.2115,1.5741,2.0051,0.007957,3.1482,4.7223,3.1285,4.687,11212.889266,399.235846,-0.000246,149.763369,-4.2e-05
2019-07-18,4.2231,0.2769,2.0054,0.007958,0.5538,0.8308,0.5342,0.7955,11243.940303,401.446996,-0.000248,150.563376,-4.2e-05
2019-07-19,4.1799,-1.0224,2.0058,0.007959,-2.0449,-3.0673,-2.0645,-3.1026,11128.978591,393.237946,-0.00024,147.454949,-4.1e-05
2019-07-22,4.2514,1.7098,2.0067,0.007963,3.4196,5.1294,3.3999,5.0941,11319.262366,406.685146,-0.000253,152.468328,-4.3e-05
2019-07-23,4.3591,2.5333,2.0071,0.007965,5.0665,7.5998,5.0468,7.5645,11606.007744,427.289861,-0.000272,160.163148,-4.6e-05
2019-07-24,4.4336,1.7079,2.0074,0.007966,3.4157,5.1236,3.396,5.0883,11804.221227,441.884821,-0.000286,165.602341,-4.9e-05
2019-07-25,4.3025,-2.9553,2.0077,0.007967,-5.9107,-8.866,-5.9304,-8.9013,11455.366157,415.766408,-0.00026,155.781531,-4.4e-05
2019-07-26,4.3445,0.9747,2.0081,0.007968,1.9495,2.9242,1.9298,2.8889,11567.026999,423.87175,-0.000268,158.787833,-4.6e-05
2019-07-29,4.3383,-0.1428,2.009,0.007972,-0.2855,-0.4283,-0.3052,-0.4636,11550.513758,422.6615,-0.000267,158.30321,-4.5e-05
2019-07-30,4.3539,0.3603,2.0094,0.007974,0.7207,1.081,0.701,1.0457,11592.13393,425.707468,-0.00027,159.41289,-4.6e-05
2019-07-31,4.1869,-3.8359,2.0097,0.007975,-7.6717,-11.5076,-7.6914,-11.5429,11147.476163,393.048402,-0.000239,147.151812,-4e-05
2019-08-01,4.0926,-2.2522,2.01,0.007976,-4.5045,-6.7567,-4.5242,-6.792,10896.408121,375.343606,-0.000223,140.494421,-3.8e-05
2019-08-02,4.0,-2.2617,2.0104,0.007978,-4.5234,-6.7851,-4.5431,-6.8205,10649.962568,358.365211,-0.000207,134.111603,-3.5e-05
2019-08-05,3.7419,-6.452,2.0113,0.007982,-12.904,-19.356,-12.9237,-19.3913,9962.82664,312.121741,-0.000167,116.779429,-2.8e-05
2019-08-06,3.7807,1.0345,2.0117,0.007983,2.0691,3.1036,2.0494,3.0683,10065.896331,318.579806,-0.000172,119.172703,-2.9e-05
2019-08-07,3.8189,1.0108,2.012,0.007984,2.0217,3.0325,2.002,2.9972,10167.646943,325.020502,-0.000178,121.55854,-3e-05
2019-08-08,3.9273,2.8397,2.0123,0.007985,5.6794,8.5191,5.6597,8.4838,10456.377286,343.479696,-0.000193,128.43839,-3.3e-05
2019-08-09,3.8261,-2.5781,2.0127,0.007987,-5.1561,-7.7342,-5.1758,-7.7695,10186.806594,325.769536,-0.000178,121.790684,-3e-05
2019-08-12,3.7583,-1.7707,2.0136,0.007991,-3.5413,-5.312,-3.561,-5.3473,10006.433683,314.233045,-0.000168,117.453716,-2.8e-05
2019-08-13,3.8725,3.0373,2.014,0.007992,6.0746,9.1119,6.0549,9.0766,10310.360092,333.321508,-0.000184,124.565446,-3.1e-05
2019-08-14,3.7241,-3.8321,2.0143,0.007993,-7.6642,-11.4963,-7.6839,-11.5317,9915.256014,307.775031,-0.000163,114.993944,-2.7e-05
2019-08-15,3.6918,-0.8663,2.0146,0.007995,-1.7325,-2.5988,-1.7522,-2.6342,9829.363547,302.442732,-0.000158,112.978983,-2.7e-05
2019-08-16,3.9596,7.2528,2.015,0.007996,14.5056,21.7584,14.4859,21.7231,10542.268484,346.313918,-0.000193,129.345022,-3.3e-05
2019-08-19,4.238,7.0319,2.0159,0.008,14.0637,21.0956,14.044,21.0602,11283.586301,395.018554,-0.000234,147.510262,-3.9e-05
2019-08-20,4.1658,-1.704,2.0163,0.008001,-3.4079,-5.1119,-3.4277,-5.1473,11091.316924,381.556527,-0.000222,142.454118,-3.7e-05
2019-08-21,4.2492,2.0016,2.0166,0.008002,4.0032,6.0048,3.9835,5.9694,11313.319529,396.830916,-0.000235,148.128735,-4e-05
2019-08-22,4.2554,0.146,2.0169,0.008004,0.292,0.438,0.2723,0.4026,11329.83531,397.989545,-0.000236,148.532031,-4e-05
2019-08-23,4.031,-5.2718,2.0173,0.008005,-10.5435,-15.8153,-10.5632,-15.8506,10732.554164,356.027479,-0.000199,132.842264,-3.4e-05
2019-08-26,4.1057,1.853,2.0182,0.008009,3.7059,5.5589,3.6862,5.5235,10931.425282,369.221651,-0.00021,137.739131,-3.5e-05
2019-08-27,4.0152,-2.2061,2.0186,0.00801,-4.4121,-6.6182,-4.4319,-6.6536,10690.270009,352.931049,-0.000196,131.634721,-3.3e-05
2019-08-28,4.0047,-0.2598,2.0189,0.008012,-0.5196,-0.7795,-0.5394,-0.8149,10662.494451,351.097072,-0.000194,130.924736,-3.3e-05
2019-08-29,4.1483,3.5851,2.0192,0.008013,7.1703,10.7554,7.1506,10.72,11044.759411,376.271689,-0.000215,140.286579,-3.6e-05
2019-08-30,4.161,0.3054,2.0196,0.008014,0.6107,0.9161,0.591,0.8807,11078.485424,378.569637,-0.000217,141.115666,-3.7e-05
2019-09-03,4.078,-1.9939,2.0209,0.008019,-3.9878,-5.9817,-4.0075,-6.0171,10857.59115,363.473013,-0.000204,135.46041,-3.4e-05
2019-09-04,4.192,2.7959,2.0212,0.008021,5.5917,8.3876,5.572,8.3522,11161.155733,383.797509,-0.000221,143.008293,-3.7e-05
2019-09-05,4.4648,6.5063,2.0215,0.008022,13.0126,19.5189,12.9929,19.4835,11887.333345,433.739498,-0.000265,161.58916,-4.4e-05
2019-09-06,4.4377,-0.6064,2.0219,0.008023,-1.2129,-1.8193,-1.2326,-1.8547,11815.243596,428.478744,-0.00026,159.597391,-4.4e-05
2019-09-09,4.4837,1.0356,2.0228,0.008027,2.0711,3.1067,2.0514,3.0713,11937.59799,437.353086,-0.000268,162.871362,-4.5e-05
2019-09-10,4.5502,1.4848,2.0232,0.008028,2.9695,4.4543,2.9498,4.4188,12114.842056,450.340328,-0.00028,167.675701,-4.7e-05
2019-09-11,4.5788,0.6278,2.0235,0.00803,1.2557,1.8835,1.2359,1.8481,12190.903006,455.995097,-0.000285,169.748054,-4.8e-05
2019-09-12,4.5773,-0.0326,2.0238,0.008031,-0.0652,-0.0978,-0.0849,-0.1332,12186.930535,455.69792,-0.000285,169.603924,-4.8e-05
2019-09-13,4.5194,-1.2645,2.0242,0.008032,-2.5289,-3.7934,-2.5487,-3.8288,12032.831921,444.173702,-0.000274,165.281305,-4.6e-05
2019-09-16,4.4764,-0.9508,2.0252,0.008036,-1.9017,-2.8525,-1.9214,-2.888,11918.418661,435.726919,-0.000266,162.105545,-4.5e-05
2019-09-17,4.4978,0.4772,2.0255,0.008038,0.9545,1.4317,0.9347,1.3962,11975.296473,439.885725,-0.00027,163.620759,-4.5e-05
2019-09-18,4.4707,-0.602,2.0258,0.008039,-1.2039,-1.8059,-1.2237,-1.8413,11903.210533,434.589894,-0.000265,161.618604,-4.4e-05
2019-09-19,4.3952,-1.6891,2.0261,0.00804,-3.3783,-5.0674,-3.398,-5.1028,11702.149414,419.908286,-0.000252,156.126782,-4.2e-05
2019-09-20,4.2896,-2.4019,2.0265,0.008042,-4.8038,-7.2058,-4.8236,-7.2412,11421.072648,399.736528,-0.000233,148.595856,-3.9e-05
2019-09-23,4.3431,1.245,2.0275,0.008045,2.49,3.735,2.4703,3.6996,11563.266545,409.690076,-0.000242,152.266583,-4.1e-05
2019-09-24,4.2857,-1.3212,2.0278,0.008047,-2.6425,-3.9637,-2.6622,-3.9991,11410.489548,398.864204,-0.000233,148.212931,-3.9e-05
2019-09-25,4.4273,3.3038,2.0281,0.008048,6.6076,9.9113,6.5878,9.8759,11787.466768,425.219378,-0.000256,157.976904,-4.3e-05
2019-09-26,4.4052,-0.4993,2.0284,0.008049,-0.9987,-1.498,-1.0184,-1.5335,11728.608433,420.972884,-0.000252,156.368043,-4.2e-05
2019-09-27,4.2665,-3.1465,2.0288,0.008051,-6.293,-9.4395,-6.3128,-9.475,11359.565999,394.480933,-0.000228,146.496861,-3.8e-05
2019-09-30,4.3239,1.3449,2.0298,0.008055,2.6898,4.0348,2.6701,3.9993,11512.342995,405.091834,-0.000237,150.408441,-4e-05
2019-10-01,4.3222,-0.0402,2.0301,0.008056,-0.0805,-0.1207,-0.1002,-0.1562,11507.71162,404.7659,-0.000237,150.2577,-4e-05
2019-10-02,4.2983,-0.5517,2.0304,0.008057,-1.1035,-1.6552,-1.1232,-1.6907,11444.220639,400.299506,-0.000233,148.569983,-3.9e-05
2019-10-03,4.5038,4.7793,2.0307,0.008058,9.5585,14.3378,9.5388,14.3023,11991.169853,438.562226,-0.000266,162.741714,-4.4e-05
2019-10-04,4.5202,0.364,2.0311,0.00806,0.728,1.092,0.7083,1.0565,12034.818791,441.755038,-0.000269,163.894336,-4.5e-05
2019-10-07,4.5788,1.2969,2.0321,0.008064,2.5939,3.8908,2.5741,3.8553,12190.903006,453.213621,-0.00028,168.113152,-4.7e-05
2019-10-08,4.4024,-3.8518,2.0324,0.008065,-7.7036,-11.5554,-7.7234,-11.5909,11721.333822,418.299858,-0.000248,155.129149,-4.1e-05
2019-10-09,4.4889,1.9635,2.0327,0.008066,3.927,5.8905,3.9072,5.855,11951.48323,434.726566,-0.000262,161.190424,-4.4e-05
2019-10-10,4.5465,1.2838,2.033,0.008068,2.5677,3.8515,2.5479,3.816,12104.92167,445.888991,-0.000272,165.297419,-4.5e-05
2019-10-11,4.62,1.6172,2.0334,0.008069,3.2344,4.8516,3.2146,4.8161,12300.683621,460.31091,-0.000285,170.611142,-4.8e-05
2019-10-14,4.6334,0.2904,2.0344,0.008073,0.5807,0.8711,0.5609,0.8356,12336.400313,462.984059,-0.000288,171.568182,-4.8e-05
2019-10-15,4.8779,5.2753,2.0347,0.008074,10.5506,15.8259,10.5308,15.7904,12987.180957,511.831544,-0.000333,189.635676,-5.6e-05
2019-10-16,4.8242,-1.1,2.035,0.008075,-2.2,-3.3,-2.2198,-3.3355,12844.323077,500.571338,-0.000322,185.42621,-5.4e-05
2019-10-17,4.8262,0.0412,2.0353,0.008077,0.0824,0.1237,0.0627,0.0881,12849.617166,500.983982,-0.000323,185.542383,-5.4e-05
2019-10-18,4.7318,-1.9559,2.0357,0.008078,-3.9117,-5.8676,-3.9315,-5.9031,12598.296481,481.386879,-0.000304,178.247771,-5.1e-05
2019-10-21,4.8689,2.8978,2.0367,0.008082,5.7956,8.6934,5.7758,8.6579,12963.370253,509.286162,-0.00033,188.543036,-5.5e-05
2019-10-22,4.859,-0.204,2.037,0.008083,-0.4081,-0.6121,-0.4279,-0.6477,12936.918851,507.207793,-0.000328,187.73629,-5.5e-05
2019-10-23,4.8461,-0.2658,2.0373,0.008085,-0.5317,-0.7975,-0.5514,-0.833,12902.528856,504.511189,-0.000326,186.701023,-5.4e-05
2019-10-24,4.89,0.9073,2.0376,0.008086,1.8146,2.7219,1.7948,2.6863,13019.5917,513.665909,-0.000335,190.051895,-5.6e-05
2019-10-25,5.0808,3.9012,2.038,0.008087,7.8024,11.7036,7.7826,11.6681,13527.511925,553.744171,-0.000374,204.842884,-6.2e-05
2019-10-28,5.1367,1.1001,2.039,0.008091,2.2001,3.3002,2.1803,3.2646,13676.321529,565.927113,-0.000386,209.309085,-6.4e-05
2019-10-29,5.0406,-1.8715,2.0393,0.008092,-3.7429,-5.6144,-3.7627,-5.65,13420.373276,544.744801,-0.000364,201.433331,-6e-05
2019-10-30,5.0426,0.0394,2.0396,0.008094,0.0789,0.1183,0.0591,0.0828,13425.666095,545.174482,-0.000365,201.552332,-6.1e-05
2019-10-31,4.9934,-0.9754,2.0399,0.008095,-1.9508,-2.9262,-1.9706,-2.9617,13294.714203,534.539385,-0.000354,197.580601,-5.9e-05
2019-11-01,5.0324,0.781,2.0403,0.008096,1.562,2.343,1.5422,2.3075,13398.546903,542.888969,-0.000362,200.627713,-6e-05
2019-11-04,5.2289,3.9045,2.0413,0.0081,7.8089,11.7134,7.7891,11.6778,13921.686682,585.282643,-0.000405,216.254799,-6.7e-05
2019-11-05,5.2067,-0.4228,2.0416,0.008102,-0.8456,-1.2684,-0.8654,-1.304,13862.824538,580.333388,-0.0004,214.383274,-6.6e-05
2019-11-06,5.1576,-0.9446,2.0419,0.008103,-1.8892,-2.8338,-1.909,-2.8693,13731.877723,569.369849,-0.000388,210.290722,-6.4e-05
2019-11-07,5.1752,0.342,2.0422,0.008104,0.6839,1.0259,0.6641,0.9903,13778.83388,573.263769,-0.000392,211.687241,-6.5e-05
2019-11-08,5.1613,-0.2688,2.0426,0.008105,-0.5376,-0.8064,-0.5574,-0.842,13741.795571,570.181836,-0.000389,210.507246,-6.4e-05
2019-11-11,5.1712,0.1925,2.0436,0.008109,0.3851,0.5776,0.3652,0.542,13768.25205,572.377329,-0.000391,211.276094,-6.5e-05
2019-11-12,5.2067,0.6869,2.0439,0.008111,1.3738,2.0607,1.354,2.0251,13862.824538,580.240512,-0.0004,214.136686,-6.6e-05
2019-11-13,5.1809,-0.4961,2.0442,0.008112,-0.9923,-1.4884,-1.0121,-1.524,13794.047086,574.483033,-0.000394,211.96946,-6.5e-05
2019-11-14,5.2112,0.5849,2.0445,0.008113,1.1698,1.7547,1.15,1.7192,13874.730525,581.203507,-0.0004,214.407131,-6.6e-05
2019-11-15,5.0721,-2.6693,2.0449,0.008115,-5.3386,-8.008,-5.3585,-8.0436,13504.369012,550.175097,-0.000368,202.918191,-6.1e-05
2019-11-18,5.2731,3.962,2.0459,0.008119,7.9239,11.8859,7.9041,11.8503,14039.405891,593.770465,-0.000412,218.957013,-6.8e-05
2019-11-19,5.1665,-2.0209,2.0462,0.00812,-4.0418,-6.0627,-4.0616,-6.0983,13755.684619,569.771542,-0.000387,210.063832,-6.4e-05
2019-11-20,5.2457,1.5337,2.0465,0.008121,3.0674,4.6011,3.0476,4.5655,13966.654698,587.248643,-0.000405,216.465653,-6.7e-05
2019-11-21,5.2209,-0.4735,2.0468,0.008122,-0.947,-1.4205,-0.9668,-1.4561,13900.521752,581.687328,-0.000399,214.372775,-6.6e-05
2019-11-22,5.2385,0.3378,2.0472,0.008124,0.6756,1.0135,0.6558,0.9778,13947.480448,585.617437,-0.000403,215.778652,-6.6e-05
2019-11-25,5.4949,4.8935,2.0482,0.008128,9.7871,14.6806,9.7672,14.645,14630.005312,642.932227,-0.000463,236.854263,-7.6e-05
2019-11-26,5.3903,-1.9031,2.0485,0.008129,-3.8063,-5.7094,-3.8261,-5.745,14351.575591,618.460406,-0.000436,227.791938,-7.2e-05
2019-11-27,5.4251,0.6456,2.0488,0.00813,1.2912,1.9369,1.2714,1.9012,14444.232304,626.44622,-0.000445,230.688095,-7.3e-05
2019-11-29,5.3878,-0.6873,2.0495,0.008133,-1.3747,-2.062,-1.3945,-2.0976,14344.952266,617.834671,-0.000435,227.471135,-7.2e-05
2019-12-02,5.2016,-3.4557,2.0505,0.008137,-6.9115,-10.3672,-6.9313,-10.4028,13849.228759,575.133216,-0.00039,211.704399,-6.4e-05
2019-12-03,5.1621,-0.7598,2.0508,0.008138,-1.5197,-2.2795,-1.5395,-2.3152,13743.995728,566.392944,-0.000381,208.445126,-6.3e-05
2019-12-04,5.2059,0.8475,2.0511,0.008139,1.695,2.5425,1.6752,2.5069,13860.47838,575.993493,-0.000391,211.936973,-6.4e-05
2019-12-05,5.189,-0.3247,2.0515,0.008141,-0.6494,-0.9741,-0.6693,-1.0098,13815.472276,572.252897,-0.000387,210.518557,-6.4e-05
2019-12-06,5.2742,1.6432,2.0518,0.008142,3.2864,4.9296,3.2666,4.894,14042.488396,591.05944,-0.000406,217.395263,-6.7e-05
2019-12-09,5.2742,0.0,2.0528,0.008146,0.0,0.0,-0.0199,-0.0357,14042.488396,591.05944,-0.000406,217.352105,-6.7e-05
2019-12-10,5.3192,0.8531,2.0531,0.008147,1.7062,2.5593,1.6864,2.5237,14162.285885,601.144182,-0.000417,221.017446,-6.8e-05
2019-12-11,5.4027,1.5702,2.0534,0.008149,3.1405,4.7107,3.1206,4.675,14384.66682,620.022915,-0.000436,227.914542,-7.2e-05
2019-12-12,5.57,3.0965,2.0538,0.00815,6.193,9.2895,6.1732,9.2539,14830.088866,658.421006,-0.000477,241.984061,-7.8e-05
2019-12-13,5.5681,-0.0357,2.0541,0.008151,-0.0714,-0.1071,-0.0913,-0.1428,14824.793507,657.950803,-0.000476,241.7632,-7.8e-05
2019-12-16,5.5969,0.5179,2.0551,0.008155,1.0358,1.5537,1.0159,1.518,14901.570492,664.765802,-0.000484,244.219345,-7.9e-05
2019-12-17,5.6749,1.3946,2.0554,0.008156,2.7893,4.1839,2.7694,4.1482,15109.392049,683.30783,-0.000504,250.982742,-8.3e-05
2019-12-18,5.7053,0.5344,2.0557,0.008158,1.0688,1.6033,1.049,1.5676,15190.140235,690.611349,-0.000512,253.61551,-8.4e-05
2019-12-19,5.8532,2.5925,2.0561,0.008159,5.1849,7.7774,5.165,7.7417,15583.937931,726.418939,-0.000552,266.714869,-9e-05
2019-12-20,5.9504,1.6606,2.0564,0.00816,3.3212,4.9818,3.3013,4.9461,15842.722393,750.54454,-0.000579,275.519934,-9.5e-05
2019-12-23,5.9367,-0.2298,2.0574,0.008164,-0.4596,-0.6893,-0.4794,-0.725,15806.318866,747.095326,-0.000575,274.199003,-9.4e-05
2019-12-24,5.9317,-0.0838,2.0577,0.008165,-0.1675,-0.2513,-0.1874,-0.287,15793.078566,745.843705,-0.000574,273.685144,-9.4e-05
2019-12-26,5.9459,0.2389,2.0584,0.008168,0.4778,0.7168,0.458,0.6811,15830.811328,749.407638,-0.000578,274.938526,-9.5e-05
2019-12-27,5.8882,-0.97,2.0587,0.008169,-1.9399,-2.9099,-1.9598,-2.9456,15677.257357,734.869594,-0.000561,269.550243,-9.2e-05
2019-12-30,5.7751,-1.9209,2.0597,0.008173,-3.8417,-5.7626,-3.8616,-5.7983,15376.120183,706.638055,-0.000529,259.141325,-8.6e-05
2019-12-31,5.8492,1.2827,2.06,0.008175,2.5654,3.8481,2.5455,3.8124,15573.351023,724.766271,-0.000549,265.737863,-9e-05
2020-01-02,5.9638,1.9592,2.0507,0.008138,3.9184,5.8776,3.8985,5.8419,15878.463207,753.165428,-0.000582,276.097771,-9.5e-05
2020-01-03,5.8683,-1.6006,2.046,0.008119,-3.2012,-4.8018,-3.221,-4.8374,15624.31139,729.054989,-0.000554,267.204553,-9e-05
2020-01-06,5.893,0.4193,2.032,0.008063,0.8387,1.258,0.8189,1.2225,15689.829866,735.169379,-0.000561,269.392701,-9.2e-05
2020-01-07,5.9643,1.2107,2.0273,0.008045,2.4214,3.6322,2.4017,3.5967,15879.789903,752.971077,-0.000581,275.86268,-9.5e-05
2020-01-08,5.9755,0.1875,2.0226,0.008026,0.3751,0.5626,0.3554,0.5272,15909.571375,755.79537,-0.000584,276.842968,-9.5e-05
2020-01-09,6.0411,1.0982,2.018,0.008008,2.1965,3.2947,2.1768,3.2593,16084.296623,772.396261,-0.000604,282.869191,-9.8e-05
2020-01-10,6.0734,0.5349,2.0133,0.007989,1.0699,1.6048,1.0502,1.5695,16170.338899,780.660064,-0.000613,285.839872,-0.0001
2020-01-13,6.2638,3.1352,1.9993,0.007934,6.2705,9.4057,6.2508,9.3705,16677.318376,829.61125,-0.000671,303.707284,-0.000109
2020-01-14,6.147,-1.8652,1.9946,0.007915,-3.7305,-5.5957,-3.7501,-5.6309,16366.245581,798.66269,-0.000633,292.317925,-0.000103
2020-01-15,6.1045,-0.6915,1.9899,0.007897,-1.3831,-2.0746,-1.4027,-2.1098,16253.066338,787.616536,-0.00062,288.217628,-0.000101
2020-01-16,6.188,1.3683,1.9852,0.007878,2.7365,4.1048,2.7169,4.0696,16475.449813,809.169749,-0.000646,296.048289,-0.000105
2020-01-17,6.1967,0.1406,1.9806,0.007859,0.2812,0.4218,0.2616,0.3867,16498.615578,811.445261,-0.000648,296.822899,-0.000106
2020-01-21,6.1634,-0.5375,1.9619,0.007785,-1.0751,-1.6126,-1.0946,-1.6475,16409.930067,802.721688,-0.000638,293.574001,-0.000104
2020-01-22,6.2174,0.8752,1.9572,0.007767,1.7504,2.6256,1.7309,2.5907,16553.550955,816.772644,-0.000655,298.655595,-0.000106
2020-01-23,6.2857,1.0995,1.9525,0.007748,2.199,3.2985,2.1795,3.2636,16735.555893,834.73334,-0.000676,305.16488,-0.00011
2020-01-24,6.2266,-0.9412,1.9479,0.00773,-1.8824,-2.8236,-1.9019,-2.8585,16578.038339,819.02007,-0.000657,299.361054,-0.000107
2020-01-27,5.971,-4.1041,1.9339,0.007674,-8.2082,-12.3123,-8.2276,-12.3471,15897.656501,751.793011,-0.000576,274.73079,-9.4e-05
2020-01-28,6.1642,3.2348,1.9292,0.007655,6.4696,9.7044,6.4502,9.6697,16411.914398,800.43106,-0.000632,292.451597,-0.000103
2020-01-29,6.1038,-0.98,1.9245,0.007637,-1.9599,-2.9399,-1.9793,-2.9745,16251.084546,784.743285,-0.000614,286.663223,-0.0001
2020-01-30,6.1105,0.1099,1.9198,0.007618,0.2199,0.3298,0.2006,0.2952,16268.951144,786.468793,-0.000616,287.238146,-0.0001
2020-01-31,5.8773,-3.8159,1.9152,0.0076,-7.6319,-11.4478,-7.6512,-11.4824,15648.137329,726.4464,-0.000545,265.261007,-8.8e-05
2020-02-03,5.9742,1.6495,1.9011,0.007544,3.2991,4.9486,3.2798,4.9141,15906.257808,750.41228,-0.000572,273.961054,-9.3e-05
2020-02-04,6.1433,2.8295,1.8965,0.007526,5.6589,8.4884,5.6397,8.454,16356.320116,792.877615,-0.000621,289.411641,-0.000101
2020-02-05,6.2335,1.4689,1.8918,0.007507,2.9377,4.4066,2.9185,4.3722,16596.570189,816.170007,-0.000648,297.85809,-0.000105
2020-02-06,6.3203,1.3918,1.8871,0.007489,2.7835,4.1753,2.7643,4.1409,16827.553702,838.888172,-0.000675,306.091823,-0.000109
2020-02-07,6.2542,-1.0462,1.8825,0.00747,-2.0924,-3.1386,-2.1116,-3.1729,16651.504296,821.335322,-0.000654,299.628477,-0.000106
2020-02-10,6.537,4.5232,1.8684,0.007414,9.0465,13.5697,9.0274,13.5355,17404.691918,895.63727,-0.000743,326.67702,-0.00012
2020-02-11,6.6593,1.8709,1.8638,0.007396,3.7418,5.6128,3.7227,5.5786,17730.320284,929.150635,-0.000784,338.838367,-0.000127
2020-02-12,6.7749,1.7358,1.8591,0.007377,3.4716,5.2074,3.4525,5.1733,18038.082051,961.40691,-0.000825,350.536774,-0.000134
2020-02-13,6.7312,-0.6458,1.8544,0.007359,-1.2916,-1.9374,-1.3107,-1.9715,17921.593051,948.989478,-0.000809,345.942447,-0.000131
2020-02-14,7.2037,7.0205,1.8498,0.00734,14.0409,21.0614,14.0219,21.0273,19179.77201,1082.236404,-0.00098,394.450085,-0.000158
2020-02-18,7.3723,2.3396,1.8311,0.007266,4.6793,7.0189,4.6603,6.985,19628.508891,1132.877192,-0.001048,412.832642,-0.000169
2020-02-19,7.823,6.1132,1.8264,0.007248,12.2264,18.3396,12.2075,18.3058,20828.441445,1271.387584,-0.001241,463.229071,-0.0002
2020-02-20,7.6738,-1.9066,1.8217,0.007229,-3.8131,-5.7197,-3.8321,-5.7535,20431.335262,1222.908116,-0.00117,445.477901,-0.000189
2020-02-21,7.3101,-4.7392,1.817,0.007211,-9.4785,-14.2177,-9.4974,-14.2515,19463.045125,1106.995,-0.001003,403.169091,-0.000162
2020-02-24,6.7933,-7.0697,1.803,0.007155,-14.1395,-21.2092,-14.1583,-21.2429,18087.059357,950.471768,-0.000791,346.087073,-0.000128
2020-02-25,6.5142,-4.1094,1.7984,0.007136,-8.2187,-12.3281,-8.2375,-12.3617,17343.798469,872.355312,-0.000693,317.577991,-0.000112
2020-02-26,6.6534,2.137,1.7937,0.007118,4.274,6.411,4.2552,6.3774,17714.434208,909.639654,-0.000738,331.091448,-0.000119
2020-02-27,6.283,-5.5666,1.789,0.007099,-11.1331,-16.6997,-11.1519,-16.7332,16728.351108,808.368535,-0.000614,294.168432,-9.9e-05
2020-02-28,6.7176,6.9161,1.7843,0.007081,13.8321,20.7482,13.8133,20.7146,17885.293629,920.183013,-0.000742,334.802887,-0.00012
2020-03-02,6.8757,2.355,1.7703,0.007025,4.7099,7.0649,4.6912,7.0315,18306.486013,963.522987,-0.000794,350.509155,-0.000128
2020-03-03,6.6136,-3.8129,1.7657,0.007007,-7.6258,-11.4387,-7.6445,-11.4721,17608.478794,890.046734,-0.000703,323.714467,-0.000113
2020-03-04,7.0767,7.0029,1.761,0.006988,14.0058,21.0087,13.9871,20.9753,18841.580022,1014.704603,-0.000851,368.992644,-0.000137
2020-03-05,6.7976,-3.9436,1.7563,0.006969,-7.8873,-11.8309,-7.906,-11.8642,18098.534961,934.671905,-0.00075,339.82021,-0.000121
2020-03-06,6.6173,-2.6528,1.7516,0.006951,-5.3057,-7.9585,-5.3243,-7.9918,17618.409337,885.081158,-0.000691,321.727019,-0.000111
2020-03-09,6.1049,-7.7432,1.7376,0.006895,-15.4864,-23.2296,-15.505,-23.2627,16254.181017,748.013985,-0.00053,271.843252,-8.5e-05
2020-03-10,6.4939,6.3722,1.733,0.006877,12.7444,19.1166,12.7258,19.0835,17289.932066,843.344075,-0.000632,306.437598,-0.000102
2020-03-11,6.1305,-5.596,1.7283,0.006858,-11.1919,-16.7879,-11.2105,-16.821,16322.392243,748.957472,-0.000526,272.084382,-8.4e-05
2020-03-12,5.3804,-12.2368,1.7236,0.00684,-24.4735,-36.7103,-24.4921,-36.7434,14325.058172,565.661022,-0.000333,205.445225,-5.3e-05
2020-03-13,5.9905,11.3402,1.7189,0.006821,22.6804,34.0206,22.6619,33.9876,15949.549998,693.955329,-0.000446,252.003006,-7.2e-05
2020-03-16,4.8851,-18.4521,1.7049,0.006766,-36.9042,-55.3563,-36.9227,-55.3892,13006.52279,437.856641,-0.000199,158.956753,-3.2e-05
2020-03-17,5.4042,10.6263,1.7002,0.006747,21.2525,31.8788,21.2341,31.8459,14388.630404,530.912257,-0.000262,192.709753,-4.2e-05
2020-03-18,5.0448,-6.6507,1.6956,0.006728,-13.3014,-19.9521,-13.3198,-19.9849,13431.687646,460.293633,-0.00021,167.041183,-3.4e-05
2020-03-19,5.2973,5.0044,1.6909,0.00671,10.0089,15.0133,9.9905,14.9805,14103.868089,506.36385,-0.000242,183.729364,-3.9e-05
2020-03-20,5.1177,-3.3902,1.6862,0.006691,-6.7803,-10.1705,-6.7987,-10.2032,13625.724257,472.030751,-0.000217,171.23812,-3.5e-05
2020-03-23,5.2903,3.373,1.6722,0.006636,6.7461,10.1191,6.7277,10.0864,14085.323543,503.874195,-0.000239,182.758525,-3.8e-05
2020-03-24,6.1979,17.1564,1.6675,0.006617,34.3128,51.4692,34.2945,51.4366,16501.859319,676.767635,-0.000362,245.434639,-5.8e-05
2020-03-25,6.1094,-1.4286,1.6629,0.006599,-2.8573,-4.2859,-2.8756,-4.3185,16266.106048,657.430397,-0.000347,238.376924,-5.5e-05
2020-03-26,6.3984,4.7309,1.6582,0.00658,9.4617,14.1926,9.4435,14.1601,17035.634249,719.634742,-0.000396,260.887934,-6.3e-05
2020-03-27,6.2862,-1.7532,1.6535,0.006562,-3.5065,-5.2597,-3.5247,-5.2922,16736.958763,694.400899,-0.000375,251.692294,-6e-05
2020-03-30,6.6061,5.0884,1.6395,0.006506,10.1769,15.2653,10.1587,15.233,17588.610091,765.069347,-0.000432,277.260915,-6.9e-05
2020-03-31,6.5566,-0.7493,1.6348,0.006487,-1.4986,-2.2479,-1.5168,-2.2802,17456.820285,753.604161,-0.000422,273.05549,-6.8e-05
2020-04-01,6.046,-7.7883,1.6302,0.006469,-15.5766,-23.3649,-15.5948,-23.3972,16097.229689,636.218164,-0.000324,230.473067,-5.2e-05
2020-04-02,6.3544,5.1014,1.6255,0.00645,10.2028,15.3042,10.1846,15.2719,16918.413979,701.130248,-0.000373,253.945933,-6e-05
2020-04-03,6.0669,-4.525,1.6208,0.006432,-9.05,-13.575,-9.0681,-13.6072,16152.855709,637.677957,-0.000323,230.917764,-5.2e-05
2020-04-06,6.676,10.0406,1.6068,0.006376,20.0812,30.1218,20.0631,30.0897,17774.701761,765.731534,-0.00042,277.247135,-6.7e-05
2020-04-07,6.4429,-3.4911,1.6021,0.006358,-6.9821,-10.4732,-7.0002,-10.5053,17154.174868,712.26712,-0.000376,257.839282,-6e-05
2020-04-08,6.6399,3.0576,1.5975,0.006339,6.1151,9.1727,6.0971,9.1407,17678.675621,755.823239,-0.00041,273.559982,-6.5e-05
2020-04-09,6.5405,-1.4984,1.5928,0.006321,-2.9968,-4.4953,-3.0149,-4.5273,17413.774391,733.17239,-0.000392,265.3125,-6.3e-05
2020-04-13,6.7121,2.6241,1.5741,0.006246,5.2481,7.8722,5.2302,7.8403,17870.722823,771.650203,-0.000423,279.188804,-6.7e-05
2020-04-14,7.0628,5.2251,1.5694,0.006228,10.4503,15.6754,10.4323,15.6436,18804.493469,852.28984,-0.000489,308.314757,-7.8e-05
2020-04-15,6.9854,-1.0953,1.5648,0.006209,-2.1906,-3.2858,-2.2085,-3.3176,18598.531827,833.619939,-0.000473,301.505707,-7.5e-05
2020-04-16,7.3302,4.9352,1.5601,0.006191,9.8704,14.8056,9.8525,14.7739,19516.40878,915.90176,-0.000543,331.211637,-8.7e-05
2020-04-17,7.271,-0.8076,1.5554,0.006172,-1.6152,-2.4228,-1.6331,-2.4545,19358.794738,901.108159,-0.00053,325.802707,-8.4e-05
2020-04-20,7.1399,-1.8028,1.5414,0.006117,-3.6056,-5.4085,-3.6235,-5.4401,19009.789859,868.617382,-0.000501,313.997344,-8e-05
2020-04-21,6.7036,-6.1104,1.5367,0.006098,-12.2209,-18.3313,-12.2387,-18.3629,17848.209615,762.464837,-0.000409,275.568252,-6.5e-05
2020-04-22,7.1175,6.1742,1.532,0.00608,12.3483,18.5225,12.3305,18.4909,18950.185019,856.616297,-0.000485,309.547239,-7.7e-05
2020-04-23,7.0643,-0.7479,1.5274,0.006061,-1.4957,-2.2436,-1.5135,-2.275,18808.46594,843.803876,-0.000474,304.862339,-7.5e-05
2020-04-24,7.2031,1.9647,1.5227,0.006042,3.9295,5.8942,3.9117,5.8627,19178.000966,876.960763,-0.000502,316.787655,-8e-05
2020-04-27,7.3894,2.5864,1.5087,0.005987,5.1728,7.7592,5.1551,7.7279,19674.020282,922.324143,-0.000541,333.11838,-8.6e-05
2020-04-28,7.2471,-1.9254,1.504,0.005968,-3.8508,-5.7762,-3.8685,-5.8075,19295.217427,886.807354,-0.00051,320.231805,-8.1e-05
2020-04-29,7.4237,2.4369,1.4993,0.00595,4.8737,7.3106,4.8561,7.2793,19765.413777,930.027761,-0.000547,335.78243,-8.7e-05
2020-04-30,7.27,-2.0706,1.4947,0.005931,-4.1413,-6.2119,-4.1589,-6.2431,19356.143885,891.512771,-0.000513,321.817538,-8.2e-05
2020-05-01,7.0337,-3.2503,1.49,0.005913,-6.5006,-9.7509,-6.5182,-9.7821,18727.010605,833.559042,-0.000463,300.840748,-7.4e-05
2020-05-04,7.2454,3.0094,1.476,0.005857,6.0188,9.0282,6.0012,8.9971,19290.579704,883.729155,-0.000505,318.894863,-8e-05
2020-05-05,7.3063,0.8411,1.4713,0.005839,1.6822,2.5233,1.6647,2.4923,19452.832738,898.595244,-0.000518,324.203362,-8.2e-05
2020-05-06,7.407,1.3788,1.4666,0.00582,2.7575,4.1363,2.74,4.1053,19721.039917,923.374123,-0.000539,333.08649,-8.6e-05
2020-05-07,7.5831,2.3775,1.462,0.005801,4.755,7.1326,4.7375,7.1016,20189.91211,967.280981,-0.000578,348.866588,-9.2e-05
2020-05-08,7.7729,2.5027,1.4573,0.005783,5.0054,7.5081,4.9879,7.4772,20695.205604,1015.697317,-0.000621,366.267761,-9.8e-05
2020-05-11,8.0246,3.2384,1.4433,0.005727,6.4768,9.7152,6.4594,9.6844,21365.399177,1081.482005,-0.000681,389.926339,-0.000108
2020-05-12,7.763,-3.2608,1.4386,0.005709,-6.5216,-9.7824,-6.539,-9.8132,20668.716116,1010.952062,-0.000615,364.428992,-9.7e-05
2020-05-13,7.7406,-0.2884,1.4339,0.00569,-0.5767,-0.8651,-0.5941,-0.8958,20609.116355,1005.121753,-0.000609,362.263878,-9.7e-05
2020-05-14,7.9898,3.2198,1.4293,0.005672,6.4396,9.6594,6.4222,9.6287,21272.689142,1069.847618,-0.000668,385.529285,-0.000106
2020-05-15,8.4477,5.7313,1.4246,0.005653,11.4625,17.1938,11.4452,17.1631,22491.882278,1192.479116,-0.000783,429.653731,-0.000124
2020-05-18,8.7059,3.0563,1.4106,0.005598,6.1125,9.1688,6.0952,9.1382,23179.293701,1265.369749,-0.000855,455.842094,-0.000135
2020-05-19,8.7609,0.6314,1.4059,0.005579,1.2628,1.8942,1.2455,1.8637,23325.649234,1281.348999,-0.000871,461.519732,-0.000138
2020-05-20,8.9246,1.8682,1.4012,0.00556,3.7363,5.6045,3.7191,5.574,23761.412424,1329.224599,-0.00092,478.684005,-0.000146
2020-05-21,8.7308,-2.1711,1.3966,0.005542,-4.3422,-6.5134,-4.3595,-6.5438,23245.524404,1271.506562,-0.00086,457.815862,-0.000136
2020-05-22,8.9805,2.8603,1.3919,0.005523,5.7206,8.581,5.7034,8.5506,23910.421349,1344.244936,-0.000934,483.927001,-0.000148
2020-05-26,8.6736,-3.4178,1.3732,0.005449,-6.8357,-10.2535,-6.8529,-10.2838,23093.199373,1252.356425,-0.000838,450.764198,-0.000132
2020-05-27,8.4821,-2.2081,1.3685,0.005431,-4.4162,-6.6243,-4.4334,-6.6546,22583.275773,1197.049572,-0.000782,430.780198,-0.000124
2020-05-28,8.444,-0.4487,1.3639,0.005412,-0.8973,-1.346,-0.9144,-1.3762,22481.954274,1186.308273,-0.000772,426.841002,-0.000122
2020-05-29,8.8305,4.5775,1.3592,0.005394,9.1551,13.7326,9.138,13.7025,23511.076921,1294.915976,-0.000878,465.845731,-0.000139
2020-06-01,8.7616,-0.7802,1.3452,0.005338,-1.5605,-2.3407,-1.5775,-2.3708,23327.634835,1274.709153,-0.000857,458.496931,-0.000135
2020-06-02,8.7805,0.2157,1.3405,0.005319,0.4315,0.6472,0.4145,0.6172,23377.962958,1280.209387,-0.000863,460.397233,-0.000136
2020-06-03,8.7251,-0.6317,1.3358,0.005301,-1.2634,-1.895,-1.2804,-1.925,23230.289616,1264.035796,-0.000846,454.50248,-0.000134
2020-06-04,8.7261,0.0114,1.3311,0.005282,0.0228,0.0342,0.0058,0.0042,23232.935391,1264.323727,-0.000847,454.528796,-0.000134
2020-06-05,8.8789,1.751,1.3265,0.005264,3.5019,5.2529,3.485,5.223,23639.737248,1308.599599,-0.000891,470.368993,-0.000141
2020-06-08,8.7644,-1.2892,1.3125,0.005208,-2.5784,-3.8676,-2.5953,-3.8974,23334.970385,1274.858294,-0.000857,458.161304,-0.000135
2020-06-09,9.0043,2.7371,1.3078,0.00519,5.4742,8.2113,5.4573,8.1815,23973.668573,1344.646227,-0.000927,483.16443,-0.000146
2020-06-10,9.3236,3.5458,1.3031,0.005171,7.0915,10.6373,7.0747,10.6076,24823.718978,1440.002269,-0.001026,517.346653,-0.000162
2020-06-11,8.7557,-6.0907,1.2984,0.005153,-12.1814,-18.2721,-12.1982,-18.3017,23311.783038,1264.590101,-0.000838,454.239465,-0.000132
2020-06-12,8.8913,1.549,1.2938,0.005134,3.0979,4.6469,3.0811,4.6173,23672.875451,1303.766331,-0.000877,468.235031,-0.000138
2020-06-15,9.1314,2.7008,1.2798,0.005078,5.4016,8.1024,5.3848,8.0729,24312.231274,1374.190441,-0.000948,493.448575,-0.000149
2020-06-16,9.0267,-1.1473,1.2751,0.00506,-2.2946,-3.4419,-2.3113,-3.4713,24033.300073,1342.65861,-0.000916,482.043295,-0.000144
2020-06-17,9.1934,1.847,1.2704,0.005041,3.6941,5.5411,3.6773,5.5116,24477.201179,1392.257095,-0.000966,499.769486,-0.000152
2020-06-18,9.1755,-0.1949,1.2657,0.005023,-0.3897,-0.5846,-0.4065,-0.614,24429.503596,1386.831042,-0.000961,497.738124,-0.000151
2020-06-19,9.2185,0.4692,1.2611,0.005004,0.9384,1.4075,0.9217,1.3782,24544.122526,1399.844576,-0.000974,502.325548,-0.000153
2020-06-22,9.4828,2.8668,1.247,0.004949,5.7335,8.6003,5.7168,8.571,25247.741224,1480.104673,-0.001058,531.042724,-0.000166
2020-06-23,9.4064,-0.8056,1.2424,0.00493,-1.6112,-2.4168,-1.6278,-2.446,25044.346644,1456.257369,-0.001033,522.398269,-0.000162
2020-06-24,9.1929,-2.2699,1.2377,0.004912,-4.5397,-6.8096,-4.5563,-6.8388,24475.875752,1390.147446,-0.000962,498.596068,-0.000151
2020-06-25,9.4462,2.7557,1.233,0.004893,5.5114,8.2671,5.4948,8.2379,25150.355379,1466.763796,-0.001042,525.992844,-0.000164
2020-06-26,9.1128,-3.53,1.2284,0.004874,-7.0601,-10.5901,-7.0766,-10.6192,24262.540472,1363.209413,-0.000931,488.770227,-0.000146
2020-06-29,9.1576,0.4915,1.2143,0.004819,0.9831,1.4746,0.9665,1.4456,24381.798395,1376.610608,-0.000945,493.494372,-0.000148
2020-06-30,9.454,3.2364,1.2097,0.0048,6.4728,9.7092,6.4563,9.6802,25170.891874,1465.715968,-0.001037,525.355855,-0.000163
2020-07-01,9.4861,0.3395,1.205,0.004782,0.6791,1.0186,0.6626,0.9897,25256.356497,1475.669279,-0.001048,528.836794,-0.000164
2020-07-02,9.5679,0.8631,1.2003,0.004763,1.7262,2.5892,1.7097,2.5603,25474.338388,1501.141613,-0.001075,537.878238,-0.000169
2020-07-06,9.7939,2.3616,1.1816,0.004689,4.7231,7.0847,4.7067,7.0559,26075.929709,1572.042278,-0.001151,563.194666,-0.00018
2020-07-07,9.8262,0.3303,1.177,0.004671,0.6607,0.991,0.6443,0.9623,26162.069741,1582.428545,-0.001162,566.823382,-0.000182
2020-07-08,10.1689,3.4872,1.1723,0.004652,6.9744,10.4616,6.9581,10.4329,27074.394883,1692.793616,-0.001284,606.263252,-0.000201
2020-07-09,10.4605,2.8681,1.1676,0.004633,5.7361,8.6042,5.7198,8.5755,27850.904427,1789.894246,-0.001394,640.940162,-0.000218
2020-07-10,10.4309,-0.2831,1.163,0.004615,-0.5662,-0.8493,-0.5825,-0.8779,27772.061858,1779.760294,-0.001382,637.206703,-0.000216
2020-07-13,10.0059,-4.0747,1.1489,0.004559,-8.1495,-12.2242,-8.1657,-12.2527,26640.424321,1634.719313,-0.001213,585.174106,-0.00019
2020-07-14,10.3292,3.2306,1.1443,0.004541,6.4613,9.6919,6.445,9.6634,27501.078139,1740.342812,-0.001331,622.888665,-0.000208
2020-07-15,10.1801,-1.4431,1.1396,0.004522,-2.8862,-4.3293,-2.9024,-4.3577,27104.209364,1690.112947,-0.001273,604.809735,-0.000199
2020-07-16,10.088,-0.9045,1.1349,0.004504,-1.8089,-2.7134,-1.8251,-2.7417,26859.063846,1659.540307,-0.001239,593.771225,-0.000194
2020-07-17,10.1545,0.6586,1.1302,0.004485,1.3173,1.9759,1.3011,1.9476,27035.967669,1681.401011,-0.001263,601.496683,-0.000198
2020-07-20,10.4623,3.0314,1.1162,0.004429,6.0629,9.0943,6.0467,9.0661,27855.545959,1783.342231,-0.001378,637.867611,-0.000215
2020-07-21,10.2809,-1.7339,1.1116,0.004411,-3.4679,-5.2018,-3.484,-5.23,27372.544769,1721.497712,-0.001307,615.644195,-0.000204
2020-07-22,10.3906,1.0674,1.1069,0.004392,2.1349,3.2023,2.1188,3.1741,27664.727696,1758.2493,-0.001348,628.688233,-0.000211
2020-07-23,10.083,-2.9601,1.1022,0.004374,-5.9202,-8.8804,-5.9363,-8.9085,26845.817198,1654.156549,-0.001229,591.367225,-0.000192
2020-07-24,10.1475,0.6392,1.0975,0.004355,1.2784,1.9176,1.2623,1.8895,27017.416775,1675.303423,-0.001252,598.832329,-0.000196
2020-07-27,10.3734,2.2267,1.0835,0.0043,4.4534,6.6801,4.4374,6.6521,27619.013175,1749.911334,-0.001336,625.40486,-0.000209
2020-07-28,10.1684,-1.9767,1.0789,0.004281,-3.9534,-5.9301,-3.9694,-5.9581,27073.064378,1680.729863,-0.001257,600.579947,-0.000196
2020-07-29,10.4172,2.4473,1.0742,0.004263,4.8946,7.3419,4.8786,7.314,27735.622783,1762.99478,-0.001349,629.879996,-0.00021
2020-07-30,10.5651,1.4189,1.0695,0.004244,2.8379,4.2568,2.8219,4.229,28129.175453,1813.02656,-0.001406,647.654803,-0.000219
2020-07-31,10.5658,0.0071,1.0648,0.004226,0.0141,0.0212,-0.0018,-0.0066,28131.163593,1813.282846,-0.001407,647.64317,-0.000219
2020-08-03,10.9595,3.726,1.0508,0.00417,7.4519,11.1779,7.436,11.1501,29179.317029,1948.406915,-0.001564,695.802086,-0.000244
2020-08-04,11.176,1.9754,1.0461,0.004151,3.9509,5.9263,3.935,5.8987,29755.737941,2025.386269,-0.001657,723.182102,-0.000258
2020-08-05,11.2347,0.5255,1.0415,0.004133,1.0509,1.5764,1.0351,1.5488,29912.092574,2046.671477,-0.001683,730.667627,-0.000262
2020-08-06,11.2832,0.4319,1.0368,0.004114,0.8639,1.2958,0.8481,1.2682,30041.296274,2064.352455,-0.001704,736.864191,-0.000266
2020-08-07,11.1479,-1.1998,1.0321,0.004096,-2.3996,-3.5994,-2.4154,-3.6269,29680.864035,2014.816698,-0.001643,719.066117,-0.000256
2020-08-10,11.1135,-0.3081,1.0181,0.00404,-0.6162,-0.9242,-0.6319,-0.9517,29589.422296,2002.402077,-0.001628,714.522246,-0.000253
2020-08-11,10.8,-2.8213,1.0134,0.004022,-5.6425,-8.4638,-5.6583,-8.4912,28754.624453,1889.415691,-0.00149,674.092646,-0.000232
2020-08-12,11.3875,5.4401,1.0088,0.004003,10.8802,16.3203,10.8645,16.2929,30318.904587,2094.987872,-0.001733,747.329369,-0.00027
2020-08-13,11.3902,0.024,1.0041,0.003985,0.048,0.072,0.0323,0.0447,30326.184277,2095.993902,-0.001735,747.57098,-0.00027
2020-08-14,11.5107,1.0574,0.9994,0.003966,2.1149,3.1723,2.0992,3.145,30646.866414,2140.321787,-0.00179,763.264094,-0.000278
2020-08-17,12.2801,6.6845,0.9854,0.00391,13.369,20.0535,13.3534,20.0264,32695.460469,2426.462003,-0.002148,865.185886,-0.000334
2020-08-18,12.2042,-0.618,0.9807,0.003892,-1.2361,-1.8541,-1.2517,-1.8813,32493.386237,2396.468515,-0.002109,854.356374,-0.000328
2020-08-19,12.0825,-0.9971,0.9761,0.003873,-1.9942,-2.9913,-2.0098,-3.0184,32169.395611,2348.678277,-0.002046,837.185742,-0.000318
2020-08-20,12.085,0.0206,0.9714,0.003855,0.0412,0.0617,0.0256,0.0347,32176.015127,2349.644855,-0.002047,837.400003,-0.000318
2020-08-21,12.625,4.4684,0.9667,0.003836,8.9367,13.4051,8.9212,13.3781,33613.757649,2559.626377,-0.002321,912.106065,-0.000361
2020-08-24,12.6616,0.2897,0.9527,0.003781,0.5794,0.8692,0.564,0.8422,33711.143494,2574.457887,-0.002341,917.249919,-0.000364
2020-08-25,12.6912,0.2339,0.948,0.003762,0.4678,0.7017,0.4524,0.6749,33789.998758,2586.501949,-0.002358,921.399197,-0.000366
2020-08-26,12.7141,0.1804,0.9434,0.003743,0.3607,0.5411,0.3453,0.5142,33850.94299,2595.832069,-0.002371,924.580545,-0.000368
2020-08-27,12.57,-1.1332,0.9387,0.003725,-2.2664,-3.3996,-2.2819,-3.4265,33467.338637,2536.999293,-0.00229,903.482878,-0.000355
2020-08-28,13.0871,4.1138,0.934,0.003706,8.2275,12.3413,8.2121,12.3145,34844.103919,2745.731309,-0.002573,977.677823,-0.000399
2020-08-31,13.3128,1.7246,0.92,0.003651,3.4493,5.1739,3.4339,5.1472,35445.037605,2840.439007,-0.002706,1011.250432,-0.00042
2020-09-01,13.7614,3.3694,0.9153,0.003632,6.7387,10.1081,6.7234,10.0815,36639.312975,3031.848952,-0.002979,1079.240909,-0.000462
2020-09-02,14.2846,3.8022,0.9107,0.003614,7.6044,11.4066,7.589,11.38,38032.40741,3262.40196,-0.003319,1161.145039,-0.000514
2020-09-03,12.9594,-9.2775,0.906,0.003595,-18.555,-27.8326,-18.5703,-27.8591,34503.944104,2657.062125,-0.002395,945.516495,-0.000371
2020-09-04,12.5681,-3.0195,0.9013,0.003577,-6.039,-9.0585,-6.0543,-9.085,33462.102948,2496.602981,-0.002178,888.272548,-0.000337
2020-09-08,11.8616,-5.6209,0.8826,0.003502,-11.2419,-16.8628,-11.2571,-16.8892,31581.22106,2215.938294,-0.001811,788.279069,-0.00028
2020-09-09,12.6602,6.7321,0.878,0.003484,13.4643,20.1964,13.4491,20.1701,33707.314484,2514.298628,-0.002177,894.295499,-0.000337
2020-09-10,12.2586,-3.1714,0.8733,0.003465,-6.3429,-9.5143,-6.358,-9.5406,32638.312239,2354.820431,-0.00197,837.435994,-0.000305
2020-09-11,12.112,-1.196,0.8686,0.003447,-2.3921,-3.5881,-2.4072,-3.6144,32247.943641,2298.49105,-0.001899,817.276889,-0.000294
2020-09-14,12.8167,5.8181,0.8546,0.003391,11.6363,17.4544,11.6212,17.4283,34124.176379,2565.950223,-0.00223,912.25424,-0.000345
2020-09-15,12.935,0.9225,0.8499,0.003373,1.8451,2.7676,1.83,2.7415,34438.988045,2613.294431,-0.002292,928.948634,-0.000354
2020-09-16,12.4605,-3.6679,0.8452,0.003354,-7.3358,-11.0038,-7.3509,-11.0298,33175.793032,2421.58726,-0.00204,860.662519,-0.000315
2020-09-17,12.4097,-0.4075,0.8406,0.003336,-0.815,-1.2225,-0.83,-1.2485,33040.60206,2401.85138,-0.002015,853.518678,-0.000311
2020-09-18,12.1367,-2.2004,0.8359,0.003317,-4.4009,-6.6013,-4.4159,-6.6273,32313.562413,2296.148634,-0.001882,815.828065,-0.000291
2020-09-21,12.4633,2.6909,0.8219,0.003261,5.3818,8.0727,5.3668,8.0468,33183.082878,2419.722024,-0.002034,859.611927,-0.000314
2020-09-22,12.5832,0.9627,0.8172,0.003243,1.9254,2.888,1.9104,2.8622,33502.528459,2466.310191,-0.002093,876.033977,-0.000323
2020-09-23,12.0715,-4.0672,0.8125,0.003224,-8.1344,-12.2015,-8.1493,-12.2273,32139.921374,2265.691797,-0.001837,804.643476,-0.000284
2020-09-24,12.2947,1.8496,0.8079,0.003206,3.6993,5.5489,3.6844,5.5231,32734.392971,2349.505905,-0.001939,834.289439,-0.000299
2020-09-25,12.8182,4.2578,0.8032,0.003187,8.5156,12.7734,8.5007,12.7477,34128.160276,2549.580763,-0.002187,905.210053,-0.000338
2020-09-28,12.9788,1.2525,0.7892,0.003132,2.5051,3.7576,2.4903,3.732,34555.630663,2613.450029,-0.002269,927.752055,-0.00035
2020-09-29,13.1687,1.4634,0.7845,0.003113,2.9267,4.3901,2.9119,4.3645,35061.308835,2689.939134,-0.002369,954.767534,-0.000365
2020-09-30,13.4721,2.3042,0.7798,0.003095,4.6085,6.9127,4.5937,6.8871,35869.202042,2813.903905,-0.002532,998.6263,-0.000391
2020-10-01,13.5558,0.6208,0.7752,0.003076,1.2416,1.8625,1.2269,1.837,36091.886404,2848.842646,-0.00258,1010.878089,-0.000398
2020-10-02,13.0059,-4.0563,0.7705,0.003058,-8.1127,-12.169,-8.1274,-12.1945,34627.876568,2617.725125,-0.002266,928.719528,-0.000349
2020-10-05,13.5837,4.4422,0.7565,0.003002,8.8844,13.3266,8.8697,13.3012,36166.112832,2850.293802,-0.002568,1011.093912,-0.000396
2020-10-06,13.6772,0.689,0.7518,0.002983,1.378,2.067,1.3633,2.0417,36415.295569,2889.57057,-0.002621,1024.87816,-0.000404
2020-10-07,13.9038,1.6562,0.7471,0.002965,3.3124,4.9686,3.2977,4.9433,37018.405291,2985.284642,-0.002751,1058.67584,-0.000424
2020-10-08,13.7791,-0.897,0.7425,0.002946,-1.7939,-2.6909,-1.8086,-2.7162,36686.36054,2931.730304,-0.002677,1039.528663,-0.000412
2020-10-09,13.7034,-0.5492,0.7378,0.002928,-1.0983,-1.6475,-1.113,-1.6727,36484.89316,2899.530434,-0.002633,1027.959155,-0.000405
2020-10-12,14.1646,3.366,0.7238,0.002872,6.7319,10.0979,6.7173,10.0728,37712.95929,3094.724379,-0.002899,1097.010638,-0.000446
2020-10-13,14.1868,0.1564,0.7191,0.002854,0.3128,0.4692,0.2982,0.4441,37771.940773,3104.404416,-0.002912,1100.282272,-0.000448
2020-10-14,14.0345,-1.0738,0.7144,0.002835,-2.1477,-3.2215,-2.1622,-3.2465,37366.334847,3037.732448,-0.002818,1076.491983,-0.000434
2020-10-15,13.9097,-0.8886,0.7098,0.002816,-1.7772,-2.6657,-1.7917,-2.6907,37034.305331,2983.747124,-0.002743,1057.204676,-0.000422
2020-10-16,13.7519,-1.1346,0.7051,0.002798,-2.2691,-3.4037,-2.2836,-3.4287,36614.124791,2916.041657,-0.00265,1033.061857,-0.000407
2020-10-19,13.4395,-2.2716,0.6911,0.002742,-4.5433,-6.8149,-4.5577,-6.8398,35782.381523,2783.557375,-0.002469,985.977579,-0.00038
2020-10-20,13.5866,1.0946,0.6864,0.002724,2.1893,3.2839,2.1748,3.2591,36174.065391,2844.496556,-0.00255,1007.420869,-0.000392
2020-10-21,13.4664,-0.8849,0.6817,0.002705,-1.7698,-2.6548,-1.7842,-2.6795,35853.954558,2794.15363,-0.002483,989.445985,-0.000381
2020-10-22,13.3034,-1.2107,0.677,0.002687,-2.4215,-3.6322,-2.4359,-3.657,35419.8545,2726.493464,-0.002393,965.344233,-0.000367
2020-10-23,13.5316,1.7158,0.6724,0.002668,3.4316,5.1474,3.4172,5.1227,36027.590519,2820.056145,-0.002516,998.33234,-0.000386
2020-10-26,13.0846,-3.3038,0.6584,0.002613,-6.6077,-9.9115,-6.622,-9.9361,34837.296507,2633.715849,-0.002266,932.22278,-0.000348
2020-10-27,13.339,1.9443,0.6537,0.002594,3.8886,5.8328,3.8743,5.8083,35514.630118,2736.129322,-0.002399,968.339458,-0.000368
2020-10-28,12.5725,-5.7458,0.649,0.002575,-11.4916,-17.2373,-11.5058,-17.2619,33474.036866,2421.705266,-0.001985,856.923812,-0.000305
2020-10-29,12.9678,3.144,0.6443,0.002557,6.2881,9.4321,6.2738,9.4076,34526.473817,2573.984008,-0.002172,910.685633,-0.000333
2020-10-30,12.4799,-3.7623,0.6397,0.002538,-7.5246,-11.2869,-7.5388,-11.3113,33227.487208,2380.302442,-0.001927,842.030611,-0.000296
2020-11-02,12.5265,0.373,0.6257,0.002483,0.746,1.1189,0.7318,1.0946,33351.419672,2398.058629,-0.001949,848.192375,-0.000299
2020-11-03,12.9633,3.4875,0.621,0.002464,6.9749,10.4624,6.9608,10.4381,34514.539899,2565.321704,-0.002153,907.233064,-0.00033
2020-11-04,13.7347,5.9507,0.6163,0.002446,11.9014,17.852,11.8872,17.8278,36568.389957,2870.62991,-0.002537,1015.077758,-0.000389
2020-11-05,14.0989,2.6515,0.6116,0.002427,5.3029,7.9544,5.2888,7.9302,37537.990285,3022.857761,-0.002739,1068.76328,-0.00042
2020-11-06,14.4992,2.839,0.607,0.002409,5.678,8.517,5.6639,8.4928,38603.694198,3194.495684,-0.002972,1129.296825,-0.000455
2020-11-09,13.572,-6.3951,0.593,0.002353,-12.7902,-19.1852,-12.8042,-19.2093,36134.95769,2785.914677,-0.002402,984.699219,-0.000368
2020-11-10,12.7149,-6.3148,0.5883,0.002334,-12.6295,-18.9443,-12.6436,-18.9683,33853.119025,2434.066592,-0.001947,860.198021,-0.000298
2020-11-11,13.3601,5.0744,0.5836,0.002316,10.1488,15.2233,10.1348,15.1993,35570.968365,2681.096101,-0.002243,947.377518,-0.000343
2020-11-12,13.3987,0.2888,0.5789,0.002297,0.5776,0.8663,0.5635,0.8424,35673.688925,2696.580847,-0.002263,952.716455,-0.000346
2020-11-13,13.2396,-1.1871,0.5743,0.002279,-2.3743,-3.5614,-2.3883,-3.5853,35250.194819,2632.556849,-0.002182,929.963195,-0.000334
2020-11-16,13.457,1.6414,0.5602,0.002223,3.2827,4.9241,3.2688,4.9002,35828.773992,2718.975807,-0.002289,960.361562,-0.00035
2020-11-17,13.3644,-0.6881,0.5556,0.002205,-1.3763,-2.0644,-1.3902,-2.0882,35582.219256,2681.554691,-0.002242,947.010562,-0.000343
2020-11-18,13.3708,0.0485,0.5509,0.002186,0.0969,0.1454,0.083,0.1216,35599.462498,2684.153668,-0.002245,947.796847,-0.000343
2020-11-19,13.3823,0.0856,0.5462,0.002168,0.1713,0.2569,0.1574,0.2332,35629.952387,2688.751465,-0.002251,949.288871,-0.000344
2020-11-20,13.0313,-2.6227,0.5416,0.002149,-5.2455,-7.8682,-5.2593,-7.8918,34695.475863,2547.714222,-0.002074,899.362824,-0.000317
2020-11-23,13.0833,0.3992,0.5275,0.002093,0.7984,1.1977,0.7846,1.1741,34833.988019,2568.056321,-0.002099,906.419632,-0.000321
2020-11-24,12.9019,-1.387,0.5229,0.002075,-2.774,-4.1609,-2.7877,-4.1845,34350.847177,2496.819407,-0.002012,881.150978,-0.000307
2020-11-25,13.1777,2.1377,0.5182,0.002056,4.2754,6.4132,4.2617,6.3897,35085.171592,2603.569348,-0.002141,918.702763,-0.000327
2020-11-27,13.204,0.2002,0.5089,0.002019,0.4004,0.6006,0.3867,0.5772,35155.414122,2613.994339,-0.002153,922.255257,-0.000329
2020-11-30,13.3437,1.0576,0.4948,0.001964,2.1152,3.1728,2.1016,3.1495,35527.221671,2669.286126,-0.002222,941.636932,-0.000339
2020-12-01,13.3322,-0.0858,0.4902,0.001945,-0.1717,-0.2575,-0.1853,-0.2807,35496.729242,2664.704117,-0.002216,939.892002,-0.000338
2020-12-02,13.4861,1.1539,0.4855,0.001927,2.3077,3.4616,2.2941,3.4384,35906.316526,2726.198736,-0.002293,961.454193,-0.00035
2020-12-03,13.3422,-1.0672,0.4808,0.001908,-2.1344,-3.2016,-2.148,-3.2248,35523.126052,2668.011014,-0.002219,940.802112,-0.000339
2020-12-04,13.5038,1.2112,0.4761,0.001889,2.4224,3.6336,2.4088,3.6105,35953.384404,2732.641251,-0.0023,963.464312,-0.000351
2020-12-07,13.5521,0.3577,0.4621,0.001834,0.7154,1.0731,0.7019,1.0501,36081.991409,2752.190832,-0.002325,970.226574,-0.000354
2020-12-08,13.2963,-1.8869,0.4575,0.001815,-3.7738,-5.6608,-3.7874,-5.6837,35401.153797,2648.32766,-0.002193,933.480622,-0.000334
2020-12-09,12.8788,-3.1405,0.4528,0.001797,-6.2809,-9.4214,-6.2944,-9.4443,34289.397659,2481.988758,-0.001986,874.723557,-0.000303
2020-12-10,12.9201,0.3209,0.4481,0.001778,0.6419,0.9628,0.6284,0.9399,34399.441074,2497.919427,-0.002006,880.220026,-0.000306
2020-12-11,12.9609,0.3161,0.4434,0.00176,0.6321,0.9482,0.6187,0.9253,34508.16668,2513.709672,-0.002025,885.665682,-0.000308
2020-12-14,13.2553,2.2708,0.4294,0.001704,4.5415,6.8123,4.5281,6.7895,35291.765478,2627.870467,-0.002163,925.769654,-0.000329
2020-12-15,13.3068,0.3888,0.4248,0.001686,0.7777,1.1665,0.7643,1.1438,35428.990295,2648.306342,-0.002188,932.845008,-0.000333
2020-12-16,13.1893,-0.8832,0.4201,0.001667,-1.7664,-2.6496,-1.7798,-2.6723,35116.085516,2601.527266,-0.00213,916.242695,-0.000324
2020-12-17,13.2876,0.7457,0.4154,0.001648,1.4914,2.2371,1.4781,2.2145,35377.948675,2640.326816,-0.002177,929.785307,-0.000331
2020-12-18,13.2187,-0.5191,0.4107,0.00163,-1.0381,-1.5572,-1.0515,-1.5798,35194.313615,2612.916715,-0.002144,920.008901,-0.000326
2020-12-21,13.2787,0.4539,0.3967,0.001574,0.9079,1.3618,0.8946,1.3393,35354.075762,2636.639023,-0.002173,928.239352,-0.00033
2020-12-22,13.2249,-0.405,0.392,0.001556,-0.81,-1.215,-0.8233,-1.2375,35210.889065,2615.281846,-0.002146,920.597368,-0.000326
2020-12-23,12.957,-2.0259,0.3874,0.001537,-4.0518,-6.0776,-4.065,-6.1001,34497.558189,2509.316825,-0.002016,883.175025,-0.000306
2020-12-24,12.9415,-0.1191,0.3827,0.001519,-0.2383,-0.3574,-0.2515,-0.3798,34456.45473,2503.337179,-0.002009,880.953638,-0.000305
2020-12-28,12.8482,-0.7215,0.364,0.001445,-1.443,-2.1645,-1.4561,-2.1867,34207.853454,2467.21432,-0.001965,868.125729,-0.000299
2020-12-29,12.8912,0.3353,0.3593,0.001426,0.6705,1.0058,0.6574,0.9836,34322.540941,2483.757809,-0.001985,873.832794,-0.000302
2020-12-30,13.0929,1.5645,0.3547,0.001407,3.129,4.6936,3.1159,4.6714,34859.524064,2561.475599,-0.002078,901.060784,-0.000316
2020-12-31,13.0025,-0.6903,0.35,0.001389,-1.3806,-2.071,-1.3937,-2.0931,34618.880426,2526.110641,-0.002035,888.502312,-0.000309
2021-01-04,13.0608,0.4481,0.3467,0.001376,0.8962,1.3443,0.8831,1.3221,34774.003579,2548.749054,-0.002062,896.348626,-0.000313
2021-01-05,13.3509,2.221,0.3459,0.001373,4.442,6.663,4.4289,6.6409,35546.336252,2661.964787,-0.0022,936.047305,-0.000334
2021-01-06,12.5638,-5.8953,0.3451,0.001369,-11.7906,-17.6859,-11.8037,-17.708,33450.768266,2348.102445,-0.001811,825.559063,-0.000275
2021-01-07,13.2904,5.783,0.3442,0.001366,11.5661,17.3491,11.553,17.327,35385.235983,2619.685347,-0.002125,920.935787,-0.000322
2021-01-08,13.2234,-0.504,0.3434,0.001363,-1.008,-1.5119,-1.021,-1.534,35206.902629,2593.280139,-0.002093,911.532824,-0.000317
2021-01-11,13.5668,2.5967,0.341,0.001353,5.1933,7.79,5.1803,7.7679,36121.109267,2727.957928,-0.002256,958.75276,-0.000342
2021-01-12,13.4306,-1.0039,0.3401,0.00135,-2.0079,-3.0118,-2.0209,-3.0339,35758.475601,2673.183897,-0.002188,939.377011,-0.000332
2021-01-13,13.4774,0.3485,0.3393,0.001346,0.6971,1.0456,0.684,1.0235,35883.103787,2691.817469,-0.002211,945.802374,-0.000335
2021-01-14,13.1472,-2.4498,0.3385,0.001343,-4.8995,-7.3493,-4.9126,-7.3714,35004.048883,2559.930586,-0.002048,899.338912,-0.00031
2021-01-15,12.8078,-2.5814,0.3377,0.00134,-5.1628,-7.7442,-5.1758,-7.7662,34100.458353,2427.767073,-0.00189,852.790717,-0.000286
2021-01-19,12.9729,1.2889,0.3344,0.001327,2.5779,3.8668,2.5648,3.8448,34539.989613,2490.351541,-0.001963,874.663332,-0.000297
2021-01-20,13.312,2.6141,0.3336,0.001324,5.2283,7.8424,5.2152,7.8204,35442.912352,2620.553956,-0.002117,920.279163,-0.000321
2021-01-21,13.8118,3.754,0.3327,0.00132,7.508,11.262,7.495,11.24,36773.44259,2817.305637,-0.002355,989.254012,-0.000357
2021-01-22,13.6574,-1.1177,0.3319,0.001317,-2.2355,-3.3532,-2.2485,-3.3752,36362.415619,2754.326023,-0.002276,967.010844,-0.000345
2021-01-25,13.5984,-0.4321,0.3295,0.001307,-0.8642,-1.2963,-0.8772,-1.3183,36205.296707,2730.523605,-0.002247,958.528256,-0.00034
2021-01-26,13.3813,-1.5967,0.3286,0.001304,-3.1934,-4.7901,-3.2064,-4.812,35627.212665,2643.327959,-0.002139,927.79422,-0.000324
2021-01-27,12.8658,-3.8518,0.3278,0.001301,-7.7036,-11.5554,-7.7166,-11.5774,34254.923872,2439.696574,-0.001892,856.199995,-0.000286
2021-01-28,12.9985,1.0315,0.327,0.001298,2.063,3.0945,2.05,3.0726,34608.266856,2490.028005,-0.00195,873.752233,-0.000295
2021-01-29,12.9375,-0.4693,0.3262,0.001294,-0.9386,-1.4079,-0.9516,-1.4298,34445.851317,2466.656754,-0.001923,865.437655,-0.000291
2021-02-01,13.1838,1.9034,0.3237,0.001285,3.8069,5.7103,3.7939,5.6883,35101.503285,2560.558823,-0.002033,898.271191,-0.000307
2021-02-02,13.5023,2.4156,0.3229,0.001281,4.8312,7.2467,4.8182,7.2248,35949.408125,2684.263509,-0.00218,941.551443,-0.00033
2021-02-03,13.4761,-0.1936,0.3221,0.001278,-0.3873,-0.5809,-0.4003,-0.6028,35879.797838,2673.868214,-0.002167,937.782861,-0.000328
2021-02-04,13.6093,0.9885,0.3212,0.001275,1.977,2.9655,1.964,2.9436,36234.466249,2726.730083,-0.002232,956.200917,-0.000337
2021-02-05,13.5364,-0.5361,0.3204,0.001271,-1.0721,-1.6082,-1.0851,-1.6301,36040.230315,2697.496648,-0.002196,945.825336,-0.000332
2021-02-08,14.3807,6.2376,0.3179,0.001262,12.4752,18.7127,12.4622,18.6908,38288.268062,3034.013603,-0.002607,1063.695881,-0.000394
2021-02-09,14.2059,-1.2155,0.3171,0.001258,-2.4309,-3.6464,-2.4439,-3.6683,37822.888444,2960.258995,-0.002512,1037.700322,-0.000379
2021-02-10,14.7049,3.5125,0.3163,0.001255,7.025,10.5375,7.012,10.5156,39151.417847,3168.21726,-0.002776,1110.464292,-0.000419
2021-02-11,15.1895,3.2951,0.3155,0.001252,6.5902,9.8853,6.5773,9.8635,40441.502261,3377.010092,-0.003051,1183.502556,-0.00046
2021-02-12,14.9011,-1.8983,0.3147,0.001249,-3.7965,-5.6948,-3.8095,-5.7166,39673.818739,3248.801452,-0.002877,1138.417401,-0.000434
2021-02-16,15.2686,2.4664,0.3114,0.001236,4.9327,7.3991,4.9198,7.3772,40652.318723,3409.05586,-0.00309,1194.425055,-0.000466
2021-02-17,14.8461,-2.7674,0.3105,0.001232,-5.5348,-8.3022,-5.5477,-8.324,39527.308318,3220.371749,-0.002833,1128.161584,-0.000427
2021-02-18,14.7694,-0.5166,0.3097,0.001229,-1.0331,-1.5497,-1.0461,-1.5715,39323.121529,3187.100707,-0.002789,1116.36013,-0.000421
2021-02-19,14.8665,0.6575,0.3089,0.001226,1.315,1.9725,1.302,1.9506,39581.666043,3229.010269,-0.002844,1130.895612,-0.000429
2021-02-22,14.2981,-3.8237,0.3064,0.001216,-7.6475,-11.4712,-7.6604,-11.493,38068.171076,2982.073175,-0.002518,1044.264745,-0.00038
2021-02-23,14.0852,-1.4889,0.3056,0.001213,-2.9779,-4.4668,-2.9908,-4.4886,37501.355698,2893.270121,-0.002406,1013.032711,-0.000363
2021-02-24,14.4407,2.5244,0.3048,0.00121,5.0488,7.5732,5.0359,7.5514,38448.035288,3039.344827,-0.002588,1064.047615,-0.00039
2021-02-25,13.254,-8.2178,0.304,0.001206,-16.4356,-24.6534,-16.4485,-24.6752,35288.451911,2539.810153,-0.00195,889.027568,-0.000294
2021-02-26,13.6594,3.0584,0.3032,0.001203,6.1168,9.1753,6.1039,9.1535,36367.722403,2695.166481,-0.002129,943.293266,-0.000321
2021-03-01,13.7861,0.9278,0.3007,0.001193,1.8557,2.7835,1.8428,2.7618,36705.160269,2745.180679,-0.002188,960.676277,-0.000329
2021-03-02,13.3524,-3.1463,0.2999,0.00119,-6.2926,-9.4388,-6.3055,-9.4606,35550.312531,2572.438444,-0.001981,900.101222,-0.000298
2021-03-03,12.7533,-4.4867,0.299,0.001187,-8.9734,-13.4601,-8.9863,-13.4819,33955.27082,2341.602408,-0.001715,819.215193,-0.000258
2021-03-04,12.3205,-3.3933,0.2982,0.001183,-6.7865,-10.1798,-6.7994,-10.2015,32803.076475,2182.688579,-0.00154,763.513215,-0.000232
2021-03-05,12.4114,0.7377,0.2974,0.00118,1.4753,2.213,1.4624,2.1913,33045.053157,2214.890421,-0.001574,774.679159,-0.000237
2021-03-08,11.5467,-6.9675,0.2949,0.00117,-13.9349,-20.9024,-13.9478,-20.9241,30742.650068,1906.246914,-0.001245,666.62838,-0.000187
2021-03-09,12.4742,8.0333,0.2941,0.001167,16.0666,24.0999,16.0537,24.0782,33212.300663,2212.51614,-0.001545,773.647133,-0.000232
2021-03-10,12.4224,-0.4153,0.2933,0.001164,-0.8306,-1.2459,-0.8435,-1.2676,33074.367429,2194.138641,-0.001526,767.121531,-0.000229
2021-03-11,12.9457,4.2127,0.2925,0.001161,8.4253,12.638,8.4125,12.6163,34467.682769,2379.002466,-0.001719,831.655488,-0.000258
2021-03-12,12.8088,-1.0582,0.2916,0.001157,-2.1164,-3.1746,-2.1293,-3.1963,34102.941623,2328.652688,-0.001664,813.94715,-0.00025
2021-03-15,13.1428,2.6077,0.2892,0.001148,5.2155,7.8232,5.2026,7.8015,34992.254618,2450.102686,-0.001795,856.293632,-0.00027
2021-03-16,13.2424,0.7581,0.2884,0.001144,1.5162,2.2743,1.5033,2.2526,35257.52783,2487.250713,-0.001835,869.166566,-0.000276
2021-03-17,13.2922,0.3762,0.2875,0.001141,0.7524,1.1286,0.7395,1.1069,35390.161897,2505.964117,-0.001856,875.594276,-0.000279
2021-03-18,12.6757,-4.6379,0.2867,0.001138,-9.2757,-13.9136,-9.2886,-13.9353,33748.811508,2273.517303,-0.001598,794.263932,-0.00024
2021-03-19,12.7985,0.9687,0.2859,0.001134,1.9375,2.9062,1.9247,2.8846,34075.752604,2317.566632,-0.001644,809.550781,-0.000247
2021-03-22,13.1378,2.6507,0.2834,0.001125,5.3014,7.952,5.2885,7.9304,34978.992735,2440.429314,-0.001775,852.364154,-0.000266
2021-03-23,13.0227,-0.8759,0.2826,0.001121,-1.7518,-2.6278,-1.7647,-2.6494,34672.603367,2397.676706,-0.001728,837.322692,-0.000259
2021-03-24,12.5965,-3.2726,0.2818,0.001118,-6.5452,-9.8178,-6.558,-9.8394,33537.908716,2240.744103,-0.001559,782.410911,-0.000234
2021-03-25,12.4892,-0.8522,0.281,0.001115,-1.7045,-2.5567,-1.7173,-2.5783,33252.088852,2202.551551,-0.001519,768.974727,-0.000228
2021-03-26,12.7921,2.4252,0.2801,0.001112,4.8503,7.2755,4.8375,7.2539,34058.504285,2309.382226,-0.001629,806.173852,-0.000244
2021-03-29,12.9007,0.849,0.2777,0.001102,1.6979,2.5469,1.6851,2.5253,34347.650411,2348.594102,-0.001671,819.758927,-0.00025
2021-03-30,12.8244,-0.5908,0.2768,0.001099,-1.1817,-1.7725,-1.1945,-1.794,34144.715413,2320.841873,-0.001641,809.967252,-0.000246
2021-03-31,13.2992,3.7019,0.276,0.001095,7.4039,11.1058,7.3911,11.0842,35408.728026,2492.67364,-0.001823,869.832364,-0.000273
2021-04-01,13.761,3.4724,0.2752,0.001092,6.9447,10.4171,6.9319,10.3955,36638.244,2665.782488,-0.002013,930.128336,-0.000302
2021-04-05,13.9361,1.2725,0.2719,0.001079,2.5449,3.8174,2.5322,3.7959,37104.453914,2733.624944,-0.00209,953.680586,-0.000313
2021-04-06,13.8106,-0.9008,0.2711,0.001076,-1.8016,-2.7024,-1.8144,-2.7239,36770.220432,2684.376464,-0.002034,936.377353,-0.000305
2021-04-07,14.0915,2.0344,0.2703,0.001073,4.0688,6.1032,4.056,6.0817,37518.276469,2793.598764,-0.002158,974.357152,-0.000323
2021-04-08,14.2644,1.2267,0.2695,0.001069,2.4534,3.6802,2.4407,3.6586,37978.519425,2862.137848,-0.002237,998.137875,-0.000335
2021-04-09,14.3471,0.5797,0.2686,0.001066,1.1594,1.7392,1.1467,1.7177,38198.690046,2895.322852,-0.002276,1009.583281,-0.000341
2021-04-12,15.1531,5.6181,0.2662,0.001056,11.2361,16.8542,11.2234,16.8327,40344.715651,3220.644845,-0.00266,1122.892436,-0.000398
2021-04-13,15.6219,3.0936,0.2653,0.001053,6.1871,9.2807,6.1743,9.2592,41592.800293,3419.909472,-0.002907,1192.223679,-0.000435
2021-04-14,15.2208,-2.5671,0.2645,0.00105,-5.1341,-7.7012,-5.1469,-7.7226,40525.090466,3244.327596,-0.002683,1130.861537,-0.000401
2021-04-15,16.0779,5.6311,0.2637,0.001046,11.2621,16.8932,11.2493,16.8717,42807.07894,3609.707073,-0.003136,1258.076098,-0.000469
2021-04-16,15.854,-1.3928,0.2629,0.001043,-2.7855,-4.1783,-2.7983,-4.1998,42210.875655,3509.157385,-0.003005,1222.871538,-0.000449
2021-04-19,15.3053,-3.4611,0.2604,0.001033,-6.9222,-10.3833,-6.9349,-10.4047,40749.915316,3266.246539,-0.002693,1138.06615,-0.000403
2021-04-20,15.1155,-1.2401,0.2596,0.00103,-2.4802,-3.7203,-2.4929,-3.7417,40244.574848,3185.236969,-0.002593,1109.694841,-0.000387
2021-04-21,15.304,1.2474,0.2588,0.001027,2.4949,3.7423,2.4821,3.7209,40746.60175,3264.704806,-0.00269,1137.239095,-0.000402
2021-04-22,14.7957,-3.3219,0.2579,0.001024,-6.6437,-9.9656,-6.6564,-9.987,39393.059364,3047.807389,-0.002422,1061.539493,-0.000362
2021-04-23,15.2091,2.7946,0.2571,0.00102,5.5891,8.3837,5.5764,8.3623,40493.927707,3218.153878,-0.002625,1120.735416,-0.000392
2021-04-26,15.4211,1.3937,0.2547,0.001011,2.7874,4.1811,2.7747,4.1597,41058.285206,3307.855686,-0.002735,1151.831919,-0.000408
2021-04-27,15.3252,-0.6218,0.2538,0.001007,-1.2437,-1.8655,-1.2564,-1.8869,40802.965388,3266.716067,-0.002684,1137.360209,-0.000401
2021-04-28,15.2206,-0.6826,0.253,0.001004,-1.3653,-2.0479,-1.378,-2.0693,40524.425214,3222.115795,-0.002629,1121.687339,-0.000392
2021-04-29,15.2684,0.3142,0.2522,0.001001,0.6285,0.9427,0.6158,0.9213,40651.765192,3242.365517,-0.002653,1128.594165,-0.000396
2021-04-30,14.9543,-2.0571,0.2514,0.000997,-4.1143,-6.1714,-4.127,-6.1928,39815.50227,3108.965648,-0.00249,1082.017311,-0.000371
2021-05-03,14.7822,-1.1509,0.2489,0.000988,-2.3019,-3.4528,-2.3146,-3.4741,39357.252533,3037.401428,-0.002404,1056.973371,-0.000359
2021-05-04,14.2985,-3.2723,0.2481,0.000984,-6.5446,-9.8168,-6.5572,-9.8382,38069.374624,2838.617115,-0.002168,987.665062,-0.000323
2021-05-05,14.4054,0.7473,0.2473,0.000981,1.4946,2.242,1.4819,2.2206,38353.874139,2881.044142,-0.002216,1002.301761,-0.00033
2021-05-06,14.4696,0.4461,0.2464,0.000978,0.8922,1.3383,0.8795,1.317,38524.973508,2906.749229,-0.002246,1011.117305,-0.000335
2021-05-07,14.7578,1.9917,0.2456,0.000975,3.9833,5.975,3.9707,5.9537,39292.263465,3022.534876,-0.00238,1051.265305,-0.000355
2021-05-10,14.2133,-3.6895,0.2432,0.000965,-7.379,-11.0686,-7.3917,-11.0899,37842.566713,2799.50069,-0.002117,973.558765,-0.000315
2021-05-11,14.2537,0.2839,0.2423,0.000962,0.5678,0.8517,0.5552,0.8305,37950.007518,2815.397107,-0.002135,978.963598,-0.000318
2021-05-12,13.7079,-3.8288,0.2415,0.000958,-7.6575,-11.4863,-7.6702,-11.5076,36496.992121,2599.807408,-0.00189,903.875246,-0.000281
2021-05-13,13.615,-0.6778,0.2407,0.000955,-1.3555,-2.0333,-1.3682,-2.0546,36249.624863,2564.565752,-0.001851,891.508333,-0.000276
2021-05-14,14.1907,4.2279,0.2399,0.000952,8.4558,12.6837,8.4431,12.6624,37782.221716,2781.420156,-0.002086,966.779595,-0.000311
2021-05-17,14.1134,-0.5441,0.2374,0.000942,-1.0883,-1.6324,-1.1009,-1.6537,37576.635865,2751.15086,-0.002052,956.136163,-0.000305
2021-05-18,13.9642,-1.0572,0.2366,0.000939,-2.1143,-3.1715,-2.1269,-3.1927,37179.393838,2692.983186,-0.001987,935.79964,-0.000296
2021-05-19,14.0141,0.3568,0.2358,0.000936,0.7135,1.0703,0.7009,1.049,37312.035522,2712.198229,-0.002008,942.358479,-0.000299
2021-05-20,14.5588,3.8871,0.2349,0.000932,7.7742,11.6613,7.7616,11.6401,38762.38991,2923.04969,-0.002242,1015.500122,-0.000334
2021-05-21,14.9367,2.5954,0.2341,0.000929,5.1907,7.7861,5.1781,7.7649,39768.416618,3074.777489,-0.002417,1068.083743,-0.000359
2021-05-24,15.5546,4.1373,0.2316,0.000919,8.2746,12.4119,8.262,12.3907,41413.753443,3329.202738,-0.002717,1156.328448,-0.000404
2021-05-25,15.5902,0.229,0.2308,0.000916,0.4579,0.6869,0.4453,0.6657,41508.574766,3344.447886,-0.002735,1161.477574,-0.000407
2021-05-26,15.6423,0.3339,0.23,0.000913,0.6678,1.0017,0.6552,0.9805,41647.175792,3366.782737,-0.002763,1169.087571,-0.000411
2021-05-27,15.4311,-1.3503,0.2292,0.000909,-2.7006,-4.0509,-2.7132,-4.0721,41084.816589,3275.859824,-0.002651,1137.36785,-0.000394
2021-05-28,16.1848,4.8844,0.2284,0.000906,9.7689,14.6533,9.7563,14.6321,43091.578455,3595.874424,-0.003039,1248.332424,-0.000452
2021-06-01,16.2047,0.1231,0.2251,0.000893,0.2463,0.3694,0.2337,0.3482,43144.636144,3604.729463,-0.003051,1251.249228,-0.000453
2021-06-02,16.7166,3.1587,0.2242,0.00089,6.3174,9.4761,6.3048,9.4549,44507.443821,3832.454317,-0.00334,1330.137924,-0.000496
2021-06-03,16.9074,1.1414,0.2234,0.000887,2.2827,3.4241,2.2701,3.4029,45015.432603,3919.93828,-0.003454,1360.333662,-0.000513
2021-06-04,17.5136,3.5858,0.2226,0.000883,7.1716,10.7574,7.159,10.7362,46629.588895,4201.059339,-0.003826,1457.719661,-0.000568
2021-06-07,17.5542,0.2318,0.2201,0.000874,0.4636,0.6954,0.451,0.6743,46737.67464,4220.535154,-0.003852,1464.294167,-0.000572
2021-06-08,17.3928,-0.9194,0.2193,0.00087,-1.8388,-2.7582,-1.8514,-2.7793,46307.967279,4142.927741,-0.003746,1437.184493,-0.000556
2021-06-09,17.2984,-0.5429,0.2185,0.000867,-1.0859,-1.6288,-1.0984,-1.6499,46056.547567,4097.94137,-0.003685,1421.397987,-0.000547
2021-06-10,17.3649,0.3846,0.2177,0.000864,0.7691,1.1537,0.7565,1.1326,46233.662138,4129.459369,-0.003727,1432.151541,-0.000553
2021-06-11,17.7638,2.297,0.2168,0.000861,4.594,6.8909,4.5814,6.8698,47295.638605,4319.164812,-0.003984,1497.76394,-0.000591
2021-06-14,17.9566,1.0855,0.2144,0.000851,2.1711,3.2566,2.1585,3.2355,47809.045894,4412.936279,-0.004114,1530.093152,-0.00061
2021-06-15,17.7272,-1.2778,0.2136,0.000847,-2.5556,-3.8334,-2.5682,-3.8545,47198.13596,4300.158182,-0.003956,1490.797626,-0.000586
2021-06-16,17.7489,0.1223,0.2127,0.000844,0.2445,0.3668,0.232,0.3457,47255.84026,4310.672903,-0.003971,1494.255812,-0.000588
2021-06-17,18.5929,4.7557,0.2119,0.000841,9.5114,14.2671,9.4989,14.2461,49503.189903,4720.678911,-0.004537,1636.193201,-0.000672
2021-06-18,18.5745,-0.0992,0.2111,0.000838,-0.1983,-0.2975,-0.2109,-0.3185,49454.098337,4711.316059,-0.004524,1632.74278,-0.00067
2021-06-21,18.3637,-1.1347,0.2086,0.000828,-2.2695,-3.4042,-2.282,-3.4252,48892.924909,4604.394065,-0.00437,1595.48349,-0.000647
2021-06-22,18.8216,2.4936,0.2078,0.000825,4.9872,7.4807,4.9746,7.4597,50112.109157,4834.022574,-0.004697,1674.852878,-0.000695
2021-06-23,18.9916,0.9027,0.207,0.000821,1.8055,2.7082,1.793,2.6872,50564.49604,4921.300817,-0.004824,1704.882514,-0.000714
2021-06-24,19.1393,0.7779,0.2062,0.000818,1.5559,2.3338,1.5433,2.3128,50957.853196,4997.869518,-0.004937,1731.194623,-0.000731
2021-06-25,18.9654,-0.9086,0.2053,0.000815,-1.8172,-2.7258,-1.8297,-2.7467,50494.857823,4907.04974,-0.004802,1699.51911,-0.000711
2021-06-28,19.9161,5.0129,0.2029,0.000805,10.0258,15.0387,10.0133,15.0177,53026.107746,5399.01941,-0.005524,1869.696405,-0.000817
2021-06-29,19.9577,0.2089,0.2021,0.000802,0.4178,0.6267,0.4053,0.6057,53136.874813,5421.575602,-0.005559,1877.273817,-0.000822
2021-06-30,19.9336,-0.1211,0.2012,0.000799,-0.2422,-0.3633,-0.2547,-0.3842,53072.533224,5408.446008,-0.005539,1872.492815,-0.000819
2021-07-01,20.1423,1.0473,0.2004,0.000795,2.0947,3.142,2.0822,3.1211,53628.384632,5521.735959,-0.005713,1911.481564,-0.000845
2021-07-02,20.4164,1.3606,0.1996,0.000792,2.7212,4.0818,2.7087,4.0608,54358.044663,5671.991838,-0.005946,1963.257342,-0.000879
2021-07-06,20.6272,1.0324,0.1963,0.000779,2.0648,3.0972,2.0523,3.0762,54919.228247,5789.105274,-0.00613,2003.54892,-0.000906
2021-07-07,20.3015,-1.5786,0.1955,0.000776,-3.1572,-4.7358,-3.1697,-4.7567,54052.267226,5606.33036,-0.00584,1940.042346,-0.000863
2021-07-08,19.8341,-2.3022,0.1947,0.000772,-4.6045,-6.9067,-4.6169,-6.9276,52807.859246,5348.189024,-0.005436,1850.471744,-0.000803
2021-07-09,19.9811,0.7411,0.1938,0.000769,1.4822,2.2233,1.4697,2.2024,53199.220645,5427.460359,-0.005557,1877.668745,-0.000821
2021-07-12,20.4418,2.3055,0.1914,0.000759,4.6109,6.9164,4.5985,6.8955,54425.707436,5677.716222,-0.005942,1964.012486,-0.000877
2021-07-13,20.1802,-1.2797,0.1905,0.000756,-2.5594,-3.8391,-2.5719,-3.86,53729.218618,5532.400118,-0.005714,1913.500566,-0.000844
2021-07-14,19.7731,-2.0173,0.1897,0.000753,-4.0346,-6.0519,-4.047,-6.0727,52645.344681,5309.191054,-0.005368,1836.060463,-0.000792
2021-07-15,18.9009,-4.4112,0.1889,0.00075,-8.8224,-13.2336,-8.8348,-13.2545,50323.055115,4840.793362,-0.004657,1673.847297,-0.000687
2021-07-16,18.0984,-4.2457,0.1881,0.000746,-8.4914,-12.7371,-8.5039,-12.758,48186.487774,4429.741967,-0.004064,1531.505696,-0.0006
2021-07-19,18.715,3.407,0.1856,0.000737,6.814,10.221,6.8016,10.2002,49828.208877,4731.585957,-0.00448,1635.672404,-0.000661
2021-07-20,18.5478,-0.8932,0.1848,0.000733,-1.7865,-2.6797,-1.7989,-2.7005,49383.124536,4647.057339,-0.00436,1606.248047,-0.000643
2021-07-21,19.3431,4.2875,0.184,0.00073,8.5751,12.8626,8.5627,12.8418,51500.450339,5045.547086,-0.00492,1743.785641,-0.000725
2021-07-22,19.5265,0.948,0.1832,0.000727,1.8959,2.8439,1.8835,2.8231,51988.659287,5141.207657,-0.00506,1776.629972,-0.000746
2021-07-23,19.4906,-0.1837,0.1823,0.000724,-0.3675,-0.5512,-0.3799,-0.5721,51893.132086,5122.314106,-0.005032,1769.880158,-0.000742
2021-07-26,19.2275,-1.3498,0.1799,0.000714,-2.6997,-4.0495,-2.7121,-4.0703,51192.66191,4984.028822,-0.004829,1721.879515,-0.000712
2021-07-27,19.1418,-0.4457,0.179,0.00071,-0.8914,-1.3372,-0.9039,-1.3579,50964.485407,4939.599085,-0.004764,1706.316151,-0.000702
2021-07-28,19.4358,1.5358,0.1782,0.000707,3.0717,4.6075,3.0593,4.5867,51747.218362,5091.327762,-0.004983,1758.516908,-0.000734
2021-07-29,19.5942,0.8152,0.1774,0.000704,1.6305,2.4457,1.618,2.4249,52169.074729,5174.339336,-0.005105,1786.970417,-0.000752
2021-07-30,19.4318,-0.829,0.1766,0.000701,-1.658,-2.487,-1.6704,-2.5078,51736.589558,5088.548088,-0.004978,1757.120495,-0.000733
2021-08-02,19.6819,1.2873,0.1741,0.000691,2.5745,3.8618,2.5621,3.8411,52402.578329,5219.554631,-0.005171,1802.140374,-0.000761
2021-08-03,19.7467,0.3291,0.1733,0.000688,0.6582,0.9873,0.6458,0.9665,52575.031055,5253.908911,-0.005222,1813.778418,-0.000769
2021-08-04,20.2041,2.3164,0.1725,0.000684,4.6329,6.9493,4.6205,6.9286,53792.894955,5497.315177,-0.005585,1897.5835,-0.000822
2021-08-05,20.5659,1.7905,0.1716,0.000681,3.581,5.3714,3.5686,5.3507,54756.043351,5694.171297,-0.005885,1965.299958,-0.000866
2021-08-06,20.2958,-1.3132,0.1708,0.000678,-2.6264,-3.9395,-2.6387,-3.9603,54036.99689,5544.621642,-0.005653,1913.440644,-0.000831
2021-08-09,20.225,-0.3486,0.1684,0.000668,-0.6972,-1.0458,-0.7096,-1.0665,53848.628889,5505.965559,-0.005594,1899.86371,-0.000823
2021-08-10,19.8673,-1.7689,0.1675,0.000665,-3.5379,-5.3068,-3.5502,-5.3275,52896.083906,5311.172118,-0.005297,1832.414126,-0.000779
2021-08-11,19.6311,-1.1888,0.1667,0.000662,-2.3776,-3.5665,-2.39,-3.5872,52267.242626,5184.891153,-0.005108,1788.619141,-0.000751
2021-08-12,19.8364,1.0457,0.1659,0.000658,2.0915,3.1372,2.0791,3.1166,52813.826205,5293.332931,-0.005268,1825.806878,-0.000774
2021-08-13,20.1184,1.4218,0.1651,0.000655,2.8435,4.2653,2.8312,4.2446,53564.718452,5443.851192,-0.005493,1877.498809,-0.000807
2021-08-16,19.8812,-1.1789,0.1626,0.000645,-2.3578,-3.5368,-2.3702,-3.5574,52933.231398,5315.49351,-0.005299,1832.998358,-0.000778
2021-08-17,19.3909,-2.4662,0.1618,0.000642,-4.9323,-7.3985,-4.9447,-7.4192,51627.808091,5053.315331,-0.004907,1742.362314,-0.000721
2021-08-18,18.9744,-2.1482,0.161,0.000639,-4.2964,-6.4446,-4.3088,-6.4653,50518.735814,4836.203966,-0.00459,1667.288113,-0.000674
2021-08-19,19.7298,3.9811,0.1601,0.000635,7.9622,11.9433,7.9498,11.9226,52529.931003,5221.271011,-0.005139,1799.834745,-0.000754
2021-08-20,20.7442,5.1419,0.1593,0.000632,10.2839,15.4258,10.2715,15.4052,55230.987877,5758.220125,-0.005931,1984.705471,-0.000871
2021-08-23,21.8823,5.4861,0.1568,0.000622,10.9723,16.4584,10.96,16.4378,58261.040004,6390.028746,-0.006907,2202.228425,-0.001014
2021-08-24,21.7179,-0.7514,0.156,0.000619,-1.5028,-2.2543,-1.5152,-2.2749,57823.253127,6293.996449,-0.006752,2168.860885,-0.000991
2021-08-25,22.1364,1.9272,0.1552,0.000616,3.8544,5.7817,3.8421,5.7611,58937.637267,6536.595384,-0.007142,2252.191288,-0.001048
2021-08-26,21.9919,-0.6528,0.1544,0.000613,-1.3056,-1.9584,-1.3179,-1.979,58552.897923,6451.254826,-0.007002,2222.509656,-0.001027
2021-08-27,22.558,2.5739,0.1536,0.000609,5.1478,7.7217,5.1355,7.7011,60059.989201,6783.352134,-0.007543,2336.646156,-0.001106
2021-08-30,22.6098,0.2297,0.1511,0.0006,0.4594,0.6891,0.4471,0.6686,60197.950366,6814.515615,-0.007595,2347.093424,-0.001113
2021-08-31,22.3118,-1.3181,0.1503,0.000596,-2.6362,-3.9543,-2.6485,-3.9749,59404.481964,6634.871531,-0.007294,2284.930653,-0.001069
2021-09-01,22.3676,0.2502,0.1495,0.000593,0.5003,0.7505,0.488,0.7299,59553.087167,6668.066886,-0.007349,2296.081504,-0.001077
2021-09-02,22.3227,-0.2005,0.1486,0.00059,-0.401,-0.6016,-0.4133,-0.6221,59433.671818,6641.325383,-0.007305,2286.591008,-0.00107
2021-09-03,22.7683,1.9959,0.1478,0.000587,3.9917,5.9876,3.9795,5.9671,60619.893063,6906.430366,-0.007742,2377.584874,-0.001134
2021-09-07,22.5879,-0.7924,0.1445,0.000573,-1.5847,-2.3771,-1.597,-2.3976,60139.570657,6796.984008,-0.007558,2339.615269,-0.001107
2021-09-08,22.2659,-1.4253,0.1437,0.00057,-2.8506,-4.2759,-2.8629,-4.2964,59282.405605,6603.230142,-0.007235,2272.635302,-0.001059
2021-09-09,22.1045,-0.7252,0.1429,0.000567,-1.4504,-2.1755,-1.4626,-2.196,58852.500191,6507.459252,-0.007078,2239.394884,-0.001036
2021-09-10,22.4045,1.3573,0.1421,0.000564,2.7146,4.0718,2.7023,4.0513,59651.290613,6684.10752,-0.007366,2299.909614,-0.001078
2021-09-13,22.0795,-1.4503,0.1396,0.000554,-2.9006,-4.351,-2.9129,-4.3714,58786.157767,6490.226016,-0.007045,2232.915676,-0.001031
2021-09-14,22.1692,0.4063,0.1388,0.000551,0.8126,1.2188,0.8003,1.1984,59024.993543,6542.962859,-0.007131,2250.785719,-0.001043
2021-09-15,22.2679,0.4451,0.1379,0.000547,0.8902,1.3353,0.8779,1.3148,59287.707311,6601.206878,-0.007227,2270.545914,-0.001057
2021-09-16,22.1692,-0.4431,0.1371,0.000544,-0.8862,-1.3294,-0.8985,-1.3498,59024.993543,6542.70477,-0.007131,2250.145422,-0.001043
2021-09-17,21.8284,-1.5376,0.1363,0.000541,-3.0753,-4.6129,-3.0875,-4.6334,58117.396264,6341.497088,-0.006802,2180.67116,-0.000995
2021-09-20,21.0439,-3.5936,0.1338,0.000531,-7.1872,-10.7808,-7.1994,-10.8012,56028.89468,5885.722138,-0.006068,2023.675492,-0.000887
2021-09-21,21.1765,0.6299,0.133,0.000528,1.2599,1.8898,1.2476,1.8694,56381.839021,5959.874317,-0.006183,2048.9235,-0.000904
2021-09-22,21.8692,3.2712,0.1322,0.000525,6.5424,9.8137,6.5302,9.7932,58226.213278,6349.795574,-0.00679,2182.722508,-0.000992
2021-09-23,22.4085,2.4657,0.1314,0.000521,4.9313,7.397,4.9191,7.3766,59661.878791,6662.925417,-0.007292,2290.093023,-0.001065
2021-09-24,22.0088,-1.7836,0.1305,0.000518,-3.5672,-5.3509,-3.5795,-5.3713,58597.738983,6425.243188,-0.006902,2208.120065,-0.001008
2021-09-27,21.5891,-1.9066,0.1281,0.000508,-3.8132,-5.7199,-3.8255,-5.7403,57480.50086,6180.232825,-0.006507,2123.64929,-0.00095
2021-09-28,20.6313,-4.4368,0.1273,0.000505,-8.8735,-13.3103,-8.8857,-13.3307,54930.227764,5631.828366,-0.005641,1934.947429,-0.000824
2021-09-29,20.4499,-0.8793,0.1264,0.000502,-1.7585,-2.6378,-1.7707,-2.6582,54447.244348,5532.790739,-0.005492,1900.684497,-0.000802
2021-09-30,20.6482,0.9699,0.1256,0.000498,1.9399,2.9098,1.9277,2.8895,54975.353207,5640.120902,-0.005652,1937.323748,-0.000825
2021-10-01,20.6741,0.1255,0.1248,0.000495,0.251,0.3765,0.2388,0.3561,55044.341407,5654.276401,-0.005673,1941.949633,-0.000828
2021-10-04,19.6675,-4.8693,0.1223,0.000485,-9.7387,-14.608,-9.7509,-14.6283,52364.04955,5103.625395,-0.004845,1752.592916,-0.000707
2021-10-05,20.3841,3.6438,0.1215,0.000482,7.2876,10.9315,7.2754,10.9111,54272.100143,5475.559023,-0.005374,1880.101888,-0.000784
2021-10-06,20.6323,1.2175,0.1207,0.000479,2.4351,3.6526,2.4229,3.6323,54932.888774,5608.894093,-0.00557,1925.655062,-0.000812
2021-10-07,21.0061,1.8116,0.1199,0.000476,3.6232,5.4348,3.611,5.4145,55928.050538,5812.115044,-0.005873,1995.190642,-0.000856
2021-10-08,20.7629,-1.1578,0.119,0.000472,-2.3156,-3.4733,-2.3277,-3.4937,55280.52633,5677.531944,-0.005669,1948.747786,-0.000826
2021-10-11,20.6273,-0.6529,0.1166,0.000463,-1.3057,-1.9586,-1.3179,-1.9789,54919.619273,5603.398738,-0.005558,1923.06527,-0.00081
2021-10-12,20.6034,-0.116,0.1158,0.000459,-0.2319,-0.3479,-0.2441,-0.3681,54855.937858,5590.404024,-0.005539,1918.371579,-0.000807
2021-10-13,20.8705,1.2965,0.1149,0.000456,2.593,3.8895,2.5808,3.8692,55567.138403,5735.361837,-0.005754,1967.881166,-0.000838
2021-10-14,21.6749,3.8541,0.1141,0.000453,7.7081,11.5622,7.696,11.5419,57708.733223,6177.451229,-0.006419,2119.328811,-0.000935
2021-10-15,21.7905,0.5334,0.1133,0.00045,1.0668,1.6002,1.0547,1.58,58016.5572,6243.353476,-0.006522,2141.680598,-0.00095
2021-10-18,22.1493,1.6467,0.1108,0.00044,3.2934,4.9402,3.2813,4.9199,58971.925697,6448.974199,-0.006844,2211.955303,-0.000996
2021-10-19,22.2171,0.306,0.11,0.000437,0.612,0.918,0.5999,0.8978,59152.381765,6488.442353,-0.006907,2225.224023,-0.001005
2021-10-20,22.0307,-0.839,0.1092,0.000433,-1.6779,-2.5169,-1.6901,-2.5371,58656.118692,6379.571865,-0.006733,2187.616542,-0.00098
2021-10-21,22.6178,2.6648,0.1084,0.00043,5.3296,7.9944,5.3175,7.9742,60219.192739,6719.578788,-0.007272,2303.942689,-0.001058
2021-10-22,22.6517,0.1498,0.1075,0.000427,0.2996,0.4495,0.2875,0.4292,60309.413155,6739.713339,-0.007304,2310.566686,-0.001063
2021-10-25,23.0902,1.9361,0.1051,0.000417,3.8722,5.8083,3.8601,5.7881,61477.068271,7000.689539,-0.007729,2399.756682,-0.001124
2021-10-26,24.6361,6.6952,0.1042,0.000414,13.3903,20.0855,13.3782,20.0653,65593.051032,7938.103059,-0.009281,2720.800515,-0.00135
2021-10-27,24.371,-1.0762,0.1034,0.00041,-2.1523,-3.2285,-2.1645,-3.2487,64887.157272,7767.247844,-0.008981,2661.909879,-0.001306
2021-10-28,24.8594,2.004,0.1026,0.000407,4.008,6.0121,3.9959,5.9919,66187.507394,8078.561888,-0.009521,2768.277719,-0.001384
2021-10-29,25.4834,2.5099,0.1018,0.000404,5.0198,7.5297,5.0077,7.5095,67848.739182,8484.087473,-0.010238,2906.903771,-0.001488
2021-11-01,25.7425,1.017,0.0993,0.000394,2.0339,3.0509,2.0218,3.0307,68538.73798,8656.64809,-0.010551,2965.676485,-0.001533
2021-11-02,26.3146,2.2225,0.0985,0.000391,4.4449,6.6674,4.4328,6.6472,70061.983212,9041.428969,-0.011254,3097.139599,-0.001635
2021-11-03,26.511,0.7462,0.0977,0.000388,1.4924,2.2386,1.4803,2.2185,70584.785287,9176.36314,-0.011506,3142.986705,-0.001671
2021-11-04,29.7035,12.0422,0.0968,0.000384,24.0845,36.1267,24.0724,36.1066,79084.776439,11386.442981,-0.015663,3899.578871,-0.002275
2021-11-05,29.6547,-0.1644,0.096,0.000381,-0.3288,-0.4932,-0.3409,-0.5133,78954.757678,11349.00338,-0.015585,3886.285363,-0.002263
2021-11-08,30.7032,3.5359,0.0936,0.000371,7.0718,10.6076,7.0597,10.5875,81746.502168,12151.577376,-0.017239,4160.644668,-0.002503
2021-11-09,30.5567,-0.4772,0.0927,0.000368,-0.9544,-1.4316,-0.9665,-1.4517,81356.400178,12035.600438,-0.016992,4120.432322,-0.002466
2021-11-10,29.3626,-3.9077,0.0919,0.000365,-7.8155,-11.7232,-7.8276,-11.7433,78177.199473,11094.959276,-0.015,3797.90296,-0.002177
2021-11-11,30.2906,3.1603,0.0911,0.000361,6.3206,9.481,6.3086,9.4609,80647.850486,11796.232091,-0.016422,4037.496539,-0.002383
2021-11-12,30.2906,0.0,0.0903,0.000358,0.0,0.0,-0.0121,-0.0201,80647.850486,11796.232091,-0.016422,4037.009432,-0.002382
2021-11-15,29.9268,-1.2011,0.0878,0.000348,-2.4021,-3.6032,-2.4142,-3.6233,79679.212488,11512.86983,-0.01583,3939.548074,-0.002296
2021-11-16,30.1042,0.5928,0.087,0.000345,1.1857,1.7785,1.1736,1.7585,80151.587413,11649.376977,-0.016112,3985.784195,-0.002336
2021-11-17,29.1653,-3.1189,0.0862,0.000342,-6.2378,-9.3567,-6.2498,-9.3767,77651.751624,10922.715649,-0.014604,3736.679931,-0.002117
2021-11-18,31.5714,8.2499,0.0853,0.000339,16.4998,24.7497,16.4877,24.7296,84057.934409,12724.939333,-0.018219,4352.773689,-0.002641
2021-11-19,32.8771,4.1358,0.0845,0.000335,8.2715,12.4073,8.2595,12.3872,87534.360756,13777.482789,-0.020479,4712.289249,-0.002968
2021-11-22,31.8515,-3.1196,0.0821,0.000326,-6.2392,-9.3588,-6.2513,-9.3789,84803.626514,12917.874203,-0.018563,4417.71179,-0.002689
2021-11-23,31.6422,-0.6571,0.0812,0.000322,-1.3143,-1.9714,-1.3263,-1.9914,84246.348114,12748.097212,-0.018197,4359.11931,-0.002636
2021-11-24,32.5671,2.9232,0.0804,0.000319,5.8464,8.7696,5.8344,8.7496,86709.04149,13493.403217,-0.019793,4613.447085,-0.002867
2021-11-26,31.4,-3.5839,0.0788,0.000313,-7.1678,-10.7516,-7.1798,-10.7716,83601.495072,12526.22895,-0.017665,4282.211952,-0.002558
2021-11-29,33.2668,5.9455,0.0763,0.000303,11.891,17.8364,11.8789,17.8165,88572.002188,14015.716909,-0.020815,4790.893493,-0.003013
2021-11-30,32.5691,-2.0974,0.0755,0.0003,-4.1947,-6.2921,-4.2067,-6.312,86714.33304,13427.798283,-0.019506,4589.354234,-0.002823
2021-12-01,31.336,-3.7861,0.0747,0.000296,-7.5722,-11.3583,-7.5842,-11.3782,83431.246313,12411.019977,-0.01729,4241.288801,-0.002502
2021-12-02,32.0248,2.1982,0.0738,0.000293,4.3963,6.5945,4.3843,6.5746,85265.210131,12956.651562,-0.01843,4427.241675,-0.002667
2021-12-03,30.5963,-4.4605,0.073,0.00029,-8.9211,-13.3816,-8.9331,-13.4016,81461.916322,11800.77679,-0.015964,4031.752288,-0.002309
2021-12-06,29.9424,-2.1373,0.0705,0.00028,-4.2746,-6.4119,-4.2866,-6.4318,79720.828852,11296.340226,-0.01494,3858.927555,-0.002161
2021-12-07,32.3249,7.9569,0.0697,0.000277,15.9137,23.8706,15.9017,23.8507,86064.102118,13094.007761,-0.018507,4472.563922,-0.002676
2021-12-08,31.7258,-1.8534,0.0689,0.000273,-3.7068,-5.5602,-3.7188,-5.5801,84468.999467,12608.641947,-0.017478,4306.240098,-0.002527
2021-12-09,30.394,-4.1978,0.0681,0.00027,-8.3957,-12.5935,-8.4076,-12.6134,80923.132955,11550.062787,-0.015277,3944.186929,-0.002208
2021-12-10,30.1029,-0.9577,0.0673,0.000267,-1.9154,-2.8731,-1.9274,-2.893,80148.139273,11328.834929,-0.014838,3868.168423,-0.002144
2021-12-13,28.0723,-6.7455,0.0648,0.000257,-13.491,-20.2364,-13.5029,-20.2563,74741.764863,9800.466989,-0.011835,3345.852823,-0.00171
2021-12-14,28.2478,0.625,0.064,0.000254,1.2499,1.8749,1.238,1.855,75208.878708,9922.967008,-0.012057,3387.273826,-0.001741
2021-12-15,30.3631,7.4885,0.0632,0.000251,14.9769,22.4654,14.9649,22.4455,80840.86002,11409.120391,-0.014766,3894.177608,-0.002132
2021-12-16,28.2976,-6.8026,0.0623,0.000247,-13.6052,-20.4078,-13.6172,-20.4277,75341.578792,9856.886494,-0.011752,3363.901373,-0.001697
2021-12-17,27.7135,-2.0643,0.0615,0.000244,-4.1286,-6.1929,-4.1406,-6.2128,73786.2948,9449.933042,-0.011025,3224.616646,-0.001591
2021-12-20,27.6317,-0.295,0.059,0.000234,-0.5899,-0.8849,-0.6019,-0.9047,73568.655693,9394.18624,-0.010927,3205.20903,-0.001577
2021-12-21,28.9834,4.892,0.0582,0.000231,9.7839,14.6759,9.772,14.656,77167.600207,10313.304708,-0.012531,3518.421091,-0.001808
2021-12-22,29.3074,1.1178,0.0574,0.000228,2.2356,3.3534,2.2237,3.3336,78030.183766,10543.87005,-0.012951,3596.659396,-0.001868
2021-12-23,29.5467,0.8163,0.0566,0.000225,1.6326,2.4489,1.6207,2.4291,78667.145187,10716.009551,-0.013268,3654.94944,-0.001914
2021-12-27,30.8475,4.4028,0.0533,0.000211,8.8057,13.2085,8.7938,13.1888,82130.738764,11659.628434,-0.01502,3976.357471,-0.002166
2021-12-28,30.2265,-2.0132,0.0525,0.000208,-4.0265,-6.0397,-4.0384,-6.0595,80477.246249,11190.154796,-0.014113,3815.776116,-0.002035
2021-12-29,29.9065,-1.0587,0.0516,0.000205,-2.1173,-3.176,-2.1292,-3.1957,79625.271181,10953.224898,-0.013665,3734.529924,-0.00197
2021-12-30,29.4928,-1.3833,0.0508,0.000202,-2.7665,-4.1498,-2.7784,-4.1695,78523.846768,10650.201772,-0.013098,3630.768709,-0.001888
2021-12-31,29.3184,-0.5915,0.05,0.000198,-1.183,-1.7745,-1.1949,-1.7943,78059.368542,10524.207261,-0.012866,3587.383586,-0.001854
2022-01-03,30.0261,2.4141,0.0662,0.000263,4.8281,7.2422,4.8162,7.2223,79943.779822,11032.33166,-0.013797,3760.158434,-0.001988
2022-01-04,29.1978,-2.7589,0.0716,0.000284,-5.5178,-8.2766,-5.5297,-8.2966,77738.229361,10423.594765,-0.012655,3552.231291,-0.001823
2022-01-05,27.5171,-5.7562,0.077,0.000306,-11.5125,-17.2687,-11.5245,-17.2887,73263.426709,9223.579537,-0.01047,3142.854356,-0.001508
2022-01-06,28.0893,2.0794,0.0824,0.000327,4.1588,6.2382,4.1468,6.2182,74786.875071,9607.171945,-0.011123,3273.181939,-0.001601
2022-01-07,27.1612,-3.304,0.0878,0.000348,-6.608,-9.912,-6.6201,-9.9321,72315.914284,8972.329397,-0.010021,3056.495291,-0.001442
2022-01-10,27.3137,0.5615,0.104,0.000413,1.1231,1.6846,1.111,1.6645,72722.002645,9073.097218,-0.010189,3090.452235,-0.001466
2022-01-11,27.7294,1.5219,0.1094,0.000434,3.0438,4.5657,3.0316,4.5454,73828.754155,9349.262992,-0.010655,3184.143833,-0.001533
2022-01-12,27.9108,0.6543,0.1148,0.000455,1.3086,1.9628,1.2964,1.9426,74311.79851,9471.603095,-0.010864,3225.422809,-0.001563
2022-01-13,26.4913,-5.0859,0.1202,0.000477,-10.1718,-15.2577,-10.184,-15.278,70532.372537,8508.170007,-0.009206,2896.9461,-0.001324
2022-01-14,26.8572,1.381,0.1256,0.000498,2.762,4.143,2.7498,4.1226,71506.418884,8743.164284,-0.009588,2976.605721,-0.001379
2022-01-18,25.8214,-3.8564,0.1472,0.000584,-7.7128,-11.5693,-7.7251,-11.5898,68748.83079,8068.817949,-0.008478,2746.65903,-0.001219
2022-01-19,24.9881,-3.2274,0.1525,0.000605,-6.4549,-9.6823,-6.4672,-9.7029,66530.010827,7547.987147,-0.007657,2569.027908,-0.001101
2022-01-20,24.0739,-3.6582,0.1579,0.000627,-7.3164,-10.9745,-7.3287,-10.9952,64096.222923,6995.749154,-0.006817,2380.75171,-0.00098
2022-01-21,23.3004,-3.2133,0.1633,0.000648,-6.4265,-9.6398,-6.4389,-9.6604,62036.647125,6546.16648,-0.00616,2227.458279,-0.000885
2022-01-24,23.2984,-0.0086,0.1795,0.000712,-0.0171,-0.0257,-0.0295,-0.0465,62031.335262,6545.045454,-0.006158,2226.800206,-0.000885
2022-01-25,22.2537,-4.484,0.1849,0.000734,-8.968,-13.452,-8.9804,-13.4728,59249.85394,5958.08657,-0.00533,2026.824014,-0.000765
2022-01-26,22.7003,2.0068,0.1903,0.000755,4.0136,6.0204,4.0012,5.9995,60438.883465,6197.221027,-0.005651,2107.920284,-0.000811
2022-01-27,21.8749,-3.636,0.1957,0.000777,-7.272,-10.908,-7.2845,-10.929,58241.316032,5746.557139,-0.005034,1954.368517,-0.000723
2022-01-28,22.7681,4.0831,0.2011,0.000798,8.1662,12.2492,8.1537,12.2283,60619.354767,6215.830034,-0.005651,2113.72094,-0.000811
2022-01-31,24.4089,7.2067,0.2173,0.000862,14.4134,21.62,14.4008,21.5989,64987.996336,7111.739717,-0.006873,2418.113387,-0.000986
2022-02-01,24.5604,0.6207,0.2227,0.000884,1.2415,1.8622,1.2289,1.8411,65391.403374,7200.030664,-0.007001,2447.829379,-0.001004
2022-02-02,25.1625,2.4515,0.2281,0.000905,4.903,7.3546,4.8904,7.3334,66994.489053,7553.051564,-0.007516,2567.538899,-0.001078
2022-02-03,23.8726,-5.1264,0.2335,0.000927,-10.2527,-15.3791,-10.2654,-15.4003,63560.100565,6778.656126,-0.00636,2303.971218,-0.000912
2022-02-04,24.2424,1.5492,0.2389,0.000948,3.0983,4.6475,3.0857,4.6262,64544.750326,6988.681034,-0.006655,2375.064218,-0.000954
2022-02-07,24.6501,1.6818,0.2551,0.001012,3.3636,5.0455,3.3509,5.0241,65630.279777,7223.755739,-0.006991,2454.650968,-0.001002
2022-02-08,25.0289,1.5367,0.2605,0.001034,3.0734,4.6102,3.0607,4.5887,66638.83292,7445.773429,-0.007314,2529.780432,-0.001048
2022-02-09,26.6209,6.3605,0.2659,0.001055,12.721,19.0815,12.7083,19.0601,70877.404944,8392.952291,-0.008709,2851.271651,-0.001248
2022-02-10,25.7427,-3.299,0.2713,0.001077,-6.598,-9.897,-6.6108,-9.9185,68539.164554,7839.18653,-0.007847,2662.780691,-0.001124
2022-02-11,23.8736,-7.2607,0.2767,0.001098,-14.5214,-21.7821,-14.5342,-21.8037,63562.736184,6700.825697,-0.006138,2275.766297,-0.000879
2022-02-14,24.1906,1.3278,0.2929,0.001162,2.6557,3.9835,2.6428,3.9618,64406.738379,6878.776236,-0.006382,2335.909848,-0.000914
2022-02-15,26.4116,9.1812,0.2983,0.001184,18.3624,27.5436,18.3495,27.5219,70320.05037,8141.884756,-0.00814,2764.537898,-0.001165
2022-02-16,26.4275,0.0604,0.3037,0.001205,0.1208,0.1812,0.1079,0.1594,70362.514803,8151.718097,-0.008155,2767.519821,-0.001167
2022-02-17,24.4298,-7.5591,0.3091,0.001226,-15.1183,-22.6774,-15.1312,-22.6992,65043.720113,6919.319993,-0.006306,2348.761004,-0.000902
2022-02-18,23.5675,-3.5296,0.3145,0.001248,-7.0592,-10.5888,-7.0722,-10.6107,62747.934,6430.870725,-0.005638,2182.652789,-0.000806
2022-02-22,23.3163,-1.0659,0.3361,0.001334,-2.1318,-3.1977,-2.1448,-3.2197,62079.10648,6293.777978,-0.005458,2135.838569,-0.000781
2022-02-23,22.3165,-4.2881,0.3415,0.001355,-8.5763,-12.8644,-8.5893,-12.8865,59417.065899,5754.005634,-0.004756,1952.383996,-0.00068
2022-02-24,23.6732,6.0794,0.3468,0.001376,12.1588,18.2382,12.1457,18.2161,63029.274836,6453.625189,-0.005623,2189.51555,-0.000804
2022-02-25,24.0809,1.7223,0.3522,0.001398,3.4445,5.1668,3.4314,5.1446,64114.799208,6675.920858,-0.005913,2264.646683,-0.000845
2022-02-28,24.3082,0.9438,0.3684,0.001462,1.8876,2.8315,1.8745,2.8092,64719.930079,6801.938747,-0.006081,2307.097023,-0.000869
2022-03-01,23.4031,-3.7236,0.3738,0.001483,-7.4472,-11.1708,-7.4604,-11.1932,62310.01001,6295.382924,-0.005402,2134.977968,-0.000772
2022-03-02,24.1478,3.1824,0.3792,0.001505,6.3648,9.5472,6.3516,9.5248,64292.959901,6696.070675,-0.005917,2270.582723,-0.000845
2022-03-03,23.6433,-2.0892,0.3846,0.001526,-4.1784,-6.2676,-4.1916,-6.29,62949.759397,6416.283728,-0.005546,2175.408802,-0.000792
2022-03-04,22.8677,-3.2807,0.39,0.001548,-6.5615,-9.8422,-6.5747,-9.8647,60884.536571,5995.279557,-0.005001,2032.381121,-0.000714
2022-03-07,21.2884,-6.9062,0.4062,0.001612,-13.8124,-20.7186,-13.8257,-20.7412,56679.724838,5167.186802,-0.003965,1751.389573,-0.000566
2022-03-08,21.4499,0.7587,0.4116,0.001633,1.5174,2.2762,1.5041,2.2535,57109.767364,5245.596147,-0.004055,1777.732359,-0.000579
2022-03-09,22.9454,6.9722,0.417,0.001655,13.9444,20.9166,13.931,20.8939,61091.577344,5977.063567,-0.004903,2025.389117,-0.000699
2022-03-10,22.5905,-1.5469,0.4224,0.001676,-3.0937,-4.6406,-3.1071,-4.6633,60146.573581,5792.14945,-0.004675,1962.458028,-0.000667
2022-03-11,22.0342,-2.4627,0.4278,0.001698,-4.9255,-7.3882,-4.9389,-7.411,58665.315426,5506.857434,-0.00433,1865.534213,-0.000617
2022-03-14,21.2665,-3.4841,0.444,0.001762,-6.9683,-10.4524,-6.9817,-10.4753,56621.34005,5123.12538,-0.003877,1735.287715,-0.000553
2022-03-15,22.9046,7.7028,0.4494,0.001783,15.4055,23.1083,15.392,23.0853,60982.745095,5912.369324,-0.004773,2002.383672,-0.00068
2022-03-16,24.423,6.6295,0.4548,0.001805,13.259,19.8885,13.2455,19.8655,65025.600872,6696.291282,-0.005723,2267.609487,-0.000815
2022-03-17,24.6922,1.1022,0.4602,0.001826,2.2045,3.3067,2.191,3.2837,65742.341801,6843.91025,-0.005912,2317.291812,-0.000842
2022-03-18,26.3742,6.8117,0.4656,0.001848,13.6235,20.4352,13.6099,20.4122,70220.541811,7776.289539,-0.00712,2632.673698,-0.001014
2022-03-21,26.6544,1.0623,0.4818,0.001912,2.1245,3.1868,2.1109,3.1636,70966.467517,7941.498582,-0.007347,2688.246929,-0.001046
2022-03-22,26.445,-0.7855,0.4872,0.001933,-1.571,-2.3565,-1.5847,-2.3798,70409.016456,7816.735523,-0.007174,2645.647187,-0.001021
2022-03-23,25.5576,-3.3555,0.4926,0.001955,-6.7109,-10.0664,-6.7246,-10.0896,68046.476578,7292.1621,-0.006452,2467.738988,-0.000918
2022-03-24,28.0661,9.8151,0.498,0.001976,19.6302,29.4453,19.6165,29.422,74725.306213,8723.628085,-0.008351,2951.823433,-0.001188
2022-03-25,27.6095,-1.627,0.5034,0.001997,-3.254,-4.881,-3.2677,-4.9044,73509.519323,8439.75979,-0.007944,2855.366099,-0.00113
2022-03-28,28.1349,1.9031,0.5196,0.002062,3.8062,5.7092,3.7924,5.6857,74908.463917,8760.990467,-0.008397,2963.652743,-0.001194
2022-03-29,28.5706,1.5486,0.525,0.002083,3.0972,4.6458,3.0834,4.6222,76068.491482,9032.334716,-0.008787,3055.033934,-0.00125
2022-03-30,27.6075,-3.371,0.5304,0.002105,-6.742,-10.113,-6.7558,-10.1366,73504.217616,8423.373517,-0.007899,2848.641214,-0.001123
2022-03-31,27.2047,-1.459,0.5358,0.002126,-2.918,-4.3771,-2.9319,-4.4007,72431.774849,8177.575758,-0.007553,2765.122571,-0.001074
2022-04-01,26.6324,-2.1036,0.5412,0.002147,-4.2073,-6.3109,-4.2211,-6.3346,70908.072573,7833.52259,-0.007076,2648.403164,-0.001006
2022-04-04,27.2785,2.4259,0.5573,0.002212,4.8517,7.2776,4.8378,7.2538,72628.207131,8213.584054,-0.007591,2776.527963,-0.001078
2022-04-05,25.8537,-5.223,0.5627,0.002233,-10.4459,-15.6689,-10.4599,-15.6927,68834.866717,7355.60004,-0.006402,2486.107177,-0.000909
2022-04-06,24.3343,-5.8771,0.5681,0.002255,-11.7543,-17.6314,-11.7682,-17.6553,64789.355009,6491.004305,-0.005273,2193.536803,-0.000749
2022-04-07,24.1359,-0.8153,0.5735,0.002276,-1.6307,-2.446,-1.6447,-2.4699,64261.098881,6385.156275,-0.005144,2157.460354,-0.00073
2022-04-08,23.0501,-4.4985,0.5789,0.002297,-8.997,-13.4956,-9.0111,-13.5195,61370.297796,5810.680674,-0.00445,1963.050478,-0.000631
2022-04-11,21.8517,-5.1991,0.5951,0.002362,-10.3983,-15.5974,-10.4124,-15.6215,58179.564356,5206.468741,-0.003756,1758.650465,-0.000533
2022-04-12,21.4399,-1.8844,0.6005,0.002383,-3.7688,-5.6532,-3.7829,-5.6773,57083.233441,5010.248206,-0.003543,1692.122953,-0.000503
2022-04-13,22.1368,3.2505,0.6059,0.002404,6.501,9.7515,6.4869,9.7273,58938.724015,5335.964454,-0.003889,1801.889099,-0.000551
2022-04-14,21.1947,-4.2561,0.6113,0.002426,-8.5123,-12.7684,-8.5264,-12.7926,56430.214553,4881.753151,-0.003392,1648.252921,-0.000481
2022-04-18,21.7181,2.4697,0.6329,0.002512,4.9393,7.409,4.9251,7.3846,57823.852362,5122.879144,-0.003644,1729.431258,-0.000516
2022-04-19,22.1319,1.9051,0.6383,0.002533,3.8103,5.7154,3.796,5.6909,58925.469749,5318.073774,-0.003852,1795.080697,-0.000546
2022-04-20,21.418,-3.2255,0.6437,0.002554,-6.451,-9.6765,-6.4653,-9.701,57024.828341,4975.004766,-0.003479,1679.024027,-0.000493
2022-04-21,20.1229,-6.0469,0.6491,0.002576,-12.0938,-18.1408,-12.1081,-18.1653,53576.581274,4373.33542,-0.002848,1475.725669,-0.000403
2022-04-22,19.4569,-3.3097,0.6545,0.002597,-6.6195,-9.9292,-6.6338,-9.9538,51803.333165,4083.842937,-0.002565,1377.829081,-0.000363
2022-04-25,19.8427,1.9831,0.6707,0.002661,3.9662,5.9493,3.9518,5.9246,52830.645411,4245.81637,-0.002718,1432.278593,-0.000385
2022-04-26,18.732,-5.5974,0.6761,0.002683,-11.1948,-16.7922,-11.2092,-16.817,49873.496824,3770.504748,-0.002262,1271.731448,-0.00032
2022-04-27,18.3601,-1.9853,0.6815,0.002704,-3.9706,-5.9559,-3.985,-5.9807,48883.357462,3620.792961,-0.002127,1221.052772,-0.000301
2022-04-28,19.7231,7.4233,0.6869,0.002726,14.8466,22.2699,14.8322,22.2451,52512.111379,4158.356964,-0.002601,1402.161152,-0.000368
2022-04-29,18.4917,-6.2431,0.6923,0.002747,-12.4861,-18.7292,-12.5006,-18.754,49233.747437,3639.139314,-0.002113,1226.882897,-0.000299
2022-05-02,19.4748,5.3162,0.7085,0.002811,10.6325,15.9487,10.618,15.9237,51851.129775,4026.069802,-0.002451,1357.152768,-0.000346
2022-05-03,19.5436,0.3532,0.7139,0.002833,0.7065,1.0597,0.692,1.0347,52034.292556,4054.513778,-0.002477,1366.543665,-0.00035
2022-05-04,20.2734,3.7343,0.7193,0.002854,7.4686,11.2028,7.454,11.1778,53977.398398,4357.327519,-0.002754,1468.405804,-0.000389
2022-05-05,18.7879,-7.3276,0.7247,0.002876,-14.6552,-21.9828,-14.6698,-22.008,50022.142654,3718.751181,-0.002149,1252.993444,-0.000303
2022-05-06,18.6194,-0.8968,0.7301,0.002897,-1.7937,-2.6905,-1.8083,-2.7157,49573.528921,3652.049406,-0.002091,1230.336015,-0.000295
2022-05-09,16.8995,-9.2369,0.7462,0.002961,-18.4739,-27.7108,-18.4886,-27.7361,44994.449221,2977.373802,-0.001511,1002.864627,-0.000213
2022-05-10,17.5426,3.8053,0.7516,0.002983,7.6106,11.4159,7.5959,11.3906,46706.621063,3203.969556,-0.001684,1079.041244,-0.000238
2022-05-11,16.5805,-5.4845,0.757,0.003004,-10.969,-16.4535,-10.9837,-16.4789,44144.992972,2852.525661,-0.001407,960.522318,-0.000198
2022-05-12,16.1268,-2.736,0.7624,0.003026,-5.472,-8.208,-5.4868,-8.2335,42937.178954,2696.434551,-0.001291,907.820729,-0.000182
2022-05-13,17.6532,9.4652,0.7678,0.003047,18.9305,28.3957,18.9157,28.3702,47001.282182,3206.882076,-0.001658,1079.541456,-0.000234
2022-05-16,17.2126,-2.4963,0.784,0.003111,-4.9926,-7.4889,-5.0074,-7.5145,45827.985116,3046.774728,-0.001534,1025.484121,-0.000216
2022-05-17,18.1228,5.2885,0.7894,0.003133,10.5769,15.8654,10.5621,15.8397,48251.575868,3369.029133,-0.001777,1133.796409,-0.000251
2022-05-18,16.8875,-6.8163,0.7948,0.003154,-13.6326,-20.4489,-13.6475,-20.4746,44962.603435,2909.74283,-0.001414,979.061981,-0.000199
2022-05-19,17.073,1.0981,0.8002,0.003175,2.1962,3.2944,2.1814,3.2687,45456.34769,2973.647885,-0.00146,1000.418869,-0.000206
2022-05-20,16.6443,-2.5111,0.8056,0.003197,-5.0223,-7.5334,-5.0372,-7.5592,44314.876096,2824.303084,-0.00135,950.025979,-0.00019
2022-05-23,16.8477,1.2221,0.8218,0.003261,2.4441,3.6662,2.4291,3.6403,44856.427117,2893.332013,-0.0014,973.103415,-0.000197
2022-05-24,16.1059,-4.4029,0.8272,0.003283,-8.8058,-13.2088,-8.8208,-13.2347,42881.434863,2638.54987,-0.001215,887.267642,-0.000171
2022-05-25,16.9244,5.0823,0.8326,0.003304,10.1647,15.247,10.1497,15.221,45060.811959,2906.749625,-0.0014,977.322244,-0.000197
2022-05-26,17.7978,5.1605,0.838,0.003325,10.3211,15.4816,10.306,15.4556,47386.189109,3206.757053,-0.001617,1078.045369,-0.000228
2022-05-27,18.755,5.3779,0.8434,0.003347,10.7557,16.1336,10.7407,16.1076,49934.557856,3551.667653,-0.001878,1193.834896,-0.000264
2022-05-31,18.6164,-0.739,0.865,0.003432,-1.4779,-2.2169,-1.493,-2.2431,49565.566204,3499.177523,-0.001836,1176.010466,-0.000258
2022-06-01,18.2654,-1.8852,0.8704,0.003454,-3.7704,-5.6555,-3.7855,-5.6818,48631.165854,3367.245904,-0.001732,1131.492342,-0.000244
2022-06-02,19.5336,6.9432,0.8758,0.003475,13.8865,20.8297,13.8713,20.8034,52007.743399,3834.837692,-0.002093,1288.444973,-0.000294
2022-06-03,18.6642,-4.4508,0.8812,0.003497,-8.9016,-13.3524,-8.9168,-13.3787,49692.989974,3493.476845,-0.001814,1173.55723,-0.000255
2022-06-06,18.73,0.3525,0.8974,0.003561,0.7051,1.0576,0.6898,1.0311,49868.179883,3518.108966,-0.001833,1181.652682,-0.000257
2022-06-07,18.8696,0.7452,0.9028,0.003582,1.4905,2.2357,1.4752,2.2092,50239.822388,3570.546366,-0.001874,1199.08455,-0.000263
2022-06-08,18.5964,-1.4481,0.9082,0.003604,-2.8961,-4.3442,-2.9114,-4.3707,49512.320619,3467.139201,-0.001793,1164.174089,-0.000252
2022-06-09,17.998,-3.2175,0.9136,0.003625,-6.435,-9.6525,-6.4503,-9.6791,47919.259431,3244.028475,-0.00162,1089.080893,-0.000227
2022-06-10,16.927,-5.9508,0.919,0.003647,-11.9016,-17.8524,-11.9169,-17.879,45067.682848,2857.937549,-0.00133,959.295757,-0.000187
2022-06-13,15.6037,-7.8178,0.9352,0.003711,-15.6357,-23.4535,-15.6511,-23.4803,41544.363823,2411.079618,-0.001018,809.155459,-0.000143
2022-06-14,15.7922,1.2079,0.9405,0.003732,2.4158,3.6237,2.4004,3.5969,42046.179976,2469.326687,-0.001055,828.578183,-0.000148
2022-06-15,16.4812,4.3635,0.9459,0.003754,8.7269,13.0904,8.7115,13.0635,43880.847134,2684.822724,-0.001193,900.759396,-0.000167
2022-06-16,15.5578,-5.6029,0.9513,0.003775,-11.2059,-16.8088,-11.2213,-16.8357,41422.234142,2383.965267,-0.000993,799.682114,-0.000139
2022-06-17,15.836,1.7883,0.9567,0.003797,3.5767,5.365,3.5612,5.3381,42163.005411,2469.232178,-0.001046,828.160245,-0.000147
2022-06-21,16.5201,4.3199,0.9783,0.003882,8.6398,12.9597,8.6242,12.9326,43984.408146,2682.569259,-0.001182,899.582655,-0.000166
2022-06-22,16.3147,-1.2435,0.9837,0.003904,-2.4871,-3.7306,-2.5027,-3.7578,43437.448776,2615.852144,-0.001138,877.069067,-0.000159
2022-06-23,16.1801,-0.8252,0.9891,0.003925,-1.6504,-2.4756,-1.666,-2.5028,43079.004676,2572.680329,-0.001109,862.456891,-0.000155
2022-06-24,17.0786,5.5532,0.9945,0.003947,11.1064,16.6596,11.0907,16.6323,45471.262547,2858.41185,-0.001294,958.109587,-0.000181
2022-06-27,16.8223,-1.5006,1.0107,0.004011,-3.0013,-4.5019,-3.017,-4.5293,44788.901457,2772.622764,-0.001236,929.2034,-0.000173
2022-06-28,15.9378,-5.2582,1.0161,0.004032,-10.5163,-15.7745,-10.5321,-15.8019,42433.826626,2481.044544,-0.001041,831.339041,-0.000146
2022-06-29,15.499,-2.7531,1.0215,0.004054,-5.5062,-8.2593,-5.522,-8.2868,41265.579892,2344.433146,-0.000955,785.432791,-0.000134
2022-06-30,15.117,-2.4643,1.0269,0.004075,-4.9286,-7.3929,-4.9444,-7.4204,40248.675545,2228.885793,-0.000884,746.598125,-0.000124
2022-07-01,14.4828,-4.1955,1.0323,0.004096,-8.3911,-12.5866,-8.4069,-12.6142,38560.023677,2041.857917,-0.000773,683.8324,-0.000108
2022-07-05,14.9226,3.0366,1.0539,0.004182,6.0732,9.1097,6.0573,9.082,39730.928882,2165.863134,-0.000844,725.253959,-0.000118
2022-07-06,15.0881,1.1093,1.0593,0.004204,2.2186,3.328,2.2027,3.3002,40171.673847,2213.916039,-0.000872,741.229413,-0.000122
2022-07-07,15.8141,4.8116,1.0647,0.004225,9.6233,14.4349,9.6073,14.4071,42104.585076,2426.966816,-0.000997,812.441719,-0.000139
2022-07-08,15.7942,-0.1261,1.0701,0.004246,-0.2522,-0.3783,-0.2681,-0.4061,42051.494378,2420.846373,-0.000994,810.263257,-0.000139
2022-07-11,15.1101,-4.3314,1.0863,0.004311,-8.6627,-12.9941,-8.6788,-13.0221,40230.089104,2211.134808,-0.000865,739.942499,-0.000121
2022-07-12,15.0402,-0.462,1.0917,0.004332,-0.924,-1.386,-0.94,-1.414,40044.229764,2190.704326,-0.000853,732.986891,-0.000119
2022-07-13,15.122,0.5437,1.0971,0.004353,1.0874,1.6311,1.0713,1.603,40261.947585,2214.525754,-0.000866,740.839577,-0.000121
2022-07-14,15.3294,1.3717,1.1025,0.004375,2.7433,4.115,2.7272,4.0869,40814.206123,2275.277448,-0.000902,761.044097,-0.000126
2022-07-15,15.7184,2.5371,1.1079,0.004396,5.0742,7.6113,5.0581,7.5832,41849.704528,2390.729708,-0.000971,799.538492,-0.000135
2022-07-18,16.0564,2.1507,1.1241,0.004461,4.3015,6.4522,4.2853,6.424,42749.785979,2493.566824,-0.001033,833.801339,-0.000144
2022-07-19,16.945,5.5338,1.1295,0.004482,11.0676,16.6014,11.0514,16.5731,45115.479457,2769.545505,-0.001205,925.948385,-0.000168
2022-07-20,17.7577,4.7964,1.1348,0.004503,9.5927,14.3891,9.5765,14.3607,47279.383086,3035.220597,-0.001378,1014.622043,-0.000192
2022-07-21,18.0,1.3646,1.1402,0.004525,2.7292,4.0939,2.713,4.0654,47924.566215,3118.05895,-0.001435,1042.148795,-0.0002
2022-07-22,17.271,-4.0499,1.1456,0.004546,-8.0998,-12.1496,-8.116,-12.1781,45983.679574,2865.50376,-0.00126,957.567902,-0.000175
2022-07-25,16.9769,-1.7033,1.1618,0.00461,-3.4066,-5.1099,-3.4229,-5.1385,45200.438794,2767.887414,-0.001196,924.791117,-0.000166
2022-07-26,16.4872,-2.8842,1.1672,0.004632,-5.7684,-8.6525,-5.7847,-8.6812,43896.777644,2608.225809,-0.001093,871.294777,-0.000152
2022-07-27,17.7407,7.603,1.1726,0.004653,15.206,22.809,15.1896,22.7803,47234.247487,3004.832369,-0.001342,1003.641235,-0.000187
2022-07-28,17.9342,1.0905,1.178,0.004675,2.1809,3.2714,2.1645,3.2427,47749.320445,3070.365662,-0.001386,1025.365541,-0.000193
2022-07-29,18.1127,0.9954,1.1834,0.004696,1.9907,2.9861,1.9743,2.9573,48224.600136,3131.48831,-0.001427,1045.609601,-0.000198
2022-08-01,18.3899,1.5306,1.1996,0.00476,3.0612,4.5918,3.0447,4.5629,48962.720552,3227.34874,-0.001493,1077.445394,-0.000207
2022-08-02,18.4747,0.4609,1.205,0.004782,0.9218,1.3828,0.9053,1.3538,49188.39855,3257.099603,-0.001513,1087.200023,-0.00021
2022-08-03,18.8407,1.981,1.2104,0.004803,3.962,5.9431,3.9455,5.9141,50162.830846,3386.14723,-0.001603,1130.095843,-0.000223
2022-08-04,19.1618,1.7043,1.2158,0.004825,3.4087,5.113,3.3921,5.084,51017.771619,3501.569557,-0.001685,1168.430179,-0.000234
2022-08-05,18.9364,-1.1762,1.2212,0.004846,-2.3523,-3.5285,-2.3689,-3.5576,50417.713933,3419.200466,-0.001626,1140.751236,-0.000226
2022-08-08,17.7437,-6.2984,1.2374,0.00491,-12.5968,-18.8952,-12.6134,-18.9244,47242.210203,2988.491376,-0.001318,996.863781,-0.000183
2022-08-09,17.0387,-3.9735,1.2428,0.004932,-7.947,-11.9204,-7.9636,-11.9497,45365.050681,2750.997194,-0.001161,917.477567,-0.000161
2022-08-10,18.0469,5.9171,1.2482,0.004953,11.8343,17.7514,11.8176,17.7221,48049.359445,3076.557323,-0.001367,1025.90139,-0.00019
2022-08-11,17.8923,-0.8565,1.2536,0.004975,-1.713,-2.5695,-1.7297,-2.5988,47637.822108,3023.856591,-0.001332,1008.156801,-0.000185
2022-08-12,18.6572,4.2749,1.259,0.004996,8.5498,12.8246,8.5331,12.7953,49674.281654,3282.389049,-0.001503,1094.183395,-0.000208
2022-08-15,18.9793,1.7265,1.2752,0.00506,3.4529,5.1794,3.4361,5.1499,50531.883436,3395.72668,-0.001581,1131.781002,-0.000219
2022-08-16,18.8267,-0.8039,1.2806,0.005082,-1.6079,-2.4118,-1.6247,-2.4413,50125.637649,3341.127502,-0.001543,1113.393329,-0.000214
2022-08-17,18.2842,-2.8815,1.286,0.005103,-5.763,-8.6445,-5.7798,-8.674,48681.273073,3148.57908,-0.001409,1049.041569,-0.000195
2022-08-18,18.721,2.3889,1.2914,0.005124,4.7778,7.1667,4.761,7.1371,49844.215561,3299.011316,-0.001511,1098.985923,-0.000209
2022-08-19,17.7996,-4.922,1.2968,0.005146,-9.8439,-14.7659,-9.8608,-14.7956,47390.896659,2974.258414,-0.001287,990.617135,-0.000178
2022-08-22,16.9868,-4.5661,1.313,0.00521,-9.1321,-13.6982,-9.149,-13.728,45226.998108,2702.645344,-0.001111,899.985138,-0.000154
2022-08-23,17.1334,0.8629,1.3184,0.005232,1.7259,2.5888,1.709,2.559,45617.282915,2749.290112,-0.00114,915.36548,-0.000158
2022-08-24,17.1743,0.2386,1.3238,0.005253,0.4773,0.7159,0.4603,0.6861,45726.145634,2762.412121,-0.001148,919.579162,-0.000159
2022-08-25,17.8634,4.0123,1.3292,0.005274,8.0247,12.037,8.0077,12.0071,47560.830566,2984.086431,-0.001286,993.216155,-0.000178
2022-08-26,16.215,-9.2279,1.3345,0.005296,-18.4559,-27.6838,-18.4729,-27.7138,43171.941963,2433.346557,-0.00093,809.74035,-0.000129
2022-08-29,15.7573,-2.8229,1.3507,0.00536,-5.6458,-8.4686,-5.6628,-8.4987,41953.250306,2295.965702,-0.000851,763.886177,-0.000118
2022-08-30,15.4252,-2.1075,1.3561,0.005381,-4.2149,-6.3224,-4.232,-6.3525,41069.101905,2199.192537,-0.000798,731.558438,-0.00011
2022-08-31,15.0522,-2.4179,1.3615,0.005403,-4.8358,-7.2537,-4.8529,-7.2839,40076.090785,2092.843845,-0.00074,696.056525,-0.000102
2022-09-01,13.8984,-7.6653,1.3669,0.005424,-15.3306,-22.9959,-15.3477,-23.0261,37004.14299,1771.998827,-0.00057,589.22781,-7.9e-05
2022-09-02,13.6092,-2.0808,1.3723,0.005446,-4.1616,-6.2424,-4.1787,-6.2727,36234.161553,1698.255397,-0.000534,564.605465,-7.4e-05
2022-09-06,13.4277,-1.3336,1.3939,0.005531,-2.6673,-4.0009,-2.6845,-4.0313,35750.931841,1652.958504,-0.000513,549.448642,-7.1e-05
2022-09-07,13.6801,1.8795,1.3993,0.005553,3.759,5.6386,3.7418,5.6081,36422.877415,1715.093844,-0.000542,570.007796,-7.5e-05
2022-09-08,13.9554,2.0125,1.4047,0.005574,4.0251,6.0376,4.0078,6.0071,37155.899255,1784.127448,-0.000574,592.852466,-7.9e-05
2022-09-09,14.3514,2.8377,1.4101,0.005596,5.6755,8.5132,5.6582,8.4827,38210.288798,1885.385411,-0.000623,626.397169,-8.6e-05
2022-09-12,14.4691,0.8202,1.4263,0.00566,1.6404,2.4606,1.623,2.4299,38523.686168,1916.312935,-0.000639,636.563694,-8.8e-05
2022-09-13,13.0985,-9.4726,1.4317,0.005681,-18.9452,-28.4178,-18.9626,-28.4485,34874.492243,1553.263694,-0.000457,515.854771,-6.3e-05
2022-09-14,13.0955,-0.0228,1.4371,0.005703,-0.0457,-0.0685,-0.0631,-0.0993,34866.526988,1552.55417,-0.000457,515.529325,-6.3e-05
2022-09-15,12.897,-1.5159,1.4425,0.005724,-3.0317,-4.5476,-3.0492,-4.5784,34337.999172,1505.485068,-0.000436,499.810058,-6e-05
2022-09-16,13.1654,2.0806,1.4479,0.005746,4.1612,6.2418,4.1437,6.2109,35052.432032,1568.131001,-0.000463,520.520824,-6.4e-05
2022-09-19,13.3489,1.3942,1.4641,0.00581,2.7883,4.1825,2.7708,4.1515,35541.118337,1611.85545,-0.000483,534.943415,-6.6e-05
2022-09-20,13.1434,-1.5394,1.4695,0.005831,-3.0788,-4.6182,-3.0963,-4.6492,34994.00154,1562.229933,-0.00046,518.379856,-6.3e-05
2022-09-21,13.2282,0.6451,1.4749,0.005853,1.2902,1.9353,1.2727,1.9043,35219.753173,1582.386299,-0.000469,524.977128,-6.4e-05
2022-09-22,12.5299,-5.2786,1.4803,0.005874,-10.5572,-15.8359,-10.5748,-15.867,33360.636719,1415.330023,-0.000395,469.461754,-5.4e-05
2022-09-23,12.4851,-0.3583,1.4857,0.005896,-0.7165,-1.0748,-0.7341,-1.106,33241.117265,1405.188762,-0.000391,466.015286,-5.4e-05
2022-09-26,12.1978,-2.3011,1.5019,0.00596,-4.6021,-6.9032,-4.6198,-6.9345,32476.216631,1340.52007,-0.000364,444.486305,-5e-05
2022-09-27,12.3823,1.513,1.5073,0.005981,3.0259,4.5389,3.0082,4.5076,32967.569024,1381.083154,-0.00038,457.857492,-5.2e-05
2022-09-28,12.7045,2.6021,1.5127,0.006003,5.2042,7.8063,5.1865,7.7749,33825.414563,1452.957184,-0.00041,481.604131,-5.6e-05
2022-09-29,12.1898,-4.0515,1.5181,0.006024,-8.103,-12.1545,-8.1207,-12.1859,32454.976797,1335.223969,-0.00036,442.494326,-4.9e-05
2022-09-30,12.109,-0.6629,1.5235,0.006045,-1.3257,-1.9886,-1.3435,-2.02,32239.846351,1317.522689,-0.000353,436.549557,-4.8e-05
2022-10-03,12.4811,3.0727,1.5396,0.00611,6.1455,9.2182,6.1277,9.1866,33230.491001,1398.490618,-0.000385,463.299792,-5.3e-05
2022-10-04,13.1344,5.235,1.545,0.006131,10.47,15.7049,10.4521,15.6733,34970.100696,1544.912038,-0.000446,511.724458,-6.1e-05
2022-10-05,13.1763,0.319,1.5504,0.006153,0.638,0.957,0.6201,0.9253,35081.649816,1554.768091,-0.00045,514.897711,-6.2e-05
2022-10-06,13.0975,-0.5981,1.5558,0.006174,-1.1961,-1.7942,-1.214,-1.8259,34871.836312,1536.170827,-0.000442,508.646728,-6.1e-05
2022-10-07,12.0461,-8.0274,1.5612,0.006195,-16.0549,-24.0823,-16.0728,-24.114,32072.52521,1289.540853,-0.000336,426.893185,-4.6e-05
2022-10-10,11.6411,-3.362,1.5774,0.00626,-6.7241,-10.0861,-6.7421,-10.118,30994.232284,1202.830949,-0.000302,398.111802,-4.1e-05
2022-10-11,11.5574,-0.7198,1.5828,0.006281,-1.4396,-2.1594,-1.4576,-2.1913,30771.139122,1185.515253,-0.000295,392.30906,-4e-05
2022-10-12,11.4716,-0.7423,1.5882,0.006302,-1.4845,-2.2268,-1.5025,-2.2587,30542.739175,1167.916189,-0.000289,386.414552,-3.9e-05
2022-10-13,11.9304,4.0,1.5936,0.006324,8.0,11.9999,7.9819,11.9679,31764.442242,1261.348987,-0.000323,417.257881,-4.4e-05
2022-10-14,11.1992,-6.1288,1.599,0.006345,-12.2575,-18.3863,-12.2756,-18.4183,29817.674973,1106.738816,-0.000264,366.037068,-3.6e-05
2022-10-17,11.8586,5.8876,1.6152,0.00641,11.7752,17.6628,11.7571,17.6306,31573.220257,1237.059514,-0.000311,409.072351,-4.2e-05
2022-10-18,11.9374,0.6645,1.6206,0.006431,1.3291,1.9936,1.311,1.9614,31783.03884,1253.501174,-0.000317,414.435104,-4.3e-05
2022-10-19,12.0212,0.7019,1.626,0.006452,1.4039,2.1058,1.3857,2.0735,32006.132002,1271.098456,-0.000323,420.177897,-4.4e-05
2022-10-20,12.1639,1.1866,1.6314,0.006474,2.3732,3.5599,2.3551,3.5275,32385.92258,1301.264626,-0.000335,430.073323,-4.6e-05
2022-10-21,12.4352,2.2306,1.6368,0.006495,4.4612,6.6918,4.443,6.6594,33108.323233,1359.316665,-0.000357,449.181481,-4.9e-05
2022-10-24,12.5679,1.0669,1.653,0.006559,2.1338,3.2007,2.1155,3.1682,33461.557035,1388.321854,-0.000369,458.684098,-5e-05
2022-10-25,13.2282,5.2544,1.6584,0.006581,10.5088,15.7631,10.4905,15.7306,35219.753173,1534.217164,-0.000427,506.802195,-5.8e-05
2022-10-26,12.8641,-2.7524,1.6638,0.006602,-5.5048,-8.2572,-5.5231,-8.2898,34250.361053,1449.761261,-0.000392,478.810855,-5.3e-05
2022-10-27,13.1434,2.1712,1.6692,0.006624,4.3424,6.5136,4.3241,6.481,34994.00154,1512.715411,-0.000417,499.514877,-5.7e-05
2022-10-28,13.7998,4.9939,1.6746,0.006645,9.9879,14.9818,9.9695,14.9492,36741.581569,1663.803662,-0.00048,549.314172,-6.5e-05
2022-10-31,13.4636,-2.436,1.6908,0.006709,-4.8721,-7.3081,-4.8905,-7.3409,35846.542834,1582.741896,-0.000445,522.450012,-6.1e-05
2022-11-01,13.5095,0.3408,1.6962,0.006731,0.6817,1.0225,0.6632,0.9897,35968.718219,1593.530781,-0.000449,525.915009,-6.1e-05
2022-11-02,13.1863,-2.3924,1.7016,0.006752,-4.7848,-7.1772,-4.8032,-7.21,35108.206592,1517.283873,-0.000417,500.654068,-5.7e-05
2022-11-03,13.3878,1.5281,1.707,0.006774,3.0562,4.5844,3.0378,4.5514,35644.702202,1563.655717,-0.000436,515.862739,-5.9e-05
2022-11-04,14.121,5.4765,1.7124,0.006795,10.953,16.4294,10.9345,16.3965,37596.776255,1734.92222,-0.000508,572.26951,-6.9e-05
2022-11-07,14.2656,1.0243,1.7285,0.006859,2.0486,3.0729,2.03,3.0398,37981.881235,1770.463948,-0.000523,583.886814,-7.1e-05
2022-11-08,14.5659,2.1047,1.7339,0.006881,4.2095,6.3142,4.1909,6.2811,38781.3039,1844.991536,-0.000556,608.356972,-7.6e-05
2022-11-09,13.7419,-5.6568,1.7393,0.006902,-11.3135,-16.9703,-11.3321,-17.0035,36587.537546,1636.257948,-0.000462,539.417144,-6.3e-05
2022-11-10,15.7111,14.3293,1.7447,0.006924,28.6586,42.9878,28.6399,42.9546,41830.267478,2105.185845,-0.00066,693.905815,-9e-05
2022-11-11,16.2866,3.6635,1.7501,0.006945,7.327,10.9904,7.3083,10.9572,43362.711983,2259.432073,-0.000733,744.618627,-0.0001
2022-11-14,16.2547,-0.196,1.7663,0.007009,-0.392,-0.588,-0.4107,-0.6214,43277.717099,2250.574686,-0.000729,741.560226,-9.9e-05
2022-11-15,16.6248,2.2768,1.7717,0.007031,4.5535,6.8303,4.5348,6.7969,44263.052425,2353.055634,-0.000778,775.188564,-0.000106
2022-11-16,15.8707,-4.5362,1.7771,0.007052,-9.0723,-13.6085,-9.0911,-13.6419,42255.211428,2139.579097,-0.000672,704.71563,-9.1e-05
2022-11-17,15.6382,-1.4645,1.7825,0.007073,-2.929,-4.3935,-2.9478,-4.427,41636.387022,2076.911146,-0.000643,683.94227,-8.7e-05
2022-11-18,15.3709,-1.7095,1.7879,0.007095,-3.419,-5.1285,-3.4378,-5.1621,40924.612634,2005.901519,-0.00061,660.429683,-8.3e-05
2022-11-21,15.2791,-0.5971,1.8041,0.007159,-1.1942,-1.7912,-1.213,-1.8249,40680.261864,1981.948032,-0.000599,652.418564,-8.1e-05
2022-11-22,15.9984,4.7072,1.8095,0.007181,9.4144,14.1216,9.3955,14.0879,42595.163034,2168.536536,-0.000684,713.716631,-9.3e-05
2022-11-23,16.4782,2.9992,1.8149,0.007202,5.9983,8.9975,5.9794,8.9637,43872.655896,2298.611867,-0.000745,756.392545,-0.000101
2022-11-25,16.2298,-1.5074,1.8257,0.007245,-3.0148,-4.5222,-3.0337,-4.556,43211.323891,2229.313778,-0.000711,733.445629,-9.6e-05
2022-11-28,15.7879,-2.7228,1.8419,0.007309,-5.4456,-8.1684,-5.4646,-8.2024,42034.76658,2107.914331,-0.000653,693.365667,-8.8e-05
2022-11-29,15.6003,-1.1878,1.8473,0.007331,-2.3757,-3.5635,-2.3947,-3.5975,41535.461628,2057.837114,-0.00063,676.76155,-8.5e-05
2022-11-30,16.8855,8.238,1.8527,0.007352,16.4759,24.7139,16.4569,24.6798,44957.134146,2396.884492,-0.000786,788.13519,-0.000106
2022-12-01,17.097,1.2527,1.8581,0.007373,2.5054,3.7581,2.4863,3.724,45520.308409,2456.935636,-0.000815,807.730624,-0.00011
2022-12-02,16.8386,-1.5115,1.8635,0.007395,-3.023,-4.5346,-3.0421,-4.5687,44832.259664,2382.66147,-0.000778,783.158312,-0.000105
2022-12-05,16.5732,-1.5762,1.8797,0.007459,-3.1524,-4.7285,-3.1715,-4.7628,44125.624478,2307.551607,-0.000742,758.320315,-0.0001
2022-12-06,15.9516,-3.7508,1.8851,0.00748,-7.5015,-11.2523,-7.5207,-11.2866,42470.575474,2134.449876,-0.000658,701.289174,-8.9e-05
2022-12-07,16.0843,0.8319,1.8905,0.007502,1.6638,2.4957,1.6446,2.4614,42823.893068,2169.963343,-0.000675,712.822679,-9.1e-05
2022-12-08,17.1309,6.5075,1.8959,0.007523,13.015,19.5225,12.9958,19.4881,45610.655782,2452.383857,-0.000806,805.459407,-0.000109
2022-12-09,16.9633,-0.9785,1.9013,0.007545,-1.9571,-2.9356,-1.9763,-2.97,45164.342502,2404.389305,-0.000783,789.541047,-0.000106
2022-12-12,17.4961,3.141,1.9175,0.007609,6.282,9.4229,6.2626,9.3884,46582.945051,2555.432035,-0.000856,838.987184,-0.000116
2022-12-13,18.0319,3.0624,1.9228,0.00763,6.1249,9.1873,6.1055,9.1527,48009.515395,2711.948698,-0.000935,890.211751,-0.000126
2022-12-14,17.6348,-2.2023,1.9282,0.007652,-4.4045,-6.6068,-4.4239,-6.6415,46952.216007,2592.499807,-0.000873,850.829681,-0.000118
2022-12-15,16.9144,-4.0851,1.9336,0.007673,-8.1702,-12.2554,-8.1896,-12.2901,45034.161236,2380.686306,-0.000766,781.149953,-0.000103
2022-12-16,16.5343,-2.2475,1.939,0.007695,-4.4951,-6.7426,-4.5145,-6.7774,44022.002526,2273.672772,-0.000714,745.885159,-9.6e-05
2022-12-19,16.218,-1.913,1.9552,0.007759,-3.8259,-5.7389,-3.8454,-5.7738,43179.87421,2186.683352,-0.000673,717.202831,-9.1e-05
2022-12-20,16.0493,-1.0398,1.9606,0.00778,-2.0796,-3.1193,-2.099,-3.1543,42730.89992,2141.210102,-0.000652,702.148456,-8.8e-05
2022-12-21,16.4644,2.5863,1.966,0.007802,5.1726,7.7589,5.1531,7.7239,43836.051778,2251.966596,-0.000703,738.330897,-9.5e-05
2022-12-22,15.305,-7.042,1.9714,0.007823,-14.084,-21.126,-14.1035,-21.161,40749.118029,1934.799725,-0.000555,634.200216,-7.5e-05
2022-12-23,15.1723,-0.8671,1.9768,0.007845,-1.7341,-2.6012,-1.7537,-2.6362,40395.797896,1901.247897,-0.00054,623.078405,-7.3e-05
2022-12-27,14.0897,-7.1353,1.9984,0.00793,-14.2707,-21.406,-14.2903,-21.4413,37513.416572,1629.926536,-0.000425,534.038412,-5.7e-05
2022-12-28,14.0049,-0.6019,2.0038,0.007952,-1.2039,-1.8058,-1.2235,-1.8411,37287.611618,1610.304464,-0.000417,527.504343,-5.6e-05
2022-12-29,14.5706,4.0396,2.0092,0.007973,8.0792,12.1188,8.0595,12.0835,38793.885296,1740.404469,-0.000467,570.018758,-6.3e-05
2022-12-30,14.5816,0.0753,2.0146,0.007994,0.1506,0.226,0.1309,0.1906,38823.10562,1743.026283,-0.000468,570.765159,-6.3e-05
2023-01-03,14.2833,-2.046,2.0451,0.008115,-4.092,-6.138,-4.1118,-6.1736,38028.789148,1671.702031,-0.00044,547.296439,-5.9e-05
2023-01-04,14.7163,3.0318,2.0534,0.008149,6.0636,9.0954,6.0437,9.0597,39181.745232,1773.06729,-0.00048,580.373619,-6.4e-05
2023-01-05,14.2334,-3.2816,2.0618,0.008182,-6.5632,-9.8448,-6.5831,-9.8805,37895.959568,1656.697563,-0.000432,542.167187,-5.8e-05
2023-01-06,14.8261,4.164,2.0701,0.008215,8.3281,12.4921,8.3082,12.4563,39473.963707,1794.668768,-0.000486,587.211333,-6.5e-05
2023-01-09,15.5934,5.1753,2.0952,0.008314,10.3506,15.526,10.3306,15.49,41516.867569,1980.428464,-0.000562,647.873898,-7.5e-05
2023-01-10,15.8737,1.7981,2.1036,0.008347,3.5961,5.3942,3.5761,5.3581,42263.367118,2051.647178,-0.000592,671.04234,-7.9e-05
2023-01-11,15.9655,0.5783,2.1119,0.008381,1.1566,1.7348,1.1365,1.6987,42507.768671,2075.375801,-0.000603,678.668585,-8.1e-05
2023-01-12,16.4744,3.1873,2.1203,0.008414,6.3746,9.5619,6.3545,9.5257,43862.61617,2207.672452,-0.00066,721.794361,-8.8e-05
2023-01-13,16.8615,2.3499,2.1286,0.008447,4.6999,7.0498,4.6797,7.0136,44893.361322,2311.430407,-0.000707,755.572364,-9.5e-05
2023-01-17,17.6628,4.7518,2.1621,0.00858,9.5036,14.2554,9.4833,14.2189,47026.6024,2531.099336,-0.000807,827.225608,-0.000108
2023-01-18,17.3385,-1.836,2.1704,0.008613,-3.6719,-5.5079,-3.6922,-5.5445,46163.211398,2438.159243,-0.000763,796.682412,-0.000102
2023-01-19,16.7278,-3.5219,2.1788,0.008646,-7.0438,-10.5658,-7.0642,-10.6024,44537.38018,2266.419224,-0.000682,740.40324,-9.1e-05
2023-01-20,17.7995,6.4062,2.1871,0.008679,12.8125,19.2187,12.7921,19.182,47390.551337,2556.803702,-0.000814,835.116312,-0.000109
2023-01-23,19.1505,7.5901,2.2122,0.008779,15.1802,22.7704,15.1598,22.7334,50987.550877,2944.932622,-0.000999,961.717894,-0.000133
2023-01-24,19.2223,0.3751,2.2205,0.008812,0.7502,1.1253,0.7297,1.0883,51178.808409,2967.025879,-0.00101,968.735498,-0.000135
2023-01-25,19.2802,0.3011,2.2289,0.008845,0.6022,0.9032,0.5816,0.8662,51332.898137,2984.892189,-0.001019,974.36977,-0.000136
2023-01-26,19.7581,2.4789,2.2373,0.008878,4.9578,7.4367,4.9372,7.3996,52605.38891,3132.877122,-0.001095,1022.47649,-0.000146
2023-01-27,20.3199,2.8431,2.2456,0.008911,5.6863,8.5294,5.6657,8.4923,54101.038862,3311.021895,-0.001188,1080.406755,-0.000159
2023-01-30,19.1195,-5.9072,2.2707,0.009011,-11.8144,-17.7216,-11.8351,-17.759,50905.186533,2919.845043,-0.000978,952.539521,-0.00013
2023-01-31,19.4937,1.957,2.279,0.009044,3.914,5.871,3.8933,5.8336,51901.404576,3034.128184,-0.001035,989.624397,-0.000138
2023-02-01,20.8966,7.1966,2.2874,0.009077,14.3932,21.5898,14.3724,21.5523,55636.54302,3470.836552,-0.001259,1131.857413,-0.000168
2023-02-02,21.6609,3.6575,2.2958,0.00911,7.315,10.9725,7.2942,10.935,57671.458775,3724.729393,-0.001397,1214.417544,-0.000186
2023-02-03,21.0532,-2.8053,2.3041,0.009143,-5.6106,-8.4159,-5.6314,-8.4535,56053.610585,3515.750919,-0.001279,1146.028621,-0.00017
2023-02-06,21.0422,-0.0521,2.3292,0.009243,-0.1043,-0.1564,-0.1252,-0.1942,56024.390261,3512.08545,-0.001277,1144.593706,-0.00017
2023-02-07,22.1238,5.1401,2.3375,0.009276,10.2803,15.4204,10.2593,15.3825,58904.120733,3873.137465,-0.001474,1262.020916,-0.000196
2023-02-08,22.1558,0.1443,2.3459,0.009309,0.2886,0.4329,0.2676,0.3949,58989.115617,3884.314845,-0.001481,1265.397728,-0.000197
2023-02-09,22.2875,0.5945,2.3542,0.009342,1.1889,1.7834,1.1679,1.7453,59339.784896,3930.496581,-0.001507,1280.176057,-0.0002
2023-02-10,21.2179,-4.7992,2.3626,0.009375,-9.5984,-14.3976,-9.6195,-14.4357,56491.945915,3553.231264,-0.00129,1157.029581,-0.000171
2023-02-13,21.7397,2.4594,2.3877,0.009475,4.9189,7.3783,4.8977,7.34,57881.333219,3728.010671,-0.001385,1213.697478,-0.000184
2023-02-14,22.9201,5.4296,2.396,0.009508,10.8592,16.2888,10.838,16.2504,61024.056762,4132.842636,-0.001611,1345.23778,-0.000214
2023-02-15,22.7135,-0.9011,2.4044,0.009541,-1.8023,-2.7034,-1.8235,-2.7419,60474.141843,4058.356869,-0.001567,1320.706878,-0.000208
2023-02-16,21.9532,-3.3474,2.4127,0.009574,-6.6948,-10.0422,-6.7161,-10.0807,58449.83458,3786.658552,-0.00141,1232.00732,-0.000187
2023-02-17,21.3406,-2.7906,2.4211,0.009608,-5.5813,-8.3719,-5.6026,-8.4105,56818.711811,3575.314755,-0.001292,1162.983025,-0.000171
2023-02-21,20.6092,-3.4272,2.4545,0.00974,-6.8543,-10.2815,-6.8758,-10.3204,54871.436716,3330.250368,-0.001159,1083.018744,-0.000154
2023-02-22,20.708,0.4793,2.4629,0.009773,0.9586,1.438,0.9372,1.399,55134.445023,3362.175303,-0.001176,1093.168308,-0.000156
2023-02-23,23.6115,14.0214,2.4712,0.009806,28.0428,42.0642,28.0213,42.0252,62865.064131,4305.023159,-0.00167,1399.488061,-0.000221
2023-02-24,23.2344,-1.5974,2.4796,0.00984,-3.1947,-4.7921,-3.2163,-4.8311,61860.883372,4167.489809,-0.00159,1354.47683,-0.000211
2023-02-27,23.4489,0.9233,2.5047,0.009939,1.8465,2.7698,1.8249,2.7306,62432.025429,4244.444051,-0.001634,1379.194564,-0.000216
2023-02-28,23.1645,-1.2127,2.513,0.009972,-2.4254,-3.6381,-2.4471,-3.6774,61674.912311,4141.499313,-0.001575,1345.444591,-0.000208
2023-03-01,22.6477,-2.2312,2.5214,0.010005,-4.4624,-6.6937,-4.4842,-6.733,60298.809742,3956.687446,-0.001469,1285.112831,-0.000194
2023-03-02,23.2623,2.7139,2.5297,0.010039,5.4278,8.1417,5.4061,8.1023,61935.264687,4171.449255,-0.001589,1354.586974,-0.00021
2023-03-03,23.837,2.4706,2.5381,0.010072,4.9412,7.4118,4.9194,7.3723,63465.441747,4377.5695,-0.001707,1421.225016,-0.000226
2023-03-06,23.5018,-1.4064,2.5632,0.010171,-2.8129,-4.2193,-2.8348,-4.259,62572.840578,4254.434025,-0.001635,1380.93683,-0.000216
2023-03-07,23.2403,-1.1125,2.5715,0.010204,-2.2251,-3.3376,-2.247,-3.3774,61876.697082,4159.770061,-0.00158,1349.907501,-0.000209
2023-03-08,24.1315,3.8346,2.5799,0.010238,7.6692,11.5037,7.6472,11.4639,64249.40872,4478.789507,-0.001762,1453.137853,-0.000233
2023-03-09,23.388,-3.0809,2.5882,0.010271,-6.1618,-9.2428,-6.1838,-9.2827,62269.937438,4202.813887,-0.001599,1363.278539,-0.000211
2023-03-10,22.918,-2.0097,2.5966,0.010304,-4.0195,-6.0292,-4.0415,-6.0692,61018.470673,4033.882229,-0.001503,1308.181642,-0.000198
2023-03-13,22.919,0.0044,2.6216,0.010403,0.0087,0.0131,-0.0134,-0.0271,61021.126605,4034.233392,-0.001503,1308.006288,-0.000198
2023-03-14,24.0137,4.7766,2.63,0.010437,9.5533,14.3299,9.5311,14.2897,63935.881854,4419.634436,-0.001718,1432.673977,-0.000227
2023-03-15,24.1784,0.6857,2.6384,0.01047,1.3714,2.0571,1.3492,2.0168,64374.298436,4480.246442,-0.001754,1452.004328,-0.000231
2023-03-16,25.4887,5.4194,2.6467,0.010503,10.8387,16.2581,10.8165,16.2177,67862.968475,4965.847121,-0.002039,1609.06031,-0.000269
2023-03-17,25.6723,0.7204,2.6551,0.010536,1.4408,2.1612,1.4186,2.1208,68351.852832,5037.394978,-0.002083,1631.885736,-0.000274
2023-03-20,25.847,0.6803,2.6801,0.010635,1.3606,2.0408,1.3382,2.0002,68816.838885,5105.932064,-0.002125,1653.724027,-0.00028
2023-03-21,26.1454,1.1544,2.6885,0.010669,2.3089,3.4633,2.2865,3.4226,69611.287391,5223.821818,-0.002199,1691.53648,-0.000289
2023-03-22,26.4138,1.0267,2.6968,0.010702,2.0535,3.0802,2.0311,3.0395,70326.017329,5331.092405,-0.002267,1725.892948,-0.000298
2023-03-23,27.1353,2.7316,2.7052,0.010735,5.4632,8.1948,5.4408,8.154,72247.05304,5622.342196,-0.002452,1819.795121,-0.000322
2023-03-24,26.7242,-1.5152,2.7136,0.010768,-3.0304,-4.5457,-3.0529,-4.5866,71152.352247,5451.960645,-0.002341,1764.238383,-0.000308
2023-03-27,26.4767,-0.9261,2.7386,0.010868,-1.8522,-2.7783,-1.8748,-2.8194,70493.412105,5350.979704,-0.002276,1731.162991,-0.000299
2023-03-28,26.3559,-0.4561,2.747,0.010901,-0.9121,-1.3682,-0.9347,-1.4094,70171.912367,5302.171212,-0.002245,1714.980974,-0.000295
2023-03-29,26.9288,2.1734,2.7553,0.010934,4.3469,6.5203,4.3242,6.4791,71697.051791,5532.649479,-0.002391,1789.140619,-0.000314
2023-03-30,27.3269,1.4786,2.7637,0.010967,2.9573,4.4359,2.9346,4.3946,72757.189927,5696.264929,-0.002497,1841.6447,-0.000328
2023-03-31,27.7201,1.4389,2.7721,0.011,2.8777,4.3166,2.855,4.2752,73804.058563,5860.186628,-0.002605,1894.223627,-0.000342
2023-04-03,27.9077,0.6768,2.7971,0.0111,1.3536,2.0305,1.3308,1.9889,74303.581881,5939.512885,-0.002658,1919.432736,-0.000348
2023-04-04,27.3968,-1.8309,2.8055,0.011133,-3.6617,-5.4926,-3.6846,-5.5343,72943.176223,5722.02278,-0.002512,1848.709527,-0.000329
2023-04-05,26.826,-2.0835,2.8138,0.011166,-4.1671,-6.2506,-4.19,-6.2923,71423.374053,5483.581212,-0.002355,1771.249382,-0.000308
2023-04-06,26.9816,0.5803,2.8222,0.011199,1.1607,1.741,1.1377,1.6992,71837.861861,5547.226415,-0.002396,1791.401679,-0.000314
2023-04-10,27.5225,2.0047,2.8556,0.011332,4.0093,6.014,3.9863,5.972,73277.975931,5769.633892,-0.00254,1862.812457,-0.000332
2023-04-11,27.1134,-1.4866,2.864,0.011365,-2.9733,-4.4599,-2.9963,-4.502,72188.597158,5598.086667,-0.002427,1806.996099,-0.000317
2023-04-12,26.4408,-2.4808,2.8723,0.011398,-4.9615,-7.4423,-4.9846,-7.4845,70397.763025,5320.335192,-0.002246,1716.923714,-0.000294
2023-04-13,26.4088,-0.1208,2.8807,0.011431,-0.2416,-0.3624,-0.2648,-0.4046,70312.717359,5307.480481,-0.002238,1712.378119,-0.000293
2023-04-14,26.7032,1.1148,2.889,0.011464,2.2295,3.3443,2.2064,3.302,71096.542139,5425.812836,-0.002313,1750.159487,-0.000302
2023-04-17,26.9467,0.9119,2.9141,0.011564,1.8238,2.7357,1.8005,2.6932,71744.873791,5524.769159,-0.002376,1781.671742,-0.00031
2023-04-18,27.6104,2.4628,2.9225,0.011597,4.9256,7.3883,4.9023,7.3458,73511.794384,5796.895317,-0.002551,1869.01397,-0.000333
2023-04-19,27.8738,0.9542,2.9308,0.01163,1.9084,2.8626,1.8851,2.82,74213.249743,5907.524184,-0.002625,1904.246365,-0.000342
2023-04-20,27.0485,-2.9609,2.9392,0.011663,-5.9218,-8.8826,-5.9451,-8.9253,72015.885441,5557.694934,-0.002391,1791.036497,-0.000312
2023-04-21,27.0635,0.0553,2.9475,0.011697,0.1107,0.166,0.0873,0.1233,72055.744725,5563.847069,-0.002395,1792.599945,-0.000312
2023-04-24,26.9866,-0.2839,2.9726,0.011796,-0.5679,-0.8518,-0.5914,-0.8948,71851.151675,5532.251408,-0.002375,1781.998925,-0.00031
2023-04-25,26.1873,-2.9621,2.981,0.011829,-5.9241,-8.8862,-5.9477,-8.9292,69722.872059,5204.513366,-0.002164,1676.0115,-0.000282
2023-04-26,26.9008,2.7247,2.9893,0.011862,5.4495,8.1742,5.4259,8.1312,71622.645085,5488.133183,-0.002341,1766.950687,-0.000305
2023-04-27,27.1703,1.0016,2.9977,0.011896,2.0033,3.0049,1.9797,2.9618,72340.046188,5598.075864,-0.002411,1801.930626,-0.000314
2023-04-28,27.6922,1.921,3.006,0.011929,3.8419,5.7629,3.8183,5.7197,73729.67217,5813.149867,-0.00255,1870.733603,-0.000332
2023-05-01,28.8508,4.1839,3.0311,0.012028,8.3679,12.5518,8.3441,12.5084,76814.467971,6299.585783,-0.00287,2026.829857,-0.000373
2023-05-02,28.1522,-2.4213,3.0395,0.012061,-4.8426,-7.2639,-4.8664,-7.3074,74954.55423,5994.521217,-0.002662,1928.196599,-0.000346
2023-05-03,27.7451,-1.4463,3.0478,0.012094,-2.8926,-4.3389,-2.9164,-4.3825,73870.482241,5821.123013,-0.002546,1871.962438,-0.000331
2023-05-04,27.5056,-0.8632,3.0562,0.012128,-1.7265,-2.5897,-1.7503,-2.6333,73232.804784,5720.622818,-0.00248,1839.197324,-0.000322
2023-05-05,28.6213,4.0563,3.0645,0.012161,8.1126,12.169,8.0888,12.1253,76203.365063,6184.71688,-0.002782,1987.965987,-0.000361
2023-05-08,29.0913,1.6422,3.0896,0.01226,3.2845,4.9267,3.2605,4.8828,77454.801359,6387.85172,-0.002919,2052.783579,-0.000379
2023-05-09,28.5125,-1.9896,3.0979,0.012293,-3.9793,-5.9689,-4.0033,-6.0129,75913.731424,6133.661507,-0.002745,1970.605003,-0.000356
2023-05-10,28.8259,1.099,3.1063,0.012327,2.198,3.2971,2.174,3.253,76748.039215,6268.481953,-0.002835,2013.446131,-0.000368
2023-05-11,28.5195,-1.0628,3.1147,0.01236,-2.1257,-3.1885,-2.1497,-3.2326,75932.338179,6135.235364,-0.002745,1970.162562,-0.000356
2023-05-12,28.282,-0.8328,3.123,0.012393,-1.6656,-2.4984,-1.6897,-2.5426,75299.962429,6033.045068,-0.002676,1936.872156,-0.000347
2023-05-15,28.8937,2.163,3.1481,0.012492,4.326,6.4891,4.3018,6.4447,76928.718727,6294.0375,-0.00285,2020.193479,-0.000369
2023-05-16,29.1532,0.898,3.1564,0.012526,1.796,2.694,1.7718,2.6496,77619.535125,6407.077841,-0.002927,2055.986439,-0.000379
2023-05-17,30.1162,3.3033,3.1648,0.012559,6.6066,9.91,6.5824,9.8655,80183.560156,6830.37097,-0.003217,2191.319356,-0.000416
2023-05-18,31.6131,4.9705,3.1732,0.012592,9.941,14.9116,9.9167,14.867,84169.097581,7509.38046,-0.003697,2408.626703,-0.000478
2023-05-19,31.2,-1.3069,3.1815,0.012625,-2.6138,-3.9207,-2.6381,-3.9653,83069.095081,7313.100887,-0.003552,2345.084163,-0.000459
2023-05-22,31.1122,-0.2815,3.2066,0.012725,-0.5629,-0.8444,-0.5874,-0.8892,82835.276628,7271.931835,-0.003522,2331.309603,-0.000455
2023-05-23,30.6252,-1.5653,3.2149,0.012758,-3.1306,-4.6959,-3.1551,-4.7408,81538.648873,7044.275478,-0.003356,2257.754889,-0.000433
2023-05-24,30.4755,-0.4888,3.2233,0.012791,-0.9776,-1.4664,-1.0021,-1.5114,81140.086497,6975.410389,-0.003307,2235.12991,-0.000427
2023-05-25,37.9022,24.3697,3.2316,0.012824,48.7393,73.109,48.7148,73.064,100913.653425,10375.17862,-0.005725,3323.96895,-0.000739
2023-05-26,38.8663,2.5434,3.24,0.012857,5.0869,7.6303,5.0623,7.5852,103480.329309,10902.951025,-0.006162,3492.238625,-0.000795
2023-05-30,40.0289,2.9913,3.2734,0.01299,5.9827,8.974,5.958,8.9287,106575.774227,11555.238944,-0.006715,3700.305398,-0.000866
2023-05-31,37.7565,-5.6768,3.2818,0.013023,-11.3535,-17.0303,-11.3783,-17.0757,100525.714775,10243.310729,-0.005571,3279.274833,-0.000718
2023-06-01,39.6886,5.1171,3.2901,0.013056,10.2342,15.3513,10.2094,15.3058,105669.720739,11291.632576,-0.006426,3614.07065,-0.000828
2023-06-02,39.2465,-1.1139,3.2985,0.013089,-2.2278,-3.3417,-2.2526,-3.3873,104492.650524,11040.074338,-0.006212,3532.659214,-0.0008
2023-06-05,39.0908,-0.3967,3.3236,0.013189,-0.7934,-1.1901,-0.8183,-1.2358,104078.142403,10952.485394,-0.006138,3503.752599,-0.00079
2023-06-06,38.5749,-1.3198,3.3319,0.013222,-2.6397,-3.9595,-2.6646,-4.0053,102704.492636,10663.378024,-0.005895,3410.392341,-0.000758
2023-06-07,37.4021,-3.0401,3.3403,0.013255,-6.0803,-9.1204,-6.1052,-9.1663,99582.143082,10015.017027,-0.005357,3202.180374,-0.000689
2023-06-08,38.4351,2.7618,3.3486,0.013288,5.5237,8.2855,5.4987,8.2396,102332.448949,10568.215808,-0.005801,3378.258611,-0.000746
2023-06-09,38.6946,0.6752,3.357,0.013321,1.3503,2.0255,1.3253,1.9794,103023.346599,10710.918451,-0.005918,3423.029744,-0.00076
2023-06-12,39.4052,1.8365,3.3821,0.013421,3.6729,5.5094,3.6478,5.4632,104915.324491,11104.320948,-0.006245,3547.894467,-0.000802
2023-06-13,40.9422,3.9005,3.3904,0.013454,7.801,11.7016,7.7759,11.6553,109007.571452,11970.57426,-0.006975,3823.774724,-0.000895
2023-06-14,42.9134,4.8145,3.3988,0.013487,9.629,14.4435,9.6038,14.3972,114255.742742,13123.221243,-0.007983,4191.002772,-0.001024
2023-06-15,42.5701,-0.8001,3.4071,0.01352,-1.6001,-2.4002,-1.6253,-2.4466,113341.635129,12913.235536,-0.007791,4122.884953,-0.000999
2023-06-16,42.609,0.0914,3.4155,0.013553,0.1829,0.2743,0.1576,0.2278,113445.262159,12936.848399,-0.007812,4129.382537,-0.001001
2023-06-20,43.7228,2.6141,3.4489,0.013686,5.2281,7.8422,5.2028,7.7955,116410.805115,13613.205946,-0.008425,4344.224204,-0.001079
2023-06-21,42.9613,-1.7417,3.4573,0.013719,-3.4834,-5.2251,-3.5088,-5.2719,114383.288389,13139.005932,-0.007985,4191.793718,-0.001023
2023-06-22,42.9414,-0.0464,3.4656,0.013752,-0.0929,-0.1393,-0.1184,-0.1862,114330.159604,13126.800313,-0.007974,4186.832527,-0.001021
2023-06-23,42.1269,-1.8966,3.474,0.013786,-3.7932,-5.6898,-3.8187,-5.7367,112161.792182,12628.878745,-0.00752,4026.951636,-0.000962
2023-06-26,40.553,-3.7362,3.499,0.013885,-7.4724,-11.2085,-7.4979,-11.2557,107971.230054,11685.204434,-0.006677,3725.013069,-0.000854
2023-06-27,41.7946,3.0616,3.5074,0.013918,6.1233,9.1849,6.0976,9.1377,111276.915051,12400.721057,-0.007291,3952.151159,-0.000932
2023-06-28,41.0371,-1.8125,3.5158,0.013951,-3.625,-5.4375,-3.6506,-5.4847,109260.032207,11951.197425,-0.006894,3807.872445,-0.000881
2023-06-29,40.7426,-0.7175,3.5241,0.013985,-1.435,-2.1524,-1.4607,-2.1998,108476.110939,11779.701999,-0.006746,3752.252555,-0.000861
2023-06-30,42.2198,3.6255,3.5325,0.014018,7.251,10.8765,7.2253,10.8291,112408.920762,12633.85002,-0.007479,4023.363738,-0.000955
2023-07-03,42.3305,0.2624,3.5575,0.014117,0.5248,0.7872,0.4989,0.7396,112703.866264,12700.14898,-0.007538,4043.438265,-0.000962
2023-07-05,42.2347,-0.2263,3.5742,0.014184,-0.4526,-0.679,-0.4785,-0.7267,112448.795281,12642.663117,-0.007487,4024.089235,-0.000955
2023-07-06,42.0211,-0.5057,3.5826,0.014217,-1.0114,-1.5171,-1.0373,-1.5649,111880.131416,12514.792904,-0.007374,3982.345693,-0.00094
2023-07-07,42.4204,0.95,3.591,0.01425,1.9001,2.8501,1.8741,2.8022,112943.032128,12752.582798,-0.007584,4056.979405,-0.000966
2023-07-10,42.098,-0.7599,3.616,0.014349,-1.5199,-2.2798,-1.546,-2.3279,112084.724467,12558.75695,-0.007411,3994.260512,-0.000944
2023-07-11,42.3225,0.5334,3.6244,0.014382,1.0668,1.6002,1.0407,1.5521,112682.598499,12692.736932,-0.007529,4035.830233,-0.000958
2023-07-12,43.8166,3.5303,3.6327,0.014416,7.0605,10.5908,7.0344,10.5426,116660.584548,13588.909563,-0.008327,4319.726405,-0.001059
2023-07-13,45.8876,4.7265,3.6411,0.014449,9.4529,14.1794,9.4267,14.1311,122174.491172,14873.456161,-0.009507,4726.936171,-0.001209
2023-07-14,45.3806,-1.1049,3.6495,0.014482,-2.2098,-3.3147,-2.236,-3.3631,120824.567048,14544.778102,-0.009192,4621.241025,-0.001168
2023-07-17,46.3707,2.1817,3.6745,0.014581,4.3634,6.5452,4.3372,6.4966,123460.622159,15179.431097,-0.009794,4821.671387,-0.001244
2023-07-18,47.4017,2.2234,3.6829,0.014615,4.4467,6.6701,4.4204,6.6215,126205.585692,15854.4153,-0.010447,5034.80768,-0.001327
2023-07-19,46.9855,-0.878,3.6912,0.014648,-1.756,-2.634,-1.7824,-2.6827,125097.488442,15576.0087,-0.010172,4945.068605,-0.001291
2023-07-20,45.4315,-3.3073,3.6996,0.014681,-6.6147,-9.922,-6.6411,-9.9707,120960.095725,14545.7072,-0.009163,4616.663791,-0.001162
2023-07-21,44.2228,-2.6604,3.7079,0.014714,-5.3208,-7.9812,-5.3472,-8.0299,117742.092014,13771.763703,-0.008431,4369.802028,-0.001069
2023-07-24,44.5253,0.6838,3.733,0.014814,1.3677,2.0515,1.3412,2.0025,118547.260733,13960.117641,-0.008604,4428.408158,-0.00109
2023-07-25,45.5902,2.3918,3.7414,0.014847,4.7835,7.1753,4.757,7.1262,121382.617345,14627.900458,-0.009222,4639.065372,-0.001168
2023-07-26,45.3636,-0.497,3.7497,0.01488,-0.9939,-1.4909,-1.0205,-1.54,120779.400979,14482.512442,-0.009084,4591.723933,-0.00115
2023-07-27,45.8108,0.9857,3.7581,0.014913,1.9713,2.957,1.9447,2.9078,121969.887965,14768.012162,-0.009353,4681.020186,-0.001184
2023-07-28,46.6591,1.8518,3.7664,0.014946,3.7037,5.5555,3.677,5.5062,124228.567212,15314.970156,-0.009873,4853.141975,-0.001249
2023-07-31,46.6381,-0.0449,3.7915,0.015046,-0.0899,-0.1348,-0.1166,-0.1843,124172.746947,15301.207046,-0.009859,4847.482287,-0.001246
2023-08-01,46.4166,-0.4751,3.7999,0.015079,-0.9501,-1.4252,-0.9769,-1.4747,123582.855944,15155.828215,-0.009719,4800.127298,-0.001228
2023-08-02,44.1829,-4.8122,3.8082,0.015112,-9.6244,-14.4365,-9.6512,-14.4861,117635.824287,13697.176212,-0.008316,4336.858283,-0.00105
2023-08-03,44.4284,0.5557,3.8166,0.015145,1.1114,1.6671,1.0845,1.6174,118289.508428,13849.402406,-0.008454,4383.892278,-0.001067
2023-08-04,44.5931,0.3707,3.8249,0.015178,0.7413,1.112,0.7145,1.0623,118727.975793,13952.074419,-0.008548,4415.213501,-0.001078
2023-08-07,45.3287,1.6495,3.85,0.015278,3.299,4.9485,3.272,4.8986,120686.397675,14412.354275,-0.008971,4559.680279,-0.001131
2023-08-08,44.5772,-1.658,3.8584,0.015311,-3.3159,-4.9739,-3.343,-5.0239,118685.45042,13934.448542,-0.008525,4407.251889,-0.001074
2023-08-09,42.4713,-4.7242,3.8667,0.015344,-9.4483,-14.1725,-9.4754,-14.2225,113078.570961,12617.879863,-0.007317,3989.649272,-0.000922
2023-08-10,42.3056,-0.3901,3.8751,0.015377,-0.7802,-1.1704,-0.8073,-1.2205,112637.43243,12519.430919,-0.007231,3957.440145,-0.00091
2023-08-11,40.7756,-3.6166,3.8834,0.01541,-7.2332,-10.8497,-7.2603,-10.8999,108563.812538,11613.881107,-0.006447,3670.119246,-0.000811
2023-08-14,43.6679,7.0934,3.9085,0.01551,14.1867,21.2801,14.1595,21.2297,116264.642556,13261.511605,-0.007819,4189.790457,-0.000983
2023-08-15,43.8546,0.4274,3.9168,0.015543,0.8548,1.2822,0.8276,1.2318,116761.570881,13374.874028,-0.007919,4224.464047,-0.000995
2023-08-16,43.4015,-1.0332,3.9252,0.015576,-2.0665,-3.0997,-2.0937,-3.1502,115555.158464,13098.48833,-0.007673,4136.014874,-0.000964
2023-08-17,43.2597,-0.3266,3.9336,0.015609,-0.6531,-0.9797,-0.6804,-1.0302,115177.81307,13012.942097,-0.007598,4107.872777,-0.000954
2023-08-18,43.2148,-0.1038,3.9419,0.015643,-0.2076,-0.3114,-0.235,-0.3621,115058.240295,12985.923116,-0.007575,4098.220077,-0.000951
2023-08-21,46.8757,8.4713,3.967,0.015742,16.9427,25.414,16.9152,25.3631,124805.20395,15186.084014,-0.0095,4791.442708,-0.001192
2023-08-22,45.5792,-2.7658,3.9753,0.015775,-5.5315,-8.2973,-5.559,-8.3482,121353.376708,14346.05913,-0.008711,4525.085196,-0.001092
2023-08-23,47.0244,3.1707,3.9837,0.015808,6.3414,9.5122,6.3139,9.4612,125201.156098,15255.806714,-0.00954,4810.795965,-0.001196
2023-08-24,47.0713,0.0997,3.9921,0.015841,0.1995,0.2992,0.1719,0.2481,125326.020423,15286.236241,-0.009569,4819.066401,-0.001199
2023-08-25,45.9285,-2.4277,4.0004,0.015875,-4.8555,-7.2832,-4.8831,-7.3343,122283.430065,14544.015993,-0.008872,4583.748416,-0.001111
2023-08-28,46.7439,1.7754,4.0255,0.015974,3.5508,5.3262,3.5231,5.2749,124454.44834,15060.444498,-0.009344,4745.239221,-0.001169
2023-08-29,48.6891,4.1614,4.0338,0.016007,8.3228,12.4842,8.2951,12.4328,129633.504473,16313.897284,-0.010511,5138.861578,-0.001315
2023-08-30,49.1682,0.9839,4.0422,0.01604,1.9678,2.9518,1.9401,2.9003,130908.991421,16634.927918,-0.010821,5238.560042,-0.001353
2023-08-31,49.259,0.1847,4.0505,0.016074,0.3695,0.5542,0.3417,0.5027,131150.818295,16696.38699,-0.010881,5256.459052,-0.00136
2023-09-01,48.4147,-1.7141,4.0589,0.016107,-3.4282,-5.1423,-3.456,-5.1939,128902.762773,16124.001618,-0.010321,5074.79519,-0.001289
2023-09-05,48.4536,0.0804,4.0923,0.016239,0.1608,0.2412,0.1329,0.1894,129006.39996,16149.928854,-0.010346,5081.537222,-0.001291
2023-09-06,46.9734,-3.055,4.1007,0.016273,-6.11,-9.1649,-6.1379,-9.2168,125065.282099,15163.175126,-0.009398,4769.635718,-0.001172
2023-09-07,46.1549,-1.7424,4.109,0.016306,-3.4848,-5.2272,-3.5128,-5.2792,122886.138604,14634.767339,-0.008907,4602.086919,-0.001111
2023-09-08,45.4871,-1.4468,4.1174,0.016339,-2.8936,-4.3403,-2.9216,-4.3924,121108.248963,14211.302146,-0.00852,4467.63229,-0.001062
2023-09-11,45.0939,-0.8646,4.1425,0.016438,-1.7291,-2.5937,-1.7573,-2.6459,120061.192432,13965.570961,-0.008299,4389.123939,-0.001034
2023-09-12,44.7864,-0.6818,4.1508,0.016472,-1.3635,-2.0453,-1.3917,-2.0976,119242.667881,13775.148686,-0.008129,4328.040934,-0.001012
2023-09-13,45.4003,1.3706,4.1592,0.016505,2.7413,4.1119,2.7131,4.0595,120877.055972,14152.764172,-0.008464,4445.463698,-0.001053
2023-09-14,45.4961,0.2111,4.1675,0.016538,0.4221,0.6332,0.3939,0.5807,121132.167581,14212.503126,-0.008517,4462.972458,-0.001059
2023-09-15,43.8183,-3.6879,4.1759,0.016571,-7.3759,-11.0638,-7.4042,-11.1163,116664.880758,13164.204739,-0.007575,4132.526575,-0.000941
2023-09-18,43.8841,0.1503,4.201,0.01667,0.3007,0.451,0.2723,0.3983,116840.273798,13203.786657,-0.007609,4143.779509,-0.000945
2023-09-19,43.439,-1.0144,4.2093,0.016704,-2.0288,-3.0432,-2.0572,-3.096,115655.047892,12935.908647,-0.007378,4058.533393,-0.000916
2023-09-20,42.1603,-2.9435,4.2177,0.016737,-5.887,-8.8305,-5.9154,-8.8833,112250.743033,12174.372035,-0.006726,3818.453262,-0.000835
2023-09-21,40.9406,-2.8931,4.226,0.01677,-5.7861,-8.6792,-5.8146,-8.7321,109003.265085,11469.948997,-0.006142,3596.425851,-0.000762
2023-09-22,41.5325,1.4458,4.2344,0.016803,2.8915,4.3373,2.863,4.2843,110579.192215,11801.605187,-0.006409,3699.392003,-0.000794
2023-09-25,42.1434,1.4708,4.2595,0.016903,2.9416,4.4124,2.913,4.3592,112205.587121,12148.760383,-0.006692,3807.154703,-0.000829
2023-09-26,41.833,-0.7366,4.2678,0.016936,-1.4732,-2.2098,-1.5018,-2.263,111379.079541,11969.78458,-0.006544,3749.977168,-0.00081
2023-09-27,42.3889,1.329,4.2762,0.016969,2.658,3.987,2.6293,3.9337,112859.311887,12287.942395,-0.006805,3848.576541,-0.000842
2023-09-28,43.0088,1.4623,4.2845,0.017002,2.9246,4.3869,2.8959,4.3335,114509.635567,12647.311631,-0.007103,3960.025915,-0.000879
2023-09-29,43.418,0.9515,4.2929,0.017035,1.903,2.8546,1.8743,2.8011,115599.217471,12887.99499,-0.007306,4034.248606,-0.000903
2023-10-02,44.6986,2.9495,4.3179,0.017135,5.899,8.8485,5.8702,8.7949,119008.81388,13648.257255,-0.007952,4271.065236,-0.000983
2023-10-03,43.436,-2.8248,4.3263,0.017168,-5.6496,-8.4744,-5.6785,-8.5281,115647.064863,12877.188056,-0.007278,4028.534756,-0.000899
2023-10-04,43.959,1.2041,4.3347,0.017201,2.4082,3.6123,2.3793,3.5586,117039.585455,13187.299679,-0.007541,4124.386382,-0.000931
2023-10-05,44.6048,1.4691,4.343,0.017234,2.9382,4.4073,2.9093,4.3535,118759.014135,13574.768948,-0.007874,4244.375492,-0.000971
2023-10-06,45.6768,2.4033,4.3514,0.017267,4.8067,7.21,4.7777,7.1561,121613.200944,14227.265548,-0.008441,4447.159568,-0.001041
2023-10-09,45.1887,-1.0686,4.3764,0.017367,-2.1372,-3.2058,-2.1663,-3.2599,120313.643031,13923.200604,-0.008171,4350.821999,-0.001007
2023-10-10,45.7127,1.1597,4.3848,0.0174,2.3193,3.479,2.2902,3.4248,121708.865258,14246.122569,-0.008455,4450.464615,-0.001041
2023-10-11,46.7188,2.201,4.3932,0.017433,4.4019,6.6029,4.3728,6.5486,124387.618402,14873.223077,-0.009013,4645.072912,-0.00111
2023-10-12,46.8576,0.297,4.4015,0.017466,0.5939,0.8909,0.5648,0.8366,124757.011236,14961.56084,-0.009094,4671.306687,-0.001119
2023-10-13,45.3763,-3.1611,4.4099,0.017499,-6.3223,-9.4834,-6.3515,-9.5378,120813.262835,14015.647965,-0.008231,4374.60896,-0.001012
2023-10-16,46.0092,1.3946,4.4349,0.017599,2.7892,4.1838,2.7599,4.1293,122498.139015,14406.575763,-0.008576,4495.344605,-0.001054
2023-10-17,43.8562,-4.6795,4.4433,0.017632,-9.3589,-14.0384,-9.3883,-14.093,116765.877248,13058.273427,-0.007372,4073.309276,-0.000905
2023-10-18,42.1174,-3.9647,4.4516,0.017665,-7.9294,-11.8941,-7.9588,-11.9488,112136.471964,12022.833256,-0.006495,3749.124693,-0.000797
2023-10-19,42.0226,-0.2251,4.46,0.017698,-0.4502,-0.6753,-0.4796,-0.7301,111884.041678,11968.704083,-0.006451,3731.142971,-0.000791
2023-10-20,41.3099,-1.6959,4.4684,0.017732,-3.3919,-5.0878,-3.4213,-5.1426,109986.558949,11562.740749,-0.006123,3603.488941,-0.000751
2023-10-23,42.895,3.8369,4.4934,0.017831,7.6739,11.5108,7.6444,11.4558,114206.686723,12450.053596,-0.006828,3878.952603,-0.000837
2023-10-24,43.5817,1.6009,4.5018,0.017864,3.2018,4.8028,3.1723,4.7477,116035.044139,12848.684332,-0.007156,4002.003413,-0.000876
2023-10-25,41.7012,-4.3149,4.5101,0.017897,-8.6297,-12.9446,-8.6593,-12.9998,111028.283305,11739.876386,-0.006229,3655.456215,-0.000762
2023-10-26,40.2509,-3.4778,4.5185,0.017931,-6.9556,-10.4334,-6.9852,-10.4886,107166.934796,10923.296091,-0.005579,3400.113486,-0.000683
2023-10-27,40.4246,0.4315,4.5268,0.017964,0.8629,1.2944,0.8333,1.2391,107629.330935,11017.558187,-0.005652,3428.445799,-0.000691
2023-10-30,41.0844,1.6321,4.5519,0.018063,3.2642,4.8964,3.2345,4.8409,109385.973124,11377.19821,-0.005928,3539.338016,-0.000724
2023-10-31,40.7041,-0.9257,4.5603,0.018096,-1.8513,-2.777,-1.8811,-2.8325,108373.428466,11166.569352,-0.005764,3472.758567,-0.000704
2023-11-01,42.2462,3.7886,4.5686,0.018129,7.5773,11.3659,7.5474,11.3103,112479.305484,12012.691158,-0.006419,3734.86295,-0.000784
2023-11-02,43.425,2.7903,4.577,0.018163,5.5806,8.3709,5.5507,8.3152,115617.824226,12683.073255,-0.006956,3942.175723,-0.000849
2023-11-03,44.9212,3.4455,4.5853,0.018196,6.891,10.3365,6.8611,10.2808,119601.447146,13557.066199,-0.007675,4212.652992,-0.000936
2023-11-06,45.6658,1.6576,4.6104,0.018295,3.3152,4.9727,3.2852,4.9168,121583.939994,14006.505356,-0.008057,4351.045538,-0.000982
2023-11-07,45.8694,0.4459,4.6188,0.018328,0.8918,1.3377,0.8618,1.2817,122126.085171,14131.415921,-0.008165,4388.541506,-0.000995
2023-11-08,46.4873,1.347,4.6271,0.018362,2.6939,4.0409,2.6638,3.9848,123771.066518,14512.10307,-0.008494,4505.445172,-0.001034
2023-11-09,46.8626,0.8073,4.6355,0.018395,1.6147,2.422,1.5846,2.3658,124770.306128,14746.423879,-0.0087,4576.836506,-0.001059
2023-11-10,48.245,2.9499,4.6438,0.018428,5.8999,8.8498,5.8698,8.7936,128450.959891,15616.446278,-0.00947,4845.485509,-0.001152
2023-11-13,48.5295,0.5896,4.6689,0.018527,1.1793,1.7689,1.149,1.7125,129208.342157,15800.604022,-0.009638,4901.161173,-0.001171
2023-11-14,49.5635,2.1308,4.6773,0.018561,4.2616,6.3924,4.2313,6.3359,131961.512164,16473.962233,-0.010254,5108.545526,-0.001246
2023-11-15,48.797,-1.5466,4.6856,0.018594,-3.0932,-4.6398,-3.1235,-4.6964,129920.578668,15964.385452,-0.009778,4948.978806,-0.001187
2023-11-16,49.3879,1.2109,4.694,0.018627,2.4218,3.6328,2.3915,3.5761,131493.814319,16351.017663,-0.010133,5067.334075,-0.00123
2023-11-17,49.2062,-0.3678,4.7023,0.01866,-0.7356,-1.1034,-0.766,-1.1601,131010.160572,16230.734729,-0.010021,5028.518496,-0.001215
2023-11-20,50.3151,2.2536,4.7274,0.01876,4.5073,6.7609,4.4768,6.704,133962.662549,16962.300527,-0.010699,5253.636276,-0.001297
2023-11-21,49.851,-0.9225,4.7358,0.018793,-1.8449,-2.7674,-1.8754,-2.8244,132726.897773,16649.356411,-0.010403,5155.107578,-0.00126
2023-11-22,48.6253,-2.4588,4.7441,0.018826,-4.9175,-7.3763,-4.948,-7.4333,129463.474079,15830.624035,-0.009635,4900.031111,-0.001166
2023-11-24,47.687,-1.9295,4.7608,0.018892,-3.8591,-5.7886,-3.8897,-5.8458,126965.425838,15219.707901,-0.009078,4709.435751,-0.001098
2023-11-27,48.1522,0.9754,4.7859,0.018992,1.9508,2.9261,1.9201,2.8688,128203.821155,15516.607862,-0.009343,4799.859834,-0.00113
2023-11-28,47.732,-0.8727,4.7942,0.019025,-1.7454,-2.6181,-1.7761,-2.6755,127084.998613,15245.783943,-0.009099,4714.608943,-0.0011
2023-11-29,48.0504,0.6671,4.8026,0.019058,1.3341,2.0012,1.3034,1.9437,127932.743488,15449.183799,-0.009281,4776.057935,-0.001121
2023-11-30,46.6829,-2.8459,4.811,0.019091,-5.6918,-8.5376,-5.7226,-8.5952,124291.933775,14569.853974,-0.008488,4502.745473,-0.001025
2023-12-01,46.6779,-0.0107,4.8193,0.019124,-0.0213,-0.032,-0.0522,-0.0896,124278.669352,14566.744188,-0.008486,4500.396184,-0.001024
2023-12-04,45.4253,-2.6836,4.8444,0.019224,-5.3673,-8.0509,-5.3982,-8.1088,120943.469493,13784.904417,-0.007803,4257.454779,-0.000941
2023-12-05,46.4834,2.3294,4.8527,0.019257,4.6588,6.9882,4.6278,6.9303,123760.706862,14427.111028,-0.008348,4454.481441,-0.001006
2023-12-06,45.4223,-2.2828,4.8611,0.01929,-4.5656,-6.8484,-4.5966,-6.9063,120935.49662,13768.426655,-0.007776,4249.726848,-0.000936
2023-12-07,46.5133,2.402,4.8695,0.019323,4.8041,7.2061,4.7731,7.1481,123840.425431,14429.875119,-0.008336,4452.569143,-0.001003
2023-12-08,47.4217,1.953,4.8778,0.019356,3.9059,5.8589,3.8749,5.8008,126258.988704,14993.496665,-0.008825,4625.100511,-0.001062
2023-12-11,46.5443,-1.8503,4.9029,0.019456,-3.7006,-5.5509,-3.7318,-5.6092,123922.815167,14438.646503,-0.008335,4452.502503,-0.001002
2023-12-12,47.5724,2.209,4.9112,0.019489,4.4181,6.6271,4.3869,6.5687,126660.303498,15076.553676,-0.008887,4647.827485,-0.001068
2023-12-13,48.0027,0.9044,4.9196,0.019522,1.8088,2.7131,1.7775,2.6547,127805.797075,15349.253092,-0.009129,4730.444311,-0.001096
2023-12-14,48.2642,0.5448,4.9279,0.019555,1.0896,1.6345,1.0584,1.576,128502.108154,15516.504582,-0.009278,4780.510273,-0.001113
2023-12-15,48.8032,1.1169,4.9363,0.019588,2.2337,3.3506,2.2024,3.292,129937.286153,15863.097277,-0.009589,4885.796642,-0.00115
2023-12-18,49.9882,2.4279,4.9614,0.019688,4.8558,7.2838,4.8245,7.225,133092.065492,16633.38536,-0.010287,5121.509697,-0.001233
2023-12-19,49.516,-0.9446,4.9697,0.019721,-1.8891,-2.8337,-1.9205,-2.8925,131834.931386,16319.160827,-0.009995,5023.148695,-0.001198
2023-12-20,48.0256,-3.0098,4.9781,0.019754,-6.0197,-9.0295,-6.0511,-9.0884,127866.908889,15336.799072,-0.009093,4719.19075,-0.001089
2023-12-21,48.9031,1.827,4.9864,0.019787,3.6541,5.4811,3.6226,5.4222,130203.082426,15897.216532,-0.009591,4890.147057,-0.001148
2023-12-22,48.7434,-0.3266,4.9948,0.019821,-0.6532,-0.9798,-0.6847,-1.0388,129777.838858,15793.37584,-0.009497,4856.662879,-0.001136
2023-12-26,49.1916,0.9195,5.0282,0.019953,1.839,2.7586,1.8074,2.6993,130971.169671,16083.821762,-0.009759,4944.441075,-0.001166
2023-12-27,49.3293,0.28,5.0366,0.019986,0.5601,0.8401,0.5284,0.7808,131337.952278,16173.906719,-0.009841,4970.567697,-0.001176
2023-12-28,49.4341,0.2125,5.0449,0.02002,0.4249,0.6374,0.3932,0.578,131616.992661,16242.632827,-0.009904,4990.111657,-0.001182
2023-12-29,49.4341,0.0,5.0533,0.020053,0.0,0.0,-0.0318,-0.0595,131616.992661,16242.632827,-0.009904,4988.526844,-0.001182
2024-01-02,48.0825,-2.7341,5.0695,0.020117,-5.4683,-8.2024,-5.5001,-8.262,128018.413781,15354.443631,-0.009092,4714.153776,-0.001084
2024-01-03,47.4846,-1.2436,5.0692,0.020116,-2.4871,-3.7307,-2.519,-3.7903,126426.419027,14972.558041,-0.008753,4595.40631,-0.001043
2024-01-04,47.9128,0.9018,5.0689,0.020115,1.8037,2.7055,1.7719,2.6459,127566.590585,15242.616862,-0.008989,4676.830976,-0.001071
2024-01-05,49.0099,2.2897,5.0686,0.020114,4.5793,6.869,4.5475,6.8094,130487.444828,15940.628182,-0.009607,4889.510822,-0.001143
2024-01-08,52.1603,6.4281,5.0678,0.02011,12.8562,19.2843,12.8244,19.2247,138875.302861,17989.985901,-0.011459,5516.560025,-0.001363
2024-01-09,53.0457,1.6975,5.0675,0.020109,3.395,5.0925,3.3632,5.033,141232.734006,18600.75185,-0.012043,5702.093926,-0.001432
2024-01-10,54.2536,2.277,5.0673,0.020108,4.554,6.831,4.5222,6.7714,144448.615003,19447.833156,-0.012866,5959.954128,-0.001529
2024-01-11,54.7247,0.8684,5.067,0.020107,1.7369,2.6053,1.7051,2.5457,145703.05763,19785.616816,-0.013201,6061.57474,-0.001568
2024-01-12,54.6129,-0.2043,5.0667,0.020106,-0.4086,-0.6129,-0.4404,-0.6725,145405.390179,19704.773844,-0.01312,6034.879138,-0.001557
2024-01-16,56.282,3.0561,5.0656,0.020102,6.1122,9.1684,6.0804,9.1088,149849.154489,20909.17721,-0.014323,6401.825948,-0.001699
2024-01-17,55.9535,-0.5835,5.0654,0.020101,-1.167,-1.7505,-1.1988,-1.8101,148974.769048,20665.162752,-0.014072,6325.079078,-0.001668
2024-01-18,57.0057,1.8804,5.0651,0.0201,3.7607,5.6411,3.7289,5.5815,151776.040359,21442.324253,-0.014866,6560.936638,-0.001761
2024-01-19,59.3854,4.1746,5.0648,0.020098,8.3492,12.5238,8.3174,12.4643,158112.10757,23232.593749,-0.016728,7106.637797,-0.001981
2024-01-22,59.5482,0.274,5.064,0.020095,0.548,0.822,0.5162,0.7624,158545.324011,23359.905208,-0.016865,7143.321187,-0.001996
2024-01-23,59.7668,0.3671,5.0637,0.020094,0.7342,1.1013,0.7024,1.0418,159127.353864,23531.41657,-0.017051,7193.49674,-0.002017
2024-01-24,61.2531,2.4869,5.0634,0.020093,4.9739,7.4608,4.9421,7.4012,163084.742479,24701.837088,-0.018323,7549.003955,-0.002166
2024-01-25,61.5077,0.4156,5.0632,0.020092,0.8311,1.2467,0.7993,1.1872,163762.477272,24907.145006,-0.018551,7609.346619,-0.002192
2024-01-26,60.9227,-0.951,5.0629,0.020091,-1.9021,-2.8531,-1.9339,-2.9127,162205.024862,24433.389434,-0.018022,7462.190665,-0.002128
2024-01-29,62.3542,2.3496,5.0621,0.020088,4.6993,7.0489,4.6675,6.9894,166016.250917,25581.58038,-0.019293,7810.486629,-0.002277
2024-01-30,62.6626,0.4947,5.0618,0.020087,0.9893,1.484,0.9576,1.4245,166837.48726,25834.670344,-0.019579,7885.276073,-0.002309
2024-01-31,61.4178,-1.9865,5.0615,0.020085,-3.973,-5.9595,-4.0048,-6.019,163523.280939,24808.265198,-0.018412,7569.489109,-0.00217
2024-02-01,62.9152,2.4379,5.0613,0.020084,4.8759,7.3138,4.8441,7.2543,167509.889877,26017.88931,-0.019759,7936.162797,-0.002328
2024-02-02,66.0426,4.9709,5.061,0.020083,9.9418,14.9127,9.91,14.8532,175836.636095,28604.53493,-0.022705,8722.63708,-0.002673
2024-02-05,69.209,4.7944,5.0602,0.02008,9.5889,14.3833,9.5571,14.3238,184266.999187,31347.383302,-0.025971,9556.265795,-0.003056
2024-02-06,68.102,-1.5996,5.0599,0.020079,-3.1991,-4.7987,-3.2309,-4.8582,181319.55516,30344.54874,-0.024725,9247.513682,-0.002908
2024-02-07,69.9746,2.7498,5.0596,0.020078,5.4996,8.2494,5.4678,8.1899,186305.474804,32013.375707,-0.026764,9753.150137,-0.003146
2024-02-08,69.5174,-0.6533,5.0593,0.020077,-1.3067,-1.96,-1.3385,-2.0196,185088.255843,31595.059628,-0.02624,9622.606692,-0.003082
2024-02-09,72.005,3.5783,5.0591,0.020076,7.1567,10.735,7.1249,10.6755,191711.346466,33856.218146,-0.029057,10308.207968,-0.003411
2024-02-12,72.1198,0.1594,5.0583,0.020072,0.3189,0.4783,0.2871,0.4188,192016.996946,33964.173877,-0.029196,10337.801444,-0.003426
2024-02-13,72.0,-0.1661,5.058,0.020071,-0.3322,-0.4984,-0.364,-0.5579,191698.021104,33851.332294,-0.02905,10300.170319,-0.003407
2024-02-14,73.7689,2.4568,5.0577,0.02007,4.9135,7.3703,4.8817,7.3108,196407.581688,35514.624376,-0.031191,10802.998233,-0.003656
2024-02-15,72.5291,-1.6806,5.0574,0.020069,-3.3613,-5.0419,-3.393,-5.1014,193106.690572,34320.883207,-0.029619,10436.447964,-0.003469
2024-02-16,72.4842,-0.062,5.0572,0.020068,-0.1239,-0.1859,-0.1557,-0.2454,192987.046701,34278.354558,-0.029563,10420.199539,-0.003461
2024-02-20,69.3288,-4.3532,5.0561,0.020064,-8.7064,-13.0596,-8.7381,-13.1191,184585.954715,31293.951048,-0.025703,9509.666953,-0.003007
2024-02-21,67.3523,-2.8509,5.0558,0.020063,-5.7018,-8.5527,-5.7336,-8.6122,179323.574446,29509.626008,-0.023504,8964.421647,-0.002748
2024-02-22,78.3987,16.4009,5.0555,0.020062,32.8018,49.2027,32.77,49.1432,208734.231736,39189.306997,-0.035069,11902.063213,-0.004098
2024-02-23,78.6772,0.3552,5.0552,0.02006,0.7105,1.0657,0.6787,1.0062,209475.739353,39467.739236,-0.035443,11982.844096,-0.004139
2024-02-26,78.9517,0.3489,5.0544,0.020057,0.6979,1.0468,0.6661,0.9873,210206.663871,39743.16911,-0.035814,12062.661484,-0.00418
2024-02-27,78.5614,-0.4944,5.0542,0.020056,-0.9888,-1.4832,-1.0205,-1.5426,209167.427864,39350.198386,-0.035283,11939.557437,-0.004116
2024-02-28,77.5252,-1.3189,5.0539,0.020055,-2.6378,-3.9567,-2.6696,-4.0162,206408.692082,38312.208854,-0.033887,11620.820583,-0.00395
2024-02-29,78.9716,1.8657,5.0536,0.020054,3.7315,5.5972,3.6997,5.5377,210259.741873,39741.821361,-0.035783,12050.758396,-0.004169
2024-03-01,82.133,4.0032,5.0533,0.020053,8.0064,12.0096,7.9746,11.9501,218676.840543,42923.703244,-0.040081,13011.76087,-0.004667
2024-03-04,85.0858,3.5951,5.0525,0.02005,7.1902,10.7853,7.1584,10.7258,226538.458517,46009.990353,-0.044404,13943.196543,-0.005168
2024-03-05,85.8155,0.8577,5.0522,0.020049,1.7153,2.573,1.6836,2.5135,228481.401854,46799.214441,-0.045546,14177.941004,-0.005298
2024-03-06,88.5468,3.1827,5.052,0.020047,6.3654,9.5481,6.3337,9.4887,235753.311642,49778.184833,-0.049895,15075.925618,-0.005801
2024-03-07,92.5089,4.4747,5.0517,0.020046,8.9493,13.424,8.9175,13.3645,246302.447842,54232.984198,-0.056593,16420.328489,-0.006576
2024-03-08,87.3768,-5.5477,5.0514,0.020045,-11.0955,-16.6432,-11.1272,-16.7026,232638.264631,48215.590229,-0.047174,14593.205325,-0.005477
2024-03-11,85.6258,-2.0039,5.0506,0.020042,-4.0078,-6.0118,-4.0396,-6.0712,227976.378778,46283.186045,-0.044338,14003.69975,-0.005145
2024-03-12,91.7542,7.1572,5.0503,0.020041,14.3144,21.4716,14.2826,21.4121,244293.080827,52908.336954,-0.053858,16003.79668,-0.006246
2024-03-13,90.731,-1.1152,5.0501,0.02004,-2.2304,-3.3456,-2.2621,-3.405,241568.755354,51728.282819,-0.052056,15641.77145,-0.006034
2024-03-14,87.7921,-3.2391,5.0498,0.020039,-6.4783,-9.7174,-6.51,-9.7769,233743.985254,48377.171288,-0.046998,14623.485613,-0.005444
2024-03-15,87.6853,-0.1217,5.0495,0.020038,-0.2433,-0.365,-0.2751,-0.4245,233459.582226,48259.447498,-0.046826,14583.257892,-0.005421
2024-03-18,88.3022,0.7036,5.0487,0.020034,1.4071,2.1107,1.3754,2.0513,235102.11585,48938.518063,-0.047814,14783.833656,-0.005532
2024-03-19,89.2436,1.0661,5.0484,0.020033,2.1322,3.1983,2.1004,3.1388,237608.522912,49981.978236,-0.049344,15094.36012,-0.005706
2024-03-20,90.2159,1.0895,5.0481,0.020032,2.179,3.2685,2.1473,3.2091,240197.279083,51071.090301,-0.050956,15418.476917,-0.005889
2024-03-21,91.277,1.1763,5.0479,0.020031,2.3525,3.5288,2.3208,3.4693,243022.601047,52272.538325,-0.052755,15776.303324,-0.006093
2024-03-22,94.1261,3.1213,5.0476,0.02003,6.2427,9.364,6.211,9.3046,250608.184969,55535.7552,-0.057695,16756.163502,-0.00666
2024-03-25,94.8379,0.7562,5.0468,0.020027,1.5124,2.2686,1.4806,2.2091,252503.250445,56375.663061,-0.059003,17004.26195,-0.006807
2024-03-26,92.4011,-2.5694,5.0465,0.020026,-5.1389,-7.7083,-5.1706,-7.7677,246015.343177,53478.590858,-0.054455,16125.039165,-0.006278
2024-03-27,90.0941,-2.4967,5.0462,0.020025,-4.9934,-7.4901,-5.0252,-7.5496,239873.042161,50808.175275,-0.050376,15314.7301,-0.005804
2024-03-28,90.1999,0.1175,5.046,0.020024,0.2349,0.3524,0.2032,0.293,240154.78418,50927.528394,-0.050554,15345.846461,-0.005821
2024-04-01,90.2069,0.0077,5.0449,0.020019,0.0155,0.0232,-0.0163,-0.0362,240173.350308,50935.402708,-0.050566,15343.350636,-0.005819
2024-04-02,89.2975,-1.0082,5.0446,0.020018,-2.0163,-3.0245,-2.048,-3.0839,237752.034618,49908.388765,-0.049036,15029.114016,-0.00564
2024-04-03,88.8103,-0.5456,5.0443,0.020017,-1.0911,-1.6367,-1.1228,-1.6961,236454.965053,49363.832734,-0.048234,14860.361909,-0.005544
2024-04-04,85.7566,-3.4385,5.044,0.020016,-6.8769,-10.3154,-6.9087,-10.3748,228324.524161,45969.108295,-0.043258,13833.708686,-0.004969
2024-04-05,87.856,2.4481,5.0438,0.020015,4.8962,7.3443,4.8645,7.2849,233914.107057,48219.835785,-0.046435,14506.642889,-0.005331
2024-04-08,86.9825,-0.9942,5.043,0.020012,-1.9885,-2.9827,-2.0202,-3.0421,231588.445524,47260.996503,-0.04505,14213.580725,-0.005169
2024-04-09,85.2065,-2.0417,5.0427,0.020011,-4.0834,-6.1252,-4.1152,-6.1846,226860.054742,45331.120772,-0.042291,13628.669177,-0.004849
2024-04-10,86.8886,1.9741,5.0424,0.02001,3.9483,5.9224,3.9166,5.863,231338.594995,47120.922413,-0.044795,14162.445364,-0.005133
2024-04-11,90.4595,4.1096,5.0421,0.020008,8.2193,12.3289,8.1876,12.2696,240845.793552,50993.929125,-0.050318,15322.006663,-0.005763
2024-04-12,88.0337,-2.6816,5.0419,0.020007,-5.3633,-8.0449,-5.395,-8.1043,234387.157391,48258.973868,-0.04627,14495.382945,-0.005296
2024-04-15,85.8524,-2.4777,5.041,0.020004,-4.9555,-7.4332,-4.9872,-7.4926,228579.676396,45867.519688,-0.042831,13772.473477,-0.004899
2024-04-16,87.264,1.6442,5.0408,0.020003,3.2884,4.9326,3.2567,4.8732,232337.976796,47375.824541,-0.044944,14220.999529,-0.005138
2024-04-17,83.8898,-3.8666,5.0405,0.020002,-7.7332,-11.5999,-7.765,-11.6592,223354.347132,43712.13711,-0.03973,13116.745902,-0.004539
2024-04-18,84.5247,0.7568,5.0402,0.020001,1.5136,2.2704,1.4819,2.2111,225044.717992,44373.773865,-0.040632,13311.124968,-0.004639
2024-04-19,76.0684,-10.0046,5.0399,0.02,-20.0092,-30.0138,-20.0409,-30.0731,202529.914975,35494.944923,-0.028437,10643.457373,-0.003244
2024-04-22,79.3806,4.3543,5.0391,0.019997,8.7087,13.063,8.677,13.0036,211348.744856,38586.08216,-0.032152,11566.986555,-0.003666
2024-04-23,82.2806,3.6532,5.0389,0.019995,7.3065,10.9597,7.2748,10.9004,219069.837142,41405.372159,-0.035675,12408.460858,-0.004066
2024-04-24,79.5394,-3.3316,5.0386,0.019994,-6.6632,-9.9948,-6.6949,-10.0541,211771.317258,38646.453488,-0.03211,11577.727948,-0.003657
2024-04-25,82.4893,3.7087,5.0383,0.019993,7.4175,11.1262,7.3858,11.0669,219625.378777,41513.051544,-0.035682,12432.835034,-0.004062
2024-04-26,87.5835,6.1756,5.038,0.019992,12.3512,18.5267,12.3195,18.4674,233188.524872,46640.3969,-0.042293,13964.493934,-0.004812
2024-04-29,87.6054,0.025,5.0372,0.019989,0.0501,0.0751,0.0184,0.0158,233246.924894,46663.758257,-0.042325,13967.062417,-0.004812
2024-04-30,86.2527,-1.544,5.0369,0.019988,-3.0881,-4.6321,-3.1198,-4.6914,229645.5225,45222.753444,-0.040364,13531.324412,-0.004587
2024-05-01,82.8975,-3.89,5.0367,0.019987,-7.7799,-11.6699,-7.8116,-11.7292,220712.411393,41704.4625,-0.035654,12474.310625,-0.004049
2024-05-02,85.6688,3.3429,5.0364,0.019986,6.6859,10.0288,6.6542,9.9695,228090.680317,44492.767314,-0.03923,13304.373055,-0.004452
2024-05-03,88.6356,3.4632,5.0361,0.019985,6.9263,10.3895,6.8947,10.3302,235989.857122,47574.491084,-0.043305,14221.663911,-0.004912
2024-05-06,91.9808,3.7741,5.0353,0.019981,7.5483,11.3224,7.5166,11.2631,244896.419071,51165.53654,-0.048208,15290.645314,-0.005465
2024-05-07,90.3976,-1.7213,5.035,0.01998,-3.4426,-5.1639,-3.4743,-5.2232,240681.014081,49404.110555,-0.045719,14759.404105,-0.00518
2024-05-08,90.2558,-0.1568,5.0348,0.019979,-0.3136,-0.4704,-0.3453,-0.5298,240303.597592,49249.167499,-0.045504,14708.438503,-0.005153
2024-05-09,88.5937,-1.8416,5.0345,0.019978,-3.6831,-5.5247,-3.7148,-5.584,235878.236907,47435.251005,-0.04299,14162.045623,-0.004865
2024-05-10,89.7227,1.2744,5.0342,0.019977,2.5488,3.8232,2.5171,3.7639,238884.284086,48644.286686,-0.044634,14518.522622,-0.005048
2024-05-13,90.2428,0.5797,5.0334,0.019974,1.1594,1.739,1.1277,1.6797,240269.045092,49208.247699,-0.04541,14682.244667,-0.005133
2024-05-14,91.1982,1.0586,5.0331,0.019973,2.1173,3.1759,2.0856,3.1166,242812.64535,50250.130656,-0.046852,14988.459665,-0.005293
2024-05-15,94.4665,3.5838,5.0328,0.019972,7.1675,10.7513,7.1359,10.692,251514.49237,53851.828986,-0.051889,16058.015505,-0.005859
2024-05-16,94.196,-0.2864,5.0326,0.019971,-0.5728,-0.8591,-0.6044,-0.9184,250794.211891,53543.39013,-0.051443,15960.9558,-0.005805
2024-05-17,92.3192,-1.9924,5.0323,0.019969,-3.9848,-5.9772,-4.0164,-6.0365,245797.424765,51409.808813,-0.048369,15319.892554,-0.005454
2024-05-20,94.6163,2.4881,5.0315,0.019966,4.9763,7.4644,4.9446,7.4051,251913.196937,53968.09988,-0.051979,16077.399627,-0.005858
2024-05-21,95.2212,0.6394,5.0312,0.019965,1.2787,1.9181,1.2471,1.8588,253523.839071,54658.205017,-0.052976,16277.893874,-0.005967
2024-05-22,94.786,-0.4571,5.0309,0.019964,-0.9142,-1.3713,-0.9459,-1.4306,252364.999819,54158.527561,-0.052249,16123.928441,-0.005882
2024-05-23,103.6197,9.3197,5.0307,0.019963,18.6393,27.959,18.6077,27.8997,275884.587909,64253.320902,-0.066858,19124.216327,-0.007523
2024-05-24,106.2851,2.5723,5.0304,0.019962,5.1445,7.7168,5.1128,7.6575,282981.053874,67558.844479,-0.072017,20102.008761,-0.008099
2024-05-28,113.7042,6.9804,5.0293,0.019957,13.9609,20.9413,13.9292,20.882,302734.358534,76990.645083,-0.087099,22902.058453,-0.00979
2024-05-29,114.6266,0.8112,5.029,0.019956,1.6225,2.4337,1.5908,2.3744,305190.226725,78239.785598,-0.089218,23266.383199,-0.010023
2024-05-30,110.3091,-3.7666,5.0287,0.019955,-7.5332,-11.2998,-7.5649,-11.3591,293694.949231,72345.835086,-0.079137,21506.316174,-0.008884
2024-05-31,109.4436,-0.7846,5.0285,0.019954,-1.5692,-2.3538,-1.6009,-2.4131,291390.596089,71210.573122,-0.077274,21162.026727,-0.00867
2024-06-03,114.8013,4.8954,5.0277,0.019951,9.7908,14.6862,9.7592,14.627,305655.375282,78182.679398,-0.088623,23227.265488,-0.009938
2024-06-04,116.2359,1.2496,5.0274,0.01995,2.4991,3.7487,2.4675,3.6894,309474.736714,80136.565601,-0.091945,23800.391989,-0.010304
2024-06-05,122.2285,5.1556,5.0271,0.019949,10.3111,15.4667,10.2795,15.4075,325429.927393,88399.56114,-0.106166,26246.950287,-0.011892
2024-06-06,120.789,-1.1777,5.0268,0.019948,-2.3554,-3.5331,-2.3871,-3.5924,321597.301538,86317.37745,-0.102415,25620.415322,-0.011465
2024-06-07,120.6792,-0.0909,5.0266,0.019947,-0.1818,-0.2727,-0.2135,-0.332,321304.935794,86160.434315,-0.102135,25565.72239,-0.011427
2024-06-10,121.5796,0.7461,5.0257,0.019943,1.4923,2.2384,1.4606,2.1792,323702.302397,87446.179567,-0.104422,25939.140193,-0.011676
2024-06-11,120.711,-0.7144,5.0255,0.019942,-1.4288,-2.1432,-1.4604,-2.2024,321389.803721,86196.765071,-0.102184,25560.317265,-0.011419
2024-06-12,124.994,3.5481,5.0252,0.019941,7.0962,10.6443,7.0645,10.585,332793.002154,92313.442109,-0.11306,27366.033996,-0.012627
2024-06-13,129.3967,3.5224,5.0249,0.01994,7.0448,10.5671,7.0131,10.5079,344515.237367,98816.703144,-0.125008,29285.245195,-0.013954
2024-06-14,131.663,1.7514,5.0246,0.019939,3.5028,5.2542,3.4711,5.1949,350549.026065,102278.025268,-0.131576,30301.772627,-0.014679
2024-06-17,130.7645,-0.6824,5.0238,0.019936,-1.3648,-2.0473,-1.3965,-2.1065,348156.798663,100882.087602,-0.128882,29878.611921,-0.01437
2024-06-18,135.3569,3.512,5.0236,0.019935,7.024,10.5359,6.9923,10.4767,360383.996014,107968.005205,-0.142461,31967.819792,-0.015875
2024-06-20,130.5648,-3.5404,5.023,0.019933,-7.0807,-10.6211,-7.1123,-10.6803,347625.124864,100323.104866,-0.12733,29694.157206,-0.01418
2024-06-21,126.3617,-3.2191,5.0227,0.019931,-6.4383,-9.6574,-6.4699,-9.7166,336434.583763,93864.021514,-0.115033,27772.969353,-0.012802
2024-06-24,117.9156,-6.6841,5.0219,0.019928,-13.3681,-20.0522,-13.3997,-20.1114,313947.122113,81316.181988,-0.091967,24051.46421,-0.010227
2024-06-25,125.8825,6.7564,5.0216,0.019927,13.5128,20.2692,13.4812,20.21,335158.680398,92304.29312,-0.110608,27293.887499,-0.012294
2024-06-26,126.192,0.2459,5.0214,0.019926,0.4917,0.7376,0.4601,0.6784,335982.740254,92758.19312,-0.111423,27419.469597,-0.012378
2024-06-27,123.786,-1.9066,5.0211,0.019925,-3.8133,-5.7199,-3.8449,-5.7792,329576.735209,89221.050392,-0.10505,26365.211434,-0.011662
2024-06-28,123.3367,-0.3629,5.0208,0.019924,-0.7259,-1.0888,-0.7575,-1.148,328380.601195,88573.429843,-0.103906,26165.497344,-0.011529
2024-07-01,124.0955,0.6152,5.02,0.019921,1.2304,1.8456,1.1987,1.7864,330400.754439,89663.213473,-0.105824,26479.15522,-0.011734
2024-07-02,122.4681,-1.3114,5.0197,0.01992,-2.6227,-3.9341,-2.6543,-3.9933,326068.04158,87311.61498,-0.101661,25776.311733,-0.011266
2024-07-03,128.0689,4.5733,5.0195,0.019918,9.1465,13.7198,9.1149,13.6606,340979.953954,95297.574877,-0.115608,28125.79127,-0.012805
2024-07-05,125.6229,-1.9099,5.0189,0.019916,-3.8198,-5.7297,-3.8514,-5.7889,334467.610086,91657.416151,-0.108984,27042.5535,-0.012064
2024-07-08,127.989,1.8835,5.0181,0.019913,3.767,5.6505,3.7353,5.5913,340767.255996,95110.122777,-0.115143,28052.687466,-0.012738
2024-07-09,131.1638,2.4805,5.0178,0.019912,4.961,7.4415,4.9294,7.3823,349220.024384,99828.5564,-0.123711,29435.517532,-0.013679
2024-07-10,134.688,2.6869,5.0175,0.019911,5.3737,8.0606,5.3421,8.0014,358603.069572,105193.05895,-0.133683,31007.991789,-0.014773
2024-07-11,127.1904,-5.5667,5.0173,0.01991,-11.1333,-16.7,-11.1649,-16.7592,338640.845182,93481.572768,-0.111358,27545.967447,-0.012297
2024-07-12,129.0273,1.4443,5.017,0.019909,2.8885,4.3328,2.8569,4.2736,343531.720059,96181.818071,-0.116183,28332.932904,-0.012823
2024-07-15,128.2287,-0.619,5.0162,0.019905,-1.238,-1.857,-1.2696,-1.9162,341405.227992,94991.069962,-0.114025,27973.209576,-0.012577
2024-07-16,126.1521,-1.6194,5.0159,0.019904,-3.2389,-4.8583,-3.2705,-4.9175,335876.360806,91914.415203,-0.108485,27058.345999,-0.011959
2024-07-17,117.7958,-6.6239,5.0156,0.019903,-13.2479,-19.8718,-13.2795,-19.931,313628.146271,79737.722426,-0.086927,23465.141237,-0.009575
2024-07-18,120.8907,2.6273,5.0154,0.019902,5.2547,7.882,5.2231,7.8229,321868.237014,83927.691191,-0.093779,24690.744275,-0.010324
2024-07-19,117.736,-2.6096,5.0151,0.019901,-5.2192,-7.8288,-5.2508,-7.888,313468.729446,79547.319373,-0.086437,23394.275606,-0.00951
2024-07-22,123.3367,4.7571,5.0143,0.019898,9.5141,14.2712,9.4825,14.212,328380.601195,87115.53472,-0.098773,25612.637932,-0.010861
2024-07-23,122.3883,-0.769,5.014,0.019897,-1.538,-2.307,-1.5696,-2.3661,325855.404561,85775.724425,-0.096494,25210.628994,-0.010604
2024-07-24,114.062,-6.8032,5.0137,0.019896,-13.6063,-20.4095,-13.6379,-20.4687,303686.898439,74104.782987,-0.0768,21772.416631,-0.008434
2024-07-25,112.0952,-1.7243,5.0134,0.019895,-3.4486,-5.1728,-3.4802,-5.232,298450.478249,71549.231306,-0.072827,21014.700377,-0.007992
2024-07-26,112.874,0.6947,5.0132,0.019894,1.3894,2.0841,1.3578,2.0249,300523.770436,72543.315572,-0.074345,21300.031908,-0.008154
2024-07-29,111.4064,-1.3002,5.0123,0.01989,-2.6004,-3.9006,-2.632,-3.9597,296616.37224,70656.904923,-0.071445,20739.417469,-0.007831
2024-07-30,103.5593,-7.0436,5.0121,0.019889,-14.0873,-21.1309,-14.1189,-21.1901,275723.789796,60703.272221,-0.056348,17811.245907,-0.006172
2024-07-31,116.8274,12.8121,5.0118,0.019888,25.6242,38.4363,25.5926,38.3772,311049.790383,76257.996981,-0.078006,22369.606899,-0.008541
2024-08-01,109.0303,-6.6741,5.0115,0.019887,-13.3481,-20.0222,-13.3797,-20.0813,290290.116233,66078.976017,-0.062388,19376.614088,-0.006825
2024-08-02,107.0935,-1.7764,5.0113,0.019886,-3.5528,-5.3292,-3.5844,-5.3883,285133.404455,63731.322998,-0.059063,18682.080473,-0.006458
2024-08-05,100.2847,-6.3578,5.0104,0.019883,-12.7155,-19.0733,-12.7471,-19.1325,267005.265762,55627.535477,-0.047798,16300.649912,-0.005222
2024-08-06,104.0785,3.783,5.0102,0.019882,7.5659,11.3489,7.5343,11.2898,277105.991358,59836.279974,-0.053222,17528.797834,-0.005812
2024-08-07,98.7473,-5.1223,5.0099,0.019881,-10.2446,-15.3669,-10.2762,-15.426,262911.820331,53706.305032,-0.045044,15727.509503,-0.004915
2024-08-08,104.7973,6.1268,5.0096,0.019879,12.2535,18.3803,12.222,18.3212,279019.826093,60287.229921,-0.053323,17649.7189,-0.005816
2024-08-09,104.5776,-0.2096,5.0093,0.019878,-0.4192,-0.6287,-0.4507,-0.6879,278435.053978,60034.528946,-0.052988,17570.163429,-0.005776
2024-08-12,108.8406,4.0764,5.0085,0.019875,8.1527,12.2291,8.1212,12.17,289785.093156,64928.986349,-0.059468,18997.063775,-0.006479
2024-08-13,115.9489,6.5309,5.0083,0.019874,13.0618,19.5927,13.0302,19.5336,308710.701923,73409.895977,-0.071119,21472.427383,-0.007744
2024-08-14,117.8857,1.6704,5.008,0.019873,3.3408,5.0112,3.3092,4.9521,313867.434013,75862.387348,-0.074683,22183.001368,-0.008128
2024-08-15,122.6578,4.0481,5.0077,0.019872,8.0962,12.1443,8.0646,12.0852,326573.084969,82004.349909,-0.083752,23971.974181,-0.00911
2024-08-16,124.375,1.4,5.0074,0.019871,2.7999,4.1999,2.7684,4.1408,331145.004319,84300.419556,-0.08727,24635.604557,-0.009487
2024-08-19,129.7861,4.3506,5.0066,0.019868,8.7012,13.0518,8.6697,12.9927,345551.852991,91635.595215,-0.09866,26771.427422,-0.01072
2024-08-20,127.0406,-2.1154,5.0063,0.019866,-4.2308,-6.3462,-4.2623,-6.4053,338242.099989,87758.703446,-0.092399,25630.337274,-0.010033
2024-08-21,128.2886,0.9823,5.0061,0.019865,1.9646,2.947,1.9331,2.8879,341564.726069,89482.849299,-0.095122,26125.790155,-0.010323
2024-08-22,123.5364,-3.7043,5.0058,0.019864,-7.4086,-11.1129,-7.4401,-11.1719,328912.193742,82853.449029,-0.084551,24181.994417,-0.00917
2024-08-23,129.1571,4.5499,5.0055,0.019863,9.0997,13.6496,9.0682,13.5905,343877.245058,90392.884417,-0.096092,26374.855086,-0.010416
2024-08-26,126.2519,-2.2494,5.0047,0.01986,-4.4987,-6.7481,-4.5303,-6.8072,336142.177392,86326.34563,-0.089608,25179.993974,-0.009707
2024-08-27,128.0889,1.455,5.0044,0.019859,2.9101,4.3651,2.8785,4.306,341033.133522,88838.487204,-0.093519,25904.796789,-0.010125
2024-08-28,125.4033,-2.0967,5.0042,0.019858,-4.1933,-6.29,-4.2249,-6.3491,333882.837971,85113.21023,-0.087637,24810.350629,-0.009482
2024-08-29,117.3965,-6.3848,5.0039,0.019857,-12.7697,-19.1545,-12.8013,-19.2136,312564.920551,74244.509113,-0.07085,21634.312533,-0.00766
2024-08-30,119.1736,1.5137,5.0036,0.019856,3.0275,4.5412,2.9959,4.4821,317296.337977,76492.245446,-0.074068,22282.458423,-0.008003
2024-09-03,107.8223,-9.525,5.0025,0.019851,-19.05,-28.575,-19.0816,-28.6341,287073.849287,61920.466663,-0.052903,18030.61653,-0.005712
2024-09-04,106.0352,-1.6574,5.0022,0.01985,-3.3148,-4.9722,-3.3464,-5.0313,282315.882703,59867.925047,-0.050273,17427.247242,-0.005424
2024-09-05,107.0336,0.9415,5.002,0.019849,1.8831,2.8246,1.8515,2.7655,284973.967317,60995.272251,-0.051693,17749.913014,-0.005574
2024-09-06,102.6608,-4.0854,5.0017,0.019848,-8.1709,-12.2563,-8.2024,-12.3154,273331.521769,56011.419567,-0.045357,16293.987418,-0.004888
2024-09-09,106.2948,3.5398,5.0009,0.019845,7.0796,10.6195,7.0481,10.5604,283006.973328,59976.829581,-0.050174,17442.403055,-0.005404
2024-09-10,107.9221,1.5309,5.0006,0.019844,3.0619,4.5928,3.0303,4.5338,287339.625248,61813.241757,-0.052478,17970.963573,-0.005649
2024-09-11,116.7176,8.1499,5.0003,0.019843,16.2997,24.4496,16.2682,24.3906,310757.424638,71888.636641,-0.065309,20894.513449,-0.007027
2024-09-12,118.9541,1.9162,5.0001,0.019841,3.8323,5.7485,3.8008,5.6895,316712.073689,74643.657554,-0.069063,21688.671623,-0.007427
2024-09-13,118.9142,-0.0336,4.9998,0.01984,-0.0672,-0.1007,-0.0987,-0.1598,316605.714553,74593.52347,-0.068993,21667.262451,-0.007415
2024-09-16,116.5978,-1.9479,4.999,0.019837,-3.8959,-5.8438,-3.9274,-5.9029,310438.428484,71687.450857,-0.064962,20816.297744,-0.006977
2024-09-17,115.4097,-1.019,4.9987,0.019836,-2.038,-3.057,-2.0696,-3.1161,307275.036411,70226.449299,-0.062976,20385.492349,-0.00676
2024-09-18,113.1931,-1.9206,4.9984,0.019835,-3.8412,-5.7618,-3.8727,-5.8208,301373.546615,67528.926723,-0.059347,19596.019546,-0.006366
2024-09-19,117.6861,3.9693,4.9981,0.019834,7.9386,11.908,7.9071,11.8489,313336.024284,72889.80386,-0.066414,21145.495996,-0.007121
2024-09-20,115.819,-1.5865,4.9979,0.019833,-3.173,-4.7595,-3.2045,-4.8185,308364.973793,70577.022264,-0.063253,20467.883742,-0.006778
2024-09-23,116.0786,0.2241,4.997,0.01983,0.4483,0.6724,0.4167,0.6134,309056.105044,70893.387544,-0.063679,20553.177394,-0.006819
2024-09-24,120.6814,3.9653,4.9968,0.019828,7.9305,11.8958,7.899,11.8367,321310.96877,76515.595222,-0.071254,22176.667916,-0.007626
2024-09-25,123.3173,2.1842,4.9965,0.019827,4.3683,6.5525,4.3368,6.4935,328328.90448,79858.036535,-0.075922,23138.42123,-0.008121
2024-09-26,123.8465,0.4291,4.9962,0.019826,0.8582,1.2873,0.8267,1.2283,329737.817704,80543.404421,-0.0769,23329.706598,-0.008221
2024-09-27,121.2106,-2.1283,4.996,0.019825,-4.2567,-6.385,-4.2882,-6.444,322719.861681,77114.92252,-0.07199,22329.277417,-0.007691
2024-09-30,121.2505,0.033,4.9951,0.019822,0.0659,0.0989,0.0344,0.0399,322826.220816,77165.752217,-0.072061,22336.955539,-0.007694
2024-10-01,116.8175,-3.6561,4.9949,0.019821,-7.3123,-10.9684,-7.3438,-11.0274,311023.261538,71523.185583,-0.064157,20696.575255,-0.006846
2024-10-02,118.6646,1.5812,4.9946,0.01982,3.1624,4.7436,3.1309,4.6846,315941.152774,73785.03086,-0.0672,21344.557775,-0.007167
2024-10-03,122.6583,3.3656,4.9943,0.019819,6.7312,10.0968,6.6996,10.0378,326574.425631,78751.628968,-0.073985,22774.568009,-0.007886
2024-10-04,124.7251,1.685,4.994,0.019818,3.37,5.0549,3.3384,4.9959,332077.129607,81405.522647,-0.077725,23534.881026,-0.00828
2024-10-07,127.5207,2.2414,4.9932,0.019814,4.4829,6.7243,4.4514,6.6653,339520.44092,85054.835374,-0.082952,24582.503375,-0.008832
2024-10-08,132.6827,4.0479,4.993,0.019813,8.0958,12.1438,8.0643,12.0848,353263.946596,91940.733669,-0.093025,26564.913727,-0.009899
2024-10-09,132.4431,-0.1806,4.9927,0.019812,-0.3612,-0.5418,-0.3927,-0.6008,352625.994913,91608.666124,-0.092521,26460.594848,-0.00984
2024-10-10,134.5997,1.6283,4.9924,0.019811,3.2567,4.885,3.2252,4.826,358367.925692,94592.05718,-0.097041,27313.989133,-0.010315
2024-10-11,134.5897,-0.0074,4.9921,0.01981,-0.0148,-0.0222,-0.0463,-0.0812,358341.396848,94578.052478,-0.097019,27301.336812,-0.010306
2024-10-14,137.8546,2.4258,4.9913,0.019807,4.8516,7.2774,4.8201,7.2184,367034.042055,99166.601062,-0.10408,28617.284899,-0.01105
2024-10-15,131.3947,-4.686,4.991,0.019806,-9.3721,-14.0581,-9.4036,-14.1171,349834.69731,89872.637214,-0.089448,25926.234864,-0.00949
2024-10-16,135.5083,3.1307,4.9908,0.019805,6.2614,9.3921,6.2299,9.3331,360786.966321,95499.919511,-0.097849,27541.409657,-0.010376
2024-10-17,136.7164,0.8915,4.9905,0.019804,1.7831,2.6746,1.7516,2.6157,364003.537962,97202.765576,-0.100466,28023.818516,-0.010647
2024-10-18,137.7847,0.7814,4.9902,0.019802,1.5629,2.3443,1.5314,2.2853,366847.974507,98721.910693,-0.102822,28452.962166,-0.010891
2024-10-21,143.4858,4.1377,4.9894,0.019799,8.2754,12.4131,8.2439,12.3541,382026.983191,106891.51142,-0.115585,30798.585033,-0.012236
2024-10-22,143.366,-0.0835,4.9891,0.019798,-0.167,-0.2506,-0.1985,-0.3095,381707.905784,106712.9551,-0.115295,30737.434781,-0.012198
2024-10-23,139.3423,-2.8066,4.9889,0.019797,-5.6132,-8.4197,-5.6447,-8.4787,370994.965141,100722.984567,-0.105588,29002.409588,-0.011164
2024-10-24,140.191,0.6091,4.9886,0.019796,1.2181,1.8272,1.1866,1.7682,373254.548318,101949.912061,-0.107517,29346.557508,-0.011361
2024-10-25,141.3192,0.8048,4.9883,0.019795,1.6095,2.4143,1.578,2.3554,376258.401688,103590.843636,-0.110113,29809.659572,-0.011629
2024-10-28,140.3008,-0.7207,4.9875,0.019792,-1.4413,-2.162,-1.4728,-2.2209,373546.853124,102097.765464,-0.107732,29370.616796,-0.011371
2024-10-29,141.0296,0.5195,4.9872,0.019791,1.039,1.5586,1.0076,1.4996,375487.521399,103158.611742,-0.109411,29666.541203,-0.011541
2024-10-30,139.1226,-1.3522,4.9869,0.019789,-2.7045,-4.0567,-2.736,-4.1156,370410.071147,100368.730911,-0.104973,28854.878487,-0.011066
2024-10-31,132.5529,-4.7223,4.9867,0.019788,-9.4445,-14.1668,-9.476,-14.2257,352918.340344,90889.383783,-0.090102,26120.585306,-0.009492
2024-11-01,135.1888,1.9885,4.9864,0.019787,3.9771,5.9656,3.9456,5.9067,359936.296367,94504.144623,-0.095477,27151.200543,-0.010053
2024-11-04,135.8377,0.4801,4.9856,0.019784,0.9601,1.4402,0.9286,1.3812,361664.205746,95411.497394,-0.096852,27403.334514,-0.010192
2024-11-05,139.6917,2.8372,4.9853,0.019783,5.6744,8.5116,5.6429,8.4527,371925.343507,100825.527885,-0.105095,28949.680352,-0.011053
2024-11-06,145.3828,4.074,4.985,0.019782,8.1481,12.2221,8.1166,12.1632,387077.742093,109040.878696,-0.11794,31299.409495,-0.012397
2024-11-07,148.6477,2.2457,4.9848,0.019781,4.4915,6.7372,4.46,6.6783,395770.468553,113938.409235,-0.125886,32695.355557,-0.013225
2024-11-08,147.3997,-0.8396,4.9845,0.01978,-1.6792,-2.5188,-1.7107,-2.5778,392447.537777,112025.131329,-0.122715,32136.033749,-0.012884
2024-11-11,145.0334,-1.6054,4.9837,0.019776,-3.2107,-4.8161,-3.2422,-4.875,386147.363727,108428.330445,-0.116805,31094.121929,-0.012256
2024-11-12,148.0587,2.0859,4.9834,0.019775,4.1718,6.2578,4.1404,6.1989,394202.097878,112951.791995,-0.124115,32381.531447,-0.013016
2024-11-13,146.0418,-1.3622,4.9831,0.019774,-2.7244,-4.0866,-2.7559,-4.1455,388832.261569,109874.524588,-0.119043,31489.13258,-0.012476
2024-11-14,146.531,0.335,4.9828,0.019773,0.67,1.0049,0.6385,0.946,390134.775031,110610.641734,-0.120239,31690.185053,-0.012595
2024-11-15,141.7585,-3.257,4.9826,0.019772,-6.514,-9.771,-6.5455,-9.8299,377428.067796,103405.454545,-0.10849,29615.90796,-0.011356
2024-11-18,139.9314,-1.2889,4.9817,0.019769,-2.5778,-3.8667,-2.6093,-3.9256,372563.376442,100739.857237,-0.104295,28843.144126,-0.010911
2024-11-19,146.7806,4.8947,4.9815,0.019768,9.7895,14.6842,9.758,14.6253,390799.377437,110601.761294,-0.11961,31657.65865,-0.012506
2024-11-20,145.6624,-0.7618,4.9812,0.019767,-1.5237,-2.2855,-1.5552,-2.3444,387822.093538,108916.534233,-0.116876,31165.33071,-0.012213
2024-11-21,146.4412,0.5346,4.9809,0.019766,1.0693,1.6039,1.0378,1.545,389895.527915,110081.147029,-0.118751,31488.764185,-0.012402
2024-11-22,141.7285,-3.2181,4.9807,0.019765,-6.4362,-9.6543,-6.4677,-9.7132,377348.318758,102996.114875,-0.107286,29452.177602,-0.011197
2024-11-25,135.8078,-4.1775,4.9798,0.019761,-8.3551,-12.5326,-8.3865,-12.5915,361584.456707,94390.715217,-0.093841,26982.159034,-0.009787
2024-11-26,136.7064,0.6617,4.9796,0.01976,1.3233,1.985,1.2919,1.9261,363976.968491,95639.833614,-0.095703,27330.736765,-0.009976
2024-11-27,135.1289,-1.1539,4.9793,0.019759,-2.3079,-3.4618,-2.3394,-3.5207,359776.879542,93432.574127,-0.09239,26691.374452,-0.009625
2024-11-29,138.0343,2.1501,4.9787,0.019757,4.3002,6.4503,4.2688,6.3915,367512.495661,97450.389432,-0.09835,27830.766886,-0.01024
2024-12-02,138.4137,0.2749,4.9779,0.019754,0.5498,0.8247,0.5183,0.7658,368522.744944,97986.149098,-0.099161,27975.018432,-0.010318
2024-12-03,140.0412,1.1758,4.9777,0.019753,2.3515,3.5273,2.3201,3.4684,372855.721873,100290.331021,-0.102659,28624.061092,-0.010676
2024-12-04,144.9135,3.4792,4.9774,0.019751,6.9585,10.4377,6.927,10.3789,385828.28632,107269.023884,-0.113374,30606.859067,-0.011784
2024-12-05,144.8437,-0.0482,4.9771,0.01975,-0.0964,-0.1446,-0.1279,-0.2035,385642.259398,107165.584468,-0.11321,30567.716976,-0.01176
2024-12-06,142.2276,-1.8061,4.9768,0.019749,-3.6123,-5.4184,-3.6437,-5.4773,378676.99543,103294.449674,-0.107076,29453.906225,-0.011116
2024-12-09,138.603,-2.5484,4.976,0.019746,-5.0969,-7.6453,-5.1283,-7.7042,369026.630489,98029.650662,-0.098889,27943.410614,-0.01026
2024-12-10,134.8686,-2.6943,4.9757,0.019745,-5.3886,-8.083,-5.4201,-8.1418,359083.879491,92747.189579,-0.090896,26428.853343,-0.009424
2024-12-11,139.1023,3.1391,4.9755,0.019744,6.2782,9.4173,6.2468,9.3585,370355.916553,98570.061716,-0.099456,28079.802824,-0.010306
2024-12-12,137.1352,-1.4141,4.9752,0.019743,-2.8282,-4.2424,-2.8597,-4.3012,365118.643215,95782.265798,-0.095237,27276.808311,-0.009863
2024-12-13,134.0498,-2.2499,4.9749,0.019742,-4.4998,-6.7497,-4.5312,-6.8085,356903.882848,91472.27848,-0.088809,26040.835029,-0.009191
2024-12-16,131.8031,-1.676,4.9741,0.019738,-3.352,-5.028,-3.3834,-5.0868,350922.217439,88406.150089,-0.084343,25159.764113,-0.008724
2024-12-17,130.1955,-1.2197,4.9738,0.019737,-2.4394,-3.6591,-2.4708,-3.7179,346642.013817,86249.567775,-0.081257,24538.104889,-0.0084
2024-12-18,128.7177,-1.1351,4.9736,0.019736,-2.2701,-3.4052,-2.3016,-3.464,342707.416446,84291.597829,-0.07849,23973.34467,-0.008109
2024-12-19,130.4851,1.3731,4.9733,0.019735,2.7461,4.1192,2.7147,4.0603,347412.975358,86606.336643,-0.081723,24624.14115,-0.008438
2024-12-20,134.4991,3.0762,4.973,0.019734,6.1524,9.2287,6.121,9.1698,358100.159053,91934.737678,-0.089265,26131.384177,-0.009212
2024-12-23,139.4617,3.6897,4.9722,0.019731,7.3794,11.069,7.3479,11.0102,371312.905016,98718.930891,-0.099146,28051.49752,-0.010226
2024-12-24,140.0109,0.3938,4.9719,0.01973,0.7876,1.1814,0.7562,1.1226,372775.119686,99496.432922,-0.100318,28263.610451,-0.010341
2024-12-26,139.7213,-0.2068,4.9714,0.019728,-0.4137,-0.6205,-0.4451,-0.6793,372004.117519,99084.860575,-0.099695,28137.812125,-0.01027
2024-12-27,136.8057,-2.0868,4.9711,0.019727,-4.1735,-6.2603,-4.205,-6.3191,364241.281912,94949.532779,-0.093454,26954.63,-0.009621
2024-12-30,137.285,0.3503,4.9703,0.019723,0.7007,1.051,0.6693,0.9922,365517.388408,95614.837463,-0.094436,27135.027445,-0.009717
2024-12-31,134.0897,-2.3274,4.97,0.019722,-4.6549,-6.9823,-4.6863,-7.0411,357010.201357,91164.087196,-0.087842,25863.397939,-0.009033
2025-01-02,138.1037,2.9935,4.9651,0.019703,5.987,8.9806,5.9556,8.9218,367697.385052,96622.123647,-0.095731,27403.728211,-0.009839
2025-01-03,144.2545,4.4538,4.9626,0.019693,8.9075,13.3613,8.8761,13.3025,384073.726219,105228.749233,-0.108522,29836.113559,-0.011147
2025-01-06,149.2072,3.4333,4.9552,0.019664,6.8665,10.2998,6.8351,10.2411,397259.943338,112454.284539,-0.119699,31875.451667,-0.012289
2025-01-07,139.931,-6.217,4.9527,0.019654,-12.4339,-18.6509,-12.4653,-18.7096,372562.442041,98471.803372,-0.097374,27902.085813,-0.00999
2025-01-08,139.9011,-0.0214,4.9503,0.019644,-0.0428,-0.0642,-0.0742,-0.1229,372482.693003,98429.64651,-0.097312,27881.393237,-0.009977
2025-01-10,135.7073,-2.9976,4.9453,0.019624,-5.9953,-8.9929,-6.0266,-9.0516,361316.97445,92528.498614,-0.088561,26201.085958,-0.009074
2025-01-13,133.0313,-1.9719,4.9379,0.019595,-3.9438,-5.9158,-3.9751,-5.9743,354192.090526,88879.321526,-0.083322,25159.555425,-0.008532
2025-01-14,131.5635,-1.1033,4.9355,0.019585,-2.2067,-3.31,-2.238,-3.3685,350284.184504,86918.057878,-0.080564,24596.496979,-0.008245
2025-01-15,136.0368,3.4001,4.933,0.019575,6.8003,10.2004,6.769,10.1419,362194.295127,92828.708317,-0.088782,26261.427511,-0.009081
2025-01-16,133.3708,-1.9598,4.9305,0.019566,-3.9195,-5.8793,-3.9508,-5.9378,355096.102552,89190.241025,-0.083562,25223.885349,-0.008542
2025-01-17,137.5046,3.0995,4.9281,0.019556,6.199,9.2985,6.1677,9.24,366102.282401,94719.132085,-0.091332,26779.625064,-0.009331
2025-01-21,140.62,2.2656,4.9182,0.019517,4.5313,6.7969,4.5,6.7385,374396.791807,99011.095123,-0.097539,27984.716067,-0.00996
2025-01-22,146.8507,4.4309,4.9158,0.019507,8.8618,13.2927,8.8306,13.2343,390985.891872,107785.235288,-0.110505,30455.923596,-0.011278
2025-01-23,147.0005,0.102,4.9133,0.019497,0.204,0.306,0.1728,0.2476,391384.677691,108005.106257,-0.110843,30508.547276,-0.011306
2025-01-24,142.4073,-3.1246,4.9108,0.019487,-6.2492,-9.3738,-6.2804,-9.4321,379155.530288,101255.683298,-0.100453,28592.499463,-0.010239
2025-01-27,118.2434,-16.9682,4.9034,0.019458,-33.9363,-50.9045,-33.9675,-50.9628,314819.770788,66893.207911,-0.049318,18880.340267,-0.005021
2025-01-28,128.7977,8.9259,4.901,0.019448,17.8517,26.7776,17.8206,26.7193,342920.175343,78834.809924,-0.062524,22244.927558,-0.006363
2025-01-29,123.5155,-4.1011,4.8985,0.019438,-8.2022,-12.3033,-8.2334,-12.3616,328856.65786,72368.612789,-0.054832,20413.423611,-0.005576
2025-01-30,124.4641,0.768,4.896,0.019429,1.536,2.304,1.5048,2.2457,331382.240442,73480.178595,-0.056095,20720.613535,-0.005701
2025-01-31,119.8909,-3.6743,4.8936,0.019419,-7.3486,-11.0229,-7.3797,-11.0811,319206.313233,68080.436565,-0.049912,19191.495496,-0.00507
2025-02-03,116.486,-2.84,4.8862,0.01939,-5.68,-8.52,-5.7111,-8.5782,310140.842285,64213.462798,-0.045659,18095.449384,-0.004635
2025-02-04,118.4731,1.7058,4.8837,0.01938,3.4116,5.1174,3.3805,5.0593,315431.213939,66404.164808,-0.047996,18707.167301,-0.004869
2025-02-05,124.6438,5.2086,4.8812,0.01937,10.4172,15.6258,10.3861,15.5677,331860.7753,73321.62416,-0.055495,20650.118156,-0.005627
2025-02-06,128.4881,3.0842,4.8788,0.01936,6.1684,9.2525,6.1373,9.1944,342095.952982,77844.363254,-0.06063,21917.475764,-0.006145
2025-02-07,129.6464,0.9015,4.8763,0.01935,1.803,2.7044,1.7719,2.6464,345179.880399,79247.86636,-0.06227,22305.832334,-0.006307
2025-02-10,133.3708,2.8728,4.8689,0.019321,5.7455,8.6183,5.7145,8.5603,355096.102552,83801.083349,-0.067636,23580.501689,-0.006847
2025-02-11,132.602,-0.5765,4.8664,0.019311,-1.153,-1.7294,-1.184,-1.7874,353049.034515,82834.885647,-0.066467,23301.312497,-0.006725
2025-02-12,130.9444,-1.25,4.864,0.019301,-2.5,-3.75,-2.531,-3.808,348635.902286,80764.00445,-0.063974,22711.551906,-0.006469
2025-02-13,135.0882,3.1646,4.8615,0.019292,6.3291,9.4937,6.2981,9.4357,359668.692232,85875.654114,-0.070048,24141.952836,-0.007079
2025-02-14,138.6429,2.6314,4.859,0.019282,5.2628,7.8942,5.2318,7.8363,369132.989625,90395.106304,-0.075577,25405.01106,-0.007634
2025-02-18,139.1921,0.3961,4.8492,0.019243,0.7922,1.1883,0.7612,1.1304,370595.123043,91111.215183,-0.076475,25598.406606,-0.00772
2025-02-19,139.0224,-0.1219,4.8467,0.019233,-0.2439,-0.3658,-0.2748,-0.4237,370143.198282,90889.002792,-0.076196,25528.054325,-0.007687
2025-02-20,139.9011,0.6321,4.8442,0.019223,1.2641,1.8962,1.2332,1.8383,372482.693003,92037.932953,-0.07764,25842.859387,-0.007829
2025-02-21,134.2295,-4.054,4.8418,0.019213,-8.1079,-12.1619,-8.1388,-12.2197,357382.377079,84575.562805,-0.068198,23739.548175,-0.006872
2025-02-24,130.0857,-3.0871,4.8344,0.019184,-6.1742,-9.2613,-6.2051,-9.319,346349.627759,79353.699373,-0.061882,22266.488019,-0.006232
2025-02-25,126.4412,-2.8017,4.8319,0.019174,-5.6033,-8.405,-5.6342,-8.4627,336646.062938,74907.245824,-0.056681,21011.946089,-0.005704
2025-02-26,131.0842,3.6721,4.8295,0.019164,7.3442,11.0164,7.3134,10.9587,349008.118635,80408.617425,-0.062925,22548.628309,-0.006329
2025-02-27,119.9708,-8.4781,4.827,0.019155,-16.9561,-25.4342,-16.987,-25.4919,319418.990878,66774.431131,-0.04692,18718.29579,-0.004716
2025-02-28,124.7337,3.97,4.8245,0.019145,7.9401,11.9101,7.9092,11.8524,332100.022416,72076.361769,-0.052509,20198.765083,-0.005275
2025-03-03,113.8899,-8.6936,4.8171,0.019116,-17.3871,-26.0807,-17.4179,-26.1383,303228.696946,59544.353586,-0.038814,16680.554603,-0.003896
2025-03-04,115.817,1.6921,4.8147,0.019106,3.3842,5.0763,3.3534,5.0187,308359.631461,61559.454281,-0.040784,17239.918488,-0.004092
2025-03-05,117.1251,1.1294,4.8122,0.019096,2.2588,3.3882,2.228,3.3307,311842.263445,62949.966543,-0.042166,17624.025515,-0.004228
2025-03-06,110.4051,-5.7374,4.8097,0.019086,-11.4748,-17.2123,-11.5056,-17.2698,293950.548353,55726.552667,-0.034908,15596.268234,-0.003498
2025-03-07,112.5219,1.9173,4.8073,0.019076,3.8347,5.752,3.8039,5.6945,299586.566884,57863.482741,-0.036916,16189.532878,-0.003697
2025-03-10,106.8205,-5.067,4.7999,0.019047,-10.134,-15.201,-10.1648,-15.2585,284406.501922,51999.59214,-0.031305,14543.905309,-0.003133
2025-03-11,108.5978,1.6639,4.7974,0.019037,3.3277,4.9916,3.297,4.9341,289138.630305,53729.99383,-0.032867,15023.41467,-0.003287
2025-03-12,115.578,6.4276,4.7949,0.019028,12.8552,19.2828,12.8245,19.2254,307723.284509,60637.084416,-0.039205,16950.085278,-0.003919
2025-03-13,115.4183,-0.1382,4.7925,0.019018,-0.2765,-0.4147,-0.3072,-0.4721,307297.888593,60469.435302,-0.039042,16898.014009,-0.003901
2025-03-14,121.4997,5.2691,4.79,0.019008,10.5382,15.8072,10.5074,15.7498,323489.645065,66841.795196,-0.045214,18673.561996,-0.004515
2025-03-17,119.3627,-1.7589,4.7826,0.018979,-3.5177,-5.2766,-3.5484,-5.3339,317799.918827,64490.489541,-0.042828,18010.948832,-0.004275
2025-03-18,115.2685,-3.4301,4.7801,0.018969,-6.8602,-10.2903,-6.8909,-10.3476,306899.082461,60066.320546,-0.038421,16769.838949,-0.003832
2025-03-19,117.3555,1.8106,4.7777,0.018959,3.6212,5.4318,3.5906,5.3746,312455.839467,62241.458672,-0.040508,17371.970439,-0.004038
2025-03-20,118.3641,0.8594,4.7752,0.018949,1.7189,2.5783,1.6882,2.521,315141.184195,63311.304403,-0.041553,17665.245425,-0.00414
2025-03-21,117.5353,-0.7002,4.7727,0.018939,-1.4005,-2.1007,-1.4311,-2.158,312934.41495,62424.632356,-0.04068,17412.430781,-0.004051
2025-03-24,121.2401,3.1521,4.7653,0.01891,6.3042,9.4563,6.2736,9.3991,322798.391936,66359.994576,-0.044526,18504.810982,-0.004431
2025-03-25,120.5211,-0.593,4.7629,0.0189,-1.1861,-1.7791,-1.2167,-1.8363,320884.069688,65572.912501,-0.043734,18279.665569,-0.00435
2025-03-26,113.6008,-5.742,4.7604,0.018891,-11.484,-17.2259,-11.5146,-17.2831,302458.9745,58042.547059,-0.036201,16174.843528,-0.003598
2025-03-27,111.2741,-2.0482,4.7579,0.018881,-4.0963,-6.1445,-4.1269,-6.2016,296264.103308,55664.928056,-0.033976,15507.319828,-0.003375
2025-03-28,109.5165,-1.5795,4.7555,0.018871,-3.1589,-4.7384,-3.1895,-4.7955,291584.707605,53906.508982,-0.032366,15012.711905,-0.003213
2025-03-31,108.2283,-1.1763,4.7481,0.018842,-2.3525,-3.5288,-2.3831,-3.5858,288154.909867,52638.346299,-0.031224,14654.948424,-0.003098
2025-04-01,109.9959,1.6332,4.7456,0.018832,3.2663,4.8995,3.2358,4.8424,292860.915666,54357.674025,-0.032754,15129.148048,-0.003248
2025-04-02,110.2655,0.2451,4.7432,0.018822,0.4902,0.7353,0.4597,0.6783,293578.738266,54624.142951,-0.032995,15198.694566,-0.00327
2025-04-03,101.6575,-7.8065,4.7407,0.018812,-15.6131,-23.4196,-15.6436,-23.4766,270660.396176,46095.631643,-0.025268,12821.07175,-0.002502
2025-04-04,94.178,-7.3576,4.7382,0.018802,-14.7151,-22.0727,-14.7456,-22.1297,250746.374656,39312.597158,-0.01969,10930.522161,-0.001949
2025-04-07,97.5033,3.5309,4.7308,0.018773,7.0618,10.5927,7.0313,10.5358,259599.960167,42088.768428,-0.021776,11699.080622,-0.002154
2025-04-08,96.1652,-1.3724,4.7284,0.018763,-2.7448,-4.1171,-2.7752,-4.174,256037.274449,40933.536708,-0.02088,11374.405367,-0.002064
2025-04-09,114.17,18.7227,4.7259,0.018754,37.4455,56.1682,37.415,56.1114,303974.470303,56261.296859,-0.032607,15630.141659,-0.003222
2025-04-10,107.4195,-5.9127,4.7234,0.018744,-11.8254,-17.7382,-11.8559,-17.795,286001.32019,49608.154356,-0.026823,13777.050186,-0.002649
2025-04-11,110.7748,3.1236,4.721,0.018734,6.2471,9.3707,6.2167,9.3138,294934.715679,52707.225801,-0.029337,14633.522632,-0.002895
2025-04-14,110.5551,-0.1983,4.7136,0.018705,-0.3966,-0.595,-0.4271,-0.6517,294349.801372,52498.16794,-0.029162,14571.030055,-0.002877
2025-04-15,112.043,1.3459,4.7111,0.018695,2.6917,4.0376,2.6613,3.9808,298311.313536,53911.263039,-0.03034,14958.809238,-0.002991
2025-04-16,104.3438,-6.8717,4.7086,0.018685,-13.7433,-20.615,-13.7737,-20.6717,277812.37771,46502.066866,-0.024085,12898.426365,-0.002373
2025-04-17,101.348,-2.8711,4.7062,0.018675,-5.7422,-8.6133,-5.7726,-8.67,269836.133189,43831.834106,-0.022011,12153.856653,-0.002167
2025-04-21,96.7744,-4.5127,4.6963,0.018636,-9.0255,-13.5382,-9.0558,-13.5949,257659.109074,39875.793863,-0.019031,11053.22308,-0.001872
2025-04-22,98.7516,2.0431,4.6938,0.018626,4.0862,6.1294,4.0559,6.0727,262923.39877,41505.216021,-0.020197,11501.531985,-0.001986
2025-04-23,102.5663,3.8629,4.6914,0.018617,7.7258,11.5886,7.6954,11.532,273079.80244,44711.805699,-0.022538,12386.62412,-0.002215
2025-04-24,106.2811,3.6219,4.6889,0.018607,7.2437,10.8656,7.2134,10.809,282970.348896,47950.596613,-0.024987,13280.119751,-0.002455
2025-04-25,110.8547,4.3033,4.6864,0.018597,8.6066,12.9099,8.5763,12.8534,295147.43395,52077.520127,-0.028212,14419.064287,-0.00277
2025-04-28,108.5778,-2.0539,4.679,0.018568,-4.1077,-6.1616,-4.138,-6.2181,289085.491364,49938.311713,-0.026474,13822.401589,-0.002598
2025-04-29,108.8674,0.2667,4.6766,0.018558,0.5334,0.8001,0.5031,0.7436,289856.493531,50204.686524,-0.026686,13891.948109,-0.002617
2025-04-30,108.7676,-0.0917,4.6741,0.018548,-0.1835,-0.2752,-0.2137,-0.3316,289590.616005,50112.58372,-0.026612,13862.259766,-0.002609
2025-05-01,111.4538,2.4697,4.6716,0.018538,4.9394,7.4091,4.9092,7.3527,296742.658478,52587.852651,-0.028584,14542.781842,-0.0028
2025-05-02,114.3398,2.5894,4.6692,0.018528,5.1787,7.7681,5.1485,7.7117,304426.43569,55311.245007,-0.030805,15291.518877,-0.003016
2025-05-05,113.6607,-0.5939,4.6618,0.018499,-1.1878,-1.7817,-1.218,-1.838,302618.492891,54654.274682,-0.030256,15105.27194,-0.002961
2025-05-06,113.3811,-0.246,4.6593,0.018489,-0.492,-0.738,-0.5222,-0.7944,301874.039881,54385.37149,-0.030033,15026.391711,-0.002937
2025-05-07,116.8962,3.1002,4.6568,0.01848,6.2005,9.3007,6.1703,9.2444,311232.831286,57757.515365,-0.032826,15953.56145,-0.003209
2025-05-08,117.2057,0.2648,4.6544,0.01847,0.5297,0.7945,0.4995,0.7382,312057.053647,58063.428051,-0.033087,16033.245323,-0.003233
2025-05-09,116.4868,-0.6134,4.6519,0.01846,-1.2269,-1.8403,-1.257,-1.8966,310142.772025,57351.0599,-0.032478,15831.70012,-0.003171
2025-05-12,122.8279,5.4436,4.6445,0.018431,10.8873,16.3309,10.8571,16.2747,327025.801939,63595.020728,-0.037782,17550.56778,-0.003687
2025-05-13,129.7482,5.6341,4.6421,0.018421,11.2683,16.9024,11.2382,16.8462,345450.897127,70761.087157,-0.044168,19522.927799,-0.004308
2025-05-14,135.1506,4.1638,4.6396,0.018411,8.3276,12.4914,8.2975,12.4352,359834.771738,76653.783419,-0.049685,21142.83822,-0.004844
2025-05-15,134.6413,-0.3769,4.6371,0.018401,-0.7537,-1.1306,-0.7838,-1.1867,358478.713073,76076.034767,-0.049123,20977.116534,-0.004787
2025-05-16,135.2105,0.4228,4.6347,0.018391,0.8455,1.2683,0.8154,1.2121,359994.229189,76719.27774,-0.049746,21148.169936,-0.004845
2025-05-19,135.3803,0.1256,4.6273,0.018362,0.2511,0.3767,0.2211,0.3206,360446.275828,76911.951338,-0.049933,21194.922735,-0.00486
2025-05-20,134.1919,-0.8778,4.6248,0.018352,-1.7556,-2.6334,-1.7856,-2.6894,357282.31499,75561.700727,-0.048619,20816.458053,-0.00473
2025-05-21,131.6156,-1.9199,4.6223,0.018343,-3.8398,-5.7597,-3.8699,-5.8158,350422.800765,72660.260946,-0.045818,20010.886625,-0.004455
2025-05-22,132.6441,0.7815,4.6199,0.018333,1.5629,2.3444,1.5329,2.2884,353161.243809,73795.894733,-0.046892,20317.632991,-0.004556
2025-05-23,131.1062,-1.1594,4.6174,0.018323,-2.3188,-3.4782,-2.3488,-3.5342,349066.7421,72084.736318,-0.045261,19840.412188,-0.004395
2025-05-27,135.3104,3.2066,4.6075,0.018284,6.4133,9.6199,6.3833,9.564,360260.086402,76707.744902,-0.049616,21106.886662,-0.004816
2025-05-28,134.6213,-0.5092,4.6051,0.018274,-1.0184,-1.5277,-1.0484,-1.5836,358425.574131,75926.524308,-0.048858,20885.598235,-0.00474
2025-05-29,138.9952,3.249,4.6026,0.018264,6.498,9.7471,6.4681,9.6912,370070.88382,80860.256458,-0.05362,22236.492177,-0.005199
2025-05-30,134.9409,-2.9169,4.6001,0.018255,-5.8337,-8.7506,-5.8637,-8.8065,359276.40659,76143.083422,-0.048928,20932.611919,-0.004741
2025-06-02,137.1877,1.6651,4.5927,0.018225,3.3301,4.9952,3.3002,4.9394,365258.559511,78678.733193,-0.051372,21623.425842,-0.004975
2025-06-03,141.0224,2.7952,4.5903,0.018215,5.5903,8.3855,5.5604,8.3297,375468.142748,83077.135665,-0.055679,22825.777055,-0.00539
2025-06-04,141.7214,0.4957,4.5878,0.018206,0.9914,1.487,0.9614,1.4313,377329.265116,83900.729988,-0.056507,23045.235275,-0.005467
2025-06-05,139.7941,-1.3599,4.5853,0.018196,-2.7198,-4.0797,-2.7497,-4.1355,372197.904026,81618.771067,-0.054202,22411.552565,-0.005241
2025-06-06,141.5217,1.2358,4.5829,0.018186,2.4716,3.7074,2.4417,3.6517,376797.55069,83636.071562,-0.056212,22958.780161,-0.005432
2025-06-09,142.4304,0.6421,4.5755,0.018157,1.2842,1.9263,1.2544,1.8706,379216.99758,84710.13923,-0.057294,23246.764266,-0.005534
2025-06-10,143.7585,0.9325,4.573,0.018147,1.865,2.7975,1.8351,2.7418,382753.134141,86289.955653,-0.058897,23673.368915,-0.005685
2025-06-11,142.64,-0.7781,4.5705,0.018137,-1.5561,-2.3342,-1.5859,-2.3898,379775.118972,84947.195666,-0.057522,23297.922128,-0.00555
2025-06-12,144.8071,1.5193,4.5681,0.018127,3.0386,4.5579,3.0087,4.5022,385545.00051,87528.382434,-0.060144,23998.897032,-0.005799
2025-06-13,141.7812,-2.0897,4.5656,0.018118,-4.1793,-6.269,-4.2091,-6.3246,377488.438184,83870.299111,-0.056374,22988.751086,-0.005433
2025-06-16,144.4975,1.9159,4.5582,0.018088,3.8318,5.7477,3.802,5.6921,384720.696896,87084.022447,-0.059614,23862.779513,-0.005742
2025-06-17,143.9283,-0.3939,4.5558,0.018078,-0.7879,-1.1818,-0.8177,-1.2374,383205.099528,86397.891878,-0.058909,23667.658425,-0.005671
2025-06-18,145.2865,0.9437,4.5533,0.018069,1.8873,2.831,1.8576,2.7755,386821.26951,88028.504119,-0.060577,24107.29791,-0.005828
2025-06-20,143.6587,-1.1204,4.5484,0.018049,-2.2409,-3.3613,-2.2706,-3.4168,382487.195676,86055.902991,-0.058541,23559.912364,-0.005629
2025-06-23,143.9782,0.2225,4.541,0.01802,0.4449,0.6674,0.4152,0.612,383338.06876,86438.779346,-0.058932,23657.730723,-0.005663
2025-06-24,147.7033,2.5872,4.5385,0.01801,5.1744,7.7616,5.1447,7.7062,393255.834706,90911.48713,-0.063506,24874.851514,-0.0061
2025-06-25,154.1048,4.334,4.536,0.018,8.668,13.0021,8.6383,12.9467,410299.622106,98791.731603,-0.071763,27023.624266,-0.00689
2025-06-26,154.8138,0.4601,4.5336,0.01799,0.9202,1.3803,0.8905,1.325,412187.476449,99700.844795,-0.072753,27264.279204,-0.006981
2025-06-27,157.5402,1.7611,4.5311,0.017981,3.5221,5.2832,3.4924,5.2279,419446.345258,103212.428207,-0.076597,28216.465924,-0.007346
2025-06-30,157.7798,0.1521,4.5237,0.017951,0.3043,0.4564,0.2746,0.4011,420084.459445,103526.46749,-0.076947,28293.950442,-0.007375
2025-07-01,153.0961,-2.9685,4.5212,0.017941,-5.9371,-8.9056,-5.9667,-8.9609,407614.074247,97380.013372,-0.070094,26605.726105,-0.006714
2025-07-02,157.0408,2.5767,4.5188,0.017932,5.1533,7.73,5.1237,7.6747,418116.896689,102398.314037,-0.075512,27968.918083,-0.00723
2025-07-03,159.1281,1.3291,4.5163,0.017922,2.6582,3.9873,2.6285,3.932,423674.01933,105120.232208,-0.078523,28704.091946,-0.007514
2025-07-07,158.0295,-0.6904,4.5064,0.017883,-1.3807,-2.0711,-1.4103,-2.1262,420749.183729,103668.836165,-0.076897,28299.281011,-0.007354
2025-07-08,159.7872,1.1122,4.504,0.017873,2.2245,3.3367,2.1949,3.2816,425428.945066,105974.938851,-0.079463,28920.424914,-0.007596
2025-07-09,162.6633,1.8,4.5015,0.017863,3.6,5.4,3.5704,5.3449,433086.640321,109790.023817,-0.083754,29953.005092,-0.008002
2025-07-10,163.8817,0.749,4.499,0.017853,1.498,2.2471,1.4685,2.192,436330.553328,111434.72607,-0.085636,30392.860106,-0.008177
2025-07-11,164.7006,0.4997,4.4966,0.017844,0.9994,1.4991,0.9698,1.444,438510.874981,112548.393422,-0.08692,30687.622208,-0.008295
2025-07-14,163.8518,-0.5154,4.4892,0.017814,-1.0308,-1.5462,-1.0603,-1.6012,436250.80429,111388.251954,-0.085576,30362.237053,-0.008162
2025-07-15,170.4729,4.041,4.4867,0.017804,8.0819,12.1229,8.0524,12.0679,453879.485683,120390.541395,-0.09595,32807.123191,-0.009147
2025-07-16,171.1421,0.3925,4.4842,0.017795,0.785,1.1775,0.7555,1.1226,455660.98089,121335.616814,-0.09708,33054.98332,-0.00925
2025-07-17,172.7699,0.9512,4.4818,0.017785,1.9023,2.8535,1.8728,2.7986,459995.054724,123643.813232,-0.09985,33674.047854,-0.009509
2025-07-18,172.1807,-0.341,4.4793,0.017775,-0.6821,-1.0231,-0.7116,-1.078,458426.277788,122800.458241,-0.098828,33434.434889,-0.009406
2025-07-21,171.1521,-0.5974,4.4719,0.017746,-1.1948,-1.7922,-1.2243,-1.8471,455687.590987,121333.212534,-0.097057,33025.1061,-0.009233
2025-07-22,166.8078,-2.5382,4.4695,0.017736,-5.0764,-7.6147,-5.1059,-7.6695,444121.217815,115173.794362,-0.089666,31338.880222,-0.008525
2025-07-23,170.5529,2.2451,4.467,0.017726,4.4902,6.7353,4.4608,6.6805,454092.24458,120345.359872,-0.095706,32736.843462,-0.009094
2025-07-24,173.5089,1.7332,4.4645,0.017716,3.4665,5.1997,3.437,5.1449,461962.698732,124517.078938,-0.100682,33862.019705,-0.009562
2025-07-25,173.2692,-0.1381,4.4621,0.017707,-0.2763,-0.4144,-0.3057,-0.4692,461324.503292,124173.041499,-0.100265,33758.500021,-0.009517
2025-07-28,176.5149,1.8732,4.4547,0.017677,3.7464,5.6196,3.717,5.5649,469966.040863,128825.064081,-0.105899,35013.310037,-0.010047
2025-07-29,175.2765,-0.7016,4.4522,0.017667,-1.4031,-2.1047,-1.4325,-2.1594,466668.907662,127017.472217,-0.10367,34511.740672,-0.00983
2025-07-30,179.0316,2.1423,4.4497,0.017658,4.2847,6.427,4.2553,6.3723,476666.544524,132459.765635,-0.110333,35980.324621,-0.010456
2025-07-31,177.6334,-0.7809,4.4473,0.017648,-1.5619,-2.3428,-1.5912,-2.3975,472944.056032,130390.898168,-0.107748,35407.792062,-0.010205
2025-08-01,173.4889,-2.3332,4.4448,0.017638,-4.6663,-6.9995,-4.6957,-7.0541,461909.478538,124306.421782,-0.100207,33745.155583,-0.009485
2025-08-04,179.7606,3.615,4.4374,0.017609,7.23,10.845,7.2007,10.7904,478607.537808,133293.793097,-0.111074,36175.042537,-0.010509
2025-08-05,178.0229,-0.9667,4.4349,0.017599,-1.9333,-2.9,-1.9626,-2.9546,473980.996665,130716.778866,-0.107853,35465.056939,-0.010199
2025-08-06,179.1814,0.6507,4.4325,0.017589,1.3015,1.9522,1.2722,1.8977,477065.370969,132418.026286,-0.109958,35916.236455,-0.010392
2025-08-07,180.5296,0.7524,4.43,0.017579,1.5049,2.2573,1.4756,2.2028,480654.97148,134410.741934,-0.112441,36446.209845,-0.010621
2025-08-08,182.457,1.0676,4.4275,0.01757,2.1353,3.2029,2.106,3.1484,485786.657579,137280.799571,-0.116042,37213.771748,-0.010955
2025-08-11,181.8178,-0.3503,4.4201,0.01754,-0.7006,-1.0509,-0.7298,-1.1053,484084.952036,136319.013182,-0.114822,36942.169093,-0.010834
2025-08-12,182.9164,0.6042,4.4177,0.01753,1.2084,1.8126,1.1792,1.7582,487009.787637,137966.288939,-0.116904,37377.776693,-0.011025
2025-08-13,181.3485,-0.8572,4.4152,0.017521,-1.7144,-2.5715,-1.7436,-2.6259,482835.252507,135601.058775,-0.113897,36726.064995,-0.010735
2025-08-14,181.7779,0.2368,4.4127,0.017511,0.4736,0.7104,0.4444,0.656,483978.592901,136243.257816,-0.114707,36889.267251,-0.010806
2025-08-15,180.21,-0.8625,4.4103,0.017501,-1.7251,-2.5876,-1.7543,-2.642,479804.05777,133892.937886,-0.111738,36242.11948,-0.01052
2025-08-18,181.7679,0.8645,4.4029,0.017472,1.729,2.5935,1.6998,2.5392,483951.982804,136207.957361,-0.114636,36858.173834,-0.010787
2025-08-19,175.4064,-3.4998,4.4004,0.017462,-6.9996,-10.4994,-7.0288,-10.5537,467014.635791,126673.947701,-0.1026,34267.498879,-0.009649
2025-08-20,175.1667,-0.1366,4.3979,0.017452,-0.2733,-0.4099,-0.3024,-0.4642,466376.480978,126327.759024,-0.10218,34163.856948,-0.009604
2025-08-21,174.7472,-0.2395,4.3955,0.017442,-0.4789,-0.7184,-0.5081,-0.7726,465259.669429,125722.735803,-0.101446,33990.277202,-0.00953
2025-08-22,177.7533,1.7202,4.393,0.017433,3.4404,5.1606,3.4113,5.1064,473263.092813,130048.115154,-0.106681,35149.778171,-0.010016
2025-08-25,179.5708,1.0225,4.3856,0.017403,2.0451,3.0676,2.016,3.0134,478102.352228,132707.678409,-0.109953,35858.380612,-0.010318
2025-08-26,181.5282,1.09,4.3832,0.017393,2.1801,3.2701,2.151,3.216,483313.868617,135600.817243,-0.113549,36629.688704,-0.01065
2025-08-27,181.3585,-0.0935,4.3807,0.017384,-0.187,-0.2806,-0.2161,-0.3347,482861.862604,135347.183368,-0.11323,36550.519301,-0.010614
2025-08-28,179.9303,-0.7875,4.3782,0.017374,-1.5749,-2.3624,-1.604,-2.4165,479059.543821,133215.587657,-0.110555,35964.252707,-0.010358
2025-08-29,173.9483,-3.3246,4.3758,0.017364,-6.6493,-9.9739,-6.6784,-10.028,463132.527344,124357.703969,-0.099529,33562.432184,-0.009319
2025-09-02,170.5529,-1.952,4.3659,0.017325,-3.904,-5.856,-3.933,-5.91,454092.24458,119502.813667,-0.0937,32242.420518,-0.008769
2025-09-03,170.3931,-0.0937,4.3634,0.017315,-0.1874,-0.2811,-0.2164,-0.3351,453666.767412,119278.869218,-0.093437,32172.642011,-0.008739
2025-09-04,171.4317,0.6095,4.361,0.017305,1.2191,1.8286,1.1901,1.7747,456432.06431,120732.982724,-0.095146,32555.520749,-0.008894
2025-09-05,166.7979,-2.703,4.3585,0.017296,-5.406,-8.109,-5.435,-8.163,444094.648344,114206.127382,-0.08743,30786.11939,-0.008168
2025-09-08,168.0861,0.7724,4.3511,0.017266,1.5447,2.3171,1.5158,2.2632,447524.669526,115970.29832,-0.089456,31252.760823,-0.008353
2025-09-09,170.5329,1.4556,4.3486,0.017256,2.9113,4.3669,2.8823,4.313,454039.024386,119346.521924,-0.093363,32153.565463,-0.008713
2025-09-10,177.0941,3.8475,4.3462,0.017247,7.695,11.5425,7.6661,11.4887,471508.248329,128530.274889,-0.104139,34618.483158,-0.009714
2025-09-11,176.9443,-0.0846,4.3437,0.017237,-0.1692,-0.2538,-0.1982,-0.3077,471109.300005,128312.773126,-0.103875,34549.881284,-0.009684
2025-09-12,177.5935,0.3669,4.3412,0.017227,0.7338,1.1007,0.7049,1.0469,472837.778149,129254.320338,-0.105018,34793.408627,-0.009786
2025-09-15,177.5236,-0.0394,4.3338,0.017198,-0.0788,-0.1181,-0.1077,-0.1719,472651.588723,129152.527339,-0.104894,34755.950687,-0.009769
2025-09-16,174.6572,-1.6146,4.3314,0.017188,-3.2292,-4.8439,-3.2581,-4.8976,465020.056678,124981.879553,-0.099813,33623.554398,-0.009291
2025-09-17,170.0731,-2.6247,4.3289,0.017178,-5.2493,-7.874,-5.2782,-7.9277,452814.838049,118421.168277,-0.091954,31848.831067,-0.008554
2025-09-18,176.0155,3.4941,4.3264,0.017168,6.9881,10.4822,6.9592,10.4285,468636.429791,126696.565727,-0.101592,34065.265053,-0.009446
2025-09-19,176.4449,0.244,4.324,0.017159,0.4879,0.7319,0.4591,0.6782,469779.770185,127314.773328,-0.102336,34221.651356,-0.00951
2025-09-22,183.3761,3.9282,4.3166,0.017129,7.8565,11.7847,7.8276,11.7311,488233.852096,137317.235778,-0.114396,36900.401265,-0.010626
2025-09-23,178.2027,-2.8212,4.3141,0.017119,-5.6424,-8.4636,-5.6712,-8.5172,474459.775279,129569.234914,-0.104714,34807.692642,-0.009721
2025-09-24,176.7446,-0.8183,4.3116,0.01711,-1.6365,-2.4548,-1.6653,-2.5083,470577.504327,127448.832287,-0.102143,34228.033987,-0.009477
2025-09-25,177.4637,0.4069,4.3092,0.0171,0.8137,1.2206,0.7849,1.167,472492.090645,128485.906046,-0.10339,34496.693755,-0.009588
2025-09-26,177.963,0.2814,4.3067,0.01709,0.5628,0.8442,0.534,0.7906,473821.620466,129208.990503,-0.104263,34680.898126,-0.009663
2025-09-29,181.6184,2.054,4.2993,0.017061,4.108,6.162,4.0792,6.1085,483553.847002,134516.857902,-0.110688,36095.602544,-0.010254
2025-09-30,186.3423,2.601,4.2968,0.017051,5.2021,7.8031,5.1733,7.7497,496131.28198,141514.5358,-0.119325,37962.945425,-0.011048
2025-10-01,187.0015,0.3537,4.2944,0.017041,0.7075,1.0612,0.6787,1.0078,497886.329594,142515.741559,-0.120591,38220.617275,-0.01116
2025-10-02,188.6494,0.8812,4.2919,0.017031,1.7624,2.6436,1.7337,2.5902,502273.786127,145027.486044,-0.123779,38883.246301,-0.011449
2025-10-03,187.381,-0.6724,4.2895,0.017022,-1.3447,-2.0171,-1.3734,-2.0705,498896.700756,143077.273968,-0.121282,38349.20555,-0.011212
2025-10-06,185.3037,-1.1086,4.2821,0.016992,-2.2172,-3.3258,-2.2459,-3.3792,493365.863204,139904.92523,-0.117249,37487.910702,-0.010833
2025-10-07,184.8043,-0.2695,4.2796,0.016982,-0.539,-0.8085,-0.5677,-0.8618,492036.292757,139150.866355,-0.116301,37275.103697,-0.010739
2025-10-08,188.8691,2.1995,4.2771,0.016973,4.3991,6.5986,4.3704,6.5453,502858.761372,145272.186696,-0.123975,38904.16511,-0.011442
2025-10-09,192.3247,1.8296,4.2747,0.016963,3.6593,5.4889,3.6306,5.4356,512059.192231,150588.059908,-0.13078,40316.612422,-0.012064
2025-10-10,182.9267,-4.8865,4.2722,0.016953,-9.7731,-14.6596,-9.8017,-14.7129,487037.250882,135870.98946,-0.111608,36364.888755,-0.010289
2025-10-13,188.0801,2.8172,4.2648,0.016924,5.6344,8.4517,5.6058,8.3984,500758.148132,143526.551256,-0.121041,38403.433246,-0.011153
2025-10-14,179.8007,-4.4021,4.2623,0.016914,-8.8042,-13.2063,-8.8328,-13.2595,478714.303205,130890.203548,-0.105056,35011.331505,-0.009675
2025-10-15,179.6009,-0.1111,4.2599,0.016904,-0.2222,-0.3333,-0.2508,-0.3864,478182.507527,130599.396091,-0.104706,34923.527564,-0.009637
2025-10-16,181.5784,1.101,4.2574,0.016894,2.2021,3.3031,2.1735,3.2499,483447.447241,133475.276895,-0.108164,35682.577193,-0.00995
2025-10-17,182.9866,0.7755,4.2549,0.016885,1.5511,2.3266,1.5225,2.2735,487196.789586,135545.592957,-0.110681,36225.842575,-0.010177
2025-10-20,182.4073,-0.3166,4.2475,0.016855,-0.6331,-0.9497,-0.6617,-1.0028,485654.500868,134687.416371,-0.10963,35986.140064,-0.010075
2025-10-21,180.9292,-0.8103,4.2451,0.016846,-1.6207,-2.431,-1.6492,-2.484,481719.090975,132504.588085,-0.106965,35392.651519,-0.009824
2025-10-22,180.0504,-0.4858,4.2426,0.016836,-0.9715,-1.4573,-1.0001,-1.5103,479379.068115,131217.266196,-0.105406,35038.699477,-0.009676
2025-10-23,181.928,1.0428,4.2401,0.016826,2.0856,3.1285,2.0571,3.0755,484378.150616,133953.997868,-0.108703,35759.486438,-0.009974
2025-10-24,186.0227,2.2508,4.2377,0.016816,4.5015,6.7523,4.473,6.6993,495280.368269,139983.979354,-0.116043,37359.011504,-0.010642
2025-10-27,191.2461,2.8079,4.2303,0.016787,5.6158,8.4237,5.5873,8.3708,509187.414319,147845.238438,-0.125818,39446.38446,-0.011532
2025-10-28,200.7739,4.982,4.2278,0.016777,9.9639,14.9459,9.9355,14.893,534555.002545,162576.463227,-0.144623,43365.5666,-0.01325
2025-10-29,206.7763,2.9896,4.2253,0.016767,5.9792,8.9688,5.9507,8.9159,550536.092364,172297.25547,-0.157594,45946.138258,-0.014431
2025-10-30,202.6316,-2.0044,4.2229,0.016757,-4.0089,-6.0133,-4.0374,-6.0662,539500.905478,165390.051963,-0.148118,44091.131151,-0.013556
2025-10-31,202.2321,-0.1972,4.2204,0.016748,-0.3943,-0.5915,-0.4228,-0.6443,538437.273497,164737.915342,-0.147241,43904.733153,-0.013469
2025-11-03,206.6165,2.168,4.213,0.016718,4.336,6.504,4.3076,6.4512,550110.655822,171880.989434,-0.156818,45795.972762,-0.014337
2025-11-04,198.4369,-3.9588,4.2105,0.016709,-7.9176,-11.8765,-7.9461,-11.9293,528332.74936,158272.061591,-0.138194,42156.997007,-0.012627
2025-11-05,194.9613,-1.7515,4.2081,0.016699,-3.5029,-5.2544,-3.5313,-5.3072,519079.179559,152727.898102,-0.130932,40668.291124,-0.011957
2025-11-06,187.8404,-3.6525,4.2056,0.016689,-7.3049,-10.9574,-7.3333,-11.0102,500119.952693,141571.207628,-0.116586,37685.946536,-0.01064
2025-11-07,187.9103,0.0372,4.2032,0.016679,0.0744,0.1116,0.046,0.0589,500305.979615,141676.526585,-0.116716,37703.284861,-0.010647
2025-11-10,198.7965,5.7933,4.1958,0.01665,11.5865,17.3798,11.5582,17.3271,529290.062832,158091.937969,-0.137001,42061.100892,-0.012492
2025-11-11,192.914,-2.9591,4.1933,0.01664,-5.9181,-8.8772,-5.9465,-8.9298,513628.050419,148735.866247,-0.124839,39559.95137,-0.011376
2025-11-12,193.5531,0.3313,4.1908,0.01663,0.6627,0.994,0.6343,0.9414,515329.837214,149721.469478,-0.12608,39810.886778,-0.011483
2025-11-13,186.622,-3.581,4.1884,0.01662,-7.162,-10.743,-7.1903,-10.7956,496875.836555,138998.395063,-0.112535,36948.347857,-0.010243
2025-11-14,189.9277,1.7714,4.1859,0.016611,3.5427,5.3141,3.5144,5.2615,505677.359716,143922.754444,-0.118515,38246.871114,-0.010782
2025-11-17,186.3623,-1.8773,4.1785,0.016581,-3.7545,-5.6318,-3.7828,-5.6843,496184.502174,138519.157946,-0.111841,36800.068756,-0.01017
2025-11-18,181.129,-2.8081,4.176,0.016572,-5.6163,-8.4244,-5.6446,-8.4769,482250.927279,130739.523342,-0.102419,34722.864692,-0.009307
2025-11-19,186.2824,2.8452,4.1736,0.016562,5.6903,8.5355,5.6621,8.483,495971.743276,138179.023576,-0.111161,36688.892106,-0.010097
2025-11-20,180.4099,-3.1525,4.1711,0.016552,-6.305,-9.4574,-6.3332,-9.5099,480336.340961,129466.8957,-0.100648,34365.30561,-0.009137
2025-11-21,178.6521,-0.9743,4.1686,0.016542,-1.9486,-2.9229,-1.9769,-2.9754,475656.376493,126944.078166,-0.097706,33685.948774,-0.008865
2025-11-24,182.3175,2.0517,4.1612,0.016513,4.1033,6.155,4.0751,6.1026,485415.213126,132152.991918,-0.10372,35058.683027,-0.009406
2025-11-25,177.5935,-2.5911,4.1588,0.016503,-5.1821,-7.7732,-5.2103,-7.8256,472837.778149,125304.645933,-0.095657,33232.005024,-0.00867
2025-11-26,180.0304,1.3722,4.1563,0.016493,2.7443,4.1165,2.7161,4.0641,479325.847921,128743.395218,-0.099595,34134.623326,-0.009022
2025-11-28,176.7745,-1.8085,4.1514,0.016474,-3.617,-5.4255,-3.6452,-5.4778,470657.293992,124086.775637,-0.094192,32890.362545,-0.008528
2025-12-01,179.6908,1.6497,4.144,0.016444,3.2994,4.9491,3.2713,4.8969,478421.795269,128180.930514,-0.098853,33966.297794,-0.008946
2025-12-02,181.2289,0.8559,4.1415,0.016435,1.7119,2.5678,1.6838,2.5156,482516.825118,130375.248339,-0.101392,34538.20537,-0.009171
2025-12-03,179.3613,-1.0305,4.139,0.016425,-2.0611,-3.0916,-2.0892,-3.1438,477544.352714,127688.140695,-0.098257,33816.637431,-0.008882
2025-12-04,183.1566,2.116,4.1366,0.016415,4.2321,6.3481,4.204,6.2959,487649.364364,133091.995403,-0.104494,35238.272361,-0.009442
2025-12-05,182.1878,-0.529,4.1341,0.016405,-1.0579,-1.5869,-1.086,-1.639,485069.931884,131684.009088,-0.102836,34855.579041,-0.009287
2025-12-08,185.324,1.7214,4.1267,0.016376,3.4428,5.1642,3.4147,5.1121,493419.936546,136217.632046,-0.108147,36045.800265,-0.009762
2025-12-09,184.7447,-0.3126,4.1242,0.016366,-0.6252,-0.9378,-0.6532,-0.9899,491877.566576,135366.032954,-0.107133,35810.331874,-0.009665
2025-12-10,183.5561,-0.6433,4.1218,0.016356,-1.2867,-1.93,-1.3148,-1.9821,488713.077598,133624.281151,-0.105065,35339.511795,-0.009473
2025-12-11,180.7096,-1.5508,4.1193,0.016346,-3.1015,-4.6523,-3.1296,-4.7044,481134.237608,129479.857389,-0.100177,34233.525465,-0.009028
2025-12-12,174.8068,-3.2664,4.1168,0.016337,-6.5329,-9.7993,-6.5609,-9.8514,465418.233106,121021.070371,-0.09036,31987.484038,-0.008138
2025-12-15,176.0752,0.7256,4.1095,0.016307,1.4512,2.1769,1.4232,2.1249,468795.399729,122777.375949,-0.092327,32442.738164,-0.008311
2025-12-16,177.5035,0.8112,4.107,0.016298,1.6223,2.4335,1.5943,2.3815,472598.124772,124769.241068,-0.094574,32959.984086,-0.008509
2025-12-17,170.7318,-3.815,4.1045,0.016288,-7.63,-11.445,-7.658,-11.4969,454568.545002,115249.368403,-0.08375,30435.915837,-0.007531
2025-12-18,173.9279,1.872,4.1021,0.016278,3.744,5.616,3.716,5.5641,463078.088367,119564.315,-0.088454,31566.921939,-0.00795
2025-12-19,180.7695,3.9336,4.0996,0.016268,7.8673,11.8009,7.8393,11.749,481293.857563,128970.745669,-0.098892,34041.541772,-0.008884
2025-12-22,183.4662,1.4918,4.0922,0.016239,2.9836,4.4754,2.9556,4.4235,488473.74923,132818.689986,-0.103318,35047.685146,-0.009277
2025-12-23,188.9795,3.0051,4.0897,0.016229,6.0101,9.0152,5.9822,8.9634,503152.731847,140801.281659,-0.112632,37144.310021,-0.010108
2025-12-24,188.3802,-0.3171,4.0873,0.016219,-0.6342,-0.9514,-0.6622,-1.0032,501557.141684,139908.267965,-0.111561,36898.354313,-0.010007
2025-12-26,190.2979,1.018,4.0823,0.0162,2.0359,3.0539,2.008,3.0022,506662.867703,142756.730182,-0.114968,37639.289435,-0.010308
2025-12-29,187.9907,-1.2124,4.0749,0.01617,-2.4248,-3.6372,-2.4527,-3.6889,500520.038547,139295.137631,-0.110786,36716.112135,-0.009927
2025-12-30,187.3115,-0.3613,4.0725,0.016161,-0.7226,-1.0838,-0.7504,-1.1355,498711.770739,138288.6528,-0.109585,36440.586155,-0.009815
2025-12-31,186.2728,-0.5546,4.07,0.016151,-1.1091,-1.6637,-1.137,-1.7153,495946.148832,136754.884599,-0.107762,36026.270001,-0.009646
2026-01-02,188.6199,1.2601,4.0645,0.016129,2.5201,3.7802,2.4923,3.7286,502195.377749,140201.277243,-0.111836,36924.148663,-0.010006
2026-01-05,187.8908,-0.3866,4.0562,0.016096,-0.7731,-1.1597,-0.8009,-1.2112,500254.140708,139117.380717,-0.110539,36628.422132,-0.009885
2026-01-06,187.0119,-0.4678,4.0535,0.016085,-0.9356,-1.4033,-0.9634,-1.4549,497914.036596,137815.845644,-0.108987,36275.559433,-0.009741
2026-01-07,188.8796,0.9987,4.0507,0.016074,1.9974,2.9961,1.9696,2.9446,502886.752756,140568.606291,-0.112253,36990.056991,-0.010028
2026-01-08,184.8146,-2.1522,4.0479,0.016063,-4.3044,-6.4566,-4.3321,-6.5081,492063.67475,134517.999538,-0.105005,35387.592429,-0.009375
2026-01-09,184.6348,-0.0973,4.0452,0.016052,-0.1946,-0.2918,-0.2223,-0.3433,491585.018014,134256.293788,-0.104699,35308.922475,-0.009343
2026-01-12,184.7147,0.0433,4.0369,0.01602,0.0866,0.1298,0.0588,0.0784,491797.776911,134372.506528,-0.104835,35329.696296,-0.00935
2026-01-13,185.5836,0.4704,4.0342,0.016009,0.9408,1.4113,0.9131,1.3599,494111.311553,135636.747496,-0.106314,35652.303411,-0.009477
2026-01-14,182.9169,-1.437,4.0314,0.015998,-2.8739,-4.3109,-2.9016,-4.3622,487011.168925,131738.677445,-0.101731,34617.813283,-0.009064
2026-01-15,186.8221,2.135,4.0287,0.015987,4.2699,6.4049,4.2423,6.3536,497408.729137,137363.84959,-0.108247,36086.388943,-0.00964
2026-01-16,186.0031,-0.4384,4.0259,0.015976,-0.8768,-1.3152,-0.9045,-1.3665,495228.163728,136159.484482,-0.106823,35760.004807,-0.009508
2026-01-20,177.8531,-4.3817,4.0149,0.015932,-8.7633,-13.145,-8.791,-13.1962,473528.909399,124227.371168,-0.092781,32616.351895,-0.008253
2026-01-21,183.0967,2.9483,4.0121,0.015921,5.8966,8.8448,5.8689,8.7936,487489.866287,131552.511993,-0.100988,34530.58342,-0.008979
2026-01-22,184.6148,0.8291,4.0094,0.01591,1.6583,2.4874,1.6307,2.4362,491531.838446,133734.020278,-0.1035,35093.660852,-0.009198
2026-01-23,187.4414,1.5311,4.0066,0.015899,3.0621,4.5932,3.0345,4.542,499057.458242,137829.101457,-0.108254,36158.579119,-0.009616
2026-01-26,186.2428,-0.6394,3.9983,0.015866,-1.2788,-1.9183,-1.3064,-1.9693,495866.399793,136066.495924,-0.106177,35686.200968,-0.009426
2026-01-27,188.2903,1.0994,3.9956,0.015855,2.1987,3.2981,2.1712,3.247,501317.813316,139058.248284,-0.109679,36461.012999,-0.009732
2026-01-28,191.2867,1.5913,3.9928,0.015845,3.1827,4.774,3.1551,4.723,509295.479751,143484.024869,-0.114915,37611.404391,-0.010192
2026-01-29,192.2755,0.5169,3.9901,0.015834,1.0338,1.5508,1.0063,1.4997,511928.132425,144967.421509,-0.116697,37989.888344,-0.010345
2026-01-30,190.8972,-0.7168,3.9873,0.015823,-1.4337,-2.1505,-1.4612,-2.2015,508258.41724,142889.047166,-0.114187,37434.775258,-0.010117
2026-02-02,185.3839,-2.8881,3.979,0.01579,-5.7762,-8.6643,-5.8037,-8.7152,493579.434623,134635.506178,-0.104294,35262.178867,-0.009235
2026-02-03,180.1203,-2.8393,3.9763,0.015779,-5.6786,-8.5179,-5.7061,-8.5688,479565.298167,126990.129474,-0.09541,33250.098087,-0.008444
2026-02-04,173.9778,-3.4102,3.9735,0.015768,-6.8204,-10.2306,-6.8479,-10.2815,463211.098226,118328.860713,-0.085649,30973.164268,-0.007576
2026-02-05,171.6706,-1.3261,3.9708,0.015757,-2.6523,-3.9784,-2.6797,-4.0293,457068.26907,115190.447241,-0.082242,30143.162752,-0.007271
2026-02-06,185.1841,7.8718,3.968,0.015746,15.7435,23.6153,15.7161,23.5645,493047.638945,133325.504902,-0.101663,34880.489528,-0.008984
2026-02-09,189.8085,2.4972,3.9597,0.015713,4.9943,7.4915,4.9669,7.4407,505359.826101,139984.206575,-0.10928,36612.968517,-0.009652
2026-02-10,188.3103,-0.7893,3.957,0.015702,-1.5786,-2.3679,-1.606,-2.4187,501370.992884,137774.400317,-0.106692,36024.956991,-0.009419
2026-02-11,189.8185,0.8009,3.9542,0.015691,1.6018,2.4027,1.5744,2.352,505386.476824,139981.272672,-0.109255,36592.135254,-0.00964
2026-02-12,186.7123,-1.6364,3.9515,0.01568,-3.2728,-4.9092,-3.3002,-4.96,497116.261827,135399.92642,-0.103892,35384.516199,-0.009162
2026-02-13,182.5873,-2.2093,3.9487,0.01567,-4.4185,-6.6278,-4.4459,-6.6785,486133.604491,129417.217306,-0.097006,33811.347974,-0.00855
2026-02-17,184.7447,1.1816,3.9377,0.015626,2.3631,3.5447,2.3358,3.4941,491877.566576,132475.502446,-0.100445,34601.109604,-0.008849
2026-02-18,187.751,1.6273,3.9349,0.015615,3.2546,4.8818,3.2272,4.8313,499881.802482,136787.00289,-0.105348,35717.771544,-0.009277
2026-02-19,187.6711,-0.0426,3.9322,0.015604,-0.0851,-0.1277,-0.1124,-0.1782,499669.084211,136670.586991,-0.105214,35677.61846,-0.00926
2026-02-20,189.5888,1.0218,3.9294,0.015593,2.0437,3.0655,2.0164,3.0149,504774.850856,139463.668038,-0.108439,36397.007659,-0.009539
2026-02-23,191.3167,0.9114,3.9212,0.01556,1.8228,2.7341,1.7955,2.6837,509375.269416,142005.756836,-0.111404,37050.513791,-0.009795
2026-02-24,192.6151,0.6787,3.9184,0.015549,1.3574,2.036,1.3301,1.9856,512832.306956,143933.291452,-0.113672,37543.325702,-0.00999
2026-02-25,195.3218,1.4052,3.9156,0.015538,2.8105,4.2157,2.7832,4.1652,520038.768093,147978.472136,-0.118464,38588.235522,-0.010406
2026-02-26,184.6648,-5.4561,3.9129,0.015527,-10.9122,-16.3684,-10.9395,-16.4188,491664.807679,131830.694054,-0.099073,34366.882515,-0.008697
2026-02-27,176.9742,-4.1646,3.9101,0.015516,-8.3293,-12.4939,-8.3565,-12.5443,471188.764661,120850.160486,-0.086695,31495.016706,-0.007606
2026-03-02,182.2577,2.9855,3.9019,0.015484,5.971,8.9565,5.9438,8.9062,485256.080684,128066.110978,-0.09446,33367.017403,-0.008284
2026-03-03,179.8307,-1.3317,3.8991,0.015473,-2.6633,-3.995,-2.6905,-4.0453,478794.133496,124655.307987,-0.090686,32469.280057,-0.007949
2026-03-04,182.817,1.6607,3.8963,0.015462,3.3213,4.982,3.2941,4.9317,486745.23046,128795.485869,-0.095204,33538.861285,-0.008341
2026-03-05,183.1166,0.1639,3.8936,0.015451,0.3278,0.4917,0.3006,0.4414,487542.964603,129217.655621,-0.095673,33639.687799,-0.008378
2026-03-06,177.6034,-3.0108,3.8908,0.01544,-6.0216,-9.0323,-6.0487,-9.0826,472864.103863,121436.729181,-0.087031,31604.919905,-0.007617
2026-03-09,182.4275,2.7162,3.8826,0.015407,5.4324,8.1487,5.4053,8.0985,485708.127323,128033.7036,-0.094123,33313.268275,-0.008233
2026-03-10,184.5449,1.1607,3.8798,0.015396,2.3214,3.4821,2.2943,3.4319,491345.689646,131005.850628,-0.0974,34077.566665,-0.008516
2026-03-11,185.8134,0.6874,3.8771,0.015385,1.3748,2.0621,1.3477,2.012,494723.100026,132806.865795,-0.099409,34536.81908,-0.008687
2026-03-12,182.9268,-1.5535,3.8743,0.015374,-3.107,-4.6605,-3.1341,-4.7106,487037.535265,128680.534247,-0.094776,33454.401576,-0.008278
2026-03-13,180.0402,-1.578,3.8715,0.015363,-3.1561,-4.7341,-3.1831,-4.7842,479351.929879,124619.295695,-0.090289,32389.50366,-0.007882
2026-03-16,183.0067,1.6477,3.8633,0.01533,3.2954,4.9432,3.2684,4.8931,487250.294162,128726.042879,-0.094752,33448.121438,-0.008268
2026-03-17,181.7182,-0.7041,3.8605,0.015319,-1.4082,-2.1122,-1.4352,-2.1622,483819.663589,126913.37492,-0.092751,32968.078912,-0.008089
2026-03-18,180.19,-0.841,3.8578,0.015309,-1.682,-2.5229,-1.709,-2.5729,479750.837576,124778.743031,-0.090411,32404.662797,-0.007881
2026-03-19,178.3521,-1.02,3.855,0.015298,-2.0399,-3.0599,-2.0669,-3.1098,474857.586072,122233.36437,-0.087644,31734.8851,-0.007636
2026-03-20,172.4989,-3.2818,3.8522,0.015287,-6.5636,-9.8454,-6.5906,-9.8954,459273.657028,114210.428092,-0.079015,29643.360919,-0.00688
2026-03-23,175.4355,1.7024,3.844,0.015254,3.4048,5.1071,3.3778,5.0573,467092.231647,118099.014954,-0.083051,30644.653234,-0.007228
2026-03-24,174.996,-0.2505,3.8412,0.015243,-0.501,-0.7516,-0.528,-0.8014,465922.078025,117507.294601,-0.082427,30482.853516,-0.00717
2026-03-25,178.472,1.9863,3.8385,0.015232,3.9726,5.9589,3.9457,5.9091,475176.704104,122175.397378,-0.087338,31685.605854,-0.007594
2026-03-26,171.0407,-4.1639,3.8357,0.015221,-8.3277,-12.4916,-8.3546,-12.5414,455391.020441,112000.977028,-0.076428,29038.386414,-0.006642
2026-03-27,167.325,-2.1724,3.8329,0.01521,-4.3448,-6.5172,-4.3717,-6.567,445498.11767,107134.764362,-0.071447,27768.911994,-0.006205
2026-03-30,164.9777,-1.4028,3.8247,0.015177,-2.8056,-4.2084,-2.8325,-4.2582,439248.60437,104128.959811,-0.068441,26982.353912,-0.005941
2026-03-31,174.197,5.5882,3.8219,0.015166,11.1764,16.7645,11.1495,16.7148,463794.610932,115766.789073,-0.079914,29990.748511,-0.006934
2026-04-01,175.5454,0.7741,3.8192,0.015155,1.5482,2.3223,1.5213,2.2726,467384.780208,117559.058149,-0.08177,30447.000851,-0.007092
2026-04-02,177.1835,0.9331,3.8164,0.015144,1.8663,2.7994,1.8394,2.7498,471746.114157,119753.029083,-0.084059,31007.049208,-0.007287
2026-04-06,177.4332,0.1409,3.8054,0.015101,0.2819,0.4228,0.2551,0.3732,472410.960319,120090.572263,-0.084415,31086.13548,-0.007314
2026-04-07,177.8927,0.259,3.8026,0.01509,0.5179,0.7769,0.4911,0.7273,473634.293509,120712.534051,-0.08507,31238.803982,-0.007367
2026-04-08,181.868,2.2347,3.7999,0.015079,4.4694,6.7041,4.4426,6.6546,484218.611912,126107.666596,-0.090774,32626.625404,-0.007857
2026-04-09,183.6959,1.0051,3.7971,0.015068,2.0101,3.0152,1.9833,2.9657,489085.25332,128642.557974,-0.093511,33273.717964,-0.00809
2026-04-10,188.4104,2.5665,3.7944,0.015057,5.1329,7.6994,5.1062,7.6499,501637.500114,135245.714069,-0.10071,34972.735577,-0.008709
2026-04-13,189.0896,0.3605,3.7861,0.015024,0.721,1.0815,0.6942,1.0321,503445.849175,136220.806482,-0.1018,35215.533061,-0.008799
2026-04-14,196.2812,3.8033,3.7833,0.015013,7.6066,11.4099,7.5799,11.3605,522593.337399,146582.54168,-0.113415,37884.818878,-0.009799
2026-04-15,198.6385,1.201,3.7806,0.015002,2.4019,3.6029,2.3752,3.5535,528869.460796,150103.329465,-0.117501,38784.661436,-0.010147
2026-04-16,198.1191,-0.2615,3.7778,0.014991,-0.523,-0.7844,-0.5497,-0.8338,527486.588903,149318.35816,-0.116579,38571.480901,-0.010063
2026-04-17,201.4452,1.6788,3.7751,0.01498,3.3577,5.0365,3.331,4.9872,536342.266659,154332.003211,-0.122451,39856.297525,-0.010564
2026-04-20,201.8248,0.1884,3.7668,0.014948,0.3768,0.5653,0.3502,0.516,537352.840951,154913.586892,-0.123143,39995.868451,-0.010619
2026-04-21,199.6473,-1.0789,3.764,0.014937,-2.1578,-3.2366,-2.1844,-3.2859,531555.455542,151570.927471,-0.119157,39122.198527,-0.01027
2026-04-22,202.2643,1.3108,3.7613,0.014926,2.6216,3.9323,2.5949,3.8831,538522.994572,155544.459647,-0.123843,40137.393801,-0.010669
2026-04-23,199.4076,-1.4123,3.7585,0.014915,-2.8247,-4.237,-2.8513,-4.2862,530917.17885,151150.803262,-0.118596,38992.949865,-0.010211
2026-04-24,208.0275,4.3228,3.7558,0.014904,8.6456,12.9683,8.6189,12.9192,553867.554622,164218.633317,-0.133976,42353.731782,-0.011531
2026-04-27,216.3578,4.0044,3.7475,0.014871,8.0088,12.0133,7.9823,11.9641,576046.725096,177370.633404,-0.15007,45734.515946,-0.01291
2026-04-28,212.9218,-1.5881,3.7447,0.01486,-3.1762,-4.7643,-3.2028,-4.8134,566898.498778,171736.969932,-0.142921,44269.741727,-0.012289
2026-04-29,209.0064,-1.8389,3.742,0.014849,-3.6778,-5.5167,-3.7044,-5.5658,556473.759704,165420.801853,-0.135036,42629.826462,-0.011605
2026-04-30,199.3377,-4.626,3.7392,0.014838,-9.2521,-13.8781,-9.2786,-13.9272,530731.03005,150115.918534,-0.116296,38674.360171,-0.009989
2026-05-01,198.219,-0.5612,3.7365,0.014827,-1.1224,-1.6836,-1.1489,-1.7326,527752.527368,148430.994757,-0.114338,38230.011591,-0.009816
2026-05-04,198.2489,0.0151,3.7282,0.014794,0.0302,0.0453,0.0037,-0.0036,527832.276407,148475.853771,-0.114389,38231.434252,-0.009815
2026-05-05,196.2712,-0.9976,3.7254,0.014784,-1.9952,-2.9927,-2.0216,-3.0417,522566.727302,145513.522994,-0.110966,37458.528526,-0.009517
2026-05-06,207.5881,5.7659,3.7227,0.014773,11.5318,17.2977,11.5053,17.2488,552697.441627,162293.873378,-0.130161,41768.258146,-0.011158
2026-05-07,211.2538,1.7659,3.7199,0.014762,3.5317,5.2976,3.5053,5.2487,562457.334539,168025.656105,-0.137056,43232.345365,-0.011744
2026-05-08,214.9495,1.7494,3.7172,0.014751,3.4988,5.2482,3.4724,5.1994,572297.017116,173904.570004,-0.144249,44733.528952,-0.012354
2026-05-11,219.1845,1.9703,3.7089,0.014718,3.9405,5.9108,3.9141,5.862,583572.751153,180757.311222,-0.152775,46484.441301,-0.013079
2026-05-12,220.523,0.6106,3.7062,0.014707,1.2213,1.8319,1.1949,1.7832,587136.310333,182964.883027,-0.155574,47039.87327,-0.013312
2026-05-13,225.5671,2.2873,3.7034,0.014696,4.5747,6.862,4.5483,6.8133,600566.162186,191334.970962,-0.16625,49179.385022,-0.014219
2026-05-14,235.4656,4.3883,3.7006,0.014685,8.7765,13.1648,8.7501,13.116,626920.558434,208127.517589,-0.188136,53482.643061,-0.016084
2026-05-15,225.0577,-4.4201,3.6979,0.014674,-8.8402,-13.2604,-8.8666,-13.3091,599209.900391,189728.534204,-0.163188,48740.53716,-0.013943
2026-05-18,222.0612,-1.3314,3.6896,0.014641,-2.6629,-3.9943,-2.6892,-4.043,591231.787068,184676.29543,-0.15667,47429.794278,-0.013379
2026-05-19,220.3532,-0.7692,3.6869,0.01463,-1.5383,-2.3075,-1.5647,-2.3561,586684.223067,181835.354562,-0.153055,46687.67349,-0.013064
2026-05-20,223.2099,1.2964,3.6841,0.014619,2.5928,3.8892,2.5665,3.8406,594290.038789,186550.007332,-0.159008,47885.907181,-0.013566
2026-05-21,219.2545,-1.7721,3.6813,0.014609,-3.5441,-5.3162,-3.5704,-5.3647,583758.899953,179938.474582,-0.150554,46176.178054,-0.012838
2026-05-22,215.0793,-1.9042,3.6786,0.014598,-3.8085,-5.7127,-3.8348,-5.7613,572642.745245,173085.563487,-0.141954,44405.423894,-0.012099
2026-05-26,214.6099,-0.2183,3.6676,0.014554,-0.4365,-0.6548,-0.4628,-0.7033,571392.842585,172329.978585,-0.141024,44199.916237,-0.012013
2026-05-27,212.3525,-1.0518,3.6648,0.014543,-2.1037,-3.1555,-2.1299,-3.204,565382.657653,168704.679269,-0.136574,43258.482112,-0.011629
2026-05-28,214.0006,0.7761,3.6621,0.014532,1.5522,2.3283,1.526,2.2799,569770.601699,171323.318814,-0.139754,43918.591395,-0.011894
2026-05-29,210.8942,-1.4516,3.6593,0.014521,-2.9031,-4.3547,-2.9294,-4.4031,561499.980441,166349.561733,-0.133668,42632.054184,-0.01137
2026-06-01,224.0988,6.2612,3.651,0.014488,12.5225,18.7837,12.4963,18.7354,596656.874877,187180.67192,-0.158776,47959.48239,-0.0135
2026-06-02,222.5606,-0.6864,3.6483,0.014477,-1.3728,-2.0592,-1.399,-2.1075,592561.438767,184611.066121,-0.155506,47288.539775,-0.013216
2026-06-03,214.5,-3.6218,3.6455,0.014466,-7.2435,-10.8653,-7.2697,-10.9136,571100.294023,171238.731871,-0.13861,43850.809609,-0.011773
2026-06-04,218.66,1.9394,3.6428,0.014455,3.8788,5.8182,3.8526,5.7699,582176.188264,177880.724894,-0.146675,45540.218863,-0.012453
2026-06-05,205.1,-6.2014,3.6393,0.014442,-12.4028,-18.6042,-12.429,-18.6525,546073.080427,155818.513755,-0.119387,39880.043417,-0.01013
2026-06-08,208.64,1.726,3.631,0.014409,3.452,5.178,3.4259,5.1298,555498.214415,161197.318983,-0.125569,41246.27498,-0.01065
2026-06-09,208.19,-0.2157,3.6283,0.014398,-0.4314,-0.647,-0.4575,-0.6952,554300.110016,160501.974832,-0.124757,41057.58713,-0.010576
2026-06-10,200.42,-3.7322,3.6255,0.014387,-7.4643,-11.1965,-7.4904,-11.2446,533612.689042,148521.562559,-0.110788,37982.196149,-0.009387
2026-06-11,204.87,2.2203,3.6228,0.014376,4.4407,6.661,4.4146,6.6129,545460.682553,155116.917375,-0.118168,39658.954076,-0.010007
2026-06-12,205.19,0.1562,3.6281,0.014397,0.3124,0.4686,0.2863,0.4204,546312.680162,155601.495813,-0.118722,39772.494452,-0.010049
2026-06-12,205.19,0.0,3.6281,0.014397,0.0,0.0,-0.0261,-0.0482,546312.686662,155601.499516,-0.118722,39762.113306,-0.010044
2026-06-12,205.19,0.0,3.6281,0.014397,0.0,0.0,-0.0261,-0.0482,546312.693162,155601.503219,-0.118722,39751.734869,-0.010039
2026-06-12,205.19,0.0,3.6281,0.014397,0.0,0.0,-0.0261,-0.0482,546312.699662,155601.506922,-0.118722,39741.359141,-0.010034
2026-06-15,212.45,3.5382,3.6227,0.014376,7.0764,10.6145,7.0503,10.5664,565642.240733,166612.437917,-0.131324,42543.237487,-0.011094
2026-06-16,207.41,-2.3723,3.6227,0.014376,-4.7446,-7.117,-4.7707,-7.1651,552223.390077,158707.273625,-0.121978,40513.616872,-0.010299
2026-06-17,204.65,-1.3307,3.6227,0.014376,-2.6614,-3.9921,-2.6875,-4.0402,544874.950141,154483.436357,-0.117109,39424.820231,-0.009883
2026-06-18,210.69,2.9514,3.6226,0.014376,5.9028,8.8541,5.8767,8.806,560956.289154,163602.227784,-0.127478,41741.691255,-0.010753
2026-06-18,210.69,0.0,3.6304,0.014406,0.0,0.0,-0.0261,-0.0482,560956.295654,163602.231576,-0.127478,41730.792333,-0.010748
2026-06-22,208.65,-0.9683,3.6624,0.014533,-1.9365,-2.9048,-1.9627,-2.9532,555524.835846,160434.074084,-0.123775,40911.725514,-0.010431
2026-06-23,200.04,-4.1265,3.6623,0.014533,-8.2531,-12.3796,-8.2793,-12.428,532600.931862,147193.350815,-0.108452,37524.520513,-0.009135
2026-06-24,199.0,-0.5199,3.6623,0.014533,-1.0398,-1.5597,-1.066,-1.6081,529831.960811,145662.846067,-0.10676,37124.497325,-0.008988
2026-06-25,195.74,-1.6382,3.6623,0.014533,-3.2764,-4.9146,-3.3026,-4.963,521152.316179,140890.382971,-0.101513,35898.417833,-0.008542
2026-06-26,192.53,-1.6399,3.6623,0.014533,-3.2799,-4.9198,-3.3061,-4.9682,512605.77704,136269.372433,-0.096519,34711.579671,-0.008118
2026-06-26,192.53,-0.0,3.6646,0.014542,-0.0,-0.0,-0.0262,-0.0485,512605.77379,136269.370705,-0.096519,34702.468018,-0.008114
2026-06-26,192.53,-0.0,3.6668,0.014551,-0.0,-0.0,-0.0263,-0.0485,512605.77054,136269.368977,-0.096519,34693.355655,-0.00811
2026-06-29,194.97,1.2673,3.6623,0.014533,2.5347,3.802,2.5084,3.7536,519102.205931,139723.349413,-0.100189,35563.614905,-0.008414
2026-06-30,200.09,2.626,3.6623,0.014533,5.2521,7.8781,5.2258,7.8297,532734.053874,147061.740317,-0.108082,37422.115082,-0.009073
2026-07-01,197.58,-1.2544,3.6622,0.014533,-2.5089,-3.7633,-2.5351,-3.8117,526051.253635,143372.153642,-0.104015,36473.423964,-0.008727
2026-07-02,194.83,-1.3918,3.6722,0.014572,-2.7837,-4.1755,-2.81,-4.224,518729.460011,139381.130664,-0.099672,35448.535641,-0.008358
2026-07-02,194.83,0.0,3.6743,0.014581,0.0,0.0,-0.0263,-0.0485,518729.464886,139381.133284,-0.099672,35439.21795,-0.008354
2026-07-02,194.83,0.0,3.6765,0.014589,0.0,0.0,-0.0263,-0.0485,518729.469761,139381.135904,-0.099672,35429.899717,-0.00835
2026-07-02,194.83,0.0,3.6786,0.014597,0.0,0.0,-0.0263,-0.0486,518729.474636,139381.138524,-0.099672,35420.580975,-0.008346
2026-07-06,195.55,0.3696,3.6721,0.014572,0.7391,1.1087,0.7128,1.0602,520646.462804,140411.317091,-0.100777,35673.069763,-0.008434
2026-07-07,196.93,0.7057,3.7219,0.014769,1.4114,2.1171,1.3849,2.0682,524320.65511,142393.077144,-0.102911,36167.113469,-0.008608
2026-07-08,204.12,3.651,3.7218,0.014769,7.3021,10.9531,7.2756,10.9042,543463.817402,152790.736509,-0.114183,38798.490332,-0.009547
