# ASSET=TSLA,NAME=TSLA,LEV2=2x TSLA,LEV3=3x TSLA
Date,Asset_Close,NDX_DailyReturn,RF_Annual_Pct,RF_Daily_Pct,NDX2L_DailyReturn,NDX3L_DailyReturn,NDX2L_Adj_DailyReturn,NDX3L_Adj_DailyReturn,NDX_Indexed,NDX2L,NDX3L,NDX2L_adj,NDX3L_adj
2010-06-30,1.5887,-0.2511,0.145,0.000576,-0.5023,-0.7534,-0.5146,-0.774,99.748852,99.497704,99.246557,99.485422,99.22604
2010-07-01,1.464,-7.8473,0.145,0.000575,-15.6945,-23.5418,-15.7068,-23.5623,91.921287,83.88199,75.88211,83.859417,75.846067
2010-07-02,1.28,-12.5683,0.145,0.000575,-25.1366,-37.7049,-25.1489,-37.7254,80.368337,62.796898,47.27082,62.7697,47.232806
2010-07-06,1.074,-16.0937,0.1449,0.000575,-32.1875,-48.2812,-32.1998,-48.3018,67.434059,42.584149,24.44788,42.557996,24.41853
2010-07-07,1.0533,-1.9243,0.1448,0.000575,-3.8486,-5.7729,-3.8609,-5.7934,66.136427,40.945257,23.03653,40.914884,23.003865
2010-07-08,1.164,10.5064,0.1448,0.000575,21.0127,31.5191,21.0004,31.4986,73.08496,49.548972,30.297434,49.507192,30.249754
2010-07-09,1.16,-0.3436,0.1448,0.000575,-0.6873,-1.0309,-0.6996,-1.0515,72.833805,49.208423,29.985084,49.160851,29.931691
2010-07-12,1.1367,-2.0115,0.1447,0.000574,-4.0229,-6.0344,-4.0352,-6.0549,71.368781,47.228806,28.175669,47.17711,28.119357
2010-07-13,1.2093,6.3929,0.1447,0.000574,12.7858,19.1787,12.7735,19.1582,75.931312,53.267382,33.579392,53.203283,33.506512
2010-07-14,1.3227,9.3716,0.1447,0.000574,18.7432,28.1149,18.731,28.0943,83.047305,63.251413,43.020189,63.168766,42.919945
2010-07-15,1.326,0.252,0.1446,0.000574,0.504,0.756,0.4917,0.7355,83.256575,63.570186,43.345407,63.479365,43.235601
2010-07-16,1.376,3.7707,0.1446,0.000574,7.5415,11.3122,7.5292,11.2917,86.395967,68.364325,48.24874,68.258859,48.117645
2010-07-19,1.4607,6.1531,0.1445,0.000573,12.3062,18.4594,12.294,18.4389,91.712017,76.777406,57.155153,76.650579,56.989988
2010-07-20,1.3533,-7.3483,0.1445,0.000573,-14.6966,-22.0449,-14.7089,-22.0654,84.972754,65.493756,44.555377,65.376156,44.414933
2010-07-21,1.348,-0.3941,0.1445,0.000573,-0.7881,-1.1822,-0.8004,-1.2027,84.63791,64.977586,44.028652,64.852886,43.880758
2010-07-22,1.4,3.8576,0.1444,0.000573,7.7151,11.5727,7.7028,11.5522,87.902869,69.990687,49.123949,69.848401,48.949939
2010-07-23,1.4193,1.3809,0.1444,0.000573,2.7619,4.1428,2.7496,4.1223,89.116745,71.92373,51.159049,71.768938,50.96779
2010-07-26,1.3967,-1.5969,0.1443,0.000573,-3.1939,-4.7908,-3.2062,-4.8113,87.693599,69.626564,48.708102,69.467903,48.515552
2010-07-27,1.37,-1.9093,0.1443,0.000573,-3.8187,-5.728,-3.8309,-5.7485,86.019238,66.967761,45.918105,66.806629,45.726634
2010-07-28,1.3813,0.8272,0.1443,0.000573,1.6545,2.4817,1.6422,2.4612,86.730811,68.075709,47.057644,67.903709,46.852042
2010-07-29,1.3567,-1.7857,0.1442,0.000572,-3.5713,-5.357,-3.5836,-5.3775,85.182091,65.644504,44.536771,65.470308,44.332574
2010-07-30,1.3293,-2.0148,0.1442,0.000572,-4.0296,-6.0444,-4.0419,-6.0649,83.465844,62.999296,41.844794,62.824081,41.643847
2010-08-02,1.3947,4.9148,0.1441,0.000572,9.8296,14.7444,9.8173,14.7239,87.568025,69.191878,48.01456,68.991725,47.775444
2010-08-03,1.4633,4.9235,0.1441,0.000572,9.8469,14.7704,9.8347,14.7499,91.879409,76.005157,55.106504,75.776825,54.822272
2010-08-04,1.4173,-3.1435,0.1441,0.000572,-6.287,-9.4305,-6.2993,-9.451,88.991172,71.226699,49.909671,71.003419,49.640999
2010-08-05,1.3633,-3.81,0.1441,0.000572,-7.6199,-11.4299,-7.6322,-11.4504,85.600631,65.799262,44.205034,65.584277,43.956891
2010-08-06,1.306,-4.2054,0.144,0.000572,-8.4107,-12.6161,-8.423,-12.6366,82.00082,60.265077,38.628098,60.060121,38.402246
2010-08-09,1.3067,0.0511,0.1439,0.000571,0.1021,0.1532,0.0899,0.1327,82.042698,60.326632,38.687281,60.114093,38.453207
2010-08-10,1.2687,-2.9082,0.1439,0.000571,-5.8163,-8.7245,-5.8286,-8.745,79.656764,56.81784,35.312015,56.610283,35.090477
2010-08-11,1.1933,-5.938,0.1439,0.000571,-11.8761,-17.8141,-11.8884,-17.8346,74.926714,50.070108,29.02149,49.88025,28.832222
2010-08-12,1.1733,-1.676,0.1439,0.000571,-3.352,-5.0279,-3.3642,-5.0484,73.67096,48.391781,27.56231,48.202164,27.376645
2010-08-13,1.2213,4.0909,0.1438,0.000571,8.1818,12.2727,8.1695,12.2522,76.684771,52.351108,30.944956,52.140058,30.730892
2010-08-16,1.252,2.5109,0.1438,0.00057,5.0219,7.5328,5.0096,7.5123,78.61028,54.980118,33.275985,54.752069,33.039493
2010-08-17,1.2767,1.9702,0.1437,0.00057,3.9404,5.9106,3.9281,5.8901,80.159067,57.146566,35.242805,56.902808,34.98556
2010-08-18,1.2513,-1.9844,0.1437,0.00057,-3.9688,-5.9532,-3.981,-5.9737,78.568402,54.878549,33.144745,54.63748,32.89564
2010-08-19,1.2527,0.1066,0.1437,0.00057,0.2132,0.3198,0.2009,0.2993,78.652158,54.995552,33.250744,54.747262,32.994098
2010-08-20,1.2733,1.6498,0.1436,0.00057,3.2995,4.9493,3.2872,4.9288,79.94973,56.810142,34.896417,56.546938,34.620303
2010-08-23,1.342,5.3927,0.1436,0.00057,10.7854,16.1781,10.7731,16.1576,84.261181,62.937346,40.541997,62.638813,40.214114
2010-08-24,1.28,-4.62,0.1435,0.00057,-9.2399,-13.8599,-9.2522,-13.8804,80.368337,57.121969,34.922909,56.843331,34.632225
2010-08-25,1.3267,3.6459,0.1435,0.000569,7.2917,10.9376,7.2794,10.9171,83.298453,61.287141,38.742628,60.981207,38.413049
2010-08-26,1.3167,-0.7538,0.1435,0.000569,-1.5075,-2.2613,-1.5198,-2.2818,82.670575,60.363215,37.866539,60.054408,37.536537
2010-08-27,1.3133,-0.2532,0.1435,0.000569,-0.5064,-0.7596,-0.5187,-0.7801,82.461246,60.057524,37.578894,59.742909,37.243702
2010-08-30,1.3247,0.863,0.1434,0.000569,1.726,2.589,1.7137,2.5685,83.172879,61.094106,38.551801,60.766726,38.200295
2010-08-31,1.2987,-1.9628,0.1433,0.000569,-3.9255,-5.8883,-3.9378,-5.9088,81.540395,58.695846,36.281764,58.373858,35.943124
2010-09-01,1.3633,4.9794,0.1433,0.000569,9.9588,14.9382,9.9466,14.9177,85.600631,64.541267,41.701624,64.180048,41.305028
2010-09-02,1.404,2.9829,0.1433,0.000569,5.9658,8.9487,5.9536,8.9282,88.154025,68.391688,45.433396,68.001041,44.99284
2010-09-03,1.4033,-0.0475,0.1433,0.000568,-0.095,-0.1425,-0.1073,-0.163,88.112139,68.326697,45.368634,67.928074,44.919482
2010-09-07,1.3693,-2.4228,0.1432,0.000568,-4.8456,-7.2684,-4.8579,-7.2889,85.97736,65.015862,42.071063,64.628217,41.645349
2010-09-08,1.3933,1.7527,0.1431,0.000568,3.5053,5.258,3.4931,5.2375,87.484262,67.294892,44.283168,66.885727,43.826531
2010-09-09,1.3807,-0.909,0.1431,0.000568,-1.8181,-2.7271,-1.8304,-2.7476,86.688993,66.071414,43.07551,65.661478,42.622341
2010-09-10,1.3447,-2.6074,0.1431,0.000568,-5.2149,-7.8223,-5.2271,-7.8428,84.428633,62.625874,39.70601,62.229256,39.279552
2010-09-13,1.3813,2.7268,0.143,0.000567,5.4535,8.1803,5.4413,8.1598,86.730811,66.041207,42.95409,65.615321,42.484694
2010-09-14,1.408,1.9305,0.143,0.000567,3.8611,5.7916,3.8488,5.7711,88.405172,68.591093,45.44181,68.14071,44.93652
2010-09-15,1.4653,4.0719,0.1429,0.000567,8.1439,12.2158,8.1316,12.1953,92.004983,74.177076,50.992908,73.681652,50.41668
2010-09-16,1.396,-4.7315,0.1429,0.000567,-9.4631,-14.1946,-9.4754,-14.2151,87.651721,67.157626,43.754643,66.700041,43.249874
2010-09-17,1.3487,-3.3906,0.1429,0.000567,-6.7812,-10.1718,-6.7935,-10.1923,84.679788,62.603511,39.303987,62.16877,38.841697
2010-09-20,1.404,4.1028,0.1428,0.000567,8.2056,12.3084,8.1933,12.2879,88.154025,67.740497,44.141671,67.262452,43.614518
2010-09-21,1.3847,-1.377,0.1428,0.000567,-2.754,-4.131,-2.7663,-4.1515,86.940148,65.874931,42.318186,65.401796,41.803869
2010-09-22,1.3247,-4.3332,0.1427,0.000566,-8.6664,-12.9995,-8.6786,-13.02,83.172879,60.165977,36.817021,59.725819,36.360994
2010-09-23,1.304,-1.5602,0.1427,0.000566,-3.1203,-4.6805,-3.1326,-4.701,81.875247,58.288603,35.093805,57.85485,34.65167
2010-09-24,1.34,2.7607,0.1427,0.000566,5.5215,8.2822,5.5092,8.2617,84.135607,61.506993,38.000349,61.04219,37.514491
2010-09-27,1.3687,2.1393,0.1426,0.000566,4.2787,6.418,4.2664,6.3975,85.935542,64.138664,40.439203,63.646482,39.914474
2010-09-28,1.4267,4.2377,0.1426,0.000566,8.4754,12.7131,8.4631,12.6926,89.577231,69.574669,45.580276,69.032962,44.980657
2010-09-29,1.4653,2.7102,0.1425,0.000566,5.4205,8.1307,5.4082,8.1102,92.004983,73.345942,49.286272,72.7664,48.628681
2010-09-30,1.3607,-7.1428,0.1425,0.000566,-14.2856,-21.4284,-14.2979,-21.4489,85.433239,62.868015,38.724994,62.362334,38.198346
2010-10-01,1.3733,0.9309,0.1425,0.000565,1.8617,2.7926,1.8495,2.7721,86.228508,64.038449,39.806427,63.515701,39.257244
2010-10-04,1.3993,1.8932,0.1424,0.000565,3.7864,5.6796,3.7741,5.6591,87.860991,66.463208,42.06728,65.912873,41.478859
2010-10-05,1.408,0.6194,0.1424,0.000565,1.2387,1.8581,1.2265,1.8376,88.405172,67.286509,42.848931,66.721268,42.241076
2010-10-06,1.364,-3.125,0.1424,0.000565,-6.25,-9.375,-6.2623,-9.3955,85.642509,63.0811,38.831841,62.542999,38.272315
2010-10-07,1.362,-0.1466,0.1423,0.000565,-0.2933,-0.4399,-0.3055,-0.4604,85.516935,62.896113,38.661029,62.351916,38.09612
2010-10-08,1.362,0.0,0.1423,0.000565,0.0,0.0,-0.0123,-0.0205,85.516935,62.896113,38.661029,62.344264,38.088313
2010-10-11,1.3493,-0.93,0.1422,0.000564,-1.8601,-2.7901,-1.8723,-2.8106,84.721606,61.726214,37.582357,61.17698,37.017814
2010-10-12,1.3493,0.0,0.1422,0.000564,0.0,0.0,-0.0123,-0.0205,84.721606,61.726214,37.582357,61.169473,37.010228
2010-10-13,1.3693,1.4822,0.1422,0.000564,2.9644,4.4466,2.9522,4.4261,85.97736,63.556041,39.253508,62.97529,38.648354
2010-10-14,1.3833,1.0224,0.1421,0.000564,2.0448,3.0672,2.0325,3.0467,86.856385,64.855624,40.457481,64.25527,39.825846
2010-10-15,1.3693,-1.012,0.1421,0.000564,-2.0241,-3.0361,-2.0364,-3.0566,85.97736,63.542889,39.229139,62.946803,38.608519
2010-10-18,1.3487,-1.5092,0.142,0.000564,-3.0184,-4.5276,-3.0307,-4.5481,84.679788,61.624908,37.452998,61.03909,36.852565
2010-10-19,1.3367,-0.8898,0.142,0.000563,-1.7795,-2.6693,-1.7918,-2.6898,83.92633,60.528263,36.453257,59.945381,35.8613
2010-10-20,1.3767,2.9925,0.142,0.000563,5.985,8.9776,5.9728,8.9571,86.437845,64.150909,39.725875,63.525786,39.073426
2010-10-21,1.3833,0.4842,0.1419,0.000563,0.9684,1.4526,0.9561,1.4321,86.856385,64.772158,40.302943,64.133187,39.63301
2010-10-22,1.3813,-0.1446,0.1419,0.000563,-0.2892,-0.4337,-0.3014,-0.4542,86.730811,64.584867,40.128138,63.939875,39.452989
2010-10-25,1.39,0.6274,0.1418,0.000563,1.2549,1.8823,1.2426,1.8618,87.274992,65.395326,40.883474,64.734395,40.187532
2010-10-26,1.424,2.446,0.1418,0.000563,4.8921,7.3381,4.8798,7.3176,89.409779,68.594525,43.883559,67.893319,43.128314
2010-10-27,1.4,-1.6854,0.1418,0.000563,-3.3708,-5.0562,-3.3831,-5.0767,87.902869,66.282346,41.664723,65.596446,40.938828
2010-10-28,1.4127,0.9048,0.1418,0.000563,1.8096,2.7144,1.7973,2.6939,88.698206,67.481778,42.795658,66.775418,42.04167
2010-10-29,1.456,3.0675,0.1417,0.000562,6.1349,9.2024,6.1226,9.1819,91.418984,71.621725,46.733872,70.863838,45.901885
2010-11-01,1.4273,-1.9689,0.1416,0.000562,-3.9378,-5.9067,-3.95,-5.9271,89.619049,68.801425,43.973462,68.064688,43.181213
2010-11-02,1.4167,-0.7473,0.1416,0.000562,-1.4945,-2.2418,-1.5068,-2.2623,88.949353,67.773162,42.987662,67.039086,42.204327
2010-11-03,1.4513,2.447,0.1416,0.000562,4.894,7.341,4.8818,7.3206,91.125958,71.090002,46.143407,70.311775,45.293919
2010-11-04,1.66,14.3776,0.1416,0.000562,28.7552,43.1328,28.7429,43.1123,104.227688,91.53208,66.046356,90.521446,64.82118
2010-11-05,1.6293,-1.8474,0.1415,0.000562,-3.6948,-5.5422,-3.7071,-5.5627,102.302178,88.150141,62.385922,87.165743,61.215367
2010-11-08,1.6653,2.2095,0.1415,0.000561,4.419,6.6285,4.4067,6.608,104.562539,92.045485,66.521161,91.006893,65.260475
2010-11-09,1.642,-1.4011,0.1414,0.000561,-2.8022,-4.2033,-2.8145,-4.2238,103.097507,89.466176,63.725066,88.445524,62.504
2010-11-10,1.9573,19.2042,0.1414,0.000561,38.4084,57.6126,38.3961,57.5921,122.896562,123.828709,100.43874,122.40519,98.501381
2010-11-11,1.8693,-4.4959,0.1414,0.000561,-8.9918,-13.4877,-9.0041,-13.5082,117.371243,112.694253,86.891832,111.383718,85.195599
2010-11-12,1.9893,6.4194,0.1413,0.000561,12.8388,19.2582,12.8265,19.2377,124.905775,127.162847,103.625641,125.670392,101.585289
2010-11-15,2.0533,3.2172,0.1413,0.000561,6.4343,9.6515,6.4221,9.631,128.924192,135.34491,113.627046,133.74101,111.368959
2010-11-16,1.978,-3.6688,0.1412,0.00056,-7.3376,-11.0064,-7.3499,-11.0269,124.194202,125.4138,101.120746,123.911182,99.08838
2010-11-17,1.966,-0.6067,0.1412,0.00056,-1.2134,-1.82,-1.2256,-1.8405,123.440743,123.892085,99.280316,122.3925,97.26464
2010-11-18,1.9927,1.3564,0.1412,0.00056,2.7128,4.0692,2.7006,4.0487,125.115104,127.253052,103.320257,125.697772,101.202633
2010-11-19,2.066,3.6801,0.1412,0.00056,7.3603,11.0404,7.348,11.0199,129.719521,136.619244,114.727261,134.934073,112.355111
2010-11-22,2.2267,7.7767,0.1411,0.00056,15.5534,23.3301,15.5412,23.3097,139.807439,157.868224,141.4933,155.904399,138.544708
2010-11-23,2.3047,3.503,0.141,0.00056,7.006,10.509,6.9937,10.4885,144.704889,168.928461,156.362816,166.807928,153.075977
2010-11-24,2.3647,2.6034,0.141,0.00056,5.2068,7.8102,5.1946,7.7897,148.472152,177.724264,168.575114,175.472858,165.000209
2010-11-26,2.3547,-0.4229,0.141,0.000559,-0.8458,-1.2687,-0.858,-1.2892,147.844275,176.2211,166.436442,173.967213,162.873092
2010-11-29,2.2887,-2.8029,0.1409,0.000559,-5.6059,-8.4088,-5.6182,-8.4293,143.700283,166.342344,152.441083,164.19347,149.144008
2010-11-30,2.3553,2.9129,0.1408,0.000559,5.8258,8.7386,5.8135,8.7182,147.8861,176.033051,165.762362,173.738849,162.146618
2010-12-01,2.29,-2.7738,0.1408,0.000559,-5.5477,-8.3215,-5.5599,-8.342,143.783979,166.267307,151.968423,164.079071,148.620351
2010-12-02,2.1567,-5.8224,0.1408,0.000559,-11.6448,-17.4672,-11.6571,-17.4877,135.4123,146.90581,125.423792,144.952265,122.630094
2010-12-03,2.0993,-2.6585,0.1408,0.000559,-5.3169,-7.9754,-5.3292,-7.9958,131.81243,139.094971,115.4208,137.227516,112.824792
2010-12-06,2.0207,-3.7472,0.1407,0.000558,-7.4944,-11.2416,-7.5066,-11.262,126.873169,128.670668,102.445694,126.926337,100.11841
2010-12-07,2.104,4.124,0.1407,0.000558,8.2481,12.3721,8.2358,12.3516,132.105463,139.283515,115.120383,137.379743,112.484659
2010-12-08,2.158,2.5665,0.1406,0.000558,5.1331,7.6996,5.1208,7.6791,135.495996,146.433036,123.984198,144.414693,121.122495
2010-12-09,2.1367,-0.9886,0.1406,0.000558,-1.9771,-2.9657,-1.9894,-2.9861,134.156546,143.537898,120.307249,141.541749,117.505607
2010-12-10,2.1013,-1.6537,0.1406,0.000558,-3.3074,-4.9611,-3.3197,-4.9816,131.937996,138.79052,114.338678,136.843032,111.651963
2010-12-13,2.0367,-3.0774,0.1405,0.000558,-6.1547,-9.2321,-6.167,-9.2526,127.877775,130.248323,103.782804,128.403916,101.321263
2010-12-14,1.902,-6.6121,0.1405,0.000557,-13.2243,-19.8364,-13.2365,-19.8569,119.422326,113.023936,83.19603,111.407691,81.20202
2010-12-15,1.9733,3.7504,0.1404,0.000557,7.5008,11.2513,7.4886,11.2308,123.901168,121.501688,92.55664,119.750549,90.321648
2010-12-16,2.054,4.0879,0.1404,0.000557,8.1757,12.2636,8.1634,12.2431,128.966063,131.435302,103.907371,129.526309,101.379792
2010-12-17,2.0907,1.7852,0.1404,0.000557,3.5703,5.3555,3.558,5.335,131.268308,136.127954,109.472098,134.134919,106.788394
2010-12-20,2.1133,1.0842,0.1403,0.000557,2.1683,3.2525,2.156,3.232,132.691455,139.079617,113.032625,137.026919,110.239766
2010-12-21,2.1507,1.7666,0.1403,0.000557,3.5332,5.2998,3.5209,5.2793,135.035571,143.993555,119.0231,141.851528,116.05965
2010-12-22,2.1753,1.1469,0.1402,0.000557,2.2938,3.4407,2.2815,3.4202,136.584298,147.296489,123.118339,145.087932,120.029159
2010-12-23,2.006,-7.7842,0.1402,0.000556,-15.5685,-23.3527,-15.5807,-23.3732,125.952259,124.364687,94.366886,122.482176,91.974533
2010-12-27,1.7033,-15.0881,0.1401,0.000556,-30.1762,-45.2643,-30.1884,-45.2847,106.948473,86.836184,51.652414,85.506724,50.324108
2010-12-28,1.7607,3.366,0.1401,0.000556,6.732,10.098,6.7197,10.0775,110.548343,92.681971,56.868252,91.252527,55.39551
2010-12-29,1.8487,4.9981,0.1401,0.000556,9.9962,14.9943,9.984,14.9739,116.07367,101.946663,65.395265,100.36314,63.690352
2010-12-30,1.7667,-4.4356,0.14,0.000556,-8.8713,-13.3069,-8.8835,-13.3274,110.925073,92.902711,56.69319,91.447359,55.202106
2010-12-31,1.7753,0.4905,0.14,0.000556,0.9811,1.4716,0.9688,1.4511,111.469194,93.814143,57.527482,92.3333,56.003152
2011-01-03,1.7747,-0.0375,0.1393,0.000553,-0.075,-0.1125,-0.0873,-0.133,111.427376,93.743754,57.462737,92.252703,55.928659
2011-01-04,1.778,0.1878,0.139,0.000552,0.3756,0.5634,0.3634,0.543,111.636646,94.095871,57.786496,92.587911,56.232327
2011-01-05,1.7887,0.5999,0.1388,0.000551,1.1999,1.7998,1.1876,1.7794,112.306401,95.224912,58.826553,93.68751,57.232902
2011-01-06,1.8587,3.9135,0.1385,0.00055,7.8271,11.7406,7.8148,11.7201,116.701547,102.678226,65.73314,101.009009,63.940674
2011-01-07,1.8827,1.2912,0.1383,0.000549,2.5825,3.8737,2.5702,3.8533,118.208449,105.32988,68.279466,103.605176,66.40448
2011-01-10,1.8967,0.7436,0.1375,0.000546,1.4873,2.2309,1.475,2.2104,119.087482,106.896407,69.802704,105.133358,67.872305
2011-01-11,1.7973,-5.2373,0.1373,0.000545,-10.4746,-15.7119,-10.4868,-15.7323,112.850522,95.699451,58.835388,94.108195,57.194409
2011-01-12,1.7973,0.0,0.137,0.000544,0.0,0.0,-0.0123,-0.0205,112.850522,95.699451,58.835388,94.096667,57.182711
2011-01-13,1.748,-2.7448,0.1368,0.000543,-5.4896,-8.2344,-5.5018,-8.2548,109.753015,90.445958,53.990669,88.919633,52.462384
2011-01-14,1.7167,-1.7925,0.1365,0.000542,-3.585,-5.3775,-3.5973,-5.398,107.785687,87.203463,51.087314,85.720966,49.630485
2011-01-18,1.7093,-0.4272,0.1356,0.000538,-0.8545,-1.2817,-0.8667,-1.3021,107.325195,86.458345,50.432533,84.978019,48.984232
2011-01-19,1.602,-6.2792,0.1353,0.000537,-12.5585,-18.8377,-12.5707,-18.8581,100.585999,75.600508,40.932209,74.295685,39.746722
2011-01-20,1.508,-5.8677,0.1351,0.000536,-11.7353,-17.603,-11.7476,-17.6234,94.68395,66.72854,33.726915,65.567746,32.741987
2011-01-21,1.536,1.8568,0.1348,0.000535,3.7135,5.5703,3.7013,5.5499,96.442008,69.206523,35.605603,67.994596,34.55912
2011-01-24,1.6327,6.2934,0.1341,0.000532,12.5868,18.8803,12.5746,18.8598,102.511508,77.917437,42.328033,76.544646,41.076911
2011-01-25,1.6453,0.7758,0.1338,0.000531,1.5516,2.3274,1.5393,2.3069,103.306785,79.126392,43.313166,77.722934,42.024535
2011-01-26,1.65,0.2836,0.1336,0.00053,0.5673,0.8509,0.5551,0.8305,103.59981,79.57527,43.681735,78.15434,42.373554
2011-01-27,1.6613,0.6868,0.1333,0.000529,1.3737,2.0605,1.3615,2.0401,104.311383,80.668392,44.581816,79.21838,43.238026
2011-01-28,1.6007,-3.6516,0.1331,0.000528,-7.3033,-10.9549,-7.3155,-10.9754,100.502303,74.776947,39.697908,73.423141,38.4925
2011-01-31,1.6067,0.3748,0.1324,0.000525,0.7497,1.1245,0.7375,1.1041,100.879032,75.337545,40.144327,73.964608,38.917504
2011-02-01,1.594,-0.7884,0.1321,0.000524,-1.5768,-2.3652,-1.589,-2.3856,100.083696,74.149613,39.194826,72.789279,37.989076
2011-02-02,1.596,0.1255,0.1319,0.000523,0.2509,0.3764,0.2387,0.356,100.20927,74.335683,39.342358,72.963033,38.124315
2011-02-03,1.5753,-1.2949,0.1316,0.000522,-2.5898,-3.8848,-2.6021,-3.9052,98.911638,72.410504,37.813999,71.064482,36.635494
2011-02-04,1.564,-0.7194,0.1314,0.000521,-1.4388,-2.1582,-1.451,-2.1786,98.200065,71.368658,36.997894,70.033313,35.837347
2011-02-07,1.538,-1.6624,0.1306,0.000518,-3.3248,-4.9872,-3.337,-5.0076,96.567582,68.995785,35.152729,67.696276,34.042749
2011-02-08,1.6327,6.1552,0.1304,0.000517,12.3104,18.4656,12.2982,18.4452,102.511508,77.48944,41.64389,76.021682,40.322001
2011-02-09,1.5473,-5.2267,0.1301,0.000516,-10.4533,-15.68,-10.4655,-15.7004,97.153581,69.389222,35.114137,68.065601,33.991295
2011-02-10,1.548,0.0431,0.1299,0.000515,0.0862,0.1293,0.074,0.1089,97.195459,69.449042,35.159545,68.115961,34.028318
2011-02-11,1.55,0.1292,0.1296,0.000514,0.2584,0.3876,0.2462,0.3672,97.321032,69.628495,35.29582,68.283645,34.15327
2011-02-14,1.5387,-0.7312,0.1289,0.000512,-1.4623,-2.1935,-1.4745,-2.2139,96.609459,68.610302,34.521613,67.276776,33.397161
2011-02-15,1.5227,-1.0399,0.1287,0.000511,-2.0797,-3.1196,-2.0919,-3.14,95.604861,67.183406,33.444688,65.869394,32.348506
2011-02-16,1.6487,8.2749,0.1284,0.00051,16.5499,24.8248,16.5377,24.8045,103.516114,78.302192,41.747281,76.762666,40.372379
2011-02-17,1.5733,-4.5694,0.1282,0.000509,-9.1388,-13.7082,-9.151,-13.7285,98.786064,71.146334,36.024498,69.738125,34.829841
2011-02-18,1.5453,-1.7797,0.1279,0.000508,-3.5593,-5.339,-3.5715,-5.3594,97.028007,68.614006,34.101156,67.247402,32.963183
2011-02-22,1.458,-5.6514,0.1269,0.000504,-11.3028,-16.9542,-11.315,-16.9746,91.544558,60.858691,28.319569,59.63834,27.367815
2011-02-23,1.4553,-0.1829,0.1267,0.000503,-0.3658,-0.5488,-0.378,-0.5691,91.377106,60.636047,28.164164,59.41288,27.212058
2011-02-24,1.502,3.2066,0.1264,0.000502,6.4132,9.6199,6.401,9.5995,94.307221,64.524781,30.873516,63.215916,29.824276
2011-02-25,1.574,4.7936,0.1262,0.000501,9.5872,14.3808,9.575,14.3605,98.827942,70.710914,35.313385,69.268848,34.107181
2011-02-28,1.5927,1.186,0.1255,0.000498,2.3719,3.5579,2.3597,3.5375,100.0,72.388118,36.569791,70.903394,35.313727
2011-03-01,1.596,0.2093,0.1252,0.000497,0.4185,0.6278,0.4063,0.6075,100.20927,72.691091,36.799379,71.1915,35.52824
2011-03-02,1.6013,0.3342,0.125,0.000496,0.6683,1.0025,0.6561,0.9821,100.544121,73.176888,37.168277,71.658589,35.877163
2011-03-03,1.624,1.4155,0.1247,0.000495,2.831,4.2465,2.8188,4.2262,101.967327,75.248532,38.746632,73.678506,37.393388
2011-03-04,1.6633,2.422,0.1245,0.000494,4.844,7.266,4.8318,7.2456,104.436965,78.893555,41.56195,77.238488,40.102769
2011-03-07,1.6627,-0.04,0.1237,0.000491,-0.0801,-0.1201,-0.0923,-0.1405,104.395147,78.830374,41.512024,77.167212,40.046436
2011-03-08,1.644,-1.1227,0.1235,0.00049,-2.2454,-3.3681,-2.2576,-3.3885,103.223089,77.060296,40.113841,75.425068,38.689469
2011-03-09,1.648,0.2433,0.1232,0.000489,0.4866,0.7299,0.4744,0.7096,103.474237,77.435281,40.406639,75.782897,38.963999
2011-03-10,1.6007,-2.8721,0.123,0.000488,-5.7443,-8.6164,-5.7565,-8.6368,100.502303,72.987169,36.925023,71.420461,35.598762
2011-03-11,1.6047,0.2499,0.1227,0.000487,0.4998,0.7497,0.4876,0.7293,100.753451,73.351948,37.201842,71.768702,35.858398
2011-03-14,1.55,-3.4068,0.122,0.000484,-6.8135,-10.2203,-6.8257,-10.2406,97.321032,68.354112,33.39972,66.869992,32.186288
2011-03-15,1.53,-1.2903,0.1218,0.000483,-2.5806,-3.871,-2.5928,-3.8913,96.065278,66.590137,32.106829,65.136165,30.933825
2011-03-16,1.5213,-0.5665,0.1215,0.000482,-1.1329,-1.6994,-1.1451,-1.7197,95.521097,65.835711,31.561203,64.390272,30.401844
2011-03-17,1.5207,-0.0438,0.1213,0.000481,-0.0876,-0.1313,-0.0997,-0.1517,95.479279,65.778066,31.519751,64.326046,30.355735
2011-03-18,1.5307,0.6576,0.121,0.00048,1.3152,1.9728,1.303,1.9525,96.107156,66.643187,32.141578,65.16423,30.948428
2011-03-21,1.5153,-1.0018,0.1203,0.000477,-2.0036,-3.0053,-2.0157,-3.0257,95.144376,65.307953,31.175616,63.850688,30.012035
2011-03-22,1.4793,-2.3757,0.12,0.000476,-4.7514,-7.1271,-4.7636,-7.1475,92.884015,62.204889,28.953683,60.809087,27.866935
2011-03-23,1.4807,0.0902,0.1198,0.000475,0.1803,0.2705,0.1682,0.2502,92.967771,62.317073,29.032008,60.911346,27.936659
2011-03-24,1.4887,0.5403,0.1195,0.000474,1.0806,1.6209,1.0684,1.6006,93.470074,62.990469,29.502586,61.562132,28.383808
2011-03-25,1.5167,1.8809,0.1193,0.000473,3.7618,5.6426,3.7496,5.6223,95.228131,65.360015,31.167309,63.87045,29.979636
2011-03-28,1.55,2.1978,0.1185,0.00047,4.3956,6.5933,4.3834,6.573,97.321032,68.232949,33.222271,66.670132,31.950204
2011-03-29,1.5947,2.8817,0.1183,0.000469,5.7635,8.6452,5.7513,8.6249,100.125574,72.165545,36.094412,70.504537,34.705885
2011-03-30,1.5807,-0.8779,0.1181,0.000468,-1.7558,-2.6338,-1.768,-2.6541,99.246549,70.89843,35.143769,69.258003,33.784766
2011-03-31,1.85,17.0392,0.1178,0.000467,34.0784,51.1176,34.0662,51.0973,116.157366,95.059479,53.10842,92.85159,51.047869
2011-04-01,1.7773,-3.9279,0.1176,0.000467,-7.8559,-11.7838,-7.8681,-11.8041,111.594768,87.591709,46.85021,85.545967,45.022109
2011-04-04,1.722,-3.1133,0.1168,0.000464,-6.2265,-9.3398,-6.2387,-9.3601,108.120531,82.137792,42.474502,80.209017,40.808006
2011-04-05,1.78,3.3682,0.1166,0.000463,6.7363,10.1045,6.7242,10.0842,111.76222,87.67088,46.766348,85.602416,44.92318
2011-04-06,1.766,-0.7865,0.1163,0.000462,-1.573,-2.3595,-1.5852,-2.3798,110.883195,86.291794,45.662877,84.245451,43.854086
2011-04-07,1.816,2.8313,0.1161,0.000461,5.6625,8.4938,5.6503,8.4735,114.02258,91.178074,49.541374,89.005607,47.570051
2011-04-08,1.766,-2.7533,0.1158,0.00046,-5.5066,-8.2599,-5.5188,-8.2802,110.883195,86.15726,45.449304,84.093593,43.631161
2011-04-11,1.6847,-4.6055,0.1151,0.000457,-9.211,-13.8165,-9.2232,-13.8368,105.776475,78.221323,39.169808,76.337513,37.594021
2011-04-12,1.6433,-2.4535,0.1148,0.000456,-4.9071,-7.3606,-4.9192,-7.3809,103.181203,74.382935,36.286663,72.582281,34.819241
2011-04-13,1.662,1.1359,0.1146,0.000455,2.2718,3.4078,2.2597,3.3875,104.353261,76.0728,37.523228,74.22241,35.99874
2011-04-14,1.676,0.8424,0.1144,0.000454,1.6847,2.5271,1.6726,2.5068,105.232294,77.354417,38.471472,75.463828,36.901162
2011-04-15,1.7053,1.7502,0.1141,0.000453,3.5004,5.2505,3.4882,5.2303,107.074047,80.062098,40.491431,78.096155,38.83119
2011-04-18,1.6687,-2.1501,0.1134,0.00045,-4.3002,-6.4502,-4.3123,-6.4705,104.771869,76.619299,37.879636,74.728401,36.318616
2011-04-19,1.6773,0.5193,0.1131,0.000449,1.0387,1.558,1.0265,1.5378,105.31599,77.415126,38.469807,75.495505,36.877107
2011-04-20,1.7167,2.345,0.1129,0.000448,4.6901,7.0351,4.6779,7.0148,107.785687,81.045951,41.176199,79.027122,39.463979
2011-04-21,1.7827,3.8447,0.1126,0.000447,7.6893,11.534,7.6772,11.5137,111.929679,87.277831,45.925452,85.094164,44.00775
2011-04-25,1.7593,-1.3089,0.1116,0.000443,-2.6179,-3.9268,-2.63,-3.9471,110.464588,84.993004,44.122043,82.856164,42.270734
2011-04-26,1.7953,2.0462,0.1114,0.000442,4.0925,6.1387,4.0803,6.1184,112.724948,88.47131,46.830559,86.236955,44.857044
2011-04-27,1.8053,0.557,0.1112,0.000441,1.114,1.671,1.1019,1.6508,113.352825,89.456879,47.613097,87.187158,45.597522
2011-04-28,1.844,2.1418,0.1109,0.00044,4.2836,6.4255,4.2715,6.4052,115.780637,93.288887,50.672456,90.911349,48.51814
2011-04-29,1.84,-0.2169,0.1107,0.000439,-0.4338,-0.6508,-0.446,-0.671,115.529489,92.884169,50.342704,90.505904,48.192586
2011-05-02,1.83,-0.5435,0.1099,0.000436,-1.087,-1.6304,-1.0991,-1.6507,114.901612,91.874559,49.5219,89.511155,47.397085
2011-05-03,1.7913,-2.113,0.1097,0.000435,-4.2259,-6.3389,-4.2381,-6.3591,112.473793,87.992022,46.382773,85.717626,44.383056
2011-05-04,1.7793,-0.6699,0.1094,0.000434,-1.3398,-2.0097,-1.3519,-2.0299,111.720342,86.813122,45.450632,84.558791,43.482123
2011-05-05,1.7627,-0.9366,0.1092,0.000433,-1.8733,-2.8099,-1.8854,-2.8302,110.673917,85.186859,44.173498,82.964492,42.251505
2011-05-06,1.808,2.5718,0.1089,0.000432,5.1437,7.7155,5.1315,7.6953,113.520277,89.568603,47.581717,87.221855,45.502885
2011-05-09,1.8607,2.913,0.1082,0.000429,5.826,8.739,5.8139,8.7188,116.827121,94.786869,51.739882,92.292813,49.470178
2011-05-10,1.8887,1.5048,0.1079,0.000428,3.0097,4.5145,2.9975,4.4943,118.585179,97.639643,54.075684,95.059326,51.69351
2011-05-11,1.8047,-4.4476,0.1077,0.000427,-8.8952,-13.3427,-8.9073,-13.363,113.311007,88.954439,46.860504,86.592111,44.785726
2011-05-12,1.8447,2.2165,0.1075,0.000426,4.4329,6.6494,4.4208,6.6292,115.822515,92.897742,49.976456,90.420187,47.754662
2011-05-13,1.8367,-0.4337,0.1072,0.000425,-0.8674,-1.3011,-0.8795,-1.3213,115.320212,92.091978,49.326237,89.624943,47.123696
2011-05-16,1.7733,-3.4483,0.1065,0.000422,-6.8966,-10.3449,-6.9088,-10.3651,111.343612,85.740742,44.223471,83.432979,42.239257
2011-05-17,1.7307,-2.406,0.1062,0.000422,-4.812,-7.2179,-4.8241,-7.2381,108.664712,81.614939,41.031453,79.408106,39.181923
2011-05-18,1.7567,1.5023,0.106,0.000421,3.0046,4.5069,2.9925,4.4867,110.297196,84.067162,42.880715,81.784391,40.93991
2011-05-19,1.88,7.0209,0.1057,0.00042,14.0417,21.0626,14.0296,21.0423,118.040998,95.871623,51.912488,93.258395,49.554629
2011-05-20,1.8647,-0.8156,0.1055,0.000419,-1.6312,-2.4467,-1.6433,-2.4669,117.078277,94.3078,50.642322,91.725891,48.332143
2011-05-23,1.788,-4.1116,0.1047,0.000416,-8.2231,-12.3347,-8.2353,-12.3549,112.264523,86.552739,44.39574,84.172025,42.360753
2011-05-24,1.7813,-0.3729,0.1045,0.000415,-0.7458,-1.1186,-0.7579,-1.1388,111.845916,85.907271,43.899117,83.534109,41.87834
2011-05-25,1.932,8.4581,0.1042,0.000414,16.9162,25.3743,16.9041,25.3541,121.305964,100.439531,55.038222,97.654795,52.49623
2011-05-26,1.9653,1.7253,0.104,0.000413,3.4506,5.1759,3.4385,5.1557,123.398865,103.905313,57.886958,101.012652,55.202795
2011-05-27,1.97,0.2375,0.1038,0.000412,0.4749,0.7124,0.4628,0.6922,123.691898,104.398797,58.299347,101.480157,55.584918
2011-05-31,2.0093,1.9966,0.1028,0.000408,3.9932,5.9898,3.9811,5.9696,126.161521,108.567634,61.791348,105.520153,58.903112
2011-06-01,1.9013,-5.3749,0.1025,0.000407,-10.7498,-16.1247,-10.7619,-16.1449,119.380448,96.896799,51.827652,94.164136,49.393251
2011-06-02,1.9173,0.8415,0.1023,0.000406,1.683,2.5245,1.6709,2.5044,120.385054,98.527604,53.136067,95.737544,50.630242
2011-06-03,2.0087,4.7636,0.102,0.000405,9.5272,14.2908,9.5151,14.2706,126.119711,107.914517,60.729629,104.847048,57.855487
2011-06-06,1.9133,-4.7461,0.1013,0.000402,-9.4923,-14.2384,-9.5044,-14.2586,120.133906,97.670992,52.082708,94.881999,49.60613
2011-06-07,1.8913,-1.1498,0.101,0.000401,-2.2997,-3.4495,-2.3118,-3.4697,118.752571,95.424892,50.286121,92.688549,47.884967
2011-06-08,1.808,-4.406,0.1008,0.0004,-8.8121,-13.2181,-8.8242,-13.2383,113.520277,87.015961,43.639231,84.509526,41.545809
2011-06-09,1.8413,1.8436,0.1005,0.000399,3.6873,5.5309,3.6752,5.5108,115.613185,90.224488,46.052886,87.615403,43.835301
2011-06-10,1.8573,0.8689,0.1003,0.000398,1.7379,2.6068,1.7258,2.5866,116.617784,91.792465,47.253389,89.127433,44.969159
2011-06-13,1.8953,2.046,0.0996,0.000395,4.0919,6.1379,4.0798,6.1177,119.003726,95.548521,50.153731,92.763653,47.720235
2011-06-14,1.9067,0.598,0.0993,0.000394,1.196,1.794,1.1839,1.7738,119.715359,96.691267,51.053477,93.861867,48.566708
2011-06-15,1.8213,-4.4756,0.0991,0.000393,-8.9511,-13.4267,-8.9632,-13.4468,114.357431,88.036324,44.198697,85.44883,42.036031
2011-06-16,1.7667,-3.0014,0.0988,0.000392,-6.0029,-9.0043,-6.015,-9.0244,110.925073,82.751626,40.218918,80.309118,38.242514
2011-06-17,1.7667,0.0,0.0986,0.000391,0.0,0.0,-0.0121,-0.0201,110.925073,82.751626,40.218918,80.299402,38.23481
2011-06-20,1.734,-1.8491,0.0978,0.000388,-3.6982,-5.5472,-3.7102,-5.5674,108.873982,79.691343,37.987881,77.320094,36.106135
2011-06-21,1.8353,5.8439,0.0976,0.000387,11.6878,17.5317,11.6757,17.5115,115.236456,89.005489,44.647789,86.347743,42.42887
2011-06-22,1.814,-1.1623,0.0973,0.000386,-2.3247,-3.487,-2.3368,-3.5072,113.897006,86.936379,43.090899,84.329977,40.940811
2011-06-23,1.8473,1.8375,0.0971,0.000385,3.6751,5.5126,3.663,5.4925,115.989907,90.131358,45.466334,87.418971,43.189476
2011-06-24,1.838,-0.5052,0.0968,0.000384,-1.0104,-1.5156,-1.0225,-1.5358,115.403915,89.220654,44.777234,86.525104,42.526189
2011-06-27,1.8307,-0.399,0.0961,0.000381,-0.7979,-1.1969,-0.81,-1.217,114.94349,88.50873,44.241293,85.82423,42.008631
2011-06-28,1.874,2.3671,0.0959,0.00038,4.7341,7.1012,4.722,7.081,117.664268,92.698834,47.382943,89.876873,44.983281
2011-06-29,1.886,0.6403,0.0956,0.000379,1.2807,1.921,1.2686,1.9009,118.417727,93.886021,48.293188,91.017057,45.838375
2011-06-30,1.942,2.9692,0.0954,0.000378,5.9385,8.9077,5.9264,8.8876,121.933841,99.461436,52.595019,96.4111,49.912315
2011-07-01,1.9347,-0.3776,0.0951,0.000377,-0.7552,-1.1328,-0.7673,-1.1529,121.473416,98.710298,51.999219,95.671348,49.336862
2011-07-05,1.9427,0.4135,0.0941,0.000374,0.827,1.2405,0.8149,1.2204,121.975719,99.526649,52.644283,96.45101,49.938976
2011-07-06,1.9307,-0.6177,0.0939,0.000373,-1.2354,-1.8531,-1.2475,-1.8732,121.222268,98.297086,51.668723,95.247793,49.003505
2011-07-07,1.982,2.6588,0.0936,0.000372,5.3176,7.9765,5.3056,7.9564,124.445349,103.52417,55.790057,100.301223,52.902396
2011-07-08,1.9207,-3.0945,0.0934,0.000371,-6.189,-9.2835,-6.2011,-9.3036,120.594391,97.117064,50.610791,94.081471,47.980569
2011-07-11,1.89,-1.5967,0.0927,0.000368,-3.1934,-4.7901,-3.2055,-4.8102,118.668875,94.015751,48.186501,91.065736,45.672624
2011-07-12,1.878,-0.6349,0.0924,0.000367,-1.2698,-1.9048,-1.2819,-1.9249,117.915424,92.821903,47.268666,89.898355,44.793492
2011-07-13,1.9093,1.6684,0.0922,0.000366,3.3368,5.0053,3.3248,4.9852,119.882751,95.919226,49.634588,92.887271,47.026524
2011-07-14,1.8407,-3.5963,0.0919,0.000365,-7.1927,-10.789,-7.2047,-10.8091,115.571367,89.020075,44.279513,86.194986,41.943383
2011-07-15,1.8387,-0.1087,0.0917,0.000364,-0.2173,-0.326,-0.2294,-0.3461,115.445793,88.826626,44.135177,85.997272,41.798234
2011-07-18,1.8153,-1.2691,0.0909,0.000361,-2.5381,-3.8072,-2.5502,-3.8273,113.980702,86.572077,42.454854,83.804158,40.198488
2011-07-19,1.8593,2.4238,0.0907,0.00036,4.8476,7.2714,4.8355,7.2513,116.743366,90.768743,45.541916,87.856536,43.113407
2011-07-20,1.9127,2.8684,0.0904,0.000359,5.7369,8.6053,5.7248,8.5853,120.092088,95.976052,49.460954,92.886173,46.814805
2011-07-21,1.9133,0.0348,0.0902,0.000358,0.0696,0.1045,0.0576,0.0844,120.133906,96.042892,49.512623,92.939656,46.854309
2011-07-22,1.9527,2.0558,0.0899,0.000357,4.1116,6.1673,4.0995,6.1473,122.603596,99.991756,52.566237,96.749717,49.734567
2011-07-25,1.8993,-2.7313,0.0892,0.000354,-5.4627,-8.194,-5.4747,-8.2141,119.254874,94.529524,48.258947,91.452919,45.649322
2011-07-26,1.8667,-1.7199,0.089,0.000353,-3.4397,-5.1596,-3.4518,-5.1797,117.203851,91.277963,45.76898,88.296156,43.284839
2011-07-27,1.8427,-1.2857,0.0887,0.000352,-2.5714,-3.8571,-2.5835,-3.8772,115.696941,88.930811,44.003602,86.015032,41.606591
2011-07-28,1.878,1.9175,0.0885,0.000351,3.835,5.7525,3.8229,5.7324,117.915424,92.341298,46.534902,89.303328,43.991654
2011-07-29,1.878,0.0,0.0882,0.00035,0.0,0.0,-0.0121,-0.0201,117.915424,92.341298,46.534902,89.292561,43.982827
2011-08-01,1.918,2.1299,0.0875,0.000347,4.2598,6.3898,4.2478,6.3697,120.426932,96.274896,49.508375,93.085525,46.784406
2011-08-02,1.8227,-4.9704,0.0872,0.000346,-9.9409,-14.9113,-9.9529,-14.9314,114.441187,86.70433,42.126028,83.820791,39.798854
2011-08-03,1.8133,-0.5121,0.087,0.000345,-1.0242,-1.5363,-1.0363,-1.5564,113.855128,85.816295,41.478839,82.952188,39.179436
2011-08-04,1.65,-9.0073,0.0867,0.000344,-18.0147,-27.022,-18.0267,-27.0421,103.59981,70.356766,30.27042,67.998622,28.584505
2011-08-05,1.616,-2.0606,0.0865,0.000343,-4.1212,-6.1818,-4.1333,-6.2019,101.465031,67.457221,28.399162,65.188068,26.811736
2011-08-08,1.576,-2.4753,0.0858,0.00034,-4.9505,-7.4258,-4.9626,-7.4458,98.953516,64.117748,26.290309,61.953076,24.815387
2011-08-09,1.6707,6.0068,0.0855,0.000339,12.0136,18.0204,12.0015,18.0003,104.89745,71.82059,31.027923,69.388401,29.28224
2011-08-10,1.588,-4.9481,0.0853,0.000338,-9.8963,-14.8444,-9.9083,-14.8645,99.706974,64.713019,26.422005,62.513169,24.92959
2011-08-11,1.6867,6.2133,0.085,0.000337,12.4266,18.6398,12.4145,18.6198,105.902049,72.754623,31.347026,70.273878,29.571431
2011-08-12,1.754,3.9921,0.0848,0.000336,7.9841,11.9762,7.9721,11.9562,110.129736,78.563459,35.101215,75.876185,33.107045
2011-08-15,1.7487,-0.304,0.084,0.000333,-0.6081,-0.9121,-0.6201,-0.9322,109.794892,78.085722,34.781044,75.405654,32.798433
2011-08-16,1.74,-0.4956,0.0838,0.000332,-0.9913,-1.4869,-1.0033,-1.5069,109.250711,77.311683,34.263884,74.649104,32.304182
2011-08-17,1.722,-1.0345,0.0835,0.000331,-2.069,-3.1034,-2.081,-3.1235,108.120531,75.712131,33.200522,73.095653,31.295168
2011-08-18,1.6173,-6.0782,0.0833,0.000331,-12.1564,-18.2347,-12.1685,-18.2547,101.548727,66.508231,27.14652,64.201025,25.582334
2011-08-19,1.4867,-8.0791,0.083,0.00033,-16.1582,-24.2373,-16.1702,-24.2573,93.3445,55.761693,20.566933,53.819563,19.376741
2011-08-22,1.4633,-1.5696,0.0823,0.000327,-3.1391,-4.7087,-3.1511,-4.7287,91.879409,54.011274,19.598506,52.123634,18.460478
2011-08-23,1.5307,4.6014,0.0821,0.000326,9.2028,13.8042,9.1908,13.7842,96.107156,58.981833,22.303929,56.914205,21.005109
2011-08-24,1.5913,3.9634,0.0818,0.000325,7.9268,11.8901,7.9147,11.8701,99.916244,63.657177,24.955894,61.418806,23.498439
2011-08-25,1.5407,-3.1839,0.0816,0.000324,-6.3677,-9.5516,-6.3798,-9.5716,96.735041,59.603653,22.572204,57.500427,21.249257
2011-08-26,1.582,2.6828,0.0813,0.000323,5.3656,8.0484,5.3536,8.0284,99.330245,62.801743,24.388903,60.578749,22.955228
2011-08-29,1.6473,4.1298,0.0806,0.00032,8.2595,12.3893,8.2475,12.3693,103.432359,67.988882,27.410522,65.574994,25.794632
2011-08-30,1.642,-0.3237,0.0803,0.000319,-0.6475,-0.9712,-0.6595,-0.9912,103.097507,67.548668,27.144306,65.142524,25.53895
2011-08-31,1.6493,0.4466,0.0801,0.000318,0.8932,1.3398,0.8812,1.3198,103.557933,68.152002,27.507979,65.716534,25.876007
2011-09-01,1.6,-2.9911,0.0798,0.000317,-5.9822,-8.9733,-5.9942,-8.9933,100.460425,64.075031,25.039617,61.777356,23.548911
2011-09-02,1.538,-3.875,0.0796,0.000316,-7.75,-11.625,-7.762,-11.645,96.567582,59.109213,22.12876,56.982181,20.80664
2011-09-06,1.5293,-0.5635,0.0786,0.000312,-1.127,-1.6906,-1.1391,-1.7106,96.0234,58.443025,21.754657,56.333117,20.45073
2011-09-07,1.5893,3.9233,0.0784,0.000311,7.8466,11.7698,7.8345,11.7499,99.79067,63.028795,24.315148,60.746562,22.853662
2011-09-08,1.574,-0.9647,0.0781,0.00031,-1.9295,-2.8942,-1.9415,-2.9142,98.827942,61.812657,23.611408,59.567161,22.187654
2011-09-09,1.5313,-2.7107,0.0779,0.000309,-5.4215,-8.1322,-5.4335,-8.1522,96.148974,58.461498,21.691277,56.330583,20.378872
2011-09-12,1.5253,-0.3918,0.0771,0.000306,-0.7836,-1.1754,-0.7956,-1.1954,95.772253,58.003381,21.436311,55.882398,20.135261
2011-09-13,1.6053,5.2448,0.0769,0.000305,10.4895,15.7343,10.4775,15.7143,100.795269,64.087647,24.809155,61.737471,23.299373
2011-09-14,1.6227,1.0798,0.0766,0.000304,2.1596,3.2393,2.1475,3.2194,101.883631,65.471652,25.612804,63.063308,24.049461
2011-09-15,1.6547,1.9721,0.0764,0.000303,3.9441,5.9162,3.9321,5.8962,103.892844,68.053941,27.128108,65.543035,25.467472
2011-09-16,1.72,3.9484,0.0761,0.000302,7.8968,11.8452,7.8848,11.8253,107.994957,73.428036,30.341494,70.710977,28.479066
2011-09-19,1.718,-0.1163,0.0754,0.000299,-0.2326,-0.3488,-0.2446,-0.3688,107.869383,73.257275,30.235653,70.538046,28.374036
2011-09-20,1.734,0.9313,0.0752,0.000298,1.8626,2.7939,1.8506,2.774,108.873982,74.62178,31.080416,71.843434,29.161123
2011-09-21,1.7233,-0.6152,0.0749,0.000297,-1.2303,-1.8455,-1.2423,-1.8655,108.204227,73.703685,30.506828,70.950899,28.617135
2011-09-22,1.7087,-0.851,0.0747,0.000296,-1.702,-2.5531,-1.714,-2.573,107.283384,72.449215,29.727968,69.734766,27.880809
2011-09-23,1.7587,2.9263,0.0744,0.000295,5.8525,8.7788,5.8405,8.7588,110.422769,76.689312,32.337716,73.80763,30.322836
2011-09-26,1.7013,-3.2601,0.0737,0.000292,-6.5202,-9.7802,-6.5322,-9.8002,106.822899,71.689047,29.17501,68.986399,27.35114
2011-09-27,1.746,2.6254,0.0734,0.000291,5.2508,7.8762,5.2388,7.8563,109.627441,75.453313,31.472903,72.600477,29.499925
2011-09-28,1.6393,-6.1092,0.0732,0.00029,-12.2184,-18.3277,-12.2304,-18.3476,102.930055,66.23409,25.704653,63.721117,24.087392
2011-09-29,1.608,-1.9113,0.0729,0.000289,-3.8226,-5.734,-3.8346,-5.7539,100.962728,63.702193,24.230755,61.277639,22.701424
2011-09-30,1.626,1.1194,0.0727,0.000288,2.2388,3.3582,2.2268,3.3383,102.092909,65.128362,25.044475,62.642176,23.459258
2011-10-03,1.582,-2.706,0.0719,0.000285,-5.4121,-8.1181,-5.424,-8.138,99.330245,61.603578,23.011343,59.244434,21.550138
2011-10-04,1.5773,-0.295,0.0717,0.000285,-0.59,-0.885,-0.602,-0.905,99.037212,61.240106,22.807686,58.887777,21.355118
2011-10-05,1.6913,7.2274,0.0715,0.000284,14.4548,21.6822,14.4428,21.6623,106.195022,70.092234,27.752891,67.392821,25.981118
2011-10-06,1.7973,6.2672,0.0712,0.000283,12.5345,18.8017,12.5225,18.7818,112.850522,78.877935,32.970914,75.832084,30.860838
2011-10-07,1.7993,0.1113,0.071,0.000282,0.2225,0.3338,0.2106,0.3139,112.976096,79.053477,33.080978,75.991757,30.957709
2011-10-10,1.8587,3.2976,0.0702,0.000279,6.5951,9.8927,6.5831,9.8728,116.701547,84.267145,36.353571,80.994393,34.014086
2011-10-11,1.8407,-0.9684,0.07,0.000278,-1.9369,-2.9053,-1.9489,-2.9252,115.571367,82.634998,35.297388,79.415929,33.019096
2011-10-12,1.8533,0.6881,0.0697,0.000277,1.3762,2.0644,1.3643,2.0444,116.366636,83.772252,36.026052,80.499365,33.694152
2011-10-13,1.8627,0.5036,0.0695,0.000276,1.0073,1.5109,0.9953,1.491,116.952695,84.616059,36.570368,81.30056,34.196524
2011-10-14,1.87,0.3937,0.0692,0.000275,0.7874,1.1811,0.7754,1.1611,117.413121,85.282301,37.002284,81.930955,34.593594
2011-10-17,1.828,-2.246,0.0685,0.000272,-4.492,-6.738,-4.504,-6.7579,114.776031,81.451433,34.509079,78.240816,32.255799
2011-10-18,1.8893,3.3552,0.0682,0.000271,6.7104,10.0656,6.6984,10.0457,118.626997,86.91715,37.982625,83.481717,35.496117
2011-10-19,1.838,-2.717,0.068,0.00027,-5.434,-8.151,-5.446,-8.1709,115.403915,82.194093,34.886675,78.935343,32.595776
2011-10-20,1.8227,-0.8342,0.0678,0.000269,-1.6685,-2.5027,-1.6804,-2.5226,114.441187,80.822726,34.013575,77.608893,31.773522
2011-10-21,1.8687,2.5238,0.0675,0.000268,5.0475,7.5713,5.0356,7.5514,117.329425,84.902293,36.588852,81.516947,34.172875
2011-10-24,1.9033,1.8551,0.0668,0.000265,3.7102,5.5653,3.6983,5.5455,119.506022,88.052365,38.625149,84.531656,36.067916
2011-10-25,1.8833,-1.0508,0.0665,0.000264,-2.1016,-3.1524,-2.1135,-3.1723,118.250267,86.201879,37.407545,82.745042,34.92375
2011-10-26,1.8653,-0.9558,0.0663,0.000263,-1.9115,-2.8673,-1.9235,-2.8871,117.120087,84.554125,36.334974,81.153462,33.915449
2011-10-27,1.9173,2.7877,0.066,0.000262,5.5754,8.3631,5.5634,8.3432,120.385054,89.26837,39.373714,85.668393,36.745095
2011-10-28,1.9913,3.8595,0.0658,0.000261,7.7191,11.5786,7.7071,11.5587,125.031349,96.159045,43.932632,92.270932,40.992349
2011-10-31,1.958,-1.6739,0.065,0.000258,-3.3478,-5.0217,-3.3598,-5.0416,122.93844,92.939819,41.726458,89.170833,38.925678
2011-11-01,1.9253,-1.6684,0.0648,0.000257,-3.3368,-5.0051,-3.3487,-5.025,120.887357,89.838637,39.637987,86.184744,36.969653
2011-11-02,1.914,-0.5886,0.0645,0.000256,-1.1772,-1.7659,-1.1892,-1.7858,120.175784,88.781011,38.93803,85.159825,36.309466
2011-11-03,2.164,13.0617,0.0643,0.000255,26.1233,39.185,26.1113,39.1651,135.872725,111.973543,54.195879,107.396196,50.530097
2011-11-04,2.154,-0.4621,0.0641,0.000254,-0.9242,-1.3863,-0.9362,-1.4062,135.244848,110.938668,53.44455,106.390781,49.819546
2011-11-07,2.0847,-3.2188,0.0633,0.000251,-6.4376,-9.6564,-6.4496,-9.6763,130.891579,103.796868,48.283722,99.529034,44.998865
2011-11-08,2.1227,1.8228,0.0631,0.00025,3.6457,5.4685,3.6337,5.4486,133.277521,107.580966,50.924124,103.14564,47.450695
2011-11-09,2.0587,-3.0151,0.0628,0.000249,-6.0302,-9.0452,-6.0421,-9.0651,129.259096,101.093659,46.317913,96.913459,43.149239
2011-11-10,2.0887,1.4573,0.0626,0.000248,2.9145,4.3718,2.9025,4.3519,131.142727,104.040039,48.34282,99.726421,45.027049
2011-11-11,2.2427,7.3731,0.0623,0.000247,14.7463,22.1194,14.7343,22.0995,140.812046,119.382045,59.035951,114.420409,54.977809
2011-11-14,2.2147,-1.2485,0.0616,0.000244,-2.497,-3.7455,-2.509,-3.7654,139.053996,116.401056,56.824745,111.549639,52.907687
2011-11-15,2.262,2.1373,0.0613,0.000243,4.2745,6.4118,4.2626,6.3919,142.025929,121.376623,60.468208,116.304502,56.289495
2011-11-16,2.3293,2.9767,0.0611,0.000242,5.9534,8.9301,5.9415,8.9103,146.253617,128.602661,65.868082,123.21468,61.305031
2011-11-17,2.2453,-3.6062,0.0608,0.000241,-7.2124,-10.8186,-7.2243,-10.8384,140.979438,119.327356,58.742103,114.313254,54.660541
2011-11-18,2.1733,-3.2067,0.0606,0.00024,-6.4133,-9.62,-6.4253,-9.6398,136.458717,111.674528,53.091137,106.96834,49.391372
2011-11-21,2.1173,-2.5767,0.0599,0.000238,-5.1534,-7.7301,-5.1653,-7.7499,132.942602,105.919522,48.987159,101.443084,45.563589
2011-11-22,2.138,0.9761,0.0596,0.000237,1.9522,2.9283,1.9402,2.9084,134.240242,107.987261,50.421636,103.41132,46.888775
2011-11-23,2.0967,-1.9333,0.0594,0.000236,-3.8665,-5.7998,-3.8784,-5.8196,131.645038,103.811926,47.497302,99.400565,44.160037
2011-11-25,2.1107,0.6677,0.0589,0.000234,1.3354,2.0032,1.3235,1.9833,132.524063,105.19828,48.448754,100.716139,45.03588
2011-11-28,2.1707,2.8427,0.0581,0.000231,5.6854,8.5281,5.6735,8.5083,136.291325,111.179224,52.580513,106.430233,48.867657
2011-11-29,2.1167,-2.4877,0.0579,0.00023,-4.9754,-7.4631,-4.9874,-7.483,132.900792,105.64759,48.65636,101.122178,45.210912
2011-11-30,2.1827,3.1181,0.0576,0.000229,6.2362,9.3543,6.2243,9.3345,137.044783,112.236004,53.207836,107.416308,49.431127
2011-12-01,2.1733,-0.4276,0.0574,0.000228,-0.8553,-1.2829,-0.8672,-1.3028,136.458717,111.276059,52.525212,106.484766,48.787159
2011-12-02,2.22,2.1473,0.0572,0.000227,4.2945,6.4418,4.2826,6.422,139.38884,116.05483,55.90877,111.045068,51.92025
2011-12-05,2.2947,3.3634,0.0564,0.000224,6.7268,10.0901,6.7148,10.0703,144.077012,123.861554,61.550039,118.501549,57.148785
2011-12-06,2.3247,1.3074,0.0562,0.000223,2.6148,3.9221,2.6028,3.9023,145.960643,127.100231,63.964114,121.585939,59.378915
2011-12-07,2.2793,-1.9501,0.0559,0.000222,-3.9002,-5.8504,-3.9122,-5.8702,143.114232,122.14301,60.221977,116.829285,55.893268
2011-12-08,2.0593,-9.6519,0.0557,0.000221,-19.3039,-28.9558,-19.3158,-28.9756,129.300921,98.564652,42.784197,94.262749,39.697831
2011-12-09,2.0693,0.4856,0.0554,0.00022,0.9712,1.4568,0.9593,1.437,129.928799,99.5219,43.407469,95.166975,40.268279
2011-12-12,2.0273,-2.0296,0.0547,0.000217,-4.0593,-6.0889,-4.0712,-6.1087,127.291709,95.482023,40.76442,91.29253,37.808401
2011-12-13,1.9633,-3.1569,0.0544,0.000216,-6.3137,-9.4706,-6.3256,-9.4904,123.273291,89.453561,36.903796,85.517696,34.220244
2011-12-14,1.902,-3.1239,0.0542,0.000215,-6.2479,-9.3718,-6.2598,-9.3916,119.422326,83.864635,33.445255,80.164483,31.006425
2011-12-15,1.908,0.3155,0.0539,0.000214,0.6309,0.9464,0.619,0.9266,119.799055,84.393754,33.761774,80.6607,31.293726
2011-12-16,1.8667,-2.1663,0.0537,0.000213,-4.3326,-6.4989,-4.3445,-6.5187,117.203851,80.737314,31.567632,77.156384,29.253787
2011-12-19,1.85,-0.8929,0.053,0.00021,-1.7858,-2.6786,-1.7977,-2.6984,116.157366,79.295547,30.722054,75.769369,28.4644
2011-12-20,1.86,0.5405,0.0527,0.000209,1.0811,1.6216,1.0692,1.6018,116.785243,80.152795,31.220249,76.579468,28.920353
2011-12-21,1.838,-1.1828,0.0525,0.000208,-2.3656,-3.5484,-2.3775,-3.5682,115.403915,78.256711,30.112436,74.75879,27.888428
2011-12-22,1.8513,0.7254,0.0522,0.000207,1.4508,2.1762,1.4389,2.1564,116.241062,79.392069,30.767748,75.834493,28.489825
2011-12-23,1.86,0.4681,0.052,0.000206,0.9363,1.4044,0.9244,1.3847,116.785243,80.135415,31.199864,76.535496,28.884314
2011-12-27,1.9047,2.4015,0.051,0.000202,4.8029,7.2044,4.791,7.1846,119.589785,83.984242,33.447613,80.202308,30.959533
2011-12-28,1.9007,-0.21,0.0507,0.000201,-0.42,-0.63,-0.4319,-0.6498,119.33863,83.631484,33.236879,79.855886,30.758355
2011-12-29,1.9153,0.7716,0.0505,0.0002,1.5433,2.3149,1.5313,2.2951,120.25948,84.922133,34.006275,81.078758,31.464295
2011-12-30,1.904,-0.5917,0.0502,0.000199,-1.1834,-1.7751,-1.1953,-1.7949,119.547907,83.917167,33.402631,80.109622,30.899556
2012-01-03,1.872,-1.6807,0.0503,0.0002,-3.3614,-5.042,-3.3733,-5.0618,117.538694,81.096416,31.718462,77.407319,29.335485
2012-01-04,1.8473,-1.3177,0.0504,0.0002,-2.6354,-3.953,-2.6473,-3.9728,115.989907,78.959229,30.464615,75.358136,28.170041
2012-01-05,1.808,-2.1292,0.0505,0.000201,-4.2584,-6.3875,-4.2703,-6.4073,113.520277,75.596866,28.518679,72.140147,26.365102
2012-01-06,1.794,-0.7743,0.0507,0.000201,-1.5487,-2.323,-1.5606,-2.3428,112.641252,74.426123,27.85619,71.014347,25.74743
2012-01-09,1.8167,1.2635,0.051,0.000202,2.527,3.7905,2.5151,3.7707,114.064458,76.30685,28.912067,72.800403,26.718285
2012-01-10,1.8413,1.3578,0.0511,0.000203,2.7155,4.0733,2.7036,4.0535,115.613185,78.378985,30.089741,74.76865,27.801317
2012-01-11,1.882,2.2086,0.0512,0.000203,4.4171,6.6257,4.4052,6.6059,118.166571,81.841079,32.08339,78.062365,29.637846
2012-01-12,1.8833,0.0708,0.0513,0.000204,0.1417,0.2125,0.1297,0.1927,118.250267,81.957013,32.151563,78.16365,29.694963
2012-01-13,1.5193,-19.3274,0.0514,0.000204,-38.6549,-57.9823,-38.6668,-58.0021,95.395523,50.276635,13.509345,47.940282,12.471267
2012-01-17,1.7733,16.7179,0.0519,0.000206,33.4357,50.1536,33.4238,50.1338,111.343612,67.086989,20.284765,63.963749,18.723587
2012-01-18,1.7873,0.7895,0.052,0.000206,1.579,2.3684,1.567,2.3487,112.222645,68.146262,20.765196,64.966088,19.163339
2012-01-19,1.784,-0.1865,0.0521,0.000207,-0.373,-0.5594,-0.3849,-0.5792,112.013375,67.892107,20.649029,64.716054,19.052343
2012-01-20,1.7733,-0.5979,0.0522,0.000207,-1.1959,-1.7938,-1.2078,-1.8136,111.343612,67.080212,20.278628,63.93443,18.706815
2012-01-23,1.7847,0.6391,0.0525,0.000208,1.2783,1.9174,1.2664,1.8976,112.055253,67.937683,20.667454,64.744072,19.061802
2012-01-24,1.828,2.4281,0.0526,0.000209,4.8561,7.2842,4.8442,7.2644,114.776031,71.23683,22.172914,67.880418,20.446532
2012-01-25,1.8647,2.0059,0.0527,0.000209,4.0117,6.0176,3.9998,5.9978,117.078277,74.094651,23.507186,70.595501,21.672873
2012-01-26,1.9293,3.468,0.0528,0.00021,6.9359,10.4039,6.924,10.3841,121.138505,79.233797,25.952846,75.483537,23.923405
2012-01-27,1.9553,1.3476,0.053,0.00021,2.6952,4.0429,2.6833,4.0231,122.770988,81.369334,27.002081,77.509,24.885859
2012-01-30,1.9713,0.8183,0.0533,0.000211,1.6366,2.4548,1.6246,2.435,123.775594,82.700986,27.664936,78.768239,25.491841
2012-01-31,1.938,-1.6909,0.0534,0.000212,-3.3818,-5.0727,-3.3937,-5.0925,121.682686,79.904222,26.261586,76.095083,24.193679
2012-02-01,1.972,1.7544,0.0535,0.000212,3.5088,5.2632,3.4969,5.2434,123.817472,82.707882,27.643776,78.75602,25.462245
2012-02-02,2.0167,2.2651,0.0536,0.000213,4.5301,6.7952,4.5182,6.7754,126.622006,86.45464,29.522216,82.314367,27.187407
2012-02-03,2.0767,2.9752,0.0537,0.000213,5.9504,8.9256,5.9385,8.9059,130.389284,91.599064,32.157265,87.202615,29.608678
2012-02-06,2.12,2.0867,0.054,0.000214,4.1733,6.26,4.1614,6.2402,133.110054,95.421771,34.170295,90.83145,31.456307
2012-02-07,2.1067,-0.6289,0.0542,0.000215,-1.2578,-1.8867,-1.2697,-1.9065,132.272915,94.221541,33.525596,89.67813,30.856587
2012-02-08,2.1287,1.0443,0.0543,0.000215,2.0886,3.1329,2.0767,3.1131,133.65425,96.189466,34.575927,91.540469,31.817192
2012-02-09,2.172,2.0357,0.0544,0.000216,4.0714,6.107,4.0594,6.0872,136.375021,100.105682,36.687491,95.256494,33.75398
2012-02-10,2.0733,-4.5427,0.0545,0.000216,-9.0854,-13.628,-9.0973,-13.6478,130.179946,91.01073,31.68771,86.590751,29.147296
2012-02-13,2.0993,1.254,0.0548,0.000217,2.508,3.7621,2.4961,3.7423,131.81243,93.293316,32.879821,88.752157,30.238064
2012-02-14,2.2113,5.335,0.0549,0.000218,10.6701,16.0051,10.6581,15.9853,138.844659,103.247764,38.142263,98.211478,35.071704
2012-02-15,2.24,1.2964,0.055,0.000218,2.5927,3.8891,2.5808,3.8693,140.644594,105.924702,39.625653,100.746127,36.428732
2012-02-16,2.2787,1.7262,0.0551,0.000219,3.4524,5.1786,3.4405,5.1588,143.072406,109.581654,41.677712,104.21228,38.308021
2012-02-17,2.3313,2.3113,0.0552,0.000219,4.6225,6.9338,4.6106,6.914,146.379183,114.647091,44.567555,109.017088,40.95663
2012-02-21,2.3,-1.344,0.0557,0.000221,-2.688,-4.032,-2.6999,-4.0518,144.411856,111.565391,42.770599,106.073719,39.297154
2012-02-22,2.2813,-0.8116,0.0558,0.000221,-1.6232,-2.4348,-1.6351,-2.4546,143.239798,109.754444,41.72921,104.339262,38.332553
2012-02-23,2.302,0.9059,0.0559,0.000222,1.8118,2.7178,1.7999,2.698,144.537437,111.743021,42.863311,106.217279,39.366748
2012-02-24,2.25,-2.2589,0.056,0.000222,-4.5178,-6.7767,-4.5297,-6.7965,141.272471,106.694679,39.958584,101.405909,36.691175
2012-02-27,2.2413,-0.3852,0.0563,0.000224,-0.7704,-1.1556,-0.7823,-1.1754,140.72829,105.872704,39.496823,100.612581,36.259903
2012-02-28,2.254,0.5652,0.0564,0.000224,1.1303,1.6955,1.1184,1.6756,141.523619,107.069388,40.166474,101.737805,36.867489
2012-02-29,2.2273,-1.1831,0.0566,0.000224,-2.3662,-3.5493,-2.3781,-3.5691,139.849265,104.53593,38.740856,99.318365,35.551656
2012-03-01,2.294,2.9931,0.0567,0.000225,5.9862,8.9794,5.9743,8.9596,144.035127,110.79371,42.219542,105.251959,38.736927
2012-03-02,2.2693,-1.0753,0.0568,0.000225,-2.1506,-3.2259,-2.1625,-3.2457,142.48634,108.411015,40.857601,102.975885,37.479655
2012-03-05,2.2513,-0.7932,0.0571,0.000227,-1.5864,-2.3795,-1.5983,-2.3994,141.356167,106.691227,39.885379,101.330029,36.580384
2012-03-06,2.2073,-1.9544,0.0572,0.000227,-3.9088,-5.8632,-3.9207,-5.883,138.593511,102.520894,37.546827,97.357161,34.42836
2012-03-07,2.208,0.0302,0.0573,0.000227,0.0604,0.0906,0.0485,0.0708,138.635381,102.582839,37.580856,97.404368,34.452739
2012-03-08,2.2047,-0.1509,0.0574,0.000228,-0.3019,-0.4528,-0.3138,-0.4727,138.426119,102.273152,37.410678,97.098691,34.289897
2012-03-09,2.316,5.0499,0.0575,0.000228,10.0997,15.1496,10.0878,15.1298,145.416462,112.602482,43.078253,106.893824,39.477889
2012-03-12,2.4007,3.6557,0.0579,0.00023,7.3115,10.9672,7.2995,10.9474,150.732512,120.835392,47.802742,114.696588,43.799691
2012-03-13,2.406,0.2221,0.058,0.00023,0.4443,0.6664,0.4324,0.6466,151.067356,121.37225,48.121315,115.192482,44.082904
2012-03-14,2.3527,-2.2167,0.0581,0.000231,-4.4333,-6.65,-4.4453,-6.6698,147.718708,115.991433,44.921259,110.071883,41.142661
2012-03-15,2.3333,-0.8218,0.0582,0.000231,-1.6436,-2.4654,-1.6555,-2.4852,146.504765,114.085012,43.813778,108.249615,40.12018
2012-03-16,2.3547,0.9143,0.0583,0.000231,1.8286,2.7429,1.8167,2.7231,147.844275,116.171197,45.015562,110.21617,41.212695
2012-03-19,2.332,-0.9626,0.0586,0.000233,-1.9253,-2.8879,-1.9372,-2.9077,146.421069,113.934579,43.71555,108.081044,40.014335
2012-03-20,2.3307,-0.0572,0.0587,0.000233,-0.1143,-0.1715,-0.1263,-0.1913,146.337373,113.804327,43.640585,107.944579,39.937782
2012-03-21,2.3433,0.5434,0.0589,0.000234,1.0869,1.6303,1.075,1.6105,147.132642,115.041264,44.352078,109.104938,40.580986
2012-03-22,2.2933,-2.1337,0.059,0.000234,-4.2674,-6.4011,-4.2794,-6.421,143.993256,110.131968,41.513043,104.435943,37.975294
2012-03-23,2.272,-0.9302,0.0591,0.000234,-1.8604,-2.7907,-1.8724,-2.8105,142.653806,108.083035,40.354559,102.48051,36.908004
2012-03-26,2.4933,9.7418,0.0594,0.000236,19.4835,29.2253,19.4716,29.2055,156.550812,129.141437,52.148304,122.435104,47.687162
2012-03-27,2.5293,1.4439,0.0595,0.000236,2.8877,4.3316,2.8758,4.3117,158.811173,132.870656,54.407135,125.956043,49.743296
2012-03-28,2.5233,-0.2372,0.0596,0.000237,-0.4744,-0.7117,-0.4864,-0.7315,158.434444,132.240269,54.019944,125.343418,49.379428
2012-03-29,2.4887,-1.3738,0.0597,0.000237,-2.7476,-4.1215,-2.7596,-4.1413,156.257839,128.606782,51.793533,121.884461,47.334477
2012-03-30,2.4827,-0.2411,0.0598,0.000237,-0.4822,-0.7233,-0.4941,-0.7431,155.88111,127.986654,51.418919,121.28219,46.982724
2012-04-02,2.4387,-1.7723,0.0602,0.000239,-3.5446,-5.3169,-3.5565,-5.3367,153.118454,123.45008,48.685051,116.968773,44.475399
2012-04-03,2.534,3.9092,0.0603,0.000239,7.8184,11.7277,7.8065,11.7078,159.104191,133.10195,54.394668,126.099934,49.682497
2012-04-04,2.3333,-7.919,0.0604,0.00024,-15.838,-23.7569,-15.8499,-23.7768,146.504765,112.021321,41.472162,106.113217,37.8696
2012-04-05,2.2987,-1.4857,0.0605,0.00024,-2.9714,-4.4571,-2.9833,-4.4769,144.32816,108.692745,39.623721,102.947517,36.174211
2012-04-09,2.21,-3.8573,0.0609,0.000242,-7.7146,-11.572,-7.7266,-11.5918,138.760963,100.307493,35.038481,94.993188,31.980967
2012-04-10,2.164,-2.0814,0.061,0.000242,-4.1629,-6.2443,-4.1748,-6.2642,135.872725,96.131797,32.850557,91.02737,29.977617
2012-04-11,2.206,1.9409,0.0611,0.000243,3.8817,5.8226,3.8698,5.8027,138.509815,99.86335,34.7633,94.549908,31.717131
2012-04-12,2.2293,1.0577,0.0613,0.000243,2.1154,3.1731,2.1034,3.1532,139.974831,101.975857,35.866373,96.538716,32.71725
2012-04-13,2.2393,0.4486,0.0614,0.000244,0.8971,1.3457,0.8852,1.3258,140.602708,102.890711,36.349024,97.393256,33.151028
2012-04-16,2.15,-3.9893,0.0617,0.000245,-7.9785,-11.9678,-7.9905,-11.9876,134.9937,94.681555,31.998853,89.611075,29.177004
2012-04-17,2.1493,-0.031,0.0618,0.000245,-0.0621,-0.0931,-0.074,-0.1129,134.951815,94.6228,31.969067,89.544757,29.144052
2012-04-18,2.1773,1.3027,0.0619,0.000246,2.6055,3.9082,2.5935,3.8883,136.70988,97.088168,33.218484,91.867116,30.277274
2012-04-19,2.2107,1.5309,0.062,0.000246,3.0619,4.5928,3.0499,4.573,138.802833,100.060902,34.744155,94.669007,31.661847
2012-04-20,2.2107,0.0,0.0621,0.000247,0.0,0.0,-0.012,-0.0199,138.802833,100.060902,34.744155,94.657691,31.65556
2012-04-23,2.1293,-3.6792,0.0625,0.000248,-7.3583,-11.0375,-7.3703,-11.0573,133.696061,92.698109,30.90928,87.681168,28.155301
2012-04-24,2.1213,-0.3757,0.0626,0.000248,-0.7514,-1.1271,-0.7634,-1.147,133.19375,92.001556,30.560891,87.01183,27.832361
2012-04-25,2.194,3.4255,0.0627,0.000249,6.8511,10.2766,6.8391,10.2568,137.756356,98.304657,33.701519,92.96268,30.68706
2012-04-26,2.2327,1.7624,0.0628,0.000249,3.5248,5.2872,3.5128,5.2673,140.184169,101.769691,35.483381,96.228306,32.303447
2012-04-27,2.2227,-0.4479,0.0629,0.00025,-0.8958,-1.3437,-0.9077,-1.3635,139.556292,100.85805,35.006597,95.354799,31.862974
2012-04-30,2.2087,-0.6299,0.0632,0.000251,-1.2597,-1.8896,-1.2717,-1.9095,138.677267,99.587498,34.345108,94.142172,31.254557
2012-05-01,2.252,1.962,0.0633,0.000251,3.9239,5.8859,3.912,5.866,141.398052,103.495222,36.366614,97.824969,33.087948
2012-05-02,2.2627,0.4737,0.0634,0.000252,0.9473,1.421,0.9354,1.4011,142.0678,104.475655,36.883378,98.739989,33.551548
2012-05-03,2.164,-4.3606,0.0636,0.000252,-8.7213,-13.0819,-8.7333,-13.1018,135.872725,95.364027,32.058317,90.116777,29.155688
2012-05-04,2.122,-1.9409,0.0637,0.000253,-3.8817,-5.8226,-3.8937,-5.8424,133.235636,91.662276,30.191702,86.607932,27.452288
2012-05-07,2.1647,2.0107,0.064,0.000254,4.0214,6.0321,4.0094,6.0122,135.914596,95.348371,32.01289,90.080413,29.102776
2012-05-08,2.0127,-7.0219,0.0641,0.000254,-14.0437,-21.0656,-14.0557,-21.0855,126.370859,81.957906,25.269186,77.418992,22.966321
2012-05-09,2.004,-0.4306,0.0642,0.000255,-0.8612,-1.2919,-0.8732,-1.3117,125.826677,81.252048,24.942742,76.742965,22.665062
2012-05-10,2.1973,9.6474,0.0643,0.000255,19.2947,28.9421,19.2828,28.9222,137.965634,96.929408,32.161692,91.54113,29.2203
2012-05-11,2.15,-2.1541,0.0644,0.000256,-4.3082,-6.4623,-4.3202,-6.4822,134.9937,92.753474,30.083296,87.586384,27.326179
2012-05-14,2.004,-6.7907,0.0648,0.000257,-13.5814,-20.3721,-13.5934,-20.392,125.826677,80.156246,23.954693,75.680441,21.753827
2012-05-15,1.962,-2.0958,0.0649,0.000257,-4.1916,-6.2874,-4.2036,-6.3073,123.189595,76.796408,22.448562,72.499158,20.381748
2012-05-16,1.9453,-0.8495,0.065,0.000258,-1.699,-2.5485,-1.7109,-2.5684,122.143111,75.491651,21.876467,71.258737,19.858273
2012-05-17,1.9047,-2.0904,0.0651,0.000258,-4.1809,-6.2713,-4.1928,-6.2912,119.589785,72.335439,20.504525,68.270971,18.60895
2012-05-18,1.8373,-3.5352,0.0652,0.000259,-7.0704,-10.6056,-7.0824,-10.6255,115.36203,67.221013,18.329888,63.435753,16.631652
2012-05-21,1.918,4.3904,0.0655,0.00026,8.7809,13.1713,8.7689,13.1514,120.426932,73.123611,20.744177,68.99838,18.818953
2012-05-22,2.0533,7.0559,0.0656,0.00026,14.1119,21.1678,14.0999,21.148,128.924192,83.442738,25.135271,78.727101,22.798777
2012-05-23,2.068,0.7143,0.0657,0.000261,1.4286,2.1429,1.4166,2.123,129.845103,84.634807,25.673898,79.842381,23.2828
2012-05-24,2.0187,-2.3855,0.0658,0.000261,-4.7711,-7.1566,-4.7831,-7.1765,126.747588,80.596802,23.83651,76.023472,21.611904
2012-05-25,1.9873,-1.5522,0.066,0.000262,-3.1044,-4.6566,-3.1164,-4.6765,124.780201,78.094741,22.726533,73.654288,20.60122
2012-05-29,2.1127,6.3066,0.0664,0.000263,12.6133,18.9199,12.6013,18.9,132.649644,87.945056,27.026377,82.935699,24.494859
2012-05-30,2.0273,-4.0392,0.0665,0.000264,-8.0783,-12.1175,-8.0903,-12.1374,127.291709,80.840568,23.751459,76.225956,21.521825
2012-05-31,1.9667,-2.9924,0.0666,0.000264,-5.9848,-8.9772,-5.9968,-8.9971,123.482629,76.002418,21.619241,71.654856,19.585484
2012-06-01,1.8767,-4.5763,0.0667,0.000265,-9.1525,-13.7288,-9.1645,-13.7487,117.831728,69.046263,18.651175,65.088036,16.892733
2012-06-04,1.8587,-0.9591,0.067,0.000266,-1.9183,-2.8774,-1.9303,-2.8973,116.701547,67.721752,18.114499,63.831663,16.403293
2012-06-05,1.8607,0.1076,0.0672,0.000267,0.2152,0.3228,0.2032,0.3029,116.827121,67.867492,18.172974,63.961389,16.45298
2012-06-06,1.948,4.6936,0.0673,0.000267,9.3873,14.0809,9.3753,14.061,122.310563,74.238401,20.731894,69.957963,18.766436
2012-06-07,1.9287,-0.9925,0.0674,0.000267,-1.9849,-2.9774,-1.9969,-2.9973,121.096687,72.764837,20.114631,68.560985,18.203957
2012-06-08,2.0053,3.9751,0.0675,0.000268,7.9502,11.9252,7.9382,11.9053,125.910373,78.549753,22.513347,74.003479,20.371198
2012-06-11,1.9413,-3.1915,0.0678,0.000269,-6.383,-9.5745,-6.3949,-9.5944,121.891963,73.535947,20.357817,69.270998,18.416712
2012-06-12,1.9773,1.8544,0.0679,0.00027,3.7088,5.5632,3.6968,5.5433,124.152316,76.263234,21.490357,71.831811,19.4376
2012-06-13,1.9847,0.3709,0.068,0.00027,0.7418,1.1127,0.7298,1.0928,124.612801,76.82896,21.729482,72.356062,19.650015
2012-06-14,1.9593,-1.2765,0.0681,0.00027,-2.553,-3.8295,-2.5649,-3.8494,123.022136,74.867537,20.897361,70.500166,18.893614
2012-06-15,1.994,1.7693,0.0683,0.000271,3.5387,5.308,3.5267,5.2881,125.1988,77.516841,22.006589,72.986479,19.892723
2012-06-18,2.1227,6.4527,0.0686,0.000272,12.9054,19.3581,12.8934,19.3382,133.277521,87.520721,26.266656,82.396954,23.739624
2012-06-19,2.1393,0.7851,0.0687,0.000273,1.5703,2.3554,1.5583,2.3355,134.323938,88.895044,26.885347,83.680949,24.294066
2012-06-20,2.252,5.2665,0.0688,0.000273,10.5329,15.7994,10.5209,15.7795,141.398052,98.258285,31.133064,92.484969,28.127539
2012-06-21,2.146,-4.7069,0.0689,0.000273,-9.4139,-14.1208,-9.4259,-14.1407,134.742538,89.008378,26.736824,83.767475,24.150104
2012-06-22,2.2527,4.9705,0.069,0.000274,9.941,14.9115,9.929,14.8916,141.439923,97.85671,30.72369,92.084773,27.746441
2012-06-25,2.2073,-2.0125,0.0693,0.000275,-4.0249,-6.0374,-4.0369,-6.0573,138.593511,93.918069,28.868791,88.367414,26.065763
2012-06-26,2.1073,-4.5304,0.0695,0.000276,-9.0607,-13.5911,-9.0727,-13.611,132.314725,85.408416,24.94521,80.350101,22.517953
2012-06-27,2.1307,1.1073,0.0696,0.000276,2.2146,3.3218,2.2026,3.3019,133.779817,87.299832,25.773848,82.119871,23.261477
2012-06-28,2.094,-1.7209,0.0697,0.000276,-3.4418,-5.1627,-3.4538,-5.1826,131.477586,84.295128,24.443214,79.283612,22.055916
2012-06-29,2.086,-0.3821,0.0698,0.000277,-0.7641,-1.1462,-0.7761,-1.1661,130.975275,83.651029,24.163058,78.668304,21.798728
2012-07-02,2.0267,-2.8443,0.0701,0.000278,-5.6887,-8.533,-5.7007,-8.5529,127.249898,78.892396,22.101222,74.183695,19.934299
2012-07-03,2.044,0.8552,0.0702,0.000279,1.7105,2.5657,1.6985,2.5458,128.338186,80.241829,22.668275,75.443695,20.441783
2012-07-05,2.082,1.8591,0.0704,0.00028,3.7182,5.5773,3.7062,5.5574,130.724127,83.225389,23.932556,78.239808,21.577813
2012-07-06,2.066,-0.7685,0.0705,0.00028,-1.537,-2.3055,-1.549,-2.3254,129.719521,81.946225,23.380796,77.027894,21.076042
2012-07-09,2.0993,1.6134,0.0709,0.000281,3.2268,4.8402,3.2148,4.8203,131.81243,84.590484,24.51248,79.504213,22.091971
2012-07-10,2.0847,-0.6986,0.071,0.000282,-1.3972,-2.0958,-1.4092,-2.1157,130.891579,83.408574,23.998743,78.383839,21.62456
2012-07-11,2.1007,0.7675,0.0711,0.000282,1.535,2.3025,1.523,2.2826,131.896186,84.688913,24.551321,79.57765,22.118163
2012-07-12,2.18,3.7766,0.0712,0.000283,7.5531,11.3297,7.5411,11.3098,136.877331,91.085577,27.332912,85.578713,24.619675
2012-07-13,2.2833,4.74,0.0713,0.000283,9.4801,14.2201,9.4681,14.2002,143.365379,99.720573,31.219689,93.681393,28.11572
2012-07-16,2.3973,4.9927,0.0716,0.000284,9.9854,14.9781,9.9734,14.9581,150.523175,109.67806,35.8958,103.024611,32.321312
2012-07-17,2.2233,-7.2581,0.0717,0.000285,-14.5161,-21.7742,-14.5281,-21.7941,139.598102,93.757046,28.079777,88.057067,25.277161
2012-07-18,2.1433,-3.5982,0.0719,0.000285,-7.1964,-10.7946,-7.2084,-10.8145,134.575086,87.009918,25.048679,81.709572,22.543555
2012-07-19,2.1513,0.3733,0.072,0.000286,0.7465,1.1198,0.7345,1.0998,135.077396,87.659458,25.329166,82.309747,22.791497
2012-07-20,2.1193,-1.4875,0.0721,0.000286,-2.9749,-4.4624,-2.9869,-4.4823,133.068184,85.051672,24.198888,79.851239,21.769915
2012-07-23,2.044,-3.5546,0.0724,0.000287,-7.1091,-10.6637,-7.1211,-10.6836,128.338186,79.005234,21.618391,74.16493,19.444095
2012-07-24,1.9893,-2.6745,0.0725,0.000288,-5.349,-8.0235,-5.361,-8.0435,124.905775,74.779237,19.883836,70.188945,17.880118
2012-07-25,1.93,-2.9826,0.0726,0.000288,-5.9651,-8.9477,-5.9771,-8.9676,121.180383,70.318563,18.104693,65.993669,16.276696
2012-07-26,1.8753,-2.8325,0.0727,0.000289,-5.665,-8.4975,-5.677,-8.5174,117.747964,66.335035,16.566254,62.247229,14.890344
2012-07-27,1.9673,4.9058,0.0728,0.000289,9.8116,14.7174,9.7996,14.6974,123.524439,72.843558,19.004374,68.347206,17.078844
2012-07-30,1.8233,-7.3196,0.0732,0.00029,-14.6391,-21.9587,-14.6511,-21.9786,114.483005,62.179915,14.831269,58.33359,13.325153
2012-07-31,1.828,0.256,0.0733,0.000291,0.5119,0.7679,0.4999,0.7479,114.776031,62.498221,14.945154,58.625208,13.424815
2012-08-01,1.75,-4.267,0.0734,0.000291,-8.5339,-12.8009,-8.5459,-12.8208,109.878588,57.164678,13.032044,53.615151,11.703644
2012-08-02,1.74,-0.5714,0.0735,0.000292,-1.1429,-1.7143,-1.1549,-1.7342,109.250711,56.511368,12.808638,52.995974,11.500676
2012-08-03,1.818,4.4828,0.0736,0.000292,8.9655,13.4483,8.9535,13.4283,114.148154,61.577902,14.531178,57.740975,13.045023
2012-08-06,1.8847,3.6671,0.0739,0.000293,7.3341,11.0012,7.3221,10.9812,118.334031,66.094094,16.129777,61.968835,14.477525
2012-08-07,2.0167,7.0039,0.074,0.000294,14.0078,21.0116,13.9958,20.9917,126.622006,75.352399,19.518909,70.641846,17.516603
2012-08-08,1.9393,-3.8347,0.0742,0.000294,-7.6695,-11.5042,-7.6815,-11.5242,121.766382,69.573262,17.273411,65.215507,15.497959
2012-08-09,1.9607,1.1001,0.0743,0.000295,2.2001,3.3002,2.1881,3.2803,123.105899,71.103973,17.843471,66.642515,16.006333
2012-08-10,1.996,1.8021,0.0744,0.000295,3.6042,5.4063,3.5922,5.3863,125.324382,73.666692,18.808138,69.036436,16.868486
2012-08-13,2.078,4.1082,0.0747,0.000296,8.2164,12.3247,8.2044,12.3047,130.47298,79.719468,21.126176,74.700484,18.944101
2012-08-14,1.9613,-5.6144,0.0748,0.000297,-11.2288,-16.8432,-11.2408,-16.8631,123.147717,70.767944,17.567858,66.303564,15.749533
2012-08-15,1.96,-0.068,0.0749,0.000297,-0.1359,-0.2039,-0.1479,-0.2239,123.064021,70.67175,17.532039,66.20548,15.714277
2012-08-16,2.02,3.0612,0.075,0.000298,6.1224,9.1837,6.1104,9.1637,126.831284,74.998588,19.142122,70.250926,17.154287
2012-08-17,2.0007,-0.9571,0.0751,0.000298,-1.9141,-2.8712,-1.9262,-2.8912,125.617415,73.563005,18.59251,68.897786,16.658326
2012-08-20,1.9673,-1.6662,0.0755,0.000299,-3.3323,-4.9985,-3.3443,-5.0184,123.524439,71.111663,17.663172,66.593632,15.822341
2012-08-21,1.9407,-1.3554,0.0756,0.0003,-2.7109,-4.0663,-2.7229,-4.0863,121.850145,69.183918,16.944933,64.780369,15.175798
2012-08-22,1.9967,2.8856,0.0757,0.0003,5.7712,8.6568,5.7592,8.6369,125.36626,73.176668,18.411825,68.511203,16.486508
2012-08-23,2.0487,2.6043,0.0758,0.000301,5.2087,7.813,5.1967,7.793,128.631219,76.988201,19.850342,72.071501,17.771309
2012-08-24,1.9667,-4.0026,0.0759,0.000301,-8.0052,-12.0078,-8.0172,-12.0278,123.482629,70.825145,17.466754,66.293383,15.633819
2012-08-27,1.888,-4.0,0.0762,0.000302,-8.0,-12.0001,-8.012,-12.02,118.543301,65.159107,15.370734,60.981927,13.75463
2012-08-28,1.9127,1.3065,0.0763,0.000303,2.613,3.9195,2.601,3.8996,120.092088,66.861736,15.973198,62.568081,14.291002
2012-08-29,1.894,-0.976,0.0764,0.000303,-1.9519,-2.9279,-1.9639,-2.9479,118.92003,65.55664,15.505519,61.33928,13.869722
2012-08-30,1.894,0.0,0.0766,0.000304,0.0,0.0,-0.012,-0.02,118.92003,65.55664,15.505519,61.331913,13.866952
2012-08-31,1.9013,0.3872,0.0767,0.000304,0.7743,1.1615,0.7623,1.1415,119.380448,66.064266,15.685615,61.799459,14.025246
2012-09-04,1.876,-1.3324,0.0771,0.000306,-2.6648,-3.9971,-2.6768,-4.0171,117.78985,64.303815,15.05864,60.145232,13.461837
2012-09-05,1.8627,-0.7107,0.0772,0.000306,-1.4214,-2.1322,-1.4335,-2.1521,116.952695,63.389777,14.737566,59.28308,13.17212
2012-09-06,1.9033,2.1832,0.0773,0.000307,4.3664,6.5496,4.3544,6.5297,119.506022,66.157644,15.702824,61.86451,14.032215
2012-09-07,1.9567,2.8021,0.0774,0.000307,5.6043,8.4064,5.5923,8.3864,122.854744,69.8653,17.022868,65.324134,15.209017
2012-09-10,1.8247,-6.7462,0.0778,0.000309,-13.4923,-20.2385,-13.5043,-20.2585,114.566761,60.438844,13.577696,56.502538,12.127902
2012-09-11,1.8533,1.571,0.0779,0.000309,3.1421,4.7131,3.13,4.6931,116.366636,62.337866,14.217624,58.27109,12.697076
2012-09-12,1.8853,1.7266,0.078,0.000309,3.4532,5.1798,3.4412,5.1599,118.375841,64.490537,14.954075,60.276325,13.352228
2012-09-13,1.9653,4.2433,0.0781,0.00031,8.4866,12.7299,8.4746,12.7099,123.398865,69.963571,16.857707,65.384474,15.049279
2012-09-14,2.026,3.0869,0.0782,0.00031,6.1737,9.2606,6.1617,9.2406,127.208013,74.282923,18.418827,69.413268,16.439921
2012-09-17,2.1693,7.0747,0.0785,0.000312,14.1494,21.224,14.1373,21.204,136.207569,84.793477,22.328045,79.226455,19.925849
2012-09-18,2.0893,-3.6878,0.0786,0.000312,-7.3755,-11.0633,-7.3876,-11.0833,131.184553,78.539507,19.857827,73.373561,17.71741
2012-09-19,2.07,-0.9253,0.0787,0.000312,-1.8507,-2.776,-1.8627,-2.796,129.970669,77.086015,19.306578,72.006854,17.222037
2012-09-20,2.06,-0.4831,0.0789,0.000313,-0.9662,-1.4493,-0.9782,-1.4693,129.342792,76.341224,19.026773,71.302482,16.969
2012-09-21,2.0013,-2.8479,0.079,0.000313,-5.6958,-8.5437,-5.7078,-8.5637,125.659226,71.992965,17.401177,67.232651,15.515822
2012-09-24,2.044,2.1319,0.0793,0.000315,4.2638,6.3958,4.2518,6.3758,128.338186,75.062637,18.514117,70.091267,16.505076
2012-09-25,1.844,-9.7847,0.0794,0.000315,-19.5695,-29.3542,-19.5815,-29.3742,115.780637,60.37328,13.079446,56.366355,11.656843
2012-09-26,1.836,-0.4338,0.0795,0.000316,-0.8677,-1.3015,-0.8797,-1.3215,115.278334,59.849432,12.909215,55.870499,11.502796
2012-09-27,1.8993,3.4495,0.0796,0.000316,6.899,10.3485,6.887,10.3285,119.254874,63.978459,14.245129,59.718301,12.690867
2012-09-28,1.952,2.7729,0.0797,0.000316,5.5458,8.3188,5.5338,8.2988,122.561718,67.526604,15.430148,63.023005,13.744052
2012-10-01,1.944,-0.4098,0.0801,0.000318,-0.8197,-1.2295,-0.8317,-1.2495,122.059415,66.973106,15.240433,62.498844,13.572319
2012-10-02,1.9867,2.1948,0.0802,0.000318,4.3896,6.5844,4.3776,6.5644,124.738383,69.912966,16.243927,65.234786,14.463263
2012-10-03,1.9533,-1.6779,0.0803,0.000319,-3.3558,-5.0337,-3.3678,-5.0537,122.645414,67.566846,15.426263,63.03781,13.732338
2012-10-04,1.96,0.3413,0.0804,0.000319,0.6826,1.0239,0.6706,1.0039,123.064021,68.028077,15.584219,63.460544,13.870203
2012-10-05,1.926,-1.7347,0.0805,0.000319,-3.4694,-5.2041,-3.4814,-5.2241,120.929235,65.667917,14.773203,61.251218,13.145611
2012-10-08,1.95,1.2461,0.0808,0.000321,2.4922,3.7383,2.4802,3.7183,122.436144,67.304504,15.325473,62.770364,13.634407
2012-10-09,1.8913,-3.0086,0.0809,0.000321,-6.0171,-9.0257,-6.0292,-9.0457,118.752571,63.254701,13.942242,58.985837,12.401078
2012-10-10,1.8933,0.1057,0.081,0.000322,0.2115,0.3172,0.1995,0.2972,118.878145,63.388478,13.986471,59.103491,12.437937
2012-10-11,1.888,-0.2817,0.0811,0.000322,-0.5633,-0.845,-0.5754,-0.865,118.543301,63.031385,13.868284,58.763428,12.330346
2012-10-12,1.8427,-2.4011,0.0813,0.000322,-4.8022,-7.2033,-4.8143,-7.2234,115.696941,60.004475,12.869304,55.934406,11.439682
2012-10-15,1.822,-1.1216,0.0816,0.000324,-2.2432,-3.3647,-2.2552,-3.3847,114.399309,58.65848,12.436286,54.672981,11.052478
2012-10-16,1.8707,2.6711,0.0817,0.000324,5.3421,8.0132,5.3301,7.9932,117.454998,61.792102,13.432833,57.587114,11.935925
2012-10-17,1.9213,2.7084,0.0818,0.000325,5.4169,8.1253,5.4049,8.1053,120.636202,65.139311,14.524296,60.699615,12.90337
2012-10-18,1.8693,-2.7065,0.0819,0.000325,-5.4129,-8.1194,-5.4249,-8.1394,117.371243,61.613385,13.345017,57.406702,11.853117
2012-10-19,1.8493,-1.0699,0.082,0.000325,-2.1398,-3.2097,-2.1518,-3.2297,116.115488,60.294982,12.916682,56.171407,11.470295
2012-10-22,1.8567,0.3966,0.0823,0.000327,0.7932,1.1897,0.7811,1.1697,116.575974,60.773212,13.070355,56.610172,11.604464
2012-10-23,1.8927,1.939,0.0825,0.000327,3.8779,5.8169,3.8659,5.7969,118.836334,63.129948,13.830642,58.798656,12.277159
2012-10-24,1.828,-3.4167,0.0826,0.000328,-6.8334,-10.2502,-6.8455,-10.2702,114.776031,58.816002,12.412979,54.773611,11.016273
2012-10-25,1.8347,0.3647,0.0827,0.000328,0.7294,1.0941,0.7174,1.0741,115.194638,59.245026,12.548796,55.166556,11.134602
2012-10-26,1.8253,-0.5088,0.0828,0.000329,-1.0175,-1.5263,-1.0295,-1.5463,114.608579,58.642201,12.357268,54.598591,10.962429
2012-10-31,1.8753,2.7392,0.0833,0.000331,5.4784,8.2177,5.4664,8.1976,117.747964,61.854883,13.372748,57.583174,11.86109
2012-11-01,1.95,3.9815,0.0834,0.000331,7.9631,11.9446,7.951,11.9246,122.436144,66.780435,14.970071,62.161634,13.275475
2012-11-02,1.928,-1.1282,0.0836,0.000332,-2.2564,-3.3846,-2.2685,-3.4047,121.054809,65.273589,14.46339,60.751525,12.823491
2012-11-05,2.1,8.9212,0.0839,0.000333,17.8423,26.7635,17.8303,26.7434,131.8543,76.91991,18.334295,71.583691,16.252935
2012-11-06,2.0767,-1.1111,0.084,0.000333,-2.2222,-3.3333,-2.2342,-3.3533,130.389284,75.210615,17.723165,69.984358,15.707926
2012-11-07,2.1027,1.252,0.0841,0.000334,2.504,3.756,2.492,3.736,132.021767,77.093899,18.388851,71.72835,16.294772
2012-11-08,2.0873,-0.7293,0.0842,0.000334,-1.4585,-2.1878,-1.4706,-2.2078,131.058971,75.969453,17.986538,70.673526,15.935009
2012-11-09,2.0213,-3.1619,0.0843,0.000335,-6.3239,-9.4858,-6.3359,-9.5058,126.91498,71.165253,16.280373,66.195723,14.420256
2012-11-12,2.0713,2.4736,0.0846,0.000336,4.9472,7.4208,4.9352,7.4008,130.054365,74.685959,17.488513,69.462603,15.48747
2012-11-13,2.1073,1.738,0.0848,0.000336,3.476,5.214,3.464,5.194,132.314725,77.282061,18.400371,71.868775,16.291889
2012-11-14,2.092,-0.7276,0.0849,0.000337,-1.4552,-2.1828,-1.4672,-2.2028,131.352004,76.157453,17.998728,70.814286,15.933005
2012-11-15,2.0547,-1.7846,0.085,0.000337,-3.5691,-5.3537,-3.5812,-5.3737,129.007948,73.439301,17.035133,68.27831,15.07681
2012-11-16,2.1227,3.3095,0.0851,0.000338,6.6191,9.9286,6.607,9.9086,133.277521,78.300311,18.726488,72.789486,16.570709
2012-11-19,2.1947,3.392,0.0854,0.000339,6.7839,10.1759,6.7719,10.1558,137.798242,83.612142,20.632073,77.718699,18.253603
2012-11-20,2.2,0.243,0.0855,0.000339,0.486,0.729,0.4739,0.7089,138.133086,84.01849,20.782478,78.087044,18.383011
2012-11-21,2.1647,-1.6061,0.0856,0.00034,-3.2121,-4.8182,-3.2242,-4.8382,135.914596,81.319728,19.781146,75.569399,17.493604
2012-11-23,2.142,-1.0471,0.0858,0.000341,-2.0943,-3.1414,-2.1063,-3.1614,134.49139,79.616677,19.159741,73.977672,16.940553
2012-11-26,2.1513,0.4357,0.0862,0.000342,0.8714,1.3072,0.8594,1.2871,135.077396,80.31049,19.41019,74.613431,17.158597
2012-11-27,2.1433,-0.3719,0.0863,0.000342,-0.7437,-1.1156,-0.7558,-1.1357,134.575086,79.71319,19.193649,74.049513,16.963735
2012-11-28,2.2153,3.3593,0.0864,0.000343,6.7185,10.0778,6.7065,10.0577,139.095806,85.06873,21.12794,79.015615,18.669899
2012-11-29,2.246,1.3843,0.0865,0.000343,2.7686,4.1529,2.7566,4.1329,141.021323,87.423959,22.005368,81.193735,19.441503
2012-11-30,2.2547,0.3859,0.0866,0.000344,0.7718,1.1577,0.7597,1.1376,141.565504,88.098672,22.260115,81.810581,19.66267
2012-12-03,2.308,2.3655,0.0869,0.000345,4.7309,7.0964,4.7189,7.0763,144.914167,92.266534,23.839771,85.6711,21.054059
2012-12-04,2.26,-2.0797,0.087,0.000345,-4.1595,-6.2392,-4.1715,-6.2592,141.900348,88.42875,22.352365,82.097326,19.736236
2012-12-05,2.2473,-0.5605,0.0872,0.000346,-1.121,-1.6815,-1.133,-1.7015,141.105019,87.437492,21.976521,81.167146,19.400422
2012-12-06,2.26,0.5636,0.0873,0.000346,1.1273,1.6909,1.1152,1.6709,141.900348,88.423163,22.348128,82.07235,19.724578
2012-12-07,2.278,0.7965,0.0874,0.000347,1.5929,2.3894,1.5809,2.3693,143.030536,89.831683,22.882114,83.369814,20.19192
2012-12-10,2.3047,1.1706,0.0877,0.000348,2.3413,3.5119,2.3292,3.4918,144.704889,91.934871,23.685706,85.311663,20.896986
2012-12-11,2.352,2.0538,0.0878,0.000348,4.1076,6.1614,4.0955,6.1413,147.676823,95.711168,25.14507,88.805622,22.180334
2012-12-12,2.3507,-0.0567,0.0879,0.000349,-0.1134,-0.17,-0.1254,-0.1901,147.593127,95.602679,25.102317,88.694255,22.138171
2012-12-13,2.2407,-4.6795,0.088,0.000349,-9.359,-14.0386,-9.3711,-14.0586,140.686479,86.655189,21.578314,80.382634,19.02585
2012-12-14,2.254,0.595,0.0881,0.00035,1.1901,1.7851,1.178,1.7651,141.523619,87.686453,21.963512,81.329559,19.361666
2012-12-17,2.2933,1.745,0.0885,0.000351,3.4901,5.2351,3.478,5.215,143.993256,90.746773,23.113326,84.158213,20.371385
2012-12-18,2.306,0.5523,0.0886,0.000352,1.1047,1.657,1.0926,1.6369,144.788585,91.74923,23.496316,85.07774,20.704853
2012-12-19,2.3073,0.0578,0.0887,0.000352,0.1156,0.1734,0.1036,0.1533,144.872281,91.855303,23.537063,85.165841,20.736604
2012-12-20,2.2953,-0.5201,0.0888,0.000352,-1.0402,-1.5603,-1.0522,-1.5803,144.118823,90.899852,23.169825,84.269702,20.408898
2012-12-21,2.2667,-1.2489,0.0889,0.000353,-2.4978,-3.7466,-2.5098,-3.7667,142.318948,88.629387,22.301733,82.15468,19.640152
2012-12-24,2.2853,0.8235,0.0892,0.000354,1.647,2.4705,1.6349,2.4504,143.490946,90.089115,22.852698,83.497861,20.121421
2012-12-26,2.2393,-2.0128,0.0895,0.000355,-4.0257,-6.0385,-4.0377,-6.0586,140.602708,86.462423,21.472736,80.12644,18.902348
2012-12-27,2.246,0.2977,0.0896,0.000355,0.5955,0.8932,0.5834,0.8731,141.021323,86.97727,21.664528,80.593895,19.067386
2012-12-28,2.2147,-1.3951,0.0897,0.000356,-2.7901,-4.1852,-2.8022,-4.2052,139.053996,84.550505,20.75783,78.335512,18.265556
2012-12-31,2.258,1.9566,0.09,0.000357,3.9133,5.8699,3.9012,5.8498,141.774766,87.859185,21.976292,81.391533,19.334055
2013-01-02,2.3573,4.3992,0.0898,0.000356,8.7983,13.1975,8.7863,13.1774,148.011667,95.589318,24.876609,88.542804,21.881782
2013-01-03,2.318,-1.6685,0.0898,0.000356,-3.3371,-5.0056,-3.3491,-5.0257,145.542044,92.399441,23.631386,85.577392,20.782075
2013-01-04,2.2933,-1.0642,0.0897,0.000356,-2.1283,-3.1925,-2.1404,-3.2125,143.993256,90.432901,22.876965,83.745724,20.114444
2013-01-07,2.2893,-0.1744,0.0894,0.000355,-0.3488,-0.5232,-0.3609,-0.5433,143.742109,90.117442,22.757261,83.443491,20.005158
2013-01-08,2.2453,-1.922,0.0893,0.000355,-3.8439,-5.7659,-3.856,-5.786,140.979438,86.653393,21.445103,80.22592,18.847666
2013-01-09,2.2427,-0.1187,0.0893,0.000354,-0.2375,-0.3562,-0.2495,-0.3763,140.812046,86.447617,21.368714,80.025732,18.776747
2013-01-10,2.2353,-0.327,0.0892,0.000354,-0.654,-0.9811,-0.6661,-1.0011,140.351561,85.882213,21.159073,79.492678,18.588766
2013-01-11,2.194,-1.8491,0.0891,0.000354,-3.6981,-5.5472,-3.7102,-5.5673,137.756356,82.706162,19.985333,76.543335,17.553875
2013-01-14,2.2173,1.0635,0.0888,0.000353,2.127,3.1905,2.1149,3.1704,139.221388,84.465313,20.622961,78.162173,18.110405
2013-01-15,2.26,1.9242,0.0888,0.000352,3.8485,5.7727,3.8364,5.7527,141.900348,87.715951,21.81347,81.16081,19.152236
2013-01-16,2.2733,0.59,0.0887,0.000352,1.1799,1.7699,1.1679,1.7498,142.737502,88.750928,22.199542,82.108656,19.487363
2013-01-17,2.292,0.8211,0.0886,0.000352,1.6423,2.4634,1.6302,2.4433,143.90956,90.208446,22.746402,83.44719,19.963501
2013-01-18,2.3013,0.4072,0.0885,0.000351,0.8144,1.2216,0.8023,1.2015,144.495552,90.943094,23.024268,84.116713,20.203366
2013-01-22,2.346,1.9409,0.0882,0.00035,3.8818,5.8228,3.8698,5.8027,147.300094,94.473357,24.364916,87.371846,21.375705
2013-01-23,2.4,2.3018,0.0881,0.00035,4.6036,6.9054,4.5915,6.8853,150.690642,98.822526,26.047408,91.383556,22.847492
2013-01-24,2.466,2.75,0.088,0.000349,5.5,8.25,5.4879,8.2299,154.834633,104.257763,28.196318,96.398633,24.727825
2013-01-25,2.4653,-0.0271,0.0879,0.000349,-0.0541,-0.0812,-0.0662,-0.1012,154.792748,104.201356,28.173435,96.334857,24.702796
2013-01-28,2.5353,2.8394,0.0877,0.000348,5.6787,8.5181,5.6667,8.498,159.187887,110.118681,30.57328,101.793851,26.802052
2013-01-29,2.53,-0.2103,0.0876,0.000348,-0.4207,-0.631,-0.4327,-0.6511,158.853043,109.655423,30.380352,101.353344,26.627545
2013-01-30,2.5013,-1.1331,0.0875,0.000347,-2.2662,-3.3992,-2.2782,-3.4193,157.053108,107.170451,29.347649,99.044294,25.717068
2013-01-31,2.5007,-0.0266,0.0875,0.000347,-0.0532,-0.0799,-0.0653,-0.0999,157.011297,107.113389,29.32421,98.979621,25.69137
2013-02-01,2.5533,2.1061,0.0874,0.000347,4.2122,6.3182,4.2001,6.2982,160.318075,111.625168,31.176981,103.136863,27.309456
2013-02-04,2.516,-1.4621,0.0871,0.000346,-2.9243,-4.3864,-2.9363,-4.4064,157.974018,108.360961,29.809438,100.108446,26.106081
2013-02-05,2.542,1.0334,0.087,0.000345,2.0668,3.1002,2.0547,3.0801,159.606502,110.600538,30.733579,102.165397,26.910176
2013-02-06,2.6113,2.7275,0.087,0.000345,5.455,8.1825,5.4429,8.1624,163.959756,116.633778,33.248346,107.72619,29.106697
2013-02-07,2.632,0.7914,0.0869,0.000345,1.5829,2.3743,1.5708,2.3543,165.257395,118.479946,34.037766,109.418379,29.791944
2013-02-08,2.616,-0.6079,0.0868,0.000344,-1.2158,-1.8237,-1.2279,-1.8438,164.252789,117.039458,33.417015,108.074876,29.24265
2013-02-11,2.5613,-2.0897,0.0865,0.000343,-4.1794,-6.2692,-4.1915,-6.2892,160.82037,112.147871,31.322052,103.544935,27.403521
2013-02-12,2.526,-1.3795,0.0865,0.000343,-2.7589,-4.1384,-2.771,-4.1585,158.601895,109.053769,30.025814,100.675708,26.263953
2013-02-13,2.5633,1.4779,0.0864,0.000343,2.9559,4.4338,2.9439,4.4138,160.945952,112.277289,31.357113,103.63945,27.423191
2013-02-14,2.5513,-0.4681,0.0863,0.000342,-0.9363,-1.4044,-0.9483,-1.4245,160.192493,111.226051,30.916724,102.6566,27.032553
2013-02-15,2.4693,-3.214,0.0862,0.000342,-6.428,-9.642,-6.4401,-9.6621,155.043895,104.076425,27.935727,96.045451,24.420648
2013-02-19,2.6187,6.0475,0.0859,0.000341,12.0951,18.1426,12.083,18.1226,164.420241,116.664557,33.004002,107.650658,28.8463
2013-02-20,2.5693,-1.8839,0.0858,0.000341,-3.7679,-5.6518,-3.7799,-5.6718,161.322681,112.268803,31.138686,103.581567,27.210186
2013-02-21,2.344,-8.7701,0.0857,0.00034,-17.5402,-26.3103,-17.5522,-26.3303,147.174527,92.57664,22.946008,85.400683,20.045654
2013-02-22,2.4073,2.7019,0.0856,0.00034,5.4038,8.1057,5.3918,8.0857,151.151052,97.579317,24.80595,90.005297,21.666483
2013-02-25,2.292,-4.7909,0.0854,0.000339,-9.5818,-14.3727,-9.5938,-14.3927,143.90956,88.229467,21.240668,81.370333,18.548083
2013-02-26,2.2953,0.1454,0.0853,0.000339,0.2908,0.4362,0.2788,0.4162,144.118823,88.486061,21.333328,81.597177,18.62528
2013-02-27,2.34,1.946,0.0852,0.000338,3.892,5.838,3.8799,5.8179,146.923364,91.929925,22.578762,84.763099,19.708886
2013-02-28,2.322,-0.7692,0.0852,0.000338,-1.5385,-2.3077,-1.5505,-2.3277,145.793192,90.515627,22.057717,83.448851,19.250119
2013-03-01,2.31,-0.5168,0.0851,0.000338,-1.0336,-1.5504,-1.0456,-1.5704,145.039733,89.580058,21.715735,82.576274,18.947808
2013-03-04,2.372,2.684,0.0848,0.000337,5.368,8.052,5.3559,8.0319,148.932577,94.388688,23.464275,86.998997,20.469679
2013-03-05,2.4433,3.0073,0.0847,0.000336,6.0146,9.0219,6.0025,9.0018,153.411412,100.065772,25.581192,92.221146,22.312326
2013-03-06,2.5127,2.8377,0.0847,0.000336,5.6754,8.513,5.6633,8.493,157.764741,105.74487,27.758931,97.443927,24.207314
2013-03-07,2.5487,1.4327,0.0846,0.000336,2.8655,4.2982,2.8534,4.2782,160.025101,108.77497,28.952072,100.224431,25.242948
2013-03-08,2.5647,0.6278,0.0845,0.000335,1.2556,1.8833,1.2435,1.8633,161.029708,110.140706,29.497339,101.470741,25.713302
2013-03-11,2.6067,1.6376,0.0842,0.000334,3.2753,4.9129,3.2632,4.8929,163.666797,113.748127,30.946521,104.781978,26.971426
2013-03-12,2.608,0.0511,0.0842,0.000334,0.1023,0.1534,0.0902,0.1334,163.750493,113.864464,30.993997,104.876529,27.0074
2013-03-13,2.5987,-0.3579,0.0841,0.000334,-0.7157,-1.0736,-0.7278,-1.0936,163.164487,113.0495,30.661247,104.113267,26.71204
2013-03-14,2.4567,-5.4643,0.084,0.000333,-10.9287,-16.393,-10.9407,-16.413,154.248626,100.694685,25.634943,92.72253,22.32778
2013-03-15,2.3527,-4.2334,0.0839,0.000333,-8.4667,-12.7001,-8.4788,-12.7201,147.718708,92.169124,22.379276,84.860787,19.487653
2013-03-18,2.3433,-0.3967,0.0837,0.000332,-0.7935,-1.1902,-0.8055,-1.2103,147.132642,91.437771,22.11291,84.177209,19.251801
2013-03-19,2.3387,-0.1991,0.0836,0.000332,-0.3982,-0.5974,-0.4103,-0.6174,146.839668,91.073626,21.980815,83.831846,19.132942
2013-03-20,2.3967,2.48,0.0835,0.000331,4.9601,7.4401,4.9481,7.4201,150.481364,95.590967,23.61622,87.979896,20.552629
2013-03-21,2.4007,0.1669,0.0834,0.000331,0.3338,0.5007,0.3218,0.4807,150.732512,95.910043,23.734464,88.262976,20.651418
2013-03-22,2.4413,1.694,0.0833,0.000331,3.3879,5.0819,3.3759,5.0618,153.285846,99.159379,24.940614,91.242613,21.696756
2013-03-25,2.502,2.485,0.0831,0.00033,4.97,7.455,4.958,7.435,157.094993,104.087593,26.799934,95.766383,23.309902
2013-03-26,2.524,0.8793,0.083,0.000329,1.7586,2.6379,1.7465,2.6178,158.476314,105.918057,27.506881,97.438985,23.920119
2013-03-27,2.544,0.7924,0.0829,0.000329,1.5848,2.3772,1.5727,2.3572,159.732068,107.59663,28.160768,98.971455,24.483953
2013-03-28,2.526,-0.7075,0.0828,0.000329,-1.4151,-2.1226,-1.4271,-2.1427,158.601895,106.074046,27.56302,97.559013,23.959348
2013-04-01,2.9287,15.9409,0.0825,0.000327,31.8818,47.8227,31.8698,47.8027,183.884459,139.892353,40.744397,128.650836,35.412555
2013-04-02,2.956,0.9333,0.0824,0.000327,1.8666,2.7999,1.8546,2.7799,185.600638,142.503562,41.88519,131.036731,36.396974
2013-04-03,2.74,-7.3072,0.0824,0.000327,-14.6143,-21.9215,-14.6264,-21.9415,172.038476,121.677594,32.703319,111.870798,28.410917
2013-04-04,2.8007,2.2141,0.0823,0.000326,4.4283,6.6424,4.4162,6.6224,175.847624,127.065784,34.875596,116.811257,30.292389
2013-04-05,2.758,-1.5235,0.0822,0.000326,-3.0469,-4.5704,-3.059,-4.5904,173.168649,123.194181,33.281645,113.238047,28.901845
2013-04-08,2.7887,1.1119,0.0819,0.000325,2.2239,3.3358,2.2118,3.3158,175.094165,125.933851,34.391852,115.742681,29.860166
2013-04-09,2.7,-3.1795,0.0819,0.000325,-6.3591,-9.5386,-6.3711,-9.5586,169.526968,117.925604,31.111339,108.368575,27.005938
2013-04-10,2.7907,3.358,0.0818,0.000325,6.7161,10.0741,6.704,10.0541,175.219747,125.845576,34.24553,115.633652,29.721141
2013-04-11,2.906,4.1328,0.0817,0.000324,8.2656,12.3984,8.2536,12.3784,182.461238,136.247481,38.491433,125.177569,33.400144
2013-04-12,2.9167,0.3671,0.0816,0.000324,0.7341,1.1012,0.7221,1.0812,183.131001,137.247732,38.915306,126.081491,33.761266
2013-04-15,2.8867,-1.0286,0.0814,0.000323,-2.0571,-3.0857,-2.0692,-3.1057,181.24737,134.424353,37.714492,123.47265,32.712735
2013-04-16,3.0393,5.2887,0.0813,0.000323,10.5773,15.866,10.5653,15.846,190.832932,148.642855,43.69827,136.517903,37.896388
2013-04-17,3.03,-0.3071,0.0812,0.000322,-0.6142,-0.9212,-0.6262,-0.9412,190.246926,147.729955,43.295706,135.663048,37.53969
2013-04-18,3.1313,3.3443,0.0811,0.000322,6.6887,10.033,6.6766,10.013,196.609407,157.611104,47.639557,144.720765,41.29853
2013-04-19,3.1887,1.831,0.081,0.000322,3.662,5.4929,3.6499,5.4729,200.209277,163.382746,50.256363,150.002962,43.558765
2013-04-22,3.346,4.9341,0.0808,0.000321,9.8683,14.8024,9.8562,14.7824,210.087858,179.505771,57.695502,164.787596,49.997786
2013-04-23,3.4007,1.6338,0.0807,0.00032,3.2676,4.9014,3.2556,4.8814,213.520277,185.371307,60.523392,170.152382,52.438377
2013-04-24,3.362,-1.137,0.0806,0.00032,-2.2741,-3.4111,-2.2861,-3.4311,211.092465,181.155813,58.458866,166.262515,50.63915
2013-04-25,3.4667,3.1132,0.0805,0.00032,6.2265,9.3397,6.2144,9.3197,217.664268,192.435424,63.918751,176.594805,55.358567
2013-04-26,3.4133,-1.5385,0.0805,0.000319,-3.077,-4.6154,-3.089,-4.6354,214.315546,186.514261,60.968618,171.139815,52.79245
2013-04-29,3.6627,7.3047,0.0802,0.000318,14.6094,21.9141,14.5974,21.8941,229.970676,213.762915,74.329361,196.121773,64.350898
2013-04-30,3.5993,-1.7292,0.0801,0.000318,-3.4584,-5.1875,-3.4704,-5.2075,225.994077,206.370238,70.473503,189.315606,60.999805
2013-05-01,3.552,-1.315,0.0801,0.000318,-2.6301,-3.9451,-2.6421,-3.9651,223.022144,200.942498,67.693219,184.313656,58.581072
2013-05-02,3.6073,1.5578,0.08,0.000317,3.1156,4.6734,3.1036,4.6534,226.496373,207.203044,70.856785,190.033954,61.307076
2013-05-03,3.6367,0.8132,0.0799,0.000317,1.6264,2.4395,1.6143,2.4195,228.338193,210.572907,72.585362,193.101738,62.790424
2013-05-06,3.9667,9.0742,0.0796,0.000316,18.1485,27.2227,18.1365,27.2027,249.058151,248.788692,92.345074,228.123556,79.871131
2013-05-07,3.7007,-6.7059,0.0796,0.000316,-13.4118,-20.1176,-13.4238,-20.1376,232.356603,215.421736,73.767417,197.500734,63.786966
2013-05-08,3.7193,0.5044,0.0795,0.000315,1.0088,1.5132,0.9968,1.4932,233.528602,217.594895,74.883658,199.469364,64.739429
2013-05-09,4.6267,24.3951,0.0794,0.000315,48.7902,73.1852,48.7781,73.1652,290.498081,323.759775,129.687433,296.766791,112.106182
2013-05-10,5.1173,10.6052,0.0793,0.000315,21.2103,31.8155,21.1983,31.7955,321.305897,392.430325,170.948152,359.676362,147.750922
2013-05-13,5.8533,14.3825,0.0791,0.000314,28.765,43.1475,28.753,43.1275,367.517696,505.312854,244.707971,463.093986,211.472181
2013-05-14,5.5493,-5.1936,0.079,0.000313,-10.3872,-15.5809,-10.3993,-15.6009,348.430221,452.824791,206.580361,414.935635,178.480716
2013-05-15,5.656,1.9222,0.0789,0.000313,3.8443,5.7665,3.8323,5.7465,355.127606,470.232822,218.492774,430.837212,188.737088
2013-05-16,6.15,8.7341,0.0788,0.000313,17.4682,26.2023,17.4562,26.1823,386.14476,552.373907,275.742819,506.044821,238.152742
2013-05-17,6.1,-0.813,0.0787,0.000312,-1.626,-2.439,-1.638,-2.459,383.005359,543.392183,269.017359,497.755598,232.296509
2013-05-20,5.996,-1.7049,0.0785,0.000311,-3.4098,-5.1148,-3.4219,-5.1347,376.475426,524.863384,255.25777,480.723114,220.368672
2013-05-21,5.8393,-2.6129,0.0784,0.000311,-5.2257,-7.8386,-5.2377,-7.8586,366.638671,497.43555,235.249227,455.544151,203.050887
2013-05-22,5.816,-0.3996,0.0783,0.000311,-0.7992,-1.1988,-0.8112,-1.2187,365.173639,493.460199,232.429169,451.848839,200.576224
2013-05-23,6.182,6.293,0.0782,0.000311,12.586,18.879,12.574,18.859,388.153972,555.56698,276.309387,508.664127,238.402849
2013-05-24,6.472,4.691,0.0782,0.00031,9.3821,14.0731,9.3701,14.0531,406.362422,607.690693,315.19472,556.326256,271.905907
2013-05-28,7.3553,13.6485,0.0778,0.000309,27.2971,40.9456,27.285,40.9256,461.824909,773.572359,444.253036,708.120098,383.185031
2013-05-29,6.9753,-5.1663,0.0778,0.000309,-10.3326,-15.4989,-10.3446,-15.5189,437.965581,693.641995,375.398507,634.867594,323.718829
2013-05-30,6.9967,0.3058,0.0777,0.000308,0.6117,0.9175,0.5997,0.8976,439.305076,697.884931,378.842918,638.674736,326.624377
2013-05-31,6.5173,-6.8509,0.0776,0.000308,-13.7018,-20.5527,-13.7138,-20.5726,409.208774,602.262288,300.980595,551.088211,259.429095
2013-06-03,6.1727,-5.2885,0.0773,0.000307,-10.5769,-15.8654,-10.5889,-15.8853,387.567966,538.561589,253.228956,492.73394,218.217917
2013-06-04,6.3227,2.4301,0.0773,0.000307,4.8601,7.2902,4.8481,7.2702,396.986136,564.73643,271.689874,516.622302,234.082862
2013-06-05,6.358,0.5588,0.0772,0.000306,1.1177,1.6765,1.1056,1.6565,399.204596,571.048213,276.244692,522.334277,237.960442
2013-06-06,6.49,2.0761,0.0771,0.000306,4.1522,6.2284,4.1402,6.2084,407.492579,594.759552,293.45024,543.960149,252.733968
2013-06-07,6.8027,4.8177,0.077,0.000306,9.6354,14.453,9.6233,14.4331,427.124265,652.066767,335.862714,596.307319,289.211216
2013-06-10,6.67,-1.9502,0.0768,0.000305,-3.9004,-5.8507,-3.9125,-5.8706,418.794396,626.633277,316.212515,572.977072,272.232672
2013-06-11,6.298,-5.5772,0.0767,0.000304,-11.1544,-16.7316,-11.1664,-16.7516,395.437334,556.735912,263.304963,508.995932,226.629296
2013-06-12,6.5153,3.4508,0.0766,0.000304,6.9017,10.3525,6.8897,10.3325,409.083207,595.15994,290.563589,544.063976,250.045812
2013-06-13,6.5453,0.4604,0.0765,0.000304,0.9209,1.3813,0.9089,1.3614,410.966823,600.640746,294.577274,549.0089,253.449866
2013-06-14,6.6867,2.1593,0.0764,0.000303,4.3186,6.4779,4.3066,6.458,419.840873,626.580143,313.659787,572.652578,269.817556
2013-06-17,6.8133,1.8943,0.0762,0.000302,3.7886,5.6829,3.7766,5.663,427.793952,650.318859,331.484835,594.279418,285.097201
2013-06-18,6.8927,1.1644,0.0761,0.000302,2.3288,3.4932,2.3168,3.4732,432.775143,665.463357,343.064166,608.047517,294.999201
2013-06-19,6.9787,1.2477,0.076,0.000302,2.4954,3.7431,2.4834,3.7231,438.174889,682.069361,355.905425,623.147749,305.98243
2013-06-20,6.71,-3.8498,0.0759,0.000301,-7.6997,-11.5495,-7.7117,-11.5695,421.305904,629.552351,314.800173,575.092676,270.58193
2013-06-21,6.6367,-1.0929,0.0759,0.000301,-2.1858,-3.2787,-2.1978,-3.2987,416.701473,615.791658,304.478866,562.453303,261.656372
2013-06-24,6.766,1.9488,0.0756,0.0003,3.8975,5.8463,3.8855,5.8263,424.822004,639.792318,322.279595,584.307555,276.901333
2013-06-25,6.8267,0.8966,0.0755,0.0003,1.7933,2.6899,1.7813,2.67,428.631152,651.265657,330.948713,594.715738,284.294522
2013-06-26,7.048,3.2422,0.0755,0.000299,6.4844,9.7265,6.4724,9.7066,442.528158,693.496105,363.138601,633.207883,311.889811
2013-06-27,7.2833,3.339,0.0754,0.000299,6.678,10.017,6.666,9.997,457.304188,739.807825,399.514233,675.417531,343.069583
2013-06-28,7.1573,-1.73,0.0753,0.000299,-3.46,-5.1899,-3.472,-5.2099,449.392935,714.210825,378.779729,651.96732,325.196031
2013-07-01,7.812,9.1468,0.075,0.000298,18.2936,27.4404,18.2816,27.4204,490.498006,844.865692,482.718398,771.157347,414.366208
2013-07-02,7.8547,0.5462,0.075,0.000297,1.0924,1.6385,1.0804,1.6186,493.176996,854.094626,490.627897,779.488555,421.073026
2013-07-03,7.6827,-2.1898,0.0749,0.000297,-4.3796,-6.5694,-4.3916,-6.5893,482.377475,816.688935,458.396792,745.256726,393.327187
2013-07-05,8.006,4.2086,0.0747,0.000296,8.4172,12.6258,8.4052,12.6058,502.678818,885.431292,516.273068,807.897037,442.909402
2013-07-08,8.1073,1.2657,0.0745,0.000295,2.5314,3.7972,2.5194,3.7772,509.041329,907.845471,535.876798,828.251519,459.639006
2013-07-09,8.23,1.513,0.0744,0.000295,3.0261,4.5391,3.0141,4.5191,516.743276,935.317415,560.200723,853.2155,480.410707
2013-07-10,8.1513,-0.9559,0.0743,0.000295,-1.9117,-2.8676,-1.9237,-2.8875,511.80397,917.436898,544.136639,836.802134,466.538784
2013-07-11,8.374,2.7317,0.0742,0.000295,5.4633,8.195,5.4513,8.175,525.784717,967.559421,588.728536,882.418897,504.678457
2013-07-12,8.66,3.4153,0.0741,0.000294,6.8307,10.246,6.8187,10.2261,543.742034,1033.650238,649.049715,942.588149,556.287157
2013-07-15,8.484,-2.0323,0.0739,0.000293,-4.0647,-6.097,-4.0767,-6.1169,532.69141,991.635902,609.477249,904.162068,522.259423
2013-07-16,7.27,-14.3093,0.0738,0.000293,-28.6186,-42.9279,-28.6306,-42.9478,456.467049,707.843781,347.841641,645.295224,297.960375
2013-07-17,8.0167,10.2705,0.0737,0.000293,20.5411,30.8116,20.5291,30.7916,503.348625,853.242368,455.01716,777.768249,389.707243
2013-07-18,7.9353,-1.0146,0.0736,0.000292,-2.0291,-3.0437,-2.0411,-3.0637,498.241808,835.92891,441.167776,761.892942,377.767956
2013-07-19,7.9787,0.5461,0.0736,0.000292,1.0922,1.6383,1.0802,1.6183,500.962653,845.058747,448.395287,770.122761,383.881447
2013-07-22,8.162,2.2978,0.0733,0.000291,4.5956,6.8934,4.5836,6.8734,512.473718,883.894079,479.304819,805.421958,410.267231
2013-07-23,8.1827,0.2532,0.0732,0.000291,0.5064,0.7596,0.4944,0.7397,513.771357,888.370312,482.945775,809.404165,413.301922
2013-07-24,8.1133,-0.8473,0.0732,0.00029,-1.6947,-2.542,-1.7067,-2.5619,509.418028,873.315491,470.66937,795.590447,402.713417
2013-07-25,8.2713,1.9474,0.0731,0.00029,3.8948,5.8422,3.8828,5.8223,519.338495,907.329587,498.166982,826.481848,426.160561
2013-07-26,8.626,4.2879,0.073,0.00029,8.5758,12.8637,8.5638,12.8438,541.607285,985.140618,562.249902,897.260371,480.895766
2013-07-29,8.9747,4.042,0.0727,0.000289,8.0841,12.1261,8.0721,12.1062,563.499256,1064.780129,630.428962,969.687951,539.113828
2013-07-30,8.7827,-2.1393,0.0727,0.000288,-4.2787,-6.418,-4.2907,-6.438,551.44404,1019.221404,589.967736,928.081622,504.405742
2013-07-31,8.952,1.928,0.0726,0.000288,3.8561,5.7841,3.8441,5.7642,562.07605,1058.523204,624.09201,963.757698,533.480448
2013-08-01,9.0367,0.9458,0.0725,0.000288,1.8916,2.8374,1.8796,2.8174,567.392114,1078.546038,641.799828,981.872372,548.5109
2013-08-02,9.2,1.8074,0.0724,0.000287,3.6149,5.4223,3.6029,5.4024,577.647424,1117.534328,676.600398,1017.248249,578.143655
2013-08-05,9.6453,4.8406,0.0722,0.000286,9.6812,14.5217,9.6692,14.5018,605.608918,1225.724646,774.854577,1115.607713,661.984928
2013-08-06,9.4767,-1.7487,0.0721,0.000286,-3.4974,-5.246,-3.5093,-5.266,595.018764,1182.856675,734.205427,1076.457137,627.12498
2013-08-07,8.9487,-5.5716,0.072,0.000286,-11.1432,-16.7148,-11.1552,-16.7347,561.866772,1051.048882,611.48473,956.376541,522.177499
2013-08-08,10.232,14.3411,0.0719,0.000285,28.6821,43.0232,28.6701,43.0032,642.444432,1352.512016,874.564934,1230.570951,746.730787
2013-08-09,10.2,-0.3127,0.0718,0.000285,-0.6255,-0.9382,-0.6375,-0.9582,640.435189,1344.052064,866.359339,1222.726177,739.575732
2013-08-12,9.8253,-3.6732,0.0716,0.000284,-7.3464,-11.0196,-7.3584,-11.0396,616.910675,1245.312419,770.889808,1132.753025,657.929855
2013-08-13,9.6953,-1.3231,0.0715,0.000284,-2.6462,-3.9693,-2.6582,-3.9893,608.748259,1212.358673,740.290611,1102.642034,631.683274
2013-08-14,9.2907,-4.1738,0.0714,0.000283,-8.3476,-12.5215,-8.3596,-12.5414,583.340188,1111.155281,647.595368,1010.465192,552.461356
2013-08-15,9.3113,0.2224,0.0713,0.000283,0.4449,0.6673,0.4329,0.6474,584.637768,1116.09858,651.916894,1014.839392,556.037922
2013-08-16,9.4667,1.6682,0.0713,0.000283,3.3365,5.0047,3.3245,4.9848,594.390872,1153.336769,684.543319,1048.577438,583.755079
2013-08-19,9.66,2.0422,0.071,0.000282,4.0845,6.1267,4.0725,6.1068,606.529799,1200.444727,726.483503,1091.280804,619.403896
2013-08-20,9.972,3.2298,0.0709,0.000281,6.4596,9.6894,6.4476,9.6695,626.119598,1277.989052,796.875757,1161.642719,679.29729
2013-08-21,9.8573,-1.1499,0.0708,0.000281,-2.2998,-3.4497,-2.3118,-3.4696,618.919918,1248.598139,769.386195,1134.788262,655.728428
2013-08-22,10.4733,6.2492,0.0708,0.000281,12.4983,18.7475,12.4863,18.7275,657.597192,1404.651842,913.626637,1276.481622,778.53025
2013-08-23,10.7893,3.0172,0.0707,0.00028,6.0344,9.0516,6.0224,9.0316,677.438125,1489.413769,996.324092,1353.35627,848.844244
2013-08-26,10.948,1.4706,0.0704,0.00028,2.9412,4.4118,2.9292,4.3918,687.400446,1533.220041,1040.279551,1392.998641,886.124117
2013-08-27,11.134,1.6989,0.0704,0.000279,3.3979,5.0968,3.3859,5.0769,699.078962,1585.316996,1093.300704,1440.164084,931.111702
2013-08-28,11.0967,-0.3353,0.0703,0.000279,-0.6706,-1.0059,-0.6826,-1.0258,696.734936,1574.685794,1082.303123,1430.333677,921.560088
2013-08-29,11.0707,-0.2343,0.0702,0.000279,-0.4686,-0.7029,-0.4806,-0.7228,695.102453,1567.306665,1074.695459,1423.459572,914.898715
2013-08-30,11.2667,1.7704,0.0701,0.000278,3.5409,5.3113,3.5289,5.2914,707.408861,1622.803277,1131.776142,1473.692121,963.309795
2013-09-03,11.2627,-0.0355,0.0698,0.000277,-0.071,-0.1065,-0.083,-0.1264,707.157668,1621.6508,1130.5705,1472.468942,962.091733
2013-09-04,11.3747,0.9944,0.0697,0.000277,1.9889,2.9833,1.9769,2.9634,714.189927,1653.903489,1164.299037,1501.578138,990.602377
2013-09-05,11.3287,-0.4044,0.0696,0.000276,-0.8088,-1.2132,-0.8208,-1.2332,711.30166,1640.526332,1150.173354,1489.253096,978.386739
2013-09-06,11.1313,-1.7419,0.0695,0.000276,-3.4838,-5.2257,-3.4958,-5.2456,698.911541,1583.373881,1090.068961,1437.192237,927.064502
2013-09-09,10.7133,-3.7552,0.0693,0.000275,-7.5103,-11.2655,-7.5223,-11.2854,672.666241,1464.457195,967.267212,1329.082088,822.4414
2013-09-10,11.0913,3.5283,0.0692,0.000275,7.0566,10.5849,7.0447,10.565,696.400032,1567.798554,1069.651947,1422.711287,909.332614
2013-09-11,10.9013,-1.7131,0.0691,0.000274,-3.4261,-5.1392,-3.4381,-5.1591,684.470324,1514.084081,1014.680799,1373.79721,862.419455
2013-09-12,10.9953,0.8623,0.069,0.000274,1.7246,2.5868,1.7126,2.5669,690.372365,1540.195328,1040.928926,1397.324544,884.557097
2013-09-13,11.036,0.3699,0.069,0.000274,0.7397,1.1096,0.7277,1.0897,692.925788,1551.588516,1052.478921,1407.493484,894.195877
2013-09-16,11.1053,0.6282,0.0687,0.000273,1.2565,1.8847,1.2445,1.8648,697.279057,1571.084058,1072.315347,1425.009884,910.871051
2013-09-17,11.082,-0.2101,0.0686,0.000272,-0.4202,-0.6303,-0.4322,-0.6502,695.813996,1564.482011,1065.556183,1418.850975,904.948172
2013-09-18,11.0813,-0.006,0.0685,0.000272,-0.012,-0.018,-0.024,-0.038,695.77214,1564.293793,1065.363893,1418.510323,904.604699
2013-09-19,11.8613,7.0389,0.0685,0.000272,14.0777,21.1166,14.0657,21.0967,744.74658,1784.510752,1290.332372,1618.034378,1095.446231
2013-09-20,12.226,3.0744,0.0684,0.000271,6.1488,9.2233,6.1369,9.2033,767.643202,1894.237387,1409.342999,1717.33085,1196.263936
2013-09-23,12.074,-1.2432,0.0681,0.00027,-2.4865,-3.7297,-2.4985,-3.7496,758.099495,1847.137258,1356.778121,1674.423814,1151.408234
2013-09-24,12.1553,0.6736,0.0681,0.00027,1.3472,2.0208,1.3353,2.0009,763.206162,1872.022423,1384.19648,1696.781599,1174.4472
2013-09-25,12.3493,1.596,0.068,0.00027,3.192,4.788,3.18,4.7681,775.387004,1931.777729,1450.472196,1750.739977,1230.446293
2013-09-26,12.576,1.8355,0.0679,0.000269,3.6709,5.5064,3.6589,5.4865,789.618944,2002.69185,1530.340827,1814.798673,1297.954536
2013-09-27,12.7267,1.1981,0.0678,0.000269,2.3961,3.5942,2.3841,3.5743,799.079,2050.678484,1585.343725,1858.065855,1344.346764
2013-09-30,12.8913,1.2939,0.0676,0.000268,2.5877,3.8816,2.5757,3.8617,809.417961,2103.744289,1646.880096,1905.924893,1396.261105
2013-10-01,12.8667,-0.1913,0.0675,0.000268,-0.3827,-0.574,-0.3946,-0.5939,807.869249,2095.693825,1637.426845,1898.403213,1387.968567
2013-10-02,12.0633,-6.2435,0.0674,0.000267,-12.4871,-18.7306,-12.499,-18.7505,757.429688,1834.003268,1330.727123,1661.121143,1127.717648
2013-10-03,11.554,-4.2222,0.0673,0.000267,-8.4443,-12.6665,-8.4563,-12.6864,725.449828,1679.134329,1162.171018,1520.652015,984.651263
2013-10-04,12.0653,4.4256,0.0672,0.000267,8.8512,13.2768,8.8392,13.2569,757.555314,1827.757764,1316.470033,1655.065803,1115.185418
2013-10-07,12.2047,1.1548,0.067,0.000266,2.3097,3.4645,2.2977,3.4446,766.303767,1869.972644,1362.078887,1693.093948,1153.598919
2013-10-08,11.6487,-4.5556,0.0669,0.000265,-9.1113,-13.6669,-9.1232,-13.6868,731.393785,1699.594488,1175.92497,1538.628984,995.708224
2013-10-09,11.252,-3.4053,0.0668,0.000265,-6.8105,-10.2158,-6.8225,-10.2357,706.487921,1583.843245,1055.79504,1433.656134,893.790744
2013-10-10,11.5287,2.4588,0.0667,0.000265,4.9177,7.3765,4.9057,7.3566,723.859261,1661.731284,1133.675669,1503.986854,959.543322
2013-10-11,11.9133,3.3366,0.0667,0.000265,6.6732,10.0098,6.6612,9.9899,748.011547,1772.621928,1247.154328,1604.170857,1055.40079
2013-10-14,11.9813,0.5708,0.0664,0.000264,1.1416,1.7124,1.1296,1.6925,752.281105,1792.857744,1268.510138,1622.29166,1073.263142
2013-10-15,12.2627,2.3481,0.0663,0.000263,4.6962,7.0443,4.6842,7.0244,769.945433,1877.054003,1357.867877,1698.283607,1148.653596
2013-10-16,12.2373,-0.2066,0.0662,0.000263,-0.4132,-0.6198,-0.4251,-0.6397,768.354805,1869.298403,1349.452232,1691.063378,1141.306119
2013-10-17,12.1867,-0.414,0.0662,0.000263,-0.8281,-1.2421,-0.84,-1.262,765.173609,1853.819606,1332.690945,1676.85806,1126.903167
2013-10-18,12.2267,0.3282,0.0661,0.000262,0.6565,0.9847,0.6445,0.9648,767.685117,1865.989088,1345.813709,1687.665174,1137.775441
2013-10-21,11.5067,-5.8888,0.0658,0.000261,-11.7775,-17.6663,-11.7895,-17.6862,722.47791,1646.221493,1108.058105,1488.697775,936.546244
2013-10-22,11.436,-0.6141,0.0658,0.000261,-1.2283,-1.8424,-1.2403,-1.8623,718.04087,1626.001221,1087.642957,1470.234184,919.104824
2013-10-23,10.9667,-4.104,0.0657,0.000261,-8.208,-12.312,-8.22,-12.3319,688.572519,1492.539251,953.732567,1349.381611,805.762041
2013-10-24,11.5433,5.2584,0.0656,0.00026,10.5167,15.7751,10.5047,15.7552,724.780081,1649.505163,1104.184392,1491.130584,932.711204
2013-10-25,11.3107,-2.0156,0.0655,0.00026,-4.0312,-6.0468,-4.0431,-6.0666,710.171502,1583.010712,1037.416973,1430.842058,876.126895
2013-10-28,10.8573,-4.008,0.0653,0.000259,-8.016,-12.0241,-8.028,-12.0439,681.707682,1456.115924,912.677318,1315.973967,770.606657
2013-10-29,10.9647,0.9886,0.0652,0.000259,1.9772,2.9658,1.9652,2.9459,688.446953,1484.905857,939.745134,1341.835594,793.307784
2013-10-30,10.6147,-3.1921,0.0651,0.000258,-6.3841,-9.5762,-6.3961,-9.5961,666.471211,1390.107246,849.753032,1256.010257,717.181127
2013-10-31,10.6627,0.4522,0.065,0.000258,0.9044,1.3566,0.8925,1.3367,669.485045,1402.679589,861.280976,1267.219532,726.767988
2013-11-01,10.8113,1.3943,0.0649,0.000258,2.7885,4.1828,2.7766,4.1629,678.819415,1441.793622,897.306495,1302.404621,757.022635
2013-11-04,11.68,8.0348,0.0647,0.000257,16.0696,24.1044,16.0576,24.0845,733.361112,1673.483728,1113.596503,1511.5397,939.347629
2013-11-05,11.7873,0.9189,0.0646,0.000256,1.8379,2.7568,1.8259,2.7369,740.100263,1704.24036,1144.296364,1539.139174,965.057039
2013-11-06,10.0773,-14.5071,0.0645,0.000256,-29.0142,-43.5213,-29.0261,-43.5412,632.733243,1209.768953,646.284012,1092.386408,544.860098
2013-11-07,9.318,-7.5351,0.0644,0.000256,-15.0701,-22.6052,-15.0821,-22.6251,585.056383,1027.455202,500.190254,927.631688,421.585114
2013-11-08,9.1967,-1.3021,0.0644,0.000255,-2.6043,-3.9064,-2.6162,-3.9263,577.438147,1000.697454,480.650767,903.362656,405.032473
2013-11-11,9.6467,4.8931,0.0641,0.000254,9.7862,14.6792,9.7742,14.6594,605.692629,1098.62721,551.206576,991.659034,464.407607
2013-11-12,9.1867,-4.7685,0.064,0.000254,-9.537,-14.3054,-9.5489,-14.3253,576.810315,993.851636,472.354098,896.966359,397.879803
2013-11-13,9.2467,0.6531,0.0639,0.000254,1.3062,1.9593,1.2943,1.9395,580.577547,1006.833616,481.609138,908.575517,405.596567
2013-11-14,9.1733,-0.7931,0.0639,0.000253,-1.5862,-2.3792,-1.5981,-2.3991,575.973086,990.863564,470.150458,894.055339,395.865815
2013-11-15,9.03,-1.5625,0.0638,0.000253,-3.125,-4.6875,-3.137,-4.7074,566.9735,959.899055,448.112139,866.009165,377.230928
2013-11-18,8.1053,-10.2399,0.0635,0.000252,-20.4799,-30.7198,-20.4918,-30.7397,508.915763,763.312913,310.452919,688.547994,261.271332
2013-11-19,8.406,3.7095,0.0635,0.000252,7.419,11.1285,7.407,11.1086,527.79396,819.942998,345.001611,739.548942,290.294949
2013-11-20,8.074,-3.9496,0.0634,0.000251,-7.8991,-11.8487,-7.9111,-11.8685,506.948436,755.174763,304.123504,681.042692,255.841179
2013-11-21,8.14,0.8174,0.0633,0.000251,1.6349,2.4523,1.6229,2.4324,511.092427,767.520941,311.581571,692.095467,262.064382
2013-11-22,8.092,-0.5897,0.0632,0.000251,-1.1794,-1.7691,-1.1913,-1.7889,508.078593,758.469034,306.069525,683.85035,257.376258
2013-11-25,8.056,-0.4449,0.063,0.00025,-0.8898,-1.3347,-0.9017,-1.3545,505.818218,751.720375,301.984535,677.683865,253.890031
2013-11-26,8.0333,-0.2814,0.0629,0.00025,-0.5627,-0.8441,-0.5747,-0.864,504.395012,747.490188,299.43548,673.789284,251.696509
2013-11-27,8.4627,5.3444,0.0628,0.000249,10.6888,16.0332,10.6769,16.0134,531.351975,827.388142,347.444703,745.728919,292.001631
2013-11-29,8.4853,0.2678,0.0626,0.000249,0.5357,0.8035,0.5237,0.7836,532.775121,831.820211,350.236438,749.634413,294.28988
2013-12-02,8.278,-2.4434,0.0624,0.000248,-4.8869,-7.3303,-4.8988,-7.3502,519.757109,791.170247,324.563044,712.91115,272.659092
2013-12-03,9.6467,16.5338,0.0623,0.000247,33.0676,49.6014,33.0556,49.5815,605.692629,1052.791012,485.550705,948.568317,407.847543
2013-12-04,9.2633,-3.9737,0.0622,0.000247,-7.9475,-11.9212,-7.9594,-11.9411,581.623994,969.120709,427.667174,873.067702,359.146176
2013-12-05,9.3653,1.1011,0.0621,0.000247,2.2022,3.3033,2.1903,3.2835,588.028301,990.462836,441.794403,892.190177,370.938616
2013-12-06,9.1573,-2.2209,0.0621,0.000246,-4.4419,-6.6628,-4.4538,-6.6827,574.968494,946.467494,412.358323,852.453366,346.149887
2013-12-09,9.44,3.0868,0.0618,0.000245,6.1735,9.2603,6.1616,9.2405,592.716474,1004.898123,450.544034,904.978105,378.135754
2013-12-10,9.4793,0.4167,0.0617,0.000245,0.8333,1.25,0.8214,1.2301,595.186126,1013.272276,456.175836,912.411435,382.787373
2013-12-11,9.31,-1.7863,0.0616,0.000245,-3.5727,-5.359,-3.5846,-5.3789,584.554117,977.071431,431.72937,879.70497,362.197796
2013-12-12,9.8313,5.5997,0.0616,0.000244,11.1994,16.7991,11.1875,16.7793,617.287434,1086.497705,504.256109,978.12164,422.971932
2013-12-13,9.8433,0.1221,0.0615,0.000244,0.2441,0.3662,0.2322,0.3463,618.040893,1089.150054,506.102587,980.392534,424.436792
2013-12-16,9.8627,0.1964,0.0612,0.000243,0.3928,0.5892,0.3809,0.5694,619.254821,1093.428575,509.08478,984.126671,426.853517
2013-12-17,10.164,3.0553,0.0612,0.000243,6.1106,9.1659,6.0986,9.146,638.174814,1160.243268,555.746735,1044.144804,465.893544
2013-12-18,9.8653,-2.9385,0.0611,0.000242,-5.877,-8.8154,-5.8889,-8.8353,619.422183,1092.056267,506.755238,982.656099,424.730519
2013-12-19,9.3813,-4.9061,0.061,0.000242,-9.8121,-14.7182,-9.8241,-14.738,589.032952,984.90237,432.170072,886.119269,362.133597
2013-12-20,9.5493,1.7908,0.0609,0.000242,3.5816,5.3723,3.5696,5.3525,599.581251,1020.177287,455.387749,917.750331,381.516793
2013-12-23,9.57,0.2164,0.0607,0.000241,0.4328,0.6493,0.4209,0.6294,600.87889,1024.59311,458.344458,921.613156,383.91816
2013-12-24,10.094,5.4754,0.0606,0.00024,10.9509,16.4263,10.9389,16.4065,633.779689,1136.795195,533.633669,1022.427916,446.905664
2013-12-26,10.3667,2.7013,0.0604,0.00024,5.4026,8.1038,5.3906,8.084,650.899837,1198.211177,576.878445,1077.543003,483.033462
2013-12-27,10.0747,-2.8167,0.0603,0.000239,-5.6334,-8.4502,-5.6454,-8.47,632.565821,1130.710707,528.13132,1016.711577,442.120531
2013-12-30,10.1627,0.8735,0.0601,0.000238,1.747,2.6204,1.735,2.6006,638.091163,1150.463792,541.9707,1034.351697,453.618322
2013-12-31,10.0287,-1.3185,0.06,0.000238,-2.6371,-3.9556,-2.649,-3.9755,629.677613,1120.124917,520.53224,1006.951266,435.584768
2014-01-02,10.0067,-0.2194,0.0598,0.000237,-0.4387,-0.6581,-0.4507,-0.678,628.296263,1115.210386,517.106499,1002.413014,432.631666
2014-01-03,9.9707,-0.3598,0.0598,0.000237,-0.7195,-1.0793,-0.7315,-1.0991,626.035887,1107.186165,511.52543,995.080676,427.876493
2014-01-06,9.8,-1.7117,0.0595,0.000236,-3.4234,-5.1351,-3.4353,-5.1549,615.320107,1069.283023,485.258274,960.896489,405.819884
2014-01-07,9.9573,1.6054,0.0594,0.000236,3.2109,4.8163,3.1989,4.7965,625.198658,1103.616264,508.629761,991.634832,425.28488
2014-01-08,10.0853,1.2855,0.0593,0.000235,2.571,3.8565,2.559,3.8366,633.235508,1131.989961,528.244876,1017.011095,441.601471
2014-01-09,9.8353,-2.4788,0.0593,0.000235,-4.9577,-7.4365,-4.9696,-7.4564,617.538567,1075.869356,488.961725,966.469345,408.673999
2014-01-10,9.7147,-1.2269,0.0592,0.000235,-2.4537,-3.6806,-2.4657,-3.7004,609.962247,1049.470581,470.965129,942.639527,393.551393
2014-01-13,9.2893,-4.3783,0.0589,0.000234,-8.7565,-13.1348,-8.7685,-13.1546,583.256477,957.573354,409.104811,859.984442,341.78116
2014-01-14,10.7513,15.7385,0.0588,0.000234,31.477,47.2154,31.465,47.1956,675.052183,1258.98834,602.265451,1130.578724,503.086859
2014-01-15,10.942,1.7734,0.0588,0.000233,3.5469,5.3203,3.5349,5.3005,687.023747,1303.642843,634.307683,1170.543737,529.752739
2014-01-16,11.398,4.1674,0.0587,0.000233,8.3348,12.5023,8.3229,12.4824,715.654929,1412.299451,713.610524,1267.966987,595.878787
2014-01-17,11.334,-0.5615,0.0586,0.000233,-1.123,-1.6845,-1.1349,-1.7043,711.636503,1396.439239,701.589687,1253.576256,585.722989
2014-01-21,11.7787,3.9233,0.0583,0.000231,7.8466,11.7699,7.8347,11.7501,739.556202,1506.012488,784.166279,1351.789947,654.546021
2014-01-22,11.904,1.0641,0.0582,0.000231,2.1281,3.1922,2.1162,3.1724,747.42557,1538.062431,809.198426,1380.396463,675.310655
2014-01-23,12.1,1.6465,0.0581,0.000231,3.293,4.9395,3.2811,4.9197,759.731978,1588.711017,849.168932,1425.688312,708.533861
2014-01-24,11.64,-3.8017,0.058,0.00023,-7.6033,-11.405,-7.6152,-11.4248,730.849604,1467.916454,752.321562,1317.118685,627.585392
2014-01-27,11.308,-2.8522,0.0578,0.000229,-5.7045,-8.5567,-5.7164,-8.5765,710.00402,1384.179457,687.947515,1241.82671,573.760259
2014-01-28,11.892,5.1645,0.0577,0.000229,10.329,15.4935,10.317,15.4736,746.672112,1527.151096,794.534471,1369.946544,662.541908
2014-01-29,11.682,-1.7659,0.0576,0.000229,-3.5318,-5.2977,-3.5437,-5.3175,733.486679,1473.215377,752.442577,1321.399452,627.311226
2014-01-30,12.1893,4.3429,0.0575,0.000228,8.6857,13.0286,8.6738,13.0088,765.340971,1601.174712,850.475139,1436.014779,708.91661
2014-01-31,12.094,-0.7821,0.0575,0.000228,-1.5642,-2.3463,-1.5761,-2.3661,759.355219,1576.129051,830.520372,1413.38118,692.142728
2014-02-03,11.8073,-2.3703,0.0572,0.000227,-4.7406,-7.111,-4.7526,-7.1308,741.356047,1501.41035,771.462324,1346.209115,642.787495
2014-02-04,11.9153,0.9147,0.0571,0.000227,1.8294,2.7441,1.8174,2.7242,748.137113,1528.876674,792.631655,1370.675594,660.29853
2014-02-05,11.628,-2.4115,0.057,0.000226,-4.8229,-7.2344,-4.8348,-7.2542,730.096146,1455.140419,735.289858,1304.405667,612.399327
2014-02-06,11.892,2.2704,0.057,0.000226,4.5408,6.8111,4.5288,6.7913,746.672112,1521.21489,785.371508,1363.479984,653.989365
2014-02-07,12.4353,4.5689,0.0569,0.000226,9.1378,13.7067,9.1259,13.6869,780.78678,1660.220325,893.019916,1487.909242,743.500038
2014-02-10,13.104,5.3772,0.0566,0.000225,10.7543,16.1315,10.7424,16.1116,822.770876,1838.765484,1037.077046,1647.746018,863.290111
2014-02-11,13.108,0.0305,0.0565,0.000224,0.061,0.0916,0.0491,0.0718,823.022009,1839.88797,1038.026682,1648.555307,863.909562
2014-02-12,13.0213,-0.6612,0.0565,0.000224,-1.3224,-1.9835,-1.3343,-2.0033,817.580378,1815.558144,1017.437105,1626.558895,846.602483
2014-02-13,13.3087,2.2066,0.0564,0.000224,4.4133,6.6199,4.4014,6.6001,835.621465,1895.683949,1084.790746,1698.149569,902.479255
2014-02-14,13.2153,-0.7013,0.0563,0.000223,-1.4026,-2.1039,-1.4145,-2.1237,829.761219,1869.094939,1061.967707,1674.128607,883.313091
2014-02-18,13.58,2.7594,0.056,0.000222,5.5188,8.2783,5.5069,8.2585,852.657841,1972.247411,1149.880251,1766.321489,956.261146
2014-02-19,12.9093,-4.9386,0.0559,0.000222,-9.8773,-14.8159,-9.8892,-14.8357,810.548179,1777.44319,979.515069,1591.64644,814.392967
2014-02-20,13.998,8.4332,0.0558,0.000221,16.8664,25.2995,16.8544,25.2797,878.903141,2077.233049,1227.327786,1859.909313,1020.269253
2014-02-21,13.9733,-0.1762,0.0557,0.000221,-0.3524,-0.5286,-0.3644,-0.5485,877.354369,2069.912194,1220.839524,1853.132539,1014.673516
2014-02-24,14.51,3.8407,0.0555,0.00022,7.6813,11.522,7.6694,11.5021,911.050482,2228.908372,1361.504055,1995.256206,1131.38274
2014-02-25,16.5333,13.9444,0.0554,0.00022,27.8888,41.8332,27.8769,41.8134,1038.091013,2850.524208,1931.064804,2551.471295,1604.452306
2014-02-26,16.8667,2.0161,0.0553,0.00022,4.0323,6.0484,4.0203,6.0286,1059.020308,2965.464923,2047.863305,2654.049116,1701.178233
2014-02-27,16.836,-0.1818,0.0552,0.000219,-0.3636,-0.5454,-0.3756,-0.5653,1057.094836,2954.681526,2036.693256,2644.081619,1691.562283
2014-02-28,16.3207,-3.0609,0.0552,0.000219,-6.1218,-9.1827,-6.1337,-9.2025,1024.738218,2773.801819,1849.669811,2481.900906,1535.896206
2014-03-03,16.704,2.3488,0.0549,0.000218,4.6975,7.0463,4.6856,7.0265,1048.806853,2904.10168,1980.002691,2598.19272,1643.815605
2014-03-04,16.9893,1.7082,0.0548,0.000218,3.4163,5.1245,3.4044,5.1047,1066.722195,3003.31532,2081.467772,2686.645701,1727.727327
2014-03-05,16.844,-0.8554,0.0547,0.000217,-1.7109,-2.5663,-1.7228,-2.5861,1057.597102,2951.932626,2028.051092,2640.360455,1683.046601
2014-03-06,16.8627,0.1108,0.0547,0.000217,0.2216,0.3325,0.2097,0.3127,1058.769175,2958.475535,2034.793803,2645.897952,1688.309044
2014-03-07,16.414,-2.6607,0.0546,0.000217,-5.3214,-7.9821,-5.3334,-8.0019,1030.598344,2801.042325,1872.373607,2504.782872,1553.211508
2014-03-10,15.9227,-2.9934,0.0543,0.000216,-5.9868,-8.9801,-5.9987,-8.9999,999.748643,2633.350771,1704.231963,2354.529028,1413.423568
2014-03-11,15.6273,-1.8548,0.0542,0.000215,-3.7096,-5.5644,-3.7215,-5.5842,981.20529,2535.66391,1609.401601,2266.90465,1334.495167
2014-03-12,16.0993,3.0203,0.0542,0.000215,6.0407,9.061,6.0288,9.0413,1010.841122,2688.835753,1755.230279,2403.571309,1455.150273
2014-03-13,15.8527,-1.5322,0.0541,0.000215,-3.0643,-4.5965,-3.0762,-4.6162,995.353518,2606.44175,1674.551988,2329.632136,1387.976974
2014-03-14,15.398,-2.8681,0.054,0.000214,-5.7362,-8.6042,-5.7481,-8.624,966.805988,2456.932106,1530.46954,2195.723025,1268.277393
2014-03-17,15.5987,1.3032,0.0538,0.000213,2.6064,3.9096,2.5945,3.8898,979.405444,2520.969792,1590.30497,2252.690812,1317.611112
2014-03-18,16.0027,2.59,0.0537,0.000213,5.1799,7.7699,5.168,7.7501,1004.771659,2651.554039,1713.869786,2369.109914,1419.727168
2014-03-19,15.7227,-1.7497,0.0536,0.000213,-3.4994,-5.2491,-3.5113,-5.2689,987.191102,2558.7652,1623.9067,2285.922588,1344.923013
2014-03-20,15.6607,-0.3943,0.0535,0.000212,-0.7887,-1.183,-0.8006,-1.2028,983.298303,2538.5852,1604.696006,2267.621942,1328.746519
2014-03-21,15.2593,-2.5627,0.0534,0.000212,-5.1254,-7.6881,-5.1373,-7.7079,958.09939,2408.472931,1481.32573,2151.12732,1226.328506
2014-03-24,14.678,-3.8097,0.0532,0.000211,-7.6194,-11.429,-7.6313,-11.4488,921.59884,2224.962562,1312.024285,1986.968697,1085.928164
2014-03-25,14.696,0.1226,0.0531,0.000211,0.2453,0.3679,0.2333,0.3481,922.728998,2230.41951,1316.851096,1991.605153,1089.708322
2014-03-26,14.1973,-3.3932,0.053,0.00021,-6.7864,-10.1796,-6.7983,-10.1994,891.418827,2079.053687,1182.80036,1856.208961,978.564302
2014-03-27,13.8213,-2.6484,0.0529,0.00021,-5.2968,-7.9452,-5.3087,-7.9649,867.810602,1968.93089,1088.824949,1757.668555,900.622166
2014-03-28,14.158,2.4359,0.0528,0.00021,4.8717,7.3076,4.8598,7.2878,888.949174,2064.851331,1168.391405,1843.08748,966.257422
2014-03-31,13.8967,-1.8458,0.0526,0.000209,-3.6917,-5.5375,-3.7036,-5.5573,872.54063,1988.623791,1103.691637,1774.827129,912.559688
2014-04-01,14.4647,4.0873,0.0525,0.000208,8.1746,12.262,8.1627,12.2422,908.20413,2151.186502,1239.02576,1919.701279,1024.276784
2014-04-02,15.3527,6.1391,0.0524,0.000208,12.2782,18.4173,12.2663,18.3975,963.959636,2415.313228,1467.220631,2155.177093,1212.718116
2014-04-03,15.0267,-2.1234,0.0524,0.000208,-4.2468,-6.3702,-4.2587,-6.39,943.490811,2312.739176,1373.755259,2063.393789,1135.225264
2014-04-04,14.1487,-5.8429,0.0523,0.000207,-11.6859,-17.5288,-11.6978,-17.5486,888.363197,2042.475192,1132.95212,1822.022186,936.009081
2014-04-07,13.8347,-2.2193,0.052,0.000206,-4.4386,-6.6579,-4.4505,-6.6777,868.647831,1951.818248,1057.5216,1740.933176,873.505655
2014-04-08,14.364,3.8261,0.0519,0.000206,7.6523,11.4784,7.6404,11.4586,901.883474,2101.17667,1178.908228,1873.946712,973.597429
2014-04-09,14.462,0.6823,0.0519,0.000206,1.3645,2.0468,1.3526,2.027,908.036648,2129.847571,1203.037823,1899.293796,993.332229
2014-04-10,13.6127,-5.8729,0.0518,0.000205,-11.7457,-17.6186,-11.7576,-17.6384,854.708939,1879.681697,991.079691,1675.981876,818.124795
2014-04-11,13.5853,-0.2008,0.0517,0.000205,-0.4016,-0.6024,-0.4135,-0.6222,852.992685,1872.132901,985.109432,1669.051504,813.034628
2014-04-14,13.206,-2.7922,0.0515,0.000204,-5.5844,-8.3767,-5.5964,-8.3964,829.175243,1767.584719,902.590129,1575.645491,744.768688
2014-04-15,12.9273,-2.1102,0.0514,0.000204,-4.2203,-6.3305,-4.2322,-6.3502,811.678336,1692.987064,845.4519,1508.960615,697.474042
2014-04-16,13.274,2.6817,0.0513,0.000204,5.3633,8.045,5.3514,8.0252,833.444801,1783.787423,913.468371,1589.711328,753.447812
2014-04-17,13.208,-0.4972,0.0512,0.000203,-0.9944,-1.4916,-1.0063,-1.5114,829.300809,1766.048996,899.842735,1573.713514,742.060135
2014-04-21,13.6253,3.1597,0.0509,0.000202,6.3194,9.4791,6.3075,9.4593,855.504193,1877.652554,985.139619,1672.975237,812.25397
2014-04-22,14.576,6.9772,0.0508,0.000202,13.9544,20.9316,13.9425,20.9118,915.194473,2139.667884,1191.345246,1906.229839,982.111272
2014-04-23,13.866,-4.871,0.0507,0.000201,-9.742,-14.6131,-9.7539,-14.6328,870.615158,1931.220538,1017.253213,1720.29714,838.400592
2014-04-24,13.8573,-0.0625,0.0506,0.000201,-0.125,-0.1875,-0.1369,-0.2073,870.070977,1928.806305,1015.3457,1717.941744,836.662731
2014-04-25,13.3233,-3.8536,0.0505,0.000201,-7.7071,-11.5607,-7.719,-11.5804,836.542286,1780.150959,897.964888,1585.333421,739.773498
2014-04-28,13.234,-0.6705,0.0503,0.0002,-1.341,-2.0115,-1.3529,-2.0313,830.933293,1756.279232,879.902398,1563.885437,724.746804
2014-04-29,13.7947,4.2366,0.0502,0.000199,8.4731,12.7097,8.4612,12.6899,866.136323,1905.091059,991.735313,1696.209297,816.716679
2014-04-30,13.8593,0.4688,0.0501,0.000199,0.9375,1.4063,0.9256,1.3866,870.196543,1922.952197,1005.6823,1711.91013,828.040935
2014-05-01,13.8487,-0.077,0.0501,0.000199,-0.1539,-0.2309,-0.1658,-0.2506,869.526856,1919.992458,1003.360435,1709.071417,825.965558
2014-05-02,14.0607,1.5308,0.05,0.000198,3.0617,4.5925,3.0498,4.5727,882.837855,1978.776194,1049.439737,1761.193998,863.73478
2014-05-05,14.4407,2.7026,0.0497,0.000197,5.4052,8.1077,5.3932,8.088,906.697213,2085.732028,1134.525435,1856.179539,933.593357
2014-05-06,13.8187,-4.3073,0.0496,0.000197,-8.6146,-12.9218,-8.6265,-12.9416,867.64324,1906.055456,987.923927,1696.05695,812.771492
2014-05-07,13.4233,-2.8609,0.0496,0.000197,-5.7217,-8.5826,-5.7336,-8.6024,842.821086,1796.995882,903.134241,1598.811066,742.85387
2014-05-08,11.906,-11.3037,0.0495,0.000196,-22.6074,-33.9111,-22.6193,-33.9309,747.551137,1390.74191,596.871542,1237.171219,490.797227
2014-05-09,12.1507,2.055,0.0494,0.000196,4.11,6.165,4.0981,6.1452,762.913234,1447.901111,633.668484,1287.871443,520.957754
2014-05-12,12.3113,1.3223,0.0492,0.000195,2.6446,3.9668,2.6327,3.9471,773.001062,1486.191646,658.805048,1321.776632,541.520356
2014-05-13,12.6773,2.9729,0.0491,0.000195,5.9457,8.9186,5.9338,8.8989,795.981395,1574.5568,717.561342,1400.208784,589.709504
2014-05-14,12.708,0.2419,0.049,0.000194,0.4838,0.7257,0.4719,0.706,797.906927,1582.174713,722.768827,1406.816543,593.872652
2014-05-15,12.5727,-1.0649,0.0489,0.000194,-2.1299,-3.1948,-2.1418,-3.2146,789.409666,1548.47617,699.677581,1376.685515,574.782113
2014-05-16,12.7707,1.5748,0.0488,0.000194,3.1497,4.7245,3.1378,4.7048,801.841641,1597.248353,732.734083,1419.883,601.824352
2014-05-19,13.0727,2.3648,0.0486,0.000193,4.7296,7.0944,4.7177,7.0746,820.803549,1672.791639,784.717051,1486.86868,644.401217
2014-05-20,13.02,-0.4029,0.0485,0.000192,-0.8058,-1.2086,-0.8177,-1.2284,817.496727,1659.31308,775.232736,1474.71128,636.485531
2014-05-21,13.2967,2.1249,0.0484,0.000192,4.2499,6.3748,4.238,6.3551,834.868007,1729.831753,824.652328,1537.209146,676.934555
2014-05-22,13.6587,2.7225,0.0483,0.000192,5.445,8.1674,5.4331,8.1477,857.597147,1824.020506,892.005388,1620.726765,732.089156
2014-05-23,13.82,1.1812,0.0482,0.000191,2.3624,3.5435,2.3505,3.5238,867.726891,1867.110342,923.613887,1658.821251,757.886398
2014-05-27,14.104,2.055,0.0479,0.00019,4.11,6.165,4.0981,6.1452,885.558641,1943.848416,980.554563,1726.801319,804.460349
2014-05-28,14.016,-0.6239,0.0478,0.00019,-1.2479,-1.8718,-1.2598,-1.8916,880.033299,1919.591576,962.200389,1705.047537,789.243495
2014-05-29,14.016,0.0,0.0478,0.000189,0.0,0.0,-0.0119,-0.0197,880.033299,1919.591576,962.200389,1704.844707,789.087666
2014-05-30,13.8513,-1.1749,0.0477,0.000189,-2.3497,-3.5246,-2.3616,-3.5443,869.694218,1874.48689,928.287123,1664.583133,761.120058
2014-06-02,13.6467,-1.4776,0.0474,0.000188,-2.9552,-4.4328,-2.9671,-4.4525,856.843688,1819.092366,887.138243,1615.193655,727.231062
2014-06-03,13.6627,0.1173,0.0473,0.000188,0.2345,0.3518,0.2226,0.332,857.84834,1823.358146,890.258758,1618.789177,729.645541
2014-06-04,13.5993,-0.4636,0.0473,0.000188,-0.9271,-1.3907,-0.939,-1.4104,853.87171,1806.45348,877.878146,1603.588568,719.354504
2014-06-05,13.7933,1.4265,0.0472,0.000187,2.8531,4.2796,2.8412,4.2599,866.052552,1857.993128,915.448057,1649.149584,749.998197
2014-06-06,13.878,0.6138,0.0471,0.000187,1.2277,1.8415,1.2158,1.8217,871.368616,1880.802856,932.305859,1669.199299,763.661231
2014-06-09,13.6873,-1.3739,0.0468,0.000186,-2.7478,-4.1216,-2.7597,-4.1414,859.397052,1829.122885,893.879552,1623.135183,732.035128
2014-06-10,13.4867,-1.4661,0.0468,0.000186,-2.9321,-4.3982,-2.944,-4.418,846.797656,1775.490296,854.564745,1575.349436,699.694122
2014-06-11,13.6313,1.0727,0.0467,0.000185,2.1453,3.218,2.1334,3.1983,855.880953,1813.580401,882.064581,1608.958527,722.072142
2014-06-12,13.568,-0.4646,0.0466,0.000185,-0.9292,-1.3939,-0.9411,-1.4136,851.904383,1796.72799,869.769911,1593.816207,711.865029
2014-06-13,13.7613,1.4249,0.0465,0.000185,2.8498,4.2748,2.838,4.255,864.043369,1847.931991,906.95058,1639.048012,742.155145
2014-06-16,14.974,8.8121,0.0463,0.000184,17.6243,26.4364,17.6124,26.4167,940.183989,2173.616307,1146.715556,1927.723193,938.207716
2014-06-17,15.4447,3.1432,0.0462,0.000183,6.2865,9.4297,6.2746,9.41,969.736111,2310.259718,1254.847192,2048.679444,1026.4926
2014-06-18,15.1413,-1.964,0.0461,0.000183,-3.928,-5.892,-3.9399,-5.9118,950.690432,2219.512423,1180.911357,1967.963482,965.808923
2014-06-19,15.186,0.295,0.046,0.000183,0.59,0.885,0.5781,0.8653,953.494988,2232.607638,1191.362496,1979.340577,974.165835
2014-06-20,15.306,0.7902,0.0459,0.000182,1.5804,2.3706,1.5685,2.3509,961.029513,2267.891803,1219.604962,2010.386788,997.067232
2014-06-23,15.8147,3.3233,0.0457,0.000181,6.6466,9.97,6.6347,9.9502,992.967576,2418.630301,1341.199003,2143.770877,1096.277667
2014-06-24,15.5,-1.9897,0.0456,0.000181,-3.9794,-5.9691,-3.9913,-5.9889,973.210355,2322.382616,1261.140902,2058.206191,1030.623009
2014-06-25,15.7927,1.8882,0.0455,0.000181,3.7764,5.6645,3.7645,5.6448,991.586286,2410.083991,1332.578608,2135.686671,1088.799654
2014-06-26,15.7067,-0.5446,0.0455,0.00018,-1.0891,-1.6337,-1.101,-1.6534,986.18651,2383.835316,1310.808565,2112.172646,1070.7974
2014-06-27,15.9373,1.4686,0.0454,0.00018,2.9372,4.4058,2.9253,4.386,1000.669523,2453.852735,1368.55968,2173.959795,1117.762976
2014-06-30,16.004,0.4183,0.0451,0.000179,0.8366,1.2549,0.8247,1.2352,1004.85537,2474.381895,1385.733926,2191.88896,1131.569481
2014-07-01,15.9813,-0.1416,0.045,0.000179,-0.2833,-0.4249,-0.2952,-0.4446,1003.432164,2467.372817,1379.84596,2185.41958,1126.538282
2014-07-02,15.2953,-4.2925,0.045,0.000178,-8.585,-12.8775,-8.5969,-12.8972,960.359765,2255.548502,1202.155996,1997.54126,981.245894
2014-07-03,15.2833,-0.0785,0.0449,0.000178,-0.1569,-0.2354,-0.1688,-0.2551,959.606307,2252.009282,1199.326511,1994.169487,978.742846
2014-07-07,14.844,-2.8746,0.0445,0.000177,-5.7492,-8.6238,-5.7611,-8.6435,932.021572,2122.537272,1095.899397,1879.284175,894.145357
2014-07-08,14.6047,-1.6123,0.0445,0.000176,-3.2246,-4.837,-3.2365,-4.8567,916.994379,2054.092979,1042.891098,1818.46062,850.719529
2014-07-09,14.8707,1.8213,0.0444,0.000176,3.6427,5.464,3.6308,5.4443,933.695971,2128.917045,1099.8749,1884.485271,897.035294
2014-07-10,14.6307,-1.6139,0.0443,0.000176,-3.2278,-4.8418,-3.2397,-4.8615,918.626862,2060.198995,1046.621587,1823.433172,853.426124
2014-07-11,14.542,-0.606,0.0442,0.000175,-1.2121,-1.8181,-1.224,-1.8378,913.059664,2035.227954,1027.592917,1801.115239,837.741687
2014-07-14,15.1133,3.9288,0.044,0.000174,7.8577,11.7865,7.8458,11.7668,948.932382,2195.149941,1148.710579,1942.427378,936.317303
2014-07-15,14.6387,-3.1407,0.0439,0.000174,-6.2814,-9.4221,-6.2933,-9.4418,919.129188,2057.263444,1040.477646,1820.184666,847.911747
2014-07-16,14.4773,-1.1021,0.0438,0.000174,-2.2042,-3.3063,-2.2161,-3.326,908.999384,2011.916881,1006.076059,1779.847593,819.70987
2014-07-17,14.36,-0.8105,0.0437,0.000174,-1.6209,-2.4314,-1.6328,-2.4511,901.632281,1979.305202,981.61444,1750.786141,799.617955
2014-07-18,14.668,2.1449,0.0436,0.000173,4.2897,6.4346,4.2778,6.4148,920.970948,2064.211488,1044.776935,1825.681657,850.912175
2014-07-21,14.7027,0.2363,0.0434,0.000172,0.4727,0.709,0.4608,0.6893,923.147613,2073.968789,1052.184754,1834.094589,856.777717
2014-07-22,14.6387,-0.4353,0.0433,0.000172,-0.8706,-1.3059,-0.8825,-1.3256,919.129188,2055.912981,1038.444398,1817.909248,845.420297
2014-07-23,14.8327,1.3253,0.0432,0.000172,2.6505,3.9758,2.6386,3.9561,931.310029,2110.405322,1079.730629,1865.877328,878.865704
2014-07-24,14.9027,0.4719,0.0432,0.000171,0.9439,1.4158,0.932,1.3961,935.705154,2130.324562,1095.017323,1883.266949,891.135374
2014-07-25,14.9047,0.0134,0.0431,0.000171,0.0268,0.0403,0.015,0.0206,935.83072,2130.896317,1095.458159,1883.548716,891.318515
2014-07-28,14.988,0.5591,0.0428,0.00017,1.1182,1.6773,1.1063,1.6576,941.063014,2154.724292,1113.832504,1904.387121,906.093151
2014-07-29,15.0007,0.0845,0.0427,0.00017,0.169,0.2535,0.1571,0.2338,941.858328,2158.366306,1116.65648,1907.379839,908.211892
2014-07-30,15.2613,1.7377,0.0427,0.000169,3.4754,5.2131,3.4635,5.1934,958.225016,2233.378244,1174.868958,1973.442472,955.378983
2014-07-31,14.8867,-2.455,0.0426,0.000169,-4.91,-7.365,-4.9219,-7.3847,934.700562,2123.719233,1088.339749,1876.311971,884.826993
2014-08-01,15.5513,4.4648,0.0425,0.000169,8.9297,13.3945,8.9178,13.3748,976.433466,2313.36065,1234.1177,2043.63789,1003.171044
2014-08-04,15.9013,2.2506,0.0422,0.000168,4.5012,6.7518,4.4893,6.7321,998.409148,2417.489973,1317.443125,2135.383751,1070.705734
2014-08-05,15.8993,-0.0126,0.0422,0.000167,-0.0252,-0.0377,-0.037,-0.0574,998.283581,2416.881894,1316.946055,2134.593083,1070.090832
2014-08-06,16.5953,4.3775,0.0421,0.000167,8.7551,13.1326,8.7432,13.1129,1041.983872,2628.48197,1489.895684,2321.225085,1210.411085
2014-08-07,16.826,1.39,0.042,0.000167,2.7799,4.1699,2.768,4.1502,1056.466944,2701.55123,1552.022176,2385.477301,1260.645041
2014-08-08,16.542,-1.6879,0.0419,0.000166,-3.3757,-5.0636,-3.3876,-5.0833,1038.635194,2610.354081,1473.433995,2304.666743,1196.562712
2014-08-11,17.288,4.5097,0.0417,0.000165,9.0195,13.5292,9.0076,13.5095,1085.474885,2845.794164,1672.777883,2512.261847,1358.212447
2014-08-12,17.3307,0.2468,0.0416,0.000165,0.4936,0.7404,0.4817,0.7207,1088.153875,2859.841203,1685.163306,2524.364307,1368.001292
2014-08-13,17.354,0.1346,0.0415,0.000165,0.2693,0.4039,0.2574,0.3842,1089.618876,2867.541716,1691.969605,2530.861834,1373.257167
2014-08-14,17.4253,0.411,0.0414,0.000164,0.8221,1.2331,0.8102,1.2134,1094.097712,2891.11555,1712.833928,2551.367417,1389.920878
2014-08-15,17.4673,0.241,0.0413,0.000164,0.4821,0.7231,0.4702,0.7034,1096.734786,2905.052308,1725.219122,2563.363546,1399.697426
2014-08-18,17.3293,-0.79,0.0411,0.000163,-1.5801,-2.3701,-1.592,-2.3898,1088.070044,2859.149635,1684.328893,2522.555633,1366.246922
2014-08-19,17.1173,-1.2234,0.041,0.000163,-2.4467,-3.6701,-2.4586,-3.6898,1074.759045,2789.194324,1622.512741,2460.536421,1315.835599
2014-08-20,17.0473,-0.4089,0.0409,0.000162,-0.8179,-1.2268,-0.8297,-1.2465,1070.36392,2766.382037,1602.607409,2440.120129,1299.43356
2014-08-21,16.956,-0.5358,0.0408,0.000162,-1.0715,-1.6073,-1.0834,-1.627,1064.629301,2736.739505,1576.848852,2413.683978,1278.292038
2014-08-22,17.1187,0.9594,0.0408,0.000162,1.9187,2.8781,1.9068,2.8584,1074.842875,2789.2496,1622.231587,2459.709115,1314.830436
2014-08-25,17.5033,2.247,0.0405,0.000161,4.4941,6.7411,4.4822,6.7215,1098.995102,2914.601108,1731.588513,2569.958865,1403.206169
2014-08-26,17.4493,-0.3085,0.0404,0.00016,-0.617,-0.9255,-0.6289,-0.9452,1095.604629,2896.617631,1715.562315,2553.796904,1389.94298
2014-08-27,17.55,0.5769,0.0404,0.00016,1.1538,1.7307,1.1419,1.711,1101.925225,2930.039085,1745.253801,2582.959813,1413.725309
2014-08-28,17.5907,0.2317,0.0403,0.00016,0.4635,0.6952,0.4516,0.6755,1104.478708,2943.618602,1757.386593,2594.624263,1423.275068
2014-08-29,17.98,2.2133,0.0402,0.000159,4.4266,6.6399,4.4147,6.6202,1128.923983,3073.920009,1874.074577,2709.16931,1517.498361
2014-09-02,18.9413,5.3467,0.0399,0.000158,10.6934,16.0401,10.6815,16.0204,1189.28401,3402.625748,2174.67726,2998.549465,1760.60734
2014-09-03,18.746,-1.0313,0.0398,0.000158,-2.0625,-3.0938,-2.0744,-3.1134,1177.019457,3332.446242,2107.397846,2936.348319,1705.791777
2014-09-04,19.0693,1.7248,0.0397,0.000158,3.4496,5.1744,3.4377,5.1547,1197.320741,3447.402599,2216.443317,3037.292483,1793.720788
2014-09-05,18.4927,-3.024,0.0396,0.000157,-6.0481,-9.0721,-6.06,-9.0918,1161.113179,3238.900336,2015.364345,2853.233748,1630.638826
2014-09-08,18.8073,1.7016,0.0394,0.000156,3.4032,5.1047,3.3913,5.0851,1180.870401,3349.12503,2118.243206,2949.995155,1713.557627
2014-09-09,18.5653,-1.2867,0.0393,0.000156,-2.5735,-3.8602,-2.5853,-3.8799,1165.675725,3262.936286,2036.474661,2873.727965,1647.073603
2014-09-10,18.74,0.9408,0.0392,0.000156,1.8817,2.8225,1.8698,2.8028,1176.642698,3324.333351,2093.953672,2927.46061,1693.23778
2014-09-11,18.6873,-0.281,0.0391,0.000155,-0.5621,-0.8431,-0.5739,-0.8628,1173.335816,3305.647682,2076.298888,2910.65847,1678.628404
2014-09-12,18.6133,-0.396,0.039,0.000155,-0.792,-1.188,-0.8038,-1.2076,1168.689559,3279.467812,2051.633267,2887.261571,1658.356684
2014-09-15,16.924,-9.0759,0.0388,0.000154,-18.1519,-27.2278,-18.1637,-27.2475,1062.620118,2684.183438,1493.018899,2362.827482,1206.496584
2014-09-16,17.3827,2.7102,0.0387,0.000154,5.4203,8.1305,5.4085,8.1108,1091.418842,2829.674859,1614.408577,2490.620141,1304.353262
2014-09-17,17.4253,0.2454,0.0386,0.000153,0.4909,0.7363,0.479,0.7167,1094.097712,2843.565643,1626.296197,2502.551138,1313.701218
2014-09-18,17.588,0.9335,0.0385,0.000153,1.867,2.8005,1.8552,2.7808,1104.311166,2896.655287,1671.840857,2548.977222,1350.233191
2014-09-19,17.288,-1.7057,0.0385,0.000153,-3.4114,-5.1171,-3.4233,-5.1368,1085.474885,2797.838547,1586.29088,2461.718918,1280.874644
2014-09-22,16.6687,-3.5824,0.0382,0.000152,-7.1649,-10.7473,-7.1767,-10.767,1046.588333,2597.376437,1415.806837,2285.047506,1142.962789
2014-09-23,16.694,0.152,0.0381,0.000151,0.304,0.4559,0.2921,0.4363,1048.178961,2605.271536,1422.26216,2291.722282,1147.949294
2014-09-24,16.8093,0.6909,0.0381,0.000151,1.3817,2.0726,1.3699,2.0529,1055.420497,2641.269527,1451.740036,2323.11611,1171.515979
2014-09-25,16.4633,-2.0584,0.038,0.000151,-4.1168,-6.1752,-4.1286,-6.1948,1033.695889,2532.534578,1362.092873,2227.203348,1098.942684
2014-09-26,16.44,-0.1417,0.0379,0.00015,-0.2834,-0.4252,-0.2953,-0.4448,1032.230887,2525.356128,1356.30161,2220.626284,1094.054151
2014-09-29,16.3507,-0.5434,0.0376,0.000149,-1.0868,-1.6302,-1.0986,-1.6498,1026.621894,2497.911289,1334.191771,2196.22989,1076.004223
2014-09-30,16.1787,-1.052,0.0376,0.000149,-2.1039,-3.1559,-2.1158,-3.1755,1015.822343,2445.357724,1292.086672,2149.763028,1041.83556
2014-10-01,16.016,-1.0054,0.0375,0.000149,-2.0109,-3.0163,-2.0227,-3.036,1005.608888,2396.184656,1253.113316,2106.279142,1010.205705
2014-10-02,16.7613,4.6537,0.0374,0.000148,9.3074,13.961,9.2955,13.9414,1052.406664,2619.205977,1428.060801,2302.068245,1151.042169
2014-10-03,17.014,1.5074,0.0373,0.000148,3.0149,4.5223,3.003,4.5026,1068.271027,2698.171716,1492.642134,2371.199786,1202.869552
2014-10-06,17.3747,2.1198,0.0371,0.000147,4.2396,6.3595,4.2278,6.3398,1090.916456,2812.564515,1587.56614,2471.44908,1279.129106
2014-10-07,17.3047,-0.4029,0.037,0.000147,-0.8058,-1.2087,-0.8176,-1.2283,1086.521332,2789.901788,1568.378006,2451.242006,1263.41744
2014-10-08,17.2853,-0.1117,0.0369,0.000146,-0.2234,-0.3352,-0.2353,-0.3548,1085.307463,2783.667995,1563.121399,2445.474378,1258.934583
2014-10-09,17.134,-0.8755,0.0368,0.000146,-1.751,-2.6265,-1.7628,-2.6462,1075.805611,2734.926046,1522.066081,2402.364341,1225.621246
2014-10-10,15.794,-7.8207,0.0367,0.000146,-15.6414,-23.4621,-15.6533,-23.4818,991.669937,2307.144587,1164.9568,2026.315546,937.823353
2014-10-13,14.9727,-5.2003,0.0365,0.000145,-10.4006,-15.6009,-10.4124,-15.6205,940.100278,2067.188418,983.213593,1815.327054,791.330576
2014-10-14,15.1373,1.0998,0.0364,0.000144,2.1996,3.2993,2.1877,3.2797,950.439299,2112.657407,1015.65311,1855.041077,817.283699
2014-10-15,15.3133,1.1627,0.0363,0.000144,2.3254,3.4881,2.3135,3.4684,961.489923,2161.784549,1051.079677,1897.957849,845.630403
2014-10-16,15.09,-1.4584,0.0362,0.000144,-2.9168,-4.3753,-2.9287,-4.3949,947.467381,2098.728837,1005.09227,1842.372618,808.465734
2014-10-17,15.1653,0.4992,0.0362,0.000144,0.9984,1.4977,0.9866,1.478,952.197349,2119.68348,1020.145204,1860.549368,820.414977
2014-10-20,15.3647,1.3144,0.0359,0.000143,2.6288,3.9432,2.617,3.9236,964.713094,2175.406002,1060.371773,1909.239284,852.604532
2014-10-21,15.6893,2.1131,0.0358,0.000142,4.2261,6.3392,4.2143,6.3196,985.098148,2267.341664,1127.590937,1989.700156,906.485367
2014-10-22,15.4067,-1.8016,0.0358,0.000142,-3.6033,-5.4049,-3.6151,-5.4246,967.350169,2185.642733,1066.645353,1917.769713,857.312287
2014-10-23,15.686,1.8131,0.0357,0.000142,3.6261,5.4392,3.6143,5.4196,984.888871,2264.897046,1124.662322,1987.083379,903.774766
2014-10-24,15.6827,-0.0212,0.0356,0.000141,-0.0425,-0.0637,-0.0543,-0.0834,984.679593,2263.934518,1123.945389,1986.003493,903.021072
2014-10-27,14.778,-5.7686,0.0353,0.00014,-11.5372,-17.3057,-11.549,-17.3254,927.877581,2002.74085,929.438382,1756.639889,746.569238
2014-10-28,16.1847,9.5187,0.0353,0.00014,19.0373,28.556,19.0255,28.5363,1016.199102,2384.009075,1194.848648,2090.848985,959.612759
2014-10-29,15.8733,-1.9236,0.0352,0.00014,-3.8473,-5.7709,-3.8591,-5.7906,996.651098,2292.289608,1125.894917,2010.160523,904.045788
2014-10-30,15.9107,0.2352,0.0351,0.000139,0.4704,0.7056,0.4586,0.686,998.995244,2303.072644,1133.839309,2019.378294,910.24721
2014-10-31,16.1133,1.2738,0.035,0.000139,2.5475,3.8213,2.5357,3.8017,1011.720147,2361.744346,1177.166828,2070.583568,944.851782
2014-11-03,16.1727,0.3682,0.0348,0.000138,0.7365,1.1047,0.7246,1.085,1015.445584,2379.137554,1190.170802,2085.587258,955.10383
2014-11-04,15.9287,-1.5087,0.0347,0.000138,-3.0174,-4.5261,-3.0293,-4.5458,1000.125402,2307.348733,1136.301938,2022.409096,911.686853
2014-11-05,15.398,-3.3315,0.0346,0.000137,-6.663,-9.9946,-6.6749,-10.0142,966.805988,2153.608997,1022.733436,1887.415496,820.388612
2014-11-06,16.0813,4.4378,0.0345,0.000137,8.8756,13.3134,8.8638,13.2938,1009.710964,2344.754987,1158.894221,2054.711649,929.449267
2014-11-07,16.0133,-0.4229,0.0344,0.000137,-0.8457,-1.2686,-0.8576,-1.2882,1005.441347,2324.925139,1144.192879,2037.091389,917.476058
2014-11-10,16.1287,0.7202,0.0342,0.000136,1.4405,2.1607,1.4287,2.1411,1012.683003,2358.415522,1168.915906,2066.194314,937.120165
2014-11-11,16.7387,3.7821,0.0341,0.000135,7.5642,11.3462,7.5523,11.3266,1050.983458,2536.809723,1301.543819,2222.239778,1043.263985
2014-11-12,16.6067,-0.7886,0.034,0.000135,-1.5772,-2.3658,-1.589,-2.3854,1042.695475,2496.799511,1270.752165,2186.927775,1018.377815
2014-11-13,16.78,1.0438,0.0339,0.000135,2.0875,3.1313,2.0757,3.1117,1053.578737,2548.920814,1310.54306,2232.321475,1050.066192
2014-11-14,17.2453,2.7731,0.0339,0.000134,5.5463,8.3194,5.5344,8.2998,1082.795895,2690.290832,1419.572436,2355.867717,1137.219276
2014-11-17,16.932,-1.8169,0.0336,0.000133,-3.6338,-5.4508,-3.6457,-5.4704,1063.122384,2592.530088,1342.195045,2269.980431,1075.009001
2014-11-18,17.18,1.4647,0.0335,0.000133,2.9294,4.3941,2.9175,4.3744,1078.693819,2668.475085,1401.171987,2336.207977,1122.034574
2014-11-19,16.516,-3.865,0.0335,0.000133,-7.7299,-11.5949,-7.7418,-11.6145,1037.002771,2462.204276,1238.707919,2155.344542,991.715864
2014-11-20,16.5807,0.3915,0.0334,0.000132,0.7831,1.1746,0.7712,1.155,1041.063051,2481.485305,1253.25803,2171.967447,1003.170083
2014-11-21,16.1853,-2.3843,0.0333,0.000132,-4.7686,-7.1529,-4.7805,-7.1726,1016.240898,2363.152781,1163.613421,2068.137517,931.217164
2014-11-24,16.448,1.6229,0.033,0.000131,3.2457,4.8686,3.2339,4.849,1032.733153,2439.854513,1220.265174,2135.019013,976.371685
2014-11-25,16.5393,0.5553,0.033,0.000131,1.1106,1.6659,1.0987,1.6462,1038.467772,2466.950839,1240.593048,2158.477198,992.445013
2014-11-26,16.5627,0.1411,0.0329,0.00013,0.2822,0.4233,0.2703,0.4036,1039.932894,2473.91183,1245.843916,2164.312274,996.450806
2014-11-28,16.3013,-1.5779,0.0327,0.00013,-3.1557,-4.7336,-3.1676,-4.7532,1023.52423,2395.8422,1186.870974,2095.756556,949.08752
2014-12-01,15.4427,-5.2675,0.0325,0.000129,-10.5349,-15.8024,-10.5467,-15.822,969.610544,2143.442347,999.317266,1874.722423,798.922989
2014-12-02,15.4287,-0.0907,0.0324,0.000129,-0.1813,-0.272,-0.1931,-0.2916,968.731519,2139.555964,996.599397,1871.101399,796.593373
2014-12-03,15.2867,-0.9204,0.0323,0.000128,-1.8407,-2.7611,-1.8526,-2.7807,959.815644,2100.172475,969.082312,1836.438002,774.442347
2014-12-04,15.2187,-0.4448,0.0322,0.000128,-0.8897,-1.3345,-0.9015,-1.3541,955.546086,2081.488037,956.149976,1819.882582,763.955515
2014-12-05,14.914,-2.0019,0.0321,0.000128,-4.0039,-6.0058,-4.0157,-6.0254,936.416697,1998.148057,898.725538,1746.80157,717.924
2014-12-08,14.2907,-4.1795,0.0319,0.000127,-8.359,-12.5385,-8.3709,-12.5582,897.279012,1831.122227,786.038409,1600.579175,627.765914
2014-12-09,14.4593,1.1803,0.0318,0.000126,2.3605,3.5408,2.3487,3.5212,907.869226,1874.346187,813.87027,1638.171736,649.870548
2014-12-10,13.9893,-3.2505,0.0317,0.000126,-6.501,-9.7515,-6.5128,-9.7711,878.35896,1752.495036,734.505772,1531.480442,586.370987
2014-12-11,13.9253,-0.4575,0.0316,0.000126,-0.915,-1.3725,-0.9268,-1.3921,874.340535,1736.459974,724.424849,1517.286427,578.208156
2014-12-12,13.8,-0.9,0.0316,0.000125,-1.8001,-2.7001,-1.8119,-2.7197,866.471166,1705.202489,704.864623,1489.794698,562.482514
2014-12-15,13.6027,-1.43,0.0313,0.000124,-2.8599,-4.2899,-2.8717,-4.3095,854.081047,1656.435345,674.626953,1447.011757,538.242506
2014-12-16,13.1873,-3.0533,0.0312,0.000124,-6.1067,-9.16,-6.1185,-9.1796,828.00317,1555.282607,612.831275,1358.476603,488.834048
2014-12-17,13.7213,4.0493,0.0312,0.000124,8.0987,12.148,8.0868,12.1284,861.531801,1681.239848,687.278069,1468.334463,548.121777
2014-12-18,14.5507,6.0441,0.0311,0.000123,12.0882,18.1324,12.0764,18.1128,913.603846,1884.472267,811.897871,1645.656655,647.40175
2014-12-19,14.6193,0.4719,0.031,0.000123,0.9438,1.4157,0.932,1.3961,917.915259,1902.258398,823.392221,1660.994114,656.440303
2014-12-22,14.84,1.5094,0.0307,0.000122,3.0188,4.5283,3.007,4.5086,931.770439,1959.68447,860.677518,1710.940343,686.036871
2014-12-23,14.7313,-0.7323,0.0307,0.000122,-1.4645,-2.1968,-1.4763,-2.2164,924.947458,1930.984502,841.770329,1685.680912,670.831631
2014-12-24,14.8173,0.5838,0.0306,0.000121,1.1676,1.7514,1.1558,1.7318,930.347234,1953.530394,856.512909,1705.163299,682.448894
2014-12-26,15.188,2.5016,0.0304,0.000121,5.0031,7.5047,4.9913,7.4851,953.620555,2051.268397,920.791813,1790.27346,733.530975
2014-12-29,15.0473,-0.9262,0.0302,0.00012,-1.8523,-2.7785,-1.8642,-2.7981,944.788391,2013.271861,895.207472,1756.899728,713.0059
2014-12-30,14.8153,-1.5418,0.0301,0.000119,-3.0836,-4.6254,-3.0954,-4.645,930.221667,1951.190711,853.800614,1702.51629,679.886803
2014-12-31,14.8273,0.081,0.03,0.000119,0.162,0.243,0.1502,0.2234,930.975126,1954.351551,855.875291,1705.07296,681.405602
2015-01-02,14.6207,-1.3938,0.0301,0.000119,-2.7876,-4.1815,-2.7995,-4.2011,917.99903,1899.871357,820.087268,1657.340105,652.779364
2015-01-05,14.006,-4.2041,0.0303,0.00012,-8.4082,-12.6123,-8.42,-12.6319,879.405407,1740.126267,716.655332,1517.791536,570.320837
2015-01-06,14.0853,0.5664,0.0303,0.00012,1.1328,1.6993,1.121,1.6797,884.386568,1759.839243,728.83325,1534.806294,579.900319
2015-01-07,14.0633,-0.1562,0.0304,0.000121,-0.3124,-0.4686,-0.3242,-0.4882,883.005217,1754.341749,725.418089,1529.830252,577.06933
2015-01-08,14.0413,-0.1564,0.0304,0.000121,-0.3129,-0.4693,-0.3247,-0.4889,881.623927,1748.853094,722.013761,1524.86307,574.248047
2015-01-09,13.7773,-1.8802,0.0305,0.000121,-3.7603,-5.6405,-3.7722,-5.6601,865.047961,1683.090519,681.288656,1467.3429,541.745057
2015-01-12,13.4807,-2.1533,0.0307,0.000122,-4.3066,-6.4599,-4.3184,-6.4795,846.420956,1610.606829,637.278264,1403.977003,506.642779
2015-01-13,13.6167,1.0088,0.0307,0.000122,2.0177,3.0265,2.0059,3.0069,854.960072,1643.104036,656.565805,1432.138975,521.877226
2015-01-14,12.846,-5.6597,0.0308,0.000122,-11.3195,-16.9792,-11.3313,-16.9988,806.571609,1457.113411,545.086177,1269.859071,433.164306
2015-01-15,12.7913,-0.4256,0.0308,0.000122,-0.8511,-1.2767,-0.8629,-1.2963,803.139221,1444.711835,538.127288,1258.901021,427.549335
2015-01-16,12.8713,0.6254,0.0309,0.000123,1.2508,1.8763,1.239,1.8567,808.162237,1462.782952,548.224001,1274.499017,435.487466
2015-01-20,12.7953,-0.5905,0.0311,0.000123,-1.1809,-1.7714,-1.1928,-1.791,803.390353,1445.508624,538.512853,1259.297405,427.687906
2015-01-21,13.1047,2.4176,0.0312,0.000124,4.8351,7.2527,4.8233,7.233,822.812731,1515.400463,577.569334,1320.036765,458.622757
2015-01-22,13.4413,2.5691,0.0312,0.000124,5.1381,7.7072,5.1263,7.6876,843.951244,1593.263409,622.083557,1387.705546,493.879622
2015-01-23,13.4193,-0.1637,0.0313,0.000124,-0.3273,-0.491,-0.3392,-0.5106,842.569953,1588.048037,619.029075,1382.998874,491.357766
2015-01-26,13.77,2.6131,0.0314,0.000125,5.2263,7.8394,5.2145,7.8198,864.58755,1671.044118,667.557506,1455.114856,529.781101
2015-01-27,13.732,-0.276,0.0315,0.000125,-0.5519,-0.8279,-0.5638,-0.8475,862.201609,1661.821191,662.030871,1446.91154,525.291186
2015-01-28,13.2913,-3.2091,0.0315,0.000125,-6.4181,-9.6272,-6.4299,-9.6468,834.533103,1555.163749,598.296109,1353.876036,474.617532
2015-01-29,13.68,2.9242,0.0316,0.000125,5.8484,8.7726,5.8366,8.753,858.936642,1646.1164,650.782496,1432.896331,516.160938
2015-01-30,13.5733,-0.7797,0.0316,0.000126,-1.5595,-2.3392,-1.5713,-2.3588,852.239227,1620.445764,635.559392,1410.381252,503.98565
2015-02-02,14.0627,3.6051,0.0318,0.000126,7.2102,10.8153,7.1984,10.7957,882.963422,1737.283595,704.297312,1511.906069,558.394551
2015-02-03,14.5573,3.5176,0.0319,0.000126,7.0352,10.5528,7.0233,10.5331,914.0224,1859.50441,778.620057,1618.092296,617.210995
2015-02-04,14.57,0.087,0.0319,0.000127,0.174,0.261,0.1622,0.2414,914.817714,1862.740413,780.652548,1620.716713,618.701061
2015-02-05,14.7327,1.1165,0.032,0.000127,2.2329,3.3494,2.2211,3.3297,925.031229,1904.333675,806.799417,1656.714027,639.302208
2015-02-06,14.4907,-1.6426,0.032,0.000127,-3.2852,-4.9278,-3.297,-4.9474,909.836613,1841.772288,767.041817,1602.091423,607.673138
2015-02-09,14.4987,0.0552,0.0322,0.000128,0.1104,0.1656,0.0986,0.146,910.338879,1843.80575,768.312129,1603.670665,608.560288
2015-02-10,14.4193,-0.5472,0.0322,0.000128,-1.0944,-1.6415,-1.1062,-1.6612,905.357718,1823.628004,755.700058,1585.931062,598.451185
2015-02-11,14.1867,-1.6136,0.0323,0.000128,-3.2271,-4.8407,-3.239,-4.8603,890.749139,1764.776982,719.118813,1534.563164,569.364476
2015-02-12,13.5253,-4.6617,0.0324,0.000128,-9.3233,-13.985,-9.3352,-14.0046,849.225453,1600.241217,618.550216,1391.309354,489.627268
2015-02-13,13.5847,0.4387,0.0324,0.000129,0.8774,1.3161,0.8655,1.2964,852.95089,1614.281299,626.690703,1403.351663,495.974977
2015-02-17,13.6233,0.2846,0.0326,0.000129,0.5693,0.8539,0.5574,0.8343,855.378627,1623.470693,632.041916,1411.174229,500.112698
2015-02-18,13.6307,0.0538,0.0327,0.00013,0.1077,0.1615,0.0958,0.1419,855.839097,1625.218597,633.062644,1412.526537,500.82222
2015-02-19,14.114,3.5459,0.0327,0.00013,7.0919,10.6378,7.08,10.6182,886.186533,1740.47675,700.406475,1512.533687,554.000316
2015-02-20,14.474,2.5507,0.0328,0.00013,5.1013,7.652,5.0895,7.6323,908.790107,1829.263914,754.001363,1589.513731,596.283525
2015-02-23,13.8227,-4.5,0.033,0.000131,-9.0,-13.5001,-9.0119,-13.5197,867.894372,1664.62944,652.210733,1446.268715,515.667866
2015-02-24,13.6073,-1.5578,0.033,0.000131,-3.1157,-4.6735,-3.1275,-4.6931,854.374036,1612.765178,621.729689,1401.03664,491.466937
2015-02-25,13.584,-0.1715,0.0331,0.000131,-0.343,-0.5144,-0.3548,-0.5341,852.908974,1607.234111,618.531305,1396.065859,488.842205
2015-02-26,13.8127,1.6834,0.0331,0.000131,3.3667,5.0501,3.3549,5.0304,867.26648,1661.345099,649.767582,1442.902151,513.433139
2015-02-27,13.556,-1.8582,0.0332,0.000132,-3.7164,-5.5746,-3.7282,-5.5942,851.150925,1599.602831,613.545616,1389.107291,484.710499
2015-03-02,13.1553,-2.9556,0.0333,0.000132,-5.9113,-8.8669,-5.9231,-8.8866,825.993927,1505.045678,559.14293,1306.828686,441.636391
2015-03-03,13.304,1.1301,0.0334,0.000133,2.2602,3.3903,2.2483,3.3706,835.328417,1539.062473,578.099415,1336.2107,456.522387
2015-03-04,13.496,1.4432,0.0335,0.000133,2.8864,4.3295,2.8745,4.3099,847.383692,1583.485293,603.128425,1374.620301,476.19806
2015-03-05,13.3753,-0.8941,0.0335,0.000133,-1.7882,-2.6823,-1.8,-2.7019,839.807252,1555.169475,586.950749,1349.876652,463.331547
2015-03-06,12.9253,-3.3644,0.0336,0.000133,-6.7288,-10.0932,-6.7406,-10.1128,811.55277,1450.525205,527.708621,1258.88631,416.475597
2015-03-09,12.7253,-1.5473,0.0337,0.000134,-3.0947,-4.642,-3.1065,-4.6617,798.995229,1405.635876,503.212163,1219.778566,397.060858
2015-03-10,12.688,-0.2934,0.0338,0.000134,-0.5868,-0.8801,-0.5986,-0.8998,796.651143,1397.388188,498.783203,1212.476985,393.488219
2015-03-11,12.916,1.797,0.0338,0.000134,3.594,5.3909,3.5821,5.3713,810.966793,1447.609722,525.672286,1255.909324,414.623661
2015-03-12,12.738,-1.3781,0.0339,0.000134,-2.7563,-4.1344,-2.7681,-4.1541,799.790543,1407.709571,503.9388,1221.144259,397.399981
2015-03-13,12.5787,-1.2508,0.0339,0.000135,-2.5017,-3.7525,-2.5135,-3.7722,789.786366,1372.49291,485.028249,1190.450305,382.409325
2015-03-16,13.0467,3.7206,0.0341,0.000135,7.4412,11.1618,7.4293,11.1421,819.171065,1474.622533,539.165964,1278.892847,425.017866
2015-03-17,12.982,-0.4957,0.0342,0.000136,-0.9913,-1.487,-1.0032,-1.5066,815.110785,1460.004387,531.148718,1266.063552,418.614514
2015-03-18,13.3807,3.0709,0.0342,0.000136,6.1418,9.2127,6.13,9.1931,840.142156,1549.675416,580.082118,1343.67313,457.098217
2015-03-19,13.0433,-2.5211,0.0343,0.000136,-5.0421,-7.5632,-5.0539,-7.5828,818.961728,1471.539144,536.209588,1275.764588,422.437394
2015-03-20,13.2053,1.242,0.0343,0.000136,2.484,3.726,2.4722,3.7064,829.133327,1508.092516,556.188943,1307.303792,438.094601
2015-03-23,13.3087,0.7825,0.0345,0.000137,1.565,2.3476,1.5532,2.3279,835.621465,1531.69478,569.245819,1327.608803,448.293104
2015-03-24,13.448,1.0469,0.0345,0.000137,2.0939,3.1408,2.082,3.1212,844.369858,1563.766403,587.124679,1355.249907,462.285042
2015-03-25,12.9533,-3.6784,0.0346,0.000137,-7.3567,-11.0351,-7.3686,-11.0547,813.31082,1448.724208,522.334843,1255.387212,411.180602
2015-03-26,12.694,-2.0021,0.0347,0.000138,-4.0041,-6.0062,-4.016,-6.0258,797.027902,1390.71574,490.962574,1204.971478,386.403679
2015-03-27,12.3333,-2.8412,0.0347,0.000138,-5.6825,-8.5237,-5.6943,-8.5434,774.382413,1311.688549,449.114274,1136.356456,353.391799
2015-03-30,12.7047,3.0108,0.0349,0.000138,6.0216,9.0325,6.0098,9.0128,797.697649,1390.67363,489.680299,1204.649082,385.242327
2015-03-31,12.5847,-0.9445,0.0349,0.000139,-1.8891,-2.8336,-1.9009,-2.8532,790.163125,1364.402863,475.80471,1181.749754,374.250423
2015-04-01,12.506,-0.6251,0.035,0.000139,-1.2502,-1.8753,-1.2621,-1.895,785.22376,1347.344906,466.881844,1166.835372,367.158513
2015-04-02,12.7333,1.8178,0.035,0.000139,3.6356,5.4534,3.6237,5.4337,799.497495,1396.328764,492.342668,1209.118437,387.108926
2015-04-06,13.54,6.3351,0.0353,0.00014,12.6702,19.0053,12.6583,18.9856,850.146333,1573.245966,585.913633,1362.172541,460.603907
2015-04-07,13.55,0.0739,0.0353,0.00014,0.1477,0.2216,0.1359,0.2019,850.774225,1575.569869,587.211847,1364.023289,461.533983
2015-04-08,13.8447,2.1747,0.0354,0.00014,4.3493,6.524,4.3375,6.5044,869.275723,1644.096633,625.521536,1423.187598,491.553779
2015-04-09,14.006,1.1653,0.0354,0.000141,2.3306,3.4959,2.3188,3.4763,879.405407,1682.414001,647.389173,1456.18785,508.641459
2015-04-10,14.06,0.3856,0.0355,0.000141,0.7711,1.1567,0.7593,1.137,882.796,1695.387269,654.8773,1467.244148,514.424808
2015-04-13,13.9853,-0.5311,0.0356,0.000141,-1.0621,-1.5932,-1.074,-1.6128,878.107827,1677.380237,644.443935,1451.486431,506.128028
2015-04-14,13.8307,-1.1059,0.0357,0.000142,-2.2118,-3.3178,-2.2237,-3.3374,868.396638,1640.279198,623.06279,1419.209839,489.236436
2015-04-15,13.8553,0.1783,0.0358,0.000142,0.3567,0.535,0.3448,0.5154,869.94541,1646.130024,626.396459,1424.103967,491.757944
2015-04-16,13.78,-0.5437,0.0358,0.000142,-1.0874,-1.6311,-1.0993,-1.6508,865.215382,1628.229496,616.179015,1408.449084,483.640025
2015-04-17,13.786,0.0435,0.0359,0.000142,0.0871,0.1306,0.0752,0.111,865.592142,1629.647525,616.983963,1409.508824,484.176796
2015-04-20,13.6847,-0.735,0.036,0.000143,-1.4701,-2.2051,-1.4819,-2.2248,859.22963,1605.690166,603.378592,1388.620695,473.404865
2015-04-21,13.9607,2.0169,0.0361,0.000143,4.0337,6.0506,4.0219,6.0309,876.559055,1670.459084,639.886424,1444.46911,501.955518
2015-04-22,14.6293,4.7896,0.0361,0.000143,9.5793,14.3689,9.5674,14.3493,918.543091,1830.477087,731.831222,1582.667728,573.982484
2015-04-23,14.5733,-0.3828,0.0362,0.000144,-0.7656,-1.1484,-0.7774,-1.168,915.026992,1816.463287,723.427071,1570.363566,567.278225
2015-04-24,14.562,-0.0778,0.0362,0.000144,-0.1555,-0.2333,-0.1674,-0.2529,914.315449,1813.638252,721.739418,1567.735183,565.843359
2015-04-27,15.4367,6.0065,0.0364,0.000144,12.013,18.0195,12.0012,17.9999,969.233845,2031.51077,851.793345,1755.881555,667.694364
2015-04-28,15.3653,-0.4621,0.0365,0.000145,-0.9242,-1.3863,-0.9361,-1.406,964.75489,2012.735021,839.984603,1739.445152,658.306626
2015-04-29,15.4967,0.8547,0.0365,0.000145,1.7095,2.5642,1.6976,2.5446,973.001077,2047.142497,861.523764,1768.974623,675.057751
2015-04-30,15.07,-2.7533,0.0366,0.000145,-5.5066,-8.2599,-5.5184,-8.2795,946.211597,1934.415213,790.363182,1671.355191,619.1663
2015-05-01,15.0687,-0.0088,0.0366,0.000145,-0.0177,-0.0265,-0.0295,-0.0462,946.127946,1934.073184,790.153563,1670.86159,618.880383
2015-05-04,15.3673,1.982,0.0368,0.000146,3.9641,5.9461,3.9522,5.9264,964.880516,2010.741132,837.136883,1736.897619,655.557974
2015-05-05,15.53,1.0585,0.0368,0.000146,2.117,3.1756,2.1052,3.1559,975.093971,2053.309332,863.72067,1773.462574,676.246748
2015-05-06,15.362,-1.0818,0.0369,0.000146,-2.1635,-3.2453,-2.1754,-3.265,964.545672,2008.88506,835.690192,1734.882708,654.167457
2015-05-07,15.7867,2.7644,0.037,0.000147,5.5288,8.2932,5.5169,8.2735,991.209527,2119.952105,904.995531,1830.595101,708.29018
2015-05-08,15.774,-0.0802,0.037,0.000147,-0.1605,-0.2407,-0.1723,-0.2604,990.414213,2116.550145,902.817115,1827.440498,706.446012
2015-05-11,15.966,1.2172,0.0372,0.000148,2.4344,3.6516,2.4225,3.6319,1002.469428,2168.074987,935.784094,1871.710694,732.103479
2015-05-12,16.316,2.1922,0.0372,0.000148,4.3843,6.5765,4.3725,6.5568,1024.44517,2263.130366,997.325769,1953.550635,780.106199
2015-05-13,16.212,-0.6374,0.0373,0.000148,-1.2748,-1.9122,-1.2867,-1.9319,1017.915237,2234.279451,978.254556,1928.414735,765.035358
2015-05-14,16.2733,0.3783,0.0373,0.000148,0.7566,1.135,0.7448,1.1153,1021.76618,2251.184755,989.357257,1942.77716,773.56771
2015-05-15,16.5893,1.9418,0.0374,0.000148,3.8837,5.8255,3.8718,5.8058,1041.607113,2338.612987,1046.99208,2017.997596,818.479655
2015-05-18,16.5833,-0.0362,0.0376,0.000149,-0.0723,-0.1085,-0.0842,-0.1282,1041.230353,2336.92119,1045.855959,2016.298496,817.43056
2015-05-19,16.476,-0.6472,0.0376,0.000149,-1.2945,-1.9417,-1.3063,-1.9614,1034.491203,2306.6707,1025.548692,1989.959291,801.397866
2015-05-20,16.29,-1.1289,0.0377,0.000149,-2.2578,-3.3867,-2.2697,-3.4064,1022.812746,2254.59031,990.816181,1944.793737,774.09914
2015-05-21,16.3747,0.5197,0.0377,0.00015,1.0395,1.5592,1.0276,1.5395,1028.128691,2278.026228,1006.265121,1964.778819,786.016776
2015-05-22,16.5153,0.8591,0.0378,0.00015,1.7181,2.5772,1.7062,2.5575,1036.960855,2317.165105,1032.198155,1998.302828,806.119094
2015-05-26,16.4973,-0.109,0.038,0.000151,-0.218,-0.327,-0.2298,-0.3466,1035.830698,2312.114265,1028.823254,1993.710086,803.32485
2015-05-27,16.4953,-0.0121,0.0381,0.000151,-0.0243,-0.0364,-0.0361,-0.0561,1035.705071,2311.553435,1028.448924,1992.990087,802.874576
2015-05-28,16.7633,1.6247,0.0381,0.000151,3.2494,4.8741,3.2375,4.8544,1052.53217,2386.665046,1078.576549,2057.513982,841.849577
2015-05-29,16.72,-0.2585,0.0382,0.000151,-0.517,-0.7755,-0.5289,-0.7952,1049.811385,2374.326033,1070.212219,2046.632698,835.155483
2015-06-01,16.63,-0.5383,0.0383,0.000152,-1.0766,-1.6148,-1.0884,-1.6345,1044.160476,2348.765063,1052.930054,2024.356834,821.504828
2015-06-02,16.5567,-0.441,0.0384,0.000152,-0.8819,-1.3229,-0.8938,-1.3426,1039.556134,2328.050781,1039.001017,2006.263518,810.475689
2015-06-03,16.5993,0.2577,0.0384,0.000153,0.5154,0.7731,0.5035,0.7534,1042.235005,2340.049259,1047.033336,2016.365626,816.581901
2015-06-04,16.3947,-1.233,0.0385,0.000153,-2.466,-3.6989,-2.4778,-3.7186,1029.384475,2282.344669,1008.304261,1966.40381,786.216446
2015-06-05,16.6093,1.3094,0.0385,0.000153,2.6187,3.9281,2.6069,3.9084,1042.862897,2342.113209,1047.911473,2017.665496,816.945167
2015-06-08,17.086,2.8699,0.0387,0.000154,5.7398,8.6096,5.7279,8.59,1072.791777,2476.544738,1138.13278,2133.235231,887.120416
2015-06-09,17.0667,-0.1132,0.0388,0.000154,-0.2263,-0.3395,-0.2382,-0.3591,1071.577909,2470.940295,1134.269373,2128.154695,883.934553
2015-06-10,16.7133,-2.0703,0.0388,0.000154,-4.1406,-6.211,-4.1525,-6.2306,1049.39283,2368.627612,1063.820396,2039.783114,828.859865
2015-06-11,16.7607,0.2832,0.0389,0.000154,0.5664,0.8496,0.5546,0.83,1052.364868,2382.044231,1072.859094,2051.095128,835.739165
2015-06-12,16.7127,-0.2864,0.0389,0.000154,-0.5728,-0.8592,-0.5846,-0.8788,1049.351034,2368.400512,1063.641514,2039.10372,828.394402
2015-06-15,16.692,-0.1237,0.0391,0.000155,-0.2473,-0.371,-0.2592,-0.3907,1048.053335,2362.542659,1059.695399,2033.818461,825.158065
2015-06-16,16.8747,1.0943,0.0392,0.000155,2.1887,3.283,2.1768,3.2633,1059.522574,2414.251031,1094.485325,2078.090884,852.085746
2015-06-17,17.3607,2.8801,0.0392,0.000156,5.7601,8.6402,5.7483,8.6205,1090.037431,2553.314658,1189.05074,2197.5448,925.539762
2015-06-18,17.4593,0.5683,0.0393,0.000156,1.1367,1.705,1.1248,1.6853,1096.232521,2582.337538,1209.324197,2222.263059,941.13821
2015-06-19,17.5007,0.2367,0.0393,0.000156,0.4735,0.7102,0.4616,0.6906,1098.8278,2594.564664,1217.913251,2232.521653,947.637323
2015-06-22,17.3193,-1.0362,0.0395,0.000157,-2.0723,-3.1085,-2.0842,-3.1282,1087.442152,2540.796824,1180.054551,2185.99168,917.99364
2015-06-23,17.8447,3.0332,0.0395,0.000157,6.0665,9.0997,6.0546,9.08,1120.426782,2694.933286,1287.435884,2318.344695,1001.347586
2015-06-24,17.678,-0.934,0.0396,0.000157,-1.868,-2.802,-1.8798,-2.8217,1109.962075,2644.592312,1251.362202,2274.763307,973.09298
2015-06-25,17.9193,1.3652,0.0396,0.000157,2.7303,4.0955,2.7185,4.0758,1125.114835,2716.798154,1302.611497,2336.601762,1012.754311
2015-06-26,17.806,-0.6325,0.0397,0.000158,-1.2649,-1.8974,-1.2768,-1.9171,1117.998925,2682.432789,1277.895977,2306.768371,993.339179
2015-06-29,17.468,-1.8982,0.0399,0.000158,-3.7965,-5.6947,-3.8083,-5.7144,1096.776702,2580.595146,1205.123652,2218.919012,936.576002
2015-06-30,17.884,2.3815,0.0399,0.000158,4.763,7.1445,4.7511,7.1248,1122.896435,2703.508874,1291.223698,2324.342839,1003.305328
2015-07-01,17.9433,0.3318,0.04,0.000159,0.6635,0.9953,0.6517,0.9756,1126.621752,2721.447175,1304.074975,2339.489519,1013.093541
2015-07-02,18.668,4.0386,0.04,0.000159,8.0773,12.1159,8.0654,12.0962,1172.121948,2941.266079,1462.075652,2528.179049,1135.639736
2015-07-06,18.648,-0.1071,0.0402,0.00016,-0.2143,-0.3214,-0.2261,-0.3411,1170.866283,2934.964273,1457.376799,2522.462307,1131.766446
2015-07-07,17.8587,-4.2328,0.0403,0.00016,-8.4656,-12.6984,-8.4775,-12.7181,1121.305807,2686.501695,1272.313083,2308.621207,987.827288
2015-07-08,16.9973,-4.8231,0.0404,0.00016,-9.6461,-14.4692,-9.658,-14.4889,1067.22458,2427.358637,1088.219898,2085.654985,844.702388
2015-07-09,17.1947,1.161,0.0404,0.00016,2.3219,3.4829,2.3101,3.4632,1079.614759,2483.720547,1126.121684,2133.835229,873.956377
2015-07-10,17.2767,0.4769,0.0405,0.000161,0.9538,1.4307,0.9419,1.411,1084.763282,2507.409538,1142.232607,2153.933897,886.287633
2015-07-13,17.4773,1.1615,0.0406,0.000161,2.323,3.4845,2.3111,3.4648,1097.362678,2565.656065,1182.033294,2203.713649,916.995521
2015-07-14,17.71,1.3312,0.0407,0.000161,2.6625,3.9937,2.6506,3.974,1111.971257,2633.96637,1229.24055,2262.125745,953.437338
2015-07-15,17.5427,-0.9448,0.0407,0.000162,-1.8897,-2.8345,-1.9016,-2.8542,1101.464874,2584.192674,1194.397368,2219.1102,926.224162
2015-07-16,17.7787,1.3453,0.0408,0.000162,2.6906,4.0359,2.6787,4.0162,1116.282791,2653.722536,1242.601757,2278.553845,963.423051
2015-07-17,18.3107,2.9923,0.0408,0.000162,5.9847,8.977,5.9728,8.9574,1149.685856,2812.539759,1354.150661,2414.647933,1049.72027
2015-07-20,18.8173,2.7671,0.041,0.000163,5.5341,8.3012,5.5222,8.2815,1181.498293,2968.18879,1466.560932,2547.990597,1136.652578
2015-07-21,17.7847,-5.4879,0.0411,0.000163,-10.9757,-16.4636,-10.9876,-16.4832,1116.65943,2642.409249,1225.112907,2268.028327,949.295369
2015-07-22,17.858,0.4123,0.0411,0.000163,0.8247,1.237,0.8128,1.2173,1121.263892,2664.200803,1240.267891,2286.463213,960.851484
2015-07-23,17.8133,-0.2501,0.0412,0.000163,-0.5002,-0.7504,-0.5121,-0.77,1118.459395,2650.873446,1230.961446,2274.754047,953.452451
2015-07-24,17.694,-0.6699,0.0412,0.000164,-1.3398,-2.0097,-1.3517,-2.0294,1110.966726,2615.356524,1206.222452,2244.006434,934.10288
2015-07-27,16.8673,-4.672,0.0414,0.000164,-9.344,-14.0161,-9.3559,-14.0358,1059.062104,2370.9764,1037.157476,2034.059056,802.994413
2015-07-28,17.6547,4.6678,0.0415,0.000164,9.3356,14.0034,9.3237,13.9837,1108.497073,2592.321581,1182.394988,2223.709478,915.282947
2015-07-29,17.588,-0.3776,0.0415,0.000165,-0.7552,-1.1329,-0.7671,-1.1526,1104.311166,2572.743331,1169.000108,2206.651156,904.733812
2015-07-30,17.786,1.1258,0.0416,0.000165,2.2515,3.3773,2.2397,3.3576,1116.743141,2630.66954,1208.480772,2256.072715,935.111219
2015-07-31,17.7433,-0.2399,0.0416,0.000165,-0.4798,-0.7196,-0.4916,-0.7393,1114.064271,2618.048513,1199.783974,2244.981043,928.197544
2015-08-03,17.3327,-2.3145,0.0418,0.000166,-4.629,-6.9435,-4.6408,-6.9632,1088.279381,2496.85965,1116.477388,2140.79486,863.565644
2015-08-04,17.752,2.4193,0.0418,0.000166,4.8387,7.258,4.8268,7.2383,1114.608452,2617.674203,1197.511208,2244.126485,926.073056
2015-08-05,18.0087,1.4458,0.0419,0.000166,2.8917,4.3375,2.8798,4.3178,1130.723948,2693.369158,1249.453629,2308.753171,966.059349
2015-08-06,16.4087,-8.8846,0.0419,0.000166,-17.7692,-26.6538,-17.7811,-26.6735,1030.2635,2214.778301,916.426267,1898.231486,708.377149
2015-08-07,16.1673,-1.4708,0.042,0.000167,-2.9415,-4.4123,-2.9534,-4.432,1015.11074,2149.629911,875.990823,1842.169041,676.98191
2015-08-10,16.076,-0.5649,0.0422,0.000167,-1.1299,-1.6948,-1.1417,-1.7145,1009.376121,2125.342296,861.144737,1821.136542,665.375216
2015-08-11,15.8247,-1.5634,0.0422,0.000168,-3.1268,-4.6902,-3.1387,-4.7099,993.595468,2058.886816,820.755158,1763.976768,634.036578
2015-08-12,15.878,0.337,0.0423,0.000168,0.6741,1.0111,0.6622,0.9914,996.944146,2072.764794,829.053639,1775.657441,640.322278
2015-08-13,16.1673,1.8222,0.0423,0.000168,3.6445,5.4667,3.6326,5.447,1015.11074,2148.305789,874.375378,1840.159643,675.200521
2015-08-14,16.21,0.2639,0.0424,0.000168,0.5278,0.7917,0.5159,0.772,1017.78961,2159.644517,881.29779,1849.653469,680.413045
2015-08-17,16.9993,4.8694,0.0425,0.000169,9.7388,14.6083,9.727,14.5886,1067.350087,2369.96895,1010.040128,2029.568704,779.675542
2015-08-18,17.3813,2.2471,0.0426,0.000169,4.4943,6.7414,4.4824,6.7217,1091.335011,2476.482316,1078.131384,2120.542464,832.083286
2015-08-19,17.0167,-2.098,0.0427,0.000169,-4.1961,-6.2941,-4.2079,-6.3138,1068.438449,2372.567514,1010.272747,2031.311301,779.547204
2015-08-20,16.1453,-5.1205,0.0427,0.000169,-10.2409,-15.3614,-10.2528,-15.3811,1013.72933,2129.594081,855.08047,1823.044508,659.644053
2015-08-21,15.3847,-4.7114,0.0428,0.00017,-9.4227,-14.1341,-9.4346,-14.1538,965.968878,1928.928339,734.222679,1651.047576,566.279429
2015-08-24,14.5913,-5.1567,0.0429,0.00017,-10.3133,-15.47,-10.3252,-15.4897,916.157209,1729.992033,620.638718,1480.573876,478.564633
2015-08-25,14.6687,0.53,0.043,0.000171,1.06,1.59,1.0481,1.5703,921.012804,1748.329802,630.506795,1496.091988,486.079443
2015-08-26,14.9893,2.1861,0.043,0.000171,4.3721,6.5582,4.3602,6.5385,941.146725,1824.768987,671.856624,1561.325324,517.861663
2015-08-27,16.1993,8.0724,0.0431,0.000171,16.1448,24.2172,16.1329,24.1975,1017.119923,2119.374561,834.561635,1813.212962,643.171317
2015-08-28,16.5653,2.2593,0.0432,0.000171,4.5187,6.778,4.5068,6.7583,1040.100196,2215.142631,891.128576,1894.931158,686.638988
2015-08-31,16.604,0.2334,0.0433,0.000172,0.4669,0.7003,0.455,0.6806,1042.528053,2225.484038,897.368935,1903.552571,691.312027
2015-09-01,15.9087,-4.1877,0.0434,0.000172,-8.3755,-12.5632,-8.3874,-12.5829,998.869618,2039.088766,784.630319,1743.894535,604.324583
2015-09-02,16.5127,3.7967,0.0434,0.000172,7.5933,11.39,7.5815,11.3703,1036.793433,2193.923842,873.999868,1876.107339,673.038162
2015-09-03,16.3713,-0.8559,0.0435,0.000173,-1.7118,-2.5677,-1.7237,-2.5875,1027.919354,2156.367557,851.557757,1843.768678,655.623584
2015-09-04,16.1287,-1.4823,0.0435,0.000173,-2.9645,-4.4468,-2.9764,-4.4665,1012.683003,2092.441971,813.691071,1788.891072,626.340383
2015-09-08,16.5447,2.5792,0.0438,0.000174,5.1585,7.7377,5.1466,7.718,1038.802616,2200.380536,876.652421,1880.958453,674.681545
2015-09-09,16.594,0.2982,0.0438,0.000174,0.5964,0.8946,0.5845,0.8748,1041.900161,2213.502908,884.494536,1891.952431,680.583927
2015-09-10,16.5653,-0.1728,0.0439,0.000174,-0.3455,-0.5183,-0.3574,-0.538,1040.100196,2205.854905,879.910433,1885.190664,676.922474
2015-09-11,16.6827,0.7083,0.0439,0.000174,1.4166,2.1249,1.4047,2.1052,1047.467358,2237.103609,898.607987,1911.672784,691.173214
2015-09-14,16.8793,1.1789,0.0441,0.000175,2.3577,3.5366,2.3459,3.5169,1059.815622,2289.848632,930.388209,1956.517873,715.481021
2015-09-15,16.9047,0.1501,0.0441,0.000175,0.3002,0.4503,0.2883,0.4305,1061.40625,2296.722087,934.577338,1962.158302,718.561457
2015-09-16,17.4833,3.4231,0.0442,0.000175,6.8462,10.2694,6.8344,10.2496,1097.739438,2453.961099,1030.552391,2096.25915,792.211406
2015-09-17,17.4713,-0.0686,0.0442,0.000176,-0.1373,-0.2059,-0.1492,-0.2256,1096.985919,2450.592167,1028.430194,2093.132215,790.423825
2015-09-18,17.3747,-0.5533,0.0443,0.000176,-1.1066,-1.6599,-1.1185,-1.6796,1090.916456,2423.474628,1011.359731,2069.721515,777.14808
2015-09-21,17.6133,1.3736,0.0445,0.000176,2.7473,4.1209,2.7354,4.1012,1105.901794,2490.054588,1053.03726,2126.336898,809.02065
2015-09-22,17.396,-1.2339,0.0445,0.000177,-2.4678,-3.7017,-2.4797,-3.7215,1092.255951,2428.604476,1014.056634,2073.610018,778.913341
2015-09-23,17.404,0.046,0.0446,0.000177,0.092,0.138,0.0801,0.1182,1092.758217,2430.838027,1015.455553,2075.270674,779.83428
2015-09-24,17.5413,0.7891,0.0446,0.000177,1.5782,2.3673,1.5663,2.3475,1101.381044,2469.200943,1039.494075,2107.775495,798.141245
2015-09-25,17.1273,-2.3601,0.0447,0.000177,-4.7203,-7.0804,-4.7322,-7.1001,1075.386937,2352.647869,965.893607,2008.032214,741.472162
2015-09-28,16.562,-3.3008,0.0448,0.000178,-6.6015,-9.9023,-6.6134,-9.922,1039.890978,2197.337276,870.248073,1875.232863,667.903252
2015-09-29,16.4433,-0.7165,0.0449,0.000178,-1.433,-2.1495,-1.4449,-2.1692,1032.440105,2165.849202,851.541953,1848.137716,653.414846
2015-09-30,16.56,0.7095,0.045,0.000178,1.419,2.1285,1.4071,2.1088,1039.765352,2196.582957,869.667233,1874.143447,667.194076
2015-10-01,15.992,-3.43,0.045,0.000179,-6.8599,-10.2899,-6.8718,-10.3096,1004.101911,2045.899526,780.179758,1745.356307,598.409203
2015-10-02,16.5047,3.2058,0.0451,0.000179,6.4116,9.6173,6.3997,9.5976,1036.291168,2177.073431,855.212199,1857.053289,655.842153
2015-10-05,16.41,-0.5736,0.0452,0.000179,-1.1472,-1.7207,-1.159,-1.7405,1030.347211,2152.098924,840.496227,1835.529198,644.42746
2015-10-06,16.0973,-1.9053,0.0453,0.00018,-3.8107,-5.716,-3.8226,-5.7357,1010.715616,2070.089413,792.453348,1765.364961,607.464789
2015-10-07,15.464,-3.9344,0.0453,0.00018,-7.8688,-11.8032,-7.8807,-11.8229,970.949979,1907.198049,698.918398,1626.241943,535.644609
2015-10-08,15.1147,-2.259,0.0454,0.00018,-4.518,-6.777,-4.5299,-6.7967,949.016153,1821.030581,651.552555,1552.574807,499.238206
2015-10-09,14.7127,-2.6597,0.0455,0.00018,-5.3193,-7.979,-5.3312,-7.9987,923.775505,1724.163963,599.565214,1469.803686,459.305539
2015-10-12,14.372,-2.3155,0.0456,0.000181,-4.6309,-6.9464,-4.6428,-6.9661,902.38574,1644.318889,557.916916,1401.563174,427.309655
2015-10-13,14.6167,1.7024,0.0457,0.000181,3.4048,5.1072,3.3929,5.0874,917.747837,1700.30423,586.410631,1449.11662,449.048749
2015-10-14,14.4587,-1.081,0.0457,0.000181,-2.1619,-3.2429,-2.1738,-3.2626,907.827371,1663.54509,567.394077,1417.615675,434.398079
2015-10-15,14.754,2.0426,0.0458,0.000182,4.0852,6.1278,4.0733,6.1081,926.370664,1731.504275,602.162873,1475.359619,460.931441
2015-10-16,15.134,2.5756,0.0458,0.000182,5.1511,7.7267,5.1393,7.707,950.230022,1820.696607,648.690316,1551.18217,496.455389
2015-10-19,15.2067,0.4802,0.046,0.000183,0.9603,1.4405,0.9484,1.4207,954.792628,1838.181051,658.034533,1565.894004,503.50875
2015-10-20,14.202,-6.6068,0.0461,0.000183,-13.2135,-19.8203,-13.2254,-19.84,891.711815,1595.292801,527.610338,1358.798261,403.612631
2015-10-21,14.006,-1.3801,0.0461,0.000183,-2.7602,-4.1403,-2.7721,-4.16,879.405407,1551.259911,505.765876,1321.131485,386.822365
2015-10-22,14.1147,0.7759,0.0462,0.000183,1.5517,2.3276,1.5398,2.3079,886.228388,1575.331215,517.538028,1341.47475,395.749674
2015-10-23,13.9393,-1.2422,0.0462,0.000183,-2.4844,-3.7266,-2.4963,-3.7464,875.21956,1536.193333,498.251281,1307.987352,380.923445
2015-10-26,14.3507,2.9509,0.0464,0.000184,5.9018,8.8527,5.8899,8.8329,901.046305,1626.856008,542.359786,1385.026298,414.570144
2015-10-27,14.0233,-2.281,0.0464,0.000184,-4.5619,-6.8429,-4.5738,-6.8626,880.493709,1552.639814,505.246595,1321.677542,386.119673
2015-10-28,14.1973,1.2408,0.0465,0.000184,2.4816,3.7224,2.4697,3.7026,891.418827,1591.169953,524.053811,1354.318988,400.416331
2015-10-29,14.1087,-0.6245,0.0465,0.000185,-1.2491,-1.8736,-1.2609,-1.8933,885.851689,1571.29543,514.235262,1337.241811,392.835205
2015-10-30,13.7953,-2.2209,0.0466,0.000185,-4.4417,-6.6626,-4.4536,-6.6823,866.178118,1501.502727,479.973848,1277.686124,366.584659
2015-11-02,14.2527,3.3151,0.0468,0.000186,6.6303,9.9454,6.6184,9.9257,894.89313,1601.056545,527.709255,1362.248335,402.970687
2015-11-03,13.89,-2.5446,0.0468,0.000186,-5.0891,-7.6337,-5.101,-7.6534,872.122075,1519.576988,487.425685,1292.759995,372.129711
2015-11-04,15.442,11.1735,0.0469,0.000186,22.347,33.5205,22.3351,33.5008,969.568689,1859.157046,650.813301,1581.49949,496.796072
2015-11-05,15.4513,0.0604,0.0469,0.000186,0.1209,0.1813,0.109,0.1616,970.154665,1861.404277,651.993294,1583.223026,497.59876
2015-11-06,15.4907,0.2546,0.047,0.000186,0.5091,0.7637,0.4972,0.744,972.624378,1870.881392,656.972612,1591.095525,501.30074
2015-11-09,15.022,-3.0255,0.0472,0.000187,-6.051,-9.0764,-6.0629,-9.0962,943.197823,1757.67511,597.342888,1494.629737,455.701527
2015-11-10,14.4333,-3.9187,0.0472,0.000187,-7.8374,-11.7561,-7.8493,-11.7758,906.236743,1619.91913,527.118686,1377.311902,402.038865
2015-11-11,14.6053,1.1917,0.0473,0.000188,2.3834,3.5751,2.3715,3.5553,917.036234,1658.527811,545.963476,1409.974536,416.332618
2015-11-12,14.196,-2.8026,0.0473,0.000188,-5.6053,-8.4079,-5.6172,-8.4276,891.335116,1565.563066,500.059493,1330.774137,381.245662
2015-11-13,13.8127,-2.7003,0.0474,0.000188,-5.4006,-8.1009,-5.4125,-8.1206,867.26648,1481.013572,459.55032,1258.746322,350.286182
2015-11-16,14.2873,3.4365,0.0475,0.000189,6.8729,10.3094,6.861,10.2896,897.069675,1582.802208,506.926995,1345.109016,386.329274
2015-11-17,14.2667,-0.1446,0.0476,0.000189,-0.2893,-0.4339,-0.3012,-0.4537,895.772155,1578.223484,504.727341,1341.057887,384.576645
2015-11-18,14.738,3.3037,0.0476,0.000189,6.6075,9.9112,6.5956,9.8915,925.366073,1682.504054,554.751867,1429.508297,422.61687
2015-11-19,14.7867,0.3302,0.0477,0.000189,0.6604,0.9906,0.6485,0.9709,928.421762,1693.615785,560.247474,1438.779124,426.720051
2015-11-20,14.6673,-0.807,0.0478,0.000189,-1.6141,-2.4211,-1.626,-2.4409,920.929033,1666.279493,546.683221,1415.384942,416.304403
2015-11-23,14.5167,-1.0272,0.0479,0.00019,-2.0544,-3.0816,-2.0663,-3.1014,911.469097,1632.046892,529.836358,1386.138421,403.393158
2015-11-24,14.55,0.2296,0.048,0.00019,0.4592,0.6889,0.4473,0.6691,913.56199,1639.541826,533.48615,1392.339152,406.09229
2015-11-25,15.3093,5.2188,0.048,0.000191,10.4376,15.6563,10.4257,15.6366,961.23879,1810.670024,617.010573,1537.499771,469.591304
2015-11-27,15.4407,0.8579,0.0481,0.000191,1.7157,2.5736,1.7038,2.5539,969.484978,1841.736445,632.890035,1563.696373,481.584034
2015-11-30,15.3507,-0.5829,0.0483,0.000192,-1.1658,-1.7486,-1.1777,-1.7684,963.834069,1820.266315,621.823117,1545.28146,473.067796
2015-12-01,15.8127,3.0096,0.0484,0.000192,6.0193,9.0289,6.0074,9.0092,992.84201,1929.83326,677.967038,1638.112433,515.687291
2015-12-02,15.466,-2.1923,0.0484,0.000192,-4.3847,-6.577,-4.3966,-6.5968,971.075546,1845.216279,633.377027,1566.091562,481.668603
2015-12-03,15.514,0.3104,0.0485,0.000192,0.6207,0.9311,0.6088,0.9113,974.08938,1856.66992,639.274281,1575.626273,486.0582
2015-12-04,15.3587,-1.0012,0.0485,0.000193,-2.0025,-3.0037,-2.0144,-3.0235,964.336395,1819.49043,620.072248,1543.887151,471.362358
2015-12-07,15.4087,0.3255,0.0487,0.000193,0.6511,0.9766,0.6392,0.9569,967.475735,1831.336918,626.128074,1553.755503,475.872734
2015-12-08,15.1147,-1.908,0.0487,0.000193,-3.816,-5.724,-3.8279,-5.7438,949.016153,1761.452551,590.288221,1494.278833,448.53957
2015-12-09,14.968,-0.9704,0.0488,0.000194,-1.9407,-2.9111,-1.9526,-2.9308,939.80729,1727.267726,573.104477,1465.101277,435.393641
2015-12-10,15.138,1.1358,0.0488,0.000194,2.2715,3.4073,2.2596,3.3875,950.481155,1766.502625,592.631586,1498.206714,450.142594
2015-12-11,14.468,-4.4259,0.0489,0.000194,-8.8519,-13.2778,-8.8638,-13.2976,908.413407,1610.133852,513.94299,1365.408892,390.284522
2015-12-14,14.572,0.7188,0.0491,0.000195,1.4376,2.1565,1.4257,2.1367,914.943281,1633.281838,525.025993,1384.876107,398.623774
2015-12-15,14.7393,1.1483,0.0491,0.000195,2.2966,3.445,2.2847,3.4252,925.449784,1670.792535,543.112973,1416.516987,412.27749
2015-12-16,15.634,6.0699,0.0492,0.000195,12.1399,18.2098,12.128,18.19,981.623904,1873.624289,642.012646,1588.311477,487.270863
2015-12-17,15.5593,-0.4776,0.0492,0.000195,-0.9552,-1.4328,-0.9671,-1.4525,976.935732,1855.727671,632.814013,1572.951094,480.193076
2015-12-18,15.364,-1.2554,0.0493,0.000196,-2.5108,-3.7662,-2.5227,-3.786,964.671239,1809.133903,608.980891,1533.270092,462.013115
2015-12-21,15.504,0.9112,0.0495,0.000196,1.8224,2.7337,1.8105,2.7139,973.461488,1842.104175,625.628304,1561.03043,474.551659
2015-12-22,15.33,-1.1223,0.0495,0.000196,-2.2446,-3.3669,-2.2565,-3.3866,962.53643,1800.756686,604.564218,1525.806057,458.480364
2015-12-23,15.3133,-0.1087,0.0496,0.000197,-0.2174,-0.3262,-0.2294,-0.3459,961.489923,1796.840982,602.592302,1522.30661,456.894343
2015-12-24,15.3713,0.3788,0.0496,0.000197,0.7575,1.1363,0.7456,1.1165,965.131649,1810.452362,609.439413,1533.657141,461.995646
2015-12-28,15.2633,-0.7026,0.0498,0.000198,-1.4052,-2.1078,-1.4171,-2.1276,958.350583,1785.011693,596.593552,1511.92346,452.166335
2015-12-29,15.8127,3.599,0.0499,0.000198,7.1981,10.7971,7.1862,10.7774,992.84201,1913.498286,661.008485,1620.572956,500.897933
2015-12-30,15.8727,0.3794,0.0499,0.000198,0.7589,1.1383,0.747,1.1186,996.609302,1928.019644,668.532982,1632.678409,506.500849
2015-12-31,16.0007,0.8064,0.05,0.000198,1.6128,2.4193,1.6009,2.3995,1004.646152,1959.115491,684.70652,1658.816512,518.654318
2016-01-04,14.894,-6.9164,0.053,0.00021,-13.8328,-20.7492,-13.8447,-20.7689,935.160973,1688.115613,542.635735,1429.158619,410.935337
2016-01-05,14.8953,0.009,0.0537,0.000213,0.0179,0.0269,0.006,0.0071,935.244684,1688.417837,542.781457,1429.244134,410.964362
2016-01-06,14.6027,-1.9648,0.0544,0.000216,-3.9296,-5.8945,-3.9416,-5.9143,916.868812,1622.069106,510.787427,1372.909596,386.658878
2016-01-07,14.3767,-1.5477,0.0552,0.000219,-3.0953,-4.643,-3.1072,-4.6628,902.678788,1571.860832,487.071648,1330.24989,368.629798
2016-01-08,14.0667,-2.1563,0.0559,0.000222,-4.3125,-6.4688,-4.3245,-6.4886,883.214554,1504.07356,455.563841,1272.723535,344.710765
2016-01-11,13.8567,-1.4929,0.0581,0.000231,-2.9858,-4.4787,-2.9977,-4.4985,870.029121,1459.165195,435.160623,1234.570853,329.203951
2016-01-12,13.998,1.02,0.0589,0.000234,2.0399,3.0599,2.028,3.0401,878.903141,1488.931234,448.476122,1259.607905,339.211989
2016-01-13,13.354,-4.6007,0.0596,0.000236,-9.2013,-13.802,-9.2133,-13.8218,838.467817,1351.929979,386.57757,1143.556979,292.32675
2016-01-14,13.7453,2.9305,0.0603,0.000239,5.8609,8.7914,5.849,8.7715,863.038718,1431.16531,420.562986,1210.44316,317.96823
2016-01-15,13.666,-0.5772,0.0611,0.000242,-1.1543,-1.7315,-1.1663,-1.7513,858.057617,1414.645126,413.281041,1196.326178,312.399572
2016-01-19,13.648,-0.1317,0.064,0.000254,-0.2634,-0.3952,-0.2754,-0.415,856.927399,1410.918438,411.647943,1193.031535,311.103028
2016-01-20,13.2467,-2.9406,0.0648,0.000257,-5.8812,-8.8218,-5.8932,-8.8417,831.728606,1327.939549,375.333205,1122.724278,283.596312
2016-01-21,13.3313,0.6392,0.0655,0.00026,1.2783,1.9175,1.2663,1.8976,837.044611,1344.914637,382.530047,1136.941745,288.977749
2016-01-22,13.5033,1.2902,0.0662,0.000263,2.5804,3.8706,2.5684,3.8507,847.844102,1379.618626,397.336175,1166.143149,300.105381
2016-01-25,13.092,-3.0462,0.0684,0.000272,-6.0923,-9.1385,-6.1043,-9.1584,822.017417,1295.567855,361.025692,1094.958305,272.620568
2016-01-26,12.904,-1.436,0.0692,0.000275,-2.872,-4.308,-2.884,-4.3279,810.213335,1258.359422,345.472821,1063.38015,260.821871
2016-01-27,12.538,-2.8363,0.0699,0.000277,-5.6727,-8.509,-5.6846,-8.5289,787.233002,1186.976942,316.076561,1002.930753,238.5766
2016-01-28,12.6467,0.8667,0.0707,0.00028,1.7334,2.6001,1.7214,2.5802,794.055924,1207.55192,324.294836,1020.195268,244.732267
2016-01-29,12.7467,0.7907,0.0714,0.000283,1.5815,2.3722,1.5695,2.3522,800.334724,1226.648755,331.987679,1036.206832,250.488967
2016-02-01,13.1293,3.0021,0.0736,0.000292,6.0042,9.0063,5.9922,8.9863,824.361444,1300.298804,361.887325,1098.2981,272.998664
2016-02-02,12.1853,-7.19,0.0743,0.000295,-14.38,-21.57,-14.392,-21.59,765.089838,1113.31578,283.828206,940.230976,214.058357
2016-02-03,11.5653,-5.0881,0.0751,0.000298,-10.1762,-15.2642,-10.1882,-15.2842,726.161431,1000.022916,240.50396,844.43864,181.341228
2016-02-04,11.6887,1.0664,0.0758,0.000301,2.1328,3.1992,2.1208,3.1793,733.905293,1021.351615,248.198239,862.347612,187.106545
2016-02-05,10.84,-7.2606,0.0766,0.000304,-14.5212,-21.7818,-14.5332,-21.8018,680.61938,873.039145,194.13621,737.020855,146.314013
2016-02-08,9.866,-8.9852,0.0788,0.000313,-17.9705,-26.9557,-17.9825,-26.9757,619.464099,716.149828,141.805399,604.486095,106.844771
2016-02-09,9.8833,0.1757,0.0795,0.000316,0.3514,0.5271,0.3393,0.5071,620.552401,718.666156,142.55279,606.537401,107.386535
2016-02-10,9.578,-3.0894,0.0802,0.000318,-6.1787,-9.2681,-6.1908,-9.2881,601.381216,674.261584,129.340823,568.988047,97.41234
2016-02-11,10.0313,4.7331,0.081,0.000321,9.4661,14.1992,9.4541,14.1792,629.844975,738.088053,147.706176,622.780751,111.224616
2016-02-12,10.0693,0.3788,0.0817,0.000324,0.7576,1.1364,0.7456,1.1164,632.230917,743.680016,149.384771,627.42419,112.46636
2016-02-16,10.3447,2.7344,0.0847,0.000336,5.4688,8.2032,5.4567,8.1831,649.518546,784.35017,161.639037,661.661022,121.669615
2016-02-17,11.2453,8.7066,0.0854,0.000339,17.4131,26.1197,17.4011,26.0997,706.069306,920.930098,203.858664,776.797229,153.424965
2016-02-18,11.118,-1.1323,0.0861,0.000342,-2.2646,-3.3969,-2.2767,-3.417,698.074371,900.074422,196.933692,759.112042,148.182439
2016-02-19,11.1053,-0.1139,0.0869,0.000345,-0.2279,-0.3418,-0.2399,-0.3618,697.279057,898.023519,196.260594,757.290852,147.64625
2016-02-22,11.8493,6.6995,0.0891,0.000354,13.399,20.0984,13.3869,20.0784,743.993122,1018.349314,235.705907,858.668608,177.291204
2016-02-23,11.814,-0.2982,0.0898,0.000356,-0.5964,-0.8945,-0.6084,-0.9146,741.774662,1012.276227,233.597403,853.444223,175.669651
2016-02-24,11.9333,1.0101,0.0906,0.000359,2.0202,3.0303,2.0081,3.0102,749.267331,1032.726241,240.676108,870.582536,180.957689
2016-02-25,12.4953,4.7095,0.0913,0.000362,9.419,14.1285,9.4069,14.1084,784.554012,1129.99855,274.67997,952.477489,206.487896
2016-02-26,12.6893,1.5526,0.092,0.000365,3.1052,4.6577,3.0931,4.6376,796.734854,1165.08685,287.473863,981.938491,216.064081
2016-02-29,12.7953,0.8353,0.0943,0.000374,1.6707,2.506,1.6586,2.4859,803.390353,1184.551883,294.678075,998.225054,221.435277
2016-03-01,12.4233,-2.9073,0.095,0.000377,-5.8146,-8.7219,-5.8267,-8.742,780.033321,1115.674739,268.976477,940.061481,202.07731
2016-03-02,12.556,1.0679,0.0957,0.00038,2.1358,3.2036,2.1237,3.1835,788.36316,1139.502928,277.593534,960.025365,208.510486
2016-03-03,13.0493,3.9291,0.0965,0.000383,7.8581,11.7872,7.846,11.7671,819.338427,1229.046453,310.31399,1035.349266,233.046022
2016-03-04,13.4027,2.7077,0.0972,0.000386,5.4154,8.123,5.4033,8.1029,841.523506,1295.603792,335.520938,1091.292001,251.92953
2016-03-07,13.686,2.114,0.0994,0.000395,4.228,6.342,4.2159,6.3219,859.313341,1350.382006,356.799709,1137.299843,267.856152
2016-03-08,13.5067,-1.3103,0.1002,0.000397,-2.6207,-3.931,-2.6328,-3.9512,848.05344,1314.992893,342.773873,1107.357262,257.272696
2016-03-09,13.9147,3.0207,0.1009,0.0004,6.0415,9.0622,6.0294,9.042,873.670847,1394.437671,373.836696,1174.123751,280.535358
2016-03-10,13.6787,-1.6961,0.1016,0.000403,-3.3921,-5.0882,-3.4042,-5.1083,858.852931,1347.136881,354.815296,1134.154058,266.204688
2016-03-11,13.8333,1.1307,0.1024,0.000406,2.2614,3.3921,2.2493,3.372,868.56406,1377.601283,366.851083,1159.664651,275.180977
2016-03-14,14.3433,3.6867,0.1046,0.000415,7.3735,11.0602,7.3614,11.0401,900.585834,1479.178678,407.425716,1245.031927,305.561098
2016-03-15,14.556,1.4827,0.1053,0.000418,2.9654,4.4481,2.9532,4.4279,913.938689,1523.041811,425.548241,1281.800789,319.090901
2016-03-16,14.7953,1.6442,0.1061,0.000421,3.2884,4.9327,3.2763,4.9125,928.965883,1573.126231,446.539133,1323.796679,334.766124
2016-03-17,15.092,2.0051,0.1068,0.000424,4.0103,6.0154,3.9981,5.9952,947.592947,1636.212989,473.400333,1376.724046,354.836045
2016-03-18,15.516,2.8094,0.1075,0.000427,5.6189,8.4283,5.6067,8.4081,974.214946,1728.149639,513.299944,1453.913315,384.670956
2016-03-21,15.888,2.3975,0.1098,0.000436,4.795,7.1926,4.7829,7.1723,997.571978,1811.015226,550.219404,1523.452609,412.260843
2016-03-22,15.616,-1.712,0.1105,0.000438,-3.424,-5.1359,-3.4361,-5.1562,980.493746,1749.006792,521.960467,1471.105184,391.003925
2016-03-23,14.8387,-4.9778,0.1112,0.000441,-9.9556,-14.9334,-9.9677,-14.9536,931.686729,1574.882672,444.014022,1324.46913,332.534574
2016-03-24,15.1833,2.3228,0.112,0.000444,4.6455,6.9683,4.6334,6.948,953.327566,1648.044132,474.95415,1385.836651,355.639155
2016-03-28,15.3507,1.1021,0.1149,0.000456,2.2042,3.3063,2.192,3.286,963.834069,1684.369905,490.65738,1416.214363,367.325404
2016-03-29,15.342,-0.0565,0.1157,0.000459,-0.1129,-0.1694,-0.1251,-0.1897,963.289888,1682.467913,489.826304,1414.442886,366.628723
2016-03-30,15.126,-1.4079,0.1164,0.000462,-2.8158,-4.2237,-2.828,-4.244,949.727756,1635.093072,469.13755,1374.442967,351.069071
2016-03-31,15.318,1.2693,0.1171,0.000465,2.5387,3.808,2.5265,3.7877,961.782971,1676.60265,487.002314,1409.168219,364.366538
2016-04-01,15.8393,3.4034,0.1179,0.000468,6.8068,10.2102,6.7946,10.1899,994.516289,1790.725625,536.726218,1504.915916,401.495117
2016-04-04,16.466,3.9564,0.1201,0.000477,7.9128,11.8692,7.9006,11.8489,1033.863311,1932.422088,600.431293,1623.813498,449.067774
2016-04-05,17.0313,3.4333,0.1208,0.000479,6.8667,10.3,6.8545,10.2797,1069.359389,2065.115462,662.275898,1735.117813,495.230623
2016-04-06,17.6947,3.8948,0.1216,0.000482,7.7896,11.6844,7.7774,11.664,1111.008641,2225.97909,739.658572,1870.064551,552.994452
2016-04-07,17.1467,-3.097,0.1223,0.000485,-6.194,-9.2909,-6.2062,-9.3113,1076.600925,2088.102832,670.937336,1754.005507,501.503613
2016-04-08,16.6713,-2.7722,0.123,0.000488,-5.5443,-8.3165,-5.5565,-8.3368,1046.755755,1972.331459,615.138836,1656.543708,459.694054
2016-04-11,16.6613,-0.06,0.1252,0.000497,-0.12,-0.18,-0.1322,-0.2003,1046.127863,1969.96527,614.031871,1654.354213,458.773228
2016-04-12,16.5213,-0.8403,0.126,0.0005,-1.6805,-2.5208,-1.6927,-2.5412,1037.337614,1936.859403,598.553382,1626.350351,447.115063
2016-04-13,16.9687,2.7076,0.1267,0.000503,5.4152,8.1228,5.403,8.1024,1065.424615,2041.744389,647.172758,1714.222058,483.342306
2016-04-14,16.7907,-1.049,0.1275,0.000506,-2.098,-3.147,-2.1102,-3.1673,1054.248424,1998.909028,626.806438,1678.048702,468.033189
2016-04-15,16.9673,1.0522,0.1282,0.000509,2.1043,3.1565,2.0921,3.1361,1065.340904,2040.972847,646.591635,1713.155558,482.711299
2016-04-18,16.9253,-0.2475,0.1304,0.000517,-0.4951,-0.7426,-0.5073,-0.763,1062.703829,2030.868668,641.790044,1704.46488,479.02821
2016-04-19,16.4913,-2.5642,0.1311,0.00052,-5.1284,-7.6926,-5.1406,-7.713,1035.453938,1926.717449,592.419632,1616.844576,442.080682
2016-04-20,16.6647,1.0511,0.1319,0.000523,2.1021,3.1532,2.0899,3.1328,1046.3372,1967.219436,611.099724,1650.634916,455.930071
2016-04-21,16.5527,-0.6721,0.1326,0.000526,-1.3442,-2.0162,-1.3564,-2.0367,1039.305001,1940.776949,598.778529,1628.245902,446.644368
2016-04-22,16.9167,2.199,0.1334,0.000529,4.3981,6.5971,4.3859,6.5767,1062.159768,2026.133999,638.280725,1699.65834,476.018856
2016-04-25,16.788,-0.7606,0.1356,0.000538,-1.5212,-2.2818,-1.5334,-2.3022,1054.081002,1995.312531,623.716475,1673.595095,465.059784
2016-04-26,16.916,0.7625,0.1363,0.000541,1.5249,2.2874,1.5127,2.2669,1062.117853,2025.739088,637.983071,1698.910807,475.602251
2016-04-27,16.7647,-0.8946,0.137,0.000544,-1.7892,-2.6838,-1.8015,-2.7043,1052.616001,1989.494009,620.860619,1668.30531,462.740568
2016-04-28,16.514,-1.4952,0.1378,0.000547,-2.9904,-4.4856,-3.0027,-4.5061,1036.877144,1929.999643,593.011044,1618.211438,441.88902
2016-04-29,16.0507,-2.8057,0.1385,0.00055,-5.6114,-8.4171,-5.6237,-8.4376,1007.785493,1821.699682,543.096729,1527.208825,404.604362
2016-05-02,16.12,0.432,0.1407,0.000558,0.8639,1.2959,0.8517,1.2754,1012.138822,1837.438067,550.13477,1540.215677,409.764797
2016-05-03,15.488,-3.9206,0.1415,0.000561,-7.8412,-11.7618,-7.8535,-11.7823,972.456896,1693.360834,485.429001,1419.255302,361.485116
2016-05-04,14.8373,-4.2011,0.1422,0.000564,-8.4022,-12.6033,-8.4145,-12.6238,931.602958,1551.081089,424.24885,1299.83233,315.851922
2016-05-05,14.102,-4.956,0.143,0.000567,-9.9119,-14.8679,-9.9242,-14.8884,885.433074,1397.339128,361.172022,1170.834415,268.826675
2016-05-06,14.3287,1.6073,0.1437,0.00057,3.2147,4.822,3.2024,4.8015,899.664954,1442.258983,378.58776,1208.329151,281.734391
2016-05-09,13.928,-2.7963,0.1459,0.000579,-5.5925,-8.3888,-5.6048,-8.4093,874.508017,1361.600469,346.828908,1140.604745,258.042524
2016-05-10,13.9127,-0.1101,0.1466,0.000582,-0.2202,-0.3303,-0.2325,-0.3508,873.545281,1358.602528,345.683448,1137.953227,257.137322
2016-05-11,13.9307,0.1294,0.1474,0.000585,0.2588,0.3881,0.2465,0.3676,874.675439,1362.117939,347.025142,1140.757835,258.082542
2016-05-12,13.8187,-0.804,0.1481,0.000588,-1.608,-2.4119,-1.6203,-2.4325,867.64324,1340.215679,338.655124,1122.274703,251.804749
2016-05-13,13.8407,0.1592,0.1489,0.000591,0.3184,0.4776,0.3061,0.4571,869.02453,1344.482933,340.272544,1125.710026,252.955633
2016-05-16,13.886,0.3275,0.1511,0.000599,0.6551,0.9826,0.6428,0.962,871.870882,1353.290215,343.61607,1132.945667,255.389164
2016-05-17,13.644,-1.7428,0.1518,0.000602,-3.4855,-5.2283,-3.4978,-5.2488,856.676267,1306.121018,325.650861,1093.317172,241.984171
2016-05-18,14.078,3.1809,0.1525,0.000605,6.3618,9.5427,6.3495,9.5221,883.926157,1389.213445,356.726604,1162.7369,265.026099
2016-05-19,14.3473,1.9131,0.1533,0.000608,3.8263,5.7394,3.814,5.7189,900.836967,1442.368846,377.200721,1207.083454,280.182572
2016-05-20,14.6853,2.3558,0.154,0.000611,4.7117,7.0675,4.6994,7.0469,922.05925,1510.328668,403.859464,1263.808696,299.926854
2016-05-23,14.4147,-1.8431,0.1562,0.00062,-3.6862,-5.5293,-3.6985,-5.5499,905.06473,1454.654779,381.528802,1217.066271,283.281153
2016-05-24,14.5273,0.7816,0.157,0.000623,1.5632,2.3448,1.5509,2.3242,912.138784,1477.394163,390.474976,1235.94158,289.865207
2016-05-25,14.6387,0.7664,0.1577,0.000626,1.5327,2.2991,1.5204,2.2785,919.129188,1500.038922,399.452483,1254.733056,296.46981
2016-05-26,15.008,2.523,0.1584,0.000629,5.046,7.569,5.0337,7.5484,942.318798,1575.730823,429.687017,1317.892061,318.848452
2016-05-27,14.8693,-0.924,0.1592,0.000632,-1.8479,-2.7719,-1.8602,-2.7925,933.6122,1546.612749,417.776678,1293.376011,309.944634
2016-05-31,14.882,0.0852,0.1621,0.000643,0.1704,0.2556,0.158,0.2349,934.407514,1549.247767,418.844349,1295.419853,310.67272
2016-06-01,14.6373,-1.644,0.1629,0.000646,-3.2881,-4.9321,-3.3004,-4.9528,919.045417,1498.307049,398.186357,1252.665215,295.285727
2016-06-02,14.5973,-0.2733,0.1636,0.000649,-0.5465,-0.8198,-0.5589,-0.8405,916.533909,1490.118095,394.921943,1245.664036,292.803897
2016-06-03,14.5993,0.0137,0.1643,0.000652,0.0274,0.0411,0.015,0.0204,916.659475,1490.526391,395.084258,1245.851405,292.863719
2016-06-06,14.712,0.7717,0.1666,0.000661,1.5435,2.3152,1.5311,2.2945,923.733589,1513.531999,404.231181,1264.926486,299.583465
2016-06-07,15.4893,5.2837,0.1673,0.000664,10.5673,15.851,10.555,15.8303,972.540607,1673.472017,468.305884,1398.439049,347.008462
2016-06-08,15.7013,1.3687,0.168,0.000667,2.7374,4.106,2.725,4.0854,985.851607,1719.281076,487.534755,1436.546417,361.184975
2016-06-09,15.2907,-2.6155,0.1688,0.00067,-5.231,-7.8465,-5.2434,-7.8672,960.066777,1629.345899,449.280517,1361.223234,332.769945
2016-06-10,14.586,-4.6085,0.1695,0.000673,-9.2169,-13.8254,-9.2293,-13.8461,915.822365,1479.169989,387.165612,1235.591536,286.694195
2016-06-13,14.5247,-0.4205,0.1717,0.000681,-0.841,-1.2615,-0.8534,-1.2822,911.971362,1466.730266,382.281556,1225.047229,283.01815
2016-06-14,14.3307,-1.3357,0.1725,0.000684,-2.6713,-4.007,-2.6837,-4.0277,899.790521,1427.549191,366.963604,1192.170492,271.618984
2016-06-15,14.5133,1.2747,0.1732,0.000687,2.5493,3.824,2.5369,3.8032,911.259759,1463.941889,380.996181,1222.414897,281.949279
2016-06-16,14.5287,0.1057,0.1739,0.00069,0.2113,0.317,0.1989,0.2962,912.222555,1467.035358,382.203811,1224.846456,282.784471
2016-06-17,14.3647,-1.1288,0.1747,0.000693,-2.2576,-3.3864,-2.27,-3.4072,901.925329,1433.915384,369.260789,1197.042294,273.149523
2016-06-20,14.6467,1.9631,0.1769,0.000702,3.9263,5.8894,3.9139,5.8687,919.631453,1490.215129,391.00819,1243.893171,289.179776
2016-06-21,14.6407,-0.041,0.1776,0.000705,-0.0819,-0.1229,-0.0943,-0.1437,919.254754,1488.994286,390.527696,1242.719742,288.764338
2016-06-22,13.1107,-10.4503,0.1784,0.000708,-20.9007,-31.351,-20.9131,-31.3718,823.189491,1177.784303,268.093259,982.828549,198.173751
2016-06-23,13.0933,-0.1322,0.1791,0.000711,-0.2644,-0.3966,-0.2768,-0.4174,822.101128,1174.669939,267.029898,980.10766,197.346524
2016-06-24,12.8767,-1.6548,0.1798,0.000714,-3.3096,-4.9643,-3.322,-4.9851,808.497141,1135.793467,253.773604,947.548626,187.508522
2016-06-27,13.2367,2.7958,0.182,0.000722,5.5915,8.3873,5.5791,8.3664,831.100714,1199.301401,275.058245,1000.413073,203.196321
2016-06-28,13.4527,1.6318,0.1828,0.000725,3.2637,4.8955,3.2512,4.8747,844.662907,1238.442641,288.523734,1032.938886,213.10151
2016-06-29,14.0127,4.1627,0.1835,0.000728,8.3255,12.4882,8.313,12.4674,879.824021,1341.548918,324.555207,1118.80755,239.669719
2016-06-30,14.152,0.9943,0.1843,0.000731,1.9887,2.983,1.9762,2.9622,888.572475,1368.228066,334.236766,1140.917928,246.769207
2016-07-01,14.4333,1.9879,0.185,0.000734,3.9759,5.9638,3.9634,5.943,906.236743,1422.627113,354.170023,1186.13747,261.434652
2016-07-05,14.2653,-1.164,0.188,0.000746,-2.3279,-3.4919,-2.3404,-3.5128,895.688384,1389.509099,341.802684,1158.377111,252.251032
2016-07-06,14.296,0.215,0.1887,0.000749,0.4299,0.6449,0.4175,0.6241,897.613856,1395.483186,344.007016,1163.213187,253.825207
2016-07-07,14.396,0.6995,0.1894,0.000752,1.399,2.0985,1.3865,2.0776,903.892657,1415.00597,351.225993,1179.341604,259.098752
2016-07-08,14.452,0.389,0.1902,0.000755,0.778,1.167,0.7655,1.1461,907.408756,1426.014582,355.324751,1188.369812,262.068313
2016-07-11,14.9853,3.6904,0.1924,0.000763,7.3808,11.0711,7.3683,11.0502,940.895592,1531.26531,394.663257,1275.932361,291.027516
2016-07-12,14.9767,-0.0578,0.1931,0.000766,-0.1157,-0.1735,-0.1281,-0.1944,940.351471,1529.494244,393.978554,1274.297472,290.461793
2016-07-13,14.8353,-0.9437,0.1939,0.000769,-1.8874,-2.8311,-1.8999,-2.852,931.477391,1500.626626,382.824649,1250.087452,282.177828
2016-07-14,14.7687,-0.4494,0.1946,0.000772,-0.8987,-1.3481,-0.9112,-1.369,927.291604,1487.139872,377.663743,1238.696404,278.314752
2016-07-15,14.6933,-0.5101,0.1953,0.000775,-1.0202,-1.5303,-1.0327,-1.5512,922.561516,1471.968156,371.884387,1225.904687,273.997515
2016-07-18,15.0833,2.6543,0.1975,0.000784,5.3085,7.9628,5.296,7.9419,947.048766,1550.108098,401.496805,1290.829146,295.75804
2016-07-19,15.0173,-0.4376,0.1983,0.000787,-0.8751,-1.3127,-0.8876,-1.3336,942.904775,1536.542514,396.226329,1279.371345,291.813676
2016-07-20,15.224,1.3762,0.199,0.00079,2.7524,4.1286,2.7399,4.1076,955.88093,1578.833985,412.584803,1314.424619,303.800283
2016-07-21,14.7,-3.4419,0.1998,0.000793,-6.8839,-10.3258,-6.8964,-10.3468,922.980131,1470.149109,369.982102,1223.77705,272.366812
2016-07-22,14.818,0.8027,0.2005,0.000796,1.6054,2.4082,1.5929,2.3872,930.389089,1493.75151,378.891878,1243.271092,278.868773
2016-07-25,15.334,3.4822,0.2027,0.000804,6.9645,10.4467,6.952,10.4258,962.787563,1597.783832,418.473765,1329.703164,307.943007
2016-07-26,15.3007,-0.2174,0.2034,0.000807,-0.4348,-0.6521,-0.4473,-0.6731,960.694669,1590.837354,415.744748,1323.755791,305.870195
2016-07-27,15.2327,-0.4444,0.2042,0.00081,-0.8888,-1.3333,-0.9014,-1.3543,956.425111,1576.697227,410.201739,1311.823924,301.727925
2016-07-28,15.374,0.9278,0.2049,0.000813,1.8557,2.7835,1.8431,2.7625,965.299071,1605.955237,421.619613,1336.002574,310.063117
2016-07-29,15.6527,1.8126,0.2057,0.000816,3.6252,5.4378,3.6127,5.4168,982.795977,1664.173978,444.546307,1384.267749,326.858524
2016-08-01,15.334,-2.0359,0.2079,0.000825,-4.0717,-6.1076,-4.0843,-6.1286,962.787563,1596.413255,417.395199,1327.730595,306.826625
2016-08-02,15.1467,-1.2217,0.2086,0.000828,-2.4434,-3.6651,-2.4559,-3.6861,951.025336,1557.406987,402.09744,1295.122816,295.516768
2016-08-03,15.0527,-0.6206,0.2093,0.000831,-1.2412,-1.8618,-1.2537,-1.8828,945.123294,1538.076523,394.611218,1278.885441,289.95272
2016-08-04,15.374,2.1347,0.2101,0.000834,4.2694,6.4042,4.2569,6.3831,965.299071,1603.743909,419.882803,1333.326425,308.460809
2016-08-05,15.3353,-0.2515,0.2108,0.000837,-0.503,-0.7545,-0.5156,-0.7756,962.871274,1595.676845,416.714696,1326.452361,306.068511
2016-08-08,15.0773,-1.6824,0.213,0.000845,-3.3648,-5.0472,-3.3773,-5.0682,946.672067,1541.985972,395.682452,1281.653784,290.556308
2016-08-09,15.272,1.2911,0.2138,0.000848,2.5822,3.8734,2.5697,3.8523,958.894764,1581.803831,411.008689,1314.58832,301.749427
2016-08-10,15.0433,-1.4973,0.2145,0.000851,-2.9946,-4.4919,-3.0072,-4.513,944.537258,1534.435217,392.546622,1275.056647,288.131597
2016-08-11,14.994,-0.3279,0.2152,0.000854,-0.6559,-0.9838,-0.6684,-1.0049,941.439773,1524.371263,388.684708,1266.533735,285.23621
2016-08-12,15.0407,0.3112,0.216,0.000857,0.6225,0.9337,0.6099,0.9126,944.369836,1533.859929,392.313843,1274.258334,287.839324
2016-08-15,15.0393,-0.0089,0.2182,0.000866,-0.0177,-0.0266,-0.0303,-0.0477,944.286125,1533.588,392.209517,1273.872226,287.702055
2016-08-16,14.9073,-0.8777,0.2189,0.000869,-1.7554,-2.6331,-1.768,-2.6542,935.998142,1506.667449,381.882268,1251.350526,280.065875
2016-08-17,14.8827,-0.1655,0.2197,0.000872,-0.3309,-0.4964,-0.3435,-0.5175,934.44937,1501.68136,379.986596,1247.051974,278.616503
2016-08-18,14.9007,0.121,0.2204,0.000875,0.2419,0.3629,0.2293,0.3417,935.579587,1505.313931,381.365378,1249.911704,279.568636
2016-08-19,15.0,0.6666,0.2211,0.000878,1.3333,1.9999,1.3207,1.9788,941.816472,1525.383779,388.992304,1266.419072,285.100683
2016-08-22,14.862,-0.92,0.2234,0.000886,-1.84,-2.76,-1.8526,-2.7811,933.15179,1497.316812,378.256153,1242.957563,277.171667
2016-08-23,14.9893,0.8568,0.2241,0.000889,1.7135,2.5703,1.7009,2.5492,941.146725,1522.973839,387.978472,1264.0995,284.237208
2016-08-24,14.8413,-0.9874,0.2248,0.000892,-1.9747,-2.9621,-1.9873,-2.9833,931.85415,1492.89915,376.486155,1238.977634,275.757698
2016-08-25,14.7307,-0.7457,0.2256,0.000895,-1.4913,-2.237,-1.5039,-2.2581,924.905662,1470.635168,368.064206,1220.344318,269.530694
2016-08-26,14.666,-0.439,0.2263,0.000898,-0.878,-1.317,-0.8906,-1.3381,920.845382,1457.723167,363.216866,1209.476024,265.923987
2016-08-29,14.3467,-2.1774,0.2285,0.000907,-4.3547,-6.5321,-4.3674,-6.5533,900.795172,1394.243116,339.491142,1156.653936,248.497221
2016-08-30,14.0893,-1.7937,0.2293,0.00091,-3.5874,-5.3811,-3.6,-5.4023,884.637701,1344.226323,321.222888,1115.014444,235.07277
2016-08-31,14.134,0.317,0.23,0.000913,0.6341,0.9511,0.6214,0.9299,887.442257,1352.749492,324.277995,1121.943574,237.258702
2016-09-01,13.3847,-5.3016,0.2307,0.000916,-10.6033,-15.9049,-10.6159,-15.9261,840.393349,1209.313936,272.701933,1002.83936,199.472674
2016-09-02,13.1853,-1.4893,0.2315,0.000919,-2.9785,-4.4678,-2.9912,-4.489,827.877603,1173.293981,260.51811,972.842735,190.518307
2016-09-06,13.522,2.5533,0.2344,0.00093,5.1067,7.66,5.0941,7.6388,849.016176,1233.21047,280.473889,1022.399865,205.071638
2016-09-07,13.4473,-0.5522,0.2352,0.000933,-1.1044,-1.6566,-1.117,-1.6778,844.328003,1219.591169,275.827653,1010.979482,201.630951
2016-09-08,13.1573,-2.1566,0.2359,0.000936,-4.3131,-6.4697,-4.3258,-6.4909,826.119554,1166.988711,257.982477,967.246889,188.543246
2016-09-09,12.9647,-1.4643,0.2366,0.000939,-2.9286,-4.393,-2.9413,-4.4142,814.022483,1132.811708,246.649375,938.797311,180.220538
2016-09-12,13.22,1.9695,0.2389,0.000948,3.9389,5.9084,3.9263,5.8871,830.054268,1177.432082,261.222301,975.656845,190.830295
2016-09-13,13.07,-1.1346,0.2396,0.000951,-2.2693,-3.4039,-2.282,-3.4252,820.636067,1150.712644,252.330434,953.392798,184.293951
2016-09-14,13.094,0.1836,0.2403,0.000954,0.3673,0.5509,0.3546,0.5296,822.142984,1154.938704,253.720482,956.773489,185.269993
2016-09-15,13.3613,2.0416,0.2411,0.000957,4.0833,6.1249,4.0706,6.1037,838.928227,1202.098207,269.260698,995.720175,196.578239
2016-09-16,13.6933,2.4848,0.2418,0.00096,4.9696,7.4543,4.9569,7.4331,859.773751,1261.837208,289.332309,1045.076977,211.190011
2016-09-19,13.756,0.4576,0.244,0.000968,0.9153,1.3729,0.9026,1.3516,863.708466,1273.386685,293.304657,1054.510009,214.044527
2016-09-20,13.6427,-0.8239,0.2448,0.000971,-1.6478,-2.4716,-1.6604,-2.4929,856.592556,1252.404362,286.055233,1037.000556,208.708518
2016-09-21,13.6813,0.2834,0.2455,0.000974,0.5668,0.8503,0.5542,0.8289,859.020293,1259.503441,288.487429,1042.747151,210.438587
2016-09-22,13.762,0.5896,0.2462,0.000977,1.1792,1.7689,1.1666,1.7475,864.085225,1274.355939,293.590344,1054.911328,214.11607
2016-09-23,13.83,0.4941,0.247,0.00098,0.9882,1.4823,0.9755,1.461,868.354783,1286.949458,297.942348,1065.202408,217.244336
2016-09-26,13.9327,0.7423,0.2492,0.000989,1.4847,2.227,1.472,2.2057,874.801005,1306.056768,304.577664,1080.882216,222.036103
2016-09-27,13.7207,-1.5216,0.2499,0.000992,-3.0432,-4.5648,-3.0559,-4.5862,861.490006,1266.310767,290.674274,1047.851489,211.853177
2016-09-28,13.7513,0.2235,0.2507,0.000995,0.447,0.6705,0.4343,0.6492,863.415477,1271.971298,292.623287,1052.402398,213.228443
2016-09-29,13.38,-2.7003,0.2514,0.000998,-5.4007,-8.101,-5.4134,-8.1224,840.1003,1203.27613,268.917792,995.431759,195.909201
2016-09-30,13.602,1.6592,0.2521,0.001001,3.3184,4.9776,3.3057,4.9562,854.039192,1243.205494,282.303394,1028.337554,205.618882
2016-10-03,14.2467,4.7395,0.2543,0.001009,9.479,14.2185,9.4663,14.1971,894.516371,1361.048919,322.442694,1125.682891,234.810828
2016-10-04,14.094,-1.0716,0.2551,0.001012,-2.1432,-3.2148,-2.1559,-3.2362,884.930749,1331.878964,312.076822,1101.414122,227.211916
2016-10-05,13.8973,-1.3954,0.2558,0.001015,-2.7908,-4.1862,-2.8035,-4.2076,872.582485,1294.709067,299.012726,1070.535889,217.651804
2016-10-06,13.4,-3.5786,0.2566,0.001018,-7.1573,-10.7359,-7.17,-10.7573,841.356025,1202.043486,266.911088,993.778726,194.238394
2016-10-07,13.1073,-2.1841,0.2573,0.001021,-4.3682,-6.5522,-4.3809,-6.5736,822.980153,1149.536353,249.422449,950.242441,181.46986
2016-10-10,13.3967,2.2074,0.2595,0.00103,4.4148,6.6222,4.4021,6.6008,841.146747,1200.286447,265.939821,992.07302,193.448363
2016-10-11,13.34,-0.423,0.2602,0.001033,-0.846,-1.269,-0.8587,-1.2904,837.588792,1190.132297,262.565135,983.553927,190.952113
2016-10-12,13.434,0.7046,0.261,0.001036,1.4093,2.1139,1.3966,2.0925,843.490834,1206.904751,268.115604,997.289762,194.947793
2016-10-13,13.3493,-0.6302,0.2617,0.001039,-1.2605,-1.8907,-1.2732,-1.9122,838.174769,1191.691821,263.046243,984.591907,191.220041
2016-10-14,13.1007,-1.8628,0.2625,0.001042,-3.7255,-5.5883,-3.7383,-5.6097,822.561599,1147.295143,248.346496,947.785257,180.493126
2016-10-17,12.9307,-1.2976,0.2647,0.00105,-2.5953,-3.8929,-2.608,-3.9144,811.887674,1117.51952,238.678532,923.066586,173.427905
2016-10-18,13.2733,2.65,0.2654,0.001053,5.3,7.9501,5.2873,7.9286,833.402885,1176.748573,257.653642,971.871764,187.178307
2016-10-19,13.5707,2.2401,0.2661,0.001056,4.4802,6.7203,4.4674,6.6988,852.071865,1229.469041,274.968666,1015.289344,199.716997
2016-10-20,13.2733,-2.191,0.2669,0.001059,-4.382,-6.573,-4.3948,-6.5945,833.402885,1175.593463,256.894894,970.669557,186.546633
2016-10-21,13.3393,0.4972,0.2676,0.001062,0.9945,1.4917,0.9817,1.4702,837.546877,1187.284445,260.727027,980.198684,189.289285
2016-10-24,13.5173,1.3344,0.2698,0.001071,2.6688,4.0032,2.656,3.9817,848.723127,1218.970763,271.164475,1006.233044,196.826221
2016-10-25,13.4893,-0.2071,0.2706,0.001074,-0.4143,-0.6214,-0.4271,-0.6429,846.965078,1213.920797,269.4794,1001.935814,195.560758
2016-10-26,13.4827,-0.0494,0.2713,0.001077,-0.0988,-0.1483,-0.1116,-0.1698,846.546523,1212.721002,269.079884,1000.817459,195.228749
2016-10-27,13.6007,0.8752,0.272,0.00108,1.7504,2.6256,1.7376,2.6041,853.955481,1233.948422,276.14483,1018.207764,200.312642
2016-10-28,13.3313,-1.9803,0.2728,0.001082,-3.9606,-5.9409,-3.9734,-5.9624,837.044611,1185.076691,259.739352,977.750436,188.369148
2016-10-31,13.182,-1.1202,0.275,0.001091,-2.2403,-3.3605,-2.2531,-3.382,827.668326,1158.52705,251.01082,955.72046,181.99842
2016-11-01,12.7193,-3.5098,0.2757,0.001094,-7.0197,-10.5295,-7.0325,-10.5511,798.61847,1077.202097,224.580565,888.509554,162.795619
2016-11-02,12.5347,-1.4519,0.2765,0.001097,-2.9037,-4.3556,-2.9165,-4.3771,787.023725,1045.923371,214.798844,862.596135,155.669875
2016-11-03,12.4947,-0.3191,0.2772,0.0011,-0.6382,-0.9573,-0.651,-0.9789,784.512216,1039.247981,212.74248,856.980326,154.146008
2016-11-04,12.704,1.6754,0.278,0.001103,3.3508,5.0261,3.338,5.0046,797.655794,1074.070731,223.435228,885.585943,161.860361
2016-11-07,12.8807,1.3906,0.2802,0.001112,2.7813,4.1719,2.7685,4.1503,808.748274,1103.943536,232.756733,910.102962,168.578078
2016-11-08,12.996,0.8954,0.2809,0.001115,1.7908,2.6862,1.778,2.6646,815.98981,1123.712968,239.009048,926.28441,173.070021
2016-11-09,12.6707,-2.5033,0.2816,0.001118,-5.0067,-7.51,-5.0195,-7.5316,795.562841,1067.452338,221.059447,879.789596,160.035063
2016-11-10,12.3567,-2.4782,0.2824,0.001121,-4.9563,-7.4345,-4.9692,-7.4561,775.847474,1014.54586,204.624788,836.071456,148.102683
2016-11-11,12.5707,1.7319,0.2831,0.001123,3.4637,5.1956,3.4509,5.174,789.2841,1049.686976,215.256259,864.923436,155.765488
2016-11-14,12.0967,-3.7707,0.2853,0.001132,-7.5414,-11.312,-7.5542,-11.3337,759.522701,970.526246,190.906368,799.585355,138.111529
2016-11-15,12.2513,1.2786,0.2861,0.001135,2.5572,3.8357,2.5443,3.8141,769.23383,995.344215,198.229057,819.929403,143.379261
2016-11-16,12.262,0.0871,0.2868,0.001138,0.1741,0.2612,0.1613,0.2396,769.903577,997.077445,198.746833,821.251861,143.722739
2016-11-17,12.5773,2.5716,0.2875,0.001141,5.1433,7.7149,5.1304,7.6932,789.702655,1048.359745,214.079937,863.385483,154.779681
2016-11-18,12.3347,-1.9294,0.2883,0.001144,-3.8588,-5.7882,-3.8716,-5.8098,774.466184,1007.905777,201.688604,829.958329,145.78724
2016-11-21,12.3013,-0.2702,0.2905,0.001153,-0.5405,-0.8107,-0.5533,-0.8324,772.37323,1002.458154,200.053446,825.365768,144.5737
2016-11-22,12.7447,3.6039,0.2912,0.001156,7.2079,10.8118,7.195,10.7902,800.209158,1074.71429,221.682911,884.751111,160.173444
2016-11-23,12.876,1.0305,0.292,0.001159,2.061,3.0915,2.0481,3.0698,808.455285,1096.864077,228.536215,902.871947,165.09046
2016-11-25,13.11,1.8173,0.2934,0.001164,3.6347,5.452,3.6218,5.4303,823.147575,1136.731328,240.995978,935.572043,174.055354
2016-11-28,13.0747,-0.2695,0.2957,0.001173,-0.539,-0.8085,-0.5519,-0.8302,820.929115,1130.604133,239.047457,930.408636,172.610277
2016-11-29,12.638,-3.3398,0.2964,0.001176,-6.6796,-10.0194,-6.6925,-10.0411,793.511743,1055.084349,215.096352,868.141241,155.278288
2016-11-30,12.6267,-0.0897,0.2971,0.001179,-0.1793,-0.269,-0.1922,-0.2907,792.800199,1053.192158,214.517721,866.47245,154.826842
2016-12-01,12.1253,-3.9704,0.2979,0.001182,-7.9409,-11.9113,-7.9538,-11.933,761.322546,969.55944,188.965831,797.555245,136.35128
2016-12-02,12.098,-0.2254,0.2986,0.001185,-0.4508,-0.6763,-0.4637,-0.698,759.606352,965.188225,187.687915,793.856688,135.399544
2016-12-05,12.4533,2.9371,0.3008,0.001194,5.8742,8.8114,5.8613,8.7896,781.916937,1021.885788,204.225799,840.387401,147.300651
2016-12-06,12.39,-0.5086,0.3016,0.001197,-1.0171,-1.5257,-1.03,-1.5474,777.940428,1011.492001,201.109972,831.731233,145.021269
2016-12-07,12.8767,3.9279,0.3023,0.0012,7.8558,11.7837,7.8429,11.7619,808.497141,1090.952766,224.808161,896.963013,162.078572
2016-12-08,12.8193,-0.4453,0.303,0.001203,-0.8905,-1.3358,-0.9034,-1.3575,804.89727,1081.237733,221.805255,888.859688,159.878301
2016-12-09,12.812,-0.0572,0.3038,0.001205,-0.1144,-0.1716,-0.1273,-0.1934,804.43686,1080.000773,221.42463,887.728045,159.569129
2016-12-12,12.8287,0.1301,0.306,0.001214,0.2602,0.3903,0.2472,0.3685,805.483307,1082.810597,222.288747,889.922936,160.157077
2016-12-13,13.21,2.9725,0.3067,0.001217,5.945,8.9175,5.9321,8.8957,829.426376,1147.183896,242.11141,942.714017,174.404217
2016-12-14,13.246,0.2725,0.3075,0.00122,0.545,0.8176,0.5321,0.7958,831.686751,1153.436569,244.090836,947.730378,175.792061
2016-12-15,13.172,-0.5587,0.3082,0.001223,-1.1173,-1.676,-1.1303,-1.6978,827.040434,1140.548948,239.999908,937.018625,172.807469
2016-12-16,13.4993,2.4851,0.3089,0.001226,4.9701,7.4552,4.9572,7.4334,847.59297,1197.235833,257.892407,983.468589,185.652929
2016-12-19,13.5153,0.1185,0.3111,0.001235,0.237,0.3556,0.2241,0.3337,848.597561,1200.073829,258.809391,985.672588,186.272516
2016-12-20,13.9193,2.9892,0.3119,0.001238,5.9784,8.9676,5.9655,8.9458,873.963836,1271.819032,282.018379,1044.472444,202.936005
2016-12-21,13.8467,-0.5221,0.3126,0.001241,-1.0441,-1.5662,-1.0571,-1.588,869.401289,1258.539917,277.601531,1033.431837,199.713376
2016-12-22,13.8967,0.3611,0.3134,0.001243,0.7222,1.0833,0.7092,1.0614,872.54063,1267.628896,280.608723,1040.761293,201.833183
2016-12-23,14.2227,2.3459,0.3141,0.001246,4.6918,7.0377,4.6788,7.0158,893.009454,1327.103201,300.357021,1089.456671,215.993407
2016-12-27,14.6353,2.9015,0.317,0.001258,5.8029,8.7044,5.79,8.6825,918.91985,1404.114187,326.501322,1152.535932,234.747093
2016-12-28,14.6493,0.0957,0.3178,0.001261,0.1913,0.287,0.1783,0.2651,919.798875,1406.800496,327.438301,1154.591475,235.36938
2016-12-29,14.312,-2.3027,0.3185,0.001264,-4.6054,-6.9082,-4.6184,-6.93,898.618507,1342.011219,304.818366,1101.267765,219.058176
2016-12-30,14.246,-0.4612,0.3193,0.001267,-0.9223,-1.3835,-0.9353,-1.4054,894.474516,1329.633813,300.601343,1090.967872,215.979635
2017-01-03,14.466,1.5443,0.325,0.00129,3.0886,4.6329,3.0756,4.6109,908.287781,1370.700572,314.527797,1124.521467,225.938284
2017-01-04,15.1327,4.6085,0.3267,0.001296,9.217,13.8255,9.204,13.8036,950.146311,1497.038307,358.012929,1228.022609,257.125836
2017-01-05,15.1167,-0.1057,0.3284,0.001303,-0.2115,-0.3172,-0.2245,-0.3392,949.141719,1493.872665,356.877346,1225.266071,256.253764
2017-01-06,15.2673,0.9967,0.33,0.00131,1.9934,2.9901,1.9804,2.9681,958.601716,1523.65121,367.548223,1249.530788,263.859591
2017-01-09,15.4187,0.9912,0.335,0.00133,1.9825,2.9737,1.9694,2.9517,968.103627,1553.856871,378.477927,1274.139254,271.647815
2017-01-10,15.3247,-0.6096,0.3367,0.001336,-1.2193,-1.8289,-1.2323,-1.851,962.201586,1534.910702,371.555757,1258.437501,266.61965
2017-01-11,15.3153,-0.0609,0.3384,0.001343,-0.1218,-0.1827,-0.1349,-0.2048,961.61555,1533.041003,370.87686,1256.740363,266.073698
2017-01-12,15.306,-0.0609,0.3401,0.001349,-0.1219,-0.1828,-0.1349,-0.2049,961.029513,1531.172443,370.198791,1255.044497,265.528533
2017-01-13,15.85,3.5542,0.3417,0.001356,7.1083,10.6625,7.0953,10.6404,995.186096,1640.013261,409.671229,1344.093286,293.781885
2017-01-17,15.7053,-0.9127,0.3484,0.001383,-1.8255,-2.7382,-1.8385,-2.7603,986.102739,1610.075492,398.453658,1319.381487,285.672569
2017-01-18,15.8907,1.1801,0.3501,0.001389,2.3601,3.5402,2.347,3.5181,997.73946,1648.075587,412.559776,1350.348005,295.722736
2017-01-19,16.2507,2.2655,0.3518,0.001396,4.531,6.7965,4.5179,6.7743,1020.343094,1722.749383,440.599211,1411.354931,315.755872
2017-01-20,16.3153,0.3979,0.3534,0.001402,0.7958,1.1938,0.7827,1.1716,1024.403254,1736.459751,445.858923,1422.402078,319.455247
2017-01-23,16.5947,1.7121,0.3584,0.001422,3.4242,5.1363,3.4111,5.1141,1041.942076,1795.919652,468.759593,1470.921265,335.792489
2017-01-24,16.974,2.2859,0.3601,0.001429,4.5718,6.8576,4.5586,6.8354,1065.759578,1878.024639,500.90538,1537.974922,358.745264
2017-01-25,16.9647,-0.055,0.3618,0.001436,-0.11,-0.165,-0.1231,-0.1872,1065.173482,1875.959063,500.078986,1536.081235,358.073634
2017-01-26,16.834,-0.7702,0.3635,0.001442,-1.5405,-2.3107,-1.5536,-2.3329,1056.96921,1847.060712,488.52373,1512.216584,349.720006
2017-01-27,16.8633,0.1742,0.3651,0.001449,0.3485,0.5227,0.3353,0.5005,1058.810971,1853.497691,491.077477,1517.2877,351.470302
2017-01-30,16.7087,-0.9172,0.3701,0.001469,-1.8343,-2.7515,-1.8475,-2.7738,1049.099901,1819.498337,477.565469,1489.255658,341.721201
2017-01-31,16.7953,0.5187,0.3718,0.001475,1.0374,1.5561,1.0242,1.5338,1054.541473,1838.373431,484.996715,1504.508573,346.962359
2017-02-01,16.616,-1.0678,0.3735,0.001482,-2.1355,-3.2033,-2.1487,-3.2256,1043.281451,1799.114427,469.460844,1472.180931,335.770661
2017-02-02,16.77,0.9268,0.3752,0.001489,1.8537,2.7805,1.8405,2.7581,1052.950845,1832.463712,482.514086,1499.275758,345.031661
2017-02-03,16.7553,-0.0875,0.3768,0.001495,-0.1749,-0.2624,-0.1881,-0.2847,1052.029905,1829.258264,481.248025,1496.455211,344.049203
2017-02-06,17.1847,2.5624,0.3818,0.001515,5.1248,7.6871,5.1115,7.6647,1078.986867,1923.003216,518.242178,1572.946977,370.419655
2017-02-07,17.1653,-0.1125,0.3835,0.001522,-0.225,-0.3375,-0.2383,-0.3599,1077.772879,1918.676001,516.492925,1569.1994,369.08635
2017-02-08,17.472,1.7866,0.3852,0.001528,3.5731,5.3597,3.5599,5.3372,1097.027835,1987.23223,544.175145,1625.060796,388.785335
2017-02-09,17.9467,2.7167,0.3868,0.001535,5.4335,8.1502,5.4202,8.1277,1126.831089,2095.207591,588.526409,1713.142555,420.384821
2017-02-10,17.9487,0.0111,0.3885,0.001542,0.0223,0.0334,0.009,0.011,1126.956715,2095.674765,588.723247,1713.29758,420.431052
2017-02-13,18.7067,4.2232,0.3935,0.001562,8.4463,12.6695,8.433,12.647,1174.549805,2272.681805,663.311271,1857.780564,473.602825
2017-02-14,18.732,0.1354,0.3952,0.001568,0.2708,0.4063,0.2576,0.3838,1176.140433,2278.83734,666.006128,1862.56573,475.420379
2017-02-15,18.6507,-0.4342,0.3969,0.001575,-0.8684,-1.3026,-0.8817,-1.3251,1171.033705,2259.048205,657.330859,1846.144072,469.120603
2017-02-16,17.93,-3.864,0.3985,0.001582,-7.7281,-11.5921,-7.7413,-11.6146,1125.784642,2084.467723,581.132526,1703.227734,414.634073
2017-02-17,18.1487,1.2196,0.4002,0.001588,2.4391,3.6587,2.4258,3.6361,1139.514197,2135.310151,602.394205,1744.54487,429.710671
2017-02-21,18.4927,1.8955,0.4069,0.001615,3.7909,5.6864,3.7776,5.6638,1161.113179,2216.257851,636.648544,1810.446615,454.048501
2017-02-22,18.234,-1.3988,0.4086,0.001621,-2.7975,-4.1963,-2.8108,-4.2189,1144.872057,2154.25784,609.933094,1759.55792,434.89278
2017-02-23,17.066,-6.4056,0.4102,0.001628,-12.8112,-19.2168,-12.8246,-19.2395,1071.535993,1878.271037,492.72325,1533.902384,351.221769
2017-02-24,17.1333,0.3945,0.4119,0.001635,0.7891,1.1836,0.7758,1.161,1075.763696,1893.092324,498.555309,1545.801648,355.299467
2017-02-27,16.4153,-4.1907,0.4169,0.001654,-8.3813,-12.572,-8.3947,-12.5947,1030.682055,1734.42605,435.876977,1416.036412,310.550687
2017-02-28,16.666,1.527,0.4186,0.001661,3.0541,4.5811,3.0407,4.5584,1046.420911,1787.396572,455.844935,1459.093814,324.706867
2017-03-01,16.668,0.012,0.4203,0.001668,0.024,0.036,0.0106,0.0133,1046.546418,1787.825328,456.008955,1459.248678,324.749991
2017-03-02,16.6987,0.184,0.4219,0.001674,0.368,0.552,0.3546,0.5293,1048.472009,1794.404341,458.526054,1464.423304,326.468798
2017-03-03,16.7713,0.4352,0.4236,0.001681,0.8703,1.3055,0.8569,1.2828,1053.034556,1810.021454,464.51204,1476.972469,330.6566
2017-03-06,16.7473,-0.1431,0.4286,0.001701,-0.2862,-0.4293,-0.2996,-0.4521,1051.527639,1804.841088,462.517858,1472.547283,329.161788
2017-03-07,16.5727,-1.043,0.4303,0.001708,-2.0859,-3.1289,-2.0993,-3.1516,1040.560666,1767.193683,448.046281,1441.63371,318.787764
2017-03-08,16.458,-0.6919,0.432,0.001714,-1.3838,-2.0757,-1.3972,-2.0985,1033.361045,1742.739319,438.746208,1421.490959,312.098041
2017-03-09,16.3267,-0.798,0.4336,0.001721,-1.596,-2.394,-1.6094,-2.4168,1025.114977,1714.925717,428.24282,1398.61352,304.555374
2017-03-10,16.246,-0.4941,0.4353,0.001727,-0.9882,-1.4823,-1.0016,-1.5051,1020.050045,1697.979361,421.895179,1384.604974,299.971594
2017-03-13,16.4113,1.0177,0.4403,0.001747,2.0354,3.053,2.0219,3.0302,1030.430922,1732.539458,434.775846,1412.600475,309.061301
2017-03-14,17.2,4.8056,0.442,0.001754,9.6113,14.4169,9.5978,14.394,1079.949603,1899.058274,497.45698,1548.178992,353.547622
2017-03-15,17.0487,-0.8798,0.4437,0.001761,-1.7597,-2.6395,-1.7732,-2.6624,1070.447751,1865.640844,484.326472,1520.727438,344.134725
2017-03-16,17.47,2.4713,0.4453,0.001767,4.9427,7.414,4.9292,7.3911,1096.902208,1957.853688,520.234606,1595.687385,369.570189
2017-03-17,17.4333,-0.2099,0.447,0.001774,-0.4198,-0.6297,-0.4332,-0.6526,1094.599977,1949.635214,516.958926,1588.774073,367.158496
2017-03-20,17.4613,0.1606,0.452,0.001794,0.3212,0.4818,0.3077,0.4589,1096.358027,1955.897878,519.449808,1593.663083,368.843316
2017-03-21,16.712,-4.2914,0.4537,0.0018,-8.5828,-12.8741,-8.5963,-12.8971,1049.309119,1788.027789,452.575085,1456.667498,321.273184
2017-03-22,17.0007,1.7273,0.4554,0.001807,3.4546,5.1819,3.4411,5.1589,1067.433917,1849.797276,476.027179,1506.792916,337.847488
2017-03-23,16.9853,-0.0902,0.457,0.001814,-0.1804,-0.2706,-0.1939,-0.2936,1066.471062,1846.460137,474.739009,1503.870858,336.855565
2017-03-24,17.544,3.2891,0.4587,0.00182,6.5782,9.8674,6.5647,9.8444,1101.548585,1967.924753,521.583231,1602.595699,370.016831
2017-03-27,18.0147,2.6828,0.4637,0.00184,5.3656,8.0483,5.352,8.0253,1131.100707,2073.514924,563.562017,1688.366827,399.711768
2017-03-28,18.4967,2.6756,0.4654,0.001847,5.3512,8.0268,5.3376,8.0037,1161.364432,2184.472833,608.798005,1778.485868,431.703657
2017-03-29,18.492,-0.0252,0.4671,0.001853,-0.0505,-0.0757,-0.064,-0.0988,1161.071383,2183.370413,608.337149,1777.347175,431.277258
2017-03-30,18.528,0.1947,0.4687,0.00186,0.3893,0.584,0.3758,0.5609,1163.331699,2191.871365,611.88999,1784.026153,433.696463
2017-03-31,18.5533,0.1367,0.4704,0.001867,0.2735,0.4102,0.2599,0.3871,1164.922327,2197.865273,614.399908,1788.662617,435.375271
2017-04-03,19.9013,7.2655,0.4754,0.001887,14.5311,21.7966,14.5175,21.7735,1249.560207,2517.238768,748.318294,2048.331427,530.171606
2017-04-04,20.2467,1.7352,0.4771,0.001893,3.4705,5.2057,3.4569,5.1826,1271.24302,2604.598813,787.273549,2119.139614,557.648042
2017-04-05,19.6667,-2.8647,0.4788,0.0019,-5.7293,-8.594,-5.7429,-8.6172,1234.826121,2455.372567,719.615216,1997.438627,509.59456
2017-04-06,19.9133,1.2542,0.4804,0.001907,2.5085,3.7627,2.4949,3.7395,1250.313725,2516.964782,746.692184,2047.271811,528.650964
2017-04-07,20.1693,1.2856,0.4821,0.001913,2.5711,3.8567,2.5575,3.8335,1266.387306,2581.679158,775.489797,2099.630954,548.916799
2017-04-10,20.826,3.2558,0.4871,0.001933,6.5115,9.7673,6.4979,9.7441,1307.618004,2749.786391,851.234362,2236.063018,602.403736
2017-04-11,20.5807,-1.178,0.4888,0.00194,-2.356,-3.534,-2.3697,-3.5573,1292.214111,2685.000781,821.151441,2183.075717,580.974552
2017-04-12,19.7893,-3.845,0.4905,0.001946,-7.6901,-11.5351,-7.7037,-11.5584,1242.528008,2478.522267,726.430726,2014.897559,513.823382
2017-04-13,20.2667,2.4121,0.4921,0.001953,4.8241,7.2362,4.8105,7.2129,1272.498684,2598.089776,778.996834,2111.823919,550.885188
2017-04-17,20.096,-0.8421,0.4988,0.001979,-1.6842,-2.5263,-1.6979,-2.5496,1261.782964,2554.332711,759.31702,2075.96753,536.839675
2017-04-18,20.0167,-0.3948,0.5005,0.001986,-0.7896,-1.1843,-0.8032,-1.2077,1256.801743,2534.164908,750.324208,2059.292422,530.356444
2017-04-19,20.368,1.7552,0.5022,0.001993,3.5104,5.2656,3.4967,5.2423,1278.861196,2623.124508,789.833402,2131.299943,558.159138
2017-04-20,20.1673,-0.9852,0.5038,0.001999,-1.9704,-2.9556,-1.9841,-2.979,1266.261799,2571.438234,766.488982,2089.012513,541.531706
2017-04-21,20.3733,1.0215,0.5055,0.002006,2.0429,3.0644,2.0292,3.041,1279.19604,2623.970182,789.976904,2131.402528,557.999551
2017-04-24,20.5353,0.7952,0.5105,0.002026,1.5903,2.3855,1.5766,2.3621,1289.367699,2665.699721,808.821652,2165.005972,571.179858
2017-04-25,20.9193,1.8699,0.5122,0.002033,3.7399,5.6098,3.7261,5.5864,1313.478129,2765.393809,854.195145,2245.677246,603.088229
2017-04-26,20.678,-1.1536,0.5139,0.002039,-2.3073,-3.4609,-2.321,-3.4844,1298.325369,2701.588637,824.63223,2193.554672,582.074512
2017-04-27,20.5753,-0.4965,0.5155,0.002046,-0.993,-1.4895,-1.0068,-1.513,1291.879147,2674.761708,812.349262,2171.47089,573.267927
2017-04-28,20.938,1.7626,0.5172,0.002052,3.5253,5.2879,3.5115,5.2644,1314.650203,2769.054038,855.305409,2247.722138,603.447167
2017-05-01,21.522,2.7892,0.5222,0.002072,5.5784,8.3676,5.5646,8.344,1351.318234,2923.522141,926.87357,2372.798708,653.79908
2017-05-02,21.2593,-1.2205,0.5239,0.002079,-2.4409,-3.6614,-2.4547,-3.6849,1334.825979,2852.161492,892.937296,2314.553645,629.707281
2017-05-03,20.7347,-2.4679,0.5256,0.002086,-4.9359,-7.4038,-4.9497,-7.4273,1301.883384,2711.382691,826.826045,2199.991213,582.936833
2017-05-04,19.6973,-5.0029,0.5272,0.002092,-10.0058,-15.0087,-10.0196,-15.0322,1236.751473,2440.087215,702.730229,1979.560969,495.308332
2017-05-05,20.5567,4.3627,0.5289,0.002099,8.7254,13.0881,8.7116,13.0645,1290.707194,2652.994443,794.704203,2152.012184,560.01803
2017-05-08,20.4793,-0.3762,0.5339,0.002119,-0.7524,-1.1286,-0.7662,-1.1522,1285.851599,2633.033501,785.735256,2135.52308,553.565548
2017-05-09,21.4173,4.5802,0.5356,0.002125,9.1605,13.7407,9.1466,13.7171,1344.746505,2874.231259,893.700602,2330.851258,629.498474
2017-05-10,21.6813,1.2326,0.5373,0.002132,2.4653,3.6979,2.4515,3.6743,1361.322471,2945.089461,926.7491,2387.991003,652.628196
2017-05-11,21.54,-0.6519,0.5389,0.002139,-1.3037,-1.9556,-1.3176,-1.9792,1352.448512,2906.693554,908.625692,2356.52752,639.711171
2017-05-12,21.654,0.5292,0.5406,0.002145,1.0585,1.5877,1.0446,1.5641,1359.606217,2937.460355,923.052138,2381.1445,649.716676
2017-05-15,21.0587,-2.7493,0.5456,0.002165,-5.4986,-8.2479,-5.5125,-8.2716,1322.226583,2775.941242,846.91976,2249.884655,595.974769
2017-05-16,21.134,0.3577,0.5473,0.002172,0.7155,1.0732,0.7016,1.0495,1326.956671,2795.802356,856.008985,2265.669733,602.229531
2017-05-17,20.4073,-3.4384,0.549,0.002178,-6.8768,-10.3151,-6.8906,-10.3389,1281.330848,2603.541698,767.710442,2109.550449,539.965838
2017-05-18,20.8707,2.2704,0.5506,0.002185,4.5408,6.8113,4.527,6.7875,1310.4225,2721.764604,820.001303,2205.04891,576.616229
2017-05-19,20.722,-0.7123,0.5523,0.002192,-1.4246,-2.137,-1.4385,-2.1607,1301.08807,2682.989139,802.47815,2173.328348,564.157197
2017-05-22,20.69,-0.1544,0.5573,0.002212,-0.3088,-0.4633,-0.3228,-0.4871,1299.078888,2674.702821,798.760512,2166.313617,561.409424
2017-05-23,20.2573,-2.0912,0.559,0.002218,-4.1824,-6.2736,-4.1963,-6.2974,1271.912708,2562.8367,748.649763,2075.408593,526.055423
2017-05-24,20.6813,2.0931,0.5607,0.002225,4.1861,6.2792,4.1722,6.2554,1298.534707,2670.120533,795.659011,2161.998894,558.962239
2017-05-25,21.122,2.1307,0.5623,0.002231,4.2615,6.3922,4.2475,6.3684,1326.203152,2783.90738,846.519372,2253.830866,594.559206
2017-05-26,21.676,2.6229,0.564,0.002238,5.2457,7.8686,5.2318,7.8447,1360.987628,2929.943464,913.128471,2371.746318,641.200854
2017-05-30,22.34,3.0633,0.5707,0.002265,6.1266,9.1899,6.1126,9.166,1402.678676,3109.449011,997.043891,2516.722072,699.973239
2017-05-31,22.734,1.7636,0.5724,0.002271,3.5273,5.2909,3.5133,5.267,1427.416998,3219.128519,1049.796943,2605.142562,736.841097
2017-06-01,22.6913,-0.1877,0.574,0.002278,-0.3753,-0.563,-0.3893,-0.5869,1424.738128,3207.045676,1043.8864,2594.999977,732.516292
2017-06-02,22.6567,-0.1528,0.5757,0.002285,-0.3055,-0.4583,-0.3195,-0.4823,1422.561524,3197.246724,1039.102094,2586.708034,728.983726
2017-06-05,23.1547,2.198,0.5807,0.002304,4.396,6.5941,4.382,6.5701,1453.82978,3337.79928,1107.621261,2700.058588,776.878691
2017-06-06,23.5233,1.5922,0.5824,0.002311,3.1844,4.7766,3.1704,4.7526,1476.977475,3444.087321,1160.527481,2785.660097,813.800435
2017-06-07,23.9767,1.9272,0.5841,0.002318,3.8543,5.7815,3.8403,5.7575,1505.441354,3576.834215,1227.623523,2892.638294,860.655093
2017-06-08,24.6667,2.8778,0.5857,0.002324,5.7556,8.6334,5.7416,8.6094,1548.764945,3782.702485,1333.609172,3058.721127,934.752215
2017-06-09,23.8213,-3.427,0.5874,0.002331,-6.8541,-10.2811,-6.8681,-10.3051,1495.68825,3523.433512,1196.499467,2848.644962,838.424804
2017-06-12,23.934,0.473,0.5924,0.002351,0.9459,1.4189,0.9319,1.3948,1502.762364,3556.76288,1213.476616,2875.190834,850.119444
2017-06-13,25.0633,4.7185,0.5941,0.002357,9.4371,14.1556,9.423,14.1315,1573.67069,3892.416883,1385.25147,3146.120082,970.254214
2017-06-14,25.3773,1.2528,0.5958,0.002364,2.5056,3.7585,2.4916,3.7344,1593.385996,3989.947061,1437.315712,3224.508033,1006.487149
2017-06-15,25.0227,-1.3976,0.5974,0.002371,-2.7951,-4.1927,-2.8092,-4.2168,1571.117326,3878.422528,1377.053272,3133.924662,964.04546
2017-06-16,24.76,-1.0497,0.5991,0.002377,-2.0994,-3.1491,-2.1135,-3.1733,1554.625071,3796.997757,1333.687866,3067.688731,933.453743
2017-06-19,24.6533,-0.4308,0.6041,0.002397,-0.8616,-1.2924,-0.8757,-1.3166,1547.927716,3764.282676,1316.451205,3040.82475,921.164213
2017-06-20,24.816,0.6598,0.6058,0.002404,1.3196,1.9794,1.3055,1.9553,1558.141171,3813.957257,1342.509621,3080.5233,939.175472
2017-06-21,25.0933,1.1176,0.6075,0.002411,2.2351,3.3527,2.221,3.3285,1575.554246,3899.203354,1387.519448,3148.941475,970.435713
2017-06-22,25.5073,1.6498,0.6091,0.002417,3.2997,4.9495,3.2856,4.9253,1601.548473,4027.865094,1456.195272,3252.402136,1018.232973
2017-06-23,25.5633,0.2195,0.6108,0.002424,0.4391,0.6586,0.425,0.6344,1605.064572,4045.550946,1465.786229,3266.223458,1024.692832
2017-06-26,25.166,-1.5543,0.6158,0.002444,-3.1086,-4.6629,-3.1228,-4.6872,1580.116912,3919.790236,1397.437695,3164.226888,976.663646
2017-06-27,24.158,-4.0054,0.6175,0.00245,-8.0108,-12.0162,-8.025,-12.0405,1516.826882,3605.783542,1229.518713,2910.298941,859.068743
2017-06-28,24.7493,2.4478,0.6192,0.002457,4.8955,7.3433,4.8814,7.319,1553.955264,3782.305874,1319.805959,3052.361398,921.944164
2017-06-29,24.05,-2.8257,0.6208,0.002464,-5.6513,-8.477,-5.6655,-8.5013,1510.045696,3568.555297,1207.926079,2879.429873,843.567046
2017-06-30,24.1073,0.2384,0.6225,0.00247,0.4768,0.7152,0.4626,0.6909,1513.645506,3585.569515,1216.564834,2892.750263,849.394972
2017-07-03,23.508,-2.4861,0.6275,0.00249,-4.9722,-7.4583,-4.9864,-7.4827,1476.014739,3407.287701,1125.829715,2748.506165,785.837714
2017-07-05,21.806,-7.2401,0.6308,0.002503,-14.4802,-21.7203,-14.4944,-21.7446,1369.149984,2913.906498,881.296555,2350.127122,614.960183
2017-07-06,20.5887,-5.5826,0.6325,0.00251,-11.1651,-16.7477,-11.1793,-16.7721,1292.716376,2588.565389,733.69985,2087.398545,511.818676
2017-07-07,20.8813,1.4215,0.6342,0.002517,2.843,4.2645,2.8288,4.2401,1311.092188,2662.157695,764.988221,2146.445905,533.520128
2017-07-10,21.07,0.9035,0.6392,0.002537,1.807,2.7106,1.7928,2.6861,1322.938186,2710.264021,785.723717,2184.927383,547.851151
2017-07-11,21.8147,3.5343,0.6409,0.002543,7.0685,10.6028,7.0543,10.5783,1369.694165,2901.839185,869.032104,2339.057756,605.804527
2017-07-12,21.968,0.7029,0.6425,0.00255,1.4058,2.1087,1.3915,2.0842,1379.321643,2942.632807,887.35719,2371.606422,618.430784
2017-07-13,21.5607,-1.8542,0.6442,0.002556,-3.7084,-5.5626,-3.7227,-5.5871,1353.746091,2833.507486,837.99673,2283.318927,583.878345
2017-07-14,21.852,1.3512,0.6459,0.002563,2.7024,4.0537,2.6882,4.0292,1372.038192,2910.081378,871.966292,2344.698477,607.403805
2017-07-17,21.3047,-2.5047,0.6509,0.002583,-5.0095,-7.5142,-5.0237,-7.5387,1337.672391,2764.302233,806.445186,2226.906879,561.613395
2017-07-18,21.8827,2.713,0.6526,0.00259,5.4261,8.1391,5.4118,8.1145,1373.963783,2914.294679,872.082375,2347.421622,607.185694
2017-07-19,21.684,-0.9079,0.6542,0.002596,-1.8158,-2.7236,-1.8301,-2.7482,1361.489893,2861.378304,848.33009,2304.462517,590.499102
2017-07-20,21.9947,1.4327,0.6559,0.002603,2.8654,4.2981,2.8511,4.2735,1380.995982,2943.368336,884.792209,2370.164915,615.734284
2017-07-21,21.8933,-0.4607,0.6576,0.002609,-0.9214,-1.3822,-0.9358,-1.4067,1374.633471,2916.247019,872.562991,2347.986004,607.072496
2017-07-24,22.8347,4.2996,0.6626,0.002629,8.5993,12.8989,8.5849,12.8743,1433.737714,3167.023066,985.114103,2549.559133,685.228745
2017-07-25,22.64,-0.8525,0.6643,0.002636,-1.705,-2.5575,-1.7194,-2.5822,1421.514957,3113.024691,959.919515,2505.722974,667.534994
2017-07-26,22.9233,1.2515,0.6659,0.002643,2.5029,3.7544,2.4886,3.7298,1439.304792,3190.941838,995.958833,2568.080176,692.432447
2017-07-27,22.2973,-2.7308,0.6676,0.002649,-5.4617,-8.1925,-5.476,-8.2172,1399.999686,3016.662826,914.364716,2427.451208,635.534008
2017-07-28,22.338,0.1824,0.6693,0.002656,0.3648,0.5471,0.3504,0.5225,1402.553049,3027.666596,919.367658,2435.957096,638.854499
2017-07-31,21.5647,-3.462,0.6743,0.002676,-6.9239,-10.3859,-6.9383,-10.4106,1353.997224,2818.033385,823.883237,2266.943034,572.345934
2017-08-01,21.3047,-1.2057,0.676,0.002682,-2.4114,-3.617,-2.4257,-3.6418,1337.672391,2750.080624,794.083124,2211.952826,551.502464
2017-08-02,21.726,1.9777,0.6776,0.002689,3.9553,5.933,3.9409,5.9082,1364.126968,2858.85497,841.195855,2299.124104,584.086492
2017-08-03,23.1393,6.5053,0.6793,0.002696,13.0105,19.5158,12.9961,19.491,1452.867044,3230.807161,1005.361918,2597.921221,697.931018
2017-08-04,23.794,2.8292,0.681,0.002702,5.6585,8.4877,5.6441,8.4629,1493.972115,3413.62163,1090.694172,2744.549661,756.996538
2017-08-07,23.678,-0.4875,0.686,0.002722,-0.975,-1.4626,-0.9895,-1.4874,1486.688664,3380.337277,1074.74203,2717.393062,745.737143
2017-08-08,24.348,2.8296,0.6877,0.002729,5.6593,8.4889,5.6448,8.4641,1528.756471,3571.639438,1165.97574,2870.785208,808.856864
2017-08-09,24.2353,-0.4627,0.6893,0.002735,-0.9255,-1.3882,-0.9399,-1.413,1521.682357,3538.584878,1149.789553,2843.802271,797.427348
2017-08-10,23.6933,-2.2364,0.691,0.002742,-4.4728,-6.7092,-4.4873,-6.7341,1487.6514,3380.310808,1072.647753,2716.1936,743.728114
2017-08-11,23.858,0.695,0.6927,0.002749,1.39,2.085,1.3755,2.0601,1497.990481,3427.296691,1095.012251,2753.555711,759.049791
2017-08-14,24.2533,1.657,0.6977,0.002769,3.314,4.9711,3.2996,4.9462,1522.812514,3540.87882,1149.446036,2844.411189,796.593639
2017-08-15,24.1553,-0.4041,0.6994,0.002775,-0.8081,-1.2122,-0.8226,-1.2371,1516.65934,3512.263815,1135.51246,2821.012651,786.73886
2017-08-16,24.194,0.1601,0.701,0.002782,0.3202,0.4802,0.3057,0.4553,1519.087197,3523.508627,1140.96562,2829.635648,790.320952
2017-08-17,23.4613,-3.0283,0.7027,0.002789,-6.0566,-9.0849,-6.0711,-9.1099,1473.084616,3310.103509,1037.309891,2657.845546,718.323861
2017-08-18,23.164,-1.2673,0.7044,0.002795,-2.5347,-3.802,-2.5492,-3.8269,1454.415756,3226.203566,997.871438,2590.092711,690.833975
2017-08-21,22.524,-2.7629,0.7094,0.002815,-5.5258,-8.2887,-5.5403,-8.3137,1414.231625,3047.929662,915.160707,2446.592971,633.400033
2017-08-22,22.7567,1.033,0.7111,0.002822,2.0659,3.0989,2.0514,3.0739,1428.840204,3110.89802,943.520696,2496.782639,652.870113
2017-08-23,23.518,3.3455,0.7127,0.002828,6.6911,10.0366,6.6765,10.0116,1476.642631,3319.050721,1038.218294,2663.481484,718.232854
2017-08-24,23.5287,0.0454,0.7144,0.002835,0.0907,0.1361,0.0762,0.111,1477.312438,3322.061774,1039.631107,2665.510498,719.030419
2017-08-25,23.2033,-1.3827,0.7161,0.002842,-2.7654,-4.1481,-2.78,-4.1732,1456.885409,3230.192443,996.505683,2591.409863,689.023878
2017-08-28,23.044,-0.6867,0.7211,0.002861,-1.3734,-2.06,-1.3879,-2.0851,1446.881292,3185.830375,975.977315,2555.443047,674.656881
2017-08-29,23.1573,0.4918,0.7228,0.002868,0.9836,1.4754,0.969,1.4503,1453.997202,3217.166854,990.377183,2580.206465,684.441627
2017-08-30,23.5453,1.6755,0.7244,0.002875,3.351,5.0265,3.3364,5.0014,1478.358885,3324.973939,1040.158411,2666.29282,718.673135
2017-08-31,23.7267,0.7701,0.7261,0.002881,1.5403,2.3104,1.5257,2.2853,1489.744413,3376.188274,1064.190639,2706.972584,735.097054
2017-09-01,23.6933,-0.1405,0.7278,0.002888,-0.281,-0.4215,-0.2956,-0.4466,1487.6514,3366.701536,1059.705242,2698.971208,731.813923
2017-09-05,23.306,-1.6348,0.7345,0.002915,-3.2696,-4.9043,-3.2842,-4.9295,1463.331632,3256.625479,1007.733821,2610.332327,695.738993
2017-09-06,22.9687,-1.4474,0.7361,0.002921,-2.8948,-4.3422,-2.9095,-4.3674,1442.151204,3162.351947,963.975661,2534.386009,665.353
2017-09-07,23.374,1.7647,0.7378,0.002928,3.5295,5.2942,3.5148,5.269,1467.601249,3273.965765,1015.010305,2623.46516,700.410205
2017-09-08,22.8933,-2.0564,0.7395,0.002934,-4.1128,-6.1693,-4.1275,-6.1945,1437.421236,3139.312934,952.391746,2515.182253,657.023383
2017-09-11,24.246,5.9086,0.7445,0.002954,11.8171,17.7257,11.8025,17.7004,1522.352164,3510.289451,1121.209723,2812.035728,773.319235
2017-09-12,24.1833,-0.2585,0.7462,0.002961,-0.5169,-0.7754,-0.5316,-0.8007,1518.41739,3492.14359,1112.515861,2797.086923,767.127366
2017-09-13,24.4153,0.9593,0.7478,0.002968,1.9187,2.878,1.904,2.8527,1532.984173,3559.146641,1144.534286,2850.343621,789.011357
2017-09-14,25.176,3.1155,0.7495,0.002974,6.2311,9.3466,6.2164,9.3213,1580.744804,3780.919432,1251.509323,3027.531978,862.557363
2017-09-15,25.3207,0.5746,0.7512,0.002981,1.1492,1.7239,1.1346,1.6985,1589.828101,3824.371372,1273.083642,3061.881007,877.208221
2017-09-18,25.6667,1.3665,0.7562,0.003001,2.733,4.0994,2.7182,4.0741,1611.55271,3928.889555,1325.272763,3145.11039,912.946204
2017-09-19,25.0067,-2.5714,0.7579,0.003007,-5.1429,-7.7143,-5.1576,-7.7397,1570.112675,3726.83185,1223.037169,2982.89867,842.287038
2017-09-20,24.9273,-0.3172,0.7595,0.003014,-0.6345,-0.9517,-0.6492,-0.9771,1565.131574,3703.185489,1211.397103,2963.533394,834.056819
2017-09-21,24.432,-1.9871,0.7612,0.003021,-3.9742,-5.9613,-3.989,-5.9867,1534.03062,3556.012429,1139.181566,2845.31936,784.123927
2017-09-22,23.406,-4.1994,0.7629,0.003027,-8.3988,-12.5982,-8.4135,-12.6236,1469.610432,3257.349564,995.664957,2605.927064,685.138942
2017-09-25,22.9993,-1.7375,0.7679,0.003047,-3.4749,-5.2124,-3.4897,-5.2378,1444.076675,3144.159879,943.767395,2514.989202,649.252655
2017-09-26,23.0167,0.0754,0.7696,0.003054,0.1507,0.2261,0.136,0.2006,1445.165038,3148.899219,945.901272,2518.408946,650.555246
2017-09-27,22.7313,-1.2397,0.7712,0.00306,-2.4794,-3.719,-2.4941,-3.7445,1427.249577,3070.8265,910.722748,2455.596498,626.194983
2017-09-28,22.64,-0.4018,0.7729,0.003067,-0.8036,-1.2054,-0.8184,-1.2309,1421.514957,3046.149637,899.745029,2435.500787,618.487245
2017-09-29,22.74,0.4417,0.7746,0.003074,0.8834,1.3251,0.8686,1.2996,1427.793758,3073.05919,911.667491,2456.655926,626.524988
2017-10-02,22.7687,0.1261,0.7796,0.003094,0.2521,0.3782,0.2373,0.3526,1429.593723,3080.807367,915.115405,2462.486367,628.734405
2017-10-03,23.2093,1.9354,0.7813,0.0031,3.8708,5.8062,3.856,5.7807,1457.262168,3200.059641,968.249006,2557.439985,665.079359
2017-10-04,23.6673,1.9733,0.7829,0.003107,3.9467,5.92,3.9319,5.8945,1486.018976,3326.356064,1025.569681,2657.995365,704.282167
2017-10-05,23.6887,0.0901,0.7846,0.003114,0.1803,0.2704,0.1655,0.2448,1487.358471,3332.352808,1028.343021,2662.393279,706.006443
2017-10-06,23.792,0.4362,0.7863,0.00312,0.8724,1.3086,0.8576,1.283,1493.846489,3361.424972,1041.80025,2685.225833,715.064696
2017-10-09,22.8627,-3.9061,0.7913,0.00314,-7.8121,-11.7182,-7.827,-11.7439,1435.495764,3098.825587,919.719835,2475.053445,631.088483
2017-10-10,23.706,3.6887,0.793,0.003147,7.3774,11.0661,7.3625,11.0404,1488.446713,3327.437557,1021.4966,2657.279788,700.763198
2017-10-11,23.64,-0.2784,0.7946,0.003153,-0.5568,-0.8352,-0.5717,-0.8609,1484.302722,3308.909688,1012.96474,2642.088635,694.730306
2017-10-12,23.712,0.3046,0.7963,0.00316,0.6091,0.9137,0.5943,0.888,1488.823473,3329.065624,1022.22032,2657.789909,700.899699
2017-10-13,23.7047,-0.0309,0.798,0.003167,-0.0619,-0.0928,-0.0767,-0.1185,1488.363003,3327.006367,1021.271849,2655.750591,700.069248
2017-10-16,23.3733,-1.3978,0.803,0.003186,-2.7955,-4.1933,-2.8104,-4.219,1467.559334,3233.99957,978.447214,2581.113301,670.533305
2017-10-17,23.7167,1.4689,0.8047,0.003193,2.9378,4.4067,2.9229,4.381,1489.116521,3329.008926,1021.564863,2656.557408,699.90931
2017-10-18,23.9767,1.0963,0.8063,0.0032,2.1926,3.2888,2.1776,3.2631,1505.441354,3401.999205,1055.162387,2714.407844,722.747804
2017-10-19,23.454,-2.1799,0.808,0.003206,-4.3598,-6.5397,-4.3747,-6.5655,1472.624266,3253.678969,986.157991,2595.660399,675.295998
2017-10-20,23.0067,-1.9073,0.8097,0.003213,-3.8146,-5.7219,-3.8295,-5.7476,1444.537146,3129.565203,929.731504,2496.259937,636.482404
2017-10-23,22.468,-2.3413,0.8147,0.003233,-4.6827,-7.024,-4.6976,-7.0499,1410.715526,2983.017272,864.426796,2378.994827,591.61122
2017-10-24,22.4893,0.0949,0.8164,0.00324,0.1899,0.2848,0.1749,0.259,1412.054901,2988.681603,866.888933,2383.156642,593.143403
2017-10-25,21.7227,-3.409,0.818,0.003246,-6.818,-10.227,-6.833,-10.2529,1363.91775,2784.912449,778.231835,2220.316009,532.329005
2017-10-26,21.7447,0.1013,0.8197,0.003253,0.2025,0.3038,0.1876,0.278,1365.299041,2790.553219,780.596269,2224.481064,533.808617
2017-10-27,21.3913,-1.6249,0.8214,0.003259,-3.2498,-4.8748,-3.2648,-4.9007,1343.113962,2699.864452,742.543968,2151.855877,507.648485
2017-10-30,21.3387,-0.2462,0.8264,0.003279,-0.4924,-0.7386,-0.5074,-0.7645,1339.8072,2686.570256,737.059513,2140.937619,503.767374
2017-10-31,22.102,3.5772,0.8281,0.003286,7.1545,10.7317,7.1395,10.7057,1387.735133,2878.779642,816.158369,2293.789003,557.699407
2017-11-01,21.4053,-3.1521,0.8297,0.003293,-6.3041,-9.4562,-6.3191,-9.4821,1343.992987,2697.298326,738.981137,2148.842072,504.817741
2017-11-02,19.9507,-6.7958,0.8314,0.003299,-13.5916,-20.3874,-13.6066,-20.4134,1252.657752,2330.691684,588.321833,1856.457096,401.767281
2017-11-03,20.406,2.2823,0.8331,0.003306,4.5646,6.8469,4.5496,6.8209,1281.247137,2437.078355,628.60361,1940.918177,429.171497
2017-11-06,20.1853,-1.0814,0.8381,0.003326,-2.1628,-3.2441,-2.1778,-3.2702,1267.391957,2384.370085,608.210784,1898.648923,415.136887
2017-11-07,20.4033,1.08,0.8398,0.003332,2.16,3.24,2.1449,3.214,1281.079716,2435.872198,627.916706,1939.373984,428.47919
2017-11-08,20.2927,-0.5424,0.8414,0.003339,-1.0848,-1.6272,-1.0998,-1.6532,1274.131228,2409.448192,617.699376,1918.044138,421.395476
2017-11-09,20.1993,-0.4599,0.8431,0.003346,-0.9199,-1.3798,-0.9349,-1.4059,1268.270982,2387.284136,609.176227,1900.11171,415.47117
2017-11-10,20.1993,0.0,0.8448,0.003352,0.0,0.0,-0.0151,-0.0261,1268.270982,2387.284136,609.176227,1899.82558,415.362859
2017-11-13,21.0267,4.0958,0.8498,0.003372,8.1917,12.2875,8.1766,12.2614,1320.2174,2582.843068,684.028975,2055.16695,466.292271
2017-11-14,20.58,-2.1243,0.8515,0.003379,-4.2486,-6.3729,-4.2637,-6.399,1292.172195,2473.109076,640.436762,1967.541643,436.454307
2017-11-15,20.7533,0.8422,0.8531,0.003385,1.6845,2.5267,1.6694,2.5006,1303.055337,2514.767917,656.618733,2000.387403,447.368165
2017-11-16,20.8333,0.3855,0.8548,0.003392,0.771,1.1564,0.7559,1.1303,1308.078354,2534.155767,664.212133,2015.507559,452.424725
2017-11-17,21.0033,0.816,0.8565,0.003399,1.632,2.448,1.6169,2.4218,1318.752279,2575.51321,680.472054,2048.096217,463.381722
2017-11-20,20.5827,-2.0029,0.8615,0.003419,-4.0057,-6.0086,-4.0208,-6.0348,1292.339617,2472.345754,639.585502,1965.745755,435.41775
2017-11-21,21.1873,2.9377,0.8632,0.003425,5.8755,8.8132,5.8604,8.787,1330.305228,2617.608062,695.953629,2080.945408,473.677961
2017-11-22,20.84,-1.6393,0.8648,0.003432,-3.2787,-4.918,-3.2938,-4.9442,1308.497028,2531.785172,661.726531,2012.40293,450.258172
2017-11-24,21.0367,0.9437,0.8682,0.003445,1.8874,2.8311,1.8722,2.8048,1320.845292,2579.569997,680.460636,2050.080045,462.887191
2017-11-27,21.1207,0.3993,0.8732,0.003465,0.7986,1.1979,0.7834,1.1716,1326.119441,2600.170497,688.611895,2066.141003,468.310415
2017-11-28,21.17,0.2336,0.8748,0.003472,0.4672,0.7007,0.452,0.6744,1329.216986,2612.317434,693.437266,2075.479573,471.468844
2017-11-29,20.5027,-3.1523,0.8765,0.003478,-6.3045,-9.4568,-6.3197,-9.4831,1287.316601,2447.62332,627.860414,1944.315364,426.758964
2017-11-30,20.59,0.426,0.8782,0.003485,0.8519,1.2779,0.8367,1.2516,1292.800087,2468.475237,635.883765,1960.584109,432.100077
2017-12-01,20.4353,-0.7512,0.8799,0.003492,-1.5023,-2.2535,-1.5175,-2.2799,1283.088898,2431.390107,621.553968,1930.831313,422.248746
2017-12-04,20.3467,-0.4339,0.8849,0.003511,-0.8678,-1.3017,-0.883,-1.3281,1277.521701,2410.290978,613.463382,1913.782106,416.641035
2017-12-05,20.2467,-0.4915,0.8865,0.003518,-0.9829,-1.4744,-0.9982,-1.5008,1271.24302,2386.599095,604.418352,1894.67928,410.387996
2017-12-06,20.884,3.1478,0.8882,0.003525,6.2957,9.4435,6.2805,9.4171,1311.259729,2536.851786,661.496739,2013.673684,449.034679
2017-12-07,20.7493,-0.6448,0.8899,0.003531,-1.2897,-1.9345,-1.3049,-1.9609,1302.804205,2504.134526,648.699956,1987.396909,440.229347
2017-12-08,21.0087,1.2498,0.8916,0.003538,2.4997,3.7495,2.4844,3.7231,1319.087242,2566.730143,673.023194,2036.772719,456.619504
2017-12-11,21.9273,4.3728,0.8966,0.003558,8.7456,13.1184,8.7303,13.0919,1376.76828,2791.206057,761.313054,2214.589788,516.39975
2017-12-12,22.7353,3.6849,0.8982,0.003564,7.3698,11.0547,7.3545,11.0282,1427.500709,2996.911937,845.473755,2377.462104,573.349261
2017-12-13,22.602,-0.5865,0.8999,0.003571,-1.1729,-1.7594,-1.1882,-1.7859,1419.129015,2961.760669,830.598706,2349.213248,563.109921
2017-12-14,22.526,-0.3363,0.9016,0.003578,-0.6725,-1.0088,-0.6878,-1.0353,1414.357132,2941.842569,822.219933,2333.055528,557.280136
2017-12-15,22.8967,1.6455,0.9033,0.003584,3.291,4.9365,3.2757,4.91,1437.630573,3038.659417,862.809159,2409.480286,584.642632
2017-12-18,22.5913,-1.3335,0.9083,0.003604,-2.6671,-4.0006,-2.6824,-4.0272,1418.459328,2957.616504,828.291683,2344.849061,561.098105
2017-12-19,22.0733,-2.2929,0.9099,0.003611,-4.5858,-6.8787,-4.6011,-6.9053,1385.935288,2821.98535,771.315657,2236.95919,522.35245
2017-12-20,21.932,-0.6403,0.9116,0.003618,-1.2806,-1.9209,-1.2959,-1.9475,1377.061208,2785.847267,756.499562,2207.970109,512.179708
2017-12-21,22.1107,0.8146,0.9133,0.003624,1.6293,2.4439,1.614,2.4173,1388.279314,2831.236578,774.98783,2243.605678,524.560678
2017-12-22,21.68,-1.9478,0.915,0.003631,-3.8955,-5.8433,-3.9109,-5.87,1361.23876,2720.944357,729.702779,2155.860804,493.769224
2017-12-26,21.1527,-2.4324,0.9216,0.003657,-4.8647,-7.2971,-4.8801,-7.3237,1328.128624,2588.578395,676.455929,2050.65328,457.606851
2017-12-27,20.776,-1.7807,0.9233,0.003664,-3.5614,-5.3421,-3.5768,-5.3688,1304.478543,2496.388397,640.318833,1977.305832,433.038789
2017-12-28,21.024,1.1937,0.925,0.003671,2.3874,3.5811,2.372,3.5544,1320.049978,2555.986692,663.249105,2024.207602,448.430568
2017-12-29,20.7567,-1.2716,0.9267,0.003677,-2.5431,-3.8147,-2.5585,-3.8414,1303.264675,2490.98459,637.94816,1972.417946,431.204481
2018-01-02,21.3687,2.9485,0.9355,0.003712,5.8969,8.8454,5.8815,8.8186,1341.690876,2637.875819,694.377046,2088.425621,469.2306
2018-01-03,21.15,-1.0233,0.9383,0.003723,-2.0466,-3.0699,-2.0621,-3.0967,1327.961202,2583.888458,673.06013,2045.361192,454.699722
2018-01-04,20.9747,-0.829,0.9411,0.003734,-1.658,-2.487,-1.6734,-2.5138,1316.952433,2541.047703,656.32117,2011.133376,443.269356
2018-01-05,21.1053,0.623,0.9438,0.003745,1.2459,1.8689,1.2305,1.8421,1325.156705,2572.707839,668.587302,2035.8803,451.434672
2018-01-08,22.4273,6.2638,0.9521,0.003778,12.5276,18.7915,12.5122,18.7645,1408.162162,2895.007517,794.224656,2290.612885,536.144331
2018-01-09,22.246,-0.8085,0.9549,0.003789,-1.6171,-2.4256,-1.6326,-2.4526,1396.776634,2848.193038,774.959829,2253.216983,522.99508
2018-01-10,22.32,0.3326,0.9577,0.0038,0.6653,0.9979,0.6498,0.971,1401.422892,2867.141576,782.693341,2267.85785,528.073145
2018-01-11,22.53,0.9409,0.9604,0.003811,1.8817,2.8226,1.8662,2.7956,1414.608384,2921.09342,804.785596,2310.180879,542.835992
2018-01-12,22.4147,-0.5119,0.9632,0.003822,-1.0238,-1.5357,-1.0394,-1.5627,1407.366848,2891.186622,792.426237,2286.169999,534.352862
2018-01-16,22.6707,1.1421,0.9743,0.003866,2.2842,3.4263,2.2687,3.3992,1423.440549,2957.227779,819.577414,2338.035212,552.516785
2018-01-17,23.144,2.0879,0.977,0.003877,4.1757,6.2636,4.1601,6.2365,1453.159972,3080.713239,870.912263,2435.300596,586.974251
2018-01-18,22.9713,-0.7461,0.9798,0.003888,-1.4921,-2.2382,-1.5077,-2.2653,1442.318626,3034.745719,851.419856,2398.583546,573.677518
2018-01-19,23.3347,1.5817,0.9826,0.003899,3.1634,4.7451,3.1478,4.7179,1465.131597,3130.746096,891.820256,2474.08542,600.743042
2018-01-22,23.4373,0.44,0.9909,0.003932,0.8799,1.3199,0.8643,1.2927,1471.577699,3158.294625,903.591413,2495.468856,608.508686
2018-01-23,23.5193,0.3499,0.9936,0.003943,0.6997,1.0496,0.6841,1.0224,1476.726342,3180.394621,913.075661,2512.540239,614.729871
2018-01-24,23.0593,-1.9558,0.9964,0.003954,-3.9117,-5.8675,-3.9273,-5.8948,1447.844028,3055.988149,859.500932,2413.864539,578.492929
2018-01-25,22.5093,-2.3852,0.9992,0.003965,-4.7703,-7.1555,-4.786,-7.1828,1413.310685,2910.207964,797.999611,2298.337371,536.941148
2018-01-26,22.8567,1.5431,1.0019,0.003976,3.0861,4.6292,3.0705,4.6019,1435.119005,3000.020836,834.940598,2368.906674,561.650544
2018-01-29,23.302,1.9484,1.0102,0.004009,3.8967,5.8451,3.881,5.8177,1463.080499,3116.924122,883.743909,2460.844745,594.325917
2018-01-30,23.0547,-1.0614,1.013,0.00402,-2.1229,-3.1843,-2.1386,-3.2117,1447.550979,3050.756426,855.603042,2408.217646,575.238051
2018-01-31,23.6207,2.455,1.0158,0.004031,4.9101,7.3651,4.8943,7.3377,1483.088853,3200.550663,918.619088,2526.083801,617.447156
2018-02-01,23.2833,-1.4281,1.0185,0.004042,-2.8563,-4.2844,-2.872,-4.3118,1461.908426,3109.134654,879.26188,2453.534498,590.823842
2018-02-02,22.9167,-1.5748,1.0213,0.004053,-3.1496,-4.7244,-3.1654,-4.7519,1438.886357,3011.209626,837.72215,2375.871537,562.748736
2018-02-05,22.2087,-3.0895,1.0296,0.004086,-6.1789,-9.2684,-6.1947,-9.2959,1394.432608,2825.149683,760.078999,2228.693364,510.436164
2018-02-06,22.2647,0.2522,1.0324,0.004097,0.5043,0.7565,0.4885,0.7289,1397.948707,2839.397066,765.828678,2239.580582,514.15673
2018-02-07,23.0,3.3027,1.0352,0.004108,6.6054,9.9081,6.5896,9.8805,1444.118591,3026.949914,841.707472,2387.159129,564.9579
2018-02-08,21.0153,-8.629,1.0379,0.004119,-17.258,-25.887,-17.2738,-25.9146,1319.505797,2504.559734,623.815008,1974.806096,418.55154
2018-02-09,20.6947,-1.5259,1.0407,0.00413,-3.0517,-4.5776,-3.0676,-4.6052,1299.371936,2428.127394,595.259306,1914.227662,399.276338
2018-02-12,21.0487,1.7106,1.049,0.004163,3.4212,5.1318,3.4053,5.1041,1321.59881,2511.197809,625.806573,1979.412914,419.655672
2018-02-13,21.5773,2.5116,1.0518,0.004174,5.0233,7.5349,5.0074,7.5072,1354.792538,2637.342015,672.960488,2078.529808,451.160022
2018-02-14,21.4873,-0.4171,1.0545,0.004185,-0.8342,-1.2513,-0.8501,-1.279,1349.14163,2615.34104,664.539631,2060.860203,445.389462
2018-02-15,22.2713,3.6487,1.0573,0.004196,7.2973,10.946,7.2814,10.9182,1398.367262,2806.191006,737.280068,2210.920177,494.018121
2018-02-16,22.366,0.4251,1.0601,0.004207,0.8501,1.2752,0.8342,1.2474,1404.311099,2830.046744,746.681616,2229.363631,500.180445
2018-02-20,22.318,-0.2146,1.0711,0.00425,-0.4292,-0.6438,-0.4452,-0.6717,1401.297385,2817.899932,741.87438,2219.439268,496.820836
2018-02-21,22.22,-0.4391,1.0739,0.004261,-0.8782,-1.3173,-0.8942,-1.3452,1395.144091,2793.152342,732.101356,2199.593132,490.137452
2018-02-22,23.078,3.8614,1.0767,0.004272,7.7228,11.5842,7.7068,11.5562,1449.015981,3008.861094,816.90912,2369.111198,546.778943
2018-02-23,23.47,1.6986,1.0794,0.004283,3.3972,5.0958,3.3812,5.0678,1473.628797,3111.07742,858.536889,2449.215274,574.488787
2018-02-26,23.828,1.5254,1.0877,0.004316,3.0507,4.5761,3.0347,4.5481,1496.106805,3205.987103,897.823985,2523.541089,600.616849
2018-02-27,23.3993,-1.799,1.0905,0.004327,-3.598,-5.397,-3.614,-5.425,1469.191757,3090.63532,849.36827,2432.339174,568.033163
2018-02-28,22.8707,-2.2593,1.0933,0.004338,-4.5186,-6.778,-4.5347,-6.806,1435.99803,2950.980701,791.798455,2322.040313,529.372834
2018-03-01,22.062,-3.5358,1.096,0.004349,-7.0716,-10.6075,-7.0877,-10.6355,1385.223685,2742.297807,707.808685,2157.461035,473.071217
2018-03-02,22.3413,1.2661,1.0988,0.00436,2.5323,3.7984,2.5162,3.7703,1402.762387,2811.739796,734.693973,2211.746831,490.90741
2018-03-05,22.2233,-0.5282,1.1071,0.004393,-1.0563,-1.5845,-1.0724,-1.6127,1395.353428,2782.038312,723.052692,2188.02722,482.990747
2018-03-06,21.88,-1.5449,1.1099,0.004404,-3.0899,-4.6348,-3.106,-4.663,1373.796242,2696.07741,689.540791,2120.067885,460.469114
2018-03-07,22.1533,1.2492,1.1126,0.004415,2.4985,3.7477,2.4824,3.7195,1390.958304,2763.438562,715.382925,2172.695725,477.596426
2018-03-08,21.94,-0.963,1.1154,0.004426,-1.926,-2.889,-1.9421,-2.9172,1377.563594,2710.215602,694.715849,2130.499776,463.664124
2018-03-09,21.8113,-0.5865,1.1182,0.004437,-1.1729,-1.7594,-1.189,-1.7876,1369.484828,2678.427311,682.493299,2105.167071,455.375669
2018-03-12,23.034,5.6057,1.1265,0.00447,11.2113,16.817,11.1951,16.7887,1446.2534,2978.714009,797.267924,2340.843265,531.827118
2018-03-13,22.7893,-1.0622,1.1292,0.004481,-2.1244,-3.1866,-2.1406,-3.2149,1430.891302,2915.434234,771.862194,2290.735488,514.72927
2018-03-14,21.7753,-4.4494,1.132,0.004492,-8.8989,-13.3483,-8.9151,-13.3767,1367.224513,2655.992671,668.831332,2086.514176,445.875487
2018-03-15,21.7067,-0.3153,1.1348,0.004503,-0.6307,-0.946,-0.6469,-0.9744,1362.913099,2639.241827,662.504043,2073.016713,441.530908
2018-03-16,21.4233,-1.3053,1.1375,0.004514,-2.6106,-3.9159,-2.6268,-3.9443,1345.123145,2570.342361,636.561266,2018.562745,424.115781
2018-03-19,20.904,-2.4241,1.1458,0.004547,-4.8483,-7.2724,-4.8645,-7.3009,1312.515394,2445.72465,590.26774,1920.368839,393.151522
2018-03-20,20.7033,-0.9599,1.1486,0.004558,-1.9199,-2.8798,-1.9361,-2.9083,1299.915997,2398.769536,573.269042,1883.187621,381.71746
2018-03-21,21.102,1.9256,1.1514,0.004569,3.8512,5.7768,3.835,5.7483,1324.947368,2491.151645,606.385898,1955.406995,403.65988
2018-03-22,20.6067,-2.3473,1.1541,0.00458,-4.6947,-7.042,-4.7109,-7.0705,1293.846534,2374.200744,563.684336,1863.288979,375.119096
2018-03-23,20.1027,-2.4458,1.1569,0.004591,-4.8916,-7.3374,-4.9079,-7.366,1262.201519,2258.063912,522.324409,1771.840334,347.487922
2018-03-26,20.2787,0.8755,1.1652,0.004624,1.751,2.6265,1.7347,2.5979,1273.252203,2297.603003,536.043396,1802.576222,356.515357
2018-03-27,18.612,-8.2188,1.168,0.004635,-16.4376,-24.6565,-16.454,-24.6851,1168.605848,1919.93112,403.87401,1505.980534,268.509163
2018-03-28,17.1853,-7.6653,1.1707,0.004646,-15.3306,-22.9959,-15.347,-23.0246,1079.028663,1625.594023,310.999504,1274.858315,206.68609
2018-03-29,17.742,3.2392,1.1735,0.004657,6.4784,9.7176,6.462,9.6889,1113.98056,1730.906509,341.221192,1357.240132,226.711743
2018-04-02,16.832,-5.1291,1.1846,0.004701,-10.2581,-15.3872,-10.2745,-15.416,1056.843703,1553.347654,288.716758,1217.789822,191.761906
2018-04-03,17.8353,5.9609,1.1873,0.004712,11.9217,17.8826,11.9053,17.8538,1119.840686,1738.533437,340.34677,1362.771398,225.998682
2018-04-04,19.1293,7.2553,1.1901,0.004723,14.5105,21.7658,14.4941,21.737,1201.088093,1990.803846,414.425949,1560.292855,275.123979
2018-04-05,20.3813,6.5449,1.1929,0.004734,13.0898,19.6347,13.0734,19.6059,1279.698305,2251.396744,495.797445,1764.276072,329.064558
2018-04-06,19.9533,-2.1,1.1956,0.004745,-4.1999,-6.2999,-4.2164,-6.3287,1252.825174,2156.839955,464.562825,1689.887705,308.238952
2018-04-09,19.3107,-3.2208,1.2039,0.004778,-6.4417,-9.6625,-6.4582,-9.6915,1212.47362,2017.903025,419.674284,1580.751829,278.366115
2018-04-10,20.3133,5.1923,1.2067,0.004789,10.3846,15.5769,10.3681,15.5479,1275.428807,2227.453912,485.046443,1744.645629,321.646306
2018-04-11,20.062,-1.2373,1.2095,0.0048,-2.4746,-3.7118,-2.4911,-3.7408,1259.648155,2172.334136,467.042265,1701.185284,309.614127
2018-04-12,19.6053,-2.2763,1.2122,0.004811,-4.5526,-6.8288,-4.5691,-6.8578,1230.975058,2073.437398,435.148721,1623.456881,288.381345
2018-04-13,20.0227,2.1287,1.215,0.004821,4.2573,6.386,4.2408,6.357,1257.178502,2161.710837,462.937412,1692.304763,306.713786
2018-04-16,19.414,-3.0399,1.2233,0.004854,-6.0798,-9.1197,-6.0963,-9.1487,1218.961638,2030.283504,420.719025,1589.136043,278.653313
2018-04-17,19.1793,-1.2088,1.2261,0.004865,-2.4175,-3.6263,-2.4341,-3.6553,1204.227433,1981.201378,405.462695,1550.455314,268.467566
2018-04-18,19.5567,1.9674,1.2288,0.004876,3.9348,5.9022,3.9182,5.8731,1227.919429,2059.157773,429.393939,1611.205587,284.234903
2018-04-19,20.0053,2.2942,1.2316,0.004887,4.5884,6.8825,4.5718,6.8534,1256.09014,2153.639443,458.94718,1684.866218,303.714679
2018-04-20,19.3493,-3.2791,1.2344,0.004898,-6.5583,-9.8374,-6.5749,-9.8665,1214.901358,2012.398328,413.798807,1574.088668,273.748547
2018-04-23,18.8913,-2.367,1.2427,0.004931,-4.734,-7.101,-4.7507,-7.1303,1186.14455,1917.131084,384.414859,1499.309179,254.229589
2018-04-24,18.8973,0.0318,1.2455,0.004942,0.0635,0.0953,0.0469,0.066,1186.521309,1918.348974,384.781168,1500.012026,254.397484
2018-04-25,18.7127,-0.9772,1.2482,0.004953,-1.9544,-2.9316,-1.9711,-2.9609,1174.926564,1880.856571,373.500866,1470.445746,246.865063
2018-04-26,19.032,1.7065,1.251,0.004964,3.413,5.1195,3.3963,5.0902,1194.976714,1945.050296,392.622269,1520.386999,259.431022
2018-04-27,19.6053,3.0125,1.2538,0.004975,6.0249,9.0374,6.0083,9.0081,1230.975058,2062.238504,428.105182,1611.735853,282.800833
2018-04-30,19.5933,-0.0612,1.2621,0.005008,-0.1224,-0.1836,-0.1391,-0.213,1230.22154,2059.713783,427.319013,1609.493271,282.198408
2018-05-01,19.9947,2.0483,1.2648,0.005019,4.0966,6.145,4.0799,6.1156,1255.420453,2144.092972,453.577635,1675.159322,299.456438
2018-05-02,20.0767,0.4101,1.2676,0.00503,0.8202,1.2303,0.8035,1.2009,1260.569095,2161.67938,459.158178,1688.619053,303.052652
2018-05-03,18.9633,-5.5454,1.2704,0.005041,-11.0908,-16.6362,-11.1076,-16.6657,1190.665301,1921.931172,382.771491,1501.054365,252.546825
2018-05-04,19.606,3.389,1.2731,0.005052,6.778,10.167,6.7612,10.1375,1231.016974,2052.19975,421.687894,1602.544342,278.148853
2018-05-07,20.1847,2.9515,1.2814,0.005085,5.903,8.8544,5.8862,8.8249,1267.350161,2173.340174,459.025962,1696.872722,302.695203
2018-05-08,20.1313,-0.2642,1.2842,0.005096,-0.5285,-0.7927,-0.5453,-0.8223,1264.001364,2161.854673,455.387225,1687.620105,300.206245
2018-05-09,20.4567,1.6161,1.287,0.005107,3.2321,4.8482,3.2153,4.8186,1284.428393,2231.72844,477.465227,1741.88229,314.671992
2018-05-10,20.3347,-0.5964,1.2897,0.005118,-1.1928,-1.7891,-1.2096,-1.8187,1276.768302,2205.109216,468.922686,1720.812709,308.948911
2018-05-11,20.0707,-1.2983,1.2925,0.005129,-2.5966,-3.8948,-2.6134,-3.9244,1260.192336,2147.852445,450.658966,1675.841236,296.82437
2018-05-14,19.4647,-3.0193,1.3008,0.005162,-6.0387,-9.058,-6.0555,-9.0877,1222.142894,2018.150677,409.838239,1574.359993,269.84987
2018-05-15,18.9453,-2.6681,1.3036,0.005173,-5.3362,-8.0042,-5.353,-8.034,1189.535143,1910.458924,377.033802,1490.083882,248.170264
2018-05-16,19.0987,0.8093,1.3063,0.005184,1.6187,2.428,1.6018,2.3983,1199.162621,1941.383444,386.188348,1513.95213,254.122159
2018-05-17,18.9693,-0.6772,1.3091,0.005195,-1.3544,-2.0316,-1.3713,-2.0613,1191.04206,1915.089891,378.342708,1493.191712,248.883906
2018-05-18,18.4547,-2.7132,1.3119,0.005206,-5.4263,-8.1395,-5.4432,-8.1692,1158.727237,1811.171159,347.54763,1411.913956,228.551975
2018-05-21,18.966,2.7708,1.3202,0.005239,5.5415,8.3123,5.5246,8.2824,1190.832723,1911.537367,376.436704,1489.916041,247.481611
2018-05-22,18.334,-3.3323,1.3229,0.00525,-6.6646,-9.9968,-6.6815,-10.0267,1151.150857,1784.141861,338.804943,1390.367099,222.66737
2018-05-23,18.6047,1.4763,1.3257,0.005261,2.9526,4.429,2.9357,4.3991,1168.145498,1836.821055,353.810452,1431.183658,232.462654
2018-05-24,18.5233,-0.4372,1.3285,0.005272,-0.8744,-1.3115,-0.8913,-1.3414,1163.038651,1820.760788,349.170133,1418.427099,229.344318
2018-05-25,18.59,0.3599,1.3312,0.005283,0.7198,1.0797,0.7028,1.0498,1167.224558,1833.867033,352.940241,1428.39628,231.751983
2018-05-29,18.9173,1.7608,1.3423,0.005327,3.5216,5.2824,3.5046,5.2524,1187.777093,1898.448638,371.583998,1478.455497,243.924509
2018-05-30,19.448,2.8052,1.3451,0.005338,5.6104,8.4156,5.5933,8.3855,1221.096447,2004.958661,402.854862,1561.150357,264.37884
2018-05-31,18.982,-2.3961,1.3478,0.005349,-4.7923,-7.1884,-4.8093,-7.2185,1191.837374,1908.875779,373.896068,1486.069681,245.29477
2018-06-01,19.4547,2.4901,1.3506,0.00536,4.9801,7.4702,4.9631,7.4401,1221.515002,2003.940604,401.826931,1559.824529,263.545036
2018-06-04,19.7827,1.686,1.3589,0.005392,3.372,5.0579,3.3549,5.0278,1242.109453,2071.512523,422.151049,1612.154355,276.795496
2018-06-05,19.4087,-1.8905,1.3617,0.005403,-3.7811,-5.6716,-3.7982,-5.7018,1218.626795,1993.186703,398.208161,1550.921458,261.013138
2018-06-06,21.3,9.7448,1.3644,0.005414,19.4896,29.2344,19.4724,29.2042,1337.379343,2381.650178,514.621736,1852.923819,337.239827
2018-06-07,21.0727,-1.0673,1.3672,0.005425,-2.1346,-3.2019,-2.1517,-3.2321,1323.105607,2330.811881,498.144195,1813.054186,326.339931
2018-06-08,21.1773,0.4967,1.37,0.005436,0.9934,1.4901,0.9763,1.4599,1329.677456,2353.966107,505.567023,1830.754212,331.104032
2018-06-11,22.14,4.5457,1.3783,0.005469,9.0915,13.6372,9.0743,13.6069,1390.121075,2567.976247,574.51224,1996.882252,376.157034
2018-06-12,22.8513,3.2129,1.381,0.00548,6.4258,9.6387,6.4086,9.6083,1434.784161,2732.988845,629.88761,2124.854387,412.299517
2018-06-13,22.9853,0.5864,1.3838,0.005491,1.1728,1.7592,1.1556,1.7288,1443.197651,2765.041015,640.968481,2149.409003,419.427494
2018-06-14,23.848,3.7531,1.3866,0.005502,7.5062,11.2594,7.489,11.229,1497.362589,2972.591623,713.137428,2310.378913,466.524965
2018-06-15,23.878,0.1258,1.3893,0.005513,0.2516,0.3774,0.2344,0.347,1499.246265,2980.070639,715.8288,2315.793969,468.143841
2018-06-18,24.722,3.5346,1.3976,0.005546,7.0693,10.6039,7.052,10.5734,1552.239129,3190.739806,791.734579,2479.104107,517.642767
2018-06-19,23.5033,-4.9295,1.4004,0.005557,-9.859,-14.7885,-9.8762,-14.8189,1475.721691,2876.165546,674.6492,2234.261856,440.933581
2018-06-20,24.148,2.7429,1.4032,0.005568,5.4858,8.2286,5.4685,8.1981,1516.19899,3033.945179,730.163687,2356.442214,477.081948
2018-06-21,23.1673,-4.0611,1.4059,0.005579,-8.1221,-12.1832,-8.1394,-12.2137,1454.625094,2787.523929,641.206321,2164.641375,418.812437
2018-06-22,22.242,-3.9941,1.4087,0.00559,-7.9883,-11.9824,-8.0056,-12.0129,1396.525501,2564.849366,564.374512,1991.349862,368.500791
2018-06-25,22.2007,-0.1858,1.417,0.005623,-0.3717,-0.5575,-0.389,-0.5881,1393.930222,2555.316422,561.22804,1983.603391,366.333542
2018-06-26,22.8,2.6996,1.4198,0.005634,5.3992,8.0988,5.3819,8.0682,1431.56099,2693.283899,606.681051,2090.358788,395.890122
2018-06-27,22.9667,0.731,1.4225,0.005645,1.462,2.193,1.4446,2.1623,1442.025697,2732.659696,619.985562,2120.557117,404.450629
2018-06-28,23.3287,1.5762,1.4253,0.005656,3.1524,4.7286,3.135,4.6979,1464.754837,2818.8038,649.302111,2187.037178,423.45135
2018-06-29,22.8633,-1.9947,1.4281,0.005667,-3.9894,-5.9841,-4.0067,-6.0148,1435.53756,2706.35116,610.447471,2099.408113,397.981764
2018-07-02,22.338,-2.2977,1.4364,0.0057,-4.5954,-6.8931,-4.6128,-6.9239,1402.553049,2581.982881,568.368508,2002.566005,370.425908
2018-07-03,20.724,-7.2253,1.4392,0.005711,-14.4507,-21.676,-14.4681,-21.7068,1301.213697,2208.868333,445.168683,1712.832447,290.018171
2018-07-05,20.6107,-0.5469,1.4447,0.005733,-1.0938,-1.6406,-1.1112,-1.6715,1294.097667,2184.708776,437.865116,1693.799592,285.170634
2018-07-06,20.5933,-0.0841,1.4475,0.005744,-0.1682,-0.2523,-0.1857,-0.2832,1293.009305,2181.034008,436.760356,1690.654981,284.363148
2018-07-09,21.234,3.111,1.4558,0.005777,6.2221,9.3331,6.2046,9.3022,1333.235351,2316.739722,477.523735,1795.553333,310.815187
2018-07-10,21.498,1.2433,1.4585,0.005788,2.4866,3.7299,2.4691,3.6989,1349.811317,2374.347254,495.334732,1839.887044,322.312011
2018-07-11,21.264,-1.0885,1.4613,0.005799,-2.1769,-3.2654,-2.1944,-3.2964,1335.119027,2322.659144,479.160024,1799.511736,311.687407
2018-07-12,21.114,-0.7054,1.4641,0.00581,-1.4108,-2.1162,-1.4283,-2.1472,1325.700886,2289.890334,469.019812,1773.808451,304.994755
2018-07-13,21.258,0.682,1.4668,0.005821,1.364,2.046,1.3465,2.015,1334.742268,2321.124789,478.616065,1797.692574,311.14045
2018-07-16,20.6733,-2.7503,1.4751,0.005854,-5.5007,-8.251,-5.5182,-8.2821,1298.032321,2193.447154,439.125361,1698.491592,285.371512
2018-07-17,21.5127,4.06,1.4779,0.005865,8.12,12.18,8.1024,12.1489,1350.732258,2371.554469,492.610652,1836.110207,320.040912
2018-07-18,21.59,0.3595,1.4807,0.005876,0.719,1.0784,0.7014,1.0473,1355.587852,2388.604934,497.923143,1848.988233,323.392764
2018-07-19,21.3487,-1.1178,1.4834,0.005887,-2.2356,-3.3534,-2.2532,-3.3845,1340.435092,2335.205285,481.225789,1807.326962,312.447412
2018-07-20,20.9053,-2.0766,1.4862,0.005898,-4.1533,-6.2299,-4.1709,-6.2611,1312.599105,2238.217755,451.245833,1731.945517,292.884846
2018-07-23,20.2133,-3.3102,1.4945,0.005931,-6.6203,-9.9305,-6.638,-9.9617,1269.150007,2090.040689,406.43499,1616.979807,263.70854
2018-07-24,19.8287,-1.903,1.4973,0.005942,-3.8061,-5.7091,-3.8237,-5.7403,1244.997661,2010.492352,383.231211,1555.151119,248.570753
2018-07-25,20.5827,3.8026,1.5,0.005952,7.6051,11.4077,7.5875,11.3765,1292.339617,2163.393268,426.949162,1673.148039,276.849285
2018-07-26,20.4433,-0.6769,1.5028,0.005963,-1.3539,-2.0308,-1.3716,-2.0621,1283.591164,2134.10322,418.278504,1650.199749,271.140285
2018-07-27,19.812,-3.0882,1.5056,0.005974,-6.1764,-9.2646,-6.1941,-9.2959,1243.951214,2002.292177,379.526588,1547.984818,245.935262
2018-07-30,19.3447,-2.3588,1.5139,0.006007,-4.7177,-7.0765,-4.7354,-7.1079,1214.608429,1907.83055,352.669345,1474.681727,228.45445
2018-07-31,19.876,2.7467,1.5166,0.006018,5.4933,8.24,5.4756,8.2086,1247.969579,2012.633742,381.729216,1555.429295,247.207304
2018-08-01,20.056,0.9056,1.5194,0.006029,1.8112,2.7168,1.7935,2.6854,1259.271396,2049.087224,392.100223,1583.325874,253.845872
2018-08-02,23.3027,16.188,1.5222,0.00604,32.376,48.564,32.3583,48.5326,1463.122414,2712.500239,582.519928,2095.662885,377.043856
2018-08-03,23.2113,-0.392,1.5249,0.006051,-0.7839,-1.1759,-0.8017,-1.2073,1457.387675,2691.236835,575.670331,2078.862754,372.491715
2018-08-06,22.7993,-1.775,1.5332,0.006084,-3.55,-5.325,-3.5678,-5.3565,1431.519194,2595.698484,545.016064,2004.693714,352.539187
2018-08-07,25.3047,10.9886,1.536,0.006095,21.9772,32.9659,21.9594,32.9343,1588.82345,3166.161556,724.685356,2444.913339,468.645554
2018-08-08,24.6893,-2.4317,1.5388,0.006106,-4.8634,-7.2951,-4.8812,-7.3267,1550.188032,3012.178459,671.818836,2325.571926,434.309407
2018-08-09,23.4967,-4.8307,1.5415,0.006117,-9.6614,-14.4921,-9.6792,-14.5237,1475.303256,2721.160461,574.458383,2100.475093,371.231746
2018-08-10,23.6993,0.8625,1.5443,0.006128,1.7251,2.5876,1.7072,2.556,1488.028159,2768.102001,589.322976,2136.334853,380.72029
2018-08-13,23.7607,0.2588,1.5526,0.006161,0.5176,0.7764,0.4997,0.7447,1491.879222,2782.429869,593.898534,2147.010945,383.555598
2018-08-14,23.176,-2.4607,1.5554,0.006172,-4.9213,-7.382,-4.9392,-7.4137,1455.169275,2645.498069,550.057216,2040.966183,355.120076
2018-08-15,22.5793,-2.5745,1.5581,0.006183,-5.149,-7.7235,-5.1669,-7.7553,1417.705809,2509.280892,507.573397,1935.511346,327.579596
2018-08-16,22.3633,-0.9566,1.5609,0.006194,-1.9133,-2.8699,-1.9312,-2.9016,1404.143677,2461.272061,493.006671,1898.133699,318.074451
2018-08-17,20.3667,-8.9283,1.5637,0.006205,-17.8566,-26.7849,-17.8745,-26.8167,1278.777485,2021.772441,360.955293,1558.851487,232.777437
2018-08-20,20.5627,0.9624,1.572,0.006238,1.9247,2.8871,1.9068,2.8552,1291.083953,2060.685978,371.376382,1588.575349,239.423803
2018-08-21,21.46,4.3639,1.5747,0.006249,8.7278,13.0917,8.7098,13.0598,1347.425376,2240.537923,419.9957,1726.937327,270.692055
2018-08-22,21.4427,-0.0808,1.5775,0.00626,-0.1615,-0.2423,-0.1795,-0.2742,1346.337133,2236.918801,418.978077,1723.837553,269.949875
2018-08-23,21.34,-0.4788,1.5803,0.006271,-0.9576,-1.4364,-0.9756,-1.4683,1339.890911,2215.498199,412.959913,1707.020288,265.986207
2018-08-24,21.5213,0.8497,1.583,0.006282,1.6995,2.5492,1.6815,2.5173,1351.276439,2253.149945,423.487113,1735.723537,272.681817
2018-08-27,21.2847,-1.0997,1.5913,0.006315,-2.1994,-3.2991,-2.2174,-3.3311,1336.416607,2203.594683,409.515996,1697.235634,263.598622
2018-08-28,20.7907,-2.3209,1.5941,0.006326,-4.6418,-6.9628,-4.6599,-6.9948,1305.399484,2101.307466,381.002414,1618.146717,245.160508
2018-08-29,20.334,-2.1965,1.5969,0.006337,-4.393,-6.5895,-4.411,-6.6215,1276.726387,2008.997038,355.896262,1546.769574,228.927112
2018-08-30,20.21,-0.6098,1.5996,0.006348,-1.2196,-1.8295,-1.2377,-1.8615,1268.940669,1984.494556,349.385295,1527.625336,224.665595
2018-08-31,20.1107,-0.4915,1.6024,0.006359,-0.983,-1.4745,-1.0011,-1.5066,1262.703784,1964.986844,344.233575,1512.332711,221.2808
2018-09-04,19.2633,-4.2134,1.6135,0.006403,-8.4267,-12.6401,-8.4448,-12.6722,1209.501582,1799.403073,300.72222,1384.618928,193.239571
2018-09-05,18.716,-2.8413,1.6162,0.006414,-5.6826,-8.524,-5.7008,-8.5562,1175.135781,1697.149502,275.088785,1305.685148,176.705703
2018-09-06,18.73,0.0748,1.619,0.006425,0.1496,0.2244,0.1315,0.1922,1176.014806,1699.688505,275.706101,1307.40177,177.045317
2018-09-07,17.5493,-6.3036,1.6218,0.006436,-12.6072,-18.9108,-12.6254,-18.9431,1101.883429,1485.405064,223.567795,1142.337586,143.507509
2018-09-10,19.0333,8.4562,1.6301,0.006469,16.9123,25.3685,16.8941,25.3362,1195.060425,1736.621441,280.283529,1335.325693,179.866815
2018-09-11,18.6293,-2.1226,1.6328,0.00648,-4.2452,-6.3678,-4.2634,-6.4001,1169.69421,1662.898788,262.435731,1278.395914,168.355178
2018-09-12,19.3693,3.9722,1.6356,0.006491,7.9445,11.9167,7.9263,11.8843,1216.157142,1795.007081,293.709375,1379.724909,188.363081
2018-09-13,19.2973,-0.3717,1.6384,0.006502,-0.7434,-1.1152,-0.7617,-1.1475,1211.636391,1781.662129,290.434009,1369.216147,186.201538
2018-09-14,19.68,1.983,1.6412,0.006513,3.966,5.949,3.9478,5.9166,1235.663231,1852.323114,307.711992,1423.270008,197.218398
2018-09-17,19.656,-0.122,1.6495,0.006545,-0.2439,-0.3659,-0.2622,-0.3983,1234.156314,1847.805221,306.586209,1419.538821,196.432853
2018-09-18,18.9973,-3.351,1.6522,0.006556,-6.7019,-10.0529,-6.7202,-10.0854,1192.80011,1723.966434,275.765376,1324.142942,176.621839
2018-09-19,19.9347,4.934,1.655,0.006567,9.8681,14.8021,9.8498,14.7696,1251.65322,1894.088463,316.584412,1454.568181,202.708159
2018-09-20,19.8887,-0.2308,1.6578,0.006578,-0.4615,-0.6923,-0.4798,-0.7248,1248.764893,1885.346829,314.392752,1447.589065,201.23892
2018-09-21,19.94,0.2581,1.6605,0.006589,0.5162,0.7743,0.4979,0.7418,1251.988064,1895.079318,316.827177,1454.796926,202.731675
2018-09-24,19.9787,0.1939,1.6688,0.006622,0.3878,0.5817,0.3695,0.5491,1254.415801,1902.428836,318.670262,1460.172291,203.84492
2018-09-25,20.066,0.4371,1.6716,0.006633,0.8743,1.3114,0.8559,1.2788,1259.899288,1919.061189,322.849316,1472.67034,206.451632
2018-09-26,20.6387,2.8539,1.6744,0.006644,5.7078,8.5617,5.6895,8.5291,1295.855717,2028.59786,350.490831,1556.457554,224.060068
2018-09-27,20.5013,-0.6654,1.6771,0.006655,-1.3308,-1.9962,-1.3492,-2.0289,1287.23289,2001.600644,343.494169,1535.457939,219.514062
2018-09-28,17.6513,-13.9015,1.6799,0.006666,-27.8031,-41.7046,-27.8214,-41.7373,1108.287736,1445.094144,200.241264,1108.271336,127.894802
2018-10-01,20.7133,17.3471,1.6882,0.006699,34.6943,52.0414,34.6759,52.0086,1300.543889,1946.458965,304.449622,1492.573969,194.411146
2018-10-02,20.068,-3.1155,1.691,0.00671,-6.2311,-9.3466,-6.2495,-9.3794,1260.024914,1825.17352,275.993866,1399.295588,176.176532
2018-10-03,19.6533,-2.0663,1.6937,0.006721,-4.1326,-6.1989,-4.151,-6.2317,1233.988892,1749.74603,258.885199,1341.210161,165.197673
2018-10-04,18.7887,-4.3996,1.6965,0.006732,-8.7992,-13.1988,-8.8176,-13.2316,1179.698447,1595.782749,224.715541,1222.947382,143.339381
2018-10-05,17.4633,-7.0539,1.6993,0.006743,-14.1078,-21.1617,-14.1263,-21.1946,1096.483653,1370.652788,177.161887,1050.19069,112.959226
2018-10-08,16.704,-4.3482,1.7076,0.006776,-8.6963,-13.0445,-8.7148,-13.0774,1048.806853,1251.456594,154.052071,958.668768,98.187119
2018-10-09,17.52,4.8851,1.7103,0.006787,9.7701,14.6552,9.7516,14.6222,1100.041668,1373.725335,176.628666,1052.154514,112.544268
2018-10-10,17.1253,-2.2527,1.7131,0.006798,-4.5053,-6.758,-4.5238,-6.791,1075.26143,1311.834515,164.692117,1004.556817,104.901441
2018-10-11,16.8153,-1.8102,1.7159,0.006809,-3.6204,-5.4306,-3.6389,-5.4636,1055.797137,1264.341075,155.748388,968.002011,99.17009
2018-10-12,17.252,2.5968,1.7186,0.00682,5.1937,7.7905,5.1752,7.7575,1083.214569,1330.007073,167.882028,1018.097732,106.863244
2018-10-15,17.306,0.313,1.7269,0.006853,0.626,0.939,0.6074,0.9059,1086.605043,1338.332946,169.458446,1024.282094,107.831353
2018-10-16,18.4393,6.5488,1.7297,0.006864,13.0976,19.6464,13.079,19.6133,1157.764501,1513.622116,202.750868,1158.248005,128.980608
2018-10-17,18.1187,-1.739,1.7325,0.006875,-3.4781,-5.2171,-3.4966,-5.2502,1137.63064,1460.977459,192.173179,1117.748249,122.208865
2018-10-18,17.594,-2.8957,1.7352,0.006886,-5.7915,-8.6872,-5.8101,-8.7203,1104.687926,1376.365526,175.478728,1052.806487,111.551852
2018-10-19,17.3333,-1.4816,1.738,0.006897,-2.9631,-4.4447,-2.9817,-4.4779,1088.321177,1335.58183,167.679196,1021.414456,106.556699
2018-10-22,17.3967,0.3654,1.7463,0.00693,0.7308,1.0962,0.7122,1.063,1092.297866,1345.342173,169.517279,1028.688533,107.68936
2018-10-23,19.6093,12.7189,1.7491,0.006941,25.4378,38.1567,25.4192,38.1235,1231.226191,1687.56775,234.199502,1290.172541,148.744279
2018-10-24,19.2333,-1.9175,1.7518,0.006952,-3.8349,-5.7524,-3.8536,-5.7856,1207.618026,1622.851164,220.727517,1240.454954,140.138495
2018-10-25,20.9907,9.1369,1.7546,0.006963,18.2738,27.4108,18.2552,27.3775,1317.957085,1919.408297,281.230588,1466.902056,178.504857
2018-10-26,22.06,5.0943,1.7574,0.006974,10.1886,15.283,10.17,15.2497,1385.098058,2114.969964,324.21096,1616.085457,205.726228
2018-10-29,22.3233,1.1937,1.7657,0.007007,2.3874,3.5812,2.3687,3.5478,1401.632229,2165.463535,335.821458,1654.366059,213.024935
2018-10-30,21.9933,-1.4783,1.7684,0.007018,-2.9565,-4.4348,-2.9753,-4.4682,1380.912271,2101.440589,320.928379,1605.144186,203.506511
2018-10-31,22.488,2.2492,1.7712,0.007029,4.4983,6.7475,4.4796,6.7141,1411.97131,2195.970452,342.583036,1677.048246,217.170105
2018-11-01,22.952,2.0633,1.774,0.00704,4.1266,6.19,4.1079,6.1565,1441.104757,2286.590125,363.78876,1745.939518,230.540199
2018-11-02,23.094,0.6187,1.7767,0.007051,1.2374,1.8561,1.2186,1.8226,1450.020632,2314.88363,370.540861,1767.215708,234.741987
2018-11-05,22.76,-1.4463,1.785,0.007083,-2.8925,-4.3388,-2.9113,-4.3723,1429.049542,2247.925087,354.463891,1715.766529,224.478324
2018-11-06,22.7373,-0.0996,1.7878,0.007094,-0.1992,-0.2988,-0.218,-0.3323,1427.626336,2243.447621,353.404848,1712.02645,223.732322
2018-11-07,23.2107,2.0817,1.7906,0.007105,4.1635,6.2452,4.1447,6.2117,1457.345879,2336.853351,375.475814,1782.984446,237.629812
2018-11-08,23.4267,0.9306,1.7933,0.007116,1.8612,2.7918,1.8424,2.7582,1470.908012,2380.347095,385.958403,1815.83392,244.184158
2018-11-09,23.3673,-0.2533,1.7961,0.007127,-0.5065,-0.7598,-0.5254,-0.7934,1467.182575,2368.289464,383.025799,1806.293837,242.246694
2018-11-12,22.0853,-5.4863,1.8044,0.00716,-10.9726,-16.4589,-10.9914,-16.4926,1386.688686,2108.427015,319.984083,1607.756018,202.294024
2018-11-13,22.582,2.2489,1.8072,0.007171,4.4977,6.7466,4.4788,6.7129,1417.873351,2203.258091,341.572049,1679.764823,215.873753
2018-11-14,22.9333,1.5558,1.8099,0.007182,3.1116,4.6674,3.0927,4.6337,1439.932684,2271.814854,357.514626,1731.715241,225.876658
2018-11-15,23.2293,1.2907,1.8127,0.007193,2.5814,3.8721,2.5625,3.8384,1458.517952,2330.459663,371.357992,1776.090588,234.546618
2018-11-16,23.6207,1.6846,1.8155,0.007204,3.3693,5.0539,3.3504,5.0202,1483.088853,2408.979771,390.126223,1835.596485,246.321261
2018-11-19,23.5647,-0.2371,1.8238,0.007237,-0.4742,-0.7112,-0.4931,-0.7451,1479.572754,2397.557377,387.351495,1826.545112,244.485976
2018-11-20,23.166,-1.6918,1.8265,0.007248,-3.3836,-5.0754,-3.4025,-5.1093,1454.541383,2316.433758,367.69189,1764.396018,231.994568
2018-11-21,22.546,-2.6763,1.8293,0.007259,-5.3527,-8.029,-5.3716,-8.0629,1415.612916,2192.442491,338.169839,1669.618933,213.289073
2018-11-23,21.722,-3.6547,1.8348,0.007281,-7.3095,-10.9642,-7.3285,-10.9982,1363.875835,2032.186007,301.092075,1547.261194,189.831177
2018-11-26,23.0667,6.1903,1.8432,0.007314,12.3807,18.571,12.3617,18.5371,1448.304498,2283.784785,357.008018,1738.528608,225.02028
2018-11-27,22.928,-0.6012,1.8459,0.007325,-1.2023,-1.8035,-1.2214,-1.8375,1439.59784,2256.326288,350.569428,1717.294991,220.885529
2018-11-28,23.1913,1.1485,1.8487,0.007336,2.2971,3.4456,2.278,3.4115,1456.132011,2308.155323,362.648582,1756.415172,228.421136
2018-11-29,22.7447,-1.926,1.8515,0.007347,-3.852,-5.778,-3.8711,-5.8121,1428.086806,2219.244856,341.69467,1688.423156,215.145116
2018-11-30,23.3653,2.7288,1.8542,0.007358,5.4577,8.1865,5.4386,8.1525,1467.057068,2340.36432,369.667615,1780.25014,232.684716
2018-12-03,23.8993,2.2854,1.8625,0.007391,4.5709,6.8563,4.5518,6.8221,1500.58564,2447.339126,395.013106,1861.282925,248.558805
2018-12-04,23.98,0.3375,1.8653,0.007402,0.6751,1.0126,0.656,0.9784,1505.650572,2463.86015,399.012973,1873.492054,250.990759
2018-12-06,24.204,0.9341,1.8708,0.007424,1.8682,2.8023,1.8491,2.7681,1519.715089,2509.890757,410.194701,1908.134816,257.93852
2018-12-07,23.8647,-1.402,1.8736,0.007435,-2.8039,-4.2059,-2.8231,-4.2401,1498.409155,2439.514977,392.942293,1854.266659,247.001561
2018-12-10,24.3433,2.0057,1.8819,0.007468,4.0115,6.0172,3.9923,5.9829,1528.463423,2537.37588,416.586555,1928.294843,261.779502
2018-12-11,24.4507,0.4409,1.8847,0.007479,0.8818,1.3228,0.8627,1.2884,1535.202693,2559.751374,422.096971,1944.929295,265.152352
2018-12-12,24.44,-0.0436,1.8874,0.00749,-0.0872,-0.1309,-0.1064,-0.1652,1534.533006,2557.51814,421.544588,1942.859106,264.714291
2018-12-13,25.1193,2.7796,1.8902,0.007501,5.5592,8.3388,5.54,8.3044,1577.18679,2699.69537,456.696269,2050.49312,286.697264
2018-12-14,24.3807,-2.9406,1.893,0.007512,-5.8813,-8.8219,-5.9005,-8.8563,1530.807569,2540.919291,416.407033,1929.504242,261.306559
2018-12-17,23.228,-4.7278,1.9013,0.007545,-9.4556,-14.1834,-9.4748,-14.2178,1458.434241,2300.660766,357.346515,1746.687075,224.154472
2018-12-18,22.4687,-3.269,1.904,0.007556,-6.5381,-9.8071,-6.5574,-9.8416,1410.757321,2150.241342,322.301025,1632.150539,202.094037
2018-12-19,22.198,-1.2046,1.9068,0.007567,-2.4093,-3.6139,-2.4285,-3.6484,1393.762801,2098.436087,310.653341,1592.512959,194.720813
2018-12-20,21.0253,-5.2828,1.9096,0.007578,-10.5655,-15.8483,-10.5848,-15.8828,1320.133689,1876.725499,261.420152,1423.948658,163.793708
2018-12-21,21.318,1.392,1.9123,0.007589,2.784,4.1759,2.7647,4.1414,1338.50962,1928.9726,272.336861,1463.315926,170.577033
2018-12-24,19.6927,-7.6242,1.9206,0.007622,-15.2485,-22.8727,-15.2678,-22.9073,1236.458545,1634.833917,210.046081,1239.899903,131.502434
2018-12-26,21.7393,10.393,1.9262,0.007644,20.7861,31.1791,20.7667,31.1444,1364.964077,1974.651542,275.53655,1497.386373,172.458136
2018-12-27,21.0753,-3.0544,1.9289,0.007654,-6.1087,-9.1631,-6.1281,-9.1978,1323.273029,1854.025229,250.288836,1405.625037,156.595811
2018-12-28,22.258,5.6116,1.9317,0.007665,11.2232,16.8348,11.2039,16.8002,1397.530033,2062.106789,292.424583,1563.109307,182.904146
2018-12-31,22.1867,-0.3205,1.94,0.007698,-0.641,-0.9614,-0.6604,-0.9962,1393.051198,2048.889417,289.613076,1552.787014,181.08204
2019-01-02,20.6747,-6.8149,1.9407,0.007701,-13.6298,-20.4447,-13.6492,-20.4795,1298.116152,1769.629888,230.402552,1340.843895,143.997403
2019-01-03,20.024,-3.1472,1.941,0.007702,-6.2943,-9.4415,-6.3138,-9.4763,1257.262213,1658.243322,208.649063,1256.186347,130.351801
2019-01-04,21.1793,5.7697,1.9413,0.007704,11.5395,17.3092,11.5201,17.2744,1329.802963,1849.595948,244.764583,1400.899871,152.869351
2019-01-07,22.3307,5.4361,1.9423,0.007708,10.8722,16.3084,10.8528,16.2736,1402.092699,2050.688602,284.681701,1552.937207,177.746684
2019-01-08,22.3567,0.1164,1.9426,0.007709,0.2329,0.3493,0.2134,0.3145,1403.725122,2055.463738,285.676045,1556.251797,178.305698
2019-01-09,22.5687,0.9483,1.943,0.00771,1.8965,2.8448,1.8771,2.81,1417.036122,2094.446123,293.802922,1585.464333,183.316092
2019-01-10,22.998,1.9023,1.9433,0.007711,3.8047,5.707,3.7853,5.6722,1443.992965,2174.133089,310.570312,1645.47831,193.714205
2019-01-11,23.1507,0.6638,1.9436,0.007713,1.3277,1.9915,1.3082,1.9567,1453.578647,2202.998257,316.755304,1667.005184,197.504619
2019-01-14,22.2933,-3.7033,1.9446,0.007717,-7.4066,-11.1098,-7.426,-11.1446,1399.748553,2039.831848,281.564292,1543.213647,175.493441
2019-01-15,22.962,2.9994,1.9449,0.007718,5.9988,8.9982,5.9794,8.9634,1441.732649,2162.197393,306.900033,1635.488272,191.223633
2019-01-16,23.07,0.4703,1.9453,0.007719,0.9407,1.411,0.9213,1.3762,1448.513715,2182.536813,311.230468,1650.555326,193.855292
2019-01-17,23.154,0.3641,1.9456,0.007721,0.7282,1.0923,0.7088,1.0575,1453.787864,2198.43038,314.630109,1662.25427,195.905344
2019-01-18,20.1507,-12.9711,1.9459,0.007722,-25.9422,-38.9133,-25.9617,-38.9482,1265.215352,1628.108466,192.196999,1230.705461,119.603822
2019-01-22,19.928,-1.105,1.9472,0.007727,-2.21,-3.315,-2.2295,-3.3499,1251.234546,1592.126813,185.825588,1203.267357,115.59726
2019-01-23,19.1727,-3.7903,1.9476,0.007728,-7.5806,-11.3709,-7.6001,-11.4058,1203.808878,1471.433731,164.69549,1111.81838,102.412524
2019-01-24,19.434,1.3631,1.9479,0.00773,2.7261,4.0892,2.7067,4.0543,1220.217422,1511.546552,171.430147,1141.911617,106.564668
2019-01-25,19.8027,1.897,1.9482,0.007731,3.794,5.6911,3.7746,5.6562,1243.365237,1568.895348,181.186359,1185.014329,112.592226
2019-01-28,19.7587,-0.2222,1.9492,0.007735,-0.4444,-0.6666,-0.4638,-0.7014,1240.602536,1561.92332,179.978596,1179.517852,111.80248
2019-01-29,19.8307,0.3644,1.9495,0.007736,0.7288,1.0932,0.7094,1.0584,1245.123287,1573.306604,181.94612,1187.884839,112.985754
2019-01-30,20.5847,3.8022,1.9499,0.007738,7.6044,11.4066,7.5849,11.3717,1292.465243,1692.946826,202.699933,1277.985152,125.834189
2019-01-31,20.468,-0.5668,1.9502,0.007739,-1.1335,-1.7003,-1.153,-1.7351,1285.139996,1673.756748,199.253433,1263.250287,123.650791
2019-02-01,20.814,1.6904,1.9505,0.00774,3.3809,5.0713,3.3614,5.0365,1306.864485,1730.344373,209.358197,1305.713543,129.878422
2019-02-04,20.8593,0.2178,1.9515,0.007744,0.4356,0.6534,0.4162,0.6186,1309.710897,1737.881915,210.726173,1311.147386,130.681799
2019-02-05,21.4233,2.7038,1.9518,0.007745,5.4076,8.1115,5.3882,8.0766,1345.123145,1831.860372,227.819153,1381.794521,141.236458
2019-02-06,21.148,-1.2852,1.9522,0.007747,-2.5704,-3.8556,-2.5898,-3.8904,1327.835695,1784.774433,219.035395,1346.008224,135.741735
2019-02-07,20.5007,-3.061,1.9525,0.007748,-6.1219,-9.1829,-6.1414,-9.2178,1287.191094,1675.51175,198.921597,1263.344655,123.229389
2019-02-08,20.3867,-0.5561,1.9528,0.007749,-1.1122,-1.6682,-1.1316,-1.7031,1280.033269,1656.877345,195.603101,1249.048424,121.130661
2019-02-11,20.856,2.3022,1.9538,0.007753,4.6043,6.9065,4.5849,6.8716,1309.50168,1733.165271,209.112389,1306.315544,129.454284
2019-02-12,20.7873,-0.3292,1.9541,0.007755,-0.6585,-0.9877,-0.678,-1.0226,1305.190146,1721.752381,207.046882,1297.459239,128.130454
2019-02-13,20.5447,-1.1674,1.9545,0.007756,-2.3348,-3.5021,-2.3542,-3.537,1289.953675,1681.553747,199.795838,1266.91428,123.598475
2019-02-14,20.2513,-1.4278,1.9548,0.007757,-2.8556,-4.2833,-2.875,-4.3182,1271.535949,1633.535903,191.237891,1230.490146,118.261215
2019-02-15,20.5253,1.353,1.9551,0.007758,2.706,4.059,2.6865,4.0241,1288.739807,1677.739324,199.000226,1263.547652,123.020179
2019-02-19,20.376,-0.7276,1.9564,0.007764,-1.4551,-2.1827,-1.4746,-2.2176,1279.363461,1653.32623,194.656693,1244.915525,120.29212
2019-02-20,20.1707,-1.0077,1.9568,0.007765,-2.0154,-3.0231,-2.0349,-3.058,1266.471137,1620.00463,188.771944,1219.582747,116.613543
2019-02-21,19.4153,-3.7447,1.9571,0.007766,-7.4894,-11.2342,-7.5089,-11.2691,1219.045349,1498.675383,167.565007,1128.005365,103.472299
2019-02-22,19.6473,1.1949,1.9574,0.007768,2.3899,3.5848,2.3704,3.5499,1233.612133,1534.491737,173.571879,1154.74353,107.145463
2019-02-25,19.918,1.3776,1.9584,0.007771,2.7552,4.1329,2.7358,4.098,1250.606654,1576.77075,180.745376,1186.33463,111.536241
2019-02-26,19.8573,-0.3046,1.9587,0.007773,-0.6092,-0.9138,-0.6286,-0.9487,1246.797506,1567.165567,179.093811,1178.876771,110.478138
2019-02-27,20.9827,5.6671,1.9591,0.007774,11.3342,17.0013,11.3147,16.9664,1317.454819,1744.791376,209.54211,1312.263469,129.2223
2019-02-28,21.3253,1.6331,1.9594,0.007775,3.2662,4.8993,3.2467,4.8643,1338.969971,1801.779215,219.808109,1354.868563,135.50811
2019-03-01,19.6527,-7.8436,1.9597,0.007777,-15.6871,-23.5307,-15.7066,-23.5656,1233.946977,1519.131729,168.085727,1142.064572,103.574788
2019-03-04,19.024,-3.1989,1.9607,0.007781,-6.3978,-9.5967,-6.4173,-9.6316,1194.474448,1421.941216,151.955126,1068.775385,93.598902
2019-03-05,18.436,-3.0908,1.961,0.007782,-6.1817,-9.2725,-6.2011,-9.3074,1157.555284,1334.041669,137.865106,1002.499057,84.887263
2019-03-06,18.416,-0.1085,1.9614,0.007783,-0.217,-0.3255,-0.2365,-0.3604,1156.2995,1331.147175,137.416414,1000.128534,84.581338
2019-03-07,18.4393,0.1267,1.9617,0.007785,0.2534,0.3801,0.2339,0.3452,1157.764501,1334.520233,137.938723,1002.467874,84.873278
2019-03-08,18.9427,2.7297,1.962,0.007786,5.4594,8.189,5.4399,8.1541,1189.367721,1407.37639,149.234563,1057.000721,91.793922
2019-03-11,19.3947,2.3861,1.963,0.00779,4.7723,7.1584,4.7528,7.1235,1217.74777,1474.540497,159.917426,1107.237805,98.332856
2019-03-12,18.8907,-2.5987,1.9633,0.007791,-5.1973,-7.796,-5.2168,-7.8309,1186.102754,1397.904172,147.450339,1049.475429,90.632508
2019-03-13,19.264,1.9763,1.9637,0.007792,3.9526,5.9288,3.9331,5.8939,1209.543498,1453.157248,156.192445,1090.751997,95.974296
2019-03-14,19.3307,0.3461,1.964,0.007794,0.6921,1.0382,0.6726,1.0033,1213.729404,1463.215226,157.814066,1098.088903,96.937174
2019-03-15,18.362,-5.011,1.9643,0.007795,-10.0221,-15.0331,-10.0416,-15.0681,1152.908907,1316.570549,134.089676,987.823356,82.330601
2019-03-18,17.966,-2.1566,1.9653,0.007799,-4.3133,-6.4699,-4.3328,-6.5048,1128.044958,1259.783508,125.414232,945.023341,76.975123
2019-03-19,17.8313,-0.7496,1.9656,0.0078,-1.4991,-2.2487,-1.5186,-2.2837,1119.589553,1240.897771,122.594057,930.671913,75.217278
2019-03-20,18.24,2.2918,1.966,0.007801,4.5837,6.8755,4.5642,6.8406,1145.248816,1297.776692,131.023056,973.149485,80.362567
2019-03-21,18.268,0.1535,1.9663,0.007803,0.307,0.4605,0.2875,0.4256,1147.006866,1301.761076,131.626449,975.947358,80.704553
2019-03-22,17.6353,-3.4633,1.9666,0.007804,-6.9265,-10.3898,-6.946,-10.4247,1107.283085,1211.594447,117.950767,908.157841,72.291313
2019-03-25,17.3613,-1.5537,1.9676,0.007808,-3.1074,-4.6611,-3.1269,-4.696,1090.079347,1173.945621,112.453002,879.760719,68.896477
2019-03-26,17.8513,2.8224,1.9679,0.007809,5.6447,8.4671,5.6252,8.4321,1120.845337,1240.211622,121.974496,929.2491,74.7059
2019-03-27,18.322,2.6366,1.9683,0.007811,5.2732,7.9098,5.2537,7.8748,1150.397459,1305.61027,131.622407,978.068759,80.588833
2019-03-28,18.5747,1.379,1.9686,0.007812,2.7581,4.1371,2.7385,4.1021,1166.261822,1341.619869,137.067757,1004.853644,83.894676
2019-03-29,18.6573,0.445,1.9689,0.007813,0.8901,1.3351,0.8706,1.3002,1171.45226,1353.561605,138.897813,1013.601686,84.985438
2019-04-01,19.2787,3.3302,1.9699,0.007817,6.6605,9.9907,6.641,9.9557,1210.464438,1443.715319,152.774707,1080.914543,93.446352
2019-04-02,19.0587,-1.1412,1.9702,0.007818,-2.2823,-3.4235,-2.3019,-3.4585,1196.651053,1410.764999,147.544477,1056.033481,90.214515
2019-04-03,19.454,2.0743,1.9706,0.00782,4.1486,6.2229,4.1291,6.1879,1221.473206,1469.292044,156.72603,1099.63792,95.7969
2019-04-04,17.852,-8.2348,1.9709,0.007821,-16.4696,-24.7044,-16.4892,-24.7395,1120.887133,1227.305044,118.007728,918.316866,72.097268
2019-04-05,18.3307,2.6813,1.9712,0.007822,5.3626,8.0439,5.3431,8.0089,1150.94164,1293.120856,127.500203,967.383454,77.87149
2019-04-08,18.2133,-0.6401,1.9722,0.007826,-1.2802,-1.9203,-1.2997,-1.9553,1143.574477,1276.566356,125.051821,954.81008,76.348858
2019-04-09,18.154,-0.3258,1.9725,0.007828,-0.6515,-0.9773,-0.6711,-1.0123,1139.84904,1268.248984,123.829673,948.402575,75.575953
2019-04-10,18.404,1.3771,1.9729,0.007829,2.7542,4.1313,2.7347,4.0963,1155.545982,1303.179276,128.945474,974.33834,78.671769
2019-04-11,17.8947,-2.7675,1.9732,0.00783,-5.535,-8.3025,-5.5546,-8.3376,1123.566122,1231.048023,118.239735,920.218151,72.112465
2019-04-12,17.8467,-0.2682,1.9735,0.007831,-0.5365,-0.8047,-0.556,-0.8397,1120.552289,1224.443741,117.288242,915.101607,71.506906
2019-04-15,17.7587,-0.4931,1.9745,0.007835,-0.9862,-1.4793,-1.0057,-1.5143,1115.027007,1212.368629,115.553248,905.898311,70.424082
2019-04-16,18.224,2.6203,1.9748,0.007837,5.2406,7.861,5.2211,7.8259,1144.244284,1275.904509,124.636843,953.196144,75.935416
2019-04-17,18.082,-0.7792,1.9752,0.007838,-1.5584,-2.3376,-1.5779,-2.3726,1135.328409,1256.020984,121.723357,938.155367,74.133756
2019-04-18,18.2173,0.7484,1.9755,0.007839,1.4969,2.2453,1.4773,2.2103,1143.82561,1274.821997,124.456419,952.014973,75.772307
2019-04-22,17.5167,-3.8462,1.9768,0.007845,-7.6923,-11.5385,-7.7119,-11.5735,1099.832331,1176.758797,110.096068,878.596948,67.00279
2019-04-23,17.5933,0.4377,1.9772,0.007846,0.8753,1.313,0.8558,1.278,1104.64601,1187.059529,111.541653,886.115942,67.859062
2019-04-24,17.244,-1.9856,1.9775,0.007847,-3.9712,-5.9568,-3.9907,-5.9919,1082.712184,1139.919075,104.897348,850.753279,63.793047
2019-04-25,16.5087,-4.2643,1.9778,0.007848,-8.5286,-12.7928,-8.5481,-12.8279,1036.542301,1042.700384,91.477996,778.029906,55.609737
2019-04-26,15.676,-5.0438,1.9781,0.00785,-10.0876,-15.1315,-10.1072,-15.1665,984.260979,937.516535,77.636042,699.392906,47.175673
2019-04-29,16.098,2.692,1.9791,0.007854,5.384,8.076,5.3645,8.041,1010.757411,987.992667,83.905958,736.911599,50.969053
2019-04-30,15.9127,-1.1513,1.9795,0.007855,-2.3026,-3.4538,-2.3221,-3.4889,999.12081,965.243635,81.007993,719.799687,49.190793
2019-05-01,15.6007,-1.9607,1.9798,0.007856,-3.9214,-5.8821,-3.941,-5.9172,979.531011,927.392497,76.243012,691.432595,46.280081
2019-05-02,16.2733,4.3118,1.9801,0.007858,8.6235,12.9353,8.604,12.9002,1021.76618,1007.366646,86.105293,750.923354,52.250324
2019-05-03,17.002,4.4777,1.9804,0.007859,8.9554,13.433,8.9358,13.398,1067.517628,1097.580011,97.671858,818.024366,59.250805
2019-05-06,17.0227,0.1216,1.9814,0.007863,0.2431,0.3647,0.2235,0.3296,1068.815208,1100.248253,98.028022,819.852921,59.446073
2019-05-07,16.4707,-3.2427,1.9818,0.007864,-6.4855,-9.7282,-6.505,-9.7633,1034.156359,1028.891974,88.491654,766.52115,53.642175
2019-05-08,16.3227,-0.8986,1.9821,0.007865,-1.7971,-2.6957,-1.8167,-2.7308,1024.863725,1010.401314,86.106172,752.595647,52.177309
2019-05-09,16.132,-1.1681,1.9824,0.007867,-2.3362,-3.5043,-2.3558,-3.5394,1012.89222,986.796178,83.088735,734.866097,50.330535
2019-05-10,15.968,-1.0166,1.9827,0.007868,-2.0332,-3.0498,-2.0528,-3.0849,1002.595054,966.732437,80.554669,719.780804,48.777873
2019-05-13,15.134,-5.2229,1.9837,0.007872,-10.4459,-15.6688,-10.4655,-15.704,950.230022,865.748544,67.93268,644.452309,41.117816
2019-05-14,15.4873,2.3347,1.9841,0.007873,4.6694,7.0041,4.6498,6.969,972.415041,906.173804,72.690753,674.418182,43.983312
2019-05-15,15.4633,-0.155,1.9844,0.007875,-0.3099,-0.4649,-0.3295,-0.5,970.908124,903.365274,72.352814,672.195881,43.76339
2019-05-16,15.222,-1.5607,1.9847,0.007876,-3.1214,-4.682,-3.1409,-4.7172,955.755364,875.168008,68.965228,651.08261,41.699003
2019-05-17,14.0687,-7.5767,1.985,0.007877,-15.1535,-22.7302,-15.1731,-22.7654,883.340181,742.549445,53.289262,552.293317,32.206073
2019-05-20,13.6907,-2.6868,1.986,0.007881,-5.3736,-8.0605,-5.3932,-8.0956,859.606389,702.647459,48.993897,522.506844,29.598799
2019-05-21,13.672,-0.1363,1.9864,0.007882,-0.2727,-0.409,-0.2923,-0.4442,858.434316,700.73134,48.793487,520.979616,29.467327
2019-05-22,12.8487,-6.022,1.9867,0.007884,-12.0441,-18.0661,-12.0637,-18.1012,806.739091,616.33475,39.978403,458.130394,24.133375
2019-05-23,13.0327,1.4321,1.987,0.007885,2.8641,4.2962,2.8445,4.261,818.292041,633.987258,41.695941,471.162001,25.161705
2019-05-24,12.7087,-2.4861,1.9873,0.007886,-4.9721,-7.4582,-4.9917,-7.4933,797.948782,602.464609,38.586179,447.642916,23.276256
2019-05-28,12.58,-1.0124,1.9887,0.007891,-2.0249,-3.0373,-2.0445,-3.0725,789.870077,590.265495,37.4142,438.491009,22.561105
2019-05-29,12.6573,0.6147,1.989,0.007893,1.2295,1.8442,1.2099,1.809,794.725671,597.522612,38.104193,443.796169,22.969246
2019-05-30,12.548,-0.8638,1.9893,0.007894,-1.7276,-2.5914,-1.7472,-2.6265,787.860894,587.199906,37.11677,436.042231,22.365952
2019-05-31,12.344,-1.6258,1.9896,0.007895,-3.2515,-4.8773,-3.2711,-4.9124,775.05216,568.106974,35.30648,421.778751,21.267239
2019-06-03,11.9313,-3.3431,1.9906,0.007899,-6.6861,-10.0292,-6.7057,-10.0643,749.141705,530.122665,31.76553,393.495429,19.126831
2019-06-04,12.9067,8.1746,1.991,0.007901,16.3491,24.5237,16.3295,24.4885,810.380757,616.793075,39.555609,457.751331,23.810709
2019-06-05,13.106,1.5444,1.9913,0.007902,3.0888,4.6333,3.0692,4.5981,822.896442,635.844831,41.388323,471.800783,24.905547
2019-06-06,13.73,4.7612,1.9916,0.007903,9.5224,14.2835,9.5027,14.2484,862.075982,696.392202,47.300035,516.634787,28.454177
2019-06-07,13.6333,-0.7041,1.9919,0.007905,-1.4081,-2.1122,-1.4277,-2.1473,856.006519,686.586275,46.300984,509.258715,27.843172
2019-06-10,14.192,4.0978,1.9929,0.007908,8.1956,12.2934,8.176,12.2582,891.083983,742.856186,51.992954,550.895667,31.256252
2019-06-11,14.4733,1.9823,1.9933,0.00791,3.9647,5.947,3.9451,5.9118,908.748251,772.30798,55.084978,572.628796,33.104065
2019-06-12,13.9507,-3.6112,1.9936,0.007911,-7.2225,-10.8337,-7.2421,-10.8689,875.931223,716.528279,49.117235,531.158526,29.506021
2019-06-13,14.2607,2.2221,1.9939,0.007912,4.4442,6.6663,4.4246,6.6311,895.395396,748.372402,52.391555,554.660195,31.462608
2019-06-14,14.328,0.4722,1.9942,0.007914,0.9443,1.4165,0.9247,1.3813,899.623099,755.439438,53.133671,559.789142,31.897198
2019-06-17,15.002,4.7041,1.9952,0.007918,9.4081,14.1122,9.3885,14.077,941.942039,826.512305,60.632014,612.345085,36.387373
2019-06-18,14.9827,-0.1289,1.9956,0.007919,-0.2577,-0.3866,-0.2774,-0.4218,940.72817,824.382073,60.397607,610.646668,36.233888
2019-06-19,15.0953,0.752,1.9959,0.00792,1.504,2.2559,1.4843,2.2207,947.802224,836.780391,61.760134,619.710658,37.038543
2019-06-20,14.6413,-3.0076,1.9962,0.007922,-6.0151,-9.0227,-6.0347,-9.0579,919.29655,786.447127,56.187724,582.312742,33.683638
2019-06-21,14.7907,1.0199,1.9965,0.007923,2.0399,3.0598,2.0203,3.0246,928.672895,802.489828,57.90698,594.077011,34.702445
2019-06-24,14.9093,0.8023,1.9975,0.007927,1.6046,2.4069,1.585,2.3717,936.123708,815.366703,59.300756,603.493026,35.525484
2019-06-25,14.6507,-1.7349,1.9979,0.007928,-3.4699,-5.2048,-3.4895,-5.24,919.882646,787.07467,56.214282,582.434208,33.663948
2019-06-26,14.618,-0.223,1.9982,0.007929,-0.4459,-0.6689,-0.4656,-0.7041,917.831548,783.564728,55.838252,579.722491,33.426905
2019-06-27,14.856,1.6281,1.9985,0.007931,3.2563,4.8844,3.2366,4.8492,932.775031,809.079619,58.565609,598.485912,35.04783
2019-06-28,14.8973,0.2782,1.9988,0.007932,0.5565,0.8347,0.5368,0.7994,935.37025,813.581752,59.054443,601.698662,35.328019
2019-07-01,15.1447,1.6603,1.9998,0.007936,3.3205,4.9808,3.3009,4.9455,950.899769,840.596795,61.995803,621.559924,37.075174
2019-07-02,14.97,-1.1533,2.0002,0.007937,-2.3066,-3.46,-2.3263,-3.4952,939.932856,821.20726,59.850774,607.100683,35.779324
2019-07-03,15.66,4.6092,2.0005,0.007938,9.2184,13.8276,9.1988,13.7924,983.256387,896.909686,68.126728,662.946578,40.714153
2019-07-05,15.54,-0.7663,2.0012,0.007941,-1.5326,-2.2988,-1.5522,-2.3341,975.721863,883.163956,66.560598,652.656235,39.763845
2019-07-08,15.356,-1.184,2.0021,0.007945,-2.3681,-3.5521,-2.3877,-3.5874,964.168913,862.249905,64.196283,637.07254,38.337366
2019-07-09,15.3373,-0.1216,2.0025,0.007946,-0.2431,-0.3647,-0.2628,-0.3999,962.99684,860.15355,63.962166,635.398449,38.184037
2019-07-10,15.928,3.8512,2.0028,0.007948,7.7024,11.5535,7.6827,11.5183,1000.083546,926.40561,71.352053,684.214198,42.582177
2019-07-11,15.9067,-0.1339,2.0031,0.007949,-0.2679,-0.4018,-0.2875,-0.4371,998.744051,923.923986,71.06535,682.246864,42.396059
2019-07-12,16.3387,2.7158,2.0035,0.00795,5.4317,8.1475,5.412,8.1123,1025.868376,974.108643,76.855421,719.17027,45.83534
2019-07-15,16.9,3.4356,2.0044,0.007954,6.8712,10.3068,6.8516,10.2716,1061.113201,1041.04177,84.776776,768.444634,50.543341
2019-07-16,16.8253,-0.4418,2.0048,0.007955,-0.8836,-1.3254,-0.9033,-1.3607,1056.425029,1031.842783,83.653103,761.503315,49.855585
2019-07-17,16.9907,0.9827,2.0051,0.007957,1.9653,2.948,1.9456,2.9127,1066.806025,1052.121659,86.119163,776.319456,51.30772
2019-07-18,16.9027,-0.5179,2.0054,0.007958,-1.0359,-1.5538,-1.0555,-1.5891,1061.280623,1041.222968,84.781029,768.125079,50.49239
2019-07-19,17.212,1.8301,2.0058,0.007959,3.6602,5.4903,3.6405,5.455,1080.703001,1079.333578,89.435734,796.088765,53.246741
2019-07-22,17.0453,-0.9683,2.0067,0.007963,-1.9366,-2.9049,-1.9563,-2.9402,1070.238414,1058.430923,86.83768,780.514915,51.681164
2019-07-23,17.3447,1.7561,2.0071,0.007965,3.5122,5.2683,3.4925,5.233,1089.0329,1095.605192,91.412557,807.774668,54.385647
2019-07-24,17.6587,1.8103,2.0074,0.007966,3.6207,5.431,3.601,5.3958,1108.748206,1135.273768,96.377218,836.862857,57.320162
2019-07-25,15.2547,-13.6137,2.0077,0.007967,-27.2274,-40.8411,-27.2471,-40.8764,957.806462,826.168054,57.015679,608.842084,33.88973
2019-07-26,15.2027,-0.3409,2.0081,0.007968,-0.6818,-1.0226,-0.7014,-1.0579,954.541495,820.535577,56.432614,604.571458,33.531196
2019-07-29,15.718,3.3898,2.009,0.007972,6.7795,10.1693,6.7598,10.134,986.898113,876.163869,62.171396,645.439469,36.929233
2019-07-30,16.1507,2.7527,2.0094,0.007974,5.5054,8.2581,5.4857,8.2227,1014.064293,924.399903,67.305542,680.846256,39.965827
2019-07-31,16.1073,-0.2683,2.0097,0.007975,-0.5366,-0.805,-0.5563,-0.8403,1011.343388,919.439261,66.763765,677.058606,39.630008
2019-08-01,15.59,-3.2118,2.01,0.007976,-6.4236,-9.6353,-6.4432,-9.6707,978.861263,860.378529,60.330849,633.434077,35.797525
2019-08-02,15.6227,0.2095,2.0104,0.007978,0.4191,0.6286,0.3994,0.5933,980.912361,863.984189,60.7101,635.963977,36.009911
2019-08-05,15.2213,-2.5689,2.0113,0.007982,-5.1379,-7.7068,-5.1575,-7.7421,955.713448,819.59396,56.031307,603.163882,33.221985
2019-08-06,15.3833,1.0643,2.0117,0.007983,2.1286,3.1929,2.1089,3.1576,965.885107,837.039839,57.820331,615.884071,34.270993
2019-08-07,15.5613,1.1571,2.012,0.007984,2.3142,3.4713,2.2945,3.4359,977.061298,856.4105,59.827436,630.015505,35.448526
2019-08-08,15.8867,2.0907,2.0123,0.007985,4.1813,6.272,4.1616,6.2366,997.488327,892.219762,63.579801,656.234408,37.659324
2019-08-09,15.6673,-1.3806,2.0127,0.007987,-2.7612,-4.1419,-2.7809,-4.1772,983.716798,867.583423,60.946413,637.98496,36.086219
2019-08-12,15.2673,-2.5531,2.0136,0.007991,-5.1062,-7.6592,-5.1259,-7.6946,958.601716,823.283216,56.27838,605.282757,33.309533
2019-08-13,15.6667,2.6156,2.014,0.007992,5.2312,7.8468,5.2115,7.8115,983.675002,866.350979,60.69445,636.827204,35.911501
2019-08-14,14.6413,-6.5447,2.0143,0.007993,-13.0894,-19.6341,-13.1091,-19.6694,919.29655,752.951055,48.777664,553.345054,28.847919
2019-08-15,14.376,-1.8122,2.0146,0.007995,-3.6244,-5.4366,-3.6441,-5.472,902.636932,725.660892,46.125798,533.180451,27.269363
2019-08-16,14.6627,1.9941,2.015,0.007996,3.9881,5.9822,3.9684,5.9468,920.636104,754.601199,48.885134,554.339338,28.891028
2019-08-19,15.122,3.1327,2.0159,0.008,6.2653,9.398,6.2456,9.3626,949.476563,801.879477,53.479358,588.961304,31.595989
2019-08-20,15.0573,-0.4276,2.0163,0.008001,-0.8553,-1.2829,-0.875,-1.3183,945.416283,795.021266,52.793271,583.808043,31.17947
2019-08-21,14.722,-2.227,2.0166,0.008002,-4.4541,-6.6811,-4.4738,-6.7165,924.361481,759.610378,49.266089,557.689701,29.085303
2019-08-22,14.81,0.5977,2.0169,0.008004,1.1955,1.7932,1.1758,1.7579,929.886823,768.691473,50.149548,564.246926,29.596585
2019-08-23,14.0933,-4.8391,2.0173,0.008005,-9.6782,-14.5172,-9.6979,-14.5526,884.888893,694.296344,42.869224,509.52703,25.289511
2019-08-26,14.3333,1.7029,2.0182,0.008009,3.4059,5.1088,3.3861,5.0734,899.957942,717.943122,45.059324,526.780365,26.572552
2019-08-27,14.272,-0.4279,2.0186,0.00801,-0.8558,-1.2837,-0.8755,-1.3191,896.106999,711.798928,44.480894,522.168288,26.222035
2019-08-28,14.3727,0.7053,2.0189,0.008012,1.4107,2.116,1.391,2.0807,902.427655,721.84022,45.422127,529.431515,26.767624
2019-08-29,14.7807,2.8387,2.0192,0.008013,5.6774,8.5162,5.6577,8.4808,928.045063,762.822286,49.29035,559.385288,29.037726
2019-08-30,15.0407,1.759,2.0196,0.008014,3.5181,5.2771,3.4984,5.2418,944.369836,789.659132,51.891475,578.954704,30.559812
2019-09-03,15.0007,-0.2659,2.0209,0.008019,-0.5319,-0.7978,-0.5516,-0.8332,941.858328,785.459007,51.477466,575.761095,30.305176
2019-09-04,14.712,-1.9244,2.0212,0.008021,-3.8487,-5.7731,-3.8684,-5.8085,923.733589,755.2289,48.505632,553.48809,28.544904
2019-09-05,15.3053,4.033,2.0215,0.008022,8.066,12.099,8.0462,12.0636,960.987657,816.145488,54.374312,598.023116,31.988435
2019-09-06,15.1633,-0.9278,2.0219,0.008023,-1.8556,-2.7833,-1.8753,-2.8188,952.071782,801.001378,52.860886,586.808421,31.086758
2019-09-09,15.4527,1.9081,2.0228,0.008027,3.8162,5.7244,3.7965,5.6889,970.238436,831.569482,55.88683,609.086619,32.855263
2019-09-10,15.7027,1.6178,2.0232,0.008028,3.2357,4.8535,3.216,4.8181,985.935377,858.476471,58.599315,628.674555,34.438266
2019-09-11,16.4733,4.9079,2.0235,0.00803,9.8157,14.7236,9.796,14.6882,1034.323781,942.742249,67.227245,690.259509,39.49662
2019-09-12,16.3913,-0.4978,2.0238,0.008031,-0.9956,-1.4933,-1.0153,-1.5288,1029.175138,933.35671,66.223316,683.251341,38.89281
2019-09-13,16.3467,-0.2725,2.0242,0.008032,-0.545,-0.8175,-0.5647,-0.8529,1026.370641,928.269926,65.681942,679.392763,38.561082
2019-09-16,16.1873,-0.9747,2.0252,0.008036,-1.9494,-2.9242,-1.9692,-2.9596,1016.366404,910.173866,63.761297,666.014282,37.41983
2019-09-17,16.3193,0.8155,2.0255,0.008038,1.6309,2.4464,1.6112,2.4109,1024.654387,925.017933,65.321126,676.744842,38.32199
2019-09-18,16.2327,-0.5311,2.0258,0.008039,-1.0621,-1.5932,-1.0819,-1.6286,1019.212936,915.193274,64.280458,669.423478,37.697878
2019-09-19,16.44,1.2773,2.0261,0.00804,2.5545,3.8318,2.5348,3.7963,1032.230887,938.571983,66.743535,686.391783,39.129011
2019-09-20,16.0413,-2.425,2.0265,0.008042,-4.85,-7.275,-4.8697,-7.3104,1007.199396,893.051438,61.887963,652.966378,36.268517
2019-09-23,16.082,0.2535,2.0275,0.008045,0.507,0.7606,0.4873,0.7251,1009.75288,897.579622,62.358664,656.148247,36.531505
2019-09-24,14.8807,-7.4701,2.0278,0.008047,-14.9401,-22.4102,-14.9599,-22.4456,934.323803,763.480273,48.383988,557.989392,28.331783
2019-09-25,15.2467,2.4596,2.0281,0.008048,4.9191,7.3787,4.8994,7.3432,957.304136,801.036912,51.9541,585.327426,30.412255
2019-09-26,16.1707,6.0603,2.0284,0.008049,12.1207,18.181,12.1009,18.1456,1015.320077,898.128126,61.399895,656.157523,35.930733
2019-09-27,16.142,-0.1773,2.0288,0.008051,-0.3546,-0.5318,-0.3743,-0.5673,1013.520112,894.943713,61.073344,653.701406,35.726895
2019-09-30,16.058,-0.5204,2.0298,0.008055,-1.0408,-1.5611,-1.0605,-1.5966,1008.245963,885.629508,60.119905,646.768775,35.156475
2019-10-01,16.3127,1.5859,2.0301,0.008056,3.1718,4.7578,3.1521,4.7223,1024.235952,913.720286,62.980269,667.155449,36.816665
2019-10-02,16.2087,-0.6375,2.0304,0.008057,-1.2751,-1.9126,-1.2948,-1.9481,1017.706019,902.069586,61.775692,658.516804,36.099437
2019-10-03,15.5353,-4.1542,2.0307,0.008058,-8.3083,-12.4625,-8.3281,-12.498,975.428815,827.122638,54.076896,603.674878,31.587736
2019-10-04,15.4287,-0.6866,2.0311,0.00806,-1.3732,-2.0598,-1.393,-2.0953,968.731519,815.764588,52.96302,595.26589,30.925883
2019-10-07,15.848,2.7179,2.0321,0.008064,5.4358,8.1536,5.416,8.1181,995.06047,860.107577,57.281433,627.505419,33.436491
2019-10-08,16.0033,0.9801,2.0324,0.008065,1.9603,2.9404,1.9405,2.9049,1004.813455,876.968092,58.965747,639.682215,34.407796
2019-10-09,16.302,1.8663,2.0327,0.008066,3.7326,5.5989,3.7128,5.5634,1023.566145,909.701553,62.267155,663.432328,36.322025
2019-10-10,16.316,0.0859,2.033,0.008068,0.1718,0.2576,0.152,0.2221,1024.44517,911.264032,62.427578,664.440635,36.402709
2019-10-11,16.526,1.2871,2.0334,0.008069,2.5741,3.8612,2.5544,3.8257,1037.630543,934.721327,64.838046,681.412933,37.795375
2019-10-14,17.1307,3.6589,2.0344,0.008073,7.3178,10.9767,7.298,10.9412,1075.596274,1003.122125,71.955099,731.142416,41.930624
2019-10-15,17.1927,0.3619,2.0347,0.008074,0.7239,1.0858,0.7041,1.0503,1079.489133,1010.383237,72.736371,736.290176,42.371007
2019-10-16,17.3167,0.7212,2.035,0.008075,1.4425,2.1637,1.4227,2.1282,1087.27485,1024.957832,74.310184,746.765377,43.272749
2019-10-17,17.4647,0.8547,2.0353,0.008077,1.7093,2.564,1.6895,2.5285,1096.567364,1042.477663,76.215485,759.382269,44.366885
2019-10-18,17.13,-1.9163,2.0357,0.008078,-3.8325,-5.7488,-3.8523,-5.7843,1075.554359,1002.524642,71.83404,730.128657,41.80058
2019-10-21,16.9,-1.3427,2.0367,0.008082,-2.6853,-4.028,-2.7051,-4.0635,1061.113201,975.603425,68.940555,710.377724,40.101996
2019-10-22,17.0387,0.8205,2.037,0.008083,1.641,2.4616,1.6213,2.426,1069.819859,991.613489,70.637571,721.894741,41.074883
2019-10-23,16.9787,-0.3521,2.0373,0.008085,-0.7043,-1.0564,-0.7241,-1.092,1066.052507,984.62959,69.891324,716.667592,40.626354
2019-10-24,19.9787,17.6692,2.0376,0.008086,35.3385,53.0077,35.3187,52.9722,1254.415801,1332.58257,106.939105,969.785072,62.147011
2019-10-25,21.8753,9.4935,2.038,0.008087,18.9869,28.4804,18.9671,28.4449,1373.503313,1585.599061,137.395781,1153.725509,79.824637
2019-10-28,21.8473,-0.128,2.039,0.008091,-0.256,-0.384,-0.2758,-0.4195,1371.745263,1581.540007,136.868192,1150.543621,79.489741
2019-10-29,21.0813,-3.5062,2.0393,0.008092,-7.0123,-10.5185,-7.0321,-10.554,1323.649789,1470.637612,122.471771,1069.63621,71.100389
2019-10-30,21.0007,-0.3826,2.0396,0.008094,-0.7653,-1.1479,-0.7851,-1.1835,1318.584977,1459.38312,121.065894,1061.238712,70.258935
2019-10-31,20.9947,-0.0286,2.0399,0.008095,-0.0571,-0.0857,-0.0769,-0.1213,1318.208217,1458.549141,120.962117,1060.422117,70.173729
2019-11-01,20.8873,-0.5112,2.0403,0.008096,-1.0225,-1.5337,-1.0423,-1.5693,1311.468947,1443.635629,119.10688,1049.36942,69.072499
2019-11-04,21.1647,1.3278,2.0413,0.0081,2.6555,3.9833,2.6357,3.9477,1328.882142,1481.971739,123.85125,1077.027847,71.799289
2019-11-05,21.148,-0.0787,2.0416,0.008102,-0.1575,-0.2362,-0.1773,-0.2718,1327.835695,1479.637741,123.558665,1075.118269,71.604134
2019-11-06,21.772,2.9506,2.0419,0.008103,5.9013,8.8519,5.8814,8.8163,1367.015175,1566.954925,134.495931,1138.350759,77.916976
2019-11-07,22.3693,2.7436,2.0422,0.008104,5.4872,8.2308,5.4674,8.1952,1404.520436,1652.936492,145.565973,1200.58855,84.302421
2019-11-08,22.476,0.4768,2.0426,0.008105,0.9537,1.4305,0.9339,1.395,1411.217792,1668.700311,147.648335,1211.800533,85.478399
2019-11-11,23.006,2.3581,2.0436,0.008109,4.7161,7.0742,4.6963,7.0386,1444.49535,1747.398684,158.093306,1268.71071,91.494914
2019-11-12,23.3287,1.4025,2.0439,0.008111,2.8051,4.2076,2.7852,4.172,1464.754837,1796.414282,164.745226,1304.047398,95.312087
2019-11-13,23.074,-1.0916,2.0442,0.008112,-2.1833,-3.2749,-2.2031,-3.3105,1448.764848,1757.193186,159.349905,1275.317703,92.156744
2019-11-14,23.29,0.9361,2.0445,0.008113,1.8723,2.8084,1.8524,2.7728,1462.3271,1790.09224,163.825048,1298.942079,94.712051
2019-11-15,23.478,0.8072,2.0449,0.008115,1.6144,2.4216,1.5946,2.386,1474.131183,1818.991925,167.792296,1319.655054,96.971921
2019-11-18,23.3327,-0.619,2.0459,0.008119,-1.238,-1.8571,-1.2579,-1.8927,1465.00597,1796.471966,164.676277,1303.055495,95.136561
2019-11-19,23.968,2.7229,2.0462,0.00812,5.4459,8.1688,5.426,8.1332,1504.897173,1894.305597,178.128375,1373.759933,102.874217
2019-11-20,23.4813,-2.0305,2.0465,0.008121,-4.061,-6.0915,-4.0808,-6.1271,1474.3404,1817.378261,167.277743,1317.69946,96.571037
2019-11-21,23.6553,0.741,2.0468,0.008122,1.482,2.223,1.4622,2.1874,1485.265458,1844.312288,170.996394,1336.966832,98.68346
2019-11-22,22.2027,-6.141,2.0472,0.008124,-12.2819,-18.4229,-12.3018,-18.4585,1394.055849,1617.7952,139.493916,1172.496421,80.467971
2019-11-25,22.4227,0.9909,2.0482,0.008128,1.9817,2.9726,1.9619,2.937,1407.869114,1649.855658,143.640521,1195.499672,82.831304
2019-11-26,21.928,-2.2061,2.0485,0.008129,-4.4122,-6.6183,-4.432,-6.6539,1376.810075,1577.060637,134.133949,1142.51464,77.319766
2019-11-27,22.086,0.7205,2.0488,0.00813,1.4411,2.1616,1.4213,2.126,1386.730602,1599.787478,137.033432,1158.752652,78.96359
2019-11-29,21.996,-0.4075,2.0495,0.008133,-0.815,-1.2225,-0.8348,-1.2581,1381.079693,1586.749253,135.358204,1149.078962,77.970128
2019-12-02,22.3247,1.4942,2.0505,0.008137,2.9884,4.4826,2.9686,4.447,1401.71594,1634.168021,141.425816,1183.19028,81.437456
2019-12-03,22.4133,0.3972,2.0508,0.008138,0.7943,1.1915,0.7745,1.1559,1407.283137,1647.148877,143.110919,1192.354041,82.378766
2019-12-04,22.202,-0.9429,2.0511,0.008139,-1.8858,-2.8287,-1.9056,-2.8643,1394.013933,1616.087105,139.062762,1169.632113,80.019167
2019-12-05,22.0247,-0.7987,2.0515,0.008141,-1.5974,-2.3962,-1.6173,-2.4318,1382.879658,1590.271066,135.730594,1150.715793,78.073255
2019-12-06,22.3927,1.6709,2.0518,0.008142,3.3417,5.0126,3.3219,4.9769,1405.985558,1643.41328,142.534173,1188.940956,81.958892
2019-12-09,22.6353,1.0837,2.0528,0.008146,2.1674,3.251,2.1475,3.2154,1421.221909,1679.031885,147.168006,1214.473499,84.594179
2019-12-10,23.256,2.742,2.0531,0.008147,5.4841,8.2261,5.4642,8.1904,1460.192291,1771.111122,159.274195,1280.834926,91.522816
2019-12-11,23.5133,1.1065,2.0534,0.008149,2.213,3.3196,2.1932,3.2839,1476.349583,1810.306451,164.561388,1308.925957,94.528326
2019-12-12,23.9787,1.979,2.0538,0.00815,3.958,5.9371,3.9382,5.9014,1505.566861,1881.959164,174.331505,1360.473911,100.106821
2019-12-13,23.8927,-0.3586,2.0541,0.008151,-0.7173,-1.0759,-0.7371,-1.1116,1500.167205,1868.460021,172.455806,1350.445184,98.994028
2019-12-16,25.4333,6.4483,2.0551,0.008155,12.8965,19.3448,12.8767,19.3091,1596.902096,2109.426862,205.817074,1524.337777,118.10893
2019-12-17,25.266,-0.6579,2.0554,0.008156,-1.3158,-1.9738,-1.3357,-2.0094,1586.395713,2081.670061,201.754722,1503.977071,115.735595
2019-12-18,26.21,3.7362,2.0557,0.008158,7.4725,11.2087,7.4526,11.173,1645.667258,2237.222426,224.368841,1616.062696,128.666778
2019-12-19,26.936,2.7699,2.0561,0.008159,5.5399,8.3098,5.52,8.2741,1691.251285,2361.161947,243.013501,1705.269655,139.31285
2019-12-20,27.0393,0.3836,2.0564,0.00816,0.7672,1.1509,0.7474,1.1152,1697.739303,2379.277837,245.810263,1718.014467,140.866441
2019-12-23,27.948,3.3605,2.0574,0.008164,6.7211,10.0816,6.7012,10.0459,1754.792448,2539.190828,270.591892,1833.142088,155.017765
2019-12-24,28.35,1.4384,2.0577,0.008165,2.8768,4.3152,2.8569,4.2795,1780.033157,2612.237614,282.268369,1885.513168,161.651696
2019-12-26,28.7293,1.338,2.0584,0.008168,2.6761,4.0141,2.6562,3.9784,1803.850659,2682.143026,293.598935,1935.596161,168.082863
2019-12-27,28.692,-0.13,2.0587,0.008169,-0.2599,-0.3899,-0.2798,-0.4256,1801.506513,2675.172011,292.454319,1930.180742,167.367568
2019-12-30,27.6467,-3.6433,2.0597,0.008173,-7.2866,-10.9299,-7.3065,-10.9656,1735.872456,2480.24361,260.489466,1789.152971,149.014755
2019-12-31,27.8887,0.8753,2.06,0.008175,1.7507,2.626,1.7308,2.5903,1751.067012,2523.664081,267.329868,1820.119139,152.874633
2020-01-02,28.684,2.8518,2.0507,0.008138,5.7036,8.5555,5.6838,8.5198,1801.004247,2667.604669,290.201148,1923.57091,165.899265
2020-01-03,29.534,2.9633,2.046,0.008119,5.9267,8.89,5.9068,8.8544,1854.373871,2825.704305,315.999964,2037.192903,180.588607
2020-01-06,30.1027,1.9255,2.032,0.008063,3.8509,5.7764,3.8312,5.7409,1890.079167,2934.520127,334.253358,2115.240975,190.956017
2020-01-07,31.2707,3.8801,2.0273,0.008045,7.7601,11.6402,7.7404,11.6047,1963.41523,3162.241968,373.160975,2278.96811,213.115896
2020-01-08,32.8093,4.9205,2.0226,0.008026,9.841,14.7614,9.8212,14.726,2060.024735,3473.437098,428.244938,2502.790867,244.499406
2020-01-09,32.0893,-2.1945,2.018,0.008008,-4.389,-6.5835,-4.4087,-6.6189,2014.817467,3320.987861,400.051417,2392.449914,228.316274
2020-01-10,31.8767,-0.6627,2.0133,0.007989,-1.3255,-1.9882,-1.3452,-2.0235,2001.464672,3276.969511,392.097637,2360.267752,223.696219
2020-01-13,34.9907,9.7689,1.9993,0.007934,19.5378,29.3067,19.5182,29.2715,2196.985672,3917.21699,507.008467,2820.948396,289.175359
2020-01-14,35.8613,2.4883,1.9946,0.007915,4.9766,7.4648,4.9569,7.4297,2251.652876,4112.159818,544.855872,2960.781201,310.66008
2020-01-15,34.5667,-3.6102,1.9899,0.007897,-7.2204,-10.8306,-7.24,-10.8658,2170.363673,3815.245319,485.84469,2746.420478,276.904495
2020-01-16,34.2327,-0.9662,1.9852,0.007878,-1.9325,-2.8987,-1.9521,-2.9339,2149.392583,3741.515874,471.761299,2692.808157,268.780492
2020-01-17,34.0333,-0.5823,1.9806,0.007859,-1.1646,-1.7469,-1.1841,-1.782,2136.876897,3697.942972,463.520251,2660.921415,263.990953
2020-01-21,36.48,7.189,1.9619,0.007785,14.3781,21.5671,14.3586,21.5322,2290.497632,4229.635477,563.488089,3042.991669,320.833897
2020-01-22,37.9707,4.0863,1.9572,0.007767,8.1725,12.2588,8.1531,12.2239,2384.093422,4575.303658,632.56493,3291.088479,360.052295
2020-01-23,38.1467,0.4635,1.9525,0.007748,0.927,1.3905,0.9076,1.3557,2395.143986,4617.717841,641.360977,3320.957407,364.933435
2020-01-24,37.6547,-1.2898,1.9479,0.00773,-2.5795,-3.8693,-2.599,-3.9041,2364.25237,4498.602856,616.544919,3234.647164,350.686049
2020-01-27,37.2013,-1.2039,1.9339,0.007674,-2.4079,-3.6118,-2.4272,-3.6465,2335.78849,4390.283042,594.276661,3156.134679,337.8983
2020-01-28,37.7933,1.5913,1.9292,0.007655,3.1827,4.774,3.1633,4.7393,2372.958788,4530.011555,622.647518,3255.973154,353.912446
2020-01-29,38.7327,2.4855,1.9245,0.007637,4.9709,7.4564,4.9516,7.4217,2431.937525,4755.194024,669.074322,3417.194601,380.17882
2020-01-30,42.7207,10.2962,1.9198,0.007618,20.5925,30.8887,20.5731,30.8541,2682.335305,5734.405058,875.742532,4120.218386,497.47948
2020-01-31,43.3713,1.5231,1.9152,0.0076,3.0461,4.5692,3.0268,4.5346,2723.189124,5909.082955,915.757023,4244.93047,520.038396
2020-02-03,52.0,19.8949,1.9011,0.007544,39.7897,59.6846,39.7705,59.6501,3264.963771,8260.290444,1462.322738,5933.159192,830.241946
2020-02-04,59.1373,13.7256,1.8965,0.007526,27.4513,41.1769,27.432,41.1425,3713.100951,10527.84594,2064.462212,7560.746293,1171.824274
2020-02-05,48.98,-17.1758,1.8918,0.007507,-34.3517,-51.5275,-34.3709,-51.5619,3075.344692,6911.354101,1000.696065,4962.050315,567.609439
2020-02-06,49.9307,1.9409,1.8871,0.007489,3.8819,5.8228,3.8627,5.7885,3135.035032,7179.643426,1058.964546,5153.717866,600.465243
2020-02-07,49.8713,-0.1188,1.8825,0.00747,-0.2377,-0.3565,-0.2568,-0.3908,3131.309595,7162.579943,1055.189368,5140.480996,598.118611
2020-02-10,51.4187,3.1026,1.8684,0.007414,6.2053,9.3079,6.1862,9.2738,3228.463161,7607.039464,1153.405855,5458.480324,653.586665
2020-02-11,51.6253,0.4019,1.8638,0.007396,0.8039,1.2058,0.7847,1.1716,3241.439197,7668.188817,1167.313372,5501.315744,661.244226
2020-02-12,51.1527,-0.9156,1.8591,0.007377,-1.8311,-2.7467,-1.8502,-2.7808,3211.761688,7527.77419,1135.250807,5399.529558,642.856233
2020-02-13,53.6,4.7844,1.8544,0.007359,9.5687,14.3531,9.5497,14.319,3365.424098,8248.086615,1298.194442,5915.16656,734.906901
2020-02-14,53.3353,-0.4938,1.8498,0.00734,-0.9876,-1.4813,-1.0066,-1.5154,3348.806457,8166.632542,1278.963941,5855.624625,723.770324
2020-02-18,57.2267,7.296,1.8311,0.007266,14.5919,21.8879,14.573,21.854,3593.134415,9358.302876,1558.902468,6708.963052,881.943211
2020-02-19,61.1613,6.8756,1.8264,0.007248,13.7512,20.6267,13.7322,20.5929,3840.183278,10645.178245,1880.453268,7630.251802,1063.560739
2020-02-20,59.9607,-1.9631,1.8217,0.007229,-3.9262,-5.8893,-3.9452,-5.9232,3764.796236,10227.225019,1769.707141,7329.226433,1000.564391
2020-02-21,60.0667,0.1768,1.817,0.007211,0.3536,0.5303,0.3346,0.4966,3771.451676,10263.384575,1779.092652,7353.753315,1005.532759
2020-02-24,55.586,-7.4595,1.803,0.007155,-14.919,-22.3785,-14.9378,-22.4121,3490.120603,8732.192216,1380.958919,6255.261272,780.171291
2020-02-25,53.3273,-4.0634,1.7984,0.007136,-8.1267,-12.1901,-8.1456,-12.2238,3348.303951,8022.548966,1212.618344,5745.733296,684.805027
2020-02-26,51.92,-2.639,1.7937,0.007118,-5.2781,-7.9171,-5.2969,-7.9507,3259.940634,7599.111281,1116.613638,5441.386499,630.357947
2020-02-27,45.2667,-12.8146,1.789,0.007099,-25.6292,-38.4438,-25.648,-38.4773,2842.192805,5651.522291,687.345461,4045.781129,387.813131
2020-02-28,44.5327,-1.6215,1.7843,0.007081,-3.243,-4.8645,-3.2618,-4.898,2796.106513,5468.242882,653.909443,3913.815976,368.817885
2020-03-02,49.5747,11.322,1.7703,0.007025,22.6441,33.9661,22.6253,33.9327,3112.682651,6706.475551,876.016997,4799.330036,493.967706
2020-03-03,49.7007,0.2542,1.7657,0.007007,0.5083,0.7625,0.4896,0.7291,3120.593875,6740.566036,882.696476,4822.827987,497.569247
2020-03-04,49.9667,0.5352,1.761,0.006988,1.0704,1.6056,1.0517,1.5723,3137.295347,6812.717289,896.869097,4873.550107,505.39235
2020-03-05,48.3027,-3.3302,1.7563,0.006969,-6.6604,-9.9907,-6.6791,-10.024,3032.816415,6358.959926,807.265873,4548.039753,454.731956
2020-03-06,46.8987,-2.9067,1.7516,0.006951,-5.8133,-8.72,-5.832,-8.7533,2944.662435,5989.291903,736.872196,4282.798154,414.928002
2020-03-09,40.5333,-13.5725,1.7376,0.006895,-27.1451,-40.7176,-27.1637,-40.7507,2544.997369,4363.495535,436.835691,3119.433719,245.8418
2020-03-10,43.022,6.1398,1.733,0.006877,12.2796,18.4194,12.261,18.3863,2701.255178,4899.315541,517.298236,3501.908162,291.042983
2020-03-11,42.282,-1.72,1.7283,0.006858,-3.4401,-5.1601,-3.4587,-5.1932,2654.792366,4730.774651,490.604944,3380.789236,275.928488
2020-03-12,37.37,-11.6172,1.7236,0.00684,-23.2345,-34.8517,-23.253,-34.8848,2346.378704,3631.603543,319.620649,2594.653278,179.671466
2020-03-13,36.4413,-2.4851,1.7189,0.006821,-4.9701,-7.4552,-4.9886,-7.4882,2288.069894,3451.108826,295.792399,2465.215413,166.217355
2020-03-16,29.6713,-18.5778,1.7049,0.006766,-37.1556,-55.7334,-37.1741,-55.7663,1862.996698,2168.82819,130.937181,1548.794145,73.52406
2020-03-17,28.68,-3.341,1.7002,0.006747,-6.6821,-10.0231,-6.7005,-10.056,1800.753114,2023.905078,117.813165,1445.016479,66.130482
2020-03-18,24.0813,-16.0344,1.6956,0.006728,-32.0688,-48.1032,-32.0872,-48.136,1512.013083,1374.86284,61.141248,981.35053,34.29789
2020-03-19,28.5093,18.3877,1.6909,0.00671,36.7754,55.1631,36.757,55.1303,1790.037274,1880.473715,94.868627,1342.065074,53.206409
2020-03-20,28.502,-0.0257,1.6862,0.006691,-0.0514,-0.0772,-0.0698,-0.1099,1789.576924,1879.506499,94.795434,1341.127877,53.147936
2020-03-23,28.9527,1.5812,1.6722,0.006636,3.1623,4.7435,3.144,4.7109,1817.873261,1938.943062,99.292078,1383.293035,55.651675
2020-03-24,33.6667,16.2817,1.6675,0.006617,32.5635,48.8452,32.5452,48.8126,2113.854829,2570.330759,147.79154,1833.488176,82.816731
2020-03-25,35.95,6.7822,1.6629,0.006599,13.5644,20.3465,13.546,20.314,2257.220193,2918.979494,177.861989,2081.853361,99.640095
2020-03-26,35.2107,-2.0566,1.6582,0.00658,-4.1131,-6.1697,-4.1314,-6.2022,2210.799057,2798.91824,166.888462,1995.843447,93.460205
2020-03-27,34.2907,-2.6128,1.6535,0.006562,-5.2257,-7.8385,-5.2439,-7.871,2153.034428,2652.655763,153.806879,1891.18248,86.103946
2020-03-30,33.4753,-2.3777,1.6395,0.006506,-4.7554,-7.1331,-4.7736,-7.1655,2101.841409,2526.510583,142.835612,1800.904198,79.934149
2020-03-31,34.9333,4.3554,1.6348,0.006487,8.7109,13.0663,8.6927,13.034,2193.385982,2746.592203,161.498997,1957.451373,90.352765
2020-04-01,32.104,-8.0992,1.6302,0.006469,-16.1985,-24.2977,-16.2167,-24.33,2015.738407,2301.686066,122.258428,1640.018269,68.36992
2020-04-02,30.298,-5.6255,1.6255,0.00645,-11.2509,-16.8764,-11.2691,-16.9087,1902.34372,2042.724911,101.625607,1455.203141,56.809479
2020-04-03,32.0007,5.6197,1.6208,0.006432,11.2395,16.8592,11.2213,16.827,2009.25039,2272.316352,118.758876,1618.496305,66.368796
2020-04-06,34.416,7.5478,1.6068,0.006376,15.0955,22.6433,15.0774,22.6112,2160.903737,2615.334209,145.649772,1862.523993,81.375547
2020-04-07,36.3633,5.6582,1.6021,0.006358,11.3164,16.9747,11.2984,16.9426,2283.172504,2911.297129,170.373341,2072.959094,95.162673
2020-04-08,36.5893,0.6215,1.5975,0.006339,1.243,1.8645,1.225,1.8325,2297.362409,2947.48452,173.549949,2098.351877,96.906486
2020-04-09,38.2,4.402,1.5928,0.006321,8.804,13.206,8.786,13.174,2398.492664,3206.981986,196.469038,2282.713169,109.672986
2020-04-13,43.3967,13.6038,1.5741,0.006246,27.2077,40.8115,27.1897,40.7797,2724.779752,4079.527338,276.651034,2903.376621,154.397257
2020-04-14,47.326,9.0545,1.5694,0.006228,18.1089,27.1634,18.091,27.1316,2971.493771,4818.28546,351.798784,3428.625917,196.287628
2020-04-15,48.6553,2.8089,1.5648,0.006209,5.6178,8.4267,5.5999,8.3949,3054.959698,5088.965928,381.443683,3620.624167,212.765738
2020-04-16,49.6807,2.1073,1.5601,0.006191,4.2147,6.322,4.1968,6.2903,3119.338091,5303.449574,405.558631,3772.573913,226.149286
2020-04-17,50.2593,1.1648,1.5554,0.006172,2.3295,3.4943,2.3117,3.4626,3155.671279,5426.995803,419.730136,3859.783225,233.979948
2020-04-20,49.7573,-0.9988,1.5414,0.006117,-1.9976,-2.9965,-2.0155,-3.0281,3124.15165,5318.583439,407.153029,3781.99035,226.894865
2020-04-21,45.7813,-7.9908,1.5367,0.006098,-15.9816,-23.9723,-15.9994,-24.0039,2874.507627,4468.591049,309.548945,3176.896082,172.431259
2020-04-22,48.8073,6.6097,1.532,0.00608,13.2194,19.829,13.2016,19.7975,3064.503465,5059.310441,370.929556,3596.296553,206.568379
2020-04-23,47.042,-3.6169,1.5274,0.006061,-7.2339,-10.8508,-7.2517,-10.8823,2953.662021,4693.32536,330.680587,3335.505357,184.088935
2020-04-24,48.3433,2.7663,1.5227,0.006042,5.5326,8.299,5.5149,8.2675,3035.369898,4952.990581,358.123682,3519.455149,199.308531
2020-04-27,53.25,10.1496,1.5087,0.005987,20.2992,30.4489,20.2816,30.4175,3343.448477,5958.410249,467.168285,4233.255251,259.933259
2020-04-28,51.2747,-3.7095,1.504,0.005968,-7.4191,-11.1286,-7.4368,-11.1599,3219.421659,5516.350104,415.178793,3918.437788,230.924851
2020-04-29,53.3673,4.0813,1.4993,0.00595,8.1626,12.2439,8.1449,12.2126,3350.815519,5966.62634,466.012716,4237.591382,259.126775
2020-04-30,52.1253,-2.3273,1.4947,0.005931,-4.6545,-6.9818,-4.6722,-7.013,3272.833079,5688.90763,433.476629,4039.6038,240.954137
2020-05-01,46.7547,-10.3034,1.49,0.005913,-20.6067,-30.9101,-20.6244,-30.9413,2935.620934,4516.609074,299.488509,3206.4613,166.399784
2020-05-04,50.746,8.5368,1.476,0.005857,17.0735,25.6103,17.056,25.5792,3186.227812,5287.753118,376.188343,3753.35387,208.963512
2020-05-05,51.214,0.9222,1.4713,0.005839,1.8445,2.7667,1.8269,2.7357,3215.612631,5385.285172,386.596476,3821.925568,214.680111
2020-05-06,52.172,1.8706,1.4666,0.00582,3.7412,5.6117,3.7236,5.5807,3275.763322,5586.757586,408.291295,3964.240273,226.660855
2020-05-07,52.0027,-0.3246,1.462,0.005801,-0.6491,-0.9737,-0.6666,-1.0047,3265.131192,5550.491762,404.315727,3937.812791,224.383647
2020-05-08,54.628,5.0485,1.4573,0.005783,10.0969,15.1454,10.0794,15.1144,3429.969913,6110.920061,465.550836,4334.72161,258.297974
2020-05-11,54.086,-0.9922,1.4433,0.005727,-1.9843,-2.9765,-2.0018,-3.0073,3395.938956,5989.659255,451.69374,4247.950738,250.530142
2020-05-12,53.9607,-0.2317,1.4386,0.005709,-0.4635,-0.6952,-0.4809,-0.726,3388.069647,5961.899936,448.55365,4227.523653,248.711384
2020-05-13,52.7307,-2.2794,1.4339,0.00569,-4.5589,-6.8383,-4.5763,-6.8691,3310.840725,5690.104399,417.880153,4034.06071,231.627257
2020-05-14,53.5553,1.5639,1.4293,0.005672,3.1278,4.6918,3.1105,4.661,3362.619602,5868.081678,437.486078,4159.538577,242.423518
2020-05-15,53.278,-0.5178,1.4246,0.005653,-1.0357,-1.5535,-1.053,-1.5842,3345.206526,5807.306829,430.689611,4115.73678,238.583046
2020-05-18,54.242,1.8094,1.4106,0.005598,3.6188,5.4281,3.6015,5.3976,3405.733976,6017.459157,454.068027,4263.963115,251.460747
2020-05-19,53.8673,-0.6907,1.4059,0.005579,-1.3815,-2.0722,-1.3988,-2.1027,3382.209402,5934.329844,444.658816,4204.320761,246.173216
2020-05-20,54.3707,0.9344,1.4012,0.00556,1.8688,2.8032,1.8515,2.7727,3413.812621,6045.230092,457.123434,4282.164796,252.998864
2020-05-21,55.1733,1.4763,1.3966,0.005542,2.9526,4.4289,2.9353,4.3984,3464.210207,6223.719679,477.368761,4407.860066,264.126777
2020-05-22,54.4587,-1.2953,1.3919,0.005523,-2.5906,-3.8859,-2.6078,-3.9163,3419.338023,6062.48703,458.818577,4292.909897,253.782688
2020-05-26,54.5913,0.2436,1.3732,0.005449,0.4872,0.7308,0.4701,0.7005,3427.667682,6092.024003,462.171685,4313.088862,255.560562
2020-05-27,54.682,0.1661,1.3685,0.005431,0.3322,0.4983,0.315,0.468,3433.360506,6112.259815,464.474471,4326.67647,256.756654
2020-05-28,53.7207,-1.758,1.3639,0.005412,-3.5161,-5.2741,-3.5332,-5.3043,3373.000718,5897.348095,439.977555,4173.806563,243.137501
2020-05-29,55.6667,3.6224,1.3592,0.005394,7.2449,10.8673,7.2278,10.8372,3495.185655,6324.603921,487.791328,4475.480145,269.486722
2020-06-01,59.8733,7.5569,1.3452,0.005338,15.1138,22.6706,15.0967,22.6406,3759.31275,7280.489774,598.37679,5151.130939,330.500156
2020-06-02,58.7707,-1.8417,1.3405,0.005319,-3.6833,-5.525,-3.7004,-5.555,3690.078882,7012.325619,565.31654,4960.520987,312.140897
2020-06-03,58.864,0.1588,1.3358,0.005301,0.3176,0.4764,0.3006,0.4464,3695.938889,7034.597377,568.009782,4975.432388,313.534438
2020-06-04,57.6253,-2.1043,1.3311,0.005282,-4.2086,-6.3129,-4.2256,-6.3428,3618.165786,6738.541364,532.152141,4765.192531,293.64762
2020-06-05,59.044,2.4619,1.3265,0.005264,4.9238,7.3856,4.9068,7.3557,3707.240705,7070.331042,571.454991,4999.010568,315.247602
2020-06-08,63.328,7.2556,1.3125,0.005208,14.5112,21.7668,14.4943,21.737,3976.223515,8096.321885,695.842573,5723.582112,383.773096
2020-06-09,62.7113,-0.9738,1.3078,0.00519,-1.9475,-2.9213,-1.9644,-2.951,3937.504505,7938.643844,675.514992,5611.14676,372.447819
2020-06-10,68.3367,8.9702,1.3031,0.005171,17.9404,26.9106,17.9235,26.8809,4290.70676,9362.869213,857.300245,6616.862558,472.565182
2020-06-11,64.856,-5.0934,1.2984,0.005153,-10.1868,-15.2802,-10.2037,-15.3099,4072.163451,8409.090488,726.302784,5941.699084,400.215917
2020-06-12,62.352,-3.8609,1.2938,0.005134,-7.7217,-11.5826,-7.7386,-11.6122,3914.942787,7759.763509,642.17811,5481.896721,353.741952
2020-06-15,66.06,5.9469,1.2798,0.005078,11.8938,17.8406,11.877,17.8111,4147.759591,8682.69058,756.746724,6132.97983,416.74731
2020-06-16,65.4753,-0.885,1.2751,0.00506,-1.7701,-2.6551,-1.7869,-2.6846,4111.049883,8528.998436,736.653984,6023.391801,405.559178
2020-06-17,66.1193,0.9836,1.2704,0.005041,1.9671,2.9507,1.9504,2.9213,4151.485027,8696.776153,758.390556,6140.87184,417.406653
2020-06-18,66.9307,1.2271,1.2657,0.005023,2.4541,3.6812,2.4374,3.6518,4202.426794,8910.2078,786.308581,6290.550532,432.649548
2020-06-19,66.7267,-0.3048,1.2611,0.005004,-0.6096,-0.9144,-0.6263,-0.9437,4189.61842,8855.893813,779.118925,6251.154012,428.566509
2020-06-22,66.288,-0.6574,1.247,0.004949,-1.3148,-1.9722,-1.3315,-2.0015,4162.075481,8739.454883,763.752925,6167.921555,419.988793
2020-06-23,66.7853,0.7503,1.2424,0.00493,1.5005,2.2508,1.4839,2.2215,4193.301702,8870.591452,780.943232,6259.445837,429.319023
2020-06-24,64.0567,-4.0857,1.2377,0.004912,-8.1715,-12.2572,-8.1881,-12.2864,4021.974724,8145.734652,685.22154,5746.91756,376.571267
2020-06-25,65.732,2.6154,1.233,0.004893,5.2308,7.8462,5.2142,7.8171,4127.165499,8571.821935,738.985417,6046.573511,406.008041
2020-06-26,63.9827,-2.6613,1.2284,0.004874,-5.3226,-7.9839,-5.3392,-8.0131,4017.328586,8115.575411,679.985208,5723.734094,373.474366
2020-06-29,67.29,5.1691,1.2143,0.004819,10.3382,15.5073,10.3217,15.4783,4224.988752,8954.581581,785.432774,6314.520551,431.281959
2020-06-30,71.9873,6.9807,1.2097,0.0048,13.9615,20.9422,13.945,20.9132,4519.923873,10204.772175,949.919633,7195.077687,521.476943
2020-07-01,74.642,3.6877,1.205,0.004782,7.3754,11.063,7.3589,11.0341,4686.604234,10957.411009,1055.009643,7724.554342,579.017301
2020-07-02,80.5773,7.9517,1.2003,0.004763,15.9035,23.8552,15.887,23.8263,5059.270543,12700.01939,1306.684329,8951.75419,716.975763
2020-07-06,91.4387,13.4794,1.1816,0.004689,26.9588,40.4382,26.9424,40.4094,5741.229538,16123.790618,1835.083704,11363.570895,1006.701639
2020-07-07,92.6573,1.3328,1.177,0.004671,2.6655,3.9983,2.6492,3.9696,5817.746857,16553.576336,1908.455976,11664.610167,1046.663672
2020-07-08,91.0587,-1.7254,1.1723,0.004652,-3.4507,-5.1761,-3.4671,-5.2047,5717.370359,15982.362067,1809.673339,11260.191323,992.187768
2020-07-09,92.952,2.0792,1.1676,0.004633,4.1585,6.2377,4.1422,6.2091,5836.248534,16646.987203,1922.556001,11726.605509,1053.793749
2020-07-10,102.9767,10.7848,1.163,0.004615,21.5696,32.3543,21.5532,32.3257,6465.674894,20237.667933,2544.586105,14254.067975,1394.44032
2020-07-13,99.804,-3.081,1.1489,0.004559,-6.1619,-9.2429,-6.1782,-9.2714,6266.470134,18990.639628,2309.393178,13373.425622,1265.15675
2020-07-14,101.12,1.3186,1.1443,0.004541,2.6372,3.9558,2.6209,3.9273,6349.098951,19491.455576,2400.747205,13723.933151,1314.843408
2020-07-15,103.0673,1.9258,1.1396,0.004522,3.8515,5.7773,3.8353,5.7489,6471.367239,20242.172152,2539.444958,14250.285471,1390.431979
2020-07-16,100.0427,-2.9347,1.1349,0.004504,-5.8693,-8.804,-5.8855,-8.8323,6281.455232,19054.098165,2315.87346,13411.583371,1267.624526
2020-07-17,100.056,0.0133,1.1302,0.004485,0.0267,0.04,0.0105,0.0117,6282.292581,19059.178176,2316.799612,13412.987502,1267.772283
2020-07-20,109.5333,9.472,1.1162,0.004429,18.9441,28.4161,18.9279,28.3879,6877.353141,22669.759851,2975.143389,15951.787271,1627.665732
2020-07-21,104.5573,-4.5429,1.1116,0.004411,-9.0858,-13.6287,-9.1019,-13.6569,6564.921354,20610.027438,2569.669358,14499.866414,1405.376899
2020-07-22,106.1553,1.5283,1.1069,0.004392,3.0567,4.585,3.0406,4.5569,6665.256175,21240.013178,2687.489802,14940.748853,1469.418422
2020-07-23,100.8713,-4.9776,1.1022,0.004374,-9.9552,-14.9328,-9.9713,-14.961,6333.485361,19125.520871,2286.171088,13450.960336,1249.579337
2020-07-24,94.4667,-6.3493,1.0975,0.004355,-12.6987,-19.048,-12.7147,-19.0761,5931.350882,16696.832418,1850.700805,11740.705646,1011.20841
2020-07-27,102.64,8.6521,1.0835,0.0043,17.3042,25.9562,17.2882,25.9283,6444.536143,19586.079225,2331.073183,13770.457061,1273.397332
2020-07-28,98.4327,-4.0991,1.0789,0.004281,-8.1982,-12.2973,-8.2142,-12.3253,6180.367372,17980.368477,2044.413263,12639.322521,1116.447747
2020-07-29,99.9407,1.532,1.0742,0.004263,3.064,4.596,3.048,4.5681,6275.051045,18531.289558,2138.374938,13024.574815,1167.448546
2020-07-30,99.166,-0.7751,1.0695,0.004244,-1.5503,-2.3254,-1.5662,-2.3532,6226.411509,18244.007965,2088.649654,12820.583675,1139.975791
2020-07-31,95.384,-3.8138,1.0648,0.004226,-7.6276,-11.4414,-7.6435,-11.4692,5988.948328,16852.426263,1849.678592,11840.637043,1009.229339
2020-08-03,99.0,3.791,1.0508,0.00417,7.582,11.373,7.5661,11.3453,6215.988717,18130.173608,2060.041943,12736.511753,1123.729061
2020-08-04,99.1333,0.1347,1.0461,0.004151,0.2694,0.404,0.2535,0.3764,6224.360291,18179.008348,2068.365218,12768.79861,1127.9584
2020-08-05,99.0013,-0.1332,1.0415,0.004133,-0.2663,-0.3995,-0.2821,-0.4271,6216.072548,18130.597603,2060.103126,12732.772793,1123.141102
2020-08-06,99.3053,0.3071,1.0368,0.004114,0.6141,0.9212,0.5983,0.8936,6235.160082,18241.943923,2079.080843,12808.954782,1133.177588
2020-08-07,96.8473,-2.4752,1.0321,0.004096,-4.9504,-7.4256,-4.9662,-7.4531,6080.827744,17338.896749,1924.696961,12172.837617,1048.720276
2020-08-10,94.5713,-2.3501,1.0181,0.00404,-4.7002,-7.0503,-4.7159,-7.0777,5937.92273,16523.936882,1789.000544,11598.775186,974.494794
2020-08-11,91.626,-3.1144,1.0134,0.004022,-6.2288,-9.3432,-6.2445,-9.3706,5752.991705,15494.691897,1621.850319,10874.485021,883.178526
2020-08-12,103.6507,13.1236,1.0088,0.004003,26.2473,39.3709,26.2316,39.3435,6507.993595,19561.626902,2260.387685,13727.033122,1230.652287
2020-08-13,108.0667,4.2605,1.0041,0.003985,8.5209,12.7814,8.5052,12.7541,6785.264387,21228.459456,2549.296767,14894.550128,1387.610431
2020-08-14,110.0473,1.8328,0.9994,0.003966,3.6656,5.4985,3.65,5.4712,6909.626048,22006.618221,2689.468806,15438.196297,1463.528845
2020-08-17,122.376,11.2031,0.9854,0.00391,22.4061,33.6092,22.3905,33.582,7683.715473,26937.446695,3593.377069,18894.885578,1955.010937
2020-08-18,125.806,2.8028,0.9807,0.003892,5.6057,8.4085,5.5901,8.3814,7899.077525,28447.472367,3895.52662,19951.124169,2118.867511
2020-08-19,125.2353,-0.4536,0.9761,0.003873,-0.9072,-1.3608,-0.9228,-1.3879,7863.246843,28189.393534,3842.515603,19767.016901,2089.459126
2020-08-20,133.4553,6.5636,0.9714,0.003855,13.1273,19.6909,13.1117,19.6639,8379.362346,31889.896221,4599.142699,22358.814045,2500.327369
2020-08-21,136.6653,2.4053,0.9667,0.003836,4.8106,7.2159,4.795,7.1888,8580.910535,33423.986895,4931.011226,23430.928748,2680.071917
2020-08-24,134.28,-1.7454,0.9527,0.003781,-3.4908,-5.2361,-3.5062,-5.2631,8431.140983,32257.235299,4672.816479,22609.382228,2539.017905
2020-08-25,134.8893,0.4538,0.948,0.003762,0.9076,1.3613,0.8921,1.3344,8469.399403,32549.985915,4736.428715,22811.076424,2572.899479
2020-08-26,143.5447,6.4166,0.9434,0.003743,12.8332,19.2499,12.8178,19.223,9012.848508,36727.203184,5648.184493,25734.951951,3067.488086
2020-08-27,149.25,3.9746,0.9387,0.003725,7.9492,11.9238,7.9338,11.897,9371.073899,39646.727837,6321.664058,27776.70759,3432.427413
2020-08-28,147.56,-1.1323,0.934,0.003706,-2.2647,-3.397,-2.2801,-3.4238,9264.962423,38748.864295,6106.917772,27143.378477,3314.90907
2020-08-31,166.1067,12.5689,0.92,0.003651,25.1378,37.7067,25.1225,37.68,10429.466794,48489.480559,8409.635942,33962.461205,4563.968459
2020-09-01,158.35,-4.6697,0.9153,0.003632,-9.3394,-14.0091,-9.3547,-14.0357,9942.442942,43960.86293,7231.523953,30785.367982,3923.383447
2020-09-02,149.1233,-5.8268,0.9107,0.003614,-11.6535,-17.4803,-11.6688,-17.5069,9363.120999,38837.878032,5967.434072,27193.07477,3236.522118
2020-09-03,135.6667,-9.0238,0.906,0.003595,-18.0477,-27.0715,-18.063,-27.0981,8518.20708,31828.534937,4351.957316,22281.189693,2359.48602
2020-09-04,139.44,2.7813,0.9013,0.003577,5.5626,8.344,5.5474,8.3175,8755.12608,33599.044763,4715.083511,23517.20894,2555.735227
2020-09-08,110.07,-21.0628,0.8826,0.003502,-42.1256,-63.1885,-42.1409,-63.2148,6911.049254,19445.229219,1735.694242,13606.855442,940.131216
2020-09-09,122.0933,10.9233,0.878,0.003484,21.8467,32.77,21.8315,32.7437,7665.967314,23693.369891,2304.482083,16577.437256,1247.965106
2020-09-10,123.78,1.3815,0.8733,0.003465,2.7629,4.1444,2.7477,4.1181,7771.869453,24347.997921,2399.988457,17032.942922,1299.357294
2020-09-11,124.24,0.3716,0.8686,0.003447,0.7433,1.1149,0.7281,1.0886,7800.751767,24528.96507,2426.745425,17156.959692,1313.50236
2020-09-14,139.8733,12.5832,0.8546,0.003391,25.1664,37.7495,25.1513,37.7234,8782.334175,30702.011289,3342.830447,21472.150644,1808.999895
2020-09-15,149.92,7.1827,0.8499,0.003373,14.3654,21.5481,14.3503,21.5219,9413.141587,35112.468894,4063.145405,24553.466797,2198.331857
2020-09-16,147.2533,-1.7787,0.8452,0.003354,-3.5575,-5.3362,-3.5725,-5.3623,9245.707228,33863.356966,3846.328264,23676.289238,2080.451523
2020-09-17,141.1433,-4.1493,0.8406,0.003336,-8.2986,-12.4479,-8.3137,-12.474,8862.073946,31053.163991,3367.539732,21707.921424,1820.936548
2020-09-18,147.3833,4.421,0.8359,0.003317,8.8421,13.2631,8.8271,13.2371,9253.869944,33798.910739,3814.180753,23624.092731,2061.976219
2020-09-21,149.7967,1.6375,0.8219,0.003261,3.2749,4.9124,3.2599,4.8865,9405.397545,34905.792055,4001.546795,24394.222689,2162.733976
2020-09-22,141.41,-5.5987,0.8172,0.003243,-11.1974,-16.7961,-11.2123,-16.8219,8878.818053,30997.254608,3329.443632,21659.059837,1798.920274
2020-09-23,126.7867,-10.3411,0.8125,0.003224,-20.6822,-31.0233,-20.6971,-31.0491,7960.651422,24586.346157,2296.541271,17176.259922,1240.37197
2020-09-24,129.2633,1.9534,0.8079,0.003206,3.9068,5.8602,3.8919,5.8345,8116.155952,25546.892727,2431.124191,17844.745719,1312.741066
2020-09-25,135.78,5.0414,0.8032,0.003187,10.0828,15.1242,10.0679,15.0984,8525.32263,28122.727225,2798.811191,19641.332698,1510.944169
2020-09-28,140.4,3.4026,0.7892,0.003132,6.8051,10.2077,6.7903,10.182,8815.401797,30036.512225,3084.504831,20975.03434,1664.789257
2020-09-29,139.69,-0.5057,0.7845,0.003113,-1.0114,-1.5171,-1.0262,-1.5427,8770.823021,29732.727781,3037.710554,20759.787833,1639.107099
2020-09-30,143.0033,2.3719,0.7798,0.003095,4.7438,7.1157,4.729,7.0902,8978.859227,31143.196076,3253.86602,21741.523,1755.322773
2020-10-01,149.3867,4.4638,0.7752,0.003076,8.9275,13.3913,8.9128,13.3658,9379.65529,33923.520401,3689.601782,23679.294365,1989.935835
2020-10-02,138.3633,-7.3791,0.7705,0.003058,-14.7581,-22.1372,-14.7729,-22.1627,8687.524037,28917.040322,2872.826978,20181.175362,1548.912572
2020-10-05,141.8933,2.5513,0.7565,0.003002,5.1025,7.6538,5.0878,7.6284,8909.16477,30392.534143,3092.706247,21207.952823,1667.069674
2020-10-06,137.9933,-2.7485,0.7518,0.002983,-5.4971,-8.2456,-5.5118,-8.2709,8664.29287,28721.832622,2837.693502,20039.019582,1529.187178
2020-10-07,141.7667,2.7344,0.7471,0.002965,5.4689,8.2033,5.4542,8.178,8901.21187,30292.58928,3070.477706,21131.985443,1654.244021
2020-10-08,141.9733,0.1458,0.7425,0.002946,0.2916,0.4373,0.2769,0.4121,8914.187906,30380.909327,3083.905977,21190.500755,1661.060785
2020-10-09,144.6667,1.8971,0.7378,0.002928,3.7942,5.6912,3.7795,5.666,9083.296963,31533.608144,3259.418241,21991.400183,1755.17669
2020-10-12,147.4333,1.9124,0.7238,0.002872,3.8249,5.7373,3.8103,5.7122,9257.009524,32739.73051,3446.421448,22829.338632,1855.436056
2020-10-13,148.8833,0.9835,0.7191,0.002854,1.967,2.9505,1.9524,2.9254,9348.051591,33383.716614,3548.107419,23275.064726,1909.715124
2020-10-14,153.7667,3.28,0.7144,0.002835,6.5599,9.8399,6.5454,9.8149,9654.665048,35573.669603,3897.238188,24798.511336,2097.151378
2020-10-15,149.6267,-2.6924,0.7098,0.002816,-5.3848,-8.0772,-5.3993,-8.1022,9394.72374,33658.105229,3582.451548,23459.564242,1927.236602
2020-10-16,146.5567,-2.0518,0.7051,0.002798,-4.1035,-6.1553,-4.118,-6.1803,9201.9658,32276.932732,3361.940759,22493.489912,1808.128271
2020-10-19,143.61,-2.0106,0.6911,0.002742,-4.0212,-6.0318,-4.0357,-6.0567,9016.950944,30979.011787,3159.155072,21585.73104,1698.616197
2020-10-20,140.6467,-2.0635,0.6864,0.002724,-4.1269,-6.1904,-4.1413,-6.2152,8830.88988,29700.533526,2963.591486,20691.790876,1593.043992
2020-10-21,140.88,0.1659,0.6817,0.002705,0.3318,0.4977,0.3174,0.4729,8845.540614,29799.081831,2978.341571,20757.46557,1600.578042
2020-10-22,141.93,0.7453,0.677,0.002687,1.4906,2.2359,1.4762,2.2112,8911.467001,30243.270801,3044.934888,21063.891405,1635.969718
2020-10-23,140.21,-1.2119,0.6724,0.002668,-2.4237,-3.6356,-2.4381,-3.6603,8803.472927,29510.261516,2934.234285,20550.335857,1576.088859
2020-10-26,140.0933,-0.0832,0.6584,0.002613,-0.1664,-0.2496,-0.1807,-0.2742,8796.14756,29461.150558,2926.909559,20513.193421,1571.766908
2020-10-27,141.56,1.0469,0.6537,0.002594,2.0938,3.1407,2.0795,3.1162,8888.235834,30078.017546,3018.83641,20939.771764,1620.746227
2020-10-28,135.34,-4.3939,0.649,0.002575,-8.7878,-13.1817,-8.8021,-13.2062,8497.695861,27434.823012,2620.902676,19096.636961,1406.7071
2020-10-29,136.9433,1.1847,0.6443,0.002557,2.3693,3.554,2.3551,3.5295,8598.365526,28084.847323,2714.04983,19546.377466,1456.35727
2020-10-30,129.3467,-5.5473,0.6397,0.002538,-11.0946,-16.6419,-11.1089,-16.6664,8121.387946,24968.94292,2262.379946,17374.998703,1213.635561
2020-11-02,133.5033,3.2136,0.6257,0.002483,6.4272,9.6407,6.413,9.6164,8382.375461,26573.738163,2480.490296,18489.253238,1330.343822
2020-11-03,141.3,5.8401,0.621,0.002464,11.6801,17.5202,11.666,17.4959,8871.91136,29677.583573,2915.076787,20646.2008,1563.099335
2020-11-04,140.3267,-0.6888,0.6163,0.002446,-1.3777,-2.0665,-1.3918,-2.0908,8810.797336,29268.716418,2854.835402,20358.836871,1530.418026
2020-11-05,146.03,4.0643,0.6116,0.002427,8.1287,12.193,8.1145,12.1688,9168.89722,31647.870894,3202.925202,22010.860108,1716.651088
2020-11-06,143.3167,-1.8581,0.607,0.002409,-3.7161,-5.5742,-3.7302,-5.5984,8998.533097,30471.794508,3024.387851,21189.80086,1620.546454
2020-11-09,140.42,-2.0212,0.593,0.002353,-4.0423,-6.0635,-4.0564,-6.0876,8816.657821,29240.023509,2841.004169,20330.259685,1521.894578
2020-11-10,136.7867,-2.5875,0.5883,0.002334,-5.1749,-7.7624,-5.189,-7.7865,8588.52907,27726.867349,2620.473415,19275.324687,1403.392915
2020-11-11,139.0433,1.6498,0.5836,0.002316,3.2995,4.9493,3.2855,4.9253,8730.220215,28641.727522,2750.168923,19908.619661,1472.514494
2020-11-12,137.2533,-1.2874,0.5789,0.002297,-2.5747,-3.8621,-2.5888,-3.8861,8617.82958,27904.274885,2643.953996,19393.2347,1415.29135
2020-11-13,136.1667,-0.7917,0.5743,0.002279,-1.5834,-2.3751,-1.5974,-2.3991,8549.600962,27462.430432,2581.156284,19083.444371,1381.337568
2020-11-16,136.03,-0.1004,0.5602,0.002223,-0.2007,-0.3011,-0.2147,-0.3249,8541.019572,27407.301347,2573.384023,19042.477331,1376.84923
2020-11-17,147.2033,8.2139,0.5556,0.002205,16.4278,24.6416,16.4138,24.6179,9242.568606,31909.706624,3207.507992,22168.080519,1715.800092
2020-11-18,162.2133,10.1968,0.5509,0.002186,20.3936,30.5903,20.3797,30.5666,10185.012611,38417.229152,4188.695195,26685.859795,2240.261677
2020-11-19,166.4233,2.5954,0.5462,0.002168,5.1907,7.7861,5.1768,7.7624,10449.349522,40411.353673,4514.829327,28067.341321,2414.158747
2020-11-20,163.2033,-1.9348,0.5416,0.002149,-3.8697,-5.8045,-3.8835,-5.8281,10247.172843,38847.57532,4252.76712,26977.344327,2273.458204
2020-11-23,173.95,6.5848,0.5275,0.002093,13.1697,19.7545,13.1559,19.7309,10921.931498,43963.666967,5092.879257,30526.444693,2722.032664
2020-11-24,185.1267,6.4252,0.5229,0.002075,12.8504,19.2757,12.8367,19.2521,11623.689391,49613.189725,6074.565018,34445.018924,3246.082168
2020-11-25,191.3333,3.3527,0.5182,0.002056,6.7053,10.058,6.6916,10.0345,12013.392016,52939.911493,6685.543302,36749.926159,3571.810223
2020-11-27,195.2533,2.0488,0.5089,0.002019,4.0976,6.1463,4.0838,6.1229,12259.519939,55109.155691,7096.459441,38250.731979,3790.509847
2020-11-30,189.2,-3.1002,0.4948,0.001964,-6.2005,-9.3007,-6.2142,-9.324,11879.444912,51692.119144,6436.436775,35873.771091,3437.08179
2020-12-01,194.92,3.0233,0.4902,0.001945,6.0465,9.0698,6.0329,9.0465,12238.591003,54817.689857,7020.206756,38037.986041,3748.017884
2020-12-02,189.6067,-2.7259,0.4855,0.001927,-5.4518,-8.1777,-5.4654,-8.2009,11904.979267,51829.139185,6446.115335,35959.045536,3440.646018
2020-12-03,197.7933,4.3177,0.4808,0.001908,8.6354,12.9531,8.6218,12.9299,12419.001398,56304.799993,7281.088467,39059.362439,3885.519487
2020-12-04,199.68,0.9539,0.4761,0.001889,1.9077,2.8616,1.8941,2.8384,12537.460419,57378.930072,7489.441115,39799.18982,3995.806657
2020-12-07,213.92,7.1314,0.4621,0.001834,14.2628,21.3942,14.2493,21.3712,13431.558535,65562.787338,9091.750108,45470.290336,4849.75877
2020-12-08,216.6267,1.2653,0.4575,0.001815,2.5305,3.7958,2.517,3.7728,13601.503983,67221.879577,9436.855601,46614.78566,5032.731126
2020-12-09,201.4933,-6.9859,0.4528,0.001797,-13.9718,-20.9577,-13.9853,-20.9807,12651.315936,57829.767275,7459.106508,40095.562612,3976.830345
2020-12-10,209.0233,3.7371,0.4481,0.001778,7.4742,11.2113,7.4607,11.1884,13124.107729,62152.074846,8295.368369,43086.97504,4421.77267
2020-12-11,203.33,-2.7238,0.4434,0.00176,-5.4476,-8.1713,-5.461,-8.1942,12766.636335,58766.307333,7617.526427,40733.986923,4059.443125
2020-12-14,213.2767,4.8919,0.4294,0.001704,9.7838,14.6757,9.7704,14.6529,13391.165546,64515.868068,8735.448401,44713.844186,4654.268567
2020-12-15,211.0833,-1.0284,0.4248,0.001686,-2.0568,-3.0852,-2.0702,-3.1079,13253.450371,63188.901569,8465.941509,43788.178955,4509.616426
2020-12-16,207.59,-1.655,0.4201,0.001667,-3.3099,-4.9649,-3.3233,-4.9876,13034.111869,61097.407106,8045.619205,42332.974605,4284.696558
2020-12-17,218.6333,5.3198,0.4154,0.001648,10.6396,15.9593,10.6262,15.9367,13727.498187,67597.904662,9329.647377,46831.364925,4967.535091
2020-12-18,231.6667,5.9613,0.4107,0.00163,11.9226,17.8838,11.9092,17.8612,14545.832502,75657.302561,10998.145998,52408.614985,5854.796905
2020-12-21,216.62,-6.495,0.3967,0.001574,-12.9899,-19.4849,-13.0032,-19.5074,13601.085308,65829.467092,8855.167746,45593.809042,4712.677186
2020-12-22,213.4467,-1.4649,0.392,0.001556,-2.9299,-4.3948,-2.9431,-4.4173,13401.839351,63900.759946,8466.002542,44251.930396,4504.50611
2020-12-23,215.3267,0.8808,0.3874,0.001537,1.7616,2.6423,1.7483,2.6199,13519.879697,65026.406604,8689.702405,45025.591699,4622.51931
2020-12-24,220.59,2.4443,0.3827,0.001519,4.8887,7.333,4.8755,7.3106,13850.352811,68205.351918,9326.922501,47220.802724,4960.45534
2020-12-28,221.23,0.2901,0.364,0.001445,0.5803,0.8704,0.5671,0.8481,13890.536942,68601.121303,9408.103309,47488.596912,5002.526852
2020-12-29,221.9967,0.3466,0.3593,0.001426,0.6931,1.0397,0.68,1.0174,13938.674931,69076.598965,9505.915332,47811.506301,5053.42457
2020-12-30,231.5933,4.3229,0.3547,0.001407,8.6458,12.9687,8.6327,12.9465,14541.228041,75048.80503,10738.705149,51938.910793,5707.665163
2020-12-31,235.2233,1.5674,0.35,0.001389,3.1348,4.7022,3.1217,4.6801,14769.146975,77401.432147,11243.659937,53560.288291,5974.786832
2021-01-04,243.2567,3.4152,0.3467,0.001376,6.8304,10.2456,6.8173,10.2235,15273.542467,82688.255204,12395.639408,57211.660343,6585.617657
2021-01-05,245.0367,0.7317,0.3459,0.001373,1.4635,2.1952,1.4504,2.1731,15385.304611,83898.376139,12667.749808,58041.455319,6728.729743
2021-01-06,251.9933,2.839,0.3451,0.001369,5.6781,8.5171,5.665,8.495,15822.09806,88662.176656,13746.673546,61329.494931,7300.334457
2021-01-07,272.0133,7.9447,0.3442,0.001366,15.8893,23.834,15.8762,23.8119,17079.10938,102749.98717,17023.051469,71066.31293,9038.680745
2021-01-08,293.34,7.8403,0.3434,0.001363,15.6806,23.5209,15.6675,23.4988,18418.162702,118861.80057,21027.026111,82200.648683,11162.662956
2021-01-11,270.3967,-7.8214,0.341,0.001353,-15.6428,-23.4642,-15.6559,-23.4863,16977.602365,100268.458966,16093.195256,69331.411462,8540.965746
2021-01-12,283.1467,4.7153,0.3401,0.00135,9.4306,14.1459,9.4175,14.1238,17778.146367,109724.365829,18369.720053,75860.720362,9747.276359
2021-01-13,284.8033,0.5851,0.3393,0.001346,1.1702,1.7553,1.1571,1.7332,17882.165428,111008.34958,18692.161043,76738.533084,9916.218806
2021-01-14,281.6667,-1.1014,0.3385,0.001343,-2.2027,-3.3041,-2.2158,-3.3261,17685.219785,108563.163523,18074.561397,75038.195808,9586.394611
2021-01-15,275.3867,-2.2296,0.3377,0.00134,-4.4592,-6.6888,-4.4722,-6.7108,17290.912699,103722.146536,16865.598026,71682.324704,8943.070712
2021-01-19,281.5167,2.226,0.3344,0.001327,4.4519,6.6779,4.4389,6.6559,17675.802004,108339.779576,17991.8639,74864.226088,9538.309858
2021-01-20,283.4833,0.6986,0.3336,0.001324,1.3972,2.0958,1.3842,2.0738,17799.285119,109853.502514,18368.937269,75900.473923,9736.114085
2021-01-21,281.6633,-0.642,0.3327,0.00132,-1.284,-1.926,-1.2971,-1.9481,17685.010927,108442.949209,18015.142926,74916.000755,9546.449447
2021-01-22,282.2133,0.1953,0.3319,0.001317,0.3905,0.5858,0.3775,0.5638,17719.543431,108866.449835,18120.674328,75198.812419,9600.271699
2021-01-25,293.6,4.0348,0.3295,0.001307,8.0696,12.1043,8.0565,12.0824,18434.488134,117651.494656,20314.062691,81257.240479,10760.211284
2021-01-26,294.3633,0.26,0.3286,0.001304,0.52,0.78,0.507,0.758,18482.416306,118263.263327,20472.507433,81669.193014,10841.773943
2021-01-27,288.0533,-2.1436,0.3278,0.001301,-4.2872,-6.4308,-4.3002,-6.4528,18086.225664,113193.060651,19155.956219,78157.23467,10142.176804
2021-01-28,278.4767,-3.3246,0.327,0.001298,-6.6492,-9.9739,-6.6623,-9.9958,17484.926662,105666.573296,17245.365657,72950.202784,9128.381824
2021-01-29,264.51,-5.0154,0.3262,0.001294,-10.0307,-15.0461,-10.0437,-15.0681,16607.992285,95067.426683,14650.607164,65623.268517,7752.910481
2021-02-01,279.9367,5.8322,0.3237,0.001285,11.6643,17.4965,11.6513,17.4746,17576.598178,106156.409402,17213.950919,73269.261083,9107.698075
2021-02-02,290.93,3.9271,0.3229,0.001281,7.8541,11.7812,7.8412,11.7593,18266.843959,114494.088049,19241.963996,79014.419391,10178.698738
2021-02-03,284.8967,-2.0738,0.3221,0.001278,-4.1476,-6.2214,-4.1606,-6.2433,17888.024955,109745.316292,18044.840676,75726.947503,9543.2079
2021-02-04,283.33,-0.5499,0.3212,0.001275,-1.0998,-1.6497,-1.1128,-1.6717,17789.656563,108538.311006,17747.148454,74884.254211,9383.678818
2021-02-05,284.0767,0.2635,0.3204,0.001271,0.5271,0.7906,0.5141,0.7687,17836.538528,109110.383809,17887.458279,75269.228254,9455.810864
2021-02-08,287.8067,1.313,0.3179,0.001262,2.6261,3.9391,2.6131,3.9172,18070.737581,111975.687351,18592.061211,77236.081993,9826.213955
2021-02-09,283.1533,-1.6168,0.3171,0.001258,-3.2337,-4.8505,-3.2466,-4.8724,17778.564083,108354.769492,17690.253934,74728.512877,9347.443626
2021-02-10,268.2733,-5.2551,0.3163,0.001255,-10.5102,-15.7653,-10.5232,-15.7872,16844.283752,96966.478579,14901.335286,66864.719094,7871.747867
2021-02-11,270.5533,0.8499,0.3155,0.001252,1.6998,2.5496,1.6868,2.5278,16987.439779,98614.674019,15281.265236,67992.592982,8070.727395
2021-02-12,272.04,0.5495,0.3147,0.001249,1.099,1.6485,1.086,1.6266,17080.784078,99698.429742,15533.17235,68731.00967,8202.006485
2021-02-16,265.4067,-2.4384,0.3114,0.001236,-4.8767,-7.3151,-4.8897,-7.3369,16664.292032,94836.404351,14396.905532,65370.287285,7600.23064
2021-02-17,266.05,0.2424,0.3105,0.001232,0.4848,0.7272,0.4718,0.7053,16704.684063,95296.146056,14501.594094,65678.727026,7653.837379
2021-02-18,262.46,-1.3494,0.3097,0.001229,-2.6987,-4.0481,-2.7117,-4.0699,16479.276218,92724.352551,13914.554003,63897.734304,7342.331514
2021-02-19,260.4333,-0.7722,0.3089,0.001226,-1.5444,-2.3166,-1.5573,-2.3384,16352.02599,91292.348521,13592.216394,62902.655613,7170.640875
2021-02-22,238.1667,-8.5498,0.3064,0.001216,-17.0997,-25.6495,-17.1126,-25.6713,14953.952974,75681.638368,10105.875744,52138.366908,5329.841656
2021-02-23,232.9467,-2.1917,0.3056,0.001213,-4.3835,-6.5752,-4.3964,-6.597,14626.200765,72364.144432,9441.391289,49846.153139,4978.230966
2021-02-24,247.34,6.1788,0.3048,0.00121,12.3576,18.5364,12.3447,18.5146,15529.92552,81306.626461,11191.487402,55999.510548,5899.932394
2021-02-25,227.4067,-8.0591,0.304,0.001206,-16.1182,-24.1772,-16.1311,-24.199,14278.356011,68201.490258,8485.693795,46966.186056,4472.206276
2021-02-26,225.1667,-0.985,0.3032,0.001203,-1.97,-2.955,-1.9829,-2.9768,14137.712031,66857.900138,8234.937668,46034.874875,4339.076893
2021-03-01,239.4767,6.3553,0.3007,0.001193,12.7106,19.0659,12.6977,19.0441,15036.204792,75355.928557,9805.000463,51880.237242,5165.415989
2021-03-02,228.8133,-4.4528,0.2999,0.00119,-8.9055,-13.3583,-8.9184,-13.38,14366.678131,68645.085769,8495.219974,47253.337931,4474.281476
2021-03-03,217.7333,-4.8424,0.299,0.001187,-9.6848,-14.5271,-9.6976,-14.5489,13670.989582,61996.979688,7261.108538,42670.87712,3823.324264
2021-03-04,207.1467,-4.8622,0.2982,0.001183,-9.7244,-14.5867,-9.7373,-14.6084,13006.276241,55968.122849,6201.955719,38515.874655,3264.79828
2021-03-05,199.3167,-3.7799,0.2974,0.00118,-7.5599,-11.3398,-7.5727,-11.3615,12514.647927,51737.009602,5498.666713,35599.164064,2893.867589
2021-03-08,187.6667,-5.845,0.2949,0.00117,-11.6899,-17.5349,-11.7028,-17.5566,11783.17085,45688.987034,4534.480902,31433.061077,2385.80261
2021-03-09,224.5267,19.6412,0.2941,0.001167,39.2824,58.9236,39.2695,58.9019,14097.5279,63636.724628,7206.361325,43776.680124,3791.08624
2021-03-10,222.6867,-0.8195,0.2933,0.001164,-1.639,-2.4585,-1.6519,-2.4802,13981.997684,62593.709916,7029.191438,43053.540145,3697.059207
2021-03-11,233.2,4.7211,0.2925,0.001161,9.4423,14.1634,9.4294,14.1417,14642.106564,68503.976054,8024.764129,47113.231325,4219.886838
2021-03-12,231.2433,-0.8391,0.2916,0.001157,-1.6781,-2.5172,-1.691,-2.5388,14519.25194,67354.410558,7822.76873,46316.563513,4112.751072
2021-03-15,235.98,2.0483,0.2892,0.001148,4.0967,6.145,4.0838,6.1234,14816.656474,70113.71347,8303.48087,48208.057101,4364.590376
2021-03-16,225.6267,-4.3874,0.2884,0.001144,-8.7748,-13.1621,-8.7876,-13.1838,14166.593866,63961.407318,7210.565791,43971.723459,3789.172155
2021-03-17,233.9367,3.6831,0.2875,0.001141,7.3661,11.0492,7.3533,11.0276,14688.360039,68672.899578,8007.27727,47205.096712,4207.025983
2021-03-18,217.72,-6.9321,0.2867,0.001138,-13.8641,-20.7962,-13.877,-20.8179,13670.152233,59151.988842,6342.066409,40654.450339,3331.213251
2021-03-19,218.29,0.2618,0.2859,0.001134,0.5236,0.7854,0.5108,0.7638,13705.940761,59461.709255,6391.877095,40862.097082,3356.655974
2021-03-22,223.3333,2.3104,0.2834,0.001125,4.6208,6.9311,4.6079,6.9095,14022.60049,62209.295734,6834.907626,42744.995959,3588.58528
2021-03-23,220.72,-1.1701,0.2826,0.001121,-2.3403,-3.5104,-2.3531,-3.532,13858.515527,60753.415995,6594.972338,41739.154611,3461.83475
2021-03-24,210.09,-4.8161,0.2818,0.001118,-9.6321,-14.4482,-9.6449,-14.4698,13191.081281,54901.575608,5642.119116,37713.437364,2960.91496
2021-03-25,213.4633,1.6057,0.281,0.001115,3.2113,4.817,3.1985,4.7954,13402.885558,56664.643895,5913.899329,38919.703248,3102.902478
2021-03-26,206.2367,-3.3854,0.2801,0.001112,-6.7709,-10.1563,-6.7837,-10.1779,12949.139145,52827.950847,5313.2651,36279.509484,2787.09207
2021-03-29,203.7633,-1.1993,0.2777,0.001102,-2.3985,-3.5978,-2.4113,-3.6194,12793.844431,51560.854799,5122.104443,35404.686571,2686.216926
2021-03-30,211.8733,3.9801,0.2768,0.001099,7.9602,11.9403,7.9474,11.9188,13303.053242,55665.210094,5733.700291,38218.44246,3006.380711
2021-03-31,222.6433,5.0832,0.276,0.001095,10.1664,15.2497,10.1536,15.2281,13979.276779,61324.380901,6608.070187,42099.0053,3464.195549
2021-04-01,220.5833,-0.9252,0.2752,0.001092,-1.8505,-2.7757,-1.8633,-2.7973,13849.934137,60189.578639,6424.647553,41314.578904,3367.292091
2021-04-05,230.35,4.4277,0.2719,0.001079,8.8553,13.283,8.8425,13.2615,14463.162009,65519.557378,7278.032033,44967.834119,3813.84399
2021-04-06,230.54,0.0825,0.2711,0.001076,0.165,0.2474,0.1522,0.2259,14475.09088,65627.635309,7296.040274,45036.263064,3822.460081
2021-04-07,223.6567,-2.9857,0.2703,0.001073,-5.9715,-8.9572,-5.9843,-8.9787,14042.901893,61708.69049,6642.517278,42341.173958,3479.251383
2021-04-08,227.9333,1.9122,0.2695,0.001069,3.8243,5.7365,3.8115,5.715,14311.424591,64068.627805,7023.563876,43955.026275,3678.089739
2021-04-09,225.6733,-0.9915,0.2686,0.001066,-1.983,-2.9745,-1.9958,-2.996,14169.524588,62798.12696,6814.644687,43077.770327,3567.89256
2021-04-12,233.9933,3.6867,0.2662,0.001056,7.3735,11.0602,7.3607,11.0387,14691.918293,67428.535837,7568.359634,46248.604341,3961.743164
2021-04-13,254.1067,8.5957,0.2653,0.001053,17.1914,25.7871,17.1786,25.7656,15954.790098,79020.432153,9520.017913,54193.476999,4982.510066
2021-04-14,244.0767,-3.9472,0.2645,0.00105,-7.8943,-11.8415,-7.9071,-11.863,15325.027935,72782.295778,8392.704981,49908.350301,4391.436662
2021-04-15,246.2833,0.9041,0.2637,0.001046,1.8082,2.7123,1.7954,2.6908,15463.580459,74098.335238,8620.338586,50804.421528,4509.602382
2021-04-16,246.5933,0.1259,0.2629,0.001043,0.2517,0.3776,0.239,0.3562,15483.044513,74284.87082,8652.889922,50925.839559,4525.663758
2021-04-19,238.21,-3.3997,0.2604,0.001033,-6.7993,-10.199,-6.8121,-10.2204,14956.673879,69234.007016,7770.383807,47456.742512,4063.122491
2021-04-20,239.6633,0.6101,0.2596,0.00103,1.2202,1.8303,1.2075,1.8089,15047.924804,70078.802761,7912.605545,48029.767012,4136.619496
2021-04-21,248.04,3.4952,0.2588,0.001027,6.9904,10.4855,6.9776,10.4641,15573.876764,74977.562438,8742.284808,51381.104276,4569.480293
2021-04-22,239.8967,-3.2831,0.2579,0.001024,-6.5661,-9.8492,-6.5789,-9.8706,15062.575538,70054.431204,7881.238904,48000.808583,4118.444198
2021-04-23,243.1333,1.3492,0.2571,0.00102,2.6984,4.0476,2.6857,4.0262,15265.798425,71944.767116,8200.237759,49289.944681,4284.259628
2021-04-26,246.0667,1.2065,0.2547,0.001011,2.4129,3.6194,2.4002,3.598,15449.975932,73680.753339,8497.038354,50473.014801,4438.408503
2021-04-27,234.9133,-4.5326,0.2538,0.001007,-9.0653,-13.5979,-9.078,-13.6193,14749.682922,67001.37509,7341.615861,45891.069749,3833.927297
2021-04-28,231.4667,-1.4672,0.253,0.001004,-2.9344,-4.4016,-2.9471,-4.423,14533.274183,65035.274102,7018.46522,44538.600617,3664.352638
2021-04-29,225.6667,-2.5058,0.2522,0.001001,-5.0115,-7.5173,-5.0242,-7.5386,14169.105913,61776.024614,6490.868554,42300.884471,3388.110573
2021-04-30,236.48,4.7917,0.2514,0.000997,9.5834,14.3752,9.5707,14.3538,14848.050356,67696.297756,7423.942065,46349.393862,3874.433588
2021-05-03,228.3,-3.4591,0.2489,0.000988,-6.9181,-10.3772,-6.9308,-10.3985,14334.4469,63012.982213,6653.545505,43137.000521,3471.549437
2021-05-04,224.5333,-1.6499,0.2481,0.000984,-3.2997,-4.9496,-3.3124,-4.971,14097.946574,60933.71248,6324.220135,41708.1137,3298.980233
2021-05-05,223.6467,-0.3949,0.2473,0.000981,-0.7898,-1.1847,-0.8025,-1.206,14042.27436,60452.463005,6249.297875,41373.414697,3259.19403
2021-05-06,221.18,-1.1029,0.2464,0.000978,-2.2059,-3.3088,-2.2186,-3.3301,13887.397363,59118.961647,6042.52101,40455.523985,3150.658877
2021-05-07,224.1233,1.3307,0.2456,0.000975,2.6615,3.9922,2.6488,3.9709,14072.203361,60692.408195,6283.752847,41527.114424,3275.769142
2021-05-10,209.68,-6.4444,0.2432,0.000965,-12.8887,-19.3331,-12.9014,-19.3544,13165.338067,52869.917692,5068.907405,36169.528012,2641.763212
2021-05-11,205.7333,-1.8822,0.2423,0.000962,-3.7645,-5.6467,-3.7771,-5.668,12917.536404,50879.653034,4782.682241,34803.360188,2492.028814
2021-05-12,196.63,-4.4248,0.2415,0.000958,-8.8496,-13.2745,-8.8623,-13.2957,12345.958503,46376.985591,4147.806814,31718.979459,2160.695001
2021-05-13,190.5633,-3.0853,0.2407,0.000955,-6.1706,-9.256,-6.1833,-9.2772,11965.046127,43515.228399,3763.887425,29757.699091,1960.242216
2021-05-14,196.58,3.1573,0.2399,0.000952,6.3146,9.4719,6.3019,9.4506,12342.818923,46263.043883,4120.399451,31633.013936,2145.497673
2021-05-17,192.2767,-2.1891,0.2374,0.000942,-4.3782,-6.5673,-4.3908,-6.5885,12072.622484,44237.556873,3849.800668,30244.057328,2004.140614
2021-05-18,192.6233,0.1803,0.2366,0.000939,0.3606,0.5409,0.3479,0.5196,12094.388769,44397.072713,3870.623615,30349.28972,2014.554952
2021-05-19,187.82,-2.4936,0.2358,0.000936,-4.9873,-7.4809,-4.9999,-7.5022,11792.798448,42182.867817,3581.065546,28831.849923,1863.419992
2021-05-20,195.5933,4.1387,0.2349,0.000932,8.2774,12.4161,8.2648,12.3949,12280.868507,45674.523319,4025.695601,31214.740903,2094.3892
2021-05-21,193.6267,-1.0055,0.2341,0.000929,-2.011,-3.0165,-2.0236,-3.0377,12157.385392,44756.016225,3904.261494,30583.073544,2030.767976
2021-05-24,202.1467,4.4002,0.2316,0.000919,8.8004,13.2007,8.7878,13.1795,12692.337417,48694.744943,4419.650088,33270.658909,2298.412319
2021-05-25,201.5633,-0.2886,0.2308,0.000916,-0.5771,-0.8657,-0.5898,-0.8869,12655.71154,48413.711171,4381.389155,33074.443206,2278.027757
2021-05-26,206.3767,2.388,0.23,0.000913,4.776,7.164,4.7634,7.1428,12957.929393,50725.945901,4695.271315,34649.902123,2440.74265
2021-05-27,210.2833,1.893,0.2292,0.000909,3.786,5.679,3.7734,5.6578,13203.220926,52646.413997,4961.913522,35957.364982,2578.834209
2021-05-28,208.4067,-0.8925,0.2284,0.000906,-1.7849,-2.6774,-1.7975,-2.6985,13085.388479,51706.725752,4829.06539,35311.025204,2509.243484
2021-06-01,207.9667,-0.2111,0.2251,0.000893,-0.4223,-0.6334,-0.4349,-0.6545,13057.76171,51488.392179,4798.479028,35157.474081,2492.819685
2021-06-02,201.7067,-3.0101,0.2242,0.00089,-6.0202,-9.0303,-6.0328,-9.0514,12664.710647,48388.692901,4365.162663,33036.498666,2267.183843
2021-06-03,190.9467,-5.3345,0.2234,0.000887,-10.669,-16.0034,-10.6815,-16.0246,11989.114642,43226.126065,3666.586942,29507.689925,1903.877436
2021-06-04,199.6833,4.5754,0.2226,0.000883,9.1509,13.7263,9.1383,13.7052,12537.670235,47181.703091,4169.875175,32204.192458,2164.807825
2021-06-07,201.71,1.0149,0.2201,0.000874,2.0299,3.0448,2.0173,3.0237,12664.920463,48139.438037,4296.840765,32853.849703,2230.265494
2021-06-08,201.1967,-0.2545,0.2193,0.00087,-0.509,-0.7635,-0.5216,-0.7846,12632.689232,47894.415832,4264.035395,32682.496838,2212.767228
2021-06-09,199.5933,-0.7969,0.2185,0.000867,-1.5938,-2.3907,-1.6064,-2.4118,12532.019566,47131.076417,4162.095339,32157.495125,2159.39985
2021-06-10,203.3733,1.8939,0.2177,0.000864,3.7877,5.6816,3.7751,5.6605,12769.357241,48916.260362,4398.566888,33371.482442,2281.63177
2021-06-11,203.2967,-0.0377,0.2168,0.000861,-0.0754,-0.1131,-0.088,-0.1342,12764.542963,48879.375738,4393.591871,33342.125393,2278.570014
2021-06-14,205.8967,1.2789,0.2144,0.000851,2.5578,3.8368,2.5453,3.8157,12927.791535,50129.634098,4562.163735,34190.778273,2365.51341
2021-06-15,199.7867,-2.9675,0.2136,0.000847,-5.935,-8.9025,-5.9476,-8.9236,12544.158253,47154.432035,4156.015978,32157.257689,2154.424815
2021-06-16,201.6233,0.9193,0.2127,0.000844,1.8386,2.7579,1.8261,2.7369,12659.478652,48021.4281,4270.636683,32744.475124,2213.389121
2021-06-17,205.5333,1.9393,0.2119,0.000841,3.8785,5.8178,3.866,5.7967,12904.979043,49883.950194,4519.093117,34010.36855,2341.693477
2021-06-18,207.77,1.0882,0.2111,0.000838,2.1764,3.2647,2.1639,3.2436,13045.414165,50969.64876,4666.626729,34746.32049,2417.649408
2021-06-21,206.9433,-0.3979,0.2086,0.000828,-0.7958,-1.1936,-0.8083,-1.2147,12993.509063,50564.052624,4610.923998,34465.46794,2388.283163
2021-06-22,207.9033,0.4639,0.2078,0.000825,0.9278,1.3917,0.9153,1.3707,13053.785739,51033.184248,4675.094,34780.91856,2421.0189
2021-06-23,218.8567,5.2685,0.207,0.000821,10.537,15.8054,10.5244,15.7844,13741.521388,56410.527007,5414.012703,38441.410427,2803.162741
2021-06-24,226.6067,3.5411,0.2062,0.000818,7.0823,10.6234,7.0697,10.6024,14228.126566,60405.667534,5989.164436,41159.11671,3100.364975
2021-06-25,223.9567,-1.1694,0.2053,0.000815,-2.3389,-3.5083,-2.3514,-3.5293,14061.738414,58992.862085,5779.046963,40191.307988,2990.944154
2021-06-28,229.5733,2.5079,0.2029,0.000805,5.0159,7.5238,5.0033,7.5028,14414.396487,61951.857407,6213.849725,42202.216468,3215.348846
2021-06-29,226.92,-1.1558,0.2021,0.000802,-2.3115,-3.4673,-2.324,-3.4883,14247.799478,60519.817681,5998.396629,41221.41816,3103.188692
2021-06-30,226.5667,-0.1557,0.2012,0.000799,-0.3114,-0.4671,-0.3239,-0.4881,14225.614518,60331.349324,5970.376685,41087.8934,3088.04246
2021-07-01,225.9733,-0.2619,0.2004,0.000795,-0.5238,-0.7856,-0.5363,-0.8066,14188.360151,60015.355064,5923.470604,40867.552897,3063.13423
2021-07-02,226.3,0.1446,0.1996,0.000792,0.2891,0.4337,0.2766,0.4127,14208.87137,60188.875906,5949.160169,40980.604416,3075.777072
2021-07-06,219.86,-2.8458,0.1963,0.000779,-5.6916,-8.5373,-5.704,-8.5583,13804.518011,56763.188742,5441.259964,38643.051365,2812.54389
2021-07-07,214.8833,-2.2636,0.1955,0.000776,-4.5271,-6.7907,-4.5396,-6.8116,13492.044069,54193.447828,5071.760946,36888.8084,2620.964507
2021-07-08,217.6033,1.2658,0.1947,0.000772,2.5316,3.7974,2.5191,3.7765,13662.826866,55565.413195,5264.356563,37818.084944,2719.945264
2021-07-09,218.9833,0.6342,0.1938,0.000769,1.2684,1.9026,1.2559,1.8816,13749.474288,56270.186791,5364.513638,38293.039202,2771.12505
2021-07-12,228.5667,4.3763,0.1914,0.000759,8.7526,13.1288,8.7401,13.108,14351.190048,61195.270836,6068.812363,41639.888404,3134.363067
2021-07-13,222.8467,-2.5026,0.1905,0.000756,-5.0051,-7.5077,-5.0176,-7.5285,13992.043957,58132.383053,5613.186683,39550.578748,2898.391433
2021-07-14,217.7933,-2.2676,0.1897,0.000753,-4.5353,-6.8029,-4.5477,-6.8237,13674.756694,55495.932693,5231.328398,37751.932436,2700.61246
2021-07-15,216.8667,-0.4255,0.1889,0.00075,-0.851,-1.2764,-0.8634,-1.2973,13616.573391,55023.684923,5164.553689,37425.976508,2665.577328
2021-07-16,214.74,-0.9806,0.1881,0.000746,-1.9613,-2.9419,-1.9737,-2.9628,13483.044962,53944.525576,5012.617944,36687.294013,2586.602862
2021-07-19,215.4067,0.3104,0.1856,0.000737,0.6209,0.9313,0.6085,0.9105,13524.902833,54279.465199,5059.302691,36910.519134,2610.154046
2021-07-20,220.1667,2.2098,0.1848,0.000733,4.4196,6.6293,4.4071,6.6085,13823.773207,56678.376933,5394.700817,38537.208906,2782.646163
2021-07-21,218.43,-0.7888,0.184,0.00073,-1.5776,-2.3664,-1.59,-2.3872,13714.731009,55784.216608,5267.040296,37924.451728,2716.217968
2021-07-22,216.42,-0.9202,0.1832,0.000727,-1.8404,-2.7606,-1.8528,-2.7814,13588.527947,54757.56301,5121.638257,37221.774323,2640.668511
2021-07-23,214.46,-0.9056,0.1823,0.000724,-1.8113,-2.7169,-1.8237,-2.7377,13465.464464,53765.747498,4982.487061,36542.955297,2568.373883
2021-07-26,219.2067,2.2133,0.1799,0.000714,4.4266,6.6399,4.4142,6.6191,13763.496531,56145.749596,5313.320264,38156.032199,2738.377849
2021-07-27,214.9267,-1.9525,0.179,0.00071,-3.905,-5.8575,-3.9174,-5.8783,13494.764974,53953.263892,5002.093356,36661.305325,2577.408591
2021-07-28,215.66,0.3412,0.1782,0.000707,0.6824,1.0236,0.67,1.0028,13540.809591,54321.444789,5053.295315,36906.933695,2603.255647
2021-07-29,225.7833,4.6941,0.1774,0.000704,9.3882,14.0824,9.3758,14.0616,14176.43128,59421.271101,5764.918372,40367.264063,2969.314611
2021-07-30,229.0667,1.4542,0.1766,0.000701,2.9084,4.3626,2.896,4.3418,14382.58393,61149.470854,6016.417465,41536.291414,3098.236672
2021-08-02,236.5567,3.2698,0.1741,0.000691,6.5396,9.8094,6.5272,9.7886,14852.864634,65148.392926,6606.590632,44247.44344,3401.511649
2021-08-03,236.58,0.0099,0.1733,0.000688,0.0197,0.0296,0.0073,0.0088,14854.329516,65161.243604,6608.545381,44250.687328,3401.812597
2021-08-04,236.9733,0.1663,0.1725,0.000684,0.3325,0.4988,0.3201,0.478,14879.025564,65377.911103,6641.506469,44392.342198,3418.074309
2021-08-05,238.21,0.5219,0.1716,0.000681,1.0437,1.5656,1.0313,1.5449,14956.673879,66060.278993,6745.485413,44850.178635,3470.878957
2021-08-06,233.0333,-2.1732,0.1708,0.000678,-4.3463,-6.5195,-4.3587,-6.5402,14631.642575,63189.098037,6305.716397,42895.298908,3243.877304
2021-08-09,237.92,2.097,0.1684,0.000668,4.194,6.2909,4.1816,6.2702,14938.464891,65839.220915,6702.40484,44689.00076,3447.275954
2021-08-10,236.6633,-0.5282,0.1675,0.000665,-1.0564,-1.5846,-1.0687,-1.6053,14859.56151,65143.70941,6596.200675,44211.387124,3391.938117
2021-08-11,235.94,-0.3056,0.1667,0.000662,-0.6113,-0.9169,-0.6236,-0.9376,14814.145384,64745.504539,6535.719641,43935.667532,3360.135465
2021-08-12,240.75,2.0387,0.1659,0.000658,4.0773,6.116,4.0649,6.0953,15116.15438,67385.376672,6935.441544,45721.62651,3564.945024
2021-08-13,239.0567,-0.7034,0.1651,0.000655,-1.4067,-2.1101,-1.4191,-2.1307,15009.834046,66437.458891,6789.099072,45072.803349,3488.985233
2021-08-16,228.7233,-4.3225,0.1626,0.000645,-8.6451,-12.9676,-8.6575,-12.9883,14361.026504,60693.874484,5908.71252,41170.647453,3035.825197
2021-08-17,221.9033,-2.9818,0.1618,0.000642,-5.9635,-8.9453,-5.9759,-8.9659,13932.814446,57074.377105,5380.16076,38710.339675,2763.634811
2021-08-18,229.6633,3.497,0.161,0.000639,6.994,10.491,6.9817,10.4704,14420.047156,61066.176973,5944.595961,41412.974174,3052.998558
2021-08-19,224.49,-2.2526,0.1601,0.000635,-4.5051,-6.7577,-4.5175,-6.7783,14095.225669,58315.061638,5542.877614,39542.151567,2846.055859
2021-08-20,226.7533,1.0082,0.1593,0.000632,2.0164,3.0246,2.0041,3.004,14237.334531,59490.933133,5710.52843,40334.605052,2931.55102
2021-08-23,235.4333,3.828,0.1568,0.000622,7.6559,11.4839,7.6436,11.4632,14782.332828,64045.501569,6366.31725,43417.610735,3267.601906
2021-08-24,236.1633,0.3101,0.156,0.000619,0.6201,0.9302,0.6078,0.9096,14828.167628,64442.666589,6425.536362,43681.504688,3297.323712
2021-08-25,237.0667,0.3825,0.1552,0.000616,0.765,1.1475,0.7527,1.1269,14884.886049,64935.658901,6499.270276,44010.289665,3334.48181
2021-08-26,233.72,-1.4117,0.1544,0.000613,-2.8234,-4.2351,-2.8357,-4.2557,14674.75647,63102.268625,6224.020149,42762.28364,3192.57683
2021-08-27,237.3067,1.5346,0.1536,0.000609,3.0692,4.6038,3.0569,4.5832,14899.955457,65039.004956,6510.561811,44069.478184,3338.899642
2021-08-30,243.6367,2.6674,0.1511,0.0006,5.3349,8.0023,5.3226,7.9817,15297.402124,68508.751664,7031.556876,46415.104626,3605.401981
2021-08-31,245.24,0.6581,0.1503,0.000596,1.3162,1.9743,1.3039,1.9537,15398.071789,69410.441119,7170.377403,47020.294531,3675.840449
2021-09-01,244.6967,-0.2216,0.1495,0.000593,-0.4431,-0.6647,-0.4554,-0.6852,15363.957001,69102.880212,7122.718987,46806.162189,3650.653289
2021-09-02,244.13,-0.2316,0.1486,0.00059,-0.4632,-0.6947,-0.4755,-0.7153,15328.377332,68782.82495,7073.234863,46583.620522,3624.540855
2021-09-03,244.5233,0.1611,0.1478,0.000587,0.3222,0.4833,0.3099,0.4628,15353.07338,69004.461451,7107.42262,46727.998826,3641.315288
2021-09-07,250.9733,2.6378,0.1445,0.000573,5.2756,7.9134,5.2633,7.8928,15758.054271,72644.838543,7669.85796,49187.427923,3928.71846
2021-09-08,251.29,0.1262,0.1437,0.00057,0.2524,0.3785,0.2401,0.358,15777.937,72828.157824,7698.890295,49305.513883,3942.784039
2021-09-09,251.62,0.1313,0.1429,0.000567,0.2626,0.394,0.2504,0.3735,15798.657077,73019.438225,7729.221561,49428.961526,3957.509166
2021-09-10,245.4233,-2.4627,0.1421,0.000564,-4.9254,-7.3881,-4.9377,-7.4086,15409.582943,69422.933212,7158.178053,46988.3187,3664.312984
2021-09-13,247.6667,0.9141,0.1396,0.000554,1.8281,2.7422,1.8159,2.7217,15550.436739,70692.076411,7354.469522,47841.566525,3764.045536
2021-09-14,248.1633,0.2005,0.1388,0.000551,0.4011,0.6016,0.3888,0.5811,15581.620805,70975.601102,7398.714375,48027.580736,3785.919856
2021-09-15,251.9433,1.5232,0.1379,0.000547,3.0464,4.5696,3.0341,4.5491,15818.95848,73137.787477,7736.803785,49484.798074,3958.145507
2021-09-16,252.33,0.1535,0.1371,0.000544,0.307,0.4604,0.2947,0.44,15843.236812,73362.285628,7772.426236,49630.63069,3975.560364
2021-09-17,253.1633,0.3303,0.1363,0.000541,0.6605,0.9908,0.6483,0.9703,15895.559629,73846.848418,7849.432326,49952.36594,4014.13575
2021-09-20,243.39,-3.8605,0.1338,0.000531,-7.721,-11.5815,-7.7332,-11.6019,15281.914041,68145.156395,6940.354011,46089.446528,3548.420527
2021-09-21,246.46,1.2614,0.133,0.000528,2.5227,3.7841,2.5105,3.7636,15474.672939,69864.258492,7202.981125,47246.509195,3681.970251
2021-09-22,250.6467,1.6987,0.1322,0.000525,3.3974,5.0962,3.3852,5.0757,15737.54401,72237.852114,7570.056159,48845.900528,3868.857492
2021-09-23,251.2133,0.2261,0.1314,0.000521,0.4522,0.6782,0.4399,0.6578,15773.12368,72564.484898,7621.39964,49060.79087,3894.308256
2021-09-24,258.13,2.7533,0.1305,0.000518,5.5066,8.2599,5.4944,8.2395,16207.406039,76560.329519,8250.920999,51756.380873,4215.180439
2021-09-27,263.7867,2.1914,0.1281,0.000508,4.3828,6.5742,4.3706,6.5538,16562.57616,79915.825322,8793.354612,54018.444237,4491.436509
2021-09-28,259.1867,-1.7438,0.1273,0.000505,-3.4877,-5.2315,-3.4999,-5.2519,16273.752058,77128.624078,8333.329664,52127.86212,4255.551567
2021-09-29,260.4367,0.4823,0.1264,0.000502,0.9646,1.4468,0.9523,1.4265,16352.236764,77872.57266,8453.89908,52624.300599,4316.255524
2021-09-30,258.4933,-0.7462,0.1256,0.000498,-1.4924,-2.2385,-1.5046,-2.2589,16230.219489,76710.432059,8264.654927,51832.532884,4218.755417
2021-10-01,258.4067,-0.0335,0.1248,0.000495,-0.0671,-0.1006,-0.0793,-0.1209,16224.777678,76658.991763,8256.341789,51791.450769,4213.653164
2021-10-04,260.51,0.814,0.1223,0.000485,1.6279,2.4419,1.6157,2.4216,16356.841226,77906.942102,8457.952278,52628.262071,4315.688902
2021-10-05,260.1967,-0.1203,0.1215,0.000482,-0.2406,-0.3609,-0.2528,-0.3812,16337.166398,77719.521356,8427.431332,52495.239644,4299.238167
2021-10-06,260.9167,0.2767,0.1207,0.000479,0.5534,0.8301,0.5412,0.8098,16382.373665,78149.643335,8497.391042,52779.36658,4334.054251
2021-10-07,264.5367,1.3874,0.1199,0.000476,2.7749,4.1623,2.7627,4.142,16609.666983,80318.180339,8851.07609,54237.486351,4513.56912
2021-10-08,261.83,-1.0232,0.119,0.000472,-2.0464,-3.0696,-2.0585,-3.0899,16439.719619,78674.575678,8579.387852,53120.982941,4374.106144
2021-10-11,263.98,0.8212,0.1166,0.000463,1.6423,2.4635,1.6301,2.4432,16574.714846,79966.652729,8790.737517,53986.927613,4480.972919
2021-10-12,268.5733,1.74,0.1158,0.000459,3.4801,5.2201,3.4679,5.1998,16863.119315,82749.534995,9249.621065,55859.133674,4713.974389
2021-10-13,270.36,0.6652,0.1149,0.000456,1.3305,1.9957,1.3183,1.9754,16975.299176,83850.497536,9434.21702,56595.532106,4807.095958
2021-10-14,272.7733,0.8926,0.1141,0.000453,1.7853,2.6779,1.7731,2.6577,17126.828694,85347.475622,9686.859817,57599.047325,4934.852735
2021-10-15,281.01,3.0196,0.1133,0.00045,6.0392,9.0588,6.027,9.0385,17643.990405,90501.780285,10564.37306,61070.56725,5380.891159
2021-10-18,290.0367,3.2122,0.1108,0.00044,6.4244,9.6367,6.4123,9.6164,18210.754986,96316.020992,11582.427197,64986.596985,5898.34073
2021-10-19,288.09,-0.6712,0.11,0.000437,-1.3424,-2.0136,-1.3545,-2.0338,18088.526936,95023.101571,11349.208285,64106.343791,5778.380495
2021-10-20,288.6,0.177,0.1092,0.000433,0.3541,0.5311,0.3419,0.5109,18120.54931,95359.543033,11409.483274,64325.538261,5807.900082
2021-10-21,298.0,3.2571,0.1084,0.00043,6.5142,9.7713,6.5021,9.7511,18710.753916,101571.456433,12524.33848,68508.027093,6374.232959
2021-10-22,303.2267,1.7539,0.1075,0.000427,3.5078,5.2617,3.4957,5.2415,19038.923841,105134.401831,13183.335639,70902.854276,6708.339256
2021-10-25,341.62,12.6616,0.1051,0.000417,25.3232,37.9848,25.3111,37.9646,21449.555911,131757.793233,18190.998667,88849.127791,9255.133161
2021-10-26,339.4767,-0.6274,0.1042,0.000414,-1.2548,-1.8822,-1.2669,-1.9024,21314.980316,130104.483164,17848.60494,87723.471444,9079.062809
2021-10-27,345.9533,1.9078,0.1034,0.00041,3.8157,5.7235,3.8036,5.7033,21721.636863,135068.864005,18870.175492,91060.095961,9596.87315
2021-10-28,359.0133,3.7751,0.1026,0.000407,7.5501,11.3252,7.538,11.305,22541.644919,145266.765498,21007.265252,97924.238997,10681.804001
2021-10-29,371.3333,3.4316,0.1018,0.000404,6.8633,10.2949,6.8511,10.2747,23315.190641,155236.799669,23169.939747,104633.174157,11779.328966
2021-11-01,402.8633,8.491,0.0993,0.000394,16.982,25.4731,16.9699,25.4529,25294.888789,181599.183709,29072.034331,122389.366367,14777.51156
2021-11-02,390.6667,-3.0275,0.0985,0.000391,-6.055,-9.0825,-6.0671,-9.1026,24529.08615,170603.354845,26431.567224,114963.885705,13432.36709
2021-11-03,404.62,3.5717,0.0977,0.000388,7.1433,10.715,7.1313,10.6949,25405.185094,182790.145506,29263.71531,123162.252024,14868.942787
2021-11-04,409.97,1.3222,0.0968,0.000384,2.6445,3.9667,2.6324,3.9466,25741.100019,187623.957012,30424.515992,126404.336848,15455.753887
2021-11-05,407.3633,-0.6358,0.096,0.000381,-1.2716,-1.9075,-1.2837,-1.9276,25577.433731,185238.067008,29844.183264,124781.657329,15157.832147
2021-11-08,387.6467,-4.8401,0.0936,0.000371,-9.6801,-14.5202,-9.6922,-14.5403,24339.46779,167306.759256,25510.744328,112687.545165,12953.834774
2021-11-09,341.1667,-11.9903,0.0927,0.000368,-23.9806,-35.9709,-23.9927,-35.991,21421.091792,127185.583656,16334.297506,85650.78207,8291.618692
2021-11-10,355.9833,4.3429,0.0919,0.000365,8.6859,13.0288,8.6738,13.0087,22351.398068,138232.784039,18462.466271,93079.976122,9370.253892
2021-11-11,354.5033,-0.4158,0.0911,0.000361,-0.8315,-1.2473,-0.8436,-1.2673,22258.471486,137083.370471,18232.191563,92294.778011,9251.500287
2021-11-12,344.4733,-2.8293,0.0903,0.000358,-5.6586,-8.4879,-5.6707,-8.508,21628.710282,129326.3429,16684.655796,87061.031895,8464.381519
2021-11-15,337.7967,-1.9382,0.0878,0.000348,-3.8764,-5.8147,-3.8885,-5.8347,21209.497331,124313.073304,15714.497562,83675.660453,7970.507261
2021-11-16,351.5767,4.0794,0.087,0.000345,8.1588,12.2381,8.1467,12.2181,22074.712653,134455.470753,17637.658285,90492.467284,8944.349823
2021-11-17,363.0033,3.2501,0.0862,0.000342,6.5002,9.7504,6.4882,9.7303,22792.167487,143195.401273,19357.393902,96363.793561,9814.663106
2021-11-18,365.46,0.6768,0.0853,0.000339,1.3535,2.0303,1.3415,2.0102,22946.415994,145133.582609,19750.403795,97656.49173,10011.961457
2021-11-19,379.02,3.7104,0.0845,0.000335,7.4208,11.1312,7.4087,11.1111,23797.817932,155903.631708,21948.855884,104891.609106,11124.404463
2021-11-22,385.6233,1.7422,0.0821,0.000326,3.4844,5.2266,3.4724,5.2066,24212.426421,161335.975917,23096.042825,108533.857424,11703.609966
2021-11-23,369.6767,-4.1353,0.0812,0.000322,-8.2706,-12.4059,-8.2826,-12.4259,23211.17158,147992.544399,20230.775509,99544.4156,10249.332312
2021-11-24,372.0,0.6285,0.0804,0.000319,1.257,1.8854,1.2449,1.8654,23357.048512,149852.743341,20612.212973,100783.672954,10440.526277
2021-11-26,360.64,-3.0538,0.0788,0.000313,-6.1075,-9.1613,-6.1195,-9.1813,22643.780424,140700.45856,18723.870735,94616.177867,9481.953503
2021-11-29,378.9967,5.09,0.0763,0.000303,10.18,15.2701,10.168,15.2501,23796.354008,155023.829373,21583.018598,104236.785318,10927.960678
2021-11-30,381.5867,0.6834,0.0755,0.0003,1.3668,2.0501,1.3548,2.0302,23958.974089,157142.64032,22025.502211,105648.94235,11149.818267
2021-12-01,365.0,-4.3468,0.0747,0.000296,-8.6935,-13.0403,-8.7055,-13.0602,22917.534159,143481.402593,19153.312768,96451.642485,9693.624353
2021-12-02,361.5333,-0.9498,0.0738,0.000293,-1.8995,-2.8493,-1.9115,-2.8693,22699.869396,140755.904712,18607.57326,94607.923827,9415.487823
2021-12-03,338.3233,-6.4199,0.073,0.00029,-12.8398,-19.2596,-12.8517,-19.2796,21242.565911,122683.195404,15023.823827,82449.151641,7600.221995
2021-12-06,336.3367,-0.5872,0.0705,0.00028,-1.1744,-1.7616,-1.1864,-1.7816,21117.827731,121242.382778,14759.160256,81470.971967,7464.820174
2021-12-07,350.5833,4.2358,0.0697,0.000277,8.4717,12.7075,8.4597,12.6876,22012.344521,131513.64254,16634.682232,88363.164648,8411.926173
2021-12-08,356.32,1.6363,0.0689,0.000273,3.2726,4.909,3.2607,4.889,22372.53682,135817.609449,17451.271908,91244.386428,8823.189175
2021-12-09,334.6,-6.0956,0.0681,0.00027,-12.1913,-18.2869,-12.2033,-18.3068,21008.786491,119259.691946,14259.969376,80109.591534,7207.942124
2021-12-10,339.01,1.318,0.0673,0.000267,2.636,3.954,2.624,3.9341,21285.680764,122403.360019,14823.805444,82211.676948,7491.508277
2021-12-13,322.1367,-4.9772,0.0648,0.000257,-9.9545,-14.9317,-9.9664,-14.9516,20226.240704,110218.734632,12610.354978,74018.091672,6371.407297
2021-12-14,319.5033,-0.8175,0.064,0.000254,-1.6349,-2.4524,-1.6469,-2.4722,20060.899718,108416.751301,12301.101979,72799.105597,6213.890419
2021-12-15,325.33,1.8237,0.0632,0.000251,3.6473,5.471,3.6354,5.4511,20426.742685,112371.061087,12974.093478,75445.620025,6552.61699
2021-12-16,308.9733,-5.0277,0.0623,0.000247,-10.0554,-15.0831,-10.0674,-15.103,19399.744631,101071.671567,11017.192816,67850.22258,5562.975273
2021-12-17,310.8567,0.6095,0.0615,0.000244,1.2191,1.8286,1.2071,1.8088,19517.994793,102303.826096,11218.657041,68669.269394,5663.597347
2021-12-20,299.98,-3.4989,0.059,0.000234,-6.9979,-10.4968,-7.0098,-10.5166,18835.07438,95144.75346,10041.05914,63855.694462,5067.978617
2021-12-21,312.8433,4.2881,0.0582,0.000231,8.5761,12.8642,8.5642,12.8443,19642.732974,103304.474655,11332.757948,69324.408029,5718.927112
2021-12-22,336.29,7.4947,0.0574,0.000228,14.9894,22.4841,14.9775,22.4643,21114.897967,118789.206991,13880.828455,79707.455249,7003.643824
2021-12-23,355.6667,5.7619,0.0566,0.000225,11.5238,17.2857,11.5118,17.2658,22331.514382,132478.205091,16280.221117,88883.251365,8212.882098
2021-12-27,364.6467,2.5248,0.0533,0.000211,5.0497,7.5745,5.0378,7.5547,22895.349199,139167.928266,17513.369306,93360.976686,8833.343121
2021-12-28,362.8233,-0.5,0.0525,0.000208,-1.0001,-1.5001,-1.012,-1.5199,22780.866149,137776.172345,17250.6543,92416.19197,8699.088312
2021-12-29,362.0633,-0.2095,0.0516,0.000205,-0.4189,-0.6284,-0.4309,-0.6482,22733.146835,137198.970017,17142.248931,92018.01372,8642.701863
2021-12-30,356.78,-1.4592,0.0508,0.000202,-2.9185,-4.3777,-2.9304,-4.3974,22401.418655,133194.881632,16391.81604,89321.553088,8262.643461
2021-12-31,352.26,-1.2669,0.05,0.000198,-2.5338,-3.8007,-2.5457,-3.8204,22117.618648,129820.032124,15768.820115,87047.718494,7946.976261
2022-01-03,399.9267,13.5317,0.0662,0.000263,27.0633,40.595,27.0514,40.5751,25110.501466,164953.664701,22170.17347,110595.317005,11171.471005
2022-01-04,383.1967,-4.1833,0.0716,0.000284,-8.3665,-12.5498,-8.3785,-12.5697,24060.06147,151152.751406,19387.859034,101329.055412,9767.245889
2022-01-05,362.7067,-5.3471,0.077,0.000306,-10.6942,-16.0414,-10.7063,-16.0613,22773.540782,134988.10927,16277.781974,90480.50877,8198.4953
2022-01-06,354.9,-2.1523,0.0824,0.000327,-4.3047,-6.457,-4.3167,-6.477,22283.377351,129177.310193,15226.723614,86574.729379,7667.476213
2022-01-07,342.32,-3.5447,0.0878,0.000348,-7.0893,-10.634,-7.1014,-10.654,21493.508112,120019.525715,13607.518357,80426.739098,6850.580844
2022-01-10,352.7067,3.0342,0.104,0.000413,6.0684,9.1026,6.0563,9.0824,22145.663134,127302.779431,14846.154422,85297.600973,7472.777709
2022-01-11,354.8,0.5935,0.1094,0.000434,1.187,1.7805,1.1749,1.7603,22277.098191,128813.869701,15110.491299,86299.73227,7604.319095
2022-01-12,368.74,3.929,0.1148,0.000455,7.8579,11.7869,7.8458,11.7666,23152.359786,138935.9989,16891.553528,93070.626319,8499.092612
2022-01-13,343.8533,-6.7491,0.1202,0.000477,-13.4982,-20.2473,-13.5104,-20.2676,21589.782174,120182.119524,13471.466295,80496.414417,6776.527054
2022-01-14,349.87,1.7498,0.1256,0.000498,3.4996,5.2493,3.4873,5.229,21967.55497,124387.954949,14178.62769,83303.603795,7130.869348
2022-01-18,343.5033,-1.8197,0.1472,0.000584,-3.6394,-5.4592,-3.6517,-5.4797,21567.806073,119860.919704,13404.591964,80261.574001,6740.118721
2022-01-19,331.8833,-3.3828,0.1525,0.000605,-6.7656,-10.1484,-6.7779,-10.1689,20838.212553,111751.634031,12044.244499,74821.531934,6054.719765
2022-01-20,332.09,0.0623,0.1579,0.000627,0.1245,0.1868,0.1122,0.1662,20851.188588,111890.810384,12066.744492,74905.487425,6064.782259
2022-01-21,314.6333,-5.2566,0.1633,0.000648,-10.5132,-15.7698,-10.5256,-15.7905,19755.12361,100127.490685,10163.840589,67021.259441,5107.123933
2022-01-24,310.0,-1.4726,0.1795,0.000712,-2.9452,-4.4178,-2.9576,-4.4386,19464.207094,97178.509822,9714.81848,65039.008673,4880.437653
2022-01-25,306.1333,-1.2473,0.1849,0.000734,-2.4946,-3.7419,-2.5071,-3.7628,19221.427609,94754.270452,9351.296049,63408.438338,4696.797998
2022-01-26,312.47,2.0699,0.1903,0.000755,4.1398,6.2097,4.1273,6.1888,19619.292949,98676.917705,9931.984955,66025.525816,4987.475318
2022-01-27,276.3667,-11.5542,0.1957,0.000777,-23.1084,-34.6625,-23.1208,-34.6834,17352.445398,75874.309084,6489.308019,50759.873487,3257.647052
2022-01-28,282.1167,2.0806,0.2011,0.000798,4.1611,6.2417,4.1486,6.2207,17713.475046,79031.544211,6894.351666,52865.714905,3460.297018
2022-01-31,312.24,10.6776,0.2173,0.000862,21.3552,32.0328,21.3427,32.0117,19604.851074,95908.906534,9102.807901,64148.661552,4567.998453
2022-02-01,310.4167,-0.584,0.2227,0.000884,-1.1679,-1.7519,-1.1805,-1.773,19490.368024,94788.781305,8943.339633,63391.389518,4487.008268
2022-02-02,301.8867,-2.7479,0.2281,0.000905,-5.4958,-8.2438,-5.5084,-8.2649,18954.788466,89579.343139,8206.072403,59899.506607,4116.160043
2022-02-03,297.0467,-1.6032,0.2335,0.000927,-3.2065,-4.8097,-3.2191,-4.831,18650.895915,86706.982393,7811.380958,57971.262441,3917.309718
2022-02-04,307.7733,3.6111,0.2389,0.000948,7.2222,10.8333,7.2096,10.8121,19324.400463,92969.153096,8657.613862,62150.739769,4340.852055
2022-02-07,302.4467,-1.7307,0.2551,0.001012,-3.4614,-5.1922,-3.4742,-5.2135,18989.949461,89751.084168,8208.097051,59991.526165,4114.539755
2022-02-08,307.3333,1.6157,0.2605,0.001034,3.2314,4.8472,3.2187,4.8257,19296.773693,92651.334901,8605.956415,61922.472249,4313.096115
2022-02-09,310.6667,1.0846,0.2659,0.001055,2.1692,3.2538,2.1564,3.2323,19506.064965,94661.112913,8885.97497,63257.782445,4452.508356
2022-02-10,301.5167,-2.9453,0.2713,0.001077,-5.8906,-8.8358,-5.9033,-8.8573,18931.5573,89085.048747,8100.825212,59523.462311,4058.134131
2022-02-11,286.6667,-4.9251,0.2767,0.001098,-9.8502,-14.7753,-9.863,-14.7969,17999.158609,80309.987984,6903.903263,53652.657125,3457.657303
2022-02-14,291.92,1.8326,0.2929,0.001162,3.6651,5.4977,3.6523,5.476,18329.005149,83253.455755,7283.459105,55612.193976,3646.998956
2022-02-15,307.4767,5.3291,0.2983,0.001184,10.6582,15.9872,10.6453,15.9655,19305.771842,92126.736328,8447.882412,61532.258218,4229.260464
2022-02-16,307.7967,0.1041,0.3037,0.001205,0.2082,0.3122,0.1952,0.2905,19325.864386,92318.498727,8474.258895,61652.39334,4241.544385
2022-02-17,292.1167,-5.0943,0.3091,0.001226,-10.1885,-15.2828,-10.2015,-15.3046,18341.352694,82912.59174,7179.154034,55362.941319,3592.391808
2022-02-18,285.66,-2.2103,0.3145,0.001248,-4.4206,-6.6309,-4.4336,-6.6528,17935.953128,79247.351857,6703.110749,52908.391384,3353.398192
2022-02-22,273.8433,-4.1366,0.3361,0.001334,-8.2732,-12.4099,-8.2863,-12.4319,17194.010146,72691.02155,5871.26324,48524.249514,2936.506919
2022-02-23,254.68,-6.9979,0.3415,0.001355,-13.9958,-20.9938,-14.0089,-21.0158,15990.787484,62517.305969,4638.664749,41726.537614,2319.375681
2022-02-24,266.9233,4.8073,0.3468,0.001376,9.6147,14.422,9.6016,14.3999,16759.519887,68528.15176,5307.654673,45732.956299,2653.363893
2022-02-25,269.9567,1.1364,0.3522,0.001398,2.2728,3.4092,2.2597,3.387,16949.975596,70085.663887,5488.603735,46766.384878,2743.23462
2022-02-28,290.1433,7.4777,0.3684,0.001462,14.9555,22.4332,14.9423,22.411,18217.451862,80567.320938,6719.875414,53754.370238,3358.019597
2022-03-01,288.1233,-0.6962,0.3738,0.001483,-1.3924,-2.0886,-1.4056,-2.111,18090.619351,79445.478464,6579.521206,52998.788869,3287.132642
2022-03-02,293.2967,1.7955,0.3792,0.001505,3.5911,5.3866,3.5778,5.3642,18415.441796,82298.412804,6933.93298,54895.005073,3463.46148
2022-03-03,279.7633,-4.6142,0.3846,0.001526,-9.2284,-13.8426,-9.2417,-13.865,17565.714557,74703.568879,5974.0942,49821.798884,2983.250847
2022-03-04,279.43,-0.1192,0.39,0.001548,-0.2383,-0.3575,-0.2516,-0.3799,17544.784663,74525.547342,5952.739449,49696.468162,2971.916987
2022-03-07,268.1933,-4.0213,0.4062,0.001612,-8.0426,-12.0638,-8.0559,-12.0864,16839.259658,68531.78473,5234.610396,45692.980651,2612.718304
2022-03-08,274.8,2.4634,0.4116,0.001633,4.9268,7.3902,4.9134,7.3676,17254.077006,71908.200764,5621.457664,47938.081803,2805.211651
2022-03-09,286.3233,4.1934,0.417,0.001655,8.3867,12.5801,8.3734,12.5574,17977.602141,77938.93665,6328.641117,51952.10703,3157.473239
2022-03-10,279.4333,-2.4064,0.4224,0.001676,-4.8128,-7.2191,-4.8261,-7.2418,17544.993521,74187.929645,5871.768503,49444.828912,2928.813948
2022-03-11,265.1167,-5.1235,0.4278,0.001698,-10.2469,-15.3704,-10.2603,-15.3931,16646.083044,66585.953937,4969.255619,44371.630658,2477.977629
2022-03-14,255.4567,-3.6437,0.444,0.001762,-7.2874,-10.931,-7.3008,-10.9539,16039.553006,61733.595449,4426.064265,41132.1339,2206.541704
2022-03-15,267.2967,4.6348,0.4494,0.001783,9.2697,13.9045,9.2562,13.8816,16782.959911,67456.096711,5041.486665,44939.398843,2512.844444
2022-03-16,280.0767,4.7812,0.4548,0.001805,9.5624,14.3436,9.5489,14.3206,17585.387469,73906.523956,5764.617958,49230.615749,2872.69979
2022-03-17,290.5333,3.7335,0.4602,0.001826,7.467,11.2005,7.4535,11.1775,18241.938094,79425.125648,6410.284174,52900.004721,3193.7954
2022-03-18,301.7967,3.8768,0.4656,0.001848,7.7536,11.6303,7.74,11.6073,18949.137797,85583.39951,7155.821908,56994.467695,3564.508112
2022-03-21,307.0533,1.7418,0.4818,0.001912,3.4836,5.2254,3.47,5.2022,19279.193195,88564.776635,7529.741451,58972.161247,3749.940968
2022-03-22,331.3267,7.9052,0.4872,0.001933,15.8105,23.7157,15.7968,23.6925,20803.260416,102567.299624,9315.474703,68287.903898,4638.395723
2022-03-23,333.0367,0.5161,0.4926,0.001955,1.0322,1.5483,1.0186,1.5251,20910.628873,103626.027201,9459.71,68983.461405,4709.134338
2022-03-24,337.9733,1.4823,0.498,0.001976,2.9646,4.4469,2.9509,4.4236,21220.58981,106698.151019,9880.377489,71019.124205,4917.448607
2022-03-25,336.88,-0.3235,0.5034,0.001997,-0.647,-0.9705,-0.6607,-0.9938,21151.942518,106007.827216,9784.490264,70549.906927,4868.576964
2022-03-28,363.9467,8.0345,0.5196,0.002062,16.069,24.1035,16.0552,24.08,22851.396998,123042.241585,12142.897174,81876.869145,6040.931997
2022-03-29,366.5233,0.708,0.525,0.002083,1.416,2.124,1.4022,2.1004,23013.181646,124784.484806,12400.807141,83024.931948,6167.817304
2022-03-30,364.6633,-0.5075,0.5304,0.002105,-1.015,-1.5224,-1.0288,-1.546,22896.395407,123517.983643,12212.013999,82170.803192,6072.462817
2022-03-31,359.2,-1.4982,0.5358,0.002126,-2.9964,-4.4945,-3.0102,-4.5182,22553.365889,119816.936942,11663.139663,79697.301796,5798.099169
2022-04-01,361.53,0.6487,0.5412,0.002147,1.2973,1.946,1.2835,1.9223,22699.660538,121371.345876,11890.102006,80720.189648,5909.557182
2022-04-04,381.8167,5.6113,0.5573,0.002212,11.2227,16.834,11.2088,16.8102,23973.415964,134992.466789,13891.684619,89767.925668,6902.967659
2022-04-05,363.7533,-4.7309,0.5627,0.002233,-9.4618,-14.1927,-9.4757,-14.2165,22839.258311,122219.757249,11920.080682,81261.756037,5921.605693
2022-04-06,348.5867,-4.1695,0.5681,0.002255,-8.339,-12.5085,-8.3529,-12.5323,21886.97785,112027.87753,10429.06117,74474.01054,5179.489792
2022-04-07,352.42,1.0997,0.5735,0.002276,2.1994,3.299,2.1854,3.2751,22127.66492,114491.777466,10773.120574,76101.551373,5349.124707
2022-04-08,341.83,-3.0049,0.5789,0.002297,-6.0099,-9.0148,-6.0239,-9.0388,21462.740805,107610.948047,9801.941595,71517.275127,4865.628335
2022-04-11,325.31,-4.8328,0.5951,0.002362,-9.6656,-14.4984,-9.6797,-14.5225,20425.48762,97209.685728,8380.814364,64594.628056,4159.016774
2022-04-12,328.9833,1.1292,0.6005,0.002383,2.2584,3.3875,2.2443,3.3634,20656.128418,99405.033024,8664.718144,66044.308077,4298.901683
2022-04-13,340.79,3.5888,0.6059,0.002404,7.1777,10.7665,7.1636,10.7423,21397.442909,106539.999458,9597.605613,70775.431991,4760.704011
2022-04-14,328.3333,-3.6552,0.6113,0.002426,-7.3105,-10.9657,-7.3246,-10.9899,20615.316754,98751.431406,8545.161393,65591.417556,4237.506809
2022-04-18,334.7633,1.9584,0.6329,0.002512,3.9167,5.8751,3.9025,5.8507,21019.041622,102619.274823,9047.199881,68151.141525,4485.431972
2022-04-19,342.7167,2.3758,0.6383,0.002533,4.7516,7.1274,4.7374,7.103,21518.413977,107495.351464,9692.032542,71379.719663,4804.032074
2022-04-20,325.7333,-4.9555,0.6437,0.002554,-9.911,-14.8665,-9.9253,-14.891,20452.068182,96841.479287,8251.165456,64295.091152,4088.664387
2022-04-21,336.26,3.2317,0.6491,0.002576,6.4634,9.6951,6.4491,9.6705,21113.014411,103100.700599,9051.120255,68441.536878,4484.060131
2022-04-22,335.0167,-0.3698,0.6545,0.002597,-0.7395,-1.1093,-0.7538,-1.1338,21034.947421,102338.255108,8950.718621,67925.611652,4433.218401
2022-04-25,332.6733,-0.6995,0.6707,0.002661,-1.3989,-2.0984,-1.4133,-2.1231,20887.815423,100906.615499,8762.897313,66965.621105,4339.097557
2022-04-26,292.14,-12.1841,0.6761,0.002683,-24.3682,-36.5524,-24.3826,-36.5771,18342.818534,76317.445461,5559.851046,50637.639489,2751.981658
2022-04-27,293.8367,0.5808,0.6815,0.002704,1.1615,1.7423,1.1471,1.7175,18449.347726,77203.89983,5656.720528,51218.516542,2799.247766
2022-04-28,292.5033,-0.4538,0.6869,0.002726,-0.9075,-1.3613,-0.922,-1.3861,18365.630068,76503.243112,5579.714976,50746.295839,2760.446627
2022-04-29,290.2533,-0.7692,0.6923,0.002747,-1.5384,-2.3077,-1.5529,-2.3325,18224.357597,75326.283526,5450.953787,49958.257874,2696.058509
2022-05-02,300.98,3.6956,0.7085,0.002811,7.3913,11.0869,7.3767,11.0619,18897.862145,80893.842687,6055.294788,53643.548277,2994.29374
2022-05-03,303.0833,0.6988,0.7139,0.002833,1.3977,2.0965,1.3831,2.0715,19029.925692,82024.460294,6182.24307,54385.501213,3056.319136
2022-05-04,317.54,4.7699,0.7193,0.002854,9.5397,14.3096,9.5252,14.2845,19937.627377,89849.371645,7066.896937,59565.811895,3492.899661
2022-05-05,291.0933,-8.3286,0.7247,0.002876,-16.6572,-24.9858,-16.6718,-25.011,18277.099089,74882.954586,5301.172954,49635.111357,2619.291844
2022-05-06,288.55,-0.8737,0.7301,0.002897,-1.7474,-2.6212,-1.762,-2.6463,18117.408772,73574.422775,5162.221036,48760.521073,2549.977174
2022-05-09,262.37,-9.0729,0.7462,0.002961,-18.1459,-27.2188,-18.1606,-27.2441,16473.625549,60223.683348,3757.12402,39905.334823,1855.257973
2022-05-10,266.68,1.6427,0.7516,0.002983,3.2854,4.9282,3.2707,4.9028,16744.240662,62202.293197,3942.28081,41210.536859,1946.217964
2022-05-11,244.6667,-8.2546,0.757,0.003004,-16.5092,-24.7637,-16.5239,-24.7891,15362.073445,51933.213552,2966.024304,34400.95878,1463.767621
2022-05-12,242.6667,-0.8174,0.7624,0.003026,-1.6349,-2.4523,-1.6496,-2.4777,15236.497915,51084.169206,2893.288015,33833.477383,1427.499379
2022-05-13,256.53,5.7129,0.7678,0.003047,11.4258,17.1387,11.4111,17.1133,16106.945232,56920.953784,3389.160781,37694.237622,1671.791189
2022-05-16,241.4567,-5.8759,0.784,0.003111,-11.7517,-17.6276,-11.7665,-17.6532,15160.524298,50231.767043,2791.734143,33258.933884,1376.667282
2022-05-17,253.87,5.141,0.7894,0.003133,10.282,15.4231,10.2672,15.3974,15939.929548,55396.615192,3222.304789,36673.694003,1588.638567
2022-05-18,236.6033,-6.8014,0.7948,0.003154,-13.6028,-20.4041,-13.6176,-20.4298,14855.794397,47861.146787,2564.821227,31679.609703,1264.082684
2022-05-19,236.4733,-0.0549,0.8002,0.003175,-0.1099,-0.1648,-0.1248,-0.1906,14847.631681,47808.550886,2560.5934,31640.081625,1261.673911
2022-05-20,221.3,-6.4165,0.8056,0.003197,-12.833,-19.2495,-12.8479,-19.2753,13894.932546,41673.274085,2067.691535,27574.990936,1018.482782
2022-05-23,224.9667,1.6569,0.8218,0.003261,3.3137,4.9706,3.2988,4.9447,14125.153711,43054.219218,2170.468505,28484.627936,1068.843974
2022-05-24,209.3867,-6.9255,0.8272,0.003283,-13.8509,-20.7764,-13.8659,-20.8023,13146.921179,37090.809718,1719.523415,24534.972701,846.499585
2022-05-25,219.6,4.8777,0.8326,0.003304,9.7555,14.6332,9.7405,14.6072,13788.193537,40709.194693,1971.144952,26924.793251,970.149817
2022-05-26,235.91,7.4271,0.838,0.003325,14.8543,22.2814,14.8392,22.2554,14812.261828,46756.251593,2410.343974,30920.229591,1186.060548
2022-05-27,253.21,7.3333,0.8434,0.003347,14.6666,21.9999,14.6516,21.9739,15898.490351,53613.809837,2940.61769,35450.525379,1446.683833
2022-05-31,252.7533,-0.1804,0.865,0.003432,-0.3607,-0.5411,-0.3759,-0.5673,15869.816416,53420.418028,2924.706919,35317.284043,1438.476809
2022-06-01,246.79,-2.3593,0.8704,0.003454,-4.7187,-7.078,-4.7339,-7.1043,15495.392058,50899.66981,2717.694787,33645.413864,1336.282814
2022-06-02,258.3333,4.6774,0.8758,0.003475,9.3548,14.0322,9.3396,14.0059,16220.173217,55661.230089,3099.046992,36787.765761,1523.440959
2022-06-03,234.5167,-9.2194,0.8812,0.003497,-18.4387,-27.6581,-18.4539,-27.6844,14724.777057,45398.011737,2241.910097,29998.97977,1101.684883
2022-06-06,238.28,1.6047,0.8974,0.003561,3.2094,4.8142,3.1942,4.7877,14961.068524,46855.033837,2349.839247,30957.199081,1154.429958
2022-06-07,238.8867,0.2546,0.9028,0.003582,0.5092,0.7638,0.4939,0.7373,14999.160241,47093.624907,2367.787713,31110.103628,1162.941418
2022-06-08,241.8667,1.2475,0.9082,0.003604,2.4949,3.7424,2.4796,3.7158,15186.267512,48268.565303,2456.398734,31881.507614,1206.153788
2022-06-09,239.7067,-0.8931,0.9136,0.003625,-1.7861,-2.6792,-1.8014,-2.7058,15050.64571,47406.435118,2390.587719,31307.180536,1173.517894
2022-06-10,232.23,-3.1191,0.919,0.003647,-6.2382,-9.3573,-6.2535,-9.3839,14581.202355,44449.135299,2166.893891,29349.374963,1063.395776
2022-06-13,215.7367,-7.1022,0.9352,0.003711,-14.2043,-21.3065,-14.2197,-21.3332,13545.62291,38135.443226,1705.205468,25175.974482,836.538908
2022-06-14,220.89,2.3887,0.9405,0.003732,4.7774,7.1661,4.762,7.1393,13869.189332,39957.337869,1827.403001,26374.852556,896.262076
2022-06-15,233.0,5.4824,0.9459,0.003754,10.9647,16.4471,10.9493,16.4202,14629.549203,44338.553745,2127.957823,29262.707446,1043.430358
2022-06-16,213.1,-8.5408,0.9513,0.003775,-17.0815,-25.6223,-17.097,-25.6492,13380.073066,36764.846029,1582.725878,24259.656108,775.798556
2022-06-17,216.76,1.7175,0.9567,0.003797,3.435,5.1525,3.4195,5.1255,13609.875557,38027.71704,1664.275735,25089.21338,815.562389
2022-06-21,237.0367,9.3544,0.9783,0.003882,18.7089,28.0633,18.6933,28.0362,14883.002493,45142.273035,2131.326501,29779.210537,1044.214886
2022-06-22,236.0867,-0.4008,0.9837,0.003904,-0.8016,-1.2023,-0.8172,-1.2295,14823.354308,44780.4301,2105.700673,29535.863405,1031.376116
2022-06-23,235.07,-0.4306,0.9891,0.003925,-0.8613,-1.2919,-0.8769,-1.3191,14759.520336,44394.753192,2078.497267,29276.865303,1017.771146
2022-06-24,245.7067,4.5249,0.9945,0.003947,9.0498,13.5747,9.0341,13.5474,15427.372299,48412.380106,2360.646371,31921.774154,1155.652775
2022-06-27,244.92,-0.3202,1.0107,0.004011,-0.6403,-0.9605,-0.656,-0.9879,15377.979244,48102.381063,2337.972477,31712.352244,1144.236292
2022-06-28,232.6633,-5.0044,1.0161,0.004032,-10.0087,-15.0131,-10.0245,-15.0405,14608.410451,43287.952486,1986.971095,28533.363319,972.137469
2022-06-29,228.49,-1.7937,1.0215,0.004054,-3.5874,-5.3812,-3.6032,-5.4086,14346.376728,41735.024689,1880.049106,27505.250192,919.55818
2022-06-30,224.4733,-1.7579,1.0269,0.004075,-3.5158,-5.2738,-3.5316,-5.3013,14094.178504,40267.685677,1780.899672,26533.867371,870.809794
2022-07-01,227.2633,1.2429,1.0323,0.004096,2.4858,3.7287,2.47,3.7012,14269.356904,41268.670411,1847.304781,27189.260144,903.040046
2022-07-05,233.0667,2.5536,1.0539,0.004182,5.1071,7.6607,5.0913,7.633,14633.73499,43376.319582,1988.82147,28573.534033,971.968931
2022-07-06,231.7333,-0.5721,1.0593,0.004204,-1.1442,-1.7162,-1.1601,-1.744,14550.018289,42880.024911,1954.688508,28242.060959,955.017669
2022-07-07,244.5433,5.5279,1.0647,0.004225,11.0558,16.5837,11.0399,16.5559,15354.329403,47620.758554,2278.84845,31359.949945,1113.129425
2022-07-08,250.7633,2.5435,1.0701,0.004246,5.087,7.6306,5.0711,7.6027,15744.869377,50043.242703,2452.737141,32950.23848,1197.757239
2022-07-11,234.3433,-6.548,1.0863,0.004311,-13.096,-19.644,-13.112,-19.672,14713.894394,43489.573685,1970.921019,28629.793703,962.134386
2022-07-12,233.07,-0.5434,1.0917,0.004332,-1.0867,-1.6301,-1.1028,-1.6581,14633.944806,43016.962778,1938.793361,28314.075588,946.181114
2022-07-13,237.04,1.7033,1.0971,0.004353,3.4067,5.11,3.3906,5.082,14883.211351,44482.417216,2037.866371,29274.101101,994.265684
2022-07-14,238.3133,0.5372,1.1025,0.004375,1.0744,1.6116,1.0583,1.5834,14963.161897,44960.32396,2070.707777,29583.906287,1010.00932
2022-07-15,240.0667,0.7357,1.1079,0.004396,1.4714,2.2072,1.4553,2.179,15073.249343,45621.890987,2116.411807,30014.453796,1032.017542
2022-07-18,240.5467,0.1999,1.1241,0.004461,0.3999,0.5998,0.3837,0.5715,15103.387202,45804.326251,2129.106639,30129.624802,1037.915955
2022-07-19,245.53,2.0717,1.1295,0.004482,4.1433,6.215,4.1272,6.1867,15416.279819,47702.156891,2261.430946,31373.121221,1102.128561
2022-07-20,247.5,0.8023,1.1348,0.004503,1.6047,2.407,1.5885,2.3787,15539.971792,48467.630013,2315.864478,31871.477973,1128.344535
2022-07-21,271.7067,9.7805,1.1402,0.004525,19.5609,29.3414,19.5447,29.313,17059.854184,57948.35474,2995.37182,38100.666014,1459.096141
2022-07-22,272.2433,0.1975,1.1456,0.004546,0.395,0.5926,0.3788,0.5641,17093.551255,58177.276959,3013.121431,38244.988551,1467.327053
2022-07-25,268.4333,-1.3995,1.1618,0.00461,-2.799,-4.1985,-2.8153,-4.2271,16854.328108,56548.902485,2886.616111,37168.275896,1405.302161
2022-07-26,258.86,-3.5664,1.1672,0.004632,-7.1327,-10.6991,-7.1491,-10.7277,16253.239881,52515.412768,2577.773607,34511.084457,1254.544884
2022-07-27,274.82,6.1655,1.1726,0.004653,12.331,18.4965,12.3146,18.4678,17255.333987,58991.092202,3054.571789,38761.002944,1486.232219
2022-07-28,280.9,2.2124,1.178,0.004675,4.4247,6.6371,4.4083,6.6083,17637.082754,61601.273695,3257.305451,40469.71331,1584.447529
2022-07-29,297.15,5.785,1.1834,0.004696,11.57,17.3549,11.5536,17.3262,18657.383932,68728.512707,3822.608563,45145.402476,1858.971659
2022-08-01,297.2767,0.0426,1.1996,0.00476,0.0853,0.1279,0.0688,0.099,18665.33779,68787.112221,3827.497429,45176.460514,1860.812183
2022-08-02,300.5867,1.1134,1.205,0.004782,2.2269,3.3403,2.2104,3.3114,18873.165138,70318.918748,3955.348098,46175.03737,1922.430959
2022-08-03,307.3967,2.2656,1.2104,0.004803,4.5311,6.7967,4.5146,6.7677,19300.749664,73505.165597,4224.181485,48259.668474,2052.535985
2022-08-04,308.6333,0.4023,1.2158,0.004825,0.8046,1.2069,0.7881,1.1779,19378.397021,74096.59152,4275.163421,48639.990174,2076.712653
2022-08-05,288.17,-6.6303,1.2212,0.004846,-13.2606,-19.8909,-13.2772,-19.92,18093.551031,64270.937893,3424.794853,42181.983886,1663.032339
2022-08-08,290.4233,0.7819,1.2374,0.00491,1.5639,2.3458,1.5473,2.3166,18235.03236,65276.062614,3505.134725,42834.653133,1701.558886
2022-08-09,283.3333,-2.4413,1.2428,0.004932,-4.8825,-7.3238,-4.8992,-7.353,17789.867337,62088.942425,3248.426097,40736.11355,1576.442984
2022-08-10,294.3567,3.8906,1.2482,0.004953,7.7812,11.6717,7.7645,11.6425,18481.996674,66920.184584,3627.574118,43899.070741,1759.979948
2022-08-11,286.63,-2.6249,1.2536,0.004975,-5.2499,-7.8748,-5.2665,-7.9041,17996.857336,63406.969579,3341.910356,41587.108877,1620.869339
2022-08-12,300.03,4.675,1.259,0.004996,9.35,14.025,9.3333,13.9957,18838.213002,69335.539449,3810.614723,45468.569488,1847.721123
2022-08-15,309.32,3.0964,1.2752,0.00506,6.1927,9.2891,6.176,9.2596,19421.511873,73629.295117,4164.585761,48276.687062,2018.812599
2022-08-16,306.5633,-0.8912,1.2806,0.005082,-1.7824,-2.6736,-1.7992,-2.7032,19248.425888,72316.9154,4053.240449,47408.091385,1964.241044
2022-08-17,303.9967,-0.8372,1.286,0.005103,-1.6745,-2.5117,-1.6913,-2.5413,19087.271646,71105.992731,3951.435206,46606.289658,1914.324351
2022-08-18,302.87,-0.3706,1.2914,0.005124,-0.7412,-1.1119,-0.7581,-1.1415,19016.530024,70578.923866,3907.500545,46252.979131,1892.472722
2022-08-19,296.6667,-2.0482,1.2968,0.005146,-4.0964,-6.1446,-4.1132,-6.1742,18627.036257,67687.749623,3667.401994,44350.491054,1775.627431
2022-08-22,289.9133,-2.2764,1.313,0.00521,-4.5528,-6.8292,-4.5697,-6.859,18203.009987,64606.058725,3416.94753,42323.797357,1653.837286
2022-08-23,296.4533,2.2558,1.3184,0.005232,4.5117,6.7675,4.4948,6.7377,18613.642505,67520.889692,3648.191116,44226.150968,1765.268218
2022-08-24,297.0967,0.217,1.3238,0.005253,0.434,0.651,0.4171,0.6212,18654.036452,67813.947353,3671.942218,44410.603135,1776.233477
2022-08-25,296.07,-0.3456,1.3292,0.005274,-0.6911,-1.0367,-0.7081,-1.0666,18589.57399,67345.260153,3633.874998,44096.123821,1757.287829
2022-08-26,288.09,-2.6953,1.3345,0.005296,-5.3906,-8.0859,-5.4076,-8.1159,18088.526936,63714.930145,3340.042171,41711.570124,1614.668224
2022-08-29,284.82,-1.1351,1.3507,0.00536,-2.2701,-3.4052,-2.2872,-3.4353,17883.211635,62268.527117,3226.307907,40757.550287,1559.200177
2022-08-30,277.7,-2.4998,1.3561,0.005381,-4.9996,-7.4995,-5.0167,-7.5296,17436.163056,59155.3216,2984.351978,38712.852735,1441.798702
2022-08-31,275.61,-0.7526,1.3615,0.005403,-1.5052,-2.2579,-1.5224,-2.288,17304.934942,58264.891601,2916.969455,38123.507621,1408.809886
2022-09-01,277.16,0.5624,1.3669,0.005424,1.1248,1.6872,1.1077,1.657,17402.257127,58920.249924,2966.184175,38545.786631,1432.153484
2022-09-02,270.21,-2.5076,1.3723,0.005446,-5.0152,-7.5227,-5.0323,-7.553,16965.881395,55965.303678,2743.045743,36606.041405,1323.982928
2022-09-06,274.42,1.5581,1.3939,0.005531,3.1161,4.6742,3.0989,4.6437,17230.219264,57709.244802,2871.260278,37740.416315,1385.465239
2022-09-07,283.7,3.3817,1.3993,0.005553,6.7634,10.145,6.7461,10.1146,17812.889645,61612.325446,3162.550533,40286.420665,1525.59896
2022-09-08,289.26,1.9598,1.4047,0.005574,3.9196,5.8794,3.9024,5.8489,18161.989464,64027.301578,3348.491025,41858.538173,1614.830231
2022-09-09,299.68,3.6023,1.4101,0.005596,7.2046,10.8069,7.1873,10.7763,18816.236901,68640.19908,3710.358045,44867.027236,1788.849376
2022-09-12,304.42,1.5817,1.4263,0.00566,3.1634,4.7451,3.146,4.7144,19113.852209,70811.555033,3886.417587,46278.553747,1873.182844
2022-09-13,292.13,-4.0372,1.4317,0.005681,-8.0744,-12.1116,-8.0918,-12.1423,18342.190043,65093.963692,3415.711622,42533.802448,1645.735512
2022-09-14,302.61,3.5874,1.4371,0.005703,7.1749,10.7623,7.1575,10.7315,19000.204592,69764.373829,3783.321151,45578.144595,1822.348293
2022-09-15,303.75,0.3767,1.4425,0.005724,0.7535,1.1302,0.736,1.0994,19071.783563,70290.016815,3826.07957,45913.610777,1842.38262
2022-09-16,303.35,-0.1317,1.4479,0.005746,-0.2634,-0.3951,-0.2808,-0.4259,19046.668841,70104.893669,3810.964424,45784.675067,1834.535691
2022-09-19,309.07,1.8856,1.4641,0.00581,3.7712,5.6568,3.7537,5.6258,19405.814932,72748.704906,4026.544323,47503.297112,1937.743887
2022-09-20,308.73,-0.11,1.4695,0.005831,-0.22,-0.33,-0.2376,-0.361,19384.467322,72588.648655,4013.255971,47390.452971,1930.747733
2022-09-21,300.8,-2.5686,1.4749,0.005853,-5.1372,-7.7058,-5.1547,-7.7369,18886.558891,68859.632059,3704.003111,44947.594186,1781.36858
2022-09-22,288.59,-4.0592,1.4803,0.005874,-8.1183,-12.1775,-8.1359,-12.2086,18119.920819,63269.369072,3252.947445,41290.691111,1563.887848
2022-09-23,275.33,-4.5948,1.4857,0.005896,-9.1895,-13.7843,-9.2071,-13.8154,17287.354444,57455.221234,2804.552329,37489.009134,1347.830051
2022-09-26,276.01,0.247,1.5019,0.00596,0.494,0.741,0.4763,0.7097,17330.051581,57739.03255,2825.332783,37667.570582,1357.395193
2022-09-27,282.94,2.5108,1.5073,0.005981,5.0216,7.5323,5.0039,7.501,17765.170331,60638.427924,3038.146102,39552.404648,1459.213408
2022-09-28,287.81,1.7212,1.5127,0.006003,3.4424,5.1636,3.4247,5.1323,18070.946439,62725.858795,3195.024839,40906.961196,1534.104084
2022-09-29,268.21,-6.8101,1.5181,0.006024,-13.6201,-20.4302,-13.6378,-20.4616,16840.305865,54182.533507,2542.276426,35328.138828,1220.202386
2022-09-30,265.25,-1.1036,1.5235,0.006045,-2.2072,-3.3108,-2.225,-3.3423,16654.454618,52986.606126,2458.105999,34542.097923,1179.419744
2022-10-03,242.4,-8.6145,1.5396,0.00611,-17.229,-25.8436,-17.2468,-25.8751,15219.753809,43857.525837,1822.844128,28584.674153,874.243291
2022-10-04,249.44,2.9043,1.545,0.006131,5.8086,8.7129,5.7908,8.6813,15661.78021,46405.028844,1981.666388,30239.94134,950.138578
2022-10-05,240.81,-3.4598,1.5504,0.006153,-6.9195,-10.3793,-6.9374,-10.4109,15119.921493,43194.031236,1775.984174,28142.087017,851.220359
2022-10-06,238.13,-1.1129,1.5558,0.006174,-2.2258,-3.3387,-2.2437,-3.3704,14951.650743,42232.611955,1716.688988,27510.664298,822.530525
2022-10-07,223.07,-6.3243,1.5612,0.006195,-12.6486,-18.9728,-12.6665,-19.0046,14006.067158,36890.798493,1390.984565,24026.039012,666.212034
2022-10-10,222.96,-0.0493,1.5774,0.00626,-0.0986,-0.1479,-0.1166,-0.1798,13999.160465,36854.415203,1388.926791,23998.026989,665.014046
2022-10-11,216.5,-2.8974,1.5828,0.006281,-5.7948,-8.6922,-5.8128,-8.7241,13593.551083,34718.787625,1268.199179,22603.080565,606.997702
2022-10-12,217.24,0.3418,1.5882,0.006302,0.6836,1.0254,0.6656,0.9934,13640.014374,34956.127981,1281.203443,22753.526452,613.027871
2022-10-13,221.72,2.0622,1.5936,0.006324,4.1245,6.1867,4.1064,6.1547,13921.303292,36397.881802,1360.467655,23687.885538,650.757818
2022-10-14,204.99,-7.5456,1.599,0.006345,-15.0911,-22.6367,-15.1092,-22.6687,12870.864255,30905.040347,1052.503314,20108.846526,503.239425
2022-10-17,219.35,7.0052,1.6152,0.00641,14.0104,21.0157,13.9923,20.9835,13772.496596,35234.972406,1273.693828,22922.541456,608.836546
2022-10-18,220.19,0.3829,1.6206,0.006431,0.7659,1.1488,0.7478,1.1166,13825.238089,35504.83561,1288.326581,23093.946726,615.634917
2022-10-19,222.04,0.8402,1.626,0.006452,1.6804,2.5205,1.6622,2.4883,13941.394879,36101.444176,1320.799341,23477.814283,630.953564
2022-10-20,207.28,-6.6474,1.6314,0.006474,-13.2949,-19.9423,-13.3131,-19.9747,13014.647815,31301.794259,1057.400967,20352.194691,504.922744
2022-10-21,214.44,3.4543,1.6368,0.006495,6.9085,10.3628,6.8903,10.3304,13464.208441,33464.289076,1166.977311,21754.528379,557.083506
2022-10-24,211.25,-1.4876,1.653,0.006559,-2.9752,-4.4628,-2.9935,-4.4953,13263.915318,32468.661743,1114.897563,21103.315436,532.041075
2022-10-25,222.42,5.2876,1.6584,0.006581,10.5751,15.8627,10.5569,15.8302,13965.254536,35902.27019,1291.750633,23331.162682,616.264201
2022-10-26,224.64,0.9981,1.6638,0.006602,1.9962,2.9943,1.9779,2.9618,14104.64345,36618.960095,1330.429997,23792.63344,634.516511
2022-10-27,225.09,0.2003,1.6692,0.006624,0.4006,0.601,0.3823,0.5683,14132.897753,36765.669678,1338.425315,23883.594637,638.122753
2022-10-28,228.52,1.5238,1.6746,0.006645,3.0477,4.5715,3.0293,4.5389,14348.260284,37886.168507,1399.611634,24607.106444,667.086252
2022-10-31,227.54,-0.4289,1.6908,0.006709,-0.8577,-1.2866,-0.8761,-1.3193,14286.727585,37561.217862,1381.604877,24391.519075,658.285131
2022-11-01,227.82,0.1231,1.6962,0.006731,0.2461,0.3692,0.2277,0.3364,14304.309041,37653.664629,1386.705546,24447.055091,660.499324
2022-11-02,214.98,-5.636,1.7016,0.006752,-11.2721,-16.9081,-11.2905,-16.941,13498.113412,33409.318435,1152.239985,21686.854155,548.604334
2022-11-03,215.31,0.1535,1.707,0.006774,0.307,0.4605,0.2885,0.4276,13518.83349,33511.887385,1157.546171,21749.426588,550.950156
2022-11-04,207.47,-3.6413,1.7124,0.006795,-7.2825,-10.9238,-7.301,-10.9567,13026.577643,31071.377633,1031.098382,20161.496393,490.58401
2022-11-07,197.08,-5.008,1.7285,0.006859,-10.0159,-15.0239,-10.0345,-15.0569,12374.212805,27959.297884,876.187626,18138.396897,416.717062
2022-11-08,191.3,-2.9328,1.7339,0.006881,-5.8656,-8.7985,-5.8842,-8.8316,12011.299601,26319.306955,799.096647,17071.092974,379.914353
2022-11-09,177.59,-7.1668,1.7393,0.006902,-14.3335,-21.5003,-14.3521,-21.5334,11150.478924,22546.825311,627.288698,14621.028735,298.10572
2022-11-10,190.72,7.3934,1.7447,0.006924,14.7869,22.1803,14.7682,22.1471,11974.882583,25880.796058,766.423286,16780.298009,364.12749
2022-11-11,195.97,2.7527,1.7501,0.006945,5.5055,8.2582,5.4868,8.2249,12304.518348,27305.651117,829.715897,17700.999676,394.076701
2022-11-14,190.95,-2.5616,1.7663,0.007009,-5.1232,-7.6849,-5.142,-7.7182,11989.3235,25906.717766,765.953423,16790.822581,363.660916
2022-11-15,194.42,1.8172,1.7717,0.007031,3.6345,5.4517,3.6157,5.4183,12207.197121,26848.287221,807.710837,17397.932317,383.365027
2022-11-16,186.92,-3.8576,1.7771,0.007052,-7.7153,-11.5729,-7.734,-11.6064,11736.288885,24776.87321,714.235402,16052.373773,338.870329
2022-11-17,183.17,-2.0062,1.7825,0.007073,-4.0124,-6.0186,-4.0312,-6.0521,11500.834767,23782.723034,671.248304,15405.271829,318.361457
2022-11-18,180.19,-1.6269,1.7879,0.007095,-3.2538,-4.8807,-3.2726,-4.9143,11313.727496,23008.880005,638.486655,14901.118199,302.716348
2022-11-21,167.87,-6.8372,1.8041,0.007159,-13.6745,-20.5117,-13.6933,-20.5454,10540.181773,19862.539295,507.522226,12860.659179,240.522132
2022-11-22,169.91,1.2152,1.8095,0.007181,2.4305,3.6457,2.4116,3.612,10668.26935,20345.290841,526.024931,13170.803679,249.209713
2022-11-23,183.2,7.8218,1.8149,0.007202,15.6436,23.4654,15.6247,23.4316,11502.718323,23528.020202,649.458531,15228.696897,307.603492
2022-11-25,182.86,-0.1856,1.8257,0.007245,-0.3712,-0.5568,-0.3901,-0.5906,11481.370713,23440.690062,645.842589,15169.285755,305.786733
2022-11-28,182.92,0.0328,1.8419,0.007309,0.0656,0.0984,0.0466,0.0644,11485.137826,23456.072148,646.478304,15176.355532,305.983808
2022-11-29,180.83,-1.1426,1.8473,0.007331,-2.2851,-3.4277,-2.3042,-3.4617,11353.911627,22920.066185,624.318825,14826.664247,295.39142
2022-11-30,194.7,7.6702,1.8527,0.007352,15.3404,23.0106,15.3213,22.9765,12224.777618,26436.089001,767.978046,17098.303603,363.261985
2022-12-01,194.7,0.0,1.8581,0.007373,0.0,0.0,-0.0191,-0.0341,12224.777618,26436.089001,767.978046,17095.041299,363.13807
2022-12-02,194.86,0.0822,1.8635,0.007395,0.1644,0.2465,0.1453,0.2124,12234.823891,26479.539141,769.87141,17119.873227,363.909318
2022-12-05,182.45,-6.3687,1.8797,0.007459,-12.7374,-19.106,-12.7565,-19.1403,11455.627499,23106.746606,622.779544,14935.973351,294.255934
2022-12-06,179.82,-1.4415,1.8851,0.00748,-2.883,-4.3245,-2.9022,-4.3588,11290.496329,22440.585961,595.84772,14502.507941,281.429961
2022-12-07,174.04,-3.2143,1.8905,0.007502,-6.4287,-9.643,-6.4479,-9.6774,10927.582167,20997.95559,538.390128,13567.404441,254.194947
2022-12-08,173.44,-0.3447,1.8959,0.007523,-0.6895,-1.0342,-0.7087,-1.0686,10889.910083,20853.17759,532.82194,13471.250103,251.478516
2022-12-09,179.05,3.2345,1.9013,0.007545,6.4691,9.7036,6.4498,9.6692,11242.149482,22202.189783,584.525089,14340.124925,275.794453
2022-12-12,167.82,-6.272,1.9175,0.007609,-12.544,-18.816,-12.5633,-18.8505,10537.043152,19417.152172,474.541048,12538.533096,223.805685
2022-12-13,160.95,-4.0937,1.9228,0.00763,-8.1874,-12.281,-8.2067,-12.3157,10105.690556,17827.400878,416.262504,11509.534267,196.24254
2022-12-14,156.8,-2.5784,1.9282,0.007652,-5.1569,-7.7353,-5.1762,-7.77,9845.121715,16908.06436,384.063307,10913.774111,180.994536
2022-12-15,157.67,0.5548,1.9336,0.007673,1.1097,1.6645,1.0903,1.6298,9899.746764,17095.691059,390.456162,11032.767873,183.944421
2022-12-16,150.23,-4.7187,1.939,0.007695,-9.4374,-14.1562,-9.4568,-14.1909,9432.60564,15482.296187,335.182587,9989.417023,157.841037
2022-12-19,149.87,-0.2396,1.9552,0.007759,-0.4793,-0.7189,-0.4987,-0.7538,9410.002007,15408.094813,332.772963,9939.596687,156.65126
2022-12-20,137.8,-8.0536,1.9606,0.00778,-16.1073,-24.1609,-16.1268,-24.1959,8652.154184,12926.269388,252.371939,8336.660835,118.748156
2022-12-21,137.57,-0.1669,1.966,0.007802,-0.3338,-0.5007,-0.3533,-0.5357,8637.713266,12883.12009,251.108272,8307.205832,118.112041
2022-12-22,125.35,-8.8828,1.9714,0.007823,-17.7655,-26.6483,-17.785,-26.6833,7870.446224,10594.3677,184.192262,6829.765737,86.595873
2022-12-23,123.15,-1.7551,1.9768,0.007845,-3.5102,-5.2653,-3.5297,-5.3003,7732.313333,10222.487734,174.494079,6588.694296,82.006028
2022-12-27,109.1,-11.4089,1.9984,0.00793,-22.8177,-34.2266,-22.8373,-34.2618,6850.145046,7889.950469,114.770758,5084.011566,53.909299
2022-12-28,112.71,3.3089,2.0038,0.007952,6.6178,9.9267,6.5981,9.8914,7076.808915,8412.090275,126.163678,5419.461009,59.241687
2022-12-29,121.82,8.0827,2.0092,0.007973,16.1654,24.2481,16.1457,24.2128,7648.805491,9771.936751,156.755938,6294.471034,73.585734
2022-12-30,123.18,1.1164,2.0146,0.007994,2.2328,3.3492,2.2131,3.3139,7734.196889,9990.124897,162.006016,6433.774142,76.024256
2023-01-03,108.1,-12.2422,2.0451,0.008115,-24.4845,-36.7267,-24.5043,-36.7623,6787.357281,7544.093051,102.506478,4857.221612,48.07596
2023-01-04,113.64,5.1249,2.0534,0.008149,10.2498,15.3747,10.2299,15.339,7135.201556,8317.345281,118.266497,5354.111289,55.450328
2023-01-05,110.34,-2.9039,2.0618,0.008182,-5.8078,-8.7117,-5.8277,-8.7475,6928.00174,7834.288875,107.96344,5042.08934,50.599834
2023-01-06,113.06,2.4651,2.0701,0.008215,4.9302,7.3953,4.9103,7.3595,7098.784537,8220.536401,115.947689,5289.670896,54.323745
2023-01-09,119.77,5.9349,2.0952,0.008314,11.8698,17.8047,11.8498,17.7687,7520.090381,9196.297819,136.591831,5916.485346,63.976374
2023-01-10,118.85,-0.7681,2.1036,0.008347,-1.5363,-2.3044,-1.5563,-2.3405,7462.325753,9055.017408,133.444192,5824.405389,62.479024
2023-01-11,123.22,3.6769,2.1119,0.008381,7.3538,11.0307,7.3337,10.9946,7736.708458,9720.906368,148.164045,6251.551266,69.348338
2023-01-12,123.56,0.2759,2.1203,0.008414,0.5519,0.8278,0.5317,0.7916,7758.056068,9774.551434,149.390515,6284.792789,69.89729
2023-01-13,122.4,-0.9388,2.1286,0.008447,-1.8776,-2.8164,-1.8978,-2.8527,7685.22251,9591.022119,145.183027,6165.521424,67.903333
2023-01-17,131.49,7.4265,2.1621,0.00858,14.8529,22.2794,14.8327,22.2429,8255.963541,11015.571596,177.528966,7080.032349,83.007002
2023-01-18,128.78,-2.061,2.1704,0.008613,-4.122,-6.183,-4.1423,-6.2196,8085.808277,10561.51012,166.552359,6786.755065,77.844311
2023-01-19,127.17,-1.2502,2.1788,0.008646,-2.5004,-3.7506,-2.5207,-3.7872,7984.719937,10297.431259,160.305673,6615.678514,74.896159
2023-01-20,133.42,4.9147,2.1871,0.008679,9.8294,14.744,9.809,14.7073,8377.143467,11309.603096,183.941211,7264.608898,85.911377
2023-01-23,143.75,7.7425,2.2122,0.008779,15.4849,23.2274,15.4645,23.1905,9025.741193,13060.888096,226.665985,8388.040917,105.834642
2023-01-24,143.89,0.0974,2.2205,0.008812,0.1948,0.2922,0.1743,0.2552,9034.531441,13086.328323,227.328241,8402.658229,106.104715
2023-01-25,144.43,0.3753,2.2289,0.008845,0.7506,1.1258,0.73,1.0888,9068.436413,13184.549596,229.887607,8463.998711,107.259974
2023-01-26,160.27,10.9673,2.2373,0.008878,21.9345,32.9018,21.9139,32.8647,10062.995336,16076.517042,305.524715,10318.793798,142.510596
2023-01-27,177.9,11.0002,2.2456,0.008911,22.0004,33.0005,21.9797,32.9634,11169.942978,19613.4088,406.349525,12586.838187,189.486868
2023-01-30,166.66,-6.3182,2.2707,0.009011,-12.6363,-18.9545,-12.657,-18.9918,10464.209115,17134.999234,329.328195,10993.719687,153.499826
2023-01-31,173.22,3.9362,2.279,0.009044,7.8723,11.8085,7.8516,11.771,10876.096698,18483.919799,368.216809,11856.898363,171.568314
2023-02-01,181.41,4.7281,2.2874,0.009077,9.4562,14.1843,9.4354,14.1468,11390.328646,20231.793569,420.445706,12975.644426,195.839671
2023-02-02,188.27,3.7815,2.2958,0.00911,7.563,11.3445,7.5422,11.3069,11821.052751,21761.91995,468.14304,13954.288669,217.983034
2023-02-03,189.98,0.9083,2.3041,0.009143,1.8165,2.7248,1.7957,2.6871,11928.419292,22157.231963,480.898985,14204.863224,223.840554
2023-02-06,194.76,2.5161,2.3292,0.009243,5.0321,7.5482,5.0112,7.5103,12228.544731,23272.207688,517.198015,14916.691414,240.651675
2023-02-07,196.81,1.0526,2.3375,0.009276,2.1052,3.1577,2.0842,3.1198,12357.259841,23762.124489,533.52977,15227.581513,248.159575
2023-02-08,201.29,2.2763,2.3459,0.009309,4.5526,6.8289,4.5316,6.7909,12638.548759,24843.921324,569.964064,15917.633755,265.011922
2023-02-09,207.32,2.9957,2.3542,0.009342,5.9914,8.9871,5.9703,8.949,13017.159862,26332.412549,621.187047,16867.967634,288.727853
2023-02-10,196.89,-5.0309,2.3626,0.009375,-10.0617,-15.0926,-10.0828,-15.1307,12362.282977,23682.91166,527.433638,15167.199241,245.0412
2023-02-13,194.64,-1.1428,2.3877,0.009475,-2.2855,-3.4283,-2.3067,-3.4666,12221.010506,23141.629204,509.351577,14817.334212,236.54654
2023-02-14,209.25,7.5062,2.396,0.009508,15.0123,22.5185,14.9911,22.4801,13138.339788,26615.727209,624.049894,17038.618081,289.722476
2023-02-15,214.24,2.3847,2.4044,0.009541,4.7694,7.1541,4.7482,7.1157,13451.65108,27885.142979,668.695234,17847.64102,310.338207
2023-02-16,202.04,-5.6946,2.4127,0.009574,-11.3891,-17.0837,-11.4104,-17.1222,12685.639582,24709.274084,554.457606,15811.155903,257.201556
2023-02-17,208.31,3.1033,2.4211,0.009608,6.2067,9.31,6.1854,9.2715,13079.319136,26242.903655,606.077854,16789.136342,281.047906
2023-02-21,197.37,-5.2518,2.4545,0.00974,-10.5036,-15.7554,-10.525,-15.7942,12392.420836,23486.459572,510.588056,15022.075482,236.658599
2023-02-22,200.86,1.7683,2.4629,0.009773,3.5365,5.3048,3.515,5.2659,12611.55048,24317.060727,537.673558,15550.106095,249.120696
2023-02-23,202.07,0.6024,2.4712,0.009806,1.2048,1.8072,1.1833,1.7683,12687.524097,24610.038987,547.390604,15734.112543,253.5258
2023-02-24,196.88,-2.5684,2.4796,0.00984,-5.1368,-7.7053,-5.1584,-7.7443,12361.655444,23345.861645,505.212767,14922.486915,233.892006
2023-02-27,207.63,5.4602,2.5047,0.009939,10.9204,16.3805,10.8987,16.3413,13036.623916,25895.313153,587.969326,16548.845763,272.112983
2023-02-28,205.71,-0.9247,2.513,0.009972,-1.8494,-2.7742,-1.8711,-2.8135,12916.071522,25416.394377,571.6581,16239.196911,264.457159
2023-03-01,202.77,-1.4292,2.5214,0.010005,-2.8584,-4.2876,-2.8801,-4.327,12731.47534,24689.89339,547.147728,15771.490673,253.01418
2023-03-02,190.9,-5.8539,2.5297,0.010039,-11.7079,-17.5618,-11.7296,-17.6012,11986.183921,21799.236147,451.058824,13921.557704,208.480581
2023-03-03,197.79,3.6092,2.5381,0.010072,7.2184,10.8277,7.1967,10.7881,12418.791582,23372.800616,499.89793,14923.444943,230.971777
2023-03-06,193.81,-2.0122,2.5632,0.010171,-4.0245,-6.0367,-4.0463,-6.0764,12168.896546,22432.170152,469.720595,14319.591054,216.936992
2023-03-07,187.71,-3.1474,2.5715,0.010204,-6.2948,-9.4422,-6.3167,-9.482,11785.891756,21020.106437,425.368528,13415.061694,196.367033
2023-03-08,182.0,-3.0419,2.5799,0.010238,-6.0839,-9.1258,-6.1058,-9.1656,11427.373197,19741.272655,386.550291,12595.964376,178.368758
2023-03-09,172.92,-4.989,2.5882,0.010271,-9.978,-14.967,-10.0,-15.0069,10857.260177,17771.483734,328.69517,11336.367806,151.601061
2023-03-10,173.44,0.3007,2.5966,0.010304,0.6014,0.9022,0.5794,0.8622,10889.910083,17878.368392,331.660522,11402.053999,152.908144
2023-03-13,174.48,0.5996,2.6216,0.010403,1.1993,1.7989,1.1771,1.7587,10955.208937,18092.775482,337.626701,11536.272655,155.597354
2023-03-14,183.26,5.0321,2.63,0.010437,10.0642,15.0963,10.042,15.056,11506.485436,19913.666708,388.595788,12694.750545,179.024164
2023-03-15,180.45,-1.5333,2.6384,0.01047,-3.0667,-4.6,-3.0889,-4.6403,11330.05197,19302.978543,370.720312,12302.628151,170.716865
2023-03-16,184.13,2.0394,2.6467,0.010503,4.0787,6.1181,4.0565,6.0777,11561.111443,20090.289326,393.401172,12801.683259,181.092491
2023-03-17,180.13,-2.1724,2.6551,0.010536,-4.3448,-6.5171,-4.367,-6.5576,11309.960383,19217.415214,367.762689,12242.633925,169.217222
2023-03-20,183.25,1.7321,2.6801,0.010635,3.4642,5.1962,3.4418,5.1556,11505.857903,19883.137082,386.872517,12664.003035,177.94139
2023-03-21,197.58,7.8199,2.6885,0.010669,15.6398,23.4598,15.6175,23.4191,12405.606688,22992.827568,477.631871,14641.799063,219.613582
2023-03-22,191.15,-3.2544,2.6968,0.010702,-6.5088,-9.7631,-6.5312,-9.8039,12001.880862,21496.278703,430.999974,13685.517975,198.082854
2023-03-23,192.22,0.5598,2.7052,0.010735,1.1195,1.6793,1.0971,1.6385,12069.06423,21736.939717,438.237847,13835.662618,201.328414
2023-03-24,190.41,-0.9416,2.7136,0.010768,-1.8833,-2.8249,-1.9057,-2.8658,11955.418529,21327.577449,425.858135,13571.992153,195.558773
2023-03-27,191.81,0.7353,2.7386,0.010868,1.4705,2.2058,1.4479,2.1647,12043.321016,21641.200449,435.25153,13768.505185,199.791949
2023-03-28,189.19,-1.3659,2.747,0.010901,-2.7319,-4.0978,-2.7545,-4.139,11878.817379,21049.992063,417.415804,13389.25555,191.522632
2023-03-29,193.88,2.479,2.7553,0.010934,4.958,7.437,4.9353,7.3957,12173.29215,22093.646726,448.4589,14050.060971,205.687146
2023-03-30,195.28,0.7221,2.7637,0.010967,1.4442,2.1663,1.4215,2.125,12261.194637,22412.720069,458.17377,14249.78435,210.057956
2023-03-31,207.46,6.2372,2.7721,0.011,12.4744,18.7116,12.4517,18.6702,13025.950111,25208.573305,543.905441,16024.124375,249.276282
2023-04-03,194.77,-6.1168,2.7971,0.0111,-12.2337,-18.3505,-12.2565,-18.3921,12229.173222,22124.635713,444.095919,14060.128916,203.429157
2023-04-04,192.58,-1.1244,2.8055,0.011133,-2.2488,-3.3732,-2.2716,-3.4148,12091.667864,21627.094971,429.115617,13740.732286,196.482369
2023-04-05,185.52,-3.666,2.8138,0.011166,-7.332,-10.998,-7.3549,-11.0397,11648.386397,20041.393068,381.921383,12730.116868,174.791265
2023-04-06,185.06,-0.248,2.8222,0.011199,-0.4959,-0.7439,-0.5188,-0.7856,11619.503604,19942.005668,379.0804,12664.070965,173.418054
2023-04-10,184.51,-0.2972,2.8556,0.011332,-0.5944,-0.8916,-0.6174,-0.9336,11584.970142,19823.469365,375.70049,12585.87751,171.79896
2023-04-11,186.79,1.2357,2.864,0.011365,2.4714,3.7071,2.4483,3.665,11728.126169,20313.388473,389.628136,12894.022356,178.095425
2023-04-12,180.54,-3.346,2.8723,0.011398,-6.692,-10.038,-6.7151,-10.0802,11335.702639,18954.015032,350.517221,12028.174341,160.143099
2023-04-13,185.9,2.9689,2.8807,0.011431,5.9377,8.9066,5.9146,8.8644,11672.245096,20079.455776,381.73644,12739.593413,174.338803
2023-04-14,185.0,-0.4841,2.889,0.011464,-0.9683,-1.4524,-0.9914,-1.4947,11615.736491,19885.035246,376.192161,12613.289673,171.733
2023-04-17,187.04,1.1027,2.9141,0.011564,2.2054,3.3081,2.1821,3.2656,11743.82311,20323.579445,388.636964,12888.527783,177.34112
2023-04-18,184.31,-1.4596,2.9225,0.011597,-2.9192,-4.3787,-2.9425,-4.4213,11572.41278,19730.30221,371.619578,12509.287924,169.500346
2023-04-19,180.59,-2.0183,2.9308,0.01163,-4.0367,-6.055,-4.06,-6.0976,11338.842219,18933.8533,349.117945,12001.408919,159.164819
2023-04-20,162.99,-9.7458,2.9392,0.011663,-19.4917,-29.2375,-19.515,-29.2802,10233.778133,15243.33166,247.044639,9659.330823,112.561079
2023-04-21,165.08,1.2823,2.9475,0.011697,2.5646,3.8469,2.5412,3.8041,10365.004331,15634.25756,256.548088,9904.790552,116.843011
2023-04-24,162.55,-1.5326,2.9726,0.011796,-3.0652,-4.5978,-3.0887,-4.6407,10206.151363,15155.03958,244.752601,9598.863129,111.420647
2023-04-25,160.67,-1.1566,2.981,0.011829,-2.3131,-3.4697,-2.3367,-3.5127,10088.110058,14804.482239,236.260394,9374.568804,107.506736
2023-04-26,153.75,-4.307,2.9893,0.011862,-8.6139,-12.9209,-8.6375,-12.964,9653.618841,13529.234948,205.733447,8564.840826,93.569584
2023-04-27,160.19,4.1886,2.9977,0.011896,8.3772,12.5659,8.3536,12.5227,10057.972199,14662.611287,231.585621,9280.316545,105.287025
2023-04-28,164.31,2.5719,3.006,0.011929,5.1439,7.7158,5.1203,7.6726,10316.657484,15416.839216,249.45437,9755.491993,113.365283
2023-05-01,161.83,-1.5093,3.0311,0.012028,-3.0187,-4.528,-3.0424,-4.5714,10160.944095,14951.454323,238.15903,9458.689583,108.182857
2023-05-02,160.31,-0.9393,3.0395,0.012061,-1.8785,-2.8178,-1.9023,-2.8613,10065.506425,14670.5883,231.448233,9278.758121,105.087456
2023-05-03,160.61,0.1871,3.0478,0.012094,0.3743,0.5614,0.3505,0.5179,10084.342946,14725.497181,232.747625,9311.278111,105.631666
2023-05-04,161.2,0.3673,3.0562,0.012128,0.7347,1.102,0.7109,1.0584,10121.387497,14833.684584,235.312601,9377.468301,106.749694
2023-05-05,170.06,5.4963,3.0645,0.012161,10.9926,16.4888,10.9687,16.4451,10677.687132,16464.285787,274.112908,10406.053696,124.30484
2023-05-08,171.79,1.0173,3.0896,0.01226,2.0346,3.0519,2.0106,3.008,10786.309697,16799.263377,282.47844,10615.278271,128.043894
2023-05-09,169.15,-1.5368,3.0979,0.012293,-3.0735,-4.6103,-3.0975,-4.6542,10620.550036,16282.934757,269.455396,10286.46799,122.084435
2023-05-10,168.54,-0.3606,3.1063,0.012327,-0.7213,-1.0819,-0.7453,-1.1259,10582.249461,16165.493427,266.540209,10209.804279,120.709887
2023-05-11,172.08,2.1004,3.1147,0.01236,4.2008,6.3012,4.1767,6.2571,10804.518685,16844.572424,283.335414,10636.239973,128.262832
2023-05-12,167.98,-2.3826,3.123,0.012393,-4.7652,-7.1478,-4.7893,-7.192,10547.088466,16041.889381,263.083027,10126.835151,119.03817
2023-05-15,166.35,-0.9703,3.1481,0.012492,-1.9407,-2.911,-1.9649,-2.9554,10444.745061,15730.565249,255.424569,9927.853609,115.520125
2023-05-16,166.52,0.1022,3.1564,0.012526,0.2044,0.3066,0.1802,0.2622,10455.418866,15762.716342,256.207648,9945.739058,115.822976
2023-05-17,173.86,4.4079,3.1648,0.012559,8.8158,13.2236,8.7915,13.1791,10916.28083,17152.318519,290.087599,10820.117532,131.087457
2023-05-18,176.89,1.7428,3.1732,0.012592,3.4856,5.2283,3.4613,5.1838,11106.52768,17750.173161,305.254372,11194.630307,137.88276
2023-05-19,180.14,1.8373,3.1815,0.012625,3.6746,5.5119,3.6503,5.4673,11310.587916,18402.421032,322.079688,11603.264389,145.421203
2023-05-22,188.87,4.8462,3.2066,0.012725,9.6925,14.5387,9.668,14.4939,11858.724835,20186.067724,368.905839,12725.07099,166.498365
2023-05-23,185.77,-1.6413,3.2149,0.012758,-3.2827,-4.924,-3.3071,-4.9689,11664.083339,19523.425411,350.740888,12304.235636,158.225248
2023-05-24,182.9,-1.5449,3.2233,0.012791,-3.0899,-4.6348,-3.1144,-4.6797,11483.881802,18920.180192,334.48482,11921.038606,150.820739
2023-05-25,184.47,0.8584,3.2316,0.012824,1.7168,2.5752,1.6923,2.5302,11582.459053,19245.000558,343.098439,12122.773915,154.63677
2023-05-26,193.17,4.7162,3.24,0.012857,9.4324,14.1486,9.4079,14.1036,12128.712415,21060.270737,391.642191,13263.267655,176.446056
2023-05-30,201.16,4.1363,3.2734,0.01299,8.2725,12.4088,8.2478,12.3634,12630.387001,22802.48413,440.240161,14357.19753,198.260828
2023-05-31,203.93,1.377,3.2818,0.013023,2.754,4.131,2.7293,4.0856,12804.308419,23430.468116,458.426586,14749.046567,206.360998
2023-06-01,207.52,1.7604,3.2901,0.013056,3.5208,5.2812,3.4961,5.2358,13029.717223,24255.414473,482.637199,15264.682824,217.165572
2023-06-02,213.97,3.1081,3.2985,0.013089,6.2163,9.3244,6.1915,9.2789,13434.698115,25763.195372,527.640212,16209.791026,237.316049
2023-06-05,217.61,1.7012,3.3236,0.013189,3.4023,5.1035,3.3775,5.0578,13663.24554,26639.748299,554.568427,16757.268686,249.318963
2023-06-06,221.31,1.7003,3.3319,0.013222,3.4006,5.1009,3.3756,5.0551,13895.560079,27545.653241,582.85621,17322.935084,261.922175
2023-06-07,224.57,1.4731,3.3403,0.013255,2.9461,4.4192,2.9211,4.3733,14100.248805,28357.176439,608.613523,17828.962472,273.376761
2023-06-08,234.86,4.5821,3.3486,0.013288,9.1642,13.7463,9.1392,13.7003,14746.334483,30955.877474,692.275127,19458.383372,310.830252
2023-06-09,244.4,4.062,3.357,0.013321,8.124,12.186,8.099,12.14,15345.329338,33470.727704,776.635598,21034.309142,348.564941
2023-06-12,249.83,2.2218,3.3821,0.013421,4.4435,6.6653,4.4184,6.6191,15686.267399,34958.013477,828.400789,21963.692127,371.636823
2023-06-13,258.71,3.5544,3.3904,0.013454,7.1088,10.6632,7.0837,10.617,16243.8221,37443.117706,916.735141,23519.526562,411.093376
2023-06-14,256.79,-0.7421,3.3988,0.013487,-1.4843,-2.2264,-1.5095,-2.2728,16123.270664,36887.359146,896.324845,23164.506885,401.750248
2023-06-15,255.9,-0.3466,3.4071,0.01352,-0.6932,-1.0398,-0.7184,-1.0862,16067.388634,36631.661581,887.005064,22998.09041,397.386505
2023-06-16,260.54,1.8132,3.4155,0.013553,3.6264,5.4396,3.6012,5.3932,16358.724782,37960.082451,935.254965,23826.290343,418.818236
2023-06-20,274.45,5.3389,3.4489,0.013686,10.6778,16.0167,10.6524,15.97,17232.102821,42013.393794,1085.052304,26364.36995,485.703511
2023-06-21,259.46,-5.4618,3.4573,0.013719,-10.9237,-16.3855,-10.9491,-16.4323,16290.912923,37423.985036,907.260839,23477.707195,405.891137
2023-06-22,264.61,1.9849,3.4656,0.013752,3.9698,5.9547,3.9443,5.9078,16614.269529,38909.634468,961.285212,24403.743102,429.870367
2023-06-23,256.6,-3.0271,3.474,0.013786,-6.0542,-9.0813,-6.0797,-9.1282,16111.340836,36553.976089,873.988341,22920.076159,390.630928
2023-06-26,241.05,-6.06,3.499,0.013885,-12.12,-18.18,-12.1456,-18.2272,15134.990901,32123.622026,715.096825,20136.289727,319.429906
2023-06-27,250.21,3.8,3.5074,0.013918,7.6001,11.4001,7.5745,11.3529,15710.127057,34565.044899,796.618784,21661.505204,355.694551
2023-06-28,256.24,2.41,3.5158,0.013951,4.8199,7.2299,4.7943,7.1826,16088.736244,36231.058611,854.213581,22700.018456,381.242806
2023-06-29,257.5,0.4917,3.5241,0.013985,0.9835,1.4752,0.9578,1.4279,16167.849441,36587.376824,866.814863,22917.432369,386.686408
2023-06-30,261.77,1.6582,3.5325,0.014018,3.3165,4.9747,3.2908,4.9273,16435.952507,37800.795831,909.936687,23671.592874,405.739777
2023-07-03,279.82,6.8954,3.5575,0.014117,13.7907,20.6861,13.7649,20.6385,17569.272811,43013.807906,1098.167285,26929.969487,489.478466
2023-07-05,282.48,0.9506,3.5742,0.014184,1.9012,2.8518,1.8753,2.8041,17736.288496,43831.597082,1129.485228,27434.996607,503.203956
2023-07-06,276.54,-2.1028,3.5826,0.014217,-4.2056,-6.3084,-4.2315,-6.3562,17363.329019,41988.211472,1058.232629,26274.075928,471.219246
2023-07-07,274.43,-0.763,3.591,0.01425,-1.526,-2.289,-1.552,-2.3369,17230.845839,41347.466626,1034.009505,25866.310816,460.20741
2023-07-10,269.61,-1.7564,3.616,0.014349,-3.5127,-5.2691,-3.5388,-5.3172,16928.208353,39895.037247,979.526392,24950.954693,435.737376
2023-07-11,269.79,0.0668,3.6244,0.014382,0.1335,0.2003,0.1075,0.1522,16939.511607,39948.314443,981.488532,24977.76564,436.400503
2023-07-12,271.99,0.8154,3.6327,0.014416,1.6309,2.4463,1.6048,2.3981,17077.64354,40599.825303,1005.498948,25378.599455,446.865956
2023-07-13,277.9,2.1729,3.6411,0.014449,4.3458,6.5186,4.3196,6.4704,17448.71946,42364.192558,1071.043667,26474.852349,475.779809
2023-07-14,281.38,1.2523,3.6495,0.014482,2.5045,3.7568,2.4783,3.7084,17667.221571,43425.206295,1111.280196,27130.983296,493.42377
2023-07-17,290.38,3.1985,3.6745,0.014581,6.397,9.5956,6.3708,9.547,18232.311454,46203.135429,1217.913804,28859.431839,540.531118
2023-07-18,293.34,1.0194,3.6829,0.014615,2.0387,3.0581,2.0124,3.0095,18418.162702,47145.079666,1255.158254,29440.193574,556.798178
2023-07-19,291.26,-0.7091,3.6912,0.014648,-1.4181,-2.1272,-1.4445,-2.1759,18287.564994,46476.496221,1228.458393,29014.931583,544.682967
2023-07-20,262.9,-9.737,3.6996,0.014681,-19.474,-29.211,-19.5004,-29.2598,16506.902987,37425.654182,869.613049,23356.90184,385.310057
2023-07-21,260.02,-1.0955,3.7079,0.014714,-2.191,-3.2864,-2.2174,-3.3352,16326.073918,36605.676477,841.033856,22838.992599,372.459121
2023-07-24,269.06,3.4767,3.733,0.014814,6.9533,10.43,6.9268,10.381,16893.675849,39150.985624,928.753496,24421.00354,411.124046
2023-07-25,265.28,-1.4049,3.7414,0.014847,-2.8098,-4.2147,-2.8363,-4.2637,16656.338174,38050.928542,889.609583,23728.342221,393.594825
2023-07-26,264.35,-0.3506,3.7497,0.01488,-0.7011,-1.0517,-0.7277,-1.1008,16597.946013,37784.138094,880.253464,23555.66475,389.261994
2023-07-27,255.71,-3.2684,3.7581,0.014913,-6.5368,-9.8052,-6.5634,-9.8544,16055.459763,35314.269189,793.943013,22009.610575,350.902666
2023-07-28,266.44,4.1962,3.7664,0.014946,8.3923,12.5885,8.3657,12.5392,16729.172211,38277.954204,893.888321,23850.860496,394.90311
2023-07-31,267.43,0.3716,3.7915,0.015046,0.7431,1.1147,0.7164,1.0652,16791.331485,38562.406992,903.852373,24021.721457,399.109737
2023-08-01,261.07,-2.3782,3.7999,0.015079,-4.7564,-7.1346,-4.7832,-7.1841,16392.002221,36728.234683,839.366474,22872.724278,370.437359
2023-08-02,254.11,-2.666,3.8082,0.015112,-5.3319,-7.9979,-5.3587,-8.0475,15954.998956,34769.918884,772.235098,21647.037508,340.626592
2023-08-03,259.32,2.0503,3.8166,0.015145,4.1006,6.1509,4.0737,6.1012,16282.123632,36195.69127,819.73441,22528.881565,361.409011
2023-08-04,253.86,-2.1055,3.8249,0.015178,-4.211,-6.3165,-4.2379,-6.3662,15939.302015,34671.484022,767.955659,21574.129389,338.400812
2023-08-07,251.45,-0.9493,3.85,0.015278,-1.8987,-2.848,-1.9257,-2.898,15787.983272,34013.180994,746.084045,21158.682566,328.594121
2023-08-08,249.7,-0.696,3.8584,0.015311,-1.3919,-2.0879,-1.4189,-2.1379,15678.104683,33539.742398,730.506629,20858.452683,321.569182
2023-08-09,242.19,-3.0076,3.8667,0.015344,-6.0152,-9.0228,-6.0423,-9.0729,15206.568915,31522.25514,664.594324,19598.129826,292.393615
2023-08-10,245.34,1.3006,3.8751,0.015377,2.6013,3.9019,2.5742,3.8518,15404.349991,32342.230451,690.526048,20102.619945,303.655939
2023-08-11,242.65,-1.0964,3.8834,0.01541,-2.1929,-3.2893,-2.22,-3.3395,15235.45075,31633.005048,667.812465,19656.342992,293.515344
2023-08-14,239.76,-1.191,3.9085,0.01551,-2.382,-3.573,-2.4092,-3.6234,15053.994148,30879.49697,643.951212,19182.773033,282.880015
2023-08-15,232.96,-2.8362,3.9168,0.015543,-5.6723,-8.5085,-5.6996,-8.5589,14627.038114,29127.910323,589.160666,18089.435854,258.668471
2023-08-16,225.6,-3.1593,3.9252,0.015576,-6.3187,-9.478,-6.346,-9.5285,14164.920126,27287.410395,533.319885,16941.486726,234.021143
2023-08-17,219.22,-2.828,3.9336,0.015609,-5.656,-8.484,-5.6833,-8.5346,13764.33388,25744.025582,488.072766,15978.643034,214.048298
2023-08-18,215.49,-1.7015,3.9419,0.015643,-3.403,-5.1045,-3.4303,-5.1551,13530.135786,24867.964047,463.159309,15430.524583,203.013882
2023-08-21,231.28,7.3275,3.967,0.015742,14.655,21.9824,14.6275,21.9316,14521.55417,28512.355669,564.973067,17687.627256,247.538074
2023-08-22,233.19,0.8258,3.9753,0.015775,1.6517,2.4775,1.6242,2.4266,14641.479031,28983.288772,578.970394,17974.90957,253.544847
2023-08-23,236.86,1.5738,3.9837,0.015808,3.1476,4.7215,3.1201,4.6705,14871.910013,29895.580171,606.306304,18535.750396,265.386628
2023-08-24,230.04,-2.8793,3.9921,0.015841,-5.7587,-8.638,-5.7862,-8.6891,14443.696997,28173.988723,553.933424,17463.229243,242.326994
2023-08-25,238.59,3.7167,4.0004,0.015875,7.4335,11.1502,7.4059,11.0991,14980.532578,30268.300117,615.698325,18756.540581,269.22317
2023-08-28,238.82,0.0964,4.0255,0.015974,0.1928,0.2892,0.1651,0.2379,14994.974454,30326.659995,617.479004,18787.5129,269.86365
2023-08-29,257.18,7.6878,4.0338,0.016007,15.3756,23.0634,15.3479,23.012,16147.756896,34989.561061,759.890508,21670.996015,331.964663
2023-08-30,256.9,-0.1089,4.0422,0.01604,-0.2177,-0.3266,-0.2455,-0.3781,16130.176399,34913.372907,757.408568,21617.795416,330.709624
2023-08-31,258.08,0.4593,4.0505,0.016074,0.9186,1.378,0.8909,1.3264,16204.265501,35234.101014,767.845352,21810.379655,335.096313
2023-09-01,245.01,-5.0643,4.0589,0.016107,-10.1286,-15.193,-10.1564,-15.2445,15383.629913,31665.366942,651.186953,19595.2194,284.012443
2023-09-05,256.49,4.6855,4.0923,0.016239,9.371,14.0566,9.3431,14.0047,16104.433185,34632.742031,742.721465,21426.019767,323.787592
2023-09-06,251.92,-1.7817,4.1007,0.016273,-3.5635,-5.3452,-3.5915,-5.3971,15817.493598,33398.609221,703.021305,20656.511849,306.312326
2023-09-07,251.49,-0.1707,4.109,0.016306,-0.3414,-0.5121,-0.3694,-0.564,15790.495319,33284.595586,699.421424,20580.209902,304.584617
2023-09-08,248.5,-1.1889,4.1174,0.016339,-2.3778,-3.5667,-2.4059,-3.6188,15602.759557,32493.143667,674.47482,20085.075224,293.562335
2023-09-11,273.58,10.0925,4.1425,0.016438,20.1851,30.2776,20.157,30.2254,17177.475856,39051.917163,878.689944,24133.614829,382.292748
2023-09-12,267.48,-2.2297,4.1508,0.016472,-4.4594,-6.6891,-4.4876,-6.7414,16794.472023,37310.446639,819.913855,23050.606666,356.52099
2023-09-13,271.3,1.4281,4.1592,0.016505,2.8563,4.2844,2.8281,4.232,17034.319829,38376.134055,855.042296,23702.491615,371.609072
2023-09-14,276.04,1.7472,4.1675,0.016538,3.4943,5.2415,3.4661,5.189,17331.935137,39717.11216,899.858938,24524.033731,390.891914
2023-09-15,274.39,-0.5977,4.1759,0.016571,-1.1955,-1.7932,-1.2238,-1.8457,17228.335708,39242.304229,883.722563,24223.920427,383.677148
2023-09-18,265.28,-3.3201,4.201,0.01667,-6.6402,-9.9603,-6.6686,-10.013,16656.338174,36636.538748,795.701212,22608.530922,345.259562
2023-09-19,266.5,0.4599,4.2093,0.016704,0.9198,1.3797,0.8914,1.3269,16732.939324,36973.515695,806.679308,22810.057446,349.840822
2023-09-20,262.59,-1.4672,4.2177,0.016737,-2.9343,-4.4015,-2.9628,-4.4543,16487.438934,35888.588252,771.173278,22134.245661,334.25771
2023-09-21,255.7,-2.6239,4.226,0.01677,-5.2477,-7.8716,-5.2762,-7.9245,16054.831272,34005.254122,710.469708,20966.398482,307.769487
2023-09-22,244.88,-4.2315,4.2344,0.016803,-8.463,-12.6946,-8.4915,-12.7475,15375.468155,31127.377046,620.278741,19186.027114,268.536491
2023-09-25,246.99,0.8616,4.2595,0.016903,1.7233,2.5849,1.6947,2.5318,15507.950377,31663.793113,636.312576,19511.169755,275.335217
2023-09-26,244.12,-1.162,4.2678,0.016936,-2.324,-3.486,-2.3526,-3.5392,15327.748841,30927.930019,614.130824,19052.143893,265.590498
2023-09-27,240.5,-1.4829,4.2762,0.016969,-2.9658,-4.4486,-2.9944,-4.5019,15100.457439,30010.684747,586.810441,18481.641569,253.633803
2023-09-28,246.38,2.4449,4.2845,0.017002,4.8898,7.3347,4.8611,7.2814,15469.649802,31478.152297,629.851376,19380.054225,272.101783
2023-09-29,250.22,1.5586,4.2929,0.017035,3.1171,4.6757,3.0884,4.6223,15710.754589,32459.3682,659.301334,19978.586176,284.679046
2023-10-02,251.6,0.5515,4.3179,0.017135,1.103,1.6545,1.0742,1.6009,15797.402011,32817.405818,670.209804,20193.194586,289.236517
2023-10-03,246.53,-2.0151,4.3263,0.017168,-4.0302,-6.0453,-4.0591,-6.099,15479.067584,31494.794659,629.693486,19373.535328,271.595926
2023-10-04,261.16,5.9344,4.3347,0.017201,11.8687,17.8031,11.8398,17.7493,16397.65289,35232.830614,741.798529,21667.329893,319.802426
2023-10-05,260.05,-0.425,4.343,0.017234,-0.8501,-1.2751,-0.879,-1.3289,16327.957474,34933.328389,732.339867,21476.872703,315.552469
2023-10-06,260.53,0.1846,4.3514,0.017267,0.3692,0.5538,0.3402,0.4999,16358.096291,35062.291144,736.395216,21549.935854,317.129767
2023-10-09,259.67,-0.3301,4.3764,0.017367,-0.6602,-0.9903,-0.6893,-1.0444,16304.099733,34830.816404,729.102899,21401.401928,313.817756
2023-10-10,263.62,1.5212,4.3848,0.0174,3.0423,4.5635,3.0132,4.5093,16552.110255,35890.477358,762.37524,22046.269476,327.968733
2023-10-11,262.99,-0.239,4.3932,0.017433,-0.478,-0.7169,-0.5071,-0.7712,16512.553656,35718.933648,756.909417,21934.471983,325.439511
2023-10-12,258.87,-1.5666,4.4015,0.017466,-3.1332,-4.6998,-3.1624,-4.7541,16253.868372,34599.789668,721.33624,21240.823254,309.967821
2023-10-13,251.12,-2.9938,4.4099,0.017499,-5.9876,-8.9813,-6.0168,-9.0357,15767.263195,32528.106004,656.550565,19962.812358,281.96004
2023-10-16,253.92,1.115,4.4349,0.017599,2.23,3.345,2.2007,3.2905,15943.069128,33253.486682,678.5123,20402.135317,291.237808
2023-10-17,254.85,0.3663,4.4433,0.017632,0.7325,1.0988,0.7032,1.0442,16001.462247,33497.075266,685.967661,20545.599458,294.278772
2023-10-18,242.68,-4.7754,4.4516,0.017665,-9.5507,-14.3261,-9.5801,-14.3808,15237.334306,30297.86125,587.695319,18577.310891,251.959174
2023-10-19,220.11,-9.3003,4.46,0.017698,-18.6006,-27.9009,-18.63,-27.9557,13820.214952,24662.271101,423.722857,15116.353205,181.522242
2023-10-20,211.99,-3.6891,4.4684,0.017732,-7.3781,-11.0672,-7.4076,-11.122,13310.378609,22842.657995,376.828656,13996.599881,161.333311
2023-10-23,212.08,0.0425,4.4934,0.017831,0.0849,0.1274,0.0554,0.0723,13316.029278,22862.05283,377.308582,14004.349632,161.450006
2023-10-24,216.52,2.0936,4.5018,0.017864,4.1871,6.2807,4.1575,6.2256,13594.807107,23819.310181,401.006022,14586.584797,171.501171
2023-10-25,212.42,-1.8936,4.5101,0.017897,-3.7872,-5.6808,-3.8168,-5.7359,13337.376888,22917.22894,378.225765,14029.845736,161.663973
2023-10-26,205.76,-3.1353,4.5185,0.017931,-6.2706,-9.4059,-6.3002,-9.4611,12919.210144,21480.181298,342.65023,13145.932292,146.368742
2023-10-27,207.3,0.7484,4.5268,0.017964,1.4969,2.2453,1.4672,2.1901,13015.903838,21801.717687,350.343917,13338.813077,149.574297
2023-10-30,197.36,-4.795,4.5519,0.018063,-9.59,-14.385,-9.6197,-14.4404,12391.793303,19710.93984,299.94711,12055.654212,127.975104
2023-10-31,200.84,1.7633,4.5603,0.018096,3.5265,5.2898,3.4967,5.2343,12610.294456,20406.055225,315.81377,12477.209511,134.673656
2023-11-01,205.66,2.3999,4.5686,0.018129,4.7998,7.1998,4.77,7.1441,12912.931942,21385.514869,338.551641,13072.373929,144.294941
2023-11-02,218.51,6.2482,4.577,0.018163,12.4963,18.7445,12.4665,18.6888,13719.754145,24057.92239,402.011508,14702.038168,171.261971
2023-11-03,219.96,0.6636,4.5853,0.018196,1.3272,1.9908,1.2973,1.935,13810.797171,24377.214706,410.014642,14892.764686,174.575917
2023-11-06,219.27,-0.3137,4.6104,0.018295,-0.6274,-0.9411,-0.6574,-0.997,13767.47346,24224.274743,406.156062,14794.861046,172.835327
2023-11-07,222.18,1.3271,4.6188,0.018328,2.6543,3.9814,2.6242,3.9254,13950.185127,24867.247856,422.326666,15183.110224,179.619727
2023-11-08,222.11,-0.0315,4.6271,0.018362,-0.063,-0.0945,-0.0931,-0.1506,13945.790482,24851.580288,421.927536,15168.978881,179.349228
2023-11-09,209.98,-5.4613,4.6355,0.018395,-10.9225,-16.3838,-10.9526,-16.4399,13184.174588,22137.161402,352.799856,13507.578062,149.864331
2023-11-10,214.65,2.224,4.6438,0.018428,4.448,6.6721,4.4179,6.6158,13477.393335,23121.831421,376.338879,14104.330264,159.779116
2023-11-13,223.71,4.2208,4.6689,0.018527,8.4417,12.6625,8.4114,12.6061,14046.251289,25073.698134,423.99276,15290.705798,179.920987
2023-11-14,237.41,6.124,4.6773,0.018561,12.248,18.372,12.2177,18.3155,14906.443475,28144.723816,501.888688,17158.882892,212.874431
2023-11-15,242.84,2.2872,4.6856,0.018594,4.5744,6.8615,4.5441,6.805,15247.380578,29432.164461,536.325971,17938.592606,227.360506
2023-11-16,233.59,-3.8091,4.694,0.018627,-7.6182,-11.4273,-7.6485,-11.4839,14666.593754,27189.967744,475.038515,16566.556094,201.250661
2023-11-17,234.3,0.304,4.7023,0.01866,0.6079,0.9119,0.5775,0.8552,14711.173488,27355.257867,479.370214,16662.234932,202.971712
2023-11-20,235.6,0.5548,4.7274,0.01876,1.1097,1.6645,1.0792,1.6077,14792.797774,27658.816709,487.349507,16842.057964,206.234791
2023-11-21,241.2,2.3769,4.7358,0.018793,4.7538,7.1307,4.7233,7.0738,15144.408682,28973.664895,522.101027,17637.561097,220.823362
2023-11-22,234.21,-2.898,4.7441,0.018826,-5.796,-8.694,-5.8265,-8.751,14705.52282,27294.347837,476.70947,16609.900829,201.499033
2023-11-24,235.45,0.5294,4.7608,0.018892,1.0589,1.5883,1.0283,1.5312,14783.379035,27583.359611,484.281074,16780.695774,204.584298
2023-11-27,236.08,0.2676,4.7859,0.018992,0.5351,0.8027,0.5045,0.7454,14822.935633,27730.971855,488.168516,16865.34627,206.10922
2023-11-28,246.72,4.5069,4.7942,0.019025,9.0139,13.5208,8.9832,13.4634,15490.997413,30230.611988,554.172998,18380.387625,233.85858
2023-11-29,244.14,-1.0457,4.8026,0.019058,-2.0914,-3.1372,-2.1222,-3.1946,15329.004864,29598.356525,536.787694,17990.318036,226.387634
2023-11-30,240.08,-1.663,4.811,0.019091,-3.326,-4.9889,-3.3568,-5.0465,15074.086692,28613.927464,510.00769,17386.426959,214.963016
2023-12-01,238.83,-0.5207,4.8193,0.019124,-1.0413,-1.562,-1.0722,-1.6196,14995.601986,28315.965042,502.041476,17200.018354,211.48149
2023-12-04,235.58,-1.3608,4.8444,0.019224,-2.7216,-4.0824,-2.7525,-4.1402,14791.541751,27545.317421,481.546126,16726.58248,202.725703
2023-12-05,238.72,1.3329,4.8527,0.019257,2.6658,3.9986,2.6348,3.9408,14988.695294,28279.60963,500.801426,17167.294025,210.714641
2023-12-06,239.37,0.2723,4.8611,0.01929,0.5446,0.8168,0.5136,0.7589,15029.506958,28433.610749,504.892217,17255.460014,212.313762
2023-12-07,242.64,1.3661,4.8695,0.019323,2.7322,4.0983,2.7011,4.0403,15234.823217,29210.466917,525.58403,17721.555183,220.891773
2023-12-08,243.84,0.4946,4.8778,0.019356,0.9891,1.4837,0.9581,1.4256,15310.168343,29499.392661,533.381993,17891.337329,224.040801
2023-12-11,239.74,-1.6814,4.9029,0.019456,-3.3629,-5.0443,-3.394,-5.1026,15052.739082,28507.371322,506.476711,17284.102541,212.608992
2023-12-12,237.01,-1.1387,4.9112,0.019489,-2.2775,-3.4162,-2.3087,-3.4746,14881.327795,27858.122677,489.17438,16885.069351,205.22177
2023-12-13,239.29,0.962,4.9196,0.019522,1.924,2.886,1.8927,2.8275,15024.483822,28394.104172,503.291721,17204.659802,211.024504
2023-12-14,251.05,4.9145,4.9279,0.019555,9.8291,14.7436,9.7978,14.6852,15762.868549,31184.985126,577.495186,18890.342165,242.013776
2023-12-15,253.5,0.9759,4.9363,0.019588,1.9518,2.9277,1.9205,2.8692,15916.698381,31793.653658,594.402512,19253.132155,248.957534
2023-12-18,252.08,-0.5602,4.9614,0.019688,-1.1203,-1.6805,-1.1517,-1.7392,15827.53987,31437.464862,584.413749,19031.392203,244.627634
2023-12-19,257.22,2.039,4.9697,0.019721,4.0781,6.1171,4.0466,6.0583,16150.268943,32719.506666,620.162951,19801.524599,259.447904
2023-12-20,247.14,-3.9188,4.9781,0.019754,-7.8377,-11.7565,-7.8691,-11.8153,15517.368159,30155.066222,547.253648,18243.320701,228.793229
2023-12-21,254.5,2.9781,4.9864,0.019787,5.9561,8.9342,5.9246,8.8753,15979.486146,31951.1438,596.146428,19324.172676,249.099241
2023-12-22,252.54,-0.7701,4.9948,0.019821,-1.5403,-2.3104,-1.5718,-2.3694,15856.421706,31459.006618,582.372939,19020.433921,243.197017
2023-12-26,256.61,1.6116,5.0282,0.019953,3.2232,4.8349,3.1916,4.7756,16111.96741,32473.007654,610.529903,19627.487421,254.811126
2023-12-27,261.44,1.8822,5.0366,0.019986,3.7645,5.6467,3.7328,5.5874,16415.233387,33695.447861,645.004827,20360.139966,269.048401
2023-12-28,253.18,-3.1594,5.0449,0.02002,-6.3189,-9.4783,-6.3506,-9.5377,15896.605837,31566.280743,583.869429,19067.152423,243.3874
2023-12-29,248.48,-1.8564,5.0533,0.020053,-3.7128,-5.5692,-3.7445,-5.6286,15601.503534,30394.296957,551.352825,18353.177124,229.68803
2024-01-02,248.42,-0.0241,5.0695,0.020117,-0.0483,-0.0724,-0.0801,-0.132,15597.736421,30379.619046,550.953439,18338.473497,229.384759
2024-01-03,238.45,-4.0134,5.0692,0.020116,-8.0267,-12.0401,-8.0586,-12.0997,14971.742329,27941.129059,484.618122,16860.658053,201.62991
2024-01-04,237.93,-0.2181,5.0689,0.020115,-0.4362,-0.6542,-0.468,-0.7138,14939.092423,27819.262784,481.447602,16781.754425,200.190625
2024-01-05,237.49,-0.1849,5.0686,0.020114,-0.3698,-0.5548,-0.4017,-0.6144,14911.466612,27716.374376,478.77668,16714.347841,198.960732
2024-01-08,240.45,1.2464,5.0678,0.02011,2.4927,3.7391,2.4609,3.6795,15097.317859,28407.268557,496.67859,17125.673327,206.281508
2024-01-09,234.96,-2.2832,5.0675,0.020109,-4.5664,-6.8496,-4.5982,-6.9092,14752.613643,27110.070562,462.657871,16338.192823,192.029047
2024-01-10,233.94,-0.4341,5.0673,0.020108,-0.8682,-1.3024,-0.9001,-1.3619,14688.569855,26874.691033,456.632424,16191.140746,189.413734
2024-01-11,227.22,-2.8725,5.067,0.020107,-5.7451,-8.6176,-5.7769,-8.6772,14266.635999,25330.722882,417.281688,15255.798413,172.977973
2024-01-12,218.89,-3.6661,5.0667,0.020106,-7.3321,-10.9982,-7.3639,-11.0577,13743.613803,23473.448286,371.388405,14132.374384,153.850534
2024-01-16,219.91,0.466,5.0656,0.020102,0.932,1.398,0.9002,1.3384,13807.657591,23692.215864,376.580298,14259.589895,155.909669
2024-01-17,215.55,-1.9826,5.0654,0.020101,-3.9653,-5.9479,-3.9971,-6.0075,13533.902898,22752.758141,354.181721,13689.62468,146.543466
2024-01-18,211.88,-1.7026,5.0651,0.0201,-3.4052,-5.1079,-3.437,-5.1674,13303.471916,21977.971971,336.090611,13219.105909,138.970942
2024-01-19,212.19,0.1463,5.0648,0.020098,0.2926,0.4389,0.2608,0.3794,13322.93597,22042.283067,337.565795,13253.582838,139.498146
2024-01-22,208.8,-1.5976,5.064,0.020095,-3.1952,-4.7929,-3.2271,-4.8524,13110.085486,21337.977253,321.386693,12825.883031,132.729097
2024-01-23,209.14,0.1628,5.0637,0.020094,0.3257,0.4885,0.2939,0.4289,13131.433096,21407.468,322.956669,12863.574008,133.298435
2024-01-24,207.83,-0.6264,5.0634,0.020093,-1.2527,-1.8791,-1.2845,-1.9387,13049.181277,21139.286582,316.887924,12698.335431,130.714216
2024-01-25,182.63,-12.1253,5.0632,0.020092,-24.2506,-36.3759,-24.2824,-36.4354,11466.929795,16012.885652,201.617155,9614.876788,83.087931
2024-01-26,183.25,0.3395,5.0629,0.020091,0.679,1.0184,0.6472,0.9589,11505.857903,16121.607227,203.670514,9677.100986,83.88466
2024-01-29,190.93,4.191,5.0621,0.020088,8.382,12.573,8.3502,12.5134,11988.067477,17472.917737,229.277958,10485.157292,94.381513
2024-01-30,191.59,0.3457,5.0618,0.020087,0.6914,1.037,0.6596,0.9775,12029.507632,17593.717927,231.655651,10554.313598,95.304089
2024-01-31,187.29,-2.2444,5.0615,0.020085,-4.4888,-6.7331,-4.5205,-6.7927,11759.520051,16803.978982,216.057968,10077.200883,88.830398
2024-02-01,188.86,0.8383,5.0613,0.020084,1.6766,2.5148,1.6448,2.4553,11858.097302,17085.706474,221.491455,10242.946811,91.011446
2024-02-02,187.91,-0.503,5.061,0.020083,-1.006,-1.509,-1.0378,-1.5686,11798.449117,16913.818632,218.149039,10136.643194,89.583857
2024-02-05,181.06,-3.6454,5.0602,0.02008,-7.2907,-10.9361,-7.3225,-10.9956,11368.352545,15680.677675,194.292051,9394.385773,79.733556
2024-02-06,185.1,2.2313,5.0599,0.020079,4.4626,6.6939,4.4308,6.6344,11622.015651,16380.44651,207.297821,9810.635346,85.023403
2024-02-07,187.58,1.3398,5.0596,0.020078,2.6796,4.0194,2.6478,3.9599,11777.72904,16819.381529,215.630036,10070.405639,88.390263
2024-02-08,189.56,1.0555,5.0593,0.020077,2.1111,3.1666,2.0793,3.1071,11902.048546,17174.454599,222.458268,10279.800749,91.136657
2024-02-09,193.57,2.1154,5.0591,0.020076,4.2309,6.3463,4.1991,6.2868,12153.828096,17901.081858,236.576117,10711.457675,96.866213
2024-02-12,188.13,-2.8104,5.0583,0.020072,-5.6207,-8.4311,-5.6525,-8.4906,11812.262502,16894.914318,216.630238,10105.993946,88.641718
2024-02-13,184.02,-2.1847,5.058,0.020071,-4.3693,-6.554,-4.4011,-6.6135,11554.20475,16156.721511,202.432337,9661.219318,82.779409
2024-02-14,188.71,2.5486,5.0577,0.02007,5.0973,7.6459,5.0655,7.5864,11848.67952,16980.273969,217.910135,10150.608186,89.059391
2024-02-15,200.45,6.2212,5.0574,0.020069,12.4424,18.6635,12.4106,18.604,12585.807266,19093.020972,258.579883,11410.358102,105.628035
2024-02-16,199.95,-0.2494,5.0572,0.020068,-0.4989,-0.7483,-0.5307,-0.8078,12554.413384,18997.77018,256.644888,11349.808811,104.774753
2024-02-20,193.76,-3.0958,5.0561,0.020064,-6.1916,-9.2873,-6.2233,-9.3468,12165.756966,17821.51366,232.809442,10643.47383,94.981647
2024-02-21,194.77,0.5213,5.0558,0.020063,1.0425,1.5638,1.0108,1.5043,12229.173222,18007.309524,236.450128,10751.05465,96.41047
2024-02-22,197.41,1.3554,5.0555,0.020062,2.7109,4.0663,2.6791,4.0068,12394.932883,18495.467712,246.064979,11039.088429,100.273489
2024-02-23,191.97,-2.7557,5.0552,0.02006,-5.5114,-8.2671,-5.5431,-8.3265,12053.367289,17476.113194,225.722635,10427.176138,91.924169
2024-02-26,199.4,3.8704,5.0544,0.020057,7.7408,11.6112,7.709,11.5517,12519.879921,18828.90157,251.931691,11231.009394,102.542971
2024-02-27,199.73,0.1655,5.0542,0.020056,0.331,0.4965,0.2992,0.437,12540.599999,18891.22426,253.182513,11264.616204,102.991099
2024-02-28,202.04,1.1566,5.0539,0.020055,2.3131,3.4697,2.2814,3.4102,12685.639582,19328.201007,261.967137,11521.602527,106.503307
2024-02-29,201.88,-0.0792,5.0536,0.020054,-0.1584,-0.2376,-0.1901,-0.297,12675.594268,19297.590354,261.344809,11499.696118,106.186957
2024-03-01,202.64,0.3765,5.0533,0.020053,0.7529,1.1294,0.7212,1.0699,12723.312624,19442.885206,264.296374,11582.627075,107.323057
2024-03-04,188.14,-7.1555,5.0525,0.02005,-14.3111,-21.4666,-14.3428,-21.5261,11812.890035,16660.395704,207.560821,9921.348292,84.220583
2024-03-05,180.74,-3.9332,5.0522,0.020049,-7.8665,-11.7997,-7.8982,-11.8592,11348.260958,15349.809684,183.069238,9137.737299,74.232716
2024-03-06,176.54,-2.3238,5.052,0.020047,-4.6476,-6.9714,-4.6793,-7.0308,11084.551579,14636.416012,170.306822,8710.152669,69.013547
2024-03-07,178.65,1.1952,5.0517,0.020046,2.3904,3.5856,2.3586,3.5261,11217.033802,14986.284007,176.413328,8915.593913,71.447056
2024-03-08,175.34,-1.8528,5.0514,0.020045,-3.7056,-5.5584,-3.7373,-5.6178,11009.206453,14430.957221,166.607657,8582.389762,67.433299
2024-03-11,177.77,1.3859,5.0506,0.020042,2.7718,4.1577,2.74,4.0982,11161.78122,14830.949707,173.534621,8817.548823,70.196852
2024-03-12,177.54,-0.1294,5.0503,0.020041,-0.2588,-0.3882,-0.2905,-0.4476,11147.339344,14792.571114,172.861028,8791.931991,69.882645
2024-03-13,169.48,-4.5398,5.0501,0.02004,-9.0796,-13.6195,-9.1114,-13.6789,10641.270113,13449.45867,149.318285,7990.864966,60.323463
2024-03-14,162.5,-4.1185,5.0498,0.020039,-8.237,-12.3554,-8.2687,-12.4149,10203.011783,12341.632775,130.869365,7330.12428,52.83438
2024-03-15,163.57,0.6585,5.0495,0.020038,1.3169,1.9754,1.2852,1.916,10270.195151,12504.163697,133.454556,7424.330158,53.846664
2024-03-18,173.8,6.2542,5.0487,0.020034,12.5084,18.7626,12.4767,18.7032,10912.513717,14068.234559,158.494101,8350.638558,63.917696
2024-03-19,171.32,-1.4269,5.0484,0.020033,-2.8539,-4.2808,-2.8856,-4.3402,10756.800328,13666.748242,151.709325,8109.673385,61.143535
2024-03-20,175.66,2.5333,5.0481,0.020032,5.0665,7.5998,5.0348,7.5404,11029.298998,14359.179187,163.23894,8517.979138,65.753988
2024-03-21,172.82,-1.6168,5.0479,0.020031,-3.2335,-4.8503,-3.2653,-4.9097,10850.981976,13894.872966,155.321407,8239.8456,62.525665
2024-03-22,170.83,-1.1515,5.0476,0.02003,-2.303,-3.4545,-2.3347,-3.5139,10726.033979,13574.876757,149.955874,8047.468529,60.328578
2024-03-25,172.63,1.0537,5.0468,0.020027,2.1074,3.161,2.0756,3.1016,10839.052147,13860.948517,154.696043,8214.504079,62.199743
2024-03-26,177.67,2.9195,5.0465,0.020026,5.8391,8.7586,5.8073,8.6992,11155.50206,14670.298983,168.245258,8691.548072,67.610616
2024-03-27,179.83,1.2157,5.0462,0.020025,2.4315,3.6472,2.3997,3.5878,11291.123862,15027.004109,174.381529,8900.12325,70.036352
2024-03-28,175.79,-2.2466,5.046,0.020024,-4.4931,-6.7397,-4.5249,-6.7991,11037.460756,14351.819497,162.628714,8497.404078,65.274492
2024-04-01,175.22,-0.3242,5.0449,0.020019,-0.6485,-0.9727,-0.6802,-1.0321,11001.672228,14258.749088,161.046763,8439.603232,64.600767
2024-04-02,166.63,-4.9024,5.0446,0.020018,-9.8048,-14.7072,-9.8365,-14.7666,10462.325558,12860.705468,137.361263,7609.438527,55.061417
2024-04-03,168.38,1.0502,5.0443,0.020017,2.1005,3.1507,2.0687,3.0913,10572.204147,13130.839704,141.689095,7766.857917,56.763527
2024-04-04,171.11,1.6213,5.044,0.020016,3.2427,4.864,3.2109,4.8046,10743.614476,13556.628221,148.580839,8016.246896,59.490784
2024-04-05,164.9,-3.6292,5.0438,0.020015,-7.2585,-10.8877,-7.2902,-10.9471,10353.702035,12572.620835,132.403736,7431.845036,52.978244
2024-04-08,172.98,4.8999,5.043,0.020012,9.7999,14.6998,9.7682,14.6404,10861.02729,13804.722752,151.86685,8157.799791,60.734489
2024-04-09,176.88,2.2546,5.0427,0.020011,4.5092,6.7638,4.4775,6.7044,11105.900148,14427.205657,162.138825,8523.064096,64.806383
2024-04-10,171.76,-2.8946,5.0424,0.02001,-5.7892,-8.6839,-5.821,-8.7433,10784.42614,13591.979056,148.058899,8026.93968,59.140195
2024-04-11,174.6,1.6535,5.0421,0.020008,3.307,4.9604,3.2752,4.901,10962.74412,14041.459486,155.403258,8289.841116,62.038685
2024-04-12,171.05,-2.0332,5.0419,0.020007,-4.0664,-6.0997,-4.0982,-6.159,10739.847364,13470.471831,145.924185,7950.110608,58.217697
2024-04-15,161.48,-5.5949,5.041,0.020004,-11.1897,-16.7846,-11.2214,-16.844,10138.967995,11963.163889,121.431426,7057.994555,48.411536
2024-04-16,157.11,-2.7062,5.0408,0.020003,-5.4124,-8.1186,-5.4441,-8.178,9864.585769,11315.666129,111.572841,6673.747559,44.452434
2024-04-17,155.45,-1.0566,5.0405,0.020002,-2.1132,-3.1698,-2.1449,-3.2291,9760.357849,11076.54644,108.036249,6530.603544,43.017007
2024-04-18,149.93,-3.551,5.0402,0.020001,-7.102,-10.653,-7.1337,-10.7123,9413.769119,10289.893692,96.5272,6064.731518,38.408888
2024-04-19,147.05,-1.9209,5.0399,0.02,-3.8418,-5.7627,-3.8735,-5.822,9232.941008,9894.578698,90.964657,5829.815034,36.17271
2024-04-22,142.05,-3.4002,5.0391,0.019997,-6.8004,-10.2006,-6.8321,-10.26,8919.002184,9221.706988,81.685706,5431.515613,32.461401
2024-04-23,144.68,1.8515,5.0389,0.019995,3.7029,5.5544,3.6712,5.495,9084.133354,9563.178205,86.222824,5630.917687,34.245156
2024-04-24,162.13,12.0611,5.0386,0.019994,24.1222,36.1833,24.0905,36.124,10179.780617,11870.028977,117.421111,6987.434932,46.615867
2024-04-25,170.18,4.9651,5.0383,0.019993,9.9303,14.8954,9.8986,14.8361,10685.221357,13048.756979,134.911492,7679.092318,53.531835
2024-04-26,168.29,-1.1106,5.038,0.019992,-2.2212,-3.3318,-2.2529,-3.3911,10566.55252,12758.920996,130.416558,7506.091929,51.716509
2024-04-29,194.05,15.3069,5.0372,0.019989,30.6138,45.9208,30.5821,45.8614,12183.965955,16664.915916,190.304821,9801.615389,75.434428
2024-04-30,183.28,-5.5501,5.0369,0.019988,-11.1002,-16.6504,-11.1319,-16.7097,11507.741459,14815.070899,158.618394,8710.506393,62.829565
2024-05-01,179.99,-1.7951,5.0367,0.019987,-3.5901,-5.3852,-3.6218,-5.4445,11301.170135,14283.190889,150.076489,8395.027432,59.40879
2024-05-02,180.01,0.0111,5.0364,0.019986,0.0222,0.0333,-0.0095,-0.026,11302.4252,14286.363364,150.12649,8394.231517,59.393332
2024-05-03,181.19,0.6555,5.0361,0.019985,1.311,1.9666,1.2794,1.9072,11376.515261,14473.664321,153.078833,8501.623636,60.526103
2024-05-06,184.76,1.9703,5.0353,0.019981,3.9406,5.9109,3.9089,5.8516,11600.667083,15044.014408,162.127184,8833.945159,64.067837
2024-05-07,177.81,-3.7616,5.035,0.01998,-7.5233,-11.2849,-7.555,-11.3442,11164.292309,13912.212531,143.831284,8166.544404,56.799834
2024-05-08,174.72,-1.7378,5.0348,0.019979,-3.4756,-5.2134,-3.5073,-5.2727,10970.278346,13428.677451,136.33275,7880.119069,53.804922
2024-05-09,171.97,-1.5739,5.0345,0.019978,-3.1479,-4.7218,-3.1796,-4.7812,10797.611992,13005.956952,129.895335,7629.564521,51.232422
2024-05-10,168.47,-2.0352,5.0342,0.019977,-4.0705,-6.1057,-4.1022,-6.165,10577.854816,12476.552417,121.964294,7316.58752,48.073925
2024-05-13,171.89,2.03,5.0334,0.019974,4.0601,6.0901,4.0284,6.0308,10792.588856,12983.108909,129.392044,7611.328034,50.973162
2024-05-14,177.55,3.2928,5.0331,0.019973,6.5856,9.8784,6.5539,9.8191,11147.967835,13838.126004,142.17393,8110.169323,55.978271
2024-05-15,173.99,-2.0051,5.0328,0.019972,-4.0101,-6.0152,-4.0418,-6.0745,10924.443546,13283.198446,133.621879,7782.371436,52.577865
2024-05-16,174.84,0.4885,5.0326,0.019971,0.9771,1.4656,0.9454,1.4063,10977.812571,13412.982878,135.580223,7855.944437,53.317257
2024-05-17,177.46,1.4985,5.0323,0.019969,2.997,4.4956,2.9654,4.4363,11142.317166,13814.975043,141.675308,8088.901629,55.682545
2024-05-20,174.95,-1.4144,5.0315,0.019966,-2.8288,-4.2432,-2.8605,-4.3025,10984.719263,13424.174627,135.663705,7857.519414,53.28679
2024-05-21,186.6,6.6591,5.0312,0.019965,13.3181,19.9772,13.2864,19.9179,11716.197298,15212.01984,162.76545,8901.503242,63.900377
2024-05-22,180.11,-3.478,5.0309,0.019964,-6.9561,-10.4341,-6.9877,-10.4934,11308.70436,14153.862401,145.782353,8279.490074,57.195064
2024-05-23,173.74,-3.5367,5.0307,0.019963,-7.0734,-10.6102,-7.1051,-10.6695,10908.746604,13152.696068,130.314591,7691.222457,51.092657
2024-05-24,179.24,3.1656,5.0304,0.019962,6.3313,9.4969,6.2996,9.4377,11254.079311,13985.432641,142.690501,8175.741111,55.914608
2024-05-28,176.75,-1.3892,5.0293,0.019957,-2.7784,-4.1676,-2.8101,-4.2269,11097.737432,13596.86086,136.743724,7945.997261,53.551162
2024-05-29,176.19,-0.3168,5.029,0.019956,-0.6337,-0.9505,-0.6653,-1.0098,11062.576437,13510.702909,135.443987,7893.130685,53.010419
2024-05-30,178.79,1.4757,5.0287,0.019955,2.9513,4.427,2.9197,4.3677,11225.82405,13909.45089,141.440124,8123.585412,55.32578
2024-05-31,178.08,-0.3971,5.0285,0.019954,-0.7942,-1.1913,-0.8259,-1.2506,11181.245274,13798.979481,139.755109,8056.494432,54.633875
2024-06-03,176.29,-1.0052,5.0277,0.019951,-2.0103,-3.0155,-2.042,-3.0748,11068.854638,13521.572799,135.540776,7891.980868,52.954004
2024-06-04,174.77,-0.8622,5.0274,0.01995,-1.7244,-2.5866,-1.7561,-2.6459,10973.417926,13288.404237,132.034839,7753.391749,51.552897
2024-06-05,175.0,0.1316,5.0271,0.019949,0.2632,0.3948,0.2315,0.3355,10987.858843,13323.379074,132.556109,7771.344185,51.725875
2024-06-06,177.94,1.68,5.0268,0.019948,3.36,5.04,3.3283,4.9807,11172.455025,13771.044983,139.236943,8030.001618,54.302208
2024-06-07,177.48,-0.2585,5.0266,0.019947,-0.517,-0.7756,-0.5487,-0.8348,11143.572232,13699.843757,138.157086,7985.941902,53.848887
2024-06-10,173.79,-2.0791,5.0257,0.019943,-4.1582,-6.2373,-4.1899,-6.2966,10911.885226,13130.174407,129.539777,7651.341509,50.458249
2024-06-11,170.66,-1.801,5.0255,0.019942,-3.602,-5.4031,-3.6337,-5.4623,10715.360174,12657.220713,122.540671,7373.315836,47.702066
2024-06-12,177.29,3.8849,5.0252,0.019941,7.7698,11.6547,7.7382,11.5955,11131.642403,13640.664287,136.82246,7943.875907,53.233352
2024-06-13,182.47,2.9218,5.0249,0.01994,5.8435,8.7653,5.8119,8.7061,11456.883523,14437.762284,148.815378,8405.565703,57.867884
2024-06-14,178.01,-2.4442,5.0246,0.019939,-4.8885,-7.3327,-4.9201,-7.392,11176.84967,13731.974853,137.903158,7992.001148,53.59031
2024-06-17,187.44,5.2975,5.0238,0.019936,10.5949,15.8924,10.5633,15.8331,11768.938791,15186.866553,159.819251,8836.218405,62.07534
2024-06-18,184.86,-1.3764,5.0236,0.019935,-2.7529,-4.1293,-2.7845,-4.1886,11606.946243,14768.78991,153.219796,8590.17179,59.475278
2024-06-20,181.57,-1.7797,5.023,0.019933,-3.5594,-5.3392,-3.5911,-5.3984,11400.374918,14243.103234,145.039139,8281.691675,56.264567
2024-06-21,183.01,0.7931,5.0227,0.019931,1.5862,2.3792,1.5545,2.32,11490.788494,14469.020348,148.489948,8410.431657,57.569905
2024-06-24,182.58,-0.235,5.0219,0.019928,-0.4699,-0.7049,-0.5015,-0.7641,11463.790215,14401.028731,147.443291,8368.249452,57.130019
2024-06-25,187.35,2.6126,5.0216,0.019927,5.2251,7.8377,5.1935,7.7784,11763.288122,15153.498529,158.999405,8802.852641,61.573848
2024-06-26,196.37,4.8145,5.0214,0.019926,9.629,14.4435,9.5974,14.3843,12329.633071,16612.632618,181.964543,9647.696927,70.430827
2024-06-27,197.42,0.5347,5.0211,0.019925,1.0694,1.6041,1.0378,1.5449,12395.560415,16790.290258,184.883471,9747.81895,71.518916
2024-06-28,197.88,0.233,5.0208,0.019924,0.466,0.699,0.4344,0.6398,12424.443209,16868.536093,186.175858,9790.162317,71.976504
2024-07-01,209.86,6.0542,5.02,0.019921,12.1083,18.1625,12.0767,18.1033,13176.640363,18911.03645,219.990077,10972.492504,85.006634
2024-07-02,231.26,10.1973,5.0197,0.01992,20.3945,30.5918,20.3629,30.5326,14520.298147,22767.855886,287.289033,13206.812042,110.961378
2024-07-03,246.39,6.5424,5.0195,0.019918,13.0848,19.6273,13.0532,19.5681,15470.277335,25746.994335,343.676016,14930.72618,132.674371
2024-07-05,251.52,2.0821,5.0189,0.019916,4.1641,6.2462,4.1325,6.187,15792.378875,26819.133683,365.142711,15547.740136,140.882939
2024-07-08,252.94,0.5646,5.0181,0.019913,1.1291,1.6937,1.0975,1.6345,15881.537386,27121.957475,371.327134,15718.378759,143.185683
2024-07-09,262.33,3.7123,5.0178,0.019912,7.4247,11.137,7.3931,11.0778,16471.113502,29135.67415,412.681872,16880.447109,159.047537
2024-07-10,263.26,0.3545,5.0175,0.019911,0.709,1.0636,0.6774,1.0044,16529.507579,29342.260161,417.071043,16994.800508,160.644987
2024-07-11,241.03,-8.4441,5.0173,0.01991,-16.8883,-25.3324,-16.9199,-25.3916,15133.734877,24386.864419,311.417011,14119.302148,119.854707
2024-07-12,248.23,2.9872,5.017,0.019909,5.9744,8.9615,5.9427,8.9024,15585.806593,25843.822891,339.324759,14958.375914,130.524597
2024-07-15,252.64,1.7766,5.0162,0.019905,3.5532,5.3297,3.5215,5.2706,15862.700865,26762.095103,357.409883,15485.142235,137.403978
2024-07-16,256.56,1.5516,5.0159,0.019904,3.1032,4.6548,3.0716,4.5957,16108.828788,27592.584052,374.046751,15960.786609,143.71861
2024-07-17,248.5,-3.1416,5.0156,0.019903,-6.2831,-9.4247,-6.3147,-9.4839,15602.759557,25858.906454,338.793992,14952.904681,130.088531
2024-07-18,249.23,0.2938,5.0154,0.019902,0.5875,0.8813,0.5559,0.8221,15648.594357,26010.833144,341.779725,15036.029846,131.158006
2024-07-19,239.2,-4.0244,5.0151,0.019901,-8.0488,-12.0732,-8.0804,-12.1324,15018.833153,23917.275955,300.516029,13821.058957,115.245456
2024-07-22,251.51,5.1463,5.0143,0.019898,10.2926,15.439,10.261,15.3798,15791.750384,26378.995122,346.91258,15239.242794,132.969976
2024-07-23,246.38,-2.0397,5.014,0.019897,-4.0794,-6.119,-4.111,-6.1782,15469.649802,25302.902925,325.684899,14612.764284,124.754842
2024-07-24,215.99,-12.3346,5.0137,0.019896,-24.6692,-37.0038,-24.7008,-37.063,13561.529668,19060.876874,205.169066,11003.292963,78.516992
2024-07-25,220.25,1.9723,5.0134,0.019895,3.9446,5.9169,3.913,5.8578,13829.005201,19812.756393,217.308781,11433.854118,83.116343
2024-07-26,219.8,-0.2043,5.0132,0.019894,-0.4086,-0.6129,-0.4402,-0.6721,13800.750899,19731.796757,215.976818,11383.519586,82.557729
2024-07-29,232.1,5.596,5.0123,0.01989,11.192,16.788,11.1604,16.7288,14573.040597,21940.178532,252.234992,12653.96576,96.368685
2024-07-30,222.62,-4.0845,5.0121,0.019889,-8.1689,-12.2534,-8.2005,-12.3125,13977.811897,20147.906855,221.327748,11616.277613,84.503294
2024-07-31,232.07,4.2449,5.0118,0.019888,8.4898,12.7347,8.4582,12.6756,14571.157041,21858.426754,249.51322,12598.807923,95.214577
2024-08-01,216.86,-6.5541,5.0115,0.019887,-13.1081,-19.6622,-13.1397,-19.7213,13616.154717,18993.198097,200.453484,10943.360761,76.437007
2024-08-02,207.67,-4.2378,5.0113,0.019886,-8.4755,-12.7133,-8.5071,-12.7724,13039.135005,17383.42648,174.969283,10012.397169,66.674158
2024-08-05,198.88,-4.2327,5.0104,0.019883,-8.4653,-12.698,-8.4969,-12.7572,12487.230974,15911.859057,152.751646,9161.650156,58.168435
2024-08-06,200.64,0.885,5.0102,0.019882,1.7699,2.6549,1.7383,2.5957,12597.737095,16193.483995,156.806987,9320.908768,59.678331
2024-08-07,191.76,-4.4258,5.0099,0.019881,-8.8517,-13.2775,-8.8833,-13.3366,12040.181437,14760.088686,135.986909,8492.907611,51.719243
2024-08-08,198.84,3.6921,5.0096,0.019879,7.3842,11.0763,7.3526,11.0172,12484.718926,15850.007939,151.049293,9117.361096,57.417269
2024-08-09,200.0,0.5834,5.0093,0.019878,1.1668,1.7502,1.1352,1.691,12557.552964,16034.941228,153.692892,9220.860126,58.388215
2024-08-12,197.49,-1.255,5.0085,0.019875,-2.51,-3.765,-2.5416,-3.8241,12399.956019,15632.465084,147.906367,8986.504963,56.155387
2024-08-13,207.83,5.2357,5.0083,0.019874,10.4714,15.7071,10.4398,15.648,13049.181277,17269.404951,171.138196,9924.680975,64.942585
2024-08-14,201.38,-3.1035,5.008,0.019873,-6.207,-9.3105,-6.2386,-9.3696,12644.200386,16197.494175,155.204392,9305.522568,58.857724
2024-08-15,214.14,6.3363,5.0077,0.019872,12.6726,19.0088,12.641,18.9497,13445.37192,18250.130303,184.706931,10481.831386,70.011099
2024-08-16,216.12,0.9246,5.0074,0.019871,1.8493,2.7739,1.8177,2.7148,13569.691426,18587.621478,189.83048,10672.357161,71.911742
2024-08-19,222.72,3.0539,5.0066,0.019868,6.1077,9.1616,6.0761,9.1025,13984.091057,19722.902045,207.221962,11320.825576,78.457497
2024-08-20,221.1,-0.7274,5.0063,0.019866,-1.4547,-2.1821,-1.4863,-2.2412,13882.375184,19435.985694,202.70016,11152.563041,76.699105
2024-08-21,223.27,0.9815,5.0061,0.019865,1.9629,2.9444,1.9313,2.8853,14018.624519,19817.496795,208.668396,11367.956875,78.912082
2024-08-22,210.66,-5.6479,5.0058,0.019864,-11.2957,-16.9436,-11.3273,-17.0027,13226.870767,17578.963701,173.312434,10080.272986,65.494894
2024-08-23,220.32,4.5856,5.0055,0.019863,9.1712,13.7568,9.1396,13.6977,13833.400805,19191.162037,197.154626,11001.570634,74.466173
2024-08-26,213.21,-3.2271,5.0047,0.01986,-6.4542,-9.6814,-6.4858,-9.7405,13386.979758,17952.51671,178.067351,10288.029119,67.212827
2024-08-27,209.21,-1.8761,5.0044,0.019859,-3.7522,-5.6283,-3.7837,-5.6873,13135.828699,17278.907925,168.045269,9898.757433,63.390207
2024-08-28,205.75,-1.6538,5.0042,0.019858,-3.3077,-4.9615,-3.3393,-5.0206,12918.582611,16707.375632,159.70765,9568.213009,60.207631
2024-08-29,206.28,0.2576,5.0039,0.019857,0.5152,0.7728,0.4836,0.7137,12951.86005,16793.449884,160.94184,9614.487196,60.637334
2024-08-30,214.11,3.7958,5.0036,0.019856,7.5916,11.3874,7.5601,11.3284,13443.488364,18068.345599,179.268991,10341.348478,67.50655
2024-09-03,210.6,-1.6393,5.0025,0.019851,-3.2787,-4.918,-3.3102,-4.9771,13223.103654,17475.941754,170.452497,9999.024923,64.146687
2024-09-04,219.41,4.1833,5.0022,0.01985,8.3666,12.5499,8.335,12.4908,13776.263709,18938.078504,191.844036,10832.444913,72.159114
2024-09-05,230.17,4.9041,5.002,0.019849,9.8081,14.7122,9.7766,14.6531,14451.859713,20795.547327,220.068466,11891.485518,82.732669
2024-09-06,210.73,-8.4459,5.0017,0.019848,-16.8919,-25.3378,-16.9234,-25.3969,13231.265412,17282.79159,164.307965,9879.039582,61.721171
2024-09-09,216.27,2.629,5.0009,0.019845,5.2579,7.8869,5.2264,7.8278,13579.110165,18191.507151,177.26674,10395.354753,66.552597
2024-09-10,226.17,4.5776,5.0006,0.019844,9.1552,13.7328,9.1237,13.6738,14200.708654,19856.979072,201.610471,11343.792284,75.652848
2024-09-11,228.13,0.8666,5.0003,0.019843,1.7332,2.5998,1.7017,2.5408,14323.773095,20201.143308,206.851987,11536.825805,77.575015
2024-09-12,229.81,0.7364,5.0001,0.019841,1.4728,2.2093,1.4413,2.1502,14429.25608,20498.673418,211.421879,11703.104938,79.24304
2024-09-13,230.29,0.2089,4.9998,0.01984,0.4177,0.6266,0.3862,0.5676,14459.393938,20584.303076,212.746646,11748.300682,79.692786
2024-09-16,226.78,-1.5242,4.999,0.019837,-3.0483,-4.5725,-3.0799,-4.6315,14239.009229,19956.826478,203.01883,11386.46839,76.001793
2024-09-17,227.87,0.4806,4.9987,0.019836,0.9613,1.4419,0.9297,1.3829,14307.447663,20148.667627,205.946202,11492.332761,77.05281
2024-09-18,227.2,-0.294,4.9984,0.019835,-0.5881,-0.8821,-0.6196,-0.9411,14265.379975,20030.182783,204.129593,11421.126919,76.327654
2024-09-19,243.92,7.3592,4.9981,0.019834,14.7183,22.0775,14.6868,22.0184,15315.191479,22978.287405,249.196236,13098.521663,93.133808
2024-09-20,238.25,-2.3245,4.9979,0.019833,-4.6491,-6.9736,-4.6806,-7.0326,14959.184968,21910.012163,231.818298,12485.43187,86.584056
2024-09-23,250.0,4.9318,4.997,0.01983,9.8636,14.7954,9.8321,14.7364,15696.941205,24071.12564,266.116703,13713.006118,99.343393
2024-09-24,254.27,1.708,4.9968,0.019828,3.416,5.124,3.3845,5.065,15965.045229,24893.396115,279.752536,14177.118503,104.375119
2024-09-25,257.02,1.0815,4.9965,0.019827,2.163,3.2446,2.1315,3.1855,16137.710624,25431.850972,288.829288,14479.305094,107.700035
2024-09-26,254.22,-1.0894,4.9962,0.019826,-2.1788,-3.2682,-2.2103,-3.3272,15961.905649,24877.739422,279.389728,14159.262929,104.116605
2024-09-27,260.46,2.4546,4.996,0.019825,4.9091,7.3637,4.8776,7.3047,16353.700688,26099.019025,299.963119,14849.894365,111.721983
2024-09-30,261.63,0.4492,4.9951,0.019822,0.8984,1.3476,0.8669,1.2886,16427.163216,26333.498052,304.005516,14978.62699,113.161657
2024-10-01,258.02,-1.3798,4.9949,0.019821,-2.7596,-4.1395,-2.7912,-4.1985,16200.498389,25606.789769,291.421355,14560.549292,108.410612
2024-10-02,249.02,-3.4881,4.9946,0.01982,-6.9762,-10.4643,-7.0077,-10.5233,15635.409463,23820.410984,260.926186,13540.187056,97.002246
2024-10-03,240.66,-3.3572,4.9943,0.019819,-6.7143,-10.0715,-6.7458,-10.1305,15110.503711,22221.032244,234.647055,12626.786947,87.17545
2024-10-04,250.08,3.9142,4.994,0.019818,7.8285,11.7427,7.7969,11.6837,15701.964341,23960.599101,262.200967,13611.290716,97.360772
2024-10-07,240.83,-3.6988,4.9932,0.019814,-7.3976,-11.0964,-7.4292,-11.1554,15121.177516,22188.081986,233.10597,12600.087045,86.499747
2024-10-08,244.5,1.5239,4.993,0.019813,3.0478,4.5717,3.0163,4.5127,15351.608498,22864.328464,243.762846,12980.139925,90.403217
2024-10-09,241.05,-1.411,4.9927,0.019812,-2.8221,-4.2331,-2.8536,-4.2921,15134.990901,22219.078047,233.44406,12609.738398,86.523007
2024-10-10,238.77,-0.9459,4.9924,0.019811,-1.8917,-2.8376,-1.9232,-2.8966,14991.834874,21798.75471,226.819888,12367.222846,84.016807
2024-10-11,217.8,-8.7825,4.9921,0.01981,-17.565,-26.3475,-17.5965,-26.4065,13675.175369,17969.798772,167.058445,10191.019799,61.830894
2024-10-14,219.16,0.6244,4.9913,0.019807,1.2489,1.8733,1.2173,1.8143,13760.566767,18194.215089,170.187916,10315.079115,62.952692
2024-10-15,219.57,0.1871,4.991,0.019806,0.3742,0.5612,0.3426,0.5023,13786.309981,18262.290419,171.143077,10350.423439,63.26888
2024-10-16,221.33,0.8016,4.9908,0.019805,1.6031,2.4047,1.5716,2.3457,13896.816102,18555.058373,175.258542,10513.092492,64.75299
2024-10-17,220.89,-0.1988,4.9905,0.019804,-0.3976,-0.5964,-0.4291,-0.6554,13869.189332,18481.283729,174.213303,10467.979924,64.328618
2024-10-18,220.7,-0.086,4.9902,0.019802,-0.172,-0.2581,-0.2035,-0.317,13857.259504,18449.489723,173.763746,10446.673153,64.124683
2024-10-21,218.85,-0.8382,4.9894,0.019799,-1.6765,-2.5147,-1.708,-2.5737,13741.102714,18140.188522,169.394085,10268.24594,62.474321
2024-10-22,217.97,-0.4021,4.9891,0.019798,-0.8042,-1.2063,-0.8357,-1.2653,13685.849174,17994.303632,167.350663,10182.432905,61.68385
2024-10-23,213.65,-1.9819,4.9889,0.019797,-3.9639,-5.9458,-3.9954,-6.0047,13414.60557,17281.03554,157.400357,9775.608225,57.979894
2024-10-24,260.48,21.919,4.9886,0.019796,43.8381,65.7571,43.8066,65.6981,16354.95767,24856.708021,260.902276,14057.966674,96.071611
2024-10-25,269.19,3.3438,4.9883,0.019795,6.6876,10.0315,6.6561,9.9725,16901.838565,26519.036839,287.074609,14993.685391,105.652367
2024-10-28,262.51,-2.4815,4.9875,0.019792,-4.963,-7.4445,-4.9945,-7.5035,16482.416756,25202.888615,265.703203,14244.821316,97.724746
2024-10-29,259.52,-1.139,4.9872,0.019791,-2.278,-3.417,-2.3095,-3.476,16294.680036,24628.760717,256.624028,13915.834167,94.327851
2024-10-30,257.55,-0.7591,4.9869,0.019789,-1.5182,-2.2773,-1.5497,-2.3362,16170.988062,24254.849722,250.779974,13700.182681,92.124139
2024-10-31,249.85,-2.9897,4.9867,0.019788,-5.9794,-8.9691,-6.0109,-9.0281,15687.523423,22804.55341,228.287239,12876.678093,83.807122
2024-11-01,248.98,-0.3482,4.9864,0.019787,-0.6964,-1.0446,-0.7279,-1.1036,15632.897416,22645.736539,225.902461,12782.946208,82.882245
2024-11-04,242.84,-2.4661,4.9856,0.019784,-4.9321,-7.3982,-4.9636,-7.4571,15247.380578,21528.821037,209.189781,12148.450224,76.701619
2024-11-05,251.44,3.5414,4.9853,0.019783,7.0829,10.6243,7.0514,10.5654,15787.355739,23053.676869,231.414704,13005.082248,84.805418
2024-11-06,288.53,14.751,4.985,0.019782,29.5021,44.2531,29.4706,44.1942,18116.153706,29854.987578,333.822878,16837.754984,122.284467
2024-11-07,296.91,2.9044,4.9848,0.019781,5.8088,8.7131,5.7773,8.6542,18642.315482,31589.191596,362.909324,17810.517722,132.867222
2024-11-08,321.22,8.1877,4.9845,0.01978,16.3753,24.563,16.3438,24.5041,20168.685891,36762.0262,452.050727,20721.441081,165.425102
2024-11-11,350.0,8.9596,4.9837,0.019776,17.9192,26.8788,17.8877,26.8199,21975.717686,43349.480687,573.556417,24428.030194,209.791875
2024-11-12,328.49,-6.1457,4.9834,0.019775,-12.2914,-18.4372,-12.3229,-18.4961,20625.152252,38021.207813,467.808953,21417.784589,170.988629
2024-11-13,330.24,0.5327,4.9831,0.019774,1.0655,1.5982,1.034,1.5393,20735.03084,38426.31674,475.28558,21639.244667,173.620672
2024-11-14,311.18,-5.7716,4.9828,0.019773,-11.5431,-17.3147,-11.5746,-17.3736,19538.296196,33990.721264,392.99141,19134.588968,143.456528
2024-11-15,320.72,3.0658,4.9826,0.019772,6.1315,9.1973,6.1,9.1383,20137.292009,36074.864069,429.135842,20301.803993,156.566086
2024-11-18,338.74,5.6186,4.9817,0.019769,11.2372,16.8558,11.2057,16.7969,21268.726841,40128.672074,501.470182,22576.770182,182.864352
2024-11-19,346.0,2.1432,4.9815,0.019768,4.2865,6.4297,4.255,6.3708,21724.566627,41848.779292,533.713305,23537.412923,194.514308
2024-11-20,342.03,-1.1474,4.9812,0.019767,-2.2948,-3.4422,-2.3263,-3.5011,21475.299124,40888.434177,515.341839,22989.868813,187.704175
2024-11-21,339.64,-0.6988,4.9809,0.019766,-1.3975,-2.0963,-1.429,-2.1552,21325.237363,40317.006471,504.538761,22661.343383,183.658794
2024-11-22,352.56,3.804,4.9807,0.019765,7.608,11.4121,7.5766,11.3532,22136.454211,43384.342545,562.117067,24378.296911,204.509896
2024-11-25,338.59,-3.9624,4.9798,0.019761,-7.9249,-11.8873,-7.9564,-11.9462,21259.30906,39946.179835,495.296303,22438.671708,180.078679
2024-11-26,338.23,-0.1063,4.9796,0.01976,-0.2126,-0.319,-0.2441,-0.3778,21236.706384,39861.239112,493.716521,22383.897916,179.398266
2024-11-27,332.89,-1.5788,4.9793,0.019759,-3.1576,-4.7364,-3.1891,-4.7953,20901.41995,38602.575694,470.332041,21670.057995,170.795578
2024-11-29,345.16,3.6859,4.9787,0.019757,7.3718,11.0577,7.3403,10.9988,21671.825135,41448.279433,522.339929,23260.712697,189.581072
2024-12-02,357.09,3.4564,4.9779,0.019754,6.9127,10.3691,6.8813,10.3102,22420.882709,44313.487828,576.501867,24861.345558,209.127307
2024-12-03,351.42,-1.5878,4.9777,0.019753,-3.1757,-4.7635,-3.2071,-4.8224,22064.877155,42906.241916,549.040254,24064.012524,199.042434
2024-12-04,357.93,1.8525,4.9774,0.019751,3.705,5.5574,3.6735,5.4986,22473.624201,44495.899499,579.552808,24948.003691,209.986914
2024-12-05,369.49,3.2297,4.9771,0.01975,6.4594,9.689,6.4279,9.6302,23199.450609,47370.05087,635.705932,26551.63781,230.209027
2024-12-06,389.22,5.3398,4.9768,0.019749,10.6796,16.0194,10.6481,15.9605,24438.253899,52428.978845,737.542128,29378.892294,266.951594
2024-12-09,389.79,0.1464,4.976,0.019746,0.2929,0.4393,0.2614,0.3805,24474.043385,52582.541878,740.782488,29455.701886,267.967314
2024-12-10,400.99,2.8733,4.9757,0.019745,5.7467,8.62,5.7152,8.5612,25177.265201,55604.289451,804.638027,31139.161009,290.908416
2024-12-11,424.77,5.9303,4.9755,0.019744,11.8606,17.791,11.8292,17.7321,26670.358172,62199.316596,947.790912,34822.672877,342.492628
2024-12-12,418.1,-1.5703,4.9752,0.019743,-3.1405,-4.7108,-3.172,-4.7696,26251.564854,60245.937641,903.142636,33718.11012,326.157019
2024-12-13,436.23,4.3363,4.9749,0.019742,8.6726,13.0089,8.6411,12.95,27389.907336,65470.8079,1020.631133,36631.732644,368.394367
2024-12-16,463.02,6.1413,4.9741,0.019738,12.2825,18.4238,12.2511,18.3649,29071.990176,73512.260624,1208.669679,41119.506834,436.04966
2024-12-17,479.86,3.637,4.9738,0.019737,7.274,10.911,7.2425,10.8521,30129.335906,78859.52955,1340.547309,44097.603024,483.370352
2024-12-18,440.13,-8.2795,4.9736,0.019736,-16.559,-24.8385,-16.5904,-24.8973,27634.779236,65801.188932,1007.575692,36781.620443,363.024085
2024-12-19,436.17,-0.8997,4.9733,0.019735,-1.7995,-2.6992,-1.8309,-2.758,27386.140224,64617.119939,980.379243,36108.18354,353.011764
2024-12-20,421.06,-3.4642,4.973,0.019734,-6.9285,-10.3927,-6.9599,-10.4516,26437.416101,60140.123916,878.490905,33595.076084,316.116454
2024-12-23,430.6,2.2657,4.9722,0.019731,4.5314,6.7971,4.5,6.7383,27036.411914,62865.328397,938.203136,35106.850322,337.417362
2024-12-24,462.28,7.3572,4.9719,0.01973,14.7143,22.0715,14.6829,22.0127,29025.527843,72115.551876,1145.278855,40261.558364,411.692027
2024-12-26,454.13,-1.763,4.9714,0.019728,-3.526,-5.289,-3.5574,-5.3478,28513.807943,69572.758291,1084.705074,38829.280433,389.675483
2024-12-27,431.66,-4.9479,4.9711,0.019727,-9.8958,-14.8438,-9.9273,-14.9026,27102.966791,62687.945806,923.693971,34974.589764,331.603759
2024-12-30,417.41,-3.3012,4.9703,0.019723,-6.6024,-9.9036,-6.6338,-9.9624,26208.241143,58549.025266,832.214759,32654.428581,298.567935
2024-12-31,403.84,-3.251,4.97,0.019722,-6.502,-9.753,-6.5334,-9.8118,25356.210714,54742.165369,751.048805,30520.973546,269.273001
2025-01-02,379.28,-6.0816,4.9651,0.019703,-12.1632,-18.2448,-12.1946,-18.3036,23814.143364,48083.748868,614.021093,26799.050433,219.986299
2025-01-03,410.44,8.2156,4.9626,0.019693,16.4311,24.6467,16.3997,24.588,25770.610345,55984.454392,765.357042,31194.023805,274.076423
2025-01-06,411.05,0.1486,4.9552,0.019664,0.2972,0.4459,0.2659,0.3872,25808.909962,56150.859698,768.769404,31276.95779,275.137537
2025-01-07,394.36,-4.0603,4.9527,0.019654,-8.1207,-12.181,-8.152,-12.2397,24760.982014,51591.034794,675.125588,28727.251404,241.461598
2025-01-08,394.94,0.1471,4.9503,0.019644,0.2942,0.4412,0.2628,0.3826,24797.399991,51742.793,678.104473,28802.748306,242.385385
2025-01-10,394.74,-0.0506,4.9453,0.019624,-0.1013,-0.1519,-0.1326,-0.2105,24784.841671,51690.384076,677.074221,28764.550645,241.875055
2025-01-13,403.31,2.1711,4.9379,0.019595,4.3421,6.5132,4.3108,6.4546,25322.933275,53934.833492,721.173105,30004.533194,257.487119
2025-01-14,396.36,-1.7232,4.9355,0.019585,-3.4465,-5.1697,-3.4778,-5.2283,24886.557544,52075.976764,683.890405,28961.04213,244.025009
2025-01-15,428.22,8.0382,4.933,0.019575,16.0763,24.1145,16.045,24.0559,26886.976727,60447.868516,848.806845,33607.847444,302.727515
2025-01-16,413.82,-3.3628,4.9305,0.019566,-6.7255,-10.0883,-6.7568,-10.1468,25982.833297,56382.439833,763.176935,31337.037762,272.010467
2025-01-17,426.5,3.0641,4.9281,0.019556,6.1283,9.1924,6.097,9.1339,26778.981695,59837.70498,833.331189,33247.657722,296.855686
2025-01-21,424.07,-0.5698,4.9182,0.019517,-1.1395,-1.7093,-1.1707,-1.7677,26626.407886,59155.851827,819.087423,32858.418324,291.608302
2025-01-22,415.11,-2.1129,4.9158,0.019507,-4.2257,-6.3386,-4.2569,-6.397,26063.828134,56656.086585,767.168816,31459.654827,272.954205
2025-01-23,412.38,-0.6577,4.9133,0.019497,-1.3153,-1.973,-1.3465,-2.0313,25892.418762,55910.886444,752.032906,31036.048003,267.409641
2025-01-24,406.58,-1.4065,4.9108,0.019487,-2.8129,-4.2194,-2.8441,-4.2778,25528.248577,54338.142076,720.30146,30153.338694,255.970492
2025-01-27,397.15,-2.3193,4.9034,0.019458,-4.6387,-6.958,-4.6699,-7.0163,24936.160414,51817.56409,670.182631,28745.221672,238.010793
2025-01-28,398.09,0.2367,4.901,0.019448,0.4734,0.7101,0.4422,0.6518,24995.181066,52062.854975,674.941337,28872.338625,239.562146
2025-01-29,389.1,-2.2583,4.8985,0.019438,-4.5166,-6.7748,-4.5477,-6.8331,24430.719674,49711.403986,629.215124,27559.309388,223.192662
2025-01-30,400.28,2.8733,4.896,0.019429,5.7466,8.6199,5.7155,8.5617,25132.686425,52568.11498,683.452752,29134.449541,242.301667
2025-01-31,404.6,1.0792,4.8936,0.019419,2.1585,3.2377,2.1274,3.1795,25403.930029,53702.793917,705.581169,29754.246346,250.005736
2025-02-03,383.68,-5.1705,4.8862,0.01939,-10.3411,-15.5116,-10.3722,-15.5698,24090.409146,48149.34284,596.134056,26668.082363,211.080417
2025-02-04,392.21,2.2232,4.8837,0.01938,4.4464,6.6696,4.4153,6.6115,24625.988703,50290.26154,635.89393,27845.56541,225.035989
2025-02-05,378.17,-3.5797,4.8812,0.01937,-7.1594,-10.7391,-7.1905,-10.7972,23744.449864,46689.771076,567.604465,25843.331374,200.738328
2025-02-06,374.32,-1.0181,4.8788,0.01936,-2.0361,-3.0542,-2.0672,-3.1123,23502.716587,45739.109219,550.268765,25309.100351,194.490805
2025-02-07,361.62,-3.3928,4.8763,0.01935,-6.7856,-10.1785,-6.8167,-10.2365,22705.311207,42635.41594,494.259843,23583.854629,174.581691
2025-02-10,350.73,-3.0114,4.8689,0.019321,-6.0229,-9.0343,-6.0539,-9.0923,22021.553444,40067.532476,449.606766,22156.107959,158.708131
2025-02-11,328.5,-6.3382,4.8664,0.019311,-12.6764,-19.0146,-12.7074,-19.0726,20625.780743,34988.402323,364.115679,19340.63356,128.438327
2025-02-12,336.51,2.4384,4.864,0.019301,4.8767,7.3151,4.8457,7.2571,21128.711352,36694.688133,390.751022,20277.824661,137.759237
2025-02-13,355.94,5.774,4.8615,0.019292,11.5479,17.3219,11.5169,17.264,22348.677163,40932.169937,458.436582,22613.21064,161.541946
2025-02-14,355.84,-0.0281,4.859,0.019282,-0.0562,-0.0843,-0.0872,-0.1422,22342.398003,40909.169056,458.050171,22593.496232,161.312204
2025-02-18,354.11,-0.4862,4.8492,0.019243,-0.9724,-1.4585,-1.0033,-1.5164,22233.77448,40511.387398,451.369372,22366.815136,158.866097
2025-02-19,360.56,1.8215,4.8467,0.019233,3.6429,5.4644,3.612,5.4066,22638.756329,41987.194091,476.034064,23174.705286,167.455325
2025-02-20,354.4,-1.7085,4.8442,0.019223,-3.4169,-5.1254,-3.4478,-5.1832,22251.983468,40552.52984,451.635587,22375.678843,158.775822
2025-02-21,337.8,-4.684,4.8418,0.019213,-9.3679,-14.0519,-9.3989,-14.1097,21209.706189,36753.589352,388.172097,20272.618057,136.373005
2025-02-24,330.53,-2.1522,4.8344,0.019184,-4.3043,-6.4565,-4.3352,-6.5142,20753.239829,35171.598823,363.109868,19393.758273,127.489385
2025-02-25,302.8,-8.3896,4.8319,0.019174,-16.7791,-25.1687,-16.81,-25.2264,19012.13442,29270.114386,271.719913,16133.667571,95.328413
2025-02-26,290.8,-3.963,4.8295,0.019164,-7.926,-11.889,-7.9569,-11.9467,18258.681243,26950.158067,239.415034,14849.928593,83.939784
2025-02-27,281.95,-3.0433,4.827,0.019155,-6.0866,-9.13,-6.1175,-9.1876,17703.011057,25309.798707,217.556534,13941.483912,76.227703
2025-02-28,292.98,3.912,4.8245,0.019145,7.8241,11.7361,7.7932,11.6785,18395.560026,27290.057879,243.089233,15027.975791,85.129929
2025-03-03,284.65,-2.8432,4.8171,0.019116,-5.6864,-8.5296,-5.7172,-8.5872,17872.536872,25738.234273,222.35467,14168.792099,77.819647
2025-03-04,272.04,-4.43,4.8147,0.019106,-8.86,-13.29,-8.8908,-13.3476,17080.784078,23457.828412,192.803757,12909.072346,67.432618
2025-03-05,279.1,2.5952,4.8122,0.019096,5.1904,7.7856,5.1596,7.7281,17524.065544,24675.386169,207.814718,13575.129988,72.643851
2025-03-06,263.45,-5.6073,4.8097,0.019086,-11.2146,-16.8219,-11.2454,-16.8795,16541.437408,21908.136908,172.856291,12048.551456,60.381962
2025-03-07,262.67,-0.2961,4.8073,0.019076,-0.5921,-0.8882,-0.6229,-0.9457,16492.463028,21778.409678,171.32096,11973.498072,59.810912
2025-03-10,222.15,-15.4262,4.7999,0.019047,-30.8524,-46.2786,-30.8832,-46.3361,13948.301571,15059.244639,92.035983,8275.702658,32.09688
2025-03-11,230.58,3.7947,4.7974,0.019037,7.5895,11.3842,7.5587,11.3268,14477.602927,16202.162085,102.513553,8901.240702,35.73242
2025-03-12,248.09,7.5939,4.7949,0.019028,15.1878,22.7817,15.157,22.7243,15577.016344,18662.911212,125.867857,10250.406079,43.852346
2025-03-13,240.68,-2.9868,4.7925,0.019018,-5.9736,-8.9605,-6.0044,-9.0179,15111.758777,17548.055777,114.589515,9634.934211,39.897801
2025-03-14,249.98,3.8641,4.79,0.019008,7.7281,11.5922,7.6974,11.5348,15695.685181,18904.188212,127.872914,10376.572885,44.499925
2025-03-17,238.01,-4.7884,4.7826,0.018979,-9.5768,-14.3652,-9.6075,-14.4225,14944.115559,17093.7781,109.503777,9379.648604,38.081935
2025-03-18,225.31,-5.3359,4.7801,0.018969,-10.6718,-16.0077,-10.7025,-16.065,14146.711138,15269.561179,91.974711,8375.792337,31.964061
2025-03-19,235.86,4.6824,4.7777,0.018959,9.3649,14.0473,9.3342,13.99,14809.122248,16699.536935,104.89469,9157.606593,36.435844
2025-03-20,236.26,0.1696,4.7752,0.018949,0.3392,0.5088,0.3085,0.4515,14834.236971,16756.178272,105.428361,9185.859962,36.600353
2025-03-21,248.71,5.2696,4.7727,0.018939,10.5392,15.8089,10.5086,15.7516,15615.945409,18522.15329,122.095395,10151.165354,42.365504
2025-03-24,278.39,11.9336,4.7653,0.01891,23.8672,35.8007,23.8365,35.7436,17479.486767,22942.865298,165.80645,12570.852331,57.508441
2025-03-25,288.14,3.5023,4.7629,0.0189,7.0046,10.5068,6.974,10.4497,18091.667474,24549.912425,183.227472,13447.537906,63.517888
2025-03-26,272.06,-5.5806,4.7604,0.018891,-11.1613,-16.7419,-11.1918,-16.799,17082.039143,21809.834746,152.551751,11942.509739,52.847502
2025-03-27,273.13,0.3933,4.7579,0.018881,0.7866,1.1799,0.756,1.1228,17149.222511,21981.390161,154.351702,12032.796247,53.440857
2025-03-28,263.55,-3.5075,4.7555,0.018871,-7.015,-10.5225,-7.0456,-10.5796,16547.714651,20439.398511,138.110074,11185.017857,47.787035
2025-03-31,259.16,-1.6657,4.7481,0.018842,-3.3314,-4.9971,-3.362,-5.0542,16272.07736,19758.475428,131.208525,10808.980665,45.37179
2025-04-01,268.46,3.5885,4.7456,0.018832,7.177,10.7655,7.1465,10.7085,16856.002807,21176.545946,145.333826,11581.442934,50.230431
2025-04-02,282.76,5.3267,4.7432,0.018822,10.6534,15.9801,10.6228,15.923,17753.868993,23432.561773,168.558252,12811.721293,58.228646
2025-04-03,267.28,-5.4746,4.7407,0.018812,-10.9492,-16.4238,-10.9797,-16.4808,16781.913704,20866.878499,140.874525,11405.027495,48.632086
2025-04-04,239.43,-10.4198,4.7382,0.018802,-20.8396,-31.2594,-20.8701,-31.3163,15033.274071,16518.309985,96.83805,9024.788852,33.402301
2025-04-07,233.29,-2.5644,4.7308,0.018773,-5.1288,-7.6933,-5.1593,-7.7502,14647.757233,15671.111085,89.388036,8559.170504,30.813562
2025-04-08,221.86,-4.8995,4.7284,0.018763,-9.799,-14.6984,-9.8294,-14.7553,13930.093541,14135.505701,76.249394,7717.853145,26.26692
2025-04-09,272.2,22.69,4.7259,0.018754,45.38,68.07,45.3495,68.0131,17090.83035,20550.195315,128.152333,11217.862484,44.131866
2025-04-10,252.4,-7.2741,4.7234,0.018744,-14.5481,-21.8222,-14.5786,-21.8791,15847.631457,17560.524299,100.186663,9582.456387,34.476228
2025-04-11,252.31,-0.0357,4.721,0.018734,-0.0713,-0.107,-0.1018,-0.1638,15841.980788,17548.001455,100.079495,9572.705971,34.419756
2025-04-14,252.35,0.0159,4.7136,0.018705,0.0317,0.0476,0.0013,-0.0092,15844.492835,17553.566593,100.127103,9572.830688,34.416588
2025-04-15,254.11,0.6974,4.7111,0.018695,1.3949,2.0923,1.3645,2.0356,15954.998956,17798.418426,102.222088,9703.450286,35.117162
2025-04-16,241.55,-4.9427,4.7086,0.018685,-9.8855,-14.8282,-9.9159,-14.885,15166.384783,16038.959204,87.064371,8741.268566,29.889988
2025-04-17,241.37,-0.0745,4.7062,0.018675,-0.149,-0.2236,-0.1794,-0.2803,15155.082488,16015.054093,86.869725,8725.584489,29.806211
2025-04-21,227.5,-5.7464,4.6963,0.018636,-11.4927,-17.2391,-11.5231,-17.2957,14284.216496,14174.487936,71.894177,7720.129485,24.651011
2025-04-22,237.97,4.6022,4.6938,0.018626,9.2044,13.8066,9.1741,13.75,14941.60447,15479.164033,81.820314,8428.379104,28.040519
2025-04-23,250.74,5.3662,4.6914,0.018617,10.7324,16.0987,10.7021,16.0421,15743.404495,17140.457388,94.992299,9330.394848,32.538801
2025-04-24,259.51,3.4976,4.6889,0.018607,6.9953,10.4929,6.965,10.4364,16294.053461,18339.483321,104.95979,9980.255363,35.934669
2025-04-25,284.95,9.8031,4.6864,0.018597,19.6062,29.4093,19.5759,29.3527,17891.374351,21935.155803,135.827701,11933.978046,46.48247
2025-04-28,285.88,0.3264,4.679,0.018568,0.6527,0.9791,0.6225,0.9226,17949.766513,22078.335542,137.157605,12008.263116,46.911322
2025-04-29,292.03,2.1513,4.6766,0.018558,4.3025,6.4538,4.2722,6.3973,18335.910883,23028.255974,146.009415,12521.284458,49.912366
2025-04-30,282.16,-3.3798,4.6741,0.018548,-6.7596,-10.1394,-6.7898,-10.1958,17716.195951,21471.643469,131.204988,11671.110456,44.823388
2025-05-01,280.52,-0.5812,4.6716,0.018538,-1.1625,-1.7437,-1.1927,-1.8001,17613.223097,21222.041758,128.917158,11531.907254,44.016501
2025-05-02,287.21,2.3849,4.6692,0.018528,4.7697,7.1546,4.7395,7.0982,18033.273397,22234.272734,138.14063,12078.459748,47.140858
2025-05-05,280.26,-2.4198,4.6618,0.018499,-4.8397,-7.2595,-4.8699,-7.3158,17596.899581,21158.211365,128.112342,11490.256003,43.692108
2025-05-06,275.35,-1.7519,4.6593,0.018489,-3.5039,-5.2558,-3.5341,-5.3122,17288.611426,20416.850545,121.378965,11084.18031,41.371104
2025-05-07,276.22,0.316,4.6568,0.01848,0.6319,0.9479,0.6017,0.8916,17343.236475,20545.868594,122.529491,11150.87754,41.73995
2025-05-08,284.82,3.1135,4.6544,0.01847,6.2269,9.3404,6.1967,9.2841,17883.211635,21825.244414,133.97422,11841.869414,45.615122
2025-05-09,298.26,4.7188,4.6519,0.01846,9.4375,14.1563,9.4074,14.1,18727.079348,23885.010798,152.940028,12955.878433,52.046866
2025-05-12,318.38,6.7458,4.6445,0.018431,13.4916,20.2374,13.4614,20.1811,19990.368869,27107.47633,183.891069,14699.92673,62.550519
2025-05-13,334.07,4.9281,4.6421,0.018421,9.8561,14.7842,9.826,14.728,20975.509053,29779.22935,211.077934,16144.344606,71.76297
2025-05-14,347.68,4.074,4.6396,0.018411,8.148,12.222,8.1179,12.1658,21830.049612,32205.636189,236.875828,17454.92096,80.493501
2025-05-15,342.82,-1.3978,4.6371,0.018401,-2.7957,-4.1935,-2.8258,-4.2497,21524.901995,31305.274228,226.942443,16961.684438,77.072796
2025-05-16,349.98,2.0886,4.6347,0.018391,4.1771,6.2657,4.147,6.2095,21974.462621,32612.933485,241.161935,17665.089459,81.858657
2025-05-19,342.09,-2.2544,4.6273,0.018362,-4.5088,-6.7633,-4.5389,-6.8193,21479.066237,31142.469374,224.851536,16863.287689,76.276432
2025-05-20,343.82,0.5057,4.6248,0.018352,1.0114,1.5172,0.9814,1.4611,21587.68976,31457.455575,228.26288,17028.780194,77.390896
2025-05-21,334.62,-2.6758,4.6223,0.018343,-5.3516,-8.0275,-5.3817,-8.0835,21010.041557,29773.964393,209.939154,16112.343455,71.134989
2025-05-22,341.04,1.9186,4.6199,0.018333,3.8372,5.7558,3.8072,5.6998,21413.13985,30916.449922,222.02282,16725.765731,75.189516
2025-05-23,339.34,-0.4985,4.6174,0.018323,-0.997,-1.4954,-1.027,-1.5514,21306.399883,30608.226013,218.70261,16553.994292,74.02299
2025-05-27,362.89,6.9399,4.6075,0.018284,13.8799,20.8198,13.8499,20.7639,22785.052895,34856.615775,264.236151,18846.70681,89.393057
2025-05-28,356.9,-1.6506,4.6051,0.018274,-3.3013,-4.9519,-3.3313,-5.0078,22408.95288,33705.89879,251.151359,18218.872572,84.916393
2025-05-29,358.43,0.4287,4.6026,0.018264,0.8574,1.2861,0.8274,1.2302,22505.018084,33994.887217,254.381351,18369.617656,85.961017
2025-05-30,346.46,-3.3396,4.6001,0.018255,-6.6791,-10.0187,-6.7091,-10.0746,21753.448462,31724.324765,228.895662,17137.183456,77.300816
2025-06-02,342.69,-1.0881,4.5927,0.018225,-2.1763,-3.2644,-2.2062,-3.3203,21516.739279,31033.911103,221.423508,16759.099037,74.734234
2025-06-03,344.27,0.4611,4.5903,0.018215,0.9221,1.3832,0.8922,1.3274,21615.943104,31320.07739,224.486155,16908.621479,75.726231
2025-06-04,332.05,-3.5495,4.5878,0.018206,-7.0991,-10.6486,-7.129,-10.7044,20848.676541,29096.639994,200.581477,15703.207192,67.620195
2025-06-05,284.7,-14.2599,4.5853,0.018196,-28.5198,-42.7797,-28.5497,-42.8354,17875.67741,20798.340075,114.77336,11219.990261,38.654788
2025-06-06,295.14,3.667,4.5829,0.018186,7.334,11.0011,7.3041,10.9453,18531.181828,22323.698079,127.399642,12039.514603,42.885678
2025-06-09,308.58,4.5538,4.5755,0.018157,9.1075,13.6613,9.0777,13.6056,19375.047624,24356.83395,144.804069,13132.420767,48.720534
2025-06-10,326.09,5.6744,4.573,0.018147,11.3488,17.0231,11.3189,16.9675,20474.462,27121.033956,169.45428,14618.867973,56.987186
2025-06-11,326.43,0.1043,4.5705,0.018137,0.2085,0.3128,0.1787,0.2572,20495.80961,27177.589216,169.984322,14644.989799,57.133731
2025-06-12,319.11,-2.2424,4.5681,0.018127,-4.4849,-6.7273,-4.5147,-6.7829,20036.202711,25958.705188,158.548917,13983.809494,53.258379
2025-06-13,325.31,1.9429,4.5656,0.018118,3.8858,5.8287,3.856,5.7731,20425.48762,26967.412508,167.790293,14523.023979,56.333051
2025-06-16,329.13,1.1743,4.5582,0.018088,2.3485,3.5228,2.3187,3.4673,20665.337341,27600.751256,173.701211,14859.775014,58.286263
2025-06-17,316.35,-3.883,4.5558,0.018078,-7.7659,-11.6489,-7.7957,-11.7044,19862.909783,25457.296924,153.466946,13701.349715,51.464198
2025-06-18,322.05,1.8018,4.5533,0.018069,3.6036,5.4054,3.5738,5.3499,20220.798893,26374.674029,161.762429,14191.010881,54.217474
2025-06-20,322.16,0.0342,4.5484,0.018049,0.0683,0.1025,0.0386,0.047,20227.706544,26392.693795,161.928209,14196.483907,54.242967
2025-06-23,348.68,8.2319,4.541,0.01802,16.4639,24.6958,16.4341,24.6404,21892.837377,30737.950447,201.917664,16529.553358,67.608645
2025-06-24,340.47,-2.3546,4.5385,0.01801,-4.7092,-7.0638,-4.7389,-7.1192,21377.350364,29290.44376,187.654652,15746.234291,62.795477
2025-06-25,327.55,-3.7948,4.536,0.018,-7.5895,-11.3843,-7.6192,-11.4396,20566.1316,27067.440704,166.291531,14546.493596,55.6119
2025-06-26,325.78,-0.5404,4.5336,0.01799,-1.0807,-1.6211,-1.1104,-1.6765,20454.997946,26774.910864,163.595751,14384.963362,54.679588
2025-06-27,323.63,-0.66,4.5311,0.017981,-1.3199,-1.9799,-1.3496,-2.0352,20320.004635,26421.50737,160.356788,14190.825006,53.566757
2025-06-30,317.66,-1.8447,4.5237,0.017951,-3.6894,-5.5341,-3.7191,-5.5894,19945.161602,25446.712519,151.482485,13663.060189,50.572715
2025-07-01,300.71,-5.3359,4.5212,0.017941,-10.6718,-16.0077,-10.7014,-16.0629,18880.908222,22731.091522,127.233634,12200.915624,42.44925
2025-07-02,315.65,4.9682,4.5188,0.017932,9.9365,14.9047,9.9068,14.8495,19818.957582,24989.763149,146.197462,13409.64174,48.752751
2025-07-03,315.35,-0.095,4.5163,0.017922,-0.1901,-0.2851,-0.2197,-0.3403,19800.122019,24942.263551,145.780632,13380.180167,48.586835
2025-07-07,293.94,-6.7893,4.5064,0.017883,-13.5786,-20.3678,-13.6082,-20.423,18455.835744,21555.461943,116.088254,11559.384564,38.663956
2025-07-08,297.81,1.3166,4.504,0.017873,2.6332,3.9498,2.6036,3.8947,18698.824087,22123.057587,120.673485,11860.345607,40.169789
2025-07-09,295.88,-0.6481,4.5015,0.017863,-1.2961,-1.9442,-1.3257,-1.9993,18577.644161,21836.315439,118.327369,11703.11384,39.366684
2025-07-10,309.87,4.7283,4.499,0.017853,9.4565,14.1848,9.427,14.1297,19456.044378,23901.273089,135.111864,12806.362869,44.929087
2025-07-11,313.51,1.1747,4.4966,0.017844,2.3494,3.5241,2.3198,3.469,19684.592761,24462.805251,139.873304,13103.448961,46.487686
2025-07-14,316.9,1.0813,4.4892,0.017814,2.1626,3.2439,2.1331,3.1889,19897.442288,24991.837939,144.410654,13382.955971,47.970136
2025-07-15,310.78,-1.9312,4.4867,0.017804,-3.8624,-5.7936,-3.8919,-5.8486,19513.181474,24026.549652,136.044048,12862.101373,45.164556
2025-07-16,321.67,3.5041,4.4842,0.017795,7.0082,10.5123,6.9787,10.4573,20196.941152,25710.374085,150.345371,13759.706456,49.887558
2025-07-17,319.41,-0.7026,4.4818,0.017785,-1.4052,-2.1078,-1.4347,-2.1627,20055.04019,25349.098902,147.176452,13562.300902,48.808643
2025-07-18,329.65,3.2059,4.4793,0.017775,6.4118,9.6177,6.3823,9.5628,20697.986289,26974.436382,161.331476,14427.892271,53.47612
2025-07-21,328.49,-0.3519,4.4719,0.017746,-0.7038,-1.0557,-0.7332,-1.1105,20625.152252,26784.595972,159.628351,14322.102489,52.882254
2025-07-22,332.11,1.102,4.4695,0.017736,2.204,3.306,2.1746,3.2512,20852.443654,27374.934244,164.905716,14633.547965,54.60156
2025-07-23,332.56,0.1355,4.467,0.017726,0.271,0.4065,0.2416,0.3517,20880.698915,27449.12084,165.576062,14668.898143,54.793586
2025-07-24,305.3,-8.197,4.4645,0.017716,-16.394,-24.5911,-16.4235,-24.6459,19169.103832,22949.100948,124.859153,12259.757105,41.289236
2025-07-25,316.06,3.5244,4.4621,0.017707,7.0488,10.5732,7.0194,10.5184,19844.700795,24566.739731,138.060782,13120.318277,45.632219
2025-07-28,325.59,3.0152,4.4547,0.017677,6.0305,9.0457,6.0011,8.991,20443.068117,26048.236924,150.549415,13907.68383,49.735026
2025-07-29,321.2,-1.3483,4.4522,0.017667,-2.6966,-4.0449,-2.726,-4.0996,20167.430826,25345.811493,144.459766,13528.559384,47.696064
2025-07-30,319.04,-0.6725,4.4497,0.017658,-1.345,-2.0174,-1.3743,-2.0721,20031.809024,25004.920811,141.54538,13342.63333,46.707745
2025-07-31,308.27,-3.3758,4.4473,0.017648,-6.7515,-10.1273,-6.7809,-10.1819,19355.583571,23316.709437,127.21069,12437.886605,41.951993
2025-08-01,302.63,-1.8296,4.4448,0.017638,-3.6591,-5.4887,-3.6885,-5.5433,19001.461573,22463.523101,120.228503,11979.119605,39.626459
2025-08-04,309.26,2.1908,4.4374,0.017609,4.3816,6.5724,4.3523,6.5178,19417.744761,23447.78286,128.130385,12500.483973,42.209234
2025-08-05,308.72,-0.1746,4.4349,0.017599,-0.3492,-0.5238,-0.3785,-0.5784,19383.838831,23365.897051,127.459188,12453.165701,41.965095
2025-08-06,319.91,3.6246,4.4325,0.017589,7.2493,10.8739,7.22,10.8194,20086.434073,25059.75844,141.319015,13352.283447,46.505462
2025-08-07,322.27,0.7377,4.43,0.017579,1.4754,2.2131,1.4461,2.1586,20234.612278,25429.491566,144.446559,13545.373498,47.509322
2025-08-08,329.65,2.29,4.4275,0.01757,4.58,6.87,4.5507,6.8155,20697.986289,26594.165773,154.370067,14161.787931,50.747328
2025-08-11,339.03,2.8454,4.4201,0.01754,5.6909,8.5363,5.6616,8.4819,21286.93583,28107.609786,167.547607,14963.577489,55.051658
2025-08-12,340.84,0.5339,4.4177,0.01753,1.0678,1.6016,1.0385,1.5472,21400.581531,28407.72898,170.231093,15118.976319,55.903417
2025-08-13,339.38,-0.4284,4.4152,0.017521,-0.8567,-1.2851,-0.8859,-1.3395,21308.911931,28164.359411,168.043533,14985.03293,55.154614
2025-08-14,335.58,-1.1197,4.4127,0.017511,-2.2394,-3.3591,-2.2686,-3.4135,21070.317275,27533.65,162.398812,14645.081623,53.271928
2025-08-15,330.56,-1.4959,4.4103,0.017501,-2.9918,-4.4877,-3.021,-4.5421,20755.123385,26709.890384,155.110771,14202.648429,50.852258
2025-08-18,335.16,1.3916,4.4029,0.017472,2.7832,4.1747,2.754,4.1204,21043.947486,27453.269254,161.586241,14593.786738,52.94759
2025-08-19,329.31,-1.7454,4.4004,0.017462,-3.4909,-5.2363,-3.52,-5.2906,20676.638679,26494.910315,153.125084,14080.079325,50.146345
2025-08-20,323.9,-1.6428,4.3979,0.017452,-3.2857,-4.9285,-3.3148,-4.9828,20336.956641,25624.377608,145.578329,13613.350229,47.647673
2025-08-21,320.11,-1.1701,4.3955,0.017442,-2.3402,-3.5104,-2.3694,-3.5646,20098.990476,25024.707266,140.468019,13290.797889,45.949224
2025-08-22,340.01,6.2166,4.393,0.017433,12.4332,18.6499,12.4041,18.5956,21348.468529,28136.089655,166.665112,14939.402144,54.493773
2025-08-25,346.6,1.9382,4.3856,0.017403,3.8764,5.8145,3.8472,5.7604,21762.239669,29226.74418,176.355908,15514.157504,57.63281
2025-08-26,351.67,1.4628,4.3832,0.017393,2.9256,4.3884,2.8965,4.3342,22080.574097,30081.792099,184.095023,15963.519953,60.130731
2025-08-27,349.6,-0.5886,4.3807,0.017384,-1.1772,-1.7659,-1.2063,-1.82,21950.602964,29727.655963,180.844151,15770.946558,59.036352
2025-08-28,345.98,-1.0355,4.3782,0.017374,-2.0709,-3.1064,-2.1,-3.1605,21723.311562,29112.015416,175.226402,15439.754217,57.170499
2025-08-29,333.87,-3.5002,4.3758,0.017364,-7.0004,-10.5006,-7.0295,-10.5547,20962.950733,27074.05393,156.826543,14354.419157,51.136316
2025-09-02,329.36,-1.3508,4.3659,0.017325,-2.7017,-4.0525,-2.7307,-4.1065,20679.777301,26342.606065,150.471172,13962.444821,49.036404
2025-09-03,334.09,1.4361,4.3634,0.017315,2.8722,4.3084,2.8432,4.2544,20976.764118,27099.229951,156.95402,14359.428171,51.122594
2025-09-04,338.53,1.329,4.361,0.017305,2.658,3.987,2.629,3.933,21255.541947,27819.518786,163.211702,14736.931243,53.133234
2025-09-05,350.84,3.6363,4.3585,0.017296,7.2726,10.9089,7.2436,10.855,22028.459179,29842.72624,181.016348,15804.418024,58.900831
2025-09-08,346.4,-1.2655,4.3511,0.017266,-2.5311,-3.7966,-2.56,-3.8505,21749.68135,29087.386035,174.143873,15399.818235,56.632853
2025-09-09,346.97,0.1646,4.3486,0.017256,0.3291,0.4937,0.3001,0.4398,21785.470836,29183.113652,175.003544,15446.039361,56.881911
2025-09-10,347.79,0.2363,4.3462,0.017247,0.4727,0.709,0.4437,0.6551,21836.957263,29321.052764,176.244321,15514.575682,57.254569
2025-09-11,368.81,6.0439,4.3437,0.017237,12.0877,18.1316,12.0588,18.0778,23156.755389,32865.307584,208.200274,17385.447992,67.604926
2025-09-12,395.94,7.3561,4.3412,0.017227,14.7122,22.0683,14.6833,22.0145,24860.187755,37700.512492,254.146489,19938.197081,82.487784
2025-09-15,410.04,3.5611,4.3338,0.017198,7.1223,10.6834,7.0934,10.6297,25745.495623,40385.653943,281.29808,21352.491196,91.255972
2025-09-16,421.62,2.8241,4.3314,0.017188,5.6482,8.4723,5.6193,8.4186,26472.577096,42666.725646,305.130593,22552.357809,98.938441
2025-09-17,425.86,1.0056,4.3289,0.017178,2.0113,3.0169,1.9824,2.9632,26738.796606,43524.875175,314.336163,22999.435894,101.870191
2025-09-18,416.85,-2.1157,4.3264,0.017168,-4.2314,-6.3471,-4.2603,-6.4008,26173.080148,41683.151437,294.384801,22019.590301,95.349639
2025-09-19,426.07,2.2118,4.324,0.017159,4.4237,6.6355,4.3948,6.5818,26751.983416,43527.06988,313.918649,22987.304865,101.625361
2025-09-22,434.21,1.9105,4.3166,0.017129,3.821,5.7314,3.7921,5.6778,27263.074825,45190.222188,331.910712,23859.012258,107.395464
2025-09-23,425.85,-1.9253,4.3141,0.017119,-3.8507,-5.776,-3.8795,-5.8296,26738.170031,43450.098271,312.739559,22933.404146,101.134737
2025-09-24,442.79,3.9779,4.3116,0.01711,7.9559,11.9338,7.927,11.8802,27801.79492,46906.924667,350.061213,24751.343804,113.149742
2025-09-25,423.39,-4.3813,4.3092,0.0171,-8.7626,-13.1439,-8.7914,-13.1975,26583.712666,42796.651017,304.049434,22575.348673,98.216818
2025-09-26,440.4,4.0176,4.3067,0.01709,8.0351,12.0527,8.0063,11.9992,27651.731243,46235.419625,340.695607,24382.80747,110.002008
2025-09-29,443.21,0.6381,4.2993,0.017061,1.2761,1.9142,1.2473,1.8607,27828.164708,46825.435148,347.217091,24686.945057,112.048794
2025-09-30,444.72,0.3407,4.2968,0.017051,0.6814,1.0221,0.6526,0.9686,27922.974847,47144.502252,350.765981,24848.061848,113.13413
2025-10-01,459.46,3.3144,4.2944,0.017041,6.6289,9.9433,6.6001,9.8899,28848.465887,50269.65741,385.643794,26488.068251,124.322961
2025-10-02,436.0,-5.106,4.2919,0.017031,-10.212,-15.318,-10.2407,-15.3714,27375.465461,45136.127809,326.570968,23775.498759,105.212776
2025-10-03,429.83,-1.4151,4.2895,0.017022,-2.8303,-4.2454,-2.859,-4.2988,26988.064109,43858.648384,312.706652,23095.755021,100.689857
2025-10-06,453.25,5.4487,4.2821,0.016992,10.8973,16.346,10.8686,16.2927,28458.554404,48638.073581,363.821704,25605.949365,117.09491
2025-10-07,433.09,-4.4479,4.2796,0.016982,-8.8958,-13.3436,-8.9244,-13.397,27192.752835,44311.349956,315.274675,23320.760918,101.40775
2025-10-08,438.69,1.293,4.2771,0.016973,2.5861,3.8791,2.5574,3.8258,27544.364701,45457.272662,327.504513,23917.164038,105.287403
2025-10-09,435.54,-0.718,4.2747,0.016963,-1.4361,-2.1541,-1.4648,-2.2074,27346.583625,44804.464845,320.449618,23566.834912,102.96326
2025-10-10,413.49,-5.0627,4.2722,0.016953,-10.1254,-15.1881,-10.154,-15.2413,25962.112261,40267.847079,271.779555,21173.851585,87.270293
2025-10-13,435.9,5.4197,4.2648,0.016924,10.8394,16.2592,10.8108,16.206,27369.186301,44632.656974,315.968635,23462.916827,101.413274
2025-10-14,429.24,-1.5279,4.2623,0.016914,-3.0557,-4.5836,-3.0844,-4.6368,26951.019557,43268.795249,301.485825,22739.233939,96.710927
2025-10-15,435.15,1.3769,4.2599,0.016904,2.7537,4.1306,2.7251,4.0774,27322.095477,44460.290656,313.938875,23358.899762,100.654204
2025-10-16,428.75,-1.4708,4.2574,0.016894,-2.9415,-4.4123,-2.9701,-4.4654,26920.254166,43152.486024,300.087052,22665.114175,96.15957
2025-10-17,439.31,2.463,4.2549,0.016885,4.9259,7.3889,4.8974,7.3358,27583.292809,45278.154348,322.260243,23775.105364,103.213629
2025-10-20,447.43,1.8484,4.2475,0.016855,3.6967,5.5451,3.6681,5.492,28093.129153,46951.953689,340.129754,24647.210073,108.882102
2025-10-21,442.6,-1.0795,4.2451,0.016846,-2.159,-3.2385,-2.1875,-3.2915,27789.865092,45938.265248,329.114698,24108.041797,105.298201
2025-10-22,438.97,-0.8202,4.2426,0.016836,-1.6403,-2.4605,-1.6689,-2.5135,27561.945199,45184.735538,321.016949,23705.714371,102.65153
2025-10-23,448.98,2.2803,4.2401,0.016826,4.5607,6.841,4.5321,6.788,28190.451338,47245.46699,342.977785,24780.092496,109.61952
2025-10-24,433.72,-3.3988,4.2377,0.016816,-6.7976,-10.1965,-6.8262,-10.2494,27232.309434,44033.892889,308.006222,23088.564509,98.384123
2025-10-27,452.42,4.3115,4.2303,0.016787,8.6231,12.9346,8.5946,12.8817,28406.441402,47830.970875,347.845658,25072.931331,111.057653
2025-10-28,460.55,1.797,4.2278,0.016777,3.594,5.391,3.5655,5.3381,28916.90432,49550.013161,366.597987,25966.909396,116.98599
2025-10-29,461.51,0.2085,4.2253,0.016767,0.4169,0.6254,0.3884,0.5725,28977.181954,49756.588355,368.89052,26067.772355,117.655681
2025-10-30,440.1,-4.6391,4.2229,0.016757,-9.2782,-13.9174,-9.3067,-13.9702,27632.89568,45140.052564,317.550697,23641.72194,101.2189
2025-10-31,456.56,3.7401,4.2204,0.016748,7.4801,11.2202,7.4517,11.1673,28666.381752,48516.580032,353.180429,25403.422714,112.522329
2025-11-03,468.37,2.5867,4.213,0.016718,5.1735,7.7602,5.145,7.7074,29407.905101,51026.570809,380.587955,26710.440365,121.194879
2025-11-04,444.26,-5.1476,4.2105,0.016709,-10.2953,-15.4429,-10.3237,-15.4957,27894.093011,45773.245927,321.814101,23952.937812,102.414894
2025-11-05,462.07,4.0089,4.2081,0.016699,8.0178,12.0267,7.9894,11.974,29012.342949,49443.265196,360.517843,25866.638864,114.678029
2025-11-06,445.91,-3.4973,4.2056,0.016689,-6.9946,-10.4919,-7.023,-10.5447,27997.69244,45984.900299,322.692603,24050.022752,102.585619
2025-11-07,429.52,-3.6756,4.2032,0.016679,-7.3513,-11.0269,-7.3797,-11.0796,26968.600055,42604.428082,287.109617,22275.214947,91.21952
2025-11-10,445.23,3.6576,4.1958,0.01665,7.3152,10.9727,7.2868,10.9201,27954.99722,45721.007139,318.613378,23898.364583,101.180751
2025-11-11,439.62,-1.26,4.1933,0.01664,-2.5201,-3.7801,-2.5484,-3.8327,27602.756863,44568.81358,306.56954,23289.338836,97.302771
2025-11-12,430.6,-2.0518,4.1908,0.01663,-4.1035,-6.1553,-4.1319,-6.2079,27036.411914,42739.914925,287.699239,22327.052324,91.262279
2025-11-13,401.99,-6.6442,4.1884,0.01662,-13.2884,-19.9327,-13.3168,-19.9853,25240.052966,37060.446151,230.353119,19353.810401,73.023267
2025-11-14,404.35,0.5871,4.1859,0.016611,1.1742,1.7612,1.1458,1.7087,25388.233087,37495.597489,234.410213,19575.575933,74.270989
2025-11-17,408.92,1.1302,4.1785,0.016581,2.2604,3.3906,2.2321,3.3381,25675.173632,38343.156053,242.358201,20012.528994,76.750232
2025-11-18,401.25,-1.8757,4.176,0.016572,-3.7514,-5.627,-3.7796,-5.6795,25193.590633,36904.769512,228.72064,19256.129577,72.391176
2025-11-19,403.99,0.6829,4.1736,0.016562,1.3657,2.0486,1.3375,1.9961,25365.628496,37408.787995,233.40619,19513.672438,73.836178
2025-11-20,395.23,-2.1684,4.1711,0.016552,-4.3367,-6.5051,-4.365,-6.5576,24815.608979,35786.469549,218.222892,18661.902752,68.994322
2025-11-21,391.09,-1.0475,4.1686,0.016542,-2.095,-3.1425,-2.1232,-3.1949,24555.666713,35036.746582,211.365271,18265.666037,66.789999
2025-11-24,417.78,6.8245,4.1612,0.016513,13.649,20.4736,13.6208,20.4212,26231.472309,39818.923885,254.639246,20753.598505,80.429291
2025-11-25,419.4,0.3878,4.1588,0.016503,0.7755,1.1633,0.7473,1.1109,26333.188181,40127.729775,257.601434,20908.69348,81.322794
2025-11-26,426.58,1.712,4.1563,0.016493,3.4239,5.1359,3.3957,5.0836,26784.003873,41501.677367,270.831594,21618.697493,85.45688
2025-11-28,430.17,0.8416,4.1514,0.016474,1.6832,2.5248,1.655,2.4724,27009.413635,42200.219919,277.669417,21976.484125,87.569749
2025-12-01,430.14,-0.007,4.144,0.016444,-0.0139,-0.0209,-0.0421,-0.0732,27007.530079,42194.334083,277.611325,21967.232445,87.505669
2025-12-02,429.24,-0.2092,4.1415,0.016435,-0.4185,-0.6277,-0.4466,-0.68,26951.019557,42017.759343,275.868704,21869.12225,86.910671
2025-12-03,446.74,4.077,4.139,0.016425,8.1539,12.2309,8.1258,12.1787,28049.805442,45443.865042,309.609985,23646.166793,97.495266
2025-12-04,454.53,1.7437,4.1366,0.016415,3.4875,5.2312,3.4594,5.179,28538.922666,47028.715759,325.806416,24464.175122,102.544586
2025-12-05,455.0,0.1034,4.1341,0.016405,0.2068,0.3102,0.1787,0.258,28568.432992,47125.974703,326.817104,24507.89163,102.809188
2025-12-08,439.58,-3.389,4.1267,0.016376,-6.778,-10.167,-6.8061,-10.2192,27600.244816,43931.762999,293.589472,22839.857549,92.302954
2025-12-09,445.17,1.2717,4.1242,0.016366,2.5433,3.815,2.5153,3.7629,27951.230107,45049.101106,304.78998,23414.343167,95.776246
2025-12-10,451.45,1.4107,4.1218,0.016356,2.8214,4.2321,2.7933,4.18,28345.537194,46320.113489,317.688967,24068.383231,99.779706
2025-12-11,446.89,-1.0101,4.1193,0.016346,-2.0202,-3.0302,-2.0482,-3.0823,28059.225139,45384.374875,308.062247,23575.412446,96.704203
2025-12-12,458.96,2.7009,4.1168,0.016337,5.4018,8.1026,5.3737,8.0506,28817.072004,47835.932682,333.023451,24842.289834,104.489482
2025-12-15,475.31,3.5624,4.1095,0.016307,7.1248,10.6872,7.0968,10.6352,29843.652342,51244.150417,368.614366,26605.295719,115.602179
2025-12-16,489.88,3.0654,4.107,0.016298,6.1307,9.1961,6.1027,9.1441,30758.470536,54385.795452,402.512543,28228.946394,126.173014
2025-12-17,467.26,-4.6175,4.1045,0.016288,-9.2349,-13.8524,-9.2629,-13.9043,29338.211602,49363.314782,346.75502,25614.125423,108.629528
2025-12-18,483.37,3.4478,4.1021,0.016278,6.8955,10.3433,6.8675,10.2913,30349.721574,52767.168146,382.620822,27373.182606,119.808969
2025-12-19,481.2,-0.4489,4.0996,0.016268,-0.8979,-1.3468,-0.9258,-1.3987,30213.473197,52293.395035,377.467747,27119.753355,118.133219
2025-12-22,488.73,1.5648,4.0922,0.016239,3.1297,4.6945,3.1017,4.6427,30686.264989,53930.008463,395.188019,27960.934886,123.617754
2025-12-23,485.56,-0.6486,4.0897,0.016229,-1.2972,-1.9459,-1.3252,-1.9977,30487.226932,53230.40399,387.498182,27590.401981,121.148254
2025-12-24,485.4,-0.033,4.0873,0.016219,-0.0659,-0.0989,-0.0938,-0.1507,30477.180659,53195.322601,387.115112,27564.513788,120.965731
2025-12-26,475.19,-2.1034,4.0823,0.0162,-4.2068,-6.3103,-4.2347,-6.362,29836.118117,50957.482485,362.687164,26397.227657,113.269868
2025-12-29,459.64,-3.2724,4.0749,0.01617,-6.5447,-9.8171,-6.5726,-9.8688,28859.769141,47622.44502,327.081737,24662.237649,102.091464
2025-12-30,454.43,-1.1335,4.0725,0.016161,-2.267,-3.4005,-2.2949,-3.4522,28532.643506,46542.843693,315.959317,24096.271855,98.567075
2025-12-31,449.72,-1.0365,4.07,0.016151,-2.0729,-3.1094,-2.1008,-3.1611,28236.913671,45578.046476,306.134928,23590.06221,95.45132
2026-01-02,438.07,-2.5905,4.0645,0.016129,-5.181,-7.7715,-5.2088,-7.8231,27505.436594,43216.648443,282.343658,22361.295017,87.984047
2026-01-05,451.67,3.1045,4.0562,0.016096,6.2091,9.3136,6.1813,9.262,28359.350578,45899.994359,308.639972,23743.503365,96.133153
2026-01-06,432.96,-4.1424,4.0535,0.016085,-8.2848,-12.4272,-8.3126,-12.4788,27184.590119,42097.262818,270.284576,21769.798363,84.136924
2026-01-07,431.41,-0.358,4.0507,0.016074,-0.716,-1.074,-0.7438,-1.1255,27087.26985,41795.848162,267.381737,21607.879734,83.189957
2026-01-08,435.8,1.0176,4.0479,0.016063,2.0352,3.0528,2.0074,3.0013,27362.907141,42646.468725,275.544285,22041.638458,85.686718
2026-01-09,445.01,2.1134,4.0452,0.016052,4.2267,6.3401,4.199,6.2886,27941.183835,44449.015421,293.014012,22967.158262,91.075222
2026-01-12,448.96,0.8876,4.0369,0.01602,1.7752,2.6628,1.7475,2.6114,28189.194356,45238.088895,300.816532,23368.510926,93.453601
2026-01-13,447.2,-0.392,4.0342,0.016009,-0.784,-1.176,-0.8117,-1.2274,28078.689193,44883.410976,297.278817,23178.819392,92.306533
2026-01-14,439.2,-1.7889,4.0314,0.015998,-3.5778,-5.3667,-3.6055,-5.4181,27576.387075,43277.564473,281.324677,22343.102088,87.305285
2026-01-15,438.57,-0.1434,4.0287,0.015987,-0.2869,-0.4303,-0.3146,-0.4817,27536.830476,43153.406567,280.114049,22272.815039,86.884762
2026-01-16,437.5,-0.244,4.0259,0.015976,-0.488,-0.7319,-0.5156,-0.7832,27469.647108,42942.83831,278.063813,22157.968623,86.204241
2026-01-20,419.25,-4.1714,4.0149,0.015932,-8.3429,-12.5143,-8.3705,-12.5655,26323.7704,39360.178656,243.266113,20303.236852,75.372234
2026-01-21,431.44,2.9076,4.0121,0.015921,5.8151,8.7227,5.7875,8.6715,27089.153406,41649.031007,264.485537,21478.290708,81.908148
2026-01-22,449.36,4.1535,4.0094,0.01591,8.3071,12.4606,8.2794,12.4094,28214.309079,45108.839646,297.441982,23256.572952,92.072457
2026-01-23,449.06,-0.0668,4.0066,0.015899,-0.1335,-0.2003,-0.1611,-0.2514,28195.473516,45048.611314,296.846275,23219.101178,91.84095
2026-01-26,435.2,-3.0864,3.9983,0.015866,-6.1729,-9.2593,-6.2005,-9.3104,27325.236015,42267.810991,269.360293,21779.409922,83.290163
2026-01-27,430.9,-0.9881,3.9956,0.015855,-1.9761,-2.9642,-2.0037,-3.0152,27055.247477,41432.552002,261.376004,21343.021741,80.778762
2026-01-28,431.46,0.13,3.9928,0.015845,0.2599,0.3899,0.2324,0.3388,27090.408472,41540.243477,262.395057,21392.616327,81.052461
2026-01-29,416.56,-3.4534,3.9901,0.015834,-6.9068,-10.3602,-6.9343,-10.4112,26154.871159,38671.150692,235.210487,19909.184096,72.613927
2026-01-30,430.41,3.3249,3.9873,0.015823,6.6497,9.9746,6.6222,9.9235,27024.482085,41242.668246,258.671694,21227.605366,79.819804
2026-02-02,421.81,-1.9981,3.979,0.01579,-3.9962,-5.9943,-4.0237,-6.0452,26484.506925,39594.531839,243.166165,20373.472615,74.994511
2026-02-03,421.96,0.0356,3.9763,0.015779,0.0711,0.1067,0.0436,0.0558,26493.924706,39622.691143,243.425572,20382.362361,75.036325
2026-02-04,406.01,-3.78,3.9735,0.015768,-7.5599,-11.3399,-7.5874,-11.3908,25492.461007,36627.235598,215.821296,18835.866093,66.489068
2026-02-05,397.21,-2.1674,3.9708,0.015757,-4.3349,-6.5023,-4.3623,-6.5532,24939.927527,35039.489797,201.787912,18014.181405,62.131909
2026-02-06,411.11,3.4994,3.968,0.015746,6.9988,10.4982,6.9714,10.4474,25812.677075,37491.838453,222.972053,19270.015093,68.623056
2026-02-09,417.32,1.5106,3.9597,0.015713,3.0211,4.5317,2.9937,4.4809,26202.590474,38624.504401,233.076366,19846.897763,71.697958
2026-02-10,425.21,1.8906,3.957,0.015702,3.7813,5.6719,3.7539,5.6211,26697.984942,40084.998609,246.296213,20591.921451,75.72819
2026-02-11,428.27,0.7196,3.9542,0.015691,1.4393,2.1589,1.4119,2.1082,26890.115349,40661.937065,251.613579,20882.656723,77.324679
2026-02-12,417.07,-2.6152,3.9515,0.01568,-5.2303,-7.8455,-5.2577,-7.8962,26186.893533,38535.180755,231.873222,19784.704325,71.218943
2026-02-13,417.44,0.0887,3.9487,0.01567,0.1774,0.2661,0.1501,0.2154,26210.124699,38603.552149,232.490327,19814.391282,71.372374
2026-02-17,410.63,-1.6314,3.9377,0.015626,-3.2627,-4.8941,-3.2901,-4.9447,25782.540174,37344.017392,221.111984,19162.482894,67.843202
2026-02-18,411.32,0.168,3.9349,0.015615,0.3361,0.5041,0.3087,0.4535,25825.863885,37469.519488,222.226621,19221.646864,68.150878
2026-02-19,411.71,0.0948,3.9322,0.015604,0.1896,0.2844,0.1623,0.2339,25850.350117,37540.57131,222.858719,19252.846561,68.310259
2026-02-20,411.82,0.0267,3.9294,0.015593,0.0534,0.0802,0.0261,0.0296,25857.257767,37560.634261,223.037374,19257.880041,68.330489
2026-02-23,399.83,-2.9115,3.9212,0.01556,-5.8229,-8.7344,-5.8502,-8.7849,25104.431164,35373.500191,203.556367,18131.253847,62.327724
2026-02-24,409.38,2.3885,3.9184,0.015549,4.777,7.1656,4.7498,7.1151,25704.055468,37063.306289,218.14232,18992.449243,66.762402
2026-02-25,417.4,1.9591,3.9156,0.015538,3.9181,5.8772,3.8909,5.8267,26207.612652,38515.489129,230.962919,19731.420765,70.652467
2026-02-26,408.58,-2.1131,3.9129,0.015527,-4.2262,-6.3392,-4.2534,-6.3897,25653.824106,36887.760806,216.321606,18892.164673,66.138009
2026-02-27,402.51,-1.4856,3.9101,0.015516,-2.9713,-4.4569,-2.9985,-4.5073,25272.70383,35791.731338,206.680406,18325.687307,63.156983
2026-03-02,403.32,0.2012,3.9019,0.015484,0.4025,0.6037,0.3753,0.5534,25323.561766,35935.783482,207.928156,18394.460557,63.50648
2026-03-03,392.43,-2.7001,3.8991,0.015473,-5.4002,-8.1003,-5.4274,-8.1506,24639.802088,33995.184447,191.085396,17396.126105,58.330328
2026-03-04,405.94,3.4427,3.8963,0.015462,6.8853,10.328,6.8581,10.2777,25488.065404,36335.858109,210.820628,18589.17704,64.32533
2026-03-05,405.55,-0.0961,3.8936,0.015451,-0.1922,-0.2882,-0.2193,-0.3385,25463.577256,36266.037362,210.212978,18548.408941,64.10759
2026-03-06,396.73,-2.1748,3.8908,0.01544,-4.3496,-6.5245,-4.3768,-6.5747,24909.790626,34688.596267,196.497725,17736.585243,59.892708
2026-03-09,398.68,0.4915,3.8826,0.015407,0.983,1.4745,0.9559,1.4244,25032.225618,35029.594557,199.395163,17906.131693,60.745797
2026-03-10,399.24,0.1405,3.8798,0.015396,0.2809,0.4214,0.2538,0.3712,25067.386613,35128.00174,200.235392,17951.581651,60.971304
2026-03-11,407.82,2.1491,3.8771,0.015385,4.2982,6.4473,4.2711,6.3971,25606.106708,36637.864792,213.145094,18718.30873,64.871716
2026-03-12,395.01,-3.1411,3.8743,0.015374,-6.2822,-9.4233,-6.3093,-9.4734,24801.795594,34336.207443,193.05985,17537.321489,58.726168
2026-03-13,391.2,-0.9645,3.8715,0.015363,-1.9291,-2.8936,-1.9561,-2.9437,24562.574363,33673.840094,187.473478,17194.268086,56.997453
2026-03-16,395.56,1.1145,3.8633,0.01533,2.229,3.3435,2.202,3.2935,24836.328098,34424.440528,193.741742,17572.884926,58.874676
2026-03-17,399.27,0.9379,3.8605,0.015319,1.8758,2.8137,1.8488,2.7637,25069.270169,35070.180143,199.193104,17897.770923,60.501809
2026-03-18,392.78,-1.6255,3.8578,0.015309,-3.2509,-4.8764,-3.2779,-4.9264,24661.778189,33930.073784,189.479667,17311.092184,57.521263
2026-03-19,380.3,-3.1774,3.855,0.015298,-6.3547,-9.5321,-6.3817,-9.582,23878.186194,31773.916674,171.418347,16206.348143,52.009563
2026-03-20,367.96,-3.2448,3.8522,0.015287,-6.4896,-9.7344,-6.5166,-9.7844,23103.385406,29711.912845,154.73177,15150.244486,46.920762
2026-03-23,380.85,3.5031,3.844,0.015254,7.0062,10.5093,6.9792,10.4594,23912.720614,31793.590206,170.993006,16207.617051,51.828408
2026-03-24,383.03,0.5724,3.8412,0.015243,1.1448,1.7172,1.1179,1.6674,24049.597482,32157.564435,173.929308,16388.794632,52.692571
2026-03-25,385.95,0.7623,3.8385,0.015232,1.5247,2.287,1.4978,2.2372,24232.938598,32647.868172,177.907136,16634.258365,53.871414
2026-03-26,372.11,-3.586,3.8357,0.015221,-7.1719,-10.7579,-7.1989,-10.8077,23363.954247,30306.386851,158.768081,15436.782299,48.049154
2026-03-27,361.83,-2.7626,3.8329,0.01521,-5.5252,-8.2879,-5.5522,-8.3377,22718.496101,28631.883978,145.609587,14579.70684,44.042981
2026-03-30,355.28,-1.8102,3.8247,0.015177,-3.6205,-5.4307,-3.6474,-5.4804,22307.237008,27595.272876,137.701942,14047.932183,41.629233
2026-03-31,371.75,4.6358,3.8219,0.015166,9.2716,13.9073,9.2447,13.8576,23341.351571,30153.785483,156.852622,15346.619749,47.398064
2026-04-01,381.26,2.5582,3.8192,0.015155,5.1163,7.6745,5.0895,7.6248,23938.463828,31696.557746,168.890308,16127.683676,51.012093
2026-04-02,360.59,-5.4215,3.8164,0.015144,-10.843,-16.2645,-10.8699,-16.3142,22640.639886,28259.699657,141.421141,14374.628349,42.689901
2026-04-06,352.82,-2.1548,3.8054,0.015101,-4.3096,-6.4644,-4.3364,-6.514,22152.779643,27041.820304,132.279118,13751.286284,39.909096
2026-04-07,346.65,-1.7488,3.8026,0.01509,-3.4975,-5.2463,-3.5243,-5.2959,21765.378291,26096.021364,125.339342,13266.644499,37.795567
2026-04-08,343.25,-0.9808,3.7999,0.015079,-1.9616,-2.9424,-1.9884,-2.992,21551.900274,25584.114167,121.651302,13002.848617,36.664737
2026-04-09,345.62,0.6905,3.7971,0.015068,1.3809,2.0714,1.3541,2.0219,21700.70697,25937.409,124.171153,13178.925468,37.40605
2026-04-10,348.95,0.9635,3.7944,0.015057,1.927,2.8905,1.9002,2.841,21909.7913,26437.218134,127.760287,13429.353835,38.468754
2026-04-13,352.42,0.9944,3.7861,0.015024,1.9888,2.9832,1.9621,2.9338,22127.66492,26963.007937,131.571678,13692.850344,39.597359
2026-04-14,364.2,3.3426,3.7833,0.015013,6.6852,10.0278,6.6585,9.9784,22867.304713,28765.540078,144.765431,14604.58668,43.548548
2026-04-15,391.95,7.6194,3.7806,0.015002,15.2389,22.8583,15.2122,22.8089,24609.665187,33149.085989,177.856375,16826.261319,53.481514
2026-04-16,388.9,-0.7782,3.7778,0.014991,-1.5563,-2.3345,-1.583,-2.3838,24418.161355,32633.176735,173.704326,16559.896899,52.206599
2026-04-17,400.62,3.0136,3.7751,0.01498,6.0273,9.0409,6.0006,8.9916,25154.034035,34600.062192,189.408735,17553.585158,56.900786
2026-04-20,392.5,-2.0269,3.7668,0.014948,-4.0537,-6.0806,-4.0804,-6.1298,24644.197691,33197.474506,177.891602,16837.334234,53.412864
2026-04-21,386.42,-1.549,3.764,0.014937,-3.0981,-4.6471,-3.1247,-4.6964,24262.448924,32168.989414,169.624759,16311.213784,50.904402
2026-04-22,387.51,0.2821,3.7613,0.014926,0.5642,0.8462,0.5375,0.797,24330.887358,32350.471115,171.060169,16398.889659,51.310115
2026-04-23,373.72,-3.5586,3.7585,0.014915,-7.1172,-10.6759,-7.1439,-10.7251,23465.043544,30048.010472,152.798025,15227.375768,45.807078
2026-04-24,376.3,0.6904,3.7558,0.014904,1.3807,2.0711,1.3541,2.0219,23627.035135,30462.885048,155.962562,15433.56897,46.733244
2026-04-27,378.67,0.6298,3.7475,0.014871,1.2596,1.8895,1.2331,1.8404,23775.843747,30846.609846,158.909428,15623.87561,47.593306
2026-04-28,376.02,-0.6998,3.7447,0.01486,-1.3996,-2.0995,-1.4262,-2.1486,23609.454637,30414.865762,155.573168,15401.045576,46.570736
2026-04-29,372.8,-0.8563,3.742,0.014849,-1.7127,-2.569,-1.7392,-2.6181,23407.277958,29893.95779,151.576473,15133.185807,45.351478
2026-04-30,381.63,2.3686,3.7392,0.014838,4.7371,7.1057,4.7106,7.0567,23961.694994,31310.074565,162.347043,15846.048026,48.551778
2026-05-01,390.82,2.4081,3.7365,0.014827,4.8162,7.2243,4.7897,7.1753,24538.714706,32818.025502,174.075443,16605.018393,52.035493
2026-05-04,392.51,0.4324,3.7282,0.014794,0.8648,1.2973,0.8383,1.2483,24644.826182,33101.852031,176.333679,16744.226347,52.685062
2026-05-05,389.37,-0.8,3.7254,0.014784,-1.6,-2.3999,-1.6265,-2.4489,24447.671681,32572.233435,172.101758,16471.888783,51.394867
2026-05-06,398.73,2.4039,3.7227,0.014773,4.8078,7.2117,4.7813,7.1628,25035.366156,34138.233002,184.513155,17259.458487,55.076154
2026-05-07,411.79,3.2754,3.7199,0.014762,6.5508,9.8262,6.5243,9.7773,25855.374211,36374.559475,202.64378,18385.522408,60.461119
2026-05-08,428.35,4.0215,3.7172,0.014751,8.0429,12.0644,8.0165,12.0155,26895.139443,39300.140978,227.091536,19859.393417,67.725845
2026-05-11,445.0,3.887,3.7089,0.014718,7.774,11.661,7.7476,11.6122,27940.555344,42355.339288,253.572726,21398.017669,75.590318
2026-05-12,433.45,-2.5955,3.7062,0.014707,-5.191,-7.7865,-5.2174,-7.8353,27215.357427,40156.671191,233.828264,20281.593417,69.667599
2026-05-13,445.27,2.727,3.7034,0.014696,5.4539,8.1809,5.4275,8.1321,27957.507351,42346.778048,252.957422,21382.377514,75.333039
2026-05-14,443.3,-0.4424,3.7006,0.014685,-0.8849,-1.3273,-0.9112,-1.376,27833.815377,41972.06964,249.599955,21187.530945,74.296441
2026-05-15,422.24,-4.7507,3.6979,0.014674,-9.5015,-14.2522,-9.5278,-14.3009,26511.505204,37984.10795,214.026475,19168.81564,63.671373
2026-05-18,409.99,-2.9012,3.6896,0.014641,-5.8024,-8.7036,-5.8287,-8.7522,25742.355085,35780.122856,195.398507,18051.516158,58.098708
2026-05-19,404.11,-1.4342,3.6869,0.01463,-2.8684,-4.3025,-2.8947,-4.3512,25373.162721,34753.818302,186.991393,17528.978588,55.570733
2026-05-20,417.26,3.2541,3.6841,0.014619,6.5081,9.7622,6.4818,9.7136,26198.823361,37015.645902,205.245889,18665.174638,60.968656
2026-05-21,417.85,0.1414,3.6813,0.014609,0.2828,0.4242,0.2565,0.3756,26235.867912,37120.324495,206.116529,18713.047203,61.197661
2026-05-22,426.01,1.9529,3.6786,0.014598,3.9057,5.8586,3.8794,5.81,26748.216303,38570.13653,218.191998,19439.002196,64.753247
2026-05-26,433.59,1.7793,3.6676,0.014554,3.5586,5.3379,3.5323,5.2894,27224.146718,39942.691683,229.838854,20125.652942,68.178319
2026-05-27,440.36,1.5614,3.6648,0.014543,3.1228,4.6841,3.0965,4.6357,27649.219196,41190.006363,240.60483,20748.846094,71.338855
2026-05-28,442.1,0.3951,3.6621,0.014532,0.7903,1.1854,0.764,1.137,27758.471209,41515.519436,243.456979,20907.374263,72.149962
2026-05-29,435.79,-1.4273,3.6593,0.014521,-2.8546,-4.2818,-2.8808,-4.3302,27362.280567,40330.435415,233.032553,20305.077968,69.025694
2026-06-01,415.88,-4.5687,3.651,0.014488,-9.1374,-13.7061,-9.1636,-13.7545,26112.175939,36645.270079,201.092773,18444.396843,59.531565
2026-06-02,423.74,1.89,3.6483,0.014477,3.7799,5.6699,3.7537,5.6216,26605.686851,38030.435427,212.49452,19136.752619,62.878176
2026-06-03,423.7,-0.0094,3.6455,0.014466,-0.0189,-0.0283,-0.045,-0.0766,26603.17672,38023.259415,212.434376,19128.133081,62.83001
2026-06-04,418.45,-1.2391,3.6428,0.014455,-2.4782,-3.7173,-2.5043,-3.7655,26273.540955,37080.978998,204.537654,18649.101473,60.464128
2026-06-05,391.0,-6.5599,3.6393,0.014442,-13.1198,-19.6798,-13.146,-19.728,24550.01676,32216.011267,164.285113,16197.491494,48.535753
2026-06-08,408.95,4.5908,3.631,0.014409,9.1816,13.7724,9.1555,13.7242,25677.057938,35173.953955,186.911096,17680.449049,55.196899
2026-06-09,396.68,-3.0004,3.6283,0.014398,-6.0007,-9.0011,-6.0268,-9.0493,24906.650815,33063.25539,170.087014,16614.875391,50.20198
2026-06-10,381.59,-3.8041,3.6255,0.014387,-7.6081,-11.4122,-7.6342,-11.4604,23959.183646,30547.754674,150.676312,15346.456051,44.448653
2026-06-11,399.15,4.6018,3.6228,0.014376,9.2036,13.8054,9.1775,13.7573,25061.736675,33359.246079,171.477767,16754.878883,50.563577
2026-06-12,406.43,1.8239,3.6281,0.014397,3.6477,5.4716,3.6216,5.4235,25518.831149,34576.107245,180.860382,17361.680966,53.305873
2026-06-12,406.43,-0.0,3.6281,0.014397,-0.0,-0.0,-0.0261,-0.0482,25518.830689,34576.105999,180.860372,17357.148299,53.280198
2026-06-12,406.43,-0.0,3.6281,0.014397,-0.0,-0.0,-0.0261,-0.0482,25518.830229,34576.104753,180.860362,17352.616815,53.254535
2026-06-12,406.43,-0.0,3.6281,0.014397,-0.0,-0.0,-0.0261,-0.0482,25518.829769,34576.103507,180.860352,17348.086514,53.228885
2026-06-15,411.15,1.1613,3.6227,0.014376,2.3227,3.484,2.2966,3.4359,25815.187618,35379.188897,187.161509,17746.498863,55.057762
2026-06-16,404.66,-1.5785,3.6227,0.014376,-3.157,-4.7355,-3.1831,-4.7836,25407.695284,34262.269007,178.298484,17181.613795,52.424012
2026-06-17,396.38,-2.0462,3.6227,0.014376,-4.0923,-6.1385,-4.1184,-6.1866,24887.812931,32860.146632,167.353662,16474.005525,49.180748
2026-06-18,400.49,1.0369,3.6226,0.014376,2.0738,3.1106,2.0477,3.0625,25145.870018,33541.588086,172.559439,16811.340563,50.686922
2026-06-18,400.49,-0.0,3.6304,0.014406,-0.0,-0.0,-0.0261,-0.0482,25145.869405,33541.58645,172.559426,16806.949845,50.662498
2026-06-22,405.05,1.1386,3.6624,0.014533,2.2772,3.4158,2.251,3.3674,25432.180817,34305.396906,178.453722,17185.268372,52.368494
2026-06-23,381.61,-5.7869,3.6623,0.014533,-11.5739,-17.3608,-11.6001,-17.4093,23960.434882,30334.929033,147.472674,15191.755509,43.251526
2026-06-24,375.53,-1.5932,3.6623,0.014533,-3.1865,-4.7797,-3.2127,-4.8282,23578.68526,29368.306536,140.423849,14703.684002,41.163264
2026-06-25,375.12,-0.1092,3.6623,0.014533,-0.2184,-0.3275,-0.2446,-0.376,23552.941974,29304.17771,139.963903,14667.71879,41.008502
2026-06-26,379.71,1.2236,3.6623,0.014533,2.4472,3.6708,2.421,3.6224,23841.137225,30021.313162,145.101724,15022.820307,42.493989
2026-06-26,379.71,-0.0,3.6646,0.014542,-0.0,-0.0,-0.0263,-0.0485,23841.136688,30021.311811,145.101714,15018.87639,42.473398
2026-06-26,379.71,-0.0,3.6668,0.014551,-0.0,-0.0,-0.0263,-0.0485,23841.136151,30021.31046,145.101704,15014.932166,42.45281
2026-06-29,411.84,8.4617,3.6623,0.014533,16.9234,25.3852,16.8972,25.3367,25858.506295,35101.948816,181.936003,17552.035359,53.208963
2026-06-30,420.6,2.127,3.6623,0.014533,4.2541,6.3811,4.2278,6.3327,26408.527354,36595.214579,193.545564,18294.107878,56.578523
2026-07-01,425.3,1.1174,3.6622,0.014533,2.2349,3.3523,2.2087,3.3039,26703.629009,37413.079828,200.033879,18698.162094,58.447829
2026-07-02,393.45,-7.4888,3.6722,0.014572,-14.9777,-22.4665,-15.0039,-22.515,24703.840018,31809.477026,155.093296,15892.701904,45.288303
2026-07-02,393.45,0.0,3.6743,0.014581,0.0,0.0,-0.0263,-0.0485,24703.840784,31809.479,155.09331,15888.525175,45.26633
2026-07-02,393.45,0.0,3.6765,0.014589,0.0,0.0,-0.0263,-0.0485,24703.84155,31809.480974,155.093324,15884.348203,45.24436
2026-07-02,393.45,0.0,3.6786,0.014597,0.0,0.0,-0.0263,-0.0486,24703.842316,31809.482948,155.093338,15880.171002,45.222394
2026-07-06,419.77,6.6895,3.6721,0.014572,13.3791,20.0686,13.3528,20.0201,26356.415345,36065.29813,186.218423,18000.618254,54.275965
2026-07-07,402.9,-4.0189,3.7219,0.014769,-8.0377,-12.0566,-8.0642,-12.1055,25297.185558,33166.464009,163.7668,16549.009974,47.705582
2026-07-08,394.06,-2.1941,3.7218,0.014769,-4.3882,-6.5823,-4.4147,-6.6312,24742.141671,31711.057591,152.98721,15818.427048,44.542137
2026-07-09,406.55,3.1696,3.682,0.014611,6.3391,9.5087,6.3128,9.4601,25526.359931,33721.262749,167.534297,16817.014664,48.755871
2026-07-10,407.76,0.2976,3.682,0.014611,0.5953,0.8929,0.5689,0.8443,25602.333722,33921.991108,169.030188,16912.69338,49.167516
2026-07-10,407.76,0.0,3.684,0.014619,0.0,0.0,-0.0263,-0.0486,25602.334335,33921.992733,169.0302,16908.241829,49.143622
2026-07-10,407.76,0.0,3.686,0.014627,0.0,0.0,-0.0263,-0.0486,25602.334948,33921.994358,169.030212,16903.790114,49.119732
2026-07-13,394.76,-3.1881,3.7317,0.014809,-6.3763,-9.5644,-6.4028,-9.6134,24786.094747,31759.02793,152.863415,15821.472576,44.397644
2026-07-14,396.18,0.3597,3.7317,0.014808,0.7194,1.0791,0.6929,1.0301,24875.252901,31987.508967,154.513012,15931.100498,44.855006
2026-07-15,394.46,-0.4341,3.6919,0.014651,-0.8683,-1.3024,-0.8947,-1.3511,24767.257425,31709.762545,152.500565,15788.572371,44.248965
2026-07-16,391.06,-0.8619,3.6919,0.01465,-1.7239,-2.5858,-1.7502,-2.6345,24553.778908,31163.125268,148.557182,15512.235451,43.083234
2026-07-17,380.84,-2.6134,3.7118,0.014729,-5.2268,-7.8402,-5.2533,-7.8891,23912.087837,29534.284403,136.909954,14697.337851,39.684374
2026-07-17,380.84,-0.0,3.7136,0.014737,-0.0,-0.0,-0.0264,-0.0488,23912.087607,29534.283835,136.90995,14693.451172,39.664992
2026-07-17,380.84,-0.0,3.7154,0.014744,-0.0,-0.0,-0.0265,-0.0489,23912.087377,29534.283267,136.909946,14689.564487,39.645614
2026-07-20,369.57,-2.9592,3.7118,0.014729,-5.9185,-8.8777,-5.9449,-8.9266,23204.469875,27786.299042,124.755439,13816.280491,36.106624
2026-07-21,378.93,2.5327,3.7317,0.014808,5.0653,7.598,5.0388,7.549,23792.162783,29193.770187,134.234374,14512.459055,38.832325
2026-07-22,374.01,-1.2984,3.7317,0.014808,-2.5968,-3.8952,-2.6233,-3.9442,23483.247657,28435.672046,129.005716,14131.75443,37.300719
2026-07-23,319.69,-14.5237,3.8013,0.015085,-29.0474,-43.571,-29.0741,-43.6206,20072.617044,20175.862757,72.796603,10023.068177,21.029937
2026-07-24,313.03,-2.0833,3.8013,0.015085,-4.1665,-6.2498,-4.1933,-6.2993,19654.450526,19335.227951,68.246957,9602.768052,19.70519
2026-07-24,313.03,-0.0,3.8026,0.01509,-0.0,-0.0,-0.0268,-0.0495,19654.450449,19335.2278,68.246956,9600.194813,19.695427
2026-07-24,313.03,-0.0,3.8039,0.015095,-0.0,-0.0,-0.0268,-0.0496,19654.450372,19335.227649,68.246955,9597.621774,19.685667
2026-07-27,309.22,-1.2171,3.8013,0.015084,-2.4343,-3.6514,-2.4611,-3.7009,19415.229109,18864.555868,65.754982,9361.418396,18.957112
2026-07-28,307.44,-0.5756,3.7615,0.014926,-1.1513,-1.7269,-1.1779,-1.7761,19303.467061,18647.371576,64.619444,9251.148832,18.620407
2026-07-29,298.32,-2.9664,3.7615,0.014926,-5.9329,-8.8993,-5.9595,-8.9485,18730.843205,17541.049092,58.868772,8699.827265,16.954158
2026-07-30,308.85,3.5298,3.6719,0.014571,7.0595,10.5893,7.0333,10.5408,19391.998653,18779.366027,65.102567,9311.708749,18.741262
2026-07-31,311.21,0.7641,3.6719,0.014571,1.5282,2.2924,1.502,2.2439,19540.177222,19066.360642,66.594957,9451.567554,19.16179
2026-07-31,311.21,-0.0,3.6737,0.014578,-0.0,-0.0,-0.0263,-0.0485,19540.176685,19066.359595,66.594952,9449.082721,19.152491
2026-07-31,311.21,-0.0,3.6756,0.014586,-0.0,-0.0,-0.0263,-0.0485,19540.176148,19066.358548,66.594947,9446.59785,19.143194
2026-08-03,322.08,3.4928,3.6719,0.014571,6.9856,10.4784,6.9594,10.4299,20222.678164,20398.263444,73.57306,10104.019741,21.139817
2026-08-04,327.35,1.6362,3.7316,0.014808,3.2725,4.9087,3.246,4.8597,20553.569984,21065.793082,77.184558,10431.993041,22.167158
2026-08-05,321.55,-1.7718,3.7316,0.014808,-3.5436,-5.3154,-3.5701,-5.3644,20189.400267,20319.302433,73.081872,10059.557396,20.978022
2026-08-06,319.53,-0.6282,3.7316,0.014808,-1.2564,-1.8846,-1.2829,-1.9336,20062.56894,20064.007669,71.704555,9930.500407,20.57239
2026-08-07,328.58,2.8323,3.7315,0.014808,5.6646,8.4968,5.638,8.4479,20630.797211,21200.545709,77.797178,10490.386723,22.310317
2026-08-07,328.58,-0.0,3.7331,0.014814,-0.0,-0.0,-0.0265,-0.049,20630.796368,21200.543976,77.797168,10487.6038,22.299384
2026-08-07,328.58,-0.0,3.7346,0.01482,-0.0,-0.0,-0.0265,-0.049,20630.795525,21200.542243,77.797158,10484.820983,22.288454
2026-08-10,330.88,0.7,3.7216,0.014768,1.4,2.0999,1.3735,2.051,20775.207633,21497.342722,79.430859,10628.829157,22.745601
2026-08-11,332.81,0.5833,3.7216,0.014768,1.1666,1.7499,1.1401,1.701,20896.387819,21748.127411,80.820801,10750.009516,23.132498
2026-08-12,327.51,-1.5925,3.7116,0.014729,-3.185,-4.7775,-3.2114,-4.8263,20563.613409,21055.450731,76.959594,10404.780539,22.016051
2026-08-13,339.96,3.8014,3.7116,0.014729,7.6028,11.4042,7.5764,11.3554,21345.320261,22656.257923,85.736239,11193.086373,24.516062
2026-08-14,342.27,0.6795,3.7016,0.014689,1.359,2.0385,1.3326,1.9897,21490.359252,22964.151245,87.483943,11342.243381,25.003864
2026-08-14,342.27,-0.0,3.7032,0.014695,-0.0,-0.0,-0.0264,-0.0488,21490.358562,22964.149771,87.483935,11339.2481,24.991671
2026-08-14,342.27,-0.0,3.7048,0.014702,-0.0,-0.0,-0.0264,-0.0488,21490.357872,22964.148297,87.483927,11336.252889,24.97948
2026-08-17,339.3,-0.8677,3.7016,0.014689,-1.7355,-2.6032,-1.7619,-2.652,21303.877534,22565.610296,85.206529,11136.522351,24.317034
2026-08-18,336.87,-0.7162,3.7016,0.014689,-1.4324,-2.1485,-1.4588,-2.1973,21151.303038,22242.388703,83.375828,10974.067344,23.782719
2026-08-19,351.12,4.2301,3.7016,0.014689,8.4602,12.6904,8.4338,12.6416,22046.027902,24124.146832,93.956513,11899.60249,26.789237
2026-08-20,345.13,-1.706,3.7016,0.014689,-3.4119,-5.1179,-3.4383,-5.1666,21669.929703,23301.046344,89.147909,11490.454727,25.405132
2026-08-21,362.86,5.1372,3.7016,0.014689,10.2744,15.4116,10.248,15.3628,22783.155259,25695.084593,102.887003,12667.994885,29.308079
2026-08-21,362.86,-0.0,3.7031,0.014695,-0.0,-0.0,-0.0264,-0.0488,22783.154339,25695.082518,102.886991,12664.649336,29.293786
2026-08-21,362.86,-0.0,3.7047,0.014701,-0.0,-0.0,-0.0264,-0.0488,22783.153419,25695.080443,102.886979,12661.303889,29.279497
2026-08-24,348.95,-3.8334,3.7016,0.014689,-7.6669,-11.5003,-7.6933,-11.549,21909.776949,23725.074075,91.054675,11687.237226,25.897997
2026-08-25,350.25,0.3725,3.7016,0.014689,0.7451,1.1176,0.7187,1.0689,21991.400993,23901.847804,92.072337,11771.233092,26.17482
2026-08-26,345.82,-1.2648,3.6916,0.014649,-2.5296,-3.7944,-2.556,-3.8431,21713.251827,23297.222475,88.57872,11470.363549,25.168898
2026-08-27,354.81,2.5996,3.6916,0.014649,5.1992,7.7989,5.1729,7.7502,22277.713341,24508.499863,95.486844,12063.711656,27.119535
2026-08-28,348.75,-1.708,3.6916,0.014649,-3.4159,-5.1239,-3.4423,-5.1725,21897.219717,23671.310893,90.594223,11648.446345,25.716768
2026-08-28,348.75,0.0,3.7328,0.014813,0.0,0.0,-0.0265,-0.049,21897.219717,23671.310893,90.594223,11645.357283,25.704169
2026-08-28,348.75,0.0,3.7342,0.014818,0.0,0.0,-0.0265,-0.049,21897.219717,23671.310893,90.594223,11642.268399,25.691574
2026-08-31,367.95,5.5054,3.7314,0.014807,11.0108,16.5161,10.9842,16.4672,23102.744838,26277.702051,105.556891,12921.083826,29.922247
2026-09-01,356.09,-3.2233,3.7712,0.014965,-6.4465,-9.6698,-6.4732,-9.7191,22358.082144,24583.702091,95.349756,12084.676024,27.014077
2026-09-02,357.01,0.2584,3.7712,0.014965,0.5167,0.7751,0.4901,0.7258,22415.847467,24710.733156,96.088805,12143.897859,27.210145
2026-09-03,376.37,5.4228,3.7413,0.014847,10.8456,16.2684,10.8191,16.2194,23631.417612,27390.768299,111.720962,13457.755752,31.623464
