# ASSET=VT,NAME=VT,LEV2=2x VT,LEV3=3x VT
Date,Asset_Close,NDX_DailyReturn,RF_Annual_Pct,RF_Daily_Pct,NDX2L_DailyReturn,NDX3L_DailyReturn,NDX2L_Adj_DailyReturn,NDX3L_Adj_DailyReturn,NDX_Indexed,NDX2L,NDX3L,NDX2L_adj,NDX3L_adj
2008-06-27,33.9418,-0.1613,2.8977,0.011499,-0.3227,-0.484,-0.3459,-0.5264,99.838656,99.677312,99.515968,99.654107,99.473606
2008-06-30,33.9692,0.0808,2.8732,0.011401,0.1615,0.2423,0.1384,0.2002,99.9193,99.838339,99.757118,99.792069,99.672707
2008-07-01,33.6675,-0.8881,2.865,0.011369,-1.7763,-2.6644,-1.7993,-2.7065,99.031891,98.06496,97.099213,97.996484,96.975086
2008-07-02,33.1738,-1.4664,2.8568,0.011337,-2.9328,-4.3992,-2.9558,-4.4412,97.579695,95.188925,92.827646,95.099876,92.668212
2008-07-03,33.263,0.2687,2.8487,0.011304,0.5374,0.8061,0.5144,0.7641,97.84188,95.700448,93.575897,95.589038,93.376282
2008-07-07,33.1944,-0.2061,2.816,0.011175,-0.4123,-0.6184,-0.4352,-0.6601,97.640186,95.305889,92.997197,95.173066,92.759866
2008-07-08,33.2561,0.1859,2.8078,0.011142,0.3718,0.5577,0.349,0.5161,97.821705,95.660248,93.515859,95.505186,93.23857
2008-07-09,32.8721,-1.1546,2.7996,0.01111,-2.3093,-3.4639,-2.3321,-3.5055,96.69223,93.451212,90.276584,93.27794,89.970127
2008-07-10,32.8173,-0.1669,2.7915,0.011077,-0.3337,-0.5006,-0.3565,-0.5421,96.530898,93.139362,89.8247,92.945416,89.482421
2008-07-11,32.6733,-0.4388,2.7833,0.011045,-0.8776,-1.3164,-0.9003,-1.3578,96.107323,92.321977,88.642257,92.108587,88.26739
2008-07-14,32.5636,-0.3358,2.7588,0.010948,-0.6716,-1.0074,-0.6942,-1.0486,95.784602,91.701956,87.749294,91.469133,87.341783
2008-07-15,32.063,-1.5372,2.7506,0.010915,-3.0744,-4.6116,-3.097,-4.6528,94.312197,88.882663,83.702635,88.636306,83.277937
2008-07-16,32.7213,2.0531,2.7425,0.010883,4.1062,6.1593,4.0836,6.1182,96.248515,92.532352,88.858117,92.255857,88.373008
2008-07-17,33.1395,1.2783,2.7343,0.01085,2.5566,3.8348,2.534,3.7938,97.478842,94.898001,92.265689,94.593627,91.725685
2008-07-18,33.1052,-0.1035,2.7261,0.010818,-0.2069,-0.3104,-0.2295,-0.3514,97.377979,94.701614,91.97928,94.376564,91.403344
2008-07-21,33.2081,0.3107,2.7016,0.010721,0.6214,0.9321,0.599,0.8913,97.680548,95.290121,92.836663,94.941884,92.218061
2008-07-22,33.3932,0.5575,2.6934,0.010688,1.115,1.6725,1.0926,1.6318,98.225127,96.352626,94.389386,95.979245,93.722866
2008-07-23,33.6538,0.7803,2.6853,0.010656,1.5605,2.3408,1.5382,2.3001,98.991553,97.856256,96.598875,97.455585,95.87863
2008-07-24,32.9133,-2.2005,2.6771,0.010623,-4.401,-6.6015,-4.4233,-6.6421,96.813247,93.549608,90.22191,93.144809,89.510273
2008-07-25,33.0572,0.4375,2.6689,0.010591,0.8749,1.3124,0.8526,1.2718,97.236765,94.36809,91.405961,93.938981,90.648691
2008-07-28,32.5293,-1.5972,2.6444,0.010494,-3.1943,-4.7915,-3.2165,-4.8318,95.683738,91.353671,87.026263,90.917415,86.268698
2008-07-29,32.8447,0.9697,2.6363,0.010461,1.9393,2.909,1.9171,2.8687,96.611541,93.125305,89.55783,92.660433,88.743472
2008-07-30,33.3932,1.6702,2.6281,0.010429,3.3404,5.0105,3.3182,4.9703,98.225127,96.236023,94.045157,95.735112,93.1543
2008-07-31,33.0572,-1.0062,2.6199,0.010397,-2.0124,-3.0187,-2.0345,-3.0588,97.236765,94.299328,91.20625,93.787338,90.304876
2008-08-01,32.8653,-0.5808,2.6117,0.010364,-1.1615,-1.7423,-1.1836,-1.7824,96.672055,93.204028,89.617189,92.677285,88.695314
2008-08-04,32.3853,-1.4605,2.5872,0.010267,-2.9209,-4.3814,-2.9429,-4.4213,95.260186,90.481589,85.690686,89.949868,84.773813
2008-08-05,33.1807,2.4561,2.5791,0.010234,4.9122,7.3683,4.8902,7.3284,97.599859,94.926201,92.004597,94.348625,90.986398
2008-08-06,33.4001,0.6613,2.5709,0.010202,1.3225,1.9838,1.3006,1.944,98.245257,96.181637,93.829793,95.575753,92.75521
2008-08-07,32.639,-2.2788,2.5627,0.01017,-4.5575,-6.8363,-4.5794,-6.876,96.006482,91.798138,87.415322,91.198958,86.377373
2008-08-08,33.071,1.3235,2.5546,0.010137,2.6471,3.9706,2.6252,3.931,97.277171,94.228116,90.886264,93.593155,89.772863
2008-08-11,33.2698,0.6013,2.5301,0.01004,1.2025,1.8038,1.1808,1.7643,97.862055,95.36122,92.525641,94.69827,91.356745
2008-08-12,32.8104,-1.3809,2.5219,0.010007,-2.7618,-4.1426,-2.7835,-4.182,96.5107,92.727577,88.692643,92.062374,87.536195
2008-08-13,32.447,-1.1076,2.5137,0.009975,-2.2152,-3.3229,-2.2369,-3.3622,95.441728,90.673437,85.745509,90.00301,84.593073
2008-08-14,32.591,0.4438,2.5055,0.009943,0.8875,1.3313,0.8659,1.2921,95.865268,91.478198,86.887045,90.782335,85.686063
2008-08-15,32.5636,-0.0841,2.4974,0.00991,-0.1683,-0.2524,-0.1899,-0.2916,95.784602,91.324248,86.66771,90.609932,85.436183
2008-08-18,32.0219,-1.6635,2.4729,0.009813,-3.327,-4.9905,-3.3485,-5.0295,94.191225,88.285891,82.342558,87.575842,81.139178
2008-08-19,31.7476,-0.8565,2.4647,0.009781,-1.713,-2.5695,-1.7345,-2.6084,93.384472,86.773543,80.226752,86.05684,79.022708
2008-08-20,32.0356,0.9071,2.4565,0.009748,1.8142,2.7213,1.7927,2.6824,94.231564,88.347792,82.409966,87.599623,81.142448
2008-08-21,32.2824,0.7705,2.4484,0.009716,1.5411,2.3116,1.5196,2.2728,94.957651,89.709293,84.314959,88.930829,82.98666
2008-08-22,32.4538,0.531,2.4402,0.009683,1.0621,1.5931,1.0407,1.5544,95.461903,90.662056,85.658167,89.856302,84.276565
2008-08-25,31.8573,-1.8382,2.4157,0.009586,-3.6764,-5.5146,-3.6977,-5.5531,93.707137,87.328985,80.934503,86.533721,79.596612
2008-08-26,32.0219,0.5166,2.4075,0.009554,1.0332,1.5498,1.0119,1.5113,94.191225,88.231262,82.188818,87.409384,80.79957
2008-08-27,32.063,0.1284,2.3993,0.009521,0.2569,0.3853,0.2356,0.3469,94.312197,88.457896,82.505487,87.615352,81.079854
2008-08-28,32.7418,2.1172,2.3912,0.009489,4.2344,6.3516,4.2132,6.3133,96.308972,92.203553,87.745901,91.306763,86.198629
2008-08-29,32.447,-0.9005,2.383,0.009456,-1.801,-2.7014,-1.8221,-2.7397,95.441728,90.543001,85.375493,89.643038,83.837025
2008-09-02,31.5419,-2.7895,2.3503,0.009327,-5.5791,-8.3686,-5.6001,-8.4067,92.779334,85.491518,78.230719,84.62291,76.789126
2008-09-03,31.6516,0.3478,2.3422,0.009294,0.6957,1.0435,0.6747,1.0055,93.10205,86.086251,79.047053,85.19383,77.561273
2008-09-04,30.4859,-3.6828,2.334,0.009262,-7.3656,-11.0484,-7.3866,-11.0863,89.67328,79.745469,70.3136,78.900917,68.962589
2008-09-05,30.287,-0.6523,2.3258,0.009229,-1.3046,-1.9569,-1.3256,-1.9948,89.088329,78.705087,68.937603,77.855034,67.586945
2008-09-08,31.1442,2.83,2.3013,0.009132,5.66,8.49,5.6391,8.4523,91.609514,83.15977,74.790373,82.245381,73.299613
2008-09-09,30.3693,-2.4879,2.2931,0.0091,-4.9757,-7.4636,-4.9965,-7.5012,89.33039,79.021957,69.208313,78.135954,67.801282
2008-09-10,30.6162,0.8128,2.285,0.009067,1.6257,2.4385,1.6049,2.401,90.056499,80.306595,70.895963,79.389956,69.429197
2008-09-11,30.5956,-0.0672,2.2768,0.009035,-0.1345,-0.2017,-0.1552,-0.2391,89.995957,80.19862,70.75298,79.266747,69.263181
2008-09-12,30.9385,1.1206,2.2686,0.009003,2.2412,3.3618,2.2205,3.3244,91.004438,81.996008,73.131522,81.026834,71.565756
2008-09-15,29.6699,-4.1002,2.2441,0.008905,-8.2004,-12.3006,-8.221,-12.3377,87.273089,75.272033,64.135941,74.365635,62.736167
2008-09-16,30.1636,1.664,2.236,0.008873,3.3279,4.9919,3.3074,4.9548,88.725285,77.777039,67.337546,76.825172,65.844615
2008-09-17,28.5317,-5.4103,2.2278,0.00884,-10.8206,-16.231,-10.8412,-16.268,83.924963,69.361065,56.408016,68.496412,55.133009
2008-09-18,30.0333,5.2632,2.2196,0.008808,10.5264,15.7896,10.5059,15.7526,88.342089,76.662267,65.31459,75.692545,63.817877
2008-09-19,31.823,5.9589,2.2114,0.008776,11.9178,17.8767,11.8973,17.8398,93.606307,85.798725,76.990686,84.69793,75.202851
2008-09-22,30.671,-3.6199,2.1869,0.008678,-7.2399,-10.8598,-7.2603,-10.8965,90.217815,79.587,68.629636,78.548636,67.008341
2008-09-23,30.8699,0.6484,2.1788,0.008646,1.2967,1.9451,1.2764,1.9085,90.802761,80.619038,69.96456,79.551223,68.287165
2008-09-24,29.8962,-3.1542,2.1706,0.008613,-6.3083,-9.4625,-6.3287,-9.4991,87.93869,75.533319,63.344162,74.516701,61.800503
2008-09-25,30.7465,2.844,2.1624,0.008581,5.6881,8.5321,5.6678,8.4956,90.439695,79.829704,68.748748,78.740142,67.050809
2008-09-26,31.0413,0.959,2.1543,0.008549,1.9179,2.8769,1.8977,2.8404,91.306973,81.36077,70.726562,80.234362,68.955327
2008-09-29,29.0734,-6.3397,2.1298,0.008451,-12.6794,-19.0191,-12.6996,-19.0554,85.518385,71.044712,57.275006,70.044952,55.815635
2008-09-30,29.4917,1.4387,2.1216,0.008419,2.8773,4.316,2.8572,4.2798,86.748707,73.088901,59.74699,72.046278,58.204426
2008-10-01,29.0597,-1.4648,2.1134,0.008387,-2.9296,-4.3944,-2.9497,-4.4305,85.478018,70.947699,57.121481,69.921145,55.625669
2008-10-02,27.4963,-5.3799,2.1052,0.008354,-10.7598,-16.1397,-10.7798,-16.1757,80.879396,63.313884,47.902265,62.383759,46.627806
2008-10-03,27.2563,-0.8728,2.0971,0.008322,-1.7456,-2.6184,-1.7656,-2.6544,80.173473,62.208665,46.647978,61.282281,45.3901
2008-10-06,25.9535,-4.7799,2.0726,0.008224,-9.5598,-14.3397,-9.5797,-14.3755,76.34127,56.261656,39.958815,55.411619,38.865056
2008-10-07,24.7604,-4.5971,2.0644,0.008192,-9.1942,-13.7913,-9.2141,-13.827,72.831796,51.088861,34.44799,50.305951,33.49118
2008-10-08,24.3764,-1.5508,2.0562,0.00816,-3.1016,-4.6524,-3.1214,-4.6881,71.702326,49.504298,32.84534,48.735677,31.921094
2008-10-09,23.2107,-4.782,2.0481,0.008127,-9.5641,-14.3461,-9.5839,-14.3817,68.273501,44.769679,28.13332,44.064903,27.330297
2008-10-10,22.477,-3.161,2.0399,0.008095,-6.322,-9.4829,-6.3418,-9.5185,66.115392,41.939362,25.465458,41.270416,24.728868
2008-10-13,25.5009,13.4533,2.0154,0.007998,26.9066,40.3599,26.8869,40.3246,75.010102,53.223827,35.7433,52.366759,34.700678
2008-10-14,26.0426,2.1242,2.0072,0.007965,4.2484,6.3726,4.2287,6.3373,76.603461,55.484982,38.021071,54.581201,36.899759
2008-10-15,22.8816,-12.138,1.999,0.007933,-24.2759,-36.4139,-24.2956,-36.4491,67.305359,42.015484,24.176116,41.320385,23.450117
2008-10-16,23.4233,2.3674,1.9909,0.0079,4.7348,7.1022,4.7152,7.0671,68.898752,44.004841,25.893159,43.268729,25.107352
2008-10-17,23.197,-0.966,1.9827,0.007868,-1.9321,-2.8981,-1.9517,-2.9332,68.233162,43.154632,25.142743,42.424273,24.370897
2008-10-20,24.8221,7.0056,1.9582,0.007771,14.0112,21.0168,13.9917,20.9819,73.013303,49.201112,30.426942,48.360158,29.484372
2008-10-21,23.2861,-6.1878,1.95,0.007738,-12.3756,-18.5634,-12.3951,-18.5983,68.495375,43.112165,24.778654,42.365881,24.000784
2008-10-22,21.5788,-7.3322,1.9419,0.007706,-14.6643,-21.9965,-14.6837,-22.0313,63.473179,36.790052,19.328216,36.144981,18.713104
2008-10-23,21.5307,-0.2225,1.9337,0.007673,-0.4449,-0.6674,-0.4643,-0.7021,63.331971,36.626359,19.199218,35.977153,18.581715
2008-10-24,21.373,-0.7325,1.9255,0.007641,-1.4649,-2.1974,-1.4843,-2.232,62.868086,36.089808,18.777335,35.443152,18.166963
2008-10-27,20.1799,-5.5823,1.901,0.007544,-11.1646,-16.7469,-11.1838,-16.7813,59.358605,32.06053,15.632717,31.479248,15.118305
2008-10-28,21.3936,6.0143,1.8928,0.007511,12.0285,18.0428,12.0093,18.0084,62.928594,35.916946,18.4533,35.259695,17.840875
2008-10-29,22.9707,7.3718,1.8847,0.007479,14.7436,22.1154,14.7244,22.081,67.567555,41.212387,22.534314,40.451469,21.780325
2008-10-30,23.1696,0.8657,1.8765,0.007446,1.7314,2.5971,1.7123,2.5629,68.152496,41.925948,23.119561,41.144108,22.338528
2008-10-31,23.1696,0.0,1.8683,0.007414,0.0,0.0,-0.0191,-0.0342,68.152496,41.925948,23.119561,41.136241,22.33089
2008-11-03,23.1833,0.0592,1.8438,0.007317,0.1184,0.1775,0.0993,0.1435,68.192829,41.975572,23.160608,41.177105,22.362944
2008-11-04,24.4312,5.383,1.8357,0.007284,10.7661,16.1491,10.7471,16.1152,71.863681,46.494702,26.900847,45.602451,25.96678
2008-11-05,23.149,-5.2485,1.8275,0.007252,-10.4969,-15.7454,-10.5159,-15.7792,68.091948,41.614195,22.665211,40.806957,21.86942
2008-11-06,21.7845,-5.8945,1.8193,0.00722,-11.789,-17.6835,-11.8079,-17.7173,64.078266,36.708295,18.657206,35.9885,17.994747
2008-11-07,22.8473,4.8788,1.8111,0.007187,9.7576,14.6364,9.7387,14.6027,67.204517,40.290144,21.38795,39.493315,20.622459
2008-11-10,22.6347,-0.9304,1.7866,0.00709,-1.8607,-2.7911,-1.8795,-2.8246,66.579277,39.540462,20.790999,38.751036,20.039956
2008-11-11,21.7365,-3.9685,1.7785,0.007057,-7.937,-11.9055,-7.9557,-11.9389,63.937086,36.402145,18.315734,35.668104,17.647396
2008-11-12,20.7422,-4.5742,1.7703,0.007025,-9.1483,-13.7225,-9.1671,-13.7559,61.012496,33.071954,15.802356,32.398384,15.219834
2008-11-13,22.2919,7.4711,1.7621,0.006993,14.9422,22.4133,14.9235,22.38,65.570807,38.013639,19.34419,37.233365,18.626031
2008-11-14,20.9616,-5.9674,1.754,0.00696,-11.9348,-17.9023,-11.9535,-17.9355,61.657922,33.476772,15.881143,32.782672,15.285351
2008-11-17,20.7833,-0.8505,1.7295,0.006863,-1.701,-2.5515,-1.7196,-2.5846,61.133523,32.907334,15.475938,32.218954,14.890288
2008-11-18,20.9342,0.7258,1.7213,0.00683,1.4517,2.1775,1.4331,2.1445,61.577256,33.385044,15.81293,32.680698,15.20961
2008-11-19,19.5491,-6.6165,1.7131,0.006798,-13.2329,-19.8494,-13.2514,-19.8824,57.503015,28.967221,12.674157,28.350034,12.185579
2008-11-20,18.2531,-6.6292,1.7049,0.006766,-13.2585,-19.8877,-13.2769,-19.9206,53.691011,25.126617,10.153561,24.586022,9.758142
2008-11-21,19.6862,7.8512,1.6968,0.006733,15.7025,23.5537,15.684,23.5209,57.906414,29.072113,12.545099,28.442097,12.05334
2008-11-24,20.7079,5.1898,1.6723,0.006636,10.3796,15.5695,10.3613,15.5368,60.911654,32.089695,14.498304,31.389069,13.926047
2008-11-25,20.9205,1.0265,1.6641,0.006604,2.053,3.0795,2.0347,3.0469,61.536911,32.748495,14.944779,32.027738,14.350363
2008-11-26,21.4279,2.4254,1.6559,0.006571,4.8509,7.2763,4.8326,7.2438,63.029452,34.337085,16.032209,33.575511,15.389876
2008-11-28,21.5925,0.768,1.6396,0.006506,1.536,2.304,1.5178,2.2716,63.513523,34.864508,16.401594,34.085121,15.73948
2008-12-01,19.8165,-8.2248,1.6151,0.006409,-16.4497,-24.6745,-16.4678,-24.7067,58.289644,29.129415,12.354585,28.47206,11.850778
2008-12-02,20.7628,4.7751,1.6069,0.006377,9.5501,14.3252,9.532,14.2931,61.07301,31.911309,14.124401,31.186028,13.544617
2008-12-03,21.1811,2.0145,1.5987,0.006344,4.0291,6.0436,4.011,6.0116,62.303354,33.197046,14.978029,32.436913,14.358863
2008-12-04,20.3925,-3.7229,1.5906,0.006312,-7.4458,-11.1687,-7.4638,-11.2007,59.983868,30.725266,13.305182,30.015886,12.750576
2008-12-05,21.0439,3.1943,1.5824,0.006279,6.3887,9.583,6.3707,9.5511,61.899955,32.688203,14.580219,31.928105,13.968394
2008-12-08,21.9147,4.1382,1.5579,0.006182,8.2763,12.4145,8.2584,12.3828,64.461479,35.393589,16.390281,34.564871,15.698069
2008-12-09,21.5993,-1.4393,1.5497,0.00615,-2.8786,-4.3178,-2.8964,-4.3495,63.533698,34.374763,15.682575,33.563729,15.015281
2008-12-10,22.0382,2.0317,1.5416,0.006117,4.0634,6.0951,4.0456,6.0635,64.824523,35.771559,16.638452,34.921586,15.92574
2008-12-11,21.709,-1.4934,1.5334,0.006085,-2.9869,-4.4803,-3.0047,-4.5119,63.856403,34.7031,15.892992,33.872302,15.207191
2008-12-12,21.9079,0.916,1.5252,0.006052,1.832,2.748,1.8142,2.7165,64.441327,35.33886,16.329731,34.486826,15.620298
2008-12-15,21.7365,-0.7825,1.5007,0.005955,-1.565,-2.3474,-1.5826,-2.3787,63.937086,34.785821,15.9464,33.941031,15.248735
2008-12-16,22.9227,5.4574,1.4925,0.005923,10.9148,16.3722,10.8971,16.341,67.426381,38.582615,18.557171,37.639634,17.740524
2008-12-17,22.813,-0.4786,1.4844,0.00589,-0.9572,-1.4358,-0.9748,-1.4669,67.103687,38.213312,18.290734,37.272734,17.480287
2008-12-18,22.1067,-3.0959,1.4762,0.005858,-6.1918,-9.2877,-6.2094,-9.3188,65.026222,35.847219,16.591945,34.958333,15.851336
2008-12-19,22.0245,-0.3722,1.468,0.005826,-0.7444,-1.1166,-0.7619,-1.1476,64.784195,35.580373,16.406679,34.691974,15.669424
2008-12-22,21.7845,-1.0897,1.4435,0.005728,-2.1793,-3.269,-2.1968,-3.2998,64.078266,34.804961,15.870347,33.929875,15.152363
2008-12-23,21.5856,-0.9128,1.4354,0.005696,-1.8257,-2.7385,-1.8431,-2.7693,63.493337,34.169537,15.435737,33.304523,14.732754
2008-12-24,21.7257,0.6491,1.4272,0.005663,1.2981,1.9472,1.2808,1.9165,63.905449,34.613101,15.7363,33.731073,15.015107
2008-12-26,21.912,0.8577,1.4108,0.005599,1.7154,2.5731,1.6981,2.5425,64.453557,35.206844,16.141204,34.303849,15.396866
2008-12-29,21.8982,-0.063,1.3863,0.005501,-0.126,-0.189,-0.1432,-0.2193,64.412961,35.162493,16.110704,34.254733,15.363096
2008-12-30,22.4711,2.6158,1.3782,0.005469,5.2316,7.8474,5.2144,7.8171,66.097882,37.002062,17.374981,36.040928,16.56405
2008-12-31,22.7609,1.2899,1.37,0.005437,2.5799,3.8698,2.5627,3.8396,66.950506,37.956672,18.047362,36.964563,17.200041
2009-01-02,23.3751,2.6986,1.3633,0.00541,5.3971,8.0957,5.38,8.0655,68.757207,40.005241,19.50842,38.95326,18.58731
2009-01-05,23.4442,0.2953,1.3533,0.00537,0.5906,0.8859,0.5735,0.8558,68.960242,40.241506,19.681241,39.17666,18.746375
2009-01-06,23.3613,-0.3533,1.3499,0.005357,-0.7065,-1.0598,-0.7236,-1.0899,68.716627,39.957185,19.472658,38.893178,18.542061
2009-01-07,22.8437,-2.2156,1.3466,0.005344,-4.4313,-6.6469,-4.4483,-6.677,67.19411,38.186565,18.178322,37.163076,17.30401
2009-01-08,22.7678,-0.3323,1.3433,0.00533,-0.6646,-0.997,-0.6817,-1.027,66.97081,37.932762,17.997091,36.909744,17.1263
2009-01-09,22.2157,-2.425,1.3399,0.005317,-4.85,-7.275,-4.867,-7.305,65.346773,36.093028,16.687807,35.113343,15.875227
2009-01-12,21.6498,-2.5474,1.3299,0.005277,-5.0947,-7.6421,-5.1117,-7.672,63.682155,34.254189,15.412511,33.318453,14.65728
2009-01-13,21.4635,-0.8607,1.3265,0.005264,-1.7214,-2.5821,-1.7383,-2.6119,63.134053,33.664548,15.014552,32.739265,14.274439
2009-01-14,20.7112,-3.5048,1.3232,0.005251,-7.0097,-10.5145,-7.0266,-10.5444,60.92131,31.304776,13.435847,30.438801,12.769291
2009-01-15,20.9527,1.1662,1.3199,0.005238,2.3325,3.4987,2.3155,3.4689,61.6318,32.034955,13.905931,31.143623,13.212243
2009-01-16,21.2081,1.2187,1.3165,0.005224,2.4374,3.6561,2.4205,3.6263,62.382915,32.815784,14.414351,31.897454,13.691362
2009-01-20,19.6484,-7.3544,1.3032,0.005171,-14.7087,-22.0631,-14.7256,-22.0928,57.795054,27.989005,11.234103,27.200366,10.66656
2009-01-21,20.7043,5.3741,1.2998,0.005158,10.7482,16.1222,10.7313,16.0926,60.901006,30.997308,13.045292,30.119317,12.383083
2009-01-22,20.304,-1.9333,1.2965,0.005145,-3.8667,-5.8,-3.8835,-5.8297,59.723584,29.798743,12.288664,28.949626,11.66119
2009-01-23,20.3316,0.1359,1.2931,0.005131,0.2719,0.4078,0.255,0.3782,59.804767,29.879754,12.338776,29.023454,11.705289
2009-01-26,20.4696,0.6789,1.2831,0.005092,1.3578,2.0367,1.341,2.0072,60.210786,30.285466,12.590083,29.412664,11.940234
2009-01-27,20.863,1.9218,1.2798,0.005078,3.8436,5.7654,3.8268,5.7359,61.36792,31.449522,13.315953,30.538236,12.625114
2009-01-28,21.5049,3.0764,1.2764,0.005065,6.1528,9.2291,6.136,9.1997,63.255832,33.384537,14.544902,32.412059,13.78658
2009-01-29,20.587,-4.2683,1.2731,0.005052,-8.5365,-12.8048,-8.5533,-12.8343,60.555904,30.534655,12.682457,29.639762,12.017173
2009-01-30,20.2902,-1.4415,1.2697,0.005039,-2.883,-4.3245,-2.8998,-4.354,59.682988,29.654337,12.134002,28.780281,11.49395
2009-02-02,20.2557,-0.1701,1.2597,0.004999,-0.3401,-0.5102,-0.3568,-0.5396,59.581484,29.55347,12.072092,28.677579,11.431932
2009-02-03,20.656,1.9761,1.2564,0.004986,3.9522,5.9283,3.9355,5.899,60.758878,30.721486,12.787764,29.806191,12.1063
2009-02-04,20.5111,-0.7016,1.253,0.004972,-1.4032,-2.1049,-1.4199,-2.1342,60.332582,30.290391,12.518601,29.382969,11.847931
2009-02-05,21.4082,4.3742,1.2497,0.004959,8.7483,13.1225,8.7317,13.0932,62.971626,32.940291,14.161351,31.948588,13.399204
2009-02-06,21.5325,0.5803,1.2463,0.004946,1.1606,1.7409,1.1439,1.7116,63.337043,33.322588,14.407881,32.314055,13.628546
2009-02-09,21.4704,-0.2885,1.2363,0.004906,-0.577,-0.8654,-0.5936,-0.8946,63.154329,33.130331,14.28319,32.122249,13.506623
2009-02-10,20.4696,-4.6609,1.233,0.004893,-9.3217,-13.9826,-9.3383,-14.0118,60.210786,30.042007,12.286027,29.122563,11.614107
2009-02-11,20.6146,0.708,1.2296,0.004879,1.416,2.124,1.3994,2.0949,60.637087,30.46741,12.546987,29.530116,11.857413
2009-02-12,20.5663,-0.2343,1.2263,0.004866,-0.4687,-0.703,-0.4852,-0.7321,60.494992,30.324617,12.45878,29.386823,11.770604
2009-02-13,20.4904,-0.3691,1.2229,0.004853,-0.7382,-1.1074,-0.7548,-1.1364,60.271693,30.100748,12.320817,29.165011,11.636839
2009-02-17,19.393,-5.3554,1.2096,0.0048,-10.7108,-16.0661,-10.7273,-16.0951,57.043916,26.876731,10.341338,26.036404,9.763878
2009-02-18,19.2757,-0.605,1.2062,0.004787,-1.2099,-1.8149,-1.2264,-1.8438,56.69882,26.551541,10.153653,25.717088,9.583849
2009-02-19,19.2205,-0.2864,1.2029,0.004773,-0.5727,-0.8591,-0.5892,-0.888,56.53645,26.399468,10.066421,25.565555,9.498741
2009-02-20,18.6339,-3.0521,1.1995,0.00476,-6.1042,-9.1563,-6.1207,-9.1852,54.810892,24.787983,9.144705,24.000765,8.626259
2009-02-23,18.3371,-1.5926,1.1895,0.00472,-3.1852,-4.7777,-3.2016,-4.8065,53.937986,23.998448,8.707795,23.232361,8.211635
2009-02-24,19.0549,3.9142,1.1862,0.004707,7.8284,11.7426,7.812,11.7138,56.049231,25.877146,9.730319,25.047274,9.173533
2009-02-25,18.7788,-1.4487,1.1828,0.004694,-2.8974,-4.3462,-2.9138,-4.3749,55.237232,25.127369,9.307422,24.317434,8.772198
2009-02-26,18.6477,-0.6983,1.1795,0.00468,-1.3966,-2.0949,-1.413,-2.1237,54.851506,24.776436,9.112439,23.973828,8.585907
2009-02-27,18.3578,-1.5544,1.1761,0.004667,-3.1088,-4.6632,-3.1252,-4.6919,53.998887,24.00618,8.687504,23.224598,8.183062
2009-03-02,17.4192,-5.1128,1.1661,0.004627,-10.2256,-15.3384,-10.242,-15.3671,51.238025,21.551398,7.354977,20.845944,6.925566
2009-03-03,17.2743,-0.832,1.1628,0.004614,-1.664,-2.496,-1.6803,-2.5246,50.811724,21.192782,7.171396,20.495665,6.750723
2009-03-04,18.0058,4.235,1.1594,0.004601,8.4699,12.7049,8.4536,12.6763,52.963577,22.987791,8.082512,22.228287,7.606465
2009-03-05,17.2674,-4.1012,1.1561,0.004588,-8.2024,-12.3037,-8.2187,-12.3322,50.791426,21.102233,7.088068,20.401404,6.668421
2009-03-06,17.2053,-0.3597,1.1527,0.004574,-0.7194,-1.0791,-0.7357,-1.1076,50.608729,20.950423,7.011581,20.251315,6.59456
2009-03-09,16.9085,-1.7248,1.1427,0.004535,-3.4496,-5.1744,-3.4658,-5.2028,49.735829,20.227716,6.648773,19.549436,6.251456
2009-03-10,18.1094,7.102,1.1394,0.004521,14.204,21.306,14.1878,21.2776,53.268065,23.100859,8.06536,22.323063,7.581615
2009-03-11,18.1232,0.0762,1.136,0.004508,0.1525,0.2287,0.1363,0.2004,53.308679,23.136086,8.083808,22.353484,7.596804
2009-03-12,18.7926,3.6938,1.1327,0.004495,7.3876,11.0815,7.3714,11.0531,55.277806,24.845297,8.979612,24.001258,8.436488
2009-03-13,19.324,2.8278,1.1293,0.004482,5.6556,8.4834,5.6394,8.455,56.840943,26.25044,9.741384,25.35478,9.149795
2009-03-16,18.903,-2.1786,1.1193,0.004442,-4.3572,-6.5358,-4.3734,-6.5641,55.602598,25.106648,9.104703,24.24592,8.549194
2009-03-17,19.462,2.9573,1.116,0.004428,5.9146,8.8719,5.8985,8.8437,57.246934,26.591606,9.912463,25.676057,9.305257
2009-03-18,19.9175,2.3404,1.1126,0.004415,4.6808,7.0212,4.6647,6.993,58.586749,27.836313,10.608441,26.873769,9.955978
2009-03-19,19.814,-0.5197,1.1093,0.004402,-1.0395,-1.5592,-1.0556,-1.5874,58.282255,27.546965,10.443035,26.590098,9.79794
2009-03-20,19.4551,-1.8112,1.1059,0.004389,-3.6224,-5.4336,-3.6385,-5.4617,57.226653,26.549109,9.875605,25.622624,9.262805
2009-03-23,20.9596,7.7332,1.0959,0.004349,15.4664,23.1996,15.4503,23.1715,61.652104,30.6553,12.166706,29.581407,11.409139
2009-03-24,20.3592,-2.8646,1.0926,0.004336,-5.7293,-8.5939,-5.7453,-8.622,59.885994,28.898973,11.121109,27.881861,10.425449
2009-03-25,20.6422,1.3898,1.0892,0.004322,2.7796,4.1694,2.7636,4.1414,60.718298,29.702257,11.584797,28.652404,10.857211
2009-03-26,20.9942,1.7051,1.0859,0.004309,3.4103,5.1154,3.3942,5.0874,61.753624,30.715182,12.177405,29.624937,11.409562
2009-03-27,20.4144,-2.7614,1.0825,0.004296,-5.5227,-8.2841,-5.5387,-8.3121,60.048376,29.01886,11.168614,27.984086,10.461191
2009-03-30,19.5725,-4.1244,1.0725,0.004256,-8.2488,-12.3732,-8.2648,-12.4011,57.571743,26.625154,9.7867,25.67127,9.163891
2009-03-31,19.9797,2.0804,1.0692,0.004243,4.1608,6.2412,4.1449,6.2134,58.769474,27.732981,10.397512,26.735313,9.73328
2009-04-01,20.4006,2.1071,1.0658,0.00423,4.2141,6.3212,4.1982,6.2933,60.007779,28.90168,11.054756,27.857708,10.345829
2009-04-02,21.2633,4.2287,1.0625,0.004216,8.4574,12.6861,8.4415,12.6583,62.545331,31.346013,12.457175,30.209313,11.655436
2009-04-03,21.3599,0.4544,1.0592,0.004203,0.9088,1.3632,0.8929,1.3354,62.829537,31.630886,12.626991,30.479049,11.811086
2009-04-06,21.1391,-1.0339,1.0491,0.004163,-2.0679,-3.1018,-2.0837,-3.1295,62.17992,30.976799,12.235326,29.843944,11.441458
2009-04-07,20.656,-2.2854,1.0458,0.00415,-4.5707,-6.8561,-4.5866,-6.8838,60.758878,29.56093,11.396458,28.475122,10.653854
2009-04-08,20.9804,1.5704,1.0424,0.004137,3.1408,4.7112,3.1249,4.6835,61.713027,30.489372,11.933364,29.364951,11.152829
2009-04-09,21.7119,3.4868,1.0391,0.004123,6.9737,10.4605,6.9578,10.4329,63.864858,32.615599,13.181654,31.408116,12.316392
2009-04-13,21.843,0.6039,1.0257,0.00407,1.2079,1.8118,1.1921,1.7843,64.250562,33.009555,13.420481,31.782532,12.536154
2009-04-14,21.5463,-1.3586,1.0224,0.004057,-2.7172,-4.0758,-2.733,-4.1033,63.377651,32.112616,12.873487,30.913924,12.021759
2009-04-15,21.8085,1.2171,1.019,0.004044,2.4343,3.6514,2.4185,3.624,64.149047,32.894329,13.343553,31.661588,12.457424
2009-04-16,22.0639,1.1709,1.0157,0.004031,2.3418,3.5126,2.326,3.4852,64.900157,33.664637,13.812265,32.398045,12.891593
2009-04-17,22.0225,-0.1877,1.0124,0.004017,-0.3754,-0.563,-0.3911,-0.5904,64.778355,33.538276,13.734498,32.271344,12.815478
2009-04-20,21.0149,-4.5753,1.0023,0.003977,-9.1507,-13.726,-9.1664,-13.7534,61.81452,30.46929,11.849294,29.31323,11.052918
2009-04-21,21.4842,2.2331,0.999,0.003964,4.4663,6.6994,4.4506,6.6721,63.194925,31.830135,12.643129,30.617849,11.790383
2009-04-22,21.3599,-0.5782,0.9956,0.003951,-1.1564,-1.7346,-1.172,-1.7618,62.829537,31.462056,12.423824,30.258994,11.582655
2009-04-23,21.8085,2.1001,0.9923,0.003938,4.2003,6.3004,4.1846,6.2732,64.149047,32.783552,13.206578,31.525225,12.309257
2009-04-24,22.0501,1.1076,0.989,0.003924,2.2152,3.3228,2.1996,3.2956,64.85956,33.509771,13.645405,32.218642,12.714918
2009-04-27,21.8016,-1.1268,0.9789,0.003885,-2.2535,-3.3803,-2.2691,-3.4074,64.128743,32.754617,13.184149,31.48756,12.281665
2009-04-28,21.6222,-0.823,0.9756,0.003871,-1.6461,-2.4691,-1.6617,-2.4962,63.600939,32.215451,12.858617,30.964346,11.975087
2009-04-29,22.1881,2.6173,0.9722,0.003858,5.2346,7.8519,5.2191,7.8249,65.265573,33.901808,13.868267,32.580393,12.91212
2009-04-30,22.3882,0.902,0.9689,0.003845,1.804,2.706,1.7885,2.679,65.854279,34.513406,14.243549,33.163086,13.258034
2009-05-01,22.6505,1.1714,0.9656,0.003832,2.3428,3.5143,2.3273,3.4872,66.625709,35.322,14.744104,33.934891,13.720373
2009-05-04,23.5201,3.8391,0.9555,0.003792,7.6782,11.5173,7.6627,11.4904,69.183547,38.034106,16.442234,36.535232,15.296899
2009-05-05,23.3821,-0.5869,0.9522,0.003779,-1.1737,-1.7606,-1.1892,-1.7875,68.777534,37.587688,16.152753,36.10075,15.023464
2009-05-06,23.7547,1.5939,0.9488,0.003765,3.1877,4.7816,3.1723,4.7547,69.873761,38.78589,16.925117,37.245966,15.737789
2009-05-07,23.4856,-1.1331,0.9455,0.003752,-2.2662,-3.3993,-2.2816,-3.4261,69.082033,37.906936,16.34979,36.396152,15.198593
2009-05-08,24.3206,3.5557,0.9422,0.003739,7.1114,10.6671,7.0959,10.6402,71.538373,40.60264,18.093832,38.978797,16.815757
2009-05-11,23.6167,-2.8945,0.9321,0.003699,-5.7889,-8.6834,-5.8044,-8.7102,69.467714,38.252174,16.522668,36.71633,15.351073
2009-05-12,23.7478,0.5552,0.9288,0.003686,1.1105,1.6657,1.0951,1.639,69.853424,38.676954,16.797887,37.118403,15.602673
2009-05-13,23.0577,-2.9061,0.9255,0.003672,-5.8122,-8.7183,-5.8276,-8.745,67.823406,36.428964,15.333392,34.955292,14.238213
2009-05-14,23.2302,0.7483,0.9221,0.003659,1.4965,2.2448,1.4812,2.2181,68.330901,36.97413,15.677592,35.473033,14.55403
2009-05-15,23.106,-0.5347,0.9188,0.003646,-1.0694,-1.6042,-1.0848,-1.6308,67.965523,36.578715,15.4261,35.088225,14.316681
2009-05-18,24.0032,3.8829,0.9087,0.003606,7.7658,11.6486,7.7505,11.6221,70.604544,39.419332,17.223031,37.807721,15.980576
2009-05-19,24.0998,0.4026,0.9054,0.003593,0.8051,1.2077,0.7898,1.1811,70.888767,39.736702,17.431029,38.106332,16.169325
2009-05-20,24.086,-0.0573,0.9021,0.00358,-0.1145,-0.1718,-0.1298,-0.1983,70.848176,39.691195,17.401085,38.056867,16.13726
2009-05-21,23.8651,-0.917,0.8987,0.003566,-1.8339,-2.7509,-1.8492,-2.7774,70.19852,38.963282,16.922397,37.353115,15.689063
2009-05-22,23.948,0.3471,0.8954,0.003553,0.6941,1.0412,0.6788,1.0147,70.442146,39.233729,17.098586,37.606685,15.848258
2009-05-26,24.4449,2.0749,0.882,0.0035,4.1499,6.2248,4.1347,6.1984,71.903773,40.861876,18.162939,39.161594,16.830602
2009-05-27,24.0308,-1.694,0.8787,0.003487,-3.3879,-5.0819,-3.4031,-5.1082,70.685749,39.477506,17.239918,37.828877,15.970856
2009-05-28,24.4173,1.6083,0.8753,0.003473,3.2166,4.8249,3.2014,4.7986,71.822585,40.747336,18.071725,39.039935,16.737229
2009-05-29,24.7623,1.4132,0.872,0.00346,2.8264,4.2396,2.8113,4.2134,72.837591,41.899029,18.8379,40.137449,17.442428
2009-06-01,25.4939,2.9543,0.8619,0.00342,5.9086,8.8629,5.8935,8.8367,74.989433,44.374676,20.507485,42.50294,18.983762
2009-06-02,25.4525,-0.1625,0.8586,0.003407,-0.3249,-0.4874,-0.34,-0.5136,74.867603,44.230491,20.407534,42.358413,18.886268
2009-06-03,24.9211,-2.0878,0.8553,0.003394,-4.1756,-6.2634,-4.1907,-6.2896,73.304511,42.383596,19.129324,40.583292,17.698402
2009-06-04,25.1626,0.9692,0.8519,0.003381,1.9385,2.9077,1.9234,2.8816,74.015013,43.205199,19.685555,41.363874,18.208401
2009-06-05,25.0384,-0.4937,0.8486,0.003367,-0.9874,-1.4811,-1.0025,-1.5072,73.64959,42.778579,19.393984,40.9492,17.933957
2009-06-08,24.9211,-0.4685,0.8385,0.003328,-0.9371,-1.4056,-0.9521,-1.4316,73.304511,42.377708,19.121377,40.559316,17.677206
2009-06-09,25.1419,0.8862,0.8352,0.003314,1.7724,2.6586,1.7574,2.6326,73.954134,43.128808,19.629737,41.272095,18.142576
2009-06-10,25.066,-0.302,0.8319,0.003301,-0.604,-0.906,-0.619,-0.9319,73.730801,42.86832,19.451898,41.016627,17.973499
2009-06-11,25.4456,1.5143,0.8285,0.003288,3.0286,4.543,3.0136,4.517,74.847321,44.166647,20.33559,42.252723,18.785366
2009-06-12,25.3766,-0.2712,0.8252,0.003275,-0.5424,-0.8136,-0.5574,-0.8395,74.644337,43.927089,20.170141,42.017216,18.627661
2009-06-15,24.6036,-3.046,0.8152,0.003235,-6.092,-9.1379,-6.1069,-9.1638,72.370688,41.251071,18.327008,39.451269,16.920666
2009-06-16,24.2723,-1.3464,0.8118,0.003221,-2.6929,-4.0393,-2.7078,-4.0651,71.396268,40.140238,17.586727,38.383013,16.232825
2009-06-17,24.1688,-0.4265,0.8085,0.003208,-0.853,-1.2795,-0.8679,-1.3052,71.091774,39.797855,17.361713,38.049894,16.020949
2009-06-18,24.224,0.2285,0.8051,0.003195,0.4569,0.6854,0.442,0.6596,71.254184,39.979692,17.480702,38.218075,16.126623
2009-06-19,24.293,0.2849,0.8018,0.003182,0.5698,0.8547,0.5549,0.829,71.457191,40.207501,17.630113,38.430155,16.26031
2009-06-22,23.5477,-3.0682,0.7918,0.003142,-6.1365,-9.2047,-6.1513,-9.2303,69.264719,37.740182,16.007314,36.066197,14.759428
2009-06-23,23.803,1.0844,0.7884,0.003129,2.1688,3.2533,2.154,3.2276,70.015839,38.558706,16.528074,36.843064,15.235808
2009-06-24,24.0239,0.9279,0.7851,0.003115,1.8557,2.7836,1.8409,2.758,70.665496,39.274256,16.988152,37.521316,15.656015
2009-06-25,24.5346,2.1258,0.7817,0.003102,4.2516,6.3774,4.2368,6.3518,72.167698,40.944035,18.07155,39.11101,16.650455
2009-06-26,24.5484,0.0562,0.7784,0.003089,0.1124,0.1686,0.0976,0.1431,72.208267,40.990068,18.102027,39.149196,16.674282
2009-06-29,24.7485,0.8153,0.7684,0.003049,1.6306,2.4459,1.6158,2.4204,72.796972,41.658442,18.544778,39.781776,17.077866
2009-06-30,24.3344,-1.6731,0.765,0.003036,-3.3463,-5.0194,-3.361,-5.0449,71.57897,40.264427,17.613933,38.444695,16.216308
2009-07-01,24.7692,1.7867,0.7617,0.003023,3.5735,5.3602,3.5588,5.3348,72.857906,41.703275,18.558083,39.812853,17.081421
2009-07-02,24.0377,-2.9535,0.7583,0.003009,-5.9069,-8.8604,-5.9217,-8.8858,70.70607,39.239888,16.913761,37.455273,15.563601
2009-07-06,24.0032,-0.1436,0.745,0.002956,-0.2872,-0.4308,-0.3018,-0.456,70.604544,39.1272,16.840902,37.342218,15.492625
2009-07-07,23.5201,-2.0126,0.7416,0.002943,-4.0252,-6.0378,-4.0399,-6.0631,69.183547,37.55224,15.824075,35.833638,14.553292
2009-07-08,23.458,-0.2641,0.7383,0.00293,-0.5282,-0.7924,-0.5429,-0.8176,69.000817,37.353871,15.698689,35.639103,14.434305
2009-07-09,23.665,0.8827,0.7349,0.002916,1.7653,2.648,1.7507,2.6228,69.609854,38.013281,16.114384,36.26303,14.812882
2009-07-10,23.5546,-0.4666,0.7316,0.002903,-0.9332,-1.3999,-0.9479,-1.425,69.28504,37.658525,15.888804,35.91931,14.601793
2009-07-13,24.0101,1.9338,0.7216,0.002863,3.8675,5.8013,3.853,5.7762,70.624854,39.114984,16.810564,37.303272,15.445225
2009-07-14,24.1688,0.6611,0.7182,0.00285,1.3223,1.9834,1.3077,1.9583,71.091774,39.632184,17.143981,37.791086,15.747692
2009-07-15,24.997,3.4266,0.7149,0.002837,6.8532,10.2799,6.8387,10.2548,73.527822,42.348276,18.906361,40.375507,17.362591
2009-07-16,25.1143,0.4693,0.7115,0.002824,0.9386,1.408,0.9241,1.3829,73.872901,42.745772,19.172553,40.748619,17.602706
2009-07-17,25.1695,0.2199,0.7082,0.00281,0.4398,0.6596,0.4252,0.6347,74.035333,42.933751,19.299024,40.921901,17.714423
2009-07-20,25.6457,1.8919,0.6982,0.00277,3.7839,5.6758,3.7694,5.6509,75.436032,44.558307,20.394397,42.464406,18.715445
2009-07-21,25.6457,0.0,0.6948,0.002757,0.0,0.0,-0.0145,-0.0249,75.436032,44.558307,20.394397,42.458264,18.710789
2009-07-22,25.7216,0.296,0.6915,0.002744,0.5921,0.8881,0.5776,0.8632,75.659343,44.822116,20.575516,42.703504,18.872306
2009-07-23,26.2945,2.227,0.6881,0.002731,4.454,6.6809,4.4395,6.6561,77.344259,46.818472,21.950152,44.599334,20.128466
2009-07-24,26.3635,0.2625,0.6848,0.002717,0.525,0.7875,0.5106,0.7627,77.547283,47.064263,22.123005,44.827041,20.281982
2009-07-27,26.4601,0.3665,0.6748,0.002678,0.7329,1.0994,0.7185,1.0747,77.831461,47.409204,22.36622,45.149138,20.499943
2009-07-28,26.3497,-0.4173,0.6714,0.002664,-0.8346,-1.252,-0.849,-1.2767,77.506652,47.013505,22.086201,44.765814,20.238228
2009-07-29,26.0667,-1.0739,0.6681,0.002651,-2.1477,-3.2216,-2.1621,-3.2462,76.674343,46.003792,21.37468,43.797947,19.581248
2009-07-30,26.5981,2.0387,0.6647,0.002638,4.0774,6.1161,4.0631,6.0915,78.237502,47.879549,22.681976,45.577481,20.774031
2009-07-31,26.7983,0.7524,0.6614,0.002625,1.5048,2.2572,1.4905,2.2326,78.826174,48.600056,23.193965,46.256814,21.237839
2009-08-03,27.378,2.1633,0.6514,0.002585,4.3266,6.4899,4.3123,6.4653,80.531416,50.702781,24.699226,48.251546,22.61094
2009-08-04,27.2883,-0.3277,0.648,0.002572,-0.6553,-0.983,-0.6696,-1.0075,80.267537,50.370502,24.456428,47.928442,22.383128
2009-08-05,27.2607,-0.1012,0.6447,0.002558,-0.2024,-0.3036,-0.2166,-0.328,80.186315,50.268564,24.382187,47.824609,22.309701
2009-08-06,27.0812,-0.6582,0.6413,0.002545,-1.3165,-1.9747,-1.3307,-1.9992,79.658494,49.606785,23.900704,47.188189,21.863689
2009-08-07,27.2745,0.7136,0.638,0.002532,1.4271,2.1407,1.4129,2.1162,80.2269,50.314728,24.412338,47.854897,22.326376
2009-08-10,27.1019,-0.6326,0.628,0.002492,-1.2652,-1.8978,-1.2794,-1.9222,79.719372,49.67813,23.949029,47.242627,21.897219
2009-08-11,26.8121,-1.0695,0.6246,0.002479,-2.1389,-3.2084,-2.1531,-3.2327,78.866804,48.615553,23.180652,46.225442,21.189346
2009-08-12,27.1088,1.1068,0.6213,0.002465,2.2136,3.3204,2.1994,3.2961,79.73971,49.691716,23.950349,47.242147,21.887775
2009-08-13,27.447,1.2474,0.6179,0.002452,2.4949,3.7423,2.4807,3.718,80.734412,50.931461,24.846645,48.414089,22.701571
2009-08-14,27.164,-1.0309,0.6146,0.002439,-2.0618,-3.0927,-2.076,-3.117,79.902114,49.881348,24.078207,47.409031,21.993971
2009-08-17,26.3566,-2.9726,0.6046,0.002399,-5.9451,-8.9177,-5.9592,-8.9419,77.526973,46.915838,21.930987,44.583817,20.027302
2009-08-18,26.7155,1.3616,0.6012,0.002386,2.7233,4.0849,2.7092,4.0608,78.582604,48.193479,22.826844,45.791667,20.840561
2009-08-19,26.8259,0.4133,0.5979,0.002373,0.8266,1.2399,0.8125,1.2158,78.907384,48.591844,23.109873,46.163733,21.093938
2009-08-20,27.1364,1.1577,0.5945,0.002359,2.3154,3.4732,2.3014,3.4491,79.820909,49.716957,23.912514,47.226131,21.821482
2009-08-21,27.6885,2.0346,0.5912,0.002346,4.0692,6.1037,4.0551,6.0797,81.44493,51.740021,25.372072,49.141202,23.14816
2009-08-24,27.723,0.1246,0.5812,0.002306,0.2492,0.3738,0.2352,0.3499,81.546422,51.868972,25.466924,49.25679,23.229147
2009-08-25,27.799,0.2739,0.5778,0.002293,0.5477,0.8216,0.5337,0.7976,81.769739,52.15306,25.676149,49.519676,23.414424
2009-08-26,27.7092,-0.3228,0.5745,0.00228,-0.6455,-0.9683,-0.6595,-0.9922,81.505825,51.81641,25.427538,49.193099,23.182111
2009-08-27,27.7921,0.2989,0.5712,0.002266,0.5979,0.8968,0.5839,0.8729,81.749468,52.126197,25.655568,49.480328,23.384463
2009-08-28,27.7852,-0.0249,0.5678,0.002253,-0.0497,-0.0746,-0.0637,-0.0985,81.729136,52.100268,25.636425,49.448808,23.361433
2009-08-31,27.516,-0.9687,0.5578,0.002213,-1.9374,-2.9061,-1.9513,-2.9299,80.937424,51.090875,24.891403,48.483902,22.676967
2009-09-01,26.9156,-2.1821,0.5544,0.0022,-4.3642,-6.5463,-4.3781,-6.5701,79.171281,48.861157,23.26193,46.361215,21.187069
2009-09-02,26.9639,0.1795,0.5511,0.002187,0.359,0.5385,0.3451,0.5148,79.313392,49.036567,23.387195,46.52121,21.296131
2009-09-03,27.2607,1.1006,0.5478,0.002174,2.2012,3.3018,2.1873,3.2781,80.186315,50.115959,24.159392,47.538777,21.994236
2009-09-04,27.6057,1.2658,0.5444,0.00216,2.5317,3.7975,2.5178,3.7738,81.201337,51.384726,25.076843,48.735705,22.824256
2009-09-08,28.1095,1.825,0.531,0.002107,3.65,5.475,3.6362,5.4514,82.683252,53.260256,26.449792,50.507815,24.068494
2009-09-09,28.3649,0.9084,0.5277,0.002094,1.8169,2.7253,1.8031,2.7018,83.434379,54.227929,27.170632,51.418509,24.718767
2009-09-10,28.6616,1.0462,0.5244,0.002081,2.0924,3.1386,2.0786,3.1151,84.307273,55.362599,28.023413,52.487306,25.488778
2009-09-11,28.6271,-0.1204,0.521,0.002068,-0.2408,-0.3611,-0.2545,-0.3846,84.205786,55.229312,27.922212,52.353711,25.39074
2009-09-14,28.7169,0.3134,0.511,0.002028,0.6268,0.9402,0.6131,0.9168,84.469689,55.57549,28.184737,52.674675,25.623519
2009-09-15,28.8411,0.4326,0.5076,0.002014,0.8651,1.2977,0.8514,1.2743,84.835072,56.056286,28.550486,53.123148,25.950036
2009-09-16,29.338,1.723,0.5043,0.002001,3.4459,5.1689,3.4322,5.1455,86.296738,57.987931,30.026219,54.946438,27.285292
2009-09-17,29.2897,-0.1647,0.501,0.001988,-0.3294,-0.4941,-0.3431,-0.5174,86.15461,57.796922,29.877862,54.757923,27.144109
2009-09-18,29.3035,0.0471,0.4976,0.001975,0.0942,0.1414,0.0806,0.118,86.195207,57.851391,29.920098,54.802036,27.176152
2009-09-21,29.0619,-0.8243,0.4876,0.001935,-1.6485,-2.4728,-1.6622,-2.496,85.484734,56.897699,29.180239,53.891137,26.497831
2009-09-22,29.476,1.4248,0.4842,0.001922,2.8496,4.2745,2.836,4.2512,86.702735,58.519075,30.427535,55.419494,27.624318
2009-09-23,29.1033,-1.2643,0.4809,0.001908,-2.5287,-3.793,-2.5423,-3.8162,85.606513,57.039309,29.273407,54.010561,26.570114
2009-09-24,28.6755,-1.4702,0.4776,0.001895,-2.9405,-4.4107,-2.9541,-4.4338,84.347904,55.362095,27.982251,52.41506,25.392039
2009-09-25,28.6064,-0.2407,0.4742,0.001882,-0.4814,-0.7221,-0.495,-0.7452,84.14488,55.095584,27.780193,52.155614,25.202812
2009-09-28,29.0343,1.4958,0.4642,0.001842,2.9915,4.4873,2.978,4.4643,85.403495,56.743792,29.026778,53.708805,26.327932
2009-09-29,28.9929,-0.1426,0.4608,0.001829,-0.2852,-0.4278,-0.2987,-0.4508,85.281716,56.581967,28.902607,53.548365,26.209246
2009-09-30,28.9584,-0.119,0.4575,0.001816,-0.2381,-0.3571,-0.2516,-0.3801,85.180195,56.447255,28.799389,53.413636,26.109619
2009-10-01,28.2062,-2.5977,0.4542,0.001802,-5.1954,-7.7931,-5.2089,-7.8161,82.96747,53.514595,26.555024,50.631368,24.068873
2009-10-02,28.0681,-0.4894,0.4508,0.001789,-0.9788,-1.4682,-0.9923,-1.4911,82.561439,52.99081,26.165155,50.128971,23.709983
2009-10-05,28.4546,1.377,0.4408,0.001749,2.754,4.131,2.7405,4.1081,83.698297,54.45016,27.246026,51.502762,24.68401
2009-10-06,28.8066,1.237,0.4375,0.001736,2.4739,3.7109,2.4605,3.6881,84.733619,55.797223,28.2571,52.769984,25.594373
2009-10-07,28.9446,0.4791,0.4341,0.001723,0.9583,1.4374,0.9448,1.4146,85.139604,56.331907,28.663266,53.268573,25.956427
2009-10-08,29.3449,1.3829,0.4308,0.001709,2.7659,4.1488,2.7525,4.126,86.317037,57.889984,29.852456,54.734775,27.027401
2009-10-09,29.3863,0.1411,0.4274,0.001696,0.2822,0.4232,0.2688,0.4005,86.438811,58.053323,29.978801,54.881876,27.135639
2009-10-12,29.5381,0.5167,0.4174,0.001656,1.0333,1.55,1.0199,1.5273,86.885399,58.653191,30.44346,55.441639,27.550076
2009-10-13,29.476,-0.2102,0.4141,0.001643,-0.4205,-0.6307,-0.4338,-0.6534,86.702735,58.406572,30.251451,55.201123,27.370076
2009-10-14,30.1662,2.3414,0.4107,0.00163,4.6827,7.0241,4.6694,7.0015,88.732769,61.141603,32.376349,57.778689,29.28639
2009-10-15,30.2007,0.1144,0.4074,0.001617,0.2288,0.3431,0.2154,0.3205,88.834262,61.28147,32.487445,57.903166,29.380265
2009-10-16,29.8556,-1.1426,0.404,0.001603,-2.2851,-3.4277,-2.2984,-3.4503,87.819273,59.881109,31.373874,56.572296,28.366568
2009-10-19,30.2766,1.41,0.394,0.001563,2.82,4.23,2.8067,4.2075,89.057528,61.56976,32.700993,58.160132,29.560096
2009-10-20,29.966,-1.0257,0.3907,0.00155,-2.0514,-3.0772,-2.0647,-3.0996,88.144048,60.306695,31.694732,56.959303,28.643845
2009-10-21,29.8487,-0.3915,0.3873,0.001537,-0.7831,-1.1746,-0.7963,-1.1971,87.798924,59.834439,31.322434,56.505717,28.300957
2009-10-22,30.1523,1.0173,0.384,0.001524,2.0346,3.0519,2.0214,3.0295,88.692111,61.051842,32.278373,57.647918,29.158339
2009-10-23,29.7383,-1.3733,0.3806,0.00151,-2.7465,-4.1198,-2.7597,-4.1422,87.474137,59.375041,30.948575,56.056987,27.950552
2009-10-26,29.338,-1.346,0.3706,0.001471,-2.692,-4.038,-2.7052,-4.0603,86.296738,57.776669,29.698874,54.54055,26.815677
2009-10-27,29.0895,-0.8469,0.3673,0.001457,-1.6939,-2.5408,-1.707,-2.5631,85.565866,56.798013,28.944289,53.60953,26.128373
2009-10-28,28.2752,-2.7995,0.3639,0.001444,-5.599,-8.3985,-5.6121,-8.4207,83.17046,53.617906,26.513413,50.600895,23.928176
2009-10-29,29.2621,3.4904,0.3606,0.001431,6.9807,10.4711,6.9676,10.4488,86.073405,57.360818,29.289651,54.126551,26.428394
2009-10-30,28.2269,-3.5378,0.3572,0.001418,-7.0755,-10.6133,-7.0886,-10.6355,83.028343,53.302253,26.181066,50.289723,23.617614
2009-11-02,28.4132,0.6602,0.3472,0.001378,1.3203,1.9805,1.3072,1.9584,83.576468,54.00602,26.699582,50.947134,24.080137
2009-11-03,28.4753,0.2186,0.3439,0.001365,0.4372,0.6558,0.4241,0.6337,83.759159,54.242125,26.874671,51.163208,24.232728
2009-11-04,28.6616,0.6544,0.3405,0.001351,1.3088,1.9632,1.2957,1.9411,84.307273,54.952038,27.402269,51.826144,24.703112
2009-11-05,29.1309,1.6374,0.3372,0.001338,3.2748,4.9122,3.2617,4.8901,85.687712,56.751598,28.748316,53.516576,25.911127
2009-11-06,29.1309,0.0,0.3338,0.001325,0.0,0.0,-0.013,-0.022,85.687712,56.751598,28.748316,53.509602,25.905422
2009-11-09,30.0005,2.9851,0.3238,0.001285,5.9701,8.9552,5.9571,8.9332,88.245534,60.139725,31.322771,56.697228,28.21961
2009-11-10,29.9453,-0.184,0.3205,0.001272,-0.3681,-0.5521,-0.381,-0.574,88.083135,59.918375,31.149841,56.48119,28.057629
2009-11-11,30.1247,0.5992,0.3171,0.001258,1.1984,1.7976,1.1854,1.7757,88.610923,60.636427,31.709783,57.150729,28.555847
2009-11-12,29.69,-1.4433,0.3138,0.001245,-2.8866,-4.3299,-2.8995,-4.3517,87.332015,58.886114,30.336796,55.493631,27.31318
2009-11-13,29.9936,1.0228,0.3104,0.001232,2.0456,3.0684,2.0327,3.0466,88.225258,60.090704,31.267662,56.621644,28.145306
2009-11-16,30.4629,1.5647,0.3004,0.001192,3.1294,4.694,3.1165,4.6723,89.605703,61.971162,32.735381,58.386238,29.460339
2009-11-17,30.3939,-0.2266,0.2971,0.001179,-0.4531,-0.6797,-0.466,-0.7014,89.402685,61.690348,32.512877,58.114146,29.253696
2009-11-18,30.6493,0.8401,0.2937,0.001166,1.6802,2.5204,1.6674,2.4987,90.153772,62.72689,33.332315,59.083119,29.984644
2009-11-19,29.897,-2.4544,0.2904,0.001152,-4.9088,-7.3631,-4.9216,-7.3848,87.941058,59.647779,30.878012,56.175275,27.770337
2009-11-20,29.6969,-0.6695,0.287,0.001139,-1.339,-2.0084,-1.3518,-2.0301,87.352308,58.849116,30.257843,55.415892,27.206574
2009-11-23,30.1938,1.6732,0.277,0.001099,3.3465,5.0197,3.3337,4.9982,88.81393,60.818502,31.776711,57.263288,28.566409
2009-11-24,30.0281,-0.5485,0.2737,0.001086,-1.097,-1.6456,-1.1098,-1.6671,88.326767,60.151298,31.253806,56.627761,28.090179
2009-11-25,30.387,1.1952,0.2703,0.001073,2.3903,3.5855,2.3775,3.564,89.382409,61.589101,32.3744,57.974104,29.0913
2009-11-27,29.6002,-2.5892,0.2636,0.001046,-5.1784,-7.7675,-5.1911,-7.789,87.068141,58.399799,29.859709,54.964607,26.825382
2009-11-30,29.7314,0.443,0.2536,0.001006,0.886,1.329,0.8733,1.3076,87.453845,58.917211,30.256536,55.444596,27.17615
2009-12-01,30.3594,2.1123,0.2503,0.000993,4.2246,6.3369,4.2119,6.3155,89.301126,61.406219,32.173856,57.779858,28.892467
2009-12-02,30.4146,0.1819,0.2469,0.00098,0.3638,0.5458,0.3511,0.5244,89.46358,61.629637,32.349446,57.982752,29.043987
2009-12-03,30.2076,-0.6807,0.2436,0.000967,-1.3615,-2.0422,-1.3741,-2.0635,88.854571,60.790569,31.688805,57.185987,28.444664
2009-12-04,30.2628,0.1828,0.2402,0.000953,0.3656,0.5484,0.3529,0.5271,89.016987,61.012804,31.862575,57.387806,28.594594
2009-12-07,30.1041,-0.5245,0.2302,0.000914,-1.0491,-1.5736,-1.0617,-1.5948,88.550067,60.372744,31.36119,56.778532,28.138573
2009-12-08,29.7038,-1.3297,0.2269,0.0009,-2.6594,-3.9891,-2.672,-4.0103,87.372606,58.767177,30.110149,55.261393,27.010131
2009-12-09,29.759,0.1859,0.2235,0.000887,0.3718,0.5577,0.3592,0.5366,87.535033,58.985675,30.278075,55.459896,27.155058
2009-12-10,29.897,0.4638,0.2202,0.000874,0.9277,1.3915,0.9151,1.3704,87.941058,59.532877,30.699402,55.967413,27.527195
2009-12-11,29.9453,0.1616,0.2168,0.000861,0.3231,0.4847,0.3106,0.4636,88.083135,59.72524,30.848197,56.141222,27.65481
2009-12-14,30.18,0.7836,0.2068,0.000821,1.5672,2.3508,1.5546,2.3298,88.773344,60.661239,31.573364,57.01402,28.2991
2009-12-15,29.9522,-0.7546,0.2035,0.000807,-1.5092,-2.2638,-1.5217,-2.2848,88.103451,59.745726,30.858596,56.146418,27.652518
2009-12-16,30.1317,0.5991,0.2001,0.000794,1.1981,1.7972,1.1856,1.7762,88.631244,60.461552,31.413181,56.812101,28.14369
2009-12-17,29.5381,-1.9698,0.1968,0.000781,-3.9396,-5.9094,-3.9521,-5.9303,86.885399,58.079627,29.556865,54.566854,26.47469
2009-12-18,29.6762,0.4673,0.1935,0.000768,0.9346,1.402,0.9222,1.3811,87.291435,58.622467,29.971244,55.070055,26.840324
2009-12-21,29.8349,0.5349,0.1834,0.000728,1.0698,1.6048,1.0574,1.584,87.758377,59.249638,30.452213,55.652373,27.265461
2009-12-22,30.0074,0.5782,0.1801,0.000715,1.1565,1.7347,1.1441,1.7139,88.265838,59.934857,30.980481,56.289078,27.732778
2009-12-23,30.1731,0.552,0.1767,0.000701,1.104,1.6559,1.0915,1.6352,88.753045,60.596511,31.493497,56.903499,28.186254
2009-12-24,30.3567,0.6085,0.1734,0.000688,1.217,1.8255,1.2046,1.8047,89.293103,61.333963,32.068405,57.588956,28.694943
2009-12-28,30.4267,0.2309,0.16,0.000635,0.4617,0.6926,0.4494,0.6719,89.49924,61.617148,32.2905,57.847742,28.887753
2009-12-29,30.4127,-0.0461,0.1567,0.000622,-0.0922,-0.1383,-0.1045,-0.1589,89.457981,61.560338,32.245842,57.787275,28.841848
2009-12-30,30.3497,-0.2073,0.1533,0.000609,-0.4147,-0.622,-0.427,-0.6426,89.27249,61.305047,32.045257,57.540515,28.656501
2009-12-31,30.1955,-0.508,0.15,0.000595,-1.0159,-1.5239,-1.0282,-1.5444,88.819024,60.68224,31.556928,56.948874,28.213922
2010-01-04,30.9032,2.3439,0.1499,0.000595,4.6878,7.0317,4.6755,7.0111,90.900848,63.526895,33.775911,59.611511,30.192036
2010-01-05,30.9943,0.2948,0.1499,0.000595,0.5896,0.8844,0.5773,0.8638,91.168823,63.901448,34.074625,59.955647,30.452848
2010-01-06,31.1485,0.4974,0.1498,0.000595,0.9948,1.4922,0.9825,1.4716,91.622289,64.53713,34.583078,60.544701,30.900999
2010-01-07,31.0294,-0.3824,0.1498,0.000594,-0.7649,-1.1473,-0.7772,-1.1679,91.27188,64.043486,34.18629,60.074148,30.540105
2010-01-08,31.2326,0.6549,0.1498,0.000594,1.3099,1.9648,1.2976,1.9443,91.869658,64.88238,34.85799,60.853659,31.133887
2010-01-11,31.3307,0.3141,0.1497,0.000594,0.6281,0.9422,0.6158,0.9216,92.158189,65.289928,35.186422,61.228416,31.420832
2010-01-12,30.9803,-1.1182,0.1497,0.000594,-2.2365,-3.3547,-2.2488,-3.3753,91.127637,63.829728,34.006013,59.85152,30.36029
2010-01-13,31.2186,0.769,0.1496,0.000594,1.5381,2.3071,1.5258,2.2865,91.828432,64.811463,34.790558,60.764706,31.054486
2010-01-14,31.3027,0.2694,0.1496,0.000594,0.5388,0.8081,0.5265,0.7876,92.075801,65.160642,35.071715,61.084609,31.299068
2010-01-15,30.9593,-1.097,0.1496,0.000594,-2.1939,-3.2909,-2.2062,-3.3115,91.065754,63.731053,33.917534,59.736932,30.262609
2010-01-19,31.3237,1.177,0.1495,0.000593,2.354,3.531,2.3417,3.5105,92.13761,65.231299,35.115176,61.135808,31.324974
2010-01-20,30.7,-1.9911,0.1495,0.000593,-3.9821,-5.9732,-3.9944,-5.9937,90.303104,62.633723,33.017693,58.6938,29.447449
2010-01-21,30.0203,-2.2141,0.1494,0.000593,-4.4282,-6.6423,-4.4405,-6.6628,88.303714,59.860192,30.824571,56.087516,27.485419
2010-01-22,29.4036,-2.0542,0.1494,0.000593,-4.1084,-6.1626,-4.1207,-6.1831,86.489781,57.400898,28.924978,53.776321,25.785956
2010-01-25,29.6279,0.7626,0.1493,0.000593,1.5252,2.2878,1.5129,2.2673,87.149357,58.276383,29.586728,54.589909,26.370593
2010-01-26,29.4807,-0.4966,0.1493,0.000592,-0.9933,-1.4899,-1.0056,-1.5104,86.716548,57.697548,29.14592,54.040977,25.972282
2010-01-27,29.3756,-0.3566,0.1493,0.000592,-0.7131,-1.0697,-0.7254,-1.0902,86.407359,57.286105,28.834159,53.648962,25.689131
2010-01-28,28.9411,-1.479,0.1492,0.000592,-2.958,-4.437,-2.9703,-4.4576,85.129382,55.591567,27.554776,52.055413,24.544014
2010-01-29,28.6538,-0.9927,0.1492,0.000592,-1.9855,-2.9782,-1.9978,-2.9988,84.284265,54.487802,26.73413,51.015457,23.807993
2010-02-01,29.2355,2.0299,0.1491,0.000592,4.0597,6.0896,4.0474,6.0691,85.995129,56.699869,28.362137,53.080281,25.252917
2010-02-02,29.6839,1.5341,0.1491,0.000592,3.0681,4.6022,3.0558,4.5816,87.314342,58.439484,29.66741,54.702316,26.409909
2010-02-03,29.4317,-0.8499,0.1491,0.000592,-1.6998,-2.5497,-1.7121,-2.5703,86.572254,57.446126,28.910977,53.765754,25.731106
2010-02-04,28.3876,-3.5476,0.149,0.000591,-7.0952,-10.6428,-7.1075,-10.6633,83.50103,53.370226,25.834053,49.944371,22.987321
2010-02-05,28.1423,-0.864,0.149,0.000591,-1.7281,-2.5921,-1.7404,-2.6127,82.779549,52.447947,25.164404,49.075152,22.386739
2010-02-08,27.9601,-0.6474,0.1489,0.000591,-1.2948,-1.9422,-1.3071,-1.9627,82.243638,51.768856,24.675664,48.433696,21.947347
2010-02-09,28.5627,2.1554,0.1489,0.000591,4.3108,6.4662,4.2985,6.4457,84.016323,54.000515,26.271247,50.515627,23.362002
2010-02-10,28.4086,-0.5397,0.1489,0.000591,-1.0795,-1.6192,-1.0918,-1.6398,83.562846,53.41758,25.845851,49.964099,22.978913
2010-02-11,28.78,1.3073,0.1488,0.000591,2.6147,3.922,2.6024,3.9015,84.655303,54.814288,26.859537,51.264365,23.875435
2010-02-12,28.6048,-0.6087,0.1488,0.000591,-1.2174,-1.8262,-1.2297,-1.8467,84.139988,54.146955,26.369037,50.633946,23.434524
2010-02-16,29.1934,2.0578,0.1487,0.00059,4.1157,6.1735,4.1034,6.153,85.871448,56.375462,27.996929,52.711643,24.876439
2010-02-17,29.3055,0.3841,0.1487,0.00059,0.7681,1.1522,0.7558,1.1316,86.201238,56.808483,28.319497,53.110042,25.157943
2010-02-18,29.4737,0.5739,0.1487,0.00059,1.1479,1.7218,1.1356,1.7013,86.695975,57.460567,28.807101,53.713142,25.585943
2010-02-19,29.4036,-0.2378,0.1486,0.00059,-0.4757,-0.7135,-0.488,-0.7341,86.489781,57.187245,28.60156,53.45104,25.39813
2010-02-22,29.4317,0.0954,0.1485,0.000589,0.1907,0.2861,0.1784,0.2655,86.572254,57.296307,28.68338,53.546405,25.465568
2010-02-23,28.8991,-1.8095,0.1485,0.000589,-3.6191,-5.4286,-3.6314,-5.4492,85.00569,55.222701,27.126263,51.601928,24.077903
2010-02-24,29.1444,0.8487,0.1485,0.000589,1.6974,2.5462,1.6852,2.5256,85.727154,56.160079,27.816945,52.471499,24.686021
2010-02-25,29.0813,-0.2164,0.1485,0.000589,-0.4328,-0.6492,-0.4451,-0.6698,85.541634,55.91701,27.636352,52.237944,24.520683
2010-02-26,29.2495,0.5783,0.1484,0.000589,1.1567,1.735,1.1444,1.7145,86.036348,56.563782,28.115841,52.835738,24.941078
2010-03-01,29.5088,0.8864,0.1484,0.000589,1.7729,2.6593,1.7606,2.6388,86.799004,57.566583,28.863526,53.76595,25.599214
2010-03-02,29.761,0.8549,0.1483,0.000589,1.7098,2.5647,1.6975,2.5441,87.541036,58.550839,29.603776,54.678614,26.250487
2010-03-03,29.8591,0.3297,0.1483,0.000588,0.6593,0.989,0.647,0.9685,87.829629,58.936884,29.896558,55.032405,26.504711
2010-03-04,29.9152,0.1877,0.1483,0.000588,0.3755,0.5632,0.3632,0.5427,87.994513,59.158171,30.064934,55.232266,26.64854
2010-03-05,30.4478,1.7803,0.1482,0.000588,3.5606,5.3408,3.5483,5.3203,89.561061,61.264532,31.670653,57.192052,28.066321
2010-03-08,30.4828,0.1151,0.1482,0.000588,0.2302,0.3453,0.2179,0.3247,89.664141,61.405556,31.780006,57.31667,28.157464
2010-03-09,30.4828,0.0,0.1481,0.000588,0.0,0.0,-0.0123,-0.0205,89.664141,61.405556,31.780006,57.309624,28.151681
2010-03-10,30.6229,0.4598,0.1481,0.000588,0.9195,1.3793,0.9072,1.3587,90.076382,61.970194,32.218343,57.829553,28.53419
2010-03-11,30.679,0.1831,0.1481,0.000588,0.3662,0.5493,0.3539,0.5287,90.2413,62.197112,32.395305,58.0342,28.685056
2010-03-12,30.7351,0.1827,0.1481,0.000588,0.3654,0.5481,0.3531,0.5275,90.406162,62.424368,32.572854,58.23911,28.836378
2010-03-15,30.6089,-0.4104,0.148,0.000587,-0.8208,-1.2312,-0.8331,-1.2517,90.035135,61.911988,32.171817,57.753924,28.475421
2010-03-16,30.9523,1.1218,0.1479,0.000587,2.2436,3.3654,2.2313,3.3449,91.045153,63.301051,33.254531,59.042596,29.427888
2010-03-17,31.0854,0.4301,0.1479,0.000587,0.8603,1.2904,0.848,1.2699,91.436781,63.845627,33.683662,59.543279,29.801594
2010-03-18,30.9663,-0.3832,0.1479,0.000587,-0.7665,-1.1497,-0.7788,-1.1703,91.08635,63.356251,33.296384,59.07956,29.45283
2010-03-19,30.7351,-0.7468,0.1479,0.000587,-1.4935,-2.2403,-1.5058,-2.2608,90.406162,62.410024,32.550461,58.189942,28.786962
2010-03-22,30.8192,0.2736,0.1478,0.000586,0.5473,0.8209,0.535,0.8004,90.653541,62.75157,32.817666,58.501241,29.017361
2010-03-23,31.0925,0.8867,0.1478,0.000586,1.7735,2.6602,1.7612,2.6397,91.457405,63.864461,33.690691,59.531561,29.783329
2010-03-24,30.8402,-0.8114,0.1477,0.000586,-1.6227,-2.4341,-1.635,-2.4547,90.715345,62.828104,32.87062,58.558198,29.052252
2010-03-25,30.7421,-0.3181,0.1477,0.000586,-0.6362,-0.9543,-0.6485,-0.9748,90.42678,62.428392,32.556936,58.178453,28.76904
2010-03-26,30.8612,0.3876,0.1477,0.000586,0.7751,1.1627,0.7628,1.1421,90.777234,62.912281,32.935464,58.622249,29.097619
2010-03-29,31.1485,0.9309,0.1476,0.000586,1.8618,2.7927,1.8495,2.7722,91.622289,64.083596,33.855264,59.706485,29.904263
2010-03-30,31.2256,0.2475,0.1476,0.000586,0.495,0.7425,0.4827,0.722,91.849062,64.40082,34.106648,59.994703,30.120168
2010-03-31,31.1976,-0.0898,0.1475,0.000585,-0.1796,-0.2695,-0.1919,-0.29,91.766561,64.285127,34.014742,59.879551,30.032818
2010-04-01,31.583,1.2354,0.1475,0.000585,2.4708,3.7063,2.4586,3.6857,92.900266,65.873514,35.275419,61.351722,31.139748
2010-04-05,31.8212,0.7544,0.1474,0.000585,1.5087,2.2631,1.4964,2.2426,93.601073,66.867367,36.073735,62.269812,31.838075
2010-04-06,31.8282,0.022,0.1474,0.000585,0.0441,0.0661,0.0318,0.0456,93.621708,66.896849,36.097593,62.289614,31.852594
2010-04-07,31.583,-0.7706,0.1473,0.000585,-1.5412,-2.3118,-1.5535,-2.3323,92.900266,65.865845,35.263098,61.321961,31.109692
2010-04-08,31.632,0.1553,0.1473,0.000585,0.3106,0.4659,0.2983,0.4454,93.044554,66.070445,35.427404,61.504908,31.248259
2010-04-09,31.9404,0.9748,0.1473,0.000584,1.9495,2.9243,1.9372,2.9037,93.95151,67.358493,36.463394,62.696392,32.155623
2010-04-12,32.0034,0.1974,0.1472,0.000584,0.3948,0.5922,0.3825,0.5717,94.136973,67.624428,36.679334,62.936215,32.339448
2010-04-13,31.9754,-0.0875,0.1472,0.000584,-0.1751,-0.2626,-0.1874,-0.2831,94.054573,67.506042,36.583015,62.818301,32.247886
2010-04-14,32.3608,1.2053,0.1472,0.000584,2.4107,3.616,2.3984,3.5955,95.18825,69.133397,37.905864,64.324928,33.407354
2010-04-15,32.3258,-0.1083,0.1471,0.000584,-0.2165,-0.3248,-0.2288,-0.3454,95.085187,68.983691,37.782739,64.17773,33.291982
2010-04-16,31.6951,-1.951,0.1471,0.000584,-3.902,-5.8531,-3.9143,-5.8736,93.230057,66.291921,35.571294,61.665603,31.336547
2010-04-19,31.6601,-0.1105,0.147,0.000583,-0.221,-0.3315,-0.2333,-0.352,93.127044,66.145426,35.453382,61.521752,31.226239
2010-04-20,31.8983,0.7525,0.147,0.000583,1.505,2.2575,1.4927,2.2369,93.827811,67.140895,36.253727,62.440076,31.924747
2010-04-21,31.7862,-0.3515,0.147,0.000583,-0.7029,-1.0544,-0.7152,-1.0749,93.498049,66.668955,35.87148,61.993505,31.581589
2010-04-22,31.6881,-0.3087,0.1469,0.000583,-0.6173,-0.926,-0.6296,-0.9465,93.209466,66.257406,35.539328,61.603199,31.282674
2010-04-23,31.9474,0.8182,0.1469,0.000583,1.6365,2.4547,1.6242,2.4342,93.972133,67.341681,36.411707,62.603739,32.044143
2010-04-26,31.8913,-0.1755,0.1468,0.000583,-0.351,-0.5265,-0.3633,-0.547,93.807216,67.105317,36.220003,62.376311,31.868856
2010-04-27,30.9032,-3.0982,0.1468,0.000583,-6.1965,-9.2947,-6.2088,-9.3152,90.900848,62.947156,32.853461,58.503516,28.900197
2010-04-28,30.9523,0.1588,0.1468,0.000582,0.3175,0.4763,0.3052,0.4557,91.045153,63.147013,33.009925,58.682076,29.031901
2010-04-29,31.4709,1.6753,0.1467,0.000582,3.3507,5.026,3.3384,5.0055,92.57047,65.262869,34.669012,60.641115,30.485091
2010-04-30,31.0574,-1.3137,0.1467,0.000582,-2.6275,-3.9412,-2.6398,-3.9617,91.354337,63.548103,33.302632,59.040332,29.27735
2010-05-03,31.3447,0.9251,0.1466,0.000582,1.8501,2.7752,1.8379,2.7547,92.199431,64.723837,34.226854,60.12541,30.083851
2010-05-04,30.2936,-3.3534,0.1466,0.000582,-6.7068,-10.0602,-6.7191,-10.0807,89.107623,60.382948,30.783572,56.08554,27.051187
2010-05-05,29.9012,-1.2954,0.1466,0.000582,-2.5909,-3.8863,-2.6032,-3.9068,87.953288,58.8185,29.587225,54.625541,25.994339
2010-05-06,28.7519,-3.8434,0.1465,0.000582,-7.6868,-11.5303,-7.6991,-11.5508,84.572875,54.297218,26.175742,50.419852,22.991789
2010-05-07,28.5417,-0.7312,0.1465,0.000581,-1.4624,-2.1936,-1.4747,-2.2141,83.954485,53.503184,25.601558,49.676325,22.482727
2010-05-10,30.1675,5.6961,0.1464,0.000581,11.3921,17.0882,11.3798,17.0677,88.73659,59.59834,29.976404,55.329416,26.320006
2010-05-11,29.8031,-1.2079,0.1464,0.000581,-2.4158,-3.6237,-2.4281,-3.6443,87.664728,58.158547,28.890137,53.985954,25.360834
2010-05-12,30.1675,1.2227,0.1464,0.000581,2.4454,3.668,2.4331,3.6475,88.73659,59.580736,29.949841,55.299475,26.285876
2010-05-13,29.8311,-1.115,0.1464,0.000581,-2.23,-3.3451,-2.2423,-3.3656,87.747162,58.252065,28.948004,54.059483,25.401205
2010-05-14,29.1303,-2.3491,0.1463,0.000581,-4.6981,-7.0472,-4.7104,-7.0677,85.685917,55.515298,26.907974,51.513047,23.605912
2010-05-17,29.1864,0.1925,0.1462,0.00058,0.3849,0.5774,0.3726,0.5569,85.850829,55.728989,27.063337,51.705003,23.737364
2010-05-18,28.6959,-1.6807,0.1462,0.00058,-3.3613,-5.042,-3.3736,-5.0625,84.407963,53.855752,25.698803,49.960673,22.535653
2010-05-19,28.5067,-0.6594,0.1462,0.00058,-1.3187,-1.9781,-1.331,-1.9986,83.851411,53.145546,25.19046,49.295693,22.085255
2010-05-20,27.4275,-3.7856,0.1462,0.00058,-7.5713,-11.3569,-7.5836,-11.3774,80.677101,49.121752,22.329603,45.557325,19.57252
2010-05-21,28.0302,2.1972,0.1461,0.00058,4.3945,6.5917,4.3822,6.5712,82.449775,51.280402,23.801511,47.553741,20.858671
2010-05-24,27.6027,-1.525,0.1461,0.00058,-3.05,-4.575,-3.0623,-4.5955,81.192411,49.716344,22.712588,46.097503,19.900102
2010-05-25,27.4135,-0.6854,0.146,0.000579,-1.3709,-2.0563,-1.3831,-2.0768,80.635893,49.034801,22.24555,45.459906,19.486813
2010-05-26,27.2453,-0.6136,0.146,0.000579,-1.2271,-1.8407,-1.2394,-1.8612,80.141145,48.433088,21.836082,44.896476,19.124125
2010-05-27,28.5207,4.6811,0.146,0.000579,9.3622,14.0433,9.3499,14.0228,83.892636,52.967495,24.902592,49.094262,21.805861
2010-05-28,27.9881,-1.8673,0.1459,0.000579,-3.7346,-5.602,-3.7469,-5.6225,82.326088,50.989345,23.507555,47.254732,20.579827
2010-06-01,27.6447,-1.2268,0.1458,0.000579,-2.4537,-3.6805,-2.4659,-3.701,81.316087,49.738239,22.642362,46.089456,19.818165
2010-06-02,28.4226,2.8137,0.1458,0.000579,5.6274,8.4411,5.6151,8.4206,83.604076,52.537207,24.553625,48.677431,21.486968
2010-06-03,28.4506,0.0986,0.1458,0.000578,0.1972,0.2958,0.1849,0.2753,83.686521,52.640825,24.626265,48.767456,21.546126
2010-06-04,27.3785,-3.7685,0.1458,0.000578,-7.5369,-11.3054,-7.5492,-11.3259,80.532824,48.673323,21.842169,45.085896,19.10583
2010-06-07,27.0421,-1.2286,0.1457,0.000578,-2.4571,-3.6857,-2.4694,-3.7062,79.543419,47.477347,21.037127,43.97253,18.397721
2010-06-08,27.4275,1.4252,0.1456,0.000578,2.8505,4.2757,2.8382,4.2552,80.677101,48.830677,21.936614,45.220554,19.180579
2010-06-09,27.3574,-0.2555,0.1456,0.000578,-0.511,-0.7664,-0.5232,-0.787,80.470987,48.58117,21.768482,44.983939,19.029635
2010-06-10,28.2264,3.1762,0.1456,0.000578,6.3524,9.5286,6.3401,9.5081,83.026901,51.667234,23.842709,47.835967,20.838984
2010-06-11,28.3455,0.4221,0.1456,0.000578,0.8442,1.2662,0.8319,1.2457,83.377343,52.103392,24.144617,48.233906,21.098581
2010-06-14,28.3315,-0.0495,0.1455,0.000577,-0.0989,-0.1484,-0.1112,-0.1689,83.336101,52.051846,24.108788,48.180264,21.062943
2010-06-15,29.1864,3.0176,0.1455,0.000577,6.0351,9.0527,6.0229,9.0322,85.850829,55.193252,26.29129,51.082096,22.965391
2010-06-16,29.1093,-0.2641,0.1454,0.000577,-0.5281,-0.7922,-0.5404,-0.8127,85.624124,54.901756,26.083009,50.806037,22.778745
2010-06-17,29.1233,0.0481,0.1454,0.000577,0.0962,0.1443,0.0839,0.1238,85.665316,54.954579,26.120652,50.84868,22.806946
2010-06-18,29.1584,0.1203,0.1454,0.000577,0.2406,0.3609,0.2283,0.3403,85.768362,55.086788,26.214913,50.964765,22.884569
2010-06-21,29.2214,0.2163,0.1453,0.000577,0.4326,0.6489,0.4203,0.6284,85.953881,55.325097,26.385024,51.178981,23.028373
2010-06-22,28.7519,-1.6067,0.1453,0.000576,-3.2134,-4.82,-3.2256,-4.8406,84.572875,53.547299,25.113253,49.528127,21.91367
2010-06-23,28.794,0.1462,0.1452,0.000576,0.2924,0.4386,0.2801,0.4181,84.696523,53.703874,25.223402,49.666867,22.005289
2010-06-24,28.2824,-1.7766,0.1452,0.000576,-3.5532,-5.3298,-3.5655,-5.3504,83.19179,51.795651,23.879032,47.895987,20.827925
2010-06-25,28.4716,0.6691,0.1452,0.000576,1.3381,2.0072,1.3258,1.9866,83.748387,52.488731,24.358322,48.531003,21.241701
2010-06-28,28.3315,-0.4923,0.1451,0.000576,-0.9846,-1.4769,-0.9969,-1.4974,83.336101,51.971936,23.99858,48.047214,20.92363
2010-06-29,27.4065,-3.2649,0.1451,0.000576,-6.5298,-9.7946,-6.542,-9.8151,80.61528,48.578297,21.648009,44.903949,18.869945
2010-06-30,27.2033,-0.7415,0.145,0.000576,-1.4831,-2.2246,-1.4953,-2.2451,80.017492,47.857849,21.166428,44.232479,18.446293
2010-07-01,27.2803,0.2834,0.145,0.000575,0.5667,0.8501,0.5544,0.8296,80.244231,48.129071,21.34636,44.477722,18.599318
2010-07-02,27.2453,-0.1285,0.145,0.000575,-0.2569,-0.3854,-0.2692,-0.4059,80.141145,48.005413,21.264093,44.357983,18.523822
2010-07-06,27.5957,1.286,0.1449,0.000575,2.5721,3.8581,2.5598,3.8376,81.171799,49.240158,22.084492,45.493465,19.234697
2010-07-07,28.4156,2.971,0.1448,0.000575,5.9421,8.9131,5.9298,8.8926,83.583436,52.166036,24.052901,48.191125,20.945156
2010-07-08,28.6538,0.8385,0.1448,0.000575,1.677,2.5154,1.6647,2.4949,84.284265,53.040838,24.657936,48.993351,21.467721
2010-07-09,28.85,0.6848,0.1448,0.000575,1.3696,2.0543,1.3573,2.0338,84.861429,53.767267,25.164496,49.658331,21.904339
2010-07-12,28.7239,-0.4372,0.1447,0.000574,-0.8745,-1.3117,-0.8867,-1.3322,84.490391,53.297096,24.834417,49.217992,21.61253
2010-07-13,29.1934,1.6346,0.1447,0.000574,3.2691,4.9037,3.2569,4.8832,85.871448,55.039455,26.052227,50.820955,22.667913
2010-07-14,29.2004,0.024,0.1447,0.000574,0.0479,0.0719,0.0357,0.0514,85.892032,55.065842,26.070962,50.839079,22.679565
2010-07-15,29.2425,0.144,0.1446,0.000574,0.288,0.432,0.2757,0.4115,86.015719,55.224435,26.183591,50.979255,22.77289
2010-07-16,28.3876,-2.9235,0.1446,0.000574,-5.847,-8.7706,-5.8593,-8.7911,83.50103,51.995438,23.887141,47.992215,20.770907
2010-07-19,28.5767,0.6664,0.1445,0.000573,1.3329,1.9993,1.3206,1.9788,84.057515,52.688475,24.364722,48.626001,21.181924
2010-07-20,28.9131,1.177,0.1445,0.000573,2.354,3.5311,2.3418,3.5105,85.046887,53.92878,25.225053,49.764703,21.925524
2010-07-21,28.4996,-1.4299,0.1445,0.000573,-2.8599,-4.2898,-2.8722,-4.3104,83.830759,52.386472,24.142937,48.335372,20.980455
2010-07-22,29.2845,2.7539,0.1444,0.000573,5.5078,8.2617,5.4955,8.2412,86.139378,55.271818,26.137557,50.991656,22.709497
2010-07-23,29.5438,0.8854,0.1444,0.000573,1.7707,2.6561,1.7584,2.6356,86.902017,56.250521,26.831787,51.888308,23.308017
2010-07-26,29.768,0.759,0.1443,0.000573,1.5181,2.2771,1.5058,2.2566,87.561626,57.104434,27.442768,52.669629,23.833979
2010-07-27,29.7891,0.0707,0.1443,0.000573,0.1414,0.212,0.1291,0.1915,87.623514,57.185156,27.500958,52.737615,23.879628
2010-07-28,29.6559,-0.447,0.1443,0.000573,-0.894,-1.341,-0.9063,-1.3615,87.231847,56.673933,27.132178,52.259677,23.554512
2010-07-29,29.6489,-0.0236,0.1442,0.000572,-0.0472,-0.0708,-0.0595,-0.0913,87.211256,56.647179,27.112966,52.228589,23.533001
2010-07-30,29.705,0.1891,0.1442,0.000572,0.3781,0.5672,0.3658,0.5467,87.376135,56.861369,27.266742,52.419659,23.661647
2010-08-02,30.5178,2.7365,0.1441,0.000572,5.473,8.2095,5.4607,8.189,89.767176,59.973383,29.505199,55.282143,25.599291
2010-08-03,30.3637,-0.5051,0.1441,0.000572,-1.0103,-1.5154,-1.0225,-1.5359,89.313732,59.367492,29.058077,54.716858,25.20611
2010-08-04,30.5038,0.4615,0.1441,0.000572,0.9231,1.3846,0.9108,1.3641,89.725951,59.915501,29.460421,55.21522,25.549949
2010-08-05,30.4828,-0.0689,0.1441,0.000572,-0.1378,-0.2067,-0.1501,-0.2272,89.664141,59.832953,29.399538,55.132368,25.491907
2010-08-06,30.4057,-0.2529,0.144,0.000572,-0.5058,-0.7588,-0.5181,-0.7793,89.437363,59.530295,29.176466,54.846718,25.293257
2010-08-09,30.5318,0.4149,0.1439,0.000571,0.8297,1.2446,0.8174,1.2241,89.808401,60.024227,29.539589,55.295057,25.602864
2010-08-10,30.3216,-0.6886,0.1439,0.000571,-1.3771,-2.0657,-1.3894,-2.0862,89.190023,59.19763,28.929402,54.526796,25.068745
2010-08-11,29.2425,-3.559,0.1439,0.000571,-7.1181,-10.6771,-7.1303,-10.6976,86.015719,54.983902,25.84058,50.638847,22.386989
2010-08-12,29.1444,-0.3355,0.1439,0.000571,-0.671,-1.0064,-0.6832,-1.0269,85.727154,54.614982,25.58051,50.292863,22.157086
2010-08-13,29.0533,-0.3126,0.1438,0.000571,-0.6252,-0.9378,-0.6375,-0.9583,85.459167,54.273525,25.340613,49.972254,21.944751
2010-08-16,29.1724,0.4101,0.1438,0.00057,0.8201,1.2302,0.8078,1.2096,85.809593,54.718622,25.652341,50.375942,22.210204
2010-08-17,29.5858,1.4172,0.1437,0.00057,2.8345,4.2517,2.8222,4.2312,87.02572,56.26961,26.743006,51.797653,23.149966
2010-08-18,29.6279,0.1421,0.1437,0.00057,0.2841,0.4262,0.2719,0.4057,87.149357,56.429494,26.856987,51.938471,23.243885
2010-08-19,29.1724,-1.5373,0.1437,0.00057,-3.0746,-4.612,-3.0869,-4.6325,85.809593,54.69449,25.618353,50.335174,22.167121
2010-08-20,28.9902,-0.6246,0.1436,0.00057,-1.2491,-1.8737,-1.2614,-1.8942,85.273648,54.011275,25.138336,49.700233,21.747225
2010-08-23,28.871,-0.4109,0.1436,0.00057,-0.8219,-1.2328,-0.8342,-1.2533,84.923222,53.567364,24.828424,49.285653,21.47466
2010-08-24,28.4226,-1.5533,0.1435,0.00057,-3.1067,-4.66,-3.119,-4.6805,83.604076,51.903198,23.671415,47.748456,20.469533
2010-08-25,28.4716,0.1726,0.1435,0.000569,0.3452,0.5178,0.3329,0.4973,83.748387,52.082381,23.793994,47.907434,20.571335
2010-08-26,28.3455,-0.443,0.1435,0.000569,-0.8861,-1.3291,-0.8984,-1.3496,83.377343,51.620883,23.477739,47.477049,20.293696
2010-08-27,28.9131,2.0024,0.1435,0.000569,4.0048,6.0072,3.9925,5.9867,85.046887,53.68819,24.88809,49.372577,21.508614
2010-08-30,28.4856,-1.4784,0.1434,0.000569,-2.9568,-4.4351,-2.969,-4.4556,83.789573,52.100763,23.784271,47.90669,20.550269
2010-08-31,28.5207,0.123,0.1433,0.000569,0.246,0.369,0.2337,0.3485,83.892636,52.228933,23.872036,48.018662,20.621888
2010-09-01,29.4387,3.2187,0.1433,0.000569,6.4373,9.656,6.4251,9.6355,86.592861,55.591084,26.177121,51.10389,22.60891
2010-09-02,29.6279,0.6427,0.1433,0.000569,1.2853,1.928,1.273,1.9075,87.149357,56.305605,26.681808,51.754463,23.040168
2010-09-03,29.9642,1.1353,0.1433,0.000568,2.2707,3.406,2.2584,3.3855,88.138796,57.584122,27.590594,52.923286,23.820195
2010-09-07,29.6209,-1.1459,0.1432,0.000568,-2.2918,-3.4377,-2.3041,-3.4582,87.1288,56.264392,26.6421,51.703878,22.996434
2010-09-08,29.8521,0.7807,0.1431,0.000568,1.5613,2.342,1.5491,2.3215,87.808989,57.14287,27.26606,52.504805,23.530299
2010-09-09,30.0483,0.6573,0.1431,0.000568,1.3147,1.972,1.3024,1.9515,88.386187,57.894109,27.803747,53.188624,23.989492
2010-09-10,30.1745,0.4198,0.1431,0.000568,0.8395,1.2593,0.8272,1.2388,88.757192,58.380135,28.15387,53.628619,24.286665
2010-09-13,30.644,1.5559,0.143,0.000567,3.1119,4.6678,3.0996,4.6473,90.138203,60.196859,29.468045,55.290899,25.415347
2010-09-14,30.7351,0.2973,0.143,0.000567,0.5946,0.8918,0.5823,0.8713,90.406162,60.554759,29.730848,55.612845,25.636797
2010-09-15,30.7631,0.0912,0.1429,0.000567,0.1824,0.2736,0.1701,0.2531,90.488618,60.665219,29.812197,55.707464,25.701689
2010-09-16,30.686,-0.2506,0.1429,0.000567,-0.5012,-0.7517,-0.5134,-0.7722,90.261873,60.361191,29.588089,55.421445,25.503212
2010-09-17,30.6019,-0.274,0.1429,0.000567,-0.548,-0.822,-0.5603,-0.8425,90.014544,60.030397,29.344864,55.11092,25.288338
2010-09-20,31.0714,1.5342,0.1428,0.000567,3.0685,4.6027,3.0562,4.5822,91.395579,61.872411,30.695521,56.795217,26.447101
2010-09-21,31.0504,-0.0677,0.1428,0.000567,-0.1354,-0.2031,-0.1476,-0.2236,91.333718,61.788655,30.633193,56.711364,26.387979
2010-09-22,31.0154,-0.1129,0.1427,0.000566,-0.2257,-0.3386,-0.238,-0.3591,91.230644,61.649193,30.52948,56.576401,26.29323
2010-09-23,30.693,-1.0393,0.1427,0.000566,-2.0785,-3.1178,-2.0908,-3.1383,90.282508,60.367786,29.577626,55.393491,25.468065
2010-09-24,31.4218,2.3744,0.1427,0.000566,4.7488,7.1232,4.7365,7.1027,92.426165,63.234515,31.684488,58.017205,27.276976
2010-09-27,31.3027,-0.3791,0.1426,0.000566,-0.7581,-1.1372,-0.7704,-1.1577,92.075801,62.755104,31.324164,57.570228,26.961185
2010-09-28,31.4989,0.6268,0.1426,0.000566,1.2536,1.8804,1.2414,1.8599,92.652943,63.541817,31.913195,58.284877,27.462646
2010-09-29,31.4709,-0.089,0.1425,0.000566,-0.178,-0.267,-0.1903,-0.2875,92.57047,63.428696,31.827975,58.173962,27.383682
2010-09-30,31.3868,-0.2672,0.1425,0.000566,-0.5344,-0.8015,-0.5466,-0.822,92.323141,63.089759,31.572861,57.855966,27.158579
2010-10-01,31.646,0.826,0.1425,0.000565,1.6521,2.4781,1.6398,2.4576,93.085774,64.132062,32.355282,58.804702,27.826041
2010-10-04,31.3587,-0.9079,0.1424,0.000565,-1.8158,-2.7237,-1.8281,-2.7442,92.240651,62.967556,31.474024,57.729713,27.062442
2010-10-05,32.0945,2.3464,0.1424,0.000565,4.6929,7.0393,4.6806,7.0188,94.405026,65.922553,33.689585,60.43182,28.961911
2010-10-06,32.1646,0.2183,0.1424,0.000565,0.4366,0.6549,0.4243,0.6344,94.611108,66.210364,33.910213,60.688243,29.145642
2010-10-07,32.0875,-0.2397,0.1423,0.000565,-0.4793,-0.719,-0.4916,-0.7395,94.384358,65.892998,33.6664,60.389899,28.930113
2010-10-08,32.2767,0.5896,0.1423,0.000565,1.1792,1.7689,1.167,1.7484,94.940865,66.670032,34.26191,61.094628,29.435915
2010-10-11,32.2487,-0.0868,0.1422,0.000564,-0.1736,-0.2605,-0.1859,-0.281,94.858437,66.554265,34.172671,60.981046,29.353214
2010-10-12,32.2907,0.1304,0.1422,0.000564,0.2608,0.3912,0.2485,0.3707,94.982124,66.727827,34.306345,61.132591,29.46202
2010-10-13,32.6411,1.0851,0.1422,0.000564,2.1702,3.2553,2.158,3.2348,96.012788,68.175973,35.423134,62.451806,30.415072
2010-10-14,32.6551,0.0429,0.1421,0.000564,0.0858,0.1287,0.0735,0.1082,96.053968,68.234455,35.468713,62.497715,30.447975
2010-10-15,32.6271,-0.0858,0.1421,0.000564,-0.1716,-0.2574,-0.1839,-0.2779,95.97154,68.117345,35.377402,62.382782,30.363349
2010-10-18,32.7042,0.2362,0.142,0.000564,0.4724,0.7086,0.4601,0.6881,96.198223,68.439129,35.628084,62.669822,30.572279
2010-10-19,32.0104,-2.1212,0.142,0.000563,-4.2425,-6.3637,-4.2547,-6.3842,94.15763,65.535616,33.360815,60.00338,28.620482
2010-10-20,32.543,1.6638,0.142,0.000563,3.3275,4.9913,3.3152,4.9708,95.724178,67.716313,35.025936,61.992631,30.043137
2010-10-21,32.501,-0.1292,0.1419,0.000563,-0.2584,-0.3876,-0.2707,-0.4081,95.600502,67.541334,34.890176,61.824835,29.920534
2010-10-22,32.571,0.2156,0.1419,0.000563,0.4312,0.6469,0.419,0.6264,95.80664,67.832605,35.11587,62.083868,30.10795
2010-10-25,32.7182,0.4518,0.1418,0.000563,0.9036,1.3553,0.8913,1.3348,96.239471,68.445507,35.591806,62.637211,30.509842
2010-10-26,32.5851,-0.4069,0.1418,0.000563,-0.8138,-1.2208,-0.8261,-1.2412,95.847854,67.888471,35.157315,62.119759,30.131139
2010-10-27,32.3328,-0.7742,0.1418,0.000563,-1.5484,-2.3226,-1.5607,-2.3431,95.105788,66.83727,34.340739,61.150261,29.425128
2010-10-28,32.543,0.6502,0.1418,0.000563,1.3004,1.9506,1.2882,1.9301,95.724178,67.706438,35.010602,61.937972,29.993077
2010-10-29,32.578,0.1077,0.1417,0.000562,0.2153,0.323,0.2031,0.3025,95.827241,67.852233,35.123687,62.063746,30.083809
2010-11-01,32.557,-0.0645,0.1416,0.000562,-0.129,-0.1936,-0.1413,-0.214,95.765414,67.764678,35.055703,61.976046,30.019416
2010-11-02,32.9494,1.2053,0.1416,0.000562,2.4106,3.6159,2.3984,3.5954,96.919687,69.398231,36.323295,63.462453,31.098749
2010-11-03,33.1246,0.5317,0.1416,0.000562,1.0634,1.5951,1.0511,1.5746,97.435014,70.136218,36.902693,64.129533,31.588438
2010-11-04,33.8254,2.1155,0.1416,0.000562,4.2311,6.3466,4.2188,6.3261,99.496287,73.103733,39.244763,66.835033,33.58676
2010-11-05,33.8184,-0.0207,0.1415,0.000562,-0.0415,-0.0622,-0.0537,-0.0827,99.475652,73.07341,39.220345,66.799111,33.558981
2010-11-08,33.7063,-0.3316,0.1415,0.000561,-0.6631,-0.9947,-0.6754,-1.0152,99.145827,72.588841,38.830225,66.347954,33.218299
2010-11-09,33.4049,-0.894,0.1414,0.000561,-1.7879,-2.6819,-1.8002,-2.7024,98.259507,71.291017,37.78885,65.153572,32.320622
2010-11-10,33.482,0.2308,0.1414,0.000561,0.4615,0.6923,0.4492,0.6718,98.486246,71.620032,38.050449,65.44627,32.537745
2010-11-11,33.3349,-0.4395,0.1414,0.000561,-0.8789,-1.3184,-0.8912,-1.3389,98.053426,70.990531,37.548785,64.863004,32.102095
2010-11-12,32.8934,-1.3244,0.1413,0.000561,-2.6488,-3.9732,-2.6611,-3.9937,96.754809,69.110137,36.056899,63.136959,30.82004
2010-11-15,32.8654,-0.0852,0.1413,0.000561,-0.1705,-0.2557,-0.1827,-0.2762,96.672347,68.992335,35.964708,63.021594,30.734925
2010-11-16,32.1996,-2.0256,0.1412,0.00056,-4.0512,-6.0767,-4.0634,-6.0972,94.714171,66.197345,33.779226,60.460757,28.860947
2010-11-17,32.2907,0.2829,0.1412,0.00056,0.5658,0.8487,0.5535,0.8282,94.982124,66.571898,34.065917,60.795435,29.099983
2010-11-18,32.9494,2.0399,0.1412,0.00056,4.0798,6.1198,4.0676,6.0993,96.919687,69.287931,36.150674,63.26834,30.874875
2010-11-19,32.9494,0.0,0.1412,0.00056,0.0,0.0,-0.0123,-0.0205,96.919687,69.287931,36.150674,63.260579,30.86855
2010-11-22,32.8303,-0.3615,0.1411,0.00056,-0.7231,-1.0846,-0.7353,-1.1051,96.569284,68.786924,35.758576,62.795395,30.52742
2010-11-23,32.0525,-2.3692,0.141,0.00056,-4.7384,-7.1076,-4.7507,-7.1281,94.281351,65.527505,33.216985,59.812178,28.351387
2010-11-24,32.55,1.5522,0.141,0.00056,3.1044,4.6565,3.0921,4.6361,95.744768,67.561716,34.763748,61.661628,29.665774
2010-11-26,32.1856,-1.1194,0.141,0.000559,-2.2389,-3.3583,-2.2512,-3.3788,94.672957,66.049082,33.596263,60.273527,28.66342
2010-11-29,32.0104,-0.5443,0.1409,0.000559,-1.0886,-1.633,-1.1009,-1.6535,94.15763,65.330041,33.047647,59.609969,28.189484
2010-11-30,31.7161,-0.9195,0.1408,0.000559,-1.8389,-2.7584,-1.8512,-2.7789,93.291889,64.128675,32.136068,58.506479,27.406138
2010-12-01,32.529,2.563,0.1408,0.000559,5.126,7.689,5.1137,7.6685,95.682964,67.415916,34.607014,61.49835,29.507785
2010-12-02,33.1246,1.8311,0.1408,0.000559,3.6622,5.4933,3.6499,5.4728,97.435014,69.884821,36.50808,63.742998,31.122692
2010-12-03,33.2858,0.4866,0.1408,0.000559,0.9731,1.4597,0.9609,1.4392,97.909104,70.564899,37.040993,64.35549,31.570619
2010-12-06,33.1947,-0.2737,0.1407,0.000558,-0.5474,-0.8211,-0.5596,-0.8415,97.64114,70.178645,36.736864,63.995332,31.304939
2010-12-07,33.1597,-0.1056,0.1407,0.000558,-0.2111,-0.3167,-0.2234,-0.3372,97.538066,70.030478,36.620521,63.852371,31.199387
2010-12-08,33.2157,0.1691,0.1406,0.000558,0.3381,0.5072,0.3259,0.4867,97.702967,70.26727,36.806257,64.060442,31.351237
2010-12-09,33.3068,0.2743,0.1406,0.000558,0.5486,0.8229,0.5364,0.8024,97.970976,70.65277,37.109146,64.404033,31.602815
2010-12-10,33.447,0.4207,0.1406,0.000558,0.8415,1.2622,0.8292,1.2418,98.383183,71.247305,37.57755,64.938087,31.995243
2010-12-13,33.6642,0.6494,0.1405,0.000558,1.2989,1.9483,1.2866,1.9279,99.022129,72.172731,38.309689,65.7736,32.612067
2010-12-14,33.7063,0.1249,0.1405,0.000557,0.2498,0.3748,0.2376,0.3543,99.145827,72.353047,38.453258,65.929862,32.727605
2010-12-15,33.3839,-0.9563,0.1404,0.000557,-1.9126,-2.8689,-1.9249,-2.8894,98.197692,70.969217,37.350068,64.660797,31.781976
2010-12-16,33.5731,0.5667,0.1404,0.000557,1.1335,1.7002,1.1212,1.6797,98.75421,71.773628,37.985093,65.385775,32.315823
2010-12-17,33.475,-0.2922,0.1404,0.000557,-0.5844,-0.8765,-0.5966,-0.897,98.465667,71.354208,37.652135,64.995664,32.025941
2010-12-20,33.5171,0.1256,0.1403,0.000557,0.2511,0.3767,0.2389,0.3562,98.589309,71.533405,37.793973,65.150922,32.140027
2010-12-21,33.8044,0.8572,0.1403,0.000557,1.7144,2.5717,1.7022,2.5512,99.434438,72.759804,38.765906,66.259907,32.959978
2010-12-22,33.8958,0.2705,0.1402,0.000557,0.5409,0.8114,0.5287,0.7909,99.703378,73.153391,39.080457,66.610208,33.220669
2010-12-23,33.8315,-0.1897,0.1402,0.000556,-0.3794,-0.5691,-0.3917,-0.5896,99.51424,72.875846,38.858049,66.34932,33.024807
2010-12-27,33.853,0.0634,0.1401,0.000556,0.1268,0.1902,0.1145,0.1697,99.577335,72.968256,38.93196,66.425319,33.08086
2010-12-28,33.8315,-0.0634,0.1401,0.000556,-0.1267,-0.1901,-0.139,-0.2106,99.51424,72.875787,38.857956,66.332996,33.011204
2010-12-29,34.0672,0.6968,0.1401,0.000556,1.3936,2.0905,1.3814,2.07,100.207675,73.891413,39.670265,67.249304,33.69453
2010-12-30,34.0387,-0.0839,0.14,0.000556,-0.1678,-0.2517,-0.1801,-0.2722,100.123586,73.767401,39.570398,67.128195,33.602806
2010-12-31,34.1458,0.3148,0.14,0.000556,0.6297,0.9445,0.6174,0.924,100.438812,74.231896,39.944144,67.542652,33.913308
2011-01-03,34.453,0.8995,0.1393,0.000553,1.7991,2.6986,1.7868,2.6782,101.3423,75.567388,41.022086,68.749519,34.821558
2011-01-04,34.3958,-0.1659,0.139,0.000552,-0.3317,-0.4976,-0.344,-0.518,101.174224,75.31673,40.81798,68.51305,34.641175
2011-01-05,34.4101,0.0416,0.1388,0.000551,0.0831,0.1247,0.0709,0.1042,101.216279,75.379345,40.868881,68.56161,34.677284
2011-01-06,34.1673,-0.7058,0.1385,0.00055,-1.4116,-2.1175,-1.4239,-2.1379,100.501873,74.315258,40.003497,67.585362,33.935908
2011-01-07,34.053,-0.3345,0.1383,0.000549,-0.669,-1.0036,-0.6813,-1.024,100.165675,73.818061,39.602039,67.124908,33.588398
2011-01-10,33.9101,-0.4195,0.1375,0.000546,-0.8391,-1.2586,-0.8513,-1.2791,99.745434,73.198658,39.103593,66.553443,33.15877
2011-01-11,34.2101,0.8847,0.1373,0.000545,1.7694,2.6542,1.7572,2.6337,100.627905,74.49387,40.141469,67.722918,34.032078
2011-01-12,34.7316,1.5243,0.137,0.000544,3.0487,4.573,3.0364,4.5526,102.161811,76.764942,41.97714,69.77927,35.581406
2011-01-13,34.7102,-0.0617,0.1368,0.000543,-0.1234,-0.1851,-0.1356,-0.2055,102.098784,76.670224,41.899449,69.684624,35.508275
2011-01-14,34.9173,0.5968,0.1365,0.000542,1.1937,1.7905,1.1814,1.77,102.708141,77.585407,42.649655,70.507888,36.136787
2011-01-18,35.0245,0.3069,0.1356,0.000538,0.6138,0.9206,0.6015,0.9002,103.023334,78.061598,43.042307,70.932006,36.462092
2011-01-19,34.7173,-0.877,0.1353,0.000537,-1.7541,-2.6311,-1.7663,-2.6516,102.119778,76.692336,41.909813,69.679118,35.495279
2011-01-20,34.5316,-0.535,0.1351,0.000536,-1.07,-1.6049,-1.0822,-1.6254,101.57346,75.871762,41.237188,68.925052,34.918349
2011-01-21,34.6173,0.2483,0.1348,0.000535,0.4966,0.7448,0.4843,0.7244,101.825647,76.248512,41.54434,69.25887,35.1713
2011-01-24,34.8459,0.6603,0.1341,0.000532,1.3206,1.981,1.3084,1.9605,102.49802,77.255477,42.367314,70.165051,35.860842
2011-01-25,34.7459,-0.287,0.1338,0.000531,-0.574,-0.8611,-0.5863,-0.8815,102.203833,76.812004,42.00251,69.753693,35.544736
2011-01-26,34.9602,0.6168,0.1336,0.00053,1.2336,1.8504,1.2214,1.83,102.834229,77.759561,42.779728,70.605643,36.195199
2011-01-27,35.0673,0.3065,0.1333,0.000529,0.6129,0.9194,0.6007,0.899,103.149377,78.236167,43.173038,71.029763,36.52058
2011-01-28,34.303,-2.1797,0.1331,0.000528,-4.3593,-6.539,-4.3715,-6.5594,100.901075,74.825609,40.349967,67.924664,34.125053
2011-01-31,34.6244,0.9371,0.1324,0.000525,1.8742,2.8113,1.8619,2.7908,101.846608,76.227973,41.484312,69.189384,35.077432
2011-02-01,35.2959,1.9394,0.1321,0.000524,3.8788,5.8182,3.8665,5.7977,103.821806,79.184682,43.897934,71.864619,37.111131
2011-02-02,35.2173,-0.2227,0.1319,0.000523,-0.4453,-0.668,-0.4576,-0.6884,103.590635,78.832054,43.604703,71.535801,36.85566
2011-02-03,35.2602,0.1217,0.1316,0.000522,0.2434,0.3651,0.2312,0.3447,103.716712,79.023943,43.763912,71.701181,36.982705
2011-02-04,35.3031,0.1216,0.1314,0.000521,0.2431,0.3647,0.2309,0.3443,103.8428,79.216081,43.923523,71.866748,37.110037
2011-02-07,35.3959,0.2631,0.1306,0.000518,0.5261,0.7892,0.5139,0.7688,104.115971,79.632855,44.270161,72.23607,37.395333
2011-02-08,35.5745,0.5045,0.1304,0.000517,1.0091,1.5136,0.9968,1.4932,104.641273,80.436407,44.940237,72.956153,37.953722
2011-02-09,35.3459,-0.6426,0.1301,0.000516,-1.2852,-1.9277,-1.2974,-1.9481,103.968866,79.402666,44.073903,72.009628,37.214328
2011-02-10,35.1531,-0.5457,0.1299,0.000515,-1.0913,-1.637,-1.1036,-1.6574,103.401542,78.536118,43.352412,71.214962,36.597539
2011-02-11,35.3602,0.5893,0.1296,0.000514,1.1787,1.768,1.1665,1.7476,104.010933,79.461813,44.118897,72.045661,37.237132
2011-02-14,35.4459,0.2424,0.1289,0.000512,0.4848,0.7273,0.4726,0.7069,104.263075,79.847075,44.439755,72.386164,37.50035
2011-02-15,35.3674,-0.2217,0.1287,0.000511,-0.4434,-0.6652,-0.4557,-0.6855,104.031904,79.493003,44.144161,72.056333,37.243269
2011-02-16,35.6317,0.7473,0.1284,0.00051,1.4947,2.242,1.4825,2.2217,104.809383,80.681178,45.13389,73.124551,38.070685
2011-02-17,35.8317,0.5614,0.1282,0.000509,1.1228,1.6841,1.1105,1.6637,105.397757,81.587027,45.894001,73.936625,38.704084
2011-02-18,35.946,0.3189,0.1279,0.000508,0.6379,0.9568,0.6257,0.9365,105.733921,82.107468,46.333135,74.399233,39.066534
2011-02-22,35.0316,-2.5437,0.1269,0.000504,-5.0874,-7.6311,-5.0996,-7.6515,103.044361,77.930323,42.7974,70.605154,36.077362
2011-02-23,34.9316,-0.2855,0.1267,0.000503,-0.571,-0.8565,-0.5832,-0.8769,102.750174,77.485348,42.430846,70.193385,35.761015
2011-02-24,34.9816,0.1431,0.1264,0.000502,0.2862,0.4294,0.274,0.409,102.897234,77.707148,42.613032,70.385743,35.907279
2011-02-25,35.3531,1.0619,0.1262,0.000501,2.1238,3.1857,2.1116,3.1654,103.989916,79.357517,43.970575,71.872025,37.043881
2011-02-28,35.6388,0.8082,0.1255,0.000498,1.6164,2.4246,1.6042,2.4043,104.830377,80.640273,45.036704,73.025013,37.93452
2011-03-01,35.1602,-1.3429,0.1252,0.000497,-2.6859,-4.0288,-2.6981,-4.0492,103.422559,78.474358,43.222244,71.054724,36.398473
2011-03-02,35.3531,0.5486,0.125,0.000496,1.0972,1.6457,1.085,1.6254,103.989916,79.335351,43.933573,71.825641,36.99009
2011-03-03,35.8888,1.5154,0.1247,0.000495,3.0308,4.5463,3.0186,4.5259,105.5658,81.739877,45.930906,73.993797,38.664226
2011-03-04,35.6174,-0.7563,0.1245,0.000494,-1.5126,-2.2689,-1.5248,-2.2893,104.767394,80.503463,44.888766,72.865524,37.779092
2011-03-07,35.3674,-0.702,0.1237,0.000491,-1.404,-2.1061,-1.4162,-2.1264,104.031904,79.373159,43.943379,71.833572,36.975752
2011-03-08,35.5602,0.5454,0.1235,0.00049,1.0907,1.6361,1.0785,1.6157,104.599251,80.238895,44.662325,72.608311,37.57318
2011-03-09,35.5031,-0.1607,0.1232,0.000489,-0.3214,-0.4821,-0.3336,-0.5025,104.431152,79.980995,44.446998,72.366083,37.384388
2011-03-10,34.6959,-2.2737,0.123,0.000488,-4.5473,-6.821,-4.5595,-6.8413,102.05674,76.343999,41.415274,69.066537,34.826799
2011-03-11,34.8245,0.3706,0.1227,0.000487,0.7412,1.1119,0.729,1.0915,102.434982,76.90989,41.875753,69.570063,35.20694
2011-03-14,34.5244,-0.8615,0.122,0.000484,-1.7231,-2.5846,-1.7353,-2.605,101.552454,75.584658,40.793412,68.362822,34.289806
2011-03-15,33.8958,-1.8208,0.1218,0.000483,-3.6416,-5.4624,-3.6538,-5.4828,99.703378,72.832153,38.565102,65.864976,32.409779
2011-03-16,33.11,-2.3182,0.1215,0.000482,-4.6365,-6.9547,-4.6487,-6.9751,97.392005,69.45529,35.882996,62.803119,30.149171
2011-03-17,33.8458,2.2222,0.1213,0.000481,4.4445,6.6667,4.4323,6.6464,99.556296,72.542227,38.275222,65.586746,32.15301
2011-03-18,34.1173,0.802,0.121,0.00048,1.604,2.4061,1.5919,2.3857,100.354757,73.705833,39.196147,66.63079,32.920095
2011-03-21,34.7959,1.9891,0.1203,0.000477,3.9782,5.9673,3.966,5.947,102.350927,76.638018,41.535114,69.273396,34.87786
2011-03-22,34.7244,-0.2053,0.12,0.000476,-0.4106,-0.6159,-0.4228,-0.6363,102.140784,76.323317,41.279279,68.980497,34.655944
2011-03-23,34.7745,0.144,0.1198,0.000475,0.288,0.4321,0.2759,0.4117,102.287888,76.543162,41.457632,69.170788,34.798639
2011-03-24,35.2245,1.2942,0.1195,0.000474,2.5884,3.8826,2.5762,3.8622,103.611685,78.524385,43.067251,70.952762,36.142649
2011-03-25,35.1602,-0.1825,0.1193,0.000473,-0.3651,-0.5476,-0.3772,-0.5679,103.422559,78.237718,42.831413,70.685094,35.93739
2011-03-28,35.0602,-0.2844,0.1185,0.00047,-0.5689,-0.8533,-0.5811,-0.8736,103.128383,77.792638,42.465923,70.274372,35.623431
2011-03-29,35.3102,0.7131,0.1183,0.000469,1.4262,2.1393,1.414,2.119,103.863783,78.902104,43.374387,71.268058,36.378282
2011-03-30,35.6602,0.9913,0.1181,0.000468,1.9827,2.974,1.9705,2.9537,104.893415,80.466464,44.664336,72.672384,37.452782
2011-03-31,35.6174,-0.1201,0.1178,0.000467,-0.2403,-0.3604,-0.2525,-0.3807,104.767394,80.273116,44.503354,72.488917,37.31019
2011-04-01,35.9103,0.8223,0.1176,0.000467,1.6445,2.4668,1.6324,2.4465,105.62886,81.593232,45.601161,73.672195,38.222983
2011-04-04,35.9674,0.1591,0.1168,0.000464,0.3182,0.4773,0.306,0.457,105.796926,81.852877,45.818828,73.897668,38.397675
2011-04-05,35.9674,0.0,0.1166,0.000463,0.0,0.0,-0.0122,-0.0203,105.796926,81.852877,45.818828,73.888675,38.389884
2011-04-06,36.146,0.4966,0.1163,0.000462,0.9931,1.4897,0.9809,1.4694,106.322261,82.665759,46.50137,74.613474,38.953971
2011-04-07,36.0246,-0.336,0.1161,0.000461,-0.672,-1.008,-0.6841,-1.0282,105.965036,82.110272,46.032659,74.103018,38.553432
2011-04-08,36.0603,0.0991,0.1158,0.00046,0.1983,0.2974,0.1861,0.2771,106.070085,82.273073,46.169563,74.240928,38.660272
2011-04-11,35.9531,-0.2971,0.1151,0.000457,-0.5942,-0.8913,-0.6063,-0.9116,105.75496,81.784221,45.758066,73.790771,38.307864
2011-04-12,35.5888,-1.0134,0.1148,0.000456,-2.0267,-3.0401,-2.0389,-3.0604,104.683272,80.126669,44.366972,72.286251,37.135496
2011-04-13,35.646,0.1606,0.1146,0.000455,0.3212,0.4818,0.309,0.4615,104.851382,80.384019,44.580717,72.509628,37.306874
2011-04-14,35.7674,0.3407,0.1144,0.000454,0.6814,1.0221,0.6693,1.0019,105.208619,80.931768,45.036387,72.994903,37.680633
2011-04-15,35.7817,0.04,0.1141,0.000453,0.0799,0.1199,0.0677,0.0996,105.250652,80.996436,45.090366,73.044353,37.718158
2011-04-18,35.1602,-1.7369,0.1134,0.00045,-3.4738,-5.2107,-3.4859,-5.231,103.422559,78.18279,42.740849,70.498066,35.74514
2011-04-19,35.4745,0.894,0.1131,0.000449,1.7879,2.6819,1.7758,2.6616,104.347119,79.580642,43.887113,71.749952,36.696543
2011-04-20,36.1531,1.913,0.1129,0.000448,3.826,5.739,3.8138,5.7187,106.343267,82.625378,46.405778,74.486366,38.795109
2011-04-21,36.4032,0.6916,0.1126,0.000447,1.3832,2.0747,1.371,2.0545,107.078712,83.768213,47.368572,75.507574,39.592143
2011-04-25,36.3675,-0.0981,0.1116,0.000443,-0.1963,-0.2944,-0.2084,-0.3146,106.97364,83.603817,47.22913,75.350216,39.467575
2011-04-26,36.6175,0.6875,0.1114,0.000442,1.375,2.0624,1.3628,2.0422,107.709063,84.753337,48.203203,76.377098,40.273579
2011-04-27,36.9246,0.8388,0.1112,0.000441,1.6777,2.5165,1.6655,2.4963,108.612573,86.175232,49.416252,77.649189,41.278921
2011-04-28,37.0104,0.2322,0.1109,0.00044,0.4644,0.6966,0.4523,0.6764,108.864772,86.575431,49.760486,78.000361,41.558114
2011-04-29,37.1675,0.4246,0.1107,0.000439,0.8492,1.2737,0.837,1.2535,109.326991,87.310596,50.394306,78.653236,42.079044
2011-05-02,37.0604,-0.2883,0.1099,0.000436,-0.5766,-0.8648,-0.5887,-0.8851,109.011821,86.807194,49.958473,78.190199,41.706609
2011-05-03,36.7818,-0.7517,0.1097,0.000435,-1.5034,-2.2551,-1.5155,-2.2753,108.192377,85.502131,48.831856,77.005191,40.757641
2011-05-04,36.4246,-0.9711,0.1094,0.000434,-1.9422,-2.9132,-1.9543,-2.9335,107.141739,83.841538,47.409263,75.500274,39.562023
2011-05-05,35.9103,-1.412,0.1092,0.000433,-2.8241,-4.2361,-2.8362,-4.2563,105.62886,81.473795,45.400957,73.358928,37.878131
2011-05-06,36.0746,0.4575,0.1089,0.000432,0.915,1.3725,0.9029,1.3523,106.112129,82.219306,46.024107,74.021281,38.390363
2011-05-09,36.2674,0.5346,0.1082,0.000429,1.0693,1.6039,1.0572,1.5837,106.679453,83.09847,46.762304,74.803801,38.998357
2011-05-10,36.6603,1.0833,0.1079,0.000428,2.1667,3.25,2.1545,3.2298,107.83514,84.898925,48.28207,76.415462,40.257909
2011-05-11,36.0174,-1.7537,0.1077,0.000427,-3.5074,-5.2611,-3.5196,-5.2814,105.944019,81.921155,45.74188,73.725972,38.131742
2011-05-12,36.046,0.0793,0.1075,0.000426,0.1587,0.238,0.1466,0.2178,106.028085,82.051164,45.850768,73.83403,38.214805
2011-05-13,35.6245,-1.1692,0.1072,0.000425,-2.3385,-3.5077,-2.3506,-3.5279,104.788366,80.132419,44.242456,72.098483,36.866615
2011-05-16,35.5031,-0.3409,0.1065,0.000422,-0.6818,-1.0227,-0.6939,-1.0429,104.431152,79.58609,43.79,71.598184,36.482139
2011-05-17,35.6102,0.3018,0.1062,0.000422,0.6036,0.9054,0.5915,0.8852,104.746333,80.066484,44.186485,72.021678,36.805084
2011-05-18,35.9174,0.8626,0.106,0.000421,1.7251,2.5877,1.713,2.5675,105.649832,81.447726,45.329889,73.255403,37.750045
2011-05-19,35.996,0.2188,0.1057,0.00042,0.4376,0.6564,0.4254,0.6362,105.880981,81.804121,45.627417,73.567068,37.990195
2011-05-20,35.6174,-1.0517,0.1055,0.000419,-2.1035,-3.1552,-2.1156,-3.1754,104.767394,80.083397,44.18778,72.010688,36.783852
2011-05-23,35.003,-1.7249,0.1047,0.000416,-3.4497,-5.1746,-3.4619,-5.1948,102.960295,77.320731,41.901237,69.51778,34.873005
2011-05-24,35.1173,0.3265,0.1045,0.000415,0.653,0.9795,0.6409,0.9593,103.29647,77.82565,42.311672,69.963318,35.207553
2011-05-25,35.3174,0.5696,0.1042,0.000414,1.1391,1.7087,1.127,1.6885,103.884811,78.712186,43.034649,70.751812,35.802034
2011-05-26,35.5745,0.7282,0.104,0.000413,1.4563,2.1845,1.4442,2.1643,104.641273,79.858508,43.97475,71.773629,36.576908
2011-05-27,35.8103,0.6627,0.1038,0.000412,1.3253,1.988,1.3132,1.9678,105.334696,80.9169,44.848969,72.716172,37.296673
2011-05-31,36.3246,1.4363,0.1028,0.000408,2.8725,4.3088,2.8604,4.2886,106.847574,83.241252,46.78141,74.796148,38.896176
2011-06-01,35.5602,-2.1042,0.1025,0.000407,-4.2085,-6.3127,-4.2206,-6.3329,104.599251,79.73807,43.828238,71.639314,36.432927
2011-06-02,35.6031,0.1205,0.1023,0.000406,0.2411,0.3616,0.229,0.3414,104.725328,79.930291,43.986721,71.803336,36.557317
2011-06-03,35.4888,-0.321,0.102,0.000405,-0.642,-0.9631,-0.6541,-0.9832,104.389141,79.417111,43.563106,71.333637,36.197876
2011-06-06,35.003,-1.3688,0.1013,0.000402,-2.7375,-4.1063,-2.7496,-4.1265,102.960295,77.243038,41.774271,69.372215,34.704179
2011-06-07,35.1602,0.449,0.101,0.000401,0.8979,1.3469,0.8858,1.3268,103.422559,77.936638,42.336936,69.98674,35.164617
2011-06-08,34.9459,-0.6095,0.1008,0.0004,-1.219,-1.8285,-1.2311,-1.8486,102.792207,76.986604,41.562817,69.125142,34.514551
2011-06-09,35.2316,0.8177,0.1005,0.000399,1.6353,2.453,1.6232,2.4328,103.632691,78.24557,42.582335,70.247181,35.354219
2011-06-10,34.5244,-2.0073,0.1003,0.000398,-4.0146,-6.0219,-4.0267,-6.0421,101.552454,75.104298,40.018049,67.418511,33.218078
2011-06-13,34.5959,0.2069,0.0996,0.000395,0.4138,0.6207,0.4017,0.6005,101.762564,75.415076,40.266438,67.689327,33.417565
2011-06-14,35.1245,1.528,0.0993,0.000394,3.0559,4.5839,3.0438,4.5638,103.317464,77.719714,42.112214,69.74968,34.942661
2011-06-15,34.2458,-2.5015,0.0991,0.000393,-5.003,-7.5045,-5.0151,-7.5247,100.732977,73.831394,38.951901,66.251662,32.313346
2011-06-16,34.1244,-0.3547,0.0988,0.000392,-0.7093,-1.064,-0.7214,-1.0841,100.375717,73.307694,38.537461,65.773711,31.963028
2011-06-17,34.3387,0.6281,0.0986,0.000391,1.2562,1.8842,1.2441,1.8641,101.006158,74.228558,39.2636,66.591979,32.558849
2011-06-20,34.3673,0.0832,0.0978,0.000388,0.1664,0.2496,0.1543,0.2295,101.090202,74.352084,39.36161,66.694743,32.633564
2011-06-21,34.9888,1.8084,0.0976,0.000387,3.6167,5.4251,3.6046,5.405,102.918284,77.041201,41.497018,69.098849,34.397396
2011-06-22,34.753,-0.6738,0.0973,0.000386,-1.3475,-2.0213,-1.3596,-2.0414,102.224872,76.003071,40.658259,68.159386,33.695212
2011-06-23,34.5673,-0.5344,0.0971,0.000385,-1.0688,-1.6032,-1.0809,-1.6234,101.678576,75.190741,40.006418,67.422648,33.148219
2011-06-24,34.2173,-1.0127,0.0968,0.000384,-2.0253,-3.038,-2.0374,-3.0581,100.64891,73.667876,38.791022,66.048962,32.134502
2011-06-27,34.4959,0.8142,0.0961,0.000381,1.6284,2.4427,1.6163,2.4225,101.468411,74.867509,39.738551,67.116541,32.912967
2011-06-28,34.9673,1.3667,0.0959,0.00038,2.7335,4.1002,2.7214,4.0801,102.855223,76.914002,41.367923,68.943051,34.255851
2011-06-29,35.4174,1.287,0.0956,0.000379,2.574,3.8609,2.5619,3.8408,104.178953,78.893743,42.965118,70.70929,35.571558
2011-06-30,35.8388,1.19,0.0954,0.000378,2.38,3.57,2.3679,3.5499,105.418695,80.771433,44.498988,72.383642,36.834318
2011-07-01,36.246,1.1362,0.0951,0.000377,2.2723,3.4085,2.2602,3.3884,106.616426,82.606827,46.015735,74.019692,38.082403
2011-07-05,36.1674,-0.2168,0.0941,0.000374,-0.4336,-0.6503,-0.4456,-0.6705,106.3853,82.248672,45.716472,73.689826,37.827076
2011-07-06,36.0674,-0.2765,0.0939,0.000373,-0.5531,-0.8296,-0.5652,-0.8497,106.091101,81.793771,45.337199,73.273361,37.505647
2011-07-07,36.4103,0.9507,0.0936,0.000372,1.9014,2.8522,1.8894,2.832,107.099728,83.349027,46.630285,74.657757,38.567824
2011-07-08,36.0531,-0.981,0.0934,0.000371,-1.962,-2.9429,-1.974,-2.963,106.049102,81.713753,45.257984,73.183986,37.425042
2011-07-11,35.2102,-2.338,0.0927,0.000368,-4.6761,-7.0141,-4.6881,-7.0342,103.569641,77.892767,42.083547,69.753021,34.792492
2011-07-12,34.9459,-0.7506,0.0924,0.000367,-1.5013,-2.2519,-1.5133,-2.272,102.792207,76.723381,41.135861,68.697414,34.002002
2011-07-13,35.2959,1.0016,0.0922,0.000366,2.0033,3.0049,1.9912,2.9848,103.821806,78.260351,42.37195,70.06531,35.016892
2011-07-14,35.0316,-0.7488,0.0919,0.000365,-1.4977,-2.2465,-1.5097,-2.2666,103.044361,77.088283,41.420073,69.007517,34.223209
2011-07-15,35.2459,0.6117,0.0917,0.000364,1.2234,1.8351,1.2113,1.815,103.67469,78.031391,42.180181,69.843435,34.844369
2011-07-18,34.803,-1.2565,0.0909,0.000361,-2.5131,-3.7696,-2.5251,-3.7897,102.371977,76.070401,40.590149,68.079786,33.523871
2011-07-19,35.3816,1.6625,0.0907,0.00036,3.325,4.9875,3.313,4.9675,104.073926,78.599764,42.614601,70.335245,35.189155
2011-07-20,35.6031,0.6259,0.0904,0.000359,1.2518,1.8777,1.2397,1.8576,104.725328,79.58368,43.414779,71.207219,35.842838
2011-07-21,36.1817,1.6252,0.0902,0.000358,3.2504,4.8756,3.2383,4.8555,106.42731,82.170448,45.531493,73.51313,37.58318
2011-07-22,36.1889,0.0198,0.0899,0.000357,0.0395,0.0593,0.0275,0.0392,106.448338,82.202918,45.558481,73.533311,37.597911
2011-07-25,35.9103,-0.7698,0.0892,0.000354,-1.5397,-2.3095,-1.5517,-2.3296,105.62886,80.937263,44.506304,72.392271,36.722037
2011-07-26,35.9674,0.1591,0.089,0.000353,0.3182,0.4773,0.3062,0.4573,105.796926,81.19482,44.718745,72.613906,36.889951
2011-07-27,35.1888,-2.1648,0.0887,0.000352,-4.3297,-6.4945,-4.3417,-6.5146,103.506591,77.679344,41.814477,69.4612,34.486722
2011-07-28,35.1316,-0.1624,0.0885,0.000351,-0.3247,-0.4871,-0.3368,-0.5072,103.338526,77.427085,41.610793,69.227254,34.311811
2011-07-29,35.0673,-0.183,0.0882,0.00035,-0.3661,-0.5491,-0.3781,-0.5692,103.149377,77.143643,41.382302,68.965483,34.116515
2011-08-01,34.803,-0.7537,0.0875,0.000347,-1.5073,-2.261,-1.5194,-2.2811,102.371977,75.980835,40.446651,67.917634,33.3383
2011-08-02,33.9315,-2.5041,0.0872,0.000346,-5.0083,-7.5124,-5.0203,-7.5325,99.808438,72.175501,37.408127,64.507942,30.827099
2011-08-03,34.0672,0.4,0.087,0.000345,0.8,1.2,0.788,1.18,100.207675,72.752908,37.857028,65.016234,31.190844
2011-08-04,32.0528,-5.9132,0.0867,0.000344,-11.8264,-17.7396,-11.8385,-17.7597,94.282181,64.148839,31.141327,57.319302,25.651446
2011-08-05,32.1885,0.4234,0.0865,0.000343,0.8468,1.2703,0.8348,1.2502,94.681395,64.692082,31.536907,57.797803,25.972146
2011-08-08,29.8169,-7.3679,0.0858,0.00034,-14.7358,-22.1037,-14.7478,-22.1237,87.705365,55.159187,24.566084,49.273872,20.226134
2011-08-09,31.4956,5.6301,0.0855,0.000339,11.2601,16.8902,11.2481,16.8702,92.643242,61.370194,28.715351,54.816249,23.63832
2011-08-10,29.9598,-4.8764,0.0853,0.000338,-9.7527,-14.6291,-9.7648,-14.6491,88.125617,55.384922,24.514553,49.463563,20.175508
2011-08-11,31.4099,4.8403,0.085,0.000337,9.6806,14.5208,9.6685,14.5008,92.391144,60.746493,28.074272,54.245956,23.101119
2011-08-12,31.6956,0.9096,0.0848,0.000336,1.8193,2.7289,1.8072,2.7089,93.231577,61.851649,28.840402,55.226316,23.726905
2011-08-15,32.4028,2.2312,0.084,0.000333,4.4625,6.6937,4.4505,6.6737,95.311802,64.611773,30.770902,57.684136,25.310368
2011-08-16,32.0671,-1.0361,0.0838,0.000332,-2.0722,-3.1084,-2.0843,-3.1284,94.324259,63.272864,29.814433,56.481839,24.518563
2011-08-17,32.2099,0.4455,0.0835,0.000331,0.891,1.3365,0.8789,1.3165,94.744467,63.836616,30.212897,56.978285,24.841338
2011-08-18,30.7741,-4.4577,0.0833,0.000331,-8.9154,-13.3731,-8.9275,-13.3932,90.521029,58.145308,26.172483,51.891568,21.514295
2011-08-19,30.3098,-1.5088,0.083,0.00033,-3.0177,-4.5265,-3.0297,-4.5466,89.155205,56.39066,24.987774,50.319393,20.536133
2011-08-22,30.3312,0.0707,0.0823,0.000327,0.1414,0.2121,0.1294,0.1921,89.218249,56.470411,25.040783,50.384503,20.575587
2011-08-23,31.3813,3.462,0.0821,0.000326,6.9241,10.3861,6.912,10.3661,92.307016,60.380462,27.641545,53.8671,22.708471
2011-08-24,31.5242,0.4553,0.0818,0.000325,0.9107,1.366,0.8986,1.346,92.727325,60.930333,28.019133,54.351174,23.014127
2011-08-25,30.8527,-2.1301,0.0816,0.000324,-4.2602,-6.3903,-4.2722,-6.4103,90.75215,58.334591,26.228634,52.029177,21.538857
2011-08-26,31.3384,1.5744,0.0813,0.000323,3.1488,4.7233,3.1368,4.7032,92.180968,60.171451,27.467479,53.661232,22.551881
2011-08-29,32.1885,2.7125,0.0806,0.00032,5.425,8.1376,5.413,8.1176,94.681395,63.435776,29.702662,56.565922,24.382543
2011-08-30,32.2242,0.111,0.0803,0.000319,0.222,0.3331,0.21,0.3131,94.786511,63.576631,29.80159,56.68472,24.458875
2011-08-31,32.5243,0.931,0.0801,0.000318,1.8621,2.7931,1.85,2.7731,95.669005,64.76047,30.633978,57.733411,25.137144
2011-09-01,32.2957,-0.7028,0.0798,0.000317,-1.4056,-2.1084,-1.4176,-2.1284,94.996632,63.850181,29.988081,56.914955,24.602116
2011-09-02,31.5099,-2.4331,0.0796,0.000316,-4.8662,-7.2993,-4.8782,-7.3193,92.685259,60.74309,27.799151,54.138505,22.801406
2011-09-06,30.9384,-1.8137,0.0786,0.000312,-3.6273,-5.441,-3.6393,-5.4609,91.00427,58.539752,26.286611,52.168229,21.556234
2011-09-07,31.7956,2.7707,0.0784,0.000311,5.5415,8.3122,5.5295,8.2923,93.52577,61.783731,28.471619,55.052862,23.343732
2011-09-08,31.2956,-1.5727,0.0781,0.00031,-3.1454,-4.7181,-3.1574,-4.7381,92.054896,59.840394,27.128305,53.314621,22.237691
2011-09-09,30.3884,-2.8989,0.0779,0.000309,-5.7978,-8.6967,-5.8098,-8.7166,89.386331,56.370986,24.76905,50.217156,20.299312
2011-09-12,30.3526,-0.1175,0.0771,0.000306,-0.2351,-0.3526,-0.2471,-0.3726,89.281276,56.238482,24.681718,50.093084,20.223684
2011-09-13,30.6384,0.9414,0.0769,0.000305,1.8828,2.8242,1.8708,2.8042,90.121765,57.297333,25.378775,51.030214,20.790798
2011-09-14,30.9813,1.1192,0.0766,0.000304,2.2383,3.3575,2.2263,3.3375,91.130364,58.579821,26.230855,52.166296,21.484687
2011-09-15,31.5027,1.6831,0.0764,0.000303,3.3663,5.0494,3.3543,5.0294,92.664208,60.551773,27.555355,53.916087,22.565244
2011-09-16,31.5742,0.2268,0.0761,0.000302,0.4536,0.6805,0.4416,0.6605,92.874391,60.826462,27.74286,54.154199,22.714286
2011-09-19,30.967,-1.9231,0.0754,0.000299,-3.8462,-5.7694,-3.8583,-5.7893,91.088302,58.486927,26.142272,52.064794,21.399281
2011-09-20,30.9598,-0.023,0.0752,0.000298,-0.0461,-0.0691,-0.0581,-0.0891,91.067325,58.459988,26.124211,52.034563,21.380225
2011-09-21,30.0097,-3.0688,0.0749,0.000297,-6.1376,-9.2063,-6.1496,-9.2263,88.272672,54.871974,23.719129,48.834667,19.407623
2011-09-22,28.7596,-4.1656,0.0747,0.000296,-8.3313,-12.4969,-8.3433,-12.5169,84.595547,50.300433,20.754966,44.76025,16.978392
2011-09-23,29.024,0.919,0.0744,0.000295,1.8381,2.7571,1.8261,2.7371,85.373003,51.224982,21.327197,45.577595,17.443112
2011-09-26,29.6383,2.1166,0.0737,0.000292,4.2333,6.3499,4.2213,6.33,87.180046,53.393484,22.68146,47.501558,18.547258
2011-09-27,30.2098,1.9282,0.0734,0.000291,3.8564,5.7846,3.8444,5.7646,88.86104,55.452536,23.993483,49.327697,19.616436
2011-09-28,29.5526,-2.1755,0.0732,0.00029,-4.351,-6.5265,-4.363,-6.5464,86.927869,53.039798,22.427549,47.175532,18.332258
2011-09-29,29.9669,1.402,0.0729,0.000289,2.804,4.206,2.792,4.1861,88.146611,54.52705,23.370862,48.49269,19.099665
2011-09-30,29.0382,-3.0989,0.0727,0.000288,-6.1978,-9.2967,-6.2098,-9.3166,85.415036,51.147572,21.198143,45.481393,17.320217
2011-10-03,28.3096,-2.5093,0.0719,0.000285,-5.0185,-7.5278,-5.0305,-7.5477,83.27175,48.58072,19.602393,43.193445,16.012936
2011-10-04,28.8668,1.9682,0.0717,0.000285,3.9364,5.9046,3.9244,5.8847,84.910705,50.493053,20.759837,44.888534,16.955244
2011-10-05,29.4026,1.856,0.0715,0.000284,3.712,5.568,3.7,5.5481,86.486645,52.367351,21.915742,46.549411,17.895931
2011-10-06,30.1169,2.4295,0.0712,0.000283,4.8591,7.2886,4.8471,7.2687,88.587864,54.911912,23.513091,48.805694,19.196725
2011-10-07,29.8598,-0.8538,0.071,0.000282,-1.7077,-2.5615,-1.7197,-2.5815,87.831458,53.974184,22.910793,47.96639,18.701167
2011-10-10,30.967,3.7081,0.0702,0.000279,7.4161,11.1242,7.4041,11.1043,91.088302,57.976975,25.459431,51.517887,20.777793
2011-10-11,30.8455,-0.3921,0.07,0.000278,-0.7843,-1.1764,-0.7963,-1.1964,90.731105,57.522268,25.159918,51.107665,20.529218
2011-10-12,31.4527,1.9685,0.0697,0.000277,3.937,5.9055,3.925,5.8856,92.517137,59.786908,26.645729,53.113639,21.737475
2011-10-13,31.2813,-0.545,0.0695,0.000276,-1.09,-1.635,-1.102,-1.6549,92.012914,59.135224,26.210067,52.52833,21.377734
2011-10-14,31.8099,1.6898,0.0692,0.000275,3.3797,5.0695,3.3677,5.0496,93.56778,61.1338,27.538788,54.297321,22.457223
2011-10-17,31.0384,-2.4253,0.0685,0.000272,-4.8507,-7.276,-4.8627,-7.296,91.298434,58.168383,25.535052,51.657017,20.818753
2011-10-18,31.6456,1.9563,0.0682,0.000271,3.9126,5.8688,3.9006,5.8489,93.084489,60.444258,27.033665,53.671944,22.036429
2011-10-19,31.1741,-1.4899,0.068,0.00027,-2.9797,-4.4696,-2.9917,-4.4895,91.697659,58.643187,25.825373,52.066241,21.047106
2011-10-20,31.1313,-0.1375,0.0678,0.000269,-0.2749,-0.4124,-0.2869,-0.4323,91.571599,58.481949,25.718863,51.916851,20.956115
2011-10-21,31.8742,2.3864,0.0675,0.000268,4.7728,7.1593,4.7609,7.1394,93.756885,61.273202,27.560146,54.388546,22.452249
2011-10-24,32.36,1.524,0.0668,0.000265,3.048,4.572,3.036,4.5521,95.185736,63.140805,28.820193,56.039794,23.474296
2011-10-25,31.7813,-1.788,0.0665,0.000264,-3.5761,-5.3641,-3.5881,-5.384,93.48377,60.88283,27.274237,54.029049,22.210432
2011-10-26,32.2314,1.416,0.0663,0.000263,2.832,4.2479,2.82,4.2281,94.807483,62.607009,28.432831,55.552665,23.149501
2011-10-27,33.6529,4.4105,0.066,0.000262,8.8209,13.2314,8.8089,13.2115,98.988927,68.12952,32.194885,60.44627,26.207893
2011-10-28,33.5458,-0.3184,0.0658,0.000261,-0.6367,-0.9551,-0.6487,-0.975,98.673779,67.695717,31.887392,60.054155,25.95237
2011-10-31,32.31,-3.684,0.065,0.000258,-7.368,-11.052,-7.38,-11.0719,95.038643,62.707904,28.363202,55.622186,23.078958
2011-11-01,31.3813,-2.8742,0.0648,0.000257,-5.7485,-8.6227,-5.7604,-8.6426,92.307016,59.103169,25.917534,52.418116,21.084346
2011-11-02,31.9385,1.7756,0.0645,0.000256,3.5511,5.3267,3.5392,5.3068,93.945983,61.201994,27.298078,54.273276,22.20325
2011-11-03,32.5885,2.0354,0.0643,0.000255,4.0707,6.1061,4.0588,6.0862,95.858121,63.693354,28.964919,56.476095,23.554584
2011-11-04,32.3171,-0.8329,0.0641,0.000254,-1.6659,-2.4988,-1.6778,-2.5187,95.059682,62.632301,28.24114,55.528519,22.961318
2011-11-07,32.4671,0.4642,0.0633,0.000251,0.9284,1.3926,0.9164,1.3727,95.50094,63.213768,28.634418,56.037395,23.276509
2011-11-08,32.8671,1.2321,0.0631,0.00025,2.4642,3.6962,2.4522,3.6764,96.677587,64.771455,29.692814,57.411545,24.13224
2011-11-09,31.3527,-4.6077,0.0628,0.000249,-9.2153,-13.823,-9.2273,-13.8429,92.223006,58.80255,25.588377,52.114016,20.791647
2011-11-10,31.6813,1.0481,0.0626,0.000248,2.0961,3.1442,2.0842,3.1243,93.189555,60.035117,26.392918,53.200154,21.441242
2011-11-11,32.3814,2.2097,0.0623,0.000247,4.4195,6.6292,4.4075,6.6094,95.248808,62.688365,28.142568,55.544972,22.858375
2011-11-14,31.8956,-1.5002,0.0616,0.000244,-3.0004,-4.5006,-3.0123,-4.5204,93.819889,60.807469,26.875987,53.871767,21.825076
2011-11-15,31.9099,0.0448,0.0613,0.000243,0.0897,0.1345,0.0777,0.1147,93.861967,60.862013,26.912149,53.913652,21.850108
2011-11-16,31.4242,-1.5223,0.0611,0.000242,-3.0445,-4.5668,-3.0565,-4.5866,92.433144,59.009056,25.68313,52.265798,20.847924
2011-11-17,30.9098,-1.6368,0.0608,0.000241,-3.2736,-4.9103,-3.2855,-4.9302,90.92022,57.077364,24.422004,50.548605,19.820085
2011-11-18,30.9384,0.0924,0.0606,0.00024,0.1849,0.2773,0.1729,0.2575,91.00427,57.182892,24.489733,50.636024,19.871119
2011-11-21,30.2312,-2.2858,0.0599,0.000238,-4.5716,-6.8574,-4.5835,-6.8772,88.924095,54.56872,22.810375,48.315101,18.504535
2011-11-22,30.1883,-0.1418,0.0596,0.000237,-0.2836,-0.4254,-0.2955,-0.4452,88.798007,54.413971,22.713344,48.172316,18.422149
2011-11-23,29.3954,-2.6266,0.0594,0.000236,-5.2532,-7.8799,-5.2652,-7.8997,86.465623,51.555477,20.923566,45.635957,16.966857
2011-11-25,29.3026,-0.3159,0.0589,0.000234,-0.6318,-0.9477,-0.6437,-0.9675,86.19248,51.229752,20.725275,45.342183,16.802698
2011-11-28,30.4026,3.7542,0.0581,0.000231,7.5084,11.2627,7.4965,11.2428,89.428336,55.076308,23.059493,48.741261,18.691798
2011-11-29,30.5098,0.3525,0.0579,0.00023,0.7049,1.0574,0.693,1.0376,89.74354,55.464557,23.303323,49.079035,18.885738
2011-11-30,31.9099,4.5891,0.0576,0.000229,9.1782,13.7673,9.1663,13.7475,93.861967,60.555214,26.511567,53.577758,21.482055
2011-12-01,31.7671,-0.4477,0.0574,0.000228,-0.8954,-1.3431,-0.9073,-1.3629,93.441748,60.013004,26.15549,53.091629,21.189273
2011-12-02,31.7528,-0.045,0.0572,0.000227,-0.0901,-0.1351,-0.102,-0.1549,93.399659,59.95894,26.120147,53.037466,21.15644
2011-12-05,32.1314,1.1924,0.0564,0.000224,2.3848,3.5772,2.3729,3.5574,94.513352,61.388835,27.054513,54.29597,21.909054
2011-12-06,32.0528,-0.2446,0.0562,0.000223,-0.4892,-0.7338,-0.5011,-0.7536,94.282181,61.088532,26.855994,54.023887,21.743951
2011-12-07,32.1599,0.3343,0.0559,0.000222,0.6687,1.003,0.6567,0.9832,94.597396,61.497008,27.125358,54.378681,21.957734
2011-12-08,31.2884,-2.7099,0.0557,0.000221,-5.4198,-8.1297,-5.4317,-8.1495,92.033908,58.164002,24.920154,51.424987,20.168291
2011-12-09,31.8742,1.8721,0.0554,0.00022,3.7442,5.6163,3.7323,5.5965,93.756885,60.341791,26.319752,53.344319,21.297016
2011-12-12,31.1313,-2.3308,0.0547,0.000217,-4.6616,-6.9924,-4.6735,-7.0122,91.571599,57.528899,24.47937,50.85126,19.803627
2011-12-13,30.8027,-1.0555,0.0544,0.000216,-2.111,-3.1666,-2.123,-3.1864,90.605045,56.314443,23.704218,49.771709,19.172614
2011-12-14,30.4241,-1.2292,0.0542,0.000215,-2.4583,-3.6875,-2.4702,-3.7073,89.491369,54.93006,22.830133,48.542233,18.461835
2011-12-15,30.5384,0.3757,0.0539,0.000214,0.7514,1.1271,0.7395,1.1073,89.827578,55.342792,23.087444,48.901182,18.666258
2011-12-16,30.5884,0.1638,0.0537,0.000213,0.3275,0.4913,0.3156,0.4715,89.974688,55.524061,23.200875,49.055524,18.754273
2011-12-19,30.2169,-1.2144,0.053,0.00021,-2.4288,-3.6432,-2.4407,-3.663,88.882029,54.175485,22.355615,47.85821,18.067302
2011-12-20,31.1884,3.2152,0.0527,0.000209,6.4303,9.6455,6.4184,9.6257,91.739721,57.659133,24.511916,50.929936,19.806401
2011-12-21,31.1138,-0.2392,0.0525,0.000208,-0.4784,-0.7176,-0.4903,-0.7374,91.520264,57.383272,24.336006,50.680202,19.660343
2011-12-22,31.4722,1.1519,0.0522,0.000207,2.3038,3.4557,2.2919,3.4359,92.574487,58.705269,25.176986,51.841736,20.335857
2011-12-23,31.6624,0.6042,0.052,0.000206,1.2084,1.8126,1.1965,1.7928,93.13381,59.414649,25.633335,52.462003,20.700435
2011-12-27,31.6185,-0.1386,0.051,0.000202,-0.2772,-0.4158,-0.2891,-0.4356,93.004726,59.249951,25.526751,52.31033,20.61027
2011-12-28,31.1431,-1.5036,0.0507,0.000201,-3.0072,-4.5109,-3.0191,-4.5306,91.606288,57.468162,24.375275,50.731004,19.676495
2011-12-29,31.5088,1.1743,0.0505,0.0002,2.3486,3.5229,2.3367,3.5032,92.682033,58.817874,25.234001,51.916444,20.365797
2011-12-30,31.5819,0.2321,0.0502,0.000199,0.4642,0.6963,0.4523,0.6766,92.897158,59.09092,25.409713,52.151271,20.503586
2012-01-03,32.1744,1.8759,0.0503,0.0002,3.7518,5.6277,3.7399,5.608,94.639822,61.307901,26.839701,54.10168,21.653418
2012-01-04,32.1744,0.0,0.0504,0.0002,0.0,0.0,-0.0119,-0.0198,94.639822,61.307901,26.839701,54.095238,21.649138
2012-01-05,32.0061,-0.5229,0.0505,0.000201,-1.0457,-1.5686,-1.0576,-1.5884,94.144984,60.666787,26.418696,53.523108,21.305272
2012-01-06,31.7648,-0.7542,0.0507,0.000201,-1.5083,-2.2625,-1.5202,-2.2822,93.434982,59.75174,25.820979,52.709437,20.819034
2012-01-09,31.8745,0.3454,0.051,0.000202,0.6909,1.0363,0.6789,1.0165,93.757732,60.164537,26.088557,53.067306,21.030662
2012-01-10,32.3645,1.5374,0.0511,0.000203,3.0748,4.6122,3.0629,4.5924,95.199168,62.014482,27.291817,54.692704,21.996483
2012-01-11,32.3206,-0.1356,0.0512,0.000203,-0.2712,-0.4069,-0.2831,-0.4266,95.070061,61.846277,27.18078,54.537845,21.902641
2012-01-12,32.423,0.3168,0.0513,0.000204,0.6337,0.9505,0.6218,0.9308,95.371284,62.238188,27.439141,54.876948,22.106501
2012-01-13,32.1378,-0.8798,0.0514,0.000204,-1.7596,-2.6394,-1.7715,-2.6592,94.532203,61.143039,26.714909,53.904793,21.518648
2012-01-17,32.4084,0.8421,0.0519,0.000206,1.6842,2.5263,1.6723,2.5065,95.328252,62.172802,27.389802,54.806228,22.058013
2012-01-18,32.8399,1.3315,0.052,0.000206,2.6631,3.9946,2.6511,3.9748,96.597572,63.828495,28.483908,56.259217,22.934775
2012-01-19,33.1325,0.8909,0.0521,0.000207,1.7817,2.6726,1.7698,2.6528,97.458118,64.965736,29.245161,57.254893,23.543187
2012-01-20,33.2056,0.2208,0.0522,0.000207,0.4416,0.6623,0.4297,0.6426,97.673288,65.252601,29.438865,57.500889,23.694468
2012-01-23,33.2422,0.1101,0.0525,0.000208,0.2202,0.3303,0.2083,0.3106,97.780839,65.396305,29.536113,57.62067,23.768053
2012-01-24,33.1179,-0.3741,0.0526,0.000209,-0.7481,-1.1222,-0.76,-1.1419,97.415086,64.90707,29.20467,57.182739,23.496635
2012-01-25,33.5201,1.2147,0.0527,0.000209,2.4293,3.644,2.4174,3.6242,98.598353,66.483877,30.268887,58.565084,24.348203
2012-01-26,33.3958,-0.3709,0.0528,0.00021,-0.7419,-1.1128,-0.7538,-1.1326,98.232611,65.990645,29.932048,58.123621,24.072433
2012-01-27,33.4397,0.1314,0.053,0.00021,0.2629,0.3943,0.2509,0.3745,98.361718,66.164107,30.050066,58.269478,24.162585
2012-01-30,33.2349,-0.6124,0.0533,0.000211,-1.2248,-1.8373,-1.2368,-1.8571,97.759329,65.3537,29.497967,57.548823,23.713872
2012-01-31,33.308,0.22,0.0534,0.000212,0.4401,0.6601,0.4282,0.6403,97.974443,65.641314,29.692693,57.79523,23.865723
2012-02-01,33.7688,1.3834,0.0535,0.000212,2.7668,4.1502,2.7549,4.1305,99.329837,67.4575,30.925013,59.387439,24.851487
2012-02-02,33.9005,0.3899,0.0536,0.000213,0.7797,1.1696,0.7678,1.1498,99.717079,67.983471,31.2867,59.843409,25.137222
2012-02-03,34.3759,1.4023,0.0537,0.000213,2.8047,4.207,2.7928,4.1873,101.11546,69.890202,32.602947,61.514703,26.189782
2012-02-06,34.2881,-0.2553,0.054,0.000214,-0.5106,-0.7659,-0.5225,-0.7857,100.857314,69.533346,32.353243,61.193279,25.984012
2012-02-07,34.4051,0.3413,0.0542,0.000215,0.6827,1.024,0.6707,1.0042,101.201569,70.008019,32.684535,61.603723,26.244941
2012-02-08,34.5368,0.3826,0.0543,0.000215,0.7652,1.1478,0.7533,1.128,101.588765,70.543719,33.059687,62.06777,26.540984
2012-02-09,34.5807,0.1271,0.0544,0.000216,0.2542,0.3813,0.2423,0.3615,101.717883,70.723039,33.185742,62.218144,26.636929
2012-02-10,34.1199,-1.3326,0.0545,0.000216,-2.6651,-3.9977,-2.677,-4.0175,100.362432,68.838187,31.859083,60.552539,25.566798
2012-02-13,34.4198,0.879,0.0548,0.000217,1.7579,2.6369,1.746,2.6171,101.244589,70.048323,32.69918,61.609798,26.23591
2012-02-14,34.2808,-0.4038,0.0549,0.000218,-0.8075,-1.2113,-0.8195,-1.2311,100.835793,69.482653,32.303091,61.104927,25.912916
2012-02-15,34.215,-0.192,0.055,0.000218,-0.384,-0.576,-0.3959,-0.5958,100.642189,69.215841,32.117026,60.862998,25.758527
2012-02-16,34.6831,1.3681,0.0551,0.000219,2.7361,4.1042,2.7242,4.0844,102.019049,71.10969,33.43518,62.521043,26.810614
2012-02-17,34.7781,0.2741,0.0552,0.000219,0.5482,0.8224,0.5363,0.8026,102.298705,71.499544,33.710139,62.856354,27.025785
2012-02-21,34.7928,0.0421,0.0557,0.000221,0.0842,0.1264,0.0723,0.1066,102.341793,71.559774,33.752735,62.901806,27.054582
2012-02-22,34.6904,-0.2943,0.0558,0.000221,-0.5886,-0.8829,-0.6005,-0.9027,102.040615,71.138594,33.454746,62.524081,26.810369
2012-02-23,34.8147,0.3584,0.0559,0.000222,0.7168,1.0752,0.7048,1.0553,102.406313,71.648492,33.814436,62.964776,27.093311
2012-02-24,35.0122,0.5673,0.056,0.000222,1.1345,1.7018,1.1226,1.6819,102.987214,72.461346,34.389874,63.671602,27.549005
2012-02-27,34.9244,-0.2507,0.0563,0.000224,-0.5014,-0.7521,-0.5133,-0.7719,102.729023,72.098022,34.131226,63.344754,27.336349
2012-02-28,35.1219,0.5655,0.0564,0.000224,1.1309,1.6964,1.119,1.6766,103.309924,72.913407,34.710231,64.053587,27.794669
2012-02-29,34.8952,-0.6456,0.0566,0.000224,-1.2912,-1.9368,-1.3031,-1.9566,102.64296,71.971955,34.037967,63.218891,27.250838
2012-03-01,35.2316,0.9642,0.0567,0.000225,1.9284,2.8926,1.9165,2.8728,103.632657,73.359882,35.022563,64.430478,28.033707
2012-03-02,34.9756,-0.7266,0.0568,0.000225,-1.4532,-2.1799,-1.4652,-2.1997,102.87964,72.293785,34.259119,63.486459,27.417056
2012-03-05,34.7562,-0.6274,0.0571,0.000227,-1.2548,-1.8822,-1.2667,-1.902,102.234174,71.386644,33.614295,62.682257,26.895579
2012-03-06,33.9005,-2.4621,0.0572,0.000227,-4.9242,-7.3863,-4.9361,-7.4061,99.717079,67.871439,31.131454,59.588192,24.90367
2012-03-07,34.2735,1.1003,0.0573,0.000227,2.2006,3.301,2.1887,3.2811,100.814283,69.365041,32.159088,60.892399,25.720792
2012-03-08,34.844,1.6645,0.0574,0.000228,3.3291,4.9936,3.3171,4.9738,102.492376,71.674259,33.764991,62.912288,27.000092
2012-03-09,34.8147,-0.084,0.0575,0.000228,-0.1679,-0.2519,-0.1799,-0.2717,102.406313,71.553888,33.679933,62.799124,26.926724
2012-03-12,34.7562,-0.1681,0.0579,0.00023,-0.3362,-0.5043,-0.3481,-0.5241,102.234174,71.313333,33.510091,62.580505,26.7856
2012-03-13,35.3706,1.7677,0.058,0.00023,3.5354,5.3031,3.5235,5.2833,104.041375,73.834554,35.287172,64.785515,28.200762
2012-03-14,35.2389,-0.3722,0.0581,0.000231,-0.7444,-1.1166,-0.7564,-1.1365,103.654122,73.284915,34.893145,64.295505,27.880273
2012-03-15,35.451,0.6019,0.0582,0.000231,1.2038,1.8057,1.1919,1.7859,104.278033,74.167142,35.523226,65.06184,28.378192
2012-03-16,35.5681,0.3301,0.0583,0.000231,0.6603,0.9904,0.6483,0.9706,104.622287,74.656839,35.875046,65.483652,28.653621
2012-03-19,35.6705,0.2878,0.0586,0.000233,0.5757,0.8635,0.5638,0.8437,104.923442,75.086639,36.184845,65.852823,28.895377
2012-03-20,35.3925,-0.7792,0.0587,0.000233,-1.5583,-2.3375,-1.5703,-2.3574,104.105906,73.916527,35.339016,64.818744,28.214211
2012-03-21,35.3267,-0.1859,0.0589,0.000234,-0.3719,-0.5578,-0.3838,-0.5776,103.912335,73.641652,35.141892,64.569962,28.051234
2012-03-22,34.9098,-1.1802,0.059,0.000234,-2.3603,-3.5405,-2.3723,-3.5603,102.686003,71.903472,33.8977,63.038193,27.052522
2012-03-23,35.1804,0.7752,0.0591,0.000234,1.5504,2.3256,1.5385,2.3058,103.482029,73.01827,34.686029,64.008015,27.676293
2012-03-26,35.6997,1.4761,0.0594,0.000236,2.9522,4.4282,2.9402,4.4084,105.009506,75.173885,36.222009,65.88999,28.896375
2012-03-27,35.4876,-0.5941,0.0595,0.000236,-1.1883,-1.7824,-1.2002,-1.8023,104.385595,74.280599,35.576373,65.099155,28.375582
2012-03-28,35.2243,-0.742,0.0596,0.000237,-1.4839,-2.2259,-1.4959,-2.2457,103.611091,73.178327,34.78448,64.125354,27.738342
2012-03-29,35.1658,-0.1661,0.0597,0.000237,-0.3322,-0.4983,-0.3442,-0.5182,103.438986,72.935219,34.611143,63.904662,27.594614
2012-03-30,35.3048,0.3952,0.0598,0.000237,0.7903,1.1855,0.7784,1.1657,103.847748,73.511659,35.021464,64.402097,27.916278
2012-04-02,35.6705,1.0358,0.0602,0.000239,2.0717,3.1075,2.0597,3.0877,104.923442,75.034581,36.10976,65.728606,28.77824
2012-04-03,35.334,-0.9431,0.0603,0.000239,-1.8863,-2.8294,-1.8982,-2.8493,103.933868,73.61922,35.088064,64.48093,27.958273
2012-04-04,34.7928,-1.5318,0.0604,0.00024,-3.0636,-4.5954,-3.0756,-4.6153,102.341793,71.363799,33.475611,62.49777,26.667918
2012-04-05,34.7196,-0.2102,0.0605,0.00024,-0.4204,-0.6306,-0.4324,-0.6505,102.126668,71.063782,33.264511,62.227559,26.494455
2012-04-09,34.4198,-0.8637,0.0609,0.000242,-1.7274,-2.5911,-1.7394,-2.611,101.244589,69.836211,32.402584,61.145192,25.802691
2012-04-10,33.7322,-1.9975,0.061,0.000242,-3.9949,-5.9924,-4.0069,-6.0122,99.222264,67.046303,30.460893,58.695178,24.251369
2012-04-11,34.1199,1.1491,0.0611,0.000243,2.2982,3.4473,2.2863,3.4275,100.362432,68.587168,31.510976,60.037104,25.082577
2012-04-12,34.7123,1.7364,0.0613,0.000243,3.4729,5.2093,3.4609,5.1895,102.105169,70.969123,33.152487,62.11495,26.384232
2012-04-13,34.1418,-1.6435,0.0614,0.000244,-3.2871,-4.9306,-3.299,-4.9505,100.42703,68.636312,31.517864,60.06576,25.078088
2012-04-16,34.2588,0.3427,0.0617,0.000245,0.6855,1.0282,0.6735,1.0084,100.77124,69.106808,31.841943,60.470328,25.330971
2012-04-17,34.7855,1.5372,0.0618,0.000245,3.0743,4.6115,3.0624,4.5916,102.32026,71.23138,33.310333,62.322159,26.494079
2012-04-18,34.5734,-0.6097,0.0619,0.000246,-1.2194,-1.8292,-1.2314,-1.849,101.696395,70.362759,32.701035,61.55473,26.0042
2012-04-19,34.4198,-0.4443,0.062,0.000246,-0.8885,-1.3328,-0.9005,-1.3527,101.244589,69.737559,32.265193,61.000436,25.65245
2012-04-20,34.5295,0.3188,0.0621,0.000247,0.6375,0.9563,0.6256,0.9364,101.567311,70.182142,32.573734,61.382028,25.892661
2012-04-23,34.0833,-1.2921,0.0625,0.000248,-2.5843,-3.8764,-2.5962,-3.8963,100.254914,68.368432,31.311034,59.788401,24.883807
2012-04-24,34.2077,0.3649,0.0626,0.000248,0.7297,1.0946,0.7178,1.0747,100.620712,68.867341,31.653766,60.217551,25.151244
2012-04-25,34.6684,1.347,0.0627,0.000249,2.694,4.041,2.682,4.0211,101.976062,70.722612,32.932884,61.832599,26.162601
2012-04-26,34.961,0.8439,0.0628,0.000249,1.6878,2.5317,1.6758,2.5118,102.836631,71.916258,33.766639,62.868808,26.819757
2012-04-27,35.0341,0.2092,0.0629,0.00025,0.4183,0.6275,0.4064,0.6076,103.051722,72.217096,33.978516,63.124283,26.982717
2012-04-30,34.8878,-0.4175,0.0632,0.000251,-0.8351,-1.2526,-0.847,-1.2725,102.621438,71.614022,33.552893,62.589594,26.639364
2012-05-01,35.0634,0.5032,0.0633,0.000251,1.0064,1.5096,0.9944,1.4897,103.137819,72.334733,34.059398,63.212,27.036212
2012-05-02,34.9317,-0.3755,0.0634,0.000252,-0.7511,-1.1266,-0.763,-1.1464,102.750511,71.791462,33.675693,62.729687,26.726257
2012-05-03,34.6392,-0.8375,0.0636,0.000252,-1.675,-2.5125,-1.6869,-2.5323,101.889987,70.588972,32.829603,61.671477,26.049459
2012-05-04,34.0248,-1.7737,0.0637,0.000253,-3.5473,-5.321,-3.5593,-5.3409,100.082798,68.084945,31.082739,59.476409,24.658191
2012-05-07,34.1711,0.43,0.064,0.000254,0.8599,1.2899,0.848,1.27,100.513127,68.670439,31.483681,59.98076,24.971361
2012-05-08,33.8273,-1.006,0.0641,0.000254,-2.012,-3.0181,-2.024,-3.0379,99.501942,67.288758,30.533482,58.766746,24.212745
2012-05-09,33.5055,-0.9513,0.0642,0.000255,-1.9027,-2.854,-1.9147,-2.8739,98.555333,66.008458,29.662043,57.641564,23.516891
2012-05-10,33.5933,0.2619,0.0643,0.000255,0.5239,0.7858,0.5119,0.7659,98.813478,66.35425,29.895125,57.93663,23.69701
2012-05-11,33.4836,-0.3266,0.0644,0.000256,-0.6531,-0.9797,-0.6651,-0.9996,98.490779,65.920858,29.602236,57.551288,23.460135
2012-05-14,32.935,-1.6383,0.0648,0.000257,-3.2765,-4.9148,-3.2885,-4.9347,96.877239,63.760941,28.147346,55.658717,22.302453
2012-05-15,32.6571,-0.8439,0.0649,0.000257,-1.6878,-2.5317,-1.6997,-2.5515,96.059702,62.684798,27.434749,54.712663,21.733396
2012-05-16,32.4011,-0.7839,0.065,0.000258,-1.5677,-2.3516,-1.5797,-2.3715,95.306719,61.702063,26.78959,53.848364,21.21799
2012-05-17,31.9549,-1.3769,0.0651,0.000258,-2.7539,-4.1308,-2.7658,-4.1507,93.994412,60.002874,25.682969,52.359013,20.337301
2012-05-18,31.6843,-0.8469,0.0652,0.000259,-1.6938,-2.5408,-1.7058,-2.5607,93.198352,58.986519,25.030424,51.465867,19.816534
2012-05-21,32.2767,1.8698,0.0655,0.00026,3.7396,5.6094,3.7276,5.5895,94.940977,61.192381,26.434482,53.384328,20.924183
2012-05-22,32.2182,-0.1813,0.0656,0.00026,-0.3626,-0.5438,-0.3745,-0.5637,94.768872,60.970527,26.290724,53.184395,20.806231
2012-05-23,32.1085,-0.3405,0.0657,0.000261,-0.681,-1.0215,-0.693,-1.0414,94.446184,60.555318,26.022165,52.815844,20.589558
2012-05-24,32.0135,-0.2961,0.0658,0.000261,-0.5922,-0.8884,-0.6042,-0.9083,94.166506,60.196679,25.79099,52.496722,20.402551
2012-05-25,31.9476,-0.2056,0.066,0.000262,-0.4113,-0.6169,-0.4232,-0.6368,93.972874,59.949118,25.631891,52.274544,20.272633
2012-05-29,32.3865,1.3736,0.0664,0.000263,2.7473,4.1209,2.7353,4.101,95.263721,61.596086,26.688159,53.704413,21.104018
2012-05-30,31.7502,-1.9648,0.0665,0.000264,-3.9295,-5.8943,-3.9415,-5.9142,93.392018,59.175656,25.115084,51.587659,19.855891
2012-05-31,31.7721,0.0691,0.0666,0.000264,0.1382,0.2073,0.1263,0.1875,93.456565,59.257454,25.167159,51.652793,19.893111
2012-06-01,31.048,-2.2791,0.0667,0.000265,-4.5581,-6.8372,-4.5701,-6.8571,91.326632,56.556426,23.446433,49.292211,18.529024
2012-06-04,31.1284,0.2591,0.067,0.000266,0.5183,0.7774,0.5063,0.7575,91.56329,56.849539,23.628706,49.541775,18.669382
2012-06-05,31.2894,0.5169,0.0672,0.000267,1.0339,1.5508,1.0219,1.5309,92.036618,57.437295,23.995145,50.048046,18.955196
2012-06-06,32.1451,2.735,0.0673,0.000267,5.4699,8.2049,5.4579,8.185,94.553781,60.579067,25.963916,52.77964,20.506674
2012-06-07,32.1451,0.0,0.0674,0.000267,0.0,0.0,-0.012,-0.0199,94.553781,60.579067,25.963916,52.77332,20.502593
2012-06-08,32.189,0.1365,0.0675,0.000268,0.2729,0.4094,0.261,0.3895,94.68282,60.744414,26.070217,52.911043,20.582454
2012-06-11,31.7721,-1.2951,0.0678,0.000269,-2.5902,-3.8854,-2.6022,-3.9053,93.456565,59.17099,25.057296,51.534185,19.778656
2012-06-12,32.2402,1.4733,0.0679,0.00027,2.9466,4.4199,2.9346,4.4,94.833448,60.914506,26.164793,53.046505,20.648907
2012-06-13,31.9769,-0.8168,0.068,0.00027,-1.6335,-2.4503,-1.6455,-2.4702,94.058881,59.919449,25.523679,52.173622,20.138838
2012-06-14,32.2036,0.7091,0.0681,0.00027,1.4182,2.1273,1.4062,2.1074,94.72584,60.76921,26.066634,52.907285,20.563235
2012-06-15,32.6059,1.2491,0.0683,0.000271,2.4983,3.7474,2.4863,3.7275,95.909108,62.287407,27.043467,54.222731,21.329738
2012-06-18,32.6351,0.0897,0.0686,0.000272,0.1795,0.2692,0.1675,0.2493,95.995171,62.399194,27.116269,54.313549,21.382912
2012-06-19,33.1032,1.4343,0.0687,0.000273,2.8686,4.303,2.8567,4.2831,97.372054,64.189208,28.283075,55.865108,22.298755
2012-06-20,33.1545,0.1547,0.0688,0.000273,0.3095,0.4642,0.2975,0.4443,97.522716,64.387845,28.414361,56.031293,22.397823
2012-06-21,32.2914,-2.6032,0.0689,0.000273,-5.2063,-7.8095,-5.2183,-7.8294,94.984042,61.035607,26.195346,53.107411,20.644209
2012-06-22,32.5986,0.9513,0.069,0.000274,1.9025,2.8538,1.8905,2.8339,95.887586,62.19682,26.942903,54.111427,21.229237
2012-06-25,31.9549,-1.9744,0.0693,0.000275,-3.9487,-5.9231,-3.9607,-5.943,93.994412,59.740831,25.347046,51.968226,19.967579
2012-06-26,32.1378,0.5722,0.0695,0.000276,1.1443,1.7165,1.1323,1.6965,94.532203,60.424448,25.782117,52.556673,20.306337
2012-06-27,32.4523,0.9786,0.0696,0.000276,1.9572,2.9359,1.9453,2.9159,95.457313,61.607098,26.539043,53.579035,20.898458
2012-06-28,32.3572,-0.293,0.0697,0.000276,-0.586,-0.879,-0.598,-0.8989,95.177624,61.246081,26.305765,53.258642,20.710598
2012-06-29,33.4031,3.2324,0.0698,0.000277,6.4648,9.6972,6.4528,9.6772,98.254133,65.205501,28.856678,56.69531,22.714813
2012-07-02,33.5274,0.3722,0.0701,0.000278,0.7444,1.1167,0.7325,1.0967,98.619852,65.690915,29.178907,57.110576,22.963934
2012-07-03,33.8858,1.069,0.0702,0.000279,2.1379,3.2069,2.1259,3.187,99.674058,67.095333,30.114639,58.324709,23.695784
2012-07-05,33.564,-0.9497,0.0704,0.00028,-1.8994,-2.8491,-1.9114,-2.869,98.727449,65.820917,29.256638,57.209893,23.015942
2012-07-06,33.1983,-1.0896,0.0705,0.00028,-2.1791,-3.2687,-2.1911,-3.2886,97.651744,64.386587,28.300323,55.956352,22.259032
2012-07-09,33.1105,-0.2644,0.0709,0.000281,-0.5288,-0.7931,-0.5407,-0.8131,97.393575,64.046141,28.075865,55.653773,22.078053
2012-07-10,32.8472,-0.7952,0.071,0.000282,-1.5905,-2.3857,-1.6025,-2.4056,96.619071,63.02751,27.40606,54.761948,21.546938
2012-07-11,32.9131,0.2004,0.0711,0.000282,0.4009,0.6013,0.3889,0.5814,96.812742,63.280185,27.570865,54.974921,21.672215
2012-07-12,32.584,-1.0,0.0712,0.000283,-2.0,-3.0,-2.012,-3.02,95.844599,62.014562,26.743726,53.868815,21.01772
2012-07-13,33.1032,1.5937,0.0713,0.000283,3.1874,4.781,3.1754,4.7611,97.372054,63.991187,28.022353,55.579348,22.018395
2012-07-16,33.0959,-0.0221,0.0716,0.000284,-0.0442,-0.0663,-0.0562,-0.0862,97.350532,63.9629,28.003772,55.548115,21.999406
2012-07-17,33.3007,0.6188,0.0717,0.000285,1.2376,1.8564,1.2256,1.8365,97.952944,64.754513,28.52364,56.228925,22.403422
2012-07-18,33.4762,0.5271,0.0719,0.000285,1.0542,1.5813,1.0422,1.5614,98.469269,65.437175,28.974697,56.814965,22.753232
2012-07-19,33.681,0.6117,0.072,0.000286,1.2235,1.8352,1.2115,1.8153,99.071636,66.237774,29.506439,57.50326,23.166261
2012-07-20,33.1983,-1.4332,0.0721,0.000286,-2.8664,-4.2996,-2.8784,-4.3195,97.651744,64.339138,28.237782,55.848094,22.165588
2012-07-23,32.7302,-1.41,0.0724,0.000287,-2.82,-4.23,-2.832,-4.2499,96.274861,62.524784,27.04333,54.266488,21.223568
2012-07-24,32.3645,-1.1173,0.0725,0.000288,-2.2346,-3.3519,-2.2466,-3.3719,95.199168,61.127586,26.136853,53.047324,20.507934
2012-07-25,32.4742,0.339,0.0726,0.000288,0.678,1.017,0.666,0.997,95.521889,61.542026,26.402661,53.400618,20.712408
2012-07-26,33.1764,2.1621,0.0727,0.000289,4.3243,6.4864,4.3123,6.4665,97.587213,64.203284,28.115254,55.703412,22.051775
2012-07-27,33.8493,2.0282,0.0728,0.000289,4.0564,6.0847,4.0444,6.0647,99.566495,66.807651,29.825971,57.956305,23.389152
2012-07-30,33.7688,-0.2377,0.0732,0.00029,-0.4754,-0.7131,-0.4874,-0.733,99.329837,66.490063,29.613293,57.673841,23.217707
2012-07-31,33.6445,-0.3682,0.0733,0.000291,-0.7364,-1.1046,-0.7484,-1.1245,98.964118,66.000447,29.286196,57.242227,22.956622
2012-08-01,33.5421,-0.3044,0.0734,0.000291,-0.6088,-0.9131,-0.6207,-0.9331,98.662895,65.598669,29.018776,56.886896,22.74242
2012-08-02,33.2056,-1.003,0.0735,0.000292,-2.006,-3.0091,-2.018,-3.029,97.673288,64.282735,28.145584,55.738898,22.053551
2012-08-03,34.0394,2.511,0.0736,0.000292,5.022,7.533,5.01,7.5131,100.125875,67.511028,30.265801,58.531431,23.710453
2012-08-06,34.2077,0.4942,0.0739,0.000293,0.9884,1.4826,0.9764,1.4627,100.620712,68.178328,30.714535,59.10295,24.057264
2012-08-07,34.449,0.7055,0.074,0.000294,1.4111,2.1166,1.3991,2.0967,101.33063,69.140377,31.364644,59.929845,24.561664
2012-08-08,34.4198,-0.0849,0.0742,0.000294,-0.1698,-0.2547,-0.1818,-0.2747,101.244589,69.022961,31.284748,59.820879,24.494196
2012-08-09,34.4929,0.2125,0.0743,0.000295,0.425,0.6374,0.413,0.6175,101.459714,69.316282,31.48417,60.067916,24.645445
2012-08-10,34.5587,0.1909,0.0744,0.000295,0.3817,0.5726,0.3697,0.5526,101.653363,69.580879,31.664444,60.290001,24.781644
2012-08-13,34.4783,-0.2329,0.0747,0.000296,-0.4657,-0.6986,-0.4777,-0.7185,101.41666,69.256837,31.44325,60.00199,24.603583
2012-08-14,34.4929,0.0425,0.0748,0.000297,0.0849,0.1274,0.0729,0.1074,101.459714,69.31564,31.483295,60.045733,24.630007
2012-08-15,34.5148,0.0636,0.0749,0.000297,0.1272,0.1908,0.1152,0.1708,101.524234,69.403798,31.543357,60.114893,24.672079
2012-08-16,34.8586,0.996,0.075,0.000298,1.9921,2.9881,1.98,2.9681,102.535442,70.786357,32.485897,61.305197,25.404375
2012-08-17,34.8878,0.0839,0.0751,0.000298,0.1677,0.2516,0.1557,0.2316,102.621438,70.905094,32.567635,61.400671,25.463224
2012-08-20,34.844,-0.1258,0.0755,0.000299,-0.2515,-0.3773,-0.2635,-0.3973,102.492376,70.726747,32.444759,61.238858,25.362069
2012-08-21,34.8513,0.021,0.0756,0.0003,0.042,0.063,0.03,0.043,102.513887,70.756434,32.465187,61.25721,25.372974
2012-08-22,34.822,-0.0839,0.0757,0.0003,-0.1678,-0.2517,-0.1798,-0.2717,102.427868,70.637691,32.383463,61.147054,25.304037
2012-08-23,34.588,-0.6721,0.0758,0.000301,-1.3443,-2.0164,-1.3563,-2.0364,101.739415,69.688131,31.730482,60.317732,24.788754
2012-08-24,34.6465,0.1692,0.0759,0.000301,0.3383,0.5075,0.3263,0.4875,101.91152,69.923903,31.89151,60.514559,24.909604
2012-08-27,34.6319,-0.0423,0.0762,0.000302,-0.0845,-0.1268,-0.0965,-0.1468,101.868443,69.864792,31.85107,60.456135,24.873042
2012-08-28,34.6392,0.0211,0.0763,0.000303,0.0423,0.0634,0.0303,0.0435,101.889987,69.894343,31.871278,60.474446,24.883856
2012-08-29,34.5807,-0.1689,0.0764,0.000303,-0.3378,-0.5067,-0.3498,-0.5267,101.717883,69.658223,31.709774,60.262885,24.752791
2012-08-30,34.2369,-0.9941,0.0766,0.000304,-1.9883,-2.9824,-2.0003,-3.0024,100.706664,68.273221,30.764055,59.057452,24.009614
2012-08-31,34.4783,0.705,0.0767,0.000304,1.41,2.115,1.398,2.0951,101.41666,69.235893,31.414728,59.883086,24.512632
2012-09-04,34.4417,-0.1061,0.0771,0.000306,-0.2121,-0.3182,-0.2241,-0.3382,101.309098,69.08903,31.314773,59.748868,24.429741
2012-09-05,34.3905,-0.1486,0.0772,0.000306,-0.2973,-0.4459,-0.3093,-0.4659,101.158514,68.883645,31.175136,59.564072,24.315925
2012-09-06,35.1804,2.2969,0.0773,0.000307,4.5938,6.8907,4.5818,6.8707,103.482029,72.048028,33.323325,62.293177,25.986608
2012-09-07,35.5169,0.9563,0.0774,0.000307,1.9127,2.869,1.9007,2.849,104.47167,73.426078,34.27938,63.477164,26.726978
2012-09-10,35.2609,-0.7208,0.0778,0.000309,-1.4416,-2.1624,-1.4536,-2.1824,103.718631,72.367557,33.538115,62.554441,26.143687
2012-09-11,35.4803,0.6223,0.0779,0.000309,1.2447,1.867,1.2327,1.8471,104.364119,73.268309,34.164283,63.325534,26.626575
2012-09-12,35.6266,0.4122,0.078,0.000309,0.8245,1.2367,0.8125,1.2168,104.794358,73.872404,34.586808,63.840042,26.950557
2012-09-13,36.2483,1.7451,0.0781,0.00031,3.4901,5.2352,3.4781,5.2152,106.62308,76.450636,36.397488,66.060461,28.356079
2012-09-14,36.5262,0.7667,0.0782,0.00031,1.5335,2.3002,1.5215,2.2802,107.440605,77.622996,37.234713,67.065552,29.002667
2012-09-17,36.3433,-0.5006,0.0785,0.000312,-1.0012,-1.5018,-1.0132,-1.5218,106.902747,76.84582,36.675512,66.386018,28.561299
2012-09-18,36.2263,-0.322,0.0786,0.000312,-0.644,-0.966,-0.656,-0.986,106.558504,76.35091,36.32121,65.950494,28.279675
2012-09-19,36.2995,0.2019,0.0787,0.000312,0.4038,0.6057,0.3918,0.5857,106.773652,76.659223,36.541213,66.208883,28.445316
2012-09-20,36.1166,-0.5037,0.0789,0.000313,-1.0074,-1.5111,-1.0194,-1.5311,106.235839,75.886967,35.989045,65.533944,28.009797
2012-09-21,36.1166,0.0,0.079,0.000313,0.0,0.0,-0.012,-0.02,106.235839,75.886967,35.989045,65.526067,28.004198
2012-09-24,36.0308,-0.2377,0.0793,0.000315,-0.4755,-0.7132,-0.4875,-0.7332,105.98327,75.526133,35.73236,65.206622,27.798864
2012-09-25,35.7347,-0.8217,0.0794,0.000315,-1.6434,-2.465,-1.6554,-2.485,105.112423,74.284962,34.85154,64.127199,27.10805
2012-09-26,35.4608,-0.7664,0.0795,0.000316,-1.5327,-2.2991,-1.5448,-2.3191,104.30687,73.146363,34.050262,63.136584,26.479383
2012-09-27,35.9049,1.2524,0.0796,0.000316,2.5047,3.7571,2.4927,3.7371,105.613163,74.978468,35.329552,64.710382,27.468936
2012-09-28,35.5497,-0.9895,0.0797,0.000316,-1.979,-2.9685,-1.991,-2.9885,104.568135,73.494665,34.28081,63.422002,26.648039
2012-10-01,35.7273,0.4997,0.0801,0.000318,0.9993,1.499,0.9873,1.479,105.090621,74.229113,34.794672,64.048165,27.042158
2012-10-02,35.8679,0.3936,0.0802,0.000318,0.7873,1.1809,0.7753,1.1609,105.50431,74.813518,35.20558,64.544714,27.356103
2012-10-03,35.8235,-0.1238,0.0803,0.000319,-0.2477,-0.3715,-0.2597,-0.3915,105.373654,74.628222,35.074785,64.37709,27.248999
2012-10-04,36.1418,0.8885,0.0804,0.000319,1.7769,2.6654,1.7649,2.6454,106.309851,75.954297,36.009655,65.51327,27.969833
2012-10-05,36.1566,0.041,0.0805,0.000319,0.0819,0.1229,0.0699,0.1029,106.353388,76.016507,36.053896,65.559051,27.998601
2012-10-08,35.9938,-0.4503,0.0808,0.000321,-0.9007,-1.351,-0.9127,-1.371,105.874428,75.33183,35.566792,64.960679,27.614727
2012-10-09,35.5867,-1.131,0.0809,0.000321,-2.2621,-3.3931,-2.2741,-3.4131,104.676955,73.627777,34.359978,63.483414,26.672208
2012-10-10,35.4016,-0.5199,0.081,0.000322,-1.0399,-1.5598,-1.0519,-1.5798,104.132701,72.862141,33.824027,62.815631,26.250836
2012-10-11,35.5718,0.4808,0.0811,0.000322,0.9616,1.4424,0.9496,1.4224,104.633384,73.562802,34.311918,63.412127,26.624235
2012-10-12,35.4238,-0.4161,0.0813,0.000322,-0.8322,-1.2483,-0.8442,-1.2683,104.198006,72.950614,33.883604,62.876785,26.286558
2012-10-15,35.7421,0.8984,0.0816,0.000324,1.7969,2.6953,1.7849,2.6753,105.134169,74.261458,34.796881,63.999049,26.989809
2012-10-16,36.201,1.2839,0.0817,0.000324,2.5678,3.8517,2.5558,3.8317,106.483987,76.168344,36.137153,65.634717,28.023974
2012-10-17,36.4156,0.5929,0.0818,0.000325,1.1858,1.7787,1.1738,1.7587,107.115337,77.071557,36.779931,66.405125,28.516833
2012-10-18,36.3416,-0.2032,0.0819,0.000325,-0.4065,-0.6097,-0.4185,-0.6297,106.897642,76.758286,36.555683,66.12722,28.337258
2012-10-19,35.7791,-1.5479,0.082,0.000325,-3.0958,-4.6436,-3.1078,-4.6636,105.242999,74.382041,34.858174,64.07213,27.015709
2012-10-22,35.9271,0.4137,0.0823,0.000327,0.8275,1.2412,0.8155,1.2212,105.678434,74.99754,35.290842,64.594606,27.345627
2012-10-23,35.298,-1.7511,0.0825,0.000327,-3.5022,-5.2534,-3.5143,-5.2734,103.827876,72.370945,33.436886,62.324574,25.903587
2012-10-24,35.261,-0.1049,0.0826,0.000328,-0.2097,-0.3146,-0.2217,-0.3346,103.719012,72.219182,33.33171,62.186378,25.816921
2012-10-25,35.483,0.6298,0.0827,0.000328,1.2595,1.8893,1.2475,1.8693,104.372198,73.128803,33.961444,62.96215,26.29951
2012-10-26,35.372,-0.3129,0.0828,0.000329,-0.6258,-0.9386,-0.6378,-0.9587,104.045639,72.671193,33.642668,62.560581,26.047387
2012-10-31,35.335,-0.1047,0.0833,0.000331,-0.2093,-0.314,-0.2213,-0.334,103.936752,72.519089,33.537044,62.422108,25.960392
2012-11-01,35.8605,1.4873,0.0834,0.000331,2.9745,4.4618,2.9625,4.4417,105.482552,74.67617,35.033385,64.271341,27.113482
2012-11-02,35.483,-1.0526,0.0836,0.000332,-2.1053,-3.1579,-2.1173,-3.178,104.372198,73.104023,33.927055,62.910508,26.251827
2012-11-05,35.5348,0.146,0.0839,0.000333,0.292,0.438,0.2799,0.4179,104.524565,73.317465,34.07564,63.086613,26.361539
2012-11-06,35.8309,0.8332,0.084,0.000333,1.6663,2.4995,1.6543,2.4795,105.395434,74.539185,34.927366,64.130258,27.015169
2012-11-07,35.1648,-1.8591,0.0841,0.000334,-3.7183,-5.5774,-3.7303,-5.5975,103.435979,71.7676,32.979313,61.737986,25.503003
2012-11-08,34.8095,-1.0103,0.0842,0.000334,-2.0206,-3.0309,-2.0327,-3.051,102.390951,70.317445,31.97973,60.483058,24.724913
2012-11-09,34.8243,0.0426,0.0843,0.000335,0.0851,0.1277,0.0731,0.1077,102.434544,70.37732,32.020576,60.527277,24.75154
2012-11-12,34.8539,0.085,0.0846,0.000336,0.1699,0.2549,0.1579,0.2349,102.521584,70.496921,32.102201,60.622849,24.809675
2012-11-13,34.6392,-0.6159,0.0848,0.000336,-1.2317,-1.8476,-1.2438,-1.8676,101.890189,69.628589,31.509082,59.868839,24.346322
2012-11-14,34.2322,-1.1752,0.0849,0.000337,-2.3504,-3.5255,-2.3624,-3.5456,100.692795,67.992065,30.398216,58.454494,23.483103
2012-11-15,34.1804,-0.1514,0.085,0.000337,-0.3027,-0.4541,-0.3148,-0.4741,100.540383,67.786235,30.26018,58.270496,23.371762
2012-11-16,34.2914,0.3248,0.0851,0.000338,0.6497,0.9745,0.6376,0.9545,100.866975,68.226625,30.555069,58.642047,23.594839
2012-11-19,35.0168,2.1153,0.0854,0.000339,4.2306,6.3459,4.2185,6.3258,103.0006,71.113001,32.49405,61.115877,25.087405
2012-11-20,34.9723,-0.1268,0.0855,0.000339,-0.2537,-0.3805,-0.2657,-0.4006,102.869956,70.932604,32.370406,60.953479,24.986915
2012-11-21,35.0908,0.3386,0.0856,0.00034,0.6772,1.0158,0.6652,0.9958,103.218273,71.412958,32.699223,61.358912,25.235723
2012-11-23,35.6533,1.6031,0.0858,0.000341,3.2062,4.8093,3.1941,4.7892,104.872949,73.702578,34.271812,63.31879,26.444314
2012-11-26,35.5645,-0.2492,0.0862,0.000342,-0.4983,-0.7475,-0.5104,-0.7675,104.61165,73.335307,34.015639,62.995634,26.241348
2012-11-27,35.3498,-0.6036,0.0863,0.000342,-1.2071,-1.8107,-1.2192,-1.8307,103.980255,72.450061,33.399724,62.22761,25.760939
2012-11-28,35.6533,0.8585,0.0864,0.000343,1.717,2.5756,1.705,2.5555,104.872949,73.69406,34.259956,63.288588,26.419264
2012-11-29,35.8457,0.5397,0.0865,0.000343,1.0794,1.6192,1.0674,1.5991,105.438971,74.489546,34.814682,63.964126,26.841738
2012-11-30,35.8753,0.0826,0.0866,0.000344,0.1652,0.2477,0.1531,0.2277,105.526044,74.612576,34.900934,64.062064,26.902855
2012-12-03,35.7865,-0.2476,0.0869,0.000345,-0.4951,-0.7427,-0.5072,-0.7627,105.264801,74.243151,34.641729,63.737157,26.697655
2012-12-04,35.8309,0.1241,0.087,0.000345,0.2482,0.3723,0.2361,0.3522,105.395434,74.427421,34.770699,63.88767,26.791696
2012-12-05,35.9345,0.2892,0.0872,0.000346,0.5783,0.8675,0.5663,0.8474,105.700191,74.857843,35.072324,64.24944,27.018731
2012-12-06,36.0752,0.3914,0.0873,0.000346,0.7827,1.1741,0.7707,1.154,106.113868,75.443783,35.48411,64.7446,27.33054
2012-12-07,36.1492,0.2052,0.0874,0.000347,0.4103,0.6155,0.3983,0.5955,106.331586,75.753364,35.702522,65.002474,27.493283
2012-12-10,36.164,0.041,0.0877,0.000348,0.0819,0.1229,0.0699,0.1028,106.375134,75.815414,35.746387,65.047881,27.521547
2012-12-11,36.4452,0.7777,0.0878,0.000348,1.5555,2.3332,1.5434,2.3132,107.202466,76.994722,36.58044,66.051859,28.158172
2012-12-12,36.5119,0.1828,0.0879,0.000349,0.3656,0.5484,0.3535,0.5283,107.398426,77.276206,36.781041,66.285375,28.306938
2012-12-13,36.2824,-0.6284,0.088,0.000349,-1.2569,-1.8853,-1.2689,-1.9053,106.723506,76.304958,36.087615,65.444274,27.767593
2012-12-14,36.3046,0.0612,0.0881,0.00035,0.1224,0.1835,0.1103,0.1635,106.7888,76.398325,36.153851,65.516462,27.812987
2012-12-17,36.6081,0.8359,0.0885,0.000351,1.6718,2.5078,1.6598,2.4877,107.681471,77.675586,37.060505,66.603896,28.50489
2012-12-18,36.9707,0.9907,0.0886,0.000352,1.9813,2.972,1.9692,2.9519,108.748222,79.214578,38.161929,67.915493,29.346324
2012-12-19,36.8967,-0.2002,0.0887,0.000352,-0.4004,-0.6006,-0.4125,-0.6207,108.530504,78.897398,37.932725,67.635366,29.164178
2012-12-20,37.1325,0.639,0.0888,0.000352,1.2779,1.9169,1.2659,1.8968,109.223973,79.905646,38.659851,68.491538,29.717368
2012-12-21,36.8181,-0.8466,0.0889,0.000353,-1.6931,-2.5397,-1.7052,-2.5597,108.299333,78.552759,37.678023,67.323643,28.956684
2012-12-24,36.7583,-0.1627,0.0892,0.000354,-0.3253,-0.488,-0.3374,-0.5081,108.123167,78.297201,37.494154,67.096498,28.809563
2012-12-26,36.6984,-0.1629,0.0895,0.000355,-0.3257,-0.4886,-0.3378,-0.5087,107.947079,78.042173,37.310966,66.86986,28.663023
2012-12-27,36.7358,0.102,0.0896,0.000355,0.2039,0.3059,0.1919,0.2858,108.057155,78.201336,37.425107,66.998172,28.744953
2012-12-28,36.5113,-0.6113,0.0897,0.000356,-1.2225,-1.8338,-1.2346,-1.8539,107.396631,77.245289,36.738799,66.171007,28.212052
2012-12-31,36.9903,1.3121,0.09,0.000357,2.6241,3.9362,2.6121,3.9161,108.805739,79.272299,38.184904,67.899432,29.316865
2013-01-02,37.7987,2.1853,0.0898,0.000356,4.3706,6.5559,4.3586,6.5359,111.183484,82.736992,40.688282,70.85887,31.232973
2013-01-03,37.5891,-0.5544,0.0898,0.000356,-1.1088,-1.6632,-1.1209,-1.6833,110.56708,81.819601,40.011552,70.064636,30.707233
2013-01-04,37.7687,0.4779,0.0897,0.000356,0.9557,1.4336,0.9437,1.4135,111.095434,82.601564,40.585147,70.725804,31.14128
2013-01-07,37.5741,-0.5153,0.0894,0.000355,-1.0305,-1.5458,-1.0426,-1.5659,110.522994,81.750324,39.957779,69.988417,30.653644
2013-01-08,37.4319,-0.3785,0.0893,0.000355,-0.7569,-1.1354,-0.769,-1.1555,110.104693,81.131517,39.50409,69.450201,30.299442
2013-01-09,37.5966,0.4399,0.0893,0.000354,0.8798,1.3197,0.8678,1.2996,110.589051,81.845322,40.025433,70.052856,30.693228
2013-01-10,37.9933,1.0551,0.0892,0.000354,2.1102,3.1654,2.0982,3.1453,111.755902,83.572461,41.292386,71.522696,31.658621
2013-01-11,37.9708,-0.0591,0.0891,0.000354,-0.1181,-0.1772,-0.1302,-0.1973,111.68989,83.473732,41.219215,71.429576,31.596166
2013-01-14,37.9933,0.0591,0.0888,0.000353,0.1182,0.1773,0.1061,0.1572,111.755902,83.572402,41.2923,71.505397,31.645848
2013-01-15,37.9558,-0.0985,0.0888,0.000352,-0.1969,-0.2954,-0.209,-0.3155,111.64586,83.40782,41.170322,71.355956,31.546015
2013-01-16,37.881,-0.1972,0.0887,0.000352,-0.3944,-0.5916,-0.4065,-0.6117,111.425696,83.078863,40.926761,71.065927,31.353059
2013-01-17,38.128,0.652,0.0886,0.000352,1.304,1.956,1.292,1.936,112.15221,84.162238,41.727308,71.98408,31.960048
2013-01-18,38.1654,0.0982,0.0885,0.000351,0.1963,0.2945,0.1843,0.2744,112.262308,84.32748,41.850198,72.116732,32.047759
2013-01-22,38.3151,0.3922,0.0882,0.00035,0.7845,1.1767,0.7724,1.1566,112.702635,84.988996,42.342645,72.673765,32.418432
2013-01-23,38.2852,-0.0781,0.0881,0.00035,-0.1562,-0.2343,-0.1683,-0.2544,112.614608,84.856234,42.243429,72.551479,32.335965
2013-01-24,38.36,0.1955,0.088,0.000349,0.3909,0.5864,0.3788,0.5663,112.834715,85.18794,42.491126,72.826339,32.519081
2013-01-25,38.5696,0.5464,0.0879,0.000349,1.0928,1.6392,1.0807,1.6191,113.451231,86.118854,43.187626,73.613389,33.045598
2013-01-28,38.4199,-0.3881,0.0877,0.000348,-0.7763,-1.1644,-0.7884,-1.1845,113.010871,85.450314,42.684728,73.033055,32.65417
2013-01-29,38.6295,0.5455,0.0876,0.000348,1.091,1.6365,1.0789,1.6164,113.627342,86.382572,43.38326,73.821038,33.182002
2013-01-30,38.5771,-0.1356,0.0875,0.000347,-0.2713,-0.4069,-0.2833,-0.427,113.473213,86.148226,43.206719,73.611872,33.040317
2013-01-31,38.4723,-0.2716,0.0875,0.000347,-0.5432,-0.8148,-0.5553,-0.8349,113.165011,85.680256,42.854661,73.203128,32.76447
2013-02-01,38.8316,0.9338,0.0874,0.000347,1.8676,2.8014,1.8556,2.7814,114.221752,87.280431,44.055199,74.561455,33.675767
2013-02-04,38.2852,-1.407,0.0871,0.000346,-2.8141,-4.2211,-2.8261,-4.2412,112.614608,84.824291,42.195578,72.454252,32.24752
2013-02-05,38.5471,0.6842,0.087,0.000345,1.3684,2.0527,1.3564,2.0326,113.385141,85.985062,43.061711,73.437014,32.902985
2013-02-06,38.5846,0.0971,0.087,0.000345,0.1942,0.2913,0.1822,0.2712,113.495239,86.152048,43.187151,73.57078,32.992234
2013-02-07,38.3825,-0.5238,0.0869,0.000345,-1.0475,-1.5713,-1.0596,-1.5913,112.900806,85.249602,42.508571,72.791258,32.467225
2013-02-08,38.6145,0.6045,0.0868,0.000344,1.209,1.8136,1.197,1.7935,113.583311,86.2803,43.279486,73.662558,33.049525
2013-02-11,38.5621,-0.1357,0.0865,0.000343,-0.2714,-0.4071,-0.2834,-0.4271,113.429182,86.046141,43.1033,73.453766,32.908356
2013-02-12,38.6819,0.3105,0.0865,0.000343,0.621,0.9316,0.609,0.9115,113.781403,86.580523,43.504834,73.901094,33.208319
2013-02-13,38.7567,0.1935,0.0864,0.000343,0.387,0.5805,0.3749,0.5604,114.001567,86.915584,43.757375,74.178182,33.394432
2013-02-14,38.6968,-0.1545,0.0863,0.000342,-0.3089,-0.4634,-0.321,-0.4834,113.825479,86.647082,43.554611,73.940091,33.232992
2013-02-15,38.5995,-0.2515,0.0862,0.000342,-0.5029,-0.7544,-0.515,-0.7744,113.539247,86.211308,43.226037,73.559316,32.975621
2013-02-19,38.9364,0.8726,0.0859,0.000341,1.7453,2.6179,1.7332,2.5978,114.530022,87.715915,44.357643,74.834251,33.832273
2013-02-20,38.4948,-1.1342,0.0858,0.000341,-2.2684,-3.4025,-2.2804,-3.4226,113.231045,85.726202,42.848357,73.127726,32.674335
2013-02-21,38.0981,-1.0305,0.0857,0.00034,-2.061,-3.0915,-2.0731,-3.1116,112.064183,83.95936,41.523681,71.611733,31.657643
2013-02-22,38.4873,1.0216,0.0856,0.00034,2.0432,3.0648,2.0312,3.0448,113.20903,85.674817,42.796298,73.066277,32.621541
2013-02-25,37.7687,-1.867,0.0854,0.000339,-3.734,-5.601,-3.746,-5.621,111.095434,82.475745,40.399297,70.329203,30.787885
2013-02-26,38.0082,0.6342,0.0853,0.000339,1.2683,1.9025,1.2563,1.8825,111.799966,83.521815,41.167895,71.212743,31.367455
2013-02-27,38.4274,1.1028,0.0852,0.000338,2.2056,3.3084,2.1936,3.2884,113.032908,85.36399,42.529907,72.774849,32.39894
2013-02-28,38.3525,-0.1948,0.0852,0.000338,-0.3896,-0.5844,-0.4016,-0.6044,112.812722,85.031415,42.281365,72.482556,32.203109
2013-03-01,38.4498,0.2537,0.0851,0.000338,0.5074,0.7611,0.4954,0.7411,113.098931,85.462869,42.603172,72.841607,32.441756
2013-03-04,38.5397,0.2336,0.0848,0.000337,0.4672,0.7008,0.4551,0.6807,113.363125,85.862144,42.901729,73.173144,32.662603
2013-03-05,38.8989,0.9322,0.0847,0.000336,1.8644,2.7967,1.8524,2.7766,114.419923,87.462998,44.101549,74.528606,33.569523
2013-03-06,38.9588,0.1539,0.0847,0.000336,0.3078,0.4617,0.2958,0.4417,114.596034,87.732237,44.305187,74.749054,33.717804
2013-03-07,39.101,0.3651,0.0846,0.000336,0.7301,1.0952,0.7181,1.0751,115.014368,88.372772,44.790397,75.285797,34.080309
2013-03-08,39.2582,0.402,0.0845,0.000335,0.804,1.206,0.792,1.186,115.476743,89.083317,45.33059,75.882053,34.484506
2013-03-11,39.3705,0.286,0.0842,0.000334,0.572,0.8579,0.5599,0.8379,115.806983,89.592837,45.719498,76.30693,34.773453
2013-03-12,39.1684,-0.5133,0.0842,0.000334,-1.0266,-1.5399,-1.0387,-1.56,115.212538,88.673065,45.015455,75.514366,34.231004
2013-03-13,39.1459,-0.0574,0.0841,0.000334,-0.1147,-0.1721,-0.1268,-0.1921,115.146448,88.571332,44.937987,75.418638,34.165237
2013-03-14,39.4229,0.7075,0.084,0.000333,1.415,2.1224,1.4029,2.1024,115.961089,89.824587,45.891773,76.476706,34.883533
2013-03-15,39.3106,-0.2848,0.0839,0.000333,-0.5696,-0.8544,-0.5816,-0.8744,115.630839,89.312956,45.499681,76.031896,34.578507
2013-03-18,39.0561,-0.6474,0.0837,0.000332,-1.2947,-1.9421,-1.3067,-1.9621,114.882299,88.156615,44.616051,75.038353,33.900046
2013-03-19,38.7867,-0.6899,0.0836,0.000332,-1.3799,-2.0698,-1.3919,-2.0898,114.089695,86.940183,43.692596,73.9939,33.191599
2013-03-20,39.1235,0.8684,0.0835,0.000331,1.7368,2.6051,1.7247,2.5851,115.080425,88.450122,44.830847,75.270086,34.049637
2013-03-21,38.8166,-0.7844,0.0834,0.000331,-1.5688,-2.3531,-1.5808,-2.3732,114.177756,87.06255,43.775913,74.080217,33.241582
2013-03-22,39.0824,0.6847,0.0833,0.000331,1.3695,2.0542,1.3574,2.0342,114.959576,88.254854,44.675166,75.085814,33.91778
2013-03-25,38.8497,-0.5955,0.0831,0.00033,-1.1911,-1.7866,-1.2031,-1.8066,114.27495,87.203674,43.876996,74.18245,33.30501
2013-03-26,39.1425,0.7537,0.083,0.000329,1.5075,2.2612,1.4954,2.2412,115.13627,88.518228,44.869133,75.291787,34.051426
2013-03-27,39.0974,-0.1151,0.0829,0.000329,-0.2302,-0.3452,-0.2422,-0.3653,115.003775,88.3145,44.714231,75.109438,33.927052
2013-03-28,39.2551,0.4033,0.0828,0.000329,0.8066,1.2099,0.7946,1.1899,115.467598,89.026865,45.255243,75.706248,34.330754
2013-04-01,38.9172,-0.8607,0.0825,0.000327,-1.7214,-2.5821,-1.7334,-2.6021,114.473761,87.494344,44.086698,74.39392,33.437419
2013-04-02,39.15,0.5981,0.0824,0.000327,1.1961,1.7942,1.1841,1.7741,115.158375,88.540871,44.877685,75.274799,34.030647
2013-04-03,38.722,-1.0932,0.0824,0.000327,-2.1864,-3.2796,-2.1984,-3.2996,113.899469,86.60502,43.405882,73.619939,32.907769
2013-04-04,38.9397,0.5623,0.0823,0.000326,1.1247,1.687,1.1126,1.667,114.539963,87.579038,44.138139,74.439059,33.456336
2013-04-05,38.8121,-0.3278,0.0822,0.000326,-0.6556,-0.9834,-0.6676,-1.0034,114.164515,87.004891,43.7041,73.942098,33.120641
2013-04-08,38.9998,0.4836,0.0819,0.000325,0.9672,1.4509,0.9552,1.4308,114.716635,87.846433,44.338183,74.648395,33.594544
2013-04-09,39.1199,0.3081,0.0819,0.000325,0.6161,0.9242,0.6041,0.9041,115.070023,88.38766,44.747938,75.099328,33.898287
2013-04-10,39.6531,1.3628,0.0818,0.000325,2.7255,4.0883,2.7135,4.0683,116.638153,90.796686,46.577361,77.137142,35.277361
2013-04-11,39.8483,0.4924,0.0817,0.000324,0.9847,1.4771,0.9727,1.457,117.212422,91.690763,47.265334,77.887433,35.791366
2013-04-12,39.6756,-0.4334,0.0816,0.000324,-0.8667,-1.3001,-0.8787,-1.3201,116.704479,90.896074,46.650857,77.203008,35.318895
2013-04-15,38.692,-2.4792,0.0814,0.000323,-4.9584,-7.4376,-4.9704,-7.4576,113.811138,86.389078,43.181149,73.365683,32.684946
2013-04-16,39.3227,1.6301,0.0813,0.000323,3.2601,4.8902,3.2481,4.8702,115.666341,89.205486,45.2928,75.748684,34.27677
2013-04-17,38.6244,-1.7758,0.0812,0.000322,-3.5516,-5.3274,-3.5636,-5.3474,113.612328,86.037248,42.879859,73.049269,32.443841
2013-04-18,38.4442,-0.4666,0.0811,0.000322,-0.9331,-1.3997,-0.9452,-1.4197,113.082246,85.234398,42.279664,72.35883,31.983229
2013-04-19,38.8722,1.1133,0.081,0.000322,2.2266,3.3399,2.2146,3.3199,114.341209,87.132255,43.691783,73.961291,33.045053
2013-04-22,38.9998,0.3283,0.0808,0.000321,0.6567,0.985,0.6446,0.965,114.716635,87.704432,44.122154,74.438082,33.363941
2013-04-23,39.4353,1.1167,0.0807,0.00032,2.2334,3.3501,2.2213,3.33,115.997658,89.663196,45.60027,76.091607,34.474976
2013-04-24,39.6005,0.4189,0.0806,0.00032,0.8378,1.2567,0.8258,1.2367,116.483575,90.414398,46.173331,76.719955,34.901329
2013-04-25,39.8258,0.5688,0.0805,0.00032,1.1377,1.7065,1.1256,1.6865,117.146175,91.443016,46.961282,77.583549,35.48994
2013-04-26,39.7206,-0.264,0.0805,0.000319,-0.5279,-0.7919,-0.54,-0.8119,116.836952,90.960264,46.5894,77.164635,35.2018
2013-04-29,40.1111,0.983,0.0802,0.000318,1.9659,2.9489,1.9539,2.9289,117.985424,92.748488,47.963279,78.672366,36.232828
2013-04-30,40.3063,0.4867,0.0801,0.000318,0.9735,1.4602,0.9614,1.4402,118.559693,93.651356,48.663633,79.428749,36.754648
2013-05-01,39.9159,-0.9687,0.0801,0.000318,-1.9374,-2.9061,-1.9495,-2.9261,117.411188,91.836927,47.249398,77.880322,35.679154
2013-05-02,40.2237,0.7713,0.08,0.000317,1.5425,2.3138,1.5305,2.2938,118.31674,93.253541,48.342653,79.072287,36.497562
2013-05-03,40.6592,1.0827,0.0799,0.000317,2.1654,3.2481,2.1534,3.2281,119.597775,95.272883,49.912894,80.775037,37.675757
2013-05-06,40.7043,0.1108,0.0796,0.000316,0.2216,0.3324,0.2096,0.3124,119.730292,95.484013,50.078809,80.944328,37.793461
2013-05-07,40.877,0.4243,0.0796,0.000316,0.8485,1.2728,0.8365,1.2528,120.238269,96.294229,50.716214,81.621438,38.26694
2013-05-08,41.1623,0.698,0.0795,0.000315,1.396,2.094,1.384,2.074,121.077541,97.638509,51.778222,82.751072,39.060605
2013-05-09,40.9596,-0.4925,0.0794,0.000315,-0.9851,-1.4776,-0.9971,-1.4976,120.481188,96.676697,51.01314,81.925964,38.475631
2013-05-10,40.9746,0.0367,0.0793,0.000315,0.0733,0.11,0.0613,0.09,120.525365,96.747593,51.069255,81.976195,38.510261
2013-05-13,40.9446,-0.0733,0.0791,0.000314,-0.1466,-0.2198,-0.1586,-0.2398,120.437046,96.605803,50.956987,81.8462,38.417903
2013-05-14,41.2074,0.6419,0.079,0.000313,1.2838,1.9256,1.2717,1.9056,121.210103,97.845983,51.93823,82.887065,39.150009
2013-05-15,41.365,0.3826,0.0789,0.000313,0.7652,1.1478,0.7532,1.1279,121.67387,98.594729,52.534399,83.511378,39.591563
2013-05-16,41.1473,-0.5264,0.0788,0.000313,-1.0528,-1.5792,-1.0648,-1.5992,121.033387,97.556736,51.704786,82.622144,38.958426
2013-05-17,41.4852,0.8211,0.0787,0.000312,1.6422,2.4634,1.6302,2.4434,122.027213,99.158847,52.978457,83.969064,39.910322
2013-05-20,41.5302,0.1087,0.0785,0.000311,0.2173,0.326,0.2053,0.306,122.159798,99.374323,53.151144,84.14144,40.032435
2013-05-21,41.5903,0.1446,0.0784,0.000311,0.2892,0.4338,0.2772,0.4138,122.336448,99.661724,53.381721,84.374674,40.1981
2013-05-22,41.1698,-1.011,0.0783,0.000311,-2.022,-3.033,-2.034,-3.053,121.099634,97.646577,51.762664,82.65849,38.970865
2013-05-23,40.9821,-0.456,0.0782,0.000311,-0.912,-1.3679,-0.924,-1.3879,120.547447,96.756084,51.054586,81.894749,38.429981
2013-05-24,40.7343,-0.6046,0.0782,0.00031,-1.2092,-1.8138,-1.2212,-1.8338,119.8186,95.586082,50.128536,80.894613,37.725241
2013-05-28,40.892,0.3871,0.0778,0.000309,0.7742,1.1613,0.7622,1.1413,120.282423,96.326118,50.710685,81.511187,38.155811
2013-05-29,40.5841,-0.7528,0.0778,0.000309,-1.5057,-2.2585,-1.5177,-2.2785,119.376904,94.875779,49.565394,80.274116,37.286445
2013-05-30,40.7794,0.481,0.0777,0.000308,0.962,1.443,0.95,1.423,119.951118,95.788501,50.280635,81.036723,37.817048
2013-05-31,40.0811,-1.7124,0.0776,0.000308,-3.4248,-5.1372,-3.4368,-5.1571,117.897093,92.507966,47.697642,78.251667,35.866772
2013-06-03,40.3288,0.6182,0.0773,0.000307,1.2364,1.8546,1.2244,1.8346,118.625918,93.651711,48.582224,79.20975,36.524777
2013-06-04,40.1787,-0.3723,0.0773,0.000307,-0.7446,-1.117,-0.7567,-1.137,118.184245,92.954335,48.039574,78.6104,36.109508
2013-06-05,39.5029,-1.6819,0.0772,0.000306,-3.3639,-5.0458,-3.3759,-5.0658,116.196468,89.82748,45.615597,75.956612,34.280284
2013-06-06,39.8333,0.8363,0.0771,0.000306,1.6727,2.509,1.6607,2.489,117.168268,91.330011,46.760105,77.218003,35.133537
2013-06-07,40.1937,0.9048,0.077,0.000306,1.8096,2.7144,1.7976,2.6945,118.228421,92.982741,48.029378,78.606083,36.080197
2013-06-10,40.2162,0.056,0.0768,0.000305,0.112,0.168,0.1,0.148,118.294635,93.086891,48.110075,78.684689,36.13361
2013-06-11,39.6831,-1.3256,0.0767,0.000304,-2.6512,-3.9768,-2.6632,-3.9967,116.726539,90.618999,46.196855,76.589173,34.689448
2013-06-12,39.4654,-0.5487,0.0766,0.000304,-1.0975,-1.6462,-1.1095,-1.6662,116.086022,89.624486,45.436363,75.739434,34.111462
2013-06-13,40.051,1.484,0.0765,0.000304,2.968,4.452,2.956,4.432,117.808729,92.284527,47.459179,77.978272,35.623283
2013-06-14,39.7056,-0.8624,0.0764,0.000303,-1.7248,-2.5871,-1.7368,-2.6071,116.792775,90.692848,46.231349,76.623976,34.694549
2013-06-17,40.1186,1.0401,0.0762,0.000302,2.0802,3.1203,2.0682,3.1004,118.007551,92.579462,47.673923,78.208724,35.770207
2013-06-18,40.419,0.7486,0.0761,0.000302,1.4973,2.2459,1.4853,2.2259,118.890999,93.965629,48.744636,79.370331,36.56643
2013-06-19,39.7056,-1.7648,0.076,0.000302,-3.5297,-5.2945,-3.5417,-5.3145,116.792775,90.648964,46.163857,76.559298,34.623123
2013-06-20,38.4967,-3.0446,0.0759,0.000301,-6.0892,-9.1338,-6.1012,-9.1538,113.236891,85.129149,41.947329,71.888242,31.453793
2013-06-21,38.5718,0.195,0.0759,0.000301,0.3901,0.5851,0.3781,0.5651,113.457739,85.461207,42.192761,72.16002,31.631547
2013-06-24,37.9652,-1.5727,0.0756,0.0003,-3.1454,-4.7181,-3.1574,-4.7381,111.673373,82.773086,40.202047,69.881614,30.13281
2013-06-25,38.4726,1.3365,0.0755,0.0003,2.6731,4.0096,2.6611,3.9897,113.165931,84.985675,41.813994,71.741214,31.335004
2013-06-26,38.768,0.7677,0.0755,0.000299,1.5354,2.3031,1.5234,2.2832,114.034713,86.290555,42.77702,72.834124,32.050431
2013-06-27,39.1694,1.0354,0.0754,0.000299,2.0707,3.1061,2.0587,3.0861,115.215377,88.077383,44.105702,74.333564,33.03954
2013-06-28,39.0103,-0.406,0.0753,0.000299,-0.8121,-1.2181,-0.8241,-1.2381,114.747559,87.362128,43.568445,73.720995,32.630486
2013-07-01,39.336,0.8348,0.075,0.000298,1.6696,2.5044,1.6576,2.4845,115.705479,88.820738,44.659582,74.943001,33.441177
2013-07-02,39.1163,-0.5584,0.075,0.000297,-1.1167,-1.6751,-1.1287,-1.695,115.05943,87.828865,43.911503,74.097107,32.874339
2013-07-03,39.1769,0.1549,0.0749,0.000297,0.3098,0.4647,0.2978,0.4447,115.23765,88.100948,44.115551,74.317757,33.020538
2013-07-05,39.4571,0.7152,0.0747,0.000296,1.4305,2.1457,1.4185,2.1257,116.061863,89.361195,45.062133,75.37192,33.722465
2013-07-08,39.6086,0.3839,0.0745,0.000295,0.7678,1.1516,0.7557,1.1317,116.507397,90.047267,45.581081,75.941543,34.104093
2013-07-09,39.8737,0.6692,0.0744,0.000295,1.3385,2.0077,1.3265,1.9878,117.287108,91.252527,46.496218,76.948888,34.781999
2013-07-10,39.9267,0.1329,0.0743,0.000295,0.2658,0.3987,0.2538,0.3788,117.442987,91.495084,46.681604,77.14419,34.913739
2013-07-11,40.8052,2.2003,0.0742,0.000295,4.4007,6.601,4.3887,6.5811,120.027127,95.521482,49.76306,80.529794,37.21143
2013-07-12,40.7067,-0.2413,0.0741,0.000294,-0.4826,-0.7238,-0.4946,-0.7438,119.73753,95.060539,49.40286,80.13153,36.934658
2013-07-15,40.9188,0.521,0.0739,0.000293,1.0419,1.5629,1.0299,1.543,120.361328,96.051015,50.174984,80.95684,37.504546
2013-07-16,40.7976,-0.2962,0.0738,0.000293,-0.5923,-0.8885,-0.6043,-0.9084,120.004865,95.482085,49.729189,80.467601,37.163842
2013-07-17,40.9642,0.4084,0.0737,0.000293,0.8168,1.2252,0.8048,1.2052,120.494956,96.261969,50.33846,81.115194,37.611751
2013-07-18,41.1763,0.5177,0.0736,0.000292,1.0353,1.553,1.0233,1.5331,121.118721,97.258605,51.120219,81.945277,38.188361
2013-07-19,41.1763,0.0,0.0736,0.000292,0.0,0.0,-0.012,-0.0199,121.118721,97.258605,51.120219,81.935445,38.180742
2013-07-22,41.3656,0.4598,0.0733,0.000291,0.9196,1.3793,0.9076,1.3594,121.675598,98.152952,51.825338,82.679057,38.699767
2013-07-23,41.3884,0.055,0.0732,0.000291,0.1099,0.1649,0.0979,0.1449,121.742474,98.260847,51.910791,82.760023,38.755859
2013-07-24,41.252,-0.3294,0.0732,0.00029,-0.6588,-0.9882,-0.6708,-1.0082,121.341443,97.613486,51.397794,82.204856,38.365132
2013-07-25,41.3353,0.202,0.0731,0.00029,0.4039,0.6059,0.3919,0.5859,121.586494,98.00775,51.70919,82.527022,38.589917
2013-07-26,41.2293,-0.2565,0.073,0.00029,-0.5129,-0.7694,-0.5249,-0.7894,121.274656,97.505022,51.311328,82.093802,38.285302
2013-07-29,41.0097,-0.5327,0.0727,0.000289,-1.0654,-1.5981,-1.0774,-1.6181,120.628607,96.466173,50.491298,81.209302,37.665811
2013-07-30,40.9794,-0.0739,0.0727,0.000288,-0.1477,-0.2216,-0.1597,-0.2415,120.539514,96.323678,50.379423,81.079603,37.574843
2013-07-31,41.0248,0.1109,0.0726,0.000288,0.2218,0.3327,0.2098,0.3128,120.673199,96.537334,50.547044,81.249721,37.692368
2013-08-01,41.5701,1.3291,0.0725,0.000288,2.6582,3.9873,2.6462,3.9674,122.277067,99.10349,52.562507,83.399757,39.18776
2013-08-02,41.6913,0.2915,0.0724,0.000287,0.583,0.8745,0.571,0.8546,122.633518,99.681286,53.022183,83.875993,39.522656
2013-08-05,41.6004,-0.218,0.0722,0.000286,-0.4359,-0.6539,-0.4479,-0.6738,122.366216,99.246739,52.675469,83.500288,39.256336
2013-08-06,41.4035,-0.4733,0.0721,0.000286,-0.9467,-1.42,-0.9587,-1.44,121.786998,98.307174,51.927454,82.699781,38.691052
2013-08-07,41.1687,-0.567,0.072,0.000286,-1.134,-1.701,-1.146,-1.721,121.096459,97.192359,51.044159,81.752038,38.025197
2013-08-08,41.5398,0.9014,0.0719,0.000285,1.8028,2.7042,1.7908,2.6842,122.188007,98.944519,52.424476,83.216041,39.045879
2013-08-09,41.5095,-0.073,0.0718,0.000285,-0.1459,-0.2189,-0.1579,-0.2388,122.098858,98.800138,52.309729,83.084632,38.952631
2013-08-12,41.4868,-0.0547,0.0716,0.000284,-0.1094,-0.1642,-0.1214,-0.1841,122.03205,98.692017,52.223862,82.983747,38.880925
2013-08-13,41.6837,0.4747,0.0715,0.000284,0.9493,1.424,0.9373,1.404,122.611279,99.628907,52.967509,83.761567,39.426824
2013-08-14,41.5928,-0.2181,0.0714,0.000283,-0.4361,-0.6542,-0.4481,-0.6741,122.343921,99.194418,52.621016,83.386234,39.161051
2013-08-15,41.1081,-1.1653,0.0713,0.000283,-2.3306,-3.496,-2.3426,-3.5159,120.918216,96.882544,50.781399,81.432796,37.784185
2013-08-16,41.0551,-0.1289,0.0713,0.000283,-0.2579,-0.3868,-0.2699,-0.4067,120.762315,96.632719,50.584979,81.213047,37.630507
2013-08-19,40.7219,-0.8117,0.071,0.000282,-1.6234,-2.4351,-1.6354,-2.455,119.782099,95.064003,49.353199,79.884915,36.706679
2013-08-20,40.8507,0.3162,0.0709,0.000281,0.6324,0.9485,0.6204,0.9286,120.160823,95.665146,49.821331,80.380495,37.047539
2013-08-21,40.4265,-1.0382,0.0708,0.000281,-2.0765,-3.1147,-2.0884,-3.1346,118.913283,93.678706,48.269558,78.701798,35.886246
2013-08-22,40.7901,0.8992,0.0708,0.000281,1.7985,2.6977,1.7865,2.6778,119.982592,95.363488,49.571727,80.107791,36.847199
2013-08-23,41.0551,0.6499,0.0707,0.00028,1.2997,1.9496,1.2877,1.9297,120.762315,96.602952,50.538172,81.139371,37.558226
2013-08-26,40.8658,-0.4612,0.0704,0.00028,-0.9224,-1.3836,-0.9344,-1.4036,120.205347,95.711868,49.838911,80.381201,37.031076
2013-08-27,40.1463,-1.7605,0.0704,0.000279,-3.5211,-5.2816,-3.5331,-5.3015,118.089093,92.34179,47.20662,77.541291,35.067865
2013-08-28,40.2069,0.1509,0.0703,0.000279,0.3018,0.4527,0.2898,0.4328,118.267279,92.620462,47.420312,77.766004,35.219622
2013-08-29,40.2296,0.0565,0.0702,0.000279,0.1131,0.1696,0.1011,0.1497,118.334132,92.725174,47.500729,77.844602,35.272332
2013-08-30,40.0176,-0.5271,0.0701,0.000278,-1.0542,-1.5813,-1.0662,-1.6013,117.710379,91.747643,46.749583,77.014617,34.707531
2013-09-03,40.3811,0.9084,0.0698,0.000277,1.8168,2.7252,1.8048,2.7053,118.779677,93.41454,48.023622,78.404611,35.646482
2013-09-04,40.7976,1.0315,0.0697,0.000277,2.063,3.0944,2.051,3.0745,120.004865,95.341645,49.509684,80.012671,36.742441
2013-09-05,40.8809,0.2042,0.0696,0.000276,0.4084,0.6126,0.3964,0.5927,120.249905,95.731004,49.812968,80.329842,36.960198
2013-09-06,40.987,0.2594,0.0695,0.000276,0.5187,0.7781,0.5067,0.7582,120.561788,96.227583,50.200555,80.736907,37.240418
2013-09-09,41.5474,1.3673,0.0693,0.000275,2.7347,4.102,2.7227,4.0821,122.210281,98.859106,52.259797,82.935134,38.760615
2013-09-10,41.9488,0.9661,0.0692,0.000275,1.9321,2.8982,1.9201,2.8783,123.390911,100.769192,53.774388,84.527612,39.876254
2013-09-11,42.07,0.2889,0.0691,0.000274,0.5778,0.8667,0.5658,0.8468,123.747396,101.35145,54.240461,85.005898,40.213929
2013-09-12,41.8503,-0.5221,0.069,0.000274,-1.0441,-1.5662,-1.0561,-1.5861,123.101359,100.293216,53.390955,84.108147,39.576096
2013-09-13,41.9866,0.3257,0.069,0.000274,0.6514,0.9771,0.6394,0.9572,123.5023,100.946527,53.912639,84.645952,39.954915
2013-09-16,42.282,0.7035,0.0687,0.000273,1.407,2.1105,1.395,2.0906,124.371138,102.366844,55.050465,85.82678,40.790207
2013-09-17,42.3805,0.2328,0.0686,0.000272,0.4656,0.6985,0.4537,0.6786,124.660703,102.84351,55.434974,86.216148,41.066992
2013-09-18,43.2135,1.9657,0.0685,0.000272,3.9314,5.8971,3.9194,5.8772,127.111169,106.886718,58.704045,89.595338,43.480589
2013-09-19,43.0772,-0.3155,0.0685,0.000272,-0.6309,-0.9464,-0.6429,-0.9663,126.710182,106.212345,58.148479,89.019328,43.060439
2013-09-20,42.691,-0.8966,0.0684,0.000271,-1.7933,-2.6899,-1.8053,-2.7098,125.574042,104.307651,56.584324,87.412292,41.89357
2013-09-23,42.6263,-0.1514,0.0681,0.00027,-0.3028,-0.4542,-0.3148,-0.4741,125.383906,103.991778,56.327294,87.137114,41.694932
2013-09-24,42.5503,-0.1785,0.0681,0.00027,-0.3569,-0.5354,-0.3689,-0.5553,125.160141,103.620602,56.025722,86.815661,41.463401
2013-09-25,42.5122,-0.0894,0.068,0.00027,-0.1787,-0.2681,-0.1907,-0.288,125.04828,103.435383,55.875505,86.650083,41.343976
2013-09-26,42.6491,0.3221,0.0679,0.000269,0.6441,0.9662,0.6321,0.9463,125.451006,104.101624,56.415357,87.19783,41.7352
2013-09-27,42.5122,-0.321,0.0678,0.000269,-0.642,-0.9631,-0.654,-0.983,125.04828,103.433244,55.872039,86.627539,41.324955
2013-09-30,42.2536,-0.6083,0.0676,0.000268,-1.2167,-1.825,-1.2286,-1.8449,124.287577,102.174818,54.852384,85.563207,40.562557
2013-10-01,42.5883,0.7921,0.0675,0.000268,1.5842,2.3762,1.5722,2.3563,125.272034,103.793431,56.155809,86.90842,41.518349
2013-10-02,42.5274,-0.1429,0.0674,0.000267,-0.2858,-0.4286,-0.2977,-0.4485,125.093051,103.496841,55.91511,86.649672,41.332128
2013-10-03,42.2764,-0.5903,0.0673,0.000267,-1.1805,-1.7708,-1.1925,-1.7907,124.354678,102.27504,54.924977,85.616381,40.592003
2013-10-04,42.4514,0.4138,0.0672,0.000267,0.8276,1.2415,0.8157,1.2216,124.869286,103.121516,55.606854,86.314731,41.087863
2013-10-07,42.1091,-0.8063,0.067,0.000266,-1.6126,-2.419,-1.6246,-2.4388,123.862443,101.458543,54.261751,84.912456,40.085792
2013-10-08,41.6603,-1.0658,0.0669,0.000265,-2.1315,-3.1973,-2.1435,-3.2172,122.542349,99.295905,52.526828,83.09234,38.796145
2013-10-09,41.744,0.2008,0.0668,0.000265,0.4017,0.6025,0.3897,0.5826,122.788466,99.694761,52.843316,83.416162,39.022183
2013-10-10,42.6035,2.059,0.0667,0.000265,4.1181,6.1771,4.1061,6.1572,125.316738,103.800285,56.107522,86.841332,41.424875
2013-10-11,42.9001,0.6963,0.0667,0.000265,1.3926,2.0889,1.3806,2.069,126.189324,105.245816,57.279559,88.040296,42.281963
2013-10-14,43.0066,0.2483,0.0664,0.000264,0.4965,0.7448,0.4846,0.7249,126.502609,105.768395,57.706175,88.466905,42.588467
2013-10-15,42.71,-0.6898,0.0663,0.000263,-1.3796,-2.0694,-1.3916,-2.0893,125.63,104.309225,56.512013,87.235836,41.698677
2013-10-16,43.1816,1.1042,0.0662,0.000263,2.2083,3.3125,2.1963,3.2926,127.01715,106.612696,58.383953,89.151832,43.071636
2013-10-17,43.6076,0.9865,0.0662,0.000263,1.973,2.9595,1.961,2.9396,128.270177,108.716169,60.11183,90.900131,44.337777
2013-10-18,43.8662,0.593,0.0661,0.000262,1.186,1.779,1.1741,1.7591,129.030836,110.00557,61.181243,91.96735,45.117745
2013-10-21,43.9118,0.104,0.0658,0.000261,0.208,0.312,0.1961,0.2922,129.165048,110.234416,61.372156,92.147665,45.24956
2013-10-22,44.2237,0.7102,0.0658,0.000261,1.4204,2.1307,1.4085,2.1108,130.082404,111.800231,62.67979,93.445541,46.204677
2013-10-23,43.8357,-0.8772,0.0657,0.000261,-1.7544,-2.6315,-1.7663,-2.6514,128.94135,109.838856,61.030349,91.79499,44.979596
2013-10-24,44.0715,0.5379,0.0656,0.00026,1.0758,1.6138,1.0639,1.5939,129.634952,111.020549,62.015234,92.771574,45.696516
2013-10-25,44.1172,0.1036,0.0655,0.00026,0.2071,0.3107,0.1951,0.2908,129.769198,111.250488,62.207897,92.952615,45.829394
2013-10-28,44.1096,-0.0172,0.0653,0.000259,-0.0345,-0.0517,-0.0464,-0.0716,129.746824,111.212125,62.17572,92.90944,45.796577
2013-10-29,44.2161,0.2414,0.0652,0.000259,0.4828,0.7243,0.4709,0.7044,130.060064,111.74911,62.626042,93.346935,46.119163
2013-10-30,44.0487,-0.3785,0.0651,0.000258,-0.757,-1.1355,-0.7689,-1.1553,129.567807,110.903205,61.914953,92.62916,45.586333
2013-10-31,43.8205,-0.518,0.065,0.000258,-1.036,-1.5541,-1.048,-1.5739,128.896624,109.75421,60.952762,91.658407,44.868834
2013-11-01,43.7977,-0.0521,0.0649,0.000258,-0.1041,-0.1562,-0.1161,-0.1761,128.829512,109.63992,60.857555,91.551995,44.78983
2013-11-04,44.0487,0.5731,0.0647,0.000257,1.1462,1.7192,1.1342,1.6994,129.567807,110.896567,61.903841,92.590374,45.55097
2013-11-05,43.7216,-0.7425,0.0646,0.000256,-1.485,-2.2275,-1.497,-2.2474,128.605758,109.249739,60.524921,91.204318,44.527259
2013-11-06,43.927,0.4697,0.0645,0.000256,0.9394,1.4092,0.9275,1.3893,129.209841,110.276068,61.377809,92.050213,45.145865
2013-11-07,43.3109,-1.4026,0.0644,0.000256,-2.8052,-4.2078,-2.8171,-4.2276,127.397558,107.182628,58.795173,89.457029,43.237258
2013-11-08,43.6912,0.8781,0.0644,0.000255,1.7563,2.6344,1.7443,2.6146,128.516294,109.065068,60.344095,91.017455,44.367723
2013-11-11,43.7216,0.0696,0.0641,0.000254,0.1392,0.2088,0.1273,0.189,128.605758,109.216914,60.470117,91.133288,44.451562
2013-11-12,43.5999,-0.2784,0.064,0.000254,-0.5568,-0.8351,-0.5687,-0.855,128.247747,108.608841,59.965109,90.614996,44.071497
2013-11-13,43.8433,0.5583,0.0639,0.000254,1.1166,1.6749,1.1046,1.655,128.963746,109.821554,60.969454,91.615955,44.800885
2013-11-14,44.0487,0.4684,0.0639,0.000253,0.9368,1.4052,0.9248,1.3853,129.567807,110.850353,61.826189,92.463249,45.421518
2013-11-15,44.3682,0.7253,0.0638,0.000253,1.4506,2.1758,1.4386,2.156,130.507538,112.458307,63.17143,93.793428,46.400794
2013-11-18,44.3454,-0.0514,0.0635,0.000252,-0.1029,-0.1543,-0.1148,-0.1742,130.440404,112.342608,63.073943,93.685716,46.319967
2013-11-19,44.2008,-0.3259,0.0635,0.000252,-0.6518,-0.9777,-0.6637,-0.9975,130.015315,111.610387,62.457293,93.063892,45.857911
2013-11-20,43.9879,-0.4819,0.0634,0.000251,-0.9637,-1.4456,-0.9757,-1.4654,129.388824,110.534777,61.554423,92.15589,45.185888
2013-11-21,44.2845,0.6744,0.0633,0.000251,1.3488,2.0232,1.3369,2.0034,130.261432,112.025687,62.799807,93.387883,46.091122
2013-11-22,44.4518,0.3778,0.0632,0.000251,0.7557,1.1335,0.7437,1.1137,130.753622,112.872259,63.511669,94.082444,46.604428
2013-11-25,44.2845,-0.3764,0.063,0.00025,-0.7529,-1.1293,-0.7648,-1.1491,130.261432,112.0225,62.794448,93.362895,46.068878
2013-11-26,44.2997,0.0344,0.0629,0.00025,0.0687,0.1031,0.0568,0.0832,130.306192,112.099485,62.859179,93.415895,46.107216
2013-11-27,44.4671,0.3777,0.0628,0.000249,0.7554,1.1331,0.7435,1.1133,130.79837,112.946305,63.571453,94.110407,46.620511
2013-11-29,44.4975,0.0684,0.0626,0.000249,0.1369,0.2053,0.1249,0.1855,130.887901,113.100927,63.701996,94.227992,46.706986
2013-12-02,44.1932,-0.6838,0.0624,0.000248,-1.3675,-2.0513,-1.3795,-2.0711,129.992952,111.554267,62.395305,92.928156,45.73963
2013-12-03,43.9575,-0.5335,0.0623,0.000247,-1.0671,-1.6006,-1.079,-1.6205,129.299383,110.363886,61.396586,91.925423,44.998423
2013-12-04,43.7977,-0.3634,0.0622,0.000247,-0.7268,-1.0902,-0.7387,-1.1101,128.829512,109.561766,60.727244,91.246325,44.498917
2013-12-05,43.638,-0.3647,0.0621,0.000247,-0.7294,-1.0941,-0.7414,-1.114,128.359663,108.762609,60.062817,90.569857,44.00321
2013-12-06,44.1628,1.2027,0.0621,0.000246,2.4054,3.6081,2.3935,3.5883,129.903455,111.378803,62.229958,92.737614,45.582162
2013-12-09,44.2008,0.0861,0.0618,0.000245,0.1722,0.2583,0.1603,0.2385,130.015315,111.57062,62.390717,92.886243,45.690865
2013-12-10,44.1324,-0.1549,0.0617,0.000245,-0.3098,-0.4647,-0.3217,-0.4845,129.813935,111.224998,62.100808,92.587401,45.469482
2013-12-11,43.6228,-1.1548,0.0616,0.000245,-2.3095,-3.4643,-2.3215,-3.4842,128.314881,108.656208,59.94944,90.437989,43.885248
2013-12-12,43.4174,-0.4708,0.0616,0.000244,-0.9416,-1.4124,-0.9535,-1.4323,127.710775,107.633103,59.102715,89.575618,43.256701
2013-12-13,43.4022,-0.035,0.0615,0.000244,-0.0701,-0.1051,-0.082,-0.125,127.666015,107.557657,59.040573,89.502125,43.202632
2013-12-16,43.7293,0.7536,0.0612,0.000243,1.5072,2.2609,1.4953,2.241,128.628132,109.178809,60.375397,90.840442,44.170806
2013-12-17,43.5543,-0.4001,0.0612,0.000243,-0.8001,-1.2002,-0.8121,-1.22,128.113535,108.305234,59.650773,90.102744,43.631901
2013-12-18,44.1552,1.3797,0.0611,0.000242,2.7594,4.139,2.7474,4.1192,129.881092,111.293766,62.119743,92.578238,45.429183
2013-12-19,44.1628,0.0172,0.061,0.000242,0.0344,0.0517,0.0225,0.0318,129.903455,111.332092,62.151831,92.599057,45.443632
2013-12-20,44.4108,0.5616,0.0609,0.000242,1.1232,1.6849,1.1113,1.665,130.633021,112.582621,63.199004,93.628105,46.200275
2013-12-23,44.763,0.793,0.0607,0.000241,1.586,2.379,1.5741,2.3592,131.668959,114.368213,64.702535,95.101888,47.29023
2013-12-24,44.8702,0.2394,0.0606,0.00024,0.4788,0.7182,0.4669,0.6984,131.984196,114.915846,65.167261,95.545905,47.620507
2013-12-26,45.031,0.3583,0.0604,0.00024,0.7166,1.0749,0.7046,1.055,132.457086,115.739316,65.86773,96.219159,48.122919
2013-12-27,45.1688,0.306,0.0603,0.000239,0.612,0.9181,0.6001,0.8982,132.862437,116.447698,66.472444,96.796574,48.555174
2013-12-30,45.2913,0.2712,0.0601,0.000238,0.5423,0.8135,0.5304,0.7937,133.222726,117.079251,67.013213,97.309987,48.940547
2013-12-31,45.475,0.4057,0.06,0.000238,0.8113,1.217,0.7994,1.1972,133.763176,118.029171,67.828779,98.087886,49.526454
2014-01-02,44.8013,-1.4815,0.0598,0.000237,-2.9629,-4.4444,-2.9749,-4.4642,131.781526,114.532057,64.814207,95.169902,47.315482
2014-01-03,44.8472,0.1025,0.0598,0.000237,0.2051,0.3076,0.1931,0.2877,131.916636,114.766906,65.01356,95.353683,47.451626
2014-01-06,44.7247,-0.2731,0.0595,0.000236,-0.5463,-0.8194,-0.5582,-0.8392,131.556336,114.139987,64.480851,94.821421,47.053403
2014-01-07,44.9314,0.4622,0.0594,0.000236,0.9243,1.3865,0.9124,1.3666,132.164324,115.194984,65.374847,95.686533,47.696442
2014-01-08,44.9391,0.017,0.0593,0.000235,0.0341,0.0511,0.0222,0.0313,132.186855,115.234261,65.408282,95.707731,47.711374
2014-01-09,44.9314,-0.017,0.0593,0.000235,-0.0341,-0.0511,-0.046,-0.071,132.164324,115.194978,65.374835,95.663675,47.677513
2014-01-10,45.2377,0.6816,0.0592,0.000235,1.3632,2.0447,1.3512,2.0249,133.06513,116.76527,66.711581,96.956302,48.642938
2014-01-13,44.7324,-1.117,0.0589,0.000234,-2.2339,-3.3509,-2.2458,-3.3707,131.578856,114.156846,64.476172,94.778814,47.003336
2014-01-14,45.1381,0.9071,0.0588,0.000234,1.8141,2.7212,1.8022,2.7013,132.772345,116.227771,66.23067,96.486885,48.273049
2014-01-15,45.276,0.3053,0.0588,0.000233,0.6106,0.9159,0.5987,0.8961,133.177697,116.937454,66.837273,97.06451,48.705606
2014-01-16,45.2913,0.0338,0.0587,0.000233,0.0676,0.1014,0.0557,0.0816,133.222726,117.01653,66.905069,97.118559,48.745351
2014-01-17,45.1228,-0.3719,0.0586,0.000233,-0.7437,-1.1156,-0.7557,-1.1354,132.727316,116.146241,66.158678,96.384663,48.191883
2014-01-21,45.2453,0.2715,0.0583,0.000231,0.5429,0.8144,0.531,0.7945,133.087605,116.7768,66.697442,96.89643,48.574779
2014-01-22,45.3602,0.2538,0.0582,0.000231,0.5076,0.7614,0.4957,0.7416,133.425385,117.369565,67.205281,97.376714,48.935001
2014-01-23,44.9468,-0.9114,0.0581,0.000231,-1.8228,-2.7341,-1.8347,-2.754,132.209375,115.230204,65.367799,95.59015,47.58735
2014-01-24,43.7831,-2.589,0.058,0.00023,-5.178,-7.767,-5.1899,-7.7868,128.786469,109.263574,60.290673,90.629074,43.8818
2014-01-27,43.5534,-0.5246,0.0578,0.000229,-1.0491,-1.5737,-1.0611,-1.5935,128.110909,108.117272,59.341895,89.667453,43.182544
2014-01-28,43.9132,0.8262,0.0577,0.000229,1.6524,2.4785,1.6404,2.4587,129.169334,109.903756,60.812705,91.138377,44.244279
2014-01-29,43.4692,-1.0112,0.0576,0.000229,-2.0224,-3.0336,-2.0343,-3.0534,127.863165,107.681047,58.967878,89.284305,42.893305
2014-01-30,43.9056,1.0039,0.0575,0.000228,2.0078,3.0117,1.9959,2.9919,129.146803,109.8431,60.74384,91.066326,44.17664
2014-01-31,43.4539,-1.0288,0.0575,0.000228,-2.0576,-3.0864,-2.0695,-3.1062,127.818158,107.582999,58.869068,89.181703,42.804435
2014-02-03,42.5888,-1.9908,0.0572,0.000227,-3.9817,-5.9725,-3.9936,-5.9923,125.273516,103.299409,55.353118,85.620148,40.23946
2014-02-04,42.941,0.8269,0.0571,0.000227,1.6538,2.4807,1.6418,2.4608,126.309387,105.007749,56.726242,87.025895,41.22969
2014-02-05,42.9103,-0.0713,0.057,0.000226,-0.1426,-0.2139,-0.1545,-0.2337,126.219317,104.85799,56.60489,86.891397,41.133319
2014-02-06,43.5764,1.5521,0.057,0.000226,3.1043,4.6564,3.0924,4.6366,128.178425,108.113087,59.240661,89.578391,43.040514
2014-02-07,44.0664,1.1244,0.0569,0.000226,2.2489,3.3733,2.2369,3.3535,129.619715,110.544421,61.239039,91.582213,44.48388
2014-02-10,44.0357,-0.0695,0.0566,0.000225,-0.1391,-0.2086,-0.151,-0.2284,129.529589,110.390697,61.111299,91.443931,44.382276
2014-02-11,44.6176,1.3213,0.0565,0.000224,2.6427,3.964,2.6307,3.9442,131.241098,113.307941,63.533739,93.849567,46.132787
2014-02-12,44.7018,0.1887,0.0565,0.000224,0.3774,0.5661,0.3654,0.5462,131.48873,113.73553,63.893374,94.19253,46.384783
2014-02-13,44.8625,0.3597,0.0564,0.000224,0.7194,1.079,0.7074,1.0592,131.961665,114.553691,64.582803,94.858871,46.876099
2014-02-14,45.0846,0.4949,0.0563,0.000223,0.9898,1.4847,0.9779,1.4649,132.614738,115.687535,65.541657,95.78646,47.562776
2014-02-18,45.2836,0.4415,0.056,0.000222,0.883,1.3245,0.8711,1.3047,133.200228,116.709049,66.409751,96.620823,48.183319
2014-02-19,44.9927,-0.6425,0.0559,0.000222,-1.2849,-1.9274,-1.2969,-1.9472,132.344463,115.209418,65.129771,95.367787,47.24509
2014-02-20,45.2453,0.5615,0.0558,0.000221,1.123,1.6846,1.1111,1.6648,133.087605,116.503269,66.226924,96.427433,48.031606
2014-02-21,45.253,0.0169,0.0557,0.000221,0.0339,0.0508,0.022,0.031,133.110159,116.542756,66.260594,96.448614,48.046512
2014-02-24,45.5362,0.6259,0.0555,0.00022,1.2518,1.8778,1.2399,1.858,133.943326,118.001692,67.504815,97.644499,48.939198
2014-02-25,45.4214,-0.2522,0.0554,0.00022,-0.5043,-0.7565,-0.5162,-0.7763,133.60558,117.406595,66.994162,97.140421,48.559297
2014-02-26,45.4291,0.0168,0.0553,0.00022,0.0337,0.0505,0.0218,0.0307,133.628078,117.446135,67.028005,97.161551,48.57421
2014-02-27,45.5975,0.3707,0.0552,0.000219,0.7415,1.1122,0.7296,1.0924,134.123499,118.316989,67.773517,97.870409,49.104852
2014-02-28,45.72,0.2687,0.0552,0.000219,0.5373,0.806,0.5254,0.7862,134.483844,118.952745,68.319771,98.384628,49.490913
2014-03-03,45.0999,-1.3564,0.0549,0.000218,-2.7127,-4.0691,-2.7246,-4.0889,132.659756,115.725886,65.539781,95.703993,47.467286
2014-03-04,45.8654,1.6975,0.0548,0.000218,3.395,5.0925,3.3831,5.0727,134.911659,119.654786,68.8774,98.941737,49.875163
2014-03-05,45.8884,0.0501,0.0547,0.000217,0.1002,0.1502,0.0882,0.1304,134.97922,119.774627,68.980876,99.029035,49.940216
2014-03-06,46.0951,0.4504,0.0547,0.000217,0.9009,1.3513,0.8889,1.3315,135.587208,120.85363,69.91301,99.909342,50.605167
2014-03-07,45.9497,-0.3155,0.0546,0.000217,-0.6311,-0.9466,-0.643,-0.9664,135.159381,120.090956,69.251207,99.26693,50.116115
2014-03-10,45.743,-0.4499,0.0543,0.000216,-0.8997,-1.3496,-0.9116,-1.3694,134.551359,119.010485,68.316616,98.36198,49.429844
2014-03-11,45.5056,-0.5188,0.0542,0.000215,-1.0377,-1.5565,-1.0496,-1.5763,133.853257,117.775544,67.25326,97.329577,48.650678
2014-03-12,45.4597,-0.1009,0.0542,0.000215,-0.2018,-0.3028,-0.2138,-0.3226,133.71817,117.537821,67.04964,97.12152,48.49375
2014-03-13,44.8472,-1.3473,0.0541,0.000215,-2.6945,-4.0418,-2.7064,-4.0616,131.916636,114.370737,64.339638,94.49298,46.524138
2014-03-14,44.8013,-0.1024,0.054,0.000214,-0.2048,-0.3073,-0.2168,-0.3271,131.781526,114.136459,64.141947,94.288156,46.371978
2014-03-17,45.1841,0.8544,0.0538,0.000213,1.7088,2.5632,1.6969,2.5434,132.907478,116.08684,65.786048,95.888127,47.551418
2014-03-18,45.5286,0.7624,0.0537,0.000213,1.5249,2.2873,1.513,2.2675,133.920817,117.857025,67.290786,97.338877,48.62966
2014-03-19,45.0846,-0.9753,0.0536,0.000213,-1.9505,-2.9258,-1.9624,-2.9456,132.614738,115.558195,65.322001,95.428656,47.197236
2014-03-20,45.1688,0.1868,0.0535,0.000212,0.3736,0.5603,0.3616,0.5406,132.862437,115.989877,65.688028,95.773768,47.452362
2014-03-21,45.0922,-0.1695,0.0534,0.000212,-0.339,-0.5084,-0.3509,-0.5282,132.637258,115.596711,65.354038,95.437713,47.201701
2014-03-24,45.0539,-0.0849,0.0532,0.000211,-0.1698,-0.2547,-0.1817,-0.2745,132.524646,115.400422,65.187577,95.264282,47.072135
2014-03-25,45.3342,0.622,0.0531,0.000211,1.2441,1.8661,1.2321,1.8463,133.348994,116.836081,66.404043,96.438081,47.941234
2014-03-26,45.1494,-0.4076,0.053,0.00021,-0.8152,-1.2228,-0.8271,-1.2426,132.805458,115.883624,65.592046,95.640417,47.345518
2014-03-27,45.2649,0.2558,0.0529,0.00021,0.5116,0.7674,0.4997,0.7477,133.14519,116.476512,66.095423,96.11834,47.699497
2014-03-28,45.5498,0.6294,0.0528,0.00021,1.2587,1.8881,1.2468,1.8683,133.98316,117.942638,67.343368,97.316757,48.590672
2014-03-31,45.9424,0.8621,0.0526,0.000209,1.7241,2.5862,1.7122,2.5664,135.138162,119.976088,69.084969,98.983001,49.837688
2014-04-01,46.2812,0.7374,0.0525,0.000208,1.4748,2.2122,1.4629,2.1924,136.134671,121.745494,70.613266,100.431008,50.930338
2014-04-02,46.3505,0.1497,0.0524,0.000208,0.2994,0.4492,0.2875,0.4294,136.338497,122.110058,70.930441,100.71978,51.149027
2014-04-03,46.2504,-0.2159,0.0524,0.000208,-0.4319,-0.6478,-0.4438,-0.6676,136.044074,121.582665,70.470918,100.272772,50.807541
2014-04-04,45.8501,-0.8657,0.0523,0.000207,-1.7313,-2.597,-1.7432,-2.6168,134.866394,119.477679,68.640802,98.524783,49.478029
2014-04-07,45.5344,-0.6885,0.052,0.000206,-1.377,-2.0655,-1.3889,-2.0853,133.93785,117.832492,67.223043,97.156376,48.446287
2014-04-08,45.7038,0.372,0.0519,0.000206,0.744,1.116,0.7321,1.0962,134.43611,118.709185,67.973269,97.867661,48.977378
2014-04-09,46.2427,1.1793,0.0519,0.000206,2.3585,3.5378,2.3466,3.518,136.021453,121.508949,70.378001,100.164219,50.700395
2014-04-10,45.3881,-1.8482,0.0518,0.000205,-3.6963,-5.5445,-3.7083,-5.5643,133.507544,117.017563,66.475883,96.449875,47.879278
2014-04-11,45.0339,-0.7803,0.0517,0.000205,-1.5606,-2.3409,-1.5725,-2.3606,132.465804,115.191422,64.919779,94.933219,46.749025
2014-04-14,45.2803,0.5471,0.0515,0.000204,1.0942,1.6412,1.0823,1.6215,133.1905,116.451803,65.985271,95.960635,47.507047
2014-04-15,45.2726,-0.017,0.0514,0.000204,-0.034,-0.051,-0.0459,-0.0708,133.167845,116.412188,65.9516,95.916562,47.473411
2014-04-16,45.75,1.0544,0.0513,0.000204,2.1088,3.1632,2.0969,3.1435,134.571983,118.867116,68.037805,97.92785,48.965721
2014-04-17,45.9347,0.4039,0.0512,0.000203,0.8078,1.2117,0.7959,1.1919,135.115519,119.827324,68.862218,98.707248,49.549357
2014-04-21,46.004,0.1509,0.0509,0.000202,0.3017,0.4526,0.2898,0.4328,135.319356,120.18887,69.173878,98.993316,49.763814
2014-04-22,46.1734,0.3682,0.0508,0.000202,0.7364,1.1046,0.7245,1.0849,135.817616,121.073966,69.937994,99.710535,50.303683
2014-04-23,46.081,-0.2001,0.0507,0.000201,-0.4002,-0.6003,-0.4121,-0.6201,135.545848,120.589433,69.518161,99.299625,49.99177
2014-04-24,46.1041,0.0501,0.0506,0.000201,0.1003,0.1504,0.0884,0.1306,135.613801,120.710343,69.622715,99.387365,50.057075
2014-04-25,45.7423,-0.7849,0.0505,0.000201,-1.5699,-2.3548,-1.5818,-2.3746,134.549317,118.815341,67.98323,97.815272,48.86843
2014-04-28,45.8808,0.303,0.0503,0.0002,0.606,0.9089,0.594,0.8892,134.956969,119.535305,68.601148,98.39634,49.30295
2014-04-29,46.1118,0.5035,0.0502,0.000199,1.0069,1.5104,0.995,1.4906,135.636422,120.738928,69.637285,99.375396,50.037867
2014-04-30,46.2812,0.3673,0.0501,0.000199,0.7347,1.102,0.7228,1.0823,136.134671,121.625976,70.404705,100.093659,50.579407
2014-05-01,46.3736,0.1996,0.0501,0.000199,0.3993,0.5989,0.3874,0.5792,136.40645,122.111603,70.826372,100.481396,50.872341
2014-05-02,46.389,0.0332,0.05,0.000198,0.0664,0.0996,0.0545,0.0798,136.451737,122.192686,70.896916,100.536155,50.912957
2014-05-05,46.3967,0.0166,0.0497,0.000197,0.0332,0.0498,0.0213,0.03,136.474392,122.233261,70.932228,100.557571,50.928256
2014-05-06,46.1888,-0.4481,0.0496,0.000197,-0.8961,-1.3442,-0.908,-1.3639,135.862914,121.137921,69.978786,99.644498,50.233636
2014-05-07,46.3813,0.4167,0.0496,0.000197,0.8334,1.2502,0.8215,1.2304,136.429082,122.147533,70.853633,100.463115,50.851712
2014-05-08,46.312,-0.1494,0.0495,0.000196,-0.2988,-0.4482,-0.3107,-0.4679,136.225279,121.782595,70.536101,100.151005,50.613771
2014-05-09,46.3274,0.0332,0.0494,0.000196,0.0664,0.0997,0.0545,0.0799,136.270532,121.863506,70.606396,100.205624,50.654213
2014-05-12,46.7355,0.8809,0.0492,0.000195,1.7617,2.6426,1.7498,2.6228,137.470889,124.010408,72.472233,101.959047,51.982789
2014-05-13,46.7124,-0.0494,0.0491,0.000195,-0.0988,-0.1483,-0.1107,-0.168,137.402947,123.887829,72.36478,101.846131,51.895445
2014-05-14,46.5969,-0.2473,0.049,0.000194,-0.4945,-0.7418,-0.5064,-0.7615,137.063204,123.275177,71.827991,101.330359,51.500243
2014-05-15,46.2658,-0.7105,0.0489,0.000194,-1.4209,-2.1314,-1.4328,-2.1512,136.089406,121.523502,70.297035,99.87845,50.392384
2014-05-16,46.4737,0.4493,0.0488,0.000194,0.8986,1.3479,0.8867,1.3281,136.70085,122.615503,71.24456,100.764064,51.061662
2014-05-19,46.5199,0.0994,0.0486,0.000193,0.1988,0.2982,0.1869,0.2784,136.836723,122.859248,71.456999,100.952382,51.203834
2014-05-20,46.2119,-0.662,0.0485,0.000192,-1.324,-1.986,-1.3359,-2.0058,135.930856,121.232578,70.037851,99.603749,50.176805
2014-05-21,46.5276,0.6831,0.0484,0.000192,1.3662,2.0493,1.3543,2.0295,136.859389,122.888838,71.473119,100.952668,51.195157
2014-05-22,46.7124,0.3972,0.0483,0.000192,0.7943,1.1915,0.7824,1.1717,137.402947,123.864982,72.324719,101.742554,51.795035
2014-05-23,46.9126,0.4285,0.0482,0.000191,0.8571,1.2856,0.8452,1.2659,137.99177,124.926597,73.254534,102.602459,52.450689
2014-05-27,47.1282,0.4595,0.0479,0.00019,0.9191,1.3786,0.9072,1.3589,138.625903,126.074782,74.264444,103.533259,53.163434
2014-05-28,47.0435,-0.1797,0.0478,0.00019,-0.3594,-0.5391,-0.3713,-0.5589,138.376778,125.621645,73.864063,103.148824,52.866318
2014-05-29,47.3283,0.6056,0.0478,0.000189,1.2111,1.8167,1.1992,1.7969,139.214737,127.143081,75.205943,104.385816,53.816296
2014-05-30,47.2283,-0.2115,0.0477,0.000189,-0.423,-0.6344,-0.4349,-0.6542,138.920325,126.605316,74.728806,103.931888,53.464239
2014-06-02,47.413,0.3913,0.0474,0.000188,0.7826,1.1738,0.7707,1.1541,139.463895,127.596082,75.606006,104.732858,54.081271
2014-06-03,47.3438,-0.1461,0.0473,0.000188,-0.2923,-0.4384,-0.3042,-0.4582,139.260069,127.22312,75.274512,104.414268,53.833476
2014-06-04,47.39,0.0976,0.0473,0.000188,0.1952,0.2928,0.1833,0.273,139.395964,127.471418,75.494879,104.605631,53.980448
2014-06-05,47.7441,0.7473,0.0472,0.000187,1.4946,2.2419,1.4827,2.2222,140.437681,129.376626,77.187417,106.156642,55.179993
2014-06-06,48.0059,0.5483,0.0471,0.000187,1.0966,1.645,1.0847,1.6252,141.207731,130.795426,78.457123,107.308176,56.076792
2014-06-09,48.0598,0.1123,0.0468,0.000186,0.2245,0.3368,0.2127,0.3171,141.36627,131.089123,78.721382,107.536372,56.254602
2014-06-10,48.0213,-0.0801,0.0468,0.000186,-0.1602,-0.2404,-0.1721,-0.2601,141.253007,130.879066,78.532167,107.351268,56.108286
2014-06-11,47.8519,-0.3527,0.0467,0.000185,-0.7054,-1.0581,-0.7173,-1.0779,140.754792,129.955816,77.701192,106.581222,55.503512
2014-06-12,47.6671,-0.3862,0.0466,0.000185,-0.7723,-1.1585,-0.7842,-1.1782,140.211245,128.952126,76.801026,105.745388,54.849552
2014-06-13,47.798,0.2746,0.0465,0.000185,0.5491,0.8237,0.5372,0.804,140.59622,129.660247,77.433638,106.313499,55.290525
2014-06-16,47.7672,-0.0644,0.0463,0.000184,-0.1288,-0.1932,-0.1407,-0.2129,140.505668,129.49323,77.284023,106.163914,55.172784
2014-06-17,47.8596,0.1934,0.0462,0.000183,0.3868,0.5802,0.3749,0.5605,140.777413,129.994124,77.732437,106.561945,55.482019
2014-06-18,48.1368,0.5792,0.0461,0.000183,1.1584,1.7375,1.1465,1.7178,141.592762,131.499912,79.083059,107.783637,56.435087
2014-06-19,48.2215,0.176,0.046,0.000183,0.3519,0.5279,0.34,0.5081,141.841897,131.962666,79.500504,108.150118,56.721848
2014-06-20,48.2985,0.1597,0.0459,0.000182,0.3193,0.479,0.3074,0.4592,142.068356,132.384037,79.881285,108.482596,56.982336
2014-06-23,48.2215,-0.1594,0.0457,0.000181,-0.3188,-0.4782,-0.3307,-0.4979,141.841897,131.961995,79.499291,108.123855,56.698603
2014-06-24,47.9833,-0.4939,0.0456,0.000181,-0.9877,-1.4816,-0.9996,-1.5013,141.141382,130.658553,78.321421,107.043019,55.847366
2014-06-25,48.0687,0.1779,0.0455,0.000181,0.3557,0.5336,0.3438,0.5138,141.392403,131.123306,78.739306,107.411048,56.134324
2014-06-26,48.0609,-0.0162,0.0455,0.00018,-0.0323,-0.0485,-0.0442,-0.0682,141.369535,131.080892,78.701101,107.363536,56.096014
2014-06-27,48.2238,0.339,0.0454,0.00018,0.6779,1.0169,0.666,0.9972,141.848731,131.969533,79.501413,108.078628,56.65539
2014-06-30,48.2704,0.0965,0.0451,0.000179,0.193,0.2896,0.1812,0.2698,141.985647,132.224294,79.731624,108.274423,56.808271
2014-07-01,48.6815,0.8517,0.045,0.000179,1.7033,2.555,1.6914,2.5353,143.194879,134.476493,81.768746,110.10581,58.248504
2014-07-02,48.7202,0.0797,0.045,0.000178,0.1594,0.239,0.1475,0.2193,143.308973,134.690786,81.964199,110.268182,58.376248
2014-07-03,48.9374,0.4458,0.0449,0.000178,0.8916,1.3374,0.8797,1.3176,143.947829,135.891661,83.060362,111.238206,59.145441
2014-07-07,48.6272,-0.634,0.0445,0.000177,-1.2681,-1.9021,-1.28,-1.9218,143.03514,134.168442,81.480451,109.814394,58.008759
2014-07-08,48.2393,-0.7976,0.0445,0.000176,-1.5951,-2.3927,-1.607,-2.4124,141.894355,132.028304,79.530894,108.049682,56.609363
2014-07-09,48.441,0.4181,0.0444,0.000176,0.8362,1.2542,0.8243,1.2345,142.487587,133.132274,80.528403,108.940313,57.30822
2014-07-10,48.123,-0.6565,0.0443,0.000176,-1.313,-1.9695,-1.3249,-1.9892,141.552142,131.384221,78.942373,107.496961,56.168218
2014-07-11,48.1385,0.0322,0.0442,0.000175,0.0644,0.0966,0.0525,0.0769,141.59771,131.46881,79.018611,107.553398,56.211388
2014-07-14,48.4255,0.5962,0.044,0.000174,1.1924,1.7886,1.1805,1.7689,142.44193,133.036471,80.431962,108.823108,57.20572
2014-07-15,48.2781,-0.3043,0.0439,0.000174,-0.6087,-0.913,-0.6206,-0.9327,142.008425,132.22671,79.697607,108.1478,56.672147
2014-07-16,48.4875,0.4338,0.0438,0.000174,0.8676,1.3014,0.8558,1.2817,142.624481,133.373952,80.734831,109.073277,57.398535
2014-07-17,47.8903,-1.2318,0.0437,0.000174,-2.4636,-3.6954,-2.4755,-3.7151,140.867651,130.088186,77.751387,106.373218,55.266137
2014-07-18,48.3944,1.0528,0.0436,0.000173,2.1055,3.1583,2.0936,3.1386,142.350649,132.827217,80.206992,108.60029,57.000702
2014-07-21,48.2859,-0.2244,0.0434,0.000172,-0.4488,-0.6732,-0.4607,-0.6929,142.031226,132.231112,79.66706,108.10001,56.605753
2014-07-22,48.5263,0.498,0.0433,0.000172,0.996,1.494,0.9842,1.4743,142.738563,133.548174,80.857322,109.163879,57.440313
2014-07-23,48.6504,0.2558,0.0432,0.000172,0.5115,0.7673,0.4996,0.7475,143.103621,134.23128,81.477706,109.709291,57.869708
2014-07-24,48.6892,0.0797,0.0432,0.000171,0.1594,0.2391,0.1475,0.2194,143.217669,134.445234,81.67251,109.871129,57.996663
2014-07-25,48.4875,-0.4142,0.0431,0.000171,-0.8284,-1.2426,-0.8402,-1.2623,142.624481,133.331527,80.657681,108.947937,57.264591
2014-07-28,48.4875,0.0,0.0428,0.00017,0.0,0.0,-0.0119,-0.0197,142.624481,133.331527,80.657681,108.934998,57.253307
2014-07-29,48.2704,-0.4479,0.0427,0.00017,-0.8958,-1.3437,-0.9077,-1.3634,141.985647,132.137108,79.573852,107.946193,56.47269
2014-07-30,48.2936,0.0482,0.0427,0.000169,0.0964,0.1445,0.0845,0.1248,142.05406,132.264444,79.688875,108.037397,56.543194
2014-07-31,47.4249,-1.7989,0.0426,0.000169,-3.5978,-5.3967,-3.6097,-5.4164,139.498634,127.505804,75.38828,104.137574,53.480568
2014-08-01,47.262,-0.3435,0.0425,0.000169,-0.687,-1.0304,-0.6988,-1.0501,139.019483,126.629889,74.611447,103.409823,52.918945
2014-08-04,47.5645,0.6401,0.0422,0.000168,1.2801,1.9202,1.2683,1.9005,139.909304,128.250927,76.044142,104.721333,53.924674
2014-08-05,47.0836,-1.0111,0.0422,0.000167,-2.0221,-3.0332,-2.034,-3.0529,138.494731,125.657528,73.737577,102.591299,52.278411
2014-08-06,47.0293,-0.1153,0.0421,0.000167,-0.2306,-0.346,-0.2425,-0.3657,138.335014,125.367703,73.482466,102.342494,52.087245
2014-08-07,46.7423,-0.6103,0.042,0.000167,-1.2205,-1.8308,-1.2324,-1.8505,137.490817,123.837576,72.137174,101.081241,51.123389
2014-08-08,47.0913,0.7468,0.0419,0.000166,1.4935,2.2403,1.4816,2.2206,138.517543,125.687114,73.753248,102.578908,52.258625
2014-08-11,47.3163,0.4777,0.0417,0.000165,0.9553,1.433,0.9435,1.4133,139.1792,126.887854,74.81014,103.546708,52.997204
2014-08-12,47.262,-0.1148,0.0416,0.000165,-0.2295,-0.3443,-0.2414,-0.364,139.019483,126.596631,74.552592,103.296763,52.804313
2014-08-13,47.5412,0.5908,0.0415,0.000165,1.1817,1.7725,1.1698,1.7528,139.840858,128.092582,75.874037,104.505125,53.729871
2014-08-14,47.7662,0.4732,0.0414,0.000164,0.9463,1.4195,0.9345,1.3998,140.502537,129.304764,76.951068,105.481685,54.481984
2014-08-15,47.7429,-0.0487,0.0413,0.000164,-0.0974,-0.1461,-0.1092,-0.1657,140.434135,129.178862,76.83868,105.366459,54.391683
2014-08-18,48.154,0.8611,0.0411,0.000163,1.7221,2.5832,1.7102,2.5635,141.643345,131.403455,78.823542,107.168471,55.785994
2014-08-19,48.2781,0.2577,0.041,0.000163,0.5155,0.7732,0.5036,0.7535,142.008425,132.080829,79.433035,107.708196,56.206368
2014-08-20,48.3169,0.0803,0.0409,0.000162,0.1606,0.241,0.1488,0.2213,142.122485,132.293001,79.624434,107.868433,56.330734
2014-08-21,48.4177,0.2087,0.0408,0.000162,0.4174,0.6261,0.4056,0.6065,142.419118,132.845236,80.123002,108.305909,56.672357
2014-08-22,48.3712,-0.0961,0.0408,0.000162,-0.1923,-0.2884,-0.2041,-0.3081,142.282213,132.589832,79.89194,108.08483,56.497765
2014-08-25,48.5961,0.465,0.0405,0.000161,0.9301,1.3951,0.9182,1.3755,142.943892,133.823043,81.006546,109.077295,57.274866
2014-08-26,48.6427,0.0958,0.0404,0.00016,0.1916,0.2874,0.1797,0.2677,143.08082,134.079424,81.239337,109.273323,57.428184
2014-08-27,48.728,0.1754,0.0404,0.00016,0.3508,0.5262,0.3389,0.5065,143.331762,134.549734,81.666781,109.643654,57.71904
2014-08-28,48.5651,-0.3343,0.0403,0.00016,-0.6686,-1.0028,-0.6804,-1.0225,142.852634,133.65019,80.847796,108.897611,57.128849
2014-08-29,48.6815,0.2396,0.0402,0.000159,0.4792,0.7187,0.4673,0.6991,143.194879,134.290588,81.42888,109.406483,57.528211
2014-09-02,48.759,0.1593,0.0399,0.000158,0.3186,0.478,0.3068,0.4583,143.423021,134.718497,81.818084,109.74212,57.791855
2014-09-03,48.8599,0.2069,0.0398,0.000158,0.4137,0.6206,0.4019,0.6009,143.71971,135.275863,82.325838,110.183132,58.139131
2014-09-04,48.7047,-0.3176,0.0397,0.000158,-0.6351,-0.9527,-0.647,-0.9724,143.263304,134.41668,81.541519,109.47025,57.573797
2014-09-05,48.8133,0.223,0.0396,0.000157,0.4459,0.6689,0.434,0.6492,143.582715,135.016055,82.086919,109.945399,57.947556
2014-09-08,48.5186,-0.6038,0.0394,0.000156,-1.2077,-1.8115,-1.2195,-1.8312,142.715717,133.385516,80.599919,108.604587,56.886437
2014-09-09,48.2626,-0.5276,0.0393,0.000156,-1.0551,-1.5827,-1.067,-1.6023,141.962813,131.97815,79.324291,107.445805,55.97492
2014-09-10,48.4255,0.3375,0.0392,0.000156,0.675,1.0125,0.6631,0.9928,142.44193,132.868989,80.127437,108.158307,56.530644
2014-09-11,48.3246,-0.2082,0.0391,0.000155,-0.4164,-0.6247,-0.4283,-0.6444,142.14533,132.315657,79.626901,107.695053,56.166389
2014-09-12,48.0842,-0.4976,0.039,0.000155,-0.9952,-1.4928,-1.0071,-1.5125,141.438016,130.998852,78.438232,106.610499,55.316887
2014-09-15,47.9833,-0.2097,0.0388,0.000154,-0.4195,-0.6292,-0.4313,-0.6489,141.141382,130.449373,77.944714,106.150673,54.957962
2014-09-16,48.3014,0.6628,0.0387,0.000154,1.3256,1.9884,1.3137,1.9687,142.07685,132.178577,79.494537,107.54519,56.039913
2014-09-17,48.123,-0.3693,0.0386,0.000153,-0.7386,-1.1079,-0.7505,-1.1276,141.552142,131.202274,78.613788,106.738081,55.408003
2014-09-18,48.3634,0.4996,0.0385,0.000153,0.9993,1.4989,0.9874,1.4792,142.25939,132.513345,79.792139,107.792029,56.22762
2014-09-19,48.1695,-0.401,0.0385,0.000153,-0.802,-1.2029,-0.8138,-1.2226,141.688958,131.45064,78.832287,106.914796,55.540175
2014-09-22,47.8127,-0.7407,0.0382,0.000152,-1.4814,-2.2221,-1.4933,-2.2418,140.639465,129.503325,77.08055,105.318278,54.29509
2014-09-23,47.4869,-0.6814,0.0381,0.000151,-1.3628,-2.0442,-1.3746,-2.0638,139.681163,127.738483,75.504895,103.870536,53.174529
2014-09-24,47.868,0.8026,0.0381,0.000151,1.6051,2.4077,1.5933,2.388,140.8022,129.78886,77.322831,105.525484,54.444357
2014-09-25,47.0887,-1.6282,0.038,0.000151,-3.2563,-4.8845,-3.2682,-4.9041,138.509722,125.562533,73.546025,102.076735,51.774335
2014-09-26,47.3614,0.5793,0.0379,0.00015,1.1586,1.7379,1.1467,1.7182,139.312088,127.017263,74.824148,103.247263,52.663916
2014-09-29,47.1276,-0.4937,0.0376,0.000149,-0.9874,-1.4811,-0.9992,-1.5008,138.624309,125.763103,73.715935,102.215565,51.87356
2014-09-30,47.0575,-0.1488,0.0376,0.000149,-0.2976,-0.4464,-0.3095,-0.4661,138.418015,125.388793,73.386833,101.899222,51.631772
2014-10-01,46.3561,-1.4906,0.0375,0.000149,-2.9811,-4.4717,-2.993,-4.4913,136.354812,121.650803,70.105209,98.849405,49.312813
2014-10-02,46.2158,-0.3026,0.0374,0.000148,-0.6053,-0.9079,-0.6171,-0.9276,135.942144,120.91447,69.468705,98.239366,48.855393
2014-10-03,46.5509,0.7252,0.0373,0.000148,1.4504,2.1755,1.4385,2.1559,136.92797,122.668166,70.980026,99.652546,49.908657
2014-10-06,46.5977,0.1004,0.0371,0.000147,0.2009,0.3013,0.189,0.2816,137.065481,122.914547,71.193873,99.840887,50.049209
2014-10-07,45.943,-1.4049,0.037,0.000147,-2.8099,-4.2148,-2.8217,-4.2345,135.139801,119.460808,68.19319,97.023654,47.929893
2014-10-08,46.66,1.5607,0.0369,0.000146,3.1214,4.6821,3.1095,4.6624,137.248908,123.189624,71.386034,100.040622,50.164576
2014-10-09,45.5923,-2.2883,0.0368,0.000146,-4.5767,-6.865,-4.5885,-6.8846,134.108205,117.551662,66.485397,95.450253,46.710927
2014-10-10,44.9376,-1.4359,0.0367,0.000146,-2.8718,-4.3077,-2.8836,-4.3273,132.182558,114.175835,63.621424,92.697817,44.689592
2014-10-13,44.6259,-0.6937,0.0365,0.000145,-1.3875,-2.0812,-1.3993,-2.1009,131.265549,112.591658,62.297314,91.40066,43.750714
2014-10-14,44.6882,0.1397,0.0364,0.000144,0.2795,0.4192,0.2676,0.3996,131.448975,112.906323,62.558471,91.645269,43.925523
2014-10-15,44.3921,-0.6627,0.0363,0.000144,-1.3254,-1.9882,-1.3373,-2.0078,130.577837,111.409818,61.314709,90.419706,43.04358
2014-10-16,44.3375,-0.1229,0.0362,0.000144,-0.2458,-0.3687,-0.2576,-0.3883,130.417368,111.135992,61.088658,90.186755,42.876431
2014-10-17,44.8909,1.248,0.0362,0.000144,2.4961,3.7441,2.4842,3.7244,132.045013,113.910008,63.375868,92.42718,44.473334
2014-10-20,45.2806,0.868,0.0359,0.000143,1.7361,2.6041,1.7243,2.5845,133.191229,115.887599,65.02627,94.020856,45.622747
2014-10-21,45.9352,1.4458,0.0358,0.000142,2.8916,4.3374,2.8798,4.3178,135.11691,119.238608,67.846723,96.728426,47.592625
2014-10-22,45.53,-0.8822,0.0358,0.000142,-1.7645,-2.6467,-1.7763,-2.6664,133.924846,117.134651,66.050996,95.010198,46.323621
2014-10-23,46.0131,1.0613,0.0357,0.000142,2.1225,3.1838,2.1107,3.1641,135.34614,119.620864,68.15392,97.015557,47.789365
2014-10-24,46.2547,0.5251,0.0356,0.000141,1.0501,1.5752,1.0383,1.5555,136.056787,120.877024,69.227465,98.022841,48.532743
2014-10-27,46.1924,-0.1348,0.0353,0.00014,-0.2696,-0.4044,-0.2814,-0.424,135.873383,120.55114,68.94751,97.74696,48.326942
2014-10-28,46.7925,1.2992,0.0353,0.00014,2.5983,3.8975,2.5865,3.8779,137.638606,123.683464,71.634742,100.275175,50.200993
2014-10-29,46.6288,-0.3498,0.0352,0.00014,-0.6996,-1.0493,-0.7114,-1.069,137.157178,122.81823,70.883055,99.561817,49.664356
2014-10-30,46.886,0.5516,0.0351,0.000139,1.1032,1.6547,1.0913,1.6351,137.913707,124.173107,72.055982,100.648346,50.476413
2014-10-31,47.5017,1.3132,0.035,0.000139,2.6263,3.9395,2.6145,3.9198,139.724733,127.434289,74.894611,103.27977,52.455005
2014-11-03,47.3303,-0.361,0.0348,0.000138,-0.7219,-1.0829,-0.7338,-1.1026,139.22037,126.51429,74.083571,102.52192,51.876663
2014-11-04,47.1588,-0.3623,0.0347,0.000138,-0.7245,-1.0868,-0.7364,-1.1064,138.716028,125.597666,73.278442,101.766982,51.302687
2014-11-05,47.2679,0.2314,0.0346,0.000137,0.4628,0.6942,0.4509,0.6745,139.03701,126.17892,73.787131,102.225897,51.648747
2014-11-06,47.2991,0.0659,0.0345,0.000137,0.1319,0.1978,0.12,0.1782,139.128684,126.345312,73.933085,102.348596,51.740767
2014-11-07,47.3303,0.0659,0.0344,0.000137,0.1318,0.1977,0.12,0.1781,139.22037,126.511834,74.07925,102.471369,51.832897
2014-11-10,47.4706,0.2964,0.0342,0.000136,0.5928,0.8892,0.581,0.8696,139.633037,127.261829,74.737992,103.066712,52.283638
2014-11-11,47.5952,0.2627,0.0341,0.000135,0.5253,0.788,0.5135,0.7684,139.9998,127.930367,75.326917,103.595941,52.685359
2014-11-12,47.4783,-0.2456,0.034,0.000135,-0.4912,-0.7368,-0.503,-0.7564,139.655961,127.301974,74.771909,103.074812,52.286829
2014-11-13,47.4627,-0.0328,0.0339,0.000135,-0.0657,-0.0985,-0.0775,-0.1182,139.610091,127.218348,74.698232,102.994896,52.225041
2014-11-14,47.5875,0.2627,0.0339,0.000134,0.5255,0.7882,0.5137,0.7686,139.97691,127.886869,75.287031,103.523929,52.626445
2014-11-17,47.5017,-0.1802,0.0336,0.000133,-0.3603,-0.5405,-0.3722,-0.5601,139.724733,127.426078,74.880129,103.138664,52.331684
2014-11-18,47.8135,0.6563,0.0335,0.000133,1.3125,1.9688,1.3007,1.9491,140.641686,129.098562,76.354347,104.480162,53.351702
2014-11-19,47.7667,-0.0978,0.0335,0.000133,-0.1956,-0.2933,-0.2074,-0.313,140.504164,128.846092,76.130364,104.263467,53.184723
2014-11-20,47.7043,-0.1305,0.0334,0.000132,-0.2611,-0.3916,-0.2729,-0.4113,140.320749,128.509699,75.832221,103.97891,52.966
2014-11-21,48.1096,0.8495,0.0333,0.000132,1.6991,2.5486,1.6873,2.529,141.512836,130.693193,77.764906,105.733295,54.305512
2014-11-24,48.2031,0.1944,0.033,0.000131,0.3888,0.5832,0.3769,0.5635,141.787914,131.201285,78.218393,106.131835,54.611537
2014-11-25,48.2499,0.097,0.033,0.000131,0.194,0.291,0.1822,0.2714,141.92547,131.455856,78.446044,106.325201,54.759763
2014-11-26,48.3746,0.2585,0.0329,0.00013,0.5169,0.7754,0.5051,0.7557,142.292278,132.135354,79.054279,106.862213,55.173598
2014-11-28,48.1018,-0.5639,0.0327,0.00013,-1.1278,-1.6917,-1.1396,-1.7113,141.489901,130.645148,77.716932,105.644385,54.229409
2014-12-01,47.7433,-0.7453,0.0325,0.000129,-1.4906,-2.2359,-1.5024,-2.2555,140.435369,128.697739,75.979248,104.057137,53.006244
2014-12-02,47.9148,0.3591,0.0324,0.000129,0.7183,1.0774,0.7065,1.0578,140.939733,129.622157,76.79787,104.79225,53.566948
2014-12-03,48.1018,0.3904,0.0323,0.000128,0.7807,1.1711,0.7689,1.1514,141.489901,130.634134,77.697227,105.597975,54.183743
2014-12-04,47.9771,-0.2592,0.0322,0.000128,-0.5184,-0.7776,-0.5302,-0.7972,141.12316,129.956928,77.093055,105.03806,53.75178
2014-12-05,48.0473,0.1462,0.0321,0.000128,0.2923,0.4385,0.2805,0.4189,141.329443,130.336851,77.431121,105.332703,53.976945
2014-12-08,47.642,-0.8435,0.0319,0.000127,-1.6869,-2.5304,-1.6987,-2.55,140.13739,128.13818,75.471826,103.543366,52.600538
2014-12-09,47.4939,-0.3108,0.0318,0.000126,-0.6216,-0.9325,-0.6335,-0.9521,139.701809,127.341612,74.768073,102.88744,52.099735
2014-12-10,46.8081,-1.444,0.0317,0.000126,-2.8881,-4.3321,-2.8999,-4.3517,137.684477,123.663916,71.529059,99.90382,49.832511
2014-12-11,46.8159,0.0166,0.0316,0.000126,0.0333,0.0499,0.0214,0.0303,137.707379,123.705055,71.564752,99.925235,49.847602
2014-12-12,46.0365,-1.6647,0.0316,0.000125,-3.3295,-4.9942,-3.3413,-5.0138,135.414923,119.586347,67.990673,96.586442,47.348341
2014-12-15,45.5378,-1.0835,0.0313,0.000124,-2.1669,-3.2504,-2.1787,-3.27,133.94777,116.995029,65.780737,94.482083,45.800067
2014-12-16,45.4598,-0.1712,0.0312,0.000124,-0.3423,-0.5135,-0.3541,-0.5331,133.718517,116.594553,65.442985,94.147492,45.555923
2014-12-17,46.3327,1.9201,0.0312,0.000124,3.8402,5.7603,3.8284,5.7407,136.286039,121.072005,69.212687,97.751796,48.171139
2014-12-18,47.1432,1.7494,0.0311,0.000123,3.4987,5.2481,3.4869,5.2285,138.67018,125.307988,72.845035,101.160304,50.689759
2014-12-19,47.2991,0.3306,0.031,0.000123,0.6613,0.9919,0.6495,0.9723,139.128684,126.136634,73.567608,101.817299,51.182626
2014-12-22,47.572,0.577,0.0307,0.000122,1.154,1.731,1.1422,1.7114,139.931466,127.592267,74.841077,102.98024,52.058571
2014-12-23,47.5485,-0.0495,0.0307,0.000122,-0.0989,-0.1484,-0.1107,-0.168,139.862267,127.466073,74.730046,102.866208,51.971131
2014-12-24,47.6818,0.2804,0.0306,0.000121,0.5608,0.8411,0.5489,0.8215,140.254412,128.18085,75.358628,103.430872,52.398089
2014-12-26,47.8935,0.4441,0.0304,0.000121,0.8881,1.3322,0.8763,1.3126,140.877245,129.319285,76.362572,104.337258,53.085874
2014-12-29,47.7681,-0.262,0.0302,0.00012,-0.524,-0.786,-0.5358,-0.8056,140.508159,128.641675,75.762383,103.77821,52.658226
2014-12-30,47.5171,-0.5254,0.0301,0.000119,-1.0507,-1.5761,-1.0626,-1.5957,139.769976,127.289994,74.568292,102.675506,51.817957
2014-12-31,47.1485,-0.7757,0.03,0.000119,-1.5514,-2.3271,-1.5632,-2.3467,138.685777,125.315211,72.833008,101.070451,50.60194
2015-01-02,47.023,-0.2661,0.0301,0.000119,-0.5323,-0.7984,-0.5441,-0.818,138.31668,124.648185,72.251496,100.520523,50.188005
2015-01-05,46.1133,-1.9346,0.0303,0.00012,-3.8692,-5.8038,-3.8811,-5.8234,135.640787,119.825265,68.058136,96.619268,47.265334
2015-01-06,45.6506,-1.0034,0.0303,0.00012,-2.0068,-3.0103,-2.0187,-3.0299,134.279737,117.420558,66.009404,94.668843,45.833255
2015-01-07,46.2388,1.2884,0.0304,0.000121,2.5769,3.8653,2.5651,3.8457,136.009851,120.446344,68.560878,97.097148,47.59587
2015-01-08,46.9368,1.5095,0.0304,0.000121,3.019,4.5285,3.0072,4.5089,138.062932,124.082643,71.665677,100.017046,49.741931
2015-01-09,46.6231,-0.6683,0.0305,0.000121,-1.3367,-2.005,-1.3485,-2.0246,137.140201,122.424052,70.228763,98.668306,48.73484
2015-01-12,46.38,-0.5214,0.0307,0.000122,-1.0428,-1.5642,-1.0547,-1.5839,136.425132,121.147379,69.130215,97.627695,47.962953
2015-01-13,46.4113,0.0676,0.0307,0.000122,0.1352,0.2029,0.1234,0.1833,136.51739,121.311231,69.270463,97.748189,48.050853
2015-01-14,46.1996,-0.4562,0.0308,0.000122,-0.9125,-1.3687,-0.9243,-1.3883,135.894557,120.204315,68.322366,96.844714,47.383764
2015-01-15,46.0506,-0.3225,0.0308,0.000122,-0.6451,-0.9676,-0.6569,-0.9872,135.456238,119.428894,67.661259,96.208527,46.915973
2015-01-16,46.6152,1.2261,0.0309,0.000123,2.4523,3.6784,2.4405,3.6588,137.117131,122.357641,70.150138,98.556462,48.632549
2015-01-20,46.7015,0.1851,0.0311,0.000123,0.3701,0.5552,0.3583,0.5356,137.370878,122.810508,70.539595,98.909578,48.893007
2015-01-21,47.0466,0.7389,0.0312,0.000124,1.4778,2.2166,1.4659,2.197,138.385878,124.625342,72.103195,100.359515,49.967194
2015-01-22,47.5877,1.1502,0.0312,0.000124,2.3004,3.4506,2.2886,3.431,139.977606,127.492247,74.591208,102.656331,51.681576
2015-01-23,47.2348,-0.7416,0.0313,0.000124,-1.4832,-2.2247,-1.495,-2.2444,138.939558,125.601329,72.931744,101.121626,50.521657
2015-01-26,47.5563,0.6807,0.0314,0.000125,1.3614,2.0421,1.3496,2.0225,139.885314,127.311257,74.421076,102.486325,51.543445
2015-01-27,47.2583,-0.6266,0.0315,0.000125,-1.2533,-1.8799,-1.2651,-1.8995,139.008745,125.715705,73.022032,101.189771,50.564368
2015-01-28,46.6623,-1.2612,0.0315,0.000125,-2.5224,-3.7836,-2.5342,-3.8032,137.255562,122.544643,70.259162,98.62538,48.641291
2015-01-29,47.0544,0.8403,0.0316,0.000125,1.6806,2.5209,1.6688,2.5013,138.408937,124.604158,72.030351,100.271233,49.857966
2015-01-30,46.38,-1.4333,0.0316,0.000126,-2.8666,-4.2999,-2.8784,-4.3195,136.425132,121.032275,68.933135,97.38501,47.704354
2015-02-02,46.9995,1.3358,0.0318,0.000126,2.6716,4.0073,2.6597,3.9877,138.24747,124.26572,71.695516,99.975182,49.606669
2015-02-03,47.6818,1.4517,0.0319,0.000126,2.9034,4.3551,2.8916,4.3355,140.254412,127.873657,74.817933,102.866036,51.757361
2015-02-04,47.4701,-0.4441,0.0319,0.000127,-0.8881,-1.3322,-0.9,-1.3518,139.631578,126.73795,73.821192,101.940262,51.057684
2015-02-05,48.0347,1.1895,0.032,0.000127,2.379,3.5684,2.3671,3.5488,141.292471,129.753,76.455461,104.353321,52.869633
2015-02-06,47.5877,-0.9306,0.032,0.000127,-1.8612,-2.7918,-1.873,-2.8114,139.977606,127.338042,74.320982,102.398752,51.383249
2015-02-09,47.4622,-0.2637,0.0322,0.000128,-0.5273,-0.791,-0.5392,-0.8106,139.608531,126.666545,73.733102,101.846651,50.966725
2015-02-10,47.8622,0.8427,0.0322,0.000128,1.6854,2.5281,1.6735,2.5085,140.784999,128.801359,75.597128,103.551102,52.2452
2015-02-11,47.7524,-0.2294,0.0323,0.000128,-0.4588,-0.6883,-0.4707,-0.7079,140.462008,128.210363,75.07682,103.06371,51.875364
2015-02-12,48.3562,1.2646,0.0324,0.000128,2.5292,3.7938,2.5173,3.7741,142.238272,131.453027,77.925056,105.658174,53.833212
2015-02-13,48.6621,0.6325,0.0324,0.000129,1.265,1.8975,1.2532,1.8779,143.137945,133.115937,79.403709,106.982269,54.844152
2015-02-17,48.717,0.1128,0.0326,0.000129,0.2256,0.3383,0.2137,0.3187,143.299379,133.416199,79.672368,107.21092,55.018952
2015-02-18,48.8738,0.322,0.0327,0.00013,0.644,0.966,0.6321,0.9463,143.76079,134.275374,80.441981,107.888649,55.539623
2015-02-19,48.8111,-0.1284,0.0327,0.00013,-0.2567,-0.3851,-0.2686,-0.4047,143.576241,133.93063,80.132186,107.598881,55.314832
2015-02-20,49.2032,0.8034,0.0328,0.00013,1.6067,2.4101,1.5949,2.3905,144.729684,136.082536,82.063451,109.314971,56.637117
2015-02-23,49.0777,-0.2551,0.033,0.000131,-0.5101,-0.7652,-0.522,-0.7848,144.36053,135.388341,81.435508,108.744385,56.192619
2015-02-24,49.2503,0.3516,0.033,0.000131,0.7031,1.0547,0.6913,1.0351,144.868047,136.34029,82.294397,109.496121,56.774246
2015-02-25,49.2424,-0.0159,0.0331,0.000131,-0.0318,-0.0478,-0.0437,-0.0674,144.844989,136.296887,82.2551,109.448302,56.735992
2015-02-26,49.164,-0.1593,0.0331,0.000131,-0.3185,-0.4778,-0.3304,-0.4974,144.614289,135.862717,81.862069,109.086701,56.45376
2015-02-27,49.1405,-0.0479,0.0332,0.000132,-0.0957,-0.1436,-0.1075,-0.1632,144.54509,135.732695,81.744554,108.96939,56.361638
2015-03-02,49.313,0.3511,0.0333,0.000132,0.7022,1.0533,0.6903,1.0336,145.052573,136.685783,82.605545,109.721651,56.944215
2015-03-03,49.0542,-0.5248,0.0334,0.000133,-1.0496,-1.5745,-1.0615,-1.5941,144.291309,135.251075,81.304955,108.55698,56.036474
2015-03-04,48.7719,-0.5755,0.0335,0.000133,-1.151,-1.7265,-1.1629,-1.7462,143.460891,133.694295,79.901188,107.294604,55.057978
2015-03-05,48.8425,0.1447,0.0335,0.000133,0.2895,0.4342,0.2776,0.4146,143.668521,134.081284,80.248109,107.592475,55.286225
2015-03-06,48.2386,-1.2364,0.0336,0.000133,-2.4727,-3.7091,-2.4846,-3.7287,141.892256,130.765821,77.271635,104.919269,53.224756
2015-03-09,48.3327,0.1951,0.0337,0.000134,0.3902,0.5853,0.3783,0.5656,142.169074,131.276043,77.723882,105.31622,53.525815
2015-03-10,47.4544,-1.8173,0.0338,0.000134,-3.6346,-5.4519,-3.6465,-5.4716,139.585416,126.504649,73.486423,101.475898,50.59711
2015-03-11,47.4779,0.0496,0.0338,0.000134,0.0992,0.1488,0.0873,0.1291,139.654637,126.630117,73.59575,101.564528,50.66245
2015-03-12,48.0582,1.2223,0.0339,0.000134,2.4447,3.667,2.4328,3.6474,141.361692,129.725819,76.294521,104.03543,52.510306
2015-03-13,47.7524,-0.6364,0.0339,0.000135,-1.2729,-1.9093,-1.2847,-1.929,140.462008,128.074562,74.837812,102.698862,51.497404
2015-03-16,48.3327,1.2153,0.0341,0.000135,2.4306,3.646,2.4188,3.6263,142.169074,131.187598,77.566373,105.182945,53.36487
2015-03-17,48.2543,-0.1623,0.0342,0.000136,-0.3246,-0.4869,-0.3364,-0.5065,141.938351,130.761797,77.188732,104.829092,53.094578
2015-03-18,49.0621,1.674,0.0342,0.000136,3.348,5.0221,3.3362,5.0024,144.314424,135.139748,81.065191,108.326393,55.75059
2015-03-19,48.6856,-0.7673,0.0343,0.000136,-1.5345,-2.3018,-1.5464,-2.3214,143.207144,133.065976,79.199226,106.651254,54.45637
2015-03-20,49.3601,1.3853,0.0343,0.000136,2.7707,4.156,2.7588,4.1364,145.191049,136.752808,82.490761,109.593588,56.708894
2015-03-23,49.415,0.1112,0.0345,0.000137,0.2223,0.3335,0.2105,0.3138,145.352438,137.056826,82.765842,109.824249,56.886863
2015-03-24,49.2581,-0.3174,0.0345,0.000137,-0.6347,-0.9521,-0.6466,-0.9717,144.89114,136.186884,81.977831,109.114154,56.334073
2015-03-25,48.615,-1.3057,0.0346,0.000137,-2.6114,-3.9171,-2.6233,-3.9368,142.99929,132.630488,78.766666,106.251814,54.11634
2015-03-26,48.4022,-0.4377,0.0347,0.000138,-0.8754,-1.3132,-0.8873,-1.3328,142.373348,131.469378,77.732326,105.309051,53.395072
2015-03-27,48.5519,0.3094,0.0347,0.000138,0.6187,0.9281,0.6069,0.9084,142.813798,132.282813,78.453751,105.948152,53.880138
2015-03-30,48.8908,0.698,0.0349,0.000138,1.3961,2.0941,1.3842,2.0745,143.8107,134.129594,80.096673,107.41473,54.997874
2015-03-31,48.544,-0.7093,0.0349,0.000139,-1.4186,-2.1279,-1.4304,-2.1475,142.79065,132.226831,78.392295,105.878221,53.816771
2015-04-01,48.5756,0.0649,0.035,0.000139,0.1299,0.1948,0.118,0.1752,142.883379,132.398568,78.54502,106.003194,53.911046
2015-04-02,48.8987,0.6653,0.035,0.000139,1.3305,1.9958,1.3187,1.9761,143.833927,134.160161,80.112609,107.401035,54.976404
2015-04-06,49.3243,0.8704,0.0353,0.00014,1.7408,2.6112,1.7289,2.5915,145.085854,136.495616,82.204504,109.257944,56.401145
2015-04-07,49.2297,-0.1918,0.0353,0.00014,-0.3835,-0.5753,-0.3954,-0.5949,144.807634,135.972122,81.731593,108.82597,56.065596
2015-04-08,49.5135,0.5764,0.0354,0.00014,1.1528,1.7292,1.1409,1.7095,145.642283,137.539565,83.144857,110.067589,57.024042
2015-04-09,49.6396,0.2547,0.0354,0.000141,0.5094,0.7641,0.4975,0.7444,146.013231,138.240188,83.780163,110.615231,57.448557
2015-04-10,49.8761,0.4764,0.0355,0.000141,0.9527,1.4291,0.9409,1.4094,146.708787,139.557242,84.97746,111.655989,58.258263
2015-04-13,49.6238,-0.5057,0.0356,0.000141,-1.0114,-1.5171,-1.0233,-1.5368,145.966867,138.145735,83.688243,110.513452,57.362965
2015-04-14,49.8366,0.4288,0.0357,0.000142,0.8576,1.2865,0.8458,1.2668,146.592808,139.33054,84.76487,111.448175,58.089653
2015-04-15,50.1204,0.5694,0.0358,0.000142,1.1387,1.7081,1.1269,1.6884,147.427445,140.917117,86.212715,112.704047,59.070452
2015-04-16,50.1677,0.0943,0.0358,0.000142,0.1887,0.283,0.1768,0.2634,147.566539,141.183019,86.456732,112.903359,59.226039
2015-04-17,49.5608,-1.2097,0.0359,0.000142,-2.4195,-3.6292,-2.4313,-3.6488,145.781387,137.767162,83.319062,110.158338,57.064982
2015-04-20,49.8209,0.5248,0.036,0.000143,1.0496,1.5744,1.0378,1.5548,146.546455,139.21318,84.63085,111.301518,57.952208
2015-04-21,49.947,0.2531,0.0361,0.000143,0.5063,0.7594,0.4944,0.7398,146.917426,139.917995,85.27356,111.851832,58.380924
2015-04-22,50.1519,0.4103,0.0361,0.000143,0.8206,1.2308,0.8087,1.2112,147.520197,141.066102,86.323136,112.756385,59.088024
2015-04-23,50.3647,0.4243,0.0362,0.000144,0.8487,1.273,0.8368,1.2533,148.146172,142.263278,87.422026,113.699946,59.828599
2015-04-24,50.4987,0.266,0.0362,0.000144,0.5321,0.7981,0.5202,0.7785,148.540302,143.020238,88.119763,114.291451,60.294349
2015-04-27,50.4908,-0.0156,0.0364,0.000144,-0.0313,-0.0469,-0.0431,-0.0666,148.517064,142.975488,88.078406,114.242146,60.2542
2015-04-28,50.617,0.2498,0.0365,0.000145,0.4996,0.7495,0.4878,0.7298,148.888091,143.689855,88.738521,114.799409,60.693941
2015-04-29,50.3017,-0.6229,0.0365,0.000145,-1.2458,-1.8687,-1.2576,-1.8884,147.960669,141.89977,87.080268,113.355636,59.547826
2015-04-30,49.7815,-1.0342,0.0366,0.000145,-2.0683,-3.1025,-2.0802,-3.1221,146.430533,138.964855,84.378645,110.997666,57.688679
2015-05-01,50.278,0.9975,0.0366,0.000145,1.9949,2.9924,1.9831,2.9727,147.891123,141.7371,86.903581,113.198831,59.403609
2015-05-04,50.3174,0.0784,0.0368,0.000146,0.1568,0.2352,0.1449,0.2155,148.007056,141.959318,87.107955,113.36289,59.531633
2015-05-05,49.7263,-1.1748,0.0368,0.000146,-2.3496,-3.5244,-2.3614,-3.544,146.268291,138.623885,84.037961,110.685913,57.421825
2015-05-06,49.616,-0.2219,0.0369,0.000146,-0.4439,-0.6658,-0.4557,-0.6855,145.943674,138.00858,83.478437,110.181496,57.028223
2015-05-07,49.6711,0.1112,0.037,0.000147,0.2224,0.3336,0.2106,0.314,146.105971,138.315527,83.756935,110.413492,57.207268
2015-05-08,50.412,1.4916,0.037,0.000147,2.9832,4.4748,2.9713,4.4551,148.285287,142.441754,87.504889,113.694259,59.755931
2015-05-11,50.1125,-0.5941,0.0372,0.000148,-1.1883,-1.7824,-1.2001,-1.802,147.404286,140.749187,85.945221,112.329807,58.679107
2015-05-12,50.0652,-0.0944,0.0372,0.000148,-0.1888,-0.2831,-0.2006,-0.3028,147.26517,140.483518,85.701884,112.104465,58.501431
2015-05-13,50.1913,0.2519,0.0373,0.000148,0.5038,0.7557,0.4919,0.736,147.63613,141.191272,86.349531,112.655956,58.932023
2015-05-14,50.6879,0.9893,0.0373,0.000148,1.9786,2.9679,1.9667,2.9482,149.096697,143.984888,88.912304,114.871617,60.669484
2015-05-15,50.7825,0.1866,0.0374,0.000148,0.3732,0.5598,0.3614,0.5401,149.374917,144.52225,89.410045,115.286708,60.997189
2015-05-18,50.7588,-0.0466,0.0376,0.000149,-0.0932,-0.1397,-0.105,-0.1594,149.305337,144.38761,89.285101,115.165637,60.899956
2015-05-19,50.6958,-0.1242,0.0376,0.000149,-0.2484,-0.3726,-0.2603,-0.3923,149.119891,144.028934,88.952408,114.865898,60.661057
2015-05-20,50.68,-0.0311,0.0377,0.000149,-0.0622,-0.0932,-0.074,-0.1129,149.073549,143.939415,88.869477,114.780886,60.592573
2015-05-21,50.8692,0.3732,0.0377,0.00015,0.7465,1.1197,0.7346,1.1,149.629943,145.013879,89.864553,115.624083,61.259116
2015-05-22,50.6721,-0.3874,0.0378,0.00015,-0.7747,-1.1621,-0.7866,-1.1818,149.050333,143.89042,88.820248,114.714605,60.535185
2015-05-26,50.0416,-1.2444,0.038,0.000151,-2.4887,-3.7331,-2.5006,-3.7527,147.195612,140.309395,85.504521,111.846081,58.263456
2015-05-27,50.4751,0.8663,0.0381,0.000151,1.7325,2.5988,1.7207,2.5791,148.470711,142.740287,87.726599,113.770578,59.766138
2015-05-28,50.3017,-0.3435,0.0381,0.000151,-0.6871,-1.0306,-0.6989,-1.0503,147.960669,141.759575,86.822497,112.975415,59.138439
2015-05-29,49.947,-0.7051,0.0382,0.000151,-1.4102,-2.1152,-1.422,-2.1349,146.917426,139.760534,84.985989,111.368881,57.875886
2015-06-01,49.947,0.0,0.0383,0.000152,0.0,0.0,-0.0119,-0.0197,146.917426,139.760534,84.985989,111.355675,57.864502
2015-06-02,50.0258,0.1578,0.0384,0.000152,0.3156,0.4733,0.3037,0.4537,147.149237,140.201571,85.388269,111.69387,58.127021
2015-06-03,50.215,0.3781,0.0384,0.000153,0.7563,1.1344,0.7444,1.1148,147.705677,141.261905,86.356948,112.525357,58.775003
2015-06-04,49.7263,-0.9731,0.0385,0.000153,-1.9463,-2.9194,-1.9581,-2.9391,146.268291,138.512549,83.835822,110.321951,57.04755
2015-06-05,49.4189,-0.6182,0.0385,0.000153,-1.2364,-1.8546,-1.2483,-1.8743,145.364052,136.799963,82.280987,108.944833,55.978314
2015-06-08,49.2061,-0.4306,0.0387,0.000154,-0.8612,-1.2918,-0.8731,-1.3115,144.73811,135.621834,81.218075,107.993674,55.244169
2015-06-09,49.0879,-0.2403,0.0388,0.000154,-0.4805,-0.7208,-0.4924,-0.7404,144.390366,134.970151,80.632678,107.46194,54.835117
2015-06-10,49.8839,1.6217,0.0388,0.000154,3.2434,4.8651,3.2315,4.8454,146.731946,139.347776,84.55554,110.934617,57.492114
2015-06-11,49.9706,0.1738,0.0389,0.000154,0.3476,0.5214,0.3357,0.5017,146.98695,139.832118,84.996385,111.307044,57.780548
2015-06-12,49.6475,-0.6467,0.0389,0.000154,-1.2933,-1.94,-1.3052,-1.9596,146.036447,138.023646,83.347477,109.85429,56.648252
2015-06-15,49.3716,-0.5557,0.0391,0.000155,-1.1113,-1.667,-1.1232,-1.6867,145.22497,136.489741,81.958072,108.62041,55.692778
2015-06-16,49.5056,0.2714,0.0392,0.000155,0.5428,0.8142,0.531,0.7946,145.619123,137.230631,82.625396,109.197136,56.135286
2015-06-17,49.5056,0.0,0.0392,0.000156,0.0,0.0,-0.0119,-0.0197,145.619123,137.230631,82.625396,109.184183,56.12424
2015-06-18,50.0179,1.0349,0.0393,0.000156,2.0697,3.1046,2.0579,3.0849,147.126077,140.070921,85.190567,111.431039,57.855619
2015-06-19,49.7815,-0.4728,0.0393,0.000156,-0.9455,-1.4183,-0.9574,-1.4379,146.430533,138.74654,83.982343,110.364232,57.023691
2015-06-22,50.3411,1.1241,0.0395,0.000157,2.2483,3.3724,2.2364,3.3527,148.076603,141.865923,86.814555,112.832414,58.935531
2015-06-23,50.4199,0.1566,0.0395,0.000157,0.3131,0.4697,0.3013,0.45,148.308436,142.310141,87.222313,113.172336,59.200746
2015-06-24,50.081,-0.6722,0.0396,0.000157,-1.3443,-2.0165,-1.3562,-2.0362,147.311557,140.397021,85.463477,111.637498,57.995314
2015-06-25,49.9391,-0.2833,0.0396,0.000157,-0.5666,-0.8499,-0.5785,-0.8696,146.894222,139.601528,84.73712,110.991713,57.490997
2015-06-26,49.9812,0.0843,0.0397,0.000158,0.1685,0.2528,0.1566,0.2331,147.017987,139.83677,84.951305,111.165577,57.624999
2015-06-29,48.711,-2.5413,0.0399,0.000158,-5.0826,-7.6239,-5.0945,-7.6436,143.281796,132.729383,78.474663,105.502251,53.220358
2015-06-30,48.838,0.2608,0.0399,0.000158,0.5216,0.7824,0.5097,0.7627,143.65546,133.421671,79.088624,106.040011,53.626263
2015-07-01,49.1,0.5364,0.04,0.000159,1.0728,1.6092,1.0609,1.5895,144.426015,134.852995,80.361297,107.165008,54.478648
2015-07-02,49.1079,0.0162,0.04,0.000159,0.0323,0.0485,0.0205,0.0288,144.449365,134.896601,80.400275,107.186945,54.494349
2015-07-06,48.584,-1.0669,0.0402,0.00016,-2.1338,-3.2007,-2.1457,-3.2204,142.908222,132.018152,77.826881,104.887051,52.739406
2015-07-07,48.5919,0.0163,0.0403,0.00016,0.0327,0.049,0.0208,0.0293,142.931572,132.061294,77.86503,104.908881,52.754876
2015-07-08,47.5679,-2.1075,0.0404,0.00016,-4.215,-6.3225,-4.2269,-6.3422,139.919269,126.494872,72.94198,100.474492,49.409041
2015-07-09,47.941,0.7844,0.0404,0.00016,1.5688,2.3532,1.5569,2.3335,141.016798,128.479329,74.658455,102.038817,50.562011
2015-07-10,48.9254,2.0533,0.0405,0.000161,4.1066,6.1599,4.0947,6.1402,143.912282,133.755435,79.257318,106.217013,53.666611
2015-07-13,49.2667,0.6977,0.0406,0.000161,1.3954,2.0931,1.3836,2.0734,144.916375,135.621891,80.916282,107.686586,54.779361
2015-07-14,49.5604,0.5962,0.0407,0.000161,1.1924,1.7886,1.1806,1.769,145.780388,137.239087,82.363587,108.957893,55.748385
2015-07-15,49.4175,-0.2883,0.0407,0.000162,-0.5767,-0.865,-0.5886,-0.8847,145.360035,136.447637,81.651108,108.316608,55.255162
2015-07-16,49.8145,0.8032,0.0408,0.000162,1.6065,2.4097,1.5946,2.39,146.527615,138.639624,83.618656,110.043824,56.575767
2015-07-17,49.7351,-0.1594,0.0408,0.000162,-0.3187,-0.4781,-0.3306,-0.4978,146.294099,138.197733,83.218875,109.680017,56.294139
2015-07-20,49.7192,-0.0319,0.041,0.000163,-0.0639,-0.0958,-0.0757,-0.1155,146.247387,138.109479,83.139159,109.596957,56.22913
2015-07-21,49.5763,-0.2874,0.0411,0.000163,-0.5747,-0.8621,-0.5866,-0.8818,145.827112,137.315701,82.422401,108.954044,55.733296
2015-07-22,49.3382,-0.4804,0.0411,0.000163,-0.9607,-1.4411,-0.9726,-1.4608,145.126608,135.996465,81.234614,107.894356,54.91915
2015-07-23,49.1238,-0.4344,0.0412,0.000163,-0.8689,-1.3033,-0.8808,-1.323,144.496111,134.814803,80.175852,106.944063,54.192553
2015-07-24,48.5364,-1.1959,0.0412,0.000164,-2.3918,-3.5877,-2.4037,-3.6074,142.768074,131.590286,77.299368,104.373468,52.237605
2015-07-27,48.1394,-0.8178,0.0414,0.000164,-1.6355,-2.4533,-1.6474,-2.473,141.60056,129.438076,75.402977,102.65401,50.945769
2015-07-28,48.6713,1.1049,0.0415,0.000164,2.2098,3.3147,2.1979,3.295,143.165088,132.298368,77.902333,104.910249,52.624417
2015-07-29,48.9809,0.6361,0.0415,0.000165,1.2722,1.9083,1.2603,1.8886,144.075746,133.98144,79.388918,106.232441,53.618268
2015-07-30,49.0365,0.1135,0.0416,0.000165,0.2269,0.3404,0.2151,0.3207,144.239233,134.285506,79.659173,106.46092,53.790235
2015-07-31,49.0841,0.0971,0.0416,0.000165,0.1943,0.2914,0.1824,0.2717,144.379336,134.546375,79.891298,106.655098,53.936383
2015-08-03,48.8777,-0.4205,0.0418,0.000166,-0.8411,-1.2616,-0.853,-1.2813,143.772156,133.414719,78.883361,105.74537,53.245279
2015-08-04,48.8857,0.0163,0.0418,0.000166,0.0325,0.0488,0.0207,0.0291,143.79554,133.458118,78.921852,105.767214,53.260772
2015-08-05,49.0047,0.2436,0.0419,0.000166,0.4872,0.7308,0.4753,0.7111,144.145831,134.108336,79.498621,106.269962,53.639517
2015-08-06,48.6952,-0.6318,0.0419,0.000166,-1.2635,-1.8953,-1.2754,-1.915,143.235162,132.413825,77.991877,104.914582,52.612317
2015-08-07,48.6475,-0.0979,0.042,0.000167,-0.1957,-0.2936,-0.2076,-0.3133,143.095003,132.154685,77.762926,104.696803,52.447505
2015-08-10,49.2588,1.2565,0.0422,0.000167,2.513,3.7696,2.5012,3.7499,144.893025,135.475793,80.694254,107.315451,54.414218
2015-08-11,48.6316,-1.2731,0.0422,0.000168,-2.5463,-3.8194,-2.5582,-3.8391,143.048325,132.026182,77.612186,104.570143,52.325181
2015-08-12,48.5125,-0.2449,0.0423,0.000168,-0.4898,-0.7347,-0.5016,-0.7544,142.698022,131.379561,77.042007,104.045575,51.930465
2015-08-13,48.449,-0.1309,0.0423,0.000168,-0.2618,-0.3927,-0.2737,-0.4125,142.511207,131.035566,76.739425,103.760795,51.716277
2015-08-14,48.5919,0.295,0.0424,0.000168,0.5899,0.8849,0.5781,0.8652,142.931572,131.808597,77.418499,104.3606,52.163731
2015-08-17,48.6634,0.147,0.0425,0.000169,0.2941,0.4411,0.2822,0.4214,143.141727,132.196197,77.759988,104.655092,52.383544
2015-08-18,48.4173,-0.5057,0.0426,0.000169,-1.0115,-1.5172,-1.0234,-1.5369,142.417805,130.859065,76.580203,103.584104,51.578453
2015-08-19,47.9886,-0.8854,0.0427,0.000169,-1.7707,-2.6561,-1.7826,-2.6758,141.15689,128.541908,74.546164,101.737611,50.19832
2015-08-20,46.9407,-2.1836,0.0427,0.000169,-4.3673,-6.5509,-4.3791,-6.5706,138.074546,122.92815,69.662727,97.282383,46.899993
2015-08-21,45.6467,-2.7566,0.0428,0.00017,-5.5133,-8.2699,-5.5252,-8.2897,134.268314,116.150753,63.901655,91.907361,43.012146
2015-08-24,43.8447,-3.9478,0.0429,0.00017,-7.8956,-11.8434,-7.9075,-11.8631,128.967651,106.979922,56.3335,84.639782,37.909551
2015-08-25,43.8447,0.0,0.043,0.000171,0.0,0.0,-0.0119,-0.0197,128.967651,106.979922,56.3335,84.62973,37.902081
2015-08-26,45.1307,2.9332,0.043,0.000171,5.8664,8.7996,5.8545,8.7799,132.750521,113.255776,61.29061,89.584384,41.229835
2015-08-27,46.1231,2.1988,0.0431,0.000171,4.3976,6.5963,4.3857,6.5766,135.669411,118.236264,65.333545,93.513269,43.941368
2015-08-28,46.1231,0.0,0.0432,0.000171,0.0,0.0,-0.0119,-0.0197,135.669411,118.236264,65.333545,93.502162,43.932709
2015-08-31,45.8293,-0.6368,0.0433,0.000172,-1.2737,-1.9105,-1.2856,-1.9302,134.805409,116.730304,64.085328,92.30013,43.084702
2015-09-01,44.3924,-3.1353,0.0434,0.000172,-6.2706,-9.4059,-6.2825,-9.4257,130.578835,109.410579,58.057497,86.501367,39.023687
2015-09-02,45.1387,1.681,0.0434,0.000172,3.362,5.043,3.3501,5.0233,132.77386,113.088954,60.98533,89.399261,40.983955
2015-09-03,45.2022,0.1407,0.0435,0.000173,0.2814,0.4221,0.2695,0.4024,132.960675,113.40719,61.242752,89.640214,41.148873
2015-09-04,44.3289,-1.9319,0.0435,0.000173,-3.8637,-5.7956,-3.8756,-5.8153,130.392054,109.025441,57.693369,86.166108,38.755939
2015-09-08,45.5197,2.6863,0.0438,0.000174,5.3725,8.0588,5.3606,8.0391,133.894718,114.882845,62.342743,90.785156,41.87155
2015-09-09,45.091,-0.9418,0.0438,0.000174,-1.8835,-2.8253,-1.8954,-2.845,132.633757,112.719015,60.581395,89.064423,40.680314
2015-09-10,45.3768,0.6338,0.0439,0.000174,1.2676,1.9014,1.2557,1.8817,133.474409,114.147873,61.733315,90.182847,41.445807
2015-09-11,45.4721,0.2099,0.0439,0.000174,0.4198,0.6297,0.4079,0.61,133.754581,114.627082,62.122063,90.550733,41.69863
2015-09-14,45.2498,-0.4888,0.0441,0.000175,-0.9776,-1.4664,-0.9895,-1.4861,133.100801,113.506509,61.211122,89.654767,41.078952
2015-09-15,45.7182,1.0351,0.0441,0.000175,2.0701,3.1052,2.0582,3.0855,134.47848,115.85624,63.111846,91.500084,42.346434
2015-09-16,46.2977,1.2676,0.0442,0.000175,2.5352,3.8027,2.5233,3.783,136.1831,118.793376,65.511822,93.808883,43.948407
2015-09-17,46.2977,0.0,0.0442,0.000176,0.0,0.0,-0.0119,-0.0197,136.1831,118.793376,65.511822,93.797736,43.939742
2015-09-18,45.4006,-1.9376,0.0443,0.000176,-3.8752,-5.8127,-3.887,-5.8324,133.544449,114.189953,61.703798,90.151787,41.376981
2015-09-21,45.4562,0.1224,0.0445,0.000176,0.2448,0.3672,0.2329,0.3475,133.707914,114.469501,61.930383,90.361774,41.520765
2015-09-22,44.6703,-1.729,0.0445,0.000177,-3.458,-5.1869,-3.4698,-5.2066,131.396136,110.511201,58.718099,87.22637,39.358926
2015-09-23,44.4718,-0.4442,0.0446,0.000177,-0.8885,-1.3327,-0.9004,-1.3524,130.81243,109.529344,57.935562,86.441026,38.826627
2015-09-24,44.3369,-0.3035,0.0446,0.000177,-0.607,-0.9106,-0.6189,-0.9303,130.415382,108.864447,57.408016,85.906014,38.465426
2015-09-25,44.368,0.0702,0.0447,0.000177,0.1404,0.2106,0.1285,0.1909,130.506932,109.017291,57.528916,86.016416,38.538848
2015-09-28,43.3388,-2.3197,0.0448,0.000178,-4.6395,-6.9592,-4.6513,-6.9789,127.479526,103.95948,53.525371,82.015499,35.849257
2015-09-29,43.3707,0.0737,0.0449,0.000178,0.1473,0.221,0.1354,0.2013,127.573433,104.112642,53.643659,82.126584,35.921412
2015-09-30,44.1286,1.7476,0.045,0.000178,3.4952,5.2427,3.4833,5.223,129.802883,107.75155,56.45606,84.987282,37.797596
2015-10-01,44.3201,0.4339,0.045,0.000179,0.8679,1.3018,0.856,1.2821,130.366145,108.686696,57.19101,85.714763,38.282194
2015-10-02,45.0541,1.6562,0.0451,0.000179,3.3123,4.9685,3.3004,4.9487,132.525207,112.286731,60.032521,88.54371,40.176678
2015-10-05,45.9557,2.0011,0.0452,0.000179,4.0021,6.0032,3.9902,5.9834,135.17711,116.78057,63.636373,92.076803,42.580626
2015-10-06,45.8919,-0.1389,0.0453,0.00018,-0.2777,-0.4166,-0.2896,-0.4363,134.989408,116.456256,63.371284,91.81015,42.39485
2015-10-07,46.4663,1.2517,0.0453,0.00018,2.5035,3.7552,2.4916,3.7355,136.679127,119.371719,65.751018,94.097689,43.978509
2015-10-08,46.8652,0.8585,0.0454,0.00018,1.717,2.5755,1.7051,2.5557,137.852497,121.421297,67.444407,95.702135,45.102482
2015-10-09,46.937,0.1532,0.0455,0.00018,0.3065,0.4597,0.2946,0.44,138.063729,121.793405,67.754442,95.984048,45.300917
2015-10-12,46.8573,-0.17,0.0456,0.000181,-0.34,-0.5099,-0.3519,-0.5297,137.829046,121.379352,67.408932,95.646327,45.060971
2015-10-13,46.3865,-1.0046,0.0457,0.000181,-2.0092,-3.0139,-2.0211,-3.0336,136.444387,118.940549,65.377321,93.713192,43.694006
2015-10-14,46.3626,-0.0516,0.0457,0.000181,-0.1032,-0.1548,-0.1151,-0.1745,136.373999,118.817833,65.276141,93.605364,43.617765
2015-10-15,47.0966,1.5832,0.0458,0.000182,3.1664,4.7496,3.1545,4.7299,138.533084,122.580101,68.376514,96.558172,45.68084
2015-10-16,47.1604,0.1355,0.0458,0.000182,0.2711,0.4066,0.2592,0.3869,138.720864,122.912413,68.654564,96.80846,45.857587
2015-10-19,47.0487,-0.2369,0.046,0.000183,-0.4737,-0.7106,-0.4856,-0.7303,138.392285,122.330144,68.166712,96.338343,45.52268
2015-10-20,46.9929,-0.1187,0.0461,0.000183,-0.2374,-0.3561,-0.2493,-0.3758,138.228035,122.03977,67.924002,96.098212,45.351613
2015-10-21,46.7056,-0.6113,0.0461,0.000183,-1.2225,-1.8338,-1.2344,-1.8535,137.383097,120.547801,66.678418,94.91196,44.511011
2015-10-22,47.336,1.3495,0.0462,0.000183,2.6991,4.0486,2.6872,4.0289,139.237122,123.801456,69.377952,97.462404,46.304296
2015-10-23,47.7748,0.927,0.0462,0.000183,1.8541,2.7811,1.8422,2.7614,140.527907,126.096836,71.307438,99.257849,47.582938
2015-10-26,47.6312,-0.3006,0.0464,0.000184,-0.6012,-0.9019,-0.6131,-0.9216,140.105455,125.338697,70.664349,98.649273,47.14442
2015-10-27,47.336,-0.6198,0.0464,0.000184,-1.2395,-1.8593,-1.2514,-1.879,139.237122,123.785071,69.350477,97.414743,46.258554
2015-10-28,47.7349,0.8427,0.0465,0.000184,1.6855,2.5282,1.6736,2.5085,140.410527,125.871439,71.103806,99.045063,47.418941
2015-10-29,47.5115,-0.468,0.0465,0.000185,-0.936,-1.404,-0.9479,-1.4237,139.753403,124.693277,70.105505,98.106219,46.743819
2015-10-30,47.3439,-0.3526,0.0466,0.000185,-0.7053,-1.0579,-0.7172,-1.0776,139.260585,123.813856,69.363858,97.402642,46.24009
2015-11-02,47.9423,1.2639,0.0468,0.000186,2.5278,3.7918,2.5159,3.772,141.020725,126.943669,71.993965,99.853239,47.984275
2015-11-03,48.1019,0.3328,0.0468,0.000186,0.6657,0.9985,0.6538,0.9788,141.490091,127.788694,72.712829,100.506057,48.45393
2015-11-04,47.8785,-0.4644,0.0469,0.000186,-0.9289,-1.3933,-0.9408,-1.4131,140.832956,126.601693,71.699708,99.560526,47.76925
2015-11-05,47.8147,-0.1333,0.0469,0.000186,-0.2666,-0.3999,-0.2785,-0.4196,140.645243,126.264205,71.413008,99.283282,47.56881
2015-11-06,47.6551,-0.3337,0.047,0.000186,-0.6674,-1.0012,-0.6793,-1.0209,140.175877,125.421458,70.698042,98.608811,47.083176
2015-11-09,47.2003,-0.9543,0.0472,0.000187,-1.9086,-2.8629,-1.9205,-2.8827,138.838166,123.027642,68.674009,96.715018,45.725925
2015-11-10,47.1764,-0.0507,0.0472,0.000187,-0.1014,-0.1522,-0.1133,-0.1719,138.767745,122.902837,68.56951,96.605403,45.64732
2015-11-11,47.1445,-0.0676,0.0473,0.000188,-0.1352,-0.2028,-0.1471,-0.2226,138.673928,122.736655,68.430436,96.463288,45.545726
2015-11-12,46.586,-1.1847,0.0473,0.000188,-2.3693,-3.554,-2.3812,-3.5737,137.031123,119.828649,65.998447,94.166305,43.918059
2015-11-13,46.0674,-1.1132,0.0474,0.000188,-2.2264,-3.3397,-2.2383,-3.3594,135.505666,117.160737,63.794325,92.058549,42.442676
2015-11-16,46.6738,1.3163,0.0475,0.000189,2.6325,3.9488,2.6206,3.9291,137.28928,120.245029,66.313433,94.471069,44.110272
2015-11-17,46.6578,-0.0342,0.0476,0.000189,-0.0684,-0.1027,-0.0803,-0.1224,137.242299,120.162732,66.245354,94.395174,44.056278
2015-11-18,47.2641,1.2996,0.0476,0.000189,2.5992,3.8988,2.5873,3.8791,139.025913,123.286025,68.828147,96.837483,45.765259
2015-11-19,47.4237,0.3376,0.0477,0.000189,0.6753,1.0129,0.6634,0.9931,139.495302,124.118518,69.525293,97.479862,46.219771
2015-11-20,47.5115,0.185,0.0478,0.000189,0.37,0.5551,0.3582,0.5353,139.753403,124.577818,69.911211,97.82899,46.467199
2015-11-23,47.32,-0.403,0.0479,0.00019,-0.806,-1.209,-0.8179,-1.2288,139.190174,123.573682,69.065951,97.028819,45.896214
2015-11-24,47.4317,0.2361,0.048,0.00019,0.4722,0.7082,0.4603,0.6885,139.518776,124.157149,69.555105,97.475408,46.212207
2015-11-25,47.4477,0.0336,0.048,0.000191,0.0673,0.1009,0.0554,0.0812,139.565723,124.240706,69.625321,97.529412,46.249733
2015-11-27,47.4157,-0.0673,0.0481,0.000191,-0.1346,-0.2019,-0.1465,-0.2216,139.471805,124.073496,69.484762,97.386548,46.147232
2015-11-30,47.304,-0.2356,0.0483,0.000192,-0.4711,-0.7067,-0.483,-0.7264,139.143271,123.488971,68.993735,96.916161,45.812011
2015-12-01,47.8067,1.0626,0.0484,0.000192,2.1251,3.1877,2.1132,3.168,140.621769,126.11329,71.193061,98.964239,47.263321
2015-12-02,47.2961,-1.0681,0.0484,0.000192,-2.1362,-3.2043,-2.1481,-3.224,139.119797,123.419275,68.911835,96.838402,45.739537
2015-12-03,46.7615,-1.1302,0.0485,0.000192,-2.2604,-3.3907,-2.2723,-3.4104,137.547437,120.629455,66.575269,94.637906,44.179631
2015-12-04,47.4477,1.4673,0.0485,0.000193,2.9347,4.402,2.9228,4.3823,139.565723,124.16954,69.505922,97.403961,46.1157
2015-12-07,47.0328,-0.8744,0.0487,0.000193,-1.7489,-2.6233,-1.7608,-2.643,138.345315,121.997981,67.682574,95.688906,44.896839
2015-12-08,46.5541,-1.0178,0.0487,0.000193,-2.0356,-3.0534,-2.0475,-3.0731,136.937239,119.514595,65.615958,93.729679,43.517093
2015-12-09,46.3147,-0.5141,0.0488,0.000194,-1.0282,-1.5424,-1.0401,-1.5621,136.233212,118.285689,64.603916,92.754752,42.837302
2015-12-10,46.2589,-0.1206,0.0488,0.000194,-0.2412,-0.3618,-0.2531,-0.3816,136.068906,118.000368,64.370166,92.519977,42.673847
2015-12-11,45.3254,-2.0179,0.0489,0.000194,-4.0358,-6.0537,-4.0477,-6.0735,133.323152,113.238076,60.473363,88.77502,40.082053
2015-12-14,45.469,0.3168,0.0491,0.000195,0.6336,0.9504,0.6217,0.9306,133.745515,113.955544,61.048094,89.326926,40.45507
2015-12-15,45.9397,1.0353,0.0491,0.000195,2.0706,3.1059,2.0587,3.0862,135.130184,116.315111,62.94419,91.165902,41.703574
2015-12-16,46.6658,1.5804,0.0492,0.000195,3.1608,4.7412,3.1489,4.7214,137.265784,119.991603,65.928503,94.036627,43.672587
2015-12-17,46.0115,-1.4019,0.0492,0.000195,-2.8039,-4.2058,-2.8158,-4.2256,135.341394,116.627171,63.15566,91.388752,41.827163
2015-12-18,45.3972,-1.3352,0.0493,0.000196,-2.6704,-4.0056,-2.6823,-4.0254,133.534317,113.512762,60.625899,88.937431,40.143472
2015-12-21,45.7489,0.7748,0.0495,0.000196,1.5496,2.3244,1.5377,2.3046,134.568942,115.271758,62.035089,90.305022,41.068637
2015-12-22,46.1504,0.8777,0.0495,0.000196,1.7553,2.633,1.7434,2.6132,135.749988,117.295126,63.668444,91.879399,42.14184
2015-12-23,46.7929,1.392,0.0496,0.000197,2.7841,4.1761,2.7722,4.1564,137.639684,120.560719,66.327317,94.426461,43.893409
2015-12-24,46.6965,-0.2059,0.0496,0.000197,-0.4119,-0.6178,-0.4238,-0.6376,137.356235,120.064164,65.917543,94.026306,43.61356
2015-12-28,46.5921,-0.2236,0.0498,0.000198,-0.4471,-0.6707,-0.459,-0.6905,137.049144,119.527303,65.475422,93.594679,43.312418
2015-12-29,47.0177,0.9135,0.0499,0.000198,1.827,2.7404,1.8151,2.7207,138.30106,121.711019,67.269737,95.293474,44.49081
2015-12-30,46.6724,-0.7344,0.0499,0.000198,-1.4688,-2.2033,-1.4807,-2.223,137.285353,119.923285,65.787614,93.882426,43.501773
2015-12-31,46.2709,-0.8603,0.05,0.000198,-1.7206,-2.5809,-1.7325,-2.6006,136.104307,117.85992,64.089731,92.255936,42.370458
2016-01-04,45.492,-1.6835,0.053,0.00021,-3.3669,-5.0504,-3.3788,-5.0701,133.813053,113.891683,60.852966,89.138768,40.222212
2016-01-05,45.5,0.0177,0.0537,0.000213,0.0353,0.053,0.0234,0.0332,133.836695,113.931928,60.88522,89.159642,40.235571
2016-01-06,44.8254,-1.4825,0.0544,0.000216,-2.9651,-4.4476,-2.977,-4.4674,131.852509,110.553749,58.177272,86.505352,38.438077
2016-01-07,43.7815,-2.3289,0.0552,0.000219,-4.6578,-6.9867,-4.6697,-7.0065,128.781801,105.404385,54.112608,82.465797,35.744917
2016-01-08,43.2675,-1.1739,0.0559,0.000222,-2.3478,-3.5217,-2.3597,-3.5415,127.270022,102.929686,52.206912,80.519816,34.479
2016-01-11,43.2916,0.0557,0.0581,0.000231,0.1114,0.1671,0.0995,0.1473,127.340904,103.044337,52.294141,80.599894,34.529772
2016-01-12,43.5326,0.5565,0.0589,0.000234,1.113,1.6695,1.1011,1.6497,128.049554,104.191217,53.167189,81.487345,35.099397
2016-01-13,42.5609,-2.2321,0.0596,0.000236,-4.4641,-6.6962,-4.4761,-6.716,125.191402,99.539981,49.607006,77.839908,32.742107
2016-01-14,43.2515,1.6226,0.0603,0.000239,3.2453,4.8679,3.2333,4.8481,127.222805,102.770328,52.021833,80.356729,34.329468
2016-01-15,42.0389,-2.8036,0.0611,0.000242,-5.6071,-8.4107,-5.6191,-8.4305,123.656037,97.007871,47.646442,75.841429,31.435311
2016-01-19,42.1674,0.3056,0.064,0.000254,0.6113,0.9169,0.5993,0.897,124.033976,97.600856,48.083318,76.295957,31.717298
2016-01-20,41.4928,-1.5997,0.0648,0.000257,-3.1994,-4.7991,-3.2114,-4.819,122.04979,94.478191,45.775735,73.845799,30.188837
2016-01-21,41.7338,0.5806,0.0655,0.00026,1.1613,1.7419,1.1493,1.722,122.758462,95.575351,46.573114,74.694522,30.708701
2016-01-22,42.7777,2.5014,0.0662,0.000263,5.0029,7.5043,4.9909,7.4844,125.829192,100.356873,50.068111,78.42246,33.007073
2016-01-25,42.1112,-1.5581,0.0684,0.000272,-3.1163,-4.6744,-3.1282,-4.6943,123.868615,97.2295,47.727738,75.969225,31.457626
2016-01-26,42.8178,1.6781,0.0692,0.000275,3.3562,5.0343,3.3442,5.0144,125.947258,100.492722,50.130499,78.509807,33.035036
2016-01-27,42.4324,-0.9002,0.0699,0.000277,-1.8004,-2.7005,-1.8123,-2.7205,124.813507,98.683494,48.776708,77.086942,32.136332
2016-01-28,42.5769,0.3406,0.0707,0.00028,0.6812,1.0219,0.6693,1.0019,125.238652,99.355774,49.275143,77.602855,32.458321
2016-01-29,43.5566,2.301,0.0714,0.000283,4.602,6.903,4.59,6.8831,128.120402,103.92814,52.676616,81.164844,34.692456
2016-02-01,43.6129,0.129,0.0736,0.000292,0.2581,0.3871,0.2461,0.3672,128.28574,104.196377,52.880553,81.364591,34.819846
2016-02-02,42.5769,-2.3752,0.0743,0.000295,-4.7505,-7.1257,-4.7625,-7.1457,125.238652,99.246559,49.11244,77.489625,32.331738
2016-02-03,42.9624,0.9053,0.0751,0.000298,1.8107,2.716,1.7986,2.696,126.37247,101.043568,50.446322,78.88339,33.203407
2016-02-04,43.0507,0.2056,0.0758,0.000301,0.4112,0.6168,0.3992,0.5968,126.632276,101.459034,50.757457,79.198268,33.401564
2016-02-05,42.3119,-1.7161,0.0766,0.000304,-3.4322,-5.1483,-3.4442,-5.1682,124.459154,97.976781,48.144328,76.470531,31.675292
2016-02-08,41.6294,-1.6132,0.0788,0.000313,-3.2264,-4.8396,-3.2385,-4.8596,122.45136,94.815627,45.814313,73.994071,30.135987
2016-02-09,41.3322,-0.7137,0.0795,0.000316,-1.4274,-2.1411,-1.4395,-2.1611,121.577405,93.462199,44.833361,72.928961,29.484705
2016-02-10,41.3563,0.0583,0.0802,0.000318,0.1165,0.1748,0.1045,0.1548,121.648253,93.571127,44.911739,73.005188,29.530354
2016-02-11,40.8022,-1.3398,0.081,0.000321,-2.6796,-4.0195,-2.6917,-4.0395,120.018386,91.063759,43.106531,71.040132,28.337485
2016-02-12,41.525,1.7713,0.0817,0.000324,3.5426,5.3139,3.5305,5.2939,122.144258,94.289762,45.397153,73.548236,29.837629
2016-02-16,42.2879,1.8372,0.0847,0.000336,3.6745,5.5117,3.6624,5.4917,124.388329,97.754402,47.899304,76.24188,31.476208
2016-02-17,43.115,1.9559,0.0854,0.000339,3.9118,5.8677,3.8998,5.8477,126.821246,101.578368,50.709898,79.215134,33.316833
2016-02-18,42.9303,-0.4284,0.0861,0.000342,-0.8568,-1.2852,-0.8688,-1.3052,126.277946,100.708048,50.058177,78.526877,32.881968
2016-02-19,42.8741,-0.1309,0.0869,0.000345,-0.2619,-0.3928,-0.2739,-0.4129,126.112607,100.444329,49.86155,78.31178,32.746214
2016-02-22,43.5245,1.5171,0.0891,0.000354,3.0343,4.5514,3.0222,4.5313,128.025912,103.49209,52.130958,80.678533,34.230058
2016-02-23,42.9142,-1.4022,0.0898,0.000356,-2.8044,-4.2066,-2.8165,-4.2267,126.23074,100.589771,49.938027,78.406262,32.78327
2016-02-24,42.9463,0.0748,0.0906,0.000359,0.1497,0.2245,0.1376,0.2044,126.325197,100.74031,50.05013,78.514143,32.85028
2016-02-25,43.4121,1.0845,0.0913,0.000362,2.1691,3.2536,2.157,3.2335,127.695234,102.925433,51.67856,80.20769,33.912496
2016-02-26,43.3559,-0.1295,0.092,0.000365,-0.259,-0.3885,-0.2711,-0.4086,127.529873,102.658863,51.477794,79.990275,33.773935
2016-02-29,43.0748,-0.6483,0.0943,0.000374,-1.2965,-1.9448,-1.3086,-1.9649,126.703136,101.32785,50.476649,78.943506,33.110303
2016-03-01,44.1669,2.5354,0.095,0.000377,5.0708,7.6062,5.0587,7.5861,129.915574,106.465993,54.316012,82.937042,35.622082
2016-03-02,44.4561,0.6546,0.0957,0.00038,1.3092,1.9638,1.2971,1.9437,130.765998,107.859842,55.382667,84.012827,36.314458
2016-03-03,44.8254,0.8309,0.0965,0.000383,1.6618,2.4926,1.6497,2.4725,131.852509,109.652217,56.76316,85.398765,37.212338
2016-03-04,45.1306,0.6808,0.0972,0.000386,1.3616,2.0423,1.3495,2.0222,132.750128,111.145188,57.922448,86.551186,37.964842
2016-03-07,45.1306,0.0,0.0994,0.000395,0.0,0.0,-0.0121,-0.0202,132.750128,111.145188,57.922448,86.540712,37.95719
2016-03-08,44.5444,-1.2989,0.1002,0.000397,-2.5979,-3.8968,-2.61,-3.917,131.025771,108.257748,55.665298,84.281997,36.470404
2016-03-09,44.7853,0.5408,0.1009,0.0004,1.0817,1.6225,1.0696,1.6023,131.734399,109.42873,56.568463,85.183439,37.054779
2016-03-10,44.7371,-0.1076,0.1016,0.000403,-0.2151,-0.3227,-0.2273,-0.3429,131.592691,109.193304,56.38591,84.989859,36.927724
2016-03-11,45.7007,2.154,0.1024,0.000406,4.308,6.462,4.2959,6.4419,134.427212,113.897375,60.029586,88.640946,39.306554
2016-03-14,45.5963,-0.2285,0.1046,0.000415,-0.4569,-0.6854,-0.469,-0.7056,134.120099,113.376954,59.618154,88.225182,39.029216
2016-03-15,45.2513,-0.7567,0.1053,0.000418,-1.5134,-2.2701,-1.5255,-2.2903,133.105222,111.661124,58.264776,86.879299,38.135338
2016-03-16,45.727,1.0511,0.1061,0.000421,2.1023,3.1534,2.0901,3.1332,134.504333,114.008534,60.102094,88.695194,39.33019
2016-03-17,46.1462,0.9168,0.1068,0.000424,1.8335,2.7503,1.8214,2.7301,135.737432,116.098932,61.755093,90.310702,40.403946
2016-03-18,46.2268,0.1747,0.1075,0.000427,0.3494,0.5241,0.3373,0.5039,135.974561,116.504575,62.078746,90.615284,40.60753
2016-03-21,46.2268,0.0,0.1098,0.000436,0.0,0.0,-0.0121,-0.0202,135.974561,116.504575,62.078746,90.604282,40.599313
2016-03-22,46.1462,-0.1744,0.1105,0.000438,-0.3488,-0.5232,-0.3609,-0.5434,135.737432,116.098225,61.753964,90.277264,40.378688
2016-03-23,45.6866,-0.9958,0.1112,0.000441,-1.9916,-2.9875,-2.0038,-3.0077,134.385729,113.785962,59.909086,88.468296,39.164213
2016-03-24,45.5899,-0.2118,0.112,0.000444,-0.4235,-0.6353,-0.4357,-0.6555,134.101158,113.304063,59.528501,88.082872,38.907482
2016-03-28,45.7511,0.3537,0.1149,0.000456,0.7074,1.0611,0.6952,1.0408,134.575461,114.105555,60.160141,88.695241,39.312429
2016-03-29,46.251,1.0925,0.1157,0.000459,2.185,3.2775,2.1728,3.2572,136.045679,116.598728,62.131863,90.622416,40.592903
2016-03-30,46.5331,0.6101,0.1164,0.000462,1.2202,1.8303,1.208,1.81,136.875704,118.021484,63.269078,91.717177,41.327649
2016-03-31,46.509,-0.052,0.1171,0.000465,-0.104,-0.1559,-0.1161,-0.1762,136.804553,117.898783,63.170411,91.610661,41.254812
2016-04-01,46.4283,-0.1734,0.1179,0.000468,-0.3467,-0.5201,-0.3589,-0.5404,136.567379,117.489988,62.841861,91.281863,41.031871
2016-04-04,46.2429,-0.3993,0.1201,0.000477,-0.7987,-1.198,-0.8109,-1.2184,136.022003,116.551605,62.088992,90.541681,40.531957
2016-04-05,45.6302,-1.325,0.1208,0.000479,-2.65,-3.9749,-2.6621,-3.9953,134.219739,113.463036,59.620994,88.131331,38.912599
2016-04-06,46.1623,1.1661,0.1216,0.000482,2.3321,3.4982,2.32,3.4779,135.78484,116.10916,61.706667,90.175941,40.265936
2016-04-07,45.477,-1.4845,0.1223,0.000485,-2.9689,-4.4534,-2.9811,-4.4737,133.769168,112.661972,58.958634,87.487695,38.464553
2016-04-08,45.9043,0.9396,0.123,0.000488,1.8791,2.8187,1.8669,2.7983,135.02601,114.779027,60.620491,89.121026,39.540922
2016-04-11,45.9527,0.1054,0.1252,0.000497,0.2108,0.3161,0.1986,0.2958,135.168301,115.020936,60.812137,89.297983,39.657877
2016-04-12,46.5009,1.193,0.126,0.0005,2.386,3.579,2.3738,3.5586,136.780866,117.765347,62.988612,91.417741,41.069161
2016-04-13,47.1378,1.3696,0.1267,0.000503,2.7392,4.1088,2.727,4.0884,138.654224,120.991188,65.576699,93.910704,42.748252
2016-04-14,47.0975,-0.0855,0.1275,0.000506,-0.171,-0.2565,-0.1832,-0.2769,138.535654,120.784257,65.408465,93.73862,42.629872
2016-04-15,47.033,-0.137,0.1282,0.000509,-0.2739,-0.4109,-0.2861,-0.4312,138.345921,120.453415,65.139723,93.470409,42.446031
2016-04-18,47.3474,0.6685,0.1304,0.000517,1.337,2.0055,1.3248,1.9851,139.270751,122.063855,66.446082,94.708666,43.288616
2016-04-19,47.8392,1.0387,0.1311,0.00052,2.0773,3.116,2.0651,3.0956,140.717292,124.599497,68.516517,96.664477,44.628639
2016-04-20,47.8553,0.0337,0.1319,0.000523,0.0674,0.1012,0.0552,0.0808,140.764745,124.683532,68.585832,96.71785,44.664679
2016-04-21,47.5812,-0.5728,0.1326,0.000526,-1.1456,-1.7183,-1.1578,-1.7388,139.958474,123.25521,67.407297,95.598059,43.88807
2016-04-22,47.557,-0.0508,0.1334,0.000529,-0.1017,-0.1525,-0.1139,-0.1729,139.887334,123.129911,67.304509,95.489179,43.812182
2016-04-25,47.4038,-0.3221,0.1356,0.000538,-0.6441,-0.9662,-0.6564,-0.9867,139.436796,122.336777,66.654202,94.862399,43.379906
2016-04-26,47.5731,0.3571,0.1363,0.000541,0.7143,1.0714,0.702,1.051,139.934787,123.210614,67.368357,95.528372,43.835823
2016-04-27,47.6296,0.1186,0.137,0.000544,0.2372,0.3558,0.225,0.3354,140.100754,123.502878,67.60806,95.743269,43.982829
2016-04-28,47.2668,-0.7617,0.1378,0.000547,-1.5234,-2.285,-1.5356,-2.3055,139.033633,121.621481,66.063186,94.273021,42.968804
2016-04-29,46.9765,-0.614,0.1385,0.00055,-1.2281,-1.8421,-1.2403,-1.8626,138.179909,120.12787,64.846221,93.103716,42.168473
2016-05-02,47.3071,0.7036,0.1407,0.000558,1.4073,2.1109,1.395,2.0904,139.152203,121.818413,66.215079,94.402534,43.049983
2016-05-03,46.6944,-1.2952,0.1415,0.000561,-2.5903,-3.8855,-2.6026,-3.906,137.349962,118.662932,63.64231,91.945629,41.368467
2016-05-04,46.2913,-0.8633,0.1422,0.000564,-1.7265,-2.5898,-1.7388,-2.6103,136.164271,116.614186,61.994109,90.346882,40.288633
2016-05-05,46.2832,-0.0174,0.143,0.000567,-0.0349,-0.0523,-0.0471,-0.0728,136.140539,116.573537,61.961694,90.3043,40.259308
2016-05-06,46.4364,0.331,0.1437,0.00057,0.662,0.9929,0.6497,0.9724,136.591133,117.3452,62.576931,90.890987,40.6508
2016-05-09,46.259,-0.3819,0.1459,0.000579,-0.7639,-1.1458,-0.7762,-1.1664,136.069433,116.448817,61.859906,90.185517,40.176669
2016-05-10,46.9282,1.4465,0.1466,0.000582,2.893,4.3394,2.8807,4.3189,138.037652,119.817637,64.544282,92.783468,41.911865
2016-05-11,46.5976,-0.7043,0.1474,0.000585,-1.4087,-2.113,-1.421,-2.1336,137.065392,118.12978,63.180441,91.465034,41.017647
2016-05-12,46.517,-0.173,0.1481,0.000588,-0.346,-0.5191,-0.3583,-0.5396,136.82824,117.721002,62.852495,91.137282,40.796315
2016-05-13,46.0656,-0.9705,0.1489,0.000591,-1.941,-2.9116,-1.9533,-2.9321,135.500291,115.435985,61.022502,89.357059,39.600121
2016-05-16,46.5815,1.12,0.1511,0.000599,2.24,3.3601,2.2277,3.3395,137.017928,118.021807,63.072903,91.347705,40.92257
2016-05-17,46.1945,-0.8307,0.1518,0.000602,-1.6614,-2.4921,-1.6737,-2.5127,135.879712,116.060979,61.501052,89.8188,39.894314
2016-05-18,46.1704,-0.0524,0.1525,0.000605,-0.1047,-0.1571,-0.117,-0.1776,135.808572,115.939451,61.404455,89.713692,39.823445
2016-05-19,45.9204,-0.5413,0.1533,0.000608,-1.0826,-1.6239,-1.0949,-1.6445,135.073441,114.684292,60.407309,88.731405,39.168557
2016-05-20,46.3074,0.8427,0.154,0.000611,1.6853,2.528,1.673,2.5074,136.211668,116.617119,61.934417,90.215906,40.150681
2016-05-23,46.1623,-0.3134,0.1562,0.00062,-0.6267,-0.9401,-0.639,-0.9607,135.78484,115.886264,61.352191,89.639391,39.764964
2016-05-24,46.8314,1.4495,0.157,0.000623,2.8991,4.3486,2.8867,4.328,137.753092,119.245894,64.02016,92.227053,41.485992
2016-05-25,47.1861,0.7574,0.1577,0.000626,1.5148,2.2723,1.5025,2.2516,138.796459,121.052274,65.47486,93.612768,42.420106
2016-05-26,47.2426,0.1196,0.1584,0.000629,0.2392,0.3588,0.2269,0.3382,138.962471,121.34185,65.7098,93.825157,42.563572
2016-05-27,47.3151,0.1536,0.1592,0.000632,0.3072,0.4608,0.2949,0.4402,139.175913,121.714605,66.012585,94.101806,42.750921
2016-05-31,47.2829,-0.0682,0.1621,0.000643,-0.1363,-0.2045,-0.1487,-0.2251,139.081052,121.548687,65.877605,93.961908,42.654676
2016-06-01,47.3716,0.1876,0.1629,0.000646,0.3751,0.5627,0.3628,0.542,139.341925,122.004661,66.248302,94.302787,42.885885
2016-06-02,47.4844,0.2383,0.1636,0.000649,0.4765,0.7148,0.4642,0.6941,139.673914,122.586027,66.721823,94.740499,43.183558
2016-06-03,47.6215,0.2886,0.1643,0.000652,0.5772,0.8658,0.5648,0.8451,140.077011,123.293589,67.299496,95.275629,43.548513
2016-06-06,47.8956,0.5756,0.1666,0.000661,1.1512,1.7268,1.1388,1.7061,140.883304,124.712962,68.461639,96.360672,44.291509
2016-06-07,48.1939,0.6228,0.1673,0.000664,1.2456,1.8684,1.2332,1.8477,141.760715,126.266368,69.740761,97.549007,45.109876
2016-06-08,48.3229,0.2677,0.168,0.000667,0.5353,0.803,0.5229,0.7823,142.140146,126.942288,70.300757,98.059129,45.462758
2016-06-09,48.0085,-0.6507,0.1688,0.00067,-1.3014,-1.952,-1.3137,-1.9727,141.215271,125.290317,68.928462,96.770894,44.565896
2016-06-10,47.1136,-1.864,0.1695,0.000673,-3.728,-5.5919,-3.7403,-5.6126,138.58305,120.61955,65.074029,93.151339,42.064571
2016-06-13,46.6541,-0.9754,0.1717,0.000681,-1.9507,-2.9261,-1.9631,-2.9468,137.23137,118.266605,63.169915,91.322682,40.825012
2016-06-14,46.3176,-0.7212,0.1725,0.000684,-1.4424,-2.1636,-1.4548,-2.1843,136.241672,116.560754,61.803192,89.994149,39.933271
2016-06-15,46.5208,0.4387,0.1732,0.000687,0.8774,1.316,0.865,1.2953,136.839337,117.583412,62.616547,90.772568,40.450527
2016-06-16,46.5452,0.0524,0.1739,0.00069,0.1048,0.1572,0.0924,0.1365,136.911061,117.706673,62.715007,90.856471,40.505741
2016-06-17,46.6346,0.1921,0.1747,0.000693,0.3841,0.5762,0.3717,0.5555,137.174031,118.158841,63.076385,91.194229,40.730738
2016-06-20,47.2766,1.3768,0.1769,0.000702,2.7535,4.1303,2.7411,4.1095,139.062594,121.412377,65.681623,93.693971,42.404577
2016-06-21,47.4798,0.4298,0.1776,0.000705,0.8596,1.2893,0.8472,1.2686,139.660259,122.455992,66.528485,94.487701,42.942508
2016-06-22,47.3985,-0.1712,0.1784,0.000708,-0.3424,-0.5135,-0.3548,-0.5343,139.421188,122.036752,66.186835,94.152483,42.713058
2016-06-23,48.3494,2.0062,0.1791,0.000711,4.0123,6.0185,3.9999,5.9977,142.218221,126.933292,70.170305,97.918518,45.274875
2016-06-24,45.7812,-5.3118,0.1798,0.000714,-10.6237,-15.9355,-10.6361,-15.9563,134.663836,113.448342,58.988332,87.503834,38.050693
2016-06-27,44.7978,-2.148,0.182,0.000722,-4.2961,-6.4441,-4.3085,-6.4649,131.771203,108.574509,55.187052,83.733723,35.590742
2016-06-28,45.7731,2.1771,0.1828,0.000725,4.3541,6.5312,4.3417,6.5104,134.639947,113.301984,58.791426,87.369189,37.907834
2016-06-29,46.6021,1.8111,0.1835,0.000728,3.6222,5.4333,3.6097,5.4124,137.078397,117.405983,61.985721,90.522992,39.959575
2016-06-30,47.1954,1.2731,0.1843,0.000731,2.5462,3.8193,2.5338,3.7985,138.823557,120.395401,64.353162,92.81665,41.477442
2016-07-01,47.4148,0.4649,0.185,0.000734,0.9299,1.3948,0.9174,1.374,139.468989,121.514909,65.250753,93.668167,42.047324
2016-07-05,46.7727,-1.3541,0.188,0.000746,-2.7082,-4.0624,-2.7207,-4.0832,137.580415,118.224,62.600038,91.11975,40.330444
2016-07-06,46.8946,0.2606,0.1887,0.000749,0.5213,0.7819,0.5088,0.761,137.938987,118.840248,63.089496,91.583367,40.637366
2016-07-07,46.7565,-0.2946,0.1894,0.000752,-0.5892,-0.8838,-0.6017,-0.9047,137.532615,118.140034,62.531905,91.032342,40.269729
2016-07-08,47.5042,1.5992,0.1902,0.000755,3.1983,4.7975,3.1859,4.7766,139.731982,121.918532,65.531862,93.932506,42.193256
2016-07-11,47.9349,0.9068,0.1924,0.000763,1.8135,2.7203,1.801,2.6994,140.999013,124.129543,67.314508,95.624273,43.332213
2016-07-12,48.3738,0.9156,0.1931,0.000766,1.8311,2.7467,1.8186,2.7258,142.289944,126.402505,69.163423,97.363342,44.513355
2016-07-13,48.3494,-0.0504,0.1939,0.000769,-0.1008,-0.1512,-0.1133,-0.1721,142.218221,126.275075,69.058835,97.253041,44.436737
2016-07-14,48.7152,0.7564,0.1946,0.000772,1.5129,2.2693,1.5004,2.2484,143.294015,128.185464,70.625999,98.712226,45.435857
2016-07-15,48.6095,-0.2169,0.1953,0.000775,-0.4338,-0.6507,-0.4463,-0.6716,142.983233,127.629435,70.166468,98.271722,45.130724
2016-07-18,48.7233,0.234,0.1975,0.000784,0.4681,0.7021,0.4556,0.6812,143.317882,128.226863,70.659138,98.719453,45.438159
2016-07-19,48.4632,-0.5338,0.1983,0.000787,-1.0675,-1.6013,-1.08,-1.6223,142.552892,126.857987,69.527664,97.653248,44.701038
2016-07-20,48.7314,0.5534,0.199,0.00079,1.1069,1.6603,1.0944,1.6394,143.341827,128.262135,70.682031,98.721936,45.433846
2016-07-21,48.5689,-0.3336,0.1998,0.000793,-0.6671,-1.0007,-0.6796,-1.0217,142.863675,127.406435,69.974698,98.050974,44.96966
2016-07-22,48.7558,0.3849,0.2005,0.000796,0.7698,1.1547,0.7573,1.1337,143.41355,128.387197,70.782686,98.793502,45.479494
2016-07-25,48.6095,-0.3001,0.2027,0.000804,-0.6001,-0.9002,-0.6126,-0.9211,142.983233,127.616736,70.145528,98.188275,45.060567
2016-07-26,48.8046,0.4013,0.2034,0.000807,0.8025,1.2038,0.79,1.1828,143.556986,128.640919,70.989953,98.963995,45.593561
2016-07-27,48.8208,0.0333,0.2042,0.00081,0.0666,0.0999,0.0541,0.0789,143.604787,128.726587,71.060867,99.017513,45.629537
2016-07-28,48.8696,0.0999,0.2049,0.000813,0.1998,0.2997,0.1873,0.2787,143.748256,128.983797,71.273848,99.202964,45.756718
2016-07-29,49.154,0.5821,0.2057,0.000816,1.1641,1.7462,1.1516,1.7252,144.584969,130.485345,72.518435,100.345399,46.546117
2016-08-01,48.9671,-0.3803,0.2079,0.000825,-0.7606,-1.141,-0.7732,-1.162,144.035082,129.492819,71.691027,99.569556,46.005261
2016-08-02,48.6583,-0.6307,0.2086,0.000828,-1.2614,-1.8921,-1.2739,-1.9131,143.126668,127.859424,70.334584,98.301127,45.12514
2016-08-03,48.7639,0.2171,0.2093,0.000831,0.4342,0.6514,0.4217,0.6303,143.437428,128.414647,70.792721,98.71567,45.409582
2016-08-04,48.8452,0.1666,0.2101,0.000834,0.3333,0.4999,0.3207,0.4789,143.676454,128.84263,71.14663,99.032293,45.627044
2016-08-05,49.2272,0.7821,0.2108,0.000837,1.5642,2.3463,1.5516,2.3252,144.800128,130.857951,72.815914,100.568907,46.687974
2016-08-08,49.2922,0.1321,0.213,0.000845,0.2641,0.3962,0.2516,0.3751,144.991353,131.203577,73.104399,100.821909,46.863113
2016-08-09,49.4873,0.3957,0.2138,0.000848,0.7915,1.1872,0.7789,1.1661,145.565129,132.242003,73.972289,101.607219,47.409599
2016-08-10,49.4629,-0.0493,0.2145,0.000851,-0.0986,-0.1478,-0.1111,-0.1689,145.493394,132.111665,73.862929,101.494315,47.32952
2016-08-11,49.8286,0.7394,0.2152,0.000854,1.4788,2.2183,1.4663,2.1972,146.5692,134.065383,75.501398,102.982503,48.369437
2016-08-12,49.7229,-0.2121,0.216,0.000857,-0.4241,-0.6362,-0.4367,-0.6573,146.258383,133.496782,75.021071,102.532794,48.051523
2016-08-15,49.9586,0.474,0.2182,0.000866,0.948,1.422,0.9354,1.4009,146.95165,134.762334,76.087873,103.491916,48.72468
2016-08-16,49.7636,-0.3904,0.2189,0.000869,-0.7809,-1.1713,-0.7934,-1.1924,146.377907,133.710031,75.196665,102.670776,48.143691
2016-08-17,49.7473,-0.0327,0.2197,0.000872,-0.0654,-0.098,-0.0779,-0.1191,146.330073,133.622642,75.122945,102.590759,48.086331
2016-08-18,49.9505,0.4084,0.2204,0.000875,0.8169,1.2253,0.8043,1.2042,146.927749,134.714189,76.04345,103.415904,48.665394
2016-08-19,49.7717,-0.3579,0.2211,0.000878,-0.7159,-1.0738,-0.7284,-1.0949,146.401853,133.749827,75.226906,102.66258,48.132554
2016-08-22,49.6986,-0.147,0.2234,0.000886,-0.294,-0.441,-0.3066,-0.4621,146.186649,133.356615,74.895166,102.347833,47.910122
2016-08-23,49.853,0.3107,0.2241,0.000889,0.6215,0.9322,0.6089,0.9111,146.640901,134.185384,75.593341,102.971001,48.346611
2016-08-24,49.5848,-0.538,0.2248,0.000892,-1.076,-1.614,-1.0886,-1.6352,145.851955,132.741517,74.373237,101.850035,47.556054
2016-08-25,49.5685,-0.0328,0.2256,0.000895,-0.0655,-0.0983,-0.0781,-0.1195,145.804165,132.654529,74.30013,101.770457,47.499247
2016-08-26,49.3328,-0.4755,0.2263,0.000898,-0.951,-1.4265,-0.9636,-1.4476,145.110877,131.393003,73.240254,100.789806,46.811629
2016-08-29,49.6173,0.5766,0.2285,0.000907,1.1532,1.7298,1.1406,1.7086,145.947578,132.908214,74.507152,101.939391,47.611455
2016-08-30,49.5198,-0.1965,0.2293,0.00091,-0.3931,-0.5896,-0.4057,-0.6108,145.660719,132.385752,74.067821,101.525807,47.320628
2016-08-31,49.3247,-0.3939,0.23,0.000913,-0.7878,-1.1816,-0.8004,-1.2028,145.086988,131.342865,73.192602,100.713212,46.751439
2016-09-01,49.4954,0.346,0.2307,0.000916,0.692,1.0381,0.6794,1.0169,145.589018,132.25181,73.952386,101.397476,47.226837
2016-09-02,49.9424,0.9031,0.2315,0.000919,1.8062,2.7094,1.7936,2.6882,146.90386,134.640594,75.95602,103.216155,48.496368
2016-09-06,50.2512,0.6184,0.2344,0.00093,1.2368,1.8552,1.2242,1.834,147.812308,136.305818,77.365147,104.479681,49.385773
2016-09-07,50.3244,0.1455,0.2352,0.000933,0.2911,0.4366,0.2785,0.4154,148.027444,136.702596,77.702956,104.770609,49.590927
2016-09-08,50.1131,-0.4199,0.2359,0.000936,-0.8398,-1.2597,-0.8524,-1.2809,147.40589,135.554592,76.724152,103.877519,48.955711
2016-09-09,48.894,-2.4327,0.2366,0.000939,-4.8654,-7.2981,-4.878,-7.3193,143.819946,128.959316,71.124744,98.810324,45.372473
2016-09-12,49.471,1.1802,0.2389,0.000948,2.3603,3.5405,2.3477,3.5193,145.517272,132.003206,73.642932,101.130089,46.96925
2016-09-13,48.5405,-1.8808,0.2396,0.000951,-3.7616,-5.6424,-3.7742,-5.6636,142.780394,127.037793,69.487721,97.313195,44.309079
2016-09-14,48.5242,-0.0336,0.2403,0.000954,-0.0673,-0.1009,-0.0799,-0.1222,142.732358,126.952314,69.417586,97.235396,44.254932
2016-09-15,49.0879,1.1616,0.2411,0.000957,2.3232,3.4848,2.3105,3.4635,144.390344,129.901682,71.836661,99.482065,45.787717
2016-09-16,48.6876,-0.8155,0.2418,0.00096,-1.6309,-2.4464,-1.6436,-2.4677,143.212889,127.783072,70.079249,97.846979,44.657821
2016-09-19,48.8591,0.3524,0.244,0.000968,0.7048,1.0571,0.6921,1.0358,143.717545,128.68364,70.820088,98.524166,45.120406
2016-09-20,48.9817,0.2508,0.2448,0.000971,0.5016,0.7524,0.4889,0.7311,144.077968,129.329081,71.352908,99.005845,45.450259
2016-09-21,49.7169,1.501,0.2455,0.000974,3.002,4.503,2.9893,4.4817,146.240576,133.211536,74.565926,101.965443,47.487195
2016-09-22,50.0518,0.6737,0.2462,0.000977,1.3474,2.021,1.3347,1.9997,147.225763,135.006363,76.072923,103.326343,48.4368
2016-09-23,49.6842,-0.7345,0.247,0.00098,-1.469,-2.2034,-1.4816,-2.2248,146.144425,133.023184,74.396711,101.79542,47.359201
2016-09-26,49.2349,-0.9043,0.2492,0.000989,-1.8086,-2.7128,-1.8213,-2.7342,144.822872,130.617384,72.378451,99.941469,46.064316
2016-09-27,49.5453,0.6305,0.2499,0.000992,1.261,1.8914,1.2483,1.8701,145.735954,132.264422,73.747449,101.189004,46.925763
2016-09-28,49.8721,0.6595,0.2507,0.000995,1.319,1.9785,1.3063,1.9572,146.697106,134.009031,75.206578,102.510867,47.84419
2016-09-29,49.3656,-1.0156,0.2514,0.000998,-2.0311,-3.0467,-2.0438,-3.068,145.207308,131.287146,72.915273,100.415724,46.376311
2016-09-30,49.7087,0.695,0.2521,0.001001,1.3901,2.0851,1.3774,2.0637,146.216552,133.112134,74.435637,101.798817,47.333399
2016-10-03,49.627,-0.1644,0.2543,0.001009,-0.3287,-0.4931,-0.3414,-0.5145,145.976236,132.674578,74.068618,101.451247,47.089892
2016-10-04,49.431,-0.3951,0.2551,0.001012,-0.7901,-1.1852,-0.8028,-1.2065,145.399554,131.626311,73.19079,100.636774,46.521731
2016-10-05,49.7414,0.628,0.2558,0.001015,1.256,1.884,1.2433,1.8626,146.312659,133.279528,74.569697,101.887962,47.388242
2016-10-06,49.5944,-0.2956,0.2566,0.001018,-0.5912,-0.8868,-0.6039,-0.9082,145.880153,132.491569,73.908404,101.272628,46.957856
2016-10-07,49.4065,-0.3789,0.2573,0.001021,-0.7577,-1.1366,-0.7705,-1.158,145.327449,131.487615,73.068343,100.492346,46.414069
2016-10-10,49.6189,0.4299,0.2595,0.00103,0.8598,1.2897,0.8471,1.2683,145.952213,132.618146,74.010706,101.343581,47.002728
2016-10-11,48.8673,-1.5147,0.2602,0.001033,-3.0293,-4.544,-3.042,-4.5654,143.741546,128.600742,70.647694,98.260667,44.856873
2016-10-12,48.9327,0.1337,0.261,0.001036,0.2675,0.4012,0.2547,0.3798,143.933781,128.944714,70.931139,98.510967,45.027227
2016-10-13,48.6957,-0.4842,0.2617,0.001039,-0.9683,-1.4525,-0.9811,-1.4739,143.236901,127.696099,69.900864,97.544498,44.363552
2016-10-14,48.7284,0.0671,0.2625,0.001042,0.1343,0.2014,0.1215,0.18,143.333075,127.867577,70.041665,97.663052,44.443398
2016-10-17,48.5814,-0.3018,0.2647,0.00105,-0.6036,-0.9054,-0.6163,-0.9269,142.900502,127.095779,69.407517,97.061107,44.031473
2016-10-18,49.0062,0.8744,0.2654,0.001053,1.7488,2.6232,1.7361,2.6018,144.150039,129.318458,71.228237,98.746148,45.177066
2016-10-19,49.2186,0.4334,0.2661,0.001056,0.8668,1.3002,0.8541,1.2788,144.774802,130.439421,72.154372,99.589501,45.754772
2016-10-20,49.1941,-0.0498,0.2669,0.001059,-0.0996,-0.1494,-0.1124,-0.1709,144.702709,130.309511,72.046579,99.477602,45.676588
2016-10-21,49.0879,-0.2159,0.2676,0.001062,-0.4317,-0.6476,-0.4445,-0.6691,144.390344,129.746921,71.580006,99.035423,45.370971
2016-10-24,49.2512,0.3328,0.2698,0.001071,0.6656,0.9984,0.6528,0.9769,144.870886,130.610537,72.294677,99.681964,45.814208
2016-10-25,49.1205,-0.2654,0.2706,0.001074,-0.5307,-0.7961,-0.5435,-0.8176,144.486439,129.917328,71.719127,99.140168,45.439617
2016-10-26,48.9081,-0.4324,0.2713,0.001077,-0.8648,-1.2972,-0.8776,-1.3187,143.861687,128.793817,70.788798,98.270141,44.840404
2016-10-27,48.8183,-0.1837,0.272,0.00108,-0.3675,-0.5512,-0.3802,-0.5727,143.59737,128.320551,70.398617,97.896472,44.583596
2016-10-28,48.6712,-0.3012,0.2728,0.001082,-0.6024,-0.9036,-0.6152,-0.9251,143.164853,127.547544,69.762492,97.294222,44.171138
2016-10-31,48.7284,0.1175,0.275,0.001091,0.235,0.3525,0.2222,0.331,143.333075,127.847287,70.00841,97.510417,44.317327
2016-11-01,48.4343,-0.6035,0.2757,0.001094,-1.2071,-1.8106,-1.2199,-1.8322,142.467996,126.304056,68.740814,96.320897,43.505351
2016-11-02,48.0994,-0.6915,0.2765,0.001097,-1.383,-2.0744,-1.3958,-2.096,141.482854,124.557315,67.314821,94.976479,42.593475
2016-11-03,47.9687,-0.2718,0.2772,0.0011,-0.5435,-0.8153,-0.5564,-0.8369,141.098339,123.880284,66.765987,94.448072,42.237015
2016-11-04,47.7155,-0.5279,0.278,0.001103,-1.0558,-1.5837,-1.0686,-1.6053,140.35348,122.572354,65.708613,93.43879,41.558995
2016-11-07,48.6712,2.0031,0.2802,0.001112,4.0061,6.0092,3.9933,5.9876,143.164853,127.482764,69.657173,97.170094,44.047385
2016-11-08,48.8836,0.4364,0.2809,0.001115,0.8727,1.3091,0.8599,1.2875,143.789582,128.595359,70.569063,98.005679,44.614503
2016-11-09,48.9817,0.2006,0.2816,0.001118,0.4011,0.6017,0.3883,0.5801,144.077968,129.111183,70.993665,98.386233,44.873304
2016-11-10,48.8428,-0.2835,0.2824,0.001121,-0.5671,-0.8506,-0.5799,-0.8722,143.669452,128.379024,70.389783,97.815689,44.48191
2016-11-11,48.5732,-0.5519,0.2831,0.001123,-1.1038,-1.6558,-1.1167,-1.6774,142.876512,126.961925,69.224297,96.72341,43.735783
2016-11-14,48.5569,-0.0336,0.2853,0.001132,-0.0673,-0.1009,-0.0801,-0.1225,142.828453,126.876514,69.154443,96.645923,43.682189
2016-11-15,49.0144,0.9421,0.2861,0.001135,1.8843,2.8264,1.8714,2.8048,144.174085,129.267202,71.109022,98.454577,44.90737
2016-11-16,48.7529,-0.5333,0.2868,0.001138,-1.0667,-1.6,-1.0795,-1.6217,143.405146,127.888333,69.971261,97.391734,44.179124
2016-11-17,49.0225,0.5529,0.2875,0.001141,1.1059,1.6588,1.093,1.6371,144.198075,129.302598,71.131937,98.456237,44.902398
2016-11-18,48.7774,-0.4999,0.2883,0.001144,-0.9998,-1.4997,-1.0127,-1.5214,143.477229,128.009829,70.06517,97.459219,44.219274
2016-11-21,49.2268,0.9211,0.2905,0.001153,1.8423,2.7634,1.8294,2.7417,144.798849,130.368117,72.001356,99.242149,45.43165
2016-11-22,49.3411,0.2323,0.2912,0.001156,0.4646,0.697,0.4518,0.6753,145.135248,130.973865,72.503181,99.690508,45.738445
2016-11-23,49.3003,-0.0828,0.292,0.001159,-0.1656,-0.2485,-0.1785,-0.2701,145.015051,130.756927,72.323045,99.512561,45.61489
2016-11-25,49.48,0.3646,0.2934,0.001164,0.7292,1.0937,0.7163,1.072,145.543742,131.710345,73.114063,100.225351,46.103897
2016-11-28,49.2839,-0.3962,0.2957,0.001173,-0.7925,-1.1887,-0.8054,-1.2104,144.967037,130.666563,72.244939,99.418174,45.545839
2016-11-29,49.382,0.1989,0.2964,0.001176,0.3978,0.5967,0.3849,0.575,145.255367,131.186337,72.67601,99.800839,45.807711
2016-11-30,49.3084,-0.1489,0.2971,0.001179,-0.2978,-0.4467,-0.3107,-0.4684,145.039097,130.795692,72.35139,99.490793,45.593152
2016-12-01,49.0879,-0.4473,0.2979,0.001182,-0.8946,-1.3419,-0.9075,-1.3636,144.390344,129.625606,71.380516,98.587935,44.971436
2016-12-02,49.1941,0.2163,0.2986,0.001185,0.4327,0.649,0.4198,0.6273,144.702709,130.186453,71.843776,99.001783,45.253527
2016-12-05,49.5535,0.7307,0.3008,0.001194,1.4613,2.192,1.4484,2.1702,145.76,132.088906,73.418587,100.435754,46.235637
2016-12-06,49.7986,0.4945,0.3016,0.001197,0.9891,1.4836,0.9762,1.4618,146.480836,133.39536,74.507831,101.416177,46.911533
2016-12-07,50.4848,1.378,0.3023,0.0012,2.7559,4.1339,2.743,4.1121,148.499279,137.071622,77.58789,104.198031,48.840585
2016-12-08,50.6237,0.2751,0.303,0.001203,0.5502,0.8253,0.5373,0.8035,148.907784,137.825759,78.228196,104.757854,49.233018
2016-12-09,50.7707,0.2905,0.3038,0.001205,0.581,0.8714,0.5681,0.8497,149.340335,138.626478,78.909913,105.352934,49.651336
2016-12-12,50.6155,-0.3058,0.306,0.001214,-0.6115,-0.9173,-0.6244,-0.939,148.883726,137.778777,78.186112,104.695088,49.185088
2016-12-13,51.0239,0.807,0.3067,0.001217,1.614,2.421,1.6011,2.3992,150.085205,140.002503,80.078977,106.371319,50.365125
2016-12-14,50.3622,-1.2968,0.3075,0.00122,-2.5937,-3.8905,-2.6066,-3.9123,148.138856,136.371315,76.963513,103.598659,48.394693
2016-12-15,50.4521,0.1784,0.3082,0.001223,0.3568,0.5353,0.3439,0.5134,148.403162,136.857936,77.375463,103.954941,48.643172
2016-12-16,50.4031,-0.0971,0.3089,0.001226,-0.1943,-0.2914,-0.2072,-0.3132,148.258997,136.592037,77.149966,103.739525,48.490797
2016-12-19,50.4439,0.081,0.3111,0.001235,0.1621,0.2431,0.1491,0.2213,148.379138,136.813411,77.337521,103.89423,48.598092
2016-12-20,50.639,0.3867,0.3119,0.001238,0.7733,1.16,0.7604,1.1381,148.952858,137.871411,78.234616,104.684213,49.151204
2016-12-21,50.5567,-0.1625,0.3126,0.001241,-0.3251,-0.4876,-0.338,-0.5094,148.710769,137.423254,77.853158,104.330379,48.900814
2016-12-22,50.3592,-0.3907,0.3134,0.001243,-0.7814,-1.1721,-0.7943,-1.1939,148.129778,136.349469,76.940676,103.501662,48.316983
2016-12-23,50.4415,0.1634,0.3141,0.001246,0.3269,0.4903,0.3139,0.4685,148.371878,136.795163,77.317927,103.826577,48.543327
2016-12-27,50.5402,0.1958,0.317,0.001258,0.3916,0.5874,0.3786,0.5655,148.662396,137.330863,77.772101,104.219709,48.817854
2016-12-28,50.2439,-0.5862,0.3178,0.001261,-1.1725,-1.7587,-1.1854,-1.7806,147.790876,135.720683,76.404305,102.984238,47.948598
2016-12-29,50.3016,0.1147,0.3185,0.001264,0.2294,0.344,0.2164,0.3222,147.960366,136.031979,76.667172,103.20709,48.103067
2016-12-30,50.2028,-0.1964,0.3193,0.001267,-0.3927,-0.5891,-0.4057,-0.611,147.669826,135.497745,76.215533,102.788378,47.809162
2017-01-03,50.6143,0.8197,0.325,0.00129,1.6394,2.4591,1.6264,2.4371,148.880259,137.719064,78.089724,104.46011,48.97433
2017-01-04,51.0752,0.9106,0.3267,0.001296,1.8211,2.7317,1.8081,2.7098,150.235923,140.22713,80.222916,106.348899,50.301418
2017-01-05,51.2398,0.3223,0.3284,0.001303,0.6445,0.9668,0.6315,0.9448,150.720067,141.130911,80.998485,107.020495,50.776664
2017-01-06,51.248,0.0161,0.33,0.00131,0.0321,0.0482,0.0191,0.0262,150.744293,141.17628,81.037543,107.040968,50.789985
2017-01-09,51.1081,-0.273,0.335,0.00133,-0.546,-0.819,-0.5591,-0.8411,150.332736,140.405411,80.373806,106.442536,50.362804
2017-01-10,51.1575,0.0966,0.3367,0.001336,0.1933,0.2899,0.1802,0.2679,150.478023,140.676796,80.606834,106.634393,50.497723
2017-01-11,51.4373,0.547,0.3384,0.001343,1.0939,1.6409,1.0809,1.6188,151.301069,142.215672,81.929482,107.786961,51.315186
2017-01-12,51.3385,-0.192,0.3401,0.001349,-0.384,-0.576,-0.397,-0.598,151.010585,141.66959,81.45759,107.359006,51.008303
2017-01-13,51.5114,0.3366,0.3417,0.001356,0.6733,1.0099,0.6602,0.9878,151.518943,142.623416,82.280241,108.067804,51.512181
2017-01-17,51.355,-0.3036,0.3484,0.001383,-0.6071,-0.9107,-0.6202,-0.9328,151.058991,141.757519,81.53093,107.397556,51.031669
2017-01-18,51.2974,-0.1122,0.3501,0.001389,-0.2244,-0.3365,-0.2375,-0.3587,150.889535,141.439474,81.256548,107.142537,50.848628
2017-01-19,51.1739,-0.2406,0.3518,0.001396,-0.4813,-0.7219,-0.4944,-0.7441,150.52643,140.758746,80.669933,106.612837,50.470271
2017-01-20,51.3468,0.3377,0.3534,0.001402,0.6754,1.0132,0.6623,0.991,151.034788,141.709488,81.48725,107.318968,50.970427
2017-01-23,51.3468,0.0,0.3584,0.001422,0.0,0.0,-0.0131,-0.0222,151.034788,141.709488,81.48725,107.304878,50.959106
2017-01-24,51.7006,0.6892,0.3601,0.001429,1.3784,2.0676,1.3653,2.0454,152.075731,143.662832,83.172098,108.769889,52.001423
2017-01-25,52.1615,0.8914,0.3618,0.001436,1.7829,2.6743,1.7697,2.6521,153.431384,146.224147,85.396367,110.694815,53.380533
2017-01-26,52.0545,-0.2051,0.3635,0.001442,-0.4102,-0.6153,-0.4234,-0.6376,153.116674,145.624293,84.870887,110.226158,53.040182
2017-01-27,51.9887,-0.1265,0.3651,0.001449,-0.253,-0.3795,-0.2661,-0.4017,152.922992,145.255884,84.548819,109.932801,52.827097
2017-01-30,51.6183,-0.7124,0.3701,0.001469,-1.4247,-2.1371,-1.4379,-2.1594,151.833631,143.186397,82.741946,108.352085,51.68636
2017-01-31,51.7089,0.1754,0.3718,0.001475,0.3508,0.5262,0.3376,0.5038,152.099923,143.68865,83.177294,108.717867,51.946775
2017-02-01,51.7829,0.1432,0.3735,0.001482,0.2865,0.4297,0.2733,0.4074,152.317797,144.100301,83.534734,109.014993,52.158408
2017-02-02,51.8817,0.1907,0.3752,0.001489,0.3815,0.5722,0.3683,0.5499,152.608315,144.64999,84.012715,109.41646,52.445202
2017-02-03,52.1451,0.5076,0.3768,0.001495,1.0152,1.5228,1.002,1.5004,153.382944,146.118455,85.292042,110.512794,53.232101
2017-02-06,51.964,-0.3472,0.3818,0.001515,-0.6944,-1.0416,-0.7076,-1.064,152.850393,145.103799,84.403631,109.730774,52.665708
2017-02-07,51.9311,-0.0633,0.3835,0.001522,-0.1267,-0.19,-0.1399,-0.2124,152.75358,144.919985,84.243252,109.577255,52.553833
2017-02-08,51.9969,0.1268,0.3852,0.001528,0.2535,0.3803,0.2403,0.3579,152.947217,145.2874,84.563623,109.840563,52.741909
2017-02-09,52.2603,0.5065,0.3868,0.001535,1.013,1.5195,0.9997,1.497,153.721879,146.759131,85.848541,110.938681,53.531473
2017-02-10,52.5236,0.5039,0.3885,0.001542,1.0079,1.5118,0.9946,1.4894,154.496541,148.238279,87.14641,112.042107,54.328751
2017-02-13,52.787,0.5014,0.3935,0.001562,1.0029,1.5043,0.9896,1.4818,155.271225,149.724887,88.457332,113.150855,55.133787
2017-02-14,52.894,0.2027,0.3952,0.001568,0.4053,0.608,0.3921,0.5855,155.585913,150.33178,88.99516,113.59448,55.456599
2017-02-15,53.1985,0.5757,0.3969,0.001575,1.1514,1.7271,1.1381,1.7046,156.481614,152.062686,90.532183,114.887309,56.401897
2017-02-16,53.215,0.0309,0.3985,0.001582,0.0619,0.0928,0.0486,0.0703,156.530043,152.156809,90.616238,114.943155,56.441557
2017-02-17,53.1903,-0.0464,0.4002,0.001588,-0.0929,-0.1393,-0.1062,-0.1618,156.457365,152.015516,90.490018,114.821137,56.350217
2017-02-21,53.4701,0.5261,0.4069,0.001615,1.0522,1.5783,1.0389,1.5557,157.28049,153.615028,91.918226,116.013993,57.226863
2017-02-22,53.4619,-0.0154,0.4086,0.001621,-0.0308,-0.0462,-0.0441,-0.0688,157.256275,153.567727,91.875772,115.962809,57.187493
2017-02-23,53.4619,0.0,0.4102,0.001628,0.0,0.0,-0.0133,-0.0226,157.256275,153.567727,91.875772,115.947346,57.174557
2017-02-24,53.3466,-0.2155,0.4119,0.001635,-0.431,-0.6465,-0.4444,-0.6692,156.917362,152.9058,91.28175,115.432106,56.791954
2017-02-27,53.3055,-0.0771,0.4169,0.001654,-0.1542,-0.2313,-0.1676,-0.254,156.796368,152.669998,91.070596,115.238672,56.647706
2017-02-28,53.0997,-0.386,0.4186,0.001661,-0.772,-1.158,-0.7854,-1.1807,156.191118,151.491354,90.015971,114.333601,55.978856
2017-03-01,53.7499,1.2244,0.4203,0.001668,2.4489,3.6733,2.4355,3.6506,158.103581,155.201188,93.322539,117.118197,58.022427
2017-03-02,53.3549,-0.7349,0.4219,0.001674,-1.4699,-2.2048,-1.4833,-2.2275,156.941622,152.919931,91.264958,115.381039,56.729966
2017-03-03,53.5524,0.3702,0.4236,0.001681,0.7403,1.1105,0.7269,1.0878,157.522556,154.052028,92.278436,116.219781,57.347047
2017-03-06,53.4043,-0.2766,0.4286,0.001701,-0.5532,-0.8299,-0.5666,-0.8526,157.086819,153.199753,91.512657,115.561227,56.858092
2017-03-07,53.2314,-0.3236,0.4303,0.001708,-0.6473,-0.9709,-0.6607,-0.9937,156.578438,152.20815,90.624168,114.797743,56.293109
2017-03-08,53.075,-0.2938,0.432,0.001714,-0.5875,-0.8813,-0.6009,-0.9041,156.118475,151.3139,89.825518,114.107879,55.78418
2017-03-09,53.0997,0.0465,0.4336,0.001721,0.0931,0.1396,0.0796,0.1168,156.191118,151.454716,89.950908,114.198749,55.849328
2017-03-10,53.396,0.558,0.4353,0.001727,1.1159,1.6739,1.1025,1.6511,157.062604,153.144834,91.456582,115.457777,56.771437
2017-03-13,53.6018,0.3853,0.4403,0.001747,0.7706,1.1559,0.7572,1.1331,157.667787,154.325008,92.513765,116.331992,57.414702
2017-03-14,53.3137,-0.5374,0.442,0.001754,-1.0748,-1.6121,-1.0882,-1.635,156.820515,152.666391,91.02232,115.066049,56.475968
2017-03-15,53.9639,1.2195,0.4437,0.001761,2.439,3.6585,2.4256,3.6356,158.732956,156.389952,94.352396,117.857034,58.529231
2017-03-16,54.0462,0.1525,0.4453,0.001767,0.3051,0.4576,0.2916,0.4347,158.975078,156.867049,94.784155,118.2007,58.78366
2017-03-17,54.0626,0.0304,0.447,0.001774,0.0609,0.0913,0.0474,0.0684,159.023474,156.962556,94.870718,118.256732,58.823876
2017-03-20,53.9886,-0.137,0.452,0.001794,-0.274,-0.411,-0.2875,-0.434,158.805599,156.532455,94.480778,117.916726,58.568595
2017-03-21,53.4536,-0.9908,0.4537,0.0018,-1.9817,-2.9725,-1.9952,-2.9955,157.232095,153.430492,91.672326,115.564074,56.814186
2017-03-22,53.5359,0.1539,0.4554,0.001807,0.3079,0.4618,0.2943,0.4388,157.474116,153.902832,92.09565,115.904224,57.063487
2017-03-23,53.503,-0.0615,0.457,0.001814,-0.1229,-0.1844,-0.1365,-0.2074,157.377314,153.713619,91.925812,115.746058,56.945133
2017-03-24,53.6018,0.1846,0.4587,0.00182,0.3691,0.5537,0.3556,0.5307,157.667787,154.28104,92.434817,116.157668,57.247345
2017-03-27,53.6594,0.1075,0.4637,0.00184,0.215,0.3225,0.2015,0.2995,157.837289,154.612761,92.732934,116.391685,57.418784
2017-03-28,53.9639,0.5675,0.4654,0.001847,1.1349,1.7024,1.1214,1.6793,158.732956,156.3675,94.311608,117.696868,58.383034
2017-03-29,54.0407,0.1424,0.4671,0.001853,0.2848,0.4272,0.2713,0.4042,158.95901,156.812871,94.71454,118.016137,58.618997
2017-03-30,54.0159,-0.0459,0.4687,0.00186,-0.0918,-0.1377,-0.1054,-0.1608,158.88603,156.668881,94.584086,117.891761,58.524726
2017-03-31,53.8838,-0.2447,0.4704,0.001867,-0.4894,-0.734,-0.5029,-0.7571,158.497263,155.902197,93.889792,117.298837,58.081608
2017-04-03,53.8342,-0.092,0.4754,0.001887,-0.184,-0.276,-0.1976,-0.2992,158.351426,155.615299,93.630622,117.067034,57.907842
2017-04-04,53.8672,0.0614,0.4771,0.001893,0.1228,0.1842,0.1092,0.161,158.448643,155.806373,93.803071,117.194856,58.00109
2017-04-05,53.6607,-0.3834,0.4788,0.0019,-0.7668,-1.1502,-0.7804,-1.1734,157.841137,154.611623,92.724124,116.28024,57.320511
2017-04-06,53.7433,0.1539,0.4804,0.001907,0.3079,0.4618,0.2942,0.4386,158.084102,155.087609,93.152313,116.62239,57.571925
2017-04-07,53.6772,-0.123,0.4821,0.001913,-0.2459,-0.3689,-0.2595,-0.392,157.889735,154.706244,92.808717,116.319729,57.346216
2017-04-10,53.702,0.0462,0.4871,0.001933,0.0923,0.1385,0.0787,0.1152,157.962614,154.849064,92.937233,116.411246,57.412304
2017-04-11,53.7516,0.0923,0.4888,0.00194,0.1846,0.2769,0.1709,0.2536,158.108395,155.134878,93.194543,116.610228,57.557913
2017-04-12,53.6276,-0.2306,0.4905,0.001946,-0.4611,-0.6917,-0.4748,-0.715,157.743842,154.419485,92.549903,116.056568,57.14639
2017-04-13,53.2889,-0.6316,0.4921,0.001953,-1.2632,-1.8948,-1.2769,-1.9181,156.747535,152.468865,90.796274,114.574694,56.050286
2017-04-17,53.7433,0.8527,0.4988,0.001979,1.7054,2.5581,1.6917,2.5347,158.084102,155.06903,93.118899,116.512941,57.471013
2017-04-18,53.4541,-0.538,0.5005,0.001986,-1.0761,-1.6141,-1.0898,-1.6375,157.233542,153.400356,91.615842,115.243209,56.529946
2017-04-19,53.3467,-0.2009,0.5022,0.001993,-0.4019,-0.6028,-0.4156,-0.6261,156.917609,152.783894,91.063584,114.764301,56.175985
2017-04-20,53.7929,0.8363,0.5038,0.001999,1.6726,2.509,1.6589,2.4856,158.229938,155.33941,93.348326,116.668159,57.572289
2017-04-21,53.7103,-0.1536,0.5055,0.002006,-0.3072,-0.4608,-0.3209,-0.4842,157.986907,154.862227,92.918194,116.293771,57.293548
2017-04-24,54.5529,1.569,0.5105,0.002026,3.1379,4.7069,3.1242,4.6835,160.465672,159.721707,97.291767,119.927027,59.976885
2017-04-25,54.8834,0.6058,0.5122,0.002033,1.2116,1.8174,1.1979,1.794,161.437787,161.656922,99.059972,121.363606,61.052868
2017-04-26,54.8504,-0.0602,0.5139,0.002039,-0.1204,-0.1806,-0.1342,-0.2041,161.340581,161.462247,98.881032,121.200772,60.92827
2017-04-27,54.8752,0.0452,0.5155,0.002046,0.0903,0.1355,0.0766,0.1121,161.41346,161.608115,99.015029,121.2936,60.996544
2017-04-28,54.7595,-0.2108,0.5172,0.002052,-0.4215,-0.6323,-0.4353,-0.6558,161.073245,160.926865,98.38894,120.765605,60.596537
2017-05-01,54.8752,0.2112,0.5222,0.002072,0.4224,0.6337,0.4087,0.6101,161.41346,161.606676,99.012384,121.259121,60.966263
2017-05-02,55.09,0.3915,0.5239,0.002079,0.7829,1.1744,0.7691,1.1509,162.045337,162.871943,100.17518,122.191779,61.667906
2017-05-03,54.8999,-0.345,0.5256,0.002086,-0.6899,-1.0349,-0.7037,-1.0584,161.486362,161.748289,99.138517,121.331925,61.015221
2017-05-04,55.0239,0.2257,0.5272,0.002092,0.4515,0.6772,0.4377,0.6537,161.850903,162.478555,99.809907,121.862976,61.414062
2017-05-05,55.4205,0.7207,0.5289,0.002099,1.4415,2.1622,1.4277,2.1387,163.017429,164.820654,101.96802,123.602785,62.727501
2017-05-08,55.2222,-0.3578,0.5339,0.002119,-0.7156,-1.0734,-0.7294,-1.097,162.434138,163.641168,100.873468,122.701173,62.039361
2017-05-09,55.2635,0.0748,0.5356,0.002125,0.1496,0.2244,0.1358,0.2008,162.555659,163.886016,101.099866,122.867794,62.16395
2017-05-10,55.3626,0.1794,0.5373,0.002132,0.3588,0.5381,0.3449,0.5145,162.847254,164.473979,101.64393,123.291595,62.483794
2017-05-11,55.28,-0.1492,0.5389,0.002139,-0.2984,-0.4476,-0.3123,-0.4713,162.604279,163.983175,101.188958,122.906613,62.189335
2017-05-12,55.2469,-0.0598,0.5406,0.002145,-0.1196,-0.1794,-0.1334,-0.203,162.507051,163.787069,101.007442,122.742606,62.063067
2017-05-15,55.6187,0.673,0.5456,0.002165,1.3459,2.0189,1.3321,1.9952,163.600664,165.991524,103.046672,124.377605,63.301346
2017-05-16,55.7261,0.1931,0.5473,0.002172,0.3862,0.5793,0.3723,0.5556,163.916586,166.632601,103.643638,124.840704,63.653053
2017-05-17,54.8669,-1.5419,0.549,0.002178,-3.0838,-4.6257,-3.0977,-4.6494,161.389156,161.493984,98.849394,120.973532,60.693554
2017-05-18,54.8999,0.0602,0.5506,0.002185,0.1205,0.1807,0.1066,0.157,161.486362,161.688522,99.028007,121.102454,60.788817
2017-05-19,55.4535,1.0083,0.5523,0.002192,2.0166,3.0248,2.0027,3.0011,163.11459,164.949056,102.023434,123.527717,62.613138
2017-05-22,55.6766,0.4023,0.5573,0.002212,0.8045,1.2068,0.7906,1.183,163.770749,166.276133,103.254659,124.504351,63.353863
2017-05-23,55.6683,-0.0148,0.559,0.002218,-0.0297,-0.0445,-0.0436,-0.0683,163.746456,166.226803,103.20871,124.450078,63.310591
2017-05-24,55.7757,0.193,0.5607,0.002225,0.3859,0.5789,0.372,0.5551,164.062445,166.868354,103.80621,124.913055,63.662033
2017-05-25,55.9657,0.3407,0.5623,0.002231,0.6813,1.022,0.6674,0.9982,164.621342,168.005266,104.867093,125.746705,64.297479
2017-05-26,55.9079,-0.1033,0.564,0.002238,-0.2067,-0.31,-0.2206,-0.3339,164.451212,167.658012,104.541964,125.469262,64.082803
2017-05-30,55.8501,-0.1035,0.5707,0.002265,-0.2069,-0.3104,-0.2209,-0.3343,164.281071,167.311094,104.217487,125.192112,63.868591
2017-05-31,55.8253,-0.0443,0.5724,0.002271,-0.0887,-0.133,-0.1027,-0.157,164.208215,167.162693,104.07883,125.06357,63.768347
2017-06-01,56.2384,0.74,0.574,0.002278,1.4799,2.2199,1.4659,2.1959,165.423282,169.636551,106.38924,126.89691,65.168664
2017-06-02,56.5771,0.6023,0.5757,0.002285,1.2047,1.807,1.1907,1.7831,166.419678,171.680099,108.311687,128.407836,66.330661
2017-06-05,56.4532,-0.219,0.5807,0.002304,-0.4381,-0.6571,-0.4521,-0.6811,166.05517,170.92804,107.599984,127.827343,65.878908
2017-06-06,56.3292,-0.2196,0.5824,0.002311,-0.4391,-0.6587,-0.4531,-0.6827,165.690584,170.17747,106.891253,127.248116,65.429179
2017-06-07,56.3292,0.0,0.5841,0.002318,0.0,0.0,-0.014,-0.024,165.690584,170.17747,106.891253,127.230271,65.413476
2017-06-08,56.3127,-0.0293,0.5857,0.002324,-0.0587,-0.088,-0.0727,-0.112,165.641987,170.077643,106.797199,127.137786,65.34021
2017-06-09,56.2136,-0.176,0.5874,0.002331,-0.3521,-0.5281,-0.3661,-0.5521,165.350391,169.478836,106.233183,126.672314,64.979438
2017-06-12,56.131,-0.147,0.5924,0.002351,-0.2939,-0.4409,-0.308,-0.465,165.107383,168.980683,105.764803,126.282177,64.677306
2017-06-13,56.4945,0.6476,0.5941,0.002357,1.2952,1.9428,1.2811,1.9187,166.176613,171.169311,107.819592,127.900016,65.918277
2017-06-14,56.354,-0.2486,0.5958,0.002364,-0.4972,-0.7457,-0.5112,-0.7698,165.76353,170.318324,107.015537,127.246151,65.410815
2017-06-15,56.007,-0.6158,0.5974,0.002371,-1.2315,-1.8473,-1.2456,-1.8714,164.742819,168.220807,105.038648,125.661167,64.186718
2017-06-16,56.2549,0.4426,0.5991,0.002377,0.8851,1.3277,0.871,1.3036,165.471913,169.70978,106.433241,126.755734,65.023441
2017-06-19,56.6101,0.6315,0.6041,0.002397,1.263,1.8944,1.2489,1.8703,166.516839,171.853155,108.449563,128.338738,66.239566
2017-06-20,56.1144,-0.8756,0.6058,0.002404,-1.7513,-2.6269,-1.7654,-2.6511,165.058763,168.84355,105.600703,126.073077,64.483508
2017-06-21,56.1144,0.0,0.6075,0.002411,0.0,0.0,-0.0141,-0.0242,165.058763,168.84355,105.600703,126.055279,64.467912
2017-06-22,56.1392,0.0442,0.6091,0.002417,0.0884,0.1326,0.0743,0.1084,165.131698,168.992765,105.74069,126.148877,64.537771
2017-06-23,56.2384,0.1766,0.6108,0.002424,0.3532,0.5297,0.339,0.5055,165.423282,169.589568,106.30083,126.57655,64.86402
2017-06-26,56.4119,0.3085,0.6158,0.002444,0.617,0.9256,0.6029,0.9013,165.933649,170.63601,107.284714,127.339673,65.448648
2017-06-27,56.1144,-0.5273,0.6175,0.00245,-1.0545,-1.5818,-1.0687,-1.606,165.058763,168.836651,105.587736,125.978847,64.397532
2017-06-28,56.5853,0.8391,0.6192,0.002457,1.6782,2.5173,1.664,2.493,166.443758,171.670042,108.245671,128.075162,66.002961
2017-06-29,56.0446,-0.9556,0.6208,0.002464,-1.9112,-2.8668,-1.9254,-2.8911,164.85322,168.389081,105.142482,125.609239,64.094753
2017-06-30,56.1777,0.2375,0.6225,0.00247,0.475,0.7125,0.4608,0.6882,165.244759,169.188955,105.891646,126.188095,64.535864
2017-07-03,56.2692,0.1629,0.6275,0.00249,0.3257,0.4886,0.3116,0.4643,165.513901,169.740087,106.409058,126.581238,64.83549
2017-07-05,56.2692,0.0,0.6308,0.002503,0.0,0.0,-0.0142,-0.0244,165.513901,169.740087,106.409058,126.563251,64.819689
2017-07-06,55.795,-0.8427,0.6325,0.00251,-1.6854,-2.528,-1.6996,-2.5524,164.119155,166.879369,103.719007,124.412222,63.165222
2017-07-07,56.0446,0.4473,0.6342,0.002517,0.8946,1.3418,0.8803,1.3174,164.85322,168.372191,105.110737,125.507458,63.997379
2017-07-10,56.1694,0.2227,0.6392,0.002537,0.4453,0.668,0.4311,0.6435,165.220286,169.121994,105.812863,126.048498,64.409234
2017-07-11,56.2193,0.0889,0.6409,0.002543,0.1777,0.2666,0.1635,0.2421,165.367088,169.422531,106.094914,126.25453,64.565172
2017-07-12,56.7101,0.873,0.6425,0.00255,1.7461,2.6191,1.7318,2.5946,166.81079,172.380746,108.873632,128.441008,66.240394
2017-07-13,56.8765,0.2934,0.6442,0.002556,0.5868,0.8803,0.5726,0.8558,167.300242,173.392335,109.831994,129.176425,66.807262
2017-07-14,57.2175,0.5996,0.6459,0.002563,1.1993,1.7989,1.185,1.7744,168.303449,175.471812,111.807799,130.707192,67.992718
2017-07-17,57.176,-0.0727,0.6509,0.002583,-0.1453,-0.218,-0.1596,-0.2425,168.181154,175.216803,111.564068,130.498561,67.827821
2017-07-18,57.2259,0.0873,0.6526,0.00259,0.1746,0.2619,0.1603,0.2374,168.328,175.522783,111.856303,130.707794,67.988844
2017-07-19,57.5337,0.5378,0.6542,0.002596,1.0757,1.6135,1.0614,1.5889,169.233328,177.410831,113.661113,132.095086,69.069153
2017-07-20,57.6335,0.1735,0.6559,0.002603,0.347,0.5205,0.3327,0.4959,169.526943,178.026436,114.252709,132.534546,69.411681
2017-07-21,57.5337,-0.1732,0.6576,0.002609,-0.3464,-0.5196,-0.3607,-0.5442,169.233328,177.409765,113.659064,132.056482,69.03396
2017-07-24,57.5337,0.0,0.6626,0.002629,0.0,0.0,-0.0143,-0.0246,169.233328,177.409765,113.659064,132.037551,69.016962
2017-07-25,57.6501,0.2024,0.6643,0.002636,0.4049,0.6073,0.3905,0.5827,169.575911,178.128033,114.34931,132.553186,69.419095
2017-07-26,57.8248,0.303,0.6659,0.002643,0.6061,0.9091,0.5917,0.8844,170.089779,179.2076,115.388853,133.337521,70.033068
2017-07-27,57.6834,-0.2446,0.6676,0.002649,-0.4892,-0.7338,-0.5035,-0.7584,169.673767,178.330976,114.542187,132.666137,69.501927
2017-07-28,57.6584,-0.0433,0.6693,0.002656,-0.0865,-0.1298,-0.1009,-0.1544,169.600383,178.17672,114.393568,132.532326,69.394597
2017-07-31,57.6668,0.0144,0.6743,0.002676,0.0288,0.0432,0.0144,0.0185,169.624822,178.228069,114.443019,132.551461,69.407444
2017-08-01,57.9163,0.4328,0.676,0.002682,0.8656,1.2983,0.8512,1.2736,170.358921,179.770732,115.928872,133.679695,70.29142
2017-08-02,57.8664,-0.0862,0.6776,0.002689,-0.1724,-0.2586,-0.1868,-0.2833,170.212074,179.460813,115.629085,133.429991,70.092257
2017-08-03,57.7915,-0.1294,0.6793,0.002696,-0.2587,-0.3881,-0.2731,-0.4128,169.9919,178.996537,115.180376,133.065583,69.802905
2017-08-04,57.8997,0.1871,0.681,0.002702,0.3742,0.5614,0.3598,0.5366,170.309987,179.666411,115.826949,133.544392,70.177459
2017-08-07,58.0411,0.2442,0.686,0.002722,0.4885,0.7327,0.4741,0.7079,170.725965,180.544072,116.675662,134.177481,70.674268
2017-08-08,57.8581,-0.3153,0.6877,0.002729,-0.6306,-0.9459,-0.645,-0.9707,170.187658,179.405544,115.572011,133.311977,69.988207
2017-08-09,57.725,-0.2301,0.6893,0.002735,-0.4601,-0.6902,-0.4746,-0.715,169.796108,178.580029,114.774323,132.679304,69.48776
2017-08-10,56.8432,-1.5276,0.691,0.002742,-3.0552,-4.5827,-3.0696,-4.6076,167.20234,173.124132,109.514522,128.606575,66.286054
2017-08-11,56.8681,0.0439,0.6927,0.002749,0.0878,0.1316,0.0733,0.1068,167.275713,173.276075,109.658695,128.700856,66.356838
2017-08-14,57.3922,0.9216,0.6977,0.002769,1.8432,2.7648,1.8287,2.7399,168.81734,176.469927,112.690565,131.054462,68.174963
2017-08-15,57.334,-0.1015,0.6994,0.002775,-0.2029,-0.3044,-0.2174,-0.3293,168.646043,176.111803,112.347528,130.769524,67.950448
2017-08-16,57.6168,0.4933,0.701,0.002782,0.9867,1.48,0.9722,1.4551,169.478032,177.849444,114.010275,132.04084,68.939178
2017-08-17,56.8016,-1.415,0.7027,0.002789,-2.8299,-4.2449,-2.8444,-4.2698,167.079978,172.81643,109.17066,128.285039,65.995588
2017-08-18,56.8681,0.1172,0.7044,0.002795,0.2343,0.3515,0.2198,0.3265,167.275713,173.221342,109.554343,128.567009,66.211062
2017-08-21,56.9181,0.0878,0.7094,0.002815,0.1756,0.2634,0.1611,0.2384,167.422605,173.525567,109.842956,128.774139,66.36894
2017-08-22,57.3756,0.8038,0.7111,0.002822,1.6077,2.4115,1.5932,2.3865,168.768417,176.315308,112.491845,130.825711,67.952845
2017-08-23,57.309,-0.116,0.7127,0.002828,-0.232,-0.348,-0.2465,-0.373,168.572647,175.90626,112.100377,130.503183,67.699369
2017-08-24,57.2175,-0.1597,0.7144,0.002835,-0.3194,-0.4791,-0.3339,-0.5041,168.303449,175.344441,111.563329,130.067398,67.358087
2017-08-25,57.4421,0.3926,0.7161,0.002842,0.7851,1.1777,0.7706,1.1526,168.964141,176.721106,112.877188,131.069661,68.134478
2017-08-28,57.4338,-0.0145,0.7211,0.002861,-0.0289,-0.0434,-0.0435,-0.0685,168.939691,176.669961,112.828186,131.012634,68.087806
2017-08-29,57.3839,-0.0869,0.7228,0.002868,-0.1738,-0.2607,-0.1884,-0.2858,168.792867,176.362876,112.534012,130.765815,67.893191
2017-08-30,57.5503,0.2899,0.7244,0.002875,0.5799,0.8698,0.5653,0.8447,169.282274,177.385587,113.512872,131.505046,68.466699
2017-08-31,57.908,0.6216,0.7261,0.002881,1.2431,1.8647,1.2285,1.8395,170.334448,179.590669,115.629491,133.120603,69.72616
2017-09-01,58.0827,0.3017,0.7278,0.002888,0.6034,0.9051,0.5888,0.8799,170.848328,180.674277,116.676014,133.904394,70.339697
2017-09-05,57.6917,-0.6731,0.7345,0.002915,-1.3463,-2.0194,-1.3609,-2.0446,169.698262,178.24186,114.319801,132.082062,68.901501
2017-09-06,57.908,0.3749,0.7361,0.002921,0.7498,1.1247,0.7352,1.0995,170.334448,179.57829,115.605529,133.053072,69.659052
2017-09-07,58.1326,0.3879,0.7378,0.002928,0.7758,1.1637,0.7612,1.1385,170.995174,180.971456,116.950828,134.065825,70.452105
2017-09-08,58.0661,-0.1145,0.7395,0.002934,-0.229,-0.3435,-0.2437,-0.3688,170.79936,180.556978,116.549051,133.739147,70.192293
2017-09-11,58.6234,0.9599,0.7445,0.002954,1.9198,2.8797,1.9052,2.8545,172.438877,184.02334,119.905342,136.287085,72.195897
2017-09-12,58.7815,0.2696,0.7462,0.002961,0.5392,0.8088,0.5245,0.7835,172.903755,185.015557,120.8751,137.001928,72.76154
2017-09-13,58.6317,-0.2548,0.7478,0.002968,-0.5095,-0.7643,-0.5242,-0.7896,172.463282,184.072902,119.951312,136.283799,72.18705
2017-09-14,58.6484,0.0284,0.7495,0.002974,0.0568,0.0852,0.0421,0.0599,172.512272,184.177478,120.053532,136.341218,72.230294
2017-09-15,58.7565,0.1844,0.7512,0.002981,0.3688,0.5532,0.3541,0.5279,172.830382,184.856718,120.717662,136.824015,72.611574
2017-09-18,58.9562,0.3398,0.7562,0.003001,0.6796,1.0194,0.6649,0.994,173.417645,186.112974,121.948228,137.733725,73.33334
2017-09-19,59.0477,0.1552,0.7579,0.003007,0.3104,0.4656,0.2957,0.4402,173.686765,186.690616,122.515967,138.140946,73.656137
2017-09-20,59.0477,0.0,0.7595,0.003014,0.0,0.0,-0.0147,-0.0254,173.686765,186.690616,122.515967,138.120611,73.637433
2017-09-21,58.8896,-0.2677,0.7612,0.003021,-0.5353,-0.803,-0.55,-0.8284,173.221887,185.69125,121.532214,137.360902,73.027446
2017-09-22,58.9312,0.0706,0.7629,0.003027,0.1413,0.2119,0.1266,0.1865,173.344261,185.953616,121.789786,137.534743,73.163655
2017-09-25,58.6733,-0.4376,0.7679,0.003047,-0.8752,-1.3129,-0.89,-1.3383,172.585667,184.326066,120.190848,136.310686,72.184486
2017-09-26,58.6151,-0.0992,0.7696,0.003054,-0.1985,-0.2977,-0.2132,-0.3232,172.414404,183.960239,119.833038,136.020034,71.951205
2017-09-27,58.7272,0.1911,0.7712,0.00306,0.3823,0.5734,0.3675,0.5479,172.743959,184.663486,120.520189,136.519929,72.345452
2017-09-28,58.8024,0.1281,0.7729,0.003067,0.2563,0.3844,0.2415,0.3589,172.965289,185.136691,120.983443,136.849596,72.605086
2017-09-29,59.1285,0.5546,0.7746,0.003074,1.1091,1.6637,1.0943,1.6382,173.924477,187.190062,122.996203,138.347183,73.794468
2017-10-02,59.2623,0.2262,0.7796,0.003094,0.4525,0.6787,0.4377,0.6532,174.317969,188.037069,123.831012,138.952708,74.276475
2017-10-03,59.5214,0.4373,0.7813,0.0031,0.8747,1.312,0.8599,1.2865,175.080344,189.681819,125.455727,140.147546,75.232025
2017-10-04,59.5465,0.0421,0.7829,0.003107,0.0843,0.1264,0.0695,0.1008,175.154109,189.841654,125.6143,140.24488,75.307873
2017-10-05,59.7221,0.2948,0.7846,0.003114,0.5897,0.8845,0.5749,0.8589,175.670536,190.961117,126.725388,141.051095,75.954715
2017-10-06,59.6469,-0.126,0.7863,0.00312,-0.252,-0.3779,-0.2668,-0.4035,175.449228,190.479975,126.246446,140.674793,75.648206
2017-10-09,59.5632,-0.1402,0.7913,0.00314,-0.2804,-0.4206,-0.2952,-0.4462,175.203268,189.945912,125.715496,140.259488,75.310655
2017-10-10,59.8893,0.5475,0.793,0.003147,1.0949,1.6424,1.0801,1.6168,176.162456,192.025712,127.780266,141.774416,76.528245
2017-10-11,60.0565,0.2792,0.7946,0.003153,0.5584,0.8376,0.5435,0.8119,176.654286,193.09795,128.85052,142.544993,77.149579
2017-10-12,60.0231,-0.0557,0.7963,0.00316,-0.1114,-0.1671,-0.1262,-0.1927,176.555913,192.882891,128.635262,142.365045,77.000878
2017-10-13,60.1903,0.2786,0.798,0.003167,0.5572,0.8358,0.5423,0.8101,177.047777,193.957589,129.71035,143.137095,77.624636
2017-10-16,60.2154,0.0417,0.803,0.003186,0.0833,0.125,0.0684,0.0992,177.12152,194.119161,129.87243,143.235016,77.701652
2017-10-17,60.1903,-0.0416,0.8047,0.003193,-0.0833,-0.1249,-0.0982,-0.1507,177.047777,193.957521,129.710215,143.094405,77.584592
2017-10-18,60.2321,0.0695,0.8063,0.0032,0.1389,0.2084,0.124,0.1826,177.170768,194.226997,129.980536,143.271885,77.726292
2017-10-19,60.1569,-0.125,0.808,0.003206,-0.2499,-0.3749,-0.2648,-0.4006,176.949393,193.741623,129.493303,142.892482,77.414898
2017-10-20,60.299,0.2363,0.8097,0.003213,0.4726,0.7089,0.4577,0.6831,177.367536,194.657272,130.411307,143.546492,77.943742
2017-10-23,60.0649,-0.3883,0.8147,0.003233,-0.7765,-1.1648,-0.7914,-1.1906,176.678904,193.145753,128.892336,142.410405,77.015755
2017-10-24,60.1652,0.167,0.8164,0.00324,0.3341,0.5011,0.3191,0.4753,176.974034,193.791026,129.538253,142.864894,77.381799
2017-10-25,59.9228,-0.403,0.818,0.003246,-0.806,-1.2091,-0.821,-1.2349,176.260795,192.228996,127.972061,141.691986,76.4262
2017-10-26,59.9395,0.0279,0.8197,0.003253,0.0558,0.0837,0.0409,0.0579,176.309998,192.336317,128.079231,141.749897,76.470431
2017-10-27,60.2572,0.5301,0.8214,0.003259,1.0601,1.5902,1.0451,1.5643,177.244534,194.375285,130.115893,143.231381,77.666638
2017-10-30,60.1819,-0.1249,0.8264,0.003279,-0.2498,-0.3747,-0.2648,-0.4007,177.023136,193.889693,129.628307,142.852094,77.355462
2017-10-31,60.3742,0.3195,0.8281,0.003286,0.6391,0.9586,0.6241,0.9327,177.588799,195.128811,130.870957,143.743622,78.076948
2017-11-01,60.508,0.2216,0.8297,0.003293,0.4432,0.6648,0.4282,0.6388,177.982324,195.993596,131.740961,144.359114,78.575727
2017-11-02,60.5749,0.1105,0.8314,0.003299,0.2211,0.3316,0.2061,0.3057,178.179081,196.426932,132.177874,144.656626,78.815919
2017-11-03,60.6251,0.0828,0.8331,0.003306,0.1656,0.2484,0.1506,0.2225,178.326635,196.752262,132.506251,144.874496,78.991252
2017-11-06,60.7839,0.262,0.8381,0.003326,0.524,0.786,0.509,0.76,178.793869,197.783284,133.547791,145.611891,79.591597
2017-11-07,60.6585,-0.2063,0.8398,0.003332,-0.4127,-0.619,-0.4277,-0.6451,178.424929,196.967035,132.721066,144.989054,79.078169
2017-11-08,60.7923,0.2206,0.8414,0.003339,0.4412,0.6618,0.4262,0.6358,178.818544,197.836074,133.599435,145.606947,79.580926
2017-11-09,60.4579,-0.5501,0.8431,0.003346,-1.1003,-1.6504,-1.1153,-1.6765,177.834782,195.659303,131.394462,143.982931,78.246758
2017-11-10,60.4077,-0.083,0.8448,0.003352,-0.1659,-0.2489,-0.181,-0.275,177.68724,195.334642,131.067424,143.722335,78.031605
2017-11-13,60.3157,-0.1523,0.8498,0.003372,-0.3045,-0.4568,-0.3196,-0.4829,177.416672,194.739763,130.468689,143.262967,77.654772
2017-11-14,60.2238,-0.1525,0.8515,0.003379,-0.3049,-0.4574,-0.32,-0.4835,177.146184,194.145964,129.871953,142.80452,77.27931
2017-11-15,59.8726,-0.5831,0.8531,0.003385,-1.1662,-1.7492,-1.1812,-1.7754,176.113286,191.881926,127.600195,141.117649,75.90732
2017-11-16,60.4495,0.9635,0.8548,0.003392,1.927,2.8905,1.9119,2.8644,177.810152,195.579523,131.28851,143.815703,78.081591
2017-11-17,60.3659,-0.1383,0.8565,0.003399,-0.2766,-0.4149,-0.2917,-0.441,177.56426,195.038591,130.743836,143.396216,77.737227
2017-11-20,60.4579,0.1524,0.8615,0.003419,0.3047,0.4571,0.2896,0.4309,177.834782,195.63288,131.341408,143.811461,78.07216
2017-11-21,60.9344,0.7883,0.8632,0.003425,1.5765,2.3648,1.5614,2.3386,179.236597,198.717104,134.447375,146.05694,79.897948
2017-11-22,61.0181,0.1372,0.8648,0.003432,0.2745,0.4117,0.2593,0.3855,179.482568,199.262514,135.000893,146.435706,80.20593
2017-11-24,61.2438,0.37,0.8682,0.003445,0.7399,1.1099,0.7248,1.0836,180.146571,200.736872,136.499215,147.497007,81.075046
2017-11-27,61.0013,-0.3959,0.8732,0.003465,-0.7918,-1.1877,-0.807,-1.214,179.433354,199.147401,134.877976,146.306721,80.090776
2017-11-28,61.4695,0.7676,0.8748,0.003472,1.5351,2.3027,1.5199,2.2764,180.810607,202.204539,137.983771,148.530489,81.913932
2017-11-29,61.2772,-0.3128,0.8765,0.003478,-0.6257,-0.9385,-0.6408,-0.9648,180.244977,200.939427,136.688808,147.57864,81.123618
2017-11-30,61.5197,0.3957,0.8782,0.003485,0.7913,1.187,0.7762,1.1607,180.95816,202.529558,138.311335,148.724083,82.06521
2017-12-01,61.3859,-0.2174,0.8799,0.003492,-0.4349,-0.6523,-0.4501,-0.6787,180.564669,201.648762,137.409067,148.054683,81.508238
2017-12-04,61.2772,-0.1771,0.8849,0.003511,-0.3541,-0.5312,-0.3693,-0.5575,180.244977,200.934719,136.679214,147.507887,81.053796
2017-12-05,61.0849,-0.3138,0.8865,0.003518,-0.6276,-0.9415,-0.6429,-0.9679,179.679336,199.673582,135.392443,146.559618,80.269313
2017-12-06,60.8926,-0.3148,0.8882,0.003525,-0.6297,-0.9445,-0.6449,-0.9709,179.113651,198.416314,134.113672,145.614466,79.489973
2017-12-07,61.0849,0.3158,0.8899,0.003531,0.6316,0.9475,0.6164,0.921,179.679336,199.669611,135.384365,146.512051,80.222113
2017-12-08,61.4444,0.5885,0.8916,0.003538,1.177,1.7656,1.1618,1.7391,180.736785,202.019802,137.774657,148.214222,81.617271
2017-12-11,61.5949,0.2449,0.8966,0.003558,0.4899,0.7348,0.4746,0.7083,181.179479,203.009451,138.787048,148.917666,82.195395
2017-12-12,61.6117,0.0271,0.8982,0.003564,0.0543,0.0814,0.039,0.0549,181.22866,203.119664,138.900068,148.975772,82.240553
2017-12-13,61.7454,0.2171,0.8999,0.003571,0.4343,0.6514,0.419,0.6249,181.622174,204.001758,139.804876,149.599974,82.754476
2017-12-14,61.4779,-0.4333,0.9016,0.003578,-0.8667,-1.3,-0.8819,-1.3265,180.835158,202.233773,137.987444,148.280598,81.65674
2017-12-15,61.7622,0.4624,0.9033,0.003584,0.9249,1.3873,0.9096,1.3607,181.671388,204.10414,139.901717,149.629303,82.767881
2017-12-18,62.3391,0.9341,0.9083,0.003604,1.8681,2.8022,1.8528,2.7756,183.368322,207.917081,143.822047,152.401672,85.065211
2017-12-19,62.1219,-0.3484,0.9099,0.003611,-0.6967,-1.0451,-0.7121,-1.0717,182.729521,206.468439,142.318948,151.316484,84.153569
2017-12-20,62.0798,-0.0677,0.9116,0.003618,-0.1355,-0.2032,-0.1508,-0.2298,182.605756,206.18875,142.029763,151.088319,83.960189
2017-12-21,62.2566,0.2847,0.9133,0.003624,0.5695,0.8542,0.5541,0.8276,183.125694,207.362924,143.242979,151.925552,84.655031
2017-12-22,62.366,0.1757,0.915,0.003631,0.3515,0.5272,0.3361,0.5006,183.447518,208.091761,143.998182,152.436237,85.078806
2017-12-26,62.3744,0.0135,0.9216,0.003657,0.027,0.0404,0.0116,0.0138,183.472249,208.147867,144.056419,152.453917,85.090516
2017-12-27,62.4165,0.0675,0.9233,0.003664,0.135,0.2025,0.1196,0.1758,183.59607,208.428816,144.348081,152.636261,85.24008
2017-12-28,62.6017,0.2967,0.925,0.003671,0.5933,0.89,0.578,0.8633,184.140751,209.665521,145.632807,153.518452,85.975969
2017-12-29,62.5007,-0.1614,0.9267,0.003677,-0.3227,-0.4841,-0.3381,-0.5108,183.843613,208.988869,144.927808,152.999386,85.536792
2018-01-02,63.0478,0.8753,0.9355,0.003712,1.7507,2.626,1.7352,2.5992,185.452855,212.647564,148.733608,155.654302,87.760071
2018-01-03,63.477,0.6808,0.9383,0.003723,1.3617,2.0425,1.3462,2.0157,186.715488,215.543131,151.77151,157.74979,89.529051
2018-01-04,63.8557,0.5966,0.9411,0.003734,1.1933,1.7899,1.1778,1.7631,187.829512,218.115175,154.48811,159.607837,91.107532
2018-01-05,64.2261,0.5799,0.9438,0.003745,1.1599,1.7398,1.1444,1.7129,188.918782,220.644985,157.175857,161.434387,92.668131
2018-01-08,64.2934,0.1048,0.9521,0.003778,0.2096,0.3144,0.1941,0.2875,189.116785,221.107493,157.670056,161.747782,92.934554
2018-01-09,64.4028,0.1702,0.9549,0.003789,0.3404,0.5106,0.3249,0.4837,189.438687,221.860203,158.475184,162.273352,93.384076
2018-01-10,64.1924,-0.3267,0.9577,0.0038,-0.6534,-0.9802,-0.669,-1.0071,188.819748,220.410467,156.92186,161.18782,92.443573
2018-01-11,64.6637,0.7343,0.9604,0.003811,1.4685,2.2028,1.453,2.1758,190.206168,223.647221,160.378484,163.52987,94.454942
2018-01-12,65.1771,0.794,0.9632,0.003822,1.5879,2.3819,1.5724,2.3549,191.716331,227.198565,164.198512,166.101203,96.679237
2018-01-16,65.0256,-0.2325,0.9743,0.003866,-0.4649,-0.6974,-0.4805,-0.7245,191.270641,226.142211,163.053357,165.303054,95.978777
2018-01-17,65.539,0.7896,0.977,0.003877,1.5791,2.3687,1.5635,2.3416,192.780849,229.713295,166.915598,167.887647,98.226196
2018-01-18,65.4044,-0.2055,0.9798,0.003888,-0.411,-0.6165,-0.4266,-0.6436,192.384709,228.769234,165.88663,167.171492,97.59401
2018-01-19,65.7494,0.5276,0.9826,0.003899,1.0553,1.5829,1.0397,1.5557,193.399788,231.183342,168.512431,168.909497,99.112306
2018-01-22,66.2292,0.7296,0.9909,0.003932,1.4592,2.1888,1.4436,2.1616,194.810849,234.556809,172.200873,171.347838,101.254713
2018-01-23,66.4143,0.2796,0.9936,0.003943,0.5592,0.8387,0.5435,0.8115,195.355507,235.86837,173.645206,172.279141,102.076393
2018-01-24,66.5237,0.1647,0.9964,0.003954,0.3295,0.4942,0.3138,0.4669,195.67732,236.645471,174.503353,172.819759,102.55301
2018-01-25,66.4227,-0.1518,0.9992,0.003965,-0.3036,-0.4554,-0.3193,-0.4827,195.380283,235.927017,173.708667,172.267997,102.057994
2018-01-26,67.1045,1.0264,1.0019,0.003976,2.0528,3.0791,2.0371,3.0518,197.38562,240.770016,179.057382,175.777218,105.172612
2018-01-29,66.549,-0.8278,1.0102,0.004009,-1.6556,-2.4835,-1.6714,-2.5108,195.751624,236.783736,174.610568,172.839359,102.531896
2018-01-30,65.8673,-1.0244,1.013,0.00402,-2.0487,-3.0731,-2.0645,-3.1005,193.746399,231.932642,169.244582,169.271141,99.352872
2018-01-31,65.9262,0.0894,1.0158,0.004031,0.1788,0.2682,0.1631,0.2408,193.919603,232.347326,169.698483,169.547151,99.59208
2018-02-01,65.8757,-0.0766,1.0185,0.004042,-0.1532,-0.2297,-0.1689,-0.2572,193.771107,231.991481,169.308638,169.260785,99.335952
2018-02-02,64.4365,-2.1847,1.0213,0.004053,-4.3695,-6.5542,-4.3853,-6.5817,189.537699,221.854629,158.211744,161.838273,92.797947
2018-02-05,61.962,-3.8401,1.0296,0.004086,-7.6802,-11.5203,-7.696,-11.5479,182.259235,204.815686,139.985208,149.383165,82.081752
2018-02-06,63.2581,2.0918,1.0324,0.004097,4.1836,6.2754,4.1678,6.2478,186.071728,213.384342,148.769826,155.609142,87.210081
2018-02-07,62.4502,-1.2773,1.0352,0.004108,-2.5545,-3.8318,-2.5703,-3.8594,183.695094,207.933364,143.06926,151.609444,83.84431
2018-02-08,60.4723,-3.1671,1.0379,0.004119,-6.3342,-9.5014,-6.3501,-9.529,177.877253,194.762372,129.475741,141.98215,75.854821
2018-02-09,61.112,1.0578,1.0407,0.00413,2.1155,3.1733,2.0997,3.1457,179.758791,198.882661,133.584421,144.963365,78.240983
2018-02-12,62.0209,1.4874,1.049,0.004163,2.9748,4.4621,2.9589,4.4344,182.432484,204.798936,139.545138,149.252668,81.710536
2018-02-13,62.063,0.0679,1.0518,0.004174,0.1357,0.2036,0.1199,0.1759,182.556294,205.076915,139.829251,149.431551,81.854254
2018-02-14,63.0478,1.5867,1.0545,0.004185,3.1733,4.76,3.1574,4.7323,185.452855,211.584692,146.485125,154.149768,85.727816
2018-02-15,63.7463,1.108,1.0573,0.004196,2.2159,3.3239,2.2,3.2961,187.507609,216.273263,151.354139,157.541108,88.553525
2018-02-16,63.7968,0.0793,1.0601,0.004207,0.1585,0.2378,0.1426,0.21,187.656217,216.616076,151.714004,157.765756,88.739475
2018-02-20,63.3171,-0.752,1.0711,0.00425,-1.504,-2.256,-1.52,-2.2839,186.245033,213.358147,148.291313,155.367768,86.71277
2018-02-21,63.0814,-0.3722,1.0739,0.004261,-0.7443,-1.1165,-0.7603,-1.1444,185.551879,211.770024,146.635612,154.186485,85.720423
2018-02-22,63.1908,0.1734,1.0767,0.004272,0.3469,0.5203,0.3309,0.4924,185.873714,212.504644,147.398619,154.696713,86.142538
2018-02-23,64.0409,1.3452,1.0794,0.004283,2.6904,4.0356,2.6744,4.0077,188.37408,218.221851,153.34702,158.833925,89.594834
2018-02-26,64.6385,0.9331,1.0877,0.004316,1.8663,2.7994,1.8503,2.7714,190.131886,222.294511,157.639877,161.772782,92.077903
2018-02-27,63.7379,-1.3932,1.0905,0.004327,-2.7865,-4.1797,-2.8025,-4.2078,187.482878,216.100286,151.050937,157.239054,88.203484
2018-02-28,62.9972,-1.162,1.0933,0.004338,-2.324,-3.4861,-2.3401,-3.5141,185.304281,211.078007,145.785188,153.559511,85.103911
2018-03-01,62.2482,-1.189,1.096,0.004349,-2.3781,-3.5671,-2.3941,-3.5952,183.10093,206.058384,140.584835,149.883074,82.044257
2018-03-02,62.5428,0.4732,1.0988,0.00436,0.9465,1.4197,0.9304,1.3916,183.967434,208.008679,142.58074,151.277602,83.18601
2018-03-05,63.0478,0.8074,1.1071,0.004393,1.6149,2.4223,1.5988,2.3942,185.452855,211.367757,146.034489,153.696189,85.177616
2018-03-06,63.418,0.5873,1.1099,0.004404,1.1747,1.762,1.1585,1.7338,186.54207,213.850597,148.607589,155.476827,86.654432
2018-03-07,63.3423,-0.1194,1.1126,0.004415,-0.2388,-0.3581,-0.2549,-0.3863,186.319382,213.340021,148.07538,155.080555,86.319663
2018-03-08,63.5864,0.3853,1.1154,0.004426,0.7706,1.1559,0.7545,1.1277,187.037289,214.984062,149.787027,156.250618,87.2931
2018-03-09,64.3859,1.2574,1.1182,0.004437,2.5148,3.7722,2.4987,3.744,189.389114,220.390521,155.437336,160.154813,90.561344
2018-03-12,64.4533,0.1046,1.1265,0.00447,0.2091,0.3137,0.1929,0.2854,189.587138,220.851401,155.92491,160.463821,90.819783
2018-03-13,64.0072,-0.6921,1.1292,0.004481,-1.3841,-2.0762,-1.4003,-2.1045,188.27509,217.794571,152.687649,158.216848,88.908485
2018-03-14,63.9399,-0.1052,1.132,0.004492,-0.2104,-0.3156,-0.2266,-0.3439,188.077031,217.336348,152.205783,157.858343,88.602695
2018-03-15,63.8389,-0.158,1.1348,0.004503,-0.3159,-0.4739,-0.3321,-0.5023,187.779938,216.649723,151.484494,157.334037,88.157678
2018-03-16,63.8473,0.0132,1.1375,0.004514,0.0264,0.0396,0.0102,0.0112,187.804702,216.706866,151.544427,157.350015,88.167526
2018-03-19,63.174,-1.0546,1.1458,0.004547,-2.1092,-3.1638,-2.1254,-3.1922,185.824129,212.136121,146.749902,154.00564,85.353011
2018-03-20,63.3255,0.2398,1.1486,0.004558,0.4797,0.7195,0.4634,0.691,186.269797,213.153666,147.805767,154.719305,85.942817
2018-03-21,63.376,0.0797,1.1514,0.004569,0.1595,0.2392,0.1432,0.2107,186.418327,213.4936,148.159344,154.940868,86.12391
2018-03-22,61.8947,-2.3373,1.1541,0.00458,-4.6746,-7.0119,-4.6909,-7.0405,182.061143,203.513562,137.77049,147.67272,80.060381
2018-03-23,60.851,-1.6862,1.1569,0.004591,-3.3724,-5.0585,-3.3887,-5.0871,178.991265,196.650355,130.801317,142.6686,75.987642
2018-03-26,62.2844,2.3555,1.1652,0.004624,4.7111,7.0666,4.6948,7.038,183.207483,205.914724,140.044564,149.366544,81.335666
2018-03-27,61.4567,-1.329,1.168,0.004635,-2.6579,-3.9869,-2.6743,-4.0155,180.772714,200.441643,134.461122,145.372069,78.069601
2018-03-28,61.4313,-0.0412,1.1707,0.004646,-0.0824,-0.1237,-0.0988,-0.1523,180.698197,200.276393,134.294841,145.228448,77.950684
2018-03-29,62.1915,1.2374,1.1735,0.004657,2.4748,3.7122,2.4584,3.6835,182.934166,205.232855,139.280156,148.798814,80.822027
2018-04-02,60.9583,-1.9829,1.1846,0.004701,-3.9658,-5.9487,-3.9822,-5.9774,179.306794,197.093797,130.994866,142.873386,75.990957
2018-04-03,61.6003,1.0531,1.1873,0.004712,2.1062,3.1593,2.0898,3.1305,181.195087,201.245016,135.133415,145.859149,78.36988
2018-04-04,62.0901,0.7953,1.1901,0.004723,1.5905,2.3858,1.5741,2.357,182.636074,204.445891,138.357435,148.155129,80.217053
2018-04-05,62.4196,0.5306,1.1929,0.004734,1.0611,1.5917,1.0447,1.5628,183.605069,206.61531,140.559645,149.702877,81.470725
2018-04-06,61.4144,-1.6103,1.1956,0.004745,-3.2206,-4.8309,-3.2371,-4.8598,180.648477,199.961058,133.769349,144.856919,77.511448
2018-04-09,61.7861,0.6052,1.2039,0.004778,1.2103,1.8155,1.1939,1.7866,181.741709,202.381269,136.197948,146.586305,78.896261
2018-04-10,62.6983,1.4764,1.2067,0.004789,2.9527,4.4291,2.9362,4.4002,184.424884,208.357051,142.230293,150.890429,82.367823
2018-04-11,62.4111,-0.458,1.2095,0.0048,-0.916,-1.374,-0.9325,-1.403,183.580193,206.448444,140.275991,149.483326,81.212198
2018-04-12,62.7828,0.5955,1.2122,0.004811,1.191,1.7864,1.1744,1.7574,184.673369,208.907145,142.78192,151.238911,82.639455
2018-04-13,62.6138,-0.2691,1.215,0.004821,-0.5382,-0.8072,-0.5547,-0.8363,184.176444,207.782878,141.629315,150.399998,81.948377
2018-04-16,62.9348,0.5126,1.2233,0.004854,1.0252,1.5379,1.0087,1.5088,185.120574,209.913161,143.807386,151.917059,83.184808
2018-04-17,63.4416,0.8053,1.2261,0.004865,1.6105,2.4158,1.5939,2.3867,186.611269,213.293839,147.28144,154.338527,85.170158
2018-04-18,63.6865,0.3861,1.2288,0.004876,0.7722,1.1583,0.7556,1.1292,187.33179,214.940929,148.987437,155.504761,86.131905
2018-04-19,63.2727,-0.6499,1.2316,0.004887,-1.2997,-1.9496,-1.3163,-1.9787,186.1144,212.147309,146.082818,153.457838,84.427602
2018-04-20,62.8588,-0.6541,1.2344,0.004898,-1.3082,-1.9623,-1.3248,-1.9915,184.896999,209.371936,143.216172,151.424777,82.746222
2018-04-23,62.7828,-0.1209,1.2427,0.004931,-0.2419,-0.3628,-0.2585,-0.3921,184.673369,208.865471,142.696517,151.03329,82.421796
2018-04-24,62.2675,-0.8206,1.2455,0.004942,-1.6413,-2.4619,-1.6579,-2.4912,183.157853,205.437377,139.183416,148.529247,80.368513
2018-04-25,62.2422,-0.0407,1.2482,0.004953,-0.0814,-0.1221,-0.0981,-0.1514,183.083302,205.270138,139.013459,148.38359,80.24685
2018-04-26,62.7659,0.8414,1.251,0.004964,1.6827,2.5241,1.6661,2.4948,184.623705,208.72429,142.522301,150.855756,82.248856
2018-04-27,62.8757,0.1749,1.2538,0.004975,0.3498,0.5247,0.3331,0.4954,184.946629,209.454445,143.270154,151.358311,82.656326
2018-04-30,62.4534,-0.6716,1.2621,0.005008,-1.3433,-2.0149,-1.36,-2.0443,183.704441,206.640857,140.383347,149.299826,80.966565
2018-05-01,62.4196,-0.0541,1.2648,0.005019,-0.1082,-0.1623,-0.1249,-0.1917,183.605069,206.4173,140.155533,149.113334,80.811366
2018-05-02,62.1831,-0.3789,1.2676,0.00503,-0.7578,-1.1367,-0.7746,-1.1662,182.909368,204.853022,138.562336,147.958361,79.868976
2018-05-03,62.1577,-0.0408,1.2704,0.005041,-0.0815,-0.1223,-0.0983,-0.1517,182.834829,204.686057,138.392934,147.812989,79.747811
2018-05-04,62.6898,0.8561,1.2731,0.005052,1.7122,2.5683,1.6955,2.5389,184.400097,208.190736,141.947324,150.319104,81.772499
2018-05-07,62.7828,0.1482,1.2814,0.005085,0.2964,0.4446,0.2796,0.415,184.673369,208.807792,142.5784,150.739394,82.111895
2018-05-08,62.7912,0.0134,1.2842,0.005096,0.0269,0.0403,0.0101,0.0108,184.698189,208.86392,142.635889,150.754585,82.120733
2018-05-09,63.1713,0.6053,1.287,0.005107,1.2107,1.816,1.1939,1.7865,185.816252,211.392619,145.226211,152.554412,83.587787
2018-05-10,63.7541,0.9226,1.2897,0.005118,1.8452,2.7678,1.8283,2.7382,187.530567,215.293176,149.245721,155.343637,85.876551
2018-05-11,63.8892,0.212,1.2925,0.005129,0.4239,0.6359,0.4071,0.6063,187.928053,216.205838,150.194735,155.976011,86.397179
2018-05-14,63.9822,0.1455,1.3008,0.005162,0.2909,0.4364,0.2741,0.4067,188.201414,216.834826,150.850157,156.403468,86.74855
2018-05-15,63.4078,-0.8977,1.3036,0.005173,-1.7954,-2.6931,-1.8123,-2.7228,186.511931,212.941777,146.787615,153.569002,84.386553
2018-05-16,63.7288,0.5062,1.3063,0.005184,1.0124,1.5186,0.9955,1.4889,187.456061,215.097614,149.016746,155.097807,85.642965
2018-05-17,63.7119,-0.0265,1.3091,0.005195,-0.053,-0.0796,-0.0699,-0.1093,187.406341,214.983512,148.898174,154.98932,85.549336
2018-05-18,63.5007,-0.3314,1.3119,0.005206,-0.6629,-0.9943,-0.6798,-1.0241,186.785214,213.558457,147.417678,153.935734,84.673245
2018-05-21,63.8639,0.572,1.3202,0.005239,1.1439,1.7159,1.127,1.686,187.853547,216.001386,149.94718,155.670545,86.100862
2018-05-22,63.8048,-0.0926,1.3229,0.00525,-0.1851,-0.2777,-0.2021,-0.3076,187.679646,215.601471,149.530752,155.355934,85.836032
2018-05-23,63.619,-0.2912,1.3257,0.005261,-0.5825,-0.8737,-0.5995,-0.9036,187.133036,214.345608,148.224243,154.424638,85.060396
2018-05-24,63.5092,-0.1726,1.3285,0.005272,-0.3451,-0.5177,-0.3621,-0.5476,186.810124,213.605869,147.456926,153.865476,84.594621
2018-05-25,63.298,-0.3325,1.3312,0.005283,-0.665,-0.9975,-0.682,-1.0275,186.188951,212.185324,145.985975,152.816083,83.725431
2018-05-29,62.3182,-1.5479,1.3423,0.005327,-3.0958,-4.6437,-3.1128,-4.6737,183.306921,205.616465,139.206798,148.059155,79.812325
2018-05-30,63.1291,1.3012,1.3451,0.005338,2.6024,3.9035,2.5853,3.8735,185.692072,210.96734,144.640785,151.886948,82.903852
2018-05-31,62.8081,-0.5085,1.3478,0.005349,-1.0169,-1.5254,-1.034,-1.5554,184.747908,208.821986,142.434478,150.316486,81.614339
2018-06-01,63.4162,0.9683,1.3506,0.00536,1.9365,2.9048,1.9195,2.8747,186.536751,212.865872,146.571894,153.201747,83.960507
2018-06-04,63.7372,0.5061,1.3589,0.005392,1.0123,1.5184,0.9952,1.4883,187.480892,215.020679,148.79748,154.726388,85.210071
2018-06-05,63.7203,-0.0265,1.3617,0.005403,-0.0531,-0.0796,-0.0702,-0.1098,187.431151,214.906582,148.679044,154.617812,85.116538
2018-06-06,64.2778,0.8749,1.3644,0.005414,1.7497,2.6246,1.7326,2.5944,189.070936,218.666905,152.581306,157.296761,87.324825
2018-06-07,64.0582,-0.3417,1.3672,0.005425,-0.6833,-1.025,-0.7005,-1.0552,188.424955,217.172705,151.017373,156.19497,86.403374
2018-06-08,64.2018,0.2242,1.37,0.005436,0.4483,0.6725,0.4312,0.6423,188.847351,218.146386,152.032989,156.868485,86.958324
2018-06-11,64.3623,0.25,1.3783,0.005469,0.4999,0.7499,0.4828,0.7196,189.31941,219.236981,153.173094,157.625786,87.584078
2018-06-12,64.2947,-0.105,1.381,0.00548,-0.21,-0.315,-0.2272,-0.3453,189.120645,218.77663,152.690647,157.267714,87.281656
2018-06-13,64.1004,-0.3022,1.3838,0.005491,-0.6043,-0.9065,-0.6215,-0.9368,188.549214,217.454557,151.306576,156.290295,86.464
2018-06-14,64.168,0.1054,1.3866,0.005502,0.2108,0.3162,0.1936,0.2858,188.747957,217.912979,151.785037,156.592879,86.711157
2018-06-15,63.8977,-0.4212,1.3893,0.005513,-0.8424,-1.2637,-0.8597,-1.294,187.952918,216.077205,149.867003,155.246722,85.589077
2018-06-18,63.5936,-0.4759,1.3976,0.005546,-0.9518,-1.4277,-0.969,-1.4581,187.058463,214.020611,147.727382,153.742321,84.341071
2018-06-19,63.1629,-0.6773,1.4004,0.005557,-1.3547,-2.032,-1.372,-2.0625,185.791432,211.121296,144.725511,151.633048,82.601524
2018-06-20,63.3825,0.3477,1.4032,0.005568,0.6954,1.043,0.6781,1.0125,186.437391,212.589348,146.235055,152.661249,83.437896
2018-06-21,62.8588,-0.8262,1.4059,0.005579,-1.6524,-2.4787,-1.6697,-2.5092,184.896999,209.076416,142.610364,150.112211,81.344274
2018-06-22,63.234,0.597,1.4087,0.00559,1.194,1.791,1.1767,1.7604,186.000823,211.572764,145.16449,151.878569,82.776289
2018-06-25,62.332,-1.4265,1.417,0.005623,-2.8529,-4.2794,-2.8702,-4.31,183.347608,205.53679,138.952378,147.519294,79.208654
2018-06-26,62.4001,0.1092,1.4198,0.005634,0.2185,0.3277,0.2011,0.2971,183.547877,205.985802,139.407707,147.815982,79.443947
2018-06-27,61.813,-0.941,1.4225,0.005645,-1.8819,-2.8229,-1.8993,-2.8535,181.820782,202.109352,135.472434,145.008583,77.177008
2018-06-28,62.1278,0.5093,1.4253,0.005656,1.0187,1.528,1.0013,1.4973,182.746869,204.168201,137.542481,146.460581,78.332613
2018-06-29,62.4342,0.4931,1.4281,0.005667,0.9862,1.4793,0.9688,1.4486,183.648011,206.181748,139.577188,147.879559,79.467363
2018-07-02,62.2129,-0.3544,1.4364,0.0057,-0.7088,-1.0632,-0.7262,-1.094,182.997171,204.72035,138.093222,146.805661,78.598029
2018-07-03,62.1448,-0.1094,1.4392,0.005711,-0.2188,-0.3282,-0.2362,-0.359,182.796947,204.272366,137.639943,146.45884,78.31584
2018-07-05,62.6384,0.7942,1.4447,0.005733,1.5883,2.3825,1.5709,2.3517,184.248672,207.516921,140.919244,148.759574,80.157586
2018-07-06,63.0383,0.6385,1.4475,0.005744,1.277,1.9155,1.2596,1.8847,185.425129,210.166977,143.618618,150.633322,81.668311
2018-07-09,63.668,0.9989,1.4558,0.005777,1.9979,2.9968,1.9804,2.9659,187.277426,214.365885,147.922635,153.616477,84.090527
2018-07-10,63.7787,0.1737,1.4585,0.005788,0.3475,0.5212,0.33,0.4903,187.602795,215.11075,148.693623,154.12338,84.502797
2018-07-11,63.0724,-1.1074,1.4613,0.005799,-2.2149,-3.3223,-2.2324,-3.3533,185.525218,210.346331,143.753572,150.682771,81.669195
2018-07-12,63.5659,0.7825,1.4641,0.00581,1.5651,2.3476,1.5476,2.3166,186.977022,213.638408,147.128348,153.014675,83.561166
2018-07-13,63.6425,0.1205,1.4668,0.005821,0.2409,0.3614,0.2234,0.3304,187.202257,214.153112,147.660046,153.356503,83.837233
2018-07-16,63.5574,-0.1337,1.4751,0.005854,-0.2674,-0.401,-0.2849,-0.4321,186.952,213.580539,147.067857,152.919551,83.474955
2018-07-17,63.8042,0.3882,1.4779,0.005865,0.7765,1.1647,0.7589,1.1337,187.67784,215.23899,148.780828,154.0801,84.421272
2018-07-18,63.8467,0.0667,1.4807,0.005876,0.1334,0.2001,0.1158,0.169,187.80303,215.52614,149.078561,154.258568,84.563943
2018-07-19,63.6085,-0.3732,1.4834,0.005887,-0.7464,-1.1196,-0.764,-1.1507,187.102179,213.917521,147.409547,153.080092,83.590873
2018-07-20,63.7276,0.1873,1.4862,0.005898,0.3745,0.5618,0.3569,0.5306,187.452549,214.718689,148.237669,153.626462,84.034425
2018-07-23,63.7276,0.0,1.4945,0.005931,0.0,0.0,-0.0176,-0.0312,187.452549,214.718689,148.237669,153.599368,84.008185
2018-07-24,64.0084,0.4406,1.4973,0.005942,0.8813,1.3219,0.8636,1.2907,188.278546,216.610976,150.197267,154.925911,85.092463
2018-07-25,64.6722,1.037,1.5,0.005952,2.074,3.111,2.0563,3.0797,190.230988,221.103474,154.86989,158.111706,87.713073
2018-07-26,64.3998,-0.4211,1.5028,0.005963,-0.8421,-1.2632,-0.8598,-1.2945,189.430002,219.241519,152.913606,156.752279,86.577653
2018-07-27,64.2041,-0.3039,1.5056,0.005974,-0.6078,-0.9117,-0.6255,-0.943,188.854308,217.90893,151.519452,155.771796,85.76119
2018-07-30,63.9829,-0.3446,1.5139,0.006007,-0.6892,-1.0338,-0.7069,-1.0652,188.203512,216.407094,149.953035,154.670618,84.847674
2018-07-31,64.2297,0.3857,1.5166,0.006018,0.7714,1.1571,0.7537,1.1257,188.929442,218.076525,151.688211,155.83638,85.802842
2018-08-01,63.9999,-0.3577,1.5194,0.006029,-0.7154,-1.0732,-0.7332,-1.1046,188.253602,216.516314,150.06035,154.693822,84.855076
2018-08-02,64.0084,0.0133,1.5222,0.00604,0.0265,0.0398,0.0088,0.0083,188.278546,216.573691,150.119999,154.707363,84.862122
2018-08-03,64.2297,0.3457,1.5249,0.006051,0.6914,1.0371,0.6737,1.0057,188.929442,218.071122,151.676936,155.749567,85.715547
2018-08-06,64.2297,0.0,1.5332,0.006084,0.0,0.0,-0.0178,-0.0315,188.929442,218.071122,151.676936,155.721858,85.688518
2018-08-07,64.4764,0.3842,1.536,0.006095,0.7684,1.1525,0.7506,1.121,189.655271,219.746693,153.425072,156.890641,86.649073
2018-08-08,64.4339,-0.066,1.5388,0.006106,-0.132,-0.1979,-0.1498,-0.2295,189.530137,219.456715,153.121383,156.655662,86.450198
2018-08-09,64.2892,-0.2245,1.5415,0.006117,-0.449,-0.6736,-0.4669,-0.7052,189.104599,218.471256,152.090007,155.924286,85.84058
2018-08-10,63.5659,-1.1251,1.5443,0.006128,-2.2502,-3.3752,-2.268,-3.4069,186.977022,213.555306,146.956608,152.387934,82.916112
2018-08-13,63.2255,-0.5355,1.5526,0.006161,-1.0709,-1.6064,-1.0888,-1.6381,185.975812,211.268247,144.595872,150.728716,81.55786
2018-08-14,63.5233,0.471,1.5554,0.006172,0.9421,1.4131,0.9242,1.3814,186.851809,213.25851,146.639131,152.121715,82.684478
2018-08-15,62.8171,-1.1118,1.5581,0.006183,-2.2236,-3.3354,-2.2415,-3.3672,184.774367,208.51644,141.748073,148.711884,79.900352
2018-08-16,63.2936,0.7586,1.5609,0.006194,1.5172,2.2758,1.4993,2.244,186.176059,211.680036,144.973961,150.94151,81.693344
2018-08-17,63.5744,0.4436,1.5637,0.006205,0.8872,1.3308,0.8693,1.2991,187.001955,213.558105,146.903319,152.253658,82.754586
2018-08-20,63.8212,0.3882,1.572,0.006238,0.7764,1.1646,0.7584,1.1327,187.727873,215.216118,148.614101,153.408398,83.691966
2018-08-21,64.0765,0.4,1.5747,0.006249,0.8001,1.2001,0.7821,1.1682,188.478837,216.937966,150.397594,154.608205,84.669672
2018-08-22,64.2467,0.2656,1.5775,0.00626,0.5312,0.7968,0.5133,0.765,188.979464,218.090404,151.596028,155.401752,85.31736
2018-08-23,63.9488,-0.4636,1.5803,0.006271,-0.9272,-1.3907,-0.9451,-1.4227,188.103389,216.068346,149.48771,153.932984,84.103589
2018-08-24,64.4083,0.7185,1.583,0.006282,1.4371,2.1556,1.4191,2.1237,189.45498,219.173405,152.71008,156.117423,85.88968
2018-08-27,65.0891,1.0569,1.5913,0.006315,2.1139,3.1708,2.0958,3.1388,191.457377,223.806403,157.552174,159.389377,88.585569
2018-08-28,65.038,-0.0785,1.5941,0.006326,-0.1569,-0.2354,-0.1749,-0.2674,191.307175,223.455242,157.181367,159.110548,88.348716
2018-08-29,65.3444,0.4711,1.5969,0.006337,0.9422,1.4133,0.9241,1.3812,192.208408,225.560601,159.402773,160.580954,89.569021
2018-08-30,64.7998,-0.8335,1.5996,0.006348,-1.6669,-2.5004,-1.685,-2.5325,190.606414,221.800654,155.417063,157.875183,87.300719
2018-08-31,64.7828,-0.0263,1.6024,0.006359,-0.0526,-0.0789,-0.0706,-0.111,190.556302,221.684027,155.294481,157.763649,87.203854
2018-09-04,64.3743,-0.6305,1.6135,0.006403,-1.2609,-1.8914,-1.279,-1.9236,189.354913,218.888751,152.357253,155.745793,85.526433
2018-09-05,63.9488,-0.6609,1.6162,0.006414,-1.3219,-1.9828,-1.34,-2.015,188.103389,215.995301,149.33628,153.658797,83.803063
2018-09-06,63.8127,-0.2129,1.619,0.006425,-0.4258,-0.6387,-0.4439,-0.6709,187.702918,215.075597,148.382473,152.976661,83.240819
2018-09-07,63.5233,-0.4534,1.6218,0.006436,-0.9069,-1.3603,-0.925,-1.3925,186.851809,213.125144,146.364022,151.561611,82.081658
2018-09-10,63.6765,0.2412,1.6301,0.006469,0.4823,0.7235,0.4641,0.6911,187.302403,214.153048,147.422894,152.265047,82.648964
2018-09-11,63.8042,0.2004,1.6328,0.00648,0.4009,0.6013,0.3827,0.569,187.67784,215.011563,148.309397,152.847769,83.119244
2018-09-12,63.9233,0.1867,1.6356,0.006491,0.3734,0.5601,0.3552,0.5278,188.028254,215.814462,149.140125,153.390722,83.557936
2018-09-13,64.3233,0.6257,1.6384,0.006502,1.2514,1.8771,1.2332,1.8447,189.204733,218.515132,151.939601,155.282302,85.099337
2018-09-14,64.3658,0.0661,1.6412,0.006513,0.1323,0.1984,0.114,0.166,189.329845,218.804119,152.241012,155.459372,85.240589
2018-09-17,64.136,-0.357,1.6495,0.006545,-0.714,-1.0709,-0.7322,-1.1034,188.653971,217.241936,150.610592,154.321074,84.300042
2018-09-18,64.587,0.7032,1.6522,0.006556,1.4064,2.1096,1.3881,2.0771,189.980585,220.297223,153.787869,156.463259,86.051055
2018-09-19,64.7487,0.2503,1.655,0.006567,0.5007,0.751,0.4824,0.7185,190.456167,221.400173,154.942811,157.218024,86.669329
2018-09-20,65.3529,0.9332,1.6578,0.006578,1.8663,2.7995,1.848,2.767,192.23343,225.532214,159.28041,160.123472,89.067437
2018-09-21,65.3359,-0.0261,1.6605,0.006589,-0.0521,-0.0782,-0.0704,-0.1107,192.183318,225.414629,159.155845,160.010693,88.968795
2018-09-24,65.0466,-0.4428,1.6688,0.006622,-0.8857,-1.3285,-0.904,-1.3611,191.332265,223.418204,157.041456,158.564202,87.757831
2018-09-25,65.1317,0.1308,1.6716,0.006633,0.2617,0.3925,0.2433,0.3599,191.582601,224.002837,157.657868,158.950048,88.073657
2018-09-26,65.0222,-0.168,1.6744,0.006644,-0.336,-0.5041,-0.3544,-0.5367,191.260699,223.250086,156.863164,158.386735,87.600946
2018-09-27,65.0735,0.0789,1.6771,0.006655,0.1578,0.2367,0.1394,0.204,191.411574,223.602305,157.234386,158.607537,87.779633
2018-09-28,64.8341,-0.3679,1.6799,0.006666,-0.7358,-1.1037,-0.7541,-1.1363,190.707401,221.95711,155.499065,157.411413,86.782149
2018-10-01,65.0393,0.3165,1.6882,0.006699,0.633,0.9495,0.6146,0.9167,191.310991,223.3621,156.97553,158.378856,87.577713
2018-10-02,64.7315,-0.4733,1.691,0.00671,-0.9465,-1.4198,-0.9649,-1.4525,190.405606,221.247966,154.746858,156.850624,86.305609
2018-10-03,64.7315,0.0,1.6937,0.006721,0.0,0.0,-0.0184,-0.0328,190.405606,221.247966,154.746858,156.82172,86.277295
2018-10-04,64.0219,-1.0963,1.6965,0.006732,-2.1926,-3.2888,-2.211,-3.3217,188.318222,216.396959,149.657468,153.354386,83.411441
2018-10-05,63.6371,-0.6009,1.6993,0.006743,-1.2019,-1.8028,-1.2203,-1.8357,187.186526,213.796088,146.959373,151.482929,81.880258
2018-10-08,63.5003,-0.215,1.7076,0.006776,-0.43,-0.645,-0.4485,-0.6779,186.784058,212.876727,146.011445,150.803528,81.325156
2018-10-09,63.3464,-0.2423,1.7103,0.006787,-0.4847,-0.727,-0.5032,-0.76,186.3314,211.844942,144.949899,150.044715,80.70711
2018-10-10,61.5509,-2.8344,1.7131,0.006798,-5.6688,-8.5032,-5.6873,-8.5362,181.050025,199.835882,132.624525,141.511219,73.817825
2018-10-11,60.4737,-1.7502,1.7159,0.006809,-3.5005,-5.2507,-3.519,-5.2837,177.881236,192.840714,125.660829,136.531479,69.917536
2018-10-12,61.1577,1.1311,1.7186,0.00682,2.2621,3.3932,2.2436,3.3602,179.893205,197.203057,129.924781,139.59473,72.266917
2018-10-15,60.9012,-0.4194,1.7269,0.006853,-0.8388,-1.2582,-0.8573,-1.2912,179.138752,195.548959,128.290108,138.397931,71.333778
2018-10-16,62.1067,1.9795,1.7297,0.006864,3.959,5.9384,3.9404,5.9054,182.684773,203.290675,135.908551,143.851357,75.546292
2018-10-17,61.8587,-0.3992,1.7325,0.006875,-0.7985,-1.1977,-0.8171,-1.2308,181.95542,201.667437,134.280743,142.676001,74.61644
2018-10-18,60.9012,-1.548,1.7352,0.006886,-3.096,-4.644,-3.1146,-4.6771,179.138752,195.423815,128.044748,138.232227,71.126528
2018-10-19,60.961,0.0982,1.738,0.006897,0.1965,0.2947,0.1779,0.2616,179.31475,195.807811,128.422148,138.478129,71.312583
2018-10-22,60.79,-0.2805,1.7463,0.00693,-0.561,-0.8415,-0.5797,-0.8748,178.811755,194.709292,127.341439,137.675433,70.688773
2018-10-23,60.3711,-0.6892,1.7491,0.006941,-1.3783,-2.0675,-1.397,-2.1007,177.579464,192.025592,124.708697,135.752165,69.203805
2018-10-24,58.5243,-3.0591,1.7518,0.006952,-6.1181,-9.1772,-6.1368,-9.2104,172.147203,180.277239,113.263959,127.421358,62.829826
2018-10-25,59.499,1.6654,1.7546,0.006963,3.3309,4.9963,3.3122,4.963,175.014208,186.282051,118.922982,131.641818,65.948085
2018-10-26,58.7722,-1.2214,1.7574,0.006974,-2.4429,-3.6643,-2.4616,-3.6976,172.876522,181.731419,114.565278,128.401386,63.509575
2018-10-29,58.3704,-0.6838,1.7657,0.007007,-1.3675,-2.0513,-1.3862,-2.0846,171.694477,179.246239,112.215255,126.621467,62.185635
2018-10-30,59.2254,1.4648,1.7684,0.007018,2.9295,4.3943,2.9108,4.3609,174.209396,184.497308,117.146321,130.30717,64.897484
2018-10-31,59.764,0.9095,1.7712,0.007029,1.8191,2.7286,1.8003,2.6952,175.793875,187.853407,120.342748,132.653111,66.646571
2018-11-01,60.7045,1.5736,1.774,0.00704,3.1473,4.7209,3.1285,4.6874,178.560218,193.765639,126.023993,136.803179,69.770591
2018-11-02,60.5763,-0.2112,1.7767,0.007051,-0.4225,-0.6337,-0.4412,-0.6672,178.183031,192.947025,125.225361,136.199558,69.305095
2018-11-05,60.7387,0.2682,1.785,0.007083,0.5363,0.8045,0.5175,0.7709,178.660846,193.981838,126.232773,136.904432,69.839401
2018-11-06,61.0465,0.5068,1.7878,0.007094,1.0135,1.5203,0.9947,1.4867,179.566219,195.947864,128.151847,138.266233,70.877711
2018-11-07,62.0982,1.7227,1.7906,0.007105,3.4454,5.1682,3.4266,5.1346,182.659638,202.699121,134.774929,143.004096,74.516981
2018-11-08,61.6023,-0.7986,1.7933,0.007116,-1.5971,-2.3957,-1.616,-2.4293,181.200978,199.461744,131.546125,140.693212,72.706741
2018-11-09,61.1149,-0.7911,1.7961,0.007127,-1.5823,-2.3734,-1.6011,-2.4071,179.767408,196.305664,128.423947,138.440527,70.956641
2018-11-12,60.0376,-1.7627,1.8044,0.00716,-3.5254,-5.2882,-3.5443,-5.3219,176.598608,189.385017,121.632674,133.533764,67.180433
2018-11-13,60.1317,0.1567,1.8072,0.007171,0.3133,0.47,0.2944,0.4363,176.875269,189.9784,122.204325,133.926945,67.473523
2018-11-14,59.9265,-0.3413,1.8099,0.007182,-0.6825,-1.0238,-0.7014,-1.0575,176.271668,188.681767,120.95323,132.987576,66.759989
2018-11-15,60.4566,0.8846,1.8127,0.007193,1.7691,2.6537,1.7502,2.62,177.830922,192.019829,124.162994,135.31519,68.509082
2018-11-16,60.5763,0.198,1.8155,0.007204,0.396,0.594,0.3771,0.5602,178.183031,192.780235,124.90053,135.825455,68.892892
2018-11-19,59.7469,-1.3691,1.8238,0.007237,-2.7382,-4.1073,-2.7571,-4.1411,175.743538,187.501551,119.770514,132.080569,66.039954
2018-11-20,58.6525,-1.8317,1.8265,0.007248,-3.6634,-5.4952,-3.6824,-5.529,172.524413,180.632553,113.188941,127.216848,62.388595
2018-11-21,59.1997,0.933,1.8293,0.007259,1.8659,2.7989,1.8469,2.765,174.133981,184.00298,116.356933,129.566462,64.113621
2018-11-23,58.8235,-0.6355,1.8348,0.007281,-1.2709,-1.9064,-1.2899,-1.9403,173.027441,181.664475,114.138752,127.895193,62.869633
2018-11-26,59.6785,1.4535,1.8432,0.007314,2.907,4.3605,2.888,4.3265,175.542416,186.945505,119.115814,131.588811,65.589715
2018-11-27,59.6871,0.0143,1.8459,0.007325,0.0286,0.0429,0.0095,0.0088,175.567495,186.998921,119.166866,131.601366,65.595516
2018-11-28,60.8328,1.9195,1.8487,0.007336,3.839,5.7585,3.82,5.7245,178.937529,194.177843,126.029122,136.628506,69.350525
2018-11-29,60.6789,-0.253,1.8515,0.007347,-0.506,-0.759,-0.525,-0.793,178.484837,193.195346,125.072603,135.911164,68.800557
2018-11-30,60.7985,0.1972,1.8542,0.007358,0.3945,0.5917,0.3754,0.5577,178.83689,193.957483,125.812702,136.42141,69.184226
2018-12-03,61.6279,1.3641,1.8625,0.007391,2.7282,4.0923,2.7091,4.0582,181.276427,199.249082,130.961385,140.117242,71.991855
2018-12-04,59.8153,-2.9412,1.8653,0.007402,-5.8824,-8.8236,-5.9015,-8.8577,175.94475,187.528509,119.40593,131.84825,65.615013
2018-12-06,59.5075,-0.5146,1.8708,0.007424,-1.0292,-1.5438,-1.0483,-1.578,175.039343,185.598476,117.562552,130.466052,64.579605
2018-12-07,58.4131,-1.8391,1.8736,0.007435,-3.6781,-5.5172,-3.6973,-5.5514,171.820262,178.771937,111.07641,125.642378,60.994521
2018-12-10,58.2849,-0.2196,1.8819,0.007468,-0.4391,-0.6587,-0.4583,-0.693,171.44303,177.986948,110.344804,125.066591,60.571858
2018-12-11,58.3105,0.044,1.8847,0.007479,0.088,0.1319,0.0688,0.0976,171.518434,178.143512,110.490399,125.15261,60.63099
2018-12-12,58.9432,1.085,1.8874,0.00749,2.1701,3.2551,2.1509,3.2208,173.379494,182.009403,114.087026,127.844521,62.583796
2018-12-13,58.8321,-0.1885,1.8902,0.007501,-0.3771,-0.5656,-0.3963,-0.6,173.052587,181.323046,113.441693,127.337864,62.208283
2018-12-14,57.9087,-1.5695,1.893,0.007512,-3.1391,-4.7086,-3.1583,-4.743,170.336468,175.631192,108.100175,123.31617,59.25775
2018-12-17,56.9511,-1.6536,1.9013,0.007545,-3.3073,-4.9609,-3.3265,-4.9954,167.519721,169.822586,102.737421,119.214026,56.297608
2018-12-18,57.028,0.1351,1.904,0.007556,0.2702,0.4053,0.2509,0.3708,167.746033,170.281433,103.153803,119.51317,56.506366
2018-12-19,56.2927,-1.2894,1.9068,0.007567,-2.5787,-3.8681,-2.598,-3.9026,165.583167,165.89032,99.163702,116.408204,54.301145
2018-12-20,55.6943,-1.0631,1.9096,0.007578,-2.1263,-3.1894,-2.1456,-3.224,163.82278,162.363015,96.000944,113.910582,52.550502
2018-12-21,54.7281,-1.7347,1.9123,0.007589,-3.4695,-5.2042,-3.4888,-5.2388,160.980876,156.729852,91.004835,109.936491,49.797501
2018-12-24,53.702,-1.875,1.9206,0.007622,-3.7499,-5.6249,-3.7692,-5.6595,157.962558,150.852626,85.885938,105.792725,46.979226
2018-12-26,55.7008,3.7221,1.9262,0.007644,7.4443,11.1664,7.4249,11.1317,163.842125,162.082478,95.476288,113.647733,52.208826
2018-12-27,56.011,0.5568,1.9289,0.007654,1.1137,1.6705,1.0943,1.6358,164.754455,163.887542,97.071224,114.89139,53.062874
2018-12-28,56.0713,0.1077,1.9317,0.007665,0.2154,0.323,0.196,0.2884,164.931867,164.240499,97.384811,115.11657,53.215882
2018-12-31,56.3987,0.5839,1.94,0.007698,1.1678,1.7517,1.1484,1.7169,165.894892,166.158476,99.09068,116.438547,54.129554
2019-01-02,56.3298,-0.1222,1.9407,0.007701,-0.2444,-0.3666,-0.2638,-0.4014,165.692155,165.752357,98.727389,116.131354,53.912283
2019-01-03,55.451,-1.5601,1.941,0.007702,-3.1203,-4.6804,-3.1397,-4.7152,163.107139,160.580448,94.106558,112.485211,51.37023
2019-01-04,57.2516,3.2474,1.9413,0.007704,6.4947,9.7421,6.4753,9.7073,168.403808,171.009684,103.274481,119.768967,56.356889
2019-01-07,57.6049,0.617,1.9423,0.007708,1.234,1.8511,1.2146,1.8163,169.442888,173.120001,105.186144,121.223705,57.380483
2019-01-08,58.0702,0.8077,1.9426,0.007709,1.6154,2.4231,1.596,2.3883,170.811456,175.916536,107.734868,123.158385,58.750888
2019-01-09,58.6129,0.9347,1.943,0.00771,1.8694,2.8041,1.85,2.7693,172.408019,179.205097,110.75584,125.436779,60.377874
2019-01-10,58.88,0.4557,1.9433,0.007711,0.9113,1.367,0.8919,1.3322,173.193633,180.838268,112.269887,126.55558,61.182243
2019-01-11,58.656,-0.3805,1.9436,0.007713,-0.7609,-1.1414,-0.7803,-1.1761,172.534714,179.462261,110.988487,125.568036,60.462649
2019-01-14,58.3372,-0.5435,1.9446,0.007717,-1.0869,-1.6304,-1.1064,-1.6652,171.597047,177.51163,109.178934,124.178809,59.455828
2019-01-15,58.8628,0.9009,1.9449,0.007718,1.8018,2.7027,1.7824,2.6679,173.142982,180.710071,112.129747,126.392167,61.042068
2019-01-16,59.061,0.3367,1.9453,0.007719,0.6733,1.01,0.6539,0.9752,173.72588,181.926818,113.262225,127.218632,61.637331
2019-01-17,59.397,0.5689,1.9456,0.007721,1.1378,1.7068,1.1184,1.672,174.714243,183.996856,115.195341,128.641463,62.667879
2019-01-18,60.0431,1.0879,1.9459,0.007722,2.1757,3.2636,2.1563,3.2288,176.614901,188.000137,118.954857,131.415366,64.691294
2019-01-22,59.1902,-1.4206,1.9472,0.007727,-2.8411,-4.2617,-2.8606,-4.2965,174.105963,182.658791,113.885346,127.656133,61.911814
2019-01-23,59.3281,0.2329,1.9476,0.007728,0.4659,0.6988,0.4464,0.664,174.511505,183.509719,114.68116,128.226018,62.322886
2019-01-24,59.509,0.3049,1.9479,0.00773,0.6098,0.9148,0.5904,0.8799,175.043629,184.628843,115.730225,128.983075,62.871291
2019-01-25,60.1121,1.0135,1.9482,0.007731,2.027,3.0405,2.0075,3.0056,176.817672,188.371218,119.248954,131.572455,64.76097
2019-01-28,59.7244,-0.645,1.9492,0.007735,-1.2899,-1.9349,-1.3094,-1.9698,175.677246,185.94133,116.941583,129.849662,63.485338
2019-01-29,59.7588,0.0577,1.9495,0.007736,0.1154,0.1732,0.096,0.1383,175.778648,186.155984,117.144082,129.974316,63.573154
2019-01-30,60.6032,1.4129,1.9499,0.007738,2.8258,4.2388,2.8064,4.2039,178.262261,191.416457,122.109541,133.621912,66.24572
2019-01-31,60.9047,0.4976,1.9502,0.007739,0.9951,1.4927,0.9757,1.4578,179.149221,193.321276,123.932242,134.925624,67.211473
2019-02-01,60.9133,0.0141,1.9505,0.00774,0.0283,0.0424,0.0088,0.0076,179.174557,193.375958,123.984824,134.93755,67.216569
2019-02-04,61.2321,0.5234,1.9515,0.007744,1.0467,1.5701,1.0273,1.5352,180.112291,195.400076,125.931497,136.323732,68.248502
2019-02-05,61.6543,0.6895,1.9518,0.007745,1.3789,2.0684,1.3595,2.0335,181.354086,198.094471,128.536224,138.176999,69.636344
2019-02-06,61.3958,-0.4192,1.9522,0.007747,-0.8385,-1.2577,-0.8579,-1.2926,180.593787,196.43351,126.919619,136.991547,68.736251
2019-02-07,60.8013,-0.9683,1.9525,0.007748,-1.9366,-2.9048,-1.956,-2.9397,178.845137,192.629464,123.232814,134.311978,66.715614
2019-02-08,60.6893,-0.1842,1.9528,0.007749,-0.3684,-0.5527,-0.3879,-0.5875,178.51566,191.919723,122.551739,133.790976,66.323636
2019-02-11,60.6893,0.0,1.9538,0.007753,0.0,0.0,-0.0195,-0.0349,178.51566,191.919723,122.551739,133.764941,66.300507
2019-02-12,61.4303,1.2209,1.9541,0.007755,2.4418,3.6627,2.4223,3.6278,180.695156,196.606014,127.040437,137.005178,68.705772
2019-02-13,61.4561,0.0421,1.9545,0.007756,0.0841,0.1262,0.0647,0.0913,180.771165,196.771419,127.200756,137.093777,68.768513
2019-02-14,61.4475,-0.014,1.9548,0.007757,-0.028,-0.0419,-0.0474,-0.0768,180.745896,196.716407,127.147414,137.028766,68.715689
2019-02-15,62.1195,1.0936,1.9551,0.007758,2.1872,3.2808,2.1677,3.2459,182.722542,201.019007,131.318884,139.9992,70.946153
2019-02-19,62.2746,0.2497,1.9564,0.007764,0.4993,0.749,0.4798,0.7141,183.178724,202.022728,132.302429,140.670981,71.452767
2019-02-20,62.5073,0.3736,1.9568,0.007765,0.7472,1.1208,0.7277,1.0859,183.863069,203.53222,133.785253,141.694668,72.228665
2019-02-21,62.2746,-0.3722,1.9571,0.007766,-0.7444,-1.1166,-0.7639,-1.1515,183.178724,202.01711,132.291391,140.61229,71.396945
2019-02-22,62.671,0.6364,1.9574,0.007768,1.2728,1.9093,1.2534,1.8744,184.344509,204.588463,134.817176,142.374676,72.73518
2019-02-25,62.8346,0.2612,1.9584,0.007771,0.5224,0.7836,0.5029,0.7487,184.826016,205.657232,135.873602,143.090709,73.279741
2019-02-26,62.9036,0.1097,1.9587,0.007773,0.2194,0.3291,0.2,0.2942,185.028799,206.108506,136.320825,143.376821,73.495356
2019-02-27,62.826,-0.1233,1.9591,0.007774,-0.2466,-0.3698,-0.266,-0.4048,184.800691,205.600316,135.816646,142.995374,73.197876
2019-02-28,62.6193,-0.3291,1.9594,0.007775,-0.6582,-0.9874,-0.6777,-1.0223,184.192467,204.246955,134.47563,142.026252,72.449583
2019-03-01,62.9381,0.5091,1.9597,0.007777,1.0182,1.5273,0.9987,1.4924,185.130212,206.326645,136.529523,143.444724,73.530832
2019-03-04,62.7485,-0.3012,1.9607,0.007781,-0.6024,-0.9035,-0.6218,-0.9385,184.572639,205.083821,135.295929,142.552721,72.840773
2019-03-05,62.8346,0.1373,1.961,0.007782,0.2746,0.4118,0.2551,0.3769,184.826016,205.646889,135.853122,142.916326,73.115312
2019-03-06,62.4556,-0.6033,1.9614,0.007783,-1.2065,-1.8098,-1.226,-1.8447,183.711016,203.165677,133.394438,141.164129,71.766524
2019-03-07,61.7922,-1.0622,1.9617,0.007785,-2.1245,-3.1867,-2.144,-3.2217,181.759561,198.849456,129.143524,138.137607,69.454451
2019-03-08,61.6285,-0.2649,1.962,0.007786,-0.5299,-0.7948,-0.5493,-0.8297,181.278032,197.795845,128.117117,137.378754,68.878176
2019-03-11,62.4556,1.3421,1.963,0.00779,2.6843,4.0264,2.6648,3.9914,183.711016,203.105195,133.275607,141.03957,71.627408
2019-03-12,62.6107,0.2483,1.9633,0.007791,0.4966,0.7449,0.4771,0.71,184.167176,204.113826,134.268388,141.712481,72.135934
2019-03-13,62.9725,0.5779,1.9637,0.007792,1.1559,1.7338,1.1364,1.6989,185.231547,206.473128,136.596352,143.322869,73.361426
2019-03-14,62.895,-0.1231,1.964,0.007794,-0.2463,-0.3694,-0.2658,-0.4044,185.00344,205.964596,136.091707,142.941925,73.064756
2019-03-15,63.3861,0.7808,1.9643,0.007795,1.5616,2.3424,1.5421,2.3075,186.447972,209.180997,139.279576,145.14627,74.750716
2019-03-18,63.6704,0.4486,1.9653,0.007799,0.8971,1.3457,0.8776,1.3108,187.284326,211.057652,141.153885,146.420131,75.730514
2019-03-19,63.679,0.0135,1.9656,0.0078,0.0271,0.0406,0.0076,0.0056,187.309663,211.114758,141.211173,146.431186,75.73477
2019-03-20,63.5756,-0.1624,1.966,0.007801,-0.3247,-0.4871,-0.3442,-0.522,187.005557,210.429248,140.523383,145.927144,75.33941
2019-03-21,63.9547,0.5963,1.9663,0.007803,1.1925,1.7888,1.173,1.7538,188.120579,212.938621,143.037,147.638859,76.660699
2019-03-22,62.6537,-2.0342,1.9666,0.007804,-4.0684,-6.1025,-4.0879,-6.1375,184.29387,204.275515,134.308113,141.603577,71.955641
2019-03-25,62.6373,-0.0263,1.9676,0.007808,-0.0525,-0.0788,-0.072,-0.1137,184.245486,204.168255,134.202331,141.501591,71.873796
2019-03-26,63.0092,0.5938,1.9679,0.007809,1.1876,1.7814,1.1681,1.7464,185.339525,206.592935,136.592989,143.154434,73.129
2019-03-27,62.7757,-0.3706,1.9683,0.007811,-0.7413,-1.1119,-0.7608,-1.1469,184.65261,205.061564,135.074244,142.065361,72.290312
2019-03-28,62.9487,0.2755,1.9686,0.007812,0.5511,0.8266,0.5315,0.7916,185.161384,206.191577,136.190755,142.820498,72.862563
2019-03-29,63.286,0.5358,1.9689,0.007813,1.0717,1.6075,1.0521,1.5725,186.153527,208.401235,138.379993,144.32316,74.008318
2019-04-01,64.099,1.2847,1.9699,0.007817,2.5695,3.8542,2.5499,3.8192,188.545107,213.756042,143.713443,148.003324,76.834848
2019-04-02,64.0904,-0.0135,1.9702,0.007818,-0.027,-0.0405,-0.0465,-0.0755,188.519636,213.698288,143.655198,147.934438,76.776814
2019-04-03,64.3585,0.4183,1.9706,0.00782,0.8367,1.255,0.8172,1.22,189.308301,215.486287,145.458128,149.14331,77.713519
2019-04-04,64.445,0.1344,1.9709,0.007821,0.2688,0.4032,0.2493,0.3682,189.562744,216.065543,146.044644,149.515103,77.99967
2019-04-05,64.7045,0.4027,1.9712,0.007822,0.8053,1.208,0.7858,1.173,190.326028,217.805541,147.808813,150.689965,78.914571
2019-04-08,64.7823,0.1203,1.9722,0.007826,0.2406,0.3609,0.2211,0.3259,190.555,218.329603,148.342277,151.023106,79.171752
2019-04-09,64.4363,-0.5341,1.9725,0.007828,-1.0681,-1.6022,-1.0877,-1.6372,189.537296,215.99752,145.965505,149.380456,77.875519
2019-04-10,64.7045,0.4161,1.9729,0.007829,0.8323,1.2484,0.8127,1.2134,190.326028,217.795206,147.78775,150.594525,78.820448
2019-04-11,64.592,-0.1738,1.9732,0.00783,-0.3476,-0.5214,-0.3672,-0.5565,189.995217,217.038093,147.017126,150.041598,78.38184
2019-04-12,65.0504,0.7097,1.9735,0.007831,1.4194,2.1291,1.3999,2.0941,191.343643,220.118801,150.147338,152.142022,80.02325
2019-04-15,64.9466,-0.1595,1.9745,0.007835,-0.3191,-0.4786,-0.3386,-0.5137,191.03837,219.416438,149.428695,151.62683,79.612201
2019-04-16,65.0937,0.2264,1.9748,0.007837,0.4528,0.6791,0.4332,0.6441,191.470842,220.409867,150.443524,152.283703,80.124984
2019-04-17,65.0158,-0.1196,1.9752,0.007838,-0.2392,-0.3589,-0.2588,-0.3939,191.241803,219.882554,149.903638,151.889614,79.809369
2019-04-18,65.0677,0.0799,1.9755,0.007839,0.1597,0.2396,0.1402,0.2045,191.394518,220.233727,150.262752,152.102507,79.972595
2019-04-22,65.0072,-0.0931,1.9768,0.007845,-0.1861,-0.2792,-0.2057,-0.3142,191.216422,219.823862,149.843285,151.789701,79.721313
2019-04-23,65.4223,0.6386,1.9772,0.007846,1.2772,1.9158,1.2577,1.8808,192.437537,222.631469,152.713999,153.698692,81.220675
2019-04-24,65.0677,-0.542,1.9775,0.007847,-1.084,-1.626,-1.1036,-1.6611,191.394518,220.218128,150.230852,152.002533,79.871542
2019-04-25,65.0244,-0.0665,1.9778,0.007848,-0.133,-0.1995,-0.1526,-0.2346,191.267229,219.925211,149.931115,151.770628,79.68418
2019-04-26,65.3359,0.4789,1.9781,0.00785,0.9578,1.4367,0.9383,1.4017,192.183229,222.031702,152.085223,153.194639,80.801087
2019-04-29,65.4223,0.1323,1.9791,0.007854,0.2647,0.397,0.2451,0.3619,192.437537,222.619313,152.688968,153.570106,81.09351
2019-04-30,65.4829,0.0926,1.9795,0.007855,0.1851,0.2777,0.1656,0.2426,192.615678,223.031475,153.113005,153.824389,81.290274
2019-05-01,65.0591,-0.6472,1.9798,0.007856,-1.2944,-1.9416,-1.3139,-1.9766,191.369092,220.144607,150.140216,151.80323,79.683456
2019-05-02,64.9639,-0.1462,1.9801,0.007858,-0.2924,-0.4387,-0.312,-0.4737,191.089267,219.500806,149.4816,151.32959,79.305957
2019-05-03,65.5867,0.9586,1.9804,0.007859,1.9172,2.8758,1.8976,2.8407,192.921041,223.709057,153.780374,154.201261,81.558805
2019-05-06,65.1283,-0.699,1.9814,0.007863,-1.3979,-2.0969,-1.4175,-2.132,191.572592,220.581765,150.555765,152.015462,79.819985
2019-05-07,64.0471,-1.66,1.9818,0.007864,-3.3201,-4.9801,-3.3396,-5.0152,188.392437,213.258334,143.057969,146.938718,75.816876
2019-05-08,64.0385,-0.0135,1.9821,0.007865,-0.027,-0.0405,-0.0466,-0.0756,188.367011,213.200769,143.000045,146.870297,75.759569
2019-05-09,63.6665,-0.5808,1.9824,0.007867,-1.1616,-1.7424,-1.1812,-1.7775,187.272971,210.72422,140.508403,145.135498,74.412939
2019-05-10,63.9779,0.4891,1.9827,0.007868,0.9782,1.4672,0.9586,1.4321,188.18888,212.785428,142.569987,146.526738,75.478629
2019-05-13,62.3692,-2.5145,1.9837,0.007872,-5.029,-7.5435,-5.0486,-7.5787,183.456843,202.084385,131.815156,139.129177,69.758365
2019-05-14,63.0179,1.0401,1.9841,0.007873,2.0801,3.1202,2.0606,3.0851,185.364918,206.288014,135.928056,141.996011,71.910475
2019-05-15,63.3119,0.4666,1.9844,0.007875,0.9333,1.3999,0.9137,1.3648,186.229919,208.213289,137.83097,143.293448,72.891929
2019-05-16,63.779,0.7377,1.9847,0.007876,1.4754,2.2131,1.4558,2.1779,187.603715,211.28522,140.88126,145.379507,74.479478
2019-05-17,63.2687,-0.8001,1.985,0.007877,-1.6002,-2.4003,-1.6198,-2.4354,186.10272,207.904283,137.499736,143.024707,72.665616
2019-05-20,62.9141,-0.5605,1.986,0.007881,-1.121,-1.6815,-1.1406,-1.7166,185.059611,205.57367,135.187672,141.393381,71.418215
2019-05-21,63.4676,0.8798,1.9864,0.007882,1.7596,2.6395,1.7401,2.6043,186.687806,209.191034,138.755904,143.853704,73.278185
2019-05-22,63.1822,-0.4497,1.9867,0.007884,-0.8994,-1.3491,-0.919,-1.3842,185.848299,207.309633,136.884011,142.531746,72.263878
2019-05-23,62.473,-1.1225,1.987,0.007885,-2.245,-3.3675,-2.2646,-3.4027,183.762138,202.655501,132.274411,139.303964,69.804986
2019-05-24,62.7584,0.4569,1.9873,0.007886,0.9138,1.3707,0.8942,1.3355,184.601735,204.507339,134.08747,140.549611,70.737261
2019-05-28,62.2654,-0.7856,1.9887,0.007891,-1.5712,-2.3568,-1.5908,-2.392,183.15148,201.294067,130.927244,138.313714,69.045235
2019-05-29,61.954,-0.5001,1.989,0.007893,-1.0001,-1.5002,-1.0197,-1.5354,182.235593,199.280841,128.963057,136.903273,67.98514
2019-05-30,62.1702,0.3491,1.9893,0.007894,0.6981,1.0472,0.6785,1.012,182.871711,200.672076,130.313548,137.832199,68.673175
2019-05-31,61.5735,-0.9599,1.9896,0.007895,-1.9199,-2.8798,-1.9395,-2.9149,181.116273,196.819457,126.560795,135.158999,66.671391
2019-06-03,61.6686,0.1545,1.9906,0.007899,0.309,0.4635,0.2894,0.4283,181.396075,197.42758,127.147357,135.550107,66.956944
2019-06-04,62.7238,1.7111,1.991,0.007901,3.4222,5.1332,3.4026,5.0981,184.499906,204.183867,133.674135,140.162271,70.370458
2019-06-05,62.94,0.3448,1.9913,0.007902,0.6895,1.0343,0.6699,0.9991,185.135991,205.591762,135.056706,141.101239,71.073541
2019-06-06,63.2341,0.4672,1.9916,0.007903,0.9344,1.4016,0.9148,1.3664,186.000958,207.512837,136.949686,142.392038,72.044723
2019-06-07,63.8741,1.0122,1.9919,0.007905,2.0244,3.0366,2.0048,3.0014,187.883629,211.71366,141.108234,145.246651,74.207057
2019-06-10,64.1423,0.4198,1.9929,0.007908,0.8395,1.2593,0.8199,1.2241,188.672306,213.491075,142.885218,146.437561,75.115443
2019-06-11,64.3239,0.2832,1.9933,0.00791,0.5663,0.8495,0.5467,0.8143,189.206551,214.700119,144.099001,147.238142,75.727105
2019-06-12,64.0125,-0.484,1.9936,0.007911,-0.9681,-1.4521,-0.9877,-1.4873,188.290709,212.621635,142.006495,145.783864,74.600803
2019-06-13,64.1941,0.2837,1.9939,0.007912,0.5674,0.8511,0.5478,0.8159,188.824909,213.828093,143.215156,146.582471,75.209501
2019-06-14,63.8914,-0.4716,1.9942,0.007914,-0.9431,-1.4147,-0.9628,-1.4499,187.934471,211.811403,141.189085,145.171239,74.119041
2019-06-17,63.9794,0.1378,1.9952,0.007918,0.2755,0.4133,0.2559,0.3781,188.193369,212.394984,141.772589,145.542725,74.399269
2019-06-18,64.7637,1.2258,1.9956,0.007919,2.4517,3.6775,2.432,3.6423,190.50031,217.60221,146.986286,149.082391,77.109116
2019-06-19,65.0687,0.4709,1.9959,0.00792,0.9418,1.4128,0.9222,1.3776,191.397413,219.651673,149.062847,150.457248,78.171336
2019-06-20,65.7048,0.9776,1.9962,0.007922,1.9553,2.9329,1.9357,2.8977,193.268595,223.946487,153.43475,153.369582,80.43652
2019-06-21,65.4695,-0.3581,1.9965,0.007923,-0.7163,-1.0744,-0.7359,-1.1096,192.57645,222.342468,151.786283,152.240966,79.544007
2019-06-24,65.4434,-0.0399,1.9975,0.007927,-0.0798,-0.1197,-0.0994,-0.1549,192.49961,222.165034,151.60459,152.089585,79.420776
2019-06-25,64.877,-0.8655,1.9979,0.007928,-1.731,-2.5965,-1.7506,-2.6317,190.833523,218.319349,147.668169,149.427047,77.330638
2019-06-26,64.9118,0.0537,1.9982,0.007929,0.1074,0.1612,0.0878,0.1259,190.936036,218.553906,147.906145,149.558246,77.428023
2019-06-27,65.1994,0.443,1.9985,0.007931,0.886,1.329,0.8663,1.2937,191.78186,220.490242,149.871766,150.853929,78.429739
2019-06-28,65.4957,0.4545,1.9988,0.007932,0.9089,1.3634,0.8893,1.3281,192.653425,222.494306,151.915071,152.195434,79.471396
2019-07-01,66.0621,0.8648,1.9998,0.007936,1.7296,2.5945,1.71,2.5592,194.319535,226.342667,155.856458,154.79798,81.505252
2019-07-02,66.158,0.1451,2.0002,0.007937,0.2902,0.4353,0.2705,0.4,194.601469,226.999458,156.534844,155.216758,81.831292
2019-07-03,66.585,0.6454,2.0005,0.007938,1.2909,1.9363,1.2712,1.9011,195.857503,229.929746,159.565856,157.189926,83.386967
2019-07-05,66.3236,-0.3926,2.0012,0.007941,-0.7852,-1.1778,-0.8049,-1.2131,195.088542,228.124278,157.686428,155.924746,82.375412
2019-07-08,66.0098,-0.473,2.0021,0.007945,-0.946,-1.419,-0.9657,-1.4543,194.165765,225.966205,155.448839,154.419045,81.177453
2019-07-09,65.9053,-0.1584,2.0025,0.007946,-0.3169,-0.4753,-0.3365,-0.5106,193.858136,225.250178,154.709975,153.899385,80.762988
2019-07-10,66.2277,0.4893,2.0028,0.007948,0.9785,1.4678,0.9589,1.4325,194.806608,227.454301,156.980782,155.375077,81.919936
2019-07-11,66.2626,0.0526,2.0031,0.007949,0.1052,0.1578,0.0856,0.1226,194.909099,227.693635,157.228552,155.508028,82.020347
2019-07-12,66.4891,0.3419,2.0035,0.00795,0.6839,1.0258,0.6642,0.9905,195.575547,229.250731,158.841376,156.540911,82.832773
2019-07-15,66.5066,0.0262,2.0044,0.007954,0.0524,0.0787,0.0328,0.0434,195.626826,229.370948,158.966319,156.592223,82.86871
2019-07-16,66.28,-0.3407,2.0048,0.007955,-0.6813,-1.022,-0.701,-1.0573,194.960378,227.808137,157.341651,155.494498,81.992543
2019-07-17,65.9663,-0.4733,2.0051,0.007957,-0.9467,-1.42,-0.9663,-1.4553,194.037556,225.651532,155.107378,153.991894,80.799312
2019-07-18,66.2364,0.4095,2.0054,0.007958,0.8191,1.2286,0.7994,1.1933,194.832214,227.49979,157.013049,155.222923,81.763516
2019-07-19,65.975,-0.3947,2.0058,0.007959,-0.7894,-1.1841,-0.8091,-1.2194,194.063185,225.703845,155.153794,153.967026,80.766472
2019-07-22,66.0447,0.1057,2.0067,0.007963,0.2114,0.3171,0.1917,0.2818,194.268278,226.180911,155.645712,154.262178,80.99404
2019-07-23,66.4717,0.6465,2.0071,0.007965,1.2931,1.9396,1.2734,1.9043,195.52429,229.105587,158.664623,156.226551,82.536418
2019-07-24,66.6896,0.3277,2.0074,0.007966,0.6555,0.9832,0.6358,0.9479,196.165088,230.607297,160.224612,157.21983,83.318782
2019-07-25,66.2103,-0.7186,2.0077,0.007967,-1.4373,-2.1559,-1.4569,-2.1912,194.755374,227.292839,156.770313,154.92922,81.493093
2019-07-26,66.5414,0.5001,2.0081,0.007968,1.0002,1.5003,0.9805,1.465,195.729339,229.566208,159.122324,156.448331,82.686958
2019-07-29,66.4804,-0.0917,2.009,0.007972,-0.1834,-0.2751,-0.2031,-0.3104,195.549874,229.145227,158.684623,156.130646,82.430313
2019-07-30,66.097,-0.5767,2.0094,0.007974,-1.1534,-1.7302,-1.1731,-1.7655,194.422093,226.502161,155.939112,154.299038,80.975021
2019-07-31,65.4957,-0.9097,2.0097,0.007975,-1.8194,-2.7291,-1.8391,-2.7644,192.653425,222.381157,151.683353,151.461337,78.736523
2019-08-01,64.9728,-0.7983,2.01,0.007976,-1.5966,-2.395,-1.6163,-2.4303,191.115434,218.830531,148.050598,149.013233,76.823007
2019-08-02,64.3716,-0.9254,2.0104,0.007978,-1.8508,-2.7763,-1.8705,-2.8116,189.346811,214.780321,143.940322,146.225901,74.663063
2019-08-05,62.5765,-2.7886,2.0113,0.007982,-5.5773,-8.3659,-5.597,-8.4013,184.066592,202.801381,131.898349,138.041656,68.390412
2019-08-06,63.2736,1.114,2.0117,0.007983,2.2281,3.3421,2.2084,3.3068,186.117149,207.319917,136.30651,141.090128,70.651919
2019-08-07,63.4566,0.2892,2.012,0.007984,0.5784,0.8676,0.5587,0.8323,186.6554,208.519056,137.489106,141.878412,71.239931
2019-08-08,64.4413,1.5518,2.0123,0.007985,3.1036,4.6553,3.0839,4.62,189.551883,214.990572,143.889694,146.253757,74.53122
2019-08-09,63.9446,-0.7708,2.0127,0.007987,-1.5416,-2.3124,-1.5613,-2.3478,188.090788,211.676213,140.562323,143.970263,72.781388
2019-08-12,63.2736,-1.0493,2.0136,0.007991,-2.0986,-3.1479,-2.1183,-3.1832,186.117149,207.233971,136.137557,140.920542,70.464575
2019-08-13,64.0753,1.267,2.014,0.007992,2.5341,3.8011,2.5144,3.7657,188.475314,212.485414,141.312278,144.463801,73.118093
2019-08-14,62.2017,-2.924,2.0143,0.007993,-5.8479,-8.7719,-5.8676,-8.8072,182.964361,200.059415,128.916513,135.9872,66.678402
2019-08-15,62.4283,0.3642,2.0146,0.007995,0.7285,1.0927,0.7088,1.0574,183.630788,201.516801,130.325202,136.951044,67.383433
2019-08-16,63.291,1.3819,2.015,0.007996,2.7638,4.1457,2.7441,4.1103,186.168384,207.086327,135.728099,140.709118,70.153126
2019-08-19,63.8313,0.8536,2.0159,0.008,1.7072,2.5609,1.6875,2.5255,187.757553,210.621784,139.203902,143.083629,71.924838
2019-08-20,63.4827,-0.546,2.0163,0.008001,-1.0921,-1.6381,-1.1118,-1.6735,186.732319,208.32162,136.92357,141.49284,70.721183
2019-08-21,64.0143,0.8373,2.0166,0.008002,1.6747,2.512,1.655,2.4767,188.295916,211.810368,140.363144,143.834524,72.472713
2019-08-22,63.8836,-0.2042,2.0169,0.008004,-0.4084,-0.6126,-0.4281,-0.648,187.91139,210.945277,139.503223,143.218715,72.00308
2019-08-23,62.5677,-2.0597,2.0173,0.008005,-4.1195,-6.1792,-4.1392,-6.2146,184.040908,202.255438,130.883021,137.290625,67.528385
2019-08-26,63.1777,0.9749,2.0182,0.008009,1.9499,2.9248,1.9301,2.8894,185.835182,206.199145,134.711083,139.940539,69.479559
2019-08-27,62.9773,-0.3172,2.0186,0.00801,-0.6345,-0.9517,-0.6542,-0.9871,185.245641,204.890858,133.429016,139.025056,68.793726
2019-08-28,63.2997,0.512,2.0189,0.008012,1.024,1.536,1.0042,1.5006,186.194068,206.988873,135.47842,140.421214,69.826019
2019-08-29,64.0056,1.115,2.0192,0.008013,2.2301,3.3451,2.2104,3.3097,188.270197,211.604871,140.010316,143.525016,72.137061
2019-08-30,64.1189,0.177,2.0196,0.008014,0.3541,0.5311,0.3343,0.4957,188.6035,212.354097,140.753915,144.004889,72.494651
2019-09-03,63.779,-0.53,2.0209,0.008019,-1.0601,-1.5901,-1.0798,-1.6255,187.603828,210.102977,138.515762,142.449918,71.316235
2019-09-04,64.5633,1.2296,2.0212,0.008021,2.4593,3.6889,2.4396,3.6535,189.910679,215.269997,143.625497,145.925059,73.921783
2019-09-05,65.2953,1.1338,2.0215,0.008022,2.2676,3.4014,2.2479,3.366,192.063884,220.151454,148.510769,149.205264,76.409981
2019-09-06,65.4086,0.1735,2.0219,0.008023,0.347,0.5205,0.3273,0.4851,192.397097,220.915339,149.283727,149.693541,76.780615
2019-09-09,65.4608,0.0799,2.0228,0.008027,0.1598,0.2397,0.1401,0.2043,192.550845,221.268412,149.641611,149.903246,76.93749
2019-09-10,65.487,0.04,2.0232,0.008028,0.08,0.12,0.0602,0.0845,192.627842,221.445374,149.821127,149.993549,77.002534
2019-09-11,65.9488,0.7052,2.0235,0.00803,1.4105,2.1157,1.3907,2.0803,193.986322,224.568798,152.990903,152.079562,78.604404
2019-09-12,66.2451,0.4492,2.0238,0.008031,0.8985,1.3477,0.8787,1.3123,194.857775,226.586476,155.052765,153.415932,79.63591
2019-09-13,66.3758,0.1973,2.0242,0.008032,0.3947,0.592,0.3749,0.5566,195.242289,227.480727,155.970666,153.991124,80.079134
2019-09-16,66.1318,-0.3676,2.0252,0.008036,-0.7352,-1.1028,-0.755,-1.1383,194.524562,225.808249,154.250581,152.828552,79.167622
2019-09-17,66.2626,0.1977,2.0255,0.008038,0.3954,0.593,0.3756,0.5576,194.909099,226.701006,155.165351,153.402602,79.609062
2019-09-18,66.2103,-0.0789,2.0258,0.008039,-0.1577,-0.2366,-0.1775,-0.2721,194.755374,226.343408,154.798213,153.130335,79.392483
2019-09-19,66.2538,0.0657,2.0261,0.00804,0.1315,0.1972,0.1117,0.1618,194.883403,226.640997,155.1035,153.301428,79.520916
2019-09-20,66.036,-0.3288,2.0265,0.008042,-0.6576,-0.9864,-0.6774,-1.0219,194.242605,225.150557,153.573508,152.263011,78.708307
2019-09-23,66.0186,-0.0264,2.0275,0.008045,-0.0528,-0.0791,-0.0725,-0.1146,194.191371,225.031784,153.451987,152.152613,78.618119
2019-09-24,65.5847,-0.6571,2.0278,0.008047,-1.3143,-1.9714,-1.334,-2.0069,192.915251,222.074212,150.426779,150.122831,77.040336
2019-09-25,65.7249,0.2138,2.0281,0.008048,0.4276,0.6414,0.4078,0.6059,193.327683,223.023753,151.391567,150.735068,77.507128
2019-09-26,65.7513,0.0401,2.0284,0.008049,0.0801,0.1202,0.0604,0.0847,193.405129,223.202437,151.573507,150.826056,77.572788
2019-09-27,65.3393,-0.6265,2.0288,0.008051,-1.2531,-1.8796,-1.2728,-1.9151,192.193372,220.40554,148.724509,148.906291,76.087206
2019-09-30,65.5759,0.3622,2.0298,0.008055,0.7243,1.0865,0.7046,1.051,192.889444,222.002036,150.340427,149.955461,76.886916
2019-10-01,64.8748,-1.0692,2.0301,0.008056,-2.1385,-3.2077,-2.1582,-3.2432,190.827015,217.254619,145.517979,146.719094,74.393348
2019-10-02,63.8055,-1.6482,2.0304,0.008057,-3.2964,-4.9446,-3.3162,-4.9801,187.68179,210.093005,138.322664,141.853627,70.688484
2019-10-03,64.2963,0.7692,2.0307,0.008058,1.5385,2.3077,1.5187,2.2722,189.125492,213.325196,141.514718,144.007948,72.294671
2019-10-04,64.9799,1.0632,2.0311,0.00806,2.1265,3.1897,2.1067,3.1542,191.13635,217.861514,146.028641,147.041783,74.575015
2019-10-07,64.7696,-0.3237,2.0321,0.008064,-0.6474,-0.971,-0.6671,-1.0065,190.51768,216.451166,144.610644,146.060823,73.824393
2019-10-08,63.9194,-1.3126,2.0324,0.008065,-2.6252,-3.9378,-2.645,-3.9733,188.016921,210.768837,138.916113,142.19752,70.891105
2019-10-09,64.4541,0.8365,2.0327,0.008066,1.6729,2.5094,1.6531,2.4739,189.589607,214.294829,142.402045,144.548254,72.644866
2019-10-10,64.9011,0.6935,2.033,0.008068,1.3869,2.0804,1.3672,2.0449,190.904349,217.266958,145.364579,146.52446,74.130382
2019-10-11,65.7688,1.3369,2.0334,0.008069,2.6739,4.0108,2.6541,3.9753,193.45661,223.076382,151.194857,150.41335,77.077282
2019-10-14,65.6023,-0.2532,2.0344,0.008073,-0.5063,-0.7595,-0.5261,-0.795,192.966845,221.946876,150.046536,149.622009,76.464512
2019-10-15,66.2859,1.0421,2.0347,0.008074,2.0841,3.1262,2.0644,3.0907,194.977703,226.572579,154.737326,152.710758,78.827808
2019-10-16,66.2508,-0.0529,2.035,0.008075,-0.1058,-0.1587,-0.1256,-0.1942,194.874561,226.332869,154.491761,152.518984,78.674714
2019-10-17,66.4349,0.2778,2.0353,0.008077,0.5557,0.8335,0.5359,0.798,195.415987,227.590524,155.779449,153.336308,79.302523
2019-10-18,66.2333,-0.3035,2.0357,0.008078,-0.6069,-0.9104,-0.6267,-0.9459,194.822968,226.209208,154.36124,152.375326,78.552387
2019-10-21,66.6978,0.7014,2.0367,0.008082,1.4028,2.1041,1.383,2.0686,196.189415,229.382376,157.609212,154.482631,80.177328
2019-10-22,66.5137,-0.276,2.037,0.008083,-0.552,-0.828,-0.5718,-0.8635,195.647921,228.11616,156.304181,153.599298,79.484958
2019-10-23,66.7066,0.2899,2.0373,0.008085,0.5799,0.8698,0.5601,0.8343,196.215178,229.438948,157.663734,154.459583,80.148084
2019-10-24,66.8468,0.2102,2.0376,0.008086,0.4204,0.6306,0.4006,0.5951,196.627655,230.403585,158.65804,155.078411,80.625055
2019-10-25,67.101,0.3802,2.038,0.008087,0.7604,1.1406,0.7406,1.1051,197.375229,232.155566,160.467685,156.226926,81.516006
2019-10-28,67.4603,0.5356,2.039,0.008091,1.0711,1.6067,1.0513,1.5711,198.432274,234.642188,163.045843,157.869347,82.796709
2019-10-29,67.399,-0.0909,2.0393,0.008092,-0.1819,-0.2728,-0.2017,-0.3083,198.251844,234.215477,162.60108,157.550995,82.541418
2019-10-30,67.6093,0.3121,2.0396,0.008094,0.6241,0.9362,0.6043,0.9006,198.870514,235.677276,164.123333,158.503116,83.284816
2019-10-31,67.4077,-0.2982,2.0399,0.008095,-0.5963,-0.8945,-0.6161,-0.93,198.277562,234.271885,162.655283,157.526545,82.510238
2019-11-01,68.0738,0.9882,2.0403,0.008096,1.9763,2.9645,1.9565,2.9289,200.236871,238.901871,167.47719,160.608595,84.926911
2019-11-04,68.3981,0.4764,2.0413,0.0081,0.9527,1.4291,0.9329,1.3935,201.190729,241.17796,169.870598,162.10695,86.110393
2019-11-05,68.4069,0.0128,2.0416,0.008102,0.0257,0.0385,0.0059,0.003,201.216582,241.239942,169.936083,162.116501,86.11296
2019-11-06,68.3981,-0.0128,2.0419,0.008103,-0.0257,-0.0385,-0.0455,-0.0741,201.190729,241.177952,169.870581,162.042729,86.049137
2019-11-07,68.6172,0.3204,2.0422,0.008104,0.6408,0.9611,0.6209,0.9256,201.835297,242.723307,171.503258,163.048921,86.84557
2019-11-08,68.6698,0.0766,2.0426,0.008105,0.1533,0.2299,0.1335,0.1943,201.989987,243.095362,171.897587,163.266545,87.014354
2019-11-11,68.4945,-0.2552,2.0436,0.008109,-0.5105,-0.7657,-0.5303,-0.8013,201.474414,241.854374,170.581296,162.400727,86.317086
2019-11-12,68.5471,0.0767,2.0439,0.008111,0.1535,0.2302,0.1337,0.1947,201.629036,242.225599,170.974037,162.617814,86.485102
2019-11-13,68.4244,-0.179,2.0442,0.008112,-0.3581,-0.5371,-0.3779,-0.5727,201.268063,241.358294,170.055761,162.003322,85.989824
2019-11-14,68.4419,0.0257,2.0445,0.008113,0.0513,0.077,0.0315,0.0414,201.319701,241.482142,170.186651,162.054342,86.025405
2019-11-15,68.924,0.7043,2.0449,0.008115,1.4086,2.1128,1.3887,2.0773,202.737562,244.883578,173.782439,164.304864,87.812372
2019-11-18,68.9503,0.0382,2.0459,0.008119,0.0764,0.1145,0.0565,0.0789,202.814963,245.070561,173.981479,164.397748,87.881684
2019-11-19,68.9678,0.0254,2.0462,0.00812,0.0508,0.0762,0.031,0.0406,202.866512,245.195138,174.114139,164.448722,87.917403
2019-11-20,68.626,-0.4956,2.0465,0.008121,-0.9912,-1.4868,-1.011,-1.5224,201.861083,242.764709,171.525352,162.786064,86.578913
2019-11-21,68.5471,-0.115,2.0468,0.008122,-0.2299,-0.3449,-0.2497,-0.3805,201.629036,242.206577,170.933829,162.379529,86.249506
2019-11-22,68.6961,0.2173,2.0472,0.008124,0.4347,0.652,0.4149,0.6164,202.067276,243.259446,172.0484,163.053191,86.781179
2019-11-25,69.222,0.7655,2.0482,0.008128,1.5311,2.2966,1.5113,2.261,203.614199,246.983983,175.999741,165.517353,88.743323
2019-11-26,69.2833,0.0886,2.0485,0.008129,0.1772,0.2658,0.1574,0.2302,203.794607,247.421653,176.467564,165.777829,88.947597
2019-11-27,69.5638,0.4048,2.0488,0.00813,0.8096,1.2144,0.7898,1.1788,204.619583,249.424816,178.610626,167.087106,89.996109
2019-11-29,69.1343,-0.6173,2.0495,0.008133,-1.2347,-1.852,-1.2545,-1.8877,203.356367,246.345176,175.302676,164.990938,88.297274
2019-12-02,68.6435,-0.71,2.0505,0.008137,-1.42,-2.1299,-1.4398,-2.1656,201.912586,242.847194,171.568857,162.615408,86.385138
2019-12-03,68.2842,-0.5235,2.0508,0.008138,-1.0469,-1.5704,-1.0668,-1.6061,200.855631,240.304722,168.874515,160.880647,84.997745
2019-12-04,68.8013,0.7573,2.0511,0.008139,1.5145,2.2718,1.4947,2.2362,202.376656,243.944246,172.711036,163.28533,86.898443
2019-12-05,68.8626,0.0892,2.0515,0.008141,0.1784,0.2675,0.1585,0.2319,202.557132,244.379336,173.173097,163.544151,87.099949
2019-12-06,69.4762,0.8909,2.0518,0.008142,1.7819,2.6728,1.762,2.6371,204.361774,248.733832,177.80165,166.425818,89.396897
2019-12-09,69.2395,-0.3406,2.0528,0.008146,-0.6812,-1.0218,-0.701,-1.0574,203.665725,247.039475,175.984891,165.259098,88.451573
2019-12-10,69.1782,-0.0886,2.0531,0.008147,-0.1772,-0.2658,-0.1971,-0.3015,203.485249,246.601654,175.517052,164.933404,88.184892
2019-12-11,69.4762,0.4308,2.0534,0.008149,0.8615,1.2923,0.8417,1.2566,204.361774,248.726156,177.785201,166.321577,89.293027
2019-12-12,70.116,0.9209,2.0538,0.00815,1.8418,2.7627,1.8219,2.727,206.243727,253.30716,182.696836,169.35184,91.728061
2019-12-13,70.2387,0.175,2.0541,0.008151,0.35,0.5251,0.3302,0.4894,206.6047,254.193849,183.656118,169.911019,92.176979
2019-12-16,70.8346,0.8485,2.0551,0.008155,1.697,2.5455,1.6771,2.5098,208.357749,258.507538,188.331106,172.760675,94.49047
2019-12-17,70.8083,-0.0371,2.0554,0.008156,-0.0743,-0.1114,-0.0941,-0.1471,208.280393,258.315588,188.121343,172.59808,94.351515
2019-12-18,70.8346,0.0371,2.0557,0.008158,0.0743,0.1114,0.0544,0.0757,208.357749,258.507467,188.33095,172.692002,94.422977
2019-12-19,71.0187,0.2598,2.0561,0.008159,0.5196,0.7795,0.4998,0.7438,208.899108,259.850785,189.798925,173.555079,95.125279
2019-12-20,71.229,0.2962,2.0564,0.00816,0.5924,0.8886,0.5725,0.8529,209.517868,261.390143,191.485481,174.548742,95.936617
2019-12-23,71.3271,0.1376,2.0574,0.008164,0.2752,0.4128,0.2553,0.3771,209.806175,262.109516,192.275962,174.994434,96.298415
2019-12-24,71.3006,-0.0371,2.0577,0.008165,-0.0743,-0.1114,-0.0941,-0.1471,209.72828,261.914889,192.061803,174.829719,96.156783
2019-12-26,71.6273,0.4582,2.0584,0.008168,0.9165,1.3747,0.8966,1.339,210.68932,264.315238,194.702062,176.397219,97.444313
2019-12-27,71.7156,0.1233,2.0587,0.008169,0.2466,0.3699,0.2267,0.3342,210.949104,264.967049,195.422276,176.797162,97.769974
2019-12-30,71.2917,-0.5911,2.0597,0.008173,-1.1821,-1.7732,-1.202,-1.8089,209.702248,261.834771,191.957032,174.672027,96.001393
2019-12-31,71.5213,0.3221,2.06,0.008175,0.6441,0.9662,0.6243,0.9305,210.377628,263.521334,193.811718,175.76242,96.894671
2020-01-02,72.2455,1.0125,2.0507,0.008138,2.025,3.0374,2.0051,3.0018,212.507651,268.857514,199.698609,179.286646,99.803244
2020-01-03,71.592,-0.9045,2.046,0.008119,-1.8091,-2.7136,-1.8289,-2.7492,210.585438,263.993674,194.279557,176.007668,97.059434
2020-01-06,71.8569,0.3701,2.032,0.008063,0.7401,1.1102,0.7204,1.0747,211.364745,265.947581,196.436451,177.275565,98.102541
2020-01-07,71.6362,-0.3072,2.0273,0.008045,-0.6145,-0.9217,-0.6342,-0.9572,210.715352,264.313397,194.625868,176.151235,97.163534
2020-01-08,71.9276,0.4068,2.0226,0.008026,0.8136,1.2204,0.7938,1.1849,211.572509,266.463769,197.000992,177.549587,98.31486
2020-01-09,72.2808,0.4911,2.018,0.008008,0.9823,1.4734,0.9626,1.438,212.611623,269.081181,199.903634,179.258614,99.728661
2020-01-10,72.1307,-0.2077,2.0133,0.007989,-0.4155,-0.6232,-0.4351,-0.6585,212.169972,267.963274,198.657875,178.478572,99.071925
2020-01-13,72.6429,0.7101,1.9993,0.007934,1.4202,2.1303,1.4005,2.095,213.676567,271.768828,202.889816,180.978231,101.147515
2020-01-14,72.6164,-0.0364,1.9946,0.007915,-0.0729,-0.1093,-0.0925,-0.1445,213.598695,271.570741,202.667993,180.810809,101.00133
2020-01-15,72.6252,0.0121,1.9899,0.007897,0.0242,0.0364,0.0046,0.0012,213.624593,271.636594,202.74171,180.81921,101.002557
2020-01-16,73.1462,0.7174,1.9852,0.007878,1.4348,2.1523,1.4153,2.1171,215.157175,275.534136,207.105229,183.378258,103.140917
2020-01-17,73.367,0.3018,1.9806,0.007859,0.6036,0.9054,0.5841,0.8704,215.806545,277.197327,208.980435,184.449295,104.038606
2020-01-21,72.899,-0.6379,1.9619,0.007785,-1.2758,-1.9137,-1.2953,-1.9486,214.429932,273.660886,204.981225,182.060167,102.011297
2020-01-22,72.9961,0.1332,1.9572,0.007767,0.2665,0.3997,0.247,0.3648,214.715636,274.390132,205.80057,182.509864,102.383453
2020-01-23,72.9166,-0.1089,1.9525,0.007748,-0.2178,-0.3267,-0.2372,-0.3616,214.481817,273.792526,205.128237,182.076862,102.013283
2020-01-24,72.3426,-0.7872,1.9479,0.00773,-1.5744,-2.3616,-1.5938,-2.3964,212.793445,269.48201,200.284011,179.174904,99.568653
2020-01-27,71.0003,-1.8555,1.9339,0.007674,-3.711,-5.5664,-3.7303,-5.6011,208.845113,259.481661,189.135345,172.491084,93.991671
2020-01-28,71.698,0.9826,1.9292,0.007655,1.9652,2.9477,1.9458,2.9131,210.897174,264.580867,194.710537,175.847397,96.729696
2020-01-29,71.6273,-0.0986,1.9245,0.007637,-0.1971,-0.2957,-0.2165,-0.3303,210.68932,264.05934,194.134834,175.466762,96.410188
2020-01-30,71.6273,0.0,1.9198,0.007618,0.0,0.0,-0.0193,-0.0346,210.68932,264.05934,194.134834,175.432853,96.376828
2020-01-31,70.4087,-1.7014,1.9152,0.0076,-3.4027,-5.1041,-3.422,-5.1386,207.104744,255.074161,184.226059,169.429508,91.424376
2020-02-03,70.7972,0.5518,1.9011,0.007544,1.1037,1.6555,1.0844,1.6211,208.247628,257.889356,187.27595,171.266847,92.906422
2020-02-04,71.9629,1.6465,1.8965,0.007526,3.2931,4.9396,3.2738,4.9052,211.676481,266.381792,196.526597,176.873819,97.463635
2020-02-05,72.6164,0.9081,1.8918,0.007507,1.8162,2.7243,1.797,2.6899,213.598695,271.219766,201.880514,180.052183,100.085301
2020-02-06,72.846,0.3161,1.8871,0.007489,0.6323,0.9484,0.6131,0.9141,214.273985,272.934684,203.795244,181.156089,101.000186
2020-02-07,72.2543,-0.8122,1.8825,0.00747,-1.6244,-2.4366,-1.6436,-2.4709,212.533661,268.501156,198.829595,178.178665,98.50458
2020-02-10,72.6341,0.5256,1.8684,0.007414,1.0511,1.5767,1.032,1.5425,213.650647,271.323411,201.964486,180.017458,100.023991
2020-02-11,72.9961,0.4985,1.8638,0.007396,0.9969,1.4954,0.9778,1.4613,214.715636,274.028354,204.984696,181.777744,101.485601
2020-02-12,73.4465,0.617,1.8591,0.007377,1.234,1.8511,1.215,1.8169,216.040477,277.409979,208.779091,183.986268,103.329537
2020-02-13,73.1816,-0.3607,1.8544,0.007359,-0.7215,-1.0822,-0.7405,-1.1163,215.261147,275.408559,206.519685,182.623791,102.176087
2020-02-14,73.2345,0.0724,1.8498,0.00734,0.1448,0.2171,0.1257,0.1831,215.416959,275.807256,206.968139,182.853384,102.363175
2020-02-18,72.9166,-0.4341,1.8311,0.007266,-0.8682,-1.3023,-0.8872,-1.3362,214.481817,273.412654,204.272744,181.231131,100.995377
2020-02-19,73.3052,0.5329,1.8264,0.007248,1.0658,1.5987,1.0468,1.5648,215.624791,276.326686,207.538453,183.128342,102.575792
2020-02-20,72.899,-0.5541,1.8217,0.007229,-1.1083,-1.6624,-1.1272,-1.6962,214.429932,273.264224,204.088305,181.064099,100.835864
2020-02-21,72.3073,-0.8117,1.817,0.007211,-1.6233,-2.435,-1.6422,-2.4688,212.689496,268.828286,199.118811,178.090607,98.34647
2020-02-24,69.8258,-3.4319,1.803,0.007155,-6.8638,-10.2957,-6.8826,-10.3293,205.390228,250.376507,178.6182,165.833272,88.187926
2020-02-25,68.1656,-2.3776,1.7984,0.007136,-4.7552,-7.1328,-4.7741,-7.1665,200.506844,238.470541,165.877654,157.916279,81.86796
2020-02-26,68.0508,-0.1684,1.7937,0.007118,-0.3368,-0.5052,-0.3556,-0.5388,200.169187,237.667365,165.039633,157.354686,81.426852
2020-02-27,65.534,-3.6984,1.789,0.007099,-7.3968,-11.0952,-7.4156,-11.1288,192.766104,220.087525,146.728092,145.685843,72.365018
2020-02-28,65.3221,-0.3234,1.7843,0.007081,-0.6468,-0.9703,-0.6656,-1.0038,192.142654,218.663896,145.304434,144.716109,71.638621
2020-03-02,67.1147,2.7444,1.7703,0.007025,5.4888,8.2331,5.47,8.1997,197.415781,230.665839,157.267557,152.632125,77.512794
2020-03-03,65.8166,-1.9342,1.7657,0.007007,-3.8684,-5.8026,-3.8871,-5.836,193.597342,221.742706,148.141894,146.699106,72.989136
2020-03-04,68.0155,3.3409,1.761,0.006988,6.6818,10.0228,6.6632,9.9894,200.065283,236.559219,162.98982,156.473894,80.280337
2020-03-05,66.0727,-2.8564,1.7563,0.006969,-5.7128,-8.5692,-5.7315,-8.6025,194.350594,223.045008,149.022838,147.505593,73.374189
2020-03-06,64.907,-1.7642,1.7516,0.006951,-3.5284,-5.2926,-3.547,-5.3258,190.921875,215.175121,141.135689,142.273507,69.466393
2020-03-09,59.7851,-7.8912,1.7376,0.006895,-15.7824,-23.6736,-15.801,-23.7067,175.85587,181.215371,107.723837,119.7929,52.998188
2020-03-10,62.4962,4.5347,1.733,0.006877,9.0694,13.6042,9.0509,13.571,183.830439,197.650586,122.378758,130.635181,60.190593
2020-03-11,59.4054,-4.9456,1.7283,0.006858,-9.8912,-14.8368,-9.9098,-14.8699,174.738917,178.100563,104.221658,117.689537,51.240319
2020-03-12,53.3297,-10.2274,1.7236,0.00684,-20.4548,-30.6822,-20.4734,-30.7153,156.867643,141.670396,72.244114,93.594515,35.501707
2020-03-13,57.5774,7.9649,1.7189,0.006821,15.9297,23.8946,15.9112,23.8616,169.36193,164.238091,89.50654,108.486518,43.972972
2020-03-16,50.8747,-11.6411,1.7049,0.006766,-23.2822,-34.9233,-23.3006,-34.9562,149.64636,125.999891,58.247936,83.208457,28.60171
2020-03-17,53.7978,5.7455,1.7002,0.006747,11.491,17.2365,11.4726,17.2037,158.244312,140.478574,68.287866,92.75461,33.522257
2020-03-18,50.3714,-6.369,1.6956,0.006728,-12.738,-19.107,-12.7564,-19.1398,148.165729,122.584409,55.2401,80.922425,27.106155
2020-03-19,50.8659,0.9818,1.6909,0.00671,1.9635,2.9453,1.9451,2.9125,149.62035,124.991359,56.867063,82.496438,27.895614
2020-03-20,49.4795,-2.7257,1.6862,0.006691,-5.4514,-8.1771,-5.4698,-8.2098,145.54216,118.1776,52.217,77.984062,25.605434
2020-03-23,48.3012,-2.3813,1.6722,0.006636,-4.7627,-7.144,-4.781,-7.1767,142.0763,112.549169,48.4866,74.255621,23.767816
2020-03-24,52.7164,9.141,1.6675,0.006617,18.282,27.423,18.2637,27.3904,155.063483,133.125391,61.783069,87.817415,30.277911
2020-03-25,53.9221,2.2873,1.6629,0.006599,4.5745,6.8618,4.5562,6.8292,158.6102,139.215259,66.022502,91.818579,32.345662
2020-03-26,56.6528,5.0641,1.6582,0.00658,10.1282,15.1924,10.11,15.1598,166.642411,153.315314,76.052878,101.101395,37.249211
2020-03-27,54.7644,-3.3334,1.6535,0.006562,-6.6667,-10.0001,-6.685,-10.0325,161.08763,143.094231,68.447544,94.342792,33.512166
2020-03-30,56.2184,2.655,1.6395,0.006506,5.3101,7.9651,5.2919,7.9327,165.364563,150.692635,73.899463,99.335278,36.170595
2020-03-31,55.6776,-0.962,1.6348,0.006487,-1.924,-2.8861,-1.9422,-2.9184,163.773723,147.793248,71.766679,97.405954,35.114992
2020-04-01,53.2217,-4.4108,1.6302,0.006469,-8.8216,-13.2325,-8.8398,-13.2648,156.549959,134.755461,62.270183,88.795449,30.457072
2020-04-02,54.3122,2.049,1.6255,0.00645,4.0979,6.1469,4.0798,6.1146,159.757617,140.277652,66.097871,92.418106,32.319411
2020-04-03,53.3636,-1.7467,1.6208,0.006432,-3.4933,-5.24,-3.5114,-5.2722,156.967205,135.377323,62.634368,89.172895,30.615471
2020-04-06,56.6351,6.1306,1.6068,0.006376,12.2612,18.3918,12.2431,18.3597,166.590234,151.976203,74.153953,100.090434,36.236372
2020-04-07,56.8479,0.3757,1.6021,0.006358,0.7514,1.1271,0.7333,1.095,167.216108,153.118142,74.989735,100.824427,36.633164
2020-04-08,58.2132,2.4018,1.5975,0.006339,4.8035,7.2053,4.7855,7.1733,171.232247,160.473221,80.392968,105.649366,39.260954
2020-04-09,59.2948,1.858,1.5928,0.006321,3.716,5.5741,3.698,5.542,174.413772,166.43646,84.874114,109.556287,41.436814
2020-04-13,58.7629,-0.8971,1.5741,0.006246,-1.7942,-2.6913,-1.8121,-2.7231,172.84912,163.450285,82.589918,107.570978,40.308434
2020-04-14,60.1726,2.3989,1.5694,0.006228,4.7978,7.1967,4.7799,7.1649,176.995623,171.29235,88.533702,112.712757,43.196502
2020-04-15,58.6033,-2.608,1.5648,0.006209,-5.2159,-7.8239,-5.2338,-7.8556,172.379664,162.35791,81.606956,106.813578,39.803143
2020-04-16,58.8338,0.3934,1.5601,0.006191,0.7867,1.1801,0.7688,1.1483,173.057738,163.635213,82.569985,107.634786,40.260216
2020-04-17,60.3854,2.6372,1.5554,0.006172,5.2743,7.9115,5.2564,7.8797,177.621531,172.265827,89.102469,113.292525,43.432617
2020-04-20,59.481,-1.4976,1.5414,0.006117,-2.9952,-4.4928,-3.013,-4.5244,174.961459,167.106099,85.099256,109.878981,41.467544
2020-04-21,57.7965,-2.832,1.5367,0.006098,-5.664,-8.496,-5.6818,-8.5276,170.006554,157.641216,77.869228,103.635876,37.931376
2020-04-22,59.0643,2.1935,1.532,0.00608,4.3871,6.5806,4.3693,6.5491,173.735721,164.557072,82.993513,108.164039,40.415542
2020-04-23,59.02,-0.075,1.5274,0.006061,-0.15,-0.2251,-0.1678,-0.2566,173.60538,164.310162,82.806722,107.982526,40.311854
2020-04-24,59.6672,1.0966,1.5227,0.006042,2.1932,3.2898,2.1754,3.2583,175.509113,167.913768,85.530864,110.331604,41.625339
2020-04-27,60.6779,1.6939,1.5087,0.005987,3.3878,5.0817,3.3701,5.0504,178.482077,173.602378,89.877307,114.049915,43.727579
2020-04-28,60.6779,0.0,1.504,0.005968,0.0,0.0,-0.0177,-0.0313,178.482077,173.602378,89.877307,114.029757,43.713891
2020-04-29,62.4068,2.8492,1.4993,0.00595,5.6984,8.5476,5.6808,8.5164,183.567401,183.494962,97.559679,120.507512,47.436723
2020-04-30,61.4493,-1.5343,1.4947,0.005931,-3.0686,-4.6029,-3.0862,-4.6341,180.750923,177.864229,93.0691,116.78836,45.238442
2020-05-01,59.8534,-2.597,1.49,0.005913,-5.194,-7.791,-5.2116,-7.8222,176.056801,168.625919,85.818053,110.701768,41.699789
2020-05-04,60.0307,0.2962,1.476,0.005857,0.5925,0.8887,0.5749,0.8576,176.578332,169.624958,86.580708,111.338187,42.05741
2020-05-05,60.4563,0.7089,1.4713,0.005839,1.4178,2.1267,1.4003,2.0957,177.830114,172.029935,88.422046,112.897228,42.938802
2020-05-06,60.1016,-0.5866,1.4666,0.00582,-1.1732,-1.7598,-1.1907,-1.7908,176.786983,170.01172,86.866026,111.552957,42.169867
2020-05-07,60.9173,1.3571,1.462,0.005801,2.7142,4.0713,2.6967,4.0404,179.186182,174.626221,90.402636,114.561226,43.873686
2020-05-08,61.9901,1.761,1.4573,0.005783,3.5221,5.2831,3.5046,5.2521,182.341697,180.776646,95.178676,118.576095,46.177996
2020-05-11,61.9812,-0.0143,1.4433,0.005727,-0.0286,-0.0428,-0.046,-0.0736,182.315664,180.725029,95.137912,118.521566,46.143986
2020-05-12,60.9173,-1.7165,1.4386,0.005709,-3.433,-5.1496,-3.4505,-5.1803,179.186182,174.520671,90.238732,114.432035,43.753571
2020-05-13,60.0662,-1.3972,1.4339,0.00569,-2.7943,-4.1915,-2.8117,-4.2223,176.682641,169.64396,86.456358,111.214501,41.906179
2020-05-14,60.341,0.4576,1.4293,0.005672,0.9152,1.3728,0.8978,1.3421,177.491134,171.196527,87.64322,112.213,42.468594
2020-05-15,60.4563,0.191,1.4246,0.005653,0.382,0.573,0.3646,0.5423,177.830114,171.850445,88.145375,112.622139,42.698893
2020-05-18,62.5841,3.5196,1.4106,0.005598,7.0391,10.5587,7.0218,10.5281,184.088955,183.947211,97.452369,120.530264,47.194287
2020-05-19,61.9546,-1.0058,1.4059,0.005579,-2.0116,-3.0174,-2.0289,-3.0479,182.237377,180.246905,94.511822,118.084827,45.755832
2020-05-20,63.0274,1.7315,1.4012,0.00556,3.4631,5.1946,3.4458,5.1641,185.392891,186.489003,99.421355,122.153812,48.118726
2020-05-21,62.4865,-0.8581,1.3966,0.005542,-1.7161,-2.5742,-1.7334,-2.6047,183.802084,183.288578,96.86203,120.036404,46.865392
2020-05-22,62.4245,-0.0993,1.3919,0.005523,-0.1986,-0.2978,-0.2158,-0.3282,183.619612,182.924652,96.573546,119.777385,46.71156
2020-05-26,63.6125,1.9031,1.3732,0.005449,3.8063,5.7094,3.7891,5.6792,187.114152,189.88728,102.087338,124.315902,49.364384
2020-05-27,64.4725,1.3519,1.3685,0.005431,2.7038,4.0557,2.6867,4.0255,189.643759,195.021474,106.227711,127.655865,51.351543
2020-05-28,64.508,0.055,1.3639,0.005412,0.11,0.1649,0.0928,0.1347,189.748022,195.235915,106.402919,127.77438,51.420737
2020-05-29,64.6498,0.2199,1.3592,0.005394,0.4398,0.6597,0.4227,0.6296,190.165302,196.09461,107.104899,128.314514,51.744475
2020-06-01,65.4832,1.2891,1.3452,0.005338,2.5782,3.8673,2.5612,3.8373,192.616733,201.150344,111.246984,131.600863,53.730053
2020-06-02,66.2102,1.1102,1.3405,0.005319,2.2204,3.3306,2.2034,3.3006,194.755149,205.616655,114.952151,134.500502,55.503452
2020-06-03,67.3894,1.7809,1.3358,0.005301,3.5618,5.3428,3.5448,5.3128,198.22359,212.940406,121.09378,139.268329,58.452242
2020-06-04,67.0613,-0.4868,1.3311,0.005282,-0.9735,-1.4603,-0.9905,-1.4902,197.25869,210.867332,119.325424,137.888828,57.581158
2020-06-05,68.6749,2.4061,1.3265,0.005264,4.8122,7.2183,4.7952,7.1884,202.004933,221.014693,127.938695,144.500916,61.720327
2020-06-08,69.5349,1.2523,1.3125,0.005208,2.5046,3.7569,2.4877,3.7272,204.534664,226.550277,132.745266,148.095677,64.020738
2020-06-09,68.8079,-1.0455,1.3078,0.00519,-2.0911,-3.1366,-2.108,-3.1664,202.396158,221.812898,128.581524,144.973835,61.993595
2020-06-10,68.604,-0.2963,1.3031,0.005171,-0.5927,-0.889,-0.6096,-0.9188,201.796361,220.498222,127.438378,144.090113,61.424028
2020-06-11,64.6941,-5.6992,1.2984,0.005153,-11.3983,-17.0975,-11.4152,-17.1271,190.295665,195.365132,105.649629,127.641971,50.903844
2020-06-12,65.6694,1.5075,1.2938,0.005134,3.015,4.5225,2.9982,4.4929,193.164376,201.255398,110.42764,131.468886,53.190889
2020-06-15,66.0684,0.6075,1.2798,0.005078,1.215,1.8225,1.1982,1.793,194.33787,203.700694,112.440219,133.044194,54.144607
2020-06-16,67.1943,1.7042,1.2751,0.00506,3.4085,5.1127,3.3917,5.0833,197.64987,210.643826,118.189001,137.556695,56.896918
2020-06-17,67.0968,-0.1451,1.2704,0.005041,-0.2903,-0.4354,-0.307,-0.4648,197.363021,210.032412,117.674419,137.134386,56.63244
2020-06-18,67.0348,-0.0925,1.2657,0.005023,-0.185,-0.2774,-0.2017,-0.3068,197.180504,209.643944,117.34795,136.857806,56.458666
2020-06-19,66.7244,-0.4629,1.2611,0.005004,-0.9259,-1.3888,-0.9426,-1.4182,196.267691,207.702925,115.718225,135.567818,55.657986
2020-06-22,67.3124,0.8812,1.247,0.004949,1.7624,2.6435,1.7457,2.6143,197.997154,211.363379,118.777266,137.93442,57.113033
2020-06-23,67.5886,0.4103,1.2424,0.00493,0.8206,1.2308,0.8039,1.2016,198.809495,213.097739,120.239222,139.043305,57.79931
2020-06-24,65.9672,-2.3988,1.2377,0.004912,-4.7976,-7.1965,-4.8143,-7.2257,194.040406,202.874062,111.586242,132.349393,53.622929
2020-06-25,66.7066,1.1208,1.233,0.004893,2.2417,3.3625,2.2251,3.3334,196.21529,207.421852,115.338354,135.294275,55.41038
2020-06-26,65.4238,-1.9231,1.2284,0.004874,-3.8462,-5.7692,-3.8627,-5.7984,192.441913,199.444076,108.684207,130.068208,52.19749
2020-06-29,66.2077,1.1983,1.2143,0.004819,2.3965,3.5948,2.38,3.5658,194.747878,204.223815,112.591183,133.163839,54.058745
2020-06-30,66.6354,0.6459,1.2097,0.0048,1.2917,1.9376,1.2752,1.9086,196.005685,206.861833,114.772743,134.861974,55.090526
2020-07-01,67.0808,0.6684,1.205,0.004782,1.3369,2.0053,1.3204,1.9764,197.315849,209.627292,117.074274,136.642657,56.179316
2020-07-02,67.6866,0.9031,1.2003,0.004763,1.8061,2.7092,1.7897,2.6803,199.097735,213.413425,120.246037,139.088091,57.685088
2020-07-06,68.9337,1.8426,1.1816,0.004689,3.6851,5.5277,3.6687,5.499,202.766242,221.277991,126.892875,144.190867,60.857165
2020-07-07,68.1231,-1.176,1.177,0.004671,-2.352,-3.528,-2.3684,-3.5567,200.381709,216.073528,122.41609,140.775881,58.692653
2020-07-08,68.8001,0.9939,1.1723,0.004652,1.9877,2.9816,1.9714,2.9529,202.373245,220.368513,126.066064,143.551113,60.425814
2020-07-09,68.3636,-0.6345,1.1676,0.004633,-1.269,-1.9034,-1.2853,-1.9321,201.089226,217.572121,123.66647,141.706049,59.258343
2020-07-10,68.9159,0.8079,1.163,0.004615,1.6158,2.4238,1.5995,2.3952,202.713864,221.087734,126.663844,143.972661,60.677676
2020-07-13,68.3636,-0.8014,1.1489,0.004559,-1.6029,-2.4043,-1.6192,-2.4328,201.089226,217.543946,123.618425,141.641523,59.2015
2020-07-14,69.1654,1.1728,1.1443,0.004541,2.3456,3.5184,2.3293,3.4899,203.44757,222.64659,127.967759,144.940811,61.267578
2020-07-15,69.8959,1.0562,1.1396,0.004522,2.1123,3.1685,2.0961,3.1401,205.596309,227.349615,132.022406,147.978913,63.19143
2020-07-16,69.5039,-0.5608,1.1349,0.004504,-1.1216,-1.6824,-1.1378,-1.7107,204.443349,224.799714,129.801307,146.295229,62.11039
2020-07-17,69.7533,0.3589,1.1302,0.004485,0.7178,1.0767,0.7016,1.0483,205.177077,226.413286,131.198842,147.321622,62.761517
2020-07-20,70.3145,0.8046,1.1162,0.004429,1.6092,2.4137,1.593,2.3855,206.827882,230.056618,134.365624,149.668478,64.258695
2020-07-21,70.5818,0.3801,1.1116,0.004411,0.7602,1.1403,0.7441,1.1121,207.614012,231.805456,135.89775,150.782101,64.973302
2020-07-22,70.8669,0.4039,1.1069,0.004392,0.8078,1.2117,0.7917,1.1835,208.452542,233.677931,137.544379,151.975813,65.742273
2020-07-23,70.1185,-1.056,1.1022,0.004374,-2.1119,-3.1679,-2.128,-3.196,206.251357,228.742818,133.187119,148.741753,63.641145
2020-07-24,69.7444,-0.5336,1.0975,0.004355,-1.0671,-1.6007,-1.0832,-1.6288,205.150865,226.301821,131.055187,147.130585,62.604571
2020-07-27,70.4927,1.0729,1.0835,0.0043,2.1458,3.2187,2.1298,3.1908,207.351961,231.157875,135.273521,150.264209,64.602146
2020-07-28,70.0117,-0.6824,1.0789,0.004281,-1.3649,-2.0473,-1.3808,-2.0752,205.936928,228.002891,132.504077,148.189288,63.26151
2020-07-29,70.9025,1.2725,1.0742,0.004263,2.5449,3.8174,2.5289,3.7895,208.557389,233.805375,137.562255,151.936918,65.658796
2020-07-30,70.4393,-0.6534,1.0695,0.004244,-1.3067,-1.9601,-1.3227,-1.988,207.194735,230.75014,134.865878,149.927258,64.35352
2020-07-31,70.1631,-0.392,1.0648,0.004226,-0.7841,-1.1761,-0.8,-1.204,206.382438,228.940851,133.279673,148.727807,63.578735
2020-08-03,70.9827,1.1681,1.0508,0.00417,2.3362,3.5043,2.3203,3.4766,208.793161,234.289299,137.950133,152.17873,65.789082
2020-08-04,71.339,0.502,1.0461,0.004151,1.0041,1.5061,0.9882,1.4785,209.841386,236.641751,140.027827,153.682594,66.761742
2020-08-05,71.8201,0.6743,1.0415,0.004133,1.3486,2.023,1.3328,1.9953,211.256397,239.833215,142.860551,155.730889,68.093866
2020-08-06,72.1319,0.4341,1.0368,0.004114,0.8683,1.3024,0.8524,1.2748,212.173518,241.915577,144.72114,157.058391,68.961919
2020-08-07,71.8825,-0.3458,1.0321,0.004096,-0.6916,-1.0374,-0.7074,-1.0649,211.439835,240.242518,143.219829,155.947375,68.227516
2020-08-10,72.0784,0.2726,1.0181,0.00404,0.5453,0.8179,0.5295,0.7905,212.016315,241.552536,144.391274,156.773184,68.766848
2020-08-11,71.8557,-0.309,1.0134,0.004022,-0.618,-0.9269,-0.6337,-0.9544,211.361222,240.059826,143.052843,155.779724,68.110568
2020-08-12,72.9336,1.5001,1.0088,0.004003,3.0002,4.5003,2.9845,4.473,214.531884,247.262176,149.490717,160.429004,71.157137
2020-08-13,72.7377,-0.2687,1.0041,0.003985,-0.5374,-0.8061,-0.5531,-0.8334,213.955449,245.933417,148.285697,159.541704,70.564101
2020-08-14,72.604,-0.1838,0.9994,0.003966,-0.3675,-0.5513,-0.3832,-0.5786,213.562295,245.029585,147.468249,158.930367,70.155843
2020-08-17,73.0495,0.6135,0.9854,0.00391,1.227,1.8405,1.2114,1.8134,214.872525,248.036159,150.182456,160.855662,71.428015
2020-08-18,73.1118,0.0854,0.9807,0.003892,0.1707,0.2561,0.1551,0.2289,215.055941,248.459606,150.567044,161.105185,71.591536
2020-08-19,72.7466,-0.4996,0.9761,0.003873,-0.9991,-1.4987,-1.0147,-1.5258,213.981594,245.977165,148.310497,159.47043,70.499185
2020-08-20,72.7644,0.0245,0.9714,0.003855,0.0489,0.0734,0.0334,0.0463,214.03395,246.097535,148.419361,159.523652,70.531846
2020-08-21,72.8356,0.0979,0.9667,0.003836,0.1959,0.2938,0.1803,0.2668,214.243577,246.579596,148.855451,159.811337,70.720015
2020-08-24,73.5929,1.0397,0.9527,0.003781,2.0793,3.119,2.0638,3.092,216.470974,251.706757,153.498207,163.109564,72.906708
2020-08-25,73.8512,0.351,0.948,0.003762,0.7021,1.0531,0.6866,1.0262,217.230869,253.473929,155.114718,164.229487,73.654894
2020-08-26,74.4303,0.7841,0.9434,0.003743,1.5681,2.3522,1.5527,2.3254,218.93412,257.448776,158.763361,166.779475,75.367643
2020-08-27,74.261,-0.2274,0.9387,0.003725,-0.4548,-0.6822,-0.4702,-0.709,218.436253,256.277873,157.680253,165.995209,74.833264
2020-08-28,74.8044,0.7318,0.934,0.003706,1.4635,2.1953,1.4481,2.1685,220.034679,260.028544,161.14177,168.398993,76.456022
2020-08-31,74.3768,-0.5716,0.92,0.003651,-1.1433,-1.7149,-1.1586,-1.7416,218.776872,257.055687,158.378315,166.447858,75.124473
2020-09-01,74.938,0.7546,0.9153,0.003632,1.5092,2.2637,1.4938,2.2371,220.427721,260.935076,161.963595,168.934297,76.805093
2020-09-02,75.7843,1.1294,0.9107,0.003614,2.2587,3.3881,2.2434,3.3615,222.917124,266.828822,167.451008,172.724138,79.386866
2020-09-03,73.5127,-2.9976,0.906,0.003595,-5.9951,-8.9927,-6.0104,-9.0192,216.235068,250.832157,152.392715,162.342718,72.226797
2020-09-04,73.2365,-0.3757,0.9013,0.003577,-0.7513,-1.127,-0.7666,-1.1535,215.422749,248.947581,150.675258,161.098178,71.393652
2020-09-08,71.5439,-2.3111,0.8826,0.003502,-4.6223,-6.9334,-4.6375,-6.9598,210.444011,237.440488,140.228274,153.627243,66.424787
2020-09-09,72.8535,1.8304,0.878,0.003484,3.6608,5.4912,3.6456,5.4649,214.296001,246.132761,147.928535,159.227926,70.054835
2020-09-10,71.829,-1.4062,0.8733,0.003465,-2.8124,-4.2185,-2.8275,-4.2448,211.282609,239.210611,141.688101,154.725699,67.081118
2020-09-11,72.1141,0.3969,0.8686,0.003447,0.7937,1.1906,0.7786,1.1643,212.121094,241.10925,143.37499,155.930327,67.862148
2020-09-14,73.0227,1.26,0.8546,0.003391,2.5201,3.7801,2.505,3.754,214.79389,247.185362,148.794707,159.836332,70.40966
2020-09-15,73.4503,0.5856,0.8499,0.003373,1.1711,1.7567,1.156,1.7306,216.05163,250.080183,151.408539,161.684095,71.628141
2020-09-16,73.3256,-0.1698,0.8452,0.003354,-0.3395,-0.5093,-0.3546,-0.5354,215.684844,249.231073,150.637411,161.11077,71.244661
2020-09-17,72.9336,-0.5346,0.8406,0.003336,-1.0691,-1.6037,-1.0842,-1.6297,214.531884,246.566504,148.221679,159.364076,70.08358
2020-09-18,72.2922,-0.8795,0.8359,0.003317,-1.7589,-2.6384,-1.774,-2.6644,212.645151,242.229571,144.311004,156.53703,68.216276
2020-09-21,71.2385,-1.4576,0.8219,0.003261,-2.9152,-4.3728,-2.9302,-4.3987,209.545628,235.168078,138.000558,151.950222,65.215648
2020-09-22,71.5697,0.465,0.8172,0.003243,0.9299,1.3949,0.915,1.3691,210.519953,237.355002,139.925543,153.340553,66.10849
2020-09-23,70.191,-1.9264,0.8125,0.003224,-3.8528,-5.7792,-3.8678,-5.8051,206.464463,228.210111,131.838898,147.409704,62.270851
2020-09-24,70.2268,0.051,0.8079,0.003206,0.102,0.1529,0.087,0.1272,206.569714,228.442785,132.040524,147.538015,62.350032
2020-09-25,70.9967,1.0964,0.8032,0.003187,2.1928,3.2892,2.1779,3.2634,208.834521,233.452027,136.383556,150.751221,64.38478
2020-09-28,72.1159,1.5763,0.7892,0.003132,3.1526,4.7289,3.1378,4.7033,212.126368,240.81181,142.832977,155.48142,67.412961
2020-09-29,71.8562,-0.36,0.7845,0.003113,-0.72,-1.08,-0.7349,-1.1056,211.36268,239.07789,141.290314,154.338864,66.667617
2020-09-30,72.1964,0.4735,0.7798,0.003095,0.9469,1.4204,0.9321,1.3948,212.363397,241.341763,143.29717,155.777483,67.597513
2020-10-01,72.7784,0.8061,0.7752,0.003076,1.6121,2.4182,1.5973,2.3926,214.075153,245.232436,146.762313,158.265746,69.214874
2020-10-02,72.3128,-0.6397,0.7705,0.003058,-1.2794,-1.9191,-1.2942,-1.9446,212.705698,242.094897,143.945765,156.217505,67.86892
2020-10-05,73.5036,1.6467,0.7565,0.003002,3.2933,4.94,3.2786,4.9146,216.20825,250.067884,151.056682,161.339288,71.204425
2020-10-06,72.7515,-1.0231,0.7518,0.002983,-2.0463,-3.0694,-2.061,-3.0948,213.996136,244.950792,146.420115,158.014133,69.000824
2020-10-07,73.7811,1.4152,0.7471,0.002965,2.8304,4.2457,2.8158,4.2204,217.024653,251.88398,152.636618,162.463447,71.912912
2020-10-08,74.3899,0.8251,0.7425,0.002946,1.6502,2.4753,1.6356,2.4501,218.815337,256.0406,156.41486,165.120633,73.674822
2020-10-09,74.9539,0.7582,0.7378,0.002928,1.5165,2.2747,1.5019,2.2495,220.47449,259.923422,159.972876,167.600502,75.332144
2020-10-12,75.7776,1.0989,0.7238,0.002872,2.1978,3.2967,2.1832,3.2716,222.897308,265.636076,165.246755,171.25963,77.796729
2020-10-13,75.2852,-0.6498,0.7191,0.002854,-1.2996,-1.9494,-1.3142,-1.9745,221.448927,262.183883,162.025446,169.009012,76.260659
2020-10-14,74.9539,-0.44,0.7144,0.002835,-0.8801,-1.3201,-0.8946,-1.3451,220.47449,259.876518,159.886575,167.497062,75.234863
2020-10-15,74.5958,-0.4778,0.7098,0.002816,-0.9555,-1.4333,-0.9701,-1.4583,219.421125,257.393286,157.594897,165.872231,74.137703
2020-10-16,74.6316,0.048,0.7051,0.002798,0.096,0.144,0.0815,0.119,219.526444,257.640375,157.821826,166.007404,74.225953
2020-10-19,73.9243,-0.9477,0.6911,0.002742,-1.8954,-2.8431,-1.9098,-2.8679,217.445995,252.757066,153.3348,162.836918,72.097192
2020-10-20,74.2735,0.4723,0.6864,0.002724,0.9447,1.417,0.9303,1.3922,218.47308,255.144813,155.507586,164.351709,73.100935
2020-10-21,74.0855,-0.2531,0.6817,0.002705,-0.5062,-0.7593,-0.5206,-0.7841,217.920096,253.853204,154.326757,163.496033,72.52774
2020-10-22,74.372,0.3867,0.677,0.002687,0.7733,1.16,0.7589,1.1352,218.762689,255.816261,156.11688,164.736822,73.351088
2020-10-23,74.7122,0.4575,0.6724,0.002668,0.9149,1.3724,0.9006,1.3477,219.76345,258.156797,158.259416,166.220366,74.339635
2020-10-26,73.3871,-1.7735,0.6584,0.002613,-3.5471,-5.3206,-3.5614,-5.3452,215.865836,248.99972,149.838989,160.300564,70.366004
2020-10-27,73.0738,-0.427,0.6537,0.002594,-0.8539,-1.2809,-0.8682,-1.3055,214.944159,246.873424,147.919697,158.908778,69.447407
2020-10-28,70.8087,-3.0997,0.649,0.002575,-6.1995,-9.2992,-6.2137,-9.3237,208.28147,231.568603,134.164362,149.034596,62.972334
2020-10-29,71.4265,0.8724,0.6443,0.002557,1.7449,2.6173,1.7306,2.5928,210.098589,235.609172,137.675851,151.613797,64.605096
2020-10-30,70.7192,-0.9902,0.6397,0.002538,-1.9805,-2.9707,-1.9947,-2.9952,208.018095,230.942949,133.58586,148.589499,62.670056
2020-11-02,71.5966,1.2407,0.6257,0.002483,2.4814,3.7221,2.4672,3.6977,210.598947,236.673504,138.558005,152.255475,64.987425
2020-11-03,72.9485,1.8882,0.621,0.002464,3.7764,5.6646,3.7623,5.6404,214.575511,245.611319,146.406828,157.983725,68.652946
2020-11-04,74.3183,1.8778,0.6163,0.002446,3.7555,5.6333,3.7414,5.6091,218.604745,254.835349,154.654377,163.894508,72.503726
2020-11-05,75.894,2.1202,0.6116,0.002427,4.2404,6.3605,4.2262,6.3363,223.239565,265.6413,164.491245,170.821071,77.097801
2020-11-06,75.9835,0.118,0.607,0.002409,0.236,0.354,0.2219,0.3298,223.502962,266.268153,165.073487,171.200058,77.352057
2020-11-09,77.2011,1.6025,0.593,0.002353,3.2049,4.8074,3.1909,4.7833,227.084508,274.801835,173.009198,176.662814,81.052045
2020-11-10,77.2548,0.0696,0.5883,0.002334,0.1391,0.2087,0.1251,0.1847,227.242475,275.184155,173.370249,176.883793,81.201712
2020-11-11,77.7472,0.6374,0.5836,0.002316,1.2748,1.9122,1.2608,1.8882,228.690901,278.692161,176.685395,179.113877,82.734947
2020-11-12,76.9236,-1.0594,0.5789,0.002297,-2.1188,-3.1782,-2.1328,-3.2021,226.268173,272.787287,171.070033,175.293765,80.085666
2020-11-13,78.0069,1.4083,0.5743,0.002279,2.8165,4.2248,2.8026,4.2009,229.454634,280.470437,178.297405,180.206461,83.449969
2020-11-16,79.0007,1.274,0.5602,0.002223,2.548,3.8219,2.534,3.7981,232.377833,287.616695,185.111808,184.772937,86.619498
2020-11-17,78.8395,-0.204,0.5556,0.002205,-0.408,-0.6121,-0.422,-0.6358,231.903732,286.443093,183.978803,183.993279,86.068737
2020-11-18,78.1591,-0.863,0.5509,0.002186,-1.7261,-2.5891,-1.7399,-2.6128,229.902344,281.498941,179.215453,180.791901,83.819922
2020-11-19,78.6425,0.6186,0.5462,0.002168,1.2371,1.8557,1.2232,1.832,231.324424,284.981411,182.541108,183.003425,85.355482
2020-11-20,78.5172,-0.1594,0.5416,0.002149,-0.3188,-0.4782,-0.3326,-0.5018,230.955731,284.072984,181.668287,182.394714,84.927156
2020-11-23,78.9022,0.4903,0.5275,0.002093,0.9806,1.4709,0.9668,1.4474,232.088134,286.858671,184.340511,184.15815,86.156378
2020-11-24,80.1019,1.5205,0.5229,0.002075,3.041,4.5615,3.0272,4.538,235.617033,295.582039,192.749198,189.733017,90.066139
2020-11-25,79.9765,-0.1565,0.5182,0.002056,-0.313,-0.4695,-0.3268,-0.493,235.248295,294.656873,191.844247,189.113044,89.622136
2020-11-27,80.3705,0.4925,0.5089,0.002019,0.9851,1.4776,0.9714,1.4542,236.407,297.559512,194.679009,190.950024,90.925451
2020-11-30,79.4662,-1.1251,0.4948,0.001964,-2.2501,-3.3752,-2.2638,-3.3985,233.747265,290.864031,188.108207,186.627293,87.835359
2020-12-01,80.648,1.4871,0.4902,0.001945,2.9742,4.4613,2.9606,4.4381,237.223358,299.515002,196.500369,192.152545,91.733574
2020-12-02,80.7017,0.0666,0.4855,0.001927,0.1333,0.1999,0.1196,0.1767,237.381414,299.914122,196.893139,192.382402,91.895634
2020-12-03,80.9703,0.3328,0.4808,0.001908,0.6657,0.9985,0.652,0.9753,238.171494,301.910537,198.859104,193.636828,92.791904
2020-12-04,81.7492,0.9619,0.4761,0.001889,1.9239,2.8858,1.9103,2.8627,240.46258,307.718983,204.597869,197.335873,95.448258
2020-12-07,81.4896,-0.3176,0.4621,0.001834,-0.6352,-0.9529,-0.6488,-0.9759,239.698825,305.764234,202.648343,196.0556,94.516788
2020-12-08,81.7492,0.3186,0.4575,0.001815,0.6373,0.9559,0.6237,0.9329,240.46258,307.712754,204.585445,197.278479,95.398533
2020-12-09,81.2479,-0.6133,0.4528,0.001797,-1.2266,-1.8399,-1.2401,-1.8628,238.987852,303.938424,200.821352,194.83207,93.621428
2020-12-10,81.4806,0.2865,0.4481,0.001778,0.573,0.8595,0.5595,0.8366,239.672568,305.680031,202.547451,195.922211,94.404663
2020-12-11,81.2658,-0.2637,0.4434,0.00176,-0.5274,-0.7912,-0.5409,-0.814,239.0405,304.067744,200.944968,194.86245,93.636163
2020-12-14,81.0867,-0.2203,0.4294,0.001704,-0.4407,-0.661,-0.4541,-0.6838,238.513818,302.727828,199.616731,193.977631,92.995908
2020-12-15,82.1342,1.2918,0.4248,0.001686,2.5836,3.8754,2.5702,3.8527,241.594961,310.549159,207.352732,198.963295,96.578753
2020-12-16,82.3311,0.2398,0.4201,0.001667,0.4796,0.7194,0.4662,0.6967,242.174314,312.038573,208.844448,199.890928,97.251628
2020-12-17,82.8594,0.6416,0.4154,0.001648,1.2832,1.9248,1.2698,1.9021,243.728081,316.042592,212.864226,202.429195,99.10146
2020-12-18,82.5997,-0.3134,0.4107,0.00163,-0.6267,-0.9401,-0.64,-0.9627,242.964348,314.061925,210.863168,201.133556,98.147422
2020-12-21,82.0071,-0.7175,0.3967,0.001574,-1.435,-2.1524,-1.4482,-2.175,241.221129,309.555266,206.324468,198.220661,96.012763
2020-12-22,81.926,-0.0988,0.392,0.001556,-0.1977,-0.2965,-0.211,-0.319,240.982687,308.943288,205.712625,197.802498,95.706462
2020-12-23,82.3043,0.4617,0.3874,0.001537,0.9235,1.3852,0.9102,1.3628,242.095386,311.796282,208.562163,199.602947,97.010715
2020-12-24,82.4935,0.2298,0.3827,0.001519,0.4596,0.6895,0.4464,0.6671,242.651781,313.229452,210.000145,200.494022,97.657846
2020-12-28,82.8718,0.4586,0.364,0.001445,0.9171,1.3757,0.904,1.3534,243.764504,316.102189,212.889122,202.306457,98.979595
2020-12-29,83.0339,0.1956,0.3593,0.001426,0.3912,0.5868,0.3781,0.5646,244.241343,317.338874,214.13845,203.071372,99.53846
2020-12-30,83.3221,0.3471,0.3547,0.001407,0.6942,1.0413,0.6811,1.0192,245.089142,319.541937,216.368372,204.454525,100.552922
2020-12-31,83.3851,0.0757,0.35,0.001389,0.1513,0.227,0.1382,0.2049,245.274599,320.025528,216.859546,204.73717,100.758921
2021-01-04,82.9078,-0.5725,0.3467,0.001376,-1.1449,-1.7174,-1.158,-1.7395,243.870473,316.36142,213.13517,202.366263,99.006188
2021-01-05,83.8175,1.0972,0.3459,0.001373,2.1944,3.2916,2.1813,3.2695,246.546253,323.303742,220.150815,206.780577,102.243226
2021-01-06,84.4119,0.7092,0.3451,0.001369,1.4184,2.1276,1.4054,2.1055,248.294791,327.889566,224.834829,209.686568,104.395993
2021-01-07,85.2676,1.0137,0.3442,0.001366,2.0274,3.041,2.0143,3.0189,250.811707,334.537072,231.672151,213.910261,107.547651
2021-01-08,86.0421,0.9084,0.3434,0.001363,1.8168,2.7252,1.8037,2.7031,253.090092,340.61497,237.98571,217.768645,110.454795
2021-01-11,85.2676,-0.9002,0.341,0.001353,-1.8005,-2.7007,-1.8135,-2.7228,250.811707,334.482357,231.558478,213.819383,107.447386
2021-01-12,85.5918,0.3802,0.3401,0.00135,0.7605,1.1407,0.7474,1.1187,251.765408,337.026067,234.199952,215.417545,108.649371
2021-01-13,85.6639,0.0842,0.3393,0.001346,0.1684,0.2526,0.1553,0.2305,251.977369,337.593551,234.79147,215.752147,108.89982
2021-01-14,85.808,0.1682,0.3385,0.001343,0.3364,0.5046,0.3234,0.4826,252.401224,338.729293,235.976308,216.449832,109.425352
2021-01-15,84.9163,-1.0391,0.3377,0.00134,-2.0783,-3.1174,-2.0913,-3.1394,249.778451,331.689627,228.620016,211.923209,105.990019
2021-01-19,85.6548,0.8697,0.3344,0.001327,1.7395,2.6092,1.7264,2.5872,251.950866,337.45928,234.585194,215.581936,108.732184
2021-01-20,86.6906,1.2093,0.3336,0.001324,2.4185,3.6278,2.4055,3.6058,254.997606,345.620798,243.095426,220.767737,112.652812
2021-01-21,86.7176,0.0312,0.3327,0.00132,0.0623,0.0935,0.0493,0.0715,255.077049,345.836151,243.322632,220.876536,112.733311
2021-01-22,86.3124,-0.4674,0.3319,0.001317,-0.9347,-1.4021,-0.9478,-1.4241,253.884906,342.603511,239.91101,218.783167,111.12788
2021-01-25,86.5015,0.2191,0.3295,0.001307,0.4383,0.6574,0.4252,0.6354,254.441234,344.104977,241.488132,219.713516,111.833984
2021-01-26,86.2493,-0.2915,0.3286,0.001304,-0.5831,-0.8746,-0.5961,-0.8966,253.699449,342.098605,239.376065,218.403848,110.831305
2021-01-27,84.1777,-2.4018,0.3278,0.001301,-4.8037,-7.2055,-4.8167,-7.2275,247.605991,325.665274,222.127767,207.884012,102.820983
2021-01-28,84.8622,0.8132,0.327,0.001298,1.6263,2.4395,1.6133,2.4176,249.619452,330.961708,227.546605,211.237886,105.306736
2021-01-29,83.196,-1.9635,0.3262,0.001294,-3.9269,-5.8904,-3.9399,-5.9124,244.71825,317.965042,214.143179,202.91524,99.08062
2021-02-01,84.6191,1.7105,0.3237,0.001285,3.421,5.1315,3.408,5.1096,248.904193,328.842724,225.132035,209.830672,104.143255
2021-02-02,85.79,1.3837,0.3229,0.001281,2.7674,4.1511,2.7544,4.1292,252.348307,337.943188,234.477563,215.610319,108.443543
2021-02-03,85.9251,0.1575,0.3221,0.001278,0.315,0.4724,0.302,0.4505,252.745703,339.007568,235.585323,216.261406,108.932099
2021-02-04,86.5195,0.6918,0.3212,0.001275,1.3836,2.0755,1.3707,2.0535,254.494241,343.698192,240.474781,219.2256,111.169059
2021-02-05,87.0509,0.6142,0.3204,0.001271,1.2284,1.8426,1.2154,1.8207,256.057321,347.920119,244.905704,221.890076,113.193075
2021-02-08,87.6544,0.6932,0.3179,0.001262,1.3865,2.0797,1.3735,2.0578,257.832385,352.743886,249.998977,224.937715,115.522361
2021-02-09,87.9246,0.3083,0.3171,0.001258,0.6166,0.9248,0.6036,0.9029,258.627222,354.918739,252.311042,226.295413,116.565468
2021-02-10,87.9156,-0.0103,0.3163,0.001255,-0.0205,-0.0308,-0.0335,-0.0527,258.600674,354.845874,252.233342,226.219622,116.504072
2021-02-11,88.3659,0.5122,0.3155,0.001252,1.0245,1.5367,1.0115,1.5149,259.925335,358.481212,256.109476,228.507891,118.268941
2021-02-12,88.7892,0.4791,0.3147,0.001249,0.9581,1.4372,0.9452,1.4153,261.170552,361.915945,259.790287,230.667702,119.942849
2021-02-16,88.9063,0.1319,0.3114,0.001236,0.2637,0.3956,0.2508,0.3738,261.514963,362.870478,260.818061,231.246222,120.391172
2021-02-17,88.6181,-0.3242,0.3105,0.001232,-0.6484,-0.9726,-0.6613,-0.9944,260.667119,360.517591,258.281307,229.716879,119.193949
2021-02-18,88.1407,-0.5386,0.3097,0.001229,-1.0773,-1.6159,-1.0902,-1.6378,259.263038,356.63374,254.107615,227.212428,117.241825
2021-02-19,88.3659,0.2555,0.3089,0.001226,0.5109,0.7664,0.498,0.7445,259.925335,358.455808,256.054996,228.343889,118.114742
2021-02-22,87.4202,-1.0702,0.3064,0.001216,-2.1404,-3.2107,-2.1534,-3.2325,257.143562,350.783278,247.833944,223.426819,114.296735
2021-02-23,87.5823,0.1854,0.3056,0.001213,0.3709,0.5563,0.358,0.5345,257.620424,352.084304,249.212736,224.226625,114.907704
2021-02-24,88.1407,0.6376,0.3048,0.00121,1.2752,1.9128,1.2623,1.891,259.263038,356.574153,253.979752,227.057047,117.080661
2021-02-25,86.1322,-2.2788,0.304,0.001206,-4.5575,-6.8363,-4.5704,-6.8581,253.35506,340.323227,236.616998,216.679566,109.051208
2021-02-26,85.4207,-0.8261,0.3032,0.001203,-1.6522,-2.4784,-1.6651,-2.5001,251.262043,334.700271,230.752777,213.071528,106.324785
2021-03-01,87.4472,2.3724,0.3007,0.001193,4.7448,7.1173,4.7319,7.0955,257.223028,350.581247,247.176036,223.153935,113.869062
2021-03-02,86.8798,-0.6489,0.2999,0.00119,-1.2977,-1.9466,-1.3106,-1.9683,255.554001,346.031657,242.364528,220.229226,111.627735
2021-03-03,85.9611,-1.0574,0.299,0.001187,-2.1148,-3.1723,-2.1277,-3.194,252.851717,338.713628,234.676081,215.543328,108.062341
2021-03-04,84.7091,-1.4564,0.2982,0.001183,-2.9129,-4.3693,-2.9257,-4.391,249.169116,328.847395,224.422424,209.237082,103.31731
2021-03-05,85.871,1.3716,0.2974,0.00118,2.7432,4.1148,2.7303,4.0931,252.586704,337.868295,233.656915,214.949884,107.546145
2021-03-08,85.2585,-0.7132,0.2949,0.00117,-1.4265,-2.1397,-1.4394,-2.1614,250.785159,333.048683,228.657323,211.855996,105.22162
2021-03-09,86.5825,1.5529,0.2941,0.001167,3.1058,4.6587,3.0929,4.637,254.679631,343.392586,239.309862,218.408596,110.100784
2021-03-10,86.9879,0.4681,0.2933,0.001164,0.9363,1.4044,0.9234,1.3828,255.871909,346.607758,242.670836,220.425437,111.623204
2021-03-11,88.1047,1.2839,0.2925,0.001161,2.5678,3.8517,2.5549,3.83,259.157068,355.508007,252.017846,226.057195,115.898415
2021-03-12,88.1137,0.0102,0.2916,0.001157,0.0205,0.0307,0.0076,0.0091,259.183617,355.580844,252.095297,226.074431,115.908907
2021-03-15,88.483,0.4191,0.2892,0.001148,0.8381,1.2572,0.8253,1.2355,260.269768,358.561084,255.264637,227.940175,117.341007
2021-03-16,88.4109,-0.0814,0.2884,0.001144,-0.1629,-0.2443,-0.1757,-0.2659,260.05783,357.977129,254.641049,227.539659,117.028945
2021-03-17,88.7892,0.4279,0.2875,0.001141,0.8557,1.2836,0.8429,1.262,261.170552,361.040518,257.909684,229.457596,118.505824
2021-03-18,87.4922,-1.4608,0.2867,0.001138,-2.9215,-4.3823,-2.9344,-4.4039,257.355479,350.492651,246.607364,222.724478,113.286923
2021-03-19,87.5823,0.1029,0.2859,0.001134,0.2059,0.3088,0.1931,0.2872,257.620424,351.21431,247.369006,223.154464,113.612299
2021-03-22,87.9733,0.4464,0.2834,0.001125,0.8929,1.3393,0.8801,1.3177,258.770557,354.350265,250.682102,225.118353,115.10939
2021-03-23,86.8807,-1.242,0.2826,0.001121,-2.4841,-3.7261,-2.4969,-3.7477,255.556537,345.547959,241.341427,219.49738,110.795422
2021-03-24,86.1853,-0.8003,0.2818,0.001118,-1.6007,-2.401,-1.6135,-2.4226,253.511253,340.016944,235.546878,215.955845,108.111318
2021-03-25,86.682,0.5763,0.281,0.001115,1.1525,1.7288,1.1397,1.7072,254.972157,343.935761,239.619021,218.417125,109.957003
2021-03-26,88.0365,1.5627,0.2801,0.001112,3.1253,4.688,3.1125,4.6664,258.95653,354.684922,250.852384,225.215405,115.08806
2021-03-29,87.7024,-0.3795,0.2777,0.001102,-0.7591,-1.1386,-0.7719,-1.1601,257.973722,351.992678,247.996232,223.477056,113.752869
2021-03-30,87.6843,-0.0206,0.2768,0.001099,-0.0412,-0.0618,-0.054,-0.0834,257.920581,351.847659,247.842973,223.356369,113.658043
2021-03-31,87.8559,0.1957,0.276,0.001095,0.3913,0.587,0.3785,0.5654,258.425248,353.224562,249.297818,224.201847,114.300719
2021-04-01,89.0118,1.3157,0.2752,0.001092,2.6314,3.9471,2.6186,3.9255,261.825308,362.519204,259.137736,230.072731,118.787599
2021-04-05,90.0322,1.1464,0.2719,0.001079,2.2928,3.4391,2.28,3.4176,264.826829,370.830919,268.049867,235.318344,122.847314
2021-04-06,89.8426,-0.2106,0.2711,0.001076,-0.4213,-0.6319,-0.4341,-0.6535,264.268975,369.26862,266.355939,234.296876,122.044553
2021-04-07,89.7071,-0.1508,0.2703,0.001073,-0.3015,-0.4523,-0.3143,-0.4738,263.870547,368.155156,265.151214,233.560455,121.466296
2021-04-08,90.2761,0.6342,0.2695,0.001069,1.2684,1.9026,1.2556,1.8811,265.544018,372.824846,270.195993,236.493103,123.751199
2021-04-09,90.6102,0.3701,0.2686,0.001066,0.7402,1.1103,0.7274,1.0888,266.526826,375.584578,273.196069,238.213472,125.098647
2021-04-12,90.4205,-0.2093,0.2662,0.001056,-0.4186,-0.6279,-0.4314,-0.6494,265.968972,374.012345,271.480631,237.185885,124.286266
2021-04-13,90.7637,0.3795,0.2653,0.001053,0.759,1.1385,0.7462,1.117,266.978328,376.85111,274.57145,238.95587,125.674585
2021-04-14,90.7276,-0.0398,0.2645,0.00105,-0.0795,-0.1193,-0.0923,-0.1408,266.872157,376.55138,274.243878,238.735334,125.497676
2021-04-15,91.6035,0.9654,0.2637,0.001046,1.9309,2.8963,1.9181,2.8749,269.448656,383.822158,282.186883,243.314596,129.105573
2021-04-16,91.9557,0.3845,0.2629,0.001043,0.769,1.1534,0.7562,1.132,270.484628,386.773585,285.441726,245.154559,130.567027
2021-04-19,91.5403,-0.4517,0.2604,0.001033,-0.9035,-1.3552,-0.9162,-1.3766,269.262772,383.279253,281.573462,242.908461,128.769619
2021-04-20,90.5109,-1.1246,0.2596,0.00103,-2.2492,-3.3738,-2.2619,-3.3952,266.234658,374.65858,272.073785,237.414054,124.397623
2021-04-21,91.432,1.0177,0.2588,0.001027,2.0353,3.053,2.0226,3.0316,268.944034,382.284114,280.38018,242.215981,128.168829
2021-04-22,90.854,-0.6321,0.2579,0.001024,-1.2643,-1.8964,-1.277,-1.9178,267.24397,377.451083,275.063115,239.122928,125.710822
2021-04-23,91.9105,1.1629,0.2571,0.00102,2.3258,3.4888,2.3131,3.4673,270.351796,386.22997,284.659384,244.6541,130.069651
2021-04-26,92.1814,0.2947,0.2547,0.001011,0.5895,0.8842,0.5768,0.8628,271.14863,388.506717,287.176398,246.065173,131.191935
2021-04-27,92.0821,-0.1078,0.2538,0.001007,-0.2155,-0.3233,-0.2282,-0.3446,270.856463,387.669471,286.248085,245.50361,130.739802
2021-04-28,92.2537,0.1863,0.253,0.001004,0.3727,0.559,0.36,0.5377,271.361197,389.114296,287.848333,246.387385,131.44275
2021-04-29,92.4614,0.2251,0.2522,0.001001,0.4503,0.6754,0.4376,0.654,271.972125,390.866358,289.792472,247.465483,132.302434
2021-04-30,91.4861,-1.0548,0.2514,0.000997,-2.1096,-3.1644,-2.1223,-3.1858,269.103324,382.62053,280.622155,242.213443,128.087539
2021-05-03,91.9105,0.4639,0.2489,0.000988,0.9279,1.3918,0.9152,1.3705,270.351796,386.170771,284.527891,244.430135,129.842944
2021-05-04,91.0165,-0.9727,0.2481,0.000984,-1.9454,-2.9181,-1.9581,-2.9394,267.722088,378.658217,276.225096,239.643979,126.026302
2021-05-05,91.4229,0.4465,0.2473,0.000981,0.8929,1.3394,0.8803,1.3181,268.917395,382.039432,279.924909,241.753466,127.687445
2021-05-06,92.0279,0.6618,0.2464,0.000978,1.3236,1.9854,1.3109,1.9641,270.697105,387.096146,285.482582,244.922676,130.195347
2021-05-07,92.8948,0.942,0.2456,0.000975,1.884,2.826,1.8713,2.8047,273.247078,394.389054,293.550338,249.505971,133.846926
2021-05-10,91.9557,-1.011,0.2432,0.000965,-2.0219,-3.0329,-2.0346,-3.0542,270.484628,386.414733,284.647208,244.429487,129.758961
2021-05-11,91.152,-0.874,0.2423,0.000962,-1.748,-2.622,-1.7607,-2.6433,268.120584,379.66018,277.183732,240.125881,126.329046
2021-05-12,89.1834,-2.1597,0.2415,0.000958,-4.3194,-6.4792,-4.3321,-6.5004,262.32993,363.260988,259.224557,229.723377,118.117101
2021-05-13,90.0142,0.9316,0.2407,0.000955,1.8631,2.7947,1.8505,2.7734,264.773687,370.028965,266.469041,233.974306,121.39296
2021-05-14,91.4681,1.6152,0.2399,0.000952,3.2304,4.8456,3.2177,4.8243,269.050272,381.98227,279.380946,241.502925,127.249305
2021-05-17,91.2875,-0.1975,0.2374,0.000942,-0.3949,-0.5924,-0.4076,-0.6136,268.51899,380.4737,277.7259,240.518607,126.468443
2021-05-18,91.1249,-0.1781,0.2366,0.000939,-0.3561,-0.5342,-0.3688,-0.5554,268.040871,379.118776,276.242363,239.63167,125.766018
2021-05-19,90.6463,-0.5252,0.2358,0.000936,-1.0505,-1.5757,-1.0631,-1.5969,266.633019,375.136226,271.889576,237.084104,123.757598
2021-05-20,91.6848,1.1457,0.2349,0.000932,2.2913,3.437,2.2787,3.4157,269.687726,383.731794,281.234363,242.486493,127.984847
2021-05-21,91.5583,-0.1379,0.2341,0.000929,-0.2758,-0.4137,-0.2884,-0.4349,269.315824,382.673454,280.070887,241.787071,127.428207
2021-05-24,92.2898,0.7989,0.2316,0.000919,1.5978,2.3968,1.5852,2.3755,271.467435,388.787945,286.783495,245.619904,130.455328
2021-05-25,92.3079,0.0196,0.2308,0.000916,0.0391,0.0587,0.0265,0.0375,271.520555,388.940097,286.951843,245.685024,130.504255
2021-05-26,92.5336,0.2446,0.23,0.000913,0.4891,0.7337,0.4765,0.7125,272.184624,390.842593,289.057275,246.855786,131.434141
2021-05-27,92.6691,0.1464,0.2292,0.000909,0.2928,0.4391,0.2801,0.418,272.583053,391.986836,290.326656,247.547346,131.983484
2021-05-28,92.931,0.2826,0.2284,0.000906,0.5652,0.8478,0.5526,0.8266,273.353361,394.202313,292.788008,248.915241,133.074473
2021-06-01,93.2831,0.379,0.2251,0.000893,0.7579,1.1369,0.7453,1.1157,274.389266,397.190065,296.116672,250.770466,134.55923
2021-06-02,93.4186,0.1452,0.2242,0.00089,0.2904,0.4356,0.2778,0.4145,274.787716,398.343613,297.406678,251.467184,135.116973
2021-06-03,92.9039,-0.551,0.2234,0.000887,-1.102,-1.653,-1.1146,-1.6741,273.273648,393.953902,292.490585,248.664371,132.854946
2021-06-04,93.7889,0.9526,0.2226,0.000883,1.9052,2.8578,1.8926,2.8366,275.876808,401.459381,300.849235,253.370536,136.623533
2021-06-07,93.8521,0.0674,0.2201,0.000874,0.1348,0.2021,0.1222,0.181,276.062692,402.000382,301.457366,253.680101,136.870857
2021-06-08,93.825,-0.0289,0.2193,0.00087,-0.0577,-0.0866,-0.0703,-0.1077,275.983046,401.768424,301.19645,253.501821,136.723506
2021-06-09,93.5811,-0.2599,0.2185,0.000867,-0.5198,-0.7797,-0.5324,-0.8008,275.26579,399.680101,298.848099,252.152288,135.628661
2021-06-10,94.0417,0.4921,0.2177,0.000864,0.9843,1.4764,0.9717,1.4553,276.6205,403.614122,303.260408,254.602508,137.602527
2021-06-11,94.2133,0.1825,0.2168,0.000861,0.3649,0.5474,0.3523,0.5263,277.125212,405.086962,304.920362,255.49959,138.326706
2021-06-14,94.3758,0.1725,0.2144,0.000851,0.345,0.5176,0.3325,0.4965,277.603308,406.484673,306.498507,256.349082,139.013488
2021-06-15,94.1862,-0.2009,0.2136,0.000847,-0.4018,-0.6028,-0.4144,-0.6238,277.045544,404.851245,304.651046,255.286781,138.14629
2021-06-16,93.5721,-0.652,0.2127,0.000844,-1.304,-1.9559,-1.3165,-1.977,275.239264,399.572151,298.692258,251.925906,135.415148
2021-06-17,93.3283,-0.2606,0.2119,0.000841,-0.5211,-0.7817,-0.5337,-0.8027,274.522098,397.489892,296.357431,250.581454,134.32813
2021-06-18,91.9466,-1.4804,0.2111,0.000838,-2.9609,-4.4413,-2.9734,-4.4623,270.457989,385.720771,283.195336,243.130654,128.333964
2021-06-21,93.2127,1.3769,0.2086,0.000828,2.7539,4.1308,2.7413,4.1098,274.181995,396.342947,294.893504,249.795636,133.608177
2021-06-22,93.4486,0.2531,0.2078,0.000825,0.5063,0.7594,0.4937,0.7384,274.876047,398.349516,297.132943,251.028977,134.594729
2021-06-23,93.3125,-0.1457,0.207,0.000821,-0.2914,-0.437,-0.3039,-0.4581,274.475599,397.18886,295.834325,250.266115,133.978208
2021-06-24,93.9931,0.7294,0.2062,0.000818,1.4589,2.1883,1.4463,2.1673,276.477704,402.983284,302.308033,253.885799,136.8819
2021-06-25,94.3652,0.3959,0.2053,0.000815,0.7917,1.1876,0.7792,1.1666,277.572204,406.173886,305.898298,255.864139,138.478796
2021-06-28,94.2654,-0.1058,0.2029,0.000805,-0.2116,-0.3174,-0.2241,-0.3384,277.278555,405.314489,304.927452,255.29076,138.010252
2021-06-29,94.2836,0.0193,0.2021,0.000802,0.0385,0.0578,0.026,0.0368,277.331966,405.470637,305.103663,255.357179,138.061067
2021-06-30,94.0294,-0.2695,0.2012,0.000799,-0.5391,-0.8086,-0.5516,-0.8296,276.584459,403.284864,302.636577,253.948692,136.915756
2021-07-01,94.3743,0.3668,0.2004,0.000795,0.7335,1.1003,0.721,1.0794,277.598887,406.243117,305.966515,255.779758,138.393561
2021-07-02,94.7736,0.4231,0.1996,0.000792,0.8463,1.2694,0.8338,1.2485,278.773503,409.681026,309.850463,257.912374,140.121341
2021-07-06,94.2927,-0.5075,0.1963,0.000779,-1.015,-1.5225,-1.0275,-1.5435,277.358694,405.522666,305.132879,255.2623,137.958626
2021-07-07,94.5286,0.2502,0.1955,0.000776,0.5004,0.7507,0.488,0.7297,278.052701,407.552063,307.423389,256.507873,138.96537
2021-07-08,93.4486,-1.1425,0.1947,0.000772,-2.2849,-3.4274,-2.2974,-3.4483,274.876047,398.239784,296.886775,250.614839,134.17342
2021-07-09,94.8281,1.4761,0.1938,0.000769,2.9523,4.4284,2.9398,4.4075,278.933602,409.996937,310.034168,257.982424,140.087136
2021-07-12,95.055,0.2393,0.1914,0.000759,0.4785,0.7178,0.4661,0.6969,279.601015,411.958963,312.259655,259.184831,141.063453
2021-07-13,94.6103,-0.4678,0.1905,0.000756,-0.9356,-1.4035,-0.9481,-1.4243,278.292984,408.104504,307.877208,256.727489,139.05423
2021-07-14,94.6829,0.0767,0.1897,0.000753,0.1535,0.2302,0.141,0.2093,278.506538,408.73084,308.585977,257.089514,139.345328
2021-07-15,94.2745,-0.4313,0.1889,0.00075,-0.8626,-1.294,-0.8751,-1.3148,277.305283,405.204964,304.592998,254.839734,137.513181
2021-07-16,93.5485,-0.7701,0.1881,0.000746,-1.5403,-2.3104,-1.5527,-2.3312,275.169673,398.963755,297.555713,250.882806,134.307409
2021-07-19,92.1327,-1.5134,0.1856,0.000737,-3.0268,-4.5402,-3.0392,-4.561,271.005251,386.887908,284.046075,243.25786,128.18159
2021-07-20,93.2399,1.2017,0.1848,0.000733,2.4035,3.6052,2.3911,3.5844,274.262044,396.186725,294.286608,249.074281,132.776138
2021-07-21,94.1928,1.022,0.184,0.00073,2.044,3.066,2.0316,3.0452,277.065024,404.284843,303.309504,254.134422,136.819434
2021-07-22,94.2927,0.106,0.1832,0.000727,0.212,0.318,0.1996,0.2972,277.358694,405.141874,304.273969,254.641557,137.226009
2021-07-23,94.9098,0.6544,0.1823,0.000724,1.3089,1.9633,1.2965,1.9425,279.173862,410.444756,310.24791,257.942896,139.891666
2021-07-26,94.8008,-0.1147,0.1799,0.000714,-0.2295,-0.3442,-0.2419,-0.365,278.85353,409.502845,309.17995,257.318918,139.381033
2021-07-27,94.1837,-0.651,0.179,0.00071,-1.3019,-1.9529,-1.3144,-1.9737,277.038273,404.171352,303.14193,253.936822,136.630069
2021-07-28,94.6829,0.53,0.1782,0.000707,1.06,1.59,1.0476,1.5692,278.506538,408.455457,307.961761,256.596959,138.77404
2021-07-29,95.1457,0.4888,0.1774,0.000704,0.9777,1.4665,0.9652,1.4457,279.867958,412.448753,312.477979,259.073755,140.780314
2021-07-30,94.6103,-0.5628,0.1766,0.000701,-1.1255,-1.6883,-1.1379,-1.709,278.292984,407.80659,307.20251,256.125704,138.374329
2021-08-02,94.6829,0.0767,0.1741,0.000691,0.1535,0.2302,0.1411,0.2095,278.506538,408.432469,307.909727,256.487039,138.664175
2021-08-03,95.3817,0.738,0.1733,0.000688,1.476,2.2141,1.4636,2.1933,280.561965,414.461076,314.72701,260.241088,141.705513
2021-08-04,95.0731,-0.3235,0.1725,0.000684,-0.647,-0.9705,-0.6594,-0.9912,279.654381,411.779614,311.6727,258.525146,140.300932
2021-08-05,95.545,0.4964,0.1716,0.000681,0.9927,1.4891,0.9803,1.4684,281.042485,415.867464,316.313792,261.059572,142.361061
2021-08-06,95.4634,-0.0855,0.1708,0.000678,-0.1709,-0.2564,-0.1833,-0.2771,280.80227,415.156557,315.502704,260.580972,141.966522
2021-08-09,95.418,-0.0475,0.1684,0.000668,-0.095,-0.1426,-0.1074,-0.1633,280.668832,414.761991,315.052922,260.301069,141.734745
2021-08-10,95.4906,0.0761,0.1675,0.000665,0.1521,0.2282,0.1398,0.2075,280.882341,415.393023,315.77192,260.664898,142.028873
2021-08-11,95.8717,0.3992,0.1667,0.000662,0.7983,1.1975,0.786,1.1768,282.003546,418.709293,319.553345,262.713665,143.700311
2021-08-12,95.8717,0.0,0.1659,0.000658,0.0,0.0,-0.0124,-0.0207,282.003546,418.709293,319.553345,262.681181,143.670591
2021-08-13,96.0895,0.2272,0.1651,0.000655,0.4543,0.6815,0.442,0.6608,282.644187,420.611696,321.731177,263.8422,144.620037
2021-08-16,95.8717,-0.2267,0.1626,0.000645,-0.4533,-0.68,-0.4657,-0.7006,282.003546,418.704981,319.543472,262.613563,143.606778
2021-08-17,94.9733,-0.9371,0.1618,0.000642,-1.8743,-2.8114,-1.8866,-2.8321,279.360755,410.857209,310.559684,257.658978,139.5397
2021-08-18,94.338,-0.6689,0.161,0.000639,-1.3378,-2.0067,-1.3501,-2.0273,277.49211,405.360757,304.327678,254.180206,136.71075
2021-08-19,93.848,-0.5195,0.1601,0.000635,-1.0389,-1.5584,-1.0513,-1.579,276.050618,401.149291,299.584994,251.508049,134.552019
2021-08-20,94.4197,0.6092,0.1593,0.000632,1.2184,1.8277,1.2061,1.807,277.73237,406.037044,305.060376,254.541484,136.98341
2021-08-23,95.4089,1.0477,0.1568,0.000622,2.0953,3.143,2.083,3.1224,280.642059,414.544814,314.648357,259.843558,141.260536
2021-08-24,95.9262,0.5422,0.156,0.000619,1.0844,1.6266,1.0721,1.606,282.163712,419.040174,319.766468,262.629297,143.529194
2021-08-25,96.0986,0.1798,0.1552,0.000616,0.3595,0.5393,0.3472,0.5187,282.670915,420.546663,321.490855,263.541112,144.273633
2021-08-26,95.4634,-0.6611,0.1544,0.000613,-1.3221,-1.9832,-1.3345,-2.0038,280.80227,414.986469,315.11504,260.024278,141.382689
2021-08-27,96.4798,1.0647,0.1536,0.000609,2.1295,3.1942,2.1172,3.1737,283.792098,423.823565,325.180556,265.529445,145.869682
2021-08-30,96.7067,0.2351,0.1511,0.0006,0.4703,0.7054,0.458,0.6849,284.459421,425.816767,327.474496,266.745529,146.868702
2021-08-31,96.752,0.0469,0.1503,0.000596,0.0939,0.1408,0.0815,0.1202,284.592904,426.216396,327.935498,266.963053,147.045264
2021-09-01,97.224,0.4878,0.1495,0.000593,0.9755,1.4633,0.9632,1.4427,285.981052,430.374276,332.734174,269.534529,149.166756
2021-09-02,97.5235,0.3081,0.1486,0.00059,0.6161,0.9242,0.6038,0.9036,286.86202,433.025821,335.809148,271.161995,150.514639
2021-09-03,97.6959,0.1768,0.1478,0.000587,0.3536,0.5304,0.3413,0.5099,287.3692,434.557025,337.590309,272.087506,151.282069
2021-09-07,97.4327,-0.2694,0.1445,0.000573,-0.5388,-0.8082,-0.5511,-0.8287,286.595032,432.215646,334.86192,270.588095,150.028383
2021-09-08,96.9426,-0.503,0.1437,0.00057,-1.006,-1.5089,-1.0182,-1.5294,285.153518,427.867733,329.809059,267.832871,147.733783
2021-09-09,96.6885,-0.2621,0.1429,0.000567,-0.5243,-0.7864,-0.5365,-0.8069,284.406033,425.624557,327.215432,266.395835,146.541717
2021-09-10,96.1984,-0.5069,0.1421,0.000564,-1.0137,-1.5206,-1.026,-1.541,282.964519,421.309994,322.239949,263.662689,144.283443
2021-09-13,96.5433,0.3585,0.1396,0.000554,0.717,1.0755,0.7047,1.055,283.978924,424.330721,325.705564,265.520784,145.805638
2021-09-14,95.9716,-0.5922,0.1388,0.000551,-1.1844,-1.7766,-1.1967,-1.7971,282.297195,419.30493,319.919058,262.343399,143.185405
2021-09-15,96.5524,0.6052,0.1379,0.000547,1.2104,1.8156,1.1981,1.7951,284.005652,424.38018,325.72749,265.486647,145.755775
2021-09-16,96.3346,-0.2256,0.1371,0.000544,-0.4512,-0.6768,-0.4634,-0.6972,283.364944,422.465403,323.522997,264.256264,144.739502
2021-09-17,95.3817,-0.9892,0.1363,0.000541,-1.9784,-2.9675,-1.9906,-2.988,280.561965,414.107547,313.922357,258.995979,140.41472
2021-09-20,93.6615,-1.8034,0.1338,0.000531,-3.6069,-5.4103,-3.6191,-5.4308,275.50219,399.17116,296.938125,249.622595,132.789139
2021-09-21,93.9531,0.3113,0.133,0.000528,0.6226,0.9338,0.6103,0.9134,276.359774,401.656241,299.711053,251.146107,134.002061
2021-09-22,94.8551,0.9601,0.1322,0.000525,1.9201,2.8802,1.9079,2.8598,279.013,409.368543,308.343294,255.937708,137.834216
2021-09-23,95.9211,1.1238,0.1314,0.000521,2.2476,3.3714,2.2354,3.351,282.148587,418.569623,318.738907,261.658939,142.453087
2021-09-24,95.5748,-0.3609,0.1305,0.000518,-0.7219,-1.0828,-0.7341,-1.1032,281.130186,415.548014,315.287494,259.738065,140.881494
2021-09-27,95.5111,-0.0667,0.1281,0.000508,-0.1334,-0.2002,-0.1457,-0.2205,280.942619,414.993516,314.656425,259.359751,140.570797
2021-09-28,93.5248,-2.0796,0.1273,0.000505,-4.1592,-6.2388,-4.1714,-6.2591,275.100171,397.733207,295.025755,248.540852,131.772276
2021-09-29,93.4155,-0.1169,0.1264,0.000502,-0.2338,-0.3507,-0.246,-0.371,274.778605,396.803382,293.991184,247.929469,131.283348
2021-09-30,92.7777,-0.6827,0.1256,0.000498,-1.3654,-2.0482,-1.3776,-2.0685,272.902644,391.385291,287.969797,244.513894,128.567733
2021-10-01,93.5248,0.8052,0.1248,0.000495,1.6105,2.4157,1.5983,2.3954,275.100171,397.68849,294.92636,248.421918,131.647408
2021-10-04,92.4315,-1.169,0.1223,0.000485,-2.338,-3.507,-2.3502,-3.5274,271.884221,388.390449,284.583199,242.583474,127.00372
2021-10-05,93.1513,0.7787,0.1215,0.000482,1.5575,2.3362,1.5453,2.3158,274.001452,394.439438,291.231563,246.332024,129.944931
2021-10-06,93.1513,0.0,0.1207,0.000479,0.0,0.0,-0.0122,-0.0203,274.001452,394.439438,291.231563,246.302008,129.918522
2021-10-07,94.0715,0.9879,0.1199,0.000476,1.9757,2.9636,1.9635,2.9433,276.708202,402.232455,299.862441,251.13824,133.742366
2021-10-08,93.9804,-0.0968,0.119,0.000472,-0.1937,-0.2905,-0.2059,-0.3108,276.440227,401.453379,298.991244,250.62123,133.326638
2021-10-11,93.4884,-0.5235,0.1166,0.000463,-1.047,-1.5706,-1.0592,-1.5908,274.993012,397.250017,294.295425,247.966637,131.205619
2021-10-12,93.4155,-0.078,0.1158,0.000459,-0.1559,-0.2339,-0.1681,-0.2542,274.778605,396.630559,293.607054,247.5498,130.87211
2021-10-13,94.0806,0.712,0.1149,0.000456,1.424,2.136,1.4118,2.1157,276.73502,402.278552,299.878472,251.044785,133.640988
2021-10-14,95.3835,1.3848,0.1141,0.000453,2.7697,4.1545,2.7575,4.1343,280.567373,413.420428,312.337036,257.967426,139.166063
2021-10-15,96.0577,0.7069,0.1133,0.00045,1.4137,2.1206,1.4016,2.1003,282.550606,419.265076,318.960439,261.583031,142.08901
2021-10-18,96.1488,0.0948,0.1108,0.00044,0.1897,0.2845,0.1775,0.2643,282.818558,420.060284,319.867883,262.047395,142.464489
2021-10-19,96.8413,0.7202,0.11,0.000437,1.4404,2.1606,1.4283,2.1404,284.855426,426.110858,326.778978,265.790122,145.513757
2021-10-20,97.1966,0.3669,0.1092,0.000433,0.7338,1.1006,0.7216,1.0804,285.900509,429.237506,330.375657,267.708128,147.085909
2021-10-21,97.151,-0.0469,0.1084,0.00043,-0.0937,-0.1406,-0.1059,-0.1608,285.766533,428.835214,329.911203,267.424736,146.849382
2021-10-22,97.2057,0.0563,0.1075,0.000427,0.1126,0.1689,0.1004,0.1487,285.927394,429.318007,330.468337,267.693362,147.067681
2021-10-25,97.5246,0.328,0.1051,0.000417,0.6561,0.9841,0.644,0.9639,286.865364,432.134717,333.720588,269.417216,148.485318
2021-10-26,97.479,-0.0467,0.1042,0.000414,-0.0935,-0.1402,-0.1056,-0.1604,286.731298,431.730801,333.252696,269.132739,148.247152
2021-10-27,96.905,-0.5888,0.1034,0.00041,-1.1777,-1.7665,-1.1898,-1.7867,285.042926,426.646444,327.365778,265.930638,145.598437
2021-10-28,97.7797,0.9026,0.1026,0.000407,1.8052,2.7078,1.7931,2.6876,287.615722,434.348261,336.230183,270.699001,149.511568
2021-10-29,97.5519,-0.2329,0.1018,0.000404,-0.4659,-0.6988,-0.478,-0.719,286.94575,432.32472,333.88054,269.405087,148.436591
2021-11-01,98.1533,0.6164,0.0993,0.000394,1.2328,1.8492,1.2207,1.8291,288.714508,437.654492,340.054744,272.693759,151.151603
2021-11-02,98.1715,0.0186,0.0985,0.000391,0.0372,0.0557,0.0251,0.0356,288.768143,437.817101,340.244263,272.762089,151.205391
2021-11-03,98.8275,0.6682,0.0977,0.000388,1.3364,2.0046,1.3243,1.9845,290.697717,443.668167,347.06489,276.374343,154.206041
2021-11-04,98.9915,0.1659,0.0968,0.000384,0.3319,0.4978,0.3198,0.4777,291.1801,445.140608,348.792644,277.258156,154.94266
2021-11-05,99.3104,0.3221,0.096,0.000381,0.6443,0.9664,0.6322,0.9463,292.118114,448.008581,352.16347,279.010974,156.408882
2021-11-08,99.5199,0.211,0.0936,0.000371,0.422,0.633,0.4099,0.6129,292.734495,449.899214,354.392708,280.154725,157.36752
2021-11-09,99.2466,-0.2746,0.0927,0.000368,-0.5493,-0.8239,-0.5614,-0.844,291.930502,447.427925,351.472697,278.582013,156.039261
2021-11-10,98.2899,-0.9639,0.0919,0.000365,-1.9278,-2.8917,-1.9399,-2.9118,289.116549,438.802301,341.309034,273.177814,151.495662
2021-11-11,98.5997,0.3152,0.0911,0.000361,0.6303,0.9455,0.6182,0.9254,290.027723,441.568143,344.536023,274.866731,152.897582
2021-11-12,99.2557,0.6653,0.0903,0.000358,1.3306,1.9959,1.3185,1.9758,291.957298,447.44371,351.412689,278.490984,155.918592
2021-11-15,99.201,-0.0551,0.0878,0.000348,-0.1102,-0.1652,-0.1222,-0.1853,291.796481,446.950786,350.831991,278.150614,155.629661
2021-11-16,99.3741,0.1745,0.087,0.000345,0.349,0.5235,0.337,0.5035,292.305681,448.510691,352.668652,279.087868,156.413195
2021-11-17,99.0097,-0.3667,0.0862,0.000342,-0.7335,-1.1002,-0.7455,-1.1203,291.233668,445.220919,348.78848,277.007167,154.660928
2021-11-18,99.0461,0.0368,0.0853,0.000339,0.0737,0.1105,0.0616,0.0904,291.340916,445.54883,349.17381,277.17782,154.800795
2021-11-19,98.5997,-0.4507,0.0845,0.000335,-0.9015,-1.3522,-0.9135,-1.3723,290.027723,441.532287,344.4522,274.645735,152.676527
2021-11-22,98.0348,-0.5729,0.0821,0.000326,-1.1458,-1.7187,-1.1578,-1.7387,288.366169,436.473254,338.532152,271.465826,150.021938
2021-11-23,98.0166,-0.0186,0.0812,0.000322,-0.0372,-0.0558,-0.0492,-0.0758,288.312534,436.310888,338.343253,271.332188,149.908208
2021-11-24,98.0713,0.0558,0.0804,0.000319,0.1116,0.1673,0.0995,0.1473,288.47335,436.797624,338.909422,271.60225,150.129071
2021-11-26,95.6021,-2.5177,0.0788,0.000313,-5.0354,-7.553,-5.0474,-7.573,281.210527,414.80333,313.311504,257.89348,138.759772
2021-11-29,96.4495,0.8863,0.0763,0.000303,1.7726,2.659,1.7606,2.639,283.70296,422.156322,321.642356,262.434045,142.421638
2021-11-30,95.0008,-1.502,0.0755,0.0003,-3.004,-4.506,-3.016,-4.5259,279.441769,409.47483,307.149247,254.519071,135.975728
2021-12-01,93.9986,-1.0549,0.0747,0.000296,-2.1099,-3.1648,-2.1219,-3.1848,276.493817,400.835375,297.428496,249.118459,131.64519
2021-12-02,95.4473,1.5411,0.0738,0.000293,3.0823,4.6234,3.0703,4.6034,280.75494,413.190146,311.179756,256.767033,137.705387
2021-12-03,94.5635,-0.9259,0.073,0.00029,-1.8518,-2.7777,-1.8638,-2.7977,278.155416,405.53865,302.53607,251.981394,133.85286
2021-12-06,95.6021,1.0983,0.0705,0.00028,2.1967,3.295,2.1847,3.2751,281.210527,414.447091,312.504755,257.48645,138.236695
2021-12-07,97.5793,2.0681,0.0697,0.000277,4.1361,6.2042,4.1242,6.1843,287.026158,431.589203,331.893206,268.105595,146.785656
2021-12-08,97.9437,0.3735,0.0689,0.000273,0.7469,1.1204,0.735,1.1005,288.098104,434.812883,335.611734,270.076045,148.401012
2021-12-09,97.069,-0.893,0.0681,0.00027,-1.786,-2.679,-1.798,-2.6989,285.525353,427.04702,326.620574,265.220076,144.395756
2021-12-10,97.561,0.5068,0.0673,0.000267,1.0137,1.5205,1.0017,1.5006,286.972478,431.375815,331.586795,267.876744,146.56254
2021-12-13,96.577,-1.0086,0.0648,0.000257,-2.0172,-3.0257,-2.0291,-3.0456,284.078139,422.674298,321.553868,262.441208,142.098815
2021-12-14,95.9757,-0.6226,0.064,0.000254,-1.2453,-1.8679,-1.2572,-1.8878,282.309358,417.410831,315.547512,259.141699,139.41629
2021-12-15,97.1875,1.2626,0.0632,0.000251,2.5251,3.7877,2.5132,3.7678,285.873714,427.951046,327.499545,265.654409,144.669282
2021-12-16,96.6408,-0.5625,0.0623,0.000247,-1.1249,-1.6874,-1.1369,-1.7073,284.26575,423.136824,321.973252,262.634183,142.199372
2021-12-17,95.757,-0.9145,0.0615,0.000244,-1.829,-2.7436,-1.841,-2.7634,281.666092,415.397508,313.139752,257.799129,138.269829
2021-12-20,94.8804,-0.9155,0.059,0.000234,-1.8309,-2.7464,-1.8429,-2.7662,279.087529,407.791845,304.539668,253.048208,134.444956
2021-12-21,96.4868,1.6931,0.0582,0.000231,3.3862,5.0794,3.3743,5.0595,283.812811,421.600644,320.008321,261.586813,141.247237
2021-12-22,97.3773,0.9228,0.0574,0.000228,1.8457,2.7685,1.8337,2.7487,286.431949,429.382041,328.867814,266.38365,145.129698
2021-12-23,98.0015,0.641,0.0566,0.000225,1.2821,1.9231,1.2701,1.9033,288.268054,434.886948,335.192205,269.767048,147.891902
2021-12-27,99.0388,1.0584,0.0533,0.000211,2.1169,3.1753,2.105,3.1555,291.319215,444.093033,345.835688,275.445574,152.558704
2021-12-28,98.9286,-0.1112,0.0525,0.000208,-0.2225,-0.3337,-0.2344,-0.3535,290.995159,443.105035,344.681589,274.799957,152.019417
2021-12-29,98.9653,0.0371,0.0516,0.000205,0.0743,0.1114,0.0623,0.0916,291.103192,443.434047,345.065485,274.971267,152.15867
2021-12-30,98.8827,-0.0835,0.0508,0.000202,-0.1669,-0.2504,-0.1789,-0.2702,290.860195,442.693736,344.201357,274.479461,151.747549
2021-12-31,98.6165,-0.2692,0.05,0.000198,-0.5385,-0.8077,-0.5504,-0.8274,290.077117,440.310023,341.421297,272.968833,150.491919
2022-01-03,99.1856,0.5771,0.0662,0.000263,1.1543,1.7314,1.1423,1.7115,291.751239,445.392344,347.332629,276.08693,153.067587
2022-01-04,99.2224,0.037,0.0716,0.000284,0.074,0.111,0.062,0.0911,291.859228,445.72206,347.718315,276.258208,153.207045
2022-01-05,97.5333,-1.7023,0.077,0.000306,-3.4045,-5.1068,-3.4165,-5.1268,286.891015,430.547332,329.961069,266.819739,145.352478
2022-01-06,97.4415,-0.0941,0.0824,0.000327,-0.1883,-0.2824,-0.2003,-0.3024,286.62093,429.736681,329.029174,266.285253,144.912867
2022-01-07,97.3038,-0.1413,0.0878,0.000348,-0.2826,-0.4239,-0.2947,-0.444,286.215926,428.52222,327.63439,265.500616,144.269496
2022-01-10,96.9825,-0.3302,0.104,0.000413,-0.6604,-0.9906,-0.6725,-1.0107,285.270888,425.692398,324.389003,263.71516,142.811304
2022-01-11,98.1024,1.1547,0.1094,0.000434,2.3095,3.4642,2.2974,3.444,288.565046,435.523744,335.626627,269.773633,147.72974
2022-01-12,98.6441,0.5521,0.1148,0.000455,1.1042,1.6563,1.092,1.636,290.158199,440.332751,341.185557,272.719636,150.14661
2022-01-13,97.4231,-1.2377,0.1202,0.000477,-2.4754,-3.7131,-2.4876,-3.7334,286.566935,429.432829,328.517083,265.935554,144.541047
2022-01-14,97.414,-0.0094,0.1256,0.000498,-0.0188,-0.0283,-0.031,-0.0486,286.539938,429.351916,328.424235,265.852991,144.470765
2022-01-18,95.7433,-1.715,0.1472,0.000584,-3.4301,-5.1451,-3.4424,-5.1656,281.625675,414.624835,311.526452,256.701367,137.007923
2022-01-19,95.2017,-0.5657,0.1525,0.000605,-1.1313,-1.697,-1.1437,-1.7176,280.03259,409.93398,306.239774,253.765574,134.654676
2022-01-20,94.4214,-0.8196,0.1579,0.000627,-1.6392,-2.4588,-1.6515,-2.4794,277.737486,403.21447,298.710094,249.57463,131.316086
2022-01-21,92.815,-1.7013,0.1633,0.000648,-3.4027,-5.104,-3.415,-5.1247,273.012226,389.494368,283.463866,241.051568,124.586553
2022-01-24,92.6957,-0.1286,0.1795,0.000712,-0.2572,-0.3858,-0.2696,-0.4065,272.661172,388.492702,282.370386,240.401718,124.080051
2022-01-25,91.7777,-0.9903,0.1849,0.000734,-1.9806,-2.9708,-1.993,-2.9917,269.961065,380.798376,273.98162,235.610515,120.367984
2022-01-26,91.3646,-0.4501,0.1903,0.000755,-0.9002,-1.3504,-0.9127,-1.3712,268.745919,377.370285,270.281891,233.460099,118.717459
2022-01-27,90.6761,-0.7535,0.1957,0.000777,-1.507,-2.2606,-1.5195,-2.2815,266.720856,371.683138,264.171979,229.912603,116.008934
2022-01-28,92.1724,1.6501,0.2011,0.000798,3.3002,4.9504,3.2877,4.9294,271.122082,383.949607,277.249478,237.471541,121.727492
2022-01-31,94.1001,2.0914,0.2173,0.000862,4.1829,6.2743,4.1703,6.2532,276.792425,400.009724,294.644961,247.374823,129.339376
2022-02-01,94.8437,0.7901,0.2227,0.000884,1.5803,2.3704,1.5677,2.3493,278.979495,406.331061,301.629353,251.252932,132.377961
2022-02-02,95.4036,0.5904,0.2281,0.000905,1.1808,1.7712,1.1682,1.75,280.626574,411.128973,306.971762,254.188012,134.694585
2022-02-03,93.5585,-1.934,0.2335,0.000927,-3.868,-5.802,-3.8806,-5.8232,275.199251,395.226488,289.161242,244.323898,126.851017
2022-02-04,93.9716,0.4416,0.2389,0.000948,0.8831,1.3247,0.8704,1.3034,276.414396,398.716743,292.991627,246.450611,128.504384
2022-02-07,93.8615,-0.1172,0.2551,0.001012,-0.2345,-0.3517,-0.2472,-0.3731,276.09034,397.781865,291.961153,245.841409,128.024938
2022-02-08,94.5775,0.7628,0.2605,0.001034,1.5257,2.2885,1.5129,2.2671,278.196462,403.850729,298.642727,249.560833,130.927368
2022-02-09,96.1196,1.6306,0.2659,0.001055,3.2612,4.8918,3.2484,4.8703,282.732719,417.021067,313.251685,257.667637,137.303936
2022-02-10,94.7335,-1.4421,0.2713,0.001077,-2.8842,-4.3263,-2.897,-4.3478,278.65546,404.993433,299.699576,250.203104,131.334254
2022-02-11,93.0904,-1.7345,0.2767,0.001098,-3.469,-5.2034,-3.4818,-5.225,273.822234,390.944362,284.104877,241.491615,124.472033
2022-02-14,92.6222,-0.5029,0.2929,0.001162,-1.0058,-1.5087,-1.0187,-1.5304,272.445149,387.012151,279.818486,239.031558,122.567081
2022-02-15,94.247,1.7542,0.2983,0.001184,3.5084,5.2626,3.4955,5.2409,277.224426,400.590212,294.54435,247.387008,128.99072
2022-02-16,94.5316,0.3019,0.3037,0.001205,0.6039,0.9058,0.591,0.884,278.061453,403.009225,297.212314,248.848945,130.131022
2022-02-17,92.7048,-1.9324,0.3091,0.001226,-3.8649,-5.7973,-3.8778,-5.8191,272.688124,387.433523,279.982099,239.199123,122.558577
2022-02-18,92.0531,-0.703,0.3145,0.001248,-1.4061,-2.1091,-1.419,-2.131,270.771027,381.985926,274.076971,235.804823,119.94689
2022-02-22,90.9607,-1.1867,0.3361,0.001334,-2.3733,-3.56,-2.3864,-3.582,267.557905,372.920203,264.319913,230.177687,115.65039
2022-02-23,89.6939,-1.3927,0.3415,0.001355,-2.7853,-4.178,-2.7984,-4.2001,263.831701,362.533091,253.276583,223.736381,110.792967
2022-02-24,90.0703,0.4196,0.3468,0.001376,0.8392,1.2588,0.8261,1.2367,264.938723,365.575425,256.464783,225.584679,112.163104
2022-02-25,92.0622,2.2116,0.3522,0.001398,4.4231,6.6347,4.41,6.6125,270.798025,381.745329,273.480469,235.533039,119.579941
2022-02-28,91.4931,-0.6182,0.3684,0.001462,-1.2364,-1.8546,-1.2496,-1.8769,269.123948,377.025421,268.40849,232.589887,117.335554
2022-03-01,89.9693,-1.6655,0.3738,0.001483,-3.331,-4.9965,-3.3442,-5.0188,264.641708,364.466758,254.997517,224.811673,111.446704
2022-03-02,91.3095,1.4896,0.3792,0.001505,2.9793,4.4689,2.9661,4.4466,268.583936,375.325295,266.393207,231.479774,116.402256
2022-03-03,90.3549,-1.0455,0.3846,0.001526,-2.0911,-3.1366,-2.1043,-3.159,265.775795,367.476975,258.037499,226.608736,112.72508
2022-03-04,89.033,-1.463,0.39,0.001548,-2.9259,-4.3889,-2.9392,-4.4114,261.887561,356.724784,246.712427,219.948243,107.752343
2022-03-07,86.1965,-3.1859,0.4062,0.001612,-6.3718,-9.5576,-6.3851,-9.5802,253.54413,333.995116,223.13252,205.904362,97.429412
2022-03-08,86.1047,-0.1065,0.4116,0.001633,-0.213,-0.3195,-0.2264,-0.3422,253.274068,333.283606,222.419512,205.438257,97.096031
2022-03-09,88.7025,3.0171,0.417,0.001655,6.0341,9.0512,6.0208,9.0285,260.915526,353.39441,242.551173,217.807243,105.862383
2022-03-10,88.014,-0.7762,0.4224,0.001676,-1.5523,-2.3285,-1.5657,-2.3512,258.890372,347.908513,236.90333,214.396977,103.373311
2022-03-11,86.8941,-1.2724,0.4278,0.001698,-2.5448,-3.8173,-2.5583,-3.84,255.596191,339.054776,227.860091,208.912166,99.403744
2022-03-14,86.3525,-0.6233,0.444,0.001762,-1.2466,-1.8698,-1.26,-1.8927,254.003106,334.828241,223.599459,206.279805,97.522295
2022-03-15,87.7203,1.5839,0.4494,0.001783,3.1679,4.7518,3.1544,4.7289,258.02637,345.435218,234.224522,212.786688,102.134024
2022-03-16,90.5017,3.1708,0.4548,0.001805,6.3416,9.5123,6.328,9.4894,266.207818,367.341197,256.504753,226.251932,111.825894
2022-03-17,91.4472,1.0447,0.4602,0.001826,2.0895,3.1342,2.0759,3.1112,268.988962,375.016619,264.544072,230.948742,115.304979
2022-03-18,92.4203,1.0641,0.4656,0.001848,2.1281,3.1922,2.1146,3.1691,271.851165,382.997419,272.988792,235.832304,118.95913
2022-03-21,92.1874,-0.252,0.4818,0.001912,-0.5039,-0.7559,-0.5175,-0.7791,271.166202,381.0674,270.925304,234.61177,118.032348
2022-03-22,93.2366,1.1381,0.4872,0.001933,2.2761,3.4142,2.2625,3.3909,274.252237,389.740955,280.175186,239.919818,122.034766
2022-03-23,92.0954,-1.2239,0.4926,0.001955,-2.4479,-3.6718,-2.4615,-3.6951,270.895556,380.200569,269.887662,234.014096,117.525468
2022-03-24,93.1353,1.1292,0.498,0.001976,2.2584,3.3876,2.2447,3.3643,273.954504,388.787007,279.030364,239.267044,121.479352
2022-03-25,93.347,0.2273,0.5034,0.001997,0.4545,0.6818,0.4408,0.6584,274.577102,390.554146,280.932763,240.321787,122.279208
2022-03-28,93.6507,0.3253,0.5196,0.002062,0.6507,0.976,0.6369,0.9526,275.470435,393.095471,283.674797,241.852467,123.443988
2022-03-29,95.1692,1.6215,0.525,0.002083,3.2429,4.8644,3.2291,4.8408,279.937078,405.843244,297.473818,249.662199,129.419724
2022-03-30,94.6446,-0.5512,0.5304,0.002105,-1.1024,-1.6536,-1.1162,-1.6772,278.394061,401.369215,292.554776,246.875434,127.249124
2022-03-31,93.2182,-1.5072,0.5358,0.002126,-3.0143,-4.5215,-3.0282,-4.5451,274.198175,389.270543,279.326841,239.399597,121.465471
2022-04-01,93.8164,0.6417,0.5412,0.002147,1.2834,1.9251,1.2696,1.9015,275.957732,394.266518,284.704244,242.438933,123.7751
2022-04-04,94.5802,0.8142,0.5573,0.002212,1.6284,2.4426,1.6145,2.4188,278.204608,400.686836,291.658518,246.353116,126.769025
2022-04-05,93.2182,-1.4401,0.5627,0.002233,-2.8802,-4.3203,-2.8941,-4.3441,274.198175,389.146229,279.057969,239.223298,121.262
2022-04-06,92.1782,-1.1156,0.5681,0.002255,-2.2312,-3.3469,-2.2452,-3.3707,271.13916,380.463426,269.718271,233.852244,117.174573
2022-04-07,92.3899,0.2296,0.5735,0.002276,0.4592,0.6889,0.4453,0.665,271.761757,382.210688,271.576275,234.893502,117.953727
2022-04-08,92.169,-0.2391,0.5789,0.002297,-0.4781,-0.7172,-0.4921,-0.7412,271.112073,380.383231,269.628552,233.737517,117.079511
2022-04-11,90.8806,-1.3979,0.5951,0.002362,-2.7958,-4.1937,-2.8099,-4.2178,267.322201,369.748488,258.321151,227.169808,112.14135
2022-04-12,90.5033,-0.4152,0.6005,0.002383,-0.8304,-1.2456,-0.8445,-1.2697,266.212284,366.67811,255.103517,225.251391,110.717463
2022-04-13,91.6168,1.2304,0.6059,0.002404,2.4609,3.6913,2.4467,3.6671,269.487839,375.701542,264.520124,230.762726,114.777599
2022-04-14,90.7425,-0.9543,0.6113,0.002426,-1.9086,-2.8629,-1.9227,-2.8871,266.916143,368.530976,256.947255,226.325822,111.463869
2022-04-18,90.4848,-0.284,0.6329,0.002512,-0.568,-0.8519,-0.5822,-0.8763,266.158155,366.437869,254.758221,225.008204,110.487081
2022-04-19,91.5156,1.1391,0.6383,0.002533,2.2783,3.4174,2.264,3.393,269.190039,374.786266,263.464292,230.102431,114.235858
2022-04-20,91.5892,0.0805,0.6437,0.002554,0.1609,0.2414,0.1467,0.2169,269.406623,375.389355,264.100224,230.439886,114.483635
2022-04-21,90.1904,-1.5273,0.6491,0.002576,-3.0546,-4.582,-3.0689,-4.6065,265.291909,363.922526,251.99922,223.367844,109.209957
2022-04-22,88.1473,-2.2653,0.6545,0.002597,-4.5306,-6.7959,-4.5449,-6.8205,259.282248,347.434643,234.873596,213.215986,101.761332
2022-04-25,88.2485,0.1148,0.6707,0.002661,0.2297,0.3445,0.2153,0.3199,259.580025,348.232679,235.682831,213.675095,102.086818
2022-04-26,85.8373,-2.7323,0.6761,0.002683,-5.4646,-8.1969,-5.479,-8.2216,252.487512,329.203134,216.364122,201.967846,93.693607
2022-04-27,86.1594,0.3753,0.6815,0.002704,0.7505,1.1258,0.7361,1.101,253.434974,331.673811,218.799849,203.454514,94.725155
2022-04-28,87.9448,2.0722,0.6869,0.002726,4.1444,6.2166,4.13,6.1918,258.686692,345.419801,232.40186,211.857182,100.590374
2022-04-29,85.6716,-2.5848,0.6923,0.002747,-5.1696,-7.7544,-5.184,-7.7792,252.000193,327.563069,214.380581,200.874448,92.765228
2022-05-02,85.9477,0.3223,0.7085,0.002811,0.6446,0.9669,0.6301,0.9419,252.812377,329.674509,216.453395,202.140103,93.638981
2022-05-03,86.4079,0.5354,0.7139,0.002833,1.0708,1.6062,1.0562,1.5812,254.16592,333.204626,219.930033,204.275207,95.119556
2022-05-04,88.4786,2.3964,0.7193,0.002854,4.7928,7.1892,4.7783,7.1642,260.256775,349.174517,235.741302,214.036001,101.934067
2022-05-05,85.46,-3.4117,0.7247,0.002876,-6.8234,-10.235,-6.8379,-10.2602,251.37764,325.349065,211.613068,199.400333,91.475464
2022-05-06,84.6133,-0.9908,0.7301,0.002897,-1.9815,-2.9723,-1.9961,-2.9974,248.887115,318.902271,205.323396,195.420095,88.73357
2022-05-09,81.8063,-3.3174,0.7462,0.002961,-6.6348,-9.9522,-6.6495,-9.9775,240.630533,297.743741,184.889199,182.425698,79.880188
2022-05-10,82.0916,0.3488,0.7516,0.002983,0.6975,1.0463,0.6828,1.021,241.469759,299.820571,186.823665,183.671362,80.695727
2022-05-11,81.0425,-1.278,0.757,0.003004,-2.556,-3.8341,-2.5708,-3.8594,238.383724,292.157028,179.660725,178.949624,77.581326
2022-05-12,80.9228,-0.1476,0.7624,0.003026,-0.2953,-0.4429,-0.31,-0.4683,238.031795,291.294397,178.865018,178.394889,77.218004
2022-05-13,83.1592,2.7636,0.7678,0.003047,5.5271,8.2907,5.5124,8.2652,244.609969,307.394644,193.694196,188.228704,83.600265
2022-05-16,82.8923,-0.3209,0.784,0.003111,-0.6419,-0.9628,-0.6567,-0.9884,243.824894,305.42148,191.829213,186.992574,82.77393
2022-05-17,84.6041,2.0651,0.7894,0.003133,4.1301,6.1952,4.1153,6.1696,248.860028,318.035762,203.713387,194.68785,87.880712
2022-05-18,81.7879,-3.3286,0.7948,0.003154,-6.6572,-9.9859,-6.6721,-10.0115,240.576426,296.863366,183.37086,181.698085,79.082509
2022-05-19,81.9996,0.2588,0.8002,0.003175,0.5176,0.7764,0.5027,0.7507,241.199069,298.400006,184.794622,182.611561,79.676198
2022-05-20,82.2297,0.2806,0.8056,0.003197,0.5612,0.8418,0.5463,0.816,241.875863,300.074601,186.350199,183.609146,80.326379
2022-05-23,83.5181,1.5669,0.8218,0.003261,3.1338,4.7006,3.1188,4.6747,245.665757,309.478193,195.109826,189.335519,84.081428
2022-05-24,82.8095,-0.8485,0.8272,0.003283,-1.697,-2.5455,-1.712,-2.5715,243.581245,304.226254,190.143217,186.094058,81.919294
2022-05-25,83.3985,0.7113,0.8326,0.003304,1.4226,2.1339,1.4076,2.1079,245.313827,308.554148,194.200656,188.713481,83.646081
2022-05-26,84.8065,1.6884,0.838,0.003325,3.3767,5.0651,3.3617,5.0391,249.455628,318.973209,204.037123,195.057471,87.861082
2022-05-27,86.5183,2.0184,0.8434,0.003347,4.0369,6.0553,4.0218,6.0293,254.490762,331.84983,216.392277,202.902379,93.158479
2022-05-31,86.095,-0.4893,0.865,0.003432,-0.9786,-1.468,-0.9938,-1.4942,253.245477,328.602187,213.215698,200.885961,91.766503
2022-06-01,85.4508,-0.7483,0.8704,0.003454,-1.4965,-2.2448,-1.5117,-2.2711,251.35053,323.684558,208.429443,197.849188,89.682423
2022-06-02,87.181,2.0248,0.8758,0.003475,4.0496,6.0744,4.0344,6.0481,256.439883,336.792507,221.0903,205.831264,95.1065
2022-06-03,85.7821,-1.6046,0.8812,0.003497,-3.2091,-4.8137,-3.2243,-4.8401,252.325125,325.98436,210.447651,199.194556,90.503279
2022-06-06,86.1134,0.3862,0.8974,0.003561,0.7724,1.1587,0.7572,1.1322,253.299651,328.502385,212.886015,200.702797,91.527929
2022-06-07,86.7484,0.7374,0.9028,0.003582,1.4748,2.2122,1.4595,2.1857,255.167489,333.347154,217.595495,203.632086,93.528434
2022-06-08,85.8925,-0.9866,0.9082,0.003604,-1.9732,-2.9598,-1.9885,-2.9864,252.649967,326.769444,211.155002,199.582778,90.735283
2022-06-09,83.9506,-2.2608,0.9136,0.003625,-4.5216,-6.7824,-4.537,-6.8091,246.938016,311.994133,196.833524,190.527781,84.55706
2022-06-10,81.7511,-2.62,0.919,0.003647,-5.2401,-7.8601,-5.2554,-7.8867,240.468168,295.645458,181.362236,180.514762,77.888259
2022-06-13,78.7049,-3.7262,0.9352,0.003711,-7.4525,-11.1787,-7.4679,-11.2055,231.507772,273.612601,161.088317,167.034143,69.160509
2022-06-14,78.4564,-0.3157,0.9405,0.003732,-0.6314,-0.9471,-0.6469,-0.974,230.776871,271.884938,159.562585,165.953657,68.486907
2022-06-15,79.6988,1.5836,0.9459,0.003754,3.1672,4.7508,3.1517,4.7239,234.431465,280.496104,167.143107,171.1841,71.722189
2022-06-16,77.1956,-3.1409,0.9513,0.003775,-6.2818,-9.4227,-6.2973,-9.4496,227.068216,262.875921,151.393733,160.404169,64.944726
2022-06-17,77.2784,0.1073,0.9567,0.003797,0.2146,0.3219,0.1991,0.2949,227.311864,263.440063,151.881078,160.723535,65.136279
2022-06-21,78.8986,2.0966,0.9783,0.003882,4.1932,6.2898,4.1776,6.2627,232.077722,274.486717,161.434167,167.437991,69.21558
2022-06-22,78.4537,-0.5639,0.9837,0.003904,-1.1278,-1.6917,-1.1434,-1.7189,230.769039,271.391064,158.703193,165.523494,68.025856
2022-06-23,78.9265,0.6025,0.9891,0.003925,1.2051,1.8076,1.1895,1.7804,232.159521,274.661559,161.571957,167.49232,69.236998
2022-06-24,81.2993,3.0065,0.9945,0.003947,6.0129,9.0194,5.9973,8.9921,239.139288,291.1767,176.144712,177.537258,75.462858
2022-06-27,81.0954,-0.2508,1.0107,0.004011,-0.5017,-0.7525,-0.5174,-0.7799,238.539446,289.715962,174.819221,176.618708,74.874333
2022-06-28,79.9461,-1.4173,1.0161,0.004032,-2.8346,-4.2519,-2.8503,-4.2793,235.15864,281.503706,167.386113,171.584497,71.670226
2022-06-29,79.7051,-0.3014,1.0215,0.004054,-0.6029,-0.9043,-0.6187,-0.9318,234.449755,279.806521,165.872357,170.522973,71.002387
2022-06-30,79.1026,-0.7559,1.0269,0.004075,-1.5118,-2.2677,-1.5276,-2.2952,232.677586,275.576493,162.110947,167.918149,69.372763
2022-07-01,79.5938,0.621,1.0323,0.004096,1.2421,1.8631,1.2263,1.8355,234.122579,278.999307,165.13121,169.977251,70.646118
2022-07-05,79.1767,-0.524,1.0539,0.004182,-1.0481,-1.5721,-1.064,-1.5998,232.895696,276.075203,162.535177,168.168765,69.515899
2022-07-06,79.2231,0.0585,1.0593,0.004204,0.1171,0.1756,0.1011,0.1478,233.032006,276.398368,162.820565,168.338863,69.618652
2022-07-07,80.4837,1.5912,1.0647,0.004225,3.1824,4.7736,3.1664,4.7458,236.739988,285.194415,170.592919,173.669227,72.922583
2022-07-08,80.4559,-0.0345,1.0701,0.004246,-0.0691,-0.1036,-0.085,-0.1315,236.658211,284.997385,170.416135,173.521541,72.826699
2022-07-11,79.2601,-1.4862,1.0863,0.004311,-2.9724,-4.4586,-2.9884,-4.4865,233.141027,276.526197,162.818028,168.336039,69.559295
2022-07-12,78.806,-0.573,1.0917,0.004332,-1.146,-1.7191,-1.1621,-1.7471,231.805078,273.357086,160.019079,166.379836,68.344028
2022-07-13,78.5279,-0.3529,1.0971,0.004353,-0.7057,-1.0586,-0.7218,-1.0866,230.987149,271.427993,158.325187,165.178966,67.601383
2022-07-14,77.9254,-0.7672,1.1025,0.004375,-1.5345,-2.3017,-1.5506,-2.3298,229.214913,267.26296,154.680963,162.61775,66.026373
2022-07-15,79.2323,1.6772,1.1079,0.004396,3.3544,5.0316,3.3383,5.0034,233.059273,276.227953,162.463824,168.046368,69.329936
2022-07-18,79.0933,-0.1755,1.1241,0.004461,-0.351,-0.5265,-0.3671,-0.5548,232.650274,275.258441,161.608495,167.429387,68.945322
2022-07-19,81.114,2.5548,1.1295,0.004482,5.1096,7.6644,5.0934,7.636,238.594002,289.322995,173.994771,175.957223,74.210016
2022-07-20,81.3828,0.3314,1.1348,0.004503,0.6628,0.9942,0.6466,0.9658,239.384687,291.240591,175.724594,177.094923,74.926743
2022-07-21,82.2448,1.0592,1.1402,0.004525,2.1185,3.1777,2.1022,3.1493,241.920319,297.410402,181.308572,180.817861,77.286391
2022-07-22,81.5403,-0.8566,1.1456,0.004546,-1.7131,-2.5697,-1.7294,-2.5981,239.848129,292.315409,176.649526,177.690849,75.278386
2022-07-25,81.8462,0.3752,1.1618,0.00461,0.7503,1.1255,0.734,1.0969,240.747925,294.508666,178.637642,178.995079,76.104093
2022-07-26,80.8544,-1.2118,1.1672,0.004632,-2.4235,-3.6353,-2.4399,-3.6639,237.830606,287.371111,172.143592,174.627805,73.315678
2022-07-27,82.8102,2.4189,1.1726,0.004653,4.8378,7.2566,4.8214,7.228,243.583445,301.273441,184.635437,183.047314,78.614914
2022-07-28,83.6166,0.9738,1.178,0.004675,1.9476,2.9214,1.9312,2.8927,245.955478,307.141086,190.029417,186.582385,80.889013
2022-07-29,84.627,1.2083,1.1834,0.004696,2.4166,3.6249,2.4002,3.5962,248.927375,314.563501,196.917833,191.060757,83.797914
2022-08-01,84.423,-0.241,1.1996,0.00476,-0.4819,-0.7229,-0.4984,-0.7518,248.327533,313.04749,195.494291,190.108495,83.167924
2022-08-02,83.7649,-0.7795,1.205,0.004782,-1.5591,-2.3386,-1.5756,-2.3675,246.391743,308.166884,190.922474,187.113239,81.198904
2022-08-03,84.7567,1.184,1.2104,0.004803,2.3681,3.5521,2.3515,3.5231,249.309085,315.464434,197.704188,191.513286,84.059628
2022-08-04,84.8958,0.164,1.2158,0.004825,0.3281,0.4921,0.3115,0.4631,249.718038,316.499377,198.677098,192.109923,84.448899
2022-08-05,84.7011,-0.2293,1.2212,0.004846,-0.4586,-0.6879,-0.4751,-0.717,249.14544,315.047925,197.310412,191.197117,83.843443
2022-08-08,84.8216,0.1423,1.2374,0.00491,0.2846,0.4269,0.268,0.3977,249.49995,315.944491,198.152674,191.709457,84.176876
2022-08-09,84.3674,-0.5355,1.2428,0.004932,-1.071,-1.6064,-1.0876,-1.6357,248.163934,312.560868,194.969484,189.624438,82.800028
2022-08-10,86.2305,2.2083,1.2482,0.004953,4.4166,6.6249,4.4,6.5957,253.644175,326.365523,207.886104,197.967856,88.261247
2022-08-11,86.2861,0.0645,1.2536,0.004975,0.129,0.1934,0.1123,0.1641,253.807729,326.786416,208.288251,198.19014,88.406111
2022-08-12,87.454,1.3535,1.259,0.004996,2.7071,4.0606,2.6904,4.0312,257.243091,335.632715,216.745977,203.52216,91.969965
2022-08-15,87.4726,0.0212,1.2752,0.00506,0.0424,0.0636,0.0256,0.0341,257.297624,335.775017,216.883821,203.574326,92.001337
2022-08-16,87.5745,0.1166,1.2806,0.005082,0.2332,0.3497,0.2164,0.3202,257.597579,336.557902,217.642343,204.014799,92.295933
2022-08-17,86.8794,-0.7938,1.286,0.005103,-1.5876,-2.3814,-1.6044,-2.411,255.552744,331.214644,212.459345,200.741527,90.070678
2022-08-18,86.8886,0.0106,1.2914,0.005124,0.0213,0.0319,0.0045,0.0023,255.579943,331.285148,212.527183,200.750472,90.072764
2022-08-19,85.6744,-1.3975,1.2968,0.005146,-2.795,-4.1924,-2.8118,-4.2221,252.008272,322.025878,203.617125,195.105756,86.269812
2022-08-22,84.0893,-1.8501,1.313,0.00521,-3.7001,-5.5502,-3.717,-5.5799,247.345982,310.110573,192.316045,187.853627,81.456001
2022-08-23,84.0523,-0.0441,1.3184,0.005232,-0.0882,-0.1323,-0.1051,-0.1621,247.236939,309.837145,192.061694,187.656176,81.323974
2022-08-24,84.3303,0.3308,1.3238,0.005253,0.6617,0.9925,0.6447,0.9626,248.05489,311.887258,193.967929,188.866024,82.106831
2022-08-25,85.5539,1.4509,1.3292,0.005274,2.9018,4.3526,2.8848,4.3227,251.653874,320.937489,202.410665,194.314398,85.656089
2022-08-26,83.0141,-2.9686,1.3345,0.005296,-5.9372,-8.9058,-5.9542,-8.9358,244.183264,301.882756,184.384345,182.744507,78.002056
2022-08-29,82.5599,-0.5471,1.3507,0.00536,-1.0942,-1.6413,-1.1113,-1.6714,242.847315,298.5795,181.357994,180.713695,76.69832
2022-08-30,81.7257,-1.0104,1.3561,0.005381,-2.0208,-3.0313,-2.0379,-3.0614,240.393527,292.545661,175.860539,177.030865,74.350277
2022-08-31,81.1974,-0.6465,1.3615,0.005403,-1.293,-1.9395,-1.3101,-1.9696,238.839401,288.763089,172.449764,174.711594,72.885838
2022-09-01,80.9008,-0.3653,1.3669,0.005424,-0.7306,-1.0959,-0.7477,-1.1261,237.966916,286.653375,170.559877,173.405215,72.065056
2022-09-02,80.2149,-0.8478,1.3723,0.005446,-1.6957,-2.5435,-1.7128,-2.5738,235.949348,281.792677,166.221675,170.43509,70.210273
2022-09-06,79.8256,-0.4853,1.3939,0.005531,-0.9707,-1.456,-0.9879,-1.4864,234.804198,279.057386,163.801467,168.751341,69.166639
2022-09-07,80.9842,1.4515,1.3993,0.005553,2.9029,4.3544,2.8856,4.3239,238.21227,287.15816,170.933971,173.620908,72.157327
2022-09-08,81.3642,0.4693,1.4047,0.005574,0.9386,1.4078,0.9213,1.3773,239.330154,289.853314,173.340451,175.220444,73.15117
2022-09-09,82.9122,1.9025,1.4101,0.005596,3.805,5.7075,3.7877,5.6769,243.883399,300.882207,183.233834,181.857249,77.303911
2022-09-12,83.8947,1.185,1.4263,0.00566,2.37,3.555,2.3527,3.5244,246.773452,308.0132,189.747874,186.135736,80.028377
2022-09-13,80.6042,-3.9222,1.4317,0.005681,-7.8444,-11.7667,-7.8618,-11.7974,237.094453,283.851287,167.420885,171.502063,70.587118
2022-09-14,80.9379,0.414,1.4371,0.005703,0.828,1.2419,0.8106,1.2112,238.075982,286.201475,169.500163,172.892182,71.442052
2022-09-15,80.1129,-1.0192,1.4425,0.005724,-2.0385,-3.0577,-2.0559,-3.0886,235.649393,280.367259,164.317273,169.33764,69.23552
2022-09-16,79.4455,-0.833,1.4479,0.005746,-1.666,-2.4991,-1.6835,-2.5299,233.686381,275.696215,160.210873,166.486846,67.483914
2022-09-19,79.9326,0.6131,1.4641,0.00581,1.2261,1.8392,1.2086,1.8082,235.119053,279.076663,163.157511,168.499062,68.704185
2022-09-20,78.8895,-1.3049,1.4695,0.005831,-2.6098,-3.9147,-2.6274,-3.9458,232.050949,271.793234,156.770309,164.071971,65.993273
2022-09-21,77.6416,-1.5819,1.4749,0.005853,-3.1637,-4.7456,-3.1813,-4.7767,228.38022,263.194439,149.330632,158.852372,62.840999
2022-09-22,77.0363,-0.7797,1.4803,0.005874,-1.5593,-2.339,-1.5769,-2.3701,226.599613,259.090354,145.837784,156.347404,61.351594
2022-09-23,75.2761,-2.2848,1.4857,0.005896,-4.5696,-6.8544,-4.5872,-6.8856,221.422266,247.250965,135.841481,149.175435,57.127196
2022-09-26,74.3728,-1.2,1.5019,0.00596,-2.4001,-3.6001,-2.4178,-3.6314,218.76509,241.316698,130.950987,145.568724,55.052661
2022-09-27,74.1214,-0.3381,1.5073,0.005981,-0.6761,-1.0142,-0.6938,-1.0455,218.025504,239.685045,129.622858,144.558719,54.47706
2022-09-28,75.6673,2.0857,1.5127,0.006003,4.1713,6.257,4.1536,6.2256,222.57278,249.683086,137.733343,150.563133,57.868593
2022-09-29,74.2424,-1.8831,1.5181,0.006024,-3.7661,-5.6492,-3.7839,-5.6806,218.381585,240.279686,129.952509,144.866028,54.581301
2022-09-30,73.4601,-1.0537,1.5235,0.006045,-2.1074,-3.1611,-2.1251,-3.1925,216.080512,235.216063,125.844605,141.787423,52.838773
2022-10-03,75.2761,2.4721,1.5396,0.00611,4.9442,7.4163,4.9264,7.3848,221.422266,246.845675,135.177667,148.772452,56.740786
2022-10-04,77.8279,3.3899,1.545,0.006131,6.7797,10.1696,6.7619,10.1379,228.928154,263.581083,148.924636,158.832248,62.493127
2022-10-05,77.4554,-0.4786,1.5504,0.006153,-0.9573,-1.4359,-0.9752,-1.4676,227.832398,261.05784,146.786169,157.283392,61.575972
2022-10-06,76.5893,-1.1182,1.5558,0.006174,-2.2364,-3.3547,-2.2543,-3.3864,225.284736,255.219452,141.862004,153.73773,59.490785
2022-10-07,74.736,-2.4197,1.5612,0.006195,-4.8395,-7.2592,-4.8574,-7.291,219.833445,242.868189,131.563955,146.27012,55.153337
2022-10-10,74.1027,-0.8474,1.5774,0.00626,-1.6947,-2.5421,-1.7127,-2.5739,217.970679,238.752286,128.219521,143.764992,53.733721
2022-10-11,73.4508,-0.8797,1.5828,0.006281,-1.7595,-2.6392,-1.7775,-2.6711,216.053111,234.551503,124.835538,141.209625,52.29842
2022-10-12,73.2645,-0.2536,1.5882,0.006302,-0.5072,-0.7608,-0.5252,-0.7927,215.505222,233.361904,123.885826,140.468008,51.883829
2022-10-13,74.8384,2.1482,1.5936,0.006324,4.2965,6.4447,4.2784,6.4127,220.134769,243.388202,131.869882,146.477832,55.210971
2022-10-14,73.2738,-2.0906,1.599,0.006345,-4.1812,-6.2719,-4.1993,-6.3039,215.532578,233.211538,123.599171,140.326788,51.730511
2022-10-17,75.2016,2.6309,1.6152,0.00641,5.2619,7.8928,5.2437,7.8606,221.203079,245.48278,133.354577,147.685152,55.796835
2022-10-18,75.928,0.9659,1.6206,0.006431,1.9319,2.8978,1.9137,2.8656,223.339767,250.22521,137.21895,150.511465,57.395744
2022-10-19,75.1271,-1.0548,1.626,0.006452,-2.1096,-3.1645,-2.1278,-3.1967,220.983937,244.946364,132.876716,147.308887,55.560959
2022-10-20,74.7733,-0.471,1.6314,0.006474,-0.9421,-1.4131,-0.9602,-1.4454,219.943027,242.638803,130.999033,145.894356,54.757873
2022-10-21,76.3285,2.08,1.6368,0.006495,4.1599,6.2399,4.1417,6.2075,224.517749,252.732372,139.173206,151.936883,58.156978
2022-10-24,76.4775,0.1952,1.653,0.006559,0.3904,0.5856,0.3721,0.5531,224.955989,253.718997,139.988169,152.502267,58.478639
2022-10-25,77.8837,1.8388,1.6584,0.006581,3.6776,5.5163,3.6593,5.4838,229.092427,263.049646,147.710377,158.082729,61.685491
2022-10-26,77.9024,0.0239,1.6638,0.006602,0.0478,0.0717,0.0295,0.0392,229.147207,263.175446,147.816337,158.129387,61.709651
2022-10-27,77.4647,-0.5618,1.6692,0.006624,-1.1237,-1.6855,-1.142,-1.7181,227.859754,260.218169,145.32484,156.323517,60.649387
2022-10-28,78.7033,1.5989,1.6746,0.006645,3.1979,4.7968,3.1795,4.7641,231.503082,268.539604,152.295786,161.29385,63.538814
2022-10-31,78.1445,-0.71,1.6908,0.006709,-1.42,-2.1299,-1.4384,-2.1627,229.859458,264.726454,149.051982,158.973842,62.164647
2022-11-01,78.3028,0.2026,1.6962,0.006731,0.4052,0.6078,0.3868,0.575,230.325167,265.799155,149.957945,159.588711,62.522087
2022-11-02,76.6545,-2.1051,1.7016,0.006752,-4.2103,-6.3154,-4.2287,-6.3483,225.476522,254.60832,140.487516,152.840154,58.553023
2022-11-03,76.0677,-0.7654,1.707,0.006774,-1.5308,-2.2963,-1.5493,-2.3292,223.750673,250.710658,137.261544,150.472161,57.189216
2022-11-04,77.8465,2.3384,1.7124,0.006795,4.6768,7.0152,4.6583,6.9823,228.982889,262.435962,146.890772,157.481645,61.182331
2022-11-07,78.3587,0.658,1.7285,0.006859,1.3159,1.9739,1.2974,1.9408,230.489529,265.889465,149.790266,159.524773,62.369775
2022-11-08,78.9175,0.7131,1.7339,0.006881,1.4262,2.1392,1.4076,2.1061,232.133107,269.681483,152.994647,161.770205,63.683356
2022-11-09,77.3995,-1.9235,1.7393,0.006902,-3.847,-5.7705,-3.8656,-5.8037,227.668035,259.306855,144.166106,155.516814,59.987391
2022-11-10,81.5903,5.4145,1.7447,0.006924,10.829,16.2435,10.8104,16.2103,239.995099,287.387143,167.583686,172.328727,69.711502
2022-11-11,82.7823,1.461,1.7501,0.006945,2.922,4.383,2.9034,4.3498,243.501465,295.784688,174.928959,177.332085,72.743808
2022-11-14,81.9814,-0.9675,1.7663,0.007009,-1.935,-2.9025,-1.9537,-2.9359,241.145613,290.061312,169.851697,173.867556,70.608156
2022-11-15,82.8103,1.011,1.7717,0.007031,2.022,3.0331,2.0033,2.9996,243.583647,295.926476,175.003409,177.350655,72.726145
2022-11-16,82.1118,-0.8435,1.7771,0.007052,-1.6869,-2.5304,-1.7057,-2.5638,241.52914,290.934491,170.575209,174.325657,70.861578
2022-11-17,81.9162,-0.2382,1.7825,0.007073,-0.4764,-0.7145,-0.4951,-0.748,240.953872,289.54861,169.356393,173.46251,70.331502
2022-11-18,82.1118,0.2387,1.7879,0.007095,0.4775,0.7162,0.4587,0.6827,241.52914,290.931182,170.569389,174.258167,70.811643
2022-11-21,81.6275,-0.5898,1.8041,0.007159,-1.1796,-1.7693,-1.1984,-1.803,240.104659,287.499497,167.551457,172.169827,69.534901
2022-11-22,82.6799,1.2892,1.8095,0.007181,2.5784,3.8676,2.5595,3.8339,243.20012,294.91246,174.031743,176.576581,72.200809
2022-11-23,83.3132,0.7659,1.8149,0.007202,1.5319,2.2978,1.513,2.264,245.062885,299.430162,178.030677,179.248133,73.835471
2022-11-25,83.4063,0.1118,1.8257,0.007245,0.2236,0.3353,0.2046,0.3015,245.336808,300.099546,178.627665,179.614877,74.058066
2022-11-28,82.2049,-1.4404,1.8419,0.007309,-2.8807,-4.3211,-2.8998,-4.3551,241.80304,291.454433,170.908945,174.40647,70.832759
2022-11-29,82.3726,0.2039,1.8473,0.007331,0.4078,0.6118,0.3888,0.5777,242.296127,292.643107,171.954502,175.084571,71.241985
2022-11-30,84.617,2.7247,1.8527,0.007352,5.4494,8.1741,5.4304,8.1401,248.897999,308.590472,186.010299,184.592305,77.041132
2022-12-01,84.8125,0.2311,1.8581,0.007373,0.4623,0.6934,0.4432,0.6593,249.473267,310.016939,187.300054,185.410367,77.549038
2022-12-02,84.766,-0.0549,1.8635,0.007395,-0.1098,-0.1647,-0.1289,-0.1989,249.336284,309.676483,186.991519,185.171338,77.394807
2022-12-05,83.3039,-1.7249,1.8797,0.007459,-3.4498,-5.1747,-3.4689,-5.209,245.035507,298.993325,177.315324,178.747844,73.363347
2022-12-06,82.4191,-1.062,1.8851,0.00748,-2.1241,-3.1861,-2.1432,-3.2204,242.433155,292.642525,171.665896,174.916835,71.000742
2022-12-07,82.2794,-0.1695,1.8905,0.007502,-0.339,-0.5085,-0.3582,-0.5429,242.022204,291.650403,170.792919,174.290231,70.615277
2022-12-08,82.9034,0.7584,1.8959,0.007523,1.5167,2.2751,1.4975,2.2407,243.857591,296.073892,174.678568,176.900192,72.197521
2022-12-09,82.475,-0.5168,1.9013,0.007545,-1.0335,-1.5503,-1.0528,-1.5847,242.59745,293.013951,171.970598,175.037863,71.053397
2022-12-12,83.2387,0.9259,1.9175,0.007609,1.8519,2.7778,1.8326,2.7432,244.843743,298.440184,176.747602,178.245525,73.002548
2022-12-13,84.0116,0.9286,1.9228,0.00763,1.8573,2.7859,1.8379,2.7513,247.117437,303.982998,181.671599,181.521543,75.011042
2022-12-14,83.6671,-0.4102,1.9282,0.007652,-0.8203,-1.2305,-0.8397,-1.2651,246.103884,301.489424,179.436219,179.997382,74.062063
2022-12-15,81.5996,-2.4711,1.9336,0.007673,-4.9421,-7.4132,-4.9615,-7.4479,240.022522,286.589486,166.134318,171.066832,68.546012
2022-12-16,80.8359,-0.9359,1.939,0.007695,-1.8718,-2.8076,-1.8912,-2.8424,237.776207,281.225237,161.46988,167.831693,66.597671
2022-12-19,80.3462,-0.6058,1.9552,0.007759,-1.2117,-1.8175,-1.2312,-1.8524,236.335658,277.817673,158.53512,165.765433,65.364009
2022-12-20,80.5338,0.2335,1.9606,0.00778,0.4671,0.7006,0.4476,0.6657,236.887564,279.115229,159.645785,166.507343,65.799107
2022-12-21,81.5846,1.3048,1.966,0.007802,2.6096,3.9143,2.5901,3.8794,239.978425,286.398905,165.894861,170.819968,68.351698
2022-12-22,80.5995,-1.2075,1.9714,0.007823,-2.415,-3.6224,-2.4345,-3.6574,237.080742,279.482507,159.885437,166.661386,65.851775
2022-12-23,80.9748,0.4656,1.9768,0.007845,0.9312,1.3968,0.9116,1.3617,238.184577,282.085018,162.118692,168.180736,66.748498
2022-12-27,80.9654,-0.0116,1.9984,0.00793,-0.0231,-0.0347,-0.0427,-0.0699,238.157064,282.019849,162.062511,168.108857,66.701855
2022-12-28,79.9521,-1.2515,2.0038,0.007952,-2.503,-3.7544,-2.5226,-3.7897,235.176571,274.960995,155.977962,163.868106,64.174045
2022-12-29,81.3313,1.725,2.0092,0.007973,3.4499,5.1749,3.4302,5.1396,239.233273,284.44693,164.049636,169.489177,67.472315
2022-12-30,80.8622,-0.5768,2.0146,0.007994,-1.1535,-1.7303,-1.1732,-1.7657,237.853451,281.165729,161.211075,167.500666,66.280983
2023-01-03,80.9091,0.058,2.0451,0.008115,0.116,0.174,0.0962,0.1384,237.991422,281.491919,161.491615,167.661788,66.372733
2023-01-04,81.9036,1.2291,2.0534,0.008149,2.4583,3.6874,2.4384,3.6517,240.916663,288.411764,167.446476,171.750086,68.796499
2023-01-05,81.0592,-1.0309,2.0618,0.008182,-2.0618,-3.0928,-2.0817,-3.1285,238.433006,282.465175,162.267759,168.174717,66.644208
2023-01-06,82.9168,2.2917,2.0701,0.008215,4.5833,6.875,4.5634,6.8392,243.897111,295.411533,173.4237,175.849244,71.202156
2023-01-09,83.1139,0.2376,2.0952,0.008314,0.4752,0.7128,0.4552,0.6768,244.476643,296.815407,174.659933,176.649721,71.684085
2023-01-10,83.5642,0.5418,2.1036,0.008347,1.0836,1.6254,1.0636,1.5894,245.801237,300.031746,177.498897,178.528499,72.823406
2023-01-11,84.4086,1.0105,2.1119,0.008381,2.0209,3.0314,2.0008,2.9952,248.284939,306.095097,182.879518,182.100527,75.004633
2023-01-12,85.009,0.7114,2.1203,0.008414,1.4227,2.1341,1.4026,2.0979,250.051116,310.449917,186.782263,184.654635,76.578125
2023-01-13,85.4499,0.5187,2.1286,0.008447,1.0374,1.5561,1.0173,1.5199,251.348152,313.670574,189.688827,186.533058,77.742009
2023-01-17,85.4312,-0.022,2.1621,0.00858,-0.0439,-0.0659,-0.0642,-0.1024,251.292923,313.532729,189.563786,186.413244,77.662368
2023-01-18,84.5117,-1.0762,2.1704,0.008613,-2.1524,-3.2287,-2.1728,-3.2652,248.588462,306.784135,183.443425,182.362939,75.126501
2023-01-19,84.1365,-0.444,2.1788,0.008646,-0.8881,-1.3321,-0.9084,-1.3688,247.484627,304.059638,180.999731,180.706291,74.098184
2023-01-20,85.4406,1.55,2.1871,0.008679,3.0999,4.6499,3.0795,4.6131,251.320526,313.485211,189.415972,186.271184,77.516437
2023-01-23,86.2474,0.9443,2.2122,0.008779,1.8887,2.833,1.8682,2.7961,253.693816,319.405868,194.782096,189.751048,79.683844
2023-01-24,86.163,-0.0979,2.2205,0.008812,-0.1958,-0.2937,-0.2163,-0.3307,253.445477,318.78054,194.210084,189.340623,79.420365
2023-01-25,86.3224,0.1851,2.2289,0.008845,0.3702,0.5553,0.3496,0.5182,253.914596,319.960645,195.288514,190.002638,79.831949
2023-01-26,87.0542,0.8477,2.2373,0.008878,1.6955,2.5432,1.6749,2.5061,256.067106,325.385447,200.25507,193.184945,81.832592
2023-01-27,87.1105,0.0647,2.2456,0.008911,0.1293,0.194,0.1087,0.1568,256.232658,325.806182,200.643475,193.39491,81.960879
2023-01-30,86.0504,-1.217,2.2707,0.009011,-2.434,-3.651,-2.4547,-3.6884,253.114284,317.876003,193.317929,188.647578,78.937824
2023-01-31,87.0448,1.1557,2.279,0.009044,2.3114,3.4671,2.2906,3.4296,256.039503,325.223331,200.020402,192.9688,81.645091
2023-02-01,87.9924,1.0886,2.2874,0.009077,2.1772,3.2658,2.1564,3.2283,258.826773,332.304155,206.552725,197.130048,84.280848
2023-02-02,88.7054,0.8103,2.2958,0.00911,1.6206,2.431,1.5998,2.3934,260.924098,337.68961,211.57394,200.283781,86.298004
2023-02-03,87.7203,-1.1105,2.3041,0.009143,-2.2211,-3.3316,-2.2419,-3.3692,258.02646,330.189327,204.52517,195.793603,83.390418
2023-02-06,86.9323,-0.8984,2.3292,0.009243,-1.7968,-2.6952,-1.8177,-2.733,255.708377,324.256552,199.012869,192.234606,81.111341
2023-02-07,87.8611,1.0684,2.3375,0.009276,2.1368,3.2052,2.1158,3.1673,258.440396,331.185344,205.391702,196.301986,83.680396
2023-02-08,87.1387,-0.8222,2.3459,0.009309,-1.6444,-2.4667,-1.6655,-2.5046,256.315445,325.739194,200.325381,193.032661,81.584499
2023-02-09,86.7071,-0.4953,2.3542,0.009342,-0.9905,-1.4858,-1.0116,-1.5238,255.046035,322.512728,197.349029,191.08003,80.341307
2023-02-10,86.5476,-0.1839,2.3626,0.009375,-0.3679,-0.5518,-0.389,-0.5899,254.576916,321.326299,196.260046,190.33682,79.867357
2023-02-13,87.5046,1.1057,2.3877,0.009475,2.2114,3.3171,2.1902,3.2788,257.391744,328.432037,202.770123,194.505571,82.486009
2023-02-14,87.5609,0.0643,2.396,0.009508,0.1287,0.193,0.1075,0.1546,257.557341,328.85464,203.161488,194.714583,82.613556
2023-02-15,87.6078,0.0536,2.4044,0.009541,0.1071,0.1607,0.0859,0.1223,257.695312,329.206969,203.487983,194.881825,82.714559
2023-02-16,86.7728,-0.9531,2.4127,0.009574,-1.9062,-2.8593,-1.9275,-2.8978,255.239212,322.931612,197.669638,191.125507,80.317639
2023-02-17,86.5758,-0.2271,2.4211,0.009608,-0.4541,-0.6812,-0.4754,-0.7197,254.65968,321.46515,196.323185,190.216853,79.739558
2023-02-21,85.1122,-1.6905,2.4545,0.00974,-3.381,-5.0715,-3.4025,-5.1104,250.354639,310.596365,186.36661,183.744797,75.664573
2023-02-22,84.8307,-0.3307,2.4629,0.009773,-0.6614,-0.9921,-0.6829,-1.031,249.526746,308.542153,184.517732,182.490085,74.884489
2023-02-23,85.2811,0.5309,2.4712,0.009806,1.0617,1.5926,1.0402,1.5536,250.851384,311.818009,187.456326,184.388361,76.047897
2023-02-24,84.174,-1.2981,2.4796,0.00984,-2.5962,-3.8944,-2.6178,-3.9334,247.595039,303.722483,180.156118,179.561478,73.056632
2023-02-27,84.6431,0.5573,2.5047,0.009939,1.1145,1.6718,1.0929,1.6325,248.974772,307.107493,183.167898,181.523838,74.249295
2023-02-28,84.2772,-0.4322,2.513,0.009972,-0.8645,-1.2967,-0.8862,-1.3361,247.898585,304.452563,180.792682,179.915221,73.257285
2023-03-01,84.4461,0.2004,2.5214,0.010005,0.4007,0.6011,0.379,0.5617,248.395307,305.672647,181.879463,180.597162,73.668804
2023-03-02,84.887,0.5222,2.5297,0.010039,1.0443,1.5665,1.0226,1.5271,249.692342,308.864883,184.7286,182.443925,74.793767
2023-03-03,86.1066,1.4368,2.5381,0.010072,2.8735,4.3103,2.8517,4.2708,253.279813,317.740154,192.6909,187.646741,77.98803
2023-03-06,85.9753,-0.1525,2.5632,0.010171,-0.3051,-0.4576,-0.327,-0.4974,252.893436,316.770732,191.809053,187.03318,77.600151
2023-03-07,84.6619,-1.5277,2.5715,0.010204,-3.0554,-4.583,-3.0773,-4.6228,249.030046,307.092276,183.018395,181.277681,74.012852
2023-03-08,84.887,0.266,2.5799,0.010238,0.5319,0.7979,0.51,0.758,249.692342,308.725704,184.47861,182.202119,74.573878
2023-03-09,83.4891,-1.6468,2.5882,0.010271,-3.2936,-4.9403,-3.3155,-4.9802,245.580456,298.557631,175.364733,176.161137,70.859913
2023-03-10,82.3352,-1.3822,2.5966,0.010304,-2.7643,-4.1465,-2.7863,-4.1865,242.18614,290.30454,168.093268,171.252704,67.893395
2023-03-13,82.0725,-0.319,2.6216,0.010403,-0.6381,-0.9571,-0.6602,-0.9973,241.413453,288.452126,166.484379,170.122089,67.216286
2023-03-14,83.1608,1.326,2.63,0.010437,2.652,3.978,2.6298,3.9377,244.614569,296.101813,173.107073,174.596019,69.863081
2023-03-15,81.8848,-1.5343,2.6384,0.01047,-3.0686,-4.6029,-3.0908,-4.6432,240.861412,287.015546,165.139052,169.199596,66.619165
2023-03-16,83.2452,1.6614,2.6467,0.010503,3.3227,4.9841,3.3005,4.9437,244.862975,296.552241,173.36969,174.784031,69.912613
2023-03-17,82.2601,-1.1834,2.6551,0.010536,-2.3667,-3.5501,-2.389,-3.5905,241.96536,289.533667,167.214916,170.608499,67.402384
2023-03-20,83.1496,1.0813,2.6801,0.010635,2.1626,3.2439,2.1402,3.2032,244.581692,295.795029,172.63912,174.259906,69.561428
2023-03-21,84.2414,1.3131,2.6885,0.010669,2.6263,3.9394,2.6039,3.8987,247.793356,303.563346,179.440023,178.797417,72.2734
2023-03-22,83.2719,-1.1508,2.6968,0.010702,-2.3017,-3.4525,-2.3241,-3.4933,244.941633,296.576247,173.244782,174.641982,69.748667
2023-03-23,83.4696,0.2374,2.7052,0.010735,0.4748,0.7121,0.4523,0.6713,245.523073,297.984265,174.478522,175.431916,70.216891
2023-03-24,83.6767,0.2481,2.7136,0.010768,0.4962,0.7443,0.4737,0.7034,246.132206,299.462838,175.777144,176.262967,70.710787
2023-03-27,83.9967,0.3824,2.7386,0.010868,0.7648,1.1473,0.7423,1.1062,247.073474,301.753273,177.793785,177.571321,71.492969
2023-03-28,84.0814,0.1009,2.747,0.010901,0.2017,0.3026,0.1791,0.2614,247.322666,302.361954,178.331739,177.889365,71.679856
2023-03-29,85.1168,1.2314,2.7553,0.010934,2.4628,3.6941,2.4401,3.6529,250.368149,309.808407,184.919567,182.230081,74.298255
2023-03-30,85.7757,0.7741,2.7637,0.010967,1.5482,2.3223,1.5255,2.281,252.306229,314.604811,189.213909,185.01002,75.992981
2023-03-31,86.6793,1.0534,2.7721,0.011,2.1069,3.1603,2.0842,3.119,254.964123,321.233156,195.193674,188.865949,78.363168
2023-04-03,87.084,0.4669,2.7971,0.0111,0.9338,1.4007,0.911,1.3592,256.154583,324.232913,197.927826,190.586555,79.428259
2023-04-04,86.7169,-0.4215,2.8055,0.011133,-0.843,-1.2645,-0.8659,-1.3062,255.074873,321.499581,195.424984,188.936353,78.390804
2023-04-05,86.2933,-0.4884,2.8138,0.011166,-0.9769,-1.4653,-0.9998,-1.507,253.828982,318.358909,192.561376,187.047453,77.209439
2023-04-06,86.5757,0.3272,2.8222,0.011199,0.6544,0.9817,0.6315,0.9399,254.659568,320.442395,194.45169,188.228733,77.935134
2023-04-10,86.6793,0.1196,2.8556,0.011332,0.2392,0.3588,0.2161,0.3168,254.964123,321.208848,195.149342,188.635585,78.181994
2023-04-11,86.8863,0.2389,2.864,0.011365,0.4778,0.7167,0.4547,0.6746,255.573233,322.743586,196.54798,189.493366,78.709414
2023-04-12,86.764,-0.1408,2.8723,0.011398,-0.2817,-0.4225,-0.3048,-0.4647,255.213292,321.834503,195.717544,188.915832,78.343674
2023-04-13,87.9029,1.3127,2.8807,0.011431,2.6253,3.938,2.6022,3.8957,258.563353,330.283634,203.424812,193.831734,81.39573
2023-04-14,87.6299,-0.3105,2.889,0.011464,-0.621,-0.9316,-0.6442,-0.9739,257.76046,328.232434,201.529782,192.583046,80.603052
2023-04-17,87.837,0.2363,2.9141,0.011564,0.4725,0.7088,0.4493,0.6663,258.36948,329.783488,202.958268,193.448278,81.140133
2023-04-18,87.9876,0.1715,2.9225,0.011597,0.343,0.5145,0.3197,0.4719,258.812545,330.914546,204.002396,194.066667,81.523029
2023-04-19,87.7805,-0.2353,2.9308,0.01163,-0.4707,-0.706,-0.494,-0.7487,258.203435,329.356944,202.56205,193.107914,80.912691
2023-04-20,87.4605,-0.3646,2.9392,0.011663,-0.7292,-1.0938,-0.7525,-1.1365,257.262054,326.955348,200.346494,191.654686,79.993152
2023-04-21,87.4887,0.0323,2.9475,0.011697,0.0646,0.097,0.0412,0.0542,257.3452,327.166689,200.540748,191.733717,80.036509
2023-04-24,87.5829,0.1076,2.9726,0.011796,0.2152,0.3228,0.1917,0.2798,257.622062,327.870647,201.187997,192.101205,80.260447
2023-04-25,86.1521,-1.6336,2.981,0.011829,-3.2671,-4.9007,-3.2907,-4.9437,253.413655,317.158728,191.328425,185.779821,76.292612
2023-04-26,85.9639,-0.2185,2.9893,0.011862,-0.437,-0.6555,-0.4606,-0.6986,252.859908,315.77265,190.074181,184.924122,75.759605
2023-04-27,87.3946,1.6643,2.9977,0.011896,3.3286,4.9929,3.305,4.9497,257.068248,326.28344,199.564379,191.03585,79.509505
2023-04-28,87.9123,0.5924,3.006,0.011929,1.1847,1.7771,1.1611,1.7339,258.591046,330.149057,203.110864,193.253981,80.888113
2023-05-01,87.8087,-0.1178,3.0311,0.012028,-0.2355,-0.3533,-0.2593,-0.3967,258.286491,329.371393,202.393224,192.752904,80.567193
2023-05-02,86.8204,-1.1255,3.0395,0.012061,-2.2511,-3.3766,-2.2748,-3.4201,255.379405,321.95706,195.559248,188.368116,77.811738
2023-05-03,86.5192,-0.3469,3.0478,0.012094,-0.6938,-1.0407,-0.7176,-1.0843,254.493478,319.723281,193.524026,187.016361,76.968046
2023-05-04,86.218,-0.3481,3.0562,0.012128,-0.6963,-1.0444,-0.7201,-1.0881,253.607461,317.497052,191.502768,185.669595,76.130581
2023-05-05,87.6864,1.7031,3.0645,0.012161,3.4061,5.1092,3.3823,5.0655,257.92655,328.311389,201.286995,191.949414,79.986973
2023-05-08,87.7335,0.0537,3.0896,0.01226,0.1074,0.1611,0.0834,0.1172,258.065015,328.663889,201.61117,192.109502,80.08069
2023-05-09,87.3758,-0.4077,3.0979,0.012293,-0.8154,-1.2231,-0.8394,-1.267,257.012907,325.984024,199.145319,190.49697,79.066048
2023-05-10,87.5546,0.2047,3.1063,0.012327,0.4094,0.614,0.3853,0.57,257.538961,327.318471,200.368151,191.231006,79.516742
2023-05-11,87.3475,-0.2365,3.1147,0.01236,-0.473,-0.7095,-0.4971,-0.7536,256.929851,325.770177,198.946467,190.280416,78.917487
2023-05-12,87.1028,-0.2802,3.123,0.012393,-0.5603,-0.8405,-0.5844,-0.8847,256.210014,323.944765,197.27431,189.168348,78.219338
2023-05-15,87.6958,0.6808,3.1481,0.012492,1.3615,2.0423,1.3373,1.998,257.954221,328.355417,201.303277,191.698183,79.782135
2023-05-16,86.9428,-0.8586,3.1564,0.012526,-1.7173,-2.5759,-1.7415,-2.6203,255.739324,322.716638,196.117868,188.359738,77.691576
2023-05-17,87.7617,0.9419,3.1648,0.012559,1.8838,2.8257,1.8595,2.7812,258.148094,328.795877,201.659482,191.862296,79.852312
2023-05-18,88.2323,0.5362,3.1732,0.012592,1.0724,1.6087,1.0481,1.5641,259.532337,332.322019,204.903501,193.873287,81.101293
2023-05-19,88.2417,0.0107,3.1815,0.012625,0.0213,0.032,-0.003,-0.0126,259.56003,332.392939,204.969092,193.867489,81.091071
2023-05-22,88.3829,0.16,3.2066,0.012725,0.32,0.48,0.2956,0.4352,259.975357,333.456675,205.953017,194.440547,81.443996
2023-05-23,87.2722,-1.2567,3.2149,0.012758,-2.5133,-3.77,-2.5378,-3.8148,256.708375,325.075904,198.188687,189.506103,78.337044
2023-05-24,86.491,-0.8952,3.2233,0.012791,-1.7903,-2.6855,-1.8148,-2.7305,254.410399,319.255942,192.866311,186.066876,76.198086
2023-05-25,86.7545,0.3047,3.2316,0.012824,0.6094,0.9141,0.5849,0.8691,255.185577,321.201461,194.629278,187.15511,76.860304
2023-05-26,87.8087,1.2152,3.24,0.012857,2.4303,3.6455,2.4058,3.6004,258.286491,329.007687,201.724452,191.657607,79.627584
2023-05-30,87.4981,-0.3537,3.2734,0.01299,-0.7075,-1.0612,-0.7322,-1.1066,257.372826,326.680017,199.583706,190.254332,78.746451
2023-05-31,86.8487,-0.7423,3.2818,0.013023,-1.4845,-2.2268,-1.5093,-2.2722,255.462439,321.830358,195.13939,187.382903,76.957171
2023-06-01,87.9311,1.2464,3.2901,0.013056,2.4927,3.7391,2.4679,3.6936,258.64641,329.85266,202.435782,192.007418,79.799653
2023-06-02,89.3053,1.5628,3.2985,0.013089,3.1257,4.6885,3.1009,4.643,262.688637,340.162793,211.927019,197.961343,83.50473
2023-06-05,89.0041,-0.3373,3.3236,0.013189,-0.6746,-1.0118,-0.6995,-1.0576,261.802642,337.868195,209.782661,196.576694,82.6216
2023-06-06,89.5312,0.5922,3.3319,0.013222,1.1845,1.7767,1.1595,1.7309,263.353111,341.870095,213.509835,198.856055,84.051676
2023-06-07,89.1453,-0.431,3.3403,0.013255,-0.8621,-1.2931,-0.887,-1.339,262.217947,338.922884,210.748881,197.09211,82.926222
2023-06-08,89.6912,0.6124,3.3486,0.013288,1.2248,1.8372,1.1998,1.7913,263.823779,343.074035,214.620781,199.456845,84.411654
2023-06-09,89.7948,0.1154,3.357,0.013321,0.2308,0.3463,0.2058,0.3003,264.128289,343.865999,215.363939,199.867359,84.665106
2023-06-12,90.3972,0.6709,3.3821,0.013421,1.3417,2.0126,1.3166,1.9664,265.900256,348.479812,219.698398,202.498853,86.329973
2023-06-13,91.1031,0.7809,3.3904,0.013454,1.5618,2.3428,1.5367,2.2965,267.976733,353.922532,224.845426,205.610625,88.312538
2023-06-14,91.2443,0.155,3.3988,0.013487,0.31,0.4649,0.2848,0.4186,268.392037,355.019535,225.890808,206.196126,88.682209
2023-06-15,92.2985,1.1554,3.4071,0.01352,2.3107,3.4661,2.2855,3.4196,271.492907,363.222976,233.720301,210.908686,91.714827
2023-06-16,92.0349,-0.2855,3.4155,0.013553,-0.5711,-0.8566,-0.5964,-0.9031,270.717661,361.148617,231.718143,209.650916,90.886533
2023-06-20,91.1253,-0.9884,3.4489,0.013686,-1.9767,-2.9651,-2.0021,-3.0118,268.041993,354.009712,224.847506,205.453464,88.149193
2023-06-21,90.841,-0.3119,3.4573,0.013719,-0.6239,-0.9358,-0.6493,-0.9826,267.205886,351.801177,222.743397,204.119478,87.283041
2023-06-22,90.8031,-0.0417,3.4656,0.013752,-0.0834,-0.1252,-0.1089,-0.172,267.094396,351.507604,222.464582,203.897177,87.132877
2023-06-23,89.8082,-1.0957,3.474,0.013786,-2.1914,-3.2871,-2.2169,-3.3341,264.167808,343.804575,215.151863,199.376944,84.227801
2023-06-26,89.7514,-0.0633,3.499,0.013885,-0.1266,-0.1899,-0.1522,-0.237,264.000618,343.369392,214.743358,199.073552,84.028179
2023-06-27,90.6705,1.0241,3.5074,0.013918,2.0481,3.0722,2.0225,3.025,266.704137,350.401992,221.340645,203.099796,86.570007
2023-06-28,90.7179,0.0523,3.5158,0.013951,0.1045,0.1568,0.0789,0.1095,266.843544,350.768305,221.687732,203.260007,86.664838
2023-06-29,90.8884,0.188,3.5241,0.013985,0.376,0.5639,0.3503,0.5166,267.345159,352.08706,222.937923,203.971968,87.112556
2023-06-30,91.8928,1.1051,3.5325,0.014018,2.2102,3.3154,2.1845,3.268,270.299641,359.869023,230.329113,208.427765,89.959357
2023-07-03,92.1866,0.3197,3.5575,0.014117,0.6393,0.959,0.6135,0.9114,271.163666,362.169697,232.537883,209.706438,90.779214
2023-07-05,91.6654,-0.5653,3.5742,0.014184,-1.1307,-1.696,-1.1566,-1.7438,269.630657,358.074684,228.593963,207.281018,89.196237
2023-07-06,90.5378,-1.2301,3.5826,0.014217,-2.4602,-3.6903,-2.4861,-3.7381,266.313944,349.265368,220.158196,202.127778,85.862008
2023-07-07,90.7747,0.2617,3.591,0.01425,0.5233,0.785,0.4973,0.7371,267.010756,351.093078,221.886331,203.13305,86.494886
2023-07-10,91.059,0.3131,3.616,0.014349,0.6263,0.9394,0.6002,0.8913,267.846863,353.291876,223.97075,204.352288,87.265853
2023-07-11,91.8454,0.8637,3.6244,0.014382,1.7274,2.5911,1.7013,2.543,270.160257,359.394639,229.774056,207.828957,89.484998
2023-07-12,92.9161,1.1658,3.6327,0.014416,2.3315,3.4973,2.3054,3.4491,273.309712,367.774091,237.809988,212.620295,92.571445
2023-07-13,93.9869,1.1524,3.6411,0.014449,2.3047,3.4571,2.2786,3.4089,276.459257,376.250344,246.031356,217.465039,95.72707
2023-07-14,93.6458,-0.363,3.6495,0.014482,-0.7259,-1.0889,-0.7521,-1.1372,275.455848,373.519142,243.352443,215.829509,94.638482
2023-07-17,93.9111,0.2833,3.6745,0.014581,0.5667,0.85,0.5404,0.8015,276.236322,375.635794,245.420981,216.995831,95.396999
2023-07-18,94.4796,0.6054,3.6829,0.014615,1.2107,1.8161,1.1844,1.7675,277.908536,380.183664,249.877995,219.565912,97.083117
2023-07-19,94.5649,0.0903,3.6912,0.014648,0.1806,0.2708,0.1542,0.2222,278.159433,380.870127,250.554769,219.904497,97.298817
2023-07-20,93.9206,-0.6813,3.6996,0.014681,-1.3627,-2.044,-1.3891,-2.0928,276.264195,375.680011,245.433305,216.849833,95.262571
2023-07-21,93.9584,0.0403,3.7079,0.014714,0.0807,0.121,0.0542,0.0722,276.375617,375.983049,245.730269,216.96746,95.331353
2023-07-24,94.2996,0.3631,3.733,0.014814,0.7261,1.0892,0.6996,1.0402,277.379004,378.713076,248.406654,218.485329,96.322954
2023-07-25,94.5838,0.3015,3.7414,0.014847,0.6029,0.9044,0.5764,0.8553,278.215178,380.996379,250.653161,219.744587,97.146812
2023-07-26,94.7544,0.1803,3.7497,0.01488,0.3606,0.5409,0.334,0.4918,278.716838,382.370355,252.009046,220.478623,97.624596
2023-07-27,94.129,-0.66,3.7581,0.014913,-1.32,-1.98,-1.3466,-2.0292,276.877277,377.322984,247.019185,217.509568,95.643575
2023-07-28,95.105,1.0369,3.7664,0.014946,2.0737,3.1106,2.0471,3.0613,279.74812,385.147642,254.70295,221.962156,98.571547
2023-07-31,95.3134,0.2192,3.7915,0.015046,0.4384,0.6575,0.4116,0.6081,280.36127,386.835969,256.377717,222.875767,99.170942
2023-08-01,94.7354,-0.6064,3.7999,0.015079,-1.2128,-1.8192,-1.2396,-1.8688,278.661116,382.144303,251.713575,220.112963,97.317666
2023-08-02,93.153,-1.6703,3.8082,0.015112,-3.3407,-5.011,-3.3675,-5.0606,274.006524,369.378075,239.100148,212.700657,92.392796
2023-08-03,92.954,-0.2136,3.8166,0.015145,-0.4272,-0.6408,-0.4541,-0.6905,273.421224,367.800034,237.567938,211.734853,91.754843
2023-08-04,92.7835,-0.1835,3.8249,0.015178,-0.367,-0.5504,-0.3939,-0.6002,272.919542,366.450331,236.260246,210.900933,91.204156
2023-08-07,93.4657,0.7353,3.85,0.015278,1.4706,2.2059,1.4436,2.156,274.926293,371.839279,241.471842,213.945491,93.170473
2023-08-08,92.8877,-0.6184,3.8584,0.015311,-1.2368,-1.8552,-1.2638,-1.9052,273.226117,367.240284,236.991972,211.241561,91.395368
2023-08-09,92.5087,-0.408,3.8667,0.015344,-0.8161,-1.2241,-0.8431,-1.2742,272.111263,364.243356,234.090952,209.460547,90.230851
2023-08-10,92.6508,0.1536,3.8751,0.015377,0.3073,0.4609,0.2802,0.4108,272.52935,365.362645,235.169963,210.047471,90.601535
2023-08-11,92.3192,-0.3579,3.8834,0.01541,-0.7159,-1.0738,-0.743,-1.124,271.553836,362.747026,232.644602,208.48679,89.583146
2023-08-14,92.395,0.0821,3.9085,0.01551,0.1642,0.2463,0.137,0.196,271.776816,363.342747,233.217694,208.772436,89.758686
2023-08-15,91.3053,-1.1794,3.9168,0.015543,-2.3587,-3.5381,-2.386,-3.5886,268.57157,354.772461,224.966218,203.791161,86.53765
2023-08-16,90.6136,-0.7576,3.9252,0.015576,-1.5152,-2.2727,-1.5424,-2.3233,266.536924,349.397086,219.853317,200.647798,84.527156
2023-08-17,90.0167,-0.6588,3.9336,0.015609,-1.3176,-1.9764,-1.3449,-2.027,264.780981,344.793434,215.50814,197.949256,82.813806
2023-08-18,89.9598,-0.0631,3.9419,0.015643,-0.1263,-0.1894,-0.1536,-0.2401,264.613791,344.35801,215.099907,197.645138,82.614988
2023-08-21,90.4052,0.4951,3.967,0.015742,0.9901,1.4852,0.9627,1.4343,265.923775,347.767534,218.294496,199.547792,83.799948
2023-08-22,90.2157,-0.2096,3.9753,0.015775,-0.4192,-0.6289,-0.4467,-0.6798,265.366347,346.309559,216.921735,198.656373,83.230298
2023-08-23,91.2485,1.1448,3.9837,0.015808,2.2897,3.4345,2.2622,3.3835,268.404358,354.238915,224.371931,203.150294,86.046418
2023-08-24,90.1114,-1.2461,3.9921,0.015841,-2.4922,-3.7383,-2.5197,-3.7893,265.059773,345.410577,215.984239,198.031421,82.785821
2023-08-25,90.6326,0.5783,4.0004,0.015875,1.1566,1.735,1.1291,1.6838,266.592669,349.405741,219.731486,200.267317,84.17981
2023-08-28,91.3811,0.8259,4.0255,0.015974,1.6518,2.4778,1.6242,2.4264,268.794505,355.177349,225.17589,203.519968,86.222382
2023-08-29,92.6129,1.348,4.0338,0.016007,2.696,4.044,2.6683,3.9926,272.417838,364.752884,234.281959,208.950437,89.664897
2023-08-30,92.8404,0.2456,4.0422,0.01604,0.4911,0.7367,0.4634,0.6852,273.0868,366.544292,236.0079,209.918677,90.279324
2023-08-31,92.6035,-0.2552,4.0505,0.016074,-0.5103,-0.7655,-0.5381,-0.817,272.389965,364.673673,234.201239,208.789065,89.541723
2023-09-01,92.9256,0.3479,4.0589,0.016107,0.6958,1.0437,0.668,0.9921,273.337629,367.211125,236.645648,210.183778,90.430105
2023-09-05,92.3382,-0.6322,4.0923,0.016239,-1.2644,-1.8966,-1.2924,-1.9485,271.609581,362.568085,232.157405,207.467464,88.668117
2023-09-06,91.8075,-0.5747,4.1007,0.016273,-1.1493,-1.724,-1.1773,-1.7759,270.048767,358.401065,228.155103,205.024979,87.093486
2023-09-07,91.4285,-0.4128,4.109,0.016306,-0.8257,-1.2385,-0.8537,-1.2905,268.933912,355.441859,225.329395,203.27472,85.969562
2023-09-08,91.4664,0.0414,4.1174,0.016339,0.0829,0.1243,0.0549,0.0723,269.04538,355.736505,225.609578,203.386218,86.031719
2023-09-11,92.2055,0.808,4.1425,0.016438,1.6161,2.4241,1.5879,2.3719,271.219366,361.48547,231.078604,206.615847,88.072279
2023-09-12,91.817,-0.4213,4.1508,0.016472,-0.8427,-1.264,-0.8709,-1.3163,270.076617,358.439321,228.157741,204.816526,86.912965
2023-09-13,91.7128,-0.1135,4.1592,0.016505,-0.227,-0.3405,-0.2552,-0.3929,269.770042,357.625564,227.380768,204.293754,86.571469
2023-09-14,92.6414,1.0125,4.1675,0.016538,2.025,3.0375,1.9967,2.985,272.501455,364.867459,234.287437,208.372989,89.155671
2023-09-15,91.8738,-0.8285,4.1759,0.016571,-1.6569,-2.4854,-1.6852,-2.5379,270.243852,358.821795,228.464406,204.861435,86.892963
2023-09-18,91.7654,-0.1181,4.201,0.01667,-0.2361,-0.3542,-0.2645,-0.4069,269.924799,357.974539,227.655225,204.319579,86.539406
2023-09-19,91.5941,-0.1866,4.2093,0.016704,-0.3733,-0.5599,-0.4017,-0.6127,269.421008,356.638281,226.380527,203.498842,86.009182
2023-09-20,90.9661,-0.6857,4.2177,0.016737,-1.3713,-2.057,-1.3998,-2.1098,267.573704,351.747651,221.723947,200.650353,84.194552
2023-09-21,89.4722,-1.6423,4.226,0.01677,-3.2845,-4.9268,-3.313,-4.9797,263.179458,340.194454,210.800119,194.002828,80.001937
2023-09-22,89.4532,-0.0213,4.2344,0.016803,-0.0425,-0.0638,-0.071,-0.1167,263.123511,340.049816,210.665683,193.865036,79.908539
2023-09-25,89.5483,0.1064,4.2595,0.016903,0.2127,0.3191,0.1841,0.2659,263.403358,340.773141,211.337848,194.221947,80.121013
2023-09-26,88.2923,-1.4026,4.2678,0.016936,-2.8052,-4.2078,-2.8339,-4.2611,259.70884,331.213717,202.445121,188.717971,76.707008
2023-09-27,88.3018,0.0108,4.2762,0.016969,0.0216,0.0324,-0.0071,-0.021,259.736847,331.285153,202.510617,188.704559,76.690937
2023-09-28,88.9108,0.6896,4.2845,0.017002,1.3793,2.0689,1.3506,2.0156,261.528114,335.854548,206.700441,191.253175,78.236697
2023-09-29,88.6634,-0.2783,4.2929,0.017035,-0.5565,-0.8348,-0.5853,-0.8882,260.800378,333.985429,204.974927,190.133831,77.541779
2023-10-02,88.1876,-0.5366,4.3179,0.017135,-1.0732,-1.6097,-1.102,-1.6634,259.400986,330.40126,201.67539,188.038571,76.251979
2023-10-03,86.9887,-1.3595,4.3263,0.017168,-2.7191,-4.0786,-2.748,-4.1323,255.87431,321.417344,193.449779,182.871333,73.100988
2023-10-04,87.3503,0.4157,4.3347,0.017201,0.8314,1.2471,0.8025,1.1933,256.937975,324.089596,195.862281,184.338856,73.973323
2023-10-05,87.5596,0.2396,4.343,0.017234,0.4793,0.7189,0.4503,0.6651,257.553705,325.642903,197.270384,185.169013,74.465313
2023-10-06,88.5302,1.1085,4.3514,0.017267,2.2169,3.3254,2.1879,3.2715,260.40857,332.862107,203.830339,189.220389,76.901418
2023-10-09,88.7966,0.3009,4.3764,0.017367,0.6019,0.9028,0.5728,0.8487,261.192253,334.865563,205.670583,190.304271,77.554105
2023-10-10,89.5864,0.8894,4.3848,0.0174,1.7788,2.6682,1.7497,2.6141,263.515319,340.822207,211.158337,193.634044,79.581416
2023-10-11,89.9955,0.4567,4.3932,0.017433,0.9134,1.3702,0.8843,1.3159,264.71884,343.935398,214.051529,195.346342,80.628645
2023-10-12,89.1962,-0.8881,4.4015,0.017466,-1.7763,-2.6644,-1.8055,-2.7187,262.367745,337.826087,208.348246,191.819425,78.43656
2023-10-13,88.6063,-0.6614,4.4099,0.017499,-1.3228,-1.9842,-1.352,-2.0386,260.632447,333.357331,204.214206,189.226019,76.837583
2023-10-16,89.5102,1.0202,4.4349,0.017599,2.0404,3.0606,2.0111,3.006,263.291396,340.159095,210.464332,193.0315,79.147329
2023-10-17,89.5102,0.0,4.4433,0.017632,0.0,0.0,-0.0293,-0.0546,263.291396,340.159095,210.464332,192.974868,79.104091
2023-10-18,88.1496,-1.5201,4.4516,0.017665,-3.0402,-4.5604,-3.0696,-4.6151,259.289048,329.817432,200.866392,187.051284,75.45339
2023-10-19,87.3883,-0.8636,4.46,0.017698,-1.7272,-2.5907,-1.7566,-2.6455,257.049891,324.120988,195.662494,183.765624,73.45728
2023-10-20,86.3892,-1.1433,4.4684,0.017732,-2.2866,-3.4299,-2.316,-3.4847,254.111073,316.709721,188.951542,179.509589,70.897522
2023-10-23,86.2275,-0.1872,4.4934,0.017831,-0.3745,-0.5617,-0.404,-0.6168,253.635266,315.523683,187.890142,178.784326,70.460255
2023-10-24,86.884,0.7614,4.5018,0.017864,1.5228,2.2843,1.4933,2.2292,255.566501,320.328617,192.182053,181.454066,72.030936
2023-10-25,85.7517,-1.3033,4.5101,0.017897,-2.6065,-3.9098,-2.6361,-3.9649,252.235829,311.979249,184.668213,176.670747,69.174974
2023-10-26,85.0285,-0.8433,4.5185,0.017931,-1.6867,-2.53,-1.7163,-2.5852,250.108634,306.717183,179.996094,173.638532,67.386639
2023-10-27,84.6575,-0.4364,4.5268,0.017964,-0.8728,-1.3092,-0.9025,-1.3645,249.017119,304.040056,177.639496,172.071439,66.46712
2023-10-30,85.6566,1.1801,4.5519,0.018063,2.3603,3.5404,2.3305,3.485,251.955893,311.216308,183.92873,176.081614,68.78347
2023-10-31,86.0752,0.4888,4.5603,0.018096,0.9776,1.4664,0.9478,1.4108,253.187443,314.258735,186.625839,177.750497,69.753889
2023-11-01,86.9221,0.9839,4.5686,0.018129,1.9677,2.9516,1.9379,2.8959,255.67844,320.442432,192.13422,181.195076,71.773919
2023-11-02,88.6919,2.0361,4.577,0.018163,4.0723,6.1084,4.0424,6.0527,260.884377,333.49166,203.870508,188.519678,76.118172
2023-11-03,89.7767,1.2231,4.5853,0.018196,2.4461,3.6692,2.4162,3.6134,264.075147,341.649261,211.350879,193.074721,78.868642
2023-11-06,89.7672,-0.0106,4.6104,0.018295,-0.0212,-0.0319,-0.0512,-0.0878,264.047095,341.576676,211.283526,192.975776,78.799376
2023-11-07,89.7101,-0.0636,4.6188,0.018328,-0.1272,-0.1908,-0.1572,-0.2468,263.879187,341.142258,210.880459,192.672388,78.604905
2023-11-08,89.653,-0.0636,4.6271,0.018362,-0.1273,-0.1909,-0.1573,-0.247,263.711279,340.708115,210.477905,192.369258,78.410767
2023-11-09,89.0821,-0.6368,4.6355,0.018395,-1.2736,-1.9104,-1.3037,-1.9666,262.031951,336.368819,206.4569,189.861317,76.868763
2023-11-10,90.1288,1.175,4.6438,0.018428,2.3499,3.5249,2.3198,3.4687,265.110715,344.273201,213.734243,194.265684,79.535073
2023-11-13,90.1192,-0.0106,4.6689,0.018527,-0.0212,-0.0317,-0.0514,-0.0882,265.082663,344.200344,213.666396,194.165838,79.464952
2023-11-14,92.2031,2.3123,4.6773,0.018561,4.6247,6.937,4.5944,6.8805,271.212274,360.118506,228.488474,203.086617,84.932564
2023-11-15,92.3839,0.1961,4.6856,0.018594,0.3921,0.5882,0.3618,0.5316,271.744028,361.530643,229.832435,203.821448,85.384103
2023-11-16,92.2126,-0.1854,4.694,0.018627,-0.3707,-0.5561,-0.4011,-0.6127,271.240304,360.190324,228.554333,203.003986,84.860937
2023-11-17,92.7264,0.5572,4.7023,0.01866,1.1144,1.6716,1.084,1.6149,272.751634,364.20423,232.374795,205.204586,86.231349
2023-11-20,93.3354,0.6567,4.7274,0.01876,1.3135,1.9702,1.283,1.9134,274.542923,368.988033,236.953141,207.83742,87.881264
2023-11-21,93.088,-0.2651,4.7358,0.018793,-0.5301,-0.7952,-0.5606,-0.8521,273.815232,367.031986,235.068968,206.672262,87.132412
2023-11-22,93.3164,0.2453,4.7441,0.018826,0.4906,0.736,0.4601,0.6789,274.486954,368.832788,236.798978,207.623175,87.723991
2023-11-24,93.5638,0.2651,4.7608,0.018892,0.5302,0.7954,0.4996,0.7382,275.214668,370.788472,238.682368,208.660538,88.371573
2023-11-27,93.383,-0.1932,4.7859,0.018992,-0.3865,-0.5797,-0.4172,-0.6371,274.682847,369.355458,237.298687,207.790058,87.808589
2023-11-28,93.5352,0.1631,4.7942,0.019025,0.3261,0.4892,0.2954,0.4318,275.130736,370.559978,238.459484,208.403834,88.187708
2023-11-29,93.5543,0.0203,4.8026,0.019058,0.0407,0.061,0.0099,0.0035,275.186706,370.710743,238.605012,208.424511,88.190837
2023-11-30,93.8302,0.295,4.811,0.019091,0.5899,0.8849,0.5591,0.8273,275.998396,372.897639,240.71638,209.589859,88.920468
2023-12-01,94.639,0.862,4.8193,0.019124,1.724,2.5859,1.6931,2.5283,278.377454,379.326262,246.941178,213.138496,91.168674
2023-12-04,94.0585,-0.6133,4.8444,0.019224,-1.2267,-1.84,-1.2576,-1.8978,276.670074,374.673198,242.397464,210.458076,89.438465
2023-12-05,93.8492,-0.2226,4.8527,0.019257,-0.4451,-0.6677,-0.4761,-0.7255,276.054343,373.005525,240.779095,209.45616,88.789562
2023-12-06,93.6779,-0.1825,4.8611,0.01929,-0.365,-0.5475,-0.396,-0.6054,275.550552,371.644075,239.460849,208.626733,88.251997
2023-12-07,94.306,0.6704,4.8695,0.019323,1.3408,2.0112,1.3097,1.9532,277.39781,376.626991,244.276801,211.359215,89.975694
2023-12-08,94.5724,0.2825,4.8778,0.019356,0.5651,0.8476,0.534,0.7895,278.181538,378.75515,246.347257,212.487862,90.686059
2023-12-11,94.9244,0.3722,4.9029,0.019456,0.7445,1.1167,0.7133,1.0585,279.217062,381.574961,249.09832,214.003607,91.64594
2023-12-12,95.1623,0.2506,4.9112,0.019489,0.5012,0.7519,0.47,0.6935,279.916836,383.487569,250.971192,215.00952,92.28152
2023-12-13,96.5706,1.4798,4.9196,0.019522,2.9597,4.4395,2.9284,4.3811,284.059153,394.837562,262.113096,221.305963,96.324471
2023-12-14,97.3223,0.7784,4.9279,0.019555,1.5568,2.3352,1.5255,2.2767,286.270257,400.984359,268.233928,224.682051,98.517502
2023-12-15,96.8751,-0.4595,4.9363,0.019588,-0.919,-1.3785,-0.9503,-1.4371,284.95482,397.299242,264.536252,222.546869,97.101737
2023-12-18,97.2597,0.397,4.9614,0.019688,0.794,1.191,0.7626,1.1322,286.086057,400.453703,267.686784,224.243971,98.201146
2023-12-19,97.9886,0.7494,4.9697,0.019721,1.4989,2.2483,1.4674,2.1895,288.230061,406.455913,273.705129,227.534583,100.351232
2023-12-20,96.6459,-1.3703,4.9781,0.019754,-2.7405,-4.1108,-2.772,-4.1697,284.280562,395.316915,262.45372,221.227373,96.166935
2023-12-21,97.8927,1.2901,4.9864,0.019787,2.5801,3.8702,2.5486,3.8113,287.94797,405.516615,272.611201,226.865659,99.832106
2023-12-22,98.0365,0.147,4.9948,0.019821,0.2939,0.4409,0.2624,0.3819,288.371151,406.708546,273.813126,227.460959,100.213352
2023-12-26,98.5257,0.4989,5.0282,0.019953,0.9979,1.4968,0.9662,1.4375,289.809927,410.766946,277.911552,229.658698,101.653944
2023-12-27,98.8134,0.292,5.0366,0.019986,0.584,0.876,0.5523,0.8167,290.6562,413.165905,280.346138,230.927164,102.484143
2023-12-28,98.8805,0.068,5.0449,0.02002,0.1359,0.2039,0.1042,0.1445,290.853709,413.727419,280.917646,231.167743,102.632185
2023-12-29,98.6695,-0.2134,5.0533,0.020053,-0.4268,-0.6402,-0.4585,-0.6997,290.233042,411.961671,279.119252,230.107725,101.914113
2024-01-02,97.8351,-0.8456,5.0695,0.020117,-1.6913,-2.5369,-1.7231,-2.5965,287.778693,404.994182,272.038156,226.142696,99.267871
2024-01-03,96.9911,-0.8627,5.0692,0.020116,-1.7253,-2.588,-1.7571,-2.6476,285.296134,398.006718,264.997844,222.169037,96.639671
2024-01-04,96.876,-0.1187,5.0689,0.020115,-0.2373,-0.356,-0.2691,-0.4156,284.957625,397.062233,264.05457,221.571125,96.238085
2024-01-05,96.9911,0.1188,5.0686,0.020114,0.2376,0.3564,0.2058,0.2968,285.296134,398.005596,264.995603,222.027042,96.523706
2024-01-08,98.1612,1.2064,5.0678,0.02011,2.4128,3.6192,2.381,3.5596,288.737914,407.608584,274.586233,227.313418,99.959544
2024-01-09,97.6817,-0.4885,5.0675,0.020109,-0.9771,-1.4656,-1.0089,-1.5252,287.327347,403.626015,270.561936,225.020115,98.434992
2024-01-10,98.1612,0.4909,5.0673,0.020108,0.9819,1.4728,0.95,1.4132,288.737914,407.589032,274.54672,227.157894,99.826074
2024-01-11,98.1228,-0.0391,5.067,0.020107,-0.0782,-0.1173,-0.11,-0.1768,288.625055,407.270404,274.224784,226.908049,99.649542
2024-01-12,98.2763,0.1564,5.0667,0.020106,0.3128,0.4692,0.281,0.4096,289.076423,408.544229,275.511329,227.545567,100.057686
2024-01-16,97.3268,-0.9661,5.0656,0.020102,-1.9323,-2.8984,-1.9641,-2.958,286.28352,400.649954,267.525796,223.07634,97.09797
2024-01-17,96.5595,-0.7883,5.0654,0.020101,-1.5766,-2.365,-1.6085,-2.4245,284.02668,394.333118,261.198889,219.48826,94.743794
2024-01-18,97.3844,0.8542,5.0651,0.0201,1.7084,2.5626,1.6766,2.503,286.45282,401.06986,267.892328,223.168162,97.115249
2024-01-19,98.2667,0.9061,5.0648,0.020098,1.8121,2.7182,1.7803,2.6586,289.048237,408.337678,275.174074,227.141232,99.697155
2024-01-22,98.4969,0.2342,5.064,0.020095,0.4684,0.7027,0.4366,0.6431,289.725255,410.250523,277.10764,228.133033,100.338322
2024-01-23,98.6503,0.1558,5.0637,0.020094,0.3116,0.4674,0.2798,0.4078,290.176623,411.528796,278.402773,228.771311,100.747524
2024-01-24,98.9093,0.2625,5.0634,0.020093,0.525,0.7875,0.4932,0.7279,290.938336,413.689321,280.595193,229.899611,101.480914
2024-01-25,99.3409,0.4363,5.0632,0.020092,0.8727,1.309,0.8409,1.2495,292.207836,417.299559,284.268295,231.832825,102.748908
2024-01-26,99.408,0.0676,5.0629,0.020091,0.1351,0.2027,0.1033,0.1432,292.405277,417.863487,284.844525,232.072402,102.896003
2024-01-29,100.1177,0.7139,5.0621,0.020088,1.4279,2.1418,1.3961,2.0823,294.492885,423.830105,290.945411,235.312348,105.038596
2024-01-30,99.8875,-0.2299,5.0618,0.020087,-0.4598,-0.6897,-0.4916,-0.7492,293.815844,421.881329,288.938756,234.155567,104.251605
2024-01-31,98.6695,-1.2194,5.0615,0.020085,-2.4388,-3.6582,-2.4706,-3.7177,290.233042,411.592451,278.368761,228.370519,100.375792
2024-02-01,99.8204,1.1664,5.0613,0.020084,2.3328,3.4992,2.301,3.4397,293.618358,421.194189,288.109552,233.625406,103.828425
2024-02-02,100.1944,0.3747,5.061,0.020083,0.7494,1.1241,0.7176,1.0646,294.718558,424.350653,291.348226,235.301945,104.933762
2024-02-05,99.7149,-0.4786,5.0602,0.02008,-0.9572,-1.4358,-0.989,-1.4953,293.308036,420.28877,287.16505,232.974842,103.364662
2024-02-06,100.2712,0.5579,5.0599,0.020079,1.1157,1.6736,1.0839,1.614,294.944276,424.977993,291.970963,235.500124,105.033018
2024-02-07,100.7795,0.5069,5.0596,0.020078,1.0139,1.5208,0.9821,1.4613,296.439493,429.286836,296.411395,237.813004,106.567893
2024-02-08,100.8178,0.0381,5.0593,0.020077,0.0761,0.1142,0.0443,0.0547,296.552307,429.613578,296.749805,237.918425,106.626132
2024-02-09,101.3741,0.5517,5.0591,0.020076,1.1035,1.6552,1.0717,1.5957,298.188525,434.354335,301.661727,240.468224,108.327591
2024-02-12,101.5084,0.1324,5.0583,0.020072,0.2649,0.3973,0.2331,0.3378,298.58343,435.504807,302.860241,241.028733,108.693515
2024-02-13,99.9067,-1.5778,5.058,0.020071,-3.1557,-4.7335,-3.1875,-4.793,293.872263,421.761674,288.524297,233.346047,103.483807
2024-02-14,101.0192,1.1136,5.0577,0.02007,2.2271,3.3407,2.1953,3.2812,297.144698,431.154788,298.162945,238.46878,106.879282
2024-02-15,101.8824,0.8545,5.0574,0.020069,1.7089,2.5634,1.6772,2.5039,299.683719,438.522991,305.80611,242.468308,109.555449
2024-02-16,101.6426,-0.2353,5.0572,0.020068,-0.4707,-0.706,-0.5025,-0.7655,298.978424,436.458894,303.646999,241.249985,108.716758
2024-02-20,101.3645,-0.2736,5.0561,0.020064,-0.5473,-0.8209,-0.579,-0.8804,298.160315,434.070288,301.154348,239.853052,107.759619
2024-02-21,101.3933,0.0284,5.0558,0.020063,0.0568,0.0851,0.025,0.0257,298.244943,434.316694,301.410779,239.913008,107.787269
2024-02-22,103.0429,1.6269,5.0555,0.020062,3.2539,4.8808,3.2221,4.8213,303.0972,448.448812,316.12207,247.64326,112.984041
2024-02-23,103.1196,0.0745,5.0552,0.02006,0.1489,0.2234,0.1171,0.1639,303.322873,449.116602,316.828182,247.93336,113.1692
2024-02-26,102.8511,-0.2604,5.0544,0.020057,-0.5208,-0.7812,-0.5526,-0.8407,302.532973,446.777464,314.352973,246.563294,112.217757
2024-02-27,103.0717,0.2145,5.0542,0.020056,0.4289,0.6434,0.3972,0.5839,303.181827,448.693906,316.375588,247.542607,112.873046
2024-02-28,102.6784,-0.3815,5.0539,0.020055,-0.763,-1.1445,-0.7948,-1.204,302.025142,445.270233,312.754523,245.575157,111.51403
2024-02-29,103.1004,0.411,5.0536,0.020054,0.822,1.233,0.7902,1.1735,303.266455,448.930323,316.610753,247.515772,112.822666
2024-03-01,104.0211,0.893,5.0533,0.020053,1.7861,2.6791,1.7543,2.6196,305.974708,456.948467,325.093018,251.857932,115.778182
2024-03-04,103.8581,-0.1567,5.0525,0.02005,-0.3135,-0.4702,-0.3452,-0.5297,305.495108,455.51598,323.564318,250.988403,115.164906
2024-03-05,103.0621,-0.7665,5.0522,0.020049,-1.5329,-2.2994,-1.5647,-2.3589,303.153596,448.533241,316.124298,247.061226,112.448331
2024-03-06,103.8869,0.8003,5.052,0.020047,1.6006,2.4009,1.5688,2.3414,305.579736,455.712469,323.714132,250.93724,115.081243
2024-03-07,104.9515,1.0248,5.0517,0.020046,2.0495,3.0743,2.0178,3.0148,308.711193,465.052382,333.666005,256.000566,118.550736
2024-03-08,104.4527,-0.4752,5.0514,0.020045,-0.9504,-1.4256,-0.9822,-1.4851,307.244185,460.632487,328.909222,253.486232,116.790177
2024-03-11,104.213,-0.2295,5.0506,0.020042,-0.4591,-0.6886,-0.4908,-0.7481,306.538935,458.51781,326.644282,252.242047,115.916504
2024-03-12,105.22,0.9663,5.0503,0.020041,1.9326,2.8989,1.9009,2.8395,309.50107,467.379274,336.113532,257.036878,119.207955
2024-03-13,105.0473,-0.1641,5.0501,0.02004,-0.3281,-0.4922,-0.3599,-0.5517,308.993262,465.845584,334.459114,256.11182,118.550326
2024-03-14,104.5774,-0.4474,5.0498,0.020039,-0.8947,-1.3421,-0.9265,-1.4015,307.610926,461.677499,329.970329,253.738994,116.888789
2024-03-15,104.1162,-0.441,5.0495,0.020038,-0.882,-1.323,-0.9137,-1.3824,306.254375,457.605545,325.604866,251.420492,115.272887
2024-03-18,104.5013,0.3699,5.0487,0.020034,0.7398,1.1097,0.708,1.0502,307.387183,460.990829,329.218015,253.200653,116.483528
2024-03-19,104.8672,0.3501,5.0484,0.020033,0.7002,1.0503,0.6685,0.9909,308.46337,464.218762,332.675872,254.89324,117.637755
2024-03-20,105.907,0.9915,5.0481,0.020032,1.9831,2.9746,1.9513,2.9152,311.521915,473.424611,342.571737,259.867088,121.067127
2024-03-21,106.2247,0.3,5.0479,0.020031,0.6,0.9,0.5683,0.8406,312.456473,476.265137,345.654858,261.343803,122.084775
2024-03-22,105.8974,-0.3082,5.0476,0.02003,-0.6163,-0.9245,-0.648,-0.9839,311.493638,473.329914,342.459451,259.650199,120.883613
2024-03-25,105.6856,-0.2,5.0468,0.020027,-0.4001,-0.6001,-0.4318,-0.6595,310.870569,471.436346,340.404425,258.529067,120.086388
2024-03-26,105.5604,-0.1184,5.0465,0.020026,-0.2368,-0.3553,-0.2686,-0.4147,310.502437,470.319799,339.195107,257.834731,119.588419
2024-03-27,106.3499,0.7479,5.0462,0.020025,1.4958,2.2437,1.4641,2.1843,312.824673,477.354805,346.805587,261.609589,122.200557
2024-03-28,106.3884,0.0362,5.046,0.020024,0.0724,0.1086,0.0407,0.0492,312.937958,477.70054,347.18236,261.716057,122.260715
2024-04-01,106.1092,-0.2624,5.0449,0.020019,-0.5249,-0.7873,-0.5566,-0.8467,312.116662,475.193121,344.448853,260.259295,121.22548
2024-04-02,105.493,-0.5807,5.0446,0.020018,-1.1614,-1.7421,-1.1931,-1.8015,310.304166,469.674121,338.448094,257.154019,119.04156
2024-04-03,105.7626,0.2555,5.0443,0.020017,0.5111,0.7666,0.4794,0.7072,311.09714,472.074601,341.04278,258.386742,119.883473
2024-04-04,104.6746,-1.0287,5.044,0.020016,-2.0574,-3.086,-2.0891,-3.1454,307.896944,462.362322,330.518057,252.988827,116.112611
2024-04-05,105.5315,0.8186,5.0438,0.020015,1.6373,2.4559,1.6055,2.3965,310.417473,469.932372,338.635193,257.050648,118.895236
2024-04-08,105.7626,0.219,5.043,0.020012,0.4379,0.6569,0.4062,0.5975,311.09714,471.990229,340.859543,258.094754,119.605598
2024-04-09,105.9263,0.1548,5.0427,0.020011,0.3095,0.4643,0.2778,0.4049,311.57858,473.45109,342.442039,258.811725,120.089857
2024-04-10,104.7132,-1.1452,5.0424,0.02001,-2.2905,-3.4357,-2.3222,-3.4951,308.010252,462.606771,330.676671,252.801601,115.892585
2024-04-11,105.3101,0.5701,5.0421,0.020008,1.1401,1.7102,1.1084,1.6508,309.766083,467.881008,336.3318,255.603648,117.805724
2024-04-12,103.6059,-1.6182,5.0419,0.020007,-3.2364,-4.8547,-3.2682,-4.914,304.753391,452.738333,320.004048,247.250135,112.016709
2024-04-15,102.6335,-0.9386,5.041,0.020004,-1.8771,-2.8157,-1.9088,-2.8751,301.893096,444.239886,310.993753,242.530546,108.796167
2024-04-16,102.0462,-0.5722,5.0408,0.020003,-1.1445,-1.7167,-1.1762,-1.7761,300.165563,439.155709,305.654924,239.67796,106.86387
2024-04-17,101.6611,-0.3774,5.0405,0.020002,-0.7548,-1.1322,-0.7865,-1.1916,299.032755,435.841013,302.194352,237.792901,105.590532
2024-04-18,101.5071,-0.1515,5.0402,0.020001,-0.3031,-0.4546,-0.3348,-0.514,298.579637,434.52017,300.820624,236.996857,105.047848
2024-04-19,101.0353,-0.4648,5.0399,0.02,-0.9295,-1.3943,-0.9612,-1.4537,297.191938,430.481158,296.62628,234.718749,103.520804
2024-04-22,101.9788,0.9339,5.0391,0.019997,1.8677,2.8016,1.836,2.7422,299.967291,438.521332,304.936494,239.028221,106.359571
2024-04-23,103.1438,1.1424,5.0389,0.019995,2.2847,3.4271,2.253,3.3678,303.394035,448.540427,315.387026,244.41363,109.941508
2024-04-24,103.1149,-0.028,5.0386,0.019994,-0.056,-0.084,-0.0877,-0.1434,303.309071,448.289204,315.122058,244.199255,109.783888
2024-04-25,102.7876,-0.3175,5.0383,0.019993,-0.6349,-0.9524,-0.6666,-1.0117,302.346192,445.442942,312.120916,242.571384,108.673175
2024-04-26,103.7119,0.8992,5.038,0.019992,1.7984,2.6977,1.7667,2.6383,305.064948,453.453962,320.540872,246.856991,111.540309
2024-04-29,104.1644,0.4363,5.0372,0.019989,0.8726,1.309,0.8409,1.2496,306.396004,457.410974,324.736616,248.932917,112.934133
2024-04-30,102.5758,-1.5251,5.0369,0.019988,-3.0502,-4.5753,-3.0819,-4.6346,301.72319,443.459118,309.879041,241.261119,107.700076
2024-05-01,102.3832,-0.1877,5.0367,0.019987,-0.3754,-0.5632,-0.4071,-0.6225,301.156786,441.794169,308.133898,240.278851,107.029635
2024-05-02,103.6348,1.2225,5.0364,0.019986,2.445,3.6674,2.4133,3.6081,304.838377,452.595887,319.434553,246.077438,110.891385
2024-05-03,104.742,1.0684,5.0361,0.019985,2.1367,3.2051,2.1051,3.1458,308.095193,462.266727,329.672826,251.257512,114.379795
2024-05-06,105.6759,0.8916,5.0353,0.019981,1.7833,2.6749,1.7516,2.6155,310.842248,470.510101,338.491166,255.658445,117.371454
2024-05-07,105.7048,0.0273,5.035,0.01998,0.0547,0.082,0.023,0.0227,310.927212,470.767315,338.76873,255.717197,117.398068
2024-05-08,105.6375,-0.0637,5.0348,0.019979,-0.1275,-0.1912,-0.1592,-0.2505,310.72903,470.16719,338.120947,255.310188,117.103938
2024-05-09,106.2921,0.6197,5.0345,0.019978,1.2395,1.8592,1.2078,1.7999,312.654767,475.994894,344.40744,258.393854,119.211718
2024-05-10,106.4654,0.163,5.0342,0.019977,0.3261,0.4891,0.2944,0.4298,313.164551,477.547113,346.092109,259.154608,119.724127
2024-05-13,106.4462,-0.0181,5.0334,0.019974,-0.0362,-0.0543,-0.0679,-0.1136,313.107886,477.374295,345.90424,258.978723,119.588126
2024-05-14,107.1009,0.615,5.0331,0.019973,1.2301,1.8451,1.1984,1.7858,315.033623,483.246375,352.286582,262.082324,121.72374
2024-05-15,108.3429,1.1597,5.0328,0.019972,2.3193,3.479,2.2877,3.4197,318.686959,494.45446,364.542622,268.077859,125.886313
2024-05-16,107.9963,-0.3199,5.0326,0.019971,-0.6399,-0.9598,-0.6715,-1.0191,317.667392,491.290668,361.043806,266.277631,124.60342
2024-05-17,108.2947,0.2764,5.0323,0.019969,0.5528,0.8291,0.5211,0.7698,318.545353,494.0063,364.037335,267.665147,125.562652
2024-05-20,108.3621,0.0622,5.0315,0.019966,0.1245,0.1867,0.0928,0.1274,318.743624,494.621267,364.717096,267.913576,125.722658
2024-05-21,108.3525,-0.0089,5.0312,0.019965,-0.0178,-0.0267,-0.0495,-0.086,318.715281,494.5333,364.619801,267.781076,125.614571
2024-05-22,107.8037,-0.5065,5.0309,0.019964,-1.013,-1.5195,-1.0447,-1.5788,317.100988,489.52368,359.079405,264.983648,123.631378
2024-05-23,107.0335,-0.7145,5.0307,0.019963,-1.4289,-2.1434,-1.4606,-2.2027,314.835396,482.528677,351.382857,261.11327,120.908147
2024-05-24,107.823,0.7376,5.0304,0.019962,1.4752,2.2128,1.4435,2.1535,317.157631,489.646969,359.158288,264.882539,123.511928
2024-05-28,107.7363,-0.0804,5.0293,0.019957,-0.1607,-0.2411,-0.1924,-0.3003,316.902784,488.860073,358.292501,264.372982,123.140972
2024-05-29,106.5617,-1.0903,5.029,0.019956,-2.1805,-3.2708,-2.2122,-3.3301,313.447719,478.200378,346.573538,258.524567,119.040305
2024-05-30,106.4943,-0.0632,5.0287,0.019955,-0.1265,-0.1897,-0.1582,-0.249,313.24947,477.595475,345.915937,258.115691,118.743872
2024-05-31,107.2934,0.7504,5.0285,0.019954,1.5008,2.2511,1.4691,2.1919,315.600026,484.763022,353.702973,261.907659,121.346573
2024-06-03,107.3993,0.0987,5.0277,0.019951,0.1974,0.2961,0.1658,0.2369,315.911561,485.720058,354.750412,262.341814,121.634005
2024-06-04,107.1875,-0.1972,5.0274,0.01995,-0.3944,-0.5917,-0.4261,-0.6509,315.288514,483.804167,352.651477,261.223976,120.842252
2024-06-05,108.2947,1.033,5.0271,0.019949,2.0659,3.0989,2.0343,3.0396,318.545353,493.799279,363.579838,266.53802,124.515434
2024-06-06,108.3718,0.0711,5.0268,0.019948,0.1422,0.2134,0.1106,0.1541,318.771901,494.501655,364.355567,266.832771,124.70731
2024-06-07,107.8422,-0.4886,5.0266,0.019947,-0.9773,-1.4659,-1.0089,-1.5251,317.214296,489.66912,359.014551,264.140678,122.80535
2024-06-10,108.0926,0.2321,5.0257,0.019943,0.4642,0.6964,0.4326,0.6371,317.950628,491.942402,361.514632,265.283348,123.587769
2024-06-11,107.9096,-0.1692,5.0255,0.019942,-0.3385,-0.5077,-0.3701,-0.567,317.4125,490.27719,359.679055,264.301412,122.887032
2024-06-12,108.9591,0.9725,5.0252,0.019941,1.9451,2.9176,1.9134,2.8583,320.499434,499.81338,370.173019,269.35859,126.399565
2024-06-13,108.5739,-0.3535,5.0249,0.01994,-0.7069,-1.0604,-0.7385,-1.1196,319.366626,496.280192,366.247882,267.369248,124.984399
2024-06-14,108.2273,-0.3192,5.0246,0.019939,-0.6385,-0.9577,-0.6701,-1.0169,318.347104,493.111616,362.740334,265.577578,123.713381
2024-06-17,108.9302,0.6494,5.0238,0.019936,1.2988,1.9482,1.2672,1.889,320.41447,499.516211,369.807309,268.942898,126.050305
2024-06-18,109.2864,0.327,5.0236,0.019935,0.6541,0.9811,0.6224,0.9219,321.462358,502.783462,373.43558,270.616912,127.21235
2024-06-20,109.0938,-0.1762,5.023,0.019933,-0.3524,-0.5286,-0.3841,-0.5879,320.895909,501.011553,371.461488,269.577584,126.46452
2024-06-21,108.8016,-0.2679,5.0227,0.019931,-0.5358,-0.8037,-0.5674,-0.8629,320.036261,498.327233,368.476163,268.047952,125.37326
2024-06-24,108.9177,0.1067,5.0219,0.019928,0.2135,0.3202,0.1818,0.261,320.377867,499.39106,369.656095,268.535385,125.700481
2024-06-25,109.1306,0.1955,5.0216,0.019927,0.3909,0.5864,0.3593,0.5272,321.004078,501.34328,371.823685,269.500196,126.363125
2024-06-26,108.9661,-0.1507,5.0214,0.019926,-0.3015,-0.4522,-0.3331,-0.5114,320.520192,499.831816,370.142209,268.60245,125.716852
2024-06-27,109.1693,0.1865,5.0211,0.019925,0.373,0.5595,0.3413,0.5002,321.117924,501.696071,372.213023,269.519311,126.345749
2024-06-28,108.9951,-0.1596,5.0208,0.019924,-0.3191,-0.4787,-0.3507,-0.5379,320.60556,500.095094,370.431353,268.573991,125.666158
2024-07-01,109.1403,0.1332,5.02,0.019921,0.2664,0.3996,0.2348,0.3404,321.032579,501.427261,371.911501,269.204484,126.093885
2024-07-02,109.6532,0.4699,5.0197,0.01992,0.9399,1.4098,0.9082,1.3506,322.541194,506.139932,377.154625,271.649467,127.796875
2024-07-03,110.4951,0.7678,5.0195,0.019918,1.5356,2.3034,1.504,2.2442,325.017692,513.912304,385.842101,275.735055,130.664923
2024-07-05,111.008,0.4642,5.0189,0.019916,0.9284,1.3925,0.8967,1.3333,326.526352,518.683236,391.21508,278.207661,132.407125
2024-07-08,110.979,-0.0262,5.0181,0.019913,-0.0523,-0.0785,-0.0839,-0.1376,326.440962,518.411953,390.908158,277.974185,132.224873
2024-07-09,110.9596,-0.0174,5.0178,0.019912,-0.0349,-0.0523,-0.0665,-0.1115,326.38405,518.231192,390.703705,277.789369,132.077454
2024-07-10,112.1306,1.0553,5.0175,0.019911,2.1106,3.1659,2.079,3.1067,329.828365,529.168932,403.072939,283.564537,136.180704
2024-07-11,111.908,-0.1985,5.0173,0.01991,-0.397,-0.5955,-0.4286,-0.6547,329.173654,527.068124,400.672631,282.34913,135.289147
2024-07-12,112.6628,0.6745,5.017,0.019909,1.349,2.0235,1.3174,1.9643,331.393937,534.178295,408.780267,286.068766,137.946663
2024-07-15,112.6338,-0.0258,5.0162,0.019905,-0.0515,-0.0773,-0.0831,-0.1365,331.308547,533.903011,408.464275,285.830912,137.758398
2024-07-16,113.466,0.7389,5.0159,0.019904,1.4778,2.2167,1.4462,2.1575,333.756545,541.792898,417.518552,289.964497,140.73052
2024-07-17,112.0629,-1.2367,5.0156,0.019903,-2.4733,-3.71,-2.5049,-3.7691,329.629129,528.392684,402.028764,282.701122,135.426196
2024-07-18,111.1145,-0.8463,5.0154,0.019902,-1.6926,-2.5389,-1.7242,-2.5981,326.83948,519.449117,391.821664,277.826769,131.907732
2024-07-19,110.379,-0.6619,5.0151,0.019901,-1.3238,-1.9857,-1.3554,-2.0449,324.676086,512.572512,384.041107,274.061011,129.210342
2024-07-22,111.4822,0.9995,5.0143,0.019898,1.999,2.9984,1.9673,2.9393,327.921143,522.818582,395.556292,279.452739,133.008176
2024-07-23,111.1338,-0.3125,5.014,0.019897,-0.625,-0.9375,-0.6566,-0.9967,326.896392,519.550973,391.847961,277.617848,131.682541
2024-07-24,108.9951,-1.9244,5.0137,0.019896,-3.8488,-5.7732,-3.8804,-5.8324,320.60556,499.554376,369.225659,266.845095,124.002301
2024-07-25,108.6274,-0.3374,5.0134,0.019895,-0.6748,-1.0122,-0.7064,-1.0713,319.523874,496.1835,365.488487,264.960161,122.67384
2024-07-26,109.8758,1.1492,5.0132,0.019894,2.2984,3.4477,2.2668,3.3885,323.195905,507.587975,378.089282,270.966382,126.830651
2024-07-29,109.7306,-0.1321,5.0123,0.01989,-0.2642,-0.3963,-0.2958,-0.4555,322.768931,506.246826,376.590801,270.164818,126.252968
2024-07-30,109.45,-0.2558,5.0121,0.019889,-0.5115,-0.7673,-0.5431,-0.8264,321.943416,503.65727,373.701292,268.69751,125.209583
2024-07-31,111.1532,1.5562,5.0118,0.019888,3.1123,4.6685,3.0807,4.6093,326.953348,519.332626,391.147383,276.975305,130.980891
2024-08-01,109.1403,-1.8109,5.0115,0.019887,-3.6218,-5.4327,-3.6534,-5.4918,321.032579,500.523527,369.897622,266.856356,123.787665
2024-08-02,107.1371,-1.8355,5.0113,0.019886,-3.6709,-5.5064,-3.7025,-5.5655,315.140175,482.149775,349.529726,256.976002,116.898266
2024-08-05,104.2436,-2.7007,5.0104,0.019883,-5.4015,-8.1022,-5.4331,-8.1613,306.629061,456.106557,321.210065,243.014321,107.357791
2024-08-06,105.0275,0.7519,5.0102,0.019882,1.5039,2.2558,1.4723,2.1967,308.934756,462.965939,328.456078,246.592248,109.716142
2024-08-07,104.7565,-0.258,5.0099,0.019881,-0.516,-0.774,-0.5476,-0.8331,308.13772,460.577081,325.913877,245.241966,108.802084
2024-08-08,106.992,2.134,5.0096,0.019879,4.2679,6.4019,4.2363,6.3427,314.713246,480.234114,346.778462,255.63122,115.703125
2024-08-09,107.4371,0.4161,5.0093,0.019878,0.8321,1.2482,0.8005,1.189,316.022624,484.230184,351.106823,257.677609,117.078883
2024-08-12,107.4565,0.018,5.0085,0.019875,0.036,0.0541,0.0045,-0.005,316.079581,484.404729,351.296663,257.689114,117.072975
2024-08-13,109.1306,1.558,5.0083,0.019874,3.116,4.674,3.0844,4.6149,321.004078,499.49871,367.716192,265.63729,122.475734
2024-08-14,109.4016,0.2483,5.008,0.019873,0.4966,0.7449,0.465,0.6858,321.801137,501.979238,370.455329,266.872567,123.315666
2024-08-15,111.0177,1.4772,5.0077,0.019872,2.9544,4.4317,2.9229,4.3726,326.554853,516.80993,386.872668,274.672893,128.707713
2024-08-16,111.4532,0.3922,5.0074,0.019871,0.7845,1.1767,0.7529,1.1176,327.835753,520.864267,391.425151,276.740948,130.146192
2024-08-19,112.5951,1.0246,5.0066,0.019868,2.0492,3.0737,2.0176,3.0146,331.194678,531.537565,403.456492,282.324411,134.069615
2024-08-20,112.2854,-0.275,5.0063,0.019866,-0.5501,-0.8251,-0.5816,-0.8842,330.283795,528.613796,400.127621,280.682324,132.88419
2024-08-21,112.9338,0.5774,5.0061,0.019865,1.1549,1.7323,1.1233,1.6732,332.190951,534.718538,407.058983,283.835191,135.107598
2024-08-22,111.9854,-0.8398,5.0058,0.019864,-1.6795,-2.5193,-1.7111,-2.5784,329.401369,525.737913,396.804119,278.978557,131.624049
2024-08-23,113.6112,1.4518,5.0055,0.019863,2.9036,4.3554,2.872,4.2963,334.183586,541.003137,414.08641,286.990852,137.278986
2024-08-26,113.0886,-0.46,5.0047,0.01986,-0.9199,-1.3799,-0.9515,-1.439,332.646448,536.026253,408.372413,284.260126,135.303556
2024-08-27,113.4177,0.2909,5.0044,0.019859,0.5819,0.8728,0.5503,0.8137,333.614242,539.14526,411.936743,285.82444,136.404563
2024-08-28,112.7596,-0.5802,5.0042,0.019858,-1.1604,-1.7406,-1.192,-1.7997,331.678586,532.888933,404.766475,282.41747,133.949684
2024-08-29,112.9241,0.1459,5.0039,0.019857,0.2918,0.4377,0.2602,0.3786,332.162517,534.443941,406.538181,283.152445,134.456861
2024-08-30,113.7467,0.7284,5.0036,0.019856,1.4568,2.1853,1.4253,2.1262,334.582059,542.229946,415.422111,287.188161,137.315666
2024-09-03,111.5112,-1.9653,5.0025,0.019851,-3.9306,-5.8958,-3.9621,-5.9549,328.006578,520.917251,390.929462,275.809417,129.138636
2024-09-04,111.2693,-0.217,5.0022,0.01985,-0.4339,-0.6509,-0.4655,-0.7099,327.294932,518.656878,388.384971,274.525584,128.221819
2024-09-05,111.0758,-0.1739,5.002,0.019849,-0.3479,-0.5218,-0.3795,-0.5809,326.725611,516.852497,386.358214,273.483896,127.476972
2024-09-06,109.1887,-1.6989,5.0017,0.019848,-3.3978,-5.0967,-3.4294,-5.1558,321.174859,499.290848,366.666655,264.105145,120.904551
2024-09-09,110.3113,1.0281,5.0009,0.019845,2.0562,3.0843,2.0247,3.0253,324.476895,509.557382,377.975882,269.452409,124.562252
2024-09-10,110.4274,0.1053,5.0006,0.019844,0.2105,0.3158,0.179,0.2567,324.818433,510.630085,379.169435,269.934638,124.882031
2024-09-11,111.3274,0.815,5.0003,0.019843,1.63,2.445,1.5985,2.386,327.465713,518.953384,388.44016,274.249427,127.861665
2024-09-12,112.2854,0.8606,5.0001,0.019841,1.7211,2.5817,1.6896,2.5227,330.283795,527.885333,398.468598,278.883142,131.087195
2024-09-13,112.8757,0.5257,4.9998,0.01984,1.0514,1.5772,1.0199,1.5181,332.02017,533.435752,404.753109,281.727464,133.077256
2024-09-16,113.3112,0.3858,4.999,0.019837,0.7716,1.1574,0.74,1.0984,333.301092,537.551705,409.437679,283.812386,134.53891
2024-09-17,113.2435,-0.0598,4.9987,0.019836,-0.1195,-0.1793,-0.1511,-0.2383,333.101901,536.909187,408.703599,283.383634,134.218267
2024-09-18,112.9241,-0.282,4.9984,0.019835,-0.564,-0.846,-0.5956,-0.9051,332.162517,533.880904,405.245834,281.695906,133.003502
2024-09-19,114.9273,1.7739,4.9981,0.019834,3.5478,5.3218,3.5163,5.2627,338.054831,552.822197,426.812104,291.601206,140.003133
2024-09-20,114.4971,-0.3743,4.9979,0.019833,-0.7487,-1.123,-0.7802,-1.182,336.789371,548.683375,422.018974,289.326103,138.348243
2024-09-23,114.8661,0.3223,4.997,0.01983,0.6446,0.967,0.6131,0.9079,337.874917,552.220427,426.099752,291.099983,139.604363
2024-09-24,115.643,0.6763,4.9968,0.019828,1.3527,2.029,1.3212,1.97,340.160123,559.690279,434.745489,294.945877,142.354596
2024-09-25,115.0701,-0.4955,4.9965,0.019827,-0.9909,-1.4864,-1.0225,-1.5454,338.474758,554.144171,428.283491,291.930179,140.154638
2024-09-26,116.4977,1.2406,4.9962,0.019826,2.4812,3.7219,2.4497,3.6628,342.673942,567.893813,444.223597,299.081611,145.28828
2024-09-27,116.1577,-0.2918,4.996,0.019825,-0.5835,-0.8753,-0.6151,-0.9343,341.674124,564.57993,440.335268,297.242047,143.930816
2024-09-30,116.2451,0.0752,4.9951,0.019822,0.1505,0.2257,0.1189,0.1667,341.931192,565.429487,441.329166,297.59561,144.170756
2024-10-01,115.5071,-0.6349,4.9949,0.019821,-1.2698,-1.9048,-1.3014,-1.9638,339.760214,558.249472,432.922946,293.722816,141.339592
2024-10-02,115.6819,0.1513,4.9946,0.01982,0.3027,0.454,0.2712,0.395,340.274418,559.93922,434.888547,294.519277,141.897919
2024-10-03,115.0409,-0.5541,4.9943,0.019819,-1.1081,-1.6622,-1.1397,-1.7212,338.389076,553.734363,427.659849,291.162772,139.455575
2024-10-04,116.0606,0.8864,4.994,0.019818,1.7727,2.6591,1.7412,2.6001,341.388442,563.55059,439.031744,296.232522,143.081556
2024-10-07,115.3614,-0.6024,4.9932,0.019814,-1.2049,-1.8073,-1.2364,-1.8663,339.331758,556.760405,431.096946,292.569861,140.411176
2024-10-08,115.5556,0.1684,4.993,0.019813,0.3367,0.5051,0.3052,0.4461,339.903054,558.635119,433.27432,293.46278,141.037531
2024-10-09,116.0121,0.395,4.9927,0.019812,0.79,1.185,0.7585,1.126,341.245624,563.04818,438.408437,295.688558,142.625568
2024-10-10,115.8275,-0.1591,4.9924,0.019811,-0.3181,-0.4772,-0.3496,-0.5362,340.702851,561.257052,436.316488,294.654742,141.860872
2024-10-11,116.6239,0.6875,4.9921,0.01981,1.375,2.0626,1.3435,2.0036,343.045261,568.974594,445.315816,298.613515,144.703174
2024-10-14,117.2066,0.4996,4.9913,0.019807,0.9993,1.4989,0.9678,1.4399,344.759239,574.660199,451.990692,301.503374,146.786797
2024-10-15,116.0024,-1.0274,4.991,0.019806,-2.0549,-3.0823,-2.0864,-3.1413,341.217078,562.851732,438.059023,295.21289,142.175831
2024-10-16,116.5753,0.4939,4.9908,0.019805,0.9879,1.4818,0.9563,1.4228,342.902443,568.411891,444.550104,298.036141,144.198721
2024-10-17,116.5171,-0.05,4.9905,0.019804,-0.1,-0.1499,-0.1315,-0.2089,342.731056,567.843693,443.88353,297.644306,143.897467
2024-10-18,117.09,0.4917,4.9902,0.019802,0.9835,1.4752,0.952,1.4163,344.416421,573.428386,450.431863,300.477827,145.935439
2024-10-21,116.4879,-0.5142,4.9894,0.019799,-1.0284,-1.5427,-1.06,-1.6016,342.645352,567.530981,443.483187,297.292906,143.598088
2024-10-22,116.2063,-0.2418,4.9891,0.019798,-0.4835,-0.7253,-0.515,-0.7842,341.816965,564.78683,440.266662,295.761762,142.471923
2024-10-23,115.1963,-0.8691,4.9889,0.019797,-1.7383,-2.6074,-1.7698,-2.6664,338.846122,554.969337,428.787159,290.527463,138.673113
2024-10-24,115.4974,0.2613,4.9886,0.019796,0.5227,0.784,0.4912,0.7251,339.731668,557.870069,432.148957,291.954479,139.678587
2024-10-25,115.3031,-0.1682,4.9883,0.019795,-0.3363,-0.5045,-0.3678,-0.5635,339.160349,555.993756,429.968754,290.880564,138.891558
2024-10-28,115.9052,0.5222,4.9875,0.019792,1.0444,1.5666,1.0129,1.5076,340.931396,561.800396,436.70446,293.826816,140.985499
2024-10-29,115.8081,-0.0838,4.9872,0.019791,-0.1676,-0.2513,-0.1991,-0.3103,340.64576,560.859028,435.60683,293.241926,140.548035
2024-10-30,115.3808,-0.369,4.9869,0.019789,-0.738,-1.1069,-0.7695,-1.1659,339.38885,556.72013,430.784943,290.985568,138.909415
2024-10-31,113.7105,-1.4477,4.9867,0.019788,-2.8954,-4.3431,-2.9269,-4.402,334.475551,540.600966,412.075651,282.468784,132.794606
2024-11-01,114.1669,0.4014,4.9864,0.019787,0.8028,1.2042,0.7713,1.1453,335.818166,544.941005,417.037974,284.647534,134.315484
2024-11-04,114.1086,-0.051,4.9856,0.019784,-0.1021,-0.1531,-0.1336,-0.2121,335.646757,544.384705,416.399378,284.267316,134.030655
2024-11-05,115.4877,1.2085,4.9853,0.019783,2.417,3.6255,2.3855,3.5666,339.703077,557.54258,431.496048,291.048594,138.810987
2024-11-06,117.0026,1.3118,4.985,0.019782,2.6236,3.9354,2.5921,3.8765,344.159352,572.170432,448.477335,298.592985,144.192016
2024-11-07,118.236,1.0541,4.9848,0.019781,2.1082,3.1623,2.0767,3.1034,347.787173,584.233052,462.659679,304.793968,148.66688
2024-11-08,117.9058,-0.2793,4.9845,0.01978,-0.5585,-0.8378,-0.59,-0.8967,346.815923,580.969927,458.783529,302.99563,147.333751
2024-11-11,118.0417,0.1153,4.9837,0.019776,0.2306,0.3459,0.1991,0.287,347.215855,582.309822,460.370672,303.59904,147.756641
2024-11-12,117.0998,-0.798,4.9834,0.019775,-1.596,-2.3941,-1.6275,-2.453,344.445012,573.015954,449.349157,298.657915,144.132217
2024-11-13,116.857,-0.2073,4.9831,0.019774,-0.4147,-0.622,-0.4462,-0.6809,343.730852,570.639814,446.554167,297.325444,143.150789
2024-11-14,116.2549,-0.5153,4.9828,0.019773,-1.0305,-1.5458,-1.062,-1.6047,341.959761,564.75931,439.651483,294.167876,140.85368
2024-11-15,115.0992,-0.9941,4.9826,0.019772,-1.9881,-2.9822,-2.0196,-3.0411,338.56044,553.531101,426.540149,288.226806,136.570151
2024-11-18,115.779,0.5906,4.9817,0.019769,1.1813,1.7719,1.1498,1.713,340.560077,560.069735,434.097962,291.54079,138.909577
2024-11-19,116.0801,0.26,4.9815,0.019768,0.52,0.7801,0.4886,0.7212,341.445601,562.982318,437.484184,292.965157,139.911336
2024-11-20,116.0509,-0.0251,4.9812,0.019767,-0.0502,-0.0753,-0.0817,-0.1342,341.359896,562.699696,437.154752,292.725881,139.723575
2024-11-21,116.6045,0.477,4.9809,0.019766,0.954,1.431,0.9225,1.3721,342.98817,568.067807,443.410385,295.426336,141.640711
2024-11-22,117.1095,0.4331,4.9807,0.019765,0.8661,1.2992,0.8347,1.2403,344.473557,572.988098,449.171251,297.892184,143.397514
2024-11-25,117.6047,0.4229,4.9798,0.019761,0.8458,1.2688,0.8144,1.2099,345.930422,577.834717,454.870222,300.318165,145.132462
2024-11-26,117.6824,0.0661,4.9796,0.01976,0.1321,0.1982,0.1007,0.1393,346.158967,578.598231,455.771777,300.620487,145.334653
2024-11-27,117.5368,-0.1238,4.9793,0.019759,-0.2476,-0.3714,-0.279,-0.4302,345.730467,577.165772,454.079218,299.781636,144.709359
2024-11-29,118.4205,0.7519,4.9787,0.019757,1.5037,2.2556,1.4723,2.1967,348.329924,585.844887,464.321524,304.195274,147.88825
2024-12-02,118.673,0.2132,4.9779,0.019754,0.4265,0.6397,0.395,0.5808,349.072651,588.343226,467.291677,305.396817,148.747191
2024-12-03,118.8672,0.1637,4.9777,0.019753,0.3273,0.491,0.2959,0.4321,349.643947,590.269003,469.586001,306.300373,149.389946
2024-12-04,119.3528,0.4085,4.9774,0.019751,0.817,1.2255,0.7855,1.1666,351.072243,595.091503,475.34078,308.706493,151.132778
2024-12-05,119.3722,0.0163,4.9771,0.01975,0.0325,0.0488,0.0011,-0.0101,351.129335,595.285051,475.57268,308.709788,151.117544
2024-12-06,119.5179,0.122,4.9768,0.019749,0.2441,0.3661,0.2126,0.3073,351.557857,596.738038,477.313864,309.366187,151.581868
2024-12-09,119.2751,-0.2031,4.976,0.019746,-0.4063,-0.6094,-0.4377,-0.6683,350.84372,594.313671,474.40509,308.012023,150.568904
2024-12-10,118.5176,-0.6351,4.9757,0.019745,-1.2701,-1.9052,-1.3016,-1.9641,348.615605,586.765014,465.366629,304.002944,147.611617
2024-12-11,119.4208,0.762,4.9755,0.019744,1.5241,2.2861,1.4926,2.2273,351.272198,595.707791,476.005478,308.540586,150.899325
2024-12-12,118.6147,-0.675,4.9752,0.019743,-1.3499,-2.0249,-1.3814,-2.0838,348.90122,587.666105,466.36681,304.278446,147.754949
2024-12-13,118.4788,-0.1146,4.9749,0.019742,-0.2292,-0.3439,-0.2607,-0.4027,348.50131,586.318943,464.763165,303.485231,147.159928
2024-12-16,118.6341,0.1311,4.9741,0.019738,0.2623,0.3934,0.2308,0.3346,348.958356,587.856812,466.591721,304.185818,147.65232
2024-12-17,118.1389,-0.4175,4.9738,0.019737,-0.835,-1.2524,-0.8664,-1.3113,347.501514,582.948407,460.747897,301.550322,145.716171
2024-12-18,114.6525,-2.9511,4.9736,0.019736,-5.9022,-8.8533,-5.9336,-8.9121,337.246439,548.541768,419.956673,283.657478,132.729799
2024-12-19,114.6331,-0.0169,4.9733,0.019735,-0.0339,-0.0508,-0.0653,-0.1096,337.189348,548.356046,419.743393,283.472252,132.584298
2024-12-20,115.5596,0.8083,4.973,0.019734,1.6165,2.4248,1.5851,2.366,339.914724,557.220363,429.921283,287.965529,135.721184
2024-12-23,116.1956,0.5503,4.9722,0.019731,1.1007,1.651,1.0692,1.5922,341.785367,563.353432,437.019203,291.044505,137.882074
2024-12-24,117.1153,0.7915,4.9719,0.01973,1.583,2.3745,1.5516,2.3157,344.490636,572.27144,447.396367,295.56031,141.075021
2024-12-26,117.2522,0.117,4.9714,0.019728,0.2339,0.3509,0.2025,0.2921,344.893552,573.610099,448.966193,296.158779,141.487044
2024-12-27,116.3326,-0.7844,4.9711,0.019727,-1.5687,-2.3531,-1.6002,-2.4119,342.188328,564.611707,438.401595,291.419757,138.0745
2024-12-30,115.2074,-0.9672,4.9703,0.019723,-1.9344,-2.9016,-1.9658,-2.9604,338.878685,553.689865,425.680941,285.690944,133.986929
2024-12-31,114.9432,-0.2293,4.97,0.019722,-0.4586,-0.6879,-0.49,-0.7467,338.101622,551.150596,422.752628,284.290953,132.986419
2025-01-02,114.7084,-0.2043,4.9651,0.019703,-0.4086,-0.6129,-0.44,-0.6717,337.410891,548.898632,420.16162,283.040066,132.093202
2025-01-03,115.8923,1.0321,4.9626,0.019693,2.0641,3.0962,2.0327,3.0375,340.893223,560.228717,433.170763,288.793563,136.105497
2025-01-06,116.6065,0.6163,4.9552,0.019664,1.2326,1.8489,1.2012,1.7902,342.994139,567.134068,441.179623,292.262623,138.542058
2025-01-07,115.4618,-0.9817,4.9527,0.019654,-1.9634,-2.9451,-1.9948,-3.0038,339.62691,555.998774,428.186229,286.432591,134.380502
2025-01-08,115.5009,0.0339,4.9503,0.019644,0.0678,0.1017,0.0364,0.043,339.742014,556.375642,428.621579,286.536943,134.438313
2025-01-10,113.6517,-1.601,4.9453,0.019624,-3.202,-4.803,-3.2333,-4.8616,334.302729,538.560443,408.034826,277.27223,127.902423
2025-01-13,113.6908,0.0344,4.9379,0.019595,0.0689,0.1033,0.0376,0.0447,334.417832,538.931305,408.456295,277.376374,127.959643
2025-01-14,114.0822,0.3442,4.9355,0.019585,0.6885,1.0327,0.6572,0.9742,335.569019,542.641698,412.674458,279.199238,129.206191
2025-01-15,115.8238,1.5266,4.933,0.019575,3.0532,4.5797,3.0219,4.5212,340.691742,559.209398,431.573853,287.636289,135.047886
2025-01-16,115.9314,0.0929,4.9305,0.019566,0.1858,0.2788,0.1546,0.2203,341.008326,560.248675,432.776958,288.080905,135.345363
2025-01-17,116.9,0.8355,4.9281,0.019556,1.671,2.5066,1.6398,2.4481,343.857535,569.610708,443.624834,292.804819,138.658749
2025-01-21,118.3187,1.2136,4.9182,0.019517,2.4272,3.6407,2.3959,3.5823,348.03053,583.4361,459.776094,299.820252,143.625989
2025-01-22,118.622,0.2563,4.9158,0.019507,0.5127,0.769,0.4815,0.7107,348.922696,586.427343,463.311962,301.26383,144.646685
2025-01-23,119.258,0.5361,4.9133,0.019497,1.0723,1.6084,1.041,1.55,350.793361,592.715321,470.763769,304.400132,146.888735
2025-01-24,119.2678,0.0082,4.9108,0.019487,0.0164,0.0246,-0.0148,-0.0337,350.822154,592.81262,470.879688,304.355148,146.83921
2025-01-27,117.9078,-1.1403,4.9034,0.019458,-2.2806,-3.4208,-2.3117,-3.4791,346.821803,579.293184,454.771661,297.319301,141.7305
2025-01-28,118.671,0.6473,4.901,0.019448,1.2945,1.9418,1.2634,1.8835,349.066637,586.792234,463.602308,301.075522,144.400015
2025-01-29,118.3089,-0.3051,4.8985,0.019438,-0.6101,-0.9152,-0.6413,-0.9734,348.00176,583.21205,459.359456,299.144807,142.994376
2025-01-30,119.3069,0.8435,4.896,0.019429,1.6871,2.5306,1.6559,2.4724,350.937257,593.05118,470.983952,304.098417,146.529719
2025-01-31,118.4557,-0.7135,4.8936,0.019419,-1.4269,-2.1404,-1.4581,-2.1986,348.433447,584.588769,460.903052,299.664501,143.308125
2025-02-03,117.5262,-0.7847,4.8862,0.01939,-1.5693,-2.354,-1.6004,-2.4121,345.69943,575.414706,450.053492,294.868625,139.851357
2025-02-04,118.622,0.9324,4.8837,0.01938,1.8648,2.7972,1.8337,2.739,348.922696,586.144921,462.64225,300.275612,143.681948
2025-02-05,119.2482,0.5279,4.8812,0.01937,1.0558,1.5836,1.0247,1.5255,350.764591,592.333211,469.968845,303.35249,145.873869
2025-02-06,119.6396,0.3282,4.8788,0.01936,0.6564,0.9846,0.6253,0.9265,351.915756,596.221135,474.595979,305.249377,147.225356
2025-02-07,118.671,-0.8096,4.8763,0.01935,-1.6192,-2.4288,-1.6503,-2.4869,349.066637,586.567091,463.068954,300.211963,143.564047
2025-02-10,119.4537,0.6596,4.8689,0.019321,1.3191,1.9787,1.2881,1.9207,351.368966,594.304701,472.231709,304.079015,146.321474
2025-02-11,119.5222,0.0573,4.8664,0.019311,0.1147,0.172,0.0837,0.114,351.570425,594.986193,473.043974,304.333386,146.488307
2025-02-12,119.4048,-0.0982,4.864,0.019301,-0.1965,-0.2947,-0.2275,-0.3526,351.225093,593.817338,471.650026,303.641153,145.971725
2025-02-13,120.6962,1.0816,4.8615,0.019292,2.1632,3.2448,2.1322,3.1868,355.023941,606.662786,486.954117,310.115392,150.623624
2025-02-14,120.8234,0.1054,4.859,0.019282,0.2108,0.3162,0.1798,0.2582,355.398088,607.941465,488.493665,310.672931,151.012579
2025-02-18,121.2931,0.3887,4.8492,0.019243,0.7774,1.1661,0.7465,1.1083,356.779526,612.667622,494.190014,312.991961,152.686183
2025-02-19,121.1463,-0.121,4.8467,0.019233,-0.242,-0.363,-0.2729,-0.4208,356.347817,611.184945,492.396079,312.137673,152.043624
2025-02-20,120.98,-0.1373,4.8442,0.019223,-0.2746,-0.4119,-0.3055,-0.4697,355.858567,609.506687,490.367966,311.184028,151.329478
2025-02-21,119.2776,-1.4072,4.8418,0.019213,-2.8144,-4.2216,-2.8453,-4.2794,350.850969,592.35288,469.666772,302.329924,144.853552
2025-02-24,118.6905,-0.4922,4.8344,0.019184,-0.9843,-1.4765,-1.0152,-1.5343,349.124177,586.522084,462.73206,299.260563,142.631136
2025-02-25,118.5535,-0.1154,4.8319,0.019174,-0.2308,-0.3462,-0.2617,-0.404,348.721238,585.168223,461.129883,298.477371,142.054968
2025-02-26,118.7296,0.1485,4.8295,0.019164,0.2971,0.4456,0.2662,0.388,349.239258,586.906739,463.184886,299.271995,142.606072
2025-02-27,116.9392,-1.508,4.827,0.019155,-3.0161,-4.5241,-3.0469,-4.5818,343.972616,569.20525,442.229949,290.153398,136.072186
2025-02-28,117.9665,0.8785,4.8245,0.019145,1.757,2.6355,1.7262,2.5779,346.994468,579.206361,453.885124,295.161967,139.579979
2025-03-03,116.7141,-1.0616,4.8171,0.019116,-2.1232,-3.1849,-2.1541,-3.2425,343.310701,566.908403,439.429499,288.803987,135.054154
2025-03-04,115.8629,-0.7293,4.8147,0.019106,-1.4586,-2.188,-1.4895,-2.2455,340.806868,558.639253,429.81496,284.502391,132.021464
2025-03-05,117.7806,1.6551,4.8122,0.019096,3.3103,4.9654,3.2795,4.9078,346.447656,577.131637,451.156917,293.832512,138.500847
2025-03-06,116.0292,-1.487,4.8097,0.019086,-2.9739,-4.4609,-3.0047,-4.5184,341.29614,559.968277,431.031434,285.003727,132.242827
2025-03-07,116.763,0.6324,4.8073,0.019076,1.2649,1.8973,1.2341,1.8398,343.454596,567.051082,439.20934,288.520888,134.67579
2025-03-10,113.7887,-2.5473,4.7999,0.019047,-5.0947,-7.642,-5.1254,-7.6995,334.705645,538.161662,405.644894,273.732951,124.306462
2025-03-11,113.3288,-0.4041,4.7974,0.019037,-0.8083,-1.2124,-0.839,-1.2698,333.353,533.811918,400.726898,271.436322,122.727982
2025-03-12,113.9452,0.5439,4.7949,0.019028,1.0878,1.6317,1.0571,1.5743,335.166102,539.618709,407.265542,274.305576,124.660059
2025-03-13,112.595,-1.185,4.7925,0.019018,-2.3699,-3.5549,-2.4006,-3.6123,331.194521,526.830187,392.787752,267.720481,120.156991
2025-03-14,114.9334,2.0768,4.79,0.019008,4.1536,6.2305,4.1229,6.1731,338.072829,548.712798,417.260215,278.758388,127.574371
2025-03-17,116.0782,0.996,4.7826,0.018979,1.992,2.988,1.9613,2.9307,341.440058,559.643233,429.728037,284.225757,131.313191
2025-03-18,115.2465,-0.7165,4.7801,0.018969,-1.4329,-2.1494,-1.4636,-2.2067,338.993765,551.623957,420.491506,280.065824,128.415513
2025-03-19,116.1956,0.8235,4.7777,0.018959,1.647,2.4705,1.6163,2.4132,341.785367,560.709164,430.879704,284.592605,131.514444
2025-03-20,115.6966,-0.4294,4.7752,0.018949,-0.8589,-1.2883,-0.8895,-1.3456,340.317641,555.893466,425.328734,282.061114,129.74485
2025-03-21,115.4365,-0.2248,4.7727,0.018939,-0.4497,-0.6745,-0.4803,-0.7318,339.552472,553.393728,422.459811,280.706303,128.795425
2025-03-24,116.899,1.267,4.7653,0.01891,2.534,3.801,2.5034,3.7438,343.854618,567.416779,438.51757,287.733486,133.617306
2025-03-25,117.1248,0.1931,4.7629,0.0189,0.3863,0.5794,0.3557,0.5222,344.51871,569.608501,441.058318,288.756829,134.315095
2025-03-26,115.8487,-1.0895,4.7604,0.018891,-2.179,-3.2685,-2.2096,-3.3257,340.765171,557.196708,426.642299,282.376455,129.848241
2025-03-27,115.7211,-0.1102,4.7579,0.018881,-0.2203,-0.3305,-0.2509,-0.3876,340.389791,555.969112,425.232355,281.667963,129.344948
2025-03-28,113.6892,-1.7559,4.7555,0.018871,-3.5117,-5.2676,-3.5423,-5.3247,334.412984,536.444909,402.832757,271.690383,122.457691
2025-03-31,113.8168,0.1122,4.7481,0.018842,0.2245,0.3367,0.1939,0.2797,334.78832,537.649091,404.189142,272.217263,122.80016
2025-04-01,114.1898,0.3277,4.7456,0.018832,0.6555,0.9832,0.6249,0.9262,335.885535,541.173209,408.163138,273.91843,123.937503
2025-04-02,114.8671,0.5931,4.7432,0.018822,1.1863,1.7794,1.1558,1.7224,337.877811,547.593054,415.426092,277.084254,126.072221
2025-04-03,110.3321,-3.948,4.7407,0.018812,-7.8961,-11.8441,-7.9266,-11.9011,324.538272,504.354707,366.222571,255.120917,111.068241
2025-04-04,103.7554,-5.9609,4.7382,0.018802,-11.9217,-17.8826,-11.9522,-17.9395,305.193022,444.227018,300.7326,224.628316,91.143121
2025-04-07,102.5088,-1.2015,4.7308,0.018773,-2.403,-3.6045,-2.4335,-3.6615,301.526086,433.55212,289.892569,219.161969,87.805958
2025-04-08,101.2621,-1.2161,4.7284,0.018763,-2.4323,-3.6484,-2.4627,-3.7053,297.859149,423.007042,279.316194,213.764621,84.552511
2025-04-09,109.9199,8.5498,4.7259,0.018754,17.0996,25.6495,17.0692,25.5926,323.325573,495.33973,350.959296,250.252493,106.191689
2025-04-10,106.8573,-2.7862,4.7234,0.018744,-5.5724,-8.3586,-5.6029,-8.4155,314.31704,467.737309,321.623896,236.231165,97.255143
2025-04-11,109.0659,2.0669,4.721,0.018734,4.1337,6.2006,4.1033,6.1438,320.813571,487.072374,341.56656,245.924448,103.230288
2025-04-14,110.0965,0.945,4.7136,0.018705,1.89,2.835,1.8596,2.7783,323.845298,496.278159,351.250095,250.497691,106.098296
2025-04-15,110.2045,0.0981,4.7111,0.018695,0.1961,0.2942,0.1657,0.2375,324.162892,497.251554,352.283504,250.912861,106.35023
2025-04-16,108.5652,-1.4875,4.7086,0.018685,-2.975,-4.4625,-3.0054,-4.5192,319.340998,482.45841,336.562947,243.371993,101.544042
2025-04-17,109.1346,0.5244,4.7062,0.018675,1.0489,1.5733,1.0185,1.5166,321.015703,487.518678,341.858011,245.850661,103.084019
2025-04-21,107.4462,-1.547,4.6963,0.018636,-3.0941,-4.6411,-3.1244,-4.6978,316.049442,472.434401,325.991909,238.169218,98.241363
2025-04-22,109.7922,2.1834,4.6938,0.018626,4.3669,6.5503,4.3365,6.4937,322.950192,493.065044,347.345422,248.497539,104.620865
2025-04-23,111.1959,1.2785,4.6914,0.018617,2.557,3.8355,2.5267,3.7789,327.079134,505.67279,360.667932,254.776306,108.574407
2025-04-24,113.1297,1.7391,4.6889,0.018607,3.4781,5.2172,3.4478,5.1606,332.767206,523.260604,379.484528,263.560454,114.17747
2025-04-25,113.6696,0.4772,4.6864,0.018597,0.9545,1.4317,0.9242,1.3751,334.355287,528.254966,384.917624,265.99619,115.747576
2025-04-28,113.9935,0.285,4.679,0.018568,0.5699,0.8549,0.5396,0.7984,335.308068,531.265604,388.208215,267.431632,116.671683
2025-04-29,114.5138,0.4564,4.6766,0.018558,0.9128,1.3692,0.8825,1.3127,336.838383,536.1149,393.523456,269.791763,118.203223
2025-04-30,114.4549,-0.0514,4.6741,0.018548,-0.1029,-0.1543,-0.1331,-0.2108,336.665134,535.56341,392.916243,269.43261,117.954095
2025-05-01,114.8671,0.3602,4.6716,0.018538,0.7204,1.0806,0.6902,1.0242,337.877811,539.421639,397.162129,271.292129,119.162141
2025-05-02,116.8696,1.7433,4.6692,0.018528,3.4866,5.2299,3.4564,5.1735,343.768016,558.229051,417.933241,280.668944,125.326947
2025-05-05,116.6144,-0.2184,4.6618,0.018499,-0.4367,-0.6551,-0.467,-0.7115,343.017321,555.791015,415.195289,279.35836,124.435271
2025-05-06,115.9567,-0.564,4.6593,0.018489,-1.128,-1.6919,-1.1582,-1.7483,341.082765,549.521891,408.170408,276.122943,122.259781
2025-05-07,116.0352,0.0677,4.6568,0.01848,0.1354,0.2032,0.1053,0.1468,341.313756,550.266196,408.999683,276.41359,122.439313
2025-05-08,116.4377,0.3468,4.6544,0.01847,0.6937,1.0405,0.6635,0.9842,342.497596,554.08337,413.255504,278.247649,123.644409
2025-05-09,116.6046,0.1433,4.6519,0.01846,0.2866,0.4299,0.2565,0.3737,342.988439,555.671515,415.032248,278.961241,124.10641
2025-05-12,119.4905,2.475,4.6445,0.018431,4.9499,7.4249,4.9198,7.3686,351.477247,583.17675,445.847826,292.685498,133.251362
2025-05-13,120.0794,0.4929,4.6421,0.018421,0.9858,1.4787,0.9557,1.4225,353.209649,588.92561,452.440468,295.482566,135.14682
2025-05-14,120.0794,0.0,4.6396,0.018411,0.0,0.0,-0.0301,-0.0562,353.209649,588.92561,452.440468,295.393574,135.070885
2025-05-15,120.7567,0.564,4.6371,0.018401,1.1281,1.6921,1.098,1.636,355.201926,595.569271,460.096429,298.636968,137.280618
2025-05-16,121.3457,0.4877,4.6347,0.018391,0.9754,1.4632,0.9453,1.407,356.934328,601.378731,466.828421,301.460129,139.212186
2025-05-19,121.6794,0.275,4.6273,0.018362,0.5501,0.8251,0.52,0.769,357.916014,604.686706,470.680212,303.027712,140.282739
2025-05-20,121.5518,-0.1049,4.6248,0.018352,-0.2097,-0.3146,-0.2398,-0.3707,357.5407,603.418547,469.199535,302.301111,139.762778
2025-05-21,120.0303,-1.2517,4.6223,0.018343,-2.5035,-3.7552,-2.5335,-3.8112,353.06526,588.312219,451.580217,294.642292,134.436088
2025-05-22,119.942,-0.0736,4.6199,0.018333,-0.1472,-0.2208,-0.1772,-0.2768,352.805431,587.446313,450.583232,294.120116,134.063958
2025-05-23,119.6672,-0.2291,4.6174,0.018323,-0.4583,-0.6874,-0.4883,-0.7434,351.996995,584.754104,447.485763,292.68387,133.067264
2025-05-27,121.6107,1.6241,4.6075,0.018284,3.2483,4.8724,3.2183,4.8165,357.713905,603.748508,469.289096,302.103262,139.476416
2025-05-28,120.7764,-0.6861,4.6051,0.018274,-1.3722,-2.0583,-1.4022,-2.1142,355.259668,595.464001,459.629869,297.867293,136.527632
2025-05-29,121.2672,0.4064,4.6026,0.018264,0.8127,1.2191,0.7828,1.1632,356.703337,600.303575,465.233263,300.198907,138.115744
2025-05-30,121.1003,-0.1376,4.6001,0.018255,-0.2752,-0.4128,-0.3052,-0.4687,356.212516,598.651551,463.312793,299.282823,137.468435
2025-06-02,121.9052,0.6647,4.5927,0.018225,1.3293,1.994,1.2994,1.9382,358.580128,606.609579,472.551197,303.171687,140.132812
2025-06-03,122.2193,0.2577,4.5903,0.018215,0.5153,0.773,0.4854,0.7172,359.504072,609.735647,476.204025,304.643321,141.137852
2025-06-04,122.504,0.2329,4.5878,0.018206,0.4658,0.6987,0.4359,0.643,360.341413,612.575987,479.531487,305.97132,142.045327
2025-06-05,122.1702,-0.2724,4.5853,0.018196,-0.5449,-0.8173,-0.5748,-0.8731,359.359683,609.238127,475.612114,304.212624,140.805143
2025-06-06,123.1224,0.7794,4.5829,0.018186,1.5587,2.3381,1.5289,2.2824,362.16044,618.73462,486.732512,308.863599,144.018861
2025-06-09,123.3285,0.1674,4.5755,0.018157,0.3349,0.5023,0.305,0.4466,362.76679,620.806462,489.177259,309.805597,144.662047
2025-06-10,123.9175,0.4775,4.573,0.018147,0.9551,1.4326,0.9252,1.377,364.49917,626.735741,496.185405,312.672041,146.654015
2025-06-11,123.6819,-0.1901,4.5705,0.018137,-0.3802,-0.5703,-0.4101,-0.626,363.80624,624.352835,493.355592,311.389922,145.73603
2025-06-12,124.212,0.4286,4.5681,0.018127,0.8571,1.2857,0.8273,1.2301,365.365394,629.704374,499.698669,313.966051,147.528702
2025-06-13,122.6512,-1.2565,4.5656,0.018118,-2.513,-3.7696,-2.5429,-3.8252,360.774514,613.879683,480.862266,305.982338,141.885504
2025-06-16,123.7212,0.8723,4.5582,0.018088,1.7447,2.617,1.7149,2.5615,363.921725,624.590024,493.446651,311.229637,145.519907
2025-06-17,122.5138,-0.9759,4.5558,0.018078,-1.9518,-2.9277,-1.9816,-2.9832,360.370273,612.399483,479.000258,305.062461,141.178798
2025-06-18,122.5825,0.0561,4.5533,0.018069,0.1122,0.1683,0.0824,0.1128,360.572405,613.086472,479.806271,305.313847,141.338002
2025-06-20,122.045,-0.4385,4.5484,0.018049,-0.877,-1.3155,-0.9068,-1.371,358.991236,607.709505,473.494186,302.545299,139.400241
2025-06-23,123.2088,0.9536,4.541,0.01802,1.9072,2.8608,1.8775,2.8054,362.414636,619.299943,487.040144,308.225608,143.311039
2025-06-24,124.7573,1.2568,4.5385,0.01801,2.5136,3.7704,2.4839,3.715,366.969475,634.866706,505.403552,315.881594,148.635079
2025-06-25,124.5403,-0.1739,4.536,0.018,-0.3479,-0.5218,-0.3776,-0.5771,366.331213,632.658287,502.766441,314.688945,147.777234
2025-06-26,125.7042,0.9345,4.5336,0.01799,1.869,2.8035,1.8393,2.7482,369.754591,644.482713,516.86155,320.477051,151.838395
2025-06-27,126.2466,0.4315,4.5311,0.017981,0.8631,1.2946,0.8334,1.2393,371.350234,650.04513,523.552961,323.147892,153.720124
2025-06-30,126.7595,0.4063,4.5237,0.017951,0.8125,1.2188,0.7829,1.1635,372.858894,655.326919,529.933971,325.677717,155.508692
2025-07-01,126.7694,0.0078,4.5212,0.017941,0.0155,0.0233,-0.0141,-0.0319,372.887866,655.42876,530.057503,325.631773,155.459028
2025-07-02,127.3414,0.4513,4.5188,0.017932,0.9025,1.3538,0.8729,1.2986,374.57056,661.344137,537.233317,328.474155,157.477744
2025-07-03,128.0121,0.5267,4.5163,0.017922,1.0533,1.58,1.0237,1.5248,376.543312,668.310344,545.721663,331.836786,159.878968
2025-07-07,126.8483,-0.9092,4.5064,0.017883,-1.8183,-2.7275,-1.8479,-2.7826,373.119957,656.158416,530.837327,325.704789,155.430192
2025-07-08,127.1146,0.2099,4.504,0.017873,0.4199,0.6298,0.3903,0.5747,373.903304,658.91356,534.180726,326.97605,156.323487
2025-07-09,127.874,0.5974,4.5015,0.017863,1.1949,1.7923,1.1653,1.7373,376.137186,666.786909,543.755103,330.786398,159.039227
2025-07-10,128.1107,0.1851,4.499,0.017853,0.3702,0.5553,0.3407,0.5002,376.833437,669.255428,546.774666,331.913226,159.834813
2025-07-11,127.4697,-0.5004,4.4966,0.017844,-1.0008,-1.5012,-1.0304,-1.5563,374.947714,662.557346,538.566272,328.493272,157.347318
2025-07-14,127.6965,0.178,4.4892,0.017814,0.3559,0.5339,0.3264,0.4789,375.614993,664.915597,541.441664,329.565511,158.100861
2025-07-15,127.0455,-0.5098,4.4867,0.017804,-1.0196,-1.5293,-1.0491,-1.5843,373.700185,658.136392,533.161189,326.108139,155.59605
2025-07-16,127.5486,0.3959,4.4842,0.017795,0.7919,1.1878,0.7624,1.1329,375.179827,663.348092,539.494245,328.594344,157.358761
2025-07-17,128.1995,0.5104,4.4818,0.017785,1.0207,1.5311,0.9912,1.4761,377.094568,670.118922,547.754216,331.851418,159.681571
2025-07-18,128.091,-0.0846,4.4793,0.017775,-0.1693,-0.2539,-0.1988,-0.3088,376.775403,668.984574,546.363395,331.19184,159.188429
2025-07-21,128.4066,0.2464,4.4719,0.017746,0.4928,0.7393,0.4634,0.6844,377.703858,672.281613,550.402459,332.726551,160.277925
2025-07-22,128.7617,0.2765,4.4695,0.017736,0.553,0.8295,0.5236,0.7747,378.748245,675.99946,554.968207,334.468631,161.519585
2025-07-23,130.2411,1.149,4.467,0.017726,2.298,3.4469,2.2685,3.3921,383.099987,691.533659,574.09763,342.056144,166.998529
2025-07-24,129.896,-0.265,4.4645,0.017716,-0.5301,-0.7951,-0.5595,-0.8499,382.084594,687.867888,569.532754,340.142287,165.579146
2025-07-25,130.1721,0.2126,4.4621,0.017707,0.4252,0.6378,0.3958,0.583,382.896891,690.792647,573.165165,341.488499,166.544488
2025-07-28,129.5212,-0.5001,4.4547,0.017677,-1.0001,-1.5002,-1.0295,-1.5549,380.982173,683.883877,564.566638,337.972855,163.954884
2025-07-29,129.2845,-0.1828,4.4522,0.017667,-0.3655,-0.5483,-0.3949,-0.603,380.285899,681.38418,561.471275,336.638239,162.966281
2025-07-30,128.8307,-0.3509,4.4497,0.017658,-0.7019,-1.0528,-0.7313,-1.1075,378.951297,676.601583,555.559873,334.176544,161.161394
2025-07-31,128.1502,-0.5283,4.4473,0.017648,-1.0565,-1.5848,-1.0859,-1.6394,376.94946,669.453194,546.755523,330.547828,158.519264
2025-08-01,126.651,-1.1698,4.4448,0.017638,-2.3397,-3.5095,-2.369,-3.5642,372.539752,653.79012,527.567014,322.717063,152.869377
2025-08-04,128.4264,1.4018,4.4374,0.017609,2.8035,4.2053,2.7742,4.1507,377.761847,672.119193,549.752607,331.669864,159.2145
2025-08-05,128.1699,-0.1997,4.4349,0.017599,-0.3994,-0.599,-0.4287,-0.6536,377.007539,669.435044,546.459402,330.248124,158.173879
2025-08-06,129.0083,0.6541,4.4325,0.017589,1.3082,1.9623,1.2789,1.9077,379.473513,678.192478,557.182433,334.471625,161.191411
2025-08-07,129.245,0.1835,4.43,0.017579,0.367,0.5505,0.3377,0.496,380.169831,680.681388,560.249654,335.601156,161.990862
2025-08-08,130.0045,0.5876,4.4275,0.01757,1.1752,1.7628,1.146,1.7083,382.403759,688.680934,570.125954,339.446978,164.758208
2025-08-11,129.6592,-0.2655,4.4201,0.01754,-0.5311,-0.7966,-0.5603,-0.8511,381.388321,685.023476,565.584203,337.544961,163.356004
2025-08-12,131.2077,1.1943,4.4177,0.01753,2.3886,3.5828,2.3593,3.5284,385.94316,701.385652,585.848155,345.508727,169.119873
2025-08-13,131.8686,0.5036,4.4152,0.017521,1.0073,1.5109,0.9781,1.4565,387.886962,708.450709,594.700026,348.888054,171.583177
2025-08-14,131.5529,-0.2393,4.4127,0.017511,-0.4787,-0.718,-0.5079,-0.7724,386.958598,705.059512,590.42998,347.116069,170.257863
2025-08-15,131.5529,0.0,4.4103,0.017501,0.0,0.0,-0.0292,-0.0544,386.958598,705.059512,590.42998,347.014685,170.165298
2025-08-18,131.622,0.0525,4.4029,0.017472,0.1049,0.1574,0.0758,0.1031,387.161649,705.799455,591.359442,347.277616,170.34076
2025-08-19,131.0203,-0.4571,4.4004,0.017462,-0.9142,-1.3713,-0.9434,-1.4256,385.391904,699.346929,583.249996,344.001457,167.912362
2025-08-20,130.8527,-0.128,4.3979,0.017452,-0.2559,-0.3839,-0.2851,-0.4382,384.898727,697.557054,581.010882,343.02073,167.176617
2025-08-21,130.3792,-0.3618,4.3955,0.017442,-0.7236,-1.0854,-0.7527,-1.1396,383.50618,692.509592,574.704667,340.438676,165.271411
2025-08-22,132.6083,1.7097,4.393,0.017433,3.4193,5.129,3.3902,5.0747,390.062811,716.188633,604.181057,351.980125,173.658494
2025-08-25,131.7403,-0.6545,4.3856,0.017403,-1.309,-1.9635,-1.3381,-2.0177,387.509808,706.813573,592.317771,347.270171,170.15458
2025-08-26,132.0855,0.262,4.3832,0.017393,0.5241,0.7861,0.495,0.7319,388.525201,710.517704,596.973926,348.989022,171.400008
2025-08-27,132.1447,0.0448,4.3807,0.017384,0.0896,0.1344,0.0605,0.0802,388.699214,711.154156,597.776042,349.200111,171.537524
2025-08-28,132.6675,0.3956,4.3782,0.017374,0.7912,1.1868,0.7621,1.1327,390.236913,716.780826,604.870471,351.861443,173.480514
2025-08-29,131.9376,-0.5502,4.3758,0.017364,-1.1003,-1.6505,-1.1294,-1.7046,388.090014,708.894047,594.887337,347.887605,170.52345
2025-09-02,130.9907,-0.7177,4.3659,0.017325,-1.4353,-2.153,-1.4643,-2.207,385.304875,698.719253,582.079663,342.793359,166.760043
2025-09-03,131.474,0.369,4.3634,0.017315,0.7379,1.1069,0.7089,1.0529,386.726506,703.875279,588.522633,345.223434,168.515847
2025-09-04,132.411,0.7127,4.361,0.017305,1.4253,2.138,1.3963,2.084,389.48256,713.907787,601.105169,350.043833,172.027736
2025-09-05,132.5392,0.0968,4.3585,0.017296,0.1937,0.2905,0.1647,0.2366,389.859759,715.29057,602.851609,350.620321,172.434723
2025-09-08,133.2592,0.5432,4.3511,0.017266,1.0865,1.6297,1.0575,1.5758,391.977619,723.062005,612.676335,354.32813,175.151968
2025-09-09,133.3875,0.0962,4.3486,0.017256,0.1924,0.2887,0.1635,0.2348,392.354772,724.453439,614.444853,354.907363,175.563184
2025-09-10,133.6735,0.2144,4.3462,0.017247,0.4289,0.6433,0.3999,0.5894,393.196108,727.560366,618.39756,356.32668,176.598022
2025-09-11,134.9951,0.9887,4.3437,0.017237,1.9774,2.9661,1.9485,2.9123,397.083668,741.947255,636.739991,363.269605,181.741057
2025-09-12,134.7288,-0.1973,4.3412,0.017227,-0.3945,-0.5918,-0.4235,-0.6456,396.300366,739.02007,632.971821,361.731301,180.567718
2025-09-15,135.4883,0.5637,4.3338,0.017198,1.1274,1.6911,1.0985,1.6373,398.534249,747.351549,643.675708,365.70479,183.524139
2025-09-16,135.439,-0.0364,4.3314,0.017188,-0.0728,-0.1092,-0.1017,-0.1629,398.389231,746.80766,642.97305,365.332979,183.22517
2025-09-17,135.2417,-0.1457,4.3289,0.017178,-0.2913,-0.437,-0.3202,-0.4907,397.808936,744.632055,640.16338,364.163163,182.32608
2025-09-18,135.8729,0.4667,4.3264,0.017168,0.9335,1.4002,0.9046,1.3465,399.665665,751.58303,649.127054,367.457394,184.781128
2025-09-19,136.059,0.137,4.324,0.017159,0.2739,0.4109,0.2451,0.3572,400.213061,753.641817,651.794254,368.357892,185.44118
2025-09-22,136.6133,0.4074,4.3166,0.017129,0.8147,1.2221,0.7859,1.1684,401.843354,759.781832,659.759629,371.252732,187.607959
2025-09-23,136.0986,-0.3767,4.3141,0.017119,-0.7535,-1.1302,-0.7823,-1.1838,400.329488,754.057174,652.303083,368.348472,185.387065
2025-09-24,135.485,-0.4509,4.3116,0.01711,-0.9018,-1.3527,-0.9306,-1.4062,398.524464,747.25732,643.479684,364.920676,182.780082
2025-09-25,134.7229,-0.5625,4.3092,0.0171,-1.125,-1.6875,-1.1538,-1.741,396.282817,738.850873,632.621219,360.710295,179.597834
2025-09-26,135.4553,0.5436,4.3067,0.01709,1.0873,1.6309,1.0585,1.5774,398.437166,746.884242,642.938754,364.52835,182.430762
2025-09-29,135.9699,0.38,4.2993,0.017061,0.7599,1.1399,0.7311,1.0864,399.951032,752.559831,650.267311,367.193544,184.412629
2025-09-30,136.3856,0.3057,4.2968,0.017051,0.6115,0.9172,0.5827,0.8637,401.173786,757.16137,656.231416,369.333159,186.00542
2025-10-01,137.0883,0.5152,4.2944,0.017041,1.0305,1.5457,1.0017,1.4922,403.240748,764.963593,666.374691,373.032805,188.781063
2025-10-02,137.2863,0.1444,4.2919,0.017031,0.2888,0.4332,0.2601,0.3798,403.823018,767.172771,669.261378,374.002905,189.497988
2025-10-03,137.6525,0.2667,4.2895,0.017022,0.5335,0.8002,0.5048,0.7468,404.900215,771.265636,674.617139,375.890765,190.913237
2025-10-06,138.1474,0.3595,4.2821,0.016992,0.719,1.0785,0.6903,1.0251,406.355823,776.811003,681.892842,378.485528,192.870372
2025-10-07,137.2962,-0.6161,4.2796,0.016982,-1.2323,-1.8484,-1.261,-1.9017,403.852102,767.238517,669.288599,373.712944,189.20246
2025-10-08,138.0385,0.5407,4.2771,0.016973,1.0813,1.622,1.0526,1.5687,406.035581,775.534866,680.144386,377.646822,192.170438
2025-10-09,137.316,-0.5234,4.2747,0.016963,-1.0468,-1.5702,-1.0755,-1.6235,403.910361,767.416452,669.464607,373.58529,189.050526
2025-10-10,133.7727,-2.5804,4.2722,0.016953,-5.1607,-7.7411,-5.1894,-7.7943,393.488029,727.812273,617.640863,354.198549,174.315277
2025-10-13,135.9106,1.5981,4.2648,0.016924,3.1962,4.7943,3.1676,4.7411,399.776392,751.074724,647.252565,365.418092,182.579757
2025-10-14,135.8413,-0.051,4.2623,0.016914,-0.102,-0.153,-0.1306,-0.2062,399.572532,750.308727,646.262397,364.940829,182.203327
2025-10-15,136.6034,0.561,4.2599,0.016904,1.122,1.6831,1.0934,1.6299,401.814225,758.72753,657.139432,368.931219,185.173049
2025-10-16,136.2372,-0.2681,4.2574,0.016894,-0.5362,-0.8043,-0.5648,-0.8574,400.737027,754.659485,651.854387,366.847615,183.585367
2025-10-17,136.6628,0.3124,4.2549,0.016885,0.6248,0.9372,0.5962,0.8841,401.98891,759.374523,657.96347,369.034757,185.208355
2025-10-20,138.0187,0.9922,4.2475,0.016855,1.9843,2.9765,1.9558,2.9234,405.977323,774.443092,677.547814,376.252258,190.622799
2025-10-21,137.6624,-0.2581,4.2451,0.016846,-0.5163,-0.7744,-0.5448,-0.8275,404.929299,770.444671,672.300581,374.202254,189.045394
2025-10-22,137.0685,-0.4314,4.2426,0.016836,-0.8628,-1.2941,-0.8913,-1.3472,403.182534,763.797654,663.600165,370.867016,186.498645
2025-10-23,137.9692,0.6571,4.2401,0.016826,1.3142,1.9712,1.2856,1.9182,405.831766,773.835178,676.681318,375.634986,190.076105
2025-10-24,138.8402,0.6313,4.2377,0.016816,1.2626,1.8939,1.2341,1.8409,408.393745,783.60548,689.4968,380.270544,193.575169
2025-10-27,140.2258,0.998,4.2303,0.016787,1.996,2.994,1.9675,2.941,412.469456,799.246018,710.140034,387.752283,199.268249
2025-10-28,140.3248,0.0706,4.2278,0.016777,0.1412,0.2118,0.1127,0.1588,412.760613,800.374375,711.643873,388.189258,199.584782
2025-10-29,140.1367,-0.134,4.2253,0.016767,-0.268,-0.402,-0.2965,-0.4549,412.207472,798.229211,708.78285,387.038301,198.676811
2025-10-30,138.8996,-0.8828,4.2229,0.016757,-1.7657,-2.6485,-1.7941,-2.7014,408.568386,784.135215,690.010832,380.094364,193.309823
2025-10-31,139.147,0.1781,4.2204,0.016748,0.3563,0.5344,0.3278,0.4816,409.296212,786.928942,693.698401,381.340417,194.240728
2025-11-03,139.3152,0.1209,4.213,0.016718,0.2418,0.3628,0.2134,0.31,409.791139,788.832075,696.214893,382.154267,194.842802
2025-11-04,137.5634,-1.2575,4.2105,0.016709,-2.5149,-3.7724,-2.5433,-3.8252,404.638187,768.993607,669.951058,372.434818,187.389759
2025-11-05,138.3156,0.5468,4.2081,0.016699,1.0936,1.6404,1.0652,1.5876,406.850705,777.403156,680.94072,376.401895,190.364769
2025-11-06,137.0784,-0.8944,4.2056,0.016689,-1.7889,-2.6833,-1.8173,-2.7361,403.211664,763.496324,662.668871,369.561625,185.156261
2025-11-07,137.4051,0.2383,4.2032,0.016679,0.4765,0.7148,0.4482,0.6621,404.172389,767.134662,667.405659,371.217819,186.382146
2025-11-10,139.3251,1.3974,4.1958,0.01665,2.7948,4.1922,2.7664,4.1395,409.820269,788.574446,695.384514,381.487305,194.097465
2025-11-11,139.7012,0.2699,4.1933,0.01664,0.5399,0.8098,0.5115,0.7572,410.926505,792.831677,701.015713,383.438681,195.567077
2025-11-12,140.0378,0.2409,4.1908,0.01663,0.4818,0.7227,0.4534,0.67,411.91636,796.65128,706.081608,385.177309,196.877425
2025-11-13,137.8603,-1.5549,4.1884,0.01662,-3.1098,-4.6646,-3.1381,-4.7172,405.511569,771.877395,673.145519,373.090138,187.590254
2025-11-14,137.8109,-0.0359,4.1859,0.016611,-0.0718,-0.1077,-0.1001,-0.1603,405.366013,771.323272,672.420653,372.716653,187.289604
2025-11-17,136.2966,-1.0988,4.1785,0.016581,-2.1976,-3.2965,-2.2259,-3.349,400.911758,754.372315,650.254512,364.420226,181.01728
2025-11-18,135.2771,-0.748,4.176,0.016572,-1.4959,-2.2439,-1.5242,-2.2964,397.91311,743.087553,635.663639,358.865762,176.860437
2025-11-19,135.4157,0.1024,4.1736,0.016562,0.2049,0.3073,0.1766,0.2548,398.320739,744.610018,637.617195,359.499575,177.311142
2025-11-20,133.3471,-1.5276,4.1711,0.016552,-3.0551,-4.5827,-3.0834,-4.6352,392.236101,721.861101,608.396999,348.414753,169.09244
2025-11-21,134.7525,1.054,4.1686,0.016542,2.1079,3.1619,2.0797,3.1094,396.370115,737.077363,627.633791,355.660639,174.350255
2025-11-24,136.3856,1.2119,4.1612,0.016513,2.4238,3.6357,2.3956,3.5834,401.173786,754.942874,650.452967,364.180888,180.597845
2025-11-25,137.6525,0.9289,4.1588,0.016503,1.8578,2.7866,1.8296,2.7343,404.900215,768.967924,668.578779,370.843772,185.535884
2025-11-26,138.7808,0.8197,4.1563,0.016493,1.6393,2.459,1.6111,2.4067,408.21906,781.573919,685.019194,376.818585,190.001098
2025-11-28,139.4439,0.4778,4.1514,0.016474,0.9556,1.4334,0.9275,1.3811,410.169595,789.042886,694.838582,380.313394,192.625269
2025-12-01,138.7808,-0.4755,4.144,0.016444,-0.9511,-1.4266,-0.9792,-1.4789,408.21906,781.538401,684.925803,376.589222,189.776564
2025-12-02,139.0381,0.1854,4.1415,0.016435,0.3708,0.5563,0.3427,0.504,408.97597,784.436623,688.735725,377.879773,190.733074
2025-12-03,139.6122,0.4129,4.139,0.016425,0.8257,1.2386,0.7976,1.1864,410.664522,790.914078,697.266537,380.893798,192.99594
2025-12-04,139.8299,0.156,4.1366,0.016415,0.3119,0.4679,0.2838,0.4157,411.30496,793.380967,700.528736,381.974707,193.798147
2025-12-05,140.107,0.1982,4.1341,0.016405,0.3964,0.5946,0.3683,0.5424,412.120174,796.525958,704.694118,383.38149,194.849366
2025-12-08,139.6814,-0.3038,4.1267,0.016376,-0.6075,-0.9113,-0.6356,-0.9634,410.868292,791.686801,698.272245,380.944659,192.972156
2025-12-09,139.5231,-0.1134,4.1242,0.016366,-0.2267,-0.3401,-0.2548,-0.3922,410.402539,789.891916,695.897598,379.974055,192.215374
2025-12-10,140.7108,0.8512,4.1218,0.016356,1.7025,2.5537,1.6744,2.5016,413.896024,803.339571,713.668745,386.336359,197.023879
2025-12-11,141.0968,0.2743,4.1193,0.016346,0.5486,0.8229,0.5206,0.7709,415.03139,807.746882,719.541779,388.347514,198.542692
2025-12-12,139.7705,-0.9399,4.1168,0.016337,-1.8799,-2.8198,-1.9079,-2.8719,411.13032,792.562118,699.251873,380.938098,192.840793
2025-12-15,139.7705,0.0,4.1095,0.016307,0.0,0.0,-0.028,-0.052,411.13032,792.562118,699.251873,380.831383,192.740555
2025-12-16,139.2361,-0.3824,4.107,0.016298,-0.7648,-1.1472,-0.7928,-1.1991,409.558195,786.500749,691.230248,377.812207,190.42934
2025-12-17,137.9593,-0.917,4.1045,0.016288,-1.8339,-2.7509,-1.8619,-2.8028,405.802682,772.076844,672.215189,370.777615,185.091907
2025-12-18,138.9985,0.7533,4.1021,0.016278,1.5066,2.2598,1.4786,2.2079,408.859498,783.708592,687.406107,376.259817,189.178567
2025-12-19,140.1708,0.8434,4.0996,0.016268,1.6867,2.5301,1.6587,2.4782,412.307652,796.927545,704.79801,382.501002,193.866744
2025-12-22,141.0088,0.5979,4.0922,0.016239,1.1957,1.7936,1.1678,1.7417,414.772683,806.4566,717.43917,386.967768,197.243405
2025-12-23,141.6772,0.474,4.0897,0.016229,0.9481,1.4221,0.9201,1.3703,416.738837,814.102321,727.641839,390.528367,199.946177
2025-12-24,142.0264,0.2465,4.0873,0.016219,0.4929,0.7394,0.465,0.6876,417.765945,818.115245,733.021945,392.344327,201.320978
2025-12-26,142.1661,0.0983,4.0823,0.0162,0.1967,0.295,0.1688,0.2433,418.176806,819.724432,735.184664,393.006558,201.810746
2025-12-29,141.6772,-0.3439,4.0749,0.01617,-0.6877,-1.0316,-0.7156,-1.0833,416.738837,814.086922,727.60051,390.194167,199.624521
2025-12-30,141.6473,-0.0211,4.0725,0.016161,-0.0422,-0.0634,-0.0701,-0.115,416.650821,813.743049,727.139499,389.920613,199.39486
2025-12-31,140.7295,-0.648,4.07,0.016151,-1.296,-1.9439,-1.3238,-1.9956,413.951006,803.197259,713.004336,384.758775,195.415721
2026-01-02,141.767,0.7373,4.0646,0.016129,1.4746,2.2118,1.4467,2.1602,417.002975,815.04085,728.774805,390.325157,199.63711
2026-01-05,142.9642,0.8445,4.0565,0.016097,1.689,2.5334,1.6611,2.4819,420.524467,828.806508,747.237803,396.809042,204.591844
2026-01-06,143.8022,0.5862,4.0538,0.016086,1.1724,1.7585,1.1446,1.707,422.989498,838.523107,760.378283,401.35079,208.084233
2026-01-07,143.2036,-0.4163,4.0511,0.016076,-0.8325,-1.2488,-0.8603,-1.3003,421.22873,831.542105,750.882655,397.897899,205.378473
2026-01-08,143.3034,0.0697,4.0484,0.016065,0.1394,0.209,0.1116,0.1575,421.522221,832.70086,752.452189,398.341869,205.702006
2026-01-09,144.2512,0.6614,4.0457,0.016054,1.3227,1.9841,1.295,1.9326,424.310052,843.715366,767.381721,403.500333,209.677492
2026-01-12,144.8997,0.4496,4.0375,0.016022,0.8991,1.3487,0.8714,1.2972,426.217544,851.301235,777.731047,407.016331,212.397523
2026-01-13,144.3609,-0.3718,4.0348,0.016011,-0.7436,-1.1154,-0.7713,-1.1668,424.632852,844.9709,769.056153,403.876914,209.919273
2026-01-14,144.2612,-0.0691,4.0321,0.016001,-0.1382,-0.2073,-0.1659,-0.2587,424.339406,843.80305,767.461763,403.206807,209.376246
2026-01-15,144.5904,0.2282,4.0294,0.01599,0.4564,0.6846,0.4287,0.6333,425.307806,847.654397,772.71612,404.935479,210.702217
2026-01-16,144.5904,0.0,4.0267,0.015979,0.0,0.0,-0.0277,-0.0513,425.307806,847.654397,772.71612,404.823371,210.594078
2026-01-20,142.1162,-1.7112,4.0159,0.015936,-3.4224,-5.1335,-3.45,-5.1848,418.030037,818.644664,733.048501,390.85698,199.675264
2026-01-21,143.7823,1.1723,4.0132,0.015925,2.3447,3.517,2.3171,3.4658,422.930791,837.839342,758.83007,399.913363,206.595646
2026-01-22,144.5804,0.5551,4.0105,0.015915,1.1102,1.6653,1.0826,1.6141,425.278453,847.140926,771.466721,404.242689,209.930278
2026-01-23,144.8598,0.1932,4.0078,0.015904,0.3864,0.5796,0.3588,0.5285,426.10013,850.414434,775.938355,405.693145,211.039664
2026-01-26,145.4983,0.4408,3.9997,0.015872,0.8815,1.3223,0.854,1.2712,427.978268,857.911245,786.198756,409.157641,213.722428
2026-01-27,146.7054,0.8297,3.997,0.015861,1.6594,2.489,1.6318,2.4379,431.529114,872.147064,805.767535,415.834238,218.932874
2026-01-28,146.456,-0.17,3.9943,0.01585,-0.34,-0.51,-0.3676,-0.5611,430.795453,869.181515,801.657776,414.305693,217.704423
2026-01-29,146.3762,-0.0545,3.9916,0.01584,-0.109,-0.1635,-0.1365,-0.2145,430.560714,868.234286,800.347313,413.74006,217.237418
2026-01-30,145.1092,-0.8656,3.9889,0.015829,-1.7312,-2.5968,-1.7587,-2.6478,426.833791,853.203457,779.563953,406.463489,211.485372
2026-02-02,145.8075,0.4813,3.9808,0.015797,0.9625,1.4438,0.935,1.3928,428.887961,861.415671,790.819086,410.263972,214.430971
2026-02-03,145.2688,-0.3695,3.9781,0.015786,-0.739,-1.1084,-0.7664,-1.1594,427.303314,855.050187,782.053378,407.119511,211.944921
2026-02-04,144.7899,-0.3296,3.9753,0.015775,-0.6593,-0.9889,-0.6868,-1.0398,425.894744,849.412983,774.319455,404.323556,209.741031
2026-02-05,143.034,-1.2127,3.9726,0.015764,-2.4254,-3.6381,-2.4529,-3.689,420.729853,828.811058,746.14858,394.405897,202.0036
2026-02-06,146.1168,2.1553,3.9699,0.015754,4.3106,6.4658,4.2831,6.415,429.797744,864.537395,794.393272,411.298667,214.962043
2026-02-09,147.324,0.8262,3.9618,0.015722,1.6523,2.4785,1.6249,2.4277,433.348545,878.822256,814.082062,417.981796,220.180592
2026-02-10,147.2342,-0.0609,3.9591,0.015711,-0.1219,-0.1828,-0.1493,-0.2336,433.084452,877.751106,812.593699,417.357742,219.66622
2026-02-11,147.6332,0.271,3.9564,0.0157,0.5421,0.8131,0.5147,0.7623,434.258238,882.509032,819.200801,419.505683,221.340786
2026-02-12,145.618,-1.365,3.9537,0.015689,-2.7301,-4.0951,-2.7575,-4.1459,428.330422,858.415757,785.653445,407.937881,212.164272
2026-02-13,145.9971,0.2603,3.951,0.015679,0.5207,0.781,0.4933,0.7303,429.445545,862.885389,791.789601,409.950234,213.713714
2026-02-17,145.9472,-0.0342,3.9402,0.015636,-0.0683,-0.1025,-0.0957,-0.1531,429.298822,862.295767,790.978038,409.558021,213.386447
2026-02-18,146.6655,0.4922,3.9375,0.015625,0.9843,1.4765,0.957,1.4259,431.4117,870.783679,802.656894,413.477522,216.42911
2026-02-19,146.3363,-0.2245,3.9348,0.015614,-0.4489,-0.6734,-0.4763,-0.724,430.443299,866.87434,797.251664,411.508271,214.86214
2026-02-20,147.6033,0.8658,3.9321,0.015603,1.7317,2.5975,1.7044,2.5469,434.170222,881.885719,817.960283,418.521843,220.334526
2026-02-23,146.3064,-0.8787,3.924,0.015571,-1.7574,-2.6361,-1.7846,-2.6866,430.355238,866.387744,796.398428,411.052712,214.415108
2026-02-24,147.3539,0.716,3.9213,0.015561,1.432,2.148,1.4047,2.0975,433.436561,878.794333,813.50495,416.826866,218.912463
2026-02-25,148.5611,0.8192,3.9186,0.01555,1.6385,2.4577,1.6112,2.4072,436.987407,893.193041,833.498401,423.542804,224.182185
2026-02-26,148.0523,-0.3425,3.9158,0.015539,-0.685,-1.0275,-0.7122,-1.0779,435.490776,887.074877,824.934496,420.526238,221.765707
2026-02-27,147.4936,-0.3774,3.9131,0.015528,-0.7547,-1.1321,-0.7819,-1.1825,433.847422,880.380002,815.595657,417.23794,219.143345
2026-03-02,146.6057,-0.602,3.905,0.015496,-1.204,-1.806,-1.2312,-1.8564,431.235623,869.780073,800.865786,412.100823,215.075204
2026-03-03,143.7025,-1.9803,3.9023,0.015485,-3.9605,-5.9408,-3.9877,-5.9911,422.696007,835.332142,753.287949,395.667375,202.189755
2026-03-04,144.9196,0.847,3.8996,0.015475,1.694,2.541,1.6668,2.4907,426.276207,849.482528,772.428806,402.262367,207.225615
2026-03-05,143.2336,-1.1634,3.8969,0.015464,-2.3269,-3.4903,-2.354,-3.5406,421.316791,829.716296,745.468851,392.793006,199.888634
2026-03-06,141.5974,-1.1423,3.8942,0.015453,-2.2846,-3.4269,-2.3118,-3.4772,416.504053,810.760455,719.922188,383.712509,192.938112
2026-03-09,142.9044,0.923,3.8861,0.015421,1.846,2.769,1.8189,2.7188,420.34839,825.727113,739.856859,390.69176,198.183706
2026-03-10,142.8844,-0.014,3.8834,0.01541,-0.0279,-0.0419,-0.055,-0.0921,420.289683,825.496465,739.546866,390.476687,198.00121
2026-03-11,142.7048,-0.1257,3.8807,0.0154,-0.2514,-0.377,-0.2785,-0.4272,419.761452,823.421456,736.758423,389.389323,197.155325
2026-03-12,140.2207,-1.7408,3.878,0.015389,-3.4815,-5.2223,-3.5086,-5.2725,412.454375,794.753724,698.282634,375.727079,186.760409
2026-03-13,139.1931,-0.7328,3.8753,0.015378,-1.4657,-2.1985,-1.4928,-2.2486,409.431759,783.105236,682.930828,370.118387,182.560858
2026-03-16,141.1585,1.412,3.8672,0.015346,2.824,4.236,2.7969,4.1859,415.212897,805.219981,711.859586,380.470335,190.2027
2026-03-17,141.6872,0.3746,3.8645,0.015335,0.7492,1.1237,0.7221,1.0737,416.768191,811.252323,719.858979,383.217761,192.2449
2026-03-18,139.4924,-1.5491,3.8618,0.015324,-3.0981,-4.6472,-3.1252,-4.6972,410.312144,786.118528,686.405538,371.241522,183.214704
2026-03-19,139.223,-0.1931,3.8591,0.015314,-0.3862,-0.5793,-0.4132,-0.6293,409.51982,783.082498,682.429137,369.707458,182.061734
2026-03-20,136.32,-2.0851,3.8564,0.015303,-4.1703,-6.2554,-4.1973,-6.3054,400.980743,750.425706,639.740251,354.189739,170.582009
2026-03-23,138.6,1.6725,3.8482,0.015271,3.3451,5.0176,3.3181,4.9677,407.687283,775.527959,671.839875,365.942078,179.056004
2026-03-24,137.9,-0.5051,3.8455,0.01526,-1.0101,-1.5152,-1.0371,-1.5651,405.628221,767.694207,661.660306,362.146947,176.253665
2026-03-25,139.17,0.921,3.8428,0.015249,1.8419,2.7629,1.815,2.713,409.363896,781.834526,679.941193,368.719788,181.035458
2026-03-26,136.44,-1.9616,3.8401,0.015239,-3.9233,-5.8849,-3.9502,-5.9347,401.333705,751.161177,639.927471,354.154625,170.291506
2026-03-27,134.62,-1.3339,3.8374,0.015228,-2.6679,-4.0018,-2.6948,-4.0516,395.980214,731.121324,614.319013,344.610922,163.391983
2026-03-30,134.19,-0.3194,3.8293,0.015196,-0.6388,-0.9582,-0.6657,-1.008,394.715405,726.450742,608.432383,342.316757,161.745003
2026-03-31,138.32,3.0777,3.8266,0.015185,6.1555,9.2332,6.1286,9.1835,406.863676,771.167116,664.610087,363.295869,176.598779
2026-04-01,139.69,0.9905,3.8239,0.015174,1.9809,2.9714,1.954,2.9216,410.893471,786.443216,684.358045,370.394765,181.758371
2026-04-02,139.37,-0.2291,3.8212,0.015163,-0.4582,-0.6873,-0.485,-0.7369,409.95218,782.839987,679.654782,368.598211,180.418914
2026-04-06,140.07,0.5023,3.8104,0.015121,1.0045,1.5068,0.9777,1.4572,412.011243,790.703911,689.895867,372.202036,183.047979
2026-04-07,140.13,0.0428,3.8077,0.01511,0.0857,0.1285,0.0589,0.0789,412.187724,791.381291,690.782397,372.421084,183.192436
2026-04-08,144.58,3.1756,3.805,0.015099,6.3512,9.5269,6.3244,9.4773,425.277241,841.643821,756.592276,395.974614,200.554128
2026-04-09,144.95,0.2559,3.8023,0.015088,0.5118,0.7677,0.485,0.7182,426.365569,845.951528,762.400868,397.895193,201.994486
2026-04-10,144.98,0.0207,3.7996,0.015078,0.0414,0.0621,0.0146,0.0126,426.45381,846.301683,762.874227,397.953318,202.019872
2026-04-13,146.4,0.9794,3.7914,0.015045,1.9589,2.9383,1.9321,2.8889,430.630687,862.879789,785.290009,405.64232,207.855977
2026-04-14,148.09,1.1544,3.7887,0.015035,2.3087,3.4631,2.282,3.4137,435.601772,882.801497,812.485544,414.8991,214.951526
2026-04-15,148.62,0.3579,3.786,0.015024,0.7158,1.0737,0.689,1.0243,437.160746,889.120407,821.208949,417.757958,217.15318
2026-04-16,148.79,0.1144,3.7833,0.015013,0.2288,0.3432,0.202,0.2938,437.66079,891.154438,824.026955,418.602035,217.791093
2026-04-17,150.84,1.3778,3.7806,0.015002,2.7556,4.1333,2.7289,4.084,443.690805,915.710785,858.086862,430.025086,226.685635
2026-04-20,150.48,-0.2387,3.7725,0.01497,-0.4773,-0.716,-0.504,-0.7653,442.631876,911.339843,851.943031,427.85774,224.950816
2026-04-21,148.76,-1.143,3.7698,0.01496,-2.286,-3.429,-2.3127,-3.4783,437.57255,890.506434,822.729652,417.962735,217.12632
2026-04-22,150.1,0.9008,3.7671,0.014949,1.8016,2.7024,1.7749,2.6531,441.514149,906.549577,844.962792,425.38124,222.886899
2026-04-23,149.15,-0.6329,3.7644,0.014938,-1.2658,-1.8988,-1.2925,-1.948,438.71972,895.074119,828.91899,419.883258,218.545062
2026-04-24,150.34,0.7979,3.7617,0.014927,1.5957,2.3936,1.5691,2.3443,442.220072,909.356927,848.759734,426.471556,223.668521
2026-04-27,150.32,-0.0133,3.7536,0.014895,-0.0266,-0.0399,-0.0532,-0.089,442.161275,909.115113,848.421184,426.244702,223.46936
2026-04-28,149.46,-0.5721,3.7509,0.014884,-1.1442,-1.7163,-1.1708,-1.7655,439.631612,898.712778,833.859395,421.254156,219.524067
2026-04-29,148.94,-0.3479,3.7482,0.014874,-0.6958,-1.0438,-0.7224,-1.0929,438.102037,892.459139,825.155853,418.210914,217.124936
2026-04-30,151.2,1.5174,3.7455,0.014863,3.0348,4.5522,3.0082,4.5031,444.749735,919.543236,862.718248,430.791545,226.902216
2026-05-01,151.44,0.1587,3.7428,0.014852,0.3175,0.4762,0.2909,0.4271,445.455703,922.462488,866.826524,432.044756,227.871387
2026-05-04,150.56,-0.5811,3.7347,0.01482,-1.1622,-1.7433,-1.1887,-1.7923,442.867198,911.741787,851.71536,426.909,223.787295
2026-05-05,152.12,1.0361,3.7319,0.014809,2.0723,3.1084,2.0457,3.0594,447.455879,930.63545,878.189999,435.642468,230.633859
2026-05-06,155.06,1.9327,3.7292,0.014799,3.8654,5.7981,3.8389,5.7491,456.103798,966.60798,929.107975,452.366207,243.893223
2026-05-07,153.72,-0.8642,3.7265,0.014788,-1.7284,-2.5925,-1.7549,-2.6415,452.162243,949.901528,905.0205,444.427846,237.450836
2026-05-08,155.18,0.9498,3.7238,0.014777,1.8995,2.8493,1.8731,2.8004,456.456759,967.94535,930.807428,452.752259,244.10041
2026-05-11,155.32,0.0902,3.7157,0.014745,0.1805,0.2707,0.154,0.2218,456.868608,969.692051,933.326954,453.449513,244.64189
2026-05-12,154.35,-0.6245,3.713,0.014734,-1.249,-1.8736,-1.2755,-1.9224,454.015382,957.58025,915.840573,447.665871,239.938926
2026-05-13,155.4,0.6803,3.7103,0.014723,1.3605,2.0408,1.3341,1.992,457.103886,970.608401,934.530978,453.638175,244.718462
2026-05-14,156.02,0.399,3.7076,0.014713,0.798,1.1969,0.7715,1.1481,458.927625,978.353411,945.716672,457.138153,247.528175
2026-05-15,153.52,-1.6024,3.7049,0.014702,-3.2047,-4.8071,-3.2311,-4.8558,451.573959,946.999951,900.255354,442.367445,235.50859
2026-05-18,153.71,0.1238,3.6968,0.01467,0.2475,0.3713,0.2212,0.3226,452.132845,949.34404,903.597929,443.345748,236.268311
2026-05-19,152.63,-0.7026,3.6941,0.014659,-1.4052,-2.1079,-1.4316,-2.1566,448.956056,936.003421,884.551269,436.99876,231.173061
2026-05-20,154.63,1.3104,3.6914,0.014648,2.6207,3.9311,2.5944,3.8824,454.838989,960.533419,919.323643,448.33609,240.148155
2026-05-21,155.21,0.3751,3.6887,0.014638,0.7502,1.1253,0.7238,1.0766,456.545045,967.73915,929.668519,451.581309,242.733662
2026-05-22,155.57,0.2319,3.686,0.014627,0.4639,0.6958,0.4376,0.6472,457.603974,972.22838,936.137455,453.557226,244.304668
2026-05-26,157.38,1.1635,3.6752,0.014584,2.3269,3.4904,2.3006,3.4419,462.928022,994.851391,968.812259,463.991915,252.713273
2026-05-27,157.16,-0.1398,3.6725,0.014573,-0.2796,-0.4194,-0.3059,-0.4679,462.280896,992.069989,964.749357,462.572753,251.530876
2026-05-28,157.87,0.4518,3.6697,0.014562,0.9035,1.3553,0.8773,1.3068,464.369312,1001.033608,977.824512,466.630709,254.817882
2026-05-29,158.12,0.1584,3.667,0.014552,0.3167,0.4751,0.2905,0.4266,465.104678,1004.204045,982.469906,467.986076,255.90495
2026-06-01,158.6,0.3036,3.6589,0.01452,0.6071,0.9107,0.5809,0.8623,466.516615,1010.301047,991.417472,470.70471,258.111663
2026-06-02,159.35,0.4729,3.6562,0.014509,0.9458,1.4187,0.9196,1.3703,468.722715,1019.856227,1005.482347,475.033123,261.648517
2026-06-03,157.95,-0.8786,3.6535,0.014498,-1.7571,-2.6357,-1.7834,-2.6841,464.604634,1001.935825,978.980601,466.5616,254.625646
2026-06-04,158.54,0.3735,3.6508,0.014487,0.7471,1.1206,0.7209,1.0723,466.340089,1009.42096,989.951066,469.924919,257.355897
2026-06-05,153.68,-3.0655,3.6481,0.014477,-6.1309,-9.1964,-6.1571,-9.2447,452.04456,947.533907,898.911019,440.991036,233.564021
2026-06-08,154.48,0.5206,3.631,0.014409,1.0411,1.5617,1.015,1.5135,454.397721,957.398861,912.949117,445.467111,237.099002
2026-06-09,154.3,-0.1165,3.6283,0.014398,-0.233,-0.3495,-0.2591,-0.3977,453.868278,955.167831,909.757944,444.312751,236.156043
2026-06-10,151.92,-1.5425,3.6255,0.014387,-3.0849,-4.6274,-3.111,-4.6755,446.867574,925.701803,867.66018,430.490185,225.114573
2026-06-11,155.61,2.4289,3.6228,0.014376,4.8578,7.2867,4.8317,7.2386,457.721592,970.67076,930.884276,451.290355,241.409756
2026-06-12,156.29,0.437,3.6281,0.014397,0.874,1.311,0.8479,1.2628,459.721769,979.154143,943.087767,455.116699,244.458271
2026-06-12,156.29,-0.0,3.6281,0.014397,-0.0,-0.0,-0.0261,-0.0482,459.721749,979.154059,943.087645,454.997858,244.340509
2026-06-12,156.29,-0.0,3.6281,0.014397,-0.0,-0.0,-0.0261,-0.0482,459.721729,979.153975,943.087523,454.879048,244.222804
2026-06-12,156.29,-0.0,3.6281,0.014397,-0.0,-0.0,-0.0261,-0.0482,459.721709,979.153891,943.087401,454.760269,244.105155
2026-06-15,158.72,1.5548,3.6227,0.014376,3.1096,4.6644,3.0835,4.6163,466.869475,1009.601714,987.076848,468.782908,255.373761
2026-06-16,157.99,-0.4599,3.6227,0.014376,-0.9199,-1.3798,-0.9459,-1.4279,464.722221,1000.314873,973.45738,464.348531,251.727293
2026-06-17,156.41,-1.0001,3.6227,0.014376,-2.0001,-3.0002,-2.0262,-3.0483,460.074715,980.307356,944.251878,454.939883,244.053892
2026-06-18,157.66,0.7992,3.6226,0.014376,1.5984,2.3976,1.5723,2.3494,463.751558,995.976275,966.890807,462.092839,249.787781
2026-06-18,157.66,0.0,3.6304,0.014406,0.0,0.0,-0.0261,-0.0482,463.751569,995.976321,966.890874,461.972195,249.667456
2026-06-22,157.56,-0.0634,3.6624,0.014533,-0.1269,-0.1903,-0.1531,-0.2387,463.457415,994.712842,965.051001,461.264925,249.071453
2026-06-23,154.33,-2.05,3.6623,0.014533,-4.1,-6.15,-4.1263,-6.1985,453.956485,953.929386,905.700031,442.231923,233.632844
2026-06-24,154.26,-0.0454,3.6623,0.014533,-0.0907,-0.1361,-0.117,-0.1845,453.750566,953.063964,904.46753,441.714683,233.201759
2026-06-25,154.85,0.3825,3.6623,0.014533,0.765,1.1474,0.7387,1.099,455.486049,960.354429,914.84562,444.977677,235.764633
2026-06-26,153.95,-0.5812,3.6623,0.014533,-1.1624,-1.7436,-1.1887,-1.7921,452.83872,949.191085,898.894109,439.688412,231.53959
2026-06-26,153.95,-0.0,3.6646,0.014542,-0.0,-0.0,-0.0263,-0.0485,452.838711,949.191047,898.894056,439.572984,231.427397
2026-06-26,153.95,-0.0,3.6668,0.014551,-0.0,-0.0,-0.0263,-0.0485,452.838702,949.191009,898.894003,439.457547,231.315217
2026-06-29,155.83,1.2212,3.6623,0.014533,2.4424,3.6635,2.4161,3.6151,458.368664,972.373612,931.825261,450.075345,239.677493
2026-06-30,156.95,0.7187,3.6623,0.014533,1.4375,2.1562,1.4112,2.1078,461.663097,986.351094,951.917184,456.426902,244.729318
2026-07-01,156.12,-0.5288,3.6622,0.014533,-1.0577,-1.5865,-1.0839,-1.6349,459.221666,975.918775,936.815,451.479659,240.728159
2026-07-02,156.17,0.032,3.6722,0.014572,0.0641,0.0961,0.0378,0.0476,459.368734,976.54386,937.715058,451.650194,240.842666
2026-07-02,156.17,-0.0,3.6743,0.014581,-0.0,-0.0,-0.0263,-0.0485,459.368729,976.543837,937.715025,451.531458,240.725785
2026-07-02,156.17,-0.0,3.6765,0.014589,-0.0,-0.0,-0.0263,-0.0485,459.368724,976.543814,937.714992,451.412715,240.60892
2026-07-02,156.17,-0.0,3.6786,0.014597,-0.0,-0.0,-0.0263,-0.0486,459.368719,976.543791,937.714959,451.293966,240.492072
2026-07-06,157.81,1.0501,3.6721,0.014572,2.1003,3.1504,2.074,3.1019,464.192716,997.053869,967.256809,460.653775,247.951894
2026-07-07,156.34,-0.9315,3.7219,0.014769,-1.863,-2.7945,-1.8895,-2.8434,459.868751,978.478711,940.226753,451.949814,240.901604
2026-07-08,155.81,-0.339,3.7218,0.014769,-0.678,-1.017,-0.7045,-1.0659,458.309767,971.844502,930.664469,448.765881,238.33378
2026-07-09,157.0,0.7638,3.682,0.014611,1.5275,2.2913,1.5012,2.2427,461.810111,986.689441,951.988339,455.502682,243.678807
2026-07-10,157.63,0.4013,3.682,0.014611,0.8026,1.2038,0.7762,1.1552,463.663249,994.608156,963.44867,459.03846,246.49389
2026-07-10,157.63,0.0,3.684,0.014619,0.0,0.0,-0.0263,-0.0486,463.663263,994.608218,963.44876,458.917644,246.374108
2026-07-10,157.63,0.0,3.686,0.014627,0.0,0.0,-0.0263,-0.0486,463.663277,994.60828,963.44885,458.796824,246.254346
2026-07-13,155.81,-1.1546,3.7317,0.014809,-2.3092,-3.4638,-2.3357,-3.5128,458.309802,971.640704,930.07679,448.080601,237.603937
2026-07-14,156.78,0.6226,3.7317,0.014808,1.2451,1.8677,1.2186,1.8187,461.16302,983.738648,947.447434,453.540866,241.92518
2026-07-15,157.29,0.3253,3.6919,0.014651,0.6506,0.9759,0.6242,0.9272,462.663148,990.1387,956.693355,456.371994,244.168336
2026-07-16,156.13,-0.7375,3.6919,0.01465,-1.475,-2.2125,-1.5013,-2.2611,459.251062,975.534389,935.526855,449.52033,238.647371
2026-07-17,154.78,-0.8647,3.7118,0.014729,-1.7293,-2.594,-1.7558,-2.6428,455.28008,958.664183,911.25934,441.627807,232.340354
2026-07-17,154.78,-0.0,3.7136,0.014737,-0.0,-0.0,-0.0264,-0.0488,455.280076,958.664168,911.259318,441.511021,232.226878
2026-07-17,154.78,-0.0,3.7154,0.014744,-0.0,-0.0,-0.0265,-0.0489,455.280072,958.664153,911.259296,441.394235,232.113425
2026-07-20,154.29,-0.3166,3.7118,0.014729,-0.6332,-0.9497,-0.6596,-0.9986,453.838734,952.594223,902.604628,438.482794,229.795606
2026-07-21,156.14,1.199,3.7317,0.014808,2.3981,3.5971,2.3716,3.5481,459.280444,975.438202,935.07241,448.881704,237.949075
2026-07-22,156.02,-0.0769,3.7317,0.014808,-0.1537,-0.2306,-0.1802,-0.2795,458.927481,973.938927,932.916562,448.072742,237.283923
2026-07-23,154.31,-1.096,3.8013,0.015085,-2.192,-3.288,-2.2188,-3.3376,453.897567,952.589896,902.241849,438.130811,229.364385
2026-07-24,154.2,-0.0713,3.8013,0.015085,-0.1426,-0.2139,-0.1694,-0.2634,453.573997,951.231749,900.312304,437.388771,228.76025
2026-07-24,154.2,-0.0,3.8026,0.01509,-0.0,-0.0,-0.0268,-0.0496,453.573988,951.231711,900.312251,437.271551,228.646898
2026-07-24,154.2,-0.0,3.8039,0.015095,-0.0,-0.0,-0.0268,-0.0496,453.573979,951.231673,900.312198,437.15434,228.533579
2026-07-27,154.45,0.1621,3.8013,0.015084,0.3243,0.4864,0.2975,0.4368,454.309336,954.316044,904.691095,438.454697,229.531908
2026-07-28,154.35,-0.0647,3.7615,0.014926,-0.1295,-0.1942,-0.1561,-0.2434,454.015207,953.080359,902.933952,437.770196,228.973127
2026-07-29,152.22,-1.38,3.7615,0.014926,-2.76,-4.1399,-2.7866,-4.1892,447.749889,926.775727,865.553034,425.571325,219.381082
2026-07-30,155.45,2.1219,3.6719,0.014571,4.2439,6.3658,4.2176,6.3173,457.250814,966.106732,920.652239,443.52012,233.239985
2026-07-31,155.86,0.2638,3.6719,0.014571,0.5275,0.7913,0.5012,0.7427,458.456817,971.20296,927.936922,445.743151,234.972364
2026-07-31,155.86,0.0,3.6737,0.014578,0.0,0.0,-0.0263,-0.0485,458.456819,971.202968,927.936933,445.625992,234.858354
2026-07-31,155.86,0.0,3.6756,0.014586,0.0,0.0,-0.0263,-0.0485,458.456821,971.202976,927.936944,445.508832,234.744365
2026-08-03,157.61,1.1228,3.6719,0.014571,2.2456,3.3684,2.2193,3.3199,463.604388,993.012366,959.193653,455.396137,242.537648
2026-08-04,160.45,1.8019,3.7316,0.014808,3.6038,5.4057,3.5773,5.3568,471.958141,1028.798827,1011.045193,471.687088,255.529812
2026-08-05,160.17,-0.1745,3.7316,0.014808,-0.349,-0.5235,-0.3755,-0.5725,471.134525,1025.208106,1005.752058,469.915739,254.066874
2026-08-06,159.92,-0.1561,3.7316,0.014808,-0.3122,-0.4683,-0.3387,-0.5172,470.399153,1022.007708,1001.042565,468.324206,252.752747
2026-08-07,161.3,0.8629,3.7315,0.014808,1.7259,2.5888,1.6994,2.5398,474.458384,1039.646199,1026.957556,476.282686,259.172211
